# Blender 5.2.0 LTS
# www.blender.org
mtllib shieldEnemy.mtl
o 立方体.012
v 0.091688 1.413634 -0.034975
v 0.089160 1.419445 -0.001137
v 0.025681 1.501016 -0.027973
v 0.225222 1.238702 -0.050317
v 0.085024 1.400625 -0.028428
v 0.096440 1.373579 -0.049139
v 0.023065 1.488445 -0.019382
v 0.215978 1.227571 -0.044590
v 0.390697 1.017082 -0.058473
v 0.187462 1.237837 -0.078864
v 0.107891 1.271712 -0.092963
v 0.333299 1.034623 -0.109229
v 0.474618 0.849357 -0.120081
v 0.192737 1.071597 -0.145901
v 0.274037 0.887679 -0.169471
v -0.000268 1.093032 -0.173116
v -0.000268 1.290512 -0.095299
v -0.193272 1.071597 -0.145901
v -0.000268 1.024678 -0.183059
v -0.137419 0.990356 -0.171294
v 0.136885 0.990356 -0.171294
v 0.105745 0.948346 -0.184974
v 0.211759 0.872015 -0.186889
v 0.074606 0.906337 -0.128722
v 0.149481 0.856350 -0.132374
v -0.000268 0.956325 -0.125072
v 0.075402 0.753841 -0.148607
v 0.221999 0.747141 -0.149000
v 0.122947 0.638121 -0.150929
v -0.000268 0.834523 -0.137909
v 0.105704 0.779299 -0.229565
v 0.083083 0.727404 -0.148409
v 0.128274 0.707873 -0.229354
v 0.050625 0.661415 -0.149371
v 0.065544 0.638617 -0.230381
v -0.000268 0.668404 -0.147812
v -0.000268 0.611437 -0.140212
v -0.000268 0.668232 -0.228717
v -0.051161 0.661415 -0.149371
v -0.123482 0.638121 -0.150929
v -0.066080 0.638617 -0.230381
v -0.083617 0.727404 -0.148409
v -0.075938 0.753841 -0.148607
v -0.128809 0.707873 -0.229354
v -0.106239 0.779299 -0.229565
v -0.059628 0.673836 -0.229140
v -0.000268 0.715406 -0.228931
v -0.000268 0.775466 -0.229146
v -0.000268 0.868603 -0.218137
v -0.222535 0.747141 -0.149000
v -0.075142 0.906337 -0.128722
v -0.150017 0.856348 -0.132374
v -0.106282 0.948346 -0.184974
v -0.212295 0.872015 -0.186889
v -0.274572 0.887678 -0.169471
v -0.271773 0.740442 -0.211077
v -0.321012 0.733742 -0.192109
v -0.278812 0.618169 -0.223159
v -0.310927 0.608194 -0.208461
v -0.246696 0.628145 -0.154045
v -0.236906 0.508955 -0.214237
v -0.211180 0.514899 -0.145069
v -0.262633 0.503012 -0.204513
v -0.190025 0.431610 -0.201456
v -0.203990 0.416130 -0.194911
v -0.176058 0.447089 -0.134761
v -0.120014 0.377794 -0.167973
v -0.080098 0.392846 -0.111544
v -0.159930 0.362742 -0.163884
v -0.109377 0.353310 -0.096137
v -0.145747 0.337436 -0.094219
v -0.073007 0.369182 -0.098055
v -0.107761 0.339245 -0.100153
v -0.143593 0.323409 -0.098241
v -0.071930 0.355082 -0.102066
v -0.106428 0.334986 -0.001135
v -0.141814 0.318913 -0.001135
v -0.071042 0.351061 -0.001135
v -0.106428 0.334988 -0.001167
v -0.141814 0.318913 -0.001167
v -0.071040 0.351061 -0.001167
v -0.107761 0.339245 0.097849
v -0.143593 0.323409 0.095937
v -0.071930 0.355082 0.099762
v -0.109377 0.353310 0.093833
v -0.145747 0.337436 0.091915
v -0.073007 0.369182 0.095751
v -0.120014 0.377794 0.165669
v -0.080098 0.392846 0.109240
v -0.159928 0.362742 0.161581
v -0.190025 0.431610 0.199152
v -0.203990 0.416130 0.192607
v -0.176058 0.447088 0.132457
v -0.236906 0.508955 0.211933
v -0.211180 0.514899 0.142765
v -0.262633 0.503010 0.202209
v -0.278812 0.618169 0.220856
v -0.310927 0.608194 0.206158
v -0.246697 0.628145 0.151741
v -0.271773 0.740442 0.208773
v -0.222535 0.747141 0.146696
v -0.321012 0.733742 0.189805
v -0.212295 0.872015 0.184585
v -0.274572 0.887678 0.167167
v -0.150017 0.856348 0.130070
v -0.106282 0.948346 0.182670
v -0.000268 1.024678 0.180755
v -0.137419 0.990356 0.168990
v -0.075142 0.906337 0.126418
v -0.000268 0.956325 0.122768
v -0.075938 0.753841 0.146303
v -0.123482 0.638121 0.148625
v -0.000268 0.834523 0.135605
v -0.106239 0.779299 0.227261
v -0.083617 0.727404 0.146105
v -0.128809 0.707873 0.227050
v -0.051161 0.661415 0.147067
v -0.066080 0.638617 0.228078
v -0.000268 0.668404 0.145508
v -0.000268 0.611437 0.137908
v -0.000268 0.668232 0.226413
v 0.050625 0.661415 0.147067
v 0.122947 0.638121 0.148625
v 0.065544 0.638617 0.228078
v 0.083083 0.727404 0.146105
v 0.075402 0.753841 0.146303
v 0.128274 0.707873 0.227050
v 0.105704 0.779299 0.227261
v 0.059092 0.673836 0.226837
v -0.000268 0.715406 0.226628
v -0.000268 0.775466 0.226842
v -0.000268 0.868603 0.215833
v -0.000268 0.775466 0.226842
v 0.105704 0.779299 0.227261
v 0.221999 0.747141 0.146696
v 0.074606 0.906337 0.126418
v 0.149481 0.856350 0.130070
v 0.105745 0.948346 0.182670
v 0.211759 0.872015 0.184585
v 0.136885 0.990356 0.168990
v 0.274037 0.887678 0.167166
v -0.000268 1.093032 0.170813
v -0.193272 1.071597 0.143597
v -0.000268 1.290512 0.092995
v 0.192737 1.071597 0.143597
v 0.333299 1.034623 0.106925
v 0.107891 1.271712 0.090660
v 0.046015 1.424765 0.038774
v 0.187462 1.237837 0.076559
v 0.096440 1.373579 0.046833
v 0.215978 1.227571 0.042286
v 0.085024 1.400625 0.026124
v 0.225222 1.238702 0.048013
v 0.390697 1.017082 0.056169
v 0.401542 1.025382 0.062557
v 0.556625 0.831726 0.061178
v 0.474618 0.849357 0.117777
v 0.651125 0.668666 0.069346
v 0.569454 0.836591 0.067797
v 0.665377 0.668642 0.076583
v 0.581575 0.834116 -0.001169
v 0.679540 0.665644 -0.001169
v 0.410093 1.023015 -0.001169
v 0.581575 0.834116 -0.001137
v 0.679540 0.665643 -0.001137
v 0.569454 0.836591 -0.070101
v 0.410093 1.023015 -0.001137
v 0.401542 1.025380 -0.064861
v 0.229081 1.238116 -0.001137
v 0.229081 1.238116 -0.001167
v 0.089160 1.419445 -0.001167
v 0.022356 1.510099 -0.001167
v 0.091686 1.413634 0.032671
v 0.025681 1.501014 0.025669
v -0.000268 1.521908 0.025422
v 0.023065 1.488445 0.017078
v -0.000268 1.509269 0.016611
v -0.000268 1.444815 0.038195
v -0.023601 1.488445 0.017078
v -0.085559 1.400627 0.026124
v -0.046549 1.424765 0.038774
v -0.026217 1.501014 0.025669
v -0.092222 1.413634 0.032671
v -0.022892 1.510099 -0.001167
v -0.000268 1.531270 -0.001167
v -0.089695 1.419445 -0.001167
v -0.022891 1.510099 -0.001137
v -0.000268 1.531270 -0.001137
v -0.089695 1.419445 -0.001137
v -0.026216 1.501014 -0.027973
v -0.000268 1.521908 -0.027726
v -0.092222 1.413634 -0.034975
v -0.023601 1.488445 -0.019382
v -0.000268 1.509269 -0.018915
v -0.046549 1.424765 -0.041078
v -0.085559 1.400625 -0.028428
v -0.096974 1.373579 -0.049137
v -0.216512 1.227571 -0.044590
v -0.225757 1.238702 -0.050317
v -0.187997 1.237837 -0.078863
v -0.391232 1.017082 -0.058473
v -0.402079 1.025382 -0.064861
v -0.557161 0.831726 -0.063482
v -0.333835 1.034623 -0.109229
v -0.475153 0.849357 -0.120081
v -0.555508 0.688926 -0.135238
v -0.538020 0.542533 -0.148158
v -0.651660 0.668665 -0.071650
v -0.665912 0.668642 -0.078887
v -0.631038 0.511989 -0.079022
v -0.532848 0.371565 -0.079972
v -0.644718 0.506749 -0.086434
v -0.658430 0.502220 -0.001135
v -0.544479 0.362052 -0.087047
v -0.556058 0.355825 -0.001135
v -0.416785 0.258114 -0.087371
v -0.408328 0.271074 -0.080883
v -0.424858 0.250735 -0.001135
v -0.281988 0.240755 -0.088584
v -0.279608 0.255841 -0.083372
v -0.283815 0.233034 -0.001135
v -0.283815 0.233034 -0.001167
v -0.281987 0.240755 0.086280
v -0.424858 0.250735 -0.001167
v -0.556058 0.355825 -0.001167
v -0.416785 0.258114 0.085069
v -0.544478 0.362052 0.084743
v -0.408328 0.271074 0.078580
v -0.532848 0.371565 0.077668
v -0.279608 0.255841 0.081068
v -0.351442 0.318497 0.145151
v -0.454449 0.413300 0.146744
v -0.270315 0.291188 0.135401
v -0.538020 0.542533 0.145854
v -0.555507 0.688926 0.132934
v -0.631038 0.511989 0.076720
v -0.651660 0.668665 0.069348
v -0.644718 0.506749 0.084132
v -0.658429 0.502220 -0.001167
v -0.665912 0.668641 0.076583
v -0.680075 0.665643 -0.001167
v -0.569988 0.836591 0.067797
v -0.582110 0.834116 -0.001167
v -0.402079 1.025380 0.062557
v -0.557161 0.831726 0.061178
v -0.391232 1.017082 0.056169
v -0.475153 0.849356 0.117777
v -0.333835 1.034623 0.106925
v -0.187997 1.237837 0.076559
v -0.216512 1.227571 0.042286
v -0.096974 1.373579 0.046835
v -0.108427 1.271712 0.090660
v -0.225757 1.238702 0.048013
v -0.229618 1.238116 -0.001167
v -0.410627 1.023013 -0.001167
v -0.229616 1.238116 -0.001137
v -0.410627 1.023015 -0.001135
v -0.582111 0.834116 -0.001135
v -0.569988 0.836591 -0.070101
v -0.680075 0.665643 -0.001135
v -0.270315 0.291188 -0.137705
v -0.351442 0.318497 -0.147454
v -0.454449 0.413301 -0.149048
v -0.108426 1.271712 -0.092963
v -0.000268 1.444815 -0.040499
v 0.046015 1.424765 -0.041078
v 0.022356 1.510099 -0.001137
v 0.665377 0.668641 -0.078887
v 0.556626 0.831726 -0.063482
v 0.651124 0.668665 -0.071651
v 0.554972 0.688926 -0.135238
v 0.630502 0.511989 -0.079023
v 0.644182 0.506749 -0.086436
v 0.532312 0.371565 -0.079972
v 0.537484 0.542533 -0.148158
v 0.453915 0.413301 -0.149048
v 0.310392 0.608194 -0.208462
v 0.320477 0.733742 -0.192109
v 0.262097 0.503010 -0.204513
v 0.278276 0.618169 -0.223159
v 0.246161 0.628145 -0.154045
v 0.271238 0.740442 -0.211077
v 0.236372 0.508955 -0.214237
v 0.210645 0.514899 -0.145069
v 0.189489 0.431610 -0.201456
v 0.203456 0.416130 -0.194911
v 0.175523 0.447088 -0.134761
v 0.119478 0.377794 -0.167973
v 0.079563 0.392846 -0.111544
v 0.159393 0.362742 -0.163884
v 0.108841 0.353310 -0.096137
v 0.145211 0.337436 -0.094220
v 0.072471 0.369182 -0.098055
v 0.107226 0.339245 -0.100153
v 0.143057 0.323409 -0.098241
v 0.071395 0.355082 -0.102066
v 0.105892 0.334988 -0.001135
v 0.141279 0.318913 -0.001135
v 0.070505 0.351061 -0.001136
v 0.105892 0.334988 -0.001167
v 0.141279 0.318913 -0.001169
v 0.070505 0.351061 -0.001169
v 0.107226 0.339245 0.097849
v 0.143057 0.323409 0.095937
v 0.071395 0.355082 0.099762
v 0.108841 0.353310 0.093833
v 0.145211 0.337436 0.091915
v 0.072471 0.369182 0.095751
v 0.119478 0.377794 0.165669
v 0.079563 0.392846 0.109240
v 0.159393 0.362742 0.161581
v 0.189489 0.431610 0.199152
v 0.203456 0.416130 0.192607
v 0.175523 0.447089 0.132457
v 0.236370 0.508955 0.211933
v 0.210645 0.514899 0.142765
v 0.262097 0.503012 0.202209
v 0.278276 0.618169 0.220854
v 0.310392 0.608194 0.206157
v 0.246161 0.628145 0.151741
v 0.271238 0.740442 0.208773
v 0.320477 0.733742 0.189805
v 0.554972 0.688926 0.132934
v 0.537485 0.542533 0.145854
v 0.453915 0.413301 0.146744
v 0.630502 0.511989 0.076718
v 0.532312 0.371565 0.077668
v 0.644182 0.506751 0.084130
v 0.657894 0.502220 -0.001169
v 0.543943 0.362052 0.084743
v 0.555522 0.355825 -0.001169
v 0.416250 0.258114 0.085067
v 0.407792 0.271074 0.078580
v 0.424323 0.250735 -0.001169
v 0.281452 0.240755 0.086280
v 0.279074 0.255841 0.081068
v 0.283280 0.233034 -0.001169
v 0.283280 0.233034 -0.001136
v 0.281452 0.240755 -0.088584
v 0.424323 0.250735 -0.001136
v 0.555522 0.355825 -0.001136
v 0.416250 0.258114 -0.087372
v 0.543943 0.362052 -0.087047
v 0.407792 0.271074 -0.080883
v 0.279074 0.255841 -0.083372
v 0.350907 0.318497 -0.147454
v 0.269780 0.291188 -0.137705
v 0.657894 0.502220 -0.001136
v 0.269780 0.291188 0.135401
v 0.350907 0.318497 0.145151
v 0.105189 0.553927 0.137567
v -0.000268 0.609459 0.132367
v 0.088263 0.520321 0.117497
v 0.093627 0.524696 0.220342
v -0.000268 0.546585 0.128833
v 0.039648 0.407897 0.143587
v -0.000268 0.422950 0.177933
v 0.036102 0.385055 0.097667
v -0.000268 0.400929 0.099585
v 0.035564 0.370918 0.101674
v -0.000268 0.386754 0.103586
v 0.035119 0.367135 -0.001167
v -0.000268 0.383208 -0.001167
v 0.035119 0.367135 -0.001136
v -0.000268 0.383208 -0.001135
v 0.035563 0.370918 -0.103978
v -0.000268 0.386754 -0.105890
v 0.036102 0.385055 -0.099971
v -0.000268 0.400929 -0.101889
v 0.039648 0.407897 -0.145890
v -0.000268 0.422950 -0.180237
v 0.088263 0.520321 -0.119801
v 0.093627 0.524696 -0.222646
v -0.000268 0.546585 -0.131137
v 0.105189 0.553927 -0.139871
v -0.000268 0.609459 -0.134671
v -0.000268 0.636905 -0.229167
v -0.105724 0.553927 -0.139871
v -0.088798 0.520321 -0.119801
v -0.094163 0.524696 -0.222646
v -0.040182 0.407897 -0.145890
v -0.036638 0.385055 -0.099971
v -0.036099 0.370918 -0.103978
v -0.035654 0.367135 -0.001135
v -0.035654 0.367135 -0.001167
v -0.036099 0.370918 0.101674
v -0.036638 0.385055 0.097667
v -0.040182 0.407897 0.143587
v -0.088798 0.520321 0.117497
v -0.094163 0.524696 0.220342
v -0.105724 0.553927 0.137567
v -0.000268 0.527301 0.213725
v -0.000268 0.636905 0.226863
v -0.000268 0.527301 -0.216029
v -0.059626 0.673836 0.226837
v 0.059092 0.673836 -0.229140
v 0.009889 0.027348 0.301096
v 0.002876 0.015860 0.297156
v -0.004134 0.027292 0.301261
v 0.005772 0.360874 0.064132
v 0.210290 0.027348 -0.055621
v 0.002625 0.024360 0.297015
v -0.001492 0.357884 0.060051
v 0.203027 0.024360 -0.059701
v 0.203137 0.027292 -0.067683
v 0.203277 0.015860 -0.059561
v -0.205846 0.014226 -0.054754
v 0.203242 0.024711 -0.059581
v -0.205881 0.023076 -0.054774
v 0.002841 0.024711 0.297136
v -0.205987 0.025657 -0.062875
v -0.212857 0.025657 -0.050649
v -0.008251 0.360817 0.064297
v -0.205667 0.022726 -0.054898
v -0.001063 0.357887 0.060046
v 0.003055 0.024361 0.297011
v -0.001383 0.360817 0.052071
v -0.001273 0.357887 0.060421
v -0.205877 0.022726 -0.054524
v 0.203246 0.024361 -0.059333
v 0.675238 0.153820 0.002401
v 0.669393 0.186922 0.078566
v 0.625428 0.220529 0.002401
v 0.669393 0.186922 -0.073763
v 0.740528 0.132548 0.049473
v 0.740528 0.132548 -0.044671
v 0.813949 0.153780 -0.077683
v 0.750925 0.186900 -0.120835
v 0.822061 0.132525 0.002401
v 0.813949 0.153780 0.082486
v 0.882848 0.186863 0.049473
v 0.882848 0.186863 -0.044671
v 0.917366 0.246226 0.002401
v 0.899669 0.274808 -0.073763
v 0.838882 0.220469 -0.120837
v 0.842568 0.303400 -0.127178
v 0.767747 0.274844 -0.149930
v 0.692925 0.246287 -0.127178
v 0.784568 0.362789 -0.120835
v 0.696611 0.329219 -0.120837
v 0.721544 0.395909 -0.077683
v 0.652645 0.362825 -0.044671
v 0.635824 0.274880 -0.073763
v 0.618127 0.303461 0.002401
v 0.635824 0.274880 0.078566
v 0.652645 0.362825 0.049473
v 0.721544 0.395909 0.082486
v 0.713432 0.417163 0.002401
v 0.696611 0.329219 0.125640
v 0.692925 0.246287 0.131982
v 0.784568 0.362789 0.125640
v 0.767746 0.274844 0.154732
v 0.842568 0.303400 0.131982
v 0.838882 0.220469 0.125640
v 0.750925 0.186900 0.125640
v 0.899669 0.274808 0.078566
v 0.866100 0.362766 0.078566
v 0.910065 0.329160 0.002401
v 0.860255 0.395868 0.002401
v 0.866100 0.362766 -0.073763
v 0.794965 0.417140 -0.044671
v 0.794965 0.417140 0.049473
v 0.529548 0.439936 -0.047410
v 0.524186 0.431831 -0.046453
v 0.534908 0.448040 -0.046453
v 0.581444 0.405604 -0.047410
v 0.586806 0.413710 -0.046453
v 0.576082 0.397499 -0.046453
v 0.581444 0.405604 -0.051670
v 0.588856 0.400702 -0.051670
v 0.587264 0.414402 -0.050630
v 0.575624 0.396807 -0.050630
v 0.583036 0.391904 -0.050630
v 0.570027 0.388346 -0.047553
v 0.570927 0.389707 -0.043617
v 0.577440 0.383444 -0.047553
v 0.564871 0.380551 -0.042557
v 0.566176 0.382525 -0.039015
v 0.572281 0.375647 -0.042557
v 0.560349 0.373716 -0.035832
v 0.567761 0.368814 -0.035832
v 0.556640 0.368108 -0.027639
v 0.562012 0.376229 -0.032820
v 0.510114 0.410559 -0.032820
v 0.558593 0.371063 -0.025272
v 0.506697 0.405393 -0.025272
v 0.556054 0.367223 -0.016661
v 0.504157 0.401553 -0.016661
v 0.553883 0.363941 -0.018290
v 0.554490 0.364859 -0.007316
v 0.502594 0.399189 -0.007316
v 0.552185 0.361375 -0.008147
v 0.553962 0.364061 0.002401
v 0.502065 0.398392 0.002401
v 0.551611 0.360508 0.002401
v 0.554490 0.364859 0.012119
v 0.502594 0.399189 0.012119
v 0.556054 0.367223 0.021463
v 0.552185 0.361375 0.012951
v 0.559597 0.356471 0.012951
v 0.553883 0.363941 0.023094
v 0.561295 0.359038 0.023094
v 0.556640 0.368108 0.032442
v 0.564052 0.363206 0.032442
v 0.560349 0.373716 0.040635
v 0.558593 0.371063 0.030075
v 0.506697 0.405393 0.030075
v 0.562012 0.376229 0.037624
v 0.510114 0.410559 0.037624
v 0.566176 0.382525 0.043818
v 0.514279 0.416855 0.043818
v 0.564871 0.380551 0.047360
v 0.570927 0.389707 0.048421
v 0.519030 0.424037 0.048421
v 0.576082 0.397499 0.051256
v 0.570027 0.388346 0.052357
v 0.577440 0.383444 0.052357
v 0.575624 0.396807 0.055434
v 0.583036 0.391904 0.055434
v 0.581444 0.405604 0.056473
v 0.588856 0.400702 0.056473
v 0.587264 0.414402 0.055434
v 0.581444 0.405604 0.052213
v 0.529548 0.439936 0.052213
v 0.586806 0.413710 0.051256
v 0.534908 0.448040 0.051256
v 0.591961 0.421502 0.048421
v 0.540064 0.455834 0.048421
v 0.592861 0.422863 0.052357
v 0.596712 0.428685 0.043818
v 0.544814 0.463016 0.043818
v 0.600877 0.434980 0.037624
v 0.598017 0.430659 0.047360
v 0.605430 0.425756 0.047360
v 0.602539 0.437493 0.040635
v 0.609950 0.432591 0.040635
v 0.606248 0.443101 0.032442
v 0.613661 0.438199 0.032442
v 0.609005 0.447269 0.023094
v 0.604294 0.440148 0.030075
v 0.552397 0.474478 0.030075
v 0.606834 0.443986 0.021463
v 0.554936 0.478317 0.021463
v 0.608398 0.446351 0.012119
v 0.556500 0.480681 0.012119
v 0.610703 0.449835 0.012951
v 0.608926 0.447148 0.002401
v 0.557028 0.481480 0.002401
v 0.611277 0.450701 0.002401
v 0.608398 0.446350 -0.007316
v 0.556500 0.480681 -0.007316
v 0.606834 0.443986 -0.016661
v 0.610703 0.449835 -0.008147
v 0.618115 0.444932 -0.008147
v 0.609005 0.447269 -0.018290
v 0.616417 0.442366 -0.018290
v 0.606248 0.443101 -0.027639
v 0.604294 0.440148 -0.025272
v 0.613661 0.438199 -0.027639
v 0.602539 0.437493 -0.035832
v 0.600877 0.434980 -0.032820
v 0.609950 0.432591 -0.035832
v 0.598017 0.430659 -0.042557
v 0.596712 0.428685 -0.039015
v 0.605430 0.425756 -0.042557
v 0.592861 0.422863 -0.047553
v 0.600273 0.417959 -0.047553
v 0.591961 0.421502 -0.043617
v 0.540064 0.455834 -0.043617
v 0.544814 0.463016 -0.039015
v 0.548979 0.469312 -0.032820
v 0.552397 0.474478 -0.025272
v 0.554936 0.478317 -0.016661
v 0.594676 0.409500 -0.050630
v 0.599372 0.416600 -0.043617
v 0.594217 0.408806 -0.046453
v 0.604124 0.423782 -0.039015
v 0.602799 0.421780 -0.058611
v 0.610211 0.416876 -0.058611
v 0.595964 0.411447 -0.062368
v 0.609097 0.431301 -0.052508
v 0.616510 0.426398 -0.052508
v 0.614619 0.439648 -0.044295
v 0.608288 0.430078 -0.032820
v 0.622031 0.434744 -0.044295
v 0.619150 0.446497 -0.034287
v 0.611707 0.435244 -0.025272
v 0.626562 0.441595 -0.034287
v 0.622518 0.451587 -0.022871
v 0.629928 0.446685 -0.022871
v 0.624591 0.454722 -0.010483
v 0.614246 0.439084 -0.016661
v 0.615810 0.441448 -0.007316
v 0.616338 0.442246 0.002401
v 0.625290 0.455780 0.002401
v 0.618687 0.445799 0.002401
v 0.615810 0.441448 0.012119
v 0.618115 0.444932 0.012951
v 0.624591 0.454722 0.015285
v 0.614246 0.439084 0.021463
v 0.622518 0.451587 0.027674
v 0.616417 0.442366 0.023094
v 0.611707 0.435244 0.030075
v 0.608288 0.430078 0.037624
v 0.619150 0.446497 0.039090
v 0.626562 0.441595 0.039090
v 0.614619 0.439648 0.049098
v 0.622031 0.434744 0.049098
v 0.609097 0.431301 0.057311
v 0.604124 0.423782 0.043818
v 0.616510 0.426398 0.057311
v 0.602799 0.421780 0.063413
v 0.599372 0.416600 0.048421
v 0.610211 0.416876 0.063413
v 0.595964 0.411447 0.067171
v 0.594217 0.408806 0.051256
v 0.603375 0.406544 0.067171
v 0.588856 0.400702 0.068440
v 0.596267 0.395799 0.068440
v 0.581748 0.389956 0.067171
v 0.588856 0.400702 0.052213
v 0.583494 0.392597 0.051256
v 0.578339 0.384803 0.048421
v 0.573588 0.377621 0.043818
v 0.574914 0.379625 0.063413
v 0.582324 0.374721 0.063413
v 0.568614 0.370102 0.057311
v 0.576026 0.365198 0.057311
v 0.563092 0.361755 0.049098
v 0.569423 0.371325 0.037624
v 0.570504 0.356852 0.049098
v 0.558561 0.354906 0.039090
v 0.565974 0.350003 0.039090
v 0.555195 0.349816 0.027674
v 0.566006 0.366159 0.030075
v 0.563466 0.362320 0.021463
v 0.561902 0.359956 0.012119
v 0.561374 0.359158 0.002401
v 0.553122 0.346682 0.015285
v 0.560533 0.341778 0.015285
v 0.552421 0.345623 0.002401
v 0.559833 0.340721 0.002401
v 0.553122 0.346682 -0.010481
v 0.561902 0.359956 -0.007316
v 0.560533 0.341778 -0.010483
v 0.555195 0.349816 -0.022871
v 0.562606 0.344913 -0.022871
v 0.558561 0.354906 -0.034287
v 0.563466 0.362320 -0.016661
v 0.566006 0.366159 -0.025272
v 0.561295 0.359038 -0.018290
v 0.559597 0.356471 -0.008147
v 0.564052 0.363206 -0.027639
v 0.559024 0.355604 0.002401
v 0.569423 0.371325 -0.032820
v 0.573588 0.377621 -0.039015
v 0.563092 0.361755 -0.044295
v 0.570504 0.356852 -0.044295
v 0.568614 0.370102 -0.052508
v 0.576026 0.365198 -0.052508
v 0.574912 0.379625 -0.058611
v 0.578339 0.384803 -0.043617
v 0.582324 0.374721 -0.058611
v 0.581748 0.389956 -0.062368
v 0.583494 0.392597 -0.046453
v 0.589159 0.385054 -0.062368
v 0.588856 0.400702 -0.063637
v 0.596267 0.395799 -0.063637
v 0.588856 0.400702 -0.047410
v 0.603375 0.406544 -0.062368
v 0.595726 0.396157 -0.054691
v 0.604221 0.390537 -0.054691
v 0.601871 0.405446 -0.053593
v 0.589581 0.386868 -0.053593
v 0.598076 0.381248 -0.053593
v 0.583671 0.377935 -0.050345
v 0.592168 0.372316 -0.050345
v 0.578226 0.369702 -0.045069
v 0.586721 0.364083 -0.045069
v 0.573453 0.362487 -0.037969
v 0.581948 0.356867 -0.037969
v 0.569536 0.356565 -0.029317
v 0.578031 0.350946 -0.029317
v 0.566625 0.352166 -0.019447
v 0.565974 0.350003 -0.034287
v 0.575120 0.346545 -0.019447
v 0.564832 0.349456 -0.008736
v 0.573327 0.343835 -0.008736
v 0.564227 0.348541 0.002401
v 0.572722 0.342920 0.002401
v 0.564832 0.349456 0.013539
v 0.573327 0.343835 0.013539
v 0.566625 0.352166 0.024250
v 0.575120 0.346545 0.024250
v 0.569536 0.356565 0.034121
v 0.562606 0.344913 0.027674
v 0.578031 0.350946 0.034121
v 0.573453 0.362487 0.042771
v 0.581948 0.356867 0.042771
v 0.578226 0.369702 0.049873
v 0.586721 0.364083 0.049873
v 0.583671 0.377935 0.055148
v 0.592168 0.372316 0.055148
v 0.589581 0.386868 0.058397
v 0.598076 0.381248 0.058397
v 0.595726 0.396157 0.059494
v 0.589159 0.385054 0.067171
v 0.604221 0.390537 0.059494
v 0.601871 0.405446 0.058397
v 0.610367 0.399827 0.058397
v 0.607780 0.414380 0.055148
v 0.616275 0.408759 0.055148
v 0.613226 0.422612 0.049873
v 0.621722 0.416992 0.049873
v 0.617999 0.429827 0.042771
v 0.626495 0.424207 0.042771
v 0.621916 0.435749 0.034121
v 0.630412 0.430129 0.034121
v 0.624828 0.440149 0.024250
v 0.629928 0.446685 0.027674
v 0.633323 0.434530 0.024250
v 0.626620 0.442859 0.013539
v 0.632003 0.449818 0.015285
v 0.635115 0.437240 0.013539
v 0.627225 0.443774 0.002401
v 0.632702 0.450877 0.002401
v 0.635720 0.438154 0.002401
v 0.626620 0.442859 -0.008736
v 0.635115 0.437240 -0.008736
v 0.624828 0.440149 -0.019447
v 0.632003 0.449818 -0.010483
v 0.633323 0.434530 -0.019447
v 0.621916 0.435749 -0.029317
v 0.630412 0.430129 -0.029317
v 0.617999 0.429827 -0.037969
v 0.626495 0.424207 -0.037969
v 0.613226 0.422612 -0.045069
v 0.621722 0.416992 -0.045069
v 0.607780 0.414380 -0.050345
v 0.616275 0.408759 -0.050345
v 0.621608 0.401891 -0.043617
v 0.610367 0.399827 -0.053593
v 0.616453 0.394097 -0.046453
v 0.707549 0.333837 -0.046453
v 0.611092 0.385993 -0.047410
v 0.702187 0.325731 -0.047410
v 0.605730 0.377888 -0.046453
v 0.696825 0.317628 -0.046453
v 0.600574 0.370095 -0.043617
v 0.691669 0.309834 -0.043617
v 0.595824 0.362912 -0.039015
v 0.686919 0.302652 -0.039015
v 0.591658 0.356616 -0.032820
v 0.682754 0.296356 -0.032820
v 0.588241 0.351450 -0.025272
v 0.679336 0.291190 -0.025272
v 0.585702 0.347612 -0.016661
v 0.676797 0.287350 -0.016661
v 0.584138 0.345246 -0.007316
v 0.675233 0.284986 -0.007316
v 0.583610 0.344449 0.002401
v 0.674705 0.284188 0.002401
v 0.584138 0.345246 0.012119
v 0.675233 0.284986 0.012119
v 0.585702 0.347612 0.021463
v 0.676797 0.287350 0.021463
v 0.588241 0.351450 0.030075
v 0.679336 0.291190 0.030075
v 0.591658 0.356616 0.037624
v 0.682754 0.296356 0.037624
v 0.595824 0.362912 0.043818
v 0.686919 0.302652 0.043818
v 0.600574 0.370095 0.048421
v 0.691669 0.309834 0.048421
v 0.605730 0.377888 0.051256
v 0.696825 0.317628 0.051256
v 0.611092 0.385993 0.052213
v 0.702187 0.325731 0.052213
v 0.616453 0.394097 0.051256
v 0.707549 0.333837 0.051256
v 0.621609 0.401891 0.048421
v 0.712703 0.341631 0.048421
v 0.626360 0.409073 0.043818
v 0.717455 0.348813 0.043818
v 0.630523 0.415369 0.037624
v 0.721619 0.355108 0.037624
v 0.633942 0.420535 0.030075
v 0.725037 0.360275 0.030075
v 0.636482 0.424374 0.021463
v 0.727577 0.364114 0.021463
v 0.638046 0.426738 0.012119
v 0.729141 0.366478 0.012119
v 0.638574 0.427537 0.002401
v 0.729669 0.367275 0.002401
v 0.638046 0.426738 -0.007316
v 0.729141 0.366478 -0.007316
v 0.636482 0.424374 -0.016661
v 0.727577 0.364114 -0.016661
v 0.633942 0.420535 -0.025272
v 0.725037 0.360275 -0.025272
v 0.630523 0.415369 -0.032820
v 0.721619 0.355108 -0.032820
v 0.626360 0.409073 -0.039015
v 0.717455 0.348813 -0.039015
v 0.712703 0.341631 -0.043617
v 0.567761 0.368814 0.040635
v 0.572281 0.375647 0.047360
v 0.594676 0.409500 0.055434
v 0.600273 0.417959 0.052357
v 0.548979 0.469312 0.037624
v 0.524186 0.431831 0.051256
v 0.504157 0.401553 0.021463
v 0.514279 0.416855 -0.039015
v 0.519030 0.424037 -0.043617
v 0.818899 0.216270 0.048585
v 0.808348 0.217098 0.053718
v 0.829400 0.217747 0.043501
v 0.851636 0.215601 0.115999
v 0.862138 0.217078 0.110914
v 0.841086 0.216429 0.121130
v 0.851744 0.210472 0.115896
v 0.856419 0.210377 0.125524
v 0.863144 0.212075 0.110376
v 0.840292 0.211372 0.121466
v 0.844967 0.211277 0.131094
v 0.829227 0.214738 0.126873
v 0.830893 0.219530 0.126111
v 0.833903 0.214643 0.136501
v 0.818975 0.220442 0.131909
v 0.821449 0.224785 0.130750
v 0.823651 0.220347 0.141536
v 0.809929 0.228264 0.136378
v 0.814605 0.228169 0.146007
v 0.802439 0.237905 0.140112
v 0.813116 0.231991 0.134868
v 0.780378 0.232660 0.067454
v 0.806216 0.240872 0.138306
v 0.773477 0.241539 0.070894
v 0.801012 0.251086 0.140936
v 0.768274 0.251754 0.073522
v 0.796789 0.248992 0.142965
v 0.797704 0.262242 0.142653
v 0.764966 0.262909 0.075239
v 0.793200 0.261101 0.144828
v 0.796422 0.273909 0.143391
v 0.763684 0.274576 0.075977
v 0.791808 0.273767 0.145630
v 0.797213 0.285640 0.143123
v 0.764475 0.286308 0.075709
v 0.800046 0.296984 0.141859
v 0.792666 0.286501 0.145340
v 0.797341 0.286405 0.154967
v 0.795742 0.298816 0.143967
v 0.800417 0.298720 0.153596
v 0.800917 0.310237 0.141567
v 0.805592 0.310142 0.151196
v 0.807993 0.320325 0.138231
v 0.804814 0.307506 0.139648
v 0.772076 0.308173 0.072234
v 0.811332 0.316800 0.136575
v 0.778594 0.317468 0.069161
v 0.819351 0.324509 0.132757
v 0.786614 0.325178 0.065343
v 0.816698 0.328695 0.134086
v 0.828562 0.330339 0.128341
v 0.795824 0.331006 0.060928
v 0.838612 0.334063 0.123498
v 0.826697 0.335023 0.129294
v 0.831372 0.334927 0.138922
v 0.837605 0.339066 0.124035
v 0.842281 0.338971 0.133664
v 0.849006 0.340669 0.118515
v 0.853682 0.340573 0.128143
v 0.860457 0.339769 0.112946
v 0.849113 0.335540 0.118412
v 0.816375 0.336207 0.050999
v 0.859663 0.334712 0.113281
v 0.826925 0.335379 0.045867
v 0.869857 0.331611 0.108300
v 0.837118 0.332278 0.040887
v 0.871523 0.336403 0.107539
v 0.879301 0.326356 0.103662
v 0.846563 0.327023 0.036248
v 0.887634 0.319150 0.099543
v 0.881775 0.330699 0.102504
v 0.886450 0.330604 0.112131
v 0.890819 0.322877 0.098033
v 0.895495 0.322782 0.107660
v 0.898310 0.313236 0.094299
v 0.902986 0.313141 0.103928
v 0.903959 0.302149 0.091446
v 0.894534 0.310269 0.096105
v 0.861796 0.310937 0.028691
v 0.899738 0.300055 0.093477
v 0.867000 0.300723 0.026063
v 0.903045 0.288899 0.091760
v 0.870307 0.289568 0.024346
v 0.907549 0.290040 0.089583
v 0.904328 0.277232 0.091021
v 0.871590 0.277900 0.023608
v 0.908942 0.277374 0.088782
v 0.903537 0.265501 0.091288
v 0.870799 0.266170 0.023876
v 0.900704 0.254157 0.092552
v 0.908084 0.264640 0.089073
v 0.912760 0.264544 0.098700
v 0.905007 0.252325 0.090444
v 0.909683 0.252230 0.100071
v 0.899831 0.240904 0.092844
v 0.895936 0.243635 0.094763
v 0.904507 0.240809 0.102471
v 0.892756 0.230816 0.096181
v 0.889417 0.234342 0.097837
v 0.897431 0.230719 0.105808
v 0.884052 0.222447 0.100325
v 0.881398 0.226632 0.101655
v 0.888727 0.222350 0.109953
v 0.874053 0.216118 0.105118
v 0.878727 0.216023 0.114746
v 0.872187 0.220802 0.106070
v 0.839449 0.221471 0.038657
v 0.848660 0.227299 0.034242
v 0.856679 0.235009 0.030424
v 0.863198 0.244304 0.027351
v 0.867965 0.254824 0.025139
v 0.867819 0.211980 0.120003
v 0.876862 0.220707 0.115699
v 0.866813 0.216983 0.120542
v 0.886074 0.226537 0.111283
v 0.883968 0.202865 0.112071
v 0.888644 0.202769 0.121698
v 0.870645 0.197928 0.118491
v 0.896181 0.210593 0.106217
v 0.900855 0.210498 0.115845
v 0.906812 0.220814 0.101155
v 0.894093 0.234246 0.107465
v 0.911488 0.220719 0.110783
v 0.915453 0.233135 0.097080
v 0.900612 0.243540 0.104392
v 0.920129 0.233040 0.106708
v 0.921775 0.247085 0.094149
v 0.926450 0.246990 0.103777
v 0.925531 0.262125 0.092473
v 0.905378 0.254061 0.102181
v 0.908213 0.265406 0.100917
v 0.909003 0.277137 0.100649
v 0.926580 0.277679 0.092119
v 0.913617 0.277279 0.098410
v 0.907721 0.288804 0.101387
v 0.912225 0.289945 0.099211
v 0.924880 0.293146 0.093097
v 0.904413 0.299960 0.103104
v 0.920495 0.307936 0.095373
v 0.908635 0.302053 0.101075
v 0.899210 0.310174 0.105732
v 0.892309 0.319055 0.109172
v 0.913596 0.321478 0.098858
v 0.918272 0.321383 0.108486
v 0.904447 0.333252 0.103418
v 0.909123 0.333156 0.113045
v 0.893400 0.342806 0.108877
v 0.883976 0.326261 0.113289
v 0.898075 0.342710 0.118505
v 0.880878 0.349772 0.115027
v 0.874531 0.331515 0.117929
v 0.885554 0.349677 0.124655
v 0.867364 0.353882 0.121630
v 0.864338 0.334615 0.122908
v 0.872040 0.353787 0.131259
v 0.853379 0.354981 0.128434
v 0.858053 0.354885 0.138061
v 0.839456 0.353023 0.135176
v 0.853789 0.335443 0.128040
v 0.843287 0.333968 0.133126
v 0.833238 0.330244 0.137969
v 0.824027 0.324414 0.142385
v 0.826133 0.348086 0.141597
v 0.830808 0.347990 0.151224
v 0.813920 0.340358 0.147450
v 0.818596 0.340263 0.157079
v 0.803289 0.330137 0.152512
v 0.816008 0.316704 0.146203
v 0.807964 0.330041 0.162141
v 0.794646 0.317814 0.156587
v 0.799322 0.317719 0.166215
v 0.788326 0.303865 0.159518
v 0.809489 0.307411 0.149275
v 0.804721 0.296889 0.151487
v 0.801888 0.285545 0.152750
v 0.801098 0.273814 0.153018
v 0.784568 0.288826 0.161195
v 0.789244 0.288729 0.170822
v 0.783520 0.273272 0.161548
v 0.788196 0.273177 0.171177
v 0.785221 0.257803 0.160570
v 0.802380 0.262146 0.152280
v 0.789897 0.257708 0.170198
v 0.789606 0.243015 0.158295
v 0.794280 0.242918 0.167922
v 0.796505 0.229473 0.154809
v 0.805688 0.250991 0.150563
v 0.810891 0.240777 0.147935
v 0.801465 0.248897 0.152592
v 0.797876 0.261006 0.154456
v 0.807115 0.237808 0.149739
v 0.796484 0.273672 0.155258
v 0.817792 0.231896 0.144495
v 0.826124 0.224690 0.140378
v 0.805654 0.217698 0.150250
v 0.810330 0.217603 0.159877
v 0.816701 0.208145 0.144790
v 0.821376 0.208050 0.154418
v 0.829222 0.201179 0.138640
v 0.835568 0.219435 0.135739
v 0.833897 0.201084 0.148268
v 0.842735 0.197067 0.132037
v 0.845761 0.216334 0.130759
v 0.847411 0.196972 0.141665
v 0.856722 0.195970 0.125234
v 0.861398 0.195874 0.134861
v 0.856312 0.215506 0.125626
v 0.875321 0.197831 0.128120
v 0.860830 0.206652 0.134375
v 0.866189 0.206542 0.145411
v 0.872867 0.208344 0.128546
v 0.848738 0.207601 0.140256
v 0.854097 0.207492 0.151291
v 0.837055 0.211155 0.145965
v 0.842414 0.211046 0.157000
v 0.826230 0.217177 0.151282
v 0.831590 0.217069 0.162318
v 0.816679 0.225436 0.156002
v 0.822038 0.225328 0.167038
v 0.808770 0.235616 0.159944
v 0.814129 0.235506 0.170979
v 0.802805 0.247323 0.162957
v 0.801181 0.229378 0.164438
v 0.808164 0.247213 0.173991
v 0.799015 0.260109 0.164924
v 0.804374 0.260000 0.175959
v 0.797545 0.273483 0.165770
v 0.802904 0.273373 0.176806
v 0.798451 0.286928 0.165463
v 0.803810 0.286818 0.176499
v 0.801698 0.299931 0.164014
v 0.807057 0.299821 0.175050
v 0.807163 0.311990 0.161480
v 0.793001 0.303770 0.169147
v 0.812522 0.311881 0.172516
v 0.814634 0.322643 0.157958
v 0.819993 0.322534 0.168993
v 0.823826 0.331479 0.153581
v 0.829185 0.331371 0.164617
v 0.834384 0.338161 0.148521
v 0.839743 0.338051 0.159556
v 0.845902 0.342430 0.142970
v 0.851261 0.342320 0.154005
v 0.857938 0.344122 0.137141
v 0.844130 0.352928 0.144803
v 0.863297 0.344012 0.148177
v 0.870031 0.343172 0.131259
v 0.875389 0.343063 0.142295
v 0.881713 0.339618 0.125550
v 0.887072 0.339509 0.136586
v 0.892539 0.333595 0.120234
v 0.897898 0.333487 0.131269
v 0.902090 0.325336 0.115514
v 0.907447 0.325228 0.126550
v 0.909999 0.315158 0.111572
v 0.915358 0.315048 0.122607
v 0.915963 0.303451 0.108560
v 0.925171 0.307841 0.105002
v 0.921322 0.303341 0.119594
v 0.919754 0.290664 0.106592
v 0.929554 0.293051 0.102726
v 0.925113 0.290555 0.117627
v 0.921224 0.277291 0.105745
v 0.931256 0.277583 0.101746
v 0.926583 0.277181 0.116781
v 0.920318 0.263846 0.106052
v 0.925676 0.263736 0.117087
v 0.917070 0.250843 0.107501
v 0.930207 0.262030 0.102102
v 0.922429 0.250733 0.118536
v 0.911605 0.238783 0.110035
v 0.916964 0.238674 0.121070
v 0.904133 0.228130 0.113558
v 0.909492 0.228022 0.124593
v 0.894943 0.219295 0.117934
v 0.900302 0.219185 0.128968
v 0.884385 0.212613 0.122994
v 0.889744 0.212504 0.134030
v 0.890889 0.220420 0.144582
v 0.878226 0.208234 0.139581
v 0.880839 0.216696 0.149426
v 0.889049 0.216529 0.166330
v 0.870338 0.215221 0.154510
v 0.859788 0.216049 0.159643
v 0.878548 0.215053 0.171414
v 0.884145 0.200777 0.182044
v 0.867998 0.215881 0.176547
v 0.871103 0.201801 0.188387
v 0.857805 0.218981 0.181527
v 0.849595 0.219148 0.164623
v 0.858502 0.205633 0.194545
v 0.848360 0.224236 0.186165
v 0.840152 0.224403 0.169261
v 0.846827 0.212129 0.200279
v 0.840028 0.231441 0.190283
v 0.831819 0.231609 0.173379
v 0.836525 0.221038 0.205371
v 0.833127 0.240323 0.193723
v 0.824917 0.240490 0.176819
v 0.827994 0.232016 0.209623
v 0.827923 0.250537 0.196351
v 0.819713 0.250704 0.179447
v 0.821561 0.244644 0.212871
v 0.824617 0.261692 0.198068
v 0.816407 0.261860 0.181164
v 0.817473 0.258436 0.214994
v 0.823333 0.273359 0.198807
v 0.815125 0.273527 0.181902
v 0.815887 0.272859 0.215907
v 0.824124 0.285091 0.198539
v 0.815915 0.285258 0.181634
v 0.816864 0.287362 0.215576
v 0.826958 0.296435 0.197275
v 0.818748 0.296602 0.180370
v 0.820367 0.301387 0.214013
v 0.831725 0.306956 0.195064
v 0.823517 0.307124 0.178159
v 0.826261 0.314394 0.211280
v 0.838245 0.316250 0.191991
v 0.830035 0.316418 0.175086
v 0.834321 0.325883 0.207480
v 0.846263 0.323960 0.188173
v 0.838054 0.324127 0.171268
v 0.844234 0.335414 0.202760
v 0.855475 0.329789 0.183757
v 0.847265 0.329957 0.166853
v 0.855621 0.342621 0.197302
v 0.865523 0.333514 0.178914
v 0.857315 0.333681 0.162009
v 0.868045 0.347224 0.191314
v 0.876025 0.334990 0.173828
v 0.867816 0.335158 0.156924
v 0.881027 0.349050 0.185027
v 0.886575 0.334162 0.168697
v 0.878365 0.334330 0.151792
v 0.894069 0.348026 0.178683
v 0.896768 0.331061 0.163717
v 0.888558 0.331229 0.146812
v 0.906670 0.344193 0.172527
v 0.906212 0.325807 0.159077
v 0.898002 0.325974 0.142173
v 0.918347 0.337698 0.166792
v 0.914545 0.318601 0.154960
v 0.906335 0.318768 0.138056
v 0.928647 0.328788 0.161701
v 0.921445 0.309720 0.151520
v 0.913237 0.309887 0.134616
v 0.937178 0.317810 0.157449
v 0.926650 0.299505 0.148892
v 0.918441 0.299673 0.131988
v 0.943612 0.305182 0.154199
v 0.929956 0.288350 0.147175
v 0.921747 0.288518 0.130271
v 0.947700 0.291392 0.152078
v 0.931239 0.276683 0.146437
v 0.923030 0.276850 0.129533
v 0.949286 0.276967 0.151165
v 0.930448 0.264951 0.146705
v 0.922240 0.265119 0.129801
v 0.948308 0.262465 0.151496
v 0.927615 0.253607 0.147969
v 0.919405 0.253775 0.131064
v 0.944805 0.248440 0.153057
v 0.922847 0.243086 0.150180
v 0.914637 0.243253 0.133276
v 0.938911 0.235434 0.155791
v 0.916328 0.233792 0.153253
v 0.908119 0.233960 0.136349
v 0.930853 0.223943 0.159590
v 0.908309 0.226082 0.157071
v 0.900101 0.226250 0.140167
v 0.920938 0.214412 0.164310
v 0.899098 0.220253 0.161487
v 0.909551 0.207207 0.169770
v 0.922514 0.198309 0.187555
v 0.897129 0.202602 0.175758
v 0.908494 0.193114 0.194313
v 0.919947 0.192879 0.217897
v 0.893843 0.191054 0.201408
v 0.905297 0.190820 0.224991
v 0.879124 0.192209 0.208567
v 0.890577 0.191975 0.232150
v 0.864902 0.196535 0.215515
v 0.876356 0.196302 0.239100
v 0.851726 0.203866 0.221987
v 0.863180 0.203632 0.245572
v 0.840102 0.213919 0.227732
v 0.851555 0.213686 0.251317
v 0.830473 0.226310 0.232531
v 0.841927 0.226076 0.256114
v 0.823214 0.240560 0.236197
v 0.834666 0.240327 0.259782
v 0.818600 0.256123 0.238592
v 0.830054 0.255889 0.262177
v 0.816811 0.272401 0.239623
v 0.828263 0.272168 0.263206
v 0.817913 0.288768 0.239249
v 0.829366 0.288535 0.262834
v 0.821867 0.304595 0.237487
v 0.833320 0.304362 0.261070
v 0.828518 0.319273 0.234402
v 0.839972 0.319040 0.257985
v 0.837613 0.332240 0.230113
v 0.849066 0.332007 0.253698
v 0.848801 0.342998 0.224786
v 0.860254 0.342763 0.248371
v 0.861651 0.351130 0.218627
v 0.873105 0.350896 0.242211
v 0.875672 0.356325 0.211869
v 0.887126 0.356092 0.235454
v 0.890323 0.358385 0.204774
v 0.901776 0.358152 0.228359
v 0.905042 0.357230 0.197615
v 0.916495 0.356997 0.221200
v 0.919263 0.352904 0.190667
v 0.930716 0.352671 0.214250
v 0.932439 0.345573 0.184195
v 0.943892 0.345339 0.207779
v 0.944064 0.335520 0.178450
v 0.955518 0.335285 0.202034
v 0.953693 0.323129 0.173651
v 0.965145 0.322896 0.197236
v 0.960952 0.308879 0.169984
v 0.972406 0.308645 0.193568
v 0.965566 0.293315 0.167590
v 0.977019 0.293082 0.191175
v 0.967355 0.277038 0.166559
v 0.978809 0.276805 0.190144
v 0.966252 0.260671 0.166933
v 0.977706 0.260438 0.190517
v 0.962299 0.244844 0.168695
v 0.973753 0.244610 0.192280
v 0.955648 0.230164 0.171780
v 0.967101 0.229931 0.195365
v 0.946552 0.217199 0.176069
v 0.958006 0.216964 0.199652
v 0.935365 0.206441 0.181394
v 0.946819 0.206208 0.204979
v 0.951386 0.213791 0.227006
v 0.933967 0.198076 0.211140
v 0.939998 0.206585 0.232464
v 0.940145 0.219416 0.246009
v 0.927575 0.201980 0.238452
v 0.930096 0.215691 0.250852
v 0.914592 0.200155 0.244738
v 0.919594 0.214215 0.255938
v 0.901550 0.201179 0.251082
v 0.909045 0.215044 0.261069
v 0.888948 0.205013 0.257240
v 0.898852 0.218145 0.266049
v 0.877273 0.211508 0.262975
v 0.889407 0.223398 0.270688
v 0.866972 0.220416 0.268066
v 0.881075 0.230604 0.274807
v 0.858440 0.231396 0.272317
v 0.874173 0.239485 0.278245
v 0.852008 0.244023 0.275566
v 0.868970 0.249699 0.280873
v 0.847919 0.257814 0.277688
v 0.865664 0.260855 0.282590
v 0.846334 0.272238 0.278602
v 0.864380 0.272522 0.283328
v 0.847311 0.286741 0.278271
v 0.865170 0.284253 0.283060
v 0.850814 0.300765 0.276708
v 0.868005 0.295597 0.281797
v 0.856708 0.313772 0.273974
v 0.872772 0.306119 0.279587
v 0.864767 0.325262 0.270175
v 0.879290 0.315414 0.276513
v 0.874680 0.334793 0.265455
v 0.887309 0.323122 0.272694
v 0.886067 0.341999 0.259997
v 0.896521 0.328952 0.268279
v 0.898491 0.346604 0.254009
v 0.906570 0.332676 0.263436
v 0.911473 0.348429 0.247723
v 0.917072 0.334153 0.258351
v 0.924515 0.347405 0.241378
v 0.927622 0.333325 0.253220
v 0.937117 0.343571 0.235221
v 0.937815 0.330224 0.248239
v 0.948793 0.337076 0.229486
v 0.947259 0.324969 0.243600
v 0.959093 0.328168 0.224395
v 0.955592 0.317763 0.239482
v 0.967625 0.317188 0.220144
v 0.962492 0.308882 0.236042
v 0.974059 0.304562 0.216894
v 0.967696 0.298668 0.233414
v 0.978146 0.290770 0.214773
v 0.971003 0.287512 0.231697
v 0.979733 0.276347 0.213859
v 0.972286 0.275845 0.230959
v 0.978754 0.261844 0.214190
v 0.971495 0.264114 0.231227
v 0.975251 0.247819 0.215752
v 0.968662 0.252770 0.232491
v 0.969357 0.234812 0.218486
v 0.963894 0.242248 0.234702
v 0.961299 0.223322 0.222286
v 0.957375 0.232955 0.237775
v 0.965585 0.232787 0.254679
v 0.949356 0.225245 0.241593
v 0.957566 0.225077 0.258497
v 0.948355 0.219249 0.262913
v 0.938305 0.215523 0.267756
v 0.927804 0.214048 0.272842
v 0.917253 0.214876 0.277973
v 0.907060 0.217976 0.282955
v 0.897616 0.223231 0.287593
v 0.889283 0.230436 0.291711
v 0.882383 0.239317 0.295150
v 0.877179 0.249532 0.297778
v 0.873872 0.260687 0.299494
v 0.872589 0.272354 0.300233
v 0.873380 0.284086 0.299965
v 0.876214 0.295430 0.298701
v 0.880981 0.305951 0.296491
v 0.887500 0.315245 0.293417
v 0.895519 0.322955 0.289599
v 0.904730 0.328784 0.285183
v 0.914779 0.332509 0.280340
v 0.925281 0.333985 0.275256
v 0.935831 0.333157 0.270124
v 0.946024 0.330056 0.265143
v 0.955468 0.324801 0.260505
v 0.963801 0.317596 0.256386
v 0.970702 0.308715 0.252946
v 0.975905 0.298501 0.250318
v 0.979213 0.287345 0.248602
v 0.980495 0.275678 0.247863
v 0.979704 0.263946 0.248131
v 0.976871 0.252602 0.249395
v 0.972103 0.242081 0.251606
v 0.812668 0.320230 0.147859
v 0.821374 0.328599 0.143714
v 0.865133 0.339674 0.122573
v 0.876198 0.336308 0.117166
v 0.854894 0.319818 0.032131
v 0.805874 0.334730 0.056084
v 0.767308 0.297652 0.074445
v 0.788711 0.225454 0.063336
v 0.798155 0.220199 0.058698
v -0.860791 0.395867 0.002401
v -0.827313 0.392821 0.078566
v -0.783349 0.426427 0.002401
v -0.827313 0.392821 -0.073763
v -0.898450 0.338447 0.049473
v -0.898450 0.338447 -0.044671
v -0.897228 0.262027 -0.077682
v -0.848731 0.314153 -0.120835
v -0.919866 0.259777 0.002401
v -0.897228 0.262027 0.082486
v -0.883384 0.186862 0.049473
v -0.883384 0.186862 -0.044671
v -0.835158 0.137977 0.002401
v -0.802935 0.147552 -0.073763
v -0.839419 0.220467 -0.120837
v -0.760360 0.195149 -0.127178
v -0.768282 0.274843 -0.149930
v -0.776205 0.354536 -0.127178
v -0.687834 0.235533 -0.120835
v -0.697145 0.329217 -0.120837
v -0.639336 0.287658 -0.077682
v -0.653181 0.362824 -0.044671
v -0.733629 0.402134 -0.073763
v -0.701406 0.411709 0.002401
v -0.733629 0.402134 0.078566
v -0.653181 0.362824 0.049473
v -0.639336 0.287658 0.082486
v -0.616697 0.289909 0.002401
v -0.697145 0.329219 0.125640
v -0.776205 0.354536 0.131982
v -0.687834 0.235533 0.125640
v -0.768282 0.274843 0.154732
v -0.760360 0.195149 0.131982
v -0.839419 0.220467 0.125640
v -0.848731 0.314153 0.125640
v -0.802935 0.147552 0.078566
v -0.709251 0.156865 0.078566
v -0.753216 0.123258 0.002401
v -0.675774 0.153819 0.002401
v -0.709251 0.156865 -0.073763
v -0.638115 0.211239 -0.044671
v -0.638115 0.211239 0.049473
v -0.546471 0.461374 -0.047410
v -0.552884 0.468674 -0.046453
v -0.540057 0.454074 -0.046453
v -0.593216 0.420304 -0.047410
v -0.586802 0.413003 -0.046453
v -0.599629 0.427604 -0.046453
v -0.593216 0.420304 -0.051670
v -0.599892 0.414439 -0.051670
v -0.586254 0.412379 -0.050630
v -0.600179 0.428228 -0.050630
v -0.606854 0.422363 -0.050630
v -0.606873 0.435849 -0.047553
v -0.605797 0.434624 -0.043617
v -0.613549 0.429983 -0.047553
v -0.613043 0.442872 -0.042557
v -0.611482 0.441094 -0.039015
v -0.619719 0.437006 -0.042557
v -0.618452 0.449027 -0.035832
v -0.625128 0.443162 -0.035832
v -0.622890 0.454078 -0.027639
v -0.616463 0.446764 -0.032820
v -0.569718 0.487833 -0.032820
v -0.620552 0.451418 -0.025272
v -0.573807 0.492488 -0.025272
v -0.623590 0.454876 -0.016661
v -0.576845 0.495945 -0.016661
v -0.626188 0.457832 -0.018290
v -0.625460 0.457005 -0.007316
v -0.578715 0.498075 -0.007316
v -0.628218 0.460144 -0.008147
v -0.626093 0.457723 0.002401
v -0.579347 0.498794 0.002401
v -0.628905 0.460925 0.002401
v -0.625460 0.457005 0.012120
v -0.578715 0.498075 0.012120
v -0.623590 0.454876 0.021463
v -0.628218 0.460144 0.012951
v -0.634895 0.454278 0.012951
v -0.626188 0.457832 0.023094
v -0.632863 0.451968 0.023094
v -0.622890 0.454078 0.032442
v -0.629565 0.448214 0.032442
v -0.618452 0.449027 0.040635
v -0.620552 0.451418 0.030075
v -0.573807 0.492488 0.030075
v -0.616463 0.446764 0.037624
v -0.569718 0.487833 0.037624
v -0.611482 0.441094 0.043818
v -0.564735 0.482163 0.043818
v -0.613043 0.442872 0.047360
v -0.605797 0.434624 0.048421
v -0.559052 0.475694 0.048421
v -0.599629 0.427604 0.051256
v -0.606873 0.435849 0.052357
v -0.613549 0.429983 0.052357
v -0.600179 0.428228 0.055434
v -0.606854 0.422363 0.055434
v -0.593216 0.420304 0.056473
v -0.599892 0.414439 0.056473
v -0.586254 0.412379 0.055434
v -0.593216 0.420304 0.052213
v -0.546471 0.461374 0.052213
v -0.586802 0.413003 0.051256
v -0.540057 0.454074 0.051256
v -0.580635 0.405984 0.048421
v -0.533888 0.447053 0.048421
v -0.579558 0.404759 0.052357
v -0.574951 0.399515 0.043818
v -0.528205 0.440584 0.043818
v -0.569968 0.393843 0.037624
v -0.573388 0.397737 0.047360
v -0.580065 0.391871 0.047360
v -0.567980 0.391581 0.040635
v -0.574656 0.385716 0.040635
v -0.563542 0.386529 0.032442
v -0.570218 0.380663 0.032442
v -0.560244 0.382775 0.023094
v -0.565880 0.389191 0.030075
v -0.519135 0.430260 0.030075
v -0.562842 0.385732 0.021463
v -0.516097 0.426803 0.021463
v -0.560971 0.383602 0.012119
v -0.514226 0.424673 0.012119
v -0.558213 0.380464 0.012951
v -0.560340 0.382884 0.002401
v -0.513593 0.423954 0.002401
v -0.557528 0.379684 0.002401
v -0.560971 0.383602 -0.007316
v -0.514226 0.424673 -0.007316
v -0.562842 0.385732 -0.016661
v -0.558213 0.380464 -0.008147
v -0.564889 0.374598 -0.008147
v -0.560244 0.382775 -0.018290
v -0.566920 0.376910 -0.018290
v -0.563542 0.386529 -0.027639
v -0.565880 0.389191 -0.025272
v -0.570218 0.380663 -0.027639
v -0.567980 0.391581 -0.035832
v -0.569968 0.393843 -0.032820
v -0.574656 0.385716 -0.035832
v -0.573388 0.397737 -0.042557
v -0.574951 0.399515 -0.039015
v -0.580065 0.391871 -0.042557
v -0.579558 0.404759 -0.047553
v -0.586235 0.398893 -0.047553
v -0.580635 0.405984 -0.043617
v -0.533888 0.447053 -0.043617
v -0.528205 0.440584 -0.039015
v -0.523223 0.434914 -0.032820
v -0.519135 0.430260 -0.025272
v -0.516097 0.426803 -0.016661
v -0.592930 0.406514 -0.050630
v -0.587311 0.400118 -0.043617
v -0.593478 0.407138 -0.046453
v -0.581626 0.393649 -0.039015
v -0.583212 0.395453 -0.058611
v -0.589888 0.389587 -0.058611
v -0.591389 0.404760 -0.062368
v -0.575676 0.386876 -0.052508
v -0.582353 0.381010 -0.052508
v -0.569071 0.379358 -0.044295
v -0.576645 0.387978 -0.032820
v -0.575747 0.373492 -0.044295
v -0.563651 0.373188 -0.034287
v -0.572556 0.383325 -0.025272
v -0.570326 0.367322 -0.034287
v -0.559623 0.368604 -0.022871
v -0.566299 0.362738 -0.022871
v -0.557142 0.365781 -0.010481
v -0.569518 0.379867 -0.016661
v -0.567647 0.377738 -0.007316
v -0.567015 0.377018 0.002401
v -0.556305 0.364827 0.002401
v -0.564203 0.373818 0.002401
v -0.567647 0.377738 0.012119
v -0.564889 0.374598 0.012951
v -0.557142 0.365781 0.015285
v -0.569518 0.379867 0.021463
v -0.559623 0.368604 0.027674
v -0.566920 0.376910 0.023094
v -0.572556 0.383325 0.030075
v -0.576645 0.387978 0.037624
v -0.563651 0.373188 0.039090
v -0.570326 0.367322 0.039090
v -0.569071 0.379358 0.049098
v -0.575747 0.373492 0.049098
v -0.575676 0.386876 0.057311
v -0.581626 0.393649 0.043818
v -0.582353 0.381010 0.057311
v -0.583212 0.395453 0.063413
v -0.587311 0.400118 0.048421
v -0.589888 0.389587 0.063413
v -0.591389 0.404760 0.067171
v -0.593478 0.407138 0.051256
v -0.598064 0.398894 0.067171
v -0.599892 0.414439 0.068440
v -0.606569 0.408573 0.068440
v -0.608395 0.424117 0.067171
v -0.599892 0.414439 0.052213
v -0.606306 0.421738 0.051256
v -0.612473 0.428758 0.048421
v -0.618157 0.435228 0.043818
v -0.616573 0.433424 0.063413
v -0.623248 0.427558 0.063413
v -0.624108 0.442001 0.057311
v -0.630783 0.436135 0.057311
v -0.630712 0.449519 0.049098
v -0.623139 0.440898 0.037624
v -0.637389 0.443653 0.049098
v -0.636133 0.455689 0.039090
v -0.642810 0.449823 0.039091
v -0.640162 0.460274 0.027674
v -0.627228 0.445552 0.030075
v -0.630266 0.449010 0.021463
v -0.632137 0.451139 0.012119
v -0.632768 0.451859 0.002401
v -0.642642 0.463096 0.015285
v -0.649317 0.457230 0.015285
v -0.643480 0.464050 0.002401
v -0.650155 0.458184 0.002401
v -0.642642 0.463096 -0.010481
v -0.632137 0.451139 -0.007316
v -0.649317 0.457230 -0.010481
v -0.640162 0.460274 -0.022871
v -0.646838 0.454408 -0.022871
v -0.636133 0.455689 -0.034287
v -0.630266 0.449010 -0.016661
v -0.627228 0.445552 -0.025272
v -0.632863 0.451968 -0.018290
v -0.634895 0.454278 -0.008147
v -0.629565 0.448213 -0.027639
v -0.635580 0.455059 0.002401
v -0.623139 0.440898 -0.032820
v -0.618157 0.435228 -0.039015
v -0.630712 0.449519 -0.044295
v -0.637389 0.443653 -0.044295
v -0.624108 0.442001 -0.052508
v -0.630783 0.436135 -0.052508
v -0.616573 0.433424 -0.058611
v -0.612473 0.428758 -0.043617
v -0.623248 0.427558 -0.058611
v -0.608395 0.424117 -0.062368
v -0.606306 0.421738 -0.046453
v -0.615072 0.418251 -0.062368
v -0.599892 0.414439 -0.063637
v -0.606569 0.408573 -0.063637
v -0.599892 0.414439 -0.047410
v -0.598064 0.398894 -0.062368
v -0.606081 0.409002 -0.054691
v -0.613732 0.402278 -0.054691
v -0.598729 0.400634 -0.053593
v -0.613431 0.417369 -0.053593
v -0.621084 0.410646 -0.053593
v -0.620501 0.425416 -0.050345
v -0.628153 0.418692 -0.050345
v -0.627015 0.432831 -0.045069
v -0.634667 0.426107 -0.045069
v -0.632725 0.439330 -0.037969
v -0.640377 0.432607 -0.037969
v -0.637412 0.444664 -0.029317
v -0.645064 0.437940 -0.029317
v -0.640895 0.448627 -0.019447
v -0.642810 0.449823 -0.034287
v -0.648547 0.441905 -0.019447
v -0.643039 0.451068 -0.008736
v -0.650691 0.444345 -0.008736
v -0.643763 0.451892 0.002401
v -0.651415 0.445169 0.002401
v -0.643039 0.451068 0.013539
v -0.650691 0.444345 0.013539
v -0.640895 0.448627 0.024250
v -0.648547 0.441905 0.024250
v -0.637412 0.444664 0.034121
v -0.646838 0.454408 0.027674
v -0.645064 0.437940 0.034121
v -0.632725 0.439330 0.042771
v -0.640377 0.432607 0.042773
v -0.627015 0.432831 0.049873
v -0.634667 0.426107 0.049873
v -0.620501 0.425416 0.055149
v -0.628153 0.418692 0.055149
v -0.613431 0.417369 0.058397
v -0.621084 0.410646 0.058397
v -0.606081 0.409002 0.059494
v -0.615072 0.418251 0.067171
v -0.613732 0.402278 0.059494
v -0.598729 0.400634 0.058397
v -0.606381 0.393912 0.058397
v -0.591660 0.392588 0.055148
v -0.599312 0.385866 0.055149
v -0.585145 0.385173 0.049873
v -0.592798 0.378449 0.049873
v -0.579435 0.378673 0.042771
v -0.587087 0.371951 0.042771
v -0.574749 0.373340 0.034121
v -0.582401 0.366616 0.034121
v -0.571266 0.369377 0.024250
v -0.566299 0.362738 0.027674
v -0.578918 0.362653 0.024250
v -0.569121 0.366935 0.013539
v -0.563819 0.359916 0.015285
v -0.576774 0.360213 0.013539
v -0.568398 0.366111 0.002401
v -0.562981 0.358961 0.002401
v -0.576050 0.359389 0.002401
v -0.569121 0.366935 -0.008736
v -0.576774 0.360213 -0.008736
v -0.571266 0.369377 -0.019447
v -0.563819 0.359916 -0.010481
v -0.578918 0.362653 -0.019447
v -0.574749 0.373340 -0.029317
v -0.582401 0.366616 -0.029317
v -0.579435 0.378673 -0.037969
v -0.587087 0.371951 -0.037969
v -0.585145 0.385173 -0.045069
v -0.592798 0.378449 -0.045069
v -0.591660 0.392588 -0.050345
v -0.599312 0.385866 -0.050345
v -0.607339 0.382522 -0.043617
v -0.606381 0.393912 -0.053593
v -0.613506 0.389542 -0.046453
v -0.695560 0.317451 -0.046453
v -0.619920 0.396841 -0.047410
v -0.701974 0.324752 -0.047410
v -0.626334 0.404142 -0.046453
v -0.708388 0.332052 -0.046453
v -0.632501 0.411162 -0.043617
v -0.714555 0.339073 -0.043617
v -0.638186 0.417631 -0.039015
v -0.720238 0.345541 -0.039015
v -0.643168 0.423302 -0.032820
v -0.725221 0.351211 -0.032820
v -0.647256 0.427955 -0.025272
v -0.729310 0.355866 -0.025272
v -0.650294 0.431414 -0.016661
v -0.732348 0.359323 -0.016661
v -0.652165 0.433544 -0.007316
v -0.734219 0.361453 -0.007316
v -0.652798 0.434262 0.002401
v -0.734850 0.362172 0.002401
v -0.652165 0.433544 0.012119
v -0.734219 0.361453 0.012119
v -0.650294 0.431414 0.021463
v -0.732348 0.359323 0.021463
v -0.647256 0.427955 0.030075
v -0.729310 0.355866 0.030075
v -0.643168 0.423302 0.037624
v -0.725221 0.351211 0.037624
v -0.638186 0.417631 0.043818
v -0.720238 0.345541 0.043818
v -0.632501 0.411162 0.048421
v -0.714555 0.339073 0.048421
v -0.626334 0.404142 0.051256
v -0.708388 0.332052 0.051256
v -0.619920 0.396841 0.052213
v -0.701974 0.324752 0.052213
v -0.613506 0.389542 0.051256
v -0.695560 0.317451 0.051256
v -0.607339 0.382522 0.048421
v -0.689393 0.310431 0.048421
v -0.601656 0.376052 0.043818
v -0.683708 0.303962 0.043818
v -0.596673 0.370382 0.037624
v -0.678726 0.298291 0.037624
v -0.592584 0.365728 0.030075
v -0.674638 0.293638 0.030075
v -0.589546 0.362270 0.021463
v -0.671600 0.290179 0.021463
v -0.587676 0.360141 0.012119
v -0.669729 0.288051 0.012120
v -0.587044 0.359421 0.002401
v -0.669096 0.287331 0.002401
v -0.587676 0.360141 -0.007316
v -0.669729 0.288051 -0.007316
v -0.589546 0.362270 -0.016661
v -0.671600 0.290181 -0.016661
v -0.592584 0.365728 -0.025272
v -0.674638 0.293638 -0.025272
v -0.596673 0.370382 -0.032820
v -0.678726 0.298291 -0.032820
v -0.601656 0.376052 -0.039015
v -0.683708 0.303962 -0.039015
v -0.689393 0.310431 -0.043617
v -0.625128 0.443162 0.040635
v -0.619719 0.437006 0.047360
v -0.592930 0.406513 0.055434
v -0.586235 0.398893 0.052357
v -0.523223 0.434914 0.037624
v -0.552884 0.468674 0.051256
v -0.576845 0.495945 0.021463
v -0.564735 0.482163 -0.039015
v -0.559052 0.475694 -0.043617
v -0.838227 0.240855 0.048586
v -0.834660 0.250817 0.053718
v -0.839558 0.230333 0.043501
v -0.847462 0.209439 0.115999
v -0.848793 0.198918 0.110914
v -0.843895 0.219402 0.121130
v -0.852439 0.210680 0.115896
v -0.853758 0.206193 0.125524
v -0.853884 0.199260 0.110376
v -0.848566 0.221495 0.121466
v -0.849886 0.217008 0.131094
v -0.842415 0.231289 0.126873
v -0.838227 0.228423 0.126111
v -0.843734 0.226802 0.136501
v -0.834221 0.239686 0.131909
v -0.830680 0.236159 0.130750
v -0.835540 0.235199 0.141536
v -0.824299 0.246361 0.136378
v -0.825618 0.241874 0.146007
v -0.813031 0.251060 0.140112
v -0.821539 0.242309 0.134868
v -0.812304 0.273724 0.067454
v -0.811158 0.246637 0.138308
v -0.801923 0.278052 0.070894
v -0.799937 0.248978 0.140936
v -0.790701 0.280394 0.073522
v -0.800850 0.253602 0.142965
v -0.788305 0.249241 0.142653
v -0.779070 0.280658 0.075239
v -0.788223 0.253887 0.144829
v -0.776710 0.247418 0.143391
v -0.767474 0.278834 0.075977
v -0.775635 0.251908 0.145630
v -0.765596 0.243576 0.143123
v -0.756361 0.274992 0.075709
v -0.755394 0.237866 0.141859
v -0.763573 0.247737 0.145340
v -0.764891 0.243251 0.154967
v -0.752496 0.241538 0.143967
v -0.753817 0.237051 0.153596
v -0.742834 0.233547 0.141567
v -0.744153 0.229060 0.151196
v -0.734956 0.224072 0.138231
v -0.746491 0.230503 0.139648
v -0.737257 0.261920 0.072234
v -0.739235 0.221775 0.136575
v -0.729998 0.253190 0.069161
v -0.733898 0.212014 0.132757
v -0.724663 0.243429 0.065343
v -0.729164 0.213476 0.134086
v -0.730691 0.201595 0.128341
v -0.721456 0.233011 0.060928
v -0.729734 0.190921 0.123498
v -0.725682 0.202166 0.129294
v -0.727001 0.197680 0.138922
v -0.724643 0.190580 0.124035
v -0.725962 0.186093 0.133664
v -0.726088 0.179159 0.118516
v -0.727407 0.174672 0.128144
v -0.729961 0.168344 0.112946
v -0.731065 0.180400 0.118412
v -0.721830 0.211817 0.050999
v -0.734633 0.170438 0.113281
v -0.725398 0.201853 0.045867
v -0.740300 0.161416 0.108301
v -0.731064 0.192831 0.040887
v -0.736112 0.158551 0.107539
v -0.747849 0.153681 0.103662
v -0.738613 0.185096 0.036248
v -0.756989 0.147531 0.099543
v -0.744306 0.150153 0.102504
v -0.745626 0.145668 0.112131
v -0.754228 0.143478 0.098033
v -0.755547 0.138991 0.107662
v -0.765496 0.138780 0.094299
v -0.766816 0.134293 0.103928
v -0.777677 0.136239 0.091446
v -0.767369 0.143202 0.096105
v -0.758133 0.174619 0.028691
v -0.778590 0.140861 0.093477
v -0.769355 0.172278 0.026063
v -0.790222 0.140598 0.091760
v -0.780988 0.172013 0.024346
v -0.790304 0.135952 0.089583
v -0.801819 0.142421 0.091021
v -0.792582 0.173837 0.023608
v -0.802892 0.137931 0.088782
v -0.812931 0.146263 0.091289
v -0.803695 0.177678 0.023876
v -0.823133 0.151973 0.092553
v -0.814955 0.142102 0.089073
v -0.816273 0.137615 0.098700
v -0.826031 0.148301 0.090444
v -0.827349 0.143815 0.100073
v -0.835693 0.156292 0.092844
v -0.832036 0.159336 0.094763
v -0.837012 0.151806 0.102473
v -0.843572 0.165767 0.096181
v -0.839293 0.168064 0.097837
v -0.844890 0.161280 0.105808
v -0.849364 0.176364 0.100325
v -0.844629 0.177826 0.101655
v -0.850682 0.171877 0.109953
v -0.852845 0.187673 0.105118
v -0.854164 0.183186 0.114746
v -0.847836 0.188244 0.106071
v -0.838601 0.219659 0.038657
v -0.835393 0.209241 0.034242
v -0.830058 0.199479 0.030424
v -0.822800 0.190751 0.027351
v -0.813899 0.183390 0.025139
v -0.855203 0.194773 0.120003
v -0.849155 0.183757 0.115699
v -0.850111 0.194431 0.120542
v -0.845948 0.173339 0.111283
v -0.868237 0.181582 0.112071
v -0.869555 0.177095 0.121698
v -0.869506 0.195734 0.118491
v -0.863984 0.167769 0.106217
v -0.865303 0.163283 0.115845
v -0.856911 0.154829 0.101155
v -0.840613 0.163577 0.107465
v -0.858230 0.150342 0.110783
v -0.847289 0.143256 0.097080
v -0.833354 0.154849 0.104392
v -0.848608 0.138769 0.106708
v -0.835487 0.133497 0.094149
v -0.836805 0.129010 0.103777
v -0.821959 0.125924 0.092474
v -0.824453 0.147486 0.102181
v -0.814250 0.141776 0.100917
v -0.803137 0.137935 0.100649
v -0.807227 0.120831 0.092119
v -0.804211 0.133445 0.098410
v -0.791541 0.136111 0.101387
v -0.791624 0.131465 0.099211
v -0.791855 0.118414 0.093097
v -0.779910 0.136374 0.103104
v -0.776433 0.118764 0.095373
v -0.778996 0.131752 0.101075
v -0.768688 0.138715 0.105732
v -0.758307 0.143044 0.109172
v -0.761554 0.121867 0.098859
v -0.762874 0.117381 0.108486
v -0.747793 0.127606 0.103418
v -0.749111 0.123119 0.113045
v -0.735675 0.135759 0.108877
v -0.749168 0.149194 0.113290
v -0.736994 0.131272 0.118505
v -0.725667 0.146014 0.115027
v -0.741619 0.156929 0.117929
v -0.726986 0.141527 0.124655
v -0.718154 0.157976 0.121630
v -0.735951 0.165951 0.122908
v -0.719473 0.153489 0.131259
v -0.713424 0.171184 0.128434
v -0.714744 0.166697 0.138061
v -0.711660 0.185132 0.135176
v -0.732384 0.175913 0.128041
v -0.731053 0.186435 0.133126
v -0.732010 0.197109 0.137969
v -0.735218 0.207527 0.142385
v -0.712928 0.199284 0.141597
v -0.714248 0.194797 0.151225
v -0.717181 0.213096 0.147450
v -0.718500 0.208610 0.157079
v -0.724255 0.226037 0.152512
v -0.740553 0.217288 0.146203
v -0.725573 0.221550 0.162141
v -0.733877 0.237610 0.156587
v -0.735195 0.233123 0.166215
v -0.745678 0.247370 0.159519
v -0.747811 0.226017 0.149275
v -0.756712 0.233379 0.151487
v -0.766916 0.239090 0.152750
v -0.778029 0.242932 0.153018
v -0.759205 0.254942 0.161195
v -0.760524 0.250455 0.170822
v -0.773939 0.260034 0.161548
v -0.775257 0.255548 0.171177
v -0.789311 0.262452 0.160570
v -0.789623 0.244754 0.152280
v -0.790630 0.257965 0.170198
v -0.804732 0.262102 0.158295
v -0.806052 0.257616 0.167922
v -0.819610 0.258999 0.154810
v -0.801256 0.244492 0.150563
v -0.812478 0.242150 0.147935
v -0.802168 0.249115 0.152592
v -0.789542 0.249401 0.154456
v -0.814350 0.246573 0.149740
v -0.776955 0.247421 0.155258
v -0.822859 0.237822 0.144495
v -0.831998 0.231672 0.140378
v -0.833373 0.253260 0.150250
v -0.834692 0.248773 0.159877
v -0.845491 0.245107 0.144790
v -0.846809 0.240620 0.154418
v -0.855499 0.234852 0.138640
v -0.839547 0.223937 0.135739
v -0.856817 0.230365 0.148269
v -0.863011 0.222890 0.132037
v -0.845213 0.214915 0.130759
v -0.864330 0.218405 0.141665
v -0.867741 0.209682 0.125234
v -0.869060 0.205195 0.134862
v -0.848781 0.204953 0.125628
v -0.870824 0.191247 0.128120
v -0.858511 0.202915 0.134375
v -0.860023 0.197773 0.145411
v -0.860036 0.190857 0.128546
v -0.854421 0.214335 0.140256
v -0.855934 0.209193 0.151292
v -0.847927 0.224676 0.145965
v -0.849439 0.219533 0.157000
v -0.839275 0.233541 0.151282
v -0.840787 0.228398 0.162318
v -0.828798 0.240589 0.156002
v -0.830310 0.235447 0.167038
v -0.816900 0.245552 0.159944
v -0.818412 0.240408 0.170979
v -0.804038 0.248235 0.162957
v -0.820929 0.254512 0.164438
v -0.805550 0.243093 0.173991
v -0.790706 0.248537 0.164924
v -0.792218 0.243394 0.175959
v -0.777416 0.246447 0.165770
v -0.778928 0.241304 0.176806
v -0.764678 0.242043 0.165463
v -0.766190 0.236901 0.176499
v -0.752984 0.235498 0.164016
v -0.754496 0.230355 0.175050
v -0.742782 0.227061 0.161481
v -0.746997 0.242883 0.169147
v -0.744294 0.221917 0.172516
v -0.734462 0.217055 0.157958
v -0.735974 0.211913 0.168993
v -0.728347 0.205866 0.153581
v -0.729859 0.200724 0.164617
v -0.724670 0.193926 0.148521
v -0.726183 0.188784 0.159557
v -0.723574 0.181692 0.142970
v -0.725086 0.176548 0.154005
v -0.725100 0.169632 0.137141
v -0.712979 0.180645 0.144803
v -0.726612 0.164490 0.148177
v -0.729189 0.158213 0.131259
v -0.730701 0.153071 0.142295
v -0.735683 0.147872 0.125551
v -0.737195 0.142730 0.136586
v -0.744335 0.139007 0.120234
v -0.745848 0.133864 0.131270
v -0.754812 0.131958 0.115514
v -0.756324 0.126816 0.126550
v -0.766710 0.126997 0.111572
v -0.768222 0.121855 0.122607
v -0.779572 0.124314 0.108560
v -0.777751 0.114277 0.105002
v -0.781084 0.119171 0.119594
v -0.792904 0.124011 0.106592
v -0.793173 0.113927 0.102726
v -0.794416 0.118869 0.117627
v -0.806194 0.126102 0.105745
v -0.808546 0.116345 0.101746
v -0.807706 0.120960 0.116781
v -0.818932 0.130504 0.106052
v -0.820444 0.125362 0.117088
v -0.830626 0.137051 0.107501
v -0.823279 0.121438 0.102102
v -0.832138 0.131907 0.118536
v -0.840830 0.145488 0.110035
v -0.842341 0.140346 0.121070
v -0.849148 0.155494 0.113558
v -0.850660 0.150350 0.124593
v -0.855263 0.166681 0.117934
v -0.856775 0.161539 0.128970
v -0.858940 0.178622 0.122994
v -0.860452 0.173480 0.134030
v -0.853112 0.170297 0.144582
v -0.861548 0.185714 0.139581
v -0.854069 0.180971 0.149426
v -0.856385 0.173094 0.166330
v -0.852738 0.191492 0.154511
v -0.849171 0.201455 0.159643
v -0.855054 0.183614 0.171416
v -0.870299 0.181959 0.182044
v -0.851486 0.193578 0.176547
v -0.865889 0.194276 0.188388
v -0.845819 0.202599 0.181527
v -0.843503 0.210477 0.164623
v -0.858883 0.205428 0.194545
v -0.838271 0.210333 0.186166
v -0.835954 0.218212 0.169262
v -0.849550 0.214991 0.200279
v -0.829130 0.216483 0.190283
v -0.826815 0.224362 0.173379
v -0.838251 0.222594 0.205371
v -0.818750 0.220812 0.193723
v -0.816434 0.228690 0.176819
v -0.825418 0.227945 0.209623
v -0.807529 0.223153 0.196351
v -0.805213 0.231031 0.179447
v -0.811545 0.230838 0.212871
v -0.795897 0.223417 0.198068
v -0.793581 0.231295 0.181164
v -0.797164 0.231165 0.214994
v -0.784302 0.221593 0.198807
v -0.781986 0.229472 0.181902
v -0.782830 0.228910 0.215907
v -0.773188 0.217752 0.198539
v -0.770872 0.225629 0.181634
v -0.769093 0.224162 0.215576
v -0.762986 0.212040 0.197275
v -0.760670 0.219919 0.180370
v -0.756478 0.217101 0.214013
v -0.754083 0.204679 0.195064
v -0.751768 0.212556 0.178159
v -0.745474 0.208000 0.211280
v -0.746826 0.195951 0.191991
v -0.744509 0.203828 0.175086
v -0.736501 0.197209 0.207480
v -0.741490 0.186189 0.188173
v -0.739174 0.194067 0.171268
v -0.729906 0.185141 0.202761
v -0.738283 0.175771 0.183757
v -0.735967 0.183648 0.166853
v -0.725941 0.172263 0.197302
v -0.737326 0.165097 0.178914
v -0.735011 0.172974 0.162009
v -0.724757 0.159066 0.191314
v -0.738657 0.154576 0.173829
v -0.736341 0.162453 0.156924
v -0.726403 0.146059 0.185027
v -0.742224 0.144613 0.168697
v -0.739909 0.152490 0.151792
v -0.730813 0.133743 0.178683
v -0.747892 0.135592 0.163717
v -0.745576 0.143469 0.146812
v -0.737818 0.122590 0.172527
v -0.755439 0.127856 0.159079
v -0.753124 0.135734 0.142174
v -0.747151 0.113028 0.166792
v -0.764580 0.121706 0.154960
v -0.762265 0.129584 0.138056
v -0.758449 0.105425 0.161701
v -0.774961 0.117378 0.151520
v -0.772645 0.125255 0.134616
v -0.771282 0.100074 0.157449
v -0.786182 0.115037 0.148892
v -0.783866 0.122915 0.131988
v -0.785155 0.097179 0.154200
v -0.797814 0.114773 0.147175
v -0.795499 0.122651 0.130271
v -0.799536 0.096854 0.152078
v -0.809409 0.116597 0.146437
v -0.807093 0.124475 0.129533
v -0.813870 0.099108 0.151165
v -0.820523 0.120439 0.146705
v -0.818207 0.128316 0.129801
v -0.827609 0.103857 0.151496
v -0.830725 0.126149 0.147969
v -0.828409 0.134028 0.131064
v -0.840223 0.110917 0.153059
v -0.839628 0.133510 0.150180
v -0.837311 0.141389 0.133276
v -0.851228 0.120018 0.155791
v -0.846884 0.142240 0.153253
v -0.844569 0.150117 0.136349
v -0.860200 0.130810 0.159592
v -0.852221 0.152001 0.157071
v -0.849905 0.159879 0.140167
v -0.866796 0.142876 0.164312
v -0.855428 0.162419 0.161487
v -0.870761 0.155755 0.169770
v -0.882748 0.145582 0.187555
v -0.871943 0.168953 0.175758
v -0.884082 0.160475 0.194313
v -0.887313 0.149485 0.217897
v -0.882225 0.175153 0.201408
v -0.885456 0.164162 0.224991
v -0.877248 0.189053 0.208567
v -0.880479 0.178061 0.232152
v -0.869342 0.201640 0.215515
v -0.872573 0.190649 0.239100
v -0.858810 0.212430 0.221987
v -0.862041 0.201440 0.245572
v -0.846059 0.221010 0.227732
v -0.849290 0.210020 0.251317
v -0.831576 0.227050 0.232531
v -0.834807 0.216060 0.256114
v -0.815919 0.230316 0.236197
v -0.819150 0.219325 0.259782
v -0.799692 0.230684 0.238592
v -0.802923 0.219694 0.262177
v -0.783515 0.228139 0.239623
v -0.786745 0.217149 0.263206
v -0.768010 0.222780 0.239249
v -0.771241 0.211790 0.262834
v -0.753775 0.214812 0.237487
v -0.757006 0.203821 0.261070
v -0.741356 0.204542 0.234402
v -0.744587 0.193551 0.257985
v -0.731230 0.192363 0.230113
v -0.734461 0.181373 0.253698
v -0.723787 0.178745 0.224786
v -0.727018 0.167755 0.248371
v -0.719312 0.164211 0.218627
v -0.722542 0.153220 0.242211
v -0.717976 0.149318 0.211869
v -0.721207 0.138328 0.235454
v -0.719834 0.134640 0.204774
v -0.723065 0.123650 0.228359
v -0.724811 0.120740 0.197615
v -0.728042 0.109750 0.221200
v -0.732718 0.108152 0.190667
v -0.735949 0.097162 0.214250
v -0.743248 0.097362 0.184195
v -0.746479 0.086371 0.207779
v -0.756001 0.088782 0.178450
v -0.759231 0.077792 0.202034
v -0.770482 0.082742 0.173651
v -0.773713 0.071752 0.197236
v -0.786139 0.079476 0.169984
v -0.789370 0.068486 0.193569
v -0.802368 0.079109 0.167590
v -0.805598 0.068117 0.191175
v -0.818545 0.081653 0.166559
v -0.821776 0.070662 0.190144
v -0.834049 0.087012 0.166933
v -0.837280 0.076021 0.190517
v -0.848284 0.094980 0.168695
v -0.851515 0.083990 0.192280
v -0.860702 0.105251 0.171780
v -0.863934 0.094261 0.195365
v -0.870829 0.117429 0.176069
v -0.874060 0.106438 0.199654
v -0.878272 0.131047 0.181396
v -0.881503 0.120057 0.204979
v -0.875385 0.113660 0.227006
v -0.885979 0.134592 0.211140
v -0.879350 0.126539 0.232464
v -0.867006 0.123031 0.246009
v -0.880532 0.139735 0.238452
v -0.867963 0.133705 0.250852
v -0.878888 0.152743 0.244738
v -0.866633 0.144226 0.255938
v -0.874478 0.165058 0.251082
v -0.863065 0.154188 0.261069
v -0.867471 0.176212 0.257240
v -0.857399 0.163210 0.266050
v -0.858139 0.185774 0.262975
v -0.849850 0.170945 0.270688
v -0.846840 0.193376 0.268066
v -0.840709 0.177095 0.274807
v -0.834007 0.198728 0.272317
v -0.830330 0.181424 0.278245
v -0.820134 0.201622 0.275566
v -0.819108 0.183765 0.280873
v -0.805753 0.201949 0.277688
v -0.807475 0.184029 0.282590
v -0.791419 0.199694 0.278602
v -0.795880 0.182205 0.283328
v -0.777682 0.194946 0.278271
v -0.784768 0.178363 0.283062
v -0.765067 0.187885 0.276708
v -0.774564 0.172653 0.281798
v -0.754063 0.178784 0.273974
v -0.765663 0.165291 0.279587
v -0.745090 0.167993 0.270175
v -0.758405 0.156562 0.276513
v -0.738495 0.155925 0.265455
v -0.753070 0.146800 0.272695
v -0.734529 0.143047 0.259997
v -0.749862 0.136384 0.268279
v -0.733346 0.129850 0.254009
v -0.748905 0.125708 0.263436
v -0.734992 0.116843 0.247723
v -0.750236 0.115188 0.258351
v -0.739402 0.104527 0.241378
v -0.753803 0.105224 0.253220
v -0.746407 0.093374 0.235221
v -0.759471 0.096202 0.248239
v -0.755740 0.083812 0.229486
v -0.767019 0.088469 0.243600
v -0.767038 0.076209 0.224395
v -0.776159 0.082319 0.239482
v -0.779871 0.070857 0.220144
v -0.786540 0.077990 0.236043
v -0.793744 0.067963 0.216894
v -0.797762 0.075649 0.233414
v -0.808125 0.067636 0.214773
v -0.809393 0.075385 0.231697
v -0.822459 0.069892 0.213859
v -0.820989 0.077209 0.230959
v -0.836198 0.074640 0.214190
v -0.832101 0.081050 0.231227
v -0.848812 0.081701 0.215752
v -0.842305 0.086761 0.232491
v -0.859817 0.090802 0.218486
v -0.851206 0.094123 0.234702
v -0.868789 0.101592 0.222286
v -0.858464 0.102852 0.237775
v -0.860780 0.094974 0.254681
v -0.863799 0.112612 0.241593
v -0.866115 0.104735 0.258497
v -0.869323 0.115153 0.262913
v -0.870279 0.125827 0.267756
v -0.868948 0.136349 0.272842
v -0.865381 0.146311 0.277973
v -0.859715 0.155333 0.282955
v -0.852166 0.163068 0.287593
v -0.843026 0.169218 0.291711
v -0.832646 0.173547 0.295150
v -0.821423 0.175888 0.297778
v -0.809791 0.176151 0.299494
v -0.798196 0.174328 0.300233
v -0.787084 0.170486 0.299966
v -0.776880 0.164774 0.298702
v -0.767979 0.157413 0.296491
v -0.760721 0.148685 0.293417
v -0.755386 0.138923 0.289599
v -0.752178 0.128505 0.285185
v -0.751221 0.117831 0.280340
v -0.752551 0.107309 0.275256
v -0.756119 0.097347 0.270124
v -0.761786 0.088325 0.265143
v -0.769335 0.080590 0.260505
v -0.778475 0.074440 0.256387
v -0.788856 0.070112 0.252948
v -0.800078 0.067770 0.250318
v -0.811709 0.067508 0.248603
v -0.823305 0.069330 0.247863
v -0.834417 0.073172 0.248131
v -0.844621 0.078883 0.249395
v -0.853522 0.086245 0.251606
v -0.736274 0.219585 0.147859
v -0.730482 0.208989 0.143714
v -0.731280 0.163857 0.122573
v -0.737431 0.154064 0.117166
v -0.747752 0.178947 0.032131
v -0.720500 0.222337 0.056084
v -0.746158 0.269281 0.074445
v -0.821443 0.267574 0.063337
v -0.828992 0.259839 0.058698
v 0.860547 0.970698 0.295502
v 0.860547 0.970698 0.295436
v 0.860756 0.969247 0.295895
v 0.918729 1.006781 0.297705
v 0.794566 0.988955 0.297705
v 0.774799 0.994331 0.297705
v 0.788188 0.974522 0.304673
v 0.800862 0.987329 0.296538
v 0.800862 0.987329 0.295371
v 0.774799 0.994331 0.296538
v 0.825314 1.019978 0.296538
v 0.821981 1.025562 0.297705
v 0.825314 1.019978 0.295371
v 0.811262 1.043019 0.296538
v 0.858064 0.967381 0.295436
v 0.858064 0.967381 0.295502
v 0.858064 0.967381 0.295371
v 0.859514 0.967588 0.295633
v 0.841433 0.907694 0.296538
v 0.861381 0.964896 0.295436
v 0.861381 0.964896 0.295502
v 0.861381 0.964896 0.295371
v 0.921067 0.948267 0.296538
v 0.861173 0.966346 0.295633
v 0.808783 0.932147 0.296538
v 0.863865 0.968214 0.295436
v 0.863865 0.968214 0.295502
v 0.863865 0.968214 0.295371
v 0.880495 1.027900 0.296538
v 0.862415 0.968005 0.295633
v 0.896614 0.915616 0.296538
v 0.899947 0.910033 0.297705
v 0.896614 0.915616 0.295371
v 0.910666 0.892576 0.296538
v 0.910666 0.892576 0.297705
v 0.910666 0.892576 0.295371
v 0.932578 0.833815 0.296538
v 0.932578 0.833815 0.297705
v 0.932578 0.833815 0.295371
v 0.906917 0.830132 0.300022
v 0.915390 0.831348 0.304673
v 0.906917 0.830132 0.295371
v 0.881256 0.826447 0.302578
v 0.879768 0.836812 0.309784
v 0.883365 0.811752 0.295371
v 0.855595 0.822765 0.300022
v 0.847120 0.821548 0.304673
v 0.855595 0.822765 0.295371
v 0.829933 0.819081 0.296538
v 0.829933 0.819081 0.297705
v 0.829933 0.819081 0.295371
v 0.834431 0.881631 0.296538
v 0.834431 0.881631 0.297705
v 0.834431 0.881631 0.295371
v 0.834431 0.881631 0.294205
v 0.841433 0.907694 0.295371
v 0.841433 0.907694 0.294205
v 0.808783 0.932147 0.295371
v 0.808783 0.932147 0.294205
v 0.785742 0.918095 0.295371
v 0.785742 0.918095 0.294205
v 0.785742 0.918096 0.296538
v 0.726983 0.896184 0.295371
v 0.726983 0.896184 0.294205
v 0.726983 0.896184 0.296538
v 0.723299 0.921844 0.295371
v 0.723299 0.921844 0.290721
v 0.723299 0.921844 0.300022
v 0.704918 0.945396 0.295371
v 0.719615 0.947505 0.288165
v 0.719615 0.947505 0.302578
v 0.715931 0.973166 0.295371
v 0.715931 0.973166 0.290721
v 0.715931 0.973166 0.300022
v 0.712247 0.998828 0.295371
v 0.712247 0.998828 0.296538
v 0.712247 0.998828 0.294205
v 0.774799 0.994331 0.295371
v 0.774799 0.994331 0.294205
v 0.774799 0.994331 0.293038
v 0.800862 0.987329 0.294205
v 0.794566 0.988955 0.293038
v 0.860547 0.970698 0.295305
v 0.825314 1.019978 0.294205
v 0.821981 1.025562 0.293038
v 0.811262 1.043019 0.294205
v 0.858064 0.967381 0.295305
v 0.861381 0.964896 0.295305
v 0.858064 0.967381 0.295239
v 0.859514 0.967588 0.295109
v 0.859514 0.967588 0.294847
v 0.859514 0.967588 0.295371
v 0.860964 0.967798 0.295063
v 0.860964 0.967798 0.294753
v 0.860964 0.967798 0.295371
v 0.862415 0.968005 0.295109
v 0.862415 0.968005 0.294847
v 0.862415 0.968005 0.295371
v 0.863865 0.968214 0.295305
v 0.863865 0.968214 0.295239
v 0.880495 1.027900 0.294205
v 0.896614 0.915616 0.294205
v 0.899947 0.910033 0.293038
v 0.910666 0.892576 0.294205
v 0.921067 0.948267 0.294205
v 0.927362 0.946638 0.293038
v 0.921067 0.948267 0.295371
v 0.947130 0.941263 0.294205
v 0.947130 0.941263 0.293038
v 0.947130 0.941263 0.295371
v 1.009681 0.936767 0.294205
v 1.009681 0.936767 0.293038
v 1.009681 0.936767 0.295371
v 1.005996 0.962428 0.290721
v 1.007213 0.953954 0.286069
v 1.005996 0.962428 0.295371
v 1.002312 0.988088 0.288165
v 0.991949 0.986601 0.280958
v 1.017010 0.990199 0.295371
v 0.998630 1.013751 0.290721
v 0.997413 1.022224 0.286069
v 0.998630 1.013751 0.295371
v 0.994946 1.039411 0.294205
v 0.994946 1.039411 0.293038
v 0.994946 1.039411 0.295371
v 0.936185 1.017499 0.294205
v 0.936185 1.017499 0.293038
v 0.936185 1.017499 0.295371
v 0.913144 1.003448 0.294205
v 0.918729 1.006781 0.293038
v 0.913146 1.003448 0.295371
v 0.913146 1.003448 0.296538
v 0.880495 1.027900 0.295371
v 0.887497 1.053962 0.295371
v 0.887497 1.053962 0.294205
v 0.887497 1.053962 0.296538
v 0.891994 1.116514 0.295371
v 0.891994 1.116514 0.294205
v 0.891994 1.116514 0.296538
v 0.866334 1.112830 0.295371
v 0.866334 1.112830 0.290720
v 0.866334 1.112830 0.300022
v 0.838562 1.123843 0.295371
v 0.840673 1.109146 0.288165
v 0.840673 1.109146 0.302578
v 0.815011 1.105462 0.295371
v 0.815011 1.105462 0.290720
v 0.815011 1.105462 0.300022
v 0.789350 1.101778 0.295371
v 0.789350 1.101778 0.296538
v 0.789350 1.101778 0.294205
v 0.811262 1.043019 0.295371
v 0.789350 1.101778 0.293038
v 0.806537 1.104245 0.286069
v 0.811262 1.043019 0.293038
v 0.827659 1.061001 0.286069
v 0.834038 1.035743 0.286069
v 0.847182 1.063803 0.278267
v 0.842160 1.098783 0.280958
v 0.850863 1.038158 0.278267
v 0.866705 1.066607 0.286069
v 0.874807 1.114046 0.286069
v 0.867689 1.040573 0.286069
v 0.887497 1.053962 0.293038
v 0.891994 1.116514 0.293038
v 0.882123 1.034195 0.293038
v 0.789350 1.101778 0.297705
v 0.811262 1.043019 0.297705
v 0.806537 1.104245 0.304673
v 0.842160 1.098783 0.309784
v 0.827659 1.061001 0.304673
v 0.834038 1.035743 0.304673
v 0.847182 1.063803 0.312476
v 0.850863 1.038158 0.312476
v 0.866705 1.066607 0.304673
v 0.874807 1.114047 0.304673
v 0.867689 1.040573 0.304673
v 0.887497 1.053962 0.297705
v 0.891994 1.116514 0.297705
v 0.882123 1.034195 0.297705
v 0.862415 0.968005 0.295895
v 0.860964 0.967798 0.295990
v 0.887891 0.899852 0.304673
v 0.894270 0.874594 0.304673
v 0.871064 0.897435 0.312476
v 0.874747 0.871791 0.312476
v 0.854239 0.895020 0.304673
v 0.859514 0.967588 0.295895
v 0.855224 0.868989 0.304673
v 0.839806 0.901399 0.297705
v 0.860964 0.967798 0.295680
v 0.936185 1.017499 0.296538
v 0.936185 1.017499 0.297705
v 0.994946 1.039411 0.296538
v 0.994946 1.039411 0.297705
v 0.998630 1.013751 0.300022
v 0.997413 1.022224 0.304673
v 1.002312 0.988088 0.302578
v 0.991949 0.986601 0.309784
v 1.005996 0.962428 0.300022
v 1.007213 0.953954 0.304673
v 1.009681 0.936767 0.296538
v 1.009681 0.936767 0.297705
v 0.947130 0.941263 0.296538
v 0.947130 0.941263 0.297705
v 0.927362 0.946638 0.297705
v 0.959773 0.962056 0.304673
v 0.933741 0.961073 0.304673
v 0.956971 0.981579 0.312476
v 0.931326 0.977898 0.312476
v 0.954167 1.001102 0.304673
v 0.928910 0.994723 0.304673
v 0.860964 0.967798 0.295990
v 0.861173 0.966346 0.295895
v 0.860964 0.967798 0.295680
v 0.790603 0.957697 0.312476
v 0.764958 0.954014 0.312476
v 0.793018 0.940870 0.304673
v 0.767761 0.934491 0.304673
v 0.803200 0.928815 0.297705
v 0.785742 0.918095 0.297705
v 0.726983 0.896184 0.297705
v 0.724516 0.913371 0.304673
v 0.729978 0.948993 0.309784
v 0.714714 0.981641 0.304673
v 0.712247 0.998828 0.297705
v 0.762155 0.973537 0.304673
v 0.860964 0.967798 0.295371
v 0.860756 0.969247 0.295633
v 0.860756 0.969247 0.295371
v 0.860756 0.969247 0.295109
v 0.860547 0.970698 0.295371
v 0.860756 0.969247 0.294847
v 0.860964 0.967798 0.295063
v 0.860964 0.967798 0.294753
v 0.861173 0.966346 0.295109
v 0.861173 0.966346 0.294847
v 0.861173 0.966346 0.295371
v 0.861381 0.964896 0.295239
v 0.933741 0.961073 0.286069
v 0.793018 0.940870 0.286069
v 0.767761 0.934491 0.286069
v 0.790603 0.957697 0.278267
v 0.803200 0.928815 0.293038
v 0.785742 0.918096 0.293038
v 0.726983 0.896184 0.293038
v 0.724516 0.913371 0.286069
v 0.729978 0.948993 0.280958
v 0.714714 0.981641 0.286070
v 0.764958 0.954014 0.278267
v 0.762155 0.973537 0.286070
v 0.788188 0.974522 0.286069
v 0.712247 0.998828 0.293038
v 0.959773 0.962056 0.286069
v 0.931325 0.977898 0.278267
v 0.956971 0.981579 0.278267
v 0.928910 0.994723 0.286069
v 0.954167 1.001102 0.286069
v 0.860548 0.970698 0.295239
v 0.910666 0.892576 0.293038
v 0.932578 0.833815 0.294205
v 0.932578 0.833815 0.293038
v 0.906917 0.830132 0.290721
v 0.915390 0.831348 0.286069
v 0.881256 0.826447 0.288165
v 0.879768 0.836812 0.280958
v 0.855595 0.822765 0.290721
v 0.847120 0.821548 0.286069
v 0.829933 0.819081 0.294205
v 0.829933 0.819081 0.293038
v 0.834431 0.881631 0.293038
v 0.839806 0.901399 0.293038
v 0.855224 0.868989 0.286069
v 0.854239 0.895020 0.286069
v 0.874747 0.871791 0.278267
v 0.871064 0.897435 0.278267
v 0.894269 0.874594 0.286069
v 0.887891 0.899852 0.286069
v 0.888306 0.801594 0.341517
v 0.855824 0.798495 0.328002
v 0.920790 0.804690 0.328002
v 0.892064 0.762191 0.363963
v 0.894336 0.738368 0.386776
v 0.940346 0.766794 0.343873
v 0.843782 0.757586 0.343873
v 0.829995 0.732231 0.360004
v 0.823782 0.755679 0.295371
v 0.842369 0.797213 0.295371
v 0.803344 0.729690 0.295371
v 0.843782 0.757586 0.246870
v 0.855824 0.798495 0.262741
v 0.829995 0.732231 0.230738
v 0.892064 0.762191 0.226780
v 0.888306 0.801594 0.249225
v 0.894336 0.738368 0.203966
v 0.940346 0.766794 0.246870
v 0.920790 0.804690 0.262741
v 0.958677 0.744503 0.230738
v 0.960346 0.768703 0.295371
v 0.934245 0.805974 0.295371
v 0.985328 0.747045 0.295371
v 0.969431 0.711923 0.295371
v 0.958677 0.744503 0.360004
v 0.948367 0.709914 0.346456
v 0.942193 0.676990 0.337185
v 0.897512 0.705064 0.367617
v 0.900569 0.673020 0.354505
v 0.846657 0.700214 0.346456
v 0.858943 0.669050 0.337185
v 0.825592 0.698205 0.295371
v 0.841701 0.667406 0.295371
v 0.846657 0.700214 0.244285
v 0.858943 0.669050 0.253557
v 0.897512 0.705064 0.223126
v 0.900569 0.673020 0.236236
v 0.948367 0.709914 0.244285
v 0.942193 0.676990 0.253557
v 0.938363 0.655940 0.259368
v 0.959435 0.678634 0.295371
v 0.953209 0.657357 0.295371
v 0.953362 0.632543 0.295371
v 0.938363 0.655940 0.331373
v 0.939158 0.631188 0.329816
v 0.902523 0.652523 0.346286
v 0.904869 0.627918 0.344083
v 0.866682 0.649104 0.331373
v 0.870579 0.624648 0.329816
v 0.851838 0.647689 0.295371
v 0.856377 0.623295 0.295371
v 0.866682 0.649104 0.259368
v 0.870579 0.624648 0.260927
v 0.902523 0.652523 0.244455
v 0.904869 0.627918 0.246658
v 0.984804 -0.210281 0.270033
v 0.939158 0.631188 0.260927
v 1.002641 -0.208579 0.277455
v 1.010029 -0.207874 0.295371
v 1.002641 -0.208579 0.313288
v 0.984804 -0.210281 0.320710
v 0.966969 -0.211980 0.313288
v 0.959581 -0.212688 0.295371
v 0.966969 -0.211980 0.277455
v -0.709098 0.770745 0.579696
v -0.709098 0.770718 0.579757
v -0.709307 0.769586 0.578741
v -0.767280 0.804527 0.592567
v -0.643117 0.788287 0.585218
v -0.623350 0.793184 0.587434
v -0.636738 0.778010 0.572919
v -0.649413 0.786323 0.585609
v -0.649413 0.785842 0.586673
v -0.623350 0.792703 0.588497
v -0.673864 0.816069 0.599072
v -0.670532 0.821636 0.600310
v -0.673864 0.815588 0.600135
v -0.659813 0.837060 0.608571
v -0.706615 0.767696 0.578388
v -0.706613 0.767723 0.578329
v -0.706615 0.767669 0.578449
v -0.708065 0.767967 0.578296
v -0.689984 0.713774 0.552777
v -0.709931 0.765433 0.577365
v -0.709931 0.765460 0.577304
v -0.709931 0.765406 0.577425
v -0.769618 0.750736 0.569505
v -0.709724 0.766835 0.577784
v -0.657334 0.736050 0.562859
v -0.712416 0.768455 0.578731
v -0.712416 0.768482 0.578672
v -0.712416 0.768428 0.578792
v -0.729046 0.823286 0.602338
v -0.710965 0.768346 0.578467
v -0.745165 0.720990 0.556043
v -0.748498 0.716384 0.552678
v -0.745165 0.720509 0.557106
v -0.759216 0.700000 0.546543
v -0.759216 0.700481 0.545480
v -0.759216 0.699519 0.547607
v -0.781128 0.646466 0.522316
v -0.781128 0.646947 0.521253
v -0.781128 0.645985 0.523380
v -0.755468 0.644547 0.517624
v -0.763941 0.647573 0.513888
v -0.755468 0.642629 0.521860
v -0.729807 0.642244 0.513777
v -0.728319 0.654657 0.511484
v -0.731916 0.625883 0.514282
v -0.704146 0.637834 0.514586
v -0.695671 0.638643 0.509848
v -0.704146 0.635916 0.518824
v -0.678484 0.633042 0.516241
v -0.678484 0.633523 0.515179
v -0.678484 0.632561 0.517304
v -0.682981 0.690029 0.542031
v -0.682981 0.690510 0.540968
v -0.682981 0.689548 0.543095
v -0.682981 0.689067 0.544158
v -0.689984 0.713292 0.553840
v -0.689984 0.712811 0.554903
v -0.657334 0.735569 0.563922
v -0.657334 0.735088 0.564984
v -0.634293 0.722769 0.558128
v -0.634293 0.722286 0.559191
v -0.634293 0.723250 0.557066
v -0.575534 0.702805 0.549093
v -0.575534 0.702323 0.550157
v -0.575534 0.703286 0.548030
v -0.571850 0.726183 0.559673
v -0.571850 0.724265 0.563911
v -0.571850 0.728101 0.555437
v -0.553469 0.747640 0.569384
v -0.568166 0.746591 0.576819
v -0.568166 0.752533 0.563689
v -0.564482 0.772940 0.580834
v -0.564482 0.771023 0.585072
v -0.564482 0.774858 0.576597
v -0.560798 0.796319 0.591414
v -0.560798 0.796800 0.590350
v -0.560798 0.795838 0.592477
v -0.623350 0.792222 0.589560
v -0.623350 0.791741 0.590624
v -0.623350 0.791260 0.591686
v -0.649413 0.785360 0.587736
v -0.643117 0.786363 0.589470
v -0.709098 0.770665 0.579876
v -0.673864 0.815107 0.601197
v -0.670532 0.819712 0.604562
v -0.659813 0.836098 0.610698
v -0.706613 0.767641 0.578509
v -0.709931 0.765378 0.577484
v -0.706615 0.767614 0.578568
v -0.708065 0.767751 0.578773
v -0.708065 0.767643 0.579012
v -0.708065 0.767859 0.578534
v -0.709515 0.767921 0.578902
v -0.709515 0.767793 0.579184
v -0.709515 0.768049 0.578620
v -0.710965 0.768131 0.578945
v -0.710965 0.768022 0.579183
v -0.710965 0.768238 0.578706
v -0.712416 0.768401 0.578852
v -0.712416 0.768374 0.578912
v -0.729046 0.822324 0.604463
v -0.745165 0.720028 0.558170
v -0.748498 0.714460 0.556930
v -0.759216 0.699038 0.548670
v -0.769618 0.749773 0.571631
v -0.775913 0.747810 0.572023
v -0.769618 0.750255 0.570567
v -0.795681 0.743394 0.568743
v -0.795681 0.742913 0.569808
v -0.795680 0.743876 0.567681
v -0.858231 0.739298 0.566890
v -0.858231 0.738815 0.567953
v -0.858231 0.739777 0.565826
v -0.854547 0.761240 0.580644
v -0.855764 0.751601 0.581388
v -0.854547 0.763156 0.576406
v -0.850863 0.783563 0.593552
v -0.840500 0.779238 0.599505
v -0.865560 0.788458 0.587856
v -0.847181 0.807997 0.601804
v -0.845964 0.813798 0.609534
v -0.847179 0.809913 0.597567
v -0.843497 0.832812 0.609210
v -0.843497 0.832329 0.610273
v -0.843497 0.833292 0.608147
v -0.784736 0.812848 0.600176
v -0.784736 0.812367 0.601239
v -0.784736 0.813329 0.599112
v -0.761695 0.800046 0.594381
v -0.767280 0.802601 0.596819
v -0.761695 0.800527 0.593319
v -0.761695 0.801008 0.592256
v -0.729046 0.822805 0.603401
v -0.736048 0.846549 0.614146
v -0.736048 0.846068 0.615210
v -0.736048 0.847031 0.613083
v -0.740545 0.903537 0.639936
v -0.740545 0.903056 0.640999
v -0.740545 0.904018 0.638872
v -0.714884 0.900180 0.638417
v -0.714884 0.898262 0.642654
v -0.714884 0.902098 0.634181
v -0.687113 0.910214 0.642958
v -0.689224 0.893853 0.643464
v -0.689224 0.899795 0.630333
v -0.663562 0.893469 0.635380
v -0.663562 0.891551 0.639616
v -0.663562 0.895385 0.631142
v -0.637901 0.890112 0.633860
v -0.637901 0.890593 0.632797
v -0.637901 0.889630 0.634924
v -0.659813 0.836579 0.609633
v -0.637901 0.889149 0.635987
v -0.655088 0.888525 0.643352
v -0.659813 0.835617 0.611760
v -0.676210 0.849126 0.625522
v -0.682589 0.826115 0.615109
v -0.695733 0.848462 0.633787
v -0.690711 0.881440 0.645757
v -0.699414 0.825098 0.623214
v -0.715256 0.854232 0.627834
v -0.723358 0.897454 0.647393
v -0.716239 0.830516 0.617101
v -0.736048 0.845587 0.616272
v -0.740545 0.902575 0.642062
v -0.730674 0.827579 0.608123
v -0.637901 0.891074 0.631735
v -0.659813 0.837541 0.607508
v -0.655088 0.896194 0.626404
v -0.690711 0.893325 0.619494
v -0.676210 0.856796 0.608573
v -0.682589 0.833786 0.598161
v -0.695733 0.862567 0.602621
v -0.699414 0.839203 0.592047
v -0.715256 0.861903 0.610885
v -0.723358 0.905124 0.630444
v -0.716239 0.838186 0.600152
v -0.736048 0.847512 0.612020
v -0.740545 0.904499 0.637810
v -0.730674 0.829503 0.603870
v -0.710965 0.768455 0.578229
v -0.709515 0.768303 0.578057
v -0.736442 0.709982 0.542133
v -0.742819 0.686971 0.531718
v -0.719615 0.710998 0.534028
v -0.723298 0.687634 0.523454
v -0.702790 0.705580 0.540140
v -0.708065 0.768074 0.578057
v -0.703775 0.681864 0.529407
v -0.688357 0.708519 0.549119
v -0.709515 0.768176 0.578339
v -0.784736 0.813810 0.598049
v -0.784736 0.814291 0.596985
v -0.843497 0.833774 0.607083
v -0.843497 0.834254 0.606020
v -0.847181 0.811831 0.593329
v -0.845964 0.821469 0.592586
v -0.850863 0.789507 0.580421
v -0.840500 0.791122 0.573242
v -0.854547 0.765074 0.572169
v -0.855764 0.759271 0.564439
v -0.858231 0.740260 0.564763
v -0.858231 0.740740 0.563701
v -0.795681 0.744357 0.566618
v -0.795681 0.744838 0.565554
v -0.775913 0.749735 0.567771
v -0.808324 0.766654 0.567780
v -0.782292 0.765757 0.567374
v -0.805521 0.787657 0.568719
v -0.779875 0.784303 0.567201
v -0.802718 0.802226 0.583878
v -0.777460 0.796415 0.581248
v -0.709515 0.768303 0.578057
v -0.709724 0.766943 0.577544
v -0.709515 0.768176 0.578339
v -0.639154 0.765899 0.558872
v -0.613509 0.762545 0.557354
v -0.641569 0.747352 0.559044
v -0.616311 0.741541 0.556414
v -0.651751 0.733495 0.560421
v -0.634293 0.723731 0.556002
v -0.575534 0.703767 0.546968
v -0.573067 0.722298 0.547706
v -0.578529 0.756860 0.557736
v -0.563265 0.784496 0.575854
v -0.560798 0.797281 0.589288
v -0.610706 0.777113 0.572513
v -0.709515 0.768049 0.578620
v -0.709307 0.769479 0.578979
v -0.709307 0.769370 0.579218
v -0.709307 0.769262 0.579456
v -0.709098 0.770692 0.579817
v -0.709307 0.769154 0.579696
v -0.709515 0.767921 0.578902
v -0.709515 0.767793 0.579184
v -0.709724 0.766619 0.578261
v -0.709724 0.766512 0.578500
v -0.709724 0.766727 0.578023
v -0.709931 0.765351 0.577544
v -0.782292 0.758088 0.584322
v -0.641569 0.739682 0.575992
v -0.616311 0.733871 0.573363
v -0.639154 0.751794 0.590039
v -0.651751 0.731570 0.564673
v -0.634293 0.721806 0.560255
v -0.575534 0.701842 0.551220
v -0.573067 0.714629 0.564655
v -0.578529 0.744974 0.583998
v -0.563265 0.776825 0.592801
v -0.613509 0.748440 0.588521
v -0.610706 0.769444 0.589462
v -0.636738 0.770340 0.589867
v -0.560798 0.795357 0.593540
v -0.808324 0.758984 0.584727
v -0.779875 0.770198 0.598368
v -0.805521 0.773553 0.599887
v -0.777460 0.788744 0.598197
v -0.802718 0.794556 0.600826
v -0.709098 0.770637 0.579936
v -0.759216 0.698556 0.549732
v -0.781128 0.645503 0.524443
v -0.781128 0.645022 0.525506
v -0.755468 0.640711 0.526098
v -0.763941 0.639902 0.530837
v -0.729807 0.636302 0.526907
v -0.728319 0.642772 0.537746
v -0.704145 0.634000 0.523060
v -0.695671 0.630974 0.526796
v -0.678484 0.632079 0.518368
v -0.678484 0.631598 0.519431
v -0.682981 0.688586 0.545220
v -0.688357 0.706594 0.553371
v -0.703775 0.674194 0.546355
v -0.702790 0.697910 0.557088
v -0.723298 0.673530 0.554620
v -0.719615 0.696893 0.565193
v -0.742819 0.679300 0.548667
v -0.736442 0.702311 0.559081
v -0.736857 0.635655 0.468053
v -0.704375 0.627260 0.479089
v -0.769341 0.632904 0.481645
v -0.740615 0.609010 0.431359
v -0.742886 0.596712 0.400752
v -0.788897 0.604923 0.451560
v -0.692333 0.596534 0.447763
v -0.678546 0.580085 0.422613
v -0.672333 0.574798 0.491163
v -0.690920 0.612638 0.508288
v -0.651894 0.551121 0.480448
v -0.692333 0.556539 0.536137
v -0.704375 0.600353 0.538545
v -0.678546 0.526788 0.540380
v -0.740615 0.552450 0.556339
v -0.736857 0.597603 0.552135
v -0.742886 0.521341 0.567300
v -0.788897 0.564928 0.539935
v -0.769341 0.605998 0.541099
v -0.807227 0.537969 0.545440
v -0.808897 0.586664 0.496533
v -0.782795 0.620620 0.511901
v -0.833878 0.566932 0.487604
v -0.817982 0.534934 0.473123
v -0.807227 0.591264 0.427672
v -0.796918 0.554167 0.425753
v -0.790744 0.520349 0.420626
v -0.746063 0.558473 0.404476
v -0.749118 0.523874 0.403210
v -0.695209 0.545330 0.421754
v -0.707494 0.513115 0.417352
v -0.674143 0.522437 0.467467
v -0.690252 0.494377 0.454768
v -0.695207 0.503205 0.514837
v -0.707494 0.478635 0.493542
v -0.746063 0.498899 0.536114
v -0.749118 0.475112 0.510957
v -0.796918 0.512042 0.518836
v -0.790744 0.485869 0.496815
v -0.786914 0.469088 0.482843
v -0.807986 0.504606 0.459398
v -0.801758 0.485222 0.450626
v -0.801912 0.462616 0.440395
v -0.786914 0.498776 0.417242
v -0.787708 0.475583 0.408456
v -0.751073 0.501811 0.402246
v -0.753420 0.478486 0.394109
v -0.715233 0.492548 0.414424
v -0.719130 0.469625 0.405760
v -0.700388 0.476414 0.446639
v -0.704927 0.454189 0.436581
v -0.715233 0.462860 0.480023
v -0.719130 0.441222 0.468521
v -0.751073 0.459826 0.495019
v -0.753420 0.438318 0.482867
v -0.833354 -0.315684 0.115983
v -0.787708 0.447181 0.471217
v -0.851192 -0.311073 0.109924
v -0.858580 -0.303044 0.093891
v -0.851192 -0.296298 0.077277
v -0.833354 -0.294791 0.069814
v -0.815520 -0.299398 0.075874
v -0.808132 -0.307431 0.091906
v -0.815520 -0.314173 0.108521
vn 0.7964 0.6025 -0.0526
vn 0.8002 0.5927 -0.0915
vn 0.8010 0.5902 -0.1005
vn 0.7913 0.6090 -0.0539
vn 0.7909 0.6101 -0.0468
vn 0.7909 0.6103 -0.0457
vn -0.4453 -0.2280 -0.8659
vn -0.5671 -0.3664 -0.7377
vn -0.5754 -0.3765 -0.7261
vn -0.3541 -0.1826 -0.9172
vn -0.4066 -0.2326 -0.8835
vn -0.4086 -0.2346 -0.8820
vn 0.5578 0.6019 -0.5715
vn 0.5226 0.4728 -0.7094
vn 0.5103 0.4364 -0.7410
vn 0.7106 0.5689 -0.4140
vn 0.7254 0.5825 -0.3667
vn 0.7268 0.5838 -0.3618
vn -0.3530 -0.2332 -0.9061
vn -0.3256 -0.2063 -0.9227
vn -0.3246 -0.2054 -0.9233
vn 0.6992 0.5698 -0.4318
vn 0.6433 0.5644 -0.5172
vn 0.7074 0.5701 -0.4178
vn 0.2815 0.4057 -0.8696
vn 0.3175 0.4046 -0.8576
vn 0.2726 0.4059 -0.8723
vn 0.3137 0.3637 -0.8771
vn 0.3211 0.3629 -0.8747
vn 0.3105 0.3640 -0.8781
vn 0.6331 0.5255 -0.5684
vn 0.5724 0.5194 -0.6345
vn 0.6478 0.5264 -0.5507
vn 0.2939 0.2587 -0.9202
vn 0.2888 0.2611 -0.9211
vn 0.3060 0.2529 -0.9178
vn 0.1581 0.1940 -0.9682
vn 0.1193 0.3454 -0.9309
vn 0.1410 0.3329 -0.9324
vn 0.0835 0.3653 -0.9271
vn -0.1193 0.3454 -0.9309
vn -0.1410 0.3329 -0.9324
vn -0.1669 0.3177 -0.9334
vn -0.1581 0.1940 -0.9682
vn 0.1323 0.1957 -0.9717
vn 0.1230 0.1556 -0.9801
vn 0.1200 0.1429 -0.9824
vn -0.1323 0.1957 -0.9717
vn -0.1230 0.1556 -0.9801
vn -0.1365 0.2138 -0.9673
vn 0.1524 0.2233 -0.9628
vn 0.1900 0.2455 -0.9506
vn 0.1365 0.2138 -0.9673
vn -0.4324 -0.5913 -0.6808
vn -0.4314 -0.5868 -0.6853
vn -0.4324 -0.5833 -0.6876
vn -0.4363 -0.5939 -0.6759
vn -0.4316 -0.5965 -0.6767
vn 0.0233 0.1399 -0.9899
vn 0.0174 0.1441 -0.9894
vn 0.0381 0.1294 -0.9909
vn 0.0126 0.1139 -0.9934
vn 0.0057 0.1211 -0.9926
vn 0.0215 0.1048 -0.9943
vn -0.0123 0.0289 -0.9995
vn -0.0109 0.0276 -0.9996
vn -0.0018 0.0193 -0.9998
vn -0.2415 0.0727 -0.9677
vn -0.0236 0.0146 -0.9996
vn -0.0282 -0.0007 0.9996
vn 0.6540 0.6690 0.3531
vn 0.6653 0.6408 0.3831
vn 0.6331 0.7125 0.3027
vn 0.8717 0.2648 0.4123
vn 0.8681 0.2715 0.4156
vn 0.8756 0.2574 0.4087
vn 0.7443 -0.5179 0.4217
vn 0.7410 -0.5311 0.4109
vn 0.7640 -0.3833 0.5190
vn -0.0533 -0.1272 -0.9904
vn -0.0565 -0.1240 -0.9907
vn -0.0601 -0.1204 -0.9909
vn -0.2567 -0.9630 0.0819
vn -0.3102 -0.9433 0.1179
vn -0.3999 -0.8988 0.1793
vn 0.0533 -0.1272 -0.9904
vn 0.0565 -0.1240 -0.9907
vn 0.0485 -0.1321 -0.9901
vn 0.2567 -0.9630 0.0819
vn 0.3102 -0.9433 0.1179
vn 0.1360 -0.9907 0.0021
vn 0.2414 0.0727 -0.9677
vn 0.0236 0.0146 -0.9996
vn 0.0174 0.0129 -0.9998
vn -0.7443 -0.5179 0.4217
vn -0.7410 -0.5311 0.4109
vn -0.7024 -0.6408 0.3097
vn -0.8717 0.2647 0.4123
vn -0.8681 0.2715 0.4156
vn -0.8662 0.2750 0.4173
vn -0.0000 -0.0033 -1.0000
vn 0.0036 -0.0039 -1.0000
vn -0.0000 -0.0036 -1.0000
vn 0.0041 -0.0009 -1.0000
vn -0.0000 -0.0045 -1.0000
vn 0.0147 0.0325 -0.9994
vn 0.0144 0.0326 -0.9994
vn 0.0187 0.0318 -0.9993
vn -0.0036 -0.0039 -1.0000
vn -0.0038 -0.0015 -1.0000
vn -0.0041 -0.0009 -1.0000
vn 0.0082 0.1174 -0.9931
vn -0.0082 0.1174 -0.9931
vn -0.6540 0.6690 0.3531
vn -0.6653 0.6408 0.3831
vn -0.6836 0.5829 0.4392
vn -0.0233 0.1399 -0.9899
vn -0.0174 0.1441 -0.9894
vn -0.0044 0.1533 -0.9882
vn 0.0123 0.0289 -0.9995
vn 0.0109 0.0276 -0.9996
vn 0.0222 0.0379 -0.9990
vn -0.0126 0.1139 -0.9934
vn -0.0057 0.1211 -0.9926
vn 0.0023 0.1293 -0.9916
vn 0.4324 -0.5913 -0.6808
vn 0.4363 -0.5939 -0.6759
vn 0.4400 -0.5942 -0.6734
vn 0.4314 -0.5868 -0.6853
vn 0.4316 -0.5966 -0.6766
vn -0.1524 0.2233 -0.9628
vn -0.1900 0.2455 -0.9506
vn -0.2013 0.2521 -0.9465
vn -0.2364 0.2601 -0.9362
vn -0.3389 0.2499 -0.9070
vn -0.3774 0.2452 -0.8930
vn 0.6529 -0.2684 -0.7083
vn 0.7222 -0.2544 -0.6432
vn 0.7728 -0.2415 -0.5869
vn 0.8327 -0.0915 -0.5462
vn 0.8704 -0.0541 -0.4893
vn 0.9074 -0.0107 -0.4201
vn -0.3826 0.1068 -0.9177
vn -0.4209 0.0889 -0.9028
vn -0.4357 0.0818 -0.8964
vn -0.3491 -0.1974 -0.9160
vn -0.3162 -0.1948 -0.9285
vn -0.3564 -0.1979 -0.9131
vn 0.8691 0.2780 -0.4091
vn 0.8830 0.2674 -0.3859
vn 0.8510 0.2908 -0.4374
vn 0.8455 0.4295 -0.3172
vn 0.8500 0.4258 -0.3100
vn 0.8267 0.4440 -0.3456
vn -0.2660 -0.2860 -0.9206
vn -0.1869 -0.2633 -0.9464
vn -0.2791 -0.2896 -0.9155
vn 0.0807 -0.4500 -0.8894
vn 0.0792 -0.4505 -0.8892
vn 0.0815 -0.4496 -0.8895
vn 0.6159 0.6848 -0.3894
vn 0.5684 0.6810 -0.4617
vn 0.6673 0.6826 -0.2982
vn 0.5525 -0.6243 -0.5522
vn 0.5223 -0.6164 -0.5892
vn 0.1522 -0.4547 -0.8776
vn 0.3158 -0.8787 -0.3580
vn 0.3356 -0.8659 -0.3710
vn 0.3527 -0.8542 -0.3821
vn -0.1629 0.2554 -0.9530
vn -0.1611 0.2501 -0.9547
vn -0.1614 0.2520 -0.9542
vn -0.1647 0.2601 -0.9514
vn -0.1631 0.2565 -0.9527
vn 0.4045 -0.9134 -0.0459
vn 0.4118 -0.9101 -0.0466
vn 0.4131 -0.9093 -0.0497
vn 0.4033 -0.9141 -0.0428
vn 0.4119 -0.9103 -0.0417
vn -0.4135 0.9103 -0.0212
vn -0.4135 0.9102 0.0224
vn -0.4135 0.9102 0.0226
vn -0.4135 0.9103 -0.0186
vn -0.4135 0.9103 -0.0176
vn 0.4117 -0.9101 0.0466
vn 0.4045 -0.9134 0.0459
vn 0.4131 -0.9093 0.0497
vn 0.4119 -0.9103 0.0417
vn 0.4033 -0.9141 0.0428
vn -0.1629 0.2554 0.9530
vn -0.1611 0.2501 0.9547
vn -0.1611 0.2491 0.9550
vn -0.1647 0.2602 0.9514
vn -0.1614 0.2520 0.9542
vn 0.3356 -0.8659 0.3709
vn 0.3158 -0.8787 0.3580
vn 0.3527 -0.8542 0.3821
vn 0.5525 -0.6243 0.5522
vn 0.5223 -0.6164 0.5892
vn 0.6966 -0.6413 0.3217
vn 0.5684 0.6810 0.4617
vn 0.6159 0.6848 0.3894
vn 0.6673 0.6826 0.2981
vn 0.0792 -0.4505 0.8892
vn 0.0807 -0.4500 0.8894
vn 0.0815 -0.4496 0.8895
vn -0.1869 -0.2633 0.9464
vn -0.2660 -0.2860 0.9206
vn -0.2791 -0.2896 0.9155
vn 0.8500 0.4258 0.3100
vn 0.8455 0.4295 0.3172
vn 0.8267 0.4440 0.3456
vn 0.8830 0.2674 0.3859
vn 0.8691 0.2780 0.4091
vn 0.8510 0.2908 0.4374
vn -0.3162 -0.1948 0.9285
vn -0.3491 -0.1974 0.9161
vn -0.3564 -0.1979 0.9131
vn -0.3826 0.1068 0.9177
vn -0.4208 0.0889 0.9028
vn -0.3705 0.1124 0.9220
vn 0.8327 -0.0915 0.5462
vn 0.8704 -0.0541 0.4893
vn 0.7834 -0.1333 0.6070
vn 0.6529 -0.2684 0.7083
vn 0.7222 -0.2544 0.6432
vn 0.5921 -0.2781 0.7564
vn -0.2364 0.2601 0.9362
vn -0.3389 0.2499 0.9070
vn -0.1979 0.2631 0.9443
vn -0.1524 0.2233 0.9628
vn -0.1900 0.2455 0.9506
vn -0.1365 0.2138 0.9673
vn 0.4324 -0.5913 0.6808
vn 0.4363 -0.5939 0.6759
vn 0.4316 -0.5966 0.6766
vn 0.4314 -0.5868 0.6853
vn 0.4324 -0.5833 0.6876
vn -0.1323 0.1957 0.9717
vn -0.1230 0.1556 0.9801
vn -0.1200 0.1429 0.9824
vn -0.0233 0.1399 0.9899
vn -0.0174 0.1441 0.9894
vn -0.0381 0.1294 0.9909
vn -0.0126 0.1139 0.9934
vn -0.0057 0.1211 0.9926
vn -0.0215 0.1048 0.9943
vn 0.0123 0.0289 0.9995
vn 0.0109 0.0276 0.9996
vn 0.0018 0.0193 0.9998
vn 0.2414 0.0727 0.9677
vn 0.0236 0.0146 0.9996
vn 0.0282 -0.0007 -0.9996
vn -0.6540 0.6690 -0.3531
vn -0.6653 0.6408 -0.3831
vn -0.6331 0.7125 -0.3026
vn -0.8717 0.2647 -0.4123
vn -0.8681 0.2715 -0.4156
vn -0.8756 0.2574 -0.4087
vn -0.7443 -0.5179 -0.4217
vn -0.7410 -0.5311 -0.4109
vn -0.7640 -0.3833 -0.5190
vn 0.0533 -0.1272 0.9904
vn 0.0565 -0.1240 0.9907
vn 0.0601 -0.1204 0.9909
vn 0.2567 -0.9630 -0.0819
vn 0.3102 -0.9433 -0.1179
vn 0.3999 -0.8988 -0.1793
vn -0.0533 -0.1272 0.9904
vn -0.0565 -0.1240 0.9907
vn -0.0485 -0.1321 0.9901
vn -0.2567 -0.9630 -0.0819
vn -0.3102 -0.9433 -0.1179
vn -0.1360 -0.9907 -0.0021
vn -0.2415 0.0727 0.9677
vn -0.0236 0.0146 0.9996
vn -0.0174 0.0129 0.9998
vn 0.7443 -0.5179 -0.4217
vn 0.7410 -0.5311 -0.4109
vn 0.7024 -0.6408 -0.3097
vn 0.8717 0.2648 -0.4123
vn 0.8681 0.2715 -0.4156
vn 0.8662 0.2750 -0.4173
vn -0.0000 -0.0033 1.0000
vn -0.0036 -0.0039 1.0000
vn -0.0000 -0.0036 1.0000
vn -0.0041 -0.0009 1.0000
vn -0.0000 -0.0045 1.0000
vn -0.0147 0.0325 0.9994
vn -0.0144 0.0326 0.9994
vn -0.0187 0.0318 0.9993
vn 0.0036 -0.0039 1.0000
vn 0.0038 -0.0015 1.0000
vn 0.0041 -0.0009 1.0000
vn 0.0013 -0.0000 -1.0000
vn -0.0000 -0.0000 -1.0000
vn -0.0002 1.0000 -0.0000
vn -0.0082 0.1174 0.9931
vn 0.0082 0.1174 0.9931
vn 0.6540 0.6690 -0.3531
vn 0.6653 0.6408 -0.3831
vn 0.6836 0.5829 -0.4392
vn 0.0233 0.1399 0.9899
vn 0.0174 0.1441 0.9894
vn 0.0044 0.1533 0.9882
vn -0.0123 0.0289 0.9995
vn -0.0109 0.0276 0.9996
vn -0.0222 0.0379 0.9990
vn 0.0126 0.1139 0.9934
vn 0.0057 0.1211 0.9926
vn -0.0023 0.1293 0.9916
vn -0.4324 -0.5913 0.6808
vn -0.4363 -0.5939 0.6759
vn -0.4400 -0.5942 0.6734
vn -0.4314 -0.5868 0.6853
vn -0.4316 -0.5966 0.6766
vn 0.1524 0.2233 0.9628
vn 0.1900 0.2455 0.9506
vn 0.2013 0.2521 0.9465
vn 0.1323 0.1957 0.9717
vn 0.1230 0.1556 0.9801
vn 0.1365 0.2138 0.9673
vn 0.1581 0.1939 0.9682
vn -0.1193 0.3454 0.9309
vn -0.1410 0.3329 0.9324
vn -0.0835 0.3653 0.9271
vn -0.1581 0.1940 0.9682
vn 0.1193 0.3454 0.9309
vn 0.1410 0.3329 0.9324
vn 0.1669 0.3177 0.9334
vn 0.2939 0.2587 0.9202
vn 0.2888 0.2611 0.9211
vn 0.2781 0.2662 0.9229
vn 0.3138 0.3637 0.8771
vn 0.3211 0.3629 0.8747
vn 0.3234 0.3627 0.8740
vn 0.2815 0.4058 0.8695
vn 0.3175 0.4046 0.8576
vn 0.3237 0.4044 0.8554
vn 0.1171 0.3369 0.9342
vn 0.0901 0.3461 0.9339
vn 0.0809 0.3492 0.9336
vn 0.7254 0.5825 0.3667
vn 0.7106 0.5689 0.4140
vn 0.7268 0.5838 0.3618
vn 0.6992 0.5698 0.4318
vn 0.6433 0.5644 0.5172
vn 0.6372 0.5636 0.5258
vn -0.3541 -0.1826 0.9172
vn -0.4066 -0.2326 0.8835
vn -0.3518 -0.1804 0.9185
vn -0.3530 -0.2331 0.9061
vn -0.3256 -0.2063 0.9227
vn -0.3541 -0.2342 0.9054
vn -0.3285 -0.2695 0.9052
vn -0.3501 -0.2868 0.8917
vn -0.3509 -0.2873 0.8913
vn 0.6331 0.5255 0.5684
vn 0.5724 0.5194 0.6345
vn 0.5586 0.5176 0.6481
vn 0.5764 0.3616 0.7328
vn 0.5702 0.3636 0.7366
vn 0.5658 0.3650 0.7393
vn -0.3969 -0.1848 0.8991
vn -0.4413 -0.2066 0.8733
vn -0.4432 -0.2075 0.8721
vn 0.8573 0.4971 0.1338
vn 0.8566 0.4977 0.1359
vn 0.8563 0.4980 0.1368
vn 0.7428 0.6646 0.0801
vn 0.7375 0.6678 0.1009
vn 0.7363 0.6684 0.1054
vn -0.8643 -0.5026 -0.0199
vn -0.8644 -0.5027 -0.0007
vn -0.7404 -0.6721 -0.0117
vn 0.8573 0.4971 -0.1338
vn 0.8566 0.4977 -0.1360
vn 0.8576 0.4968 -0.1329
vn 0.7428 0.6647 -0.0801
vn 0.7375 0.6678 -0.1009
vn 0.7441 0.6639 -0.0752
vn 0.7673 0.6389 -0.0563
vn 0.7634 0.6415 -0.0757
vn 0.7680 0.6383 -0.0527
vn -0.7651 -0.6439 -0.0009
vn -0.7917 -0.6109 0.0041
vn 0.7673 0.6389 0.0563
vn 0.7634 0.6415 0.0757
vn 0.7628 0.6419 0.0785
vn 0.7909 0.6101 0.0469
vn 0.7913 0.6090 0.0539
vn 0.7909 0.6103 0.0458
vn -0.8050 -0.5932 0.0038
vn 0.8002 0.5927 0.0915
vn 0.7964 0.6025 0.0526
vn 0.8009 0.5902 0.1006
vn -0.4453 -0.2280 0.8659
vn -0.5671 -0.3664 0.7377
vn -0.4351 -0.2170 0.8739
vn -0.4203 -0.4680 0.7774
vn -0.4230 -0.5023 0.7542
vn -0.4187 -0.4514 0.7880
vn 0.6411 0.7357 0.2187
vn 0.6369 0.7409 0.2129
vn 0.6618 0.7072 0.2490
vn 0.1730 0.3526 0.9197
vn 0.2229 0.3255 0.9189
vn 0.2556 0.3070 0.9167
vn 0.5226 0.4728 0.7094
vn 0.5578 0.6019 0.5715
vn 0.5103 0.4364 0.7410
vn 0.4203 -0.4680 0.7774
vn 0.4230 -0.5023 0.7542
vn 0.4241 -0.5179 0.7429
vn -0.2229 0.3255 0.9189
vn -0.1730 0.3526 0.9197
vn -0.2556 0.3070 0.9167
vn -0.5578 0.6019 0.5715
vn -0.5226 0.4728 0.7095
vn -0.5103 0.4364 0.7411
vn 0.4453 -0.2280 0.8659
vn 0.5671 -0.3664 0.7377
vn 0.5754 -0.3765 0.7261
vn -0.7964 0.6025 0.0526
vn -0.8002 0.5927 0.0915
vn -0.8010 0.5902 0.1006
vn -0.6369 0.7409 0.2129
vn -0.6411 0.7357 0.2187
vn -0.6618 0.7072 0.2490
vn 0.6833 -0.7301 0.0117
vn 0.6831 -0.7300 -0.0197
vn 0.6831 -0.7300 -0.0196
vn 0.8048 -0.5931 -0.0226
vn 0.8049 -0.5931 0.0160
vn 0.8049 -0.5931 0.0158
vn -0.6411 0.7356 -0.2187
vn -0.6370 0.7409 -0.2129
vn -0.6618 0.7071 -0.2490
vn -0.8002 0.5927 -0.0915
vn -0.7964 0.6025 -0.0526
vn -0.8009 0.5902 -0.1006
vn 0.4203 -0.4680 -0.7774
vn 0.4231 -0.5023 -0.7542
vn 0.4187 -0.4514 -0.7880
vn 0.4453 -0.2280 -0.8659
vn 0.5671 -0.3664 -0.7377
vn 0.4351 -0.2169 -0.8739
vn -0.1730 0.3526 -0.9197
vn -0.2229 0.3255 -0.9189
vn -0.2556 0.3070 -0.9167
vn -0.5226 0.4728 -0.7094
vn -0.5578 0.6019 -0.5715
vn -0.5103 0.4364 -0.7410
vn -0.7254 0.5825 -0.3667
vn -0.7106 0.5689 -0.4140
vn -0.7268 0.5838 -0.3618
vn 0.3541 -0.1826 -0.9172
vn 0.4066 -0.2326 -0.8835
vn 0.3518 -0.1804 -0.9185
vn 0.3530 -0.2331 -0.9061
vn 0.3256 -0.2063 -0.9227
vn 0.3541 -0.2342 -0.9054
vn -0.6992 0.5698 -0.4318
vn -0.6433 0.5645 -0.5172
vn -0.6372 0.5636 -0.5258
vn 0.3285 -0.2695 -0.9052
vn 0.3502 -0.2868 -0.8917
vn 0.3509 -0.2873 -0.8912
vn -0.6331 0.5255 -0.5684
vn -0.5724 0.5194 -0.6345
vn -0.5586 0.5176 -0.6481
vn -0.3138 0.3637 -0.8771
vn -0.3211 0.3629 -0.8747
vn -0.3234 0.3627 -0.8740
vn -0.2939 0.2587 -0.9202
vn -0.2888 0.2611 -0.9211
vn -0.2781 0.2662 -0.9229
vn -0.5764 0.3616 -0.7328
vn -0.5703 0.3636 -0.7366
vn -0.5658 0.3650 -0.7393
vn -0.2709 0.2223 -0.9366
vn -0.2715 0.2215 -0.9366
vn -0.2699 0.2237 -0.9366
vn -0.5680 -0.0126 -0.8229
vn -0.5739 -0.0204 -0.8187
vn -0.5877 -0.0393 -0.8081
vn -0.2653 0.0685 -0.9617
vn -0.2591 0.0874 -0.9619
vn -0.2705 0.0525 -0.9613
vn 0.4499 0.1009 -0.8874
vn 0.4446 0.0997 -0.8902
vn 0.4442 0.0997 -0.8903
vn 0.3970 -0.1848 -0.8990
vn 0.4413 -0.2066 -0.8733
vn 0.4431 -0.2075 -0.8721
vn 0.3488 0.2497 -0.9033
vn 0.3768 0.2650 -0.8876
vn 0.3468 0.2486 -0.9044
vn -0.4996 -0.3339 -0.7993
vn -0.5065 -0.3326 -0.7955
vn -0.4883 -0.3360 -0.8054
vn -0.9766 -0.1224 -0.1767
vn -0.9774 -0.1266 -0.1693
vn -0.9779 -0.1295 -0.1641
vn -0.8101 -0.5648 -0.1573
vn -0.8118 -0.5635 -0.1532
vn -0.8089 -0.5657 -0.1601
vn 0.2417 0.3073 -0.9204
vn 0.2703 0.3354 -0.9024
vn 0.2395 0.3051 -0.9217
vn -0.6213 -0.7718 -0.1350
vn -0.6243 -0.7705 -0.1291
vn -0.6191 -0.7729 -0.1394
vn 0.0220 0.3312 -0.9433
vn 0.0447 0.4168 -0.9079
vn 0.0200 0.3236 -0.9460
vn -0.1254 -0.9877 -0.0939
vn -0.1265 -0.9877 -0.0921
vn -0.1240 -0.9876 -0.0961
vn -0.2236 0.2425 -0.9440
vn -0.2709 0.3477 -0.8976
vn -0.2213 0.2372 -0.9459
vn 0.5142 -0.8556 -0.0595
vn 0.5118 -0.8574 -0.0540
vn 0.5164 -0.8539 -0.0646
vn -0.5175 0.8557 -0.0067
vn 0.1245 0.9922 -0.0072
vn 0.5118 -0.8574 0.0540
vn 0.5142 -0.8556 0.0595
vn 0.5164 -0.8539 0.0646
vn -0.1265 -0.9877 0.0921
vn -0.1254 -0.9877 0.0939
vn -0.1240 -0.9876 0.0961
vn 0.6252 0.7805 -0.0022
vn -0.6243 -0.7705 0.1291
vn -0.6213 -0.7718 0.1350
vn -0.6191 -0.7729 0.1395
vn 0.0220 0.3312 0.9433
vn 0.0447 0.4168 0.9079
vn 0.0463 0.4229 0.9050
vn 0.2418 0.3074 0.9204
vn 0.2704 0.3354 0.9024
vn 0.2723 0.3373 0.9012
vn -0.4324 -0.4999 0.7505
vn -0.4228 -0.4995 0.7562
vn -0.4081 -0.4988 0.7646
vn -0.1539 -0.7872 0.5972
vn -0.1352 -0.7800 0.6111
vn -0.1030 -0.7665 0.6340
vn -0.1752 -0.2129 0.9612
vn -0.1707 -0.2152 0.9615
vn -0.1792 -0.2109 0.9609
vn -0.0010 -0.4159 0.9094
vn 0.0475 -0.4366 0.8984
vn -0.0263 -0.4046 0.9141
vn 0.4381 -0.8062 0.3975
vn 0.4413 -0.7921 0.4218
vn 0.4429 -0.7843 0.4345
vn -0.5065 -0.3326 0.7955
vn -0.4996 -0.3339 0.7993
vn -0.4883 -0.3360 0.8054
vn -0.2174 -0.1346 0.9668
vn -0.2168 -0.1351 0.9668
vn -0.2179 -0.1342 0.9667
vn -0.5680 -0.0126 0.8229
vn -0.5738 -0.0204 0.8187
vn -0.5527 0.0075 0.8334
vn -0.2653 0.0685 0.9617
vn -0.2591 0.0874 0.9619
vn -0.2533 0.1049 0.9617
vn 0.4498 0.1009 0.8874
vn 0.4446 0.0997 0.8902
vn 0.4502 0.1010 0.8872
vn 0.3488 0.2497 0.9033
vn 0.3768 0.2650 0.8876
vn 0.3785 0.2660 0.8866
vn -0.9766 -0.1224 0.1767
vn -0.9774 -0.1266 0.1693
vn -0.9760 -0.1193 0.1824
vn -0.8118 -0.5635 0.1532
vn -0.8101 -0.5648 0.1573
vn -0.8089 -0.5657 0.1601
vn 0.3970 -0.1848 0.8990
vn 0.4412 -0.2065 0.8733
vn 0.3948 -0.1837 0.9002
vn -0.8573 0.4971 0.1338
vn -0.8566 0.4977 0.1360
vn -0.8576 0.4968 0.1329
vn -0.7428 0.6647 0.0801
vn -0.7375 0.6678 0.1009
vn -0.7441 0.6639 0.0752
vn 0.3285 -0.2695 0.9052
vn 0.3502 -0.2868 0.8917
vn 0.3277 -0.2689 0.9057
vn -0.5764 0.3616 0.7328
vn -0.5702 0.3636 0.7366
vn -0.5811 0.3600 0.7299
vn -0.6331 0.5255 0.5684
vn -0.5724 0.5194 0.6345
vn -0.6478 0.5264 0.5507
vn -0.2939 0.2587 0.9202
vn -0.2888 0.2611 0.9211
vn -0.3060 0.2529 0.9178
vn -0.2709 0.2223 0.9366
vn -0.2715 0.2215 0.9366
vn -0.2727 0.2200 0.9366
vn -0.3138 0.3637 0.8771
vn -0.3211 0.3629 0.8747
vn -0.3106 0.3640 0.8781
vn -0.6992 0.5698 0.4318
vn -0.6433 0.5645 0.5172
vn -0.7074 0.5701 0.4178
vn -0.7106 0.5689 0.4140
vn -0.7254 0.5825 0.3667
vn -0.7268 0.5838 0.3618
vn -0.2815 0.4057 0.8696
vn -0.3175 0.4046 0.8576
vn -0.2726 0.4059 0.8723
vn -0.1171 0.3369 0.9342
vn -0.0901 0.3461 0.9339
vn -0.1320 0.3317 0.9341
vn 0.3541 -0.1826 0.9172
vn 0.4066 -0.2326 0.8835
vn 0.4086 -0.2346 0.8820
vn 0.3530 -0.2331 0.9061
vn 0.3256 -0.2063 0.9227
vn 0.3246 -0.2054 0.9233
vn -0.7913 0.6090 0.0540
vn -0.7909 0.6101 0.0468
vn -0.7909 0.6103 0.0457
vn -0.7673 0.6389 0.0563
vn -0.7634 0.6415 0.0757
vn -0.7679 0.6383 0.0527
vn 0.7648 -0.6436 -0.0287
vn 0.7649 -0.6437 0.0258
vn 0.7916 -0.6108 0.0141
vn 0.7915 -0.6108 -0.0224
vn 0.7915 -0.6108 -0.0223
vn -0.7673 0.6389 -0.0563
vn -0.7634 0.6415 -0.0757
vn -0.7628 0.6419 -0.0785
vn -0.7909 0.6101 -0.0468
vn -0.7913 0.6090 -0.0539
vn -0.7909 0.6103 -0.0457
vn 0.7404 -0.6721 0.0084
vn 0.7403 -0.6720 0.0159
vn 0.7403 -0.6720 0.0160
vn -0.7428 0.6646 -0.0801
vn -0.7375 0.6678 -0.1009
vn -0.7363 0.6684 -0.1054
vn -0.8573 0.4971 -0.1338
vn -0.8566 0.4977 -0.1359
vn -0.8564 0.4979 -0.1368
vn 0.8645 -0.5026 -0.0067
vn 0.8641 -0.5024 0.0304
vn 0.8645 -0.5027 -0.0066
vn 0.9912 0.1313 -0.0148
vn 0.9910 0.1312 0.0267
vn 0.9910 0.1313 0.0269
vn 0.8193 0.5729 0.0231
vn 0.8195 0.5730 -0.0118
vn 0.8194 0.5731 -0.0119
vn -0.2236 0.2425 0.9440
vn -0.2708 0.3477 0.8976
vn -0.2729 0.3523 0.8952
vn -0.1352 -0.7800 -0.6111
vn -0.1539 -0.7872 -0.5972
vn -0.1030 -0.7665 -0.6340
vn 0.4413 -0.7921 -0.4218
vn 0.4381 -0.8062 -0.3975
vn 0.4429 -0.7843 -0.4345
vn 0.0475 -0.4366 -0.8984
vn -0.0010 -0.4159 -0.9094
vn -0.0263 -0.4046 -0.9141
vn -0.4228 -0.4995 -0.7562
vn -0.4324 -0.4999 -0.7505
vn -0.4081 -0.4988 -0.7646
vn -0.1707 -0.2152 -0.9615
vn -0.1752 -0.2129 -0.9612
vn -0.1792 -0.2109 -0.9609
vn -0.2168 -0.1351 -0.9668
vn -0.2174 -0.1346 -0.9668
vn -0.2179 -0.1342 -0.9667
vn -0.2815 0.4058 -0.8695
vn -0.3175 0.4046 -0.8576
vn -0.3237 0.4044 -0.8554
vn -0.1171 0.3369 -0.9342
vn -0.0901 0.3461 -0.9339
vn -0.0809 0.3492 -0.9336
vn 0.2229 0.3255 -0.9189
vn 0.1730 0.3526 -0.9197
vn 0.2556 0.3070 -0.9167
vn 0.1171 0.3369 -0.9342
vn 0.0901 0.3461 -0.9339
vn 0.1320 0.3317 -0.9341
vn -0.4202 -0.4680 -0.7774
vn -0.4230 -0.5023 -0.7542
vn -0.4241 -0.5179 -0.7429
vn 0.6369 0.7410 -0.2129
vn 0.6411 0.7357 -0.2187
vn 0.6618 0.7072 -0.2490
vn -0.6833 -0.7301 0.0017
vn -0.3286 -0.2696 -0.9052
vn -0.3502 -0.2868 -0.8917
vn -0.3277 -0.2689 -0.9057
vn -0.3970 -0.1848 -0.8990
vn -0.4412 -0.2065 -0.8733
vn -0.3948 -0.1837 -0.9002
vn 0.5764 0.3616 -0.7328
vn 0.5702 0.3636 -0.7366
vn 0.5811 0.3600 -0.7299
vn 0.5680 -0.0126 -0.8229
vn 0.5738 -0.0204 -0.8187
vn 0.5527 0.0075 -0.8334
vn -0.4498 0.1009 -0.8874
vn -0.4446 0.0998 -0.8902
vn -0.4502 0.1010 -0.8872
vn -0.3488 0.2497 -0.9033
vn -0.3768 0.2650 -0.8876
vn -0.3785 0.2660 -0.8866
vn 0.5065 -0.3326 -0.7955
vn 0.4996 -0.3339 -0.7993
vn 0.4883 -0.3360 -0.8054
vn 0.2653 0.0685 -0.9617
vn 0.2591 0.0874 -0.9619
vn 0.2533 0.1049 -0.9617
vn 0.2174 -0.1346 -0.9668
vn 0.2168 -0.1351 -0.9668
vn 0.2179 -0.1342 -0.9667
vn 0.3826 0.1068 -0.9177
vn 0.4208 0.0889 -0.9028
vn 0.3705 0.1124 -0.9220
vn 0.3162 -0.1948 -0.9285
vn 0.3491 -0.1974 -0.9161
vn 0.3564 -0.1979 -0.9131
vn -0.8327 -0.0915 -0.5462
vn -0.8704 -0.0541 -0.4893
vn -0.7834 -0.1333 -0.6070
vn -0.8830 0.2674 -0.3859
vn -0.8691 0.2780 -0.4091
vn -0.8510 0.2908 -0.4374
vn -0.8500 0.4258 -0.3100
vn -0.8455 0.4295 -0.3172
vn -0.8267 0.4440 -0.3456
vn 0.1869 -0.2633 -0.9464
vn 0.2660 -0.2860 -0.9206
vn 0.2791 -0.2896 -0.9155
vn -0.0792 -0.4505 -0.8892
vn -0.0807 -0.4500 -0.8894
vn -0.0815 -0.4496 -0.8895
vn -0.5684 0.6810 -0.4617
vn -0.6159 0.6848 -0.3894
vn -0.6673 0.6826 -0.2981
vn -0.5525 -0.6243 -0.5522
vn -0.5223 -0.6164 -0.5892
vn -0.6966 -0.6412 -0.3217
vn -0.3356 -0.8659 -0.3710
vn -0.3158 -0.8787 -0.3580
vn -0.3527 -0.8542 -0.3821
vn 0.1629 0.2553 -0.9530
vn 0.1610 0.2500 -0.9548
vn 0.1610 0.2490 -0.9550
vn 0.1647 0.2602 -0.9514
vn 0.1614 0.2520 -0.9542
vn -0.4117 -0.9101 -0.0466
vn -0.4045 -0.9134 -0.0459
vn -0.4131 -0.9093 -0.0497
vn -0.4119 -0.9103 -0.0417
vn -0.4033 -0.9141 -0.0428
vn 0.4136 0.9105 0.0023
vn 0.4136 0.9105 0.0030
vn 0.4136 0.9105 0.0013
vn -0.4045 -0.9134 0.0459
vn -0.4117 -0.9101 0.0466
vn -0.4131 -0.9093 0.0497
vn -0.4033 -0.9141 0.0428
vn -0.4119 -0.9103 0.0417
vn 0.1629 0.2554 0.9530
vn 0.1611 0.2501 0.9547
vn 0.1613 0.2520 0.9542
vn 0.1647 0.2602 0.9514
vn 0.1631 0.2565 0.9527
vn -0.3158 -0.8787 0.3580
vn -0.3356 -0.8659 0.3710
vn -0.3527 -0.8542 0.3821
vn -0.5525 -0.6243 0.5522
vn -0.5223 -0.6164 0.5892
vn -0.1522 -0.4547 0.8776
vn -0.6159 0.6848 0.3894
vn -0.5684 0.6810 0.4617
vn -0.6673 0.6826 0.2981
vn -0.0807 -0.4500 0.8894
vn -0.0792 -0.4505 0.8892
vn -0.0815 -0.4496 0.8895
vn 0.2660 -0.2860 0.9206
vn 0.1869 -0.2633 0.9464
vn 0.2791 -0.2896 0.9155
vn -0.8455 0.4295 0.3172
vn -0.8500 0.4258 0.3100
vn -0.8267 0.4440 0.3456
vn -0.8691 0.2780 0.4091
vn -0.8830 0.2674 0.3858
vn -0.8510 0.2908 0.4374
vn 0.3491 -0.1974 0.9161
vn 0.3162 -0.1948 0.9285
vn 0.3564 -0.1979 0.9131
vn 0.3826 0.1068 0.9177
vn 0.4208 0.0889 0.9028
vn 0.4356 0.0818 0.8964
vn -0.8326 -0.0915 0.5462
vn -0.8704 -0.0541 0.4893
vn -0.9074 -0.0107 0.4201
vn -0.6529 -0.2684 0.7083
vn -0.7222 -0.2544 0.6432
vn -0.7728 -0.2415 0.5869
vn 0.2364 0.2601 0.9362
vn 0.3389 0.2499 0.9070
vn 0.3774 0.2452 0.8930
vn 0.2653 0.0685 0.9617
vn 0.2591 0.0874 0.9619
vn 0.2705 0.0525 0.9613
vn 0.2709 0.2223 0.9366
vn 0.2715 0.2215 0.9366
vn 0.2699 0.2237 0.9366
vn 0.5680 -0.0126 0.8229
vn 0.5739 -0.0204 0.8187
vn 0.5877 -0.0393 0.8081
vn 0.4996 -0.3339 0.7993
vn 0.5065 -0.3326 0.7955
vn 0.4883 -0.3360 0.8054
vn 0.2168 -0.1351 0.9668
vn 0.2174 -0.1346 0.9668
vn 0.2179 -0.1342 0.9667
vn -0.3488 0.2497 0.9033
vn -0.3768 0.2650 0.8876
vn -0.3468 0.2486 0.9044
vn -0.4499 0.1009 0.8874
vn -0.4446 0.0997 0.8902
vn -0.4442 0.0997 0.8903
vn 0.9766 -0.1224 0.1767
vn 0.9774 -0.1266 0.1693
vn 0.9779 -0.1295 0.1641
vn 0.8101 -0.5648 0.1573
vn 0.8118 -0.5635 0.1532
vn 0.8089 -0.5657 0.1601
vn -0.2417 0.3073 0.9204
vn -0.2703 0.3354 0.9024
vn -0.2395 0.3051 0.9217
vn 0.6213 -0.7718 0.1350
vn 0.6243 -0.7705 0.1291
vn 0.6191 -0.7729 0.1394
vn -0.0220 0.3312 0.9433
vn -0.0447 0.4168 0.9079
vn -0.0200 0.3237 0.9460
vn 0.1254 -0.9877 0.0939
vn 0.1265 -0.9877 0.0921
vn 0.1240 -0.9876 0.0961
vn 0.2236 0.2425 0.9440
vn 0.2708 0.3477 0.8976
vn 0.2213 0.2372 0.9459
vn -0.5142 -0.8556 0.0595
vn -0.5118 -0.8574 0.0540
vn -0.5164 -0.8539 0.0646
vn 0.5175 0.8557 0.0052
vn -0.1245 0.9922 0.0054
vn -0.5118 -0.8574 -0.0540
vn -0.5142 -0.8556 -0.0595
vn -0.5164 -0.8539 -0.0646
vn 0.1265 -0.9877 -0.0921
vn 0.1254 -0.9877 -0.0939
vn 0.1240 -0.9876 -0.0961
vn -0.6252 0.7805 -0.0000
vn 0.6243 -0.7705 -0.1291
vn 0.6213 -0.7718 -0.1350
vn 0.6191 -0.7729 -0.1394
vn -0.0220 0.3312 -0.9433
vn -0.0447 0.4168 -0.9079
vn -0.0463 0.4229 -0.9050
vn -0.2418 0.3074 -0.9204
vn -0.2703 0.3354 -0.9024
vn -0.2722 0.3373 -0.9012
vn 0.4324 -0.4999 -0.7505
vn 0.4228 -0.4995 -0.7562
vn 0.4081 -0.4988 -0.7646
vn 0.1539 -0.7872 -0.5972
vn 0.1352 -0.7800 -0.6111
vn 0.1030 -0.7665 -0.6340
vn 0.1752 -0.2129 -0.9612
vn 0.1707 -0.2152 -0.9615
vn 0.1792 -0.2109 -0.9609
vn 0.0010 -0.4159 -0.9094
vn -0.0475 -0.4366 -0.8984
vn 0.0263 -0.4046 -0.9141
vn -0.4381 -0.8062 -0.3975
vn -0.4413 -0.7921 -0.4218
vn -0.4428 -0.7843 -0.4345
vn 0.2236 0.2424 -0.9441
vn 0.2708 0.3477 -0.8976
vn 0.2729 0.3523 -0.8952
vn 0.8118 -0.5635 -0.1532
vn 0.8101 -0.5648 -0.1573
vn 0.8089 -0.5657 -0.1601
vn -0.8195 0.5731 -0.0042
vn -0.9913 0.1313 -0.0077
vn -0.9913 0.1313 -0.0014
vn -0.9913 0.1313 -0.0013
vn 0.9766 -0.1224 -0.1767
vn 0.9774 -0.1266 -0.1693
vn 0.9760 -0.1193 -0.1824
vn 0.1352 -0.7800 0.6111
vn 0.1539 -0.7872 0.5972
vn 0.1030 -0.7665 0.6340
vn -0.4413 -0.7921 0.4218
vn -0.4381 -0.8062 0.3975
vn -0.4429 -0.7843 0.4345
vn -0.0475 -0.4366 0.8984
vn 0.0010 -0.4159 0.9094
vn 0.0263 -0.4046 0.9141
vn 0.4228 -0.4995 0.7562
vn 0.4324 -0.4999 0.7505
vn 0.4081 -0.4988 0.7646
vn 0.1707 -0.2152 0.9615
vn 0.1752 -0.2129 0.9612
vn 0.1792 -0.2109 0.9609
vn -0.0596 -0.0897 0.9942
vn -0.0542 -0.0859 0.9948
vn -0.0308 -0.0694 0.9971
vn -0.2061 -0.1351 0.9692
vn -0.2058 -0.2895 0.9348
vn -0.2038 -0.0431 0.9781
vn -0.2534 -0.3987 0.8814
vn -0.3746 -0.6906 0.6187
vn -0.0768 -0.1468 0.9862
vn -0.0608 -0.1174 0.9912
vn 0.7325 0.6662 -0.1399
vn 0.7231 0.6810 -0.1156
vn 0.7023 0.7087 -0.0668
vn -0.1636 -0.9834 -0.0791
vn -0.1610 -0.9840 -0.0767
vn -0.3027 -0.9294 -0.2111
vn 0.0578 -0.0685 0.9960
vn 0.2963 -0.0819 0.9516
vn -0.2086 -0.0490 0.9768
vn 0.3394 0.2536 0.9058
vn 0.4903 0.0921 0.8667
vn 0.6291 -0.0929 0.7718
vn -0.1967 -0.9251 0.3249
vn -0.2537 -0.8931 0.3716
vn -0.3397 -0.8314 0.4398
vn -0.0569 -0.7161 0.6957
vn -0.0279 -0.7776 0.6281
vn 0.1666 0.2650 0.9498
vn 0.1650 0.2613 0.9510
vn 0.1670 0.2669 0.9491
vn 0.1670 0.2679 0.9489
vn -0.4036 -0.9142 0.0381
vn -0.4120 -0.9104 0.0371
vn -0.4038 -0.9142 0.0336
vn -0.4108 -0.9111 0.0343
vn 0.4136 0.9105 0.0010
vn 0.4136 0.9105 -0.0000
vn -0.4120 -0.9104 -0.0371
vn -0.4036 -0.9142 -0.0381
vn -0.4109 -0.9111 -0.0343
vn -0.4038 -0.9142 -0.0336
vn 0.1666 0.2650 -0.9498
vn 0.1631 0.2565 -0.9527
vn 0.1670 0.2669 -0.9491
vn 0.1650 0.2613 -0.9510
vn -0.0279 -0.7776 -0.6281
vn -0.0569 -0.7161 -0.6957
vn -0.1522 -0.4547 -0.8776
vn -0.2537 -0.8931 -0.3716
vn -0.1967 -0.9251 -0.3249
vn -0.3397 -0.8314 -0.4398
vn 0.3394 0.2536 -0.9058
vn 0.4903 0.0921 -0.8667
vn 0.2228 0.3598 -0.9060
vn 0.2963 -0.0819 -0.9516
vn 0.0578 -0.0685 -0.9960
vn -0.2086 -0.0490 -0.9768
vn 0.7325 0.6662 0.1399
vn 0.7231 0.6810 0.1156
vn 0.7484 0.6370 0.1850
vn -0.1636 -0.9834 0.0791
vn -0.1610 -0.9840 0.0767
vn -0.0308 -0.9986 -0.0441
vn -0.2061 -0.1351 -0.9692
vn -0.2058 -0.2895 -0.9348
vn -0.2010 -0.4257 -0.8823
vn -0.2534 -0.3987 -0.8814
vn -0.7325 0.6662 0.1399
vn -0.7231 0.6810 0.1156
vn -0.7023 0.7087 0.0668
vn -0.0768 -0.1468 -0.9862
vn -0.3746 -0.6906 -0.6187
vn -0.0608 -0.1174 -0.9912
vn 0.2534 -0.3987 -0.8814
vn 0.3746 -0.6906 -0.6187
vn 0.0768 -0.1468 -0.9862
vn 0.0608 -0.1174 -0.9912
vn 0.1636 -0.9834 0.0791
vn 0.1610 -0.9840 0.0767
vn 0.3028 -0.9294 0.2111
vn 0.2061 -0.1351 -0.9692
vn 0.2058 -0.2895 -0.9348
vn 0.2038 -0.0431 -0.9781
vn -0.0578 -0.0685 -0.9960
vn -0.2963 -0.0819 -0.9516
vn 0.2086 -0.0490 -0.9768
vn -0.3394 0.2536 -0.9058
vn -0.4903 0.0921 -0.8667
vn -0.6291 -0.0929 -0.7718
vn 0.1967 -0.9251 -0.3249
vn 0.2537 -0.8931 -0.3716
vn 0.3397 -0.8314 -0.4398
vn 0.0569 -0.7161 -0.6957
vn 0.0279 -0.7776 -0.6281
vn -0.1666 0.2650 -0.9498
vn -0.1650 0.2613 -0.9511
vn -0.1670 0.2669 -0.9491
vn -0.1670 0.2679 -0.9489
vn 0.4036 -0.9142 -0.0381
vn 0.4120 -0.9104 -0.0371
vn 0.4038 -0.9142 -0.0336
vn 0.4109 -0.9111 -0.0343
vn -0.4136 0.9105 0.0039
vn -0.4136 0.9105 -0.0006
vn 0.4120 -0.9104 0.0371
vn 0.4036 -0.9142 0.0381
vn 0.4109 -0.9111 0.0343
vn 0.4038 -0.9142 0.0336
vn -0.1666 0.2650 0.9498
vn -0.1631 0.2565 0.9527
vn -0.1670 0.2669 0.9491
vn -0.1650 0.2613 0.9511
vn 0.0279 -0.7776 0.6281
vn 0.0569 -0.7161 0.6957
vn 0.1522 -0.4547 0.8776
vn 0.2537 -0.8931 0.3716
vn 0.1967 -0.9251 0.3249
vn 0.3397 -0.8314 0.4398
vn -0.3394 0.2536 0.9058
vn -0.4903 0.0921 0.8667
vn -0.2228 0.3598 0.9060
vn -0.2963 -0.0819 0.9516
vn -0.0578 -0.0685 0.9960
vn 0.2086 -0.0490 0.9768
vn -0.7325 0.6662 -0.1399
vn -0.7231 0.6810 -0.1156
vn -0.7484 0.6370 -0.1850
vn 0.1636 -0.9834 -0.0791
vn 0.1610 -0.9840 -0.0767
vn 0.0308 -0.9986 0.0441
vn 0.2061 -0.1351 0.9692
vn 0.2058 -0.2895 0.9348
vn 0.2010 -0.4257 0.8823
vn 0.2534 -0.3987 0.8814
vn 0.0768 -0.1468 0.9862
vn 0.3746 -0.6906 0.6187
vn 0.0608 -0.1174 0.9912
vn 0.0542 -0.0859 0.9948
vn 0.0596 -0.0897 0.9942
vn 0.0308 -0.0694 0.9971
vn 0.0731 -0.1187 0.9902
vn -0.0731 -0.1187 0.9902
vn 0.0731 -0.1187 -0.9902
vn -0.0731 -0.1187 -0.9902
vn 0.0596 -0.0897 -0.9942
vn 0.0542 -0.0859 -0.9948
vn 0.0308 -0.0694 -0.9971
vn -0.0542 -0.0859 -0.9948
vn -0.0596 -0.0897 -0.9942
vn -0.0308 -0.0694 -0.9971
vn -0.6529 -0.2684 -0.7083
vn -0.7222 -0.2544 -0.6432
vn -0.5921 -0.2781 -0.7564
vn 0.2364 0.2601 -0.9362
vn 0.3389 0.2499 -0.9071
vn 0.1979 0.2631 -0.9443
vn 0.2709 0.2223 -0.9366
vn 0.2715 0.2215 -0.9366
vn 0.2727 0.2200 -0.9366
vn 0.0144 0.0326 0.9994
vn 0.0147 0.0325 0.9994
vn 0.0187 0.0318 0.9993
vn -0.0144 0.0326 -0.9994
vn -0.0147 0.0325 -0.9994
vn -0.0187 0.0318 -0.9993
vn 0.0124 -0.3312 0.9435
vn 0.7142 -0.5736 0.4012
vn 0.0073 0.5792 0.8151
vn 0.5714 -0.4706 -0.6723
vn -0.2944 0.9413 -0.1654
vn 0.8206 0.3377 0.4610
vn -0.2770 -0.4706 0.8377
vn -0.2769 -0.4706 0.8378
vn 0.8123 -0.3312 -0.4802
vn 0.7000 0.5792 -0.4178
vn 0.6999 0.5792 -0.4179
vn -0.0073 -0.5792 -0.8151
vn -0.0073 -0.5793 -0.8151
vn 0.0117 0.0023 0.9999
vn -0.8718 -0.0045 -0.4898
vn 0.0040 -1.0000 0.0023
vn 0.8601 0.0022 -0.5101
vn -0.8206 -0.3377 -0.4611
vn -0.6999 -0.5793 0.4178
vn -0.7141 0.5736 -0.4013
vn -0.7142 0.5736 -0.4012
vn 0.3004 -0.4683 0.8309
vn 0.3003 -0.4683 0.8310
vn 0.2829 0.9436 -0.1722
vn -0.8122 0.3312 0.4802
vn -0.5833 -0.4752 -0.6587
vn -0.5831 -0.4753 -0.6588
vn -0.0040 1.0000 -0.0023
vn 0.8659 -0.4683 -0.1758
vn -0.8660 -0.4752 -0.1554
vn -0.0124 0.3312 -0.9435
vn 0.0001 0.9436 0.3312
vn -0.4917 -0.8118 0.3151
vn -0.7859 -0.5868 0.1947
vn -0.7859 -0.5868 -0.1947
vn -0.4917 -0.8118 -0.3151
vn -0.3098 -0.9508 -0.0000
vn -0.0274 -0.8119 -0.5831
vn 0.1545 -0.9509 -0.2680
vn -0.3335 -0.7453 -0.5774
vn -0.0003 -1.0000 -0.0000
vn 0.1545 -0.9509 0.2680
vn 0.5184 -0.8121 0.2680
vn 0.5184 -0.8121 -0.2680
vn 0.6665 -0.7455 -0.0000
vn 0.9075 -0.2778 -0.3151
vn 0.8645 -0.5027 -0.0000
vn 0.5614 -0.5872 -0.5831
vn 0.7453 -0.3335 -0.5774
vn 0.2241 -0.5871 -0.7779
vn 0.6571 -0.0865 -0.7488
vn 0.3199 -0.0864 -0.9435
vn 0.1272 -0.3334 -0.9342
vn 0.1810 0.2775 -0.9435
vn -0.3199 0.0864 -0.9435
vn -0.1810 -0.2775 -0.9435
vn -0.1272 0.3334 -0.9342
vn -0.6571 0.0865 -0.7488
vn -0.2241 0.5871 -0.7779
vn -0.5614 0.5872 -0.5831
vn -0.7453 0.3335 -0.5774
vn -0.7267 -0.2774 -0.6284
vn -0.9075 0.2778 -0.3151
vn -0.9771 -0.0860 -0.1947
vn -0.8728 -0.3331 -0.3568
vn -0.9075 0.2778 0.3151
vn -0.9771 -0.0860 0.1947
vn -0.8645 0.5027 -0.0000
vn -0.5184 0.8121 0.2680
vn -0.5614 0.5872 0.5831
vn -0.6665 0.7455 -0.0000
vn -0.7453 0.3335 0.5774
vn -0.2241 0.5871 0.7779
vn -0.3199 0.0864 0.9435
vn -0.6572 0.0865 0.7488
vn -0.1272 0.3334 0.9342
vn -0.1810 -0.2775 0.9435
vn 0.1810 0.2775 0.9435
vn 0.3198 -0.0864 0.9435
vn 0.1272 -0.3334 0.9342
vn -0.4325 -0.5023 0.7488
vn 0.2241 -0.5871 0.7779
vn -0.0274 -0.8119 0.5831
vn -0.3335 -0.7453 0.5773
vn 0.6572 -0.0865 0.7488
vn 0.5614 -0.5872 0.5831
vn 0.7453 -0.3335 0.5774
vn 0.7267 0.2774 0.6284
vn 0.9771 0.0860 0.1947
vn 0.9075 -0.2778 0.3151
vn 0.8728 0.3331 0.3568
vn 0.7859 0.5868 -0.1947
vn 0.7859 0.5868 0.1947
vn 0.9771 0.0860 -0.1947
vn 0.8728 0.3331 -0.3568
vn 0.4324 0.5023 -0.7488
vn 0.7267 0.2774 -0.6284
vn 0.4917 0.8118 -0.3151
vn 0.3335 0.7453 -0.5774
vn -0.1545 0.9509 -0.2680
vn 0.0274 0.8119 -0.5831
vn 0.3098 0.9508 -0.0000
vn 0.0003 1.0000 -0.0000
vn 0.0274 0.8119 0.5831
vn -0.1545 0.9509 0.2680
vn 0.4917 0.8118 0.3151
vn 0.3335 0.7453 0.5773
vn 0.4325 0.5023 0.7488
vn -0.7267 -0.2774 0.6284
vn -0.5184 0.8121 -0.2680
vn -0.8728 -0.3331 0.3568
vn -0.4324 -0.5023 -0.7488
vn -0.8340 0.5517 -0.0000
vn -0.0541 -0.0817 -0.9952
vn 0.0541 0.0817 -0.9952
vn 0.0541 0.0818 -0.9952
vn -0.0541 -0.0818 -0.9952
vn -0.8340 0.5517 -0.0001
vn -0.1601 -0.2421 -0.9569
vn -0.8341 0.5516 -0.0001
vn -0.8341 0.5517 -0.0000
vn -0.2601 -0.3931 -0.8819
vn -0.8340 0.5518 0.0001
vn -0.3500 -0.5291 -0.7730
vn -0.3499 -0.5291 -0.7730
vn -0.4264 -0.6448 -0.6344
vn -0.4265 -0.6447 -0.6344
vn -0.4866 -0.7355 -0.4714
vn -0.5280 -0.7981 -0.2903
vn -0.5491 -0.8300 -0.0980
vn -0.5491 -0.8300 -0.0981
vn -0.5491 -0.8300 -0.0979
vn -0.8340 0.5518 -0.0000
vn -0.5491 -0.8300 0.0981
vn -0.5491 -0.8300 0.0980
vn -0.5491 -0.8300 0.0979
vn -0.5280 -0.7981 0.2903
vn -0.4865 -0.7356 0.4714
vn -0.4866 -0.7356 0.4714
vn -0.8341 0.5516 0.0001
vn -0.4264 -0.6448 0.6344
vn -0.8340 0.5518 -0.0001
vn -0.4265 -0.6447 0.6344
vn -0.4265 -0.6448 0.6343
vn -0.4866 -0.7355 0.4714
vn -0.3500 -0.5291 0.7731
vn -0.3500 -0.5291 0.7730
vn -0.3500 -0.5290 0.7731
vn -0.2601 -0.3932 0.8819
vn -0.8340 0.5517 0.0001
vn -0.1601 -0.2421 0.9570
vn -0.1602 -0.2421 0.9569
vn -0.1601 -0.2421 0.9569
vn -0.2602 -0.3932 0.8819
vn -0.0541 -0.0817 0.9952
vn 0.0541 0.0817 0.9952
vn 0.1602 0.2421 0.9569
vn 0.1601 0.2421 0.9569
vn 0.1601 0.2421 0.9570
vn -0.8341 0.5517 -0.0001
vn 0.2601 0.3932 0.8819
vn 0.3500 0.5291 0.7730
vn 0.3500 0.5290 0.7731
vn 0.4264 0.6447 0.6344
vn 0.4265 0.6447 0.6344
vn 0.4865 0.7356 0.4714
vn 0.4865 0.7356 0.4715
vn 0.4866 0.7356 0.4713
vn 0.4866 0.7355 0.4714
vn 0.4265 0.6448 0.6343
vn 0.5280 0.7981 0.2903
vn 0.5280 0.7981 0.2904
vn 0.5491 0.8300 0.0979
vn 0.5491 0.8300 0.0980
vn 0.5491 0.8300 0.0981
vn 0.5491 0.8300 -0.0980
vn 0.5491 0.8300 -0.0981
vn -0.8341 0.5516 -0.0000
vn 0.5280 0.7981 -0.2903
vn 0.5490 0.8300 -0.0980
vn 0.4866 0.7356 -0.4713
vn 0.4865 0.7356 -0.4714
vn -0.8341 0.5517 0.0001
vn 0.4264 0.6447 -0.6344
vn 0.4265 0.6447 -0.6344
vn -0.8338 0.5520 -0.0004
vn 0.3500 0.5291 -0.7730
vn 0.2601 0.3931 -0.8819
vn 0.1602 0.2421 -0.9569
vn 0.1601 0.2421 -0.9569
vn 0.1602 0.2422 -0.9569
vn 0.2600 0.3931 -0.8820
vn 0.2600 0.3931 -0.8819
vn 0.4265 0.6447 -0.6345
vn 0.4866 0.7355 -0.4714
vn 0.8339 -0.5519 0.0002
vn 0.8341 -0.5515 -0.0004
vn 0.8341 -0.5516 -0.0003
vn 0.8341 -0.5517 -0.0000
vn 0.8341 -0.5516 -0.0001
vn 0.2601 0.3932 -0.8819
vn 0.4265 0.6447 -0.6343
vn 0.5279 0.7981 -0.2903
vn 0.8340 -0.5517 -0.0000
vn 0.8340 -0.5518 -0.0000
vn 0.8341 -0.5516 -0.0000
vn 0.8341 -0.5516 0.0001
vn 0.8341 -0.5517 0.0001
vn 0.4265 0.6447 0.6343
vn 0.0541 0.0818 0.9952
vn -0.0541 -0.0818 0.9952
vn 0.8341 -0.5516 0.0005
vn 0.8340 -0.5517 0.0001
vn 0.8340 -0.5518 0.0001
vn -0.2601 -0.3931 0.8819
vn -0.4265 -0.6447 0.6343
vn -0.5490 -0.8300 0.0980
vn -0.5490 -0.8301 0.0981
vn -0.5490 -0.8300 -0.0980
vn -0.5490 -0.8301 -0.0981
vn -0.5281 -0.7980 -0.2903
vn -0.4865 -0.7356 -0.4714
vn -0.4866 -0.7356 -0.4714
vn -0.4866 -0.7356 -0.4713
vn 0.8340 -0.5518 -0.0001
vn -0.4265 -0.6447 -0.6343
vn -0.2601 -0.3932 -0.8819
vn -0.1602 -0.2421 -0.9569
vn 0.8279 -0.5562 0.0723
vn 0.8358 -0.5443 0.0723
vn -0.1601 -0.2421 -0.9570
vn 0.8435 -0.5326 0.0696
vn 0.8435 -0.5327 0.0696
vn 0.8434 -0.5327 0.0696
vn 0.8508 -0.5216 0.0642
vn 0.8573 -0.5117 0.0563
vn 0.8573 -0.5118 0.0563
vn 0.8629 -0.5033 0.0462
vn 0.8672 -0.4967 0.0343
vn 0.8702 -0.4922 0.0211
vn 0.8702 -0.4922 0.0212
vn 0.8718 -0.4898 0.0071
vn 0.8718 -0.4898 -0.0071
vn 0.8718 -0.4899 -0.0071
vn 0.8718 -0.4899 -0.0070
vn 0.8702 -0.4922 -0.0211
vn 0.8703 -0.4922 -0.0212
vn 0.8703 -0.4921 -0.0212
vn -0.4866 -0.7356 0.4713
vn 0.8672 -0.4967 -0.0343
vn 0.8672 -0.4968 -0.0343
vn -0.4265 -0.6446 0.6345
vn 0.8629 -0.5033 -0.0462
vn 0.8573 -0.5117 -0.0563
vn -0.3500 -0.5292 0.7730
vn -0.2600 -0.3931 0.8820
vn 0.8508 -0.5216 -0.0642
vn -0.1602 -0.2422 0.9569
vn 0.8435 -0.5326 -0.0696
vn 0.8435 -0.5327 -0.0696
vn -0.0540 -0.0817 0.9952
vn 0.8358 -0.5443 -0.0724
vn 0.8357 -0.5443 -0.0724
vn 0.0540 0.0817 0.9952
vn 0.8279 -0.5562 -0.0723
vn 0.8202 -0.5679 -0.0696
vn 0.8202 -0.5679 -0.0695
vn 0.1602 0.2422 0.9569
vn 0.2601 0.3931 0.8820
vn 0.8129 -0.5789 -0.0642
vn 0.3501 0.5292 0.7729
vn 0.8063 -0.5888 -0.0563
vn 0.4265 0.6447 0.6345
vn 0.8008 -0.5972 -0.0462
vn 0.8007 -0.5972 -0.0462
vn 0.4866 0.7356 0.4714
vn 0.7964 -0.6037 -0.0342
vn 0.7964 -0.6038 -0.0342
vn 0.7963 -0.6039 -0.0342
vn 0.7934 -0.6083 -0.0211
vn 0.7935 -0.6082 -0.0210
vn 0.5279 0.7981 0.2903
vn 0.7918 -0.6107 -0.0072
vn 0.7919 -0.6107 -0.0072
vn 0.5490 0.8300 0.0981
vn 0.7918 -0.6107 0.0072
vn 0.7919 -0.6107 0.0072
vn 0.7919 -0.6106 0.0071
vn 0.5490 0.8300 -0.0981
vn 0.7934 -0.6083 0.0211
vn 0.7934 -0.6084 0.0212
vn 0.4865 0.7355 -0.4714
vn 0.7964 -0.6038 0.0343
vn 0.7964 -0.6037 0.0342
vn 0.7965 -0.6037 0.0341
vn 0.8008 -0.5972 0.0462
vn 0.8063 -0.5888 0.0563
vn 0.8063 -0.5888 0.0564
vn 0.8129 -0.5789 0.0642
vn 0.1601 0.2421 -0.9570
vn 0.8202 -0.5679 0.0696
vn 0.8202 -0.5678 0.0697
vn 0.6711 -0.1825 -0.7185
vn 0.6711 -0.1827 -0.7185
vn 0.7461 -0.0693 -0.6622
vn 0.7462 -0.0693 -0.6621
vn 0.5914 -0.3030 -0.7473
vn 0.5915 -0.3030 -0.7472
vn 0.5102 -0.4258 -0.7472
vn -0.1602 -0.2422 -0.9569
vn 0.4306 -0.5462 -0.7185
vn -0.2600 -0.3931 -0.8820
vn 0.3556 -0.6596 -0.6622
vn 0.3555 -0.6596 -0.6622
vn 0.2881 -0.7617 -0.5804
vn 0.2881 -0.7616 -0.5804
vn 0.2306 -0.8485 -0.4763
vn 0.1855 -0.9167 -0.3539
vn 0.1856 -0.9166 -0.3540
vn -0.5280 -0.7981 -0.2904
vn 0.1545 -0.9636 -0.2180
vn 0.1544 -0.9637 -0.2179
vn 0.1386 -0.9876 -0.0736
vn 0.1386 -0.9876 0.0736
vn -0.5280 -0.7981 0.2904
vn 0.1545 -0.9636 0.2180
vn 0.1544 -0.9637 0.2179
vn 0.1855 -0.9167 0.3539
vn 0.1855 -0.9167 0.3540
vn 0.2306 -0.8485 0.4763
vn 0.2881 -0.7617 0.5804
vn 0.2880 -0.7617 0.5804
vn 0.3556 -0.6596 0.6622
vn 0.4306 -0.5462 0.7185
vn 0.4306 -0.5463 0.7185
vn 0.5103 -0.4257 0.7472
vn 0.5914 -0.3031 0.7473
vn 0.6711 -0.1826 0.7185
vn 0.6711 -0.1825 0.7185
vn 0.7461 -0.0692 0.6622
vn 0.7460 -0.0692 0.6623
vn 0.8137 0.0329 0.5804
vn 0.8711 0.1196 0.4763
vn 0.9162 0.1879 0.3539
vn 0.9473 0.2349 0.2179
vn 0.9631 0.2588 0.0736
vn 0.5491 0.8300 -0.0979
vn 0.9631 0.2588 -0.0736
vn 0.9631 0.2589 -0.0736
vn 0.9473 0.2349 -0.2179
vn 0.9162 0.1879 -0.3540
vn 0.9162 0.1878 -0.3540
vn 0.8711 0.1196 -0.4763
vn 0.8711 0.1197 -0.4763
vn 0.8137 0.0329 -0.5804
vn 0.8137 0.0328 -0.5804
vn 0.8340 -0.5517 -0.0001
vn -0.3499 -0.5291 0.7730
vn 0.8340 -0.5518 -0.0002
vn 0.8340 -0.5518 -0.0003
vn 0.5490 0.8300 0.0980
vn 0.8341 -0.5517 -0.0001
vn -0.2600 -0.3931 -0.8819
vn -0.4368 0.0089 -0.8995
vn -0.0672 -0.9975 0.0228
vn 0.1091 -0.9920 -0.0628
vn -0.4368 0.0090 -0.8995
vn -0.4368 0.0087 -0.8995
vn -0.2410 -0.9646 0.1075
vn -0.4369 0.0088 -0.8995
vn -0.4054 -0.8946 0.1880
vn -0.5542 -0.7903 0.2613
vn -0.5543 -0.7903 0.2613
vn -0.6819 -0.6555 0.3246
vn -0.4369 0.0089 -0.8995
vn -0.6818 -0.6556 0.3246
vn -0.7832 -0.4956 0.3754
vn -0.7832 -0.4956 0.3755
vn -0.4367 0.0090 -0.8996
vn -0.8545 -0.3167 0.4118
vn -0.8929 -0.1255 0.4324
vn -0.8970 0.0704 0.4363
vn -0.8667 0.2636 0.4235
vn -0.8667 0.2637 0.4235
vn -0.8667 0.2637 0.4234
vn -0.8031 0.4467 0.3944
vn -0.7085 0.6127 0.3501
vn -0.7085 0.6127 0.3502
vn -0.7086 0.6127 0.3502
vn -0.7086 0.6126 0.3502
vn -0.8030 0.4468 0.3944
vn -0.5867 0.7551 0.2924
vn -0.4368 0.0088 -0.8995
vn -0.4424 0.8685 0.2235
vn -0.4425 0.8685 0.2235
vn -0.4369 0.0090 -0.8995
vn -0.2812 0.9485 0.1459
vn -0.1091 0.9921 0.0628
vn -0.1091 0.9920 0.0628
vn 0.0672 0.9975 -0.0228
vn -0.4368 0.0091 -0.8995
vn 0.2409 0.9646 -0.1075
vn 0.2410 0.9646 -0.1075
vn 0.4054 0.8946 -0.1880
vn 0.5542 0.7903 -0.2613
vn 0.5543 0.7902 -0.2614
vn 0.6818 0.6555 -0.3247
vn 0.6818 0.6555 -0.3246
vn 0.7832 0.4956 -0.3754
vn -0.4370 0.0088 -0.8994
vn -0.4369 0.0088 -0.8994
vn 0.6818 0.6556 -0.3246
vn 0.6819 0.6555 -0.3247
vn 0.8545 0.3167 -0.4118
vn 0.8929 0.1255 -0.4324
vn 0.8970 -0.0704 -0.4363
vn -0.4367 0.0089 -0.8996
vn -0.4366 0.0089 -0.8996
vn 0.8667 -0.2637 -0.4235
vn 0.8667 -0.2636 -0.4235
vn 0.8030 -0.4468 -0.3944
vn 0.7085 -0.6127 -0.3502
vn 0.7085 -0.6127 -0.3501
vn 0.5868 -0.7551 -0.2925
vn 0.4425 -0.8685 -0.2235
vn 0.4424 -0.8685 -0.2235
vn 0.4425 -0.8685 -0.2236
vn 0.2812 -0.9485 -0.1459
vn 0.2811 -0.9485 -0.1459
vn 0.5868 -0.7551 -0.2924
vn 0.4368 -0.0091 0.8995
vn 0.4368 -0.0090 0.8995
vn 0.4369 -0.0090 0.8995
vn 0.4368 -0.0089 0.8995
vn 0.4368 -0.0088 0.8995
vn 0.2812 -0.9485 -0.1460
vn 0.4425 -0.8685 -0.2234
vn 0.4367 -0.0089 0.8995
vn 0.4365 -0.0086 0.8996
vn 0.4369 -0.0089 0.8995
vn 0.4367 -0.0090 0.8995
vn 0.4369 -0.0087 0.8995
vn 0.7832 0.4956 -0.3755
vn 0.6819 0.6555 -0.3246
vn 0.5543 0.7903 -0.2612
vn 0.5543 0.7903 -0.2613
vn 0.5543 0.7902 -0.2612
vn 0.4054 0.8946 -0.1879
vn 0.2409 0.9646 -0.1074
vn 0.0673 0.9975 -0.0227
vn 0.0673 0.9975 -0.0228
vn -0.1090 0.9921 0.0628
vn -0.1090 0.9920 0.0628
vn -0.1091 0.9920 0.0629
vn -0.2812 0.9485 0.1460
vn -0.4424 0.8685 0.2236
vn -0.5868 0.7551 0.2924
vn -0.8031 0.4468 0.3943
vn -0.8030 0.4467 0.3944
vn 0.4369 -0.0090 0.8994
vn 0.4370 -0.0090 0.8994
vn -0.8667 0.2638 0.4234
vn -0.8544 -0.3167 0.4118
vn -0.7832 -0.4957 0.3754
vn 0.4367 -0.0090 0.8996
vn -0.8545 -0.3166 0.4118
vn -0.8545 -0.3166 0.4119
vn -0.7831 -0.4957 0.3754
vn 0.4369 -0.0088 0.8995
vn -0.8929 -0.1256 0.4324
vn -0.6818 -0.6555 0.3246
vn -0.6818 -0.6555 0.3247
vn -0.5543 -0.7902 0.2614
vn -0.2409 -0.9646 0.1075
vn 0.1090 -0.9921 -0.0628
vn 0.4277 0.0633 0.9017
vn 0.4406 0.0637 0.8955
vn 0.4406 0.0636 0.8955
vn 0.4532 0.0613 0.8893
vn -0.4054 -0.8946 0.1881
vn 0.4652 0.0562 0.8834
vn 0.4652 0.0561 0.8834
vn 0.4651 0.0561 0.8835
vn -0.5542 -0.7903 0.2614
vn 0.4760 0.0486 0.8781
vn 0.4853 0.0388 0.8735
vn 0.4926 0.0272 0.8698
vn 0.4927 0.0272 0.8698
vn 0.4978 0.0141 0.8672
vn 0.5006 0.0002 0.8657
vn 0.5006 0.0003 0.8657
vn 0.5010 -0.0140 0.8653
vn 0.4988 -0.0281 0.8663
vn 0.4942 -0.0414 0.8684
vn 0.4941 -0.0414 0.8684
vn -0.7086 0.6127 0.3501
vn 0.4872 -0.0535 0.8716
vn 0.4784 -0.0639 0.8758
vn 0.4784 -0.0638 0.8758
vn 0.4679 -0.0721 0.8808
vn 0.4679 -0.0721 0.8809
vn -0.2811 0.9485 0.1460
vn 0.4499 -0.0795 0.8895
vn 0.4561 -0.0779 0.8865
vn 0.4437 -0.0811 0.8925
vn 0.4499 -0.0794 0.8896
vn 0.0673 0.9975 -0.0229
vn 0.4307 -0.0815 0.8988
vn 0.4245 -0.0803 0.9019
vn 0.4182 -0.0791 0.9049
vn 0.4053 0.8946 -0.1880
vn 0.4062 -0.0740 0.9108
vn 0.3953 -0.0664 0.9161
vn 0.3824 -0.0508 0.9226
vn 0.3860 -0.0565 0.9207
vn 0.3787 -0.0450 0.9244
vn 0.3824 -0.0507 0.9226
vn 0.3735 -0.0319 0.9271
vn 0.3707 -0.0180 0.9286
vn 0.3707 -0.0181 0.9286
vn 0.3704 -0.0038 0.9289
vn 0.8971 -0.0704 -0.4363
vn 0.8667 -0.2637 -0.4234
vn 0.3726 0.0103 0.9279
vn 0.8970 -0.0705 -0.4363
vn 0.3772 0.0236 0.9258
vn 0.3773 0.0236 0.9258
vn 0.3842 0.0357 0.9226
vn 0.3930 0.0460 0.9184
vn 0.5867 -0.7551 -0.2925
vn 0.4035 0.0543 0.9134
vn 0.2811 -0.9485 -0.1460
vn 0.4152 0.0601 0.9077
vn 0.4152 0.0602 0.9077
vn 0.4996 -0.7181 0.4845
vn 0.4997 -0.7181 0.4845
vn 0.6207 -0.6580 0.4263
vn 0.3704 -0.7507 0.5470
vn 0.3704 -0.7508 0.5469
vn 0.2380 -0.7548 0.6112
vn 0.2380 -0.7547 0.6113
vn -0.2600 -0.6402 -0.7229
vn -0.3750 -0.6437 -0.6671
vn -0.3751 -0.6437 -0.6670
vn -0.2409 -0.9646 0.1074
vn -0.4882 -0.6222 -0.6119
vn -0.5955 -0.5766 -0.5593
vn -0.5955 -0.5767 -0.5593
vn -0.5543 -0.7902 0.2613
vn -0.6926 -0.5086 -0.5115
vn -0.6927 -0.5086 -0.5115
vn -0.7758 -0.4207 -0.4702
vn -0.8419 -0.3164 -0.4371
vn -0.8419 -0.3165 -0.4371
vn -0.8884 -0.1997 -0.4134
vn -0.8884 -0.1997 -0.4133
vn -0.8929 -0.1255 0.4323
vn -0.9134 -0.0751 -0.4000
vn -0.9134 -0.0752 -0.4000
vn -0.8971 0.0704 0.4363
vn -0.9161 0.0527 -0.3974
vn -0.8963 0.1787 -0.4058
vn -0.8548 0.2981 -0.4247
vn -0.8548 0.2981 -0.4248
vn -0.8548 0.2980 -0.4248
vn -0.7931 0.4064 -0.4536
vn -0.7932 0.4064 -0.4536
vn -0.7931 0.4064 -0.4537
vn -0.7138 0.4991 -0.4912
vn -0.6197 0.5731 -0.5362
vn -0.5145 0.6253 -0.5868
vn -0.5146 0.6253 -0.5867
vn -0.4023 0.6537 -0.6410
vn -0.2873 0.6572 -0.6968
vn -0.1740 0.6358 -0.7520
vn -0.0668 0.5902 -0.8045
vn 0.0303 0.5221 -0.8524
vn 0.0303 0.5220 -0.8524
vn 0.1134 0.4343 -0.8936
vn 0.1795 0.3300 -0.9268
vn 0.1796 0.3300 -0.9268
vn 0.1796 0.3299 -0.9268
vn 0.8545 0.3166 -0.4118
vn 0.2260 0.2132 -0.9505
vn 0.2260 0.2133 -0.9505
vn 0.8929 0.1256 -0.4324
vn 0.2511 0.0886 -0.9639
vn 0.2538 -0.0392 -0.9665
vn 0.2340 -0.1651 -0.9581
vn 0.2340 -0.1652 -0.9581
vn 0.1925 -0.2846 -0.9391
vn 0.1924 -0.2846 -0.9391
vn 0.1309 -0.3928 -0.9103
vn 0.0514 -0.4857 -0.8726
vn -0.0426 -0.5596 -0.8276
vn -0.0426 -0.5596 -0.8277
vn -0.1478 -0.6118 -0.7771
vn 0.0830 -0.8658 -0.4935
vn 0.0830 -0.8657 -0.4936
vn 0.2308 -0.7924 -0.5646
vn -0.0747 -0.9057 -0.4173
vn 0.1090 -0.9920 -0.0628
vn -0.2363 -0.9107 -0.3389
vn -0.0672 -0.9975 0.0227
vn -0.3955 -0.8805 -0.2613
vn -0.5463 -0.8164 -0.1875
vn -0.6827 -0.7207 -0.1202
vn -0.6827 -0.7207 -0.1203
vn -0.7996 -0.5973 -0.0622
vn -0.8926 -0.4507 -0.0157
vn -0.8926 -0.4506 -0.0157
vn -0.9579 -0.2867 0.0176
vn -0.9931 -0.1115 0.0365
vn -0.9969 0.0681 0.0401
vn -0.9691 0.2452 0.0284
vn -0.9690 0.2452 0.0284
vn -0.9107 0.4130 0.0017
vn -0.8240 0.5652 -0.0389
vn -0.5868 0.7551 0.2925
vn -0.7125 0.6956 -0.0918
vn -0.7125 0.6956 -0.0917
vn -0.5803 0.7996 -0.1549
vn -0.5803 0.7995 -0.1549
vn -0.5803 0.7995 -0.1550
vn -0.4324 0.8729 -0.2260
vn -0.4324 0.8729 -0.2261
vn -0.2747 0.9128 -0.3022
vn -0.1131 0.9178 -0.3806
vn 0.0461 0.8876 -0.4582
vn 0.0461 0.8876 -0.4583
vn 0.1968 0.8235 -0.5321
vn 0.5543 0.7902 -0.2613
vn 0.3333 0.7278 -0.5993
vn 0.4502 0.6044 -0.6573
vn 0.5431 0.4578 -0.7039
vn 0.6084 0.2938 -0.7372
vn 0.6085 0.2938 -0.7372
vn 0.6437 0.1186 -0.7561
vn 0.8970 -0.0704 -0.4364
vn 0.6474 -0.0610 -0.7597
vn 0.6196 -0.2380 -0.7479
vn 0.6197 -0.2380 -0.7479
vn 0.8030 -0.4467 -0.3944
vn 0.5613 -0.4059 -0.7213
vn 0.5613 -0.4059 -0.7212
vn 0.5613 -0.4060 -0.7212
vn 0.7084 -0.6128 -0.3502
vn 0.4746 -0.5580 -0.6807
vn 0.3631 -0.6885 -0.6278
vn 0.4424 -0.8685 -0.2234
vn 0.5802 -0.7996 0.1550
vn 0.5802 -0.7996 0.1549
vn 0.7125 -0.6956 0.0917
vn 0.4325 -0.8729 0.2260
vn 0.5146 -0.6253 0.5867
vn 0.6197 -0.5731 0.5362
vn 0.6197 -0.5731 0.5363
vn 0.4023 -0.6537 0.6410
vn 0.2747 -0.9128 0.3022
vn 0.1131 -0.9178 0.3806
vn 0.2873 -0.6572 0.6968
vn 0.1740 -0.6357 0.7520
vn 0.1741 -0.6357 0.7520
vn -0.0461 -0.8876 0.4583
vn 0.0669 -0.5901 0.8045
vn 0.0668 -0.5902 0.8045
vn -0.1968 -0.8235 0.5321
vn -0.0302 -0.5221 0.8523
vn -0.3333 -0.7279 0.5993
vn -0.1135 -0.4342 0.8936
vn -0.4502 -0.6044 0.6573
vn -0.1796 -0.3299 0.9268
vn -0.1796 -0.3300 0.9268
vn -0.1796 -0.3300 0.9267
vn -0.5431 -0.4578 0.7039
vn -0.5431 -0.4579 0.7039
vn -0.2260 -0.2132 0.9505
vn -0.6084 -0.2938 0.7372
vn -0.2511 -0.0887 0.9639
vn -0.6437 -0.1186 0.7561
vn -0.2537 0.0392 0.9665
vn -0.6474 0.0609 0.7597
vn -0.2339 0.1652 0.9581
vn -0.6196 0.2381 0.7479
vn -0.1925 0.2846 0.9391
vn -0.1925 0.2845 0.9391
vn -0.5613 0.4059 0.7212
vn -0.5613 0.4060 0.7212
vn -0.1309 0.3928 0.9103
vn -0.4747 0.5580 0.6807
vn -0.0514 0.4857 0.8726
vn -0.0514 0.4856 0.8726
vn -0.3631 0.6885 0.6278
vn 0.0427 0.5596 0.8277
vn -0.2308 0.7924 0.5646
vn 0.1478 0.6117 0.7771
vn -0.0830 0.8658 0.4935
vn -0.0830 0.8657 0.4935
vn 0.2600 0.6401 0.7229
vn 0.2601 0.6401 0.7229
vn 0.0748 0.9057 0.4173
vn 0.3750 0.6437 0.6671
vn 0.2363 0.9107 0.3389
vn 0.4883 0.6223 0.6118
vn 0.3956 0.8805 0.2613
vn 0.3955 0.8805 0.2613
vn 0.5955 0.5766 0.5593
vn 0.5955 0.5767 0.5593
vn 0.5463 0.8164 0.1875
vn 0.5463 0.8163 0.1875
vn 0.6926 0.5086 0.5115
vn 0.6827 0.7207 0.1202
vn 0.7758 0.4207 0.4702
vn 0.7996 0.5972 0.0623
vn 0.7996 0.5973 0.0622
vn 0.8419 0.3164 0.4372
vn 0.8419 0.3164 0.4371
vn 0.8419 0.3165 0.4371
vn 0.8925 0.4507 0.0157
vn 0.8884 0.1997 0.4134
vn 0.9579 0.2866 -0.0177
vn 0.9134 0.0751 0.4000
vn 0.9931 0.1115 -0.0365
vn 0.9931 0.1116 -0.0365
vn 0.9161 -0.0527 0.3974
vn 0.9969 -0.0681 -0.0401
vn 0.8964 -0.1787 0.4057
vn 0.9691 -0.2452 -0.0283
vn 0.8548 -0.2981 0.4247
vn 0.8549 -0.2981 0.4247
vn 0.9107 -0.4130 -0.0017
vn 0.9107 -0.4131 -0.0017
vn 0.9107 -0.4131 -0.0016
vn 0.7932 -0.4063 0.4536
vn 0.8241 -0.5651 0.0388
vn 0.7138 -0.4991 0.4913
vn 0.5867 -0.7551 -0.2924
vn 0.2813 -0.9485 -0.1460
vn -0.2410 -0.9646 0.1074
vn -0.4054 -0.8946 0.1879
vn -0.4053 -0.8947 0.1879
vn -0.5867 0.7552 0.2924
vn -0.5867 0.7551 0.2925
vn 0.7291 -0.5728 0.3745
vn 0.8205 -0.4659 0.3312
vn 0.8914 -0.3414 0.2980
vn 0.9393 -0.2039 0.2761
vn 0.9393 -0.2038 0.2760
vn 0.9621 -0.0588 0.2665
vn 0.9621 -0.0588 0.2664
vn 0.9589 0.0884 0.2695
vn 0.9301 0.2319 0.2849
vn 0.8766 0.3662 0.3122
vn 0.8004 0.4863 0.3504
vn 0.7047 0.5874 0.3979
vn 0.7047 0.5874 0.3980
vn 0.5929 0.6658 0.4530
vn 0.5929 0.6658 0.4531
vn 0.4694 0.7183 0.5135
vn 0.3390 0.7430 0.5770
vn 0.2066 0.7390 0.6413
vn 0.0774 0.7063 0.7037
vn -0.0437 0.6462 0.7619
vn -0.0437 0.6463 0.7619
vn -0.1520 0.5611 0.8137
vn -0.1520 0.5610 0.8137
vn -0.2434 0.4541 0.8570
vn -0.2434 0.4542 0.8570
vn -0.3144 0.3296 0.8903
vn -0.3622 0.1921 0.9121
vn -0.3850 0.0470 0.9217
vn -0.3819 -0.1002 0.9188
vn -0.3819 -0.1002 0.9187
vn -0.3531 -0.2436 0.9033
vn -0.2996 -0.3780 0.8760
vn -0.2234 -0.4981 0.8378
vn -0.2235 -0.4981 0.8378
vn -0.1276 -0.5992 0.7903
vn -0.0159 -0.6776 0.7353
vn -0.0158 -0.6776 0.7352
vn 0.1076 -0.7302 0.6747
vn 0.8929 0.1256 -0.4323
vn 0.8545 0.3167 -0.4117
vn -0.6543 0.6874 0.3151
vn -0.3600 0.9124 0.1947
vn -0.3600 0.9124 -0.1947
vn -0.6543 0.6874 -0.3151
vn -0.8362 0.5484 -0.0000
vn -0.7763 0.2395 -0.5831
vn -0.9582 0.1005 -0.2680
vn -0.6316 0.5174 -0.5773
vn -0.9649 0.2627 -0.0000
vn -0.9582 0.1005 0.2680
vn -0.9196 -0.2871 0.2680
vn -0.9196 -0.2871 -0.2680
vn -0.8943 -0.4475 -0.0000
vn -0.5062 -0.8028 -0.3151
vn -0.7119 -0.7023 -0.0000
vn -0.7140 -0.3876 -0.5831
vn -0.5174 -0.6316 -0.5773
vn -0.6254 -0.0622 -0.7779
vn -0.2559 -0.6114 -0.7488
vn -0.1673 -0.2860 -0.9435
vn -0.3551 -0.0353 -0.9342
vn 0.2203 -0.2475 -0.9435
vn 0.1673 0.2860 -0.9435
vn -0.2203 0.2475 -0.9435
vn 0.3551 0.0353 -0.9342
vn 0.2559 0.6114 -0.7488
vn 0.6254 0.0621 -0.7779
vn 0.7140 0.3876 -0.5831
vn 0.5174 0.6316 -0.5773
vn -0.0769 0.7741 -0.6284
vn 0.5062 0.8028 -0.3151
vn 0.1734 0.9654 -0.1947
vn -0.0924 0.9296 -0.3568
vn 0.5062 0.8028 0.3151
vn 0.1734 0.9654 0.1947
vn 0.7119 0.7023 -0.0000
vn 0.9196 0.2871 0.2680
vn 0.7140 0.3876 0.5831
vn 0.8943 0.4475 -0.0000
vn 0.5174 0.6316 0.5773
vn 0.6253 0.0622 0.7779
vn 0.1673 0.2860 0.9435
vn 0.2559 0.6114 0.7488
vn 0.3551 0.0353 0.9342
vn -0.2203 0.2474 0.9435
vn 0.2203 -0.2474 0.9435
vn -0.1673 -0.2860 0.9435
vn -0.3551 -0.0353 0.9342
vn -0.3712 0.5491 0.7488
vn -0.6254 -0.0622 0.7779
vn -0.7763 0.2395 0.5831
vn -0.6316 0.5174 0.5773
vn -0.2559 -0.6114 0.7488
vn -0.7140 -0.3876 0.5831
vn -0.5174 -0.6316 0.5773
vn 0.0769 -0.7741 0.6284
vn -0.1734 -0.9654 0.1947
vn -0.5062 -0.8028 0.3151
vn 0.0924 -0.9296 0.3568
vn 0.3600 -0.9124 -0.1947
vn 0.3600 -0.9124 0.1947
vn -0.1734 -0.9654 -0.1947
vn 0.0924 -0.9296 -0.3568
vn 0.3712 -0.5491 -0.7488
vn 0.0769 -0.7741 -0.6284
vn 0.6543 -0.6874 -0.3151
vn 0.6316 -0.5174 -0.5773
vn 0.9582 -0.1005 -0.2680
vn 0.7763 -0.2395 -0.5831
vn 0.8362 -0.5484 -0.0000
vn 0.9649 -0.2627 -0.0000
vn 0.7763 -0.2395 0.5831
vn 0.9582 -0.1005 0.2680
vn 0.6543 -0.6874 0.3151
vn 0.6316 -0.5174 0.5773
vn 0.3712 -0.5491 0.7488
vn -0.0769 0.7741 0.6284
vn 0.9196 0.2871 -0.2680
vn -0.0924 0.9296 0.3568
vn -0.3712 0.5491 -0.7488
vn 0.7513 0.6600 -0.0000
vn 0.7512 0.6600 -0.0000
vn -0.0647 0.0736 -0.9952
vn 0.0647 -0.0736 -0.9952
vn 0.7513 0.6600 -0.0001
vn 0.7512 0.6601 -0.0001
vn 0.0647 -0.0737 -0.9952
vn 0.0648 -0.0737 -0.9952
vn -0.0646 0.0734 -0.9952
vn -0.1916 0.2181 -0.9569
vn 0.7513 0.6600 0.0001
vn 0.7513 0.6599 0.0002
vn -0.3111 0.3541 -0.8820
vn -0.4187 0.4766 -0.7730
vn -0.5103 0.5807 -0.6343
vn -0.5103 0.5807 -0.6344
vn 0.7511 0.6602 -0.0001
vn -0.5102 0.5807 -0.6345
vn -0.4188 0.4766 -0.7729
vn -0.5821 0.6625 -0.4714
vn -0.6316 0.7189 -0.2903
vn 0.7512 0.6601 -0.0000
vn -0.6569 0.7476 -0.0980
vn -0.6568 0.7476 -0.0980
vn 0.7513 0.6599 -0.0000
vn 0.7514 0.6599 -0.0000
vn -0.6569 0.7476 0.0980
vn -0.6316 0.7189 0.2903
vn 0.7511 0.6601 0.0001
vn 0.7511 0.6602 0.0001
vn -0.6569 0.7476 0.0981
vn -0.5821 0.6625 0.4714
vn -0.5102 0.5807 0.6344
vn -0.4187 0.4766 0.7730
vn 0.7513 0.6599 -0.0002
vn -0.3112 0.3542 0.8819
vn -0.3111 0.3541 0.8819
vn -0.1916 0.2181 0.9569
vn -0.1916 0.2180 0.9569
vn -0.1916 0.2180 0.9570
vn 0.7512 0.6601 0.0001
vn -0.3111 0.3542 0.8819
vn -0.0647 0.0736 0.9952
vn 0.0647 -0.0736 0.9952
vn 0.1916 -0.2181 0.9569
vn 0.1916 -0.2180 0.9570
vn 0.3112 -0.3542 0.8819
vn 0.4187 -0.4765 0.7731
vn 0.4187 -0.4766 0.7730
vn 0.7511 0.6601 -0.0001
vn 0.5102 -0.5807 0.6344
vn 0.7514 0.6599 0.0001
vn 0.5821 -0.6625 0.4714
vn 0.5103 -0.5807 0.6343
vn 0.6316 -0.7189 0.2903
vn 0.6568 -0.7476 0.0981
vn 0.6569 -0.7476 0.0979
vn 0.6569 -0.7476 -0.0979
vn 0.6568 -0.7476 -0.0981
vn 0.6316 -0.7189 -0.2903
vn 0.6317 -0.7188 -0.2903
vn 0.6569 -0.7476 -0.0980
vn 0.5822 -0.6625 -0.4714
vn 0.7513 0.6599 -0.0001
vn 0.7514 0.6599 -0.0001
vn 0.7511 0.6601 0.0002
vn 0.5102 -0.5807 -0.6344
vn 0.4187 -0.4766 -0.7730
vn 0.3111 -0.3541 -0.8819
vn 0.1916 -0.2181 -0.9569
vn 0.1917 -0.2182 -0.9569
vn 0.4188 -0.4766 -0.7729
vn 0.4188 -0.4767 -0.7729
vn 0.5102 -0.5807 -0.6345
vn 0.5821 -0.6625 -0.4714
vn -0.7513 -0.6600 -0.0001
vn -0.7512 -0.6600 -0.0000
vn -0.7512 -0.6601 -0.0000
vn -0.7513 -0.6600 0.0001
vn -0.7513 -0.6600 0.0002
vn 0.1916 -0.2180 -0.9569
vn 0.1916 -0.2180 -0.9570
vn 0.3111 -0.3542 -0.8819
vn 0.3112 -0.3542 -0.8819
vn 0.5103 -0.5807 -0.6344
vn 0.5102 -0.5807 -0.6343
vn 0.5102 -0.5808 -0.6343
vn 0.7512 0.6600 -0.0001
vn 0.6316 -0.7189 -0.2902
vn -0.7513 -0.6600 -0.0000
vn -0.7513 -0.6599 -0.0000
vn 0.7512 0.6600 0.0001
vn -0.7511 -0.6602 0.0001
vn -0.7511 -0.6601 0.0001
vn 0.5102 -0.5807 0.6343
vn 0.5103 -0.5807 0.6344
vn 0.5102 -0.5808 0.6343
vn 0.3111 -0.3542 0.8819
vn 0.1916 -0.2180 0.9569
vn -0.7512 -0.6600 0.0001
vn -0.3112 0.3541 0.8819
vn -0.4187 0.4765 0.7730
vn -0.5102 0.5808 0.6344
vn -0.5101 0.5808 0.6344
vn -0.5821 0.6626 0.4714
vn -0.5820 0.6626 0.4714
vn -0.7514 -0.6599 0.0001
vn -0.7514 -0.6599 0.0002
vn -0.7513 -0.6599 0.0001
vn -0.7512 -0.6601 -0.0001
vn -0.6317 0.7189 0.2902
vn -0.6316 0.7189 0.2902
vn -0.6569 0.7476 -0.0981
vn -0.6316 0.7189 -0.2902
vn -0.6317 0.7189 -0.2902
vn -0.7514 -0.6599 -0.0001
vn -0.5821 0.6626 -0.4714
vn -0.5102 0.5807 -0.6344
vn -0.4187 0.4765 -0.7730
vn -0.3112 0.3541 -0.8819
vn -0.1916 0.2180 -0.9569
vn -0.1916 0.2180 -0.9570
vn -0.7512 -0.6600 -0.0001
vn -0.7493 -0.6583 0.0724
vn -0.7539 -0.6530 0.0724
vn -0.7540 -0.6529 0.0723
vn -0.7446 -0.6636 0.0725
vn -0.7492 -0.6583 0.0724
vn -0.0647 0.0737 -0.9952
vn -0.7353 -0.6741 0.0697
vn -0.3112 0.3542 -0.8819
vn -0.7266 -0.6840 0.0642
vn -0.7188 -0.6930 0.0563
vn -0.7121 -0.7006 0.0462
vn -0.5821 0.6625 -0.4715
vn -0.7051 -0.7085 0.0277
vn -0.7069 -0.7065 0.0342
vn -0.7068 -0.7065 0.0342
vn -0.7033 -0.7106 0.0212
vn -0.7015 -0.7127 0.0072
vn -0.7014 -0.7127 0.0072
vn -0.7015 -0.7127 -0.0072
vn -0.7015 -0.7127 -0.0071
vn -0.7051 -0.7085 -0.0277
vn -0.7033 -0.7106 -0.0212
vn -0.7069 -0.7065 -0.0343
vn -0.7121 -0.7006 -0.0462
vn -0.7188 -0.6930 -0.0563
vn -0.4187 0.4767 0.7730
vn -0.7266 -0.6840 -0.0642
vn -0.7353 -0.6741 -0.0697
vn -0.7493 -0.6583 -0.0724
vn -0.7446 -0.6636 -0.0725
vn -0.7539 -0.6530 -0.0724
vn -0.7632 -0.6424 -0.0696
vn -0.7632 -0.6424 -0.0695
vn 0.1917 -0.2181 0.9569
vn 0.3111 -0.3541 0.8819
vn 0.3112 -0.3540 0.8820
vn -0.7719 -0.6325 -0.0642
vn 0.4188 -0.4767 0.7729
vn 0.4187 -0.4767 0.7730
vn -0.7797 -0.6236 -0.0562
vn 0.5102 -0.5807 0.6345
vn 0.5101 -0.5807 0.6344
vn -0.7863 -0.6161 -0.0461
vn -0.7916 -0.6100 -0.0343
vn -0.7916 -0.6101 -0.0343
vn -0.7916 -0.6101 -0.0344
vn -0.7953 -0.6059 -0.0212
vn -0.7952 -0.6059 -0.0211
vn -0.7970 -0.6039 -0.0071
vn 0.6568 -0.7477 0.0980
vn -0.7970 -0.6039 0.0071
vn -0.7971 -0.6039 0.0071
vn 0.6568 -0.7477 -0.0980
vn -0.7953 -0.6059 0.0212
vn -0.7952 -0.6059 0.0211
vn -0.7952 -0.6060 0.0211
vn -0.7916 -0.6100 0.0343
vn -0.7916 -0.6100 0.0344
vn -0.7917 -0.6100 0.0345
vn 0.5102 -0.5808 -0.6344
vn -0.7863 -0.6161 0.0461
vn -0.7864 -0.6161 0.0462
vn -0.7797 -0.6236 0.0562
vn -0.7719 -0.6325 0.0641
vn 0.1916 -0.2181 -0.9570
vn -0.7632 -0.6424 0.0696
vn -0.3523 -0.5997 -0.7185
vn -0.3523 -0.5996 -0.7186
vn -0.2626 -0.7018 -0.6622
vn -0.4476 -0.4912 -0.7473
vn -0.4476 -0.4912 -0.7472
vn -0.5447 -0.3806 -0.7473
vn -0.5448 -0.3806 -0.7472
vn -0.1917 0.2182 -0.9569
vn -0.1917 0.2181 -0.9569
vn -0.6401 -0.2722 -0.7185
vn -0.6400 -0.2722 -0.7185
vn -0.3111 0.3541 -0.8819
vn -0.7298 -0.1701 -0.6622
vn -0.7298 -0.1701 -0.6621
vn -0.8106 -0.0780 -0.5804
vn -0.8106 -0.0781 -0.5804
vn -0.8793 0.0001 -0.4763
vn -0.9332 0.0615 -0.3540
vn -0.9332 0.0614 -0.3540
vn -0.9704 0.1038 -0.2179
vn -0.9894 0.1254 -0.0736
vn -0.6568 0.7476 0.0980
vn -0.9894 0.1254 0.0736
vn -0.9894 0.1253 0.0736
vn -0.9704 0.1038 0.2179
vn -0.9332 0.0615 0.3539
vn -0.9332 0.0615 0.3540
vn -0.5102 0.5808 0.6343
vn -0.8793 0.0001 0.4763
vn -0.8106 -0.0781 0.5804
vn -0.7298 -0.1701 0.6622
vn -0.7298 -0.1701 0.6621
vn -0.6401 -0.2722 0.7185
vn -0.6400 -0.2722 0.7185
vn -0.6400 -0.2723 0.7185
vn -0.5447 -0.3807 0.7472
vn -0.4476 -0.4912 0.7472
vn -0.3524 -0.5997 0.7185
vn -0.2626 -0.7018 0.6622
vn 0.4187 -0.4765 0.7730
vn -0.1818 -0.7938 0.5804
vn -0.1817 -0.7938 0.5803
vn -0.1131 -0.8719 0.4764
vn -0.1132 -0.8719 0.4764
vn -0.0591 -0.9334 0.3539
vn 0.6316 -0.7189 0.2902
vn -0.0219 -0.9757 0.2179
vn 0.6568 -0.7476 0.0980
vn -0.0029 -0.9973 0.0736
vn -0.0030 -0.9973 0.0736
vn 0.6568 -0.7476 -0.0980
vn -0.0029 -0.9973 -0.0736
vn -0.0030 -0.9973 -0.0736
vn -0.0219 -0.9757 -0.2179
vn 0.5821 -0.6626 -0.4714
vn -0.0591 -0.9334 -0.3539
vn -0.1131 -0.8719 -0.4764
vn -0.1818 -0.7938 -0.5804
vn -0.1818 -0.7938 -0.5803
vn 0.3111 -0.3541 -0.8820
vn -0.7512 -0.6600 0.0003
vn -0.7513 -0.6599 -0.0002
vn 0.6317 -0.7188 0.2903
vn 0.6569 -0.7476 0.0980
vn -0.7512 -0.6601 -0.0002
vn -0.3110 0.3540 -0.8820
vn 0.1232 0.4192 -0.8995
vn -0.9449 0.3266 0.0228
vn -0.9859 0.1551 -0.0628
vn -0.9859 0.1550 -0.0628
vn 0.1233 0.4192 -0.8995
vn 0.1231 0.4192 -0.8995
vn -0.9449 0.3266 0.0227
vn -0.9449 0.3267 0.0227
vn -0.8675 0.4856 0.1074
vn -0.8676 0.4856 0.1075
vn 0.1231 0.4193 -0.8995
vn -0.7569 0.6259 0.1880
vn -0.6171 0.7422 0.2614
vn -0.4536 0.8300 0.3246
vn 0.1233 0.4191 -0.8995
vn -0.4537 0.8300 0.3246
vn -0.6171 0.7422 0.2613
vn -0.2727 0.8858 0.3754
vn -0.0813 0.9076 0.4118
vn -0.0814 0.9076 0.4118
vn 0.1132 0.8946 0.4324
vn 0.1131 0.8946 0.4324
vn 0.3034 0.8471 0.4363
vn 0.4818 0.7672 0.4235
vn 0.4818 0.7671 0.4235
vn 0.3034 0.8471 0.4364
vn 0.6418 0.6577 0.3944
vn 0.6419 0.6577 0.3943
vn 0.1232 0.4191 -0.8995
vn 0.7771 0.5229 0.3501
vn 0.7771 0.5230 0.3502
vn 0.7772 0.5229 0.3501
vn 0.6419 0.6576 0.3944
vn 0.6418 0.6576 0.3944
vn 0.8826 0.3680 0.2924
vn 0.8826 0.3681 0.2925
vn 0.1231 0.4191 -0.8995
vn 0.9542 0.1990 0.2234
vn 0.9542 0.1990 0.2235
vn 0.9890 0.0224 0.1459
vn 0.9542 0.1991 0.2235
vn 0.9859 -0.1550 0.0628
vn 0.9859 -0.1551 0.0628
vn 0.9449 -0.3266 -0.0228
vn 0.8675 -0.4856 -0.1075
vn 0.8676 -0.4856 -0.1074
vn 0.7569 -0.6259 -0.1880
vn 0.6171 -0.7422 -0.2613
vn 0.6171 -0.7422 -0.2614
vn 0.6171 -0.7423 -0.2614
vn 0.6171 -0.7423 -0.2612
vn 0.7569 -0.6259 -0.1879
vn 0.4536 -0.8300 -0.3246
vn 0.1232 0.4190 -0.8996
vn 0.1232 0.4193 -0.8994
vn 0.2727 -0.8858 -0.3754
vn 0.1232 0.4194 -0.8994
vn 0.4537 -0.8299 -0.3246
vn 0.0814 -0.9076 -0.4118
vn 0.0813 -0.9076 -0.4118
vn -0.1131 -0.8946 -0.4324
vn -0.1132 -0.8946 -0.4324
vn -0.3034 -0.8471 -0.4363
vn -0.3033 -0.8471 -0.4363
vn -0.4818 -0.7671 -0.4235
vn 0.1234 0.4193 -0.8994
vn 0.1230 0.4191 -0.8996
vn -0.4818 -0.7672 -0.4235
vn -0.6419 -0.6576 -0.3943
vn -0.7771 -0.5229 -0.3501
vn -0.7772 -0.5229 -0.3501
vn -0.8826 -0.3681 -0.2924
vn -0.9542 -0.1991 -0.2234
vn -0.9542 -0.1990 -0.2235
vn -0.9890 -0.0224 -0.1459
vn -0.9890 -0.0225 -0.1459
vn -0.9542 -0.1991 -0.2235
vn -0.8826 -0.3681 -0.2925
vn -0.8826 -0.3680 -0.2924
vn -0.7771 -0.5229 -0.3502
vn -0.6418 -0.6576 -0.3944
vn -0.6418 -0.6577 -0.3944
vn -0.6419 -0.6576 -0.3944
vn -0.1233 -0.4192 0.8995
vn -0.1232 -0.4191 0.8995
vn -0.4819 -0.7671 -0.4235
vn -0.1232 -0.4192 0.8995
vn -0.1233 -0.4191 0.8995
vn 0.4536 -0.8299 -0.3247
vn 0.8676 -0.4856 -0.1075
vn 0.9449 -0.3267 -0.0227
vn 0.9859 -0.1551 0.0629
vn -0.1231 -0.4192 0.8995
vn 0.9890 0.0224 0.1460
vn 0.9541 0.1991 0.2236
vn 0.8826 0.3681 0.2924
vn -0.1233 -0.4193 0.8994
vn -0.1234 -0.4193 0.8994
vn 0.3033 0.8471 0.4363
vn 0.3033 0.8472 0.4363
vn -0.1232 -0.4193 0.8995
vn -0.2728 0.8858 0.3754
vn -0.1232 -0.4194 0.8994
vn -0.1232 -0.4193 0.8994
vn -0.4536 0.8300 0.3247
vn -0.8676 0.4856 0.1074
vn -0.9859 0.1551 -0.0627
vn -0.0511 -0.4294 0.9017
vn -0.0511 -0.4293 0.9017
vn -0.0541 -0.4418 0.8955
vn -0.0541 -0.4419 0.8955
vn -0.9449 0.3267 0.0228
vn -0.8676 0.4855 0.1074
vn -0.0598 -0.4534 0.8893
vn -0.0678 -0.4636 0.8835
vn -0.0677 -0.4636 0.8835
vn -0.0780 -0.4721 0.8781
vn -0.4537 0.8299 0.3246
vn -0.4537 0.8299 0.3247
vn -0.0899 -0.4785 0.8735
vn -0.0899 -0.4784 0.8735
vn -0.2728 0.8858 0.3755
vn -0.2727 0.8858 0.3755
vn -0.1031 -0.4825 0.8698
vn -0.1030 -0.4825 0.8698
vn -0.0813 0.9076 0.4119
vn -0.1170 -0.4841 0.8672
vn 0.1132 0.8945 0.4324
vn 0.1132 0.8945 0.4325
vn -0.1311 -0.4832 0.8656
vn -0.1311 -0.4832 0.8657
vn -0.1311 -0.4831 0.8657
vn -0.1450 -0.4797 0.8654
vn -0.1450 -0.4797 0.8653
vn -0.1450 -0.4798 0.8653
vn -0.1580 -0.4739 0.8663
vn 0.6418 0.6576 0.3945
vn -0.1696 -0.4659 0.8684
vn 0.7771 0.5229 0.3502
vn -0.1795 -0.4561 0.8717
vn -0.1794 -0.4561 0.8717
vn -0.1871 -0.4449 0.8758
vn -0.1924 -0.4325 0.8809
vn -0.1924 -0.4325 0.8808
vn -0.1949 -0.4197 0.8865
vn -0.1950 -0.4197 0.8865
vn -0.1946 -0.4068 0.8925
vn 0.9449 -0.3266 -0.0227
vn -0.1917 -0.3943 0.8988
vn -0.1916 -0.3943 0.8988
vn -0.1860 -0.3827 0.9049
vn -0.1861 -0.3827 0.9049
vn -0.1780 -0.3725 0.9108
vn -0.1780 -0.3726 0.9108
vn -0.1678 -0.3640 0.9161
vn -0.1559 -0.3577 0.9207
vn -0.1559 -0.3577 0.9208
vn 0.2727 -0.8858 -0.3755
vn 0.2728 -0.8858 -0.3755
vn -0.1428 -0.3536 0.9244
vn -0.1427 -0.3536 0.9244
vn -0.1288 -0.3520 0.9271
vn 0.0813 -0.9076 -0.4119
vn -0.1147 -0.3529 0.9286
vn -0.1132 -0.8946 -0.4323
vn -0.1008 -0.3564 0.9289
vn -0.3033 -0.8472 -0.4363
vn -0.0879 -0.3622 0.9279
vn -0.0879 -0.3623 0.9279
vn -0.0762 -0.3702 0.9258
vn -0.7772 -0.5229 -0.3502
vn -0.7772 -0.5228 -0.3502
vn -0.0664 -0.3800 0.9226
vn -0.0664 -0.3801 0.9226
vn -0.0587 -0.3913 0.9184
vn -0.0535 -0.4036 0.9134
vn -0.9541 -0.1991 -0.2235
vn -0.0509 -0.4165 0.9077
vn -0.8240 -0.2937 0.4845
vn -0.8240 -0.2937 0.4846
vn -0.7978 -0.4263 0.4263
vn -0.7978 -0.4264 0.4263
vn -0.8216 -0.1605 0.5469
vn -0.8217 -0.1605 0.5469
vn -0.7908 -0.0316 0.6112
vn -0.7908 -0.0317 0.6112
vn -0.5495 0.4189 -0.7229
vn -0.5495 0.4190 -0.7229
vn -0.5227 0.5308 -0.6671
vn -0.5227 0.5307 -0.6671
vn -0.8675 0.4857 0.1075
vn -0.4723 0.6345 -0.6119
vn -0.4001 0.7260 -0.5594
vn -0.4001 0.7260 -0.5593
vn -0.3090 0.8018 -0.5116
vn -0.2024 0.8590 -0.4703
vn -0.0844 0.8954 -0.4371
vn -0.0845 0.8954 -0.4371
vn -0.0814 0.9076 0.4119
vn 0.0403 0.9097 -0.4134
vn 0.0404 0.9097 -0.4134
vn 0.1672 0.9011 -0.4000
vn 0.2912 0.8702 -0.3974
vn 0.4819 0.7671 0.4235
vn 0.4077 0.8180 -0.4058
vn 0.5120 0.7466 -0.4247
vn 0.5120 0.7467 -0.4247
vn 0.5119 0.7467 -0.4248
vn 0.7772 0.5229 0.3502
vn 0.6002 0.6588 -0.4536
vn 0.6003 0.6588 -0.4536
vn 0.6690 0.5577 -0.4912
vn 0.6690 0.5578 -0.4912
vn 0.6689 0.5578 -0.4913
vn 0.7157 0.4476 -0.5362
vn 0.7384 0.3324 -0.5867
vn 0.7384 0.3324 -0.5868
vn 0.7363 0.2166 -0.6410
vn 0.7096 0.1048 -0.6968
vn 0.7096 0.1048 -0.6967
vn 0.8675 -0.4857 -0.1075
vn 0.6591 0.0011 -0.7520
vn 0.5870 -0.0904 -0.8045
vn 0.5870 -0.0903 -0.8045
vn 0.4958 -0.1662 -0.8524
vn 0.4959 -0.1662 -0.8523
vn 0.4537 -0.8300 -0.3246
vn 0.3893 -0.2234 -0.8936
vn 0.2713 -0.2599 -0.9268
vn 0.2712 -0.2599 -0.9268
vn 0.2713 -0.2599 -0.9267
vn 0.0814 -0.9076 -0.4119
vn 0.1465 -0.2741 -0.9505
vn -0.1132 -0.8945 -0.4324
vn 0.0196 -0.2656 -0.9639
vn -0.3033 -0.8471 -0.4364
vn -0.1044 -0.2346 -0.9665
vn -0.2208 -0.1825 -0.9581
vn -0.6418 -0.6576 -0.3945
vn -0.3251 -0.1111 -0.9391
vn -0.4134 -0.0232 -0.9103
vn -0.4822 0.0777 -0.8726
vn -0.4821 0.0777 -0.8726
vn -0.5288 0.1880 -0.8277
vn -0.5288 0.1880 -0.8276
vn -0.5516 0.3032 -0.7771
vn -0.8572 0.1471 -0.4935
vn -0.8572 0.1472 -0.4935
vn -0.8252 -0.0148 -0.5646
vn -0.8543 0.3098 -0.4173
vn -0.8543 0.3098 -0.4174
vn -0.8167 0.4670 -0.3389
vn -0.7458 0.6128 -0.2613
vn -0.7458 0.6127 -0.2613
vn -0.7569 0.6260 0.1880
vn -0.6444 0.7413 -0.1875
vn -0.6444 0.7414 -0.1875
vn -0.5163 0.8479 -0.1202
vn -0.3665 0.9283 -0.0622
vn -0.2006 0.9795 -0.0157
vn -0.0253 0.9995 0.0177
vn -0.0253 0.9995 0.0176
vn 0.1531 0.9875 0.0365
vn 0.1530 0.9875 0.0365
vn 0.3273 0.9441 0.0401
vn 0.4909 0.8707 0.0284
vn 0.6375 0.7704 0.0017
vn 0.6376 0.7704 0.0017
vn 0.7616 0.6469 -0.0389
vn 0.7615 0.6470 -0.0388
vn 0.8583 0.5049 -0.0918
vn 0.9238 0.3501 -0.1550
vn 0.9238 0.3501 -0.1549
vn 0.9890 0.0225 0.1460
vn 0.9890 0.0225 0.1459
vn 0.9558 0.1883 -0.2260
vn 0.9529 0.0255 -0.3022
vn 0.9529 0.0255 -0.3023
vn 0.9153 -0.1317 -0.3806
vn 0.9153 -0.1317 -0.3807
vn 0.8675 -0.4856 -0.1074
vn 0.8444 -0.2774 -0.4582
vn 0.7430 -0.4060 -0.5321
vn 0.7430 -0.4061 -0.5321
vn 0.6149 -0.5126 -0.5993
vn 0.6149 -0.5125 -0.5993
vn 0.4651 -0.5930 -0.6573
vn 0.2992 -0.6442 -0.7039
vn 0.1238 -0.6642 -0.7372
vn 0.1239 -0.6642 -0.7372
vn -0.0544 -0.6522 -0.7561
vn -0.2287 -0.6087 -0.7597
vn -0.3923 -0.5354 -0.7479
vn -0.5390 -0.4351 -0.7213
vn -0.5389 -0.4351 -0.7212
vn -0.6630 -0.3116 -0.6807
vn -0.6631 -0.3115 -0.6806
vn -0.7597 -0.1697 -0.6278
vn -0.9238 -0.3501 0.1549
vn -0.8583 -0.5050 0.0917
vn -0.8582 -0.5050 0.0917
vn -0.9558 -0.1882 0.2260
vn -0.7384 -0.3324 0.5868
vn -0.7156 -0.4476 0.5362
vn -0.7363 -0.2167 0.6410
vn -0.9529 -0.0255 0.3022
vn -0.9529 -0.0256 0.3022
vn -0.9153 0.1317 0.3806
vn -0.7096 -0.1048 0.6968
vn -0.6592 -0.0012 0.7520
vn -0.6591 -0.0011 0.7520
vn -0.8444 0.2774 0.4582
vn -0.5870 0.0904 0.8045
vn -0.7430 0.4060 0.5321
vn -0.4959 0.1662 0.8524
vn -0.4959 0.1662 0.8523
vn -0.6149 0.5126 0.5993
vn -0.3892 0.2234 0.8936
vn -0.3892 0.2234 0.8937
vn -0.4650 0.5930 0.6573
vn -0.4651 0.5930 0.6573
vn -0.2713 0.2599 0.9268
vn -0.2713 0.2598 0.9268
vn -0.2993 0.6442 0.7039
vn -0.1465 0.2741 0.9505
vn -0.1464 0.2741 0.9505
vn -0.1239 0.6642 0.7372
vn -0.0196 0.2655 0.9639
vn -0.0197 0.2656 0.9639
vn 0.0545 0.6522 0.7561
vn 0.1043 0.2346 0.9665
vn 0.1044 0.2346 0.9665
vn 0.2287 0.6088 0.7597
vn 0.2208 0.1825 0.9581
vn 0.3924 0.5354 0.7479
vn 0.3252 0.1111 0.9391
vn 0.5390 0.4351 0.7212
vn 0.5390 0.4351 0.7213
vn 0.4134 0.0232 0.9103
vn 0.4133 0.0232 0.9103
vn 0.6630 0.3116 0.6807
vn 0.4821 -0.0778 0.8726
vn 0.7597 0.1696 0.6278
vn 0.5288 -0.1880 0.8277
vn 0.8252 0.0148 0.5646
vn 0.5515 -0.3031 0.7771
vn 0.5515 -0.3032 0.7771
vn 0.8572 -0.1471 0.4936
vn 0.5495 -0.4189 0.7229
vn 0.8543 -0.3098 0.4173
vn 0.5228 -0.5308 0.6671
vn 0.5228 -0.5308 0.6670
vn 0.8167 -0.4670 0.3389
vn 0.4723 -0.6345 0.6118
vn 0.4723 -0.6344 0.6119
vn 0.7459 -0.6127 0.2613
vn 0.7458 -0.6127 0.2613
vn 0.4001 -0.7260 0.5593
vn 0.6444 -0.7413 0.1875
vn 0.6444 -0.7414 0.1875
vn 0.3090 -0.8018 0.5115
vn 0.5163 -0.8479 0.1203
vn 0.2024 -0.8590 0.4703
vn 0.2025 -0.8590 0.4703
vn 0.3665 -0.9283 0.0623
vn 0.0844 -0.8954 0.4371
vn 0.2006 -0.9795 0.0157
vn 0.2007 -0.9795 0.0157
vn -0.0403 -0.9096 0.4134
vn -0.0403 -0.9097 0.4134
vn 0.0253 -0.9995 -0.0177
vn 0.0253 -0.9995 -0.0176
vn -0.1673 -0.9011 0.4000
vn -0.1672 -0.9011 0.4000
vn -0.1530 -0.9875 -0.0365
vn -0.2912 -0.8702 0.3974
vn -0.3273 -0.9441 -0.0401
vn -0.4077 -0.8180 0.4058
vn -0.4909 -0.8707 -0.0284
vn -0.5120 -0.7467 0.4247
vn -0.6375 -0.7704 -0.0017
vn -0.6376 -0.7704 -0.0017
vn -0.6002 -0.6588 0.4536
vn -0.6002 -0.6587 0.4536
vn -0.7616 -0.6469 0.0388
vn -0.6690 -0.5578 0.4912
vn -0.6690 -0.5578 0.4913
vn -0.9890 -0.0224 -0.1460
vn 0.9541 0.1991 0.2235
vn 0.7568 -0.6260 -0.1880
vn 0.6172 -0.7422 -0.2614
vn -0.7441 -0.5532 0.3745
vn -0.7441 -0.5532 0.3746
vn -0.6649 -0.6695 0.3312
vn -0.5633 -0.7706 0.2980
vn -0.4432 -0.8528 0.2762
vn -0.4432 -0.8528 0.2761
vn -0.3091 -0.9129 0.2665
vn -0.1664 -0.9485 0.2695
vn -0.0203 -0.9583 0.2849
vn -0.0204 -0.9583 0.2849
vn 0.1234 -0.9420 0.3122
vn 0.1235 -0.9420 0.3122
vn 0.2592 -0.9001 0.3503
vn 0.2592 -0.9000 0.3503
vn 0.3820 -0.8342 0.3978
vn 0.4870 -0.7468 0.4530
vn 0.4869 -0.7468 0.4530
vn 0.5700 -0.6415 0.5134
vn 0.6281 -0.5221 0.5770
vn 0.6588 -0.3933 0.6413
vn 0.6612 -0.2600 0.7037
vn 0.6350 -0.1274 0.7619
vn 0.5813 -0.0005 0.8137
vn 0.5021 0.1158 0.8570
vn 0.5022 0.1158 0.8570
vn 0.4005 0.2169 0.8902
vn 0.2804 0.2991 0.9121
vn 0.1464 0.3592 0.9217
vn 0.1463 0.3591 0.9217
vn 0.0036 0.3948 0.9187
vn 0.0036 0.3948 0.9188
vn -0.1425 0.4046 0.9033
vn -0.1425 0.4047 0.9033
vn -0.2862 0.3883 0.8760
vn -0.4220 0.3463 0.8378
vn -0.4220 0.3463 0.8379
vn -0.5447 0.2804 0.7904
vn -0.6497 0.1930 0.7353
vn -0.7327 0.0878 0.6748
vn -0.1231 -0.4193 0.8995
vn -0.1230 -0.4193 0.8995
vn -0.8675 0.4856 0.1075
vn 0.2685 0.9633 0.0004
vn 0.2685 0.9565 0.1144
vn 0.2685 0.9565 0.1145
vn -0.9898 -0.1423 -0.0000
vn -0.9899 -0.1419 -0.0000
vn -0.9899 -0.1420 -0.0000
vn -0.5287 0.8488 0.0011
vn -0.5267 0.8423 0.1141
vn -0.5287 0.8488 -0.0000
vn 0.1131 0.2925 0.9496
vn 0.1379 0.3791 0.9150
vn 0.1383 0.3803 0.9145
vn -0.1907 0.2487 0.9496
vn -0.2390 0.3250 0.9150
vn -0.1805 0.2327 0.9556
vn 0.2592 0.9644 0.0519
vn 0.2623 0.9650 0.0016
vn 0.2624 0.9650 -0.0003
vn 0.0449 0.3583 0.9325
vn 0.0366 0.3535 0.9347
vn -0.0123 0.3244 0.9458
vn -0.8004 0.5994 -0.0000
vn -0.8004 0.5995 -0.0000
vn 0.2595 0.9658 -0.0000
vn 0.0153 -0.0114 0.9998
vn -0.0153 0.0114 -0.9998
vn -0.8490 -0.5284 0.0003
vn -0.8424 -0.5268 0.1138
vn -0.8490 -0.5283 -0.0009
vn -0.8526 -0.5200 0.0519
vn -0.8522 -0.5231 0.0019
vn -0.8526 -0.5199 0.0529
vn -0.8538 -0.5207 -0.0000
vn -0.8008 0.5989 -0.0000
vn -0.8003 0.5996 -0.0000
vn -0.8007 0.5991 -0.0000
vn -0.9633 0.2685 0.0003
vn -0.9565 0.2685 0.1140
vn 0.1423 -0.9898 -0.0003
vn 0.1418 -0.9899 -0.0000
vn 0.1419 -0.9899 -0.0000
vn -0.5993 -0.8005 -0.0000
vn -0.5998 -0.8002 -0.0000
vn 0.1422 -0.9898 -0.0000
vn -0.0114 -0.0153 -0.9998
vn 0.0114 0.0153 0.9998
vn 0.5284 -0.8490 0.0011
vn 0.5267 -0.8423 0.1141
vn 0.5284 -0.8490 -0.0000
vn -0.9898 -0.1422 -0.0000
vn -0.9899 -0.1417 -0.0000
vn -0.2685 -0.9566 0.1135
vn -0.2685 -0.9633 0.0011
vn -0.2685 -0.9633 -0.0000
vn 0.8006 -0.5991 -0.0000
vn 0.8004 -0.5995 -0.0000
vn 0.8006 -0.5993 -0.0000
vn -0.0153 0.0114 0.9998
vn 0.0153 -0.0114 -0.9998
vn 0.8488 0.5287 0.0014
vn 0.8423 0.5267 0.1142
vn 0.8488 0.5287 0.0003
vn 0.1423 -0.9898 -0.0000
vn 0.1421 -0.9898 -0.0000
vn 0.9564 -0.2685 0.1145
vn 0.9633 -0.2684 0.0018
vn 0.9633 -0.2683 0.0007
vn 0.5992 0.8006 -0.0000
vn 0.5991 0.8007 -0.0000
vn 0.0114 0.0153 -0.9998
vn -0.0114 -0.0153 0.9998
vn 0.8004 -0.5994 -0.0000
vn 0.8526 0.5201 0.0518
vn 0.8522 0.5232 0.0019
vn 0.8525 0.5200 0.0528
vn 0.8537 0.5207 -0.0000
vn 0.9370 0.3494 -0.0000
vn 0.1421 -0.9899 -0.0000
vn 0.1421 -0.9899 0.0001
vn -0.0448 -0.8781 0.4764
vn 0.1231 -0.6255 0.7705
vn 0.1604 -0.5478 0.8211
vn 0.2200 -0.9248 0.3104
vn 0.3005 -0.4760 0.8265
vn 0.3004 -0.3849 0.8727
vn 0.0578 -0.6348 0.7705
vn 0.2900 -0.8300 0.4764
vn 0.0001 -0.5708 0.8211
vn -0.1545 -0.5413 0.8265
vn 0.0491 -0.9493 0.3104
vn -0.1800 -0.4538 0.8727
vn -0.9974 0.0717 -0.0000
vn -0.9644 0.2592 0.0517
vn -0.9650 0.2623 0.0016
vn -0.9650 0.2624 -0.0003
vn -0.9658 0.2595 -0.0000
vn -0.5995 -0.8004 -0.0000
vn 0.5207 -0.8538 -0.0000
vn 0.5207 -0.8537 -0.0000
vn 0.5207 -0.8537 0.0008
vn 0.5207 -0.8537 0.0004
vn 0.3494 -0.9370 0.0002
vn 0.3494 -0.9370 0.0003
vn 0.3494 -0.9370 -0.0002
vn 0.3494 -0.9370 -0.0000
vn 0.3494 -0.9370 -0.0003
vn -0.9899 -0.1421 -0.0000
vn -0.9248 -0.2199 -0.3104
vn -0.4759 -0.3004 -0.8266
vn -0.9248 -0.2200 0.3104
vn -0.4760 -0.3005 0.8265
vn -0.3849 -0.3004 0.8727
vn -0.5412 0.1544 -0.8266
vn -0.9493 -0.0491 -0.3105
vn -0.9898 -0.1421 -0.0000
vn -0.5413 0.1544 0.8265
vn -0.9493 -0.0491 0.3105
vn -0.4538 0.1800 0.8727
vn 0.0717 0.9974 -0.0000
vn 0.2592 0.9644 -0.0517
vn 0.2623 0.9650 -0.0015
vn 0.2591 0.9644 -0.0528
vn 0.2684 0.9633 0.0059
vn 0.2685 0.9564 -0.1147
vn 0.2684 0.9633 0.0071
vn 0.0152 -0.0114 -0.9998
vn -0.8522 -0.5231 -0.0019
vn -0.8526 -0.5200 -0.0519
vn -0.8526 -0.5199 -0.0529
vn -0.8423 -0.5267 -0.1143
vn -0.8490 -0.5284 -0.0008
vn -0.8490 -0.5283 0.0003
vn -0.5994 -0.8005 -0.0000
vn -0.5997 -0.8002 -0.0000
vn -0.0114 -0.0152 0.9998
vn 0.0114 0.0152 -0.9998
vn -0.9633 0.2685 -0.0003
vn -0.9565 0.2685 -0.1140
vn -0.9633 0.2685 0.0009
vn 0.1419 -0.9899 -0.0008
vn 0.1419 -0.9899 -0.0006
vn -0.8006 0.5992 -0.0000
vn 0.1421 -0.9899 -0.0004
vn 0.1423 -0.9898 -0.0008
vn 0.1424 -0.9898 -0.0003
vn 0.8490 0.5283 -0.0016
vn 0.8423 0.5267 -0.1142
vn 0.9633 -0.2683 -0.0011
vn 0.9565 -0.2685 -0.1138
vn 0.9633 -0.2683 -0.0000
vn 0.8005 -0.5994 -0.0000
vn 0.5996 0.8003 -0.0000
vn -0.0114 -0.0152 -0.9998
vn -0.0152 0.0114 -0.9998
vn 0.8526 0.5201 -0.0518
vn 0.8522 0.5232 -0.0019
vn 0.8521 0.5233 -0.0000
vn -0.2685 -0.9633 -0.0019
vn -0.2685 -0.9565 -0.1142
vn -0.2685 -0.9633 -0.0009
vn -0.2592 -0.9645 -0.0515
vn -0.2622 -0.9650 -0.0022
vn -0.2591 -0.9644 -0.0525
vn -0.2595 -0.9657 -0.0000
vn -0.0717 -0.9974 -0.0000
vn 0.9898 0.1421 0.0001
vn 0.9899 0.1421 -0.0000
vn 0.6350 0.0578 -0.7704
vn 0.8301 0.2900 -0.4763
vn 0.8552 0.3384 -0.3927
vn 0.5412 -0.1544 -0.8266
vn 0.9493 0.0491 -0.3104
vn 0.6256 0.1231 -0.7704
vn 0.8781 -0.0448 -0.4764
vn 0.5479 0.1604 -0.8210
vn 0.4759 0.3004 -0.8266
vn 0.9248 0.2199 -0.3105
vn 0.3848 0.3003 -0.8728
vn 0.9898 0.1421 -0.0001
vn -0.3494 0.9370 -0.0000
vn -0.5231 0.8522 -0.0019
vn -0.5200 0.8526 -0.0519
vn -0.5199 0.8526 -0.0529
vn -0.5207 0.8538 0.0002
vn -0.5207 0.8538 -0.0000
vn -0.5207 0.8538 0.0004
vn -0.5268 0.8424 -0.1136
vn -0.5285 0.8489 -0.0093
vn -0.5285 0.8489 -0.0082
vn 0.5994 0.8004 -0.0000
vn 0.5994 0.8004 -0.0008
vn 0.5995 0.8004 -0.0000
vn 0.5994 0.8004 -0.0004
vn -0.5207 0.8537 -0.0000
vn 0.9658 -0.2595 -0.0000
vn 0.9974 -0.0717 -0.0000
vn -0.1421 0.9898 -0.0000
vn -0.1421 0.9899 -0.0000
vn 0.1544 0.5412 -0.8266
vn -0.0491 0.9493 -0.3104
vn -0.0491 0.9493 0.3104
vn 0.1544 0.5413 0.8265
vn -0.3004 0.4759 -0.8266
vn -0.2199 0.9248 -0.3104
vn -0.3003 0.3848 -0.8728
vn -0.2199 0.9248 0.3104
vn -0.3005 0.4760 0.8266
vn -0.3004 0.3848 0.8727
vn -0.9370 -0.3494 -0.0000
vn -0.1421 0.9899 -0.0001
vn -0.3307 -0.1515 -0.9315
vn -0.2977 -0.1178 -0.9474
vn -0.2871 -0.1071 -0.9519
vn -0.3290 -0.1347 -0.9347
vn -0.3313 -0.1439 -0.9325
vn -0.3475 -0.2134 -0.9131
vn -0.2782 -0.0231 -0.9602
vn -0.2180 -0.0482 -0.9748
vn -0.3732 0.0178 -0.9276
vn -0.3895 -0.0728 -0.9181
vn -0.3803 -0.0781 -0.9216
vn -0.4129 -0.0593 -0.9088
vn 0.2227 0.0151 -0.9748
vn 0.2735 0.0561 -0.9602
vn 0.3532 0.1221 -0.9276
vn 0.3869 0.0320 -0.9216
vn 0.3943 0.0397 -0.9181
vn 0.4129 0.0593 -0.9088
vn 0.3188 -0.0293 -0.9474
vn 0.3600 -0.0523 -0.9315
vn 0.3057 -0.0220 -0.9519
vn 0.3584 -0.0449 -0.9325
vn 0.3536 -0.0367 -0.9347
vn 0.3935 -0.1070 -0.9131
vn 0.9644 -0.2592 -0.0518
vn 0.9650 -0.2622 -0.0024
vn 0.9644 -0.2591 -0.0528
vn 0.2925 -0.1130 -0.9496
vn 0.3792 -0.1379 -0.9150
vn 0.2743 -0.1078 -0.9556
vn -0.1421 0.9899 -0.0002
vn -0.1422 0.9898 -0.0000
vn 0.4287 -0.1403 -0.8925
vn 0.1432 -0.2053 -0.9682
vn 0.0935 -0.2144 -0.9723
vn -0.0578 0.6349 -0.7704
vn -0.2899 0.8300 -0.4764
vn -0.3383 0.8551 -0.3928
vn -0.0797 -0.2373 -0.9682
vn -0.3719 -0.2553 -0.8925
vn -0.0294 -0.2321 -0.9723
vn -0.1231 0.6256 -0.7704
vn 0.0447 0.8781 -0.4763
vn -0.1604 0.5479 -0.8210
vn -0.3251 -0.2390 -0.9150
vn -0.2489 -0.1908 -0.9496
vn -0.2329 -0.1806 -0.9556
vn -0.1421 0.9899 0.0001
vn -0.2976 -0.1177 0.9474
vn -0.3306 -0.1515 0.9315
vn -0.2871 -0.1071 0.9519
vn -0.2180 -0.0482 0.9748
vn -0.2783 -0.0231 0.9602
vn -0.3733 0.0178 0.9275
vn 0.0447 0.8781 0.4764
vn -0.1231 0.6255 0.7705
vn -0.1604 0.5479 0.8210
vn -0.3312 -0.1439 0.9325
vn -0.3289 -0.1346 0.9347
vn -0.3475 -0.2134 0.9131
vn -0.3803 -0.0781 0.9215
vn -0.3896 -0.0728 0.9181
vn -0.4130 -0.0593 0.9088
vn 0.2735 0.0561 0.9602
vn 0.2228 0.0151 0.9748
vn 0.3532 0.1221 0.9275
vn 0.3943 0.0397 0.9181
vn 0.3869 0.0320 0.9215
vn 0.4130 0.0593 0.9088
vn 0.3599 -0.0523 0.9315
vn 0.3187 -0.0293 0.9474
vn 0.3056 -0.0220 0.9519
vn 0.3535 -0.0366 0.9347
vn 0.3583 -0.0449 0.9325
vn 0.3935 -0.1070 0.9131
vn 0.9650 -0.2622 0.0019
vn 0.9645 -0.2592 0.0513
vn 0.9644 -0.2591 0.0523
vn 0.3791 -0.1379 0.9150
vn 0.2925 -0.1131 0.9496
vn 0.2743 -0.1078 0.9556
vn 0.1440 -0.2051 0.9681
vn 0.4288 -0.1403 0.8924
vn 0.0944 -0.2143 0.9722
vn 0.2487 0.1907 0.9496
vn 0.3250 0.2390 0.9150
vn 0.2327 0.1805 0.9556
vn 0.0806 0.2374 0.9681
vn 0.3720 0.2553 0.8925
vn 0.3764 0.2554 0.8906
vn 0.3312 0.1439 0.9325
vn 0.3289 0.1346 0.9347
vn 0.3475 0.2134 0.9131
vn 0.3896 0.0729 0.9181
vn 0.3803 0.0781 0.9216
vn 0.3584 0.0905 0.9292
vn -0.1442 0.2051 0.9681
vn -0.4288 0.1403 0.8924
vn -0.0947 0.2142 0.9722
vn -0.3943 -0.0397 0.9181
vn -0.3869 -0.0320 0.9215
vn -0.2924 0.1130 0.9496
vn -0.3791 0.1379 0.9150
vn -0.3803 0.1383 0.9145
vn -0.3583 0.0449 0.9325
vn -0.3535 0.0366 0.9347
vn -0.3244 -0.0123 0.9458
vn -0.2735 -0.0561 0.9602
vn -0.2228 -0.0151 0.9748
vn -0.3532 -0.1221 0.9275
vn -0.3187 0.0293 0.9474
vn -0.3599 0.0523 0.9315
vn -0.3829 0.0654 0.9215
vn -0.2488 -0.1908 0.9496
vn -0.3250 -0.2390 0.9150
vn -0.2329 -0.1806 0.9556
vn -0.3720 -0.2553 0.8924
vn -0.0804 -0.2373 0.9681
vn -0.0303 -0.2322 0.9722
vn 0.2783 0.0231 0.9602
vn 0.2180 0.0482 0.9748
vn 0.1528 0.0746 0.9854
vn 0.2976 0.1177 0.9474
vn 0.3306 0.1515 0.9315
vn 0.2871 0.1071 0.9519
vn -0.2900 0.8301 0.4763
vn -0.0578 0.6349 0.7704
vn -0.3383 0.8552 0.3927
vn -0.5200 0.8526 0.0514
vn -0.5232 0.8522 0.0019
vn -0.5200 0.8526 0.0524
vn 0.8781 -0.0448 0.4764
vn 0.6255 0.1231 0.7705
vn 0.5479 0.1604 0.8210
vn 0.9248 0.2199 0.3104
vn 0.4760 0.3004 0.8266
vn 0.3849 0.3003 0.8727
vn 0.8301 0.2900 0.4764
vn 0.6349 0.0578 0.7704
vn 0.8552 0.3383 0.3927
vn 0.9493 0.0491 0.3104
vn 0.5413 -0.1544 0.8265
vn -0.2621 -0.9650 0.0025
vn -0.2591 -0.9645 0.0517
vn -0.2590 -0.9644 0.0527
vn -0.0523 -0.3599 0.9315
vn -0.0293 -0.3187 0.9474
vn -0.0220 -0.3056 0.9519
vn -0.0367 -0.3535 0.9347
vn -0.0449 -0.3583 0.9325
vn -0.1070 -0.3935 0.9131
vn 0.0561 -0.2735 0.9602
vn 0.0151 -0.2228 0.9748
vn 0.1221 -0.3532 0.9275
vn 0.0397 -0.3943 0.9181
vn 0.0320 -0.3869 0.9215
vn 0.0593 -0.4130 0.9088
vn -0.0482 0.2180 0.9748
vn -0.0231 0.2783 0.9602
vn 0.0178 0.3733 0.9275
vn -0.0781 0.3803 0.9215
vn -0.0728 0.3896 0.9181
vn -0.0593 0.4130 0.9088
vn -0.1177 0.2976 0.9474
vn -0.1515 0.3306 0.9315
vn -0.1071 0.2871 0.9519
vn -0.1439 0.3312 0.9325
vn -0.1346 0.3289 0.9347
vn -0.2134 0.3475 0.9131
vn -0.2553 0.3720 0.8924
vn -0.2374 0.0806 0.9681
vn -0.2322 0.0305 0.9722
vn -0.2051 -0.1441 0.9681
vn -0.1403 -0.4288 0.8924
vn -0.2142 -0.0946 0.9722
vn 0.2051 0.1440 0.9681
vn 0.1403 0.4288 0.8924
vn 0.2143 0.0945 0.9722
vn 0.2373 -0.0804 0.9681
vn 0.2553 -0.3720 0.8925
vn 0.2554 -0.3764 0.8906
vn 0.0729 -0.3896 0.9181
vn 0.0781 -0.3803 0.9216
vn 0.0905 -0.3584 0.9292
vn -0.0397 0.3943 0.9181
vn -0.0320 0.3869 0.9215
vn 0.1908 -0.2488 0.9496
vn 0.2390 -0.3250 0.9150
vn 0.1806 -0.2329 0.9556
vn 0.1439 -0.3312 0.9325
vn 0.1346 -0.3289 0.9347
vn 0.2134 -0.3475 0.9131
vn 0.5200 -0.8526 0.0519
vn 0.5232 -0.8522 0.0013
vn 0.5199 -0.8526 0.0529
vn 0.1177 -0.2976 0.9474
vn 0.1515 -0.3306 0.9315
vn 0.1071 -0.2871 0.9519
vn 0.3494 -0.9370 -0.0011
vn -0.9898 -0.1421 0.0001
vn 0.0231 -0.2783 0.9602
vn 0.0482 -0.2180 0.9748
vn 0.0746 -0.1528 0.9854
vn -0.8781 0.0447 0.4764
vn -0.6255 -0.1231 0.7704
vn -0.5479 -0.1604 0.8210
vn -0.0561 0.2735 0.9602
vn -0.0151 0.2227 0.9748
vn -0.1221 0.3532 0.9275
vn -0.6349 -0.0578 0.7704
vn -0.8300 -0.2900 0.4764
vn -0.5709 -0.0002 0.8210
vn 0.0293 0.3187 0.9474
vn 0.0523 0.3599 0.9315
vn 0.0654 0.3829 0.9215
vn -0.9898 -0.1426 -0.0000
vn -0.9899 -0.1413 -0.0079
vn -0.9897 -0.1430 -0.0002
vn -0.9899 -0.1407 -0.0151
vn -0.9898 -0.1423 0.0017
vn -0.9899 -0.1418 -0.0000
vn 0.1907 -0.2489 -0.9496
vn 0.2390 -0.3251 -0.9150
vn 0.2397 -0.3261 -0.9144
vn -0.1130 -0.2924 -0.9496
vn -0.1379 -0.3792 -0.9150
vn -0.1078 -0.2742 -0.9556
vn 0.2372 -0.0797 -0.9682
vn 0.2553 -0.3719 -0.8925
vn 0.2320 -0.0294 -0.9723
vn -0.1403 -0.4287 -0.8925
vn -0.2052 -0.1434 -0.9682
vn -0.2144 -0.0938 -0.9722
vn 0.1437 -0.3310 -0.9326
vn 0.1345 -0.3287 -0.9348
vn 0.0793 -0.3144 -0.9460
vn 0.0728 -0.3895 -0.9181
vn 0.0781 -0.3803 -0.9216
vn 0.0593 -0.4129 -0.9088
vn 0.5287 -0.8488 -0.0011
vn 0.5267 -0.8424 -0.1141
vn 0.5201 -0.8526 -0.0516
vn 0.5231 -0.8523 -0.0029
vn 0.5232 -0.8522 -0.0010
vn 0.3494 -0.9370 0.0006
vn 0.3494 -0.9370 -0.0005
vn 0.1178 -0.2977 -0.9474
vn 0.1515 -0.3307 -0.9315
vn 0.1705 -0.3491 -0.9214
vn -0.9898 -0.1421 -0.0001
vn -0.8781 0.0447 -0.4764
vn -0.6256 -0.1231 -0.7704
vn -0.9158 0.0841 -0.3927
vn 0.0231 -0.2783 -0.9602
vn 0.0482 -0.2180 -0.9748
vn -0.0178 -0.3732 -0.9276
vn -0.6349 -0.0578 -0.7704
vn -0.8301 -0.2900 -0.4764
vn -0.8551 -0.3383 -0.3928
vn -0.0561 0.2736 -0.9602
vn -0.0151 0.2228 -0.9748
vn 0.0286 0.1677 -0.9854
vn -0.0397 0.3943 -0.9181
vn -0.0320 0.3869 -0.9216
vn -0.0140 0.3694 -0.9292
vn 0.0293 0.3187 -0.9474
vn 0.0523 0.3599 -0.9315
vn 0.0220 0.3056 -0.9519
vn 0.0449 0.3584 -0.9325
vn 0.0366 0.3536 -0.9347
vn 0.1070 0.3936 -0.9131
vn 0.1130 0.2924 -0.9496
vn 0.1379 0.3792 -0.9150
vn 0.1078 0.2742 -0.9556
vn 0.2052 0.1433 -0.9682
vn 0.1403 0.4287 -0.8925
vn 0.1392 0.4330 -0.8906
vn -0.0449 -0.3584 -0.9325
vn -0.0367 -0.3536 -0.9347
vn -0.1070 -0.3935 -0.9131
vn 0.0320 -0.3869 -0.9216
vn 0.0397 -0.3943 -0.9181
vn -0.2373 0.0798 -0.9682
vn -0.2553 0.3719 -0.8925
vn -0.2321 0.0296 -0.9722
vn -0.0728 0.3895 -0.9181
vn -0.0781 0.3803 -0.9216
vn -0.0593 0.4129 -0.9088
vn -0.2390 0.3251 -0.9150
vn -0.1908 0.2489 -0.9496
vn -0.1806 0.2329 -0.9556
vn -0.1347 0.3290 -0.9347
vn -0.1439 0.3313 -0.9325
vn -0.2134 0.3475 -0.9131
vn -0.0231 0.2782 -0.9602
vn -0.0482 0.2180 -0.9748
vn 0.0178 0.3733 -0.9276
vn -0.1515 0.3307 -0.9315
vn -0.1178 0.2977 -0.9474
vn -0.1071 0.2871 -0.9519
vn 0.0151 -0.2227 -0.9748
vn 0.0561 -0.2735 -0.9602
vn 0.1221 -0.3532 -0.9276
vn -0.0293 -0.3188 -0.9474
vn -0.0523 -0.3600 -0.9315
vn -0.0220 -0.3057 -0.9519
vn -0.1379 -0.3791 0.9150
vn -0.1130 -0.2924 0.9496
vn -0.1078 -0.2742 0.9556
vn 0.1421 -0.9899 -0.0001
vn -0.0448 -0.8781 -0.4764
vn 0.1231 -0.6255 -0.7704
vn -0.0841 -0.9158 -0.3928
vn 0.2199 -0.9248 -0.3104
vn 0.3004 -0.4759 -0.8266
vn 0.0578 -0.6349 -0.7704
vn 0.2900 -0.8301 -0.4763
vn 0.3383 -0.8552 -0.3927
vn -0.1544 -0.5412 -0.8266
vn 0.0491 -0.9493 -0.3104
vn -0.3188 0.0293 -0.9474
vn -0.3600 0.0523 -0.9315
vn -0.3057 0.0220 -0.9519
vn -0.9645 0.2591 -0.0517
vn -0.9650 0.2623 -0.0016
vn -0.9644 0.2591 -0.0527
vn -0.3584 0.0449 -0.9325
vn -0.3536 0.0367 -0.9347
vn -0.3935 0.1070 -0.9131
vn -0.2735 -0.0561 -0.9602
vn -0.2227 -0.0151 -0.9748
vn -0.1677 0.0286 -0.9854
vn -0.3943 -0.0397 -0.9181
vn -0.3869 -0.0320 -0.9216
vn -0.3693 -0.0140 -0.9292
vn 0.2783 0.0231 -0.9602
vn 0.2180 0.0482 -0.9748
vn 0.3733 -0.0178 -0.9276
vn 0.3895 0.0728 -0.9181
vn 0.3803 0.0781 -0.9216
vn 0.2977 0.1178 -0.9474
vn 0.3307 0.1515 -0.9315
vn 0.3491 0.1705 -0.9214
vn 0.3313 0.1439 -0.9325
vn 0.3290 0.1347 -0.9347
vn 0.3148 0.0795 -0.9458
vn 0.2487 0.1907 -0.9496
vn 0.3251 0.2390 -0.9150
vn 0.3262 0.2397 -0.9144
vn 0.0798 0.2373 -0.9682
vn 0.3719 0.2553 -0.8925
vn 0.0296 0.2321 -0.9723
vn -0.1434 0.2052 -0.9682
vn -0.4287 0.1403 -0.8925
vn -0.4330 0.1392 -0.8906
vn -0.2924 0.1130 -0.9496
vn -0.3792 0.1379 -0.9150
vn -0.2742 0.1078 -0.9556
vn -0.0949 0.9955 -0.0000
vn -0.3815 0.4298 0.8184
vn 0.2934 0.4942 0.8184
vn 0.2232 0.6852 0.6933
vn 0.2231 0.6852 0.6933
vn -0.3486 0.6307 0.6933
vn -0.8587 0.3843 0.3390
vn -0.7529 0.5921 0.2872
vn -0.8587 0.3843 -0.3390
vn -0.7529 0.5921 -0.2872
vn -0.3815 0.4298 -0.8184
vn -0.3486 0.6307 -0.6933
vn 0.2934 0.4941 -0.8184
vn 0.2231 0.6852 -0.6933
vn 0.7706 0.5397 -0.3390
vn 0.6274 0.7238 -0.2872
vn 0.7706 0.5397 0.3390
vn 0.6274 0.7238 0.2872
vn 0.6275 0.7238 0.2872
vn 0.6275 0.7237 0.2872
vn 0.8573 -0.3880 0.3382
vn 0.8573 -0.3880 0.3383
vn 0.8573 -0.3880 -0.3382
vn 0.8573 -0.3880 -0.3383
vn 0.3811 -0.4334 0.8166
vn 0.3900 -0.3166 0.8647
vn 0.3904 -0.3107 0.8666
vn 0.8942 -0.2685 0.3582
vn 0.8956 -0.2625 0.3591
vn -0.2923 -0.4977 0.8166
vn -0.3231 -0.3846 0.8647
vn -0.3246 -0.3788 0.8667
vn -0.8273 -0.4327 0.3582
vn -0.8299 -0.4270 0.3591
vn -0.7685 -0.5431 0.3382
vn -0.8273 -0.4327 -0.3582
vn -0.8299 -0.4270 -0.3590
vn -0.7685 -0.5431 -0.3382
vn -0.7685 -0.5431 -0.3383
vn -0.3231 -0.3846 -0.8647
vn -0.3246 -0.3788 -0.8667
vn -0.2923 -0.4977 -0.8166
vn 0.3900 -0.3166 -0.8647
vn 0.3904 -0.3106 -0.8667
vn 0.3811 -0.4335 -0.8166
vn 0.8942 -0.2685 -0.3582
vn 0.8957 -0.2625 -0.3590
vn 0.8942 -0.2685 -0.3581
vn 0.8958 -0.2621 -0.3591
vn 0.3904 -0.3107 -0.8666
vn 0.3903 -0.3103 -0.8668
vn 0.8958 -0.2621 0.3591
vn 0.9244 0.0057 0.3814
vn 0.9244 0.0057 -0.3814
vn 0.3875 -0.0455 0.9208
vn 0.3903 -0.3104 0.8668
vn -0.3246 -0.3785 0.8668
vn -0.3719 -0.1179 0.9208
vn -0.9088 -0.1691 0.3814
vn -0.8301 -0.4267 0.3590
vn -0.9088 -0.1691 -0.3814
vn -0.8301 -0.4267 -0.3590
vn -0.3719 -0.1179 -0.9208
vn -0.3246 -0.3785 -0.8668
vn 0.3875 -0.0455 -0.9208
vn -0.3784 -0.0618 -0.9236
vn 0.3833 0.0108 -0.9236
vn 0.9218 0.0622 -0.3826
vn 0.0950 -0.9955 -0.0000
vn 0.0949 -0.9955 -0.0000
vn 0.9218 0.0622 0.3826
vn 0.3833 0.0108 0.9236
vn -0.3784 -0.0618 0.9236
vn -0.9170 -0.1132 0.3825
vn -0.9170 -0.1132 0.3826
vn -0.9170 -0.1132 -0.3826
vn -0.2688 0.8813 0.3885
vn -0.2686 0.9184 0.2906
vn 0.9898 -0.1298 -0.0586
vn 0.9897 -0.1305 -0.0580
vn 0.9898 -0.1302 -0.0579
vn 0.5296 0.7759 0.3428
vn 0.5267 0.8143 0.2439
vn 0.5296 0.7755 0.3438
vn -0.1130 0.6579 -0.7445
vn -0.1379 0.7226 -0.6773
vn -0.1382 0.7235 -0.6763
vn 0.1906 0.6181 -0.7626
vn 0.2390 0.6733 -0.6996
vn 0.1805 0.6060 -0.7747
vn -0.2592 0.8998 0.3510
vn -0.2623 0.8799 0.3962
vn -0.2624 0.8791 0.3979
vn -0.0449 0.7109 -0.7018
vn -0.0367 0.7075 -0.7058
vn 0.0123 0.6855 -0.7280
vn 0.8004 0.5461 0.2472
vn 0.8004 0.5461 0.2471
vn 0.8004 0.5462 0.2470
vn -0.2595 0.8799 0.3981
vn -0.2595 0.8797 0.3984
vn -0.2595 0.8800 0.3978
vn 0.0153 -0.4020 0.9155
vn -0.0153 0.4018 -0.9156
vn 0.0153 -0.4019 0.9155
vn 0.8488 -0.4877 -0.2040
vn 0.8423 -0.4324 -0.3219
vn 0.8488 -0.4881 -0.2029
vn 0.8526 -0.4527 -0.2611
vn 0.8523 -0.4758 -0.2175
vn 0.8526 -0.4522 -0.2620
vn 0.8538 -0.4743 -0.2147
vn 0.8537 -0.4744 -0.2147
vn 0.8004 0.5470 0.2454
vn 0.8011 0.5459 0.2455
vn 0.8006 0.5449 0.2492
vn 0.9633 0.2360 0.1282
vn 0.9564 0.2920 0.0060
vn 0.9564 0.2920 0.0059
vn -0.1419 -0.9020 -0.4077
vn -0.1416 -0.8999 -0.4125
vn -0.1418 -0.9020 -0.4078
vn 0.5994 -0.7289 -0.3309
vn 0.5995 -0.7295 -0.3293
vn 0.6002 -0.7284 -0.3305
vn -0.1423 -0.9019 -0.4079
vn -0.1421 -0.9016 -0.4086
vn -0.0114 0.4261 -0.9046
vn 0.0116 -0.4261 0.9046
vn -0.5282 -0.7757 -0.3453
vn -0.5267 -0.7205 -0.4510
vn -0.5282 -0.7762 -0.3443
vn 0.9898 -0.1297 -0.0585
vn 0.9899 -0.1295 -0.0573
vn 0.9898 -0.1297 -0.0587
vn 0.2685 -0.8241 -0.4987
vn 0.2679 -0.8794 -0.3936
vn 0.2678 -0.8799 -0.3925
vn 0.9898 -0.1296 -0.0587
vn 0.9899 -0.1295 -0.0576
vn -0.8008 -0.5459 -0.2464
vn -0.8002 -0.5448 -0.2508
vn -0.8003 -0.5481 -0.2431
vn 0.0153 0.4226 -0.9062
vn -0.0155 -0.4225 0.9062
vn -0.0154 -0.4225 0.9062
vn -0.8493 0.4810 0.2176
vn -0.8423 0.5271 0.1129
vn -0.8493 0.4805 0.2186
vn -0.1420 -0.9014 -0.4091
vn -0.1421 -0.9022 -0.4071
vn -0.1420 -0.9013 -0.4092
vn -0.9565 -0.1976 -0.2145
vn -0.9633 -0.2439 -0.1122
vn -0.9633 -0.2443 -0.1112
vn -0.1420 -0.9018 -0.4083
vn -0.1421 -0.9032 -0.4050
vn -0.5998 0.7295 0.3287
vn -0.5989 0.7298 0.3297
vn -0.6005 0.7288 0.3291
vn -0.0116 -0.3986 0.9171
vn 0.0114 0.3983 -0.9172
vn -0.8004 -0.5461 -0.2472
vn -0.8004 -0.5459 -0.2476
vn -0.8526 0.4952 0.1672
vn -0.8522 0.4774 0.2140
vn -0.8525 0.4955 0.1663
vn -0.8538 0.4743 0.2148
vn -0.8538 0.4744 0.2146
vn -0.8537 0.4744 0.2146
vn -0.9370 0.3183 0.1440
vn -0.9370 0.3183 0.1441
vn -0.1421 -0.9018 -0.4081
vn -0.1421 -0.9018 -0.4082
vn 0.0448 -0.6037 -0.7960
vn -0.1231 -0.2523 -0.9598
vn -0.1604 -0.1607 -0.9739
vn -0.2199 -0.7145 -0.6642
vn -0.3004 -0.0927 -0.9493
vn -0.3003 0.0093 -0.9538
vn -0.0578 -0.2608 -0.9637
vn -0.2899 -0.5598 -0.7763
vn -0.0002 -0.1816 -0.9834
vn 0.1544 -0.1523 -0.9762
vn -0.0491 -0.7369 -0.6743
vn 0.1800 -0.0535 -0.9822
vn -0.1421 -0.9018 -0.4080
vn -0.1421 -0.9019 -0.4080
vn 0.9974 0.0653 0.0296
vn 0.9644 0.2577 0.0593
vn 0.9650 0.2398 0.1064
vn 0.9650 0.2391 0.1082
vn 0.9657 0.2364 0.1070
vn 0.9658 0.2364 0.1069
vn 0.9658 0.2364 0.1068
vn 0.9658 0.2364 0.1070
vn 0.5994 -0.7292 -0.3301
vn 0.5995 -0.7292 -0.3301
vn 0.5994 -0.7292 -0.3302
vn 0.5995 -0.7292 -0.3300
vn 0.5994 -0.7291 -0.3303
vn -0.5207 -0.7778 -0.3521
vn -0.5207 -0.7777 -0.3522
vn -0.5207 -0.7774 -0.3529
vn -0.5207 -0.7778 -0.3520
vn -0.3494 -0.8537 -0.3862
vn -0.3494 -0.8538 -0.3860
vn -0.3494 -0.8536 -0.3863
vn -0.3494 -0.8534 -0.3869
vn -0.3494 -0.8535 -0.3865
vn 0.9899 -0.1295 -0.0586
vn 0.9248 -0.3284 0.1921
vn 0.4759 -0.6145 0.6292
vn 0.9248 -0.0724 -0.3735
vn 0.4759 0.0671 -0.8769
vn 0.3848 0.0862 -0.9190
vn 0.5412 -0.2001 0.8167
vn 0.9493 -0.1727 0.2626
vn 0.5412 0.4815 -0.6894
vn 0.9493 0.0833 -0.3031
vn 0.4538 0.5238 -0.7209
vn -0.0717 0.9088 0.4111
vn -0.0717 0.9086 0.4114
vn -0.0717 0.9087 0.4112
vn -0.2595 0.8798 0.3982
vn -0.2592 0.8573 0.4448
vn -0.2623 0.8783 0.3997
vn -0.2591 0.8569 0.4457
vn -0.0717 0.9087 0.4113
vn -0.2687 0.8731 0.4068
vn -0.2685 0.8244 0.4982
vn -0.2687 0.8735 0.4059
vn 0.0154 0.4222 -0.9063
vn -0.0153 -0.4226 0.9062
vn 0.8522 -0.4774 -0.2141
vn 0.8526 -0.4949 -0.1676
vn 0.8526 -0.4953 -0.1666
vn 0.8424 -0.5266 -0.1138
vn 0.8486 -0.4888 -0.2023
vn 0.8486 -0.4884 -0.2032
vn 0.5992 -0.7278 -0.3336
vn 0.5993 -0.7283 -0.3323
vn 0.0116 0.3986 -0.9171
vn -0.0114 -0.3983 0.9172
vn 0.0115 0.3985 -0.9171
vn 0.9631 0.2362 0.1289
vn 0.9566 0.1981 0.2135
vn 0.9631 0.2366 0.1280
vn -0.1424 -0.9007 -0.4104
vn -0.1421 -0.9020 -0.4076
vn -0.1422 -0.8997 -0.4127
vn 0.8001 0.5440 0.2528
vn 0.8006 0.5482 0.2418
vn -0.1421 -0.9015 -0.4088
vn -0.1421 -0.9019 -0.4078
vn -0.1420 -0.9020 -0.4077
vn -0.1422 -0.9015 -0.4087
vn -0.1427 -0.9043 -0.4024
vn -0.1423 -0.9036 -0.4040
vn -0.8486 0.4834 0.2152
vn -0.8424 0.4327 0.3212
vn -0.8423 0.4327 0.3213
vn -0.9633 -0.2458 -0.1078
vn -0.9565 -0.2915 -0.0070
vn -0.9633 -0.2453 -0.1088
vn -0.7998 -0.5506 -0.2393
vn -0.8006 -0.5423 -0.2551
vn -0.5992 0.7302 0.3284
vn -0.5989 0.7293 0.3308
vn -0.0115 0.4260 -0.9046
vn 0.0114 -0.4261 0.9046
vn -0.0115 0.4261 -0.9046
vn 0.0153 -0.4018 0.9156
vn -0.8526 0.4523 0.2617
vn -0.8522 0.4758 0.2175
vn -0.8522 0.4767 0.2158
vn -0.8537 0.4743 0.2147
vn -0.8537 0.4745 0.2145
vn -0.8005 -0.5458 -0.2476
vn 0.2685 -0.8813 -0.3888
vn 0.2685 -0.9185 -0.2902
vn 0.2685 -0.8809 -0.3897
vn 0.2592 -0.9000 -0.3504
vn 0.2622 -0.8800 -0.3959
vn 0.2591 -0.9004 -0.3494
vn 0.2594 -0.8799 -0.3980
vn 0.2595 -0.8798 -0.3984
vn 0.2595 -0.8799 -0.3981
vn 0.0717 -0.9091 -0.4104
vn 0.0717 -0.9087 -0.4112
vn 0.0717 -0.9088 -0.4111
vn 0.0717 -0.9087 -0.4111
vn 0.0717 -0.9086 -0.4114
vn -0.9898 0.1295 0.0586
vn -0.9899 0.1295 0.0585
vn -0.9899 0.1293 0.0587
vn -0.9899 0.1295 0.0586
vn -0.6349 -0.2649 0.7257
vn -0.8301 0.0678 0.5535
vn -0.8552 0.1463 0.4973
vn -0.5412 -0.4815 0.6894
vn -0.9493 -0.0833 0.3031
vn -0.6256 -0.2055 0.7526
vn -0.8781 -0.2372 0.4156
vn -0.5479 -0.1924 0.8141
vn -0.4760 -0.0671 0.8769
vn -0.9249 0.0724 0.3732
vn -0.3848 -0.0862 0.9190
vn -0.9899 0.1294 0.0587
vn -0.9899 0.1294 0.0586
vn -0.9898 0.1295 0.0589
vn 0.3494 0.8537 0.3862
vn 0.3494 0.8532 0.3874
vn 0.3494 0.8536 0.3865
vn 0.3494 0.8537 0.3863
vn 0.5232 0.7756 0.3533
vn 0.5200 0.7553 0.3988
vn 0.5200 0.7549 0.3998
vn 0.5207 0.7778 0.3519
vn 0.5207 0.7778 0.3521
vn 0.5267 0.7206 0.4509
vn 0.5290 0.7697 0.3574
vn 0.5290 0.7702 0.3564
vn -0.5995 0.7291 0.3301
vn -0.5995 0.7292 0.3301
vn 0.5207 0.7778 0.3520
vn -0.9657 -0.2364 -0.1070
vn -0.9658 -0.2364 -0.1069
vn -0.9974 -0.0654 -0.0296
vn -0.9974 -0.0653 -0.0296
vn 0.1421 0.9017 0.4082
vn 0.1421 0.9018 0.4082
vn 0.1422 0.9019 0.4080
vn 0.1422 0.9018 0.4080
vn -0.1545 0.1523 0.9762
vn 0.0491 0.7369 0.6743
vn 0.0491 0.9929 0.1087
vn -0.1544 0.8339 -0.5299
vn 0.3004 0.0927 0.9493
vn 0.2199 0.7145 0.6642
vn 0.3003 -0.0093 0.9538
vn 0.2199 0.9705 0.0983
vn 0.3004 0.7744 -0.5568
vn 0.3003 0.7104 -0.6365
vn 0.1421 0.9018 0.4081
vn 0.1421 0.9019 0.4080
vn 0.9370 -0.3183 -0.1441
vn 0.9370 -0.3184 -0.1441
vn 0.9370 -0.3183 -0.1440
vn 0.3306 -0.5221 0.7862
vn 0.2976 -0.4979 0.8146
vn 0.2871 -0.4900 0.8231
vn 0.3290 -0.5080 0.7960
vn 0.3313 -0.5155 0.7902
vn 0.3475 -0.5709 0.7439
vn 0.2783 -0.4169 0.8653
vn 0.2180 -0.4458 0.8682
vn 0.3733 -0.3662 0.8524
vn 0.3896 -0.4449 0.8064
vn 0.3803 -0.4511 0.8074
vn 0.4130 -0.4287 0.8035
vn -0.2228 -0.3882 0.8943
vn -0.2735 -0.3448 0.8980
vn -0.3532 -0.2712 0.8954
vn -0.3869 -0.3508 0.8528
vn -0.3943 -0.3424 0.8528
vn -0.4130 -0.3207 0.8524
vn -0.3188 -0.4173 0.8510
vn -0.3599 -0.4317 0.8271
vn -0.3057 -0.4125 0.8582
vn -0.3584 -0.4254 0.8311
vn -0.3536 -0.4188 0.8364
vn -0.3935 -0.4739 0.7878
vn -0.9645 -0.2573 -0.0601
vn -0.9650 -0.2397 -0.1064
vn -0.9644 -0.2576 -0.0592
vn -0.2919 -0.4944 0.8187
vn -0.3791 -0.5029 0.7768
vn -0.2736 -0.4921 0.8264
vn 0.1420 0.9017 0.4084
vn -0.4288 -0.4958 0.7552
vn -0.1445 -0.5859 0.7974
vn -0.0950 -0.5959 0.7974
vn 0.0578 0.2608 0.9637
vn 0.2900 0.5599 0.7762
vn 0.3384 0.6172 0.7103
vn 0.0809 -0.6154 0.7840
vn 0.3720 -0.6005 0.7078
vn 0.0309 -0.6124 0.7899
vn 0.1231 0.2523 0.9598
vn -0.0448 0.6036 0.7960
vn 0.1604 0.1607 0.9739
vn 0.3250 -0.5950 0.7351
vn 0.2487 -0.5653 0.7865
vn 0.2327 -0.5585 0.7962
vn 0.2977 0.2833 -0.9117
vn 0.3307 0.2461 -0.9111
vn 0.2871 0.2949 -0.9114
vn 0.2180 0.3580 -0.9079
vn 0.2783 0.3748 -0.8843
vn 0.3733 0.3986 -0.8377
vn -0.0447 0.9964 -0.0719
vn 0.1231 0.8875 -0.4440
vn 0.1604 0.8377 -0.5221
vn 0.3312 0.2534 -0.9089
vn 0.3290 0.2627 -0.9071
vn 0.3475 0.1821 -0.9198
vn 0.3803 0.3088 -0.8718
vn 0.3895 0.3122 -0.8665
vn 0.4130 0.3207 -0.8524
vn -0.2735 0.4470 -0.8517
vn -0.2228 0.4156 -0.8818
vn -0.3532 0.4936 -0.7947
vn -0.3943 0.4147 -0.8201
vn -0.3869 0.4091 -0.8264
vn -0.4130 0.4287 -0.8035
vn -0.3599 0.3364 -0.8702
vn -0.3188 0.3639 -0.8752
vn -0.3056 0.3724 -0.8763
vn -0.3535 0.3520 -0.8667
vn -0.3583 0.3436 -0.8681
vn -0.3935 0.2790 -0.8760
vn -0.9650 -0.2381 -0.1099
vn -0.9645 -0.2150 -0.1535
vn -0.9644 -0.2146 -0.1543
vn -0.3791 0.2516 -0.8905
vn -0.2924 0.2885 -0.9117
vn -0.2742 0.2958 -0.9151
vn 0.1422 0.9017 0.4084
vn -0.1433 0.2122 -0.9667
vn -0.4288 0.2401 -0.8709
vn -0.0937 0.2056 -0.9741
vn -0.2490 0.5654 -0.7864
vn -0.3251 0.5950 -0.7351
vn -0.2331 0.5586 -0.7960
vn -0.0798 0.6153 -0.7842
vn -0.3719 0.6005 -0.7078
vn -0.3763 0.5998 -0.7061
vn -0.1423 -0.9019 -0.4078
vn -0.1425 -0.9019 -0.4078
vn -0.3313 0.5156 -0.7902
vn -0.3290 0.5080 -0.7960
vn -0.3475 0.5709 -0.7439
vn -0.3895 0.4449 -0.8064
vn -0.3803 0.4511 -0.8074
vn -0.3584 0.4656 -0.8092
vn 0.1438 0.5861 -0.7974
vn 0.4287 0.4958 -0.7552
vn 0.0942 0.5961 -0.7974
vn 0.3943 0.3424 -0.8528
vn 0.3869 0.3508 -0.8528
vn 0.4129 0.3207 -0.8524
vn 0.2921 0.4945 -0.8186
vn 0.3792 0.5029 -0.7767
vn 0.3804 0.5030 -0.7761
vn 0.3584 0.4254 -0.8310
vn 0.3536 0.4188 -0.8364
vn 0.3244 0.3788 -0.8668
vn 0.2735 0.3448 -0.8980
vn 0.2227 0.3882 -0.8943
vn 0.3532 0.2712 -0.8954
vn 0.3188 0.4173 -0.8510
vn 0.3599 0.4317 -0.8271
vn 0.3830 0.4395 -0.8125
vn 0.2487 0.2178 -0.9438
vn 0.3250 0.1596 -0.9322
vn 0.2328 0.2296 -0.9450
vn -0.1420 -0.9021 -0.4075
vn 0.3720 0.1354 -0.9183
vn 0.0801 0.1830 -0.9798
vn 0.0299 0.1894 -0.9814
vn -0.2783 0.4169 -0.8653
vn -0.2180 0.4458 -0.8682
vn -0.1528 0.4743 -0.8670
vn -0.2977 0.4979 -0.8146
vn -0.3307 0.5221 -0.7862
vn -0.2871 0.4900 -0.8231
vn 0.2900 0.9526 -0.0917
vn 0.0578 0.8961 -0.4401
vn 0.3383 0.9410 -0.0052
vn 0.5201 0.7978 0.3049
vn 0.5231 0.7774 0.3493
vn 0.5200 0.7982 0.3040
vn 0.3494 0.8538 0.3859
vn -0.9898 0.1295 0.0585
vn -0.9899 0.1294 0.0588
vn -0.8781 0.1556 -0.4525
vn -0.6255 0.4298 -0.6511
vn -0.5479 0.4846 -0.6819
vn -0.9249 0.3283 -0.1920
vn -0.4759 0.6145 -0.6291
vn -0.3848 0.6335 -0.6713
vn -0.8300 0.4606 -0.3144
vn -0.6349 0.3703 -0.6781
vn -0.8551 0.4702 -0.2183
vn -0.9493 0.1727 -0.2626
vn -0.5412 0.2001 -0.8167
vn -0.9899 0.1295 0.0584
vn 0.0717 -0.9086 -0.4115
vn 0.2623 -0.8785 -0.3993
vn 0.2592 -0.8573 -0.4449
vn 0.2591 -0.8568 -0.4458
vn 0.2597 -0.8801 -0.3976
vn 0.0523 0.0562 -0.9970
vn 0.0292 0.1002 -0.9945
vn 0.0220 0.1141 -0.9932
vn 0.0367 0.0633 -0.9973
vn 0.0449 0.0580 -0.9973
vn 0.1070 0.0180 -0.9941
vn -0.0561 0.1467 -0.9876
vn -0.0151 0.1989 -0.9799
vn -0.1221 0.0606 -0.9907
vn -0.0397 0.0193 -0.9990
vn -0.0320 0.0274 -0.9991
vn -0.0593 -0.0016 -0.9982
vn 0.0482 0.6005 -0.7982
vn 0.0231 0.6494 -0.7601
vn -0.0178 0.7225 -0.6911
vn 0.0781 0.7264 -0.6828
vn 0.0728 0.7335 -0.6758
vn 0.0593 0.7509 -0.6577
vn 0.1177 0.6618 -0.7404
vn 0.1515 0.6853 -0.7123
vn 0.1070 0.6540 -0.7489
vn 0.1439 0.6862 -0.7130
vn 0.1346 0.6851 -0.7159
vn 0.2134 0.6931 -0.6886
vn 0.2553 0.7068 -0.6597
vn 0.2373 0.4720 -0.8491
vn 0.2321 0.4279 -0.8735
vn 0.2053 0.2689 -0.9410
vn 0.1403 -0.0227 -0.9898
vn 0.2144 0.3158 -0.9243
vn -0.2052 0.5298 -0.8229
vn -0.1403 0.7586 -0.6362
vn -0.2144 0.4862 -0.8471
vn 0.9899 -0.1294 -0.0586
vn 0.9898 -0.1298 -0.0583
vn -0.2372 0.3269 -0.9148
vn -0.2553 0.0291 -0.9664
vn -0.2554 0.0243 -0.9665
vn 0.9899 -0.1293 -0.0586
vn -0.0728 0.0236 -0.9971
vn -0.0781 0.0335 -0.9964
vn -0.0905 0.0565 -0.9943
vn 0.0397 0.7378 -0.6738
vn 0.0320 0.7325 -0.6800
vn 0.0593 0.7510 -0.6577
vn -0.1908 0.1646 -0.9677
vn -0.2390 0.0811 -0.9676
vn -0.1807 0.1816 -0.9666
vn -0.1439 0.0827 -0.9861
vn -0.1346 0.0857 -0.9872
vn -0.2134 0.0599 -0.9751
vn -0.5201 -0.7555 -0.3984
vn -0.5232 -0.7755 -0.3534
vn -0.5200 -0.7551 -0.3993
vn -0.1177 0.1194 -0.9858
vn -0.1515 0.0828 -0.9850
vn -0.1070 0.1309 -0.9856
vn -0.3494 -0.8536 -0.3864
vn -0.3494 -0.8537 -0.3861
vn -0.0231 0.1423 -0.9895
vn -0.0482 0.2033 -0.9779
vn -0.0747 0.2670 -0.9608
vn 0.8781 0.2371 -0.4156
vn 0.6256 0.2054 -0.7526
vn 0.5479 0.1923 -0.8141
vn 0.0561 0.6451 -0.7620
vn 0.0151 0.6049 -0.7962
vn 0.1221 0.7043 -0.6994
vn 0.6349 0.2649 -0.7257
vn 0.8301 -0.0678 -0.5536
vn 0.5710 0.3383 -0.7480
vn 0.9898 -0.1295 -0.0586
vn -0.0293 0.6810 -0.7317
vn -0.0523 0.7120 -0.7003
vn -0.0654 0.7288 -0.6816
vn -0.0717 0.9086 0.4115
vn 0.9898 -0.1299 -0.0583
vn 0.9899 -0.1294 -0.0585
vn 0.9899 -0.1294 -0.0581
vn 0.9899 -0.1287 -0.0592
vn 0.9899 -0.1287 -0.0600
vn 0.9898 -0.1295 -0.0588
vn 0.9898 -0.1294 -0.0587
vn 0.9899 -0.1292 -0.0591
vn 0.9898 -0.1296 -0.0586
vn 0.9900 -0.1290 -0.0579
vn 0.9899 -0.1289 -0.0593
vn -0.1905 -0.6179 0.7629
vn -0.2390 -0.6733 0.6996
vn -0.2397 -0.6741 0.6987
vn 0.1129 -0.6574 0.7450
vn 0.1379 -0.7227 0.6773
vn 0.1076 -0.6432 0.7581
vn -0.2374 -0.4727 0.8486
vn -0.2553 -0.7069 0.6597
vn -0.2322 -0.4288 0.8731
vn 0.1403 -0.7586 0.6363
vn 0.2050 -0.5308 0.8223
vn 0.2141 -0.4875 0.8465
vn -0.1439 -0.6862 0.7130
vn -0.1346 -0.6851 0.7159
vn -0.0795 -0.6767 0.7319
vn -0.0728 -0.7335 0.6758
vn -0.0781 -0.7264 0.6828
vn -0.0593 -0.7510 0.6577
vn -0.5286 -0.7766 -0.3427
vn -0.5267 -0.8144 -0.2437
vn -0.5201 -0.7978 -0.3050
vn -0.5232 -0.7776 -0.3488
vn -0.5233 -0.7768 -0.3505
vn -0.3494 -0.8533 -0.3870
vn -0.3494 -0.8540 -0.3855
vn -0.1178 -0.6618 0.7404
vn -0.1515 -0.6853 0.7123
vn -0.1705 -0.6979 0.6956
vn 0.9899 -0.1295 -0.0585
vn 0.8781 -0.1556 0.4525
vn 0.6256 -0.4298 0.6511
vn 0.9158 -0.0853 0.3925
vn -0.0231 -0.6494 0.7601
vn -0.0482 -0.6005 0.7982
vn 0.0178 -0.7225 0.6911
vn 0.6349 -0.3703 0.6780
vn 0.8301 -0.4606 0.3144
vn 0.8551 -0.4702 0.2183
vn 0.0561 -0.1467 0.9876
vn 0.0151 -0.1990 0.9799
vn -0.0286 -0.2535 0.9669
vn 0.0397 -0.0193 0.9990
vn 0.0320 -0.0274 0.9991
vn 0.0139 -0.0466 0.9988
vn -0.0292 -0.1002 0.9945
vn -0.0523 -0.0562 0.9971
vn -0.0220 -0.1140 0.9932
vn -0.0449 -0.0580 0.9973
vn -0.0367 -0.0633 0.9973
vn -0.1070 -0.0180 0.9941
vn -0.1130 -0.1250 0.9857
vn -0.1379 -0.0319 0.9899
vn -0.1078 -0.1440 0.9837
vn -0.2051 -0.2681 0.9413
vn -0.1403 0.0227 0.9898
vn -0.1392 0.0274 0.9899
vn 0.0449 -0.7109 0.7018
vn 0.0367 -0.7075 0.7058
vn 0.1070 -0.7350 0.6696
vn -0.0320 -0.7325 0.6800
vn -0.0397 -0.7378 0.6738
vn 0.2373 -0.3258 0.9152
vn 0.2553 -0.0291 0.9664
vn 0.2321 -0.3732 0.8982
vn 0.0728 -0.0236 0.9971
vn 0.0781 -0.0335 0.9964
vn 0.0593 0.0015 0.9982
vn 0.2390 -0.0811 0.9676
vn 0.1907 -0.1649 0.9677
vn 0.1805 -0.1819 0.9666
vn 0.1346 -0.0857 0.9872
vn 0.1439 -0.0827 0.9861
vn 0.2134 -0.0598 0.9751
vn 0.0231 -0.1423 0.9895
vn 0.0482 -0.2033 0.9779
vn -0.0178 -0.0423 0.9989
vn 0.1515 -0.0828 0.9850
vn 0.1177 -0.1194 0.9858
vn 0.1070 -0.1309 0.9856
vn -0.0151 -0.6048 0.7962
vn -0.0561 -0.6451 0.7620
vn -0.1221 -0.7043 0.6994
vn 0.0293 -0.6810 0.7317
vn 0.0524 -0.7120 0.7003
vn 0.0220 -0.6709 0.7413
vn 0.1379 0.0319 -0.9899
vn 0.1131 0.1250 -0.9857
vn 0.1078 0.1440 -0.9837
vn -0.1421 -0.9017 -0.4082
vn -0.1420 -0.9018 -0.4082
vn 0.0448 -0.9964 0.0720
vn -0.1231 -0.8876 0.4439
vn 0.0841 -0.9963 -0.0197
vn -0.2199 -0.9705 -0.0985
vn -0.3004 -0.7744 0.5568
vn -0.0578 -0.8961 0.4401
vn -0.2900 -0.9526 0.0917
vn -0.3383 -0.9410 0.0052
vn 0.1544 -0.8338 0.5300
vn -0.0491 -0.9929 -0.1085
vn -0.1422 -0.9018 -0.4081
vn 0.3188 -0.3639 0.8752
vn 0.3599 -0.3364 0.8702
vn 0.3056 -0.3724 0.8763
vn 0.9644 0.2147 0.1541
vn 0.9650 0.2381 0.1099
vn 0.9644 0.2143 0.1550
vn 0.3584 -0.3436 0.8681
vn 0.3536 -0.3520 0.8667
vn 0.3935 -0.2790 0.8760
vn 0.2735 -0.4470 0.8517
vn 0.2228 -0.4156 0.8818
vn 0.1677 -0.3802 0.9096
vn 0.3943 -0.4147 0.8201
vn 0.3869 -0.4091 0.8264
vn 0.3694 -0.3958 0.8408
vn -0.2783 -0.3749 0.8843
vn -0.2180 -0.3580 0.9079
vn -0.3733 -0.3986 0.8377
vn -0.3895 -0.3122 0.8665
vn -0.3803 -0.3088 0.8718
vn -0.4129 -0.3207 0.8524
vn -0.2977 -0.2833 0.9117
vn -0.3307 -0.2461 0.9111
vn -0.3491 -0.2246 0.9098
vn -0.3313 -0.2534 0.9089
vn -0.3290 -0.2627 0.9070
vn -0.3148 -0.3175 0.8945
vn -0.2481 -0.2182 0.9438
vn -0.3250 -0.1595 0.9322
vn -0.3261 -0.1586 0.9319
vn -0.0809 -0.1829 0.9798
vn -0.3719 -0.1354 0.9183
vn -0.0309 -0.1893 0.9814
vn 0.1443 -0.2123 0.9665
vn 0.4288 -0.2401 0.8709
vn 0.4330 -0.2404 0.8687
vn 0.2923 -0.2886 0.9117
vn 0.3791 -0.2516 0.8905
vn 0.2741 -0.2958 0.9151
vn 0.0949 0.9069 0.4104
vn 0.3815 0.7290 -0.5684
vn -0.2934 0.7876 -0.5418
vn -0.2231 0.9101 -0.3491
vn -0.2231 0.9101 -0.3492
vn 0.3486 0.8604 -0.3716
vn 0.8587 0.4899 -0.1504
vn 0.7529 0.6579 -0.0175
vn 0.8587 0.2103 0.4673
vn 0.8587 0.2104 0.4673
vn 0.7529 0.4210 0.5058
vn 0.7529 0.4211 0.5058
vn 0.3815 0.0542 0.9228
vn 0.3815 0.0541 0.9228
vn 0.3486 0.2887 0.8917
vn -0.2934 0.1128 0.9493
vn -0.2231 0.3384 0.9142
vn -0.7706 0.3519 0.5313
vn -0.6275 0.5410 0.5600
vn -0.6275 0.5410 0.5601
vn -0.6274 0.5410 0.5600
vn -0.7706 0.6314 -0.0863
vn -0.6275 0.7778 0.0367
vn -0.6275 0.7778 0.0368
vn -0.8573 -0.2140 -0.4681
vn -0.8573 -0.2141 -0.4681
vn -0.8573 -0.4930 0.1482
vn -0.3811 -0.0582 -0.9227
vn -0.3900 0.0680 -0.9183
vn -0.3904 0.0743 -0.9176
vn -0.8942 -0.0970 -0.4370
vn -0.8957 -0.0911 -0.4353
vn 0.2923 -0.1167 -0.9492
vn 0.3231 0.0061 -0.9463
vn 0.3246 0.0122 -0.9458
vn 0.8273 -0.2465 -0.5047
vn 0.8298 -0.2409 -0.5033
vn 0.7685 -0.3553 -0.5321
vn 0.8273 -0.5419 0.1479
vn 0.8298 -0.5372 0.1512
vn 0.7685 -0.6342 0.0843
vn 0.3231 -0.7069 0.6292
vn 0.3248 -0.7024 0.6333
vn 0.2923 -0.7901 0.5388
vn -0.3900 -0.6450 0.6572
vn -0.3906 -0.6402 0.6615
vn -0.3811 -0.7316 0.5653
vn -0.8942 -0.3923 0.2156
vn -0.8956 -0.3872 0.2189
vn -0.8957 -0.3869 0.2190
vn -0.8958 -0.3868 0.2190
vn -0.3903 -0.6401 0.6618
vn -0.8957 -0.0908 -0.4352
vn -0.9244 0.1624 -0.3451
vn -0.9244 0.1625 -0.3451
vn -0.9244 -0.1521 0.3498
vn -0.3875 0.3382 -0.8576
vn -0.3903 0.0747 -0.9177
vn -0.3903 0.0746 -0.9177
vn 0.3246 0.0125 -0.9458
vn 0.3719 0.2722 -0.8875
vn 0.9088 0.0032 -0.4172
vn 0.8301 -0.2407 -0.5031
vn 0.9088 -0.3113 0.2777
vn 0.8301 -0.5368 0.1512
vn 0.8301 -0.5368 0.1511
vn 0.3719 -0.4871 0.7902
vn 0.3246 -0.7022 0.6337
vn 0.3246 -0.7023 0.6336
vn -0.3875 -0.4211 0.8201
vn 0.3784 -0.4371 0.8159
vn -0.3833 -0.3710 0.8459
vn -0.3832 -0.3710 0.8459
vn -0.9218 -0.1011 0.3742
vn -0.0949 -0.9069 -0.4104
vn -0.0950 -0.9069 -0.4104
vn -0.0950 -0.9069 -0.4105
vn -0.9218 0.2144 -0.3229
vn -0.3833 0.3906 -0.8370
vn -0.3832 0.3906 -0.8370
vn 0.3784 0.3244 -0.8669
vn 0.3784 0.3245 -0.8669
vn 0.9170 0.0546 -0.3952
vn 0.9170 -0.2609 0.3019
vn 0.7954 0.6044 -0.0444
vn 0.7914 0.6089 -0.0549
vn -0.4351 -0.2169 -0.8739
vn -0.3518 -0.1804 -0.9185
vn 0.5647 0.6386 -0.5228
vn 0.7087 0.5671 -0.4197
vn -0.3541 -0.2342 -0.9054
vn 0.6372 0.5636 -0.5258
vn 0.3237 0.4044 -0.8554
vn 0.3234 0.3627 -0.8740
vn 0.5586 0.5176 -0.6481
vn 0.2781 0.2662 -0.9229
vn 0.1669 0.3177 -0.9334
vn -0.0835 0.3653 -0.9271
vn -0.1200 0.1429 -0.9824
vn 0.2013 0.2521 -0.9465
vn -0.4400 -0.5942 -0.6734
vn 0.0044 0.1533 -0.9882
vn -0.0023 0.1293 -0.9916
vn -0.0222 0.0379 -0.9990
vn -0.0174 0.0129 -0.9998
vn 0.6836 0.5829 0.4392
vn 0.8662 0.2750 0.4173
vn 0.7024 -0.6408 0.3097
vn -0.0485 -0.1321 -0.9901
vn -0.1360 -0.9907 0.0021
vn 0.0601 -0.1204 -0.9909
vn 0.3999 -0.8988 0.1793
vn 0.0282 -0.0007 0.9996
vn -0.7640 -0.3833 0.5190
vn -0.8756 0.2574 0.4087
vn 0.0038 -0.0015 -1.0000
vn 0.0103 0.0333 -0.9994
vn -0.6331 0.7125 0.3026
vn -0.0381 0.1294 -0.9909
vn 0.0018 0.0193 -0.9998
vn -0.0215 0.1048 -0.9943
vn 0.4324 -0.5833 -0.6876
vn -0.1979 0.2631 -0.9443
vn 0.5921 -0.2781 -0.7564
vn 0.7834 -0.1333 -0.6070
vn -0.3705 0.1124 -0.9220
vn -0.3073 -0.1940 -0.9316
vn 0.8993 0.2538 -0.3563
vn 0.8698 0.4084 -0.2769
vn -0.1627 -0.2561 -0.9529
vn 0.0789 -0.4507 -0.8892
vn 0.5095 0.6705 -0.5393
vn 0.6966 -0.6413 -0.3217
vn 0.2995 -0.8887 -0.3472
vn -0.1611 0.2491 -0.9550
vn -0.4135 0.9103 -0.0209
vn 0.2996 -0.8886 0.3472
vn 0.5095 0.6705 0.5393
vn 0.0789 -0.4507 0.8892
vn -0.1627 -0.2561 0.9529
vn 0.8698 0.4084 0.2769
vn 0.8993 0.2538 0.3563
vn -0.3073 -0.1940 0.9316
vn -0.4356 0.0818 0.8964
vn 0.9074 -0.0107 0.4201
vn 0.7728 -0.2415 0.5869
vn -0.3774 0.2452 0.8930
vn -0.2013 0.2521 0.9465
vn 0.4400 -0.5942 0.6734
vn -0.0044 0.1533 0.9882
vn 0.0023 0.1293 0.9916
vn 0.0222 0.0379 0.9990
vn 0.0174 0.0129 0.9998
vn -0.6836 0.5829 -0.4392
vn -0.8662 0.2750 -0.4173
vn -0.7024 -0.6408 -0.3097
vn 0.0485 -0.1321 0.9901
vn 0.1360 -0.9907 -0.0021
vn -0.0601 -0.1204 0.9909
vn -0.3999 -0.8988 -0.1793
vn -0.0282 -0.0007 -0.9996
vn 0.7640 -0.3833 -0.5190
vn 0.8756 0.2574 -0.4087
vn -0.0038 -0.0015 1.0000
vn -0.0103 0.0333 0.9994
vn -0.0001 1.0000 -0.0000
vn 0.0014 0.0001 -1.0000
vn 0.6331 0.7125 -0.3027
vn 0.0381 0.1294 0.9909
vn -0.0018 0.0193 0.9998
vn 0.0215 0.1048 0.9943
vn -0.4324 -0.5833 0.6876
vn 0.1200 0.1429 0.9824
vn 0.1581 0.1940 0.9682
vn -0.1669 0.3177 0.9334
vn 0.0835 0.3653 0.9271
vn 0.3060 0.2529 0.9178
vn 0.3106 0.3640 0.8781
vn 0.2726 0.4059 0.8723
vn 0.1320 0.3317 0.9341
vn 0.7087 0.5671 0.4197
vn 0.7074 0.5701 0.4178
vn -0.4087 -0.2346 0.8820
vn -0.3246 -0.2054 0.9233
vn -0.3277 -0.2689 0.9057
vn 0.6478 0.5264 0.5507
vn 0.5811 0.3600 0.7298
vn -0.3948 -0.1837 0.9002
vn 0.8576 0.4968 0.1329
vn 0.7441 0.6639 0.0752
vn 0.8563 0.4980 -0.1368
vn 0.7363 0.6684 -0.1054
vn 0.7628 0.6419 -0.0785
vn 0.7679 0.6383 0.0527
vn 0.7914 0.6089 0.0549
vn 0.7954 0.6044 0.0444
vn -0.5754 -0.3765 0.7261
vn -0.4241 -0.5179 0.7429
vn 0.6155 0.7666 0.1833
vn 0.1471 0.3661 0.9189
vn 0.5647 0.6386 0.5228
vn 0.4187 -0.4514 0.7880
vn -0.1471 0.3661 0.9189
vn -0.5647 0.6386 0.5228
vn 0.4351 -0.2169 0.8739
vn -0.7954 0.6044 0.0444
vn -0.6155 0.7666 0.1833
vn 0.6832 -0.7301 0.0118
vn 0.8048 -0.5931 -0.0228
vn -0.6155 0.7665 -0.1832
vn -0.7954 0.6044 -0.0444
vn 0.4241 -0.5179 -0.7429
vn 0.5754 -0.3765 -0.7260
vn -0.1471 0.3661 -0.9189
vn -0.5647 0.6386 -0.5228
vn -0.7087 0.5671 -0.4197
vn 0.4086 -0.2346 -0.8820
vn 0.3246 -0.2054 -0.9233
vn -0.7074 0.5701 -0.4178
vn 0.3277 -0.2689 -0.9057
vn -0.6478 0.5264 -0.5507
vn -0.3106 0.3640 -0.8781
vn -0.3060 0.2529 -0.9178
vn -0.5811 0.3600 -0.7299
vn -0.2727 0.2200 -0.9366
vn -0.5527 0.0075 -0.8333
vn -0.2533 0.1049 -0.9617
vn 0.4503 0.1010 -0.8871
vn 0.3948 -0.1837 -0.9002
vn 0.3785 0.2660 -0.8866
vn -0.5189 -0.3302 -0.7885
vn -0.9760 -0.1193 -0.1824
vn -0.8130 -0.5626 -0.1503
vn 0.2723 0.3373 -0.9012
vn -0.6266 -0.7694 -0.1245
vn 0.0463 0.4228 -0.9050
vn -0.1280 -0.9877 -0.0899
vn -0.2729 0.3523 -0.8952
vn 0.5096 -0.8590 -0.0491
vn 0.5096 -0.8590 0.0491
vn -0.1280 -0.9877 0.0899
vn -0.6266 -0.7694 0.1245
vn 0.0200 0.3237 0.9460
vn 0.2395 0.3052 0.9217
vn -0.4491 -0.5004 0.7402
vn -0.2037 -0.8044 0.5581
vn -0.1653 -0.2179 0.9619
vn 0.0808 -0.4501 0.8893
vn 0.4362 -0.8136 0.3843
vn -0.5190 -0.3302 0.7885
vn -0.2162 -0.1356 0.9669
vn -0.5877 -0.0393 0.8081
vn -0.2705 0.0525 0.9613
vn 0.4442 0.0997 0.8903
vn 0.3468 0.2486 0.9044
vn -0.9779 -0.1295 0.1641
vn -0.8130 -0.5626 0.1504
vn 0.4431 -0.2075 0.8721
vn -0.8563 0.4980 0.1368
vn -0.7363 0.6684 0.1054
vn 0.3509 -0.2873 0.8912
vn -0.5658 0.3650 0.7393
vn -0.5586 0.5176 0.6482
vn -0.2781 0.2662 0.9229
vn -0.2699 0.2237 0.9366
vn -0.3234 0.3627 0.8740
vn -0.6372 0.5636 0.5258
vn -0.7087 0.5671 0.4197
vn -0.3237 0.4044 0.8554
vn -0.0809 0.3492 0.9336
vn 0.3518 -0.1804 0.9185
vn 0.3541 -0.2342 0.9054
vn -0.7914 0.6089 0.0549
vn -0.7628 0.6419 0.0785
vn 0.7648 -0.6436 -0.0288
vn 0.7916 -0.6108 0.0143
vn -0.7679 0.6383 -0.0527
vn -0.7914 0.6089 -0.0549
vn -0.7441 0.6639 -0.0752
vn -0.8576 0.4968 -0.1329
vn 0.8641 -0.5024 0.0305
vn 0.9912 0.1313 -0.0146
vn 0.8193 0.5729 0.0230
vn -0.2213 0.2372 0.9459
vn -0.2037 -0.8044 -0.5581
vn 0.4362 -0.8136 -0.3844
vn 0.0809 -0.4501 -0.8893
vn -0.4491 -0.5004 -0.7402
vn -0.1653 -0.2179 -0.9619
vn -0.2162 -0.1356 -0.9669
vn -0.2726 0.4059 -0.8723
vn -0.1320 0.3317 -0.9341
vn 0.1471 0.3661 -0.9189
vn 0.0809 0.3492 -0.9336
vn -0.4187 -0.4514 -0.7880
vn 0.6155 0.7666 -0.1832
vn -0.3509 -0.2873 -0.8912
vn -0.4431 -0.2074 -0.8722
vn 0.5658 0.3650 -0.7393
vn 0.5877 -0.0393 -0.8081
vn -0.4442 0.0997 -0.8903
vn -0.3468 0.2486 -0.9044
vn 0.5190 -0.3302 -0.7885
vn 0.2705 0.0525 -0.9613
vn 0.2162 -0.1356 -0.9669
vn 0.4356 0.0818 -0.8964
vn 0.3073 -0.1940 -0.9316
vn -0.9074 -0.0107 -0.4201
vn -0.8993 0.2538 -0.3563
vn -0.8698 0.4084 -0.2769
vn 0.1627 -0.2561 -0.9529
vn -0.0789 -0.4507 -0.8892
vn -0.5095 0.6705 -0.5393
vn -0.2995 -0.8887 -0.3472
vn 0.1611 0.2491 0.9550
vn -0.2995 -0.8887 0.3472
vn -0.6966 -0.6412 0.3217
vn -0.5095 0.6705 0.5393
vn -0.0789 -0.4507 0.8892
vn 0.1627 -0.2561 0.9529
vn -0.8698 0.4084 0.2769
vn -0.8993 0.2538 0.3563
vn 0.3073 -0.1940 0.9316
vn 0.3705 0.1124 0.9220
vn -0.7834 -0.1333 0.6070
vn -0.5921 -0.2781 0.7564
vn 0.1979 0.2631 0.9443
vn 0.2533 0.1049 0.9617
vn 0.2727 0.2200 0.9366
vn 0.5527 0.0075 0.8333
vn 0.5190 -0.3302 0.7885
vn 0.2162 -0.1356 0.9669
vn -0.3785 0.2660 0.8866
vn -0.4503 0.1010 0.8872
vn 0.9760 -0.1193 0.1824
vn 0.8130 -0.5625 0.1503
vn -0.2723 0.3373 0.9012
vn 0.6266 -0.7694 0.1245
vn -0.0463 0.4228 0.9050
vn 0.1280 -0.9877 0.0899
vn 0.2729 0.3523 0.8952
vn -0.5096 -0.8590 0.0491
vn -0.5096 -0.8590 -0.0491
vn 0.1280 -0.9877 -0.0899
vn 0.6266 -0.7694 -0.1245
vn -0.0200 0.3237 -0.9460
vn -0.2395 0.3051 -0.9217
vn 0.4491 -0.5004 -0.7402
vn 0.2037 -0.8044 -0.5581
vn 0.1653 -0.2179 -0.9619
vn -0.0808 -0.4501 -0.8893
vn -0.4362 -0.8136 -0.3844
vn 0.2212 0.2372 -0.9459
vn 0.8130 -0.5626 -0.1503
vn -0.9913 0.1313 -0.0076
vn 0.9779 -0.1295 -0.1641
vn 0.2037 -0.8044 0.5581
vn -0.4362 -0.8136 0.3844
vn -0.0808 -0.4501 0.8893
vn 0.4491 -0.5004 0.7402
vn 0.1653 -0.2179 0.9619
vn -0.0899 -0.1110 0.9897
vn -0.2010 -0.4257 0.8823
vn -0.4561 -0.8381 0.2992
vn 0.7484 0.6370 -0.1850
vn -0.0308 -0.9986 0.0441
vn 0.2228 0.3598 0.9060
vn -0.1291 -0.9546 0.2683
vn 0.0428 -0.8958 0.4423
vn -0.4027 -0.9148 0.0310
vn -0.4027 -0.9148 -0.0310
vn 0.1670 0.2679 -0.9489
vn 0.0428 -0.8958 -0.4423
vn -0.1291 -0.9546 -0.2683
vn 0.6291 -0.0929 -0.7718
vn 0.7023 0.7087 0.0668
vn -0.3027 -0.9294 0.2111
vn -0.2038 -0.0431 -0.9781
vn -0.7484 0.6370 0.1850
vn -0.4561 -0.8381 -0.2992
vn 0.4561 -0.8381 -0.2992
vn 0.0308 -0.9986 -0.0441
vn 0.2010 -0.4257 -0.8823
vn -0.2228 0.3598 -0.9060
vn 0.1291 -0.9546 -0.2683
vn -0.0428 -0.8958 -0.4423
vn 0.4027 -0.9148 -0.0310
vn 0.4027 -0.9148 0.0310
vn -0.1670 0.2679 0.9489
vn -0.0428 -0.8958 0.4423
vn 0.1291 -0.9546 0.2683
vn -0.6291 -0.0929 0.7718
vn -0.7023 0.7087 -0.0668
vn 0.3028 -0.9294 -0.2111
vn 0.2038 -0.0431 0.9781
vn 0.4561 -0.8381 0.2992
vn 0.0899 -0.1110 0.9897
vn 0.0899 -0.1110 -0.9897
vn -0.0899 -0.1110 -0.9897
vn -0.7728 -0.2415 -0.5869
vn 0.3774 0.2452 -0.8930
vn 0.2699 0.2237 -0.9366
vn 0.0103 0.0333 0.9994
vn -0.0103 0.0333 -0.9994
vn -0.8339 0.5518 -0.0000
vn -0.8340 0.5518 -0.0002
vn -0.8341 0.5516 -0.0002
vn -0.8339 0.5519 0.0001
vn -0.8342 0.5514 -0.0000
vn -0.8341 0.5515 -0.0000
vn -0.8339 0.5519 -0.0001
vn -0.3501 -0.5291 -0.7730
vn -0.4865 -0.7356 0.4715
vn 0.3500 0.5292 -0.7730
vn 0.1602 0.2421 -0.9570
vn 0.4866 0.7356 -0.4714
vn 0.1602 0.2421 0.9570
vn -0.5492 -0.8300 0.0979
vn -0.5492 -0.8299 -0.0979
vn -0.2600 -0.3932 -0.8819
vn -0.3500 -0.5290 -0.7730
vn -0.4265 -0.6448 -0.6343
vn -0.4866 -0.7355 -0.4715
vn 0.8672 -0.4968 0.0343
vn 0.8703 -0.4921 0.0212
vn 0.8718 -0.4899 0.0070
vn 0.8573 -0.5118 -0.0563
vn -0.3501 -0.5291 0.7730
vn 0.8434 -0.5327 -0.0696
vn 0.8357 -0.5443 -0.0723
vn 0.8202 -0.5678 -0.0697
vn 0.3501 0.5291 0.7730
vn 0.7965 -0.6037 -0.0343
vn 0.7934 -0.6084 -0.0212
vn 0.7919 -0.6106 -0.0071
vn 0.7935 -0.6082 0.0210
vn 0.4865 0.7355 -0.4715
vn 0.8008 -0.5972 0.0463
vn 0.8063 -0.5888 0.0562
vn 0.8202 -0.5679 0.0695
vn 0.6711 -0.1824 -0.7185
vn 0.7461 -0.0693 -0.6623
vn 0.4306 -0.5463 -0.7184
vn 0.3557 -0.6595 -0.6622
vn 0.2880 -0.7617 -0.5804
vn 0.2306 -0.8485 -0.4764
vn 0.1854 -0.9167 -0.3539
vn 0.1546 -0.9636 -0.2180
vn 0.1387 -0.9876 -0.0735
vn 0.1387 -0.9876 0.0735
vn 0.1546 -0.9636 0.2180
vn 0.1856 -0.9167 0.3539
vn 0.2881 -0.7616 0.5804
vn 0.5102 -0.4258 0.7472
vn 0.6711 -0.1826 0.7186
vn 0.7462 -0.0692 0.6621
vn 0.8137 0.0328 0.5804
vn 0.9162 0.1878 0.3539
vn 0.9473 0.2348 0.2180
vn 0.9473 0.2348 -0.2180
vn 0.8711 0.1195 -0.4764
vn 0.8137 0.0330 -0.5804
vn 0.8339 -0.5519 -0.0007
vn 0.8340 -0.5517 0.0002
vn 0.8340 -0.5518 0.0009
vn 0.8337 -0.5522 0.0009
vn 0.8338 -0.5521 0.0004
vn 0.8342 -0.5515 -0.0001
vn 0.8342 -0.5514 0.0001
vn 0.8337 -0.5522 -0.0004
vn 0.8342 -0.5514 0.0003
vn 0.8339 -0.5519 -0.0002
vn 0.8340 -0.5518 -0.0009
vn 0.8339 -0.5519 0.0007
vn 0.8339 -0.5519 0.0001
vn 0.8341 -0.5516 0.0002
vn -0.4368 0.0094 -0.8995
vn -0.4367 0.0092 -0.8996
vn -0.4366 0.0092 -0.8996
vn -0.4369 0.0089 -0.8994
vn -0.4369 0.0091 -0.8994
vn -0.4369 0.0086 -0.8995
vn -0.4368 0.0086 -0.8995
vn -0.4367 0.0090 -0.8995
vn -0.4369 0.0090 -0.8994
vn 0.7833 0.4956 -0.3754
vn 0.8666 -0.2637 -0.4235
vn 0.4054 0.8946 -0.1881
vn -0.1090 0.9921 0.0627
vn -0.2812 0.9485 0.1461
vn -0.4424 0.8685 0.2234
vn -0.8545 -0.3166 0.4117
vn -0.7832 -0.4957 0.3753
vn 0.1090 -0.9921 -0.0629
vn 0.4277 0.0632 0.9017
vn -0.0673 -0.9975 0.0228
vn 0.4532 0.0612 0.8893
vn 0.5007 0.0003 0.8656
vn 0.4988 -0.0281 0.8662
vn 0.4678 -0.0721 0.8809
vn 0.0672 0.9975 -0.0227
vn 0.4062 -0.0739 0.9108
vn 0.3841 0.0357 0.9226
vn 0.2813 -0.9485 -0.1459
vn 0.3704 -0.7507 0.5471
vn 0.2381 -0.7549 0.6111
vn -0.4883 -0.6223 -0.6119
vn -0.9135 -0.0751 -0.3999
vn -0.9161 0.0526 -0.3974
vn -0.7085 0.6128 0.3501
vn -0.7138 0.4992 -0.4912
vn -0.0668 0.5901 -0.8045
vn 0.0303 0.5221 -0.8523
vn 0.7832 0.4957 -0.3754
vn 0.8929 0.1255 -0.4323
vn -0.0427 -0.5597 -0.8276
vn 0.0829 -0.8658 -0.4935
vn -0.0748 -0.9057 -0.4173
vn -0.8925 -0.4507 -0.0157
vn -0.8241 0.5652 -0.0388
vn -0.5802 0.7996 -0.1549
vn 0.6196 -0.2381 -0.7479
vn 0.4746 -0.5581 -0.6806
vn 0.0670 -0.5901 0.8045
vn -0.0303 -0.5221 0.8523
vn -0.3332 -0.7279 0.5993
vn -0.4503 -0.6043 0.6573
vn -0.1795 -0.3299 0.9268
vn -0.2260 -0.2133 0.9505
vn -0.2511 -0.0886 0.9639
vn -0.6436 -0.1187 0.7561
vn -0.2538 0.0392 0.9665
vn -0.1925 0.2845 0.9392
vn -0.5613 0.4059 0.7213
vn -0.4746 0.5580 0.6807
vn 0.1479 0.6117 0.7771
vn -0.0830 0.8657 0.4936
vn 0.2600 0.6402 0.7229
vn 0.2363 0.9106 0.3389
vn 0.5462 0.8164 0.1875
vn 0.7758 0.4206 0.4702
vn 0.7997 0.5972 0.0623
vn 0.8884 0.1998 0.4134
vn 0.9969 -0.0682 -0.0401
vn 0.8241 -0.5651 0.0389
vn 0.7138 -0.4992 0.4913
vn 0.4368 -0.0087 0.8995
vn 0.4369 -0.0093 0.8994
vn 0.4369 -0.0091 0.8994
vn 0.4372 -0.0086 0.8993
vn 0.4368 -0.0094 0.8995
vn 0.4373 -0.0093 0.8993
vn 0.4366 -0.0089 0.8996
vn -0.2409 -0.9646 0.1073
vn 0.8545 0.3167 -0.4119
vn 0.9392 -0.2039 0.2762
vn 0.9620 -0.0588 0.2665
vn 0.9589 0.0885 0.2695
vn 0.9301 0.2318 0.2850
vn 0.8766 0.3663 0.3122
vn 0.8005 0.4863 0.3504
vn 0.7046 0.5875 0.3979
vn 0.5930 0.6658 0.4529
vn 0.4694 0.7184 0.5134
vn 0.2066 0.7390 0.6412
vn -0.0437 0.6462 0.7620
vn -0.2434 0.4541 0.8571
vn -0.3819 -0.1001 0.9188
vn -0.3531 -0.2437 0.9033
vn -0.2234 -0.4981 0.8379
vn 0.1076 -0.7302 0.6748
vn 0.8930 0.1256 -0.4322
vn 0.8544 0.3168 -0.4118
vn 0.7512 0.6601 -0.0004
vn 0.7518 0.6594 -0.0000
vn 0.7510 0.6603 0.0004
vn 0.7514 0.6599 -0.0004
vn 0.7513 0.6599 0.0001
vn 0.7511 0.6602 -0.0000
vn -0.5102 0.5808 -0.6343
vn -0.4188 0.4767 -0.7729
vn 0.5102 -0.5806 0.6344
vn 0.5103 -0.5808 0.6343
vn 0.1915 -0.2181 -0.9569
vn -0.7353 -0.6741 0.0696
vn -0.5820 0.6625 -0.4715
vn -0.6316 0.7190 -0.2902
vn -0.7014 -0.7127 -0.0072
vn -0.7266 -0.6841 -0.0642
vn -0.7353 -0.6742 -0.0697
vn 0.1916 -0.2181 0.9570
vn 0.4188 -0.4766 0.7729
vn -0.7864 -0.6160 -0.0461
vn -0.7917 -0.6100 -0.0343
vn -0.7952 -0.6060 -0.0211
vn -0.7916 -0.6101 0.0342
vn -0.7719 -0.6325 0.0642
vn -0.3523 -0.5998 -0.7185
vn -0.2626 -0.7017 -0.6623
vn -0.4475 -0.4912 -0.7473
vn -0.6401 -0.2722 -0.7184
vn -0.7297 -0.1701 -0.6623
vn -0.8106 -0.0779 -0.5804
vn -0.8792 0.0001 -0.4764
vn -0.9332 0.0616 -0.3539
vn -0.9894 0.1254 -0.0737
vn -0.9894 0.1255 0.0737
vn -0.5448 -0.3806 0.7472
vn -0.4476 -0.4912 0.7473
vn -0.1131 -0.8720 0.4764
vn -0.0592 -0.9334 0.3539
vn -0.0029 -0.9973 0.0737
vn -0.0029 -0.9973 -0.0737
vn -0.1817 -0.7938 -0.5804
vn -0.7512 -0.6601 0.0006
vn -0.7513 -0.6600 0.0003
vn -0.7508 -0.6605 -0.0010
vn -0.7511 -0.6602 -0.0000
vn -0.7512 -0.6601 0.0001
vn -0.7508 -0.6605 0.0009
vn -0.7513 -0.6600 -0.0003
vn -0.7512 -0.6601 -0.0006
vn -0.7511 -0.6602 -0.0002
vn -0.7515 -0.6598 0.0002
vn -0.7515 -0.6598 -0.0000
vn -0.7510 -0.6603 0.0001
vn -0.7514 -0.6598 -0.0002
vn -0.7513 -0.6599 -0.0003
vn 0.1230 0.4192 -0.8995
vn 0.1236 0.4186 -0.8997
vn 0.1231 0.4191 -0.8996
vn 0.1235 0.4193 -0.8994
vn 0.1234 0.4192 -0.8995
vn 0.1230 0.4193 -0.8995
vn 0.1234 0.4191 -0.8995
vn 0.1236 0.4189 -0.8996
vn 0.1235 0.4188 -0.8996
vn 0.1233 0.4190 -0.8996
vn 0.1232 0.4191 -0.8996
vn -0.9449 0.3265 0.0228
vn -0.8675 0.4857 0.1074
vn 0.6172 -0.7422 -0.2613
vn 0.7568 -0.6260 -0.1879
vn 0.2728 -0.8858 -0.3754
vn -0.6419 -0.6577 -0.3943
vn -0.9542 -0.1990 -0.2234
vn -0.0542 -0.4418 0.8955
vn -0.0597 -0.4535 0.8893
vn -0.7569 0.6259 0.1881
vn -0.0678 -0.4636 0.8834
vn -0.0781 -0.4720 0.8781
vn -0.1312 -0.4832 0.8656
vn 0.4819 0.7671 0.4236
vn -0.1579 -0.4738 0.8663
vn -0.1695 -0.4659 0.8685
vn -0.1795 -0.4561 0.8716
vn -0.1872 -0.4449 0.8758
vn 0.9542 0.1991 0.2234
vn -0.1924 -0.4326 0.8808
vn 0.9890 0.0224 0.1461
vn -0.1859 -0.3827 0.9050
vn 0.7569 -0.6260 -0.1880
vn -0.1678 -0.3641 0.9161
vn -0.7979 -0.4263 0.4263
vn -0.8216 -0.1605 0.5470
vn -0.4001 0.7259 -0.5594
vn -0.3090 0.8018 -0.5115
vn 0.1673 0.9011 -0.4000
vn 0.3033 0.8471 0.4364
vn 0.4076 0.8180 -0.4058
vn 0.6001 0.6588 -0.4536
vn 0.6691 0.5577 -0.4912
vn 0.7157 0.4476 -0.5361
vn 0.7384 0.3325 -0.5867
vn -0.6418 -0.6577 -0.3945
vn -0.4134 -0.0231 -0.9103
vn -0.4822 0.0778 -0.8726
vn -0.5288 0.1879 -0.8277
vn -0.8252 -0.0149 -0.5646
vn -0.7459 0.6127 -0.2613
vn -0.2007 0.9795 -0.0157
vn 0.8582 0.5050 -0.0918
vn 0.8444 -0.2775 -0.4582
vn -0.7597 -0.1696 -0.6278
vn -0.4958 0.1662 0.8524
vn -0.3892 0.2235 0.8936
vn -0.2712 0.2599 0.9268
vn -0.1465 0.2740 0.9505
vn 0.0544 0.6522 0.7560
vn 0.4134 0.0232 0.9102
vn 0.5228 -0.5307 0.6671
vn 0.8167 -0.4671 0.3389
vn 0.6444 -0.7414 0.1874
vn 0.3666 -0.9283 0.0623
vn -0.0404 -0.9096 0.4134
vn -0.1531 -0.9875 -0.0365
vn -0.3272 -0.9441 -0.0401
vn -0.4076 -0.8180 0.4058
vn -0.4910 -0.8707 -0.0284
vn -0.5120 -0.7466 0.4247
vn -0.9541 -0.1991 -0.2236
vn -0.1235 -0.4191 0.8995
vn -0.1234 -0.4191 0.8995
vn -0.1238 -0.4194 0.8993
vn -0.1229 -0.4190 0.8996
vn -0.1233 -0.4194 0.8994
vn -0.1233 -0.4190 0.8996
vn -0.1235 -0.4189 0.8996
vn -0.1230 -0.4191 0.8996
vn -0.1231 -0.4191 0.8995
vn -0.1234 -0.4195 0.8993
vn -0.1235 -0.4196 0.8993
vn -0.1231 -0.4189 0.8997
vn -0.1231 -0.4193 0.8994
vn -0.9890 -0.0223 -0.1459
vn 0.0812 -0.9076 -0.4119
vn -0.1130 -0.8946 -0.4323
vn -0.7441 -0.5533 0.3745
vn -0.0203 -0.9583 0.2850
vn 0.1233 -0.9420 0.3123
vn 0.3820 -0.8342 0.3979
vn 0.4870 -0.7468 0.4529
vn 0.5700 -0.6415 0.5135
vn 0.6589 -0.3933 0.6413
vn 0.6350 -0.1275 0.7619
vn 0.0036 0.3949 0.9187
vn -0.4221 0.3463 0.8378
vn 0.2685 0.9633 -0.0008
vn -0.5267 0.8423 0.1142
vn 0.1078 0.2743 0.9556
vn -0.2397 0.3261 0.9145
vn 0.2591 0.9644 0.0529
vn 0.1070 0.3935 0.9131
vn -0.8424 -0.5268 0.1139
vn -0.8522 -0.5232 -0.0000
vn -0.8002 0.5997 -0.0000
vn -0.9633 0.2685 -0.0009
vn 0.8003 -0.5995 -0.0000
vn 0.8522 0.5233 -0.0000
vn -0.0841 -0.9158 0.3928
vn 0.3383 -0.8552 0.3928
vn -0.9644 0.2591 0.0527
vn -0.3848 -0.3003 -0.8728
vn -0.4537 0.1799 -0.8728
vn 0.2624 0.9650 0.0005
vn -0.8423 -0.5267 -0.1144
vn -0.9565 0.2685 -0.1141
vn 0.8491 0.5283 -0.0003
vn 0.9565 -0.2685 -0.1139
vn 0.8525 0.5200 -0.0528
vn -0.2685 -0.9565 -0.1143
vn -0.2623 -0.9650 -0.0003
vn 0.5709 0.0002 -0.8210
vn 0.4538 -0.1799 -0.8728
vn 0.9158 -0.0841 -0.3928
vn 0.9899 0.1420 -0.0000
vn -0.5232 0.8522 -0.0000
vn -0.5267 0.8424 -0.1137
vn 0.1799 0.4538 -0.8728
vn 0.1800 0.4538 0.8727
vn -0.3491 -0.1705 -0.9214
vn -0.3148 -0.0795 -0.9458
vn -0.1528 -0.0746 -0.9854
vn -0.3584 -0.0905 -0.9292
vn 0.1677 -0.0286 -0.9854
vn 0.3693 0.0140 -0.9292
vn 0.3830 -0.0654 -0.9214
vn 0.3245 0.0123 -0.9458
vn 0.9650 -0.2623 -0.0005
vn 0.3804 -0.1383 -0.9144
vn 0.4330 -0.1392 -0.8906
vn -0.0002 0.5709 -0.8210
vn -0.3763 -0.2554 -0.8906
vn 0.0841 0.9158 -0.3927
vn -0.3261 -0.2397 -0.9144
vn -0.3491 -0.1705 0.9215
vn -0.1528 -0.0746 0.9854
vn 0.0841 0.9158 0.3928
vn -0.3147 -0.0795 0.9458
vn -0.3584 -0.0905 0.9292
vn 0.1677 -0.0286 0.9854
vn 0.3694 0.0140 0.9292
vn 0.3829 -0.0654 0.9215
vn 0.3244 0.0123 0.9458
vn 0.9650 -0.2623 -0.0000
vn 0.3803 -0.1383 0.9145
vn 0.4330 -0.1392 0.8906
vn 0.3261 0.2397 0.9145
vn 0.0305 0.2322 0.9722
vn 0.3147 0.0795 0.9458
vn -0.4330 0.1392 0.8906
vn -0.3694 -0.0140 0.9292
vn -0.2742 0.1078 0.9556
vn -0.3935 0.1070 0.9131
vn -0.1677 0.0286 0.9854
vn -0.3056 0.0220 0.9519
vn -0.3261 -0.2397 0.9145
vn -0.3764 -0.2554 0.8906
vn 0.3733 -0.0178 0.9275
vn 0.3491 0.1705 0.9215
vn -0.0002 0.5709 0.8210
vn 0.9157 -0.0841 0.3929
vn 0.5709 0.0002 0.8210
vn 0.4538 -0.1800 0.8727
vn -0.2622 -0.9650 0.0006
vn -0.0654 -0.3829 0.9215
vn 0.0123 -0.3244 0.9458
vn -0.0286 -0.1677 0.9854
vn 0.0140 -0.3694 0.9292
vn -0.0746 0.1528 0.9854
vn -0.0905 0.3584 0.9292
vn -0.1705 0.3491 0.9215
vn -0.0795 0.3147 0.9458
vn -0.2554 0.3764 0.8906
vn -0.1392 -0.4330 0.8906
vn 0.1392 0.4330 0.8906
vn 0.2321 -0.0303 0.9722
vn -0.0140 0.3694 0.9292
vn 0.2397 -0.3261 0.9145
vn 0.0795 -0.3147 0.9458
vn 0.5233 -0.8522 -0.0006
vn 0.1705 -0.3491 0.9215
vn -0.0178 -0.3733 0.9275
vn -0.9158 0.0841 0.3928
vn 0.0286 0.1677 0.9854
vn -0.8551 -0.3383 0.3928
vn 0.0220 0.3056 0.9519
vn 0.1806 -0.2329 -0.9556
vn -0.1383 -0.3804 -0.9144
vn 0.2554 -0.3763 -0.8906
vn -0.1392 -0.4330 -0.8906
vn 0.2132 -0.3472 -0.9132
vn 0.0905 -0.3584 -0.9292
vn 0.5287 -0.8488 -0.0000
vn 0.5200 -0.8526 -0.0526
vn 0.1071 -0.2871 -0.9519
vn -0.5479 -0.1604 -0.8210
vn 0.0746 -0.1528 -0.9854
vn -0.5709 -0.0002 -0.8210
vn -0.1221 0.3532 -0.9275
vn 0.0654 0.3829 -0.9215
vn -0.0123 0.3244 -0.9458
vn 0.1383 0.3804 -0.9144
vn 0.2144 0.0936 -0.9723
vn 0.0123 -0.3244 -0.9458
vn 0.0140 -0.3693 -0.9292
vn -0.2554 0.3763 -0.8906
vn -0.0905 0.3584 -0.9292
vn -0.2397 0.3261 -0.9144
vn -0.0795 0.3148 -0.9458
vn -0.0746 0.1528 -0.9854
vn -0.1705 0.3491 -0.9214
vn -0.0286 -0.1677 -0.9854
vn -0.0654 -0.3830 -0.9214
vn -0.1383 -0.3803 0.9145
vn 0.1604 -0.5479 -0.8210
vn 0.3003 -0.3848 -0.8728
vn 0.0002 -0.5709 -0.8210
vn -0.1800 -0.4538 -0.8728
vn -0.3830 0.0654 -0.9214
vn -0.9650 0.2624 0.0003
vn -0.3244 -0.0123 -0.9458
vn -0.3532 -0.1221 -0.9276
vn 0.1528 0.0747 -0.9854
vn 0.3584 0.0905 -0.9292
vn 0.2871 0.1071 -0.9519
vn 0.3475 0.2134 -0.9131
vn 0.2327 0.1805 -0.9556
vn 0.3763 0.2554 -0.8906
vn -0.0938 0.2144 -0.9722
vn -0.3804 0.1383 -0.9144
vn -0.0950 0.9955 -0.0000
vn -0.0949 0.9955 0.0001
vn 0.2934 0.4942 -0.8184
vn 0.6275 0.7237 -0.2872
vn -0.7685 -0.5431 0.3383
vn 0.3811 -0.4334 -0.8166
vn 0.3875 -0.0455 -0.9207
vn 0.0948 -0.9955 0.0002
vn -0.2688 0.8809 0.3894
vn -0.1078 0.6439 -0.7575
vn 0.2397 0.6741 -0.6987
vn -0.2591 0.9001 0.3501
vn -0.1070 0.7349 -0.6697
vn 0.8422 -0.4324 -0.3219
vn 0.8522 -0.4766 -0.2158
vn 0.8537 -0.4743 -0.2148
vn 0.8001 0.5458 0.2488
vn 0.9633 0.2354 0.1294
vn 0.2685 -0.8241 -0.4988
vn 0.9899 -0.1288 -0.0592
vn -0.7999 -0.5470 -0.2471
vn -0.9565 -0.1976 -0.2146
vn -0.1421 -0.9037 -0.4040
vn -0.0115 -0.3985 0.9171
vn -0.8538 0.4744 0.2144
vn -0.1421 -0.9017 -0.4083
vn 0.0841 -0.6725 -0.7353
vn -0.3383 -0.6171 -0.7105
vn -0.1420 -0.9018 -0.4081
vn 0.9644 0.2580 0.0583
vn 0.5995 -0.7291 -0.3301
vn -0.5206 -0.7777 -0.3522
vn 0.3848 -0.6335 0.6713
vn 0.4538 -0.1959 0.8693
vn -0.2595 0.8801 0.3977
vn -0.2624 0.8791 0.3980
vn -0.2685 0.8244 0.4983
vn 0.0154 0.4224 -0.9063
vn 0.8522 -0.4767 -0.2158
vn 0.8424 -0.5266 -0.1137
vn 0.8537 -0.4744 -0.2145
vn 0.5988 -0.7306 -0.3281
vn -0.8485 0.4840 0.2140
vn -0.9565 -0.2916 -0.0069
vn -0.5990 0.7287 0.3320
vn -0.8526 0.4518 0.2626
vn -0.8005 -0.5459 -0.2475
vn 0.2623 -0.8792 -0.3977
vn 0.0717 -0.9084 -0.4120
vn -0.5709 -0.3383 0.7481
vn -0.4538 -0.5238 0.7209
vn -0.9158 -0.2386 0.3232
vn -0.9899 0.1295 0.0583
vn -0.9898 0.1294 0.0588
vn 0.5233 0.7763 0.3515
vn 0.5207 0.7779 0.3517
vn -0.5995 0.7292 0.3300
vn -0.9658 -0.2363 -0.1070
vn -0.1800 0.0536 0.9822
vn -0.1799 0.7733 -0.6080
vn 0.1421 0.9019 0.4079
vn 0.1422 0.9017 0.4082
vn 0.3491 -0.5352 0.7692
vn 0.3148 -0.4624 0.8289
vn 0.1528 -0.4743 0.8670
vn 0.3584 -0.4655 0.8092
vn -0.1677 -0.4324 0.8860
vn -0.3694 -0.3704 0.8523
vn -0.3830 -0.4395 0.8125
vn -0.3244 -0.3788 0.8667
vn -0.9650 -0.2390 -0.1082
vn -0.3803 -0.5030 0.7761
vn -0.4330 -0.4940 0.7540
vn 0.0002 0.1816 0.9834
vn 0.3764 -0.5999 0.7060
vn -0.0841 0.6724 0.7354
vn 0.3261 -0.5954 0.7343
vn 0.1420 0.9017 0.4083
vn 0.3491 0.2246 -0.9098
vn 0.1529 0.3383 -0.9285
vn -0.0841 0.9963 0.0198
vn 0.3148 0.3175 -0.8945
vn 0.3584 0.3006 -0.8839
vn -0.1677 0.3802 -0.9096
vn -0.3694 0.3958 -0.8408
vn -0.3829 0.3203 -0.8665
vn -0.3244 0.4011 -0.8567
vn -0.3803 0.2511 -0.8901
vn -0.4330 0.2404 -0.8687
vn -0.3261 0.5954 -0.7343
vn -0.0295 0.6123 -0.7901
vn -0.3148 0.4624 -0.8289
vn -0.4129 0.4287 -0.8035
vn 0.4330 0.4940 -0.7540
vn 0.3694 0.3704 -0.8523
vn 0.2739 0.4921 -0.8263
vn 0.3935 0.4740 -0.7877
vn 0.1677 0.4324 -0.8860
vn 0.3056 0.4125 -0.8582
vn 0.3261 0.1587 -0.9319
vn 0.3764 0.1345 -0.9166
vn -0.3733 0.3662 -0.8524
vn -0.3491 0.5353 -0.7692
vn 0.0002 0.8586 -0.5126
vn 0.5232 0.7765 0.3510
vn -0.9158 0.0853 -0.3925
vn -0.9899 0.1293 0.0588
vn -0.5709 0.3387 -0.7479
vn -0.4538 0.1959 -0.8693
vn 0.2624 -0.8793 -0.3975
vn 0.2596 -0.8798 -0.3981
vn 0.0654 0.0310 -0.9974
vn -0.0123 0.0945 -0.9955
vn 0.0286 0.2535 -0.9669
vn -0.0140 0.0465 -0.9988
vn 0.0746 0.5455 -0.8348
vn 0.0905 0.7096 -0.6987
vn 0.1705 0.6980 -0.6955
vn 0.0795 0.6767 -0.7319
vn 0.2554 0.7101 -0.6562
vn 0.1392 -0.0274 -0.9899
vn -0.1392 0.7617 -0.6328
vn -0.2320 0.3744 -0.8978
vn -0.0593 -0.0015 -0.9982
vn 0.0140 0.7197 -0.6942
vn -0.2397 0.0799 -0.9676
vn -0.0795 0.1032 -0.9915
vn -0.5233 -0.7763 -0.3515
vn -0.1705 0.0619 -0.9834
vn 0.0178 0.0423 -0.9989
vn 0.9158 0.2385 -0.3232
vn -0.0286 0.5591 -0.8286
vn 0.8551 -0.1463 -0.4973
vn -0.0220 0.6709 -0.7412
vn -0.1803 -0.6057 0.7750
vn 0.1383 -0.7235 0.6763
vn -0.2554 -0.7101 0.6562
vn 0.1392 -0.7617 0.6328
vn -0.2133 -0.6930 0.6886
vn -0.0905 -0.7096 0.6988
vn -0.5286 -0.7762 -0.3437
vn -0.5200 -0.7982 -0.3041
vn -0.1071 -0.6540 0.7489
vn 0.5479 -0.4846 0.6818
vn -0.0747 -0.5455 0.8348
vn 0.5709 -0.3387 0.7479
vn 0.1221 -0.0607 0.9907
vn 0.0593 0.0016 0.9982
vn -0.0654 -0.0310 0.9974
vn 0.0122 -0.0944 0.9955
vn -0.1382 -0.0305 0.9899
vn -0.2142 -0.3149 0.9246
vn -0.0123 -0.6855 0.7280
vn -0.0140 -0.7197 0.6942
vn 0.2554 -0.0243 0.9665
vn 0.0905 -0.0565 0.9943
vn 0.2397 -0.0799 0.9676
vn 0.0795 -0.1032 0.9915
vn 0.0747 -0.2670 0.9608
vn 0.1705 -0.0619 0.9834
vn 0.0287 -0.5591 0.8286
vn 0.0654 -0.7288 0.6816
vn 0.1382 0.0305 -0.9899
vn -0.1604 -0.8377 0.5221
vn -0.3003 -0.7104 0.6365
vn -0.0002 -0.8586 0.5126
vn 0.1799 -0.7732 0.6081
vn 0.3829 -0.3203 0.8665
vn 0.9650 0.2392 0.1079
vn 0.3244 -0.4012 0.8566
vn 0.3532 -0.4936 0.7947
vn -0.1529 -0.3383 0.9285
vn -0.3584 -0.3007 0.8838
vn -0.2871 -0.2949 0.9114
vn -0.3476 -0.1821 0.9198
vn -0.2320 -0.2300 0.9451
vn -0.3763 -0.1345 0.9167
vn 0.0948 -0.2057 0.9740
vn 0.3803 -0.2511 0.8901
vn 0.0949 0.9069 0.4105
vn -0.2934 0.7876 -0.5419
vn -0.6275 0.5409 0.5601
vn -0.8573 -0.2140 -0.4682
vn 0.8299 -0.5371 0.1512
vn -0.3902 -0.6401 0.6618
vn -0.9244 -0.1520 0.3499
vn 0.8300 -0.2408 -0.5031
vn -0.3874 -0.4211 0.8201
vn -0.0947 -0.9068 -0.4107
vn -0.0951 -0.9070 -0.4103
vn -0.0951 -0.9069 -0.4106
vt 0.571108 0.944159
vt 0.577923 0.942181
vt 0.578885 0.943748
vt 0.555702 0.943942
vt 0.570668 0.941868
vt 0.577376 0.941413
vt 0.555899 0.940623
vt 0.570329 0.940820
vt 0.939650 0.266142
vt 0.938251 0.263156
vt 0.940442 0.258776
vt 0.938733 0.281053
vt 0.938209 0.268126
vt 0.537267 0.939806
vt 0.555787 0.939567
vt 0.933833 0.296556
vt 0.936113 0.279307
vt 0.933313 0.273997
vt 0.927602 0.288264
vt 0.938125 0.300088
vt 0.932541 0.313168
vt 0.922909 0.301473
vt 0.920748 0.289872
vt 0.918495 0.278379
vt 0.928875 0.267887
vt 0.922768 0.263371
vt 0.908351 0.269284
vt 0.906918 0.276354
vt 0.895034 0.274620
vt 0.915010 0.281962
vt 0.906326 0.280026
vt 0.918534 0.299317
vt 0.917172 0.290583
vt 0.910851 0.286258
vt 0.913442 0.296818
vt 0.912136 0.291603
vt 0.905623 0.297818
vt 0.905208 0.292119
vt 0.911702 0.304850
vt 0.902317 0.304738
vt 0.900592 0.300529
vt 0.904326 0.299356
vt 0.903633 0.297034
vt 0.903480 0.293870
vt 0.902816 0.297938
vt 0.896265 0.301395
vt 0.899741 0.297860
vt 0.901045 0.298219
vt 0.897074 0.297045
vt 0.898489 0.299136
vt 0.899590 0.291898
vt 0.892942 0.295442
vt 0.899595 0.294749
vt 0.899372 0.296539
vt 0.898119 0.293279
vt 0.900485 0.293842
vt 0.632600 0.889135
vt 0.624687 0.891518
vt 0.629626 0.886442
vt 0.631997 0.893937
vt 0.634935 0.891250
vt 0.633451 0.895836
vt 0.627211 0.895836
vt 0.634191 0.881026
vt 0.638737 0.883112
vt 0.637319 0.888062
vt 0.624984 0.882236
vt 0.900236 0.284042
vt 0.892386 0.286203
vt 0.886836 0.291007
vt 0.905481 0.285148
vt 0.897481 0.279008
vt 0.888201 0.282934
vt 0.885239 0.280584
vt 0.882665 0.288667
vt 0.880490 0.287630
vt 0.878754 0.294788
vt 0.880399 0.295530
vt 0.884419 0.297411
vt 0.879752 0.300851
vt 0.878539 0.301163
vt 0.878850 0.305549
vt 0.883523 0.301457
vt 0.881085 0.305607
vt 0.881788 0.309803
vt 0.884531 0.307548
vt 0.884147 0.309061
vt 0.878714 0.310380
vt 0.524545 0.883860
vt 0.526677 0.882045
vt 0.525339 0.884601
vt 0.523269 0.886413
vt 0.524014 0.887187
vt 0.525725 0.881259
vt 0.518542 0.880306
vt 0.519743 0.877917
vt 0.517315 0.882566
vt 0.799893 0.903576
vt 0.800884 0.904055
vt 0.800884 0.904056
vt 0.801875 0.904538
vt 0.801874 0.904539
vt 0.136293 0.915009
vt 0.134654 0.908418
vt 0.138324 0.913633
vt 0.134373 0.916444
vt 0.132313 0.909795
vt 0.133821 0.907590
vt 0.130012 0.911284
vt 0.131536 0.909122
vt 0.902119 0.591765
vt 0.905134 0.592756
vt 0.902196 0.593653
vt 0.902934 0.589912
vt 0.904699 0.591442
vt 0.906672 0.589000
vt 0.907881 0.591247
vt 0.907920 0.592078
vt 0.911225 0.589707
vt 0.912061 0.590653
vt 0.909043 0.587450
vt 0.912949 0.584156
vt 0.915540 0.586650
vt 0.916686 0.587999
vt 0.920989 0.583160
vt 0.918704 0.581329
vt 0.915290 0.578759
vt 0.920150 0.572901
vt 0.915115 0.571685
vt 0.924380 0.574253
vt 0.920751 0.563534
vt 0.917289 0.564988
vt 0.912667 0.567245
vt 0.909767 0.562467
vt 0.912608 0.556667
vt 0.915318 0.551506
vt 0.908737 0.574593
vt 0.906520 0.569848
vt 0.908064 0.580901
vt 0.905578 0.578356
vt 0.908122 0.576242
vt 0.906824 0.574587
vt 0.905634 0.571971
vt 0.906473 0.575598
vt 0.902754 0.580592
vt 0.903984 0.576619
vt 0.905140 0.576421
vt 0.901574 0.577054
vt 0.903487 0.578080
vt 0.901540 0.571799
vt 0.897576 0.577741
vt 0.902681 0.574177
vt 0.903190 0.575722
vt 0.900853 0.573572
vt 0.903071 0.573075
vt 0.079440 0.512292
vt 0.087353 0.509910
vt 0.082413 0.514984
vt 0.080043 0.507490
vt 0.077105 0.510178
vt 0.078588 0.505591
vt 0.084829 0.505591
vt 0.077854 0.520403
vt 0.073306 0.518319
vt 0.074721 0.513368
vt 0.174691 0.155820
vt 0.174707 0.170981
vt 0.174691 0.170989
vt 0.087346 0.509902
vt 0.087060 0.519184
vt 0.898718 0.564587
vt 0.892685 0.570271
vt 0.890344 0.577283
vt 0.904129 0.563345
vt 0.902832 0.557984
vt 0.893812 0.561221
vt 0.901792 0.554003
vt 0.889313 0.558359
vt 0.899853 0.545816
vt 0.932138 0.542619
vt 0.924423 0.535205
vt 0.927772 0.560783
vt 0.914026 0.531830
vt 0.887162 0.544493
vt 0.872371 0.557413
vt 0.905465 0.531006
vt 0.919928 0.521743
vt 0.927647 0.519062
vt 0.901594 0.528759
vt 0.921960 0.518471
vt 0.880519 0.542540
vt 0.071636 0.884938
vt 0.070776 0.870434
vt 0.072704 0.885007
vt 0.073293 0.903653
vt 0.074376 0.903492
vt 0.075443 0.920254
vt 0.074467 0.920817
vt 0.863780 0.556415
vt 0.864452 0.569819
vt 0.854554 0.570044
vt 0.078923 0.932187
vt 0.078429 0.932913
vt 0.069806 0.922342
vt 0.074245 0.936137
vt 0.068896 0.904350
vt 0.822313 0.915246
vt 0.824218 0.910059
vt 0.824224 0.910061
vt 0.825244 0.902901
vt 0.825251 0.902902
vt 0.519220 0.944151
vt 0.508563 0.937177
vt 0.520286 0.939550
vt 0.536785 0.944159
vt 0.826670 0.895061
vt 0.826677 0.895062
vt 0.828101 0.888728
vt 0.828105 0.888729
vt 0.068304 0.885284
vt 0.069703 0.870151
vt 0.067383 0.869826
vt 0.828873 0.885631
vt 0.828875 0.885632
vt 0.068978 0.862919
vt 0.067370 0.862033
vt 0.069756 0.863430
vt 0.070018 0.861675
vt 0.069486 0.861139
vt 0.068282 0.859922
vt 0.933871 0.519669
vt 0.934153 0.512548
vt 0.938564 0.511487
vt 0.071287 0.860656
vt 0.940442 0.515456
vt 0.940442 0.529945
vt 0.937351 0.524963
vt 0.078565 0.861358
vt 0.071796 0.861457
vt 0.078241 0.859029
vt 0.070403 0.859029
vt 0.828927 0.884754
vt 0.828055 0.884643
vt 0.828055 0.884641
vt 0.824869 0.884822
vt 0.824868 0.884818
vt 0.579683 0.941607
vt 0.581736 0.940610
vt 0.580942 0.942751
vt 0.580094 0.939815
vt 0.581315 0.932882
vt 0.579128 0.941103
vt 0.579295 0.939348
vt 0.578994 0.932679
vt 0.577914 0.932454
vt 0.936927 0.259926
vt 0.938146 0.256435
vt 0.940263 0.256654
vt 0.933725 0.258541
vt 0.930764 0.257085
vt 0.928742 0.258506
vt 0.915637 0.257761
vt 0.576329 0.918085
vt 0.575264 0.918069
vt 0.573708 0.899595
vt 0.572629 0.899821
vt 0.899548 0.262992
vt 0.895675 0.258523
vt 0.570650 0.883274
vt 0.571717 0.882578
vt 0.881978 0.265545
vt 0.875389 0.259937
vt 0.917412 0.260468
vt 0.869707 0.271694
vt 0.861551 0.267426
vt 0.864695 0.281364
vt 0.856083 0.278735
vt 0.566701 0.871071
vt 0.557676 0.866338
vt 0.557999 0.865471
vt 0.566264 0.871840
vt 0.546598 0.863956
vt 0.546592 0.865069
vt 0.856083 0.291856
vt 0.570554 0.867500
vt 0.560239 0.860047
vt 0.546631 0.857891
vt 0.536157 0.866044
vt 0.536382 0.866880
vt 0.533953 0.860678
vt 0.529712 0.871375
vt 0.529964 0.872211
vt 0.525473 0.867438
vt 0.795449 0.902027
vt 0.799894 0.903573
vt 0.793285 0.898625
vt 0.795452 0.902024
vt 0.143466 0.903889
vt 0.147386 0.907432
vt 0.147729 0.897720
vt 0.152750 0.899262
vt 0.793209 0.893859
vt 0.793290 0.898624
vt 0.148748 0.888129
vt 0.154262 0.887605
vt 0.146941 0.897597
vt 0.147734 0.888237
vt 0.909624 0.604581
vt 0.916179 0.599993
vt 0.917655 0.605398
vt 0.904417 0.600746
vt 0.909720 0.599843
vt 0.906253 0.598337
vt 0.923509 0.598104
vt 0.926453 0.603578
vt 0.933375 0.598445
vt 0.929527 0.593382
vt 0.140602 0.870153
vt 0.145654 0.878158
vt 0.139885 0.870623
vt 0.146438 0.877796
vt 0.143697 0.866280
vt 0.151273 0.875323
vt 0.129263 0.866332
vt 0.128694 0.867443
vt 0.130824 0.861643
vt 0.112795 0.860749
vt 0.112085 0.865151
vt 0.111922 0.866242
vt 0.936918 0.588347
vt 0.932850 0.583898
vt 0.938644 0.572796
vt 0.934508 0.569121
vt 0.936576 0.549438
vt 0.940017 0.551611
vt 0.938373 0.533081
vt 0.093373 0.863362
vt 0.078851 0.862430
vt 0.093437 0.864431
vt 0.093737 0.860030
vt 0.818380 0.885037
vt 0.810412 0.884978
vt 0.810412 0.884971
vt 0.818380 0.885044
vt 0.579620 0.917573
vt 0.578053 0.898671
vt 0.803187 0.884647
vt 0.803187 0.884641
vt 0.576203 0.880750
vt 0.797736 0.885548
vt 0.797738 0.885553
vt 0.794560 0.888979
vt 0.794556 0.888976
vt 0.793213 0.893860
vt 0.142710 0.903707
vt 0.866706 0.301462
vt 0.867223 0.309581
vt 0.859844 0.303205
vt 0.870143 0.306009
vt 0.864280 0.292254
vt 0.520704 0.938528
vt 0.537378 0.938749
vt 0.509190 0.936635
vt 0.938069 0.318325
vt 0.928740 0.325914
vt 0.934791 0.332681
vt 0.920249 0.333123
vt 0.502488 0.929862
vt 0.498059 0.920282
vt 0.501733 0.930358
vt 0.911163 0.345696
vt 0.925318 0.341416
vt 0.911175 0.317357
vt 0.917813 0.311640
vt 0.908710 0.335954
vt 0.909902 0.315117
vt 0.915255 0.308864
vt 0.903785 0.319952
vt 0.907164 0.310897
vt 0.902848 0.318152
vt 0.896998 0.319233
vt 0.900584 0.313851
vt 0.896707 0.320685
vt 0.891637 0.320511
vt 0.891527 0.317819
vt 0.896189 0.314970
vt 0.886459 0.317029
vt 0.889337 0.313656
vt 0.885830 0.320929
vt 0.513216 0.896846
vt 0.511725 0.899150
vt 0.510863 0.898351
vt 0.515545 0.895246
vt 0.514038 0.897509
vt 0.508882 0.891592
vt 0.506776 0.893168
vt 0.510902 0.890015
vt 0.804720 0.908692
vt 0.805010 0.909755
vt 0.805007 0.909756
vt 0.804433 0.907629
vt 0.804721 0.908692
vt 0.119703 0.925101
vt 0.126981 0.926203
vt 0.125698 0.928679
vt 0.120942 0.922497
vt 0.128236 0.923861
vt 0.118786 0.924298
vt 0.120153 0.921738
vt 0.122257 0.919932
vt 0.121516 0.919143
vt 0.892790 0.593827
vt 0.898286 0.594853
vt 0.896277 0.597854
vt 0.898414 0.590928
vt 0.899542 0.592196
vt 0.893629 0.587479
vt 0.894554 0.592186
vt 0.890310 0.589491
vt 0.889534 0.590591
vt 0.887496 0.584756
vt 0.885671 0.585190
vt 0.891847 0.583843
vt 0.885527 0.577642
vt 0.883059 0.578044
vt 0.883493 0.569154
vt 0.887334 0.569597
vt 0.864955 0.581698
vt 0.855010 0.584002
vt 0.862560 0.597506
vt 0.870988 0.592277
vt 0.097815 0.941816
vt 0.087022 0.938438
vt 0.097948 0.940569
vt 0.086622 0.939298
vt 0.083905 0.944534
vt 0.097385 0.947876
vt 0.108472 0.940169
vt 0.108296 0.939294
vt 0.110448 0.945733
vt 0.115249 0.935036
vt 0.115014 0.934180
vt 0.119419 0.939222
vt 0.805700 0.914408
vt 0.805697 0.914410
vt 0.808636 0.917168
vt 0.808634 0.917172
vt 0.502128 0.903628
vt 0.497806 0.900255
vt 0.498247 0.910326
vt 0.492892 0.909164
vt 0.813302 0.918134
vt 0.813302 0.918139
vt 0.492340 0.921511
vt 0.499107 0.910387
vt 0.499186 0.920012
vt 0.896576 0.343158
vt 0.887789 0.334943
vt 0.897666 0.334561
vt 0.891824 0.330996
vt 0.502929 0.903775
vt 0.497210 0.933517
vt 0.818349 0.917724
vt 0.818350 0.917729
vt 0.822309 0.915243
vt 0.506032 0.941409
vt 0.879415 0.599025
vt 0.885801 0.605897
vt 0.874367 0.605602
vt 0.885721 0.600582
vt 0.899122 0.584235
vt 0.897990 0.582292
vt 0.902371 0.581685
vt 0.900845 0.583841
vt 0.901749 0.584194
vt 0.901601 0.585023
vt 0.901118 0.588586
vt 0.900098 0.589216
vt 0.901390 0.590138
vt 0.900498 0.590902
vt 0.123656 0.917359
vt 0.122915 0.916516
vt 0.125269 0.914733
vt 0.124268 0.913811
vt 0.129531 0.921685
vt 0.130940 0.919700
vt 0.804143 0.906566
vt 0.804432 0.907629
vt 0.803855 0.905503
vt 0.804144 0.906566
vt 0.512798 0.888387
vt 0.514531 0.886644
vt 0.517901 0.893548
vt 0.516403 0.895864
vt 0.520321 0.891623
vt 0.518824 0.894170
vt 0.887229 0.312103
vt 0.887385 0.313969
vt 0.886581 0.310505
vt 0.889098 0.310616
vt 0.894957 0.307502
vt 0.888611 0.308880
vt 0.892231 0.305442
vt 0.895360 0.302356
vt 0.894103 0.305413
vt 0.894294 0.303419
vt 0.893045 0.304660
vt 0.897684 0.307238
vt 0.892337 0.303567
vt 0.890337 0.302666
vt 0.890608 0.300018
vt 0.887062 0.308113
vt 0.885444 0.309477
vt 0.521903 0.888980
vt 0.522655 0.889808
vt 0.521358 0.892511
vt 0.516000 0.884681
vt 0.802865 0.905020
vt 0.802865 0.905021
vt 0.803856 0.905502
vt 0.132583 0.917986
vt 0.127680 0.912886
vt 0.129195 0.910659
vt 0.126793 0.912252
vt 0.902048 0.590000
vt 0.902290 0.590318
vt 0.902063 0.588946
vt 0.904025 0.585120
vt 0.902722 0.584185
vt 0.902078 0.582845
vt 0.905629 0.584039
vt 0.248992 0.056905
vt 0.256484 0.050617
vt 0.256364 0.056905
vt 0.256484 0.063192
vt 0.906988 0.470382
vt 0.897355 0.472080
vt 0.902094 0.466432
vt 0.897355 0.462299
vt 0.072687 0.512109
vt 0.639352 0.889322
vt 0.448886 0.941121
vt 0.446535 0.940007
vt 0.449745 0.937978
vt 0.448654 0.960376
vt 0.442106 0.953905
vt 0.438739 0.952428
vt 0.440190 0.952911
vt 0.449215 0.942897
vt 0.522815 0.318315
vt 0.550140 0.318315
vt 0.536478 0.341979
vt 0.449777 0.959083
vt 0.448580 0.961613
vt 0.447359 0.961645
vt 0.441085 0.951999
vt 0.427664 0.960194
vt 0.427037 0.958463
vt 0.426787 0.958448
vt 0.449777 0.937751
vt 0.448798 0.961855
vt 0.898192 0.729770
vt 0.921856 0.716108
vt 0.921856 0.743432
vt 0.428524 0.957258
vt 0.429449 0.954402
vt 0.444045 0.955828
vt 0.921857 0.674665
vt 0.898193 0.661003
vt 0.921857 0.647340
vt 0.443671 0.940940
vt 0.429455 0.960548
vt 0.440593 0.950544
vt 0.901910 0.775582
vt 0.925573 0.789245
vt 0.901910 0.802907
vt 0.446059 0.962745
vt 0.136286 0.390302
vt 0.133186 0.384947
vt 0.139386 0.384947
vt 0.086803 0.390302
vt 0.083742 0.384947
vt 0.089982 0.384947
vt 0.099203 0.390302
vt 0.096064 0.384947
vt 0.102303 0.384947
vt 0.111564 0.390302
vt 0.108464 0.384947
vt 0.114625 0.384947
vt 0.127025 0.384947
vt 0.123925 0.390302
vt 0.120864 0.384947
vt 0.111564 0.379593
vt 0.117764 0.379593
vt 0.123964 0.379593
vt 0.130086 0.379593
vt 0.127025 0.374238
vt 0.120864 0.374238
vt 0.117725 0.368883
vt 0.123925 0.368883
vt 0.114625 0.374238
vt 0.111564 0.368883
vt 0.108464 0.374238
vt 0.105403 0.368883
vt 0.105403 0.379593
vt 0.102225 0.374238
vt 0.099203 0.379593
vt 0.099203 0.368883
vt 0.096142 0.374238
vt 0.093042 0.379593
vt 0.086803 0.379593
vt 0.089903 0.374238
vt 0.086803 0.368883
vt 0.093042 0.368883
vt 0.083742 0.374238
vt 0.145547 0.374238
vt 0.142447 0.368883
vt 0.148686 0.368883
vt 0.142447 0.379593
vt 0.139386 0.374238
vt 0.080642 0.379593
vt 0.136286 0.379593
vt 0.136286 0.368883
vt 0.133186 0.374238
vt 0.130047 0.368883
vt 0.133186 0.363529
vt 0.127025 0.363529
vt 0.120864 0.363529
vt 0.114625 0.363529
vt 0.117764 0.358174
vt 0.130086 0.358174
vt 0.108464 0.363529
vt 0.102303 0.363529
vt 0.105403 0.358174
vt 0.096064 0.363529
vt 0.089982 0.363529
vt 0.093042 0.358174
vt 0.145547 0.363529
vt 0.139386 0.363529
vt 0.142447 0.358174
vt 0.950337 0.025231
vt 0.950817 0.020338
vt 0.945907 0.019863
vt 0.871633 0.903271
vt 0.872516 0.900944
vt 0.872496 0.903271
vt 0.898710 0.900944
vt 0.899553 0.903271
vt 0.898690 0.903271
vt 0.899553 0.900944
vt 0.871633 0.900944
vt 0.899553 0.898617
vt 0.872496 0.898617
vt 0.873399 0.900944
vt 0.873399 0.898617
vt 0.874282 0.900944
vt 0.874282 0.898617
vt 0.875126 0.900944
vt 0.875145 0.900944
vt 0.875145 0.898617
vt 0.875989 0.898617
vt 0.875989 0.900944
vt 0.876009 0.900944
vt 0.875106 0.903271
vt 0.875989 0.903271
vt 0.874262 0.903271
vt 0.876872 0.903271
vt 0.876872 0.900944
vt 0.877755 0.900944
vt 0.877755 0.903271
vt 0.878618 0.900944
vt 0.878618 0.903271
vt 0.879501 0.903271
vt 0.879501 0.900944
vt 0.880364 0.903271
vt 0.880364 0.900944
vt 0.879501 0.898617
vt 0.880364 0.898617
vt 0.881228 0.900944
vt 0.881228 0.898617
vt 0.882111 0.900944
vt 0.882111 0.903271
vt 0.881228 0.903271
vt 0.882974 0.900944
vt 0.882974 0.903271
vt 0.883857 0.900944
vt 0.883857 0.903271
vt 0.884720 0.900944
vt 0.884720 0.903271
vt 0.883857 0.898617
vt 0.882974 0.898617
vt 0.884720 0.898617
vt 0.885583 0.900944
vt 0.885583 0.898617
vt 0.886466 0.900944
vt 0.885583 0.903271
vt 0.886486 0.903271
vt 0.887369 0.903271
vt 0.887349 0.900944
vt 0.887330 0.900944
vt 0.888213 0.900944
vt 0.888213 0.903271
vt 0.888193 0.900944
vt 0.889095 0.903271
vt 0.889076 0.900944
vt 0.889056 0.900944
vt 0.888193 0.898617
vt 0.889056 0.898617
vt 0.889959 0.900944
vt 0.889939 0.900944
vt 0.889959 0.898617
vt 0.890822 0.900944
vt 0.890822 0.903271
vt 0.889959 0.903271
vt 0.891705 0.900944
vt 0.891705 0.903271
vt 0.891685 0.900944
vt 0.892588 0.903271
vt 0.892588 0.900944
vt 0.893451 0.903271
vt 0.893451 0.900944
vt 0.894315 0.900944
vt 0.894315 0.903271
vt 0.894315 0.898617
vt 0.892608 0.898617
vt 0.895198 0.898617
vt 0.895178 0.900944
vt 0.896100 0.900944
vt 0.896080 0.898617
vt 0.896944 0.900944
vt 0.896944 0.898617
vt 0.897807 0.900944
vt 0.898710 0.898617
vt 0.897807 0.903271
vt 0.896944 0.903271
vt 0.896080 0.903271
vt 0.895178 0.903271
vt 0.897827 0.898617
vt 0.897807 0.898617
vt 0.898690 0.898617
vt 0.897827 0.896290
vt 0.896944 0.896290
vt 0.896963 0.898617
vt 0.896100 0.896290
vt 0.896100 0.898617
vt 0.895178 0.898617
vt 0.895178 0.896290
vt 0.893451 0.898617
vt 0.894315 0.896290
vt 0.892588 0.898617
vt 0.891705 0.898617
vt 0.890822 0.898617
vt 0.889939 0.898617
vt 0.889959 0.896290
vt 0.889056 0.896290
vt 0.889076 0.898617
vt 0.887330 0.898617
vt 0.888213 0.898617
vt 0.887349 0.898617
vt 0.888193 0.896290
vt 0.886466 0.898617
vt 0.887330 0.896290
vt 0.886466 0.896290
vt 0.885583 0.896290
vt 0.884720 0.896290
vt 0.883857 0.896290
vt 0.882111 0.898617
vt 0.882974 0.896290
vt 0.882111 0.896290
vt 0.881228 0.896290
vt 0.878618 0.898617
vt 0.880364 0.896290
vt 0.878618 0.896290
vt 0.877755 0.898617
vt 0.876872 0.898617
vt 0.877755 0.896290
vt 0.876009 0.896290
vt 0.876009 0.898617
vt 0.875126 0.898617
vt 0.875145 0.896290
vt 0.874262 0.896290
vt 0.873399 0.896290
vt 0.871633 0.898617
vt 0.871633 0.896290
vt 0.898690 0.896290
vt 0.899553 0.896290
vt 0.898710 0.896290
vt 0.872496 0.896290
vt 0.899553 0.893963
vt 0.871633 0.893963
vt 0.872516 0.896290
vt 0.873399 0.893963
vt 0.874282 0.893963
vt 0.874282 0.896290
vt 0.875145 0.893964
vt 0.876009 0.893963
vt 0.876872 0.896290
vt 0.877755 0.893964
vt 0.879501 0.893963
vt 0.879501 0.896290
vt 0.881228 0.893964
vt 0.882111 0.893963
vt 0.882974 0.893963
vt 0.883857 0.893964
vt 0.885583 0.893963
vt 0.887330 0.893963
vt 0.887349 0.896290
vt 0.888193 0.893964
vt 0.889076 0.893963
vt 0.889939 0.893964
vt 0.890822 0.896290
vt 0.891685 0.896290
vt 0.891705 0.893963
vt 0.891705 0.896290
vt 0.892588 0.896290
vt 0.893471 0.896290
vt 0.893451 0.893963
vt 0.893451 0.896290
vt 0.895178 0.893963
vt 0.896080 0.896290
vt 0.896963 0.896290
vt 0.896080 0.893963
vt 0.897807 0.896290
vt 0.896944 0.893963
vt 0.897807 0.893963
vt 0.897827 0.891637
vt 0.898710 0.893964
vt 0.899553 0.891637
vt 0.897807 0.889310
vt 0.898710 0.891637
vt 0.899553 0.889310
vt 0.871633 0.891637
vt 0.872496 0.889310
vt 0.872496 0.891637
vt 0.872496 0.893963
vt 0.873399 0.891637
vt 0.873399 0.889310
vt 0.874282 0.891637
vt 0.875126 0.889310
vt 0.875126 0.891637
vt 0.876009 0.891637
vt 0.876872 0.889310
vt 0.876872 0.891637
vt 0.876872 0.893963
vt 0.877755 0.891637
vt 0.878618 0.889310
vt 0.878618 0.891637
vt 0.878618 0.893963
vt 0.879501 0.891637
vt 0.880364 0.889310
vt 0.880364 0.891637
vt 0.880364 0.893963
vt 0.881228 0.891637
vt 0.882111 0.889310
vt 0.882111 0.891637
vt 0.882974 0.891637
vt 0.883857 0.889310
vt 0.883857 0.891637
vt 0.884720 0.889310
vt 0.884720 0.891637
vt 0.884720 0.893963
vt 0.885583 0.891637
vt 0.885583 0.889310
vt 0.886466 0.891637
vt 0.886466 0.893963
vt 0.887349 0.889310
vt 0.887349 0.891637
vt 0.888213 0.891637
vt 0.889095 0.889310
vt 0.889056 0.891637
vt 0.889959 0.891637
vt 0.890822 0.889310
vt 0.890822 0.891637
vt 0.890822 0.893963
vt 0.891685 0.891637
vt 0.891705 0.889310
vt 0.892588 0.891637
vt 0.892588 0.893963
vt 0.893451 0.889310
vt 0.893451 0.891637
vt 0.894315 0.889310
vt 0.894315 0.891637
vt 0.894315 0.893963
vt 0.895178 0.891637
vt 0.896080 0.889310
vt 0.896080 0.891637
vt 0.896944 0.891637
vt 0.019091 0.955267
vt 0.022868 0.952093
vt 0.026020 0.955872
vt 0.873399 0.903271
vt 0.873551 0.948473
vt 0.872619 0.951546
vt 0.880958 0.950724
vt 0.709978 0.076744
vt 0.708860 0.079752
vt 0.708860 0.076744
vt 0.675014 0.076744
vt 0.673896 0.079752
vt 0.673896 0.076744
vt 0.675014 0.079752
vt 0.709978 0.079752
vt 0.675014 0.082759
vt 0.709978 0.082759
vt 0.707741 0.079752
vt 0.708860 0.082759
vt 0.706584 0.079752
vt 0.707722 0.082759
vt 0.705465 0.079752
vt 0.705485 0.082759
vt 0.704366 0.082759
vt 0.704347 0.079752
vt 0.704366 0.079752
vt 0.704347 0.076744
vt 0.705465 0.076744
vt 0.706584 0.076744
vt 0.703209 0.076744
vt 0.703209 0.079752
vt 0.702090 0.076744
vt 0.702051 0.079752
vt 0.700972 0.076744
vt 0.700972 0.079752
vt 0.699795 0.079752
vt 0.699814 0.076744
vt 0.698676 0.079752
vt 0.698716 0.076744
vt 0.698696 0.079752
vt 0.698676 0.082759
vt 0.699814 0.082759
vt 0.697578 0.082759
vt 0.697558 0.079752
vt 0.696440 0.079752
vt 0.696459 0.079752
vt 0.696479 0.076744
vt 0.697597 0.076744
vt 0.695302 0.079752
vt 0.695361 0.076744
vt 0.694183 0.079752
vt 0.694183 0.076744
vt 0.693065 0.076744
vt 0.693065 0.079752
vt 0.693065 0.082759
vt 0.695341 0.082759
vt 0.691947 0.082759
vt 0.691947 0.079752
vt 0.690809 0.079752
vt 0.691947 0.076744
vt 0.690809 0.076744
vt 0.689671 0.076744
vt 0.689671 0.079752
vt 0.688552 0.079752
vt 0.688552 0.076744
vt 0.687434 0.076744
vt 0.687434 0.079752
vt 0.687434 0.082759
vt 0.689671 0.082759
vt 0.686296 0.079752
vt 0.686296 0.082759
vt 0.685177 0.079752
vt 0.685177 0.076744
vt 0.686296 0.076744
vt 0.684059 0.076744
vt 0.684059 0.079752
vt 0.682902 0.076744
vt 0.682921 0.079752
vt 0.681803 0.079752
vt 0.681763 0.076744
vt 0.680665 0.079752
vt 0.680645 0.076744
vt 0.680684 0.079752
vt 0.680665 0.082759
vt 0.682921 0.082759
vt 0.679566 0.082759
vt 0.679566 0.079752
vt 0.679546 0.079752
vt 0.678428 0.079752
vt 0.678389 0.079752
vt 0.677270 0.079752
vt 0.678428 0.082759
vt 0.676172 0.079752
vt 0.676152 0.079752
vt 0.677270 0.082759
vt 0.676152 0.082759
vt 0.676152 0.076744
vt 0.677270 0.076744
vt 0.678389 0.076744
vt 0.679546 0.076744
vt 0.676172 0.082759
vt 0.676152 0.085766
vt 0.677270 0.085766
vt 0.678389 0.082759
vt 0.679566 0.085766
vt 0.679546 0.082759
vt 0.681783 0.085766
vt 0.681803 0.082759
vt 0.681783 0.082759
vt 0.680684 0.082759
vt 0.684059 0.082759
vt 0.682902 0.082759
vt 0.685177 0.082759
vt 0.685177 0.085766
vt 0.687434 0.085766
vt 0.688552 0.085766
vt 0.688552 0.082759
vt 0.690809 0.082759
vt 0.689671 0.085766
vt 0.690809 0.085766
vt 0.691947 0.085766
vt 0.694183 0.082759
vt 0.695302 0.082759
vt 0.693065 0.085766
vt 0.694183 0.085766
vt 0.696440 0.082759
vt 0.695302 0.085766
vt 0.697558 0.082759
vt 0.697558 0.085766
vt 0.698696 0.082759
vt 0.699795 0.082759
vt 0.700933 0.082759
vt 0.700972 0.082759
vt 0.698696 0.085766
vt 0.699795 0.085766
vt 0.702051 0.082759
vt 0.702090 0.085766
vt 0.702090 0.082759
vt 0.703209 0.082759
vt 0.704347 0.085766
vt 0.704347 0.082759
vt 0.705465 0.082759
vt 0.706584 0.082759
vt 0.705465 0.085766
vt 0.706584 0.085766
vt 0.707722 0.085766
vt 0.708879 0.082759
vt 0.709978 0.085766
vt 0.673896 0.085766
vt 0.673896 0.082759
vt 0.674994 0.085766
vt 0.675014 0.085766
vt 0.708860 0.085766
vt 0.674994 0.088773
vt 0.708879 0.088773
vt 0.707722 0.088773
vt 0.707741 0.085766
vt 0.706584 0.088773
vt 0.705485 0.088773
vt 0.703209 0.088773
vt 0.703209 0.085766
vt 0.702090 0.088773
vt 0.702051 0.085766
vt 0.703189 0.085766
vt 0.700972 0.088773
vt 0.700972 0.085766
vt 0.699814 0.088773
vt 0.698676 0.088773
vt 0.698676 0.085766
vt 0.697578 0.085766
vt 0.697558 0.088773
vt 0.696440 0.085766
vt 0.695341 0.085766
vt 0.696459 0.088773
vt 0.695302 0.088773
vt 0.694183 0.088773
vt 0.691947 0.088773
vt 0.690809 0.088773
vt 0.689671 0.088773
vt 0.688552 0.088773
vt 0.687434 0.088773
vt 0.686296 0.088773
vt 0.686296 0.085766
vt 0.684059 0.085766
vt 0.685177 0.088773
vt 0.682921 0.085766
vt 0.684059 0.088773
vt 0.681803 0.088773
vt 0.681803 0.085766
vt 0.680665 0.085766
vt 0.679566 0.088773
vt 0.680684 0.085766
vt 0.678428 0.088773
vt 0.678428 0.085766
vt 0.678389 0.085766
vt 0.677270 0.088773
vt 0.677290 0.085766
vt 0.676152 0.088773
vt 0.676152 0.091781
vt 0.677270 0.091781
vt 0.674994 0.091781
vt 0.673896 0.088773
vt 0.673896 0.092210
vt 0.673896 0.091781
vt 0.675014 0.092210
vt 0.709978 0.091781
vt 0.709978 0.088773
vt 0.709978 0.092210
vt 0.708860 0.091781
vt 0.673896 0.092640
vt 0.709978 0.092640
vt 0.708860 0.092210
vt 0.707722 0.092210
vt 0.707741 0.091781
vt 0.708879 0.092640
vt 0.706584 0.092210
vt 0.706584 0.091781
vt 0.706623 0.092640
vt 0.705465 0.091781
vt 0.705485 0.092210
vt 0.704347 0.091781
vt 0.705465 0.092640
vt 0.704347 0.092210
vt 0.703209 0.092210
vt 0.703189 0.091781
vt 0.703189 0.092640
vt 0.702090 0.091781
vt 0.702090 0.092210
vt 0.700933 0.092210
vt 0.700972 0.091781
vt 0.702090 0.092640
vt 0.699814 0.092210
vt 0.699795 0.091781
vt 0.700972 0.092640
vt 0.698676 0.092210
vt 0.698696 0.091781
vt 0.699814 0.092640
vt 0.697558 0.092210
vt 0.697578 0.091781
vt 0.698676 0.092640
vt 0.696440 0.091781
vt 0.696459 0.092640
vt 0.696459 0.092210
vt 0.695302 0.092210
vt 0.695302 0.091781
vt 0.694183 0.092210
vt 0.694183 0.091781
vt 0.695302 0.092640
vt 0.693065 0.092210
vt 0.693065 0.091781
vt 0.693065 0.092640
vt 0.691947 0.092210
vt 0.691947 0.091781
vt 0.691947 0.092640
vt 0.690809 0.091781
vt 0.690809 0.092640
vt 0.690809 0.092210
vt 0.689671 0.091781
vt 0.689671 0.092210
vt 0.688552 0.092210
vt 0.688552 0.091781
vt 0.688552 0.092640
vt 0.687434 0.091781
vt 0.687434 0.092640
vt 0.687434 0.092210
vt 0.686296 0.092210
vt 0.686296 0.091781
vt 0.686296 0.092640
vt 0.685177 0.091781
vt 0.685177 0.092210
vt 0.684059 0.092210
vt 0.684059 0.091781
vt 0.684059 0.092640
vt 0.682921 0.091781
vt 0.682921 0.092210
vt 0.681803 0.091781
vt 0.681803 0.092640
vt 0.681803 0.092210
vt 0.680684 0.091781
vt 0.680684 0.092640
vt 0.680665 0.092210
vt 0.679566 0.092210
vt 0.679546 0.091781
vt 0.679566 0.092640
vt 0.678389 0.092210
vt 0.678389 0.091781
vt 0.678428 0.092640
vt 0.677270 0.092640
vt 0.677290 0.092210
vt 0.676152 0.092210
vt 0.676152 0.092640
vt 0.676152 0.093069
vt 0.675014 0.092640
vt 0.677270 0.093069
vt 0.673896 0.093069
vt 0.675014 0.093069
vt 0.673896 0.093499
vt 0.676152 0.093499
vt 0.708860 0.093069
vt 0.709978 0.093069
vt 0.708879 0.093499
vt 0.707741 0.093069
vt 0.707722 0.092640
vt 0.706584 0.093499
vt 0.706584 0.093069
vt 0.705485 0.093069
vt 0.704347 0.093499
vt 0.704347 0.093069
vt 0.704347 0.092640
vt 0.703209 0.093069
vt 0.703209 0.093499
vt 0.702090 0.093069
vt 0.700972 0.093499
vt 0.700972 0.093069
vt 0.699795 0.093069
vt 0.699795 0.093499
vt 0.698676 0.093069
vt 0.698676 0.093499
vt 0.697578 0.093069
vt 0.697558 0.092640
vt 0.697558 0.093499
vt 0.696440 0.093069
vt 0.695341 0.093499
vt 0.695302 0.093069
vt 0.694183 0.093069
vt 0.694183 0.092640
vt 0.694183 0.093499
vt 0.693065 0.093069
vt 0.691947 0.093499
vt 0.691947 0.093069
vt 0.690809 0.093499
vt 0.690809 0.093069
vt 0.689671 0.093499
vt 0.689671 0.093069
vt 0.689671 0.092640
vt 0.688552 0.093499
vt 0.688552 0.093069
vt 0.687434 0.093069
vt 0.687434 0.093499
vt 0.686296 0.093069
vt 0.685177 0.093499
vt 0.685177 0.093069
vt 0.685177 0.092640
vt 0.684059 0.093069
vt 0.682921 0.093499
vt 0.682921 0.093069
vt 0.682921 0.092640
vt 0.681803 0.093499
vt 0.681803 0.093069
vt 0.680684 0.093499
vt 0.680684 0.093069
vt 0.679566 0.093069
vt 0.678389 0.093499
vt 0.678389 0.093069
vt 0.677290 0.093499
vt 0.676172 0.093928
vt 0.678428 0.093928
vt 0.675014 0.093928
vt 0.674994 0.093499
vt 0.674994 0.094358
vt 0.677290 0.094358
vt 0.677270 0.093928
vt 0.673896 0.093928
vt 0.709978 0.093499
vt 0.708860 0.093928
vt 0.709978 0.093928
vt 0.708879 0.094358
vt 0.707722 0.094358
vt 0.707741 0.093928
vt 0.707722 0.093499
vt 0.706584 0.094358
vt 0.706584 0.093928
vt 0.705485 0.094358
vt 0.705465 0.093928
vt 0.705465 0.093499
vt 0.704347 0.094358
vt 0.704366 0.093928
vt 0.703209 0.093928
vt 0.703209 0.094358
vt 0.702090 0.093928
vt 0.702051 0.093499
vt 0.700933 0.094358
vt 0.700972 0.093928
vt 0.699795 0.094358
vt 0.699795 0.093928
vt 0.698696 0.093928
vt 0.697558 0.094358
vt 0.697558 0.093928
vt 0.696440 0.094358
vt 0.696440 0.093928
vt 0.696440 0.093499
vt 0.695302 0.094358
vt 0.695302 0.093928
vt 0.694183 0.093928
vt 0.694183 0.094358
vt 0.693065 0.093928
vt 0.693065 0.093499
vt 0.693065 0.094358
vt 0.691947 0.093928
vt 0.691947 0.094358
vt 0.690809 0.093928
vt 0.690809 0.094358
vt 0.689671 0.093928
vt 0.689671 0.094358
vt 0.688552 0.093928
vt 0.687434 0.094358
vt 0.687434 0.093928
vt 0.686296 0.093928
vt 0.686296 0.093499
vt 0.686296 0.094358
vt 0.685177 0.093928
vt 0.685177 0.094358
vt 0.684059 0.093928
vt 0.684059 0.093499
vt 0.682902 0.094358
vt 0.682921 0.093928
vt 0.681803 0.093928
vt 0.681803 0.094358
vt 0.680684 0.093928
vt 0.680684 0.094358
vt 0.679546 0.093928
vt 0.679566 0.093499
vt 0.678389 0.094358
vt 0.679566 0.094358
vt 0.678389 0.094788
vt 0.677270 0.094788
vt 0.676152 0.094358
vt 0.638874 0.941710
vt 0.637162 0.947393
vt 0.631478 0.945685
vt 0.675014 0.094788
vt 0.673896 0.094358
vt 0.709978 0.094358
vt 0.708860 0.094788
vt 0.707722 0.094788
vt 0.706584 0.094788
vt 0.704347 0.094788
vt 0.703209 0.094788
vt 0.702051 0.094358
vt 0.700972 0.094788
vt 0.699834 0.094788
vt 0.698696 0.094358
vt 0.698696 0.094788
vt 0.696459 0.094788
vt 0.695361 0.094788
vt 0.694183 0.094788
vt 0.693065 0.094788
vt 0.691947 0.094788
vt 0.689671 0.094788
vt 0.688552 0.094358
vt 0.688552 0.094788
vt 0.686296 0.094788
vt 0.685177 0.094788
vt 0.684059 0.094788
vt 0.684059 0.094358
vt 0.682902 0.094788
vt 0.681763 0.094788
vt 0.679527 0.094788
vt 0.680684 0.088773
vt 0.682902 0.088773
vt 0.693065 0.088773
vt 0.704347 0.088773
vt 0.707722 0.076744
vt 0.420688 0.899553
vt 0.417588 0.894199
vt 0.423749 0.894199
vt 0.371244 0.899553
vt 0.368144 0.894199
vt 0.374305 0.894199
vt 0.383605 0.899553
vt 0.380584 0.894199
vt 0.386666 0.894199
vt 0.395966 0.899553
vt 0.392905 0.894199
vt 0.399066 0.894199
vt 0.411427 0.894199
vt 0.408366 0.899553
vt 0.405227 0.894199
vt 0.395966 0.888844
vt 0.402127 0.888844
vt 0.408327 0.888844
vt 0.414527 0.888844
vt 0.411427 0.883489
vt 0.405227 0.883489
vt 0.402127 0.878134
vt 0.408366 0.878134
vt 0.399066 0.883489
vt 0.395966 0.878134
vt 0.392827 0.883489
vt 0.389766 0.878134
vt 0.389766 0.888844
vt 0.386744 0.883489
vt 0.383605 0.888844
vt 0.383605 0.878134
vt 0.380466 0.883489
vt 0.377405 0.888844
vt 0.371244 0.888844
vt 0.374305 0.883489
vt 0.371244 0.878134
vt 0.377405 0.878134
vt 0.368144 0.883489
vt 0.429949 0.883489
vt 0.426888 0.878134
vt 0.433049 0.878134
vt 0.426888 0.888844
vt 0.423749 0.883489
vt 0.365044 0.888844
vt 0.420649 0.888844
vt 0.420688 0.878134
vt 0.417588 0.883489
vt 0.414566 0.878134
vt 0.417588 0.872780
vt 0.411427 0.872780
vt 0.405227 0.872780
vt 0.399066 0.872780
vt 0.402127 0.867425
vt 0.414527 0.867425
vt 0.392905 0.872780
vt 0.386666 0.872780
vt 0.389766 0.867425
vt 0.380584 0.872780
vt 0.374305 0.872780
vt 0.377405 0.867425
vt 0.429949 0.872780
vt 0.423749 0.872780
vt 0.426888 0.867425
vt 0.954529 0.160449
vt 0.954052 0.155549
vt 0.949156 0.156012
vt 0.204402 0.908378
vt 0.205285 0.910705
vt 0.204402 0.910705
vt 0.231459 0.910705
vt 0.232323 0.908378
vt 0.232323 0.910705
vt 0.231459 0.908378
vt 0.205285 0.908378
vt 0.231459 0.906053
vt 0.204402 0.906053
vt 0.206168 0.908378
vt 0.206168 0.906053
vt 0.207032 0.908378
vt 0.207032 0.906053
vt 0.207895 0.908378
vt 0.207915 0.908378
vt 0.208778 0.906053
vt 0.208778 0.908378
vt 0.208758 0.908378
vt 0.207934 0.910705
vt 0.208778 0.910705
vt 0.207032 0.910705
vt 0.209641 0.910705
vt 0.209622 0.908378
vt 0.210504 0.908378
vt 0.210524 0.910705
vt 0.210524 0.908378
vt 0.211407 0.910705
vt 0.211407 0.908378
vt 0.212270 0.908378
vt 0.212270 0.910705
vt 0.213134 0.910705
vt 0.213114 0.908378
vt 0.213134 0.908378
vt 0.213134 0.906053
vt 0.211387 0.906053
vt 0.214036 0.906053
vt 0.214017 0.908378
vt 0.214880 0.908378
vt 0.214880 0.910705
vt 0.214017 0.910705
vt 0.215763 0.908378
vt 0.215763 0.910705
vt 0.215782 0.908378
vt 0.216626 0.908378
vt 0.216626 0.910705
vt 0.217509 0.910705
vt 0.217529 0.908378
vt 0.217509 0.908378
vt 0.216626 0.906053
vt 0.215763 0.906053
vt 0.218372 0.906053
vt 0.218372 0.908378
vt 0.218392 0.908378
vt 0.219255 0.908378
vt 0.219236 0.908378
vt 0.219236 0.910705
vt 0.218372 0.910705
vt 0.220119 0.910705
vt 0.220119 0.908378
vt 0.221001 0.908378
vt 0.221001 0.910705
vt 0.221021 0.908378
vt 0.221845 0.910705
vt 0.221865 0.908378
vt 0.221884 0.908378
vt 0.221884 0.906053
vt 0.221021 0.906053
vt 0.222728 0.908378
vt 0.222748 0.908378
vt 0.222748 0.906053
vt 0.223611 0.908378
vt 0.223572 0.910705
vt 0.222728 0.910705
vt 0.224474 0.910705
vt 0.224474 0.908378
vt 0.225357 0.908378
vt 0.225357 0.910705
vt 0.226221 0.910705
vt 0.226221 0.908378
vt 0.227104 0.908378
vt 0.227104 0.910705
vt 0.227104 0.906053
vt 0.225357 0.906053
vt 0.227967 0.906053
vt 0.227967 0.908378
vt 0.228830 0.908378
vt 0.228830 0.906053
vt 0.229713 0.908378
vt 0.230596 0.908378
vt 0.229713 0.906053
vt 0.230596 0.906053
vt 0.230596 0.910705
vt 0.229713 0.910705
vt 0.228830 0.910705
vt 0.227967 0.910705
vt 0.231459 0.903727
vt 0.229713 0.903727
vt 0.228830 0.903727
vt 0.227967 0.903727
vt 0.226221 0.903727
vt 0.226221 0.906053
vt 0.224474 0.906053
vt 0.223611 0.906053
vt 0.223591 0.906053
vt 0.222728 0.903727
vt 0.221884 0.903727
vt 0.221865 0.906053
vt 0.220138 0.906053
vt 0.221001 0.906053
vt 0.220119 0.906053
vt 0.221021 0.903727
vt 0.219255 0.906053
vt 0.219236 0.903727
vt 0.218392 0.906053
vt 0.219236 0.906053
vt 0.218372 0.903727
vt 0.217509 0.906053
vt 0.216646 0.906053
vt 0.216626 0.903727
vt 0.215763 0.903727
vt 0.214880 0.906053
vt 0.214899 0.903727
vt 0.214017 0.906053
vt 0.214017 0.903727
vt 0.213134 0.903727
vt 0.212270 0.906053
vt 0.212251 0.906053
vt 0.211407 0.906053
vt 0.211407 0.903727
vt 0.210504 0.906053
vt 0.209622 0.906053
vt 0.209622 0.903727
vt 0.208758 0.903727
vt 0.208758 0.906053
vt 0.207915 0.906053
vt 0.207895 0.906053
vt 0.207895 0.903727
vt 0.207032 0.903727
vt 0.205285 0.906053
vt 0.206168 0.903727
vt 0.204402 0.903727
vt 0.232323 0.903727
vt 0.232323 0.906053
vt 0.205285 0.903727
vt 0.232323 0.901400
vt 0.205285 0.901400
vt 0.206168 0.901400
vt 0.207032 0.901400
vt 0.207895 0.901400
vt 0.208758 0.901400
vt 0.210504 0.901400
vt 0.210504 0.903727
vt 0.210524 0.903727
vt 0.211407 0.901400
vt 0.212251 0.903727
vt 0.212270 0.901400
vt 0.212270 0.903727
vt 0.214036 0.901400
vt 0.214880 0.901400
vt 0.215763 0.901400
vt 0.216646 0.901400
vt 0.217509 0.903727
vt 0.217529 0.903727
vt 0.217509 0.901400
vt 0.218372 0.901400
vt 0.219255 0.903727
vt 0.220138 0.903727
vt 0.220119 0.901400
vt 0.220119 0.903727
vt 0.221865 0.901400
vt 0.222748 0.903727
vt 0.223611 0.901400
vt 0.223611 0.903727
vt 0.224474 0.903727
vt 0.225357 0.903727
vt 0.224474 0.901400
vt 0.226221 0.901400
vt 0.227104 0.901400
vt 0.227104 0.903727
vt 0.228830 0.901400
vt 0.230596 0.903727
vt 0.230596 0.901400
vt 0.231459 0.899073
vt 0.231459 0.901400
vt 0.229713 0.901400
vt 0.230596 0.899073
vt 0.232323 0.899073
vt 0.231459 0.896746
vt 0.232323 0.896746
vt 0.204402 0.899073
vt 0.205285 0.896746
vt 0.205285 0.899073
vt 0.204402 0.901400
vt 0.206168 0.896746
vt 0.206168 0.899073
vt 0.207032 0.899073
vt 0.207915 0.896746
vt 0.207915 0.899073
vt 0.208758 0.899073
vt 0.209661 0.896746
vt 0.209622 0.899073
vt 0.209641 0.901400
vt 0.210524 0.896746
vt 0.210504 0.899073
vt 0.211387 0.899073
vt 0.212270 0.896746
vt 0.212270 0.899073
vt 0.213114 0.899073
vt 0.213134 0.901400
vt 0.213134 0.896746
vt 0.214017 0.899073
vt 0.214880 0.896746
vt 0.214880 0.899073
vt 0.215763 0.899073
vt 0.216626 0.896746
vt 0.216626 0.899073
vt 0.217509 0.899073
vt 0.217509 0.896746
vt 0.218372 0.899073
vt 0.218372 0.896746
vt 0.219255 0.899073
vt 0.219236 0.901400
vt 0.219236 0.896746
vt 0.220119 0.899073
vt 0.220982 0.896746
vt 0.221001 0.899073
vt 0.221021 0.901400
vt 0.221884 0.899073
vt 0.222708 0.896746
vt 0.222728 0.899073
vt 0.222748 0.901400
vt 0.223611 0.899073
vt 0.224474 0.896746
vt 0.224474 0.899073
vt 0.225357 0.899073
vt 0.225357 0.901400
vt 0.226221 0.896746
vt 0.226221 0.899073
vt 0.227103 0.896746
vt 0.227103 0.899073
vt 0.227967 0.899073
vt 0.227967 0.901400
vt 0.227967 0.896746
vt 0.228830 0.899073
vt 0.229713 0.896746
vt 0.229713 0.899073
vt 0.955183 0.211281
vt 0.950847 0.213603
vt 0.948522 0.209258
vt 0.206168 0.910705
vt 0.350357 0.947006
vt 0.351299 0.950078
vt 0.357784 0.944755
vt 0.658474 0.612563
vt 0.661483 0.613681
vt 0.658474 0.613681
vt 0.658474 0.647487
vt 0.661483 0.648645
vt 0.658474 0.648645
vt 0.661483 0.647546
vt 0.661483 0.648625
vt 0.661483 0.612563
vt 0.661483 0.613701
vt 0.664491 0.647546
vt 0.664491 0.613701
vt 0.661483 0.614819
vt 0.664491 0.614799
vt 0.661483 0.615937
vt 0.661483 0.617075
vt 0.664491 0.615937
vt 0.664491 0.617075
vt 0.661483 0.618194
vt 0.658474 0.618194
vt 0.658474 0.617075
vt 0.658474 0.615898
vt 0.661483 0.619312
vt 0.658474 0.619312
vt 0.658474 0.620450
vt 0.661483 0.620450
vt 0.661483 0.621569
vt 0.658474 0.621569
vt 0.658474 0.622707
vt 0.661483 0.622707
vt 0.661483 0.623825
vt 0.658474 0.623825
vt 0.664491 0.623825
vt 0.664491 0.622707
vt 0.664491 0.624963
vt 0.661483 0.624963
vt 0.664491 0.626081
vt 0.661483 0.626081
vt 0.658474 0.626081
vt 0.658474 0.624963
vt 0.661483 0.627219
vt 0.658474 0.627219
vt 0.661483 0.628338
vt 0.658474 0.628338
vt 0.661483 0.629456
vt 0.658474 0.629495
vt 0.661483 0.629476
vt 0.664491 0.629456
vt 0.664491 0.627219
vt 0.664491 0.630574
vt 0.661483 0.630574
vt 0.664491 0.631693
vt 0.661483 0.631712
vt 0.661483 0.631693
vt 0.658474 0.631752
vt 0.658474 0.630594
vt 0.658474 0.632870
vt 0.661483 0.632811
vt 0.661483 0.633988
vt 0.658474 0.633988
vt 0.658474 0.635107
vt 0.661483 0.635087
vt 0.661483 0.635107
vt 0.664491 0.633988
vt 0.664491 0.632850
vt 0.664491 0.636206
vt 0.661483 0.636225
vt 0.664491 0.637402
vt 0.661483 0.637383
vt 0.661483 0.637402
vt 0.658474 0.637383
vt 0.658474 0.636225
vt 0.661483 0.638501
vt 0.658474 0.638501
vt 0.658474 0.639620
vt 0.661483 0.639639
vt 0.661483 0.639620
vt 0.658474 0.640738
vt 0.661483 0.640738
vt 0.658474 0.641896
vt 0.661483 0.641896
vt 0.661483 0.641915
vt 0.664491 0.641896
vt 0.664491 0.640738
vt 0.664491 0.643014
vt 0.661483 0.643034
vt 0.661483 0.643014
vt 0.661483 0.644132
vt 0.661483 0.644152
vt 0.661483 0.645290
vt 0.664491 0.645290
vt 0.661483 0.646428
vt 0.664491 0.646389
vt 0.658474 0.646369
vt 0.658474 0.645251
vt 0.658474 0.644132
vt 0.658474 0.643014
vt 0.664491 0.646428
vt 0.664491 0.647527
vt 0.667497 0.646428
vt 0.664491 0.644132
vt 0.667497 0.645290
vt 0.667497 0.644132
vt 0.667497 0.643034
vt 0.667497 0.640738
vt 0.664491 0.641915
vt 0.664491 0.639639
vt 0.664491 0.639620
vt 0.664491 0.638521
vt 0.664491 0.638501
vt 0.664491 0.637383
vt 0.664491 0.636225
vt 0.664491 0.635107
vt 0.667497 0.637383
vt 0.667497 0.635107
vt 0.664491 0.635087
vt 0.667497 0.633969
vt 0.664491 0.631712
vt 0.664491 0.632811
vt 0.667497 0.632811
vt 0.667497 0.630594
vt 0.664491 0.629476
vt 0.664491 0.628338
vt 0.667497 0.629456
vt 0.667497 0.628338
vt 0.667497 0.627219
vt 0.667497 0.624963
vt 0.667497 0.623825
vt 0.664491 0.621569
vt 0.667497 0.622707
vt 0.667497 0.621569
vt 0.664491 0.620450
vt 0.667497 0.620450
vt 0.664491 0.619312
vt 0.664491 0.618194
vt 0.667497 0.619312
vt 0.667497 0.617075
vt 0.667497 0.615937
vt 0.664491 0.614819
vt 0.667497 0.613701
vt 0.664491 0.612543
vt 0.664491 0.613681
vt 0.667497 0.612563
vt 0.664491 0.612563
vt 0.667497 0.647546
vt 0.664491 0.648625
vt 0.664491 0.648645
vt 0.667497 0.648645
vt 0.667497 0.647527
vt 0.670506 0.647546
vt 0.670506 0.612543
vt 0.670506 0.614799
vt 0.667497 0.614819
vt 0.670506 0.615937
vt 0.667497 0.614799
vt 0.670506 0.618194
vt 0.667497 0.618194
vt 0.670506 0.619312
vt 0.670506 0.620450
vt 0.670506 0.621569
vt 0.670506 0.622707
vt 0.670506 0.623825
vt 0.670506 0.626081
vt 0.667497 0.626081
vt 0.670506 0.627219
vt 0.670506 0.628338
vt 0.670506 0.629456
vt 0.670506 0.631712
vt 0.667497 0.631693
vt 0.670506 0.632850
vt 0.667497 0.633988
vt 0.670506 0.633969
vt 0.667497 0.635087
vt 0.670506 0.636206
vt 0.667497 0.636225
vt 0.667497 0.636206
vt 0.667497 0.638501
vt 0.670506 0.638501
vt 0.667497 0.639620
vt 0.667497 0.639639
vt 0.670506 0.639620
vt 0.670506 0.641915
vt 0.667497 0.641896
vt 0.670506 0.643014
vt 0.667497 0.643014
vt 0.670506 0.644152
vt 0.667497 0.644152
vt 0.670506 0.645270
vt 0.667497 0.646389
vt 0.673515 0.646428
vt 0.670506 0.646428
vt 0.673515 0.647546
vt 0.670506 0.648625
vt 0.673944 0.647527
vt 0.673515 0.648645
vt 0.673944 0.646428
vt 0.673515 0.613701
vt 0.670506 0.613701
vt 0.673515 0.612543
vt 0.673944 0.613681
vt 0.674374 0.647546
vt 0.673944 0.648645
vt 0.674374 0.612543
vt 0.673944 0.612543
vt 0.673944 0.614819
vt 0.673515 0.614819
vt 0.674374 0.614799
vt 0.673515 0.615937
vt 0.673944 0.615937
vt 0.673944 0.617075
vt 0.673515 0.617075
vt 0.674374 0.615937
vt 0.673515 0.618194
vt 0.674374 0.617075
vt 0.673944 0.618194
vt 0.673944 0.619312
vt 0.673515 0.619312
vt 0.674374 0.619312
vt 0.673515 0.620450
vt 0.673944 0.620450
vt 0.673515 0.621569
vt 0.674374 0.621569
vt 0.673944 0.621569
vt 0.673944 0.622707
vt 0.673515 0.622707
vt 0.674374 0.622707
vt 0.673515 0.623825
vt 0.674374 0.623825
vt 0.673944 0.623825
vt 0.673515 0.624963
vt 0.673944 0.624963
vt 0.673944 0.626081
vt 0.673515 0.626081
vt 0.674374 0.624963
vt 0.673944 0.627219
vt 0.673515 0.627219
vt 0.674374 0.626081
vt 0.673944 0.628338
vt 0.673515 0.628338
vt 0.674374 0.628338
vt 0.673944 0.629476
vt 0.673515 0.629456
vt 0.673944 0.630574
vt 0.673515 0.630594
vt 0.674374 0.629456
vt 0.673944 0.631693
vt 0.673515 0.631693
vt 0.674374 0.631693
vt 0.673515 0.632811
vt 0.673944 0.632850
vt 0.673515 0.633988
vt 0.674374 0.632850
vt 0.673944 0.633969
vt 0.673944 0.635107
vt 0.673515 0.635087
vt 0.674374 0.635087
vt 0.673944 0.636206
vt 0.673515 0.636225
vt 0.674374 0.636225
vt 0.673944 0.637383
vt 0.673515 0.637402
vt 0.674374 0.637383
vt 0.673944 0.638501
vt 0.673515 0.638501
vt 0.674374 0.638501
vt 0.673944 0.639620
vt 0.673515 0.639620
vt 0.673515 0.640738
vt 0.674374 0.640738
vt 0.673944 0.640738
vt 0.673944 0.641896
vt 0.673515 0.641915
vt 0.673515 0.643014
vt 0.674374 0.641896
vt 0.673944 0.643034
vt 0.673944 0.644132
vt 0.673515 0.644132
vt 0.674374 0.644152
vt 0.673515 0.645290
vt 0.673944 0.645290
vt 0.674374 0.646428
vt 0.674806 0.646428
vt 0.674374 0.645270
vt 0.674806 0.647546
vt 0.674374 0.648625
vt 0.675235 0.648645
vt 0.674806 0.648625
vt 0.675235 0.646389
vt 0.674806 0.612543
vt 0.674374 0.613701
vt 0.675235 0.613701
vt 0.674806 0.613681
vt 0.675235 0.614799
vt 0.674806 0.614819
vt 0.674806 0.615937
vt 0.675235 0.615937
vt 0.674806 0.617075
vt 0.675235 0.618194
vt 0.674806 0.618194
vt 0.674374 0.618194
vt 0.674806 0.619312
vt 0.675235 0.620450
vt 0.674806 0.620450
vt 0.674374 0.620450
vt 0.674806 0.621569
vt 0.675235 0.621569
vt 0.674806 0.622707
vt 0.675235 0.622707
vt 0.674806 0.623825
vt 0.675235 0.624963
vt 0.674806 0.624963
vt 0.674806 0.626081
vt 0.675235 0.627219
vt 0.674806 0.627219
vt 0.674374 0.627219
vt 0.674806 0.628338
vt 0.675235 0.629456
vt 0.674806 0.629476
vt 0.675235 0.630594
vt 0.674806 0.630574
vt 0.674374 0.630574
vt 0.674806 0.631693
vt 0.675235 0.632811
vt 0.674806 0.632811
vt 0.675235 0.633969
vt 0.674806 0.633988
vt 0.674374 0.633988
vt 0.675235 0.635107
vt 0.674806 0.635107
vt 0.675235 0.636225
vt 0.674806 0.636225
vt 0.674806 0.637402
vt 0.675235 0.638501
vt 0.674806 0.638501
vt 0.675235 0.639620
vt 0.674806 0.639620
vt 0.674374 0.639639
vt 0.675235 0.640738
vt 0.674806 0.640738
vt 0.675235 0.641896
vt 0.674806 0.641896
vt 0.674806 0.643014
vt 0.674374 0.643014
vt 0.675235 0.643034
vt 0.674806 0.644132
vt 0.675235 0.645290
vt 0.674806 0.645290
vt 0.675665 0.646428
vt 0.675235 0.644132
vt 0.675665 0.645270
vt 0.675665 0.647527
vt 0.675235 0.647546
vt 0.676094 0.646389
vt 0.676094 0.648625
vt 0.675665 0.648625
vt 0.675665 0.612563
vt 0.675235 0.612543
vt 0.676094 0.612563
vt 0.675665 0.613681
vt 0.676094 0.613701
vt 0.675665 0.614819
vt 0.676094 0.615937
vt 0.675665 0.615918
vt 0.675665 0.617075
vt 0.675235 0.617075
vt 0.676094 0.617075
vt 0.675665 0.618194
vt 0.676094 0.619312
vt 0.675665 0.619312
vt 0.675235 0.619312
vt 0.676094 0.620450
vt 0.675665 0.620450
vt 0.675665 0.621569
vt 0.676094 0.621569
vt 0.675665 0.622707
vt 0.676094 0.623825
vt 0.675665 0.623825
vt 0.675235 0.623825
vt 0.676094 0.624963
vt 0.675665 0.624963
vt 0.676094 0.626081
vt 0.675665 0.626081
vt 0.675235 0.626081
vt 0.675665 0.627219
vt 0.676094 0.628338
vt 0.675665 0.628338
vt 0.675235 0.628338
vt 0.675665 0.629476
vt 0.676094 0.629456
vt 0.675665 0.630574
vt 0.676094 0.631693
vt 0.675665 0.631693
vt 0.675235 0.631712
vt 0.676094 0.632811
vt 0.675665 0.632811
vt 0.675665 0.633988
vt 0.676094 0.635107
vt 0.675665 0.635087
vt 0.675665 0.636225
vt 0.676094 0.636225
vt 0.675665 0.637383
vt 0.675235 0.637383
vt 0.676094 0.637402
vt 0.675665 0.638521
vt 0.676094 0.639620
vt 0.675665 0.639639
vt 0.675665 0.640738
vt 0.676094 0.640738
vt 0.675665 0.641896
vt 0.676094 0.641915
vt 0.675665 0.643014
vt 0.676094 0.644132
vt 0.675665 0.644152
vt 0.676524 0.643014
vt 0.676094 0.643014
vt 0.676524 0.645270
vt 0.676094 0.645290
vt 0.021746 0.910242
vt 0.019994 0.904553
vt 0.025688 0.902831
vt 0.676524 0.646389
vt 0.676094 0.647546
vt 0.676524 0.647527
vt 0.676524 0.612563
vt 0.676524 0.613681
vt 0.676094 0.614799
vt 0.676524 0.615898
vt 0.676524 0.617075
vt 0.676524 0.618194
vt 0.676094 0.618194
vt 0.676524 0.619312
vt 0.676524 0.621569
vt 0.676094 0.622707
vt 0.676524 0.623825
vt 0.676524 0.626081
vt 0.676524 0.627219
vt 0.676094 0.627219
vt 0.676524 0.629476
vt 0.676094 0.630594
vt 0.676524 0.630594
vt 0.676524 0.632870
vt 0.676094 0.633969
vt 0.676524 0.633988
vt 0.676524 0.635107
vt 0.676524 0.637383
vt 0.676524 0.638501
vt 0.676094 0.638501
vt 0.676524 0.639620
vt 0.676524 0.640738
vt 0.670506 0.640738
vt 0.670506 0.637383
vt 0.670506 0.635107
vt 0.670506 0.630574
vt 0.670506 0.624963
vt 0.670506 0.617075
vt 0.664491 0.644152
vt 0.658474 0.614799
vt 0.638986 0.028407
vt 0.631952 0.026033
vt 0.639211 0.027603
vt 0.962189 0.704250
vt 0.961911 0.704402
vt 0.961877 0.704368
vt 0.640276 0.027949
vt 0.631845 0.029319
vt 0.636613 0.027269
vt 0.643994 0.028056
vt 0.645551 0.029222
vt 0.644511 0.028385
vt 0.639123 0.027712
vt 0.644310 0.027165
vt 0.644270 0.026661
vt 0.647187 0.028019
vt 0.614766 0.027490
vt 0.614970 0.026113
vt 0.632086 0.027585
vt 0.636378 0.028512
vt 0.630142 0.030449
vt 0.628233 0.029234
vt 0.604794 0.023036
vt 0.594322 0.023416
vt 0.637716 0.027515
vt 0.629651 0.027426
vt 0.672300 0.031523
vt 0.685792 0.026664
vt 0.696380 0.023648
vt 0.302532 0.973044
vt 0.302809 0.972893
vt 0.302844 0.972926
vt 0.668407 0.027560
vt 0.662324 0.028595
vt 0.668629 0.032085
vt 0.302671 0.973178
vt 0.302879 0.972960
vt 0.667507 0.026027
vt 0.658683 0.027585
vt 0.962606 0.703816
vt 0.962745 0.703533
vt 0.962745 0.703950
vt 0.667467 0.029277
vt 0.659967 0.026509
vt 0.662518 0.026147
vt 0.962467 0.703683
vt 0.962710 0.703499
vt 0.668662 0.022991
vt 0.661205 0.027673
vt 0.668242 0.027698
vt 0.685804 0.028743
vt 0.672325 0.023613
vt 0.302115 0.973478
vt 0.301976 0.973763
vt 0.301976 0.973346
vt 0.614882 0.029103
vt 0.628279 0.026652
vt 0.630310 0.025124
vt 0.302254 0.973613
vt 0.302011 0.973796
vt 0.629925 0.027791
vt 0.685968 0.027740
vt 0.696354 0.031803
vt 0.706996 0.031780
vt 0.706647 0.027766
vt 0.707481 0.035307
vt 0.733859 0.031467
vt 0.734038 0.027815
vt 0.730148 0.032447
vt 0.736284 0.031022
vt 0.739040 0.027824
vt 0.725564 0.027792
vt 0.736748 0.027816
vt 0.758301 0.027860
vt 0.736302 0.024611
vt 0.739045 0.027823
vt 0.730170 0.023159
vt 0.733881 0.024159
vt 0.734046 0.027812
vt 0.707027 0.023735
vt 0.732223 0.020498
vt 0.707523 0.020203
vt 0.706663 0.027756
vt 0.685979 0.027704
vt 0.707013 0.031779
vt 0.685820 0.028745
vt 0.667409 0.027656
vt 0.667487 0.029284
vt 0.655173 0.028186
vt 0.655184 0.027202
vt 0.655332 0.027694
vt 0.650375 0.028213
vt 0.650379 0.027174
vt 0.650361 0.027693
vt 0.650025 0.027695
vt 0.650107 0.027966
vt 0.649766 0.027843
vt 0.649772 0.027548
vt 0.649770 0.027695
vt 0.649514 0.027694
vt 0.649427 0.027968
vt 0.649159 0.028214
vt 0.649164 0.027166
vt 0.649179 0.027690
vt 0.644161 0.027667
vt 0.644321 0.028169
vt 0.632041 0.029139
vt 0.639311 0.027662
vt 0.644288 0.028673
vt 0.640440 0.026519
vt 0.636993 0.026438
vt 0.614928 0.028868
vt 0.594275 0.031573
vt 0.604684 0.031941
vt 0.628486 0.025601
vt 0.630389 0.024426
vt 0.594650 0.027496
vt 0.668739 0.023041
vt 0.661993 0.027481
vt 0.662565 0.026372
vt 0.672370 0.023689
vt 0.302949 0.973027
vt 0.302810 0.973312
vt 0.302914 0.972993
vt 0.302949 0.973444
vt 0.302626 0.973552
vt 0.302462 0.973395
vt 0.302532 0.973879
vt 0.302790 0.973709
vt 0.302393 0.973746
vt 0.302115 0.973897
vt 0.302080 0.973863
vt 0.672147 0.031787
vt 0.685788 0.026737
vt 0.696364 0.023697
vt 0.627584 0.028884
vt 0.614824 0.026246
vt 0.629990 0.030453
vt 0.661911 0.029264
vt 0.668404 0.032420
vt 0.636934 0.027843
vt 0.631841 0.026129
vt 0.636310 0.028417
vt 0.667396 0.026053
vt 0.707010 0.023753
vt 0.707508 0.020229
vt 0.667345 0.027666
vt 0.658531 0.028965
vt 0.660080 0.027613
vt 0.655030 0.027123
vt 0.650307 0.026500
vt 0.655061 0.026614
vt 0.650167 0.027093
vt 0.655190 0.027627
vt 0.650319 0.027135
vt 0.649811 0.027618
vt 0.650147 0.027620
vt 0.649564 0.027768
vt 0.649897 0.027343
vt 0.649560 0.027470
vt 0.649218 0.027348
vt 0.649299 0.027620
vt 0.649555 0.027619
vt 0.648802 0.027145
vt 0.648946 0.027103
vt 0.644105 0.026647
vt 0.644143 0.027146
vt 0.648963 0.027623
vt 0.643986 0.027641
vt 0.639144 0.027650
vt 0.631934 0.027723
vt 0.639675 0.027803
vt 0.614668 0.027675
vt 0.644135 0.028134
vt 0.594209 0.023523
vt 0.594562 0.027622
vt 0.567459 0.023871
vt 0.567281 0.027522
vt 0.594209 0.031721
vt 0.562317 0.027502
vt 0.567444 0.031174
vt 0.564620 0.027485
vt 0.565068 0.024291
vt 0.564645 0.027506
vt 0.565070 0.030725
vt 0.562335 0.027479
vt 0.543073 0.027455
vt 0.567478 0.031126
vt 0.565072 0.030688
vt 0.567493 0.023827
vt 0.565099 0.024280
vt 0.567316 0.027476
vt 0.571201 0.032142
vt 0.593755 0.035148
vt 0.569134 0.034782
vt 0.586733 0.030809
vt 0.594790 0.029076
vt 0.575814 0.027494
vt 0.585767 0.027497
vt 0.590644 0.027491
vt 0.586716 0.024198
vt 0.594758 0.025902
vt 0.569131 0.020220
vt 0.593711 0.019924
vt 0.604588 0.023163
vt 0.625105 0.028753
vt 0.571199 0.022849
vt 0.623605 0.027457
vt 0.625722 0.026122
vt 0.569166 0.020178
vt 0.593842 0.019838
vt 0.571250 0.022840
vt 0.586844 0.024209
vt 0.575871 0.027541
vt 0.585868 0.027577
vt 0.594974 0.025935
vt 0.590778 0.027595
vt 0.586790 0.030945
vt 0.594910 0.029316
vt 0.569099 0.034831
vt 0.593712 0.035313
vt 0.604615 0.032189
vt 0.625624 0.027261
vt 0.571206 0.032201
vt 0.624358 0.028055
vt 0.676645 0.024414
vt 0.710780 0.027760
vt 0.706721 0.029163
vt 0.302298 0.973238
vt 0.302134 0.973081
vt 0.715637 0.027770
vt 0.714653 0.031019
vt 0.676627 0.030781
vt 0.679402 0.027612
vt 0.706728 0.026332
vt 0.714670 0.024517
vt 0.625948 0.028892
vt 0.302392 0.972912
vt 0.732186 0.035119
vt 0.648808 0.028728
vt 0.644089 0.028634
vt 0.648946 0.028143
vt 0.648791 0.028096
vt 0.649213 0.027892
vt 0.649550 0.027463
vt 0.649554 0.027766
vt 0.649895 0.027893
vt 0.650315 0.028099
vt 0.650164 0.028147
vt 0.650303 0.028741
vt 0.655081 0.028640
vt 0.655041 0.028130
vt 0.660166 0.027675
vt 0.652144 0.027289
vt 0.653767 0.026078
vt 0.649543 0.026654
vt 0.649524 0.025778
vt 0.646961 0.027286
vt 0.645294 0.026086
vt 0.649800 0.027187
vt 0.655048 0.027036
vt 0.649798 0.029535
vt 0.649264 0.028066
vt 0.962423 0.704056
vt 0.962328 0.704385
vt 0.654520 0.027021
vt 0.654005 0.029236
vt 0.962587 0.704216
vt 0.649779 0.028659
vt 0.652356 0.028035
vt 0.660200 0.027645
vt 0.655231 0.026702
vt 0.650519 0.026590
vt 0.650532 0.027221
vt 0.650112 0.027424
vt 0.649774 0.027851
vt 0.649430 0.027420
vt 0.649012 0.027214
vt 0.649026 0.026575
vt 0.962259 0.703900
vt 0.962050 0.704118
vt 0.961842 0.704336
vt 0.961807 0.704301
vt 0.961911 0.703985
vt 0.961772 0.704267
vt 0.961772 0.703850
vt 0.962094 0.703744
vt 0.962189 0.703416
vt 0.961930 0.703585
vt 0.962328 0.703551
vt 0.962605 0.703399
vt 0.962640 0.703433
vt 0.654380 0.027867
vt 0.660177 0.027699
vt 0.653927 0.026211
vt 0.654281 0.027763
vt 0.649770 0.025879
vt 0.649588 0.027725
vt 0.649573 0.029439
vt 0.649478 0.027610
vt 0.655209 0.028686
vt 0.652323 0.027378
vt 0.649763 0.026747
vt 0.659259 0.027290
vt 0.650513 0.028798
vt 0.650520 0.028171
vt 0.649763 0.027546
vt 0.649008 0.028172
vt 0.647194 0.027370
vt 0.645593 0.026192
vt 0.649017 0.028803
vt 0.644764 0.027652
vt 0.653748 0.029106
vt 0.649571 0.028569
vt 0.644641 0.027383
vt 0.645387 0.029127
vt 0.646997 0.027949
vt 0.648806 0.026518
vt 0.652144 0.027932
vt 0.732213 0.020504
vt 0.733872 0.024163
vt 0.730165 0.023168
vt 0.736297 0.024616
vt 0.725569 0.027805
vt 0.736750 0.027822
vt 0.736289 0.031024
vt 0.730155 0.032452
vt 0.733869 0.031465
vt 0.732196 0.035119
vt 0.707498 0.035313
vt 0.714665 0.031034
vt 0.696376 0.031816
vt 0.706738 0.029188
vt 0.715645 0.027791
vt 0.714669 0.024542
vt 0.706733 0.026373
vt 0.710792 0.027785
vt 0.676544 0.030977
vt 0.679375 0.027752
vt 0.676657 0.024517
vt 0.655628 0.347295
vt 0.671524 0.357476
vt 0.654792 0.381611
vt 0.202511 0.203991
vt 0.195584 0.231590
vt 0.194855 0.213213
vt 0.649732 0.380400
vt 0.650221 0.387456
vt 0.648488 0.385252
vt 0.649867 0.388359
vt 0.648843 0.387638
vt 0.206964 0.217885
vt 0.194855 0.249050
vt 0.661918 0.370155
vt 0.653529 0.386327
vt 0.665307 0.376750
vt 0.650981 0.388705
vt 0.157692 0.019205
vt 0.193046 0.028540
vt 0.157161 0.028540
vt 0.156622 0.035313
vt 0.706882 0.334824
vt 0.690960 0.358155
vt 0.734952 0.334075
vt 0.708757 0.355331
vt 0.609393 0.210021
vt 0.616319 0.182422
vt 0.617049 0.200799
vt 0.601884 0.183226
vt 0.617049 0.164963
vt 0.643069 0.370838
vt 0.635886 0.335657
vt 0.637200 0.373966
vt 0.618753 0.327552
vt 0.044301 0.286073
vt 0.019627 0.295407
vt 0.020158 0.286073
vt 0.055513 0.295407
vt 0.019088 0.302180
vt 0.066909 0.302180
vt 0.019541 0.310089
vt 0.630430 0.377867
vt 0.609479 0.342402
vt 0.649593 0.389047
vt 0.646703 0.388255
vt 0.649053 0.390759
vt 0.643797 0.390007
vt 0.057338 0.310089
vt 0.019851 0.317224
vt 0.790773 0.513924
vt 0.804645 0.506017
vt 0.814059 0.518544
vt 0.783407 0.493104
vt 0.798471 0.496092
vt 0.652442 0.390078
vt 0.672440 0.393858
vt 0.653511 0.392785
vt 0.670213 0.388231
vt 0.824131 0.837745
vt 0.861619 0.830610
vt 0.861929 0.837745
vt 0.814561 0.845654
vt 0.862382 0.845654
vt 0.731530 0.359005
vt 0.702865 0.386985
vt 0.703885 0.371798
vt 0.842916 0.062721
vt 0.830685 0.068995
vt 0.824511 0.059070
vt 0.838383 0.051163
vt 0.815098 0.046543
vt 0.600922 0.356581
vt 0.620936 0.385485
vt 0.594704 0.369047
vt 0.845750 0.071983
vt 0.834542 0.075280
vt 0.046683 0.321776
vt 0.020045 0.321776
vt 0.020097 0.326874
vt 0.617229 0.389383
vt 0.587987 0.381602
vt 0.648230 0.392939
vt 0.640176 0.394714
vt 0.641312 0.391894
vt 0.794614 0.489807
vt 0.781643 0.487234
vt 0.794301 0.484485
vt 0.654368 0.395215
vt 0.675372 0.402034
vt 0.653733 0.397905
vt 0.674059 0.397645
vt 0.861425 0.826059
vt 0.835887 0.820960
vt 0.861373 0.820960
vt 0.830681 0.830610
vt 0.701371 0.396575
vt 0.720281 0.406252
vt 0.702517 0.405179
vt 0.722250 0.393347
vt 0.847513 0.077853
vt 0.834855 0.080602
vt 0.607368 0.620247
vt 0.821553 0.254625
vt 0.815098 0.253345
vt 0.598379 0.618976
vt 0.595129 0.621805
vt 0.601503 0.614016
vt 0.600601 0.612627
vt 0.045582 0.326874
vt 0.020650 0.499959
vt 0.647331 0.395632
vt 0.807603 0.310461
vt 0.814058 0.311742
vt 0.600129 0.612324
vt 0.847563 0.647876
vt 0.860820 0.647875
vt 0.766460 0.172481
vt 0.768833 0.165447
vt 0.767263 0.172707
vt 0.977058 0.338112
vt 0.976780 0.338262
vt 0.976745 0.338228
vt 0.766918 0.173771
vt 0.765548 0.165339
vt 0.767598 0.170109
vt 0.766811 0.177490
vt 0.765644 0.179048
vt 0.766481 0.178007
vt 0.767155 0.172619
vt 0.767701 0.177804
vt 0.768205 0.177764
vt 0.766848 0.180682
vt 0.768754 0.148466
vt 0.767281 0.165584
vt 0.764418 0.163637
vt 0.766354 0.169873
vt 0.765633 0.161729
vt 0.771831 0.138290
vt 0.771450 0.127816
vt 0.767371 0.128146
vt 0.767376 0.148262
vt 0.767440 0.163147
vt 0.767352 0.171213
vt 0.763343 0.205795
vt 0.768202 0.219288
vt 0.771219 0.229874
vt 0.962328 0.759307
vt 0.962605 0.759157
vt 0.962640 0.759190
vt 0.762781 0.202123
vt 0.767386 0.195488
vt 0.766272 0.195820
vt 0.962467 0.759442
vt 0.962675 0.759223
vt 0.768839 0.201001
vt 0.767281 0.192179
vt 0.977475 0.337676
vt 0.977614 0.337393
vt 0.977614 0.337811
vt 0.765589 0.200963
vt 0.768358 0.193463
vt 0.768720 0.196014
vt 0.977336 0.337543
vt 0.977579 0.337360
vt 0.771876 0.202158
vt 0.767194 0.194699
vt 0.767169 0.201738
vt 0.766124 0.219300
vt 0.771253 0.205821
vt 0.961911 0.759743
vt 0.961772 0.760025
vt 0.961772 0.759608
vt 0.765763 0.148377
vt 0.768215 0.161773
vt 0.769742 0.163805
vt 0.962050 0.759876
vt 0.961807 0.760060
vt 0.767076 0.163419
vt 0.767201 0.200841
vt 0.763064 0.229849
vt 0.763086 0.240491
vt 0.767101 0.240143
vt 0.767127 0.219466
vt 0.759747 0.265682
vt 0.763400 0.267353
vt 0.767052 0.267531
vt 0.762419 0.263643
vt 0.763845 0.269780
vt 0.767042 0.272536
vt 0.767074 0.259061
vt 0.767050 0.270245
vt 0.767007 0.291797
vt 0.770256 0.269796
vt 0.767044 0.272541
vt 0.771708 0.263666
vt 0.770708 0.267379
vt 0.767054 0.267542
vt 0.771132 0.240522
vt 0.774368 0.265720
vt 0.774664 0.241019
vt 0.767110 0.240158
vt 0.763401 0.267364
vt 0.766122 0.219316
vt 0.767162 0.219475
vt 0.767210 0.200904
vt 0.765583 0.200982
vt 0.767172 0.188825
vt 0.766680 0.188668
vt 0.767664 0.188679
vt 0.767173 0.183855
vt 0.766654 0.183871
vt 0.767693 0.183874
vt 0.767172 0.183520
vt 0.766900 0.183601
vt 0.767024 0.183262
vt 0.767318 0.183268
vt 0.767172 0.183265
vt 0.767173 0.183009
vt 0.766899 0.182922
vt 0.766652 0.182654
vt 0.767700 0.182660
vt 0.767176 0.182674
vt 0.767200 0.177656
vt 0.766697 0.177816
vt 0.765728 0.165536
vt 0.767205 0.172808
vt 0.766063 0.182512
vt 0.768347 0.173936
vt 0.768428 0.170487
vt 0.765999 0.148424
vt 0.770440 0.163885
vt 0.763293 0.127771
vt 0.762925 0.138178
vt 0.769266 0.161982
vt 0.771826 0.202234
vt 0.767307 0.201903
vt 0.768494 0.196061
vt 0.771178 0.205866
vt 0.962745 0.759290
vt 0.962606 0.759574
vt 0.962710 0.759258
vt 0.962745 0.759706
vt 0.962423 0.759816
vt 0.962259 0.759657
vt 0.962328 0.760143
vt 0.962587 0.759973
vt 0.962189 0.760008
vt 0.961912 0.760160
vt 0.961877 0.760126
vt 0.763079 0.205644
vt 0.768129 0.219284
vt 0.771170 0.229860
vt 0.765982 0.161079
vt 0.768620 0.148320
vt 0.764413 0.163485
vt 0.762447 0.201900
vt 0.765602 0.195406
vt 0.767024 0.170430
vt 0.768737 0.165335
vt 0.766450 0.169806
vt 0.768814 0.200892
vt 0.771114 0.240506
vt 0.774638 0.241004
vt 0.765901 0.192028
vt 0.767253 0.193576
vt 0.767744 0.188526
vt 0.767240 0.188686
vt 0.768253 0.188556
vt 0.767774 0.183662
vt 0.767247 0.183643
vt 0.767731 0.183815
vt 0.768366 0.183803
vt 0.767248 0.183306
vt 0.767098 0.183059
vt 0.767524 0.183393
vt 0.767396 0.183054
vt 0.767518 0.182711
vt 0.767246 0.182793
vt 0.767248 0.183050
vt 0.767721 0.182298
vt 0.767763 0.182441
vt 0.767720 0.177639
vt 0.768349 0.182302
vt 0.768219 0.177601
vt 0.767243 0.182459
vt 0.767226 0.177482
vt 0.767216 0.172638
vt 0.767144 0.165430
vt 0.767064 0.173171
vt 0.767191 0.148164
vt 0.767244 0.128058
vt 0.771344 0.127705
vt 0.767344 0.100777
vt 0.763692 0.100940
vt 0.763146 0.127705
vt 0.770996 0.100954
vt 0.767364 0.095813
vt 0.767382 0.098114
vt 0.770576 0.098564
vt 0.767360 0.098139
vt 0.764142 0.098566
vt 0.767388 0.095830
vt 0.767412 0.076568
vt 0.763740 0.100972
vt 0.764178 0.098568
vt 0.771040 0.100990
vt 0.770586 0.098595
vt 0.767390 0.100811
vt 0.762724 0.104697
vt 0.760085 0.102628
vt 0.759719 0.127251
vt 0.764057 0.120229
vt 0.765790 0.128286
vt 0.767372 0.109309
vt 0.767370 0.119263
vt 0.767375 0.124141
vt 0.770669 0.120213
vt 0.768964 0.128253
vt 0.774646 0.102627
vt 0.774942 0.127207
vt 0.771704 0.138085
vt 0.766113 0.158600
vt 0.772018 0.104695
vt 0.767410 0.157101
vt 0.768745 0.159217
vt 0.775028 0.127337
vt 0.772026 0.104746
vt 0.770658 0.120340
vt 0.774689 0.102661
vt 0.767325 0.109367
vt 0.767290 0.119363
vt 0.768932 0.128467
vt 0.767272 0.124273
vt 0.763921 0.120286
vt 0.765550 0.128407
vt 0.760035 0.102595
vt 0.759553 0.127209
vt 0.762678 0.138110
vt 0.767605 0.159120
vt 0.762666 0.104702
vt 0.766811 0.157854
vt 0.770453 0.210140
vt 0.767106 0.244277
vt 0.765703 0.240217
vt 0.962094 0.759502
vt 0.961930 0.759344
vt 0.759559 0.240977
vt 0.767096 0.249132
vt 0.763847 0.248148
vt 0.764086 0.210122
vt 0.767254 0.212897
vt 0.768535 0.240224
vt 0.770349 0.248166
vt 0.765975 0.159443
vt 0.962189 0.759174
vt 0.766733 0.177629
vt 0.766138 0.182304
vt 0.766233 0.177585
vt 0.766723 0.182441
vt 0.766770 0.182287
vt 0.766975 0.182709
vt 0.767403 0.183046
vt 0.767100 0.183048
vt 0.766973 0.183390
vt 0.766767 0.183811
vt 0.766720 0.183660
vt 0.766126 0.183799
vt 0.766227 0.188575
vt 0.766736 0.188536
vt 0.767192 0.193663
vt 0.767577 0.185637
vt 0.768788 0.187263
vt 0.768212 0.183037
vt 0.769089 0.183019
vt 0.767581 0.180456
vt 0.768781 0.178789
vt 0.767680 0.183296
vt 0.767830 0.188543
vt 0.765331 0.183292
vt 0.766801 0.182760
vt 0.977291 0.337918
vt 0.977197 0.338245
vt 0.767845 0.188017
vt 0.765631 0.187501
vt 0.977455 0.338076
vt 0.766207 0.183275
vt 0.766831 0.185852
vt 0.767221 0.193697
vt 0.768165 0.188727
vt 0.768277 0.184013
vt 0.767645 0.184028
vt 0.767443 0.183608
vt 0.767016 0.183268
vt 0.767446 0.182926
vt 0.767652 0.182508
vt 0.768291 0.182522
vt 0.977127 0.337762
vt 0.976919 0.337978
vt 0.976710 0.338196
vt 0.976676 0.338163
vt 0.976780 0.337845
vt 0.976641 0.338130
vt 0.976641 0.337712
vt 0.976963 0.337604
vt 0.977057 0.337276
vt 0.976799 0.337447
vt 0.977197 0.337410
vt 0.977474 0.337259
vt 0.977509 0.337294
vt 0.767000 0.187876
vt 0.767167 0.193673
vt 0.768655 0.187421
vt 0.767104 0.187777
vt 0.768987 0.183265
vt 0.767142 0.183084
vt 0.765427 0.183069
vt 0.767257 0.182974
vt 0.766180 0.188705
vt 0.767489 0.185819
vt 0.768119 0.183258
vt 0.767576 0.192754
vt 0.766068 0.184009
vt 0.766696 0.184016
vt 0.767321 0.183258
vt 0.766694 0.182503
vt 0.767497 0.180690
vt 0.768674 0.179090
vt 0.766194 0.177784
vt 0.767214 0.178260
vt 0.765761 0.187244
vt 0.766298 0.183066
vt 0.767483 0.178137
vt 0.765739 0.178883
vt 0.766917 0.180493
vt 0.766935 0.185637
vt 0.770704 0.267368
vt 0.774362 0.265709
vt 0.771698 0.263661
vt 0.770250 0.269792
vt 0.767062 0.259065
vt 0.767044 0.270246
vt 0.763842 0.269785
vt 0.762414 0.263650
vt 0.759747 0.265692
vt 0.759553 0.240994
vt 0.763087 0.240509
vt 0.763833 0.248158
vt 0.763051 0.229873
vt 0.765678 0.240231
vt 0.767076 0.249139
vt 0.770325 0.248163
vt 0.768494 0.240229
vt 0.767081 0.244288
vt 0.763889 0.210040
vt 0.767114 0.212871
vt 0.770349 0.210153
vt 0.602422 0.779299
vt 0.577616 0.755745
vt 0.580919 0.751964
vt 0.608706 0.761730
vt 0.650716 0.758700
vt 0.622084 0.770720
vt 0.712901 0.168756
vt 0.703481 0.159824
vt 0.717942 0.157883
vt 0.695988 0.175986
vt 0.690520 0.162603
vt 0.640009 0.741098
vt 0.673744 0.742593
vt 0.101936 0.234181
vt 0.137290 0.224845
vt 0.126078 0.234181
vt 0.101405 0.224845
vt 0.148686 0.218074
vt 0.593420 0.756415
vt 0.577154 0.748887
vt 0.592256 0.749299
vt 0.573730 0.748486
vt 0.590232 0.743697
vt 0.019202 0.019475
vt 0.045243 0.030943
vt 0.027438 0.031517
vt 0.059475 0.041082
vt 0.035748 0.041847
vt 0.576900 0.751974
vt 0.573776 0.752675
vt 0.573857 0.749916
vt 0.572651 0.750576
vt 0.573042 0.749401
vt 0.716361 0.527689
vt 0.741035 0.537023
vt 0.705149 0.537023
vt 0.741574 0.543796
vt 0.693753 0.543796
vt 0.578305 0.767284
vt 0.585134 0.765117
vt 0.584273 0.817193
vt 0.571661 0.768332
vt 0.567976 0.810589
vt 0.563851 0.769280
vt 0.703324 0.551704
vt 0.675958 0.169154
vt 0.683850 0.152131
vt 0.678036 0.144384
vt 0.552672 0.804167
vt 0.556525 0.769151
vt 0.626281 0.730742
vt 0.656152 0.724576
vt 0.640437 0.711734
vt 0.139116 0.210164
vt 0.101629 0.203030
vt 0.132566 0.203030
vt 0.101319 0.210164
vt 0.574094 0.746490
vt 0.587867 0.731513
vt 0.589405 0.737317
vt 0.048146 0.051908
vt 0.025087 0.061188
vt 0.029392 0.052513
vt 0.572416 0.749012
vt 0.567225 0.751667
vt 0.570974 0.747954
vt 0.740811 0.558840
vt 0.709873 0.558840
vt 0.740617 0.563391
vt 0.713979 0.563391
vt 0.569027 0.746690
vt 0.540292 0.797782
vt 0.551630 0.768876
vt 0.546313 0.767978
vt 0.715080 0.568490
vt 0.668769 0.151498
vt 0.669975 0.136632
vt 0.674331 0.139501
vt 0.616419 0.719089
vt 0.628238 0.702432
vt 0.605315 0.704631
vt 0.618957 0.693215
vt 0.101823 0.198478
vt 0.127360 0.193379
vt 0.128461 0.198478
vt 0.586930 0.727538
vt 0.570487 0.739437
vt 0.585386 0.723257
vt 0.572591 0.741215
vt 0.022391 0.066693
vt 0.034432 0.071467
vt 0.021787 0.071874
vt 0.035608 0.066268
vt 0.561531 0.750051
vt 0.566710 0.745065
vt 0.019202 0.245333
vt 0.400031 0.597205
vt 0.400136 0.598856
vt 0.740565 0.568490
vt 0.726756 0.741573
vt 0.394574 0.595086
vt 0.398618 0.582306
vt 0.390284 0.594745
vt 0.664654 0.148111
vt 0.516200 0.056334
vt 0.401032 0.588712
vt 0.101875 0.193379
vt 0.115684 0.020295
vt 0.399939 0.599380
vt 0.400420 0.594895
vt 0.174707 0.155812
vt 0.945427 0.024756
vt 0.945921 0.025248
vt 0.946488 0.025623
vt 0.947124 0.025888
vt 0.947795 0.026020
vt 0.948477 0.026016
vt 0.949148 0.025884
vt 0.949781 0.025623
vt 0.950825 0.024754
vt 0.951594 0.022882
vt 0.951207 0.024189
vt 0.951464 0.023555
vt 0.951593 0.022201
vt 0.951457 0.021531
vt 0.951189 0.020896
vt 0.950323 0.019847
vt 0.948456 0.019081
vt 0.949757 0.019471
vt 0.949127 0.019213
vt 0.947775 0.019084
vt 0.947103 0.019217
vt 0.946477 0.019485
vt 0.945426 0.020347
vt 0.945051 0.020919
vt 0.944787 0.021546
vt 0.944665 0.022225
vt 0.944665 0.022907
vt 0.944794 0.023570
vt 0.945055 0.024198
vt 0.898670 0.889310
vt 0.871633 0.889310
vt 0.874243 0.889310
vt 0.875969 0.889310
vt 0.877755 0.889310
vt 0.879501 0.889310
vt 0.881228 0.889310
vt 0.882974 0.889310
vt 0.886466 0.889310
vt 0.888232 0.889310
vt 0.889959 0.889310
vt 0.892588 0.889310
vt 0.895178 0.889310
vt 0.896944 0.889310
vt 0.025892 0.956544
vt 0.025638 0.957184
vt 0.025264 0.957758
vt 0.024782 0.958239
vt 0.024219 0.958626
vt 0.023590 0.958892
vt 0.022919 0.959027
vt 0.022235 0.959028
vt 0.021567 0.958906
vt 0.020931 0.958643
vt 0.020363 0.958275
vt 0.019878 0.957799
vt 0.019492 0.957227
vt 0.019228 0.956604
vt 0.019091 0.955938
vt 0.019211 0.954577
vt 0.019469 0.953946
vt 0.019843 0.953372
vt 0.020321 0.952882
vt 0.020888 0.952504
vt 0.021517 0.952238
vt 0.022184 0.952094
vt 0.023541 0.952224
vt 0.025233 0.953340
vt 0.024172 0.952478
vt 0.024748 0.952864
vt 0.025615 0.953903
vt 0.025879 0.954526
vt 0.026020 0.955201
vt 0.872776 0.952353
vt 0.873090 0.953113
vt 0.873551 0.953797
vt 0.874140 0.954378
vt 0.874816 0.954835
vt 0.875572 0.955150
vt 0.876386 0.955311
vt 0.877210 0.955311
vt 0.878015 0.955150
vt 0.878780 0.954835
vt 0.879457 0.954378
vt 0.880036 0.953797
vt 0.880497 0.953113
vt 0.880811 0.952353
vt 0.880968 0.951546
vt 0.880811 0.949917
vt 0.880497 0.949157
vt 0.880036 0.948473
vt 0.879457 0.947891
vt 0.878780 0.947434
vt 0.876396 0.946959
vt 0.878015 0.947120
vt 0.877200 0.946959
vt 0.875572 0.947120
vt 0.874816 0.947434
vt 0.874140 0.947891
vt 0.873090 0.949157
vt 0.872776 0.949917
vt 0.872619 0.950724
vt 0.676152 0.094788
vt 0.631164 0.944922
vt 0.631162 0.942482
vt 0.631000 0.944118
vt 0.631000 0.943293
vt 0.631474 0.941723
vt 0.631931 0.941037
vt 0.632510 0.940456
vt 0.633196 0.939993
vt 0.633951 0.939683
vt 0.636388 0.939678
vt 0.634756 0.939523
vt 0.635575 0.939526
vt 0.637146 0.939994
vt 0.637831 0.940450
vt 0.638416 0.941027
vt 0.639188 0.942472
vt 0.639352 0.943276
vt 0.639352 0.944101
vt 0.639196 0.944904
vt 0.638884 0.945663
vt 0.638427 0.946349
vt 0.637848 0.946930
vt 0.636401 0.947711
vt 0.635596 0.947871
vt 0.634772 0.947876
vt 0.633971 0.947708
vt 0.633201 0.947408
vt 0.632516 0.946953
vt 0.631942 0.946359
vt 0.673896 0.094788
vt 0.709978 0.094788
vt 0.705465 0.094788
vt 0.702090 0.094788
vt 0.697597 0.094788
vt 0.690809 0.094788
vt 0.687434 0.094788
vt 0.680665 0.094788
vt 0.949626 0.160919
vt 0.950196 0.161297
vt 0.950829 0.161558
vt 0.951494 0.161697
vt 0.952182 0.161693
vt 0.952846 0.161567
vt 0.953476 0.161310
vt 0.954042 0.160933
vt 0.954908 0.159884
vt 0.955175 0.159248
vt 0.955310 0.158578
vt 0.955310 0.157897
vt 0.955181 0.157225
vt 0.954923 0.156590
vt 0.954541 0.156025
vt 0.953496 0.155156
vt 0.952863 0.154896
vt 0.952191 0.154764
vt 0.951510 0.154761
vt 0.950839 0.154894
vt 0.950202 0.155158
vt 0.949636 0.155535
vt 0.948770 0.156584
vt 0.948510 0.157213
vt 0.948382 0.157876
vt 0.948382 0.158557
vt 0.948511 0.159229
vt 0.948768 0.159863
vt 0.949144 0.160436
vt 0.230596 0.896746
vt 0.204402 0.896746
vt 0.207032 0.896746
vt 0.208797 0.896746
vt 0.211407 0.896746
vt 0.214017 0.896746
vt 0.215763 0.896746
vt 0.220119 0.896746
vt 0.221845 0.896746
vt 0.223572 0.896746
vt 0.225357 0.896746
vt 0.228830 0.896746
vt 0.952858 0.206935
vt 0.953496 0.207196
vt 0.954065 0.207575
vt 0.954546 0.208059
vt 0.954918 0.208627
vt 0.955183 0.209258
vt 0.955311 0.209927
vt 0.955311 0.210611
vt 0.954918 0.211911
vt 0.954546 0.212480
vt 0.954065 0.212963
vt 0.953496 0.213342
vt 0.952858 0.213603
vt 0.952191 0.213737
vt 0.951514 0.213737
vt 0.950209 0.213342
vt 0.949641 0.212963
vt 0.949160 0.212480
vt 0.948777 0.211911
vt 0.948522 0.211281
vt 0.948385 0.210611
vt 0.948385 0.209927
vt 0.948777 0.208627
vt 0.950219 0.207196
vt 0.949160 0.208059
vt 0.949641 0.207575
vt 0.950847 0.206935
vt 0.951514 0.206801
vt 0.952191 0.206801
vt 0.351868 0.950661
vt 0.352565 0.951118
vt 0.353320 0.951432
vt 0.354124 0.951594
vt 0.354949 0.951594
vt 0.355753 0.951432
vt 0.356508 0.951118
vt 0.357205 0.950661
vt 0.357784 0.950078
vt 0.358235 0.949395
vt 0.358549 0.948635
vt 0.358706 0.947829
vt 0.358706 0.947006
vt 0.358549 0.946199
vt 0.358235 0.945440
vt 0.357205 0.944173
vt 0.354949 0.943241
vt 0.356508 0.943716
vt 0.355753 0.943402
vt 0.354124 0.943241
vt 0.353320 0.943402
vt 0.352565 0.943716
vt 0.351858 0.944173
vt 0.351299 0.944755
vt 0.350828 0.945440
vt 0.350524 0.946199
vt 0.350357 0.947829
vt 0.350524 0.948635
vt 0.350828 0.949395
vt 0.676524 0.644132
vt 0.026366 0.903282
vt 0.026946 0.903862
vt 0.027401 0.904542
vt 0.027720 0.905303
vt 0.027879 0.906109
vt 0.027876 0.906928
vt 0.027724 0.907740
vt 0.027400 0.908493
vt 0.026952 0.909184
vt 0.026374 0.909768
vt 0.025684 0.910221
vt 0.024929 0.910541
vt 0.024125 0.910705
vt 0.023300 0.910705
vt 0.022497 0.910548
vt 0.021044 0.909774
vt 0.020463 0.909194
vt 0.020009 0.908514
vt 0.019690 0.907753
vt 0.019530 0.906949
vt 0.019526 0.906123
vt 0.019686 0.905316
vt 0.020449 0.903868
vt 0.021036 0.903288
vt 0.021718 0.902830
vt 0.022480 0.902516
vt 0.023285 0.902351
vt 0.024110 0.902351
vt 0.024913 0.902508
vt 0.676524 0.648645
vt 0.676524 0.614799
vt 0.676524 0.620450
vt 0.676524 0.622707
vt 0.676524 0.624963
vt 0.676524 0.628338
vt 0.676524 0.631752
vt 0.676524 0.636225
vt 0.676524 0.641896
vt 0.962675 0.703465
vt 0.302046 0.973829
vt 0.651460 0.383958
vt 0.649650 0.368454
vt 0.676711 0.342230
vt 0.210020 0.230785
vt 0.667070 0.382548
vt 0.181834 0.019205
vt 0.204443 0.035313
vt 0.604939 0.196127
vt 0.050789 0.317224
vt 0.786241 0.502365
vt 0.726528 0.378650
vt 0.624670 0.382342
vt 0.781892 0.482023
vt 0.834787 0.826059
vt 0.847264 0.083064
vt 0.609247 0.626838
vt 0.603191 0.615642
vt 0.033906 0.499959
vt 0.977544 0.337325
vt 0.961842 0.760094
vt 0.623994 0.749452
vt 0.680533 0.184140
vt 0.100866 0.218074
vt 0.031181 0.019088
vt 0.740504 0.527689
vt 0.593311 0.800432
vt 0.741121 0.551704
vt 0.671576 0.158318
vt 0.573346 0.743676
vt 0.040437 0.060694
vt 0.570577 0.751346
vt 0.564117 0.751631
vt 0.527456 0.791655
vt 0.609509 0.712242
vt 0.025780 0.245122
vt 0.740012 0.741573
vt 0.513432 0.062305
vt 0.102427 0.020294
s 1
usemtl enemy
f 2/1/1 3/2/2 267/3/3
f 169/4/4 1/5/5 2/1/6
f 1/5/7 7/6/8 3/2/9
f 4/7/10 5/8/11 1/5/12
f 5/9/13 266/10/14 7/11/15
f 8/12/16 6/13/17 5/9/18
f 168/14/19 8/15/20 4/7/21
f 8/12/22 12/16/23 10/17/24
f 6/13/25 11/18/26 266/10/27
f 10/17/28 14/19/29 11/18/30
f 9/20/31 13/21/32 12/16/33
f 12/16/34 15/22/35 14/19/36
f 14/19/37 21/23/37 16/24/37
f 11/18/38 16/24/39 17/25/40
f 264/26/41 16/24/42 18/27/43
f 18/27/44 20/28/44 55/29/44
f 21/23/45 19/30/46 16/24/47
f 20/28/48 19/30/49 53/31/50
f 21/23/51 23/32/52 22/33/53
f 22/33/54 26/34/55 19/30/56
f 22/33/54 25/35/57 24/36/58
f 25/35/59 27/37/60 24/36/61
f 24/36/62 30/38/63 26/34/64
f 28/39/65 29/40/66 27/37/67
f 27/37/68 34/41/69 32/42/70
f 30/38/71 31/43/72 49/44/73
f 32/42/74 31/43/75 27/37/76
f 34/41/77 33/45/78 32/42/79
f 37/46/80 34/41/81 29/40/82
f 34/41/83 38/47/84 35/48/85
f 37/46/86 39/49/87 36/50/88
f 39/49/89 38/47/90 36/50/91
f 43/51/92 39/49/93 40/52/94
f 39/49/95 44/53/96 41/54/97
f 42/55/98 45/56/99 44/53/100
f 47/57/101 45/58/102 48/59/103
f 46/60/104 47/57/101 38/61/105
f 46/60/106 41/62/107 44/63/108
f 47/57/101 31/64/109 33/65/110
f 47/57/101 396/66/111 38/61/105
f 45/58/112 49/67/112 48/59/112
f 49/67/113 31/64/113 48/59/113
f 30/38/114 45/56/115 43/51/116
f 52/68/117 43/51/118 50/69/119
f 50/69/120 40/52/121 60/70/122
f 51/71/123 30/38/124 43/51/125
f 53/31/126 52/68/127 54/72/128
f 53/31/126 26/34/129 51/71/130
f 20/28/131 54/72/132 55/29/133
f 55/29/134 56/73/135 57/74/136
f 54/72/137 50/69/138 56/73/139
f 56/73/140 60/70/141 58/75/142
f 57/74/143 58/75/144 59/76/145
f 58/75/146 63/77/147 59/76/148
f 60/70/149 61/78/150 58/75/151
f 62/79/152 64/80/153 61/78/154
f 61/78/155 65/81/156 63/77/157
f 64/80/158 69/82/159 65/81/160
f 66/83/161 67/84/162 64/80/163
f 70/85/164 68/86/165 72/87/166
f 69/82/167 70/85/168 71/88/169
f 73/89/170 71/90/171 70/91/172
f 75/92/173 70/91/172 72/93/174
f 74/94/175 76/95/176 77/96/177
f 73/89/178 78/97/179 76/95/176
f 80/98/180 76/99/181 79/100/182
f 79/100/182 78/101/183 81/102/184
f 79/103/185 83/104/186 80/105/187
f 81/106/188 82/107/189 79/103/185
f 82/107/190 86/108/191 83/104/192
f 84/109/193 85/110/194 82/107/190
f 85/111/195 90/112/196 86/113/197
f 85/111/198 89/114/199 88/115/200
f 88/115/201 93/116/202 91/117/203
f 90/112/204 91/117/205 92/118/206
f 92/118/207 94/119/208 96/120/209
f 91/117/210 95/121/211 94/119/212
f 94/119/213 99/122/214 97/123/215
f 96/120/216 97/123/217 98/124/218
f 102/125/219 97/123/220 100/126/221
f 100/126/222 99/122/223 101/127/224
f 103/128/225 101/127/226 105/129/227
f 104/130/228 100/126/229 103/128/230
f 108/131/231 103/128/232 106/132/233
f 106/132/234 105/129/235 109/133/236
f 106/132/234 110/134/237 107/135/238
f 108/131/239 107/135/240 142/136/241
f 105/129/242 111/137/243 109/133/244
f 109/133/245 113/138/246 110/134/247
f 101/127/248 112/139/249 111/137/250
f 111/137/251 117/140/252 115/141/253
f 113/138/254 114/142/255 132/143/256
f 115/141/257 114/142/258 111/137/259
f 117/140/260 116/144/261 115/141/262
f 120/145/263 117/140/264 112/139/265
f 117/140/266 121/146/267 118/147/268
f 120/145/269 122/148/270 119/149/271
f 122/148/272 121/146/273 119/149/274
f 126/150/275 122/148/276 123/151/277
f 122/148/278 127/152/279 124/153/280
f 125/154/281 128/155/282 127/152/283
f 130/156/284 128/157/285 131/158/286
f 129/159/287 130/156/284 121/160/288
f 129/159/289 124/161/290 127/162/291
f 130/156/284 114/163/292 116/164/293
f 130/156/284 395/165/294 121/160/288
s 0
f 128/166/295 133/167/296 131/168/297
s 1
f 128/169/298 132/170/298 131/158/298
f 132/170/299 114/163/299 131/158/299
f 113/138/300 128/155/301 126/150/302
f 137/171/303 126/150/304 135/172/305
f 135/172/306 123/151/307 320/173/308
f 136/174/309 113/138/310 126/150/311
f 138/175/312 137/171/313 139/176/314
f 138/175/312 110/134/315 136/174/316
f 140/177/317 139/176/318 141/178/319
f 140/177/320 107/135/321 138/175/322
f 145/179/323 140/177/323 141/178/323
f 252/180/324 142/136/325 144/181/326
f 143/182/327 108/131/327 142/136/327
f 147/183/328 142/136/329 145/179/330
f 146/184/331 141/178/332 157/185/333
f 149/186/334 145/179/335 146/184/336
f 150/187/337 147/183/338 149/186/339
f 148/188/340 144/181/341 147/183/342
f 150/187/343 151/189/344 152/190/345
f 151/189/346 146/184/347 154/191/348
f 153/192/349 152/193/350 151/194/351
f 155/195/352 151/194/353 154/196/354
f 155/195/355 156/197/356 159/198/357
f 154/191/358 157/185/359 156/199/360
f 156/199/361 323/200/362 158/201/363
f 159/198/364 158/202/365 160/203/366
f 161/204/367 160/203/368 162/205/369
f 163/206/370 159/198/371 161/204/372
f 162/207/373 164/208/374 161/209/374
f 161/209/375 167/210/375 163/211/375
f 164/212/376 268/213/377 166/214/378
f 167/215/379 166/214/380 168/14/381
f 169/4/382 168/14/383 4/7/384
f 163/211/385 169/216/385 170/217/385
f 170/217/386 2/218/386 171/219/386
f 170/220/387 155/195/388 163/206/389
f 173/221/390 170/220/391 171/222/392
f 171/219/393 267/223/393 172/224/393
f 174/225/394 171/222/395 172/226/396
f 173/221/397 176/227/398 152/193/399
f 174/225/400 177/228/401 176/227/402
f 175/229/403 172/226/404 185/230/405
f 178/231/406 176/232/407 177/233/408
f 148/188/409 152/190/410 176/232/411
f 182/234/412 177/228/413 175/229/414
f 179/235/415 178/231/416 177/233/417
f 180/236/418 181/237/419 179/235/420
f 183/238/421 179/239/422 182/234/423
f 186/240/424 182/234/425 184/241/426
f 184/241/427 175/229/428 185/230/429
f 185/242/430 187/243/431 184/244/432
f 184/244/433 189/245/434 186/246/435
f 191/247/436 187/248/437 188/249/438
f 190/250/439 189/251/440 187/248/441
f 190/250/442 194/252/443 193/253/444
f 192/254/445 193/253/446 196/255/447
f 265/256/448 193/257/449 194/258/450
f 195/259/451 196/260/452 193/257/453
f 197/261/454 198/262/455 196/260/456
f 199/263/457 196/255/458 198/264/459
f 202/265/460 198/264/461 201/266/462
f 198/262/463 204/267/464 201/268/465
f 202/265/466 203/269/467 259/270/468
f 201/268/469 205/271/470 203/272/471
f 200/273/472 18/27/473 204/267/474
f 204/267/475 55/29/476 205/271/477
f 203/272/478 206/274/479 208/275/480
f 205/271/481 57/74/482 206/274/483
f 208/275/484 207/276/485 210/277/486
f 206/274/487 59/76/488 207/276/489
f 209/278/490 210/279/491 212/280/492
f 259/270/493 208/281/494 209/278/495
f 214/282/496 210/279/497 211/283/498
f 207/276/499 211/284/500 210/277/501
f 260/285/502 212/280/503 213/286/504
f 212/280/505 215/287/506 213/286/507
f 216/288/508 211/283/509 217/289/510
f 214/282/511 218/290/512 215/287/513
f 219/291/514 217/289/515 220/292/516
f 216/288/517 221/293/518 218/290/519
f 74/94/520 220/292/521 71/90/522
f 219/291/523 77/96/524 221/293/525
f 222/294/526 77/295/526 80/98/526
f 224/296/527 221/297/527 222/294/527
f 80/105/528 223/298/529 222/299/530
f 222/299/531 226/300/532 224/301/533
f 225/302/534 218/303/534 224/296/534
f 224/301/535 227/304/536 225/305/537
f 223/298/538 228/306/539 226/300/540
f 226/300/541 229/307/542 227/304/543
f 228/308/544 232/309/545 229/310/546
f 230/311/547 231/312/548 228/308/549
f 231/312/550 96/120/551 232/309/552
f 233/313/553 92/118/554 231/312/555
f 86/113/556 233/313/557 230/311/558
f 229/310/559 234/314/560 236/315/561
f 232/309/562 98/124/563 234/314/564
f 237/316/565 234/314/566 235/317/567
f 235/317/568 98/124/569 102/125/570
f 240/318/571 236/319/572 237/320/573
f 227/304/574 236/319/575 238/321/576
f 241/322/577 238/321/578 240/318/579
f 225/305/580 238/321/581 239/323/582
f 242/324/583 237/320/584 245/325/585
f 243/326/586 240/318/587 242/324/588
f 255/327/589 242/324/590 244/328/591
f 244/328/592 245/325/593 246/329/594
f 245/330/595 235/317/596 247/331/597
f 246/332/598 247/331/599 248/333/600
f 248/333/601 104/130/602 143/182/603
f 247/331/604 102/125/605 104/130/606
f 249/334/607 143/182/608 252/180/609
f 250/335/610 248/333/611 249/334/612
f 250/335/613 251/336/614 180/236/615
f 251/336/616 252/180/617 181/237/618
f 181/237/619 144/181/620 178/231/621
f 253/337/622 180/338/623 183/238/624
f 244/328/625 250/339/626 253/337/627
f 254/340/628 183/238/629 186/240/630
f 254/340/631 244/328/632 253/337/633
f 254/341/634 257/342/635 255/343/635
f 186/246/636 256/344/637 254/341/638
f 256/345/639 202/265/640 257/346/641
f 192/254/642 256/345/643 189/251/644
f 255/343/645 258/347/646 243/348/647
f 257/346/648 259/270/649 258/349/650
f 258/349/651 209/278/652 260/285/653
f 241/350/654 258/347/655 260/351/656
f 241/350/657 213/352/658 239/353/659
f 239/353/660 215/354/661 225/302/662
f 83/104/663 230/355/664 223/298/665
f 262/356/666 220/357/667 217/358/668
f 261/359/669 71/88/670 220/357/671
f 65/81/672 261/359/673 262/356/674
f 263/360/675 217/358/676 211/284/677
f 63/77/678 262/356/679 263/360/680
f 59/76/681 263/360/682 207/276/683
f 197/261/684 264/26/685 200/273/686
f 195/259/687 17/25/688 264/26/689
f 7/11/690 265/256/691 194/258/692
f 266/10/693 17/25/694 265/256/695
f 3/2/696 194/252/697 191/247/698
f 267/3/699 191/247/700 188/249/701
f 172/224/702 188/242/702 185/242/702
f 168/14/703 269/361/704 9/362/705
f 166/214/706 270/363/707 269/361/708
f 269/364/709 271/365/710 13/21/711
f 270/366/712 275/367/713 271/365/714
f 268/213/715 272/368/716 270/363/717
f 343/369/718 272/368/719 273/370/720
f 274/371/721 275/367/722 272/372/723
f 271/365/724 277/373/725 278/374/726
f 276/375/727 277/373/728 275/367/729
f 278/374/730 280/376/731 282/377/732
f 279/378/733 280/376/734 277/373/735
f 282/377/736 281/379/737 28/39/738
f 283/380/739 281/379/740 280/376/741
f 285/381/742 284/382/743 283/380/744
f 286/383/745 283/380/746 279/378/747
f 290/384/748 285/381/749 286/383/750
f 288/385/751 287/386/752 285/381/753
f 291/387/754 289/388/755 288/385/756
f 291/387/757 290/384/758 292/389/759
f 294/390/760 292/391/761 295/392/762
f 296/393/763 291/394/764 294/390/760
f 297/395/765 295/392/766 298/396/767
f 299/397/768 294/390/769 297/395/765
f 300/398/770 298/399/771 301/400/771
f 300/398/770 299/401/772 297/402/770
f 304/403/773 300/404/774 301/405/775
f 303/406/776 302/407/777 300/404/774
f 303/406/778 307/408/779 306/409/780
f 305/410/781 306/409/780 308/411/782
f 311/412/783 306/413/784 307/414/785
f 306/413/786 310/415/787 308/416/788
f 314/417/789 309/418/790 312/419/791
f 312/419/792 311/412/793 313/420/794
f 315/421/795 313/420/796 317/422/797
f 316/423/798 312/419/799 315/421/800
f 320/173/801 315/421/802 318/424/803
f 318/424/804 317/422/805 319/425/806
f 322/426/807 318/424/808 319/425/809
f 321/427/810 320/173/811 318/424/812
f 139/176/813 135/172/814 321/427/815
f 141/178/816 321/427/817 322/426/818
f 323/200/819 319/425/820 324/428/821
f 157/185/822 322/426/823 323/200/824
f 158/201/825 324/428/826 326/429/827
f 324/428/828 327/430/829 326/429/830
f 319/425/831 325/431/832 324/428/833
f 330/432/834 326/433/835 327/434/836
f 160/203/837 326/433/838 328/435/839
f 162/205/840 328/435/841 329/436/842
f 328/435/843 331/437/844 329/436/845
f 332/438/846 327/434/847 333/439/848
f 330/432/849 334/440/850 331/437/851
f 335/441/852 333/439/853 336/442/854
f 332/438/855 337/443/856 334/440/857
f 304/403/858 336/442/859 307/408/860
f 335/441/861 301/405/862 337/443/863
f 301/400/864 338/444/864 337/445/864
f 337/445/865 340/446/865 334/447/865
f 298/396/866 339/448/867 338/449/868
f 338/449/869 342/450/870 340/451/871
f 334/447/872 341/452/872 331/453/872
f 340/451/873 343/369/874 341/454/875
f 339/448/876 344/455/877 342/450/878
f 342/450/879 274/456/880 343/369/881
f 344/457/882 276/375/883 274/371/884
f 345/458/885 346/459/886 344/457/887
f 346/459/888 279/378/889 276/375/890
f 347/460/891 286/383/892 346/459/893
f 292/389/894 347/460/895 345/458/896
f 295/392/897 345/461/898 339/448/899
f 341/454/900 273/370/901 348/462/902
f 331/453/903 348/463/903 329/464/903
f 329/464/904 165/465/905 162/207/906
f 165/466/907 273/370/908 268/213/909
f 350/467/910 336/468/911 333/469/912
f 349/470/913 307/414/914 336/468/915
f 313/420/916 349/470/917 350/467/918
f 325/431/919 333/469/920 327/430/921
f 317/422/922 350/467/923 325/431/924
f 123/151/925 316/423/926 320/173/927
f 316/423/928 353/471/929 314/417/930
f 351/472/931 352/473/931 353/471/931
f 120/145/932 351/472/933 123/151/934
f 352/473/935 354/474/936 353/471/937
f 353/471/938 392/475/939 355/476/940
f 353/471/941 310/415/942 314/417/943
f 353/471/944 357/477/945 356/478/946
f 356/478/947 359/479/948 358/480/949
f 310/415/950 358/480/951 308/416/788
f 360/481/952 308/411/782 358/482/953
f 361/483/954 358/482/953 359/484/955
f 305/410/956 362/485/957 302/407/777
f 360/481/958 363/486/959 362/485/957
f 362/487/960 299/401/772 302/488/772
f 363/489/961 364/490/960 362/487/960
f 364/491/962 296/393/963 299/397/768
f 365/492/964 366/493/965 364/491/962
f 366/493/966 293/494/967 296/393/763
f 367/495/968 368/496/969 366/493/966
f 368/497/970 289/388/971 293/498/972
f 369/499/973 370/500/974 368/497/975
f 372/501/976 371/502/977 374/503/978
f 289/388/979 372/501/980 287/386/981
f 376/504/982 373/505/983 377/506/984
f 372/501/985 394/507/986 373/505/987
f 284/382/988 372/501/989 375/508/990
f 375/508/991 372/501/991 376/504/991
f 376/504/992 380/509/993 379/510/994
f 375/508/995 37/46/996 29/40/997
f 378/511/998 376/504/998 379/510/998
f 37/46/999 378/511/1000 40/52/1001
f 379/510/1002 394/507/1003 374/503/1004
f 62/79/1005 379/510/1006 66/83/1007
f 379/510/1008 68/86/1009 66/83/1010
f 379/510/1011 371/502/1012 381/512/1013
f 381/512/1014 369/499/1015 382/513/1016
f 68/86/1017 382/513/1018 72/87/166
f 383/514/1019 72/93/174 382/515/1020
f 367/495/1021 382/515/1020 369/516/1022
f 75/92/1023 384/517/1024 78/97/179
f 383/514/1025 365/492/1026 384/517/1024
f 81/102/184 384/518/1027 385/519/1027
f 385/519/1027 365/520/1028 363/489/1028
f 385/521/1029 84/109/1030 81/106/188
f 363/486/1031 386/522/1032 385/521/1029
f 386/522/1033 87/523/1034 84/109/193
f 361/483/1035 387/524/1036 386/522/1033
f 387/525/1037 89/114/1038 87/526/1039
f 359/479/1040 388/527/1041 387/525/1042
f 389/528/1043 357/477/1044 355/476/1045
f 89/114/1046 389/528/1047 93/116/1048
f 352/473/1049 390/529/1050 393/530/1051
f 389/528/1052 392/475/1053 390/529/1054
f 95/121/1055 389/528/1056 391/531/1057
f 391/531/1058 389/528/1058 352/473/1058
f 391/531/1059 120/145/1060 112/139/1061
f 95/121/1062 112/139/1063 99/122/1064
f 393/532/1065 390/533/1065 392/534/1065
f 354/535/1066 393/532/1066 392/534/1066
f 380/536/1067 377/537/1067 394/538/1067
f 377/537/1068 373/539/1068 394/538/1068
f 40/52/1069 62/79/1070 60/70/1071
f 284/382/1072 29/40/1073 281/379/1074
f 23/32/1075 28/39/1076 25/35/1077
f 15/22/1078 282/377/1079 23/32/1080
f 13/21/1081 278/374/1082 15/22/1083
f 118/540/1084 395/165/1085 116/164/1086
f 35/541/1087 396/66/1088 33/65/1089
f 397/542/1090 399/543/1090 398/544/1090
f 398/544/1091 401/545/1091 397/542/1091
f 397/542/1092 413/546/1092 399/543/1092
f 397/542/1093 403/547/1093 400/548/1093
f 401/545/1094 402/549/1094 397/542/1094
f 403/550/1095 402/551/1095 404/552/1095
f 401/545/1096 403/547/1097 404/553/1096
f 401/545/1098 406/554/1098 405/555/1098
f 401/545/1099 417/556/1100 400/548/1100
f 411/557/1101 406/554/1102 407/558/1101
f 406/554/1103 409/559/1103 407/558/1103
f 406/554/1104 410/560/1104 408/561/1104
f 409/562/1105 408/563/1105 410/564/1105
f 398/544/1106 409/559/1106 410/560/1106
f 411/557/1107 407/558/1107 412/565/1107
f 412/565/1108 398/544/1108 399/543/1108
f 411/557/1109 413/546/1110 417/556/1110
f 413/546/1111 414/566/1112 415/567/1111
f 399/543/1113 414/566/1113 412/565/1113
f 415/568/1114 414/569/1114 416/570/1114
f 413/546/1115 416/571/1116 399/543/1116
f 400/548/1117 417/556/1117 413/546/1117
f 417/556/1118 419/572/1118 411/557/1118
f 405/555/1119 418/573/1119 417/556/1119
f 419/574/1120 418/575/1120 420/576/1120
f 405/555/1121 419/572/1121 420/577/1121
f 421/578/1122 425/579/1122 422/580/1122
f 421/581/1123 422/582/1123 423/583/1123
f 421/584/1124 423/585/1124 424/586/1124
f 421/587/1125 424/588/1125 426/589/1125
f 425/590/1126 421/591/1126 426/592/1126
f 426/589/1127 428/593/1127 427/594/1127
f 429/595/1128 426/592/1128 427/594/1128
f 426/589/1129 424/588/1129 428/593/1129
f 429/595/1130 425/590/1130 426/592/1130
f 430/596/1131 425/590/1131 429/595/1131
f 430/596/1132 429/595/1132 431/597/1132
f 429/595/1133 427/594/1133 432/598/1133
f 431/597/1134 429/595/1134 432/598/1134
f 432/598/1135 434/599/1135 433/600/1135
f 431/597/1136 432/598/1136 433/600/1136
f 427/594/1137 435/601/1137 432/598/1137
f 432/598/1138 435/601/1138 434/599/1138
f 427/594/1139 428/593/1139 435/601/1139
f 435/601/1140 436/602/1140 434/599/1140
f 435/601/1141 437/603/1141 436/602/1141
f 435/601/1142 428/593/1142 437/603/1142
f 437/603/1143 439/604/1143 436/602/1143
f 438/605/1144 440/606/1144 437/603/1144
f 428/593/1145 438/605/1145 437/603/1145
f 437/603/1146 440/606/1146 439/604/1146
f 438/605/1147 443/607/1147 440/606/1147
f 440/606/1148 441/608/1148 439/604/1148
f 440/606/1149 442/609/1149 441/608/1149
f 440/606/1150 443/607/1150 442/609/1150
f 424/586/1151 443/607/1151 438/605/1151
f 443/607/1152 444/610/1152 442/609/1152
f 423/585/1153 444/610/1153 443/607/1153
f 424/586/1154 423/585/1154 443/607/1154
f 444/610/1155 445/611/1155 446/612/1155
f 423/583/1156 445/611/1156 444/610/1156
f 444/610/1157 446/612/1157 442/609/1157
f 446/612/1158 447/613/1158 448/614/1158
f 446/612/1159 449/615/1159 447/613/1159
f 442/609/1160 446/612/1160 448/614/1160
f 446/612/1161 445/611/1161 449/615/1161
f 449/616/1162 451/617/1162 447/618/1162
f 450/619/1163 452/620/1163 449/616/1163
f 445/611/1164 450/621/1164 449/615/1164
f 449/616/1165 452/620/1165 451/617/1165
f 450/619/1166 455/622/1166 452/620/1166
f 452/620/1167 453/623/1167 451/617/1167
f 452/620/1168 454/624/1168 453/623/1168
f 452/620/1169 455/622/1169 454/624/1169
f 422/580/1170 455/622/1170 450/619/1170
f 455/622/1171 430/596/1171 454/624/1171
f 425/579/1172 430/596/1172 455/622/1172
f 422/580/1173 425/579/1173 455/622/1173
f 454/624/1174 456/625/1174 453/623/1174
f 430/596/1175 431/597/1175 454/624/1175
f 454/624/1176 431/597/1176 456/625/1176
f 453/623/1177 456/625/1177 457/626/1177
f 456/625/1178 433/600/1178 458/627/1178
f 431/597/1179 433/600/1179 456/625/1179
f 457/626/1180 456/625/1180 458/627/1180
f 458/628/1181 460/629/1181 459/630/1181
f 457/626/1182 458/627/1182 459/631/1182
f 433/600/1183 434/599/1183 458/628/1183
f 458/628/1184 434/599/1184 460/629/1184
f 436/602/1185 439/604/1185 460/632/1185
f 434/599/1186 436/602/1186 460/629/1186
f 460/632/1187 461/633/1187 459/634/1187
f 460/632/1188 439/604/1188 461/633/1188
f 441/608/1189 448/614/1189 461/635/1189
f 439/604/1190 441/608/1190 461/633/1190
f 461/635/1191 462/636/1191 459/637/1191
f 461/635/1192 448/614/1192 462/636/1192
f 447/618/1193 451/617/1193 462/638/1193
f 448/614/1194 447/613/1194 462/636/1194
f 462/638/1195 457/639/1195 459/640/1195
f 462/638/1196 451/617/1196 457/639/1196
f 451/617/1197 453/623/1197 457/639/1197
f 422/582/1198 450/621/1198 445/611/1198
f 442/609/1199 448/614/1199 441/608/1199
f 423/583/1200 422/582/1200 445/611/1200
f 424/588/1201 438/605/1201 428/593/1201
f 491/641/1202 811/642/1202 545/643/1202
f 463/644/1203 468/645/1203 464/646/1203
f 467/647/1204 463/648/1204 465/649/1204
f 466/650/1202 471/647/1202 469/650/1202
f 466/651/1202 472/645/1202 468/645/1202
f 471/647/1205 470/652/1205 469/650/1205
f 469/651/1206 473/653/1206 472/645/1206
f 468/645/1202 474/654/1207 475/654/1207
f 472/645/1208 476/655/1208 474/654/1208
f 478/656/1209 474/654/1207 477/656/1210
f 474/654/1211 479/657/1211 477/656/1211
f 483/658/1212 477/656/1210 480/659/1212
f 477/656/1213 481/660/1213 480/659/1214
f 480/659/1215 653/661/1215 482/662/1215
f 485/663/1209 480/659/1212 482/662/1209
f 484/664/1216 485/663/1216 486/665/1216
f 478/656/1213 484/664/1213 813/666/1213
f 485/663/1217 488/667/1217 486/665/1217
f 487/668/1202 482/662/1209 489/668/1202
f 488/667/1218 490/669/1218 491/670/1218
f 490/669/1202 489/668/1202 492/669/1202
f 491/670/1219 493/671/1220 494/672/1221
f 493/671/1222 492/669/1202 495/671/1222
f 493/671/1223 497/673/1224 494/672/1225
f 496/674/1202 495/671/1222 499/674/1202
f 496/674/1226 812/675/1226 497/673/1226
f 498/676/1202 499/674/1202 501/676/1210
f 500/677/1226 501/676/1226 499/674/1226
f 495/671/1223 500/677/1223 499/674/1223
f 502/678/1227 503/679/1227 501/676/1228
f 506/679/1229 501/676/1210 503/679/1229
f 504/680/1230 505/681/1230 503/679/1230
f 506/679/1229 505/681/1231 508/681/1231
f 506/679/1232 509/682/1233 507/683/1233
f 812/675/1234 506/679/1234 507/683/1234
f 509/682/1235 510/684/1236 511/685/1237
f 508/681/1231 512/684/1210 510/684/1229
f 511/685/1238 513/686/1238 514/687/1238
f 513/686/1239 512/684/1210 516/686/1239
f 514/687/1240 515/688/1241 811/689/1240
f 515/688/1202 516/686/1239 518/688/1202
f 517/690/1242 518/688/1242 516/686/1242
f 807/691/1238 516/686/1238 512/684/1243
f 519/692/1244 520/693/1244 518/688/1244
f 523/693/1202 518/688/1202 520/693/1202
f 521/694/1245 522/695/1245 520/693/1245
f 523/693/1202 522/695/1202 525/695/1202
f 524/696/1245 525/695/1245 526/697/1245
f 515/688/1244 524/696/1244 811/689/1244
f 525/695/1246 528/698/1247 526/697/1248
f 525/695/1202 529/699/1249 527/700/1249
f 528/698/1250 530/701/1250 531/702/1250
f 527/700/1249 533/703/1249 530/701/1249
f 530/701/1251 810/704/1252 531/702/1252
f 532/705/1249 533/703/1249 535/706/1249
f 534/707/1251 535/706/1251 533/703/1251
f 529/699/1250 534/707/1250 533/703/1250
f 536/708/1253 537/709/1253 535/706/1254
f 540/710/1210 535/706/1249 537/709/1202
f 538/711/1255 539/712/1255 537/709/1256
f 540/710/1210 539/712/1209 542/712/1209
f 540/710/1257 543/713/1258 541/714/1258
f 810/704/1259 540/710/1254 541/714/1259
f 543/713/1260 544/715/1261 545/716/1260
f 542/712/1209 546/717/1202 544/715/1202
f 544/715/1262 548/718/1263 545/716/1264
f 544/715/1202 549/719/1222 547/719/1222
f 547/719/1265 551/720/1266 548/718/1266
f 547/719/1222 553/721/1267 550/721/1267
f 551/720/1268 552/722/1268 573/723/1268
f 550/721/1267 555/722/1229 552/722/1229
f 553/721/1268 556/724/1268 555/722/1268
f 596/725/1265 553/721/1265 549/719/1269
f 555/722/1270 559/726/1271 557/727/1271
f 552/722/1229 557/727/1210 558/727/1202
f 561/728/1239 557/727/1210 560/728/1272
f 557/727/1273 562/729/1273 560/728/1274
f 564/730/1272 560/728/1272 563/730/1275
f 560/728/1276 565/731/1276 563/730/1276
f 564/730/1272 566/732/1272 568/732/1272
f 565/731/1277 566/732/1277 563/730/1277
f 566/732/1278 574/733/1279 471/647/1279
f 467/647/1202 566/732/1272 471/647/1202
f 569/734/1280 467/647/1280 465/649/1280
f 564/730/1281 569/734/1282 570/735/1282
f 571/736/1276 564/730/1276 570/735/1276
f 558/727/1283 571/736/1274 572/737/1274
f 573/723/1284 558/727/1270 572/737/1284
f 575/738/1285 574/733/1286 567/739/1287
f 577/731/1288 567/739/1287 565/731/1289
f 575/738/1222 580/733/1202 576/740/1202
f 577/731/1202 578/739/1202 575/738/1222
f 579/741/1278 580/733/1278 578/739/1278
f 582/742/1290 578/739/1290 581/743/1290
f 577/731/1202 583/729/1202 581/743/1202
f 585/744/1276 581/743/1276 583/729/1276
f 584/745/1202 586/726/1202 583/729/1202
f 586/726/1274 585/744/1274 583/729/1291
f 592/724/1202 586/726/1202 587/746/1239
f 589/724/1271 588/747/1271 586/726/1271
f 591/748/1268 590/749/1268 589/724/1292
f 592/724/1202 591/748/1202 589/724/1202
f 592/724/1293 559/726/1289 556/724/1293
f 593/748/1294 556/724/1293 554/748/1293
f 593/748/1202 595/725/1202 591/748/1202
f 594/750/1295 554/748/1293 596/725/1295
f 597/751/1202 595/725/1202 594/750/1210
f 597/751/1293 596/725/1295 598/751/1293
f 600/752/1293 598/751/1293 602/752/1293
f 600/752/1202 599/751/1202 597/751/1202
f 600/752/1202 605/753/1202 601/752/1202
f 603/711/1296 602/752/1293 538/711/1296
f 604/708/1202 605/753/1202 603/711/1207
f 603/711/1296 536/708/1297 604/708/1297
f 606/754/1255 601/752/1255 605/753/1255
f 608/755/1254 605/753/1254 607/756/1298
f 609/707/1251 608/755/1251 607/756/1251
f 604/708/1202 609/707/1202 607/756/1202
f 613/757/1202 609/707/1202 610/758/1207
f 612/759/1250 611/760/1250 609/707/1250
f 613/757/1202 615/761/1202 612/759/1202
f 615/761/1246 614/762/1246 612/759/1246
f 616/761/1202 618/694/1202 615/761/1202
f 618/694/1299 617/763/1299 615/761/1299
f 620/692/1300 619/764/1300 618/694/1244
f 622/692/1202 618/694/1202 621/694/1202
f 616/761/1301 521/694/1293 621/694/1293
f 621/694/1293 519/692/1293 622/692/1293
f 622/692/1202 625/690/1202 620/692/1239
f 622/692/1293 517/690/1293 623/690/1302
f 623/690/1202 627/691/1202 625/690/1202
f 623/690/1302 807/691/1303 624/691/1303
f 625/690/1241 707/765/1241 620/692/1241
f 627/691/1304 626/766/1304 625/690/1304
f 630/767/1202 627/691/1202 624/691/1202
f 629/767/1236 628/768/1236 627/691/1236
f 630/767/1202 632/680/1202 629/767/1202
f 632/680/1305 631/769/1305 629/767/1305
f 634/678/1234 633/770/1234 632/680/1234
f 636/678/1202 632/680/1202 635/680/1202
f 630/767/1303 504/680/1293 635/680/1293
f 635/680/1293 502/678/1293 636/678/1293
f 636/678/1202 639/677/1202 634/678/1202
f 636/678/1293 500/677/1293 637/677/1293
f 637/677/1202 641/771/1202 639/677/1202
f 637/677/1293 654/771/1288 638/771/1288
f 639/677/1226 696/772/1226 634/678/1226
f 642/773/1306 639/677/1224 641/771/1307
f 638/771/1202 643/774/1202 641/771/1202
f 643/774/1219 642/773/1308 641/771/1309
f 649/775/1202 643/774/1202 644/774/1202
f 646/775/1310 645/776/1310 643/774/1310
f 685/777/1217 646/775/1217 648/661/1217
f 649/775/1202 648/661/1202 646/775/1202
f 644/774/1293 651/775/1293 649/775/1293
f 649/775/1293 653/661/1293 650/778/1293
f 489/668/1218 652/774/1218 492/669/1218
f 482/662/1311 651/775/1312 489/668/1313
f 655/779/1314 653/661/1293 481/660/1314
f 638/771/1288 652/774/1293 644/774/1293
f 652/774/1220 495/671/1220 492/669/1220
f 655/779/1202 648/661/1202 650/778/1202
f 655/779/1202 659/657/1202 657/660/1202
f 656/657/1314 481/660/1314 479/657/1314
f 658/780/1315 648/661/1315 657/660/1315
f 660/781/1213 657/660/1213 659/657/1213
f 656/657/1202 661/655/1202 659/657/1202
f 663/782/1316 659/657/1316 661/655/1316
f 665/653/1202 661/655/1202 662/655/1239
f 664/653/1208 663/782/1317 661/655/1317
f 665/653/1202 667/783/1202 664/653/1207
f 668/784/1206 664/653/1206 667/783/1203
f 670/785/1205 667/652/1205 580/733/1205
f 576/740/1202 667/652/1202 669/652/1202
f 576/740/1302 470/652/1293 574/733/1286
f 669/783/1293 473/653/1293 470/783/1293
f 671/786/1318 670/785/1318 673/787/1318
f 671/784/1319 666/788/1319 668/784/1319
f 673/787/1205 672/789/1205 671/786/1205
f 672/790/1206 674/791/1206 671/784/1206
f 674/791/1320 677/792/1320 676/782/1320
f 676/782/1321 666/788/1322 674/791/1323
f 676/782/1316 679/793/1316 678/794/1316
f 676/782/1324 660/781/1324 663/782/1324
f 679/793/1213 680/780/1213 678/794/1213
f 680/780/1325 660/781/1326 678/794/1326
f 681/795/1216 682/777/1216 680/780/1216
f 680/780/1327 685/777/1327 658/780/1327
f 683/796/1217 684/797/1217 682/777/1312
f 684/797/1328 685/777/1328 682/777/1328
f 684/797/1218 688/798/1218 687/776/1218
f 684/797/1329 645/776/1330 647/797/1329
f 688/798/1219 689/773/1219 687/776/1219
f 687/776/1331 642/773/1331 645/776/1331
f 689/773/1224 692/799/1224 691/800/1224
f 691/800/1332 642/773/1333 689/773/1334
f 692/799/1226 693/772/1226 691/800/1226
f 693/772/1335 640/800/1336 691/800/1337
f 693/772/1234 697/801/1228 695/770/1338
f 693/772/1339 633/770/1339 696/772/1340
f 695/770/1232 699/802/1232 698/769/1341
f 695/770/1342 631/769/1342 633/770/1342
f 698/769/1343 628/768/1343 631/769/1343
f 698/769/1236 701/803/1236 700/768/1344
f 701/803/1345 702/766/1345 700/768/1345
f 700/768/1346 626/766/1346 628/768/1346
f 703/804/1347 704/765/1347 702/766/1347
f 702/766/1348 707/765/1349 626/766/1348
f 704/765/1350 708/805/1350 706/764/1350
f 704/765/1351 619/764/1352 707/765/1351
f 708/805/1353 709/763/1353 706/764/1353
f 709/763/1354 619/764/1354 706/764/1354
f 709/763/1355 614/762/1355 617/763/1356
f 709/763/1357 712/806/1357 711/807/1246
f 711/807/1358 714/808/1358 713/760/1358
f 711/807/1359 611/760/1359 614/762/1359
f 713/760/1360 716/809/1360 715/755/1360
f 713/760/1361 608/755/1361 611/760/1361
f 715/755/1254 718/810/1254 717/754/1362
f 717/754/1363 608/755/1363 715/755/1364
f 718/810/1365 719/811/1365 717/754/1365
f 719/811/1366 606/754/1367 717/754/1368
f 719/811/1369 723/812/1369 720/811/1370
f 719/811/1371 724/813/1371 722/814/1371
f 722/814/1372 726/815/1373 723/812/1372
f 724/813/1263 725/815/1263 722/814/1374
f 728/816/1375 726/815/1376 725/815/1377
f 725/815/1265 729/817/1265 728/816/1378
f 729/817/1292 730/749/1292 728/816/1292
f 730/749/1379 731/818/1379 728/816/1380
f 726/815/1265 591/748/1265 595/725/1265
f 730/749/1381 734/819/1381 733/747/1284
f 733/747/1382 590/749/1383 730/749/1384
f 734/819/1274 735/820/1274 733/747/1274
f 735/820/1385 588/747/1385 733/747/1385
f 737/821/1386 585/744/1386 735/820/1387
f 736/822/1276 737/821/1276 735/820/1276
f 739/823/1388 582/742/1388 737/821/1388
f 738/824/1277 739/823/1277 737/821/1277
f 740/825/1389 673/787/1279 739/823/1389
f 673/787/1390 579/741/1390 739/823/1391
f 741/826/1392 742/827/1392 740/825/1393
f 738/824/1394 741/826/1394 740/825/1395
f 742/827/1396 745/828/1396 672/789/1397
f 805/829/1280 743/830/1280 741/826/1280
f 743/830/1204 746/831/1204 745/828/1204
f 745/832/1203 748/833/1203 747/834/1203
f 672/790/1398 747/834/1398 675/835/1398
f 748/833/1399 749/836/1399 747/834/1399
f 747/834/1400 677/792/1400 675/835/1400
f 750/837/1211 751/838/1401 749/836/1401
f 677/792/1402 751/838/1402 679/793/1403
f 751/838/1213 754/839/1213 753/840/1213
f 679/793/1404 753/840/1404 681/795/1405
f 754/839/1216 755/841/1216 753/840/1216
f 753/840/1406 683/796/1406 681/795/1406
f 755/841/1312 758/842/1217 757/843/1313
f 683/796/1407 757/843/1407 686/844/1408
f 758/842/1218 759/845/1409 757/843/1409
f 686/844/1410 759/845/1410 688/798/1411
f 759/845/1221 762/846/1220 761/847/1221
f 759/845/1412 690/848/1412 688/798/1412
f 762/846/1223 763/849/1225 761/847/1225
f 690/848/1413 763/849/1413 692/799/1413
f 763/849/1414 766/850/1226 765/851/1414
f 763/849/1415 694/852/1415 692/799/1416
f 766/850/1234 767/853/1338 765/851/1338
f 694/852/1417 767/853/1417 697/801/1418
f 767/853/1233 770/854/1233 769/855/1233
f 697/801/1419 769/855/1419 699/802/1419
f 770/854/1237 771/856/1237 769/855/1237
f 769/855/1420 701/803/1420 699/802/1421
f 771/856/1238 774/857/1238 773/858/1238
f 771/856/1422 703/804/1422 701/803/1422
f 773/858/1241 776/859/1240 775/860/1241
f 703/804/1423 775/860/1423 705/861/1424
f 776/859/1244 777/862/1244 775/860/1244
f 775/860/1425 708/805/1425 705/861/1425
f 778/863/1245 779/864/1245 777/862/1245
f 777/862/1426 710/865/1426 708/805/1426
f 779/864/1248 782/866/1247 781/867/1248
f 779/864/1427 712/806/1427 710/865/1428
f 782/866/1250 783/868/1250 781/867/1250
f 781/867/1429 714/808/1429 712/806/1430
f 783/868/1251 786/869/1251 785/870/1251
f 714/808/1431 785/870/1431 716/809/1431
f 786/869/1254 787/871/1254 785/870/1254
f 716/809/1432 787/871/1432 718/810/1432
f 787/871/1258 790/872/1258 789/873/1258
f 718/810/1433 789/873/1433 721/874/1433
f 790/872/1260 791/875/1260 789/873/1260
f 721/874/1434 791/875/1434 724/813/1434
f 792/876/1262 793/877/1263 791/875/1264
f 791/875/1435 727/878/1435 724/813/1435
f 793/877/1265 796/879/1436 795/880/1266
f 727/878/1437 795/880/1437 729/817/1438
f 795/880/1268 798/881/1268 797/882/1268
f 795/880/1439 732/883/1439 729/817/1439
f 798/881/1284 799/884/1284 797/882/1284
f 797/882/1440 734/819/1440 732/883/1441
f 799/884/1274 802/885/1274 801/886/1274
f 799/884/1442 736/822/1442 734/819/1443
f 802/885/1276 803/887/1276 801/886/1276
f 801/886/1444 738/824/1444 736/822/1445
f 803/887/1281 805/829/1281 741/826/1281
f 782/888/1446 766/889/1293 750/890/1293
f 599/751/1263 726/815/1263 595/725/1263
f 720/811/1260 599/751/1260 601/752/1371
f 665/653/1293 476/655/1446 473/653/1293
f 656/657/1314 476/655/1446 662/655/1446
f 630/767/1303 807/691/1303 806/767/1302
f 806/767/1236 512/684/1236 505/681/1447
f 613/757/1448 808/761/1446 616/761/1301
f 808/761/1247 529/699/1246 522/695/1247
f 613/757/1448 534/707/1288 809/757/1449
f 604/708/1297 534/707/1288 610/758/1297
f 602/752/1260 546/717/1260 539/712/1260
f 546/717/1263 596/725/1263 549/719/1450
f 587/746/1289 562/729/1451 559/726/1289
f 577/731/1288 562/729/1451 584/745/1451
f 475/654/1452 813/666/1211 814/891/1211
f 468/645/1399 814/891/1399 464/646/1399
f 924/892/1453 817/893/1453 1355/894/1453
f 815/895/1454 820/896/1454 816/897/1454
f 817/898/1455 818/899/1455 815/900/1455
f 818/899/1453 823/901/1453 821/899/1456
f 818/902/1453 824/896/1457 820/896/1457
f 926/903/1455 821/899/1455 823/901/1455
f 822/904/1454 824/896/1454 821/902/1454
f 820/896/1457 826/905/1453 827/905/1456
f 825/906/1458 826/905/1458 824/896/1458
f 830/907/1459 826/905/1453 829/907/1459
f 828/908/1460 829/907/1460 826/905/1460
f 835/909/1453 829/907/1459 832/909/1453
f 829/907/1461 833/910/1461 832/909/1462
f 832/909/1463 1005/911/1463 834/912/1463
f 835/909/1453 834/912/1464 837/913/1464
f 835/909/1463 838/914/1465 836/915/1465
f 830/907/1461 836/915/1461 1357/916/1461
f 837/913/1466 840/917/1467 838/914/1467
f 839/918/1468 834/912/1464 841/918/1468
f 839/918/1469 843/919/1469 840/917/1469
f 839/918/1468 844/920/1468 842/920/1468
f 842/920/1470 846/921/1470 843/919/1470
f 842/920/1468 847/922/1453 845/922/1453
f 846/921/1471 848/923/1471 849/924/1471
f 845/922/1453 851/923/1453 848/923/1453
f 849/924/1472 850/925/1472 1356/926/1472
f 848/923/1453 853/927/1453 850/925/1453
f 851/923/1473 854/928/1474 853/927/1474
f 847/922/1471 852/929/1471 851/923/1471
f 853/927/1475 856/930/1475 855/931/1475
f 858/931/1453 853/927/1453 855/931/1453
f 856/930/1476 857/932/1476 855/931/1476
f 858/931/1453 857/932/1453 860/933/1453
f 858/931/1477 861/934/1478 859/935/1479
f 850/925/1480 859/935/1480 1356/926/1480
f 861/934/1481 862/936/1481 863/937/1481
f 860/933/1453 864/936/1482 862/936/1482
f 863/937/1483 865/938/1484 866/939/1483
f 865/938/1453 864/936/1482 868/938/1485
f 865/938/1486 1355/940/1486 866/939/1486
f 865/938/1453 870/941/1482 867/941/1482
f 868/938/1486 871/942/1486 870/941/1486
f 1351/943/1484 868/938/1484 864/936/1484
f 870/941/1487 873/944/1488 872/945/1488
f 875/945/1453 870/941/1482 872/945/1456
f 873/944/1489 874/946/1489 872/945/1489
f 877/946/1456 872/945/1456 874/946/1490
f 876/947/1489 877/946/1489 878/948/1489
f 1355/940/1488 875/945/1488 876/947/1488
f 877/946/1491 880/949/1492 878/948/1492
f 877/946/1456 881/950/1456 879/950/1456
f 880/949/1493 882/951/1493 883/952/1493
f 879/950/1456 885/951/1456 882/951/1456
f 882/951/1494 1354/953/1495 883/952/1495
f 882/951/1456 887/954/1464 884/954/1464
f 885/951/1495 888/955/1495 887/954/1495
f 1353/956/1493 885/951/1493 881/950/1493
f 888/955/1496 889/957/1497 887/954/1496
f 884/954/1464 889/957/1464 892/957/1459
f 890/958/1498 891/959/1498 889/957/1498
f 892/957/1459 891/959/1499 894/959/1500
f 892/957/1498 895/960/1498 893/961/1498
f 1354/953/1501 892/957/1502 893/961/1501
f 894/959/1503 897/962/1503 895/960/1503
f 894/959/1500 898/963/1464 896/963/1464
f 896/963/1504 900/964/1504 897/962/1504
f 896/963/1464 901/965/1453 899/965/1453
f 900/964/1505 902/966/1505 903/967/1505
f 899/965/1453 905/966/1506 902/966/1507
f 903/967/1508 904/968/1509 925/969/1508
f 904/968/1453 905/966/1506 907/970/1456
f 905/966/1508 908/971/1508 907/970/1508
f 948/972/1505 905/966/1505 901/965/1505
f 907/970/1510 911/973/1510 909/974/1510
f 910/975/1464 907/970/1456 909/974/1464
f 913/976/1464 909/974/1464 912/977/1464
f 911/973/1511 912/977/1511 909/974/1512
f 913/976/1464 915/978/1485 916/978/1485
f 914/979/1513 915/978/1513 912/977/1513
f 920/980/1482 915/978/1485 918/981/1482
f 917/982/1514 918/981/1515 915/978/1516
f 919/983/1517 823/901/1517 918/981/1517
f 920/980/1482 823/901/1453 819/901/1456
f 920/980/1518 817/898/1517 921/984/1517
f 922/985/1515 920/980/1514 921/984/1515
f 923/986/1519 916/978/1519 922/985/1519
f 910/975/1512 923/986/1511 924/987/1511
f 904/968/1510 924/987/1510 925/969/1510
f 928/903/1520 919/983/1521 927/988/1522
f 929/982/1523 919/983/1521 917/982/1524
f 927/988/1453 932/903/1453 928/903/1456
f 929/982/1453 930/988/1453 927/988/1453
f 931/989/1525 932/903/1525 930/988/1517
f 934/990/1514 930/988/1514 933/982/1526
f 936/991/1453 933/982/1453 929/982/1453
f 935/991/1519 934/990/1519 933/982/1519
f 936/991/1453 938/973/1453 935/991/1453
f 940/992/1511 935/991/1512 938/973/1511
f 939/993/1453 941/971/1453 938/973/1453
f 941/971/1510 940/992/1510 938/973/1510
f 1083/994/1508 941/971/1509 943/995/1508
f 945/996/1464 941/971/1453 944/997/1453
f 939/993/1527 908/971/1528 944/997/1522
f 944/997/1522 906/995/1523 945/996/1523
f 946/972/1453 943/995/1464 945/996/1464
f 945/996/1523 948/972/1523 946/972/1523
f 949/998/1453 947/999/1453 946/972/1453
f 949/998/1529 948/972/1523 950/998/1529
f 949/998/1529 954/1000/1523 952/1000/1523
f 949/998/1453 953/1000/1453 951/998/1453
f 955/958/1456 953/1000/1453 952/1000/1453
f 952/1000/1523 890/958/1521 955/958/1530
f 956/955/1453 957/958/1456 955/958/1456
f 956/955/1531 890/958/1521 888/955/1531
f 957/958/1532 1072/1001/1498 953/1000/1498
f 960/1002/1497 957/958/1497 959/955/1533
f 963/1003/1534 959/955/1535 961/1004/1536
f 962/1004/1453 959/955/1453 956/955/1453
f 962/1004/1453 964/956/1453 961/1004/1453
f 964/956/1493 963/1003/1537 961/1004/1537
f 965/956/1453 967/1005/1453 964/956/1453
f 967/1005/1538 966/1006/1538 964/956/1491
f 973/944/1464 967/1005/1453 968/1005/1453
f 970/944/1539 969/1007/1539 967/1005/1540
f 972/942/1541 971/1008/1542 970/944/1543
f 973/944/1464 972/942/1456 970/944/1485
f 968/1005/1521 873/944/1521 973/944/1521
f 974/942/1522 873/944/1521 871/942/1522
f 975/1009/1453 972/942/1456 974/942/1456
f 975/1009/1521 871/942/1522 869/1009/1521
f 975/1009/1453 979/1010/1453 977/1009/1453
f 975/1009/1521 1351/943/1524 976/943/1524
f 977/1009/1544 1059/1011/1486 972/942/1486
f 979/1010/1483 978/1012/1483 977/1009/1545
f 976/943/1453 981/1013/1453 979/1010/1453
f 981/1013/1546 980/1014/1546 979/1010/1546
f 987/1015/1453 981/1013/1453 982/1013/1453
f 985/1016/1476 981/1013/1476 984/930/1476
f 986/928/1547 985/1016/1475 984/930/1548
f 988/1017/1453 984/930/1453 987/1015/1453
f 987/1015/1522 1350/1013/1523 856/930/1549
f 988/1017/1550 856/930/1549 854/928/1522
f 989/1018/1453 986/928/1453 988/1017/1453
f 989/1018/1523 854/928/1522 852/929/1523
f 989/1018/1453 993/1019/1453 991/929/1464
f 990/1020/1523 852/929/1523 1006/1019/1523
f 991/929/1473 1048/1021/1474 986/928/1551
f 993/1019/1471 992/1022/1471 991/929/1471
f 996/1023/1453 993/1019/1453 990/1020/1453
f 997/1024/1470 993/1019/1470 995/1025/1470
f 996/1023/1453 998/1026/1453 995/1025/1453
f 998/1026/1469 997/1024/1469 995/1025/1552
f 1037/1027/1553 998/1026/1553 1000/911/1466
f 1002/1028/1456 998/1026/1453 1001/1026/1453
f 1001/1026/1554 1004/1025/1523 1003/1026/1554
f 1002/1028/1530 1003/1026/1554 1005/911/1521
f 1003/1026/1555 844/920/1555 841/918/1556
f 834/912/1553 1003/1026/1553 841/918/1557
f 1007/1029/1558 1005/911/1521 833/910/1558
f 996/1023/1529 1006/1019/1523 1004/1025/1523
f 1004/1025/1559 847/922/1559 844/920/1559
f 1007/1029/1453 1000/911/1456 1002/1028/1456
f 1008/1030/1453 1009/1029/1453 1007/1029/1453
f 1007/1029/1558 831/1030/1523 1008/1030/1523
f 1010/1031/1560 1000/911/1560 1009/1029/1561
f 1012/1032/1562 1009/1029/1562 1011/1030/1562
f 1014/908/1453 1011/1030/1453 1008/1030/1453
f 1015/1033/1460 1011/1030/1460 1013/908/1460
f 1017/906/1453 1013/908/1453 1014/908/1453
f 1016/1034/1563 1015/1033/1563 1013/908/1458
f 1017/906/1453 1019/904/1464 1016/1034/1453
f 1020/1035/1454 1016/1034/1454 1019/904/1454
f 932/903/1564 1020/1036/1455 1019/1037/1455
f 1021/1037/1453 932/903/1453 1019/1037/1464
f 1021/1037/1558 926/903/1520 928/903/1520
f 1017/906/1521 822/904/1558 1021/904/1558
f 1023/1036/1565 1022/1038/1565 1025/1039/1565
f 1026/1040/1566 1020/1035/1566 1023/1035/1567
f 1094/1041/1455 1023/1036/1455 1025/1039/1455
f 1023/1035/1454 1027/1042/1454 1026/1040/1454
f 1026/1040/1563 1029/1043/1563 1028/1044/1563
f 1026/1040/1568 1015/1033/1568 1018/1040/1568
f 1029/1043/1569 1030/1032/1569 1028/1044/1569
f 1030/1032/1570 1015/1033/1571 1028/1044/1572
f 1031/1045/1573 1032/1031/1573 1030/1032/1573
f 1032/1031/1574 1012/1032/1574 1030/1032/1574
f 1033/1046/1560 1034/1027/1560 1032/1031/1561
f 1034/1027/1575 1010/1031/1575 1032/1031/1575
f 1034/1027/1466 1038/1047/1466 1036/1048/1466
f 1036/1048/1576 1037/1027/1576 1034/1027/1577
f 1036/1048/1555 1040/1049/1555 1039/1050/1555
f 1036/1048/1578 997/1024/1578 999/1051/1578
f 1039/1050/1470 1042/1052/1470 1041/1053/1470
f 1039/1050/1579 994/1053/1580 997/1024/1579
f 1041/1053/1471 1044/1054/1471 1043/1022/1471
f 1041/1053/1581 992/1022/1581 994/1053/1581
f 1043/1022/1472 1046/1055/1472 1045/1056/1472
f 1043/1022/1582 1048/1021/1582 992/1022/1582
f 1046/1055/1480 1047/1057/1480 1045/1056/1480
f 1045/1056/1583 985/1016/1584 1048/1021/1583
f 1049/1058/1476 1050/1059/1476 1047/1057/1585
f 1050/1059/1586 985/1016/1586 1047/1057/1586
f 1052/1060/1587 983/1059/1587 1050/1059/1588
f 1051/1061/1546 1052/1060/1546 1050/1059/1481
f 1053/1062/1484 1054/1012/1484 1052/1060/1484
f 1052/1060/1589 978/1012/1590 980/1014/1589
f 1055/1063/1591 1056/1011/1591 1054/1012/1591
f 1056/1011/1592 978/1012/1593 1054/1012/1593
f 1056/1011/1543 1060/1064/1488 1058/1008/1488
f 1056/1011/1592 971/1008/1594 1059/1011/1595
f 1058/1008/1489 1062/1065/1489 1061/1007/1596
f 1058/1008/1597 969/1007/1598 971/1008/1597
f 1061/1007/1598 966/1006/1599 969/1007/1598
f 1061/1007/1491 1064/1066/1491 1063/1006/1491
f 1063/1006/1493 1066/1067/1493 1065/1003/1600
f 1063/1006/1601 963/1003/1601 966/1006/1601
f 1065/1003/1535 1068/1068/1535 1067/1002/1535
f 1065/1003/1602 960/1002/1602 963/1003/1602
f 1067/1002/1501 1070/1069/1501 1069/1070/1497
f 1069/1070/1603 960/1002/1604 1067/1002/1604
f 1070/1069/1532 1071/1001/1532 1069/1070/1498
f 1069/1070/1603 1072/1001/1605 958/1070/1606
f 1074/1071/1607 1072/1001/1607 1071/1001/1607
f 1073/1072/1503 1074/1071/1503 1071/1001/1503
f 1077/1073/1608 1075/1071/1608 1074/1071/1609
f 1076/1074/1504 1077/1073/1504 1074/1071/1504
f 1077/1073/1610 1083/994/1610 1078/1073/1610
f 1077/1073/1505 1081/1075/1505 1080/1076/1611
f 1081/1075/1508 1082/1077/1509 1080/1076/1612
f 1082/1077/1613 1083/994/1613 1080/1076/1613
f 947/999/1614 1083/994/1614 943/995/1505
f 1082/1077/1510 1086/1078/1510 1085/992/1510
f 1082/1077/1615 940/992/1616 942/1079/1615
f 1085/992/1512 1088/1080/1512 1087/1081/1512
f 1085/992/1617 937/1082/1617 940/992/1617
f 1087/1081/1618 934/990/1618 937/1082/1618
f 1087/1081/1519 1090/1083/1519 1089/1084/1619
f 1091/989/1620 934/990/1620 1089/1084/1620
f 1089/1084/1514 1092/1085/1514 1091/989/1526
f 1091/989/1517 1094/1041/1517 1025/1039/1621
f 1025/1039/1622 931/989/1622 1091/989/1623
f 1093/1086/1624 1094/1041/1624 1092/1085/1625
f 1185/1087/1626 1092/1085/1626 1090/1083/1626
f 1095/1088/1627 1024/1089/1627 1094/1041/1628
f 1095/1088/1564 1099/1090/1564 1097/1091/1564
f 1093/1086/1517 1096/1092/1517 1095/1088/1517
f 1097/1093/1629 1027/1042/1629 1024/1094/1630
f 1099/1095/1454 1098/1096/1454 1097/1093/1454
f 1096/1092/1631 1100/1097/1631 1099/1090/1631
f 1100/1098/1632 1101/1099/1632 1099/1095/1633
f 1098/1096/1634 1103/1100/1634 1104/1101/1634
f 1102/1102/1635 1103/1100/1635 1101/1099/1635
f 1104/1101/1460 1106/1103/1460 1107/1104/1460
f 1103/1100/1636 1108/1105/1636 1106/1103/1637
f 1106/1103/1638 1110/1106/1462 1107/1104/1462
f 1108/1105/1639 1109/1107/1639 1106/1103/1640
f 1109/1107/1465 1113/1108/1465 1110/1106/1465
f 1111/1109/1641 1112/1110/1641 1109/1107/1641
f 1113/1108/1467 1115/1111/1467 1116/1112/1466
f 1112/1110/1642 1117/1113/1642 1115/1111/1643
f 1115/1111/1555 1119/1114/1555 1116/1112/1555
f 1117/1113/1644 1118/1115/1644 1115/1111/1645
f 1119/1114/1559 1121/1116/1559 1122/1117/1646
f 1120/1118/1647 1121/1116/1648 1118/1115/1648
f 1122/1117/1649 1124/1119/1649 1125/1120/1649
f 1123/1121/1650 1124/1119/1650 1121/1116/1650
f 1125/1120/1473 1127/1122/1473 1128/1123/1472
f 1126/1124/1651 1127/1122/1651 1124/1119/1651
f 1128/1123/1480 1130/1125/1548 1131/1126/1480
f 1129/1127/1652 1130/1125/1653 1127/1122/1654
f 1130/1125/1476 1134/1128/1476 1131/1126/1476
f 1130/1125/1655 1135/1129/1656 1133/1130/1657
f 1134/1128/1546 1136/1131/1546 1137/1132/1546
f 1135/1129/1658 1136/1131/1658 1133/1130/1658
f 1137/1132/1484 1139/1133/1484 1140/1134/1484
f 1138/1135/1659 1139/1133/1659 1136/1131/1659
f 1140/1134/1486 1142/1136/1486 1143/1137/1486
f 1139/1133/1660 1144/1138/1660 1142/1136/1661
f 1143/1137/1488 1145/1139/1488 1146/1140/1488
f 1142/1136/1662 1147/1141/1662 1145/1139/1662
f 1145/1139/1489 1149/1142/1489 1146/1140/1489
f 1145/1139/1663 1150/1143/1663 1148/1144/1663
f 1148/1144/1492 1152/1145/1492 1149/1142/1491
f 1150/1143/1664 1151/1146/1664 1148/1144/1664
f 1152/1145/1493 1154/1147/1493 1155/1148/1493
f 1151/1146/1665 1156/1149/1665 1154/1147/1665
f 1154/1147/1535 1158/1150/1535 1155/1148/1494
f 1154/1147/1666 1159/1151/1666 1157/1152/1667
f 1158/1150/1501 1160/1153/1497 1161/1154/1501
f 1157/1152/1668 1162/1155/1668 1160/1153/1668
f 1160/1153/1498 1164/1156/1498 1161/1154/1498
f 1162/1155/1669 1163/1157/1670 1160/1153/1671
f 1164/1156/1672 1166/1158/1672 1167/1159/1672
f 1163/1157/1673 1168/1160/1673 1166/1158/1674
f 1166/1158/1675 1170/1161/1675 1167/1159/1675
f 1168/1160/1676 1169/1162/1676 1166/1158/1676
f 1169/1162/1611 1173/1163/1611 1170/1161/1611
f 1169/1162/1677 1174/1164/1677 1172/1165/1677
f 1172/1165/1508 1176/1166/1508 1173/1163/1508
f 1172/1165/1678 1177/1167/1678 1175/1168/1679
f 1176/1166/1510 1178/1169/1510 1179/1170/1510
f 1175/1168/1680 1180/1171/1681 1178/1169/1680
f 1179/1170/1511 1181/1172/1511 1182/1173/1511
f 1178/1169/1682 1183/1174/1682 1181/1172/1682
f 1181/1172/1519 1185/1087/1519 1182/1173/1513
f 1181/1172/1683 1186/1175/1683 1184/1176/1683
f 1184/1176/1514 1093/1086/1514 1185/1087/1514
f 1186/1175/1684 1187/1177/1685 1184/1176/1685
f 1188/1178/1686 1096/1092/1686 1187/1177/1686
f 1189/1179/1687 1190/1180/1688 1188/1178/1688
f 1251/1181/1689 1188/1178/1689 1186/1175/1689
f 1190/1180/1690 1193/1182/1690 1100/1097/1690
f 1191/1183/1691 1194/1184/1455 1193/1182/1691
f 1254/1185/1525 1191/1183/1517 1189/1179/1517
f 1100/1098/1692 1195/1186/1692 1102/1102/1692
f 1193/1187/1693 1196/1188/1693 1195/1186/1693
f 1196/1188/1458 1197/1189/1634 1195/1186/1634
f 1195/1186/1694 1105/1190/1694 1102/1102/1694
f 1197/1189/1460 1200/1191/1460 1199/1192/1460
f 1197/1189/1695 1108/1105/1695 1105/1190/1695
f 1200/1191/1638 1201/1193/1562 1199/1192/1562
f 1199/1192/1696 1111/1109/1696 1108/1105/1697
f 1201/1193/1560 1204/1194/1560 1203/1195/1465
f 1201/1193/1698 1114/1196/1698 1111/1109/1698
f 1204/1194/1466 1205/1197/1466 1203/1195/1467
f 1114/1196/1699 1205/1197/1699 1117/1113/1700
f 1206/1198/1469 1207/1199/1469 1205/1197/1469
f 1117/1113/1701 1207/1199/1701 1120/1118/1701
f 1207/1199/1470 1210/1200/1470 1209/1201/1470
f 1120/1118/1702 1209/1201/1702 1123/1121/1702
f 1210/1200/1471 1211/1202/1471 1209/1201/1471
f 1123/1121/1703 1211/1202/1703 1126/1124/1703
f 1212/1203/1473 1213/1204/1473 1211/1202/1473
f 1126/1124/1704 1213/1204/1704 1129/1127/1705
f 1214/1205/1480 1215/1206/1480 1213/1204/1480
f 1129/1127/1706 1215/1206/1706 1132/1207/1706
f 1216/1208/1476 1217/1209/1476 1215/1206/1477
f 1132/1207/1707 1217/1209/1707 1135/1129/1707
f 1217/1209/1546 1220/1210/1546 1219/1211/1708
f 1135/1129/1709 1219/1211/1710 1138/1135/1709
f 1220/1210/1484 1221/1212/1484 1219/1211/1484
f 1219/1211/1711 1141/1213/1712 1138/1135/1713
f 1222/1214/1486 1223/1215/1486 1221/1212/1486
f 1141/1213/1714 1223/1215/1714 1144/1138/1715
f 1223/1215/1488 1226/1216/1488 1225/1217/1487
f 1144/1138/1716 1225/1217/1716 1147/1141/1716
f 1225/1217/1489 1228/1218/1489 1227/1219/1489
f 1225/1217/1717 1150/1143/1717 1147/1141/1717
f 1227/1219/1538 1230/1220/1538 1229/1221/1491
f 1227/1219/1718 1153/1222/1719 1150/1143/1719
f 1229/1221/1493 1232/1223/1493 1231/1224/1493
f 1229/1221/1720 1156/1149/1720 1153/1222/1720
f 1232/1223/1721 1233/1225/1721 1231/1224/1721
f 1156/1149/1722 1233/1225/1722 1159/1151/1722
f 1234/1226/1497 1235/1227/1497 1233/1225/1501
f 1233/1225/1723 1162/1155/1723 1159/1151/1723
f 1235/1227/1498 1238/1228/1498 1237/1229/1532
f 1235/1227/1724 1165/1230/1724 1162/1155/1724
f 1238/1228/1672 1239/1231/1672 1237/1229/1503
f 1237/1229/1725 1168/1160/1726 1165/1230/1726
f 1239/1231/1504 1242/1232/1675 1241/1233/1504
f 1239/1231/1727 1171/1234/1727 1168/1160/1727
f 1241/1233/1728 1244/1235/1505 1243/1236/1728
f 1171/1234/1729 1243/1236/1729 1174/1164/1729
f 1243/1236/1509 1246/1237/1508 1245/1238/1509
f 1174/1164/1730 1245/1238/1730 1177/1167/1731
f 1246/1237/1510 1247/1239/1510 1245/1238/1732
f 1245/1238/1733 1180/1171/1734 1177/1167/1735
f 1247/1239/1511 1250/1240/1512 1249/1241/1736
f 1247/1239/1737 1183/1174/1737 1180/1171/1737
f 1249/1241/1513 1252/1242/1513 1251/1181/1513
f 1249/1241/1738 1186/1175/1738 1183/1174/1738
f 1252/1242/1739 1189/1179/1514 1251/1181/1514
f 1252/1242/1740 1255/1243/1740 1254/1185/1741
f 1315/1244/1742 1252/1242/1742 1250/1240/1742
f 1254/1185/1743 1257/1245/1743 1192/1246/1743
f 1255/1243/1744 1258/1247/1744 1257/1245/1744
f 1318/1248/1745 1255/1243/1745 1253/1249/1746
f 1258/1247/1747 1259/1250/1747 1257/1245/1747
f 1257/1245/1748 1194/1184/1748 1192/1246/1748
f 1194/1251/1749 1261/1252/1749 1196/1188/1749
f 1259/1253/1750 1262/1254/1750 1261/1252/1750
f 1261/1252/1751 1264/1255/1751 1263/1256/1752
f 1261/1252/1753 1198/1257/1753 1196/1188/1753
f 1263/1256/1754 1266/1258/1754 1265/1259/1755
f 1263/1256/1756 1200/1191/1756 1198/1257/1756
f 1265/1259/1757 1268/1260/1757 1267/1261/1757
f 1200/1191/1758 1267/1261/1758 1202/1262/1758
f 1267/1261/1759 1270/1263/1759 1269/1264/1759
f 1202/1262/1760 1269/1264/1760 1204/1194/1760
f 1270/1263/1761 1271/1265/1762 1269/1264/1763
f 1269/1264/1764 1206/1198/1765 1204/1194/1765
f 1272/1266/1766 1273/1267/1766 1271/1265/1766
f 1206/1198/1767 1273/1267/1767 1208/1268/1767
f 1273/1267/1768 1276/1269/1768 1275/1270/1768
f 1208/1268/1769 1275/1270/1769 1210/1200/1769
f 1275/1270/1770 1278/1271/1770 1277/1272/1770
f 1210/1200/1771 1277/1272/1771 1212/1203/1771
f 1278/1271/1772 1279/1273/1772 1277/1272/1772
f 1212/1203/1773 1279/1273/1773 1214/1205/1773
f 1279/1273/1774 1282/1274/1775 1281/1275/1774
f 1214/1205/1776 1281/1275/1776 1216/1208/1777
f 1281/1275/1778 1284/1276/1778 1283/1277/1778
f 1281/1275/1779 1218/1278/1779 1216/1208/1779
f 1283/1277/1780 1286/1279/1780 1285/1280/1781
f 1218/1278/1782 1285/1280/1782 1220/1210/1782
f 1286/1279/1783 1287/1281/1783 1285/1280/1783
f 1220/1210/1784 1287/1281/1784 1222/1214/1784
f 1288/1282/1785 1289/1283/1785 1287/1281/1785
f 1222/1214/1786 1289/1283/1787 1224/1284/1786
f 1290/1285/1788 1291/1286/1788 1289/1283/1789
f 1224/1284/1790 1291/1286/1790 1226/1216/1790
f 1292/1287/1791 1293/1288/1791 1291/1286/1791
f 1291/1286/1792 1228/1218/1792 1226/1216/1792
f 1294/1289/1793 1295/1290/1793 1293/1288/1793
f 1228/1218/1794 1295/1290/1794 1230/1220/1795
f 1296/1291/1796 1297/1292/1796 1295/1290/1797
f 1295/1290/1798 1232/1223/1798 1230/1220/1799
f 1297/1292/1800 1300/1293/1800 1299/1294/1800
f 1232/1223/1801 1299/1294/1801 1234/1226/1801
f 1300/1293/1802 1301/1295/1802 1299/1294/1802
f 1299/1294/1803 1236/1296/1803 1234/1226/1804
f 1302/1297/1805 1303/1298/1806 1301/1295/1807
f 1236/1296/1808 1303/1298/1808 1238/1228/1808
f 1304/1299/1809 1305/1300/1809 1303/1298/1809
f 1303/1298/1810 1240/1301/1810 1238/1228/1810
f 1305/1300/1811 1308/1302/1811 1307/1303/1811
f 1240/1301/1812 1307/1303/1813 1242/1232/1812
f 1308/1302/1814 1309/1304/1814 1307/1303/1814
f 1242/1232/1815 1309/1304/1815 1244/1235/1815
f 1310/1305/1816 1311/1306/1816 1309/1304/1816
f 1309/1304/1817 1246/1237/1817 1244/1235/1817
f 1312/1307/1818 1313/1308/1818 1311/1306/1819
f 1311/1306/1820 1248/1309/1821 1246/1237/1822
f 1313/1308/1823 1316/1310/1823 1315/1244/1823
f 1248/1309/1824 1315/1244/1824 1250/1240/1824
f 1316/1310/1825 1253/1249/1825 1315/1244/1825
f 1314/1311/1511 1317/1312/1511 1316/1310/1511
f 1316/1310/1826 1319/1313/1826 1318/1248/1519
f 1319/1313/1515 1256/1314/1515 1318/1248/1515
f 1340/1315/1523 1332/1316/1523 1324/1317/1523
f 1256/1314/1827 1321/1318/1827 1258/1247/1827
f 1321/1318/1564 1260/1319/1564 1258/1247/1564
f 1260/1320/1454 1323/1321/1454 1262/1254/1454
f 1323/1321/1634 1264/1255/1634 1262/1254/1828
f 1324/1322/1460 1266/1258/1829 1264/1255/1830
f 1325/1323/1462 1268/1260/1638 1266/1258/1562
f 1268/1260/1560 1327/1324/1463 1270/1263/1560
f 1270/1263/1467 1328/1325/1467 1272/1266/1467
f 1328/1325/1469 1274/1326/1469 1272/1266/1555
f 1274/1326/1559 1330/1327/1559 1276/1269/1559
f 1276/1269/1471 1331/1328/1471 1278/1271/1471
f 1331/1328/1473 1280/1329/1473 1278/1271/1473
f 1332/1330/1475 1282/1274/1475 1280/1329/1475
f 1282/1274/1477 1334/1331/1477 1284/1276/1477
f 1284/1276/1831 1335/1332/1832 1286/1279/1831
f 1286/1279/1484 1336/1333/1484 1288/1282/1484
f 1288/1282/1486 1337/1334/1486 1290/1285/1544
f 1337/1334/1488 1292/1287/1488 1290/1285/1488
f 1338/1335/1489 1294/1289/1489 1292/1287/1489
f 1294/1289/1491 1340/1336/1491 1296/1291/1538
f 1340/1336/1493 1298/1337/1493 1296/1291/1493
f 1341/1338/1494 1300/1293/1494 1298/1337/1494
f 1300/1293/1497 1343/1339/1497 1302/1297/1497
f 1302/1297/1532 1344/1340/1532 1304/1299/1532
f 1304/1299/1503 1345/1341/1503 1306/1342/1503
f 1345/1341/1504 1308/1302/1504 1306/1342/1504
f 1346/1343/1505 1310/1305/1505 1308/1302/1505
f 1347/1344/1509 1312/1307/1509 1310/1305/1509
f 1312/1307/1510 1349/1345/1510 1314/1311/1510
f 1182/1173/1833 1090/1083/1833 1088/1080/1833
f 1179/1170/1834 1088/1080/1834 1086/1078/1834
f 1176/1166/1835 1086/1078/1835 1084/1346/1835
f 1173/1163/1836 1084/1346/1836 1081/1075/1837
f 1079/1347/1838 1173/1163/1838 1081/1075/1839
f 1167/1159/1840 1079/1347/1840 1076/1074/1840
f 1164/1156/1841 1076/1074/1841 1073/1072/1841
f 1161/1154/1842 1073/1072/1842 1070/1069/1842
f 1068/1068/1843 1161/1154/1843 1070/1069/1843
f 1155/1148/1844 1068/1068/1844 1066/1067/1845
f 1064/1066/1846 1155/1148/1846 1066/1067/1847
f 1149/1142/1848 1064/1066/1848 1062/1065/1848
f 1146/1140/1849 1062/1065/1849 1060/1064/1849
f 1057/1348/1850 1146/1140/1850 1060/1064/1850
f 1140/1134/1851 1057/1348/1851 1055/1063/1851
f 1053/1062/1852 1140/1134/1852 1055/1063/1853
f 1051/1061/1854 1137/1132/1854 1053/1062/1855
f 1049/1058/1856 1134/1128/1856 1051/1061/1857
f 1128/1123/1858 1049/1058/1858 1046/1055/1858
f 1044/1054/1859 1128/1123/1859 1046/1055/1859
f 1042/1052/1860 1125/1120/1860 1044/1054/1860
f 1119/1114/1861 1042/1052/1861 1040/1049/1862
f 1116/1112/1863 1040/1049/1863 1038/1047/1863
f 1113/1108/1864 1038/1047/1864 1035/1349/1864
f 1033/1046/1865 1113/1108/1865 1035/1349/1866
f 1031/1045/1867 1110/1106/1867 1033/1046/1867
f 1104/1101/1868 1031/1045/1868 1029/1043/1869
f 1027/1042/1870 1104/1101/1870 1029/1043/1870
f 951/998/1871 1078/1073/1871 947/999/1504
f 953/1000/1503 1075/1071/1872 951/998/1872
f 1017/906/1521 828/908/1558 825/906/1520
f 1008/1030/1523 828/908/1558 1014/908/1531
f 982/1013/1523 1351/943/1524 1350/1013/1523
f 1350/1013/1481 864/936/1481 857/932/1481
f 965/956/1529 1352/1005/1521 968/1005/1521
f 874/946/1491 1353/956/1491 881/950/1491
f 962/1004/1523 1353/956/1529 965/956/1529
f 962/1004/1523 888/955/1531 886/1004/1521
f 954/1000/1503 898/963/1503 891/959/1503
f 950/998/1504 901/965/1504 898/963/1504
f 936/991/1522 911/973/1550 939/993/1527
f 929/982/1523 914/979/1529 936/991/1522
f 1358/1350/1460 830/907/1460 1357/916/1460
f 816/897/1828 827/905/1634 1358/1350/1828
f 1359/1351/1873 1363/1352/1873 1360/1353/1873
f 1359/1354/1874 1360/1355/1874 1361/1356/1874
f 1359/1357/1875 1361/1358/1875 1362/1359/1875
f 1359/1360/1876 1362/1361/1876 1364/1362/1876
f 1363/1363/1877 1359/1364/1877 1364/1365/1877
f 1364/1362/1878 1366/1366/1878 1365/1367/1878
f 1367/1368/1879 1364/1365/1879 1365/1367/1879
f 1364/1362/1880 1362/1361/1880 1366/1366/1880
f 1367/1368/1881 1363/1363/1881 1364/1365/1881
f 1368/1369/1882 1363/1363/1882 1367/1368/1882
f 1368/1369/1883 1367/1368/1883 1369/1370/1883
f 1367/1368/1884 1365/1367/1884 1370/1371/1884
f 1369/1370/1885 1367/1368/1885 1370/1371/1885
f 1370/1371/1886 1372/1372/1886 1371/1373/1886
f 1369/1370/1887 1370/1371/1887 1371/1373/1887
f 1365/1367/1888 1373/1374/1888 1370/1371/1888
f 1370/1371/1889 1373/1374/1889 1372/1372/1889
f 1365/1367/1890 1366/1366/1890 1373/1374/1890
f 1373/1374/1891 1374/1375/1891 1372/1372/1891
f 1373/1374/1892 1375/1376/1892 1374/1375/1892
f 1373/1374/1893 1366/1366/1893 1375/1376/1893
f 1375/1376/1894 1377/1377/1894 1374/1375/1894
f 1376/1378/1895 1378/1379/1895 1375/1376/1895
f 1366/1366/1896 1376/1378/1896 1375/1376/1896
f 1375/1376/1897 1378/1379/1897 1377/1377/1897
f 1376/1378/1898 1381/1380/1898 1378/1379/1898
f 1378/1379/1899 1379/1381/1899 1377/1377/1899
f 1378/1379/1900 1380/1382/1900 1379/1381/1900
f 1378/1379/1901 1381/1380/1901 1380/1382/1901
f 1362/1359/1902 1381/1380/1902 1376/1378/1902
f 1381/1380/1903 1382/1383/1903 1380/1382/1903
f 1361/1358/1904 1382/1383/1904 1381/1380/1904
f 1362/1359/1905 1361/1358/1905 1381/1380/1905
f 1382/1383/1906 1383/1384/1906 1384/1385/1906
f 1361/1356/1907 1383/1384/1907 1382/1383/1907
f 1382/1383/1908 1384/1385/1908 1380/1382/1908
f 1384/1385/1909 1385/1386/1909 1386/1387/1909
f 1384/1385/1910 1387/1388/1910 1385/1386/1910
f 1380/1382/1911 1384/1385/1911 1386/1387/1911
f 1384/1385/1912 1383/1384/1912 1387/1388/1912
f 1387/1389/1913 1389/1390/1913 1385/1391/1913
f 1388/1392/1914 1390/1393/1914 1387/1389/1914
f 1383/1384/1915 1388/1394/1915 1387/1388/1915
f 1387/1389/1916 1390/1393/1916 1389/1390/1916
f 1388/1392/1917 1393/1395/1917 1390/1393/1917
f 1390/1393/1918 1391/1396/1918 1389/1390/1918
f 1390/1393/1919 1392/1397/1919 1391/1396/1919
f 1390/1393/1920 1393/1395/1920 1392/1397/1920
f 1360/1353/1921 1393/1395/1921 1388/1392/1921
f 1393/1395/1922 1368/1369/1922 1392/1397/1922
f 1363/1352/1923 1368/1369/1923 1393/1395/1923
f 1360/1353/1924 1363/1352/1924 1393/1395/1924
f 1392/1397/1925 1394/1398/1925 1391/1396/1925
f 1368/1369/1926 1369/1370/1926 1392/1397/1926
f 1392/1397/1927 1369/1370/1927 1394/1398/1927
f 1391/1396/1928 1394/1398/1928 1395/1399/1928
f 1394/1398/1929 1371/1373/1929 1396/1400/1929
f 1369/1370/1930 1371/1373/1930 1394/1398/1930
f 1395/1399/1931 1394/1398/1931 1396/1400/1931
f 1396/1401/1932 1398/1402/1932 1397/1403/1932
f 1395/1399/1933 1396/1400/1933 1397/1404/1933
f 1371/1373/1934 1372/1372/1934 1396/1401/1934
f 1396/1401/1935 1372/1372/1935 1398/1402/1935
f 1374/1375/1936 1377/1377/1936 1398/1405/1936
f 1372/1372/1937 1374/1375/1937 1398/1402/1937
f 1398/1405/1938 1399/1406/1938 1397/1407/1938
f 1398/1405/1939 1377/1377/1939 1399/1406/1939
f 1379/1381/1940 1386/1387/1940 1399/1408/1940
f 1377/1377/1941 1379/1381/1941 1399/1406/1941
f 1399/1408/1942 1400/1409/1942 1397/1410/1942
f 1399/1408/1943 1386/1387/1943 1400/1409/1943
f 1385/1391/1944 1389/1390/1944 1400/1411/1944
f 1386/1387/1945 1385/1386/1945 1400/1409/1945
f 1400/1411/1946 1395/1412/1946 1397/1413/1946
f 1400/1411/1947 1389/1390/1947 1395/1412/1947
f 1389/1390/1948 1391/1396/1948 1395/1412/1948
f 1360/1355/1949 1388/1394/1949 1383/1384/1949
f 1380/1382/1950 1386/1387/1950 1379/1381/1950
f 1361/1356/1951 1360/1355/1951 1383/1384/1951
f 1362/1361/1952 1376/1378/1952 1366/1366/1952
f 1429/1414/1953 1749/1415/1954 1483/1416/1954
f 1404/1417/1955 1402/1418/1955 1401/1419/1955
f 1403/1420/1956 1404/1421/1956 1401/1422/1956
f 1404/1421/1953 1409/1423/1957 1407/1421/1953
f 1406/1424/1958 1407/1417/1953 1410/1424/1958
f 1512/1425/1959 1407/1421/1960 1409/1423/1959
f 1408/1426/1961 1410/1424/1961 1407/1417/1961
f 1413/1427/1953 1410/1424/1958 1412/1427/1953
f 1410/1424/1962 1414/1428/1962 1412/1427/1962
f 1416/1429/1963 1412/1427/1953 1415/1429/1964
f 1412/1427/1965 1417/1430/1965 1415/1429/1965
f 1416/1429/1963 1418/1431/1954 1421/1432/1954
f 1417/1430/1966 1418/1431/1966 1415/1429/1966
f 1418/1431/1967 1591/1433/1968 1420/1434/1968
f 1423/1435/1969 1418/1431/1954 1420/1434/1969
f 1422/1436/1970 1423/1435/1970 1424/1437/1970
f 1416/1429/1971 1422/1436/1966 1751/1438/1966
f 1423/1435/1972 1426/1439/1972 1424/1437/1972
f 1425/1440/1969 1420/1434/1969 1427/1440/1969
f 1426/1439/1973 1428/1441/1973 1429/1442/1973
f 1428/1441/1974 1427/1440/1969 1430/1443/1954
f 1428/1441/1975 1432/1444/1976 1429/1442/1976
f 1431/1445/1977 1430/1443/1954 1433/1445/1978
f 1432/1444/1979 1434/1446/1979 1435/1447/1979
f 1431/1445/1977 1437/1446/1974 1434/1446/1974
f 1434/1446/1980 1750/1448/1980 1435/1447/1980
f 1436/1449/1981 1437/1446/1974 1439/1450/1982
f 1437/1446/1980 1440/1451/1980 1439/1450/1980
f 1592/1452/1983 1437/1446/1979 1433/1445/1983
f 1439/1450/1984 1442/1453/1984 1441/1454/1984
f 1444/1454/1982 1439/1450/1982 1441/1454/1982
f 1442/1453/1985 1443/1455/1985 1441/1454/1985
f 1444/1454/1982 1443/1455/1974 1446/1455/1954
f 1444/1454/1985 1447/1456/1985 1445/1457/1985
f 1750/1448/1984 1444/1454/1984 1445/1457/1984
f 1447/1456/1986 1448/1458/1986 1449/1459/1986
f 1446/1455/1954 1450/1460/1957 1448/1458/1987
f 1449/1459/1988 1451/1461/1989 1452/1462/1988
f 1451/1461/1953 1450/1460/1957 1454/1461/1953
f 1451/1461/1990 1749/1463/1991 1452/1462/1992
f 1451/1461/1953 1456/1464/1993 1453/1465/1993
f 1455/1466/1990 1456/1464/1990 1454/1461/1990
f 1745/1467/1994 1454/1461/1994 1450/1460/1988
f 1456/1464/1995 1459/1468/1995 1458/1469/1995
f 1453/1465/1993 1458/1469/1954 1461/1470/1954
f 1459/1468/1996 1460/1471/1996 1458/1469/1996
f 1463/1472/1963 1458/1469/1954 1460/1471/1963
f 1461/1470/1996 1464/1473/1996 1462/1474/1996
f 1749/1463/1995 1461/1470/1995 1462/1474/1995
f 1463/1472/1997 1466/1475/1998 1464/1473/1998
f 1463/1472/1963 1467/1476/1954 1465/1476/1954
f 1466/1475/1999 1468/1477/1999 1469/1478/1999
f 1468/1477/1954 1467/1476/1954 1471/1479/1974
f 1468/1477/2000 1748/1480/2001 1469/1478/2001
f 1470/1481/1969 1471/1479/1974 1473/1482/2002
f 1471/1479/2001 1474/1483/2001 1473/1482/2001
f 1467/1476/1999 1472/1484/1999 1471/1479/1999
f 1474/1483/2003 1475/1485/2003 1473/1482/2003
f 1478/1486/1977 1473/1482/2002 1475/1485/2004
f 1476/1487/2005 1477/1488/2005 1475/1485/2005
f 1478/1486/1977 1477/1488/1953 1480/1488/1953
f 1478/1486/2005 1481/1489/2005 1479/1490/2005
f 1748/1480/2003 1478/1486/2006 1479/1490/2003
f 1480/1488/2007 1483/1491/2007 1481/1489/2007
f 1480/1488/1953 1484/1492/1974 1482/1492/1974
f 1483/1491/2008 1485/1493/2009 1486/1494/2008
f 1482/1492/1974 1487/1493/1954 1485/1493/1954
f 1485/1493/2010 1489/1495/2011 1486/1494/2011
f 1488/1496/1974 1487/1493/1954 1491/1496/1974
f 1489/1495/2012 1490/1497/2012 1511/1498/2012
f 1488/1496/1974 1493/1497/1953 1490/1497/1953
f 1491/1496/2012 1494/1499/2012 1493/1497/2013
f 1534/1500/2014 1491/1496/2014 1487/1493/2010
f 1493/1497/2015 1497/1501/2015 1495/1502/2015
f 1490/1497/1953 1495/1502/2016 1496/1502/2017
f 1499/1503/1993 1495/1502/2016 1498/1503/2018
f 1495/1502/2019 1500/1504/2019 1498/1503/2019
f 1499/1503/1993 1501/1505/1974 1502/1505/1954
f 1500/1504/2020 1501/1505/2020 1498/1503/2020
f 1502/1505/1954 1504/1506/1954 1506/1506/1954
f 1503/1507/2021 1504/1506/2021 1501/1505/2021
f 1505/1508/2022 1409/1423/2022 1504/1506/2022
f 1405/1423/1957 1504/1506/1954 1409/1423/1957
f 1507/1509/2022 1405/1423/2023 1403/1420/2022
f 1502/1505/2021 1507/1509/2021 1508/1510/2021
f 1509/1511/2024 1502/1505/2020 1508/1510/2025
f 1496/1502/2019 1509/1511/2019 1510/1512/2026
f 1511/1498/2027 1496/1502/2027 1510/1512/2027
f 1514/1425/2028 1505/1508/2029 1513/1508/2030
f 1515/1507/2031 1505/1508/2029 1503/1507/2032
f 1514/1425/1953 1516/1508/1974 1518/1425/1954
f 1515/1507/1954 1516/1508/1974 1513/1508/1974
f 1516/1508/2033 1608/1513/2033 1518/1425/2034
f 1520/1514/2035 1516/1508/2035 1519/1507/2036
f 1515/1507/1954 1521/1504/1963 1519/1507/1954
f 1523/1515/2020 1519/1507/2020 1521/1504/2020
f 1522/1504/1963 1524/1501/1954 1521/1504/1963
f 1524/1501/2037 1523/1515/2038 1521/1504/2039
f 1530/1499/1954 1524/1501/1954 1525/1501/2040
f 1527/1499/2027 1526/1516/2027 1524/1501/2027
f 1669/1517/2041 1527/1499/2041 1529/1518/2041
f 1530/1499/1954 1529/1518/1954 1527/1499/1953
f 1530/1499/2029 1497/1501/2030 1494/1499/2042
f 1531/1518/2042 1494/1499/2042 1492/1518/2042
f 1532/1500/1954 1529/1518/1954 1531/1518/1954
f 1532/1500/2042 1492/1518/2042 1534/1500/2042
f 1532/1500/1954 1537/1519/1954 1533/1500/1953
f 1535/1519/2043 1534/1500/2042 1536/1519/2043
f 1538/1520/2029 1536/1519/2043 1540/1520/2029
f 1538/1520/1954 1537/1519/1954 1535/1519/1954
f 1538/1520/1954 1543/1487/1954 1539/1521/1953
f 1538/1520/2029 1476/1487/2030 1541/1487/2030
f 1542/1483/1953 1543/1487/1954 1541/1487/2044
f 1541/1487/2030 1474/1483/2045 1542/1483/2046
f 1544/1522/2005 1539/1521/2005 1543/1487/2005
f 1546/1523/2047 1543/1487/2048 1545/1524/2049
f 1547/1484/2001 1546/1523/2001 1545/1524/2001
f 1542/1483/1953 1547/1484/1954 1545/1524/2040
f 1551/1525/1974 1547/1484/1954 1548/1526/1954
f 1550/1527/2050 1549/1528/1999 1547/1484/1999
f 1551/1525/1974 1553/1529/1954 1550/1527/1954
f 1555/1530/2051 1550/1527/2051 1553/1529/1998
f 1559/1531/1954 1553/1529/1954 1554/1532/1953
f 1557/1533/1996 1553/1529/1996 1556/1531/1996
f 1558/1534/1995 1557/1533/1995 1556/1531/1995
f 1560/1534/1954 1556/1531/1954 1559/1531/1954
f 1554/1532/2028 1459/1468/2042 1559/1531/2042
f 1559/1531/2042 1457/1534/2052 1560/1534/2052
f 1561/1535/1953 1558/1534/1954 1560/1534/1954
f 1560/1534/2052 1455/1466/2042 1561/1535/2042
f 1562/1467/1954 1563/1466/1954 1561/1535/1953
f 1562/1467/2029 1455/1466/2042 1745/1467/2029
f 1564/1536/1991 1558/1534/1990 1563/1466/1992
f 1566/1537/2053 1563/1466/2053 1565/1467/2053
f 1568/1538/1953 1565/1467/1954 1562/1467/1954
f 1569/1539/1986 1565/1467/2054 1567/1538/1986
f 1573/1540/1953 1567/1538/1953 1568/1538/1953
f 1571/1541/2055 1567/1538/1985 1570/1540/2056
f 1634/1542/2057 1570/1540/2058 1572/1451/1984
f 1574/1451/1954 1570/1540/1953 1573/1540/1953
f 1573/1540/2059 1744/1538/2029 1442/1453/2059
f 1573/1540/2059 1440/1451/2060 1574/1451/2061
f 1574/1451/1954 1577/1543/1954 1572/1451/1957
f 1574/1451/2061 1438/1543/2062 1575/1544/2062
f 1576/1545/1954 1577/1543/1954 1575/1544/1954
f 1575/1544/2062 1592/1452/2029 1576/1545/2029
f 1577/1543/2063 1634/1542/2064 1572/1451/1980
f 1580/1546/1983 1577/1543/1983 1579/1452/1983
f 1576/1545/1954 1581/1547/1954 1579/1452/1974
f 1581/1547/2065 1580/1546/2065 1579/1452/2065
f 1587/1548/1954 1581/1547/1954 1582/1547/1954
f 1585/1549/2066 1581/1547/2067 1584/1548/2066
f 1623/1550/1972 1584/1548/1972 1586/1433/1972
f 1587/1548/1954 1586/1433/1953 1584/1548/1963
f 1582/1547/2030 1589/1548/2068 1587/1548/2068
f 1587/1548/2068 1591/1433/2042 1588/1551/2029
f 1589/1548/1973 1430/1443/1973 1427/1440/1973
f 1420/1434/1972 1589/1548/1972 1427/1440/2069
f 1593/1552/2029 1591/1433/2042 1419/1553/2029
f 1576/1545/2029 1590/1547/2030 1582/1547/2030
f 1430/1443/2065 1592/1452/2065 1433/1445/2065
f 1588/1551/1953 1595/1553/1953 1586/1433/1953
f 1594/1430/1953 1595/1553/1953 1593/1552/1963
f 1593/1552/2029 1417/1430/2029 1594/1430/2029
f 1596/1554/2070 1586/1433/2070 1595/1553/2070
f 1597/1430/2071 1596/1554/1966 1595/1553/1966
f 1594/1430/1953 1599/1428/1954 1597/1430/2040
f 1599/1428/2072 1598/1555/2072 1597/1430/2072
f 1600/1428/1953 1602/1556/1954 1599/1428/1954
f 1602/1556/1962 1601/1557/2073 1599/1428/2074
f 1603/1556/1954 1605/1426/1954 1602/1556/1954
f 1606/1558/1955 1602/1556/1955 1605/1426/1955
f 1518/1425/1956 1606/1559/1956 1605/1560/1956
f 1607/1560/1954 1518/1425/1954 1605/1560/1954
f 1607/1560/2029 1512/1425/2028 1514/1425/2028
f 1607/1426/2029 1411/1556/2075 1408/1426/2029
f 1609/1559/2076 1608/1513/2077 1611/1513/2078
f 1609/1558/2076 1604/1561/2079 1606/1558/2080
f 1611/1513/1959 1610/1562/1959 1609/1559/1959
f 1609/1558/2081 1613/1563/2081 1612/1561/2081
f 1612/1561/2074 1615/1564/2074 1614/1557/2074
f 1612/1561/2082 1601/1557/2082 1604/1561/2082
f 1614/1557/2072 1617/1565/2072 1616/1555/2083
f 1614/1557/2084 1598/1555/2084 1601/1557/2084
f 1616/1555/1966 1619/1566/1966 1618/1554/1966
f 1616/1555/2085 1596/1554/2085 1598/1555/2085
f 1619/1566/2070 1620/1550/2070 1618/1554/2070
f 1618/1554/2086 1623/1550/2086 1596/1554/2086
f 1621/1567/2087 1622/1549/2087 1620/1550/1972
f 1622/1549/2088 1623/1550/2089 1620/1550/2090
f 1622/1549/1973 1626/1568/1973 1625/1569/1973
f 1622/1549/2088 1583/1570/2091 1585/1549/2088
f 1625/1569/1975 1628/1571/1975 1627/1546/1975
f 1627/1546/2092 1583/1570/2092 1625/1569/2093
f 1628/1571/1979 1629/1572/1979 1627/1546/1979
f 1629/1572/2094 1580/1546/2094 1627/1546/2095
f 1630/1573/1980 1631/1542/1980 1629/1572/1980
f 1631/1542/2096 1578/1574/2097 1629/1572/2097
f 1631/1542/1984 1635/1575/1984 1633/1541/1984
f 1633/1541/2098 1634/1542/2096 1631/1542/2096
f 1635/1575/1985 1636/1539/1985 1633/1541/1985
f 1633/1541/2099 1569/1539/2099 1571/1541/2099
f 1638/1537/2100 1569/1539/2100 1636/1539/2100
f 1637/1576/1986 1638/1537/1986 1636/1539/2101
f 1639/1577/2053 1640/1536/2053 1638/1537/1988
f 1640/1536/2102 1566/1537/2102 1638/1537/2102
f 1641/1578/1992 1642/1579/1992 1640/1536/1992
f 1640/1536/2103 1645/1580/2103 1564/1536/2103
f 1643/1581/1995 1644/1533/1995 1642/1579/1995
f 1644/1533/2104 1645/1580/2105 1642/1579/2105
f 1646/1582/1996 1647/1583/1996 1644/1533/1996
f 1647/1583/2106 1557/1533/2104 1644/1533/2104
f 1647/1583/2107 1552/1584/2107 1555/1530/2108
f 1647/1583/1997 1650/1585/1997 1649/1586/2109
f 1650/1585/2110 1651/1528/2110 1649/1586/2111
f 1651/1528/2112 1552/1584/2112 1649/1586/2112
f 1651/1528/2113 1654/1587/2113 1653/1523/2114
f 1653/1523/2115 1549/1528/2115 1651/1528/2115
f 1654/1587/2116 1655/1588/2116 1653/1523/2117
f 1655/1588/2118 1546/1523/2118 1653/1523/2118
f 1655/1588/2005 1659/1589/2005 1657/1590/2005
f 1657/1590/2119 1544/1522/2120 1655/1588/2121
f 1657/1590/2122 1661/1591/2123 1658/1590/2122
f 1659/1589/2007 1660/1591/2007 1657/1590/2007
f 1660/1591/2124 1664/1592/2124 1661/1591/2124
f 1662/1593/2125 1663/1592/2125 1660/1591/2125
f 1663/1592/2126 1669/1517/2126 1664/1592/2127
f 1663/1592/2128 1667/1594/2128 1666/1517/2128
f 1666/1517/2012 1670/1595/2012 1668/1596/2012
f 1668/1596/2129 1669/1517/2130 1666/1517/2131
f 1533/1500/2011 1669/1517/2011 1529/1518/2011
f 1670/1595/2027 1671/1516/2027 1668/1596/2027
f 1671/1516/2132 1528/1596/2133 1668/1596/2134
f 1671/1516/2019 1674/1597/2019 1673/1515/2135
f 1673/1515/2136 1526/1516/2136 1671/1516/2137
f 1673/1515/2138 1520/1514/2138 1523/1515/2138
f 1674/1597/2020 1675/1514/2020 1673/1515/2020
f 1677/1598/2139 1520/1514/2139 1675/1514/2139
f 1675/1514/2021 1678/1599/2035 1677/1598/2035
f 1678/1599/2140 1611/1513/2140 1677/1598/2140
f 1677/1598/2141 1608/1513/2141 1517/1598/2141
f 1678/1599/2142 1681/1600/2142 1680/1601/2143
f 1676/1602/2144 1679/1603/2144 1678/1599/2144
f 1680/1601/2145 1683/1604/2145 1610/1562/2146
f 1679/1603/2023 1682/1605/2023 1681/1600/2023
f 1681/1600/1956 1684/1606/1956 1683/1604/1956
f 1683/1607/1955 1686/1608/1955 1685/1609/1955
f 1683/1607/2147 1613/1563/2147 1610/1610/2148
f 1685/1609/2149 1688/1611/2150 1687/1612/2149
f 1685/1609/2151 1615/1564/2151 1613/1563/2152
f 1688/1611/2153 1689/1613/1965 1687/1612/1965
f 1687/1612/2154 1617/1565/2154 1615/1564/2155
f 1689/1613/1966 1692/1614/1966 1691/1615/1966
f 1617/1565/2156 1691/1615/2156 1619/1566/2157
f 1692/1614/1970 1693/1616/2070 1691/1615/2070
f 1691/1615/2158 1621/1567/2158 1619/1566/2158
f 1693/1616/1972 1696/1617/2069 1695/1618/1972
f 1621/1567/2159 1695/1618/2159 1624/1619/2160
f 1695/1618/1973 1698/1620/1973 1697/1621/1973
f 1624/1619/2161 1697/1621/2161 1626/1568/2161
f 1698/1620/1976 1699/1622/1975 1697/1621/1975
f 1697/1621/2162 1628/1571/2162 1626/1568/2162
f 1699/1622/1979 1702/1623/2163 1701/1624/1979
f 1628/1571/2164 1701/1624/2164 1630/1573/2165
f 1702/1623/1980 1703/1625/1980 1701/1624/1980
f 1701/1624/2166 1632/1626/2166 1630/1573/2166
f 1704/1627/1984 1705/1628/1984 1703/1625/1984
f 1703/1625/2167 1635/1575/2167 1632/1626/2168
f 1705/1628/2169 1708/1629/1985 1707/1630/2169
f 1635/1575/2170 1707/1630/2170 1637/1576/2170
f 1708/1629/1986 1709/1631/1986 1707/1630/1986
f 1707/1630/2171 1639/1577/2171 1637/1576/2171
f 1709/1631/1994 1712/1632/1988 1711/1633/1989
f 1639/1577/2172 1711/1633/2172 1641/1578/2173
f 1712/1632/1992 1713/1634/1990 1711/1633/1990
f 1711/1633/2174 1643/1581/2175 1641/1578/2176
f 1714/1635/1995 1715/1636/1995 1713/1634/1995
f 1713/1634/2177 1646/1582/2177 1643/1581/2177
f 1716/1637/1996 1717/1638/1996 1715/1636/1996
f 1646/1582/2178 1717/1638/2178 1648/1639/2178
f 1718/1640/1997 1719/1641/1997 1717/1638/1997
f 1717/1638/2179 1650/1585/2179 1648/1639/2179
f 1719/1641/2110 1722/1642/2110 1721/1643/2110
f 1719/1641/2180 1652/1644/2180 1650/1585/2180
f 1722/1642/2181 1723/1645/2001 1721/1643/2001
f 1652/1644/2182 1723/1645/2182 1654/1587/2183
f 1723/1645/2003 1726/1646/2049 1725/1647/2003
f 1654/1587/2184 1725/1647/2184 1656/1648/2185
f 1726/1646/2005 1727/1649/2005 1725/1647/2005
f 1656/1648/2186 1727/1649/2186 1659/1589/2186
f 1727/1649/2007 1730/1650/2187 1729/1651/2007
f 1727/1649/2188 1662/1593/2188 1659/1589/2188
f 1730/1650/2008 1731/1652/2189 1729/1651/2189
f 1729/1651/2190 1665/1653/2190 1662/1593/2191
f 1731/1652/2192 1734/1654/2011 1733/1655/2192
f 1665/1653/2193 1733/1655/2193 1667/1594/2194
f 1733/1655/2012 1736/1656/2012 1735/1657/2012
f 1667/1594/2195 1735/1657/2195 1670/1595/2195
f 1736/1656/2196 1737/1658/2196 1735/1657/2196
f 1735/1657/2197 1672/1659/2197 1670/1595/2197
f 1738/1660/2019 1739/1661/2026 1737/1658/2026
f 1737/1658/2198 1674/1597/2198 1672/1659/2198
f 1739/1661/2020 1742/1662/2020 1741/1663/2020
f 1739/1661/2199 1676/1602/2199 1674/1597/2200
f 1742/1662/2201 1679/1603/2201 1741/1663/2201
f 1736/1664/2029 1720/1665/2029 1704/1666/2029
f 1661/1591/2008 1533/1500/2008 1537/1519/2008
f 1539/1521/2007 1661/1591/2007 1537/1519/2007
f 1603/1556/2075 1414/1428/2042 1411/1556/2075
f 1594/1430/2029 1414/1428/2042 1600/1428/2042
f 1568/1538/2029 1745/1467/2029 1744/1538/2029
f 1443/1455/1986 1745/1467/1986 1450/1460/1986
f 1554/1532/2028 1747/1527/2029 1746/1532/2028
f 1460/1471/1997 1747/1527/1997 1467/1476/1997
f 1551/1525/2202 1472/1484/2028 1747/1527/2029
f 1542/1483/2046 1472/1484/2028 1548/1526/2203
f 1540/1520/2007 1484/1492/2007 1477/1488/2204
f 1484/1492/2205 1534/1500/2205 1487/1493/2009
f 1525/1501/2030 1500/1504/2062 1497/1501/2030
f 1515/1507/2031 1500/1504/2062 1522/1504/2206
f 1413/1427/2207 1751/1438/1965 1752/1667/2153
f 1402/1418/2150 1413/1427/2149 1752/1667/2150
f 1862/1668/2208 1755/1669/2208 2293/1670/2208
f 1753/1671/2209 1758/1672/2209 1754/1673/2209
f 1755/1674/2210 1756/1675/2211 1753/1676/2210
f 1757/1677/2212 1759/1678/2208 1756/1675/2213
f 1756/1679/2213 1762/1680/2213 1758/1672/2213
f 1864/1681/2210 1759/1678/2210 1761/1677/2210
f 1759/1679/2214 1763/1682/2214 1762/1680/2215
f 1758/1672/2213 1764/1683/2208 1765/1683/2212
f 1762/1680/2216 1766/1684/2216 1764/1683/2217
f 1768/1685/2208 1764/1683/2208 1767/1685/2218
f 1766/1684/2219 1767/1685/2219 1764/1683/2219
f 1768/1685/2208 1770/1686/2208 1773/1686/2208
f 1769/1687/2220 1770/1686/2220 1767/1685/2220
f 1771/1688/2221 1772/1689/2221 1770/1686/2221
f 1773/1686/2208 1772/1689/2222 1775/1689/2222
f 1773/1686/2223 1776/1690/2223 1774/1691/2223
f 2295/1692/2224 1773/1686/2224 1774/1691/2224
f 1776/1690/2225 1777/1693/2225 1778/1694/2225
f 1775/1689/2222 1779/1693/2222 1777/1693/2222
f 1777/1693/2226 1781/1695/2227 1778/1694/2227
f 1777/1693/2222 1782/1696/2208 1780/1696/2208
f 1781/1695/2228 1783/1697/2229 1784/1698/2228
f 1783/1697/2208 1782/1696/2208 1785/1697/2208
f 1783/1697/2230 1787/1699/2230 1784/1698/2230
f 1786/1700/2208 1785/1697/2208 1789/1700/2208
f 1787/1699/2231 1788/1701/2232 2294/1702/2231
f 1788/1701/2208 1789/1700/2208 1791/1701/2208
f 1789/1700/2232 1792/1703/2232 1791/1701/2232
f 1785/1697/2233 1790/1704/2230 1789/1700/2230
f 1791/1701/2234 1794/1705/2234 1793/1706/2235
f 1796/1706/2236 1791/1701/2208 1793/1706/2236
f 1793/1706/2237 2288/1707/2237 1795/1708/2238
f 1796/1706/2236 1795/1708/2236 1798/1708/2236
f 1796/1706/2239 1799/1709/2239 1797/1710/2239
f 1788/1701/2240 1797/1710/2241 2294/1702/2241
f 1799/1709/2242 1800/1711/2243 1801/1712/2242
f 1800/1711/2236 1795/1708/2236 1802/1711/2244
f 1801/1712/2245 1803/1713/2246 1804/1714/2245
f 1800/1711/2236 1806/1713/2212 1803/1713/2212
f 1804/1714/2247 1805/1715/2247 2293/1716/2247
f 1805/1715/2213 1806/1713/2212 1808/1717/2213
f 1806/1713/2247 1809/1718/2247 1808/1717/2247
f 2289/1719/2248 1806/1713/2248 1802/1711/2248
f 1808/1717/2249 1811/1720/2250 1810/1721/2250
f 1805/1715/2213 1810/1721/2208 1813/1721/2208
f 1810/1721/2251 2290/1722/2251 1812/1723/2251
f 1813/1721/2208 1812/1723/2212 1815/1724/2212
f 1813/1721/2251 1816/1725/2251 1814/1726/2251
f 2293/1716/2250 1813/1721/2250 1814/1726/2250
f 1815/1724/2252 1818/1727/2253 1816/1725/2253
f 1815/1724/2212 1819/1728/2213 1817/1728/2213
f 1818/1727/2254 1820/1729/2254 1821/1730/2254
f 1817/1728/2213 1823/1729/2212 1820/1729/2212
f 1820/1729/2255 2292/1731/2256 1821/1730/2257
f 1820/1729/2212 1825/1732/2212 1822/1733/2208
f 1824/1734/2255 1825/1732/2255 1823/1729/2258
f 2291/1735/2254 1823/1729/2259 1819/1728/2254
f 1825/1732/2260 1828/1736/2260 1827/1737/2260
f 1822/1733/2208 1827/1737/2261 1830/1737/2262
f 1827/1737/2263 1892/1738/2263 1829/1739/2263
f 1830/1737/2262 1829/1739/2264 1832/1740/2264
f 1830/1737/2263 1833/1741/2263 1831/1742/2263
f 1822/1733/2260 1831/1742/2265 2292/1731/2265
f 1833/1741/2266 1834/1743/2267 1835/1744/2266
f 1832/1740/2264 1836/1743/2208 1834/1743/2208
f 1834/1743/2268 1838/1745/2269 1835/1744/2269
f 1837/1746/2208 1836/1743/2208 1839/1747/2208
f 1837/1746/2270 1841/1748/2271 1838/1745/2271
f 1837/1746/2208 1843/1749/2212 1840/1749/2208
f 1840/1749/2272 1863/1750/2272 1841/1748/2272
f 1842/1751/2273 1843/1749/2212 1845/1752/2274
f 1843/1749/2272 1846/1753/2272 1845/1752/2275
f 1839/1747/2270 1844/1754/2270 1843/1749/2270
f 1845/1752/2276 1849/1755/2276 1847/1756/2276
f 1848/1757/2208 1845/1752/2274 1847/1756/2208
f 1848/1757/2208 1850/1758/2208 1851/1759/2208
f 1849/1755/2277 1850/1758/2277 1847/1756/2278
f 1851/1759/2208 1853/1760/2212 1854/1760/2212
f 1850/1758/2279 1855/1761/2279 1853/1760/2279
f 1854/1760/2212 1856/1762/2212 1858/1762/2212
f 1853/1760/2280 1857/1763/2280 1856/1762/2281
f 1856/1762/2282 1864/1681/2282 1761/1677/2283
f 1858/1762/2212 1761/1677/2212 1757/1677/2212
f 1858/1762/2282 1755/1674/2282 1859/1764/2282
f 1854/1760/2281 1859/1764/2284 1860/1765/2284
f 1851/1759/2285 1860/1765/2286 1861/1766/2286
f 1848/1757/2278 1861/1766/2287 1862/1767/2287
f 1863/1750/2288 1848/1757/2289 1862/1767/2290
f 1865/1768/2291 1864/1681/2291 1857/1763/2291
f 1867/1761/2292 1857/1763/2291 1855/1761/2292
f 1866/1681/2208 1868/1768/2208 1870/1769/2212
f 1867/1761/2208 1868/1768/2208 1865/1768/2208
f 1869/1770/2283 1870/1769/2283 1868/1768/2283
f 1871/1761/2281 1869/1770/2281 1868/1768/2284
f 1874/1771/2208 1871/1761/2208 1867/1761/2208
f 1873/1771/2279 1872/1772/2279 1871/1761/2279
f 1874/1771/2208 1876/1755/2208 1873/1771/2208
f 1876/1755/2278 1875/1773/2278 1873/1771/2278
f 1877/1755/2208 1879/1753/2208 1876/1755/2208
f 1879/1753/2289 1878/1774/2289 1876/1755/2289
f 2021/1775/2293 1879/1753/2293 1881/1754/2293
f 1883/1754/2208 1879/1753/2208 1882/1776/2208
f 1882/1776/2294 1849/1755/2292 1846/1753/2294
f 1882/1776/2294 1844/1754/2294 1883/1754/2294
f 1884/1777/2208 1881/1754/2236 1883/1754/2208
f 1884/1777/2292 1844/1754/2294 1886/1778/2292
f 1884/1777/2208 1889/1779/2208 1885/1778/2236
f 1884/1777/2292 1888/1780/2294 1887/1780/2295
f 1890/1781/2294 1888/1780/2294 1892/1738/2294
f 1890/1781/2208 1889/1779/2208 1887/1780/2212
f 1893/1782/2212 1891/1781/2208 1890/1781/2208
f 1893/1782/2295 1892/1738/2294 1828/1736/2295
f 1894/1783/2208 1895/1782/2212 1893/1782/2212
f 1894/1783/2291 1828/1736/2295 1826/1783/2294
f 1895/1782/2263 2010/1784/2263 1891/1781/2263
f 1898/1785/2260 1895/1782/2260 1897/1786/2296
f 1899/1734/2256 1898/1785/2256 1897/1786/2256
f 1894/1783/2208 1899/1734/2208 1897/1786/2208
f 1900/1734/2208 1902/1735/2208 1899/1734/2208
f 1902/1735/2254 1901/1787/2254 1899/1734/2254
f 1906/1788/2208 1902/1735/2208 1903/1789/2236
f 1905/1722/2297 1904/1790/2297 1902/1735/2297
f 1911/1720/2208 1905/1722/2208 1906/1788/2208
f 1909/1791/2298 1905/1722/2251 1908/1720/2298
f 1910/1792/2250 1909/1791/2299 1908/1720/2299
f 1911/1720/2208 1910/1792/2208 1908/1720/2208
f 1911/1720/2294 2290/1722/2291 1811/1720/2294
f 1912/1718/2291 1811/1720/2294 1809/1718/2291
f 1913/1793/2208 1910/1792/2208 1912/1718/2222
f 1913/1793/2291 1809/1718/2291 1807/1793/2291
f 1913/1793/2208 1917/1719/2208 1915/1793/2236
f 1913/1793/2291 2289/1719/2300 1914/1719/2300
f 1915/1793/2301 1997/1794/2301 1910/1792/2247
f 1917/1719/2248 1916/1795/2248 1915/1793/2302
f 1920/1707/2208 1917/1719/2208 1914/1719/2208
f 1919/1707/2303 1918/1796/2303 1917/1719/2303
f 1920/1707/2208 1922/1705/2208 1919/1707/2208
f 1923/1797/2239 1919/1707/2239 1922/1705/2239
f 1986/1798/2240 1922/1705/2240 1924/1703/2240
f 1926/1703/2208 1922/1705/2208 1925/1705/2208
f 1920/1707/2294 1794/1705/2304 1925/1705/2305
f 1926/1703/2305 1794/1705/2304 1792/1703/2305
f 1926/1703/2208 1929/1704/2212 1924/1703/2208
f 1926/1703/2305 1790/1704/2294 1927/1704/2294
f 1927/1704/2208 1931/1799/2208 1929/1704/2212
f 1927/1704/2294 1944/1799/2294 1928/1799/2294
f 1930/1800/2232 1924/1703/2232 1929/1704/2232
f 1932/1801/2306 1929/1704/2306 1931/1799/2307
f 1928/1799/2208 1933/1802/2208 1931/1799/2208
f 1935/1803/2228 1931/1799/2229 1933/1802/2228
f 1939/1804/2208 1933/1802/2208 1934/1802/2208
f 1936/1804/2227 1935/1803/2227 1933/1802/2227
f 1938/1805/2225 1937/1806/2225 1936/1804/2225
f 1939/1804/2208 1938/1805/2208 1936/1804/2208
f 1939/1804/2292 1942/1802/2294 1941/1804/2292
f 1939/1804/2292 1943/1805/2308 1940/1805/2308
f 1941/1804/2226 1782/1696/2226 1779/1693/2226
f 1772/1689/2309 1941/1804/2309 1779/1693/2309
f 1940/1805/2308 1771/1688/2310 1945/1688/2311
f 1934/1802/2294 1944/1799/2294 1942/1802/2294
f 1782/1696/2229 1944/1799/2229 1785/1697/2229
f 1940/1805/2208 1947/1688/2208 1938/1805/2208
f 1945/1688/2208 1949/1687/2208 1947/1688/2208
f 1945/1688/2311 1769/1687/2292 1946/1687/2292
f 1948/1807/2312 1938/1805/2312 1947/1688/2312
f 1950/1808/2220 1947/1688/2224 1949/1687/2220
f 1946/1687/2236 1951/1809/2208 1949/1687/2208
f 1951/1809/2219 1950/1808/2219 1949/1687/2219
f 1952/1809/2208 1954/1682/2208 1951/1809/2208
f 1956/1810/2313 1951/1809/2313 1954/1682/2313
f 1959/1811/2208 1954/1682/2208 1955/1812/2208
f 1958/1813/2209 1954/1682/2214 1957/1814/2209
f 1960/1815/2210 1957/1816/2210 1870/1769/2314
f 1866/1681/2208 1957/1816/2212 1959/1816/2208
f 1866/1681/2291 1760/1817/2294 1864/1681/2291
f 1959/1811/2294 1763/1682/2291 1760/1814/2294
f 1961/1818/2315 1960/1815/2315 1963/1819/2316
f 1964/1810/2317 1958/1813/2317 1961/1813/2318
f 2032/1820/2211 1961/1818/2211 1963/1819/2211
f 1962/1821/2215 1964/1810/2215 1961/1813/2319
f 1964/1810/2313 1967/1822/2313 1966/1823/2320
f 1966/1823/2321 1956/1810/2321 1964/1810/2321
f 1966/1823/2219 1969/1824/2219 1968/1808/2219
f 1966/1823/2322 1950/1808/2322 1953/1825/2323
f 1969/1824/2220 1970/1807/2220 1968/1808/2220
f 1968/1808/2324 1948/1807/2324 1950/1808/2324
f 1970/1807/2325 1973/1826/2325 1972/1827/2326
f 1972/1827/2327 1948/1807/2328 1970/1807/2328
f 1972/1827/2329 1976/1828/2330 1974/1806/2225
f 1972/1827/2331 1937/1806/2331 1975/1827/2332
f 1976/1828/2227 1977/1803/2333 1974/1806/2227
f 1974/1806/2334 1935/1803/2334 1937/1806/2334
f 1978/1829/2335 1979/1801/2335 1977/1803/2336
f 1979/1801/2337 1935/1803/2338 1977/1803/2339
f 1980/1830/2306 1981/1800/2306 1979/1801/2230
f 1981/1800/2340 1932/1801/2341 1979/1801/2342
f 1982/1831/2232 1983/1798/2232 1981/1800/2231
f 1983/1798/2343 1930/1800/2343 1981/1800/2343
f 1984/1832/2344 1985/1797/2344 1983/1798/2241
f 1985/1797/2345 1986/1798/2345 1983/1798/2345
f 1985/1797/2346 1989/1833/2346 1988/1834/2237
f 1988/1834/2347 1923/1797/2348 1985/1797/2348
f 1988/1834/2349 1918/1796/2349 1921/1834/2349
f 1988/1834/2242 1991/1835/2242 1990/1796/2242
f 1990/1796/2248 1993/1836/2248 1992/1795/2302
f 1990/1796/2350 1916/1795/2351 1918/1796/2350
f 1992/1795/2301 1995/1837/2301 1994/1794/2247
f 1994/1794/2352 1916/1795/2352 1992/1795/2353
f 1995/1837/2250 1996/1791/2250 1994/1794/2250
f 1994/1794/2354 1909/1791/2354 1997/1794/2354
f 1996/1791/2251 2000/1838/2251 1999/1839/2355
f 1996/1791/2356 1907/1839/2356 1909/1791/2357
f 1999/1839/2358 1904/1790/2358 1907/1839/2359
f 1999/1839/2253 2002/1840/2253 2001/1790/2253
f 2002/1840/2254 2003/1841/2254 2001/1790/2254
f 2003/1841/2360 1904/1790/2361 2001/1790/2361
f 2004/1842/2255 2005/1843/2255 2003/1841/2255
f 2005/1843/2362 1901/1787/2362 2003/1841/2362
f 2005/1843/2260 2008/1844/2260 2007/1845/2260
f 2005/1843/2363 1896/1846/2364 1898/1785/2363
f 2008/1844/2365 2009/1784/2366 2007/1845/2263
f 2007/1845/2367 2010/1784/2367 1896/1846/2368
f 2012/1847/2369 2010/1784/2369 2009/1784/2369
f 2009/1784/2370 2014/1848/2266 2012/1847/2266
f 2015/1849/2371 2013/1847/2371 2012/1847/2371
f 2014/1848/2372 2015/1849/2372 2012/1847/2269
f 2018/1775/2373 2016/1850/2373 2015/1849/2373
f 2017/1851/2374 2018/1775/2374 2015/1849/2374
f 2018/1775/2272 2022/1852/2272 2020/1853/2293
f 2018/1775/2375 1880/1853/2376 2021/1775/2375
f 2016/1850/2270 1881/1754/2270 1885/1778/2271
f 2020/1853/2288 2024/1854/2289 2023/1855/2289
f 2023/1855/2377 1880/1853/2377 2020/1853/2377
f 2023/1855/2278 2026/1856/2378 2025/1857/2379
f 2023/1855/2380 1875/1773/2380 1878/1774/2381
f 2025/1857/2382 1872/1772/2382 1875/1773/2382
f 2025/1857/2286 2028/1858/2286 2027/1772/2279
f 2029/1859/2383 1872/1772/2383 2027/1772/2383
f 2028/1858/2384 2029/1859/2384 2027/1772/2384
f 2029/1859/2282 2032/1820/2282 1963/1819/2282
f 1963/1819/2385 1869/1770/2385 2029/1859/2385
f 2031/1860/2386 2032/1820/2386 2030/1861/2387
f 2028/1858/2388 2031/1860/2388 2030/1861/2389
f 2033/1862/2390 1962/1863/2390 2032/1820/2391
f 2034/1864/2210 2035/1865/2210 2033/1862/2211
f 2125/1866/2282 2033/1862/2282 2031/1860/2282
f 1962/1821/2392 2036/1867/2392 1965/1868/2393
f 2035/1869/2209 2039/1870/2209 2036/1867/2209
f 2128/1871/2394 2037/1872/2394 2034/1864/2395
f 2038/1873/2396 2039/1870/2397 2037/1874/2397
f 2036/1867/2398 2041/1875/2398 2042/1876/2398
f 2039/1870/2399 2043/1877/2399 2041/1875/2399
f 2041/1875/2219 2045/1878/2219 2042/1876/2219
f 2043/1877/2400 2044/1879/2401 2041/1875/2401
f 2045/1878/2220 2047/1880/2220 2048/1881/2220
f 2046/1882/2402 2047/1880/2402 2044/1879/2402
f 2047/1880/2326 2051/1883/2326 2048/1881/2326
f 2049/1884/2403 2050/1885/2403 2047/1880/2403
f 2051/1883/2329 2053/1886/2329 2054/1887/2329
f 2050/1885/2404 2055/1888/2404 2053/1886/2405
f 2053/1886/2406 2057/1889/2406 2054/1887/2406
f 2055/1888/2407 2056/1890/2408 2053/1886/2408
f 2056/1890/2335 2060/1891/2335 2057/1889/2335
f 2056/1890/2409 2061/1892/2409 2059/1893/2409
f 2060/1891/2306 2062/1894/2306 2063/1895/2230
f 2059/1893/2410 2064/1896/2410 2062/1894/2410
f 2062/1894/2411 2066/1897/2411 2063/1895/2232
f 2062/1894/2412 2067/1898/2412 2065/1899/2412
f 2065/1899/2234 2069/1900/2241 2066/1897/2241
f 2067/1898/2413 2068/1901/2414 2065/1899/2415
f 2069/1900/2346 2071/1902/2416 2072/1903/2346
f 2070/1904/2417 2071/1902/2417 2068/1901/2418
f 2072/1903/2242 2074/1905/2243 2075/1906/2242
f 2073/1907/2419 2074/1905/2420 2071/1902/2421
f 2075/1906/2246 2077/1908/2246 2078/1909/2246
f 2074/1905/2422 2079/1910/2422 2077/1908/2422
f 2078/1909/2247 2080/1911/2247 2081/1912/2247
f 2079/1910/2423 2080/1911/2423 2077/1908/2424
f 2081/1912/2250 2083/1913/2250 2084/1914/2250
f 2082/1915/2425 2083/1913/2425 2080/1911/2425
f 2084/1914/2251 2086/1916/2251 2087/1917/2251
f 2083/1913/2426 2088/1918/2426 2086/1916/2427
f 2086/1916/2428 2090/1919/2428 2087/1917/2428
f 2088/1918/2429 2089/1920/2429 2086/1916/2429
f 2089/1920/2254 2093/1921/2254 2090/1919/2254
f 2091/1922/2430 2092/1923/2430 2089/1920/2431
f 2093/1921/2255 2095/1924/2255 2096/1925/2255
f 2092/1923/2432 2097/1926/2433 2095/1924/2432
f 2096/1925/2434 2098/1927/2434 2099/1928/2434
f 2095/1924/2435 2100/1929/2435 2098/1927/2435
f 2099/1928/2365 2101/1930/2263 2102/1931/2365
f 2098/1927/2436 2103/1932/2437 2101/1930/2438
f 2102/1931/2439 2104/1933/2439 2105/1934/2439
f 2101/1930/2440 2106/1935/2440 2104/1933/2440
f 2105/1934/2441 2107/1936/2441 2108/1937/2441
f 2106/1935/2442 2107/1936/2442 2104/1933/2442
f 2107/1936/2271 2111/1938/2271 2108/1937/2443
f 2107/1936/2444 2112/1939/2444 2110/1940/2444
f 2111/1938/2293 2113/1941/2272 2114/1942/2293
f 2112/1939/2445 2113/1941/2445 2110/1940/2445
f 2113/1941/2446 2117/1943/2288 2114/1942/2288
f 2115/1944/2447 2116/1945/2447 2113/1941/2447
f 2117/1943/2378 2119/1946/2378 2120/1947/2277
f 2116/1945/2448 2121/1948/2448 2119/1946/2448
f 2119/1946/2279 2123/1949/2279 2120/1947/2279
f 2121/1948/2449 2122/1950/2449 2119/1946/2450
f 2122/1950/2281 2031/1860/2281 2123/1949/2281
f 2122/1950/2451 2126/1951/2451 2125/1866/2452
f 2125/1866/2453 2128/1871/2453 2034/1864/2453
f 2127/1952/2454 2128/1871/2454 2126/1951/2455
f 2124/1953/2456 2127/1952/2456 2126/1951/2456
f 2129/1954/2457 2038/1955/2457 2128/1871/2458
f 2129/1954/2210 2132/1956/2210 2131/1957/2210
f 2192/1958/2282 2129/1954/2282 2127/1952/2282
f 2131/1959/2459 2040/1960/2459 2038/1873/2459
f 2131/1959/2209 2134/1961/2209 2133/1962/2209
f 2133/1962/2313 2136/1963/2313 2135/1964/2313
f 2040/1960/2460 2135/1964/2461 2043/1877/2460
f 2136/1963/2462 2137/1965/2462 2135/1964/2462
f 2043/1877/2463 2137/1965/2464 2046/1882/2463
f 2138/1966/2224 2139/1967/2224 2137/1965/2224
f 2046/1882/2465 2139/1967/2465 2049/1884/2465
f 2139/1967/2325 2142/1968/2325 2141/1969/2325
f 2139/1967/2466 2052/1970/2466 2049/1884/2466
f 2142/1968/2225 2143/1971/2225 2141/1969/2225
f 2052/1970/2467 2143/1971/2467 2055/1888/2467
f 2143/1971/2227 2146/1972/2227 2145/1973/2227
f 2143/1971/2468 2058/1974/2468 2055/1888/2469
f 2146/1972/2228 2147/1975/2228 2145/1973/2228
f 2058/1974/2470 2147/1975/2471 2061/1892/2470
f 2148/1976/2306 2149/1977/2306 2147/1975/2306
f 2061/1892/2472 2149/1977/2472 2064/1896/2472
f 2150/1978/2411 2151/1979/2411 2149/1977/2411
f 2149/1977/2473 2067/1898/2473 2064/1896/2473
f 2151/1979/2241 2154/1980/2241 2153/1981/2241
f 2151/1979/2474 2070/1904/2475 2067/1898/2475
f 2154/1980/2346 2155/1982/2416 2153/1981/2416
f 2070/1904/2476 2155/1982/2476 2073/1907/2477
f 2155/1982/2242 2158/1983/2242 2157/1984/2242
f 2155/1982/2478 2076/1985/2478 2073/1907/2478
f 2158/1983/2248 2159/1986/2248 2157/1984/2248
f 2076/1985/2479 2159/1986/2479 2079/1910/2480
f 2159/1986/2481 2162/1987/2482 2161/1988/2481
f 2079/1910/2483 2161/1988/2483 2082/1915/2483
f 2161/1988/2250 2164/1989/2250 2163/1990/2250
f 2082/1915/2484 2163/1990/2485 2085/1991/2484
f 2164/1989/2251 2165/1992/2251 2163/1990/2251
f 2085/1991/2486 2165/1992/2487 2088/1918/2486
f 2165/1992/2488 2168/1993/2488 2167/1994/2488
f 2165/1992/2489 2091/1922/2489 2088/1918/2489
f 2167/1994/2254 2170/1995/2254 2169/1996/2254
f 2167/1994/2490 2094/1997/2490 2091/1922/2491
f 2169/1996/2256 2172/1998/2255 2171/1999/2256
f 2169/1996/2492 2097/1926/2492 2094/1997/2493
f 2171/1999/2265 2174/2000/2265 2173/2001/2265
f 2171/1999/2494 2100/1929/2494 2097/1926/2494
f 2174/2000/2263 2175/2002/2263 2173/2001/2263
f 2173/2001/2495 2103/1932/2495 2100/1929/2495
f 2175/2002/2267 2178/2003/2266 2177/2004/2370
f 2103/1932/2496 2177/2004/2496 2106/1935/2497
f 2177/2004/2268 2180/2005/2269 2179/2006/2268
f 2177/2004/2498 2109/2007/2498 2106/1935/2498
f 2179/2006/2271 2182/2008/2271 2181/2009/2271
f 2109/2007/2499 2181/2009/2499 2112/1939/2499
f 2181/2009/2293 2184/2010/2293 2183/2011/2272
f 2112/1939/2500 2183/2011/2500 2115/1944/2500
f 2184/2010/2288 2185/2012/2288 2183/2011/2288
f 2115/1944/2501 2185/2012/2501 2118/2013/2502
f 2186/2014/2278 2187/2015/2278 2185/2012/2277
f 2185/2012/2503 2121/1948/2503 2118/2013/2504
f 2187/2015/2286 2190/2016/2286 2189/2017/2286
f 2121/1948/2505 2189/2017/2505 2124/1953/2505
f 2189/2017/2384 2192/1958/2384 2127/1952/2384
f 2190/2016/2506 2193/2018/2506 2192/1958/2506
f 2188/2019/2507 2191/2020/2508 2190/2016/2507
f 2192/1958/2509 2195/2021/2509 2130/2022/2509
f 2194/2023/2510 2195/2021/2510 2193/2018/2510
f 2191/2020/2511 2194/2023/2511 2193/2018/2511
f 2195/2021/2512 2198/2024/2512 2197/2025/2512
f 2130/2022/2513 2197/2025/2514 2132/1956/2513
f 2197/2026/2515 2134/1961/2515 2132/2027/2515
f 2198/2028/2516 2199/2029/2516 2197/2026/2516
f 2200/2030/2517 2201/2031/2517 2199/2029/2518
f 2134/1961/2519 2201/2031/2519 2136/1963/2519
f 2201/2031/2520 2204/2032/2520 2203/2033/2520
f 2201/2031/2521 2138/1966/2521 2136/1963/2521
f 2204/2032/2522 2205/2034/2523 2203/2033/2523
f 2203/2033/2524 2140/2035/2524 2138/1966/2524
f 2206/2036/2525 2207/2037/2525 2205/2034/2526
f 2140/2035/2527 2207/2037/2527 2142/1968/2528
f 2207/2037/2529 2210/2038/2529 2209/2039/2530
f 2207/2037/2531 2144/2040/2531 2142/1968/2531
f 2209/2039/2532 2212/2041/2532 2211/2042/2533
f 2144/2040/2534 2211/2042/2534 2146/1972/2534
f 2212/2041/2535 2213/2043/2536 2211/2042/2536
f 2211/2042/2537 2148/1976/2537 2146/1972/2537
f 2214/2044/2538 2215/2045/2538 2213/2043/2539
f 2148/1976/2540 2215/2045/2540 2150/1978/2540
f 2215/2045/2541 2218/2046/2541 2217/2047/2541
f 2150/1978/2542 2217/2047/2542 2152/2048/2542
f 2217/2047/2543 2220/2049/2543 2219/2050/2543
f 2152/2048/2544 2219/2050/2544 2154/1980/2545
f 2219/2050/2546 2222/2051/2546 2221/2052/2547
f 2154/1980/2548 2221/2052/2548 2156/2053/2548
f 2222/2051/2549 2223/2054/2549 2221/2052/2549
f 2221/2052/2550 2158/1983/2550 2156/2053/2550
f 2223/2054/2551 2226/2055/2551 2225/2056/2551
f 2158/1983/2552 2225/2056/2552 2160/2057/2552
f 2226/2055/2553 2227/2058/2553 2225/2056/2554
f 2160/2057/2555 2227/2058/2555 2162/1987/2555
f 2228/2059/2556 2229/2060/2556 2227/2058/2556
f 2227/2058/2557 2164/1989/2557 2162/1987/2557
f 2229/2060/2558 2232/2061/2558 2231/2062/2559
f 2229/2060/2560 2166/2063/2560 2164/1989/2560
f 2231/2062/2561 2234/2064/2561 2233/2065/2562
f 2166/2063/2563 2233/2065/2563 2168/1993/2564
f 2234/2064/2565 2235/2066/2565 2233/2065/2565
f 2168/1993/2566 2235/2066/2567 2170/1995/2566
f 2235/2066/2568 2238/2067/2568 2237/2068/2568
f 2170/1995/2569 2237/2068/2569 2172/1998/2569
f 2238/2067/2570 2239/2069/2571 2237/2068/2571
f 2237/2068/2572 2174/2000/2572 2172/1998/2572
f 2240/2070/2573 2241/2071/2573 2239/2069/2573
f 2174/2000/2574 2241/2071/2574 2176/2072/2575
f 2242/2073/2576 2243/2074/2576 2241/2071/2577
f 2241/2071/2578 2178/2003/2578 2176/2072/2579
f 2243/2074/2580 2246/2075/2581 2245/2076/2580
f 2178/2003/2582 2245/2076/2582 2180/2005/2582
f 2246/2075/2583 2247/2077/2583 2245/2076/2583
f 2180/2005/2584 2247/2077/2584 2182/2008/2584
f 2248/2078/2585 2249/2079/2585 2247/2077/2585
f 2247/2077/2586 2184/2010/2586 2182/2008/2586
f 2250/2080/2587 2251/2081/2587 2249/2079/2587
f 2249/2079/2588 2186/2014/2589 2184/2010/2589
f 2251/2081/2590 2254/2082/2591 2253/2083/2590
f 2251/2081/2592 2188/2019/2592 2186/2014/2592
f 2254/2082/2593 2191/2020/2594 2253/2083/2594
f 2287/2084/2277 2254/2082/2277 2252/2085/2278
f 2254/2082/2279 2257/2086/2286 2256/2087/2279
f 2257/2086/2284 2194/2023/2281 2256/2087/2281
f 2278/2088/2294 2270/2089/2294 2262/2090/2294
f 2258/2091/2282 2196/2092/2595 2194/2023/2595
f 2259/2093/2210 2198/2024/2210 2196/2092/2210
f 2260/2094/2209 2200/2030/2209 2198/2028/2209
f 2261/2095/2313 2202/2096/2313 2200/2030/2313
f 2202/2096/2219 2263/2097/2219 2204/2032/2219
f 2204/2032/2224 2264/2098/2224 2206/2036/2224
f 2206/2036/2223 2265/2099/2221 2208/2100/2325
f 2208/2100/2225 2266/2101/2225 2210/2038/2225
f 2266/2101/2226 2212/2041/2226 2210/2038/2227
f 2212/2041/2229 2268/2102/2229 2214/2044/2228
f 2268/2102/2230 2216/2103/2230 2214/2044/2230
f 2216/2103/2232 2270/2104/2232 2218/2046/2232
f 2270/2104/2241 2220/2049/2241 2218/2046/2241
f 2220/2049/2239 2272/2105/2416 2222/2051/2239
f 2222/2051/2242 2273/2106/2242 2224/2107/2242
f 2273/2106/2596 2226/2055/2596 2224/2107/2596
f 2226/2055/2247 2275/2108/2247 2228/2059/2247
f 2275/2108/2249 2230/2109/2250 2228/2059/2250
f 2276/2110/2251 2232/2061/2251 2230/2109/2251
f 2232/2061/2428 2278/2111/2252 2234/2064/2428
f 2278/2111/2254 2236/2112/2254 2234/2064/2597
f 2279/2113/2598 2238/2067/2598 2236/2112/2598
f 2280/2114/2296 2240/2070/2296 2238/2067/2296
f 2240/2070/2366 2282/2115/2366 2242/2073/2366
f 2242/2073/2267 2283/2116/2267 2244/2117/2266
f 2244/2117/2268 2284/2118/2268 2246/2075/2441
f 2284/2118/2270 2248/2078/2270 2246/2075/2443
f 2285/2119/2272 2250/2080/2272 2248/2078/2293
f 2250/2080/2290 2287/2084/2290 2252/2085/2288
f 2120/1947/2599 2028/1858/2599 2026/1856/2600
f 2024/1854/2601 2120/1947/2601 2026/1856/2601
f 2114/1942/2602 2024/1854/2602 2022/1852/2602
f 2111/1938/2603 2022/1852/2603 2019/2120/2604
f 2108/1937/2605 2019/2120/2605 2017/1851/2605
f 2105/1934/2606 2017/1851/2606 2014/1848/2606
f 2011/2121/2607 2105/1934/2607 2014/1848/2608
f 2099/1928/2609 2011/2121/2609 2008/1844/2610
f 2096/1925/2611 2008/1844/2611 2006/2122/2612
f 2004/1842/2613 2096/1925/2613 2006/2122/2613
f 2090/1919/2614 2004/1842/2615 2002/1840/2615
f 2087/1917/2616 2002/1840/2616 2000/1838/2616
f 2084/1914/2617 2000/1838/2617 1998/2123/2617
f 2081/1912/2618 1998/2123/2618 1995/1837/2618
f 1993/1836/2619 2081/1912/2619 1995/1837/2619
f 2075/1906/2620 1993/1836/2620 1991/1835/2620
f 2072/1903/2621 1991/1835/2621 1989/1833/2621
f 1987/2124/2622 2072/1903/2622 1989/1833/2623
f 2066/1897/2624 1987/2124/2624 1984/1832/2624
f 1982/1831/2625 2066/1897/2625 1984/1832/2625
f 1980/1830/2626 2063/1895/2626 1982/1831/2627
f 1978/1829/2628 2060/1891/2628 1980/1830/2629
f 1976/1828/2630 2057/1889/2630 1978/1829/2631
f 1973/1826/2632 2054/1887/2632 1976/1828/2632
f 2048/1881/2633 1973/1826/2634 1971/2125/2634
f 1969/1824/2635 2048/1881/2635 1971/2125/2635
f 2042/1876/2636 1969/1824/2636 1967/1822/2636
f 1965/1868/2637 2042/1876/2637 1967/1822/2637
f 1889/1779/2268 2016/1850/2269 1885/1778/2269
f 1891/1781/2267 2013/1847/2267 1889/1779/2267
f 1955/1812/2291 1766/1684/2294 1763/1682/2291
f 1946/1687/2292 1766/1684/2294 1952/1809/2638
f 1914/1719/2300 2288/1707/2294 1920/1707/2294
f 1795/1708/2303 2289/1719/2303 1802/1711/2303
f 1906/1788/2291 2291/1735/2300 2290/1722/2291
f 1812/1723/2297 2291/1735/2297 1819/1728/2297
f 1903/1789/2639 1824/1734/2639 2291/1735/2300
f 1900/1734/2639 1826/1783/2294 1824/1734/2639
f 1892/1738/2266 1836/1743/2266 1829/1739/2266
f 1888/1780/2268 1839/1747/2268 1836/1743/2268
f 1877/1755/2292 1852/2126/2294 1849/1755/2292
f 1874/1771/2294 1855/1761/2292 1852/2126/2294
f 1765/1683/2219 2295/1692/2219 2296/2127/2219
f 1754/1673/2640 1765/1683/2398 2296/2127/2640
f 2297/2128/2641 2304/2129/2642 2301/2130/2643
f 2525/2131/2644 2297/2132/2645 2298/2133/2646
f 2297/2134/2647 2428/2135/2648 2298/2136/2649
f 2299/2137/2650 2301/2130/2651 2303/2138/2652
f 2299/2139/2653 2300/2140/2654 2297/2134/2655
f 2301/2130/2656 2306/2141/2657 2302/2142/2658
f 2303/2138/2659 2302/2142/2660 2523/2143/2661
f 2309/2144/2662 2304/2129/2663 2307/2145/2662
f 2305/2146/2664 2306/2141/2664 2304/2129/2664
f 2307/2145/2665 2298/2147/2666 2311/2148/2666
f 2312/2149/2667 2307/2145/2668 2311/2148/2669
f 2308/2150/2670 2310/2151/2671 2307/2145/2672
f 2310/2151/2673 2309/2144/2673 2307/2145/2673
f 2311/2148/2674 2528/2152/2675 2313/2153/2676
f 2312/2154/2677 2315/2155/2678 2486/2156/2678
f 2314/2157/2679 2312/2158/2680 2311/2159/2681
f 2313/2160/2682 2316/2161/2683 2311/2162/2682
f 2388/2163/2684 2311/2159/2681 2313/2164/2681
f 2311/2162/2685 2321/2165/2686 2315/2155/2686
f 2317/2166/2687 2321/2165/2688 2316/2161/2689
f 2320/2167/2690 2317/2168/2691 2510/2169/2690
f 2319/2170/2692 2317/2171/2693 2316/2172/2694
f 2534/2173/2690 2316/2174/2691 2320/2167/2690
f 2322/2175/2695 2318/2176/2696 2324/2177/2697
f 2327/2178/2698 2316/2172/2699 2322/2175/2699
f 2323/2179/2700 2327/2178/2701 2322/2175/2702
f 2326/2180/2684 2323/2181/2703 2477/2182/2704
f 2325/2183/2705 2323/2184/2706 2322/2185/2707
f 2394/2186/2684 2322/2187/2703 2326/2180/2684
f 2324/2188/2708 2298/2136/2709 2322/2185/2709
f 2322/2185/2710 2428/2135/2711 2325/2183/2711
f 2329/2189/2712 2319/2170/2696 2327/2178/2696
f 2328/2190/2713 2330/2191/2714 2327/2178/2715
f 2327/2178/2716 2332/2192/2716 2329/2189/2716
f 2331/2193/2717 2333/2194/2717 2330/2191/2717
f 2330/2191/2717 2335/2195/2717 2332/2192/2717
f 2333/2194/2718 2337/2196/2719 2336/2197/2718
f 2333/2194/2718 2338/2198/2718 2335/2195/2718
f 2336/2197/2720 2340/2199/2721 2339/2200/2722
f 2338/2198/2723 2339/2200/2724 2341/2201/2725
f 2340/2199/2726 2342/2202/2727 2339/2200/2728
f 2339/2200/2729 2344/2203/2730 2341/2201/2731
f 2343/2204/2718 2345/2205/2718 2342/2202/2718
f 2344/2203/2718 2345/2205/2718 2347/2206/2718
f 2348/2207/2732 2346/2208/2732 2349/2209/2732
f 2350/2210/2732 2345/2205/2732 2348/2207/2732
f 2486/2156/2733 2348/2207/2734 2349/2209/2735
f 2352/2211/2736 2348/2207/2736 2315/2155/2736
f 2351/2212/2732 2347/2206/2732 2350/2210/2732
f 2353/2213/2736 2350/2210/2736 2352/2211/2736
f 2315/2155/2737 2354/2214/2737 2352/2211/2737
f 2352/2211/2737 2355/2215/2737 2353/2213/2737
f 2354/2214/2738 2357/2216/2739 2355/2215/2739
f 2354/2214/2738 2358/2217/2740 2356/2218/2741
f 2356/2218/2742 2360/2219/2743 2357/2216/2744
f 2356/2218/2742 2361/2220/2745 2359/2221/2746
f 2360/2219/2747 2362/2222/2747 2363/2223/2747
f 2361/2220/2747 2362/2222/2747 2359/2221/2747
f 2362/2222/2748 2366/2224/2749 2363/2223/2747
f 2362/2222/2750 2367/2225/2751 2365/2226/2752
f 2366/2224/2753 2368/2227/2754 2369/2228/2755
f 2367/2225/2756 2368/2227/2757 2365/2226/2758
f 2368/2227/2747 2373/2229/2747 2369/2228/2747
f 2368/2227/2747 2372/2230/2747 2371/2231/2747
f 2374/2232/2759 2372/2230/2759 2306/2141/2759
f 2375/2233/2759 2371/2231/2759 2374/2232/2759
f 2377/2234/2664 2374/2232/2664 2305/2146/2664
f 2378/2235/2760 2375/2233/2761 2377/2234/2762
f 2376/2236/2759 2373/2229/2759 2375/2233/2759
f 2555/2237/2763 2377/2234/2764 2379/2238/2765
f 2380/2239/2662 2305/2146/2663 2309/2144/2662
f 2380/2239/2766 2379/2238/2698 2377/2234/2766
f 2382/2240/2767 2381/2241/2768 2380/2239/2769
f 2380/2239/2770 2385/2242/2771 2383/2243/2772
f 2448/2244/2673 2380/2239/2673 2309/2144/2673
f 2383/2245/2773 2318/2246/2774 2313/2160/2682
f 2383/2245/2775 2355/2215/2776 2384/2247/2775
f 2385/2248/2777 2353/2213/2778 2383/2245/2779
f 2385/2249/2780 2386/2250/2684 2383/2251/2781
f 2313/2153/2676 2379/2238/2675 2383/2243/2782
f 2383/2251/2781 2388/2163/2684 2313/2164/2681
f 2387/2252/2783 2389/2253/2684 2386/2250/2684
f 2386/2250/2684 2391/2254/2684 2388/2163/2684
f 2393/2255/2704 2389/2253/2684 2390/2256/2684
f 2392/2257/2684 2391/2254/2684 2389/2253/2684
f 2396/2258/2784 2392/2257/2684 2393/2255/2704
f 2395/2259/2785 2394/2186/2684 2392/2257/2684
f 2396/2260/2786 2398/2261/2787 2399/2262/2787
f 2396/2263/2788 2397/2264/2789 2395/2265/2790
f 2324/2177/2697 2384/2266/2712 2395/2267/2791
f 2395/2265/2792 2528/2268/2708 2324/2188/2708
f 2395/2265/2686 2425/2269/2793 2379/2270/2686
f 2398/2261/2794 2384/2266/2665 2401/2271/2794
f 2399/2262/2795 2400/2272/2796 2556/2273/2797
f 2329/2189/2716 2400/2272/2716 2398/2261/2716
f 2398/2261/2712 2403/2274/2696 2329/2189/2712
f 2535/2275/2798 2401/2271/2799 2384/2266/2800
f 2402/2276/2801 2404/2277/2802 2401/2271/2803
f 2404/2277/2804 2403/2274/2804 2401/2271/2804
f 2408/2278/2805 2404/2277/2805 2405/2279/2805
f 2407/2280/2805 2406/2281/2805 2404/2277/2805
f 2411/2282/2806 2407/2280/2807 2408/2278/2807
f 2407/2280/2807 2412/2283/2807 2409/2284/2807
f 2414/2285/2808 2410/2286/2809 2411/2282/2810
f 2413/2287/2811 2412/2283/2812 2410/2286/2807
f 2414/2285/2813 2416/2288/2814 2413/2287/2815
f 2413/2287/2816 2418/2289/2817 2415/2290/2818
f 2417/2291/2819 2419/2292/2807 2416/2288/2807
f 2419/2292/2807 2418/2289/2807 2416/2288/2807
f 2419/2292/2820 2423/2293/2820 2422/2294/2820
f 2421/2295/2820 2422/2294/2820 2424/2296/2820
f 2422/2294/2821 2426/2297/2822 2425/2269/2823
f 2427/2298/2824 2422/2294/2825 2425/2269/2826
f 2425/2269/2827 2555/2299/2828 2379/2270/2829
f 2429/2300/2830 2425/2269/2831 2397/2264/2832
f 2325/2183/2830 2427/2298/2833 2429/2300/2830
f 2488/2301/2834 2427/2298/2824 2428/2135/2834
f 2431/2302/2835 2429/2300/2835 2397/2264/2835
f 2430/2303/2835 2325/2183/2835 2429/2300/2835
f 2434/2304/2836 2430/2303/2836 2431/2302/2836
f 2433/2305/2836 2432/2306/2836 2430/2303/2836
f 2434/2304/2837 2436/2307/2838 2433/2305/2838
f 2436/2307/2838 2435/2308/2838 2433/2305/2838
f 2440/2309/2839 2436/2307/2840 2437/2310/2838
f 2436/2307/2841 2441/2311/2842 2438/2312/2838
f 2440/2309/2843 2442/2313/2844 2439/2314/2845
f 2442/2313/2846 2441/2311/2847 2439/2314/2848
f 2447/2315/2838 2442/2313/2838 2443/2316/2838
f 2442/2313/2838 2446/2317/2838 2444/2318/2838
f 2446/2317/2849 2448/2244/2849 2310/2151/2849
f 2445/2319/2849 2382/2240/2849 2448/2244/2849
f 2450/2320/2850 2447/2315/2838 2443/2316/2838
f 2447/2315/2849 2451/2321/2849 2382/2240/2849
f 2449/2322/2851 2452/2323/2852 2451/2321/2853
f 2451/2321/2854 2453/2324/2855 2381/2241/2856
f 2452/2323/2857 2455/2325/2858 2454/2326/2859
f 2453/2324/2860 2454/2326/2861 2456/2327/2862
f 2455/2325/2863 2457/2328/2864 2454/2326/2865
f 2454/2326/2866 2459/2329/2867 2456/2327/2868
f 2457/2328/2869 2461/2330/2870 2460/2331/2871
f 2459/2329/2872 2460/2331/2873 2462/2332/2874
f 2461/2330/2836 2431/2302/2836 2460/2331/2836
f 2462/2332/2875 2431/2302/2876 2397/2264/2877
f 2393/2333/2878 2462/2332/2879 2396/2263/2880
f 2458/2334/2881 2434/2304/2837 2461/2330/2882
f 2456/2327/2883 2393/2333/2884 2390/2335/2885
f 2455/2325/2886 2437/2310/2887 2458/2334/2888
f 2387/2336/2889 2456/2327/2890 2390/2335/2891
f 2455/2325/2892 2443/2316/2893 2440/2309/2894
f 2381/2241/2895 2387/2336/2896 2385/2242/2897
f 2463/2337/2849 2310/2151/2849 2464/2338/2849
f 2446/2317/2838 2465/2339/2898 2444/2318/2838
f 2467/2340/2899 2463/2337/2900 2464/2338/2901
f 2466/2341/2902 2467/2340/2903 2469/2342/2904
f 2444/2318/2905 2466/2341/2906 2441/2311/2907
f 2468/2343/2908 2464/2338/2909 2308/2150/2910
f 2469/2342/2911 2468/2343/2912 2470/2344/2913
f 2471/2345/2914 2466/2341/2915 2469/2342/2916
f 2473/2346/2917 2469/2342/2918 2470/2344/2919
f 2475/2347/2920 2471/2345/2921 2474/2348/2922
f 2474/2348/2923 2473/2346/2924 2476/2349/2925
f 2435/2308/2836 2474/2348/2836 2432/2306/2836
f 2432/2306/2926 2476/2349/2927 2325/2183/2928
f 2476/2349/2929 2477/2350/2930 2323/2184/2931
f 2435/2308/2838 2472/2351/2838 2475/2347/2838
f 2477/2350/2932 2470/2344/2933 2478/2352/2934
f 2477/2353/2935 2328/2190/2936 2323/2179/2937
f 2477/2353/2938 2481/2354/2939 2479/2355/2940
f 2487/2356/2684 2477/2182/2704 2478/2357/2684
f 2479/2355/2941 2331/2193/2942 2328/2190/2943
f 2479/2355/2944 2482/2358/2945 2480/2359/2946
f 2484/2360/2947 2481/2354/2948 2478/2361/2949
f 2483/2362/2950 2482/2358/2951 2481/2354/2913
f 2484/2360/2952 2486/2156/2953 2483/2362/2954
f 2483/2362/2955 2349/2209/2956 2485/2363/2957
f 2485/2363/2958 2340/2199/2959 2482/2358/2960
f 2485/2363/2961 2346/2208/2962 2343/2204/2963
f 2484/2364/2964 2308/2150/2965 2312/2149/2966
f 2487/2356/2684 2484/2365/2703 2314/2157/2679
f 2470/2344/2967 2484/2364/2968 2478/2352/2969
f 2480/2359/2970 2340/2199/2971 2337/2196/2972
f 2480/2359/2973 2334/2366/2974 2331/2193/2975
f 2391/2254/2684 2314/2157/2679 2388/2163/2684
f 2391/2254/2684 2326/2180/2684 2487/2356/2684
f 2438/2312/2976 2466/2341/2977 2472/2351/2978
f 2300/2140/2979 2488/2301/2980 2428/2135/2981
f 2491/2367/2820 2488/2301/2820 2489/2368/2820
f 2490/2369/2820 2424/2296/2820 2488/2301/2820
f 2490/2369/2807 2493/2370/2806 2492/2371/2807
f 2418/2289/2807 2490/2369/2807 2492/2371/2807
f 2492/2371/2982 2495/2372/2983 2494/2373/2984
f 2418/2289/2985 2494/2373/2986 2415/2290/2987
f 2496/2374/2988 2495/2372/2989 2497/2375/2990
f 2412/2283/2991 2494/2373/2992 2496/2374/2807
f 2498/2376/2807 2497/2375/2819 2499/2377/2807
f 2412/2283/2807 2498/2376/2807 2409/2284/2807
f 2498/2376/2805 2501/2378/2805 2500/2379/2805
f 2409/2284/2805 2500/2379/2805 2406/2281/2805
f 2500/2379/2993 2502/2380/2994 2319/2170/2995
f 2406/2281/2804 2319/2170/2804 2403/2274/2804
f 2499/2377/2996 2503/2381/2997 2501/2378/2998
f 2501/2378/2999 2504/2382/3000 2502/2380/3001
f 2503/2381/3002 2495/2372/3003 2505/2383/3004
f 2504/2382/3005 2505/2383/3006 2506/2384/3007
f 2495/2372/3008 2507/2385/3009 2505/2383/3010
f 2505/2383/3011 2508/2386/3012 2506/2384/3013
f 2507/2385/3014 2491/2367/3015 2489/2368/3016
f 2508/2386/3017 2489/2368/3018 2300/2140/3019
f 2506/2384/3020 2299/2139/3021 2509/2387/3022
f 2510/2388/3023 2506/2384/3024 2509/2387/3025
f 2299/2137/3026 2512/2389/3027 2509/2390/3028
f 2511/2391/2755 2299/2392/2644 2525/2131/2644
f 2510/2393/3029 2512/2389/3030 2514/2394/3031
f 2511/2391/2755 2510/2169/2690 2509/2395/2755
f 2514/2394/3032 2513/2396/3033 2515/2397/3034
f 2303/2138/3035 2513/2396/3036 2512/2389/3013
f 2510/2393/3037 2516/2398/3038 2317/2166/3039
f 2514/2394/3040 2517/2399/3041 2516/2398/3042
f 2516/2398/3043 2358/2217/3044 2321/2165/3045
f 2515/2397/3046 2518/2400/3047 2517/2399/3048
f 2517/2399/3049 2361/2220/2745 2358/2217/2745
f 2361/2220/2747 2519/2401/3050 2364/2402/2747
f 2515/2397/3051 2520/2403/3052 2519/2401/3053
f 2364/2402/3054 2520/2403/3055 2367/2225/3056
f 2523/2143/3057 2520/2403/3058 2513/2396/3059
f 2520/2403/3060 2370/2404/3061 2367/2225/3062
f 2521/2405/2747 2372/2230/2747 2370/2404/2747
f 2523/2143/3063 2522/2406/3064 2521/2405/3065
f 2306/2141/2759 2522/2406/2759 2302/2142/2759
f 2524/2407/2755 2525/2131/2644 2526/2408/2644
f 2524/2407/2755 2320/2167/2690 2511/2391/2755
f 2526/2408/2644 2298/2133/2646 2528/2409/3066
f 2379/2410/3067 2526/2408/2644 2528/2409/3066
f 2527/2411/3068 2524/2407/2755 2526/2408/2644
f 2555/2412/3069 2527/2411/3068 2379/2410/3067
f 2529/2413/3070 2530/2414/2755 2527/2411/3068
f 2533/2415/2644 2530/2414/2755 2531/2416/2747
f 2532/2417/2690 2524/2407/2755 2530/2414/2755
f 2535/2418/3071 2532/2417/2690 2533/2415/2644
f 2384/2419/2691 2534/2173/2690 2532/2417/2690
f 2533/2420/3072 2540/2421/3073 2537/2422/3074
f 2533/2423/3075 2402/2276/3076 2535/2275/3077
f 2533/2420/3078 2539/2424/3079 2531/2425/3080
f 2551/2426/3081 2533/2423/3082 2531/2427/3083
f 2537/2422/3084 2541/2428/3085 2538/2429/3086
f 2537/2422/3087 2546/2430/3088 2539/2424/3089
f 2535/2431/3090 2355/2215/3091 2540/2421/3091
f 2540/2421/3092 2357/2216/3093 2541/2428/3094
f 2357/2216/2744 2542/2432/3095 2541/2428/3096
f 2538/2429/3097 2542/2432/3098 2543/2433/3099
f 2360/2219/2747 2543/2433/3100 2542/2432/2747
f 2363/2223/3101 2544/2434/3102 2543/2433/3103
f 2538/2429/3104 2544/2434/3105 2546/2430/3106
f 2544/2434/3107 2369/2228/3108 2545/2435/3109
f 2547/2436/3110 2544/2434/3111 2545/2435/3112
f 2548/2437/3113 2546/2430/3114 2547/2436/3115
f 2547/2436/3116 2549/2438/3117 2376/2236/3118
f 2548/2437/3119 2376/2236/3120 2378/2235/3121
f 2529/2439/3122 2378/2235/3123 2555/2237/3124
f 2529/2439/3125 2539/2424/3126 2548/2437/3127
f 2545/2435/2747 2373/2229/2747 2549/2438/2747
f 2536/2440/3128 2405/2279/3129 2402/2276/3130
f 2552/2441/3131 2536/2440/3132 2551/2426/3089
f 2529/2442/3133 2551/2426/3134 2531/2427/3135
f 2553/2443/3136 2552/2441/3137 2551/2426/3138
f 2426/2297/3139 2529/2442/3140 2555/2299/3141
f 2423/2293/3142 2553/2443/3143 2426/2297/3144
f 2554/2444/3145 2414/2285/3146 2552/2441/3147
f 2420/2445/3148 2554/2444/3149 2423/2293/3150
f 2414/2285/3151 2550/2446/3152 2552/2441/3153
f 2550/2446/3154 2408/2278/3155 2405/2279/3156
f 2502/2380/3157 2510/2388/3158 2317/2171/3159
f 2400/2272/2717 2558/2447/2717 2556/2273/2717
f 2332/2192/2717 2557/2448/2717 2400/2272/2717
f 2557/2448/2718 2560/2449/3160 2558/2447/2718
f 2557/2448/2718 2338/2198/2718 2559/2450/2718
f 2559/2450/3161 2562/2451/3162 2560/2449/3163
f 2338/2198/3164 2561/2452/3165 2559/2450/2718
f 2562/2451/3166 2563/2453/3167 2564/2454/3168
f 2561/2452/3169 2344/2203/3170 2563/2453/2718
f 2564/2454/2718 2565/2455/2718 2566/2456/2718
f 2344/2203/2718 2565/2455/2718 2563/2453/2718
f 2567/2457/2732 2565/2455/2732 2351/2212/2732
f 2569/2458/3171 2566/2456/3172 2567/2457/3173
f 2568/2459/3174 2351/2212/3175 2353/2213/3176
f 2570/2460/3177 2567/2457/3178 2568/2459/3179
f 2569/2458/3180 2562/2451/3181 2564/2454/3182
f 2570/2460/3183 2571/2461/3184 2569/2458/3185
f 2573/2462/3186 2562/2451/3187 2571/2461/3188
f 2574/2463/3189 2571/2461/3190 2572/2464/2868
f 2573/2462/3191 2558/2447/3192 2560/2449/3193
f 2574/2463/3194 2556/2273/3195 2573/2462/3196
f 2393/2465/3197 2399/2262/3198 2574/2463/3199
f 2393/2465/3200 2572/2464/3201 2390/2466/3202
f 2387/2467/3203 2572/2464/3204 2570/2460/3205
f 2387/2467/3206 2568/2459/3207 2385/2248/3208
f 2593/2468/3209 2587/2469/3209 2576/2470/3209
f 2576/2471/3210 2578/2472/3210 2575/2473/3210
f 2577/2474/3211 2578/2475/3211 2580/2476/3211
f 2580/2476/3212 2579/2477/3212 2599/2478/3213
f 2581/2479/3214 2579/2480/3214 2578/2472/3214
f 2584/2481/3215 2581/2482/3215 2576/2470/3215
f 2583/2483/3216 2582/2484/3216 2581/2482/3216
f 2584/2485/3217 2586/2486/3217 2583/2487/3217
f 2586/2486/3218 2585/2488/3218 2583/2487/3218
f 2587/2469/3219 2589/2489/3219 2586/2490/3219
f 2586/2490/3220 2591/2491/3220 2588/2492/3220
f 2593/2493/3221 2589/2494/3221 2590/2495/3221
f 2589/2494/3222 2594/2496/3222 2591/2497/3222
f 2593/2468/3223 2595/2498/3223 2592/2499/3223
f 2592/2499/3224 2597/2500/3224 2594/2501/3224
f 2577/2502/3225 2595/2503/3225 2596/2504/3225
f 2580/2505/3226 2597/2506/3227 2595/2503/3228
f 2599/2507/3229 2598/2508/3230 2597/2506/3230
f 2594/2501/3231 2598/2509/3232 2612/2510/3231
f 2599/2478/3233 2602/2511/3233 2600/2512/3233
f 2600/2512/3234 2603/2513/3235 2601/2514/3235
f 2600/2515/3236 2615/2516/3237 2598/2508/3236
f 2582/2517/3238 2602/2518/3238 2579/2519/3238
f 2602/2518/3239 2605/2520/3240 2603/2521/3240
f 2604/2522/3241 2607/2523/3242 2605/2524/3242
f 2582/2484/3243 2606/2525/3243 2604/2522/3243
f 2608/2526/3244 2607/2527/3245 2606/2528/3244
f 2588/2529/3246 2606/2528/3246 2585/2530/3247
f 2610/2531/3248 2609/2532/3249 2608/2533/3248
f 2588/2492/3250 2610/2531/3250 2608/2533/3250
f 2612/2534/3251 2611/2535/3252 2610/2536/3251
f 2594/2537/3253 2610/2536/3253 2591/2538/3253
f 2598/2509/3254 2613/2539/3255 2612/2510/3256
f 2613/2539/3255 2616/2540/3257 2614/2541/3257
f 2613/2542/3258 2628/2543/3259 2611/2535/3252
f 2615/2516/3237 2618/2544/3260 2616/2545/3260
f 2618/2544/3261 2617/2546/3261 2616/2545/3261
f 2614/2541/3262 2617/2547/3262 2631/2548/3262
f 2620/2549/3263 2619/2550/3263 2618/2551/3263
f 2601/2514/3235 2620/2549/3264 2618/2551/3264
f 2605/2520/3240 2620/2552/3265 2603/2521/3240
f 2622/2553/3266 2621/2554/3266 2620/2552/3266
f 2622/2555/3267 2625/2556/3267 2623/2557/3267
f 2605/2524/3242 2624/2558/3268 2622/2555/3268
f 2624/2559/3269 2627/2560/3269 2625/2561/3269
f 2609/2562/3245 2624/2559/3270 2607/2527/3245
f 2626/2563/3271 2629/2564/3271 2627/2565/3271
f 2609/2532/3249 2628/2566/3272 2626/2563/3272
f 2614/2567/3273 2629/2568/3273 2628/2543/3273
f 2629/2564/3274 2638/2569/3274 2627/2565/3274
f 2629/2568/3275 2632/2570/3275 2630/2571/3275
f 2631/2548/3276 2633/2572/3276 2632/2573/3276
f 2633/2572/3277 2634/2574/3277 2635/2575/3278
f 2619/2576/3279 2633/2577/3279 2617/2546/3279
f 2621/2578/3280 2634/2574/3280 2619/2550/3280
f 2621/2554/3281 2636/2579/3281 2635/2580/3281
f 2625/2556/3282 2636/2581/3283 2623/2557/3282
f 2625/2561/3284 2638/2582/3284 2637/2583/3284
f 2639/2584/3285 2646/2585/3286 2643/2586/3286
f 2867/2587/3287 2639/2588/3288 2640/2589/3289
f 2639/2590/3290 2770/2591/3291 2640/2592/3292
f 2641/2593/3293 2643/2586/3294 2645/2594/3295
f 2641/2595/3296 2642/2596/3297 2639/2590/3298
f 2643/2586/3299 2648/2597/3300 2644/2598/3301
f 2645/2594/3302 2644/2598/3303 2865/2599/3304
f 2649/2600/3305 2647/2601/3306 2646/2585/3307
f 2647/2601/3308 2648/2597/3309 2646/2585/3310
f 2653/2602/3311 2646/2585/3312 2640/2603/3313
f 2654/2604/3314 2649/2600/3315 2653/2602/3316
f 2650/2605/3317 2652/2606/3318 2649/2600/3319
f 2649/2600/3320 2790/2607/3321 2651/2608/3320
f 2655/2609/3322 2640/2603/3323 2870/2610/3324
f 2654/2611/3325 2657/2612/3326 2828/2613/3327
f 2656/2614/3328 2654/2615/3329 2653/2616/3330
f 2653/2617/3331 2660/2618/3332 2658/2619/3333
f 2730/2620/3334 2653/2616/3330 2655/2621/3335
f 2657/2612/3336 2658/2619/3337 2663/2622/3336
f 2659/2623/3338 2663/2622/3339 2658/2619/3340
f 2662/2624/3341 2659/2625/3342 2852/2626/3343
f 2661/2627/3344 2659/2628/3345 2658/2629/3346
f 2876/2630/3347 2658/2631/3348 2662/2624/3341
f 2664/2632/3349 2660/2633/3350 2666/2634/3351
f 2669/2635/3352 2658/2629/3353 2664/2632/3354
f 2665/2636/3355 2669/2635/3356 2664/2632/3357
f 2668/2637/3358 2665/2638/3359 2819/2639/3360
f 2667/2640/3361 2665/2641/3362 2664/2642/3363
f 2736/2643/3364 2664/2644/3365 2668/2637/3358
f 2666/2645/3366 2640/2592/3367 2664/2642/3368
f 2664/2642/3369 2770/2591/3370 2667/2640/3370
f 2669/2635/3371 2745/2646/3372 2661/2627/3371
f 2670/2647/3373 2672/2648/3374 2669/2635/3375
f 2669/2635/3376 2674/2649/3377 2671/2650/3378
f 2672/2648/3379 2676/2651/3380 2675/2652/3380
f 2672/2648/3379 2677/2653/3380 2674/2649/3379
f 2675/2652/3381 2679/2654/3382 2678/2655/3382
f 2675/2652/3381 2680/2656/3382 2677/2653/3381
f 2678/2655/3383 2682/2657/3384 2681/2658/3385
f 2680/2656/3386 2681/2658/3387 2683/2659/3388
f 2682/2657/3389 2684/2660/3390 2681/2658/3391
f 2681/2658/3392 2686/2661/3393 2683/2659/3394
f 2685/2662/3382 2687/2663/3381 2684/2660/3381
f 2686/2661/3395 2687/2663/3381 2689/2664/3396
f 2690/2665/3397 2688/2666/3397 2691/2667/3397
f 2690/2665/3397 2689/2664/3397 2687/2663/3397
f 2828/2613/3398 2690/2665/3399 2691/2667/3400
f 2657/2612/3401 2692/2668/3402 2690/2665/3403
f 2692/2668/3397 2907/2669/3397 2689/2664/3397
f 2695/2670/3404 2692/2668/3402 2694/2671/3404
f 2657/2612/3405 2696/2672/3406 2694/2671/3407
f 2694/2671/3407 2697/2673/3408 2695/2670/3409
f 2697/2673/3410 2698/2674/3411 2699/2675/3412
f 2696/2672/3410 2700/2676/3413 2698/2674/3411
f 2699/2675/3414 2701/2677/3415 2702/2678/3416
f 2698/2674/3417 2703/2679/3418 2701/2677/3415
f 2702/2678/3419 2704/2680/3419 2705/2681/3419
f 2703/2679/3419 2704/2680/3419 2701/2677/3419
f 2704/2680/3420 2708/2682/3421 2705/2681/3419
f 2704/2680/3422 2709/2683/3423 2707/2684/3424
f 2708/2682/3425 2710/2685/3426 2711/2686/3419
f 2709/2683/3427 2710/2685/3428 2707/2684/3429
f 2710/2685/3419 2715/2687/3419 2711/2686/3419
f 2710/2685/3419 2714/2688/3419 2713/2689/3419
f 2716/2690/3430 2714/2688/3430 2648/2597/3431
f 2717/2691/3430 2713/2689/3432 2716/2690/3430
f 2719/2692/3433 2716/2690/3308 2647/2601/3308
f 2720/2693/3434 2717/2691/3435 2719/2692/3436
f 2717/2691/3430 2891/2694/3437 2715/2687/3431
f 2897/2695/3438 2719/2692/3439 2721/2696/3440
f 2722/2697/3305 2647/2601/3306 2651/2608/3305
f 2725/2698/3441 2719/2692/3442 2722/2697/3442
f 2724/2699/3443 2723/2700/3444 2722/2697/3445
f 2722/2697/3446 2727/2701/3447 2725/2698/3448
f 2790/2607/3321 2722/2697/3320 2651/2608/3320
f 2725/2702/3449 2660/2618/3332 2655/2703/3450
f 2725/2702/3451 2697/2673/3452 2726/2704/3453
f 2727/2705/3454 2695/2670/3455 2725/2702/3456
f 2727/2706/3457 2728/2707/3458 2725/2708/3459
f 2655/2609/3322 2721/2696/3460 2725/2698/3461
f 2725/2708/3459 2730/2620/3334 2655/2621/3335
f 2729/2709/3381 2731/2710/3462 2728/2707/3458
f 2728/2707/3458 2733/2711/3463 2730/2620/3334
f 2735/2712/3358 2731/2710/3462 2732/2713/3464
f 2734/2714/3465 2733/2711/3463 2731/2710/3462
f 2738/2715/3466 2734/2714/3465 2735/2712/3358
f 2737/2716/3467 2736/2643/3364 2734/2714/3465
f 2738/2717/3468 2740/2718/3469 2741/2719/3470
f 2738/2720/3471 2739/2721/3472 2737/2722/3473
f 2737/2723/3474 2660/2633/3350 2726/2724/3475
f 2737/2722/3476 2870/2725/3477 2666/2645/3366
f 2737/2722/3478 2767/2726/3479 2721/2727/3480
f 2740/2718/3481 2726/2724/3312 2743/2728/3481
f 2741/2719/3482 2742/2729/3483 2898/2730/3484
f 2671/2650/3378 2742/2729/3485 2740/2718/3486
f 2740/2718/3487 2745/2646/3372 2671/2650/3372
f 2877/2731/3488 2743/2728/3489 2726/2724/3490
f 2744/2732/3491 2746/2733/3492 2743/2728/3493
f 2743/2728/3494 2748/2734/3495 2745/2646/3496
f 2747/2735/3497 2749/2736/3498 2746/2733/3499
f 2746/2733/3499 2751/2737/3500 2748/2734/3501
f 2753/2738/3502 2749/2736/3503 2750/2739/3504
f 2749/2736/3503 2754/2740/3505 2751/2737/3505
f 2756/2741/3506 2752/2742/3507 2753/2738/3508
f 2755/2743/3509 2754/2740/3510 2752/2742/3505
f 2756/2741/3511 2758/2744/3512 2755/2743/3513
f 2755/2743/3514 2760/2745/3515 2757/2746/3516
f 2759/2747/3517 2761/2748/3518 2758/2744/3519
f 2761/2748/3518 2760/2745/3518 2758/2744/3519
f 2764/2749/3520 2762/2750/3521 2765/2751/3522
f 2763/2752/3523 2764/2749/3520 2766/2753/3520
f 2764/2749/3524 2768/2754/3525 2767/2726/3526
f 2766/2753/3527 2767/2726/3528 2769/2755/3528
f 2767/2726/3529 2897/2756/3530 2721/2727/3531
f 2739/2721/3532 2769/2755/3533 2767/2726/3533
f 2771/2757/3533 2770/2591/3533 2769/2755/3533
f 2770/2591/3534 2766/2753/3527 2769/2755/3528
f 2739/2721/3535 2772/2758/3536 2771/2757/3535
f 2772/2758/3536 2667/2640/3535 2771/2757/3535
f 2773/2759/3537 2775/2760/3538 2772/2758/3537
f 2772/2758/3537 2777/2761/3538 2774/2762/3538
f 2776/2763/3539 2778/2764/3540 2775/2760/3541
f 2778/2764/3540 2777/2761/3542 2775/2760/3541
f 2782/2765/3543 2778/2764/3544 2779/2766/3540
f 2778/2764/3545 2783/2767/3546 2780/2768/3540
f 2782/2765/3547 2784/2769/3548 2781/2770/3549
f 2784/2769/3550 2783/2767/3551 2781/2770/3552
f 2789/2771/3541 2784/2769/3553 2785/2772/3540
f 2784/2769/3553 2788/2773/3540 2786/2774/3554
f 2652/2606/3555 2787/2775/3556 2790/2607/3557
f 2787/2775/3556 2724/2699/3557 2790/2607/3557
f 2792/2776/3553 2789/2771/3541 2785/2772/3540
f 2724/2699/3557 2791/2777/3555 2793/2778/3555
f 2791/2777/3558 2794/2779/3559 2793/2778/3560
f 2793/2778/3561 2795/2780/3562 2723/2700/3563
f 2794/2779/3564 2797/2781/3565 2796/2782/3566
f 2795/2780/3567 2796/2782/3568 2798/2783/3569
f 2797/2781/3570 2799/2784/3571 2796/2782/3572
f 2796/2782/3573 2801/2785/3574 2798/2783/3575
f 2799/2784/3576 2803/2786/3577 2802/2787/3578
f 2801/2785/3579 2802/2787/3580 2804/2788/3581
f 2803/2786/3538 2773/2759/3537 2802/2787/3538
f 2804/2788/3582 2773/2759/3583 2739/2721/3584
f 2735/2789/3585 2804/2788/3586 2738/2720/3587
f 2800/2790/3542 2776/2763/3539 2803/2786/3588
f 2798/2783/3589 2735/2789/3590 2732/2791/3591
f 2797/2781/3592 2779/2766/3593 2800/2790/3594
f 2729/2792/3595 2798/2783/3596 2732/2791/3597
f 2797/2781/3598 2785/2772/3599 2782/2765/3600
f 2723/2700/3601 2729/2792/3602 2727/2701/3603
f 2806/2793/3555 2788/2773/3555 2652/2606/3555
f 2788/2773/3540 2807/2794/3553 2786/2774/3554
f 2809/2795/3604 2805/2796/3605 2806/2793/3606
f 2808/2797/3607 2809/2795/3608 2811/2798/3609
f 2786/2774/3610 2808/2797/3611 2783/2767/3612
f 2810/2799/3613 2806/2793/3614 2650/2605/3615
f 2811/2798/3616 2810/2799/3617 2812/2800/3618
f 2813/2801/3619 2808/2797/3620 2811/2798/3621
f 2815/2802/3622 2811/2798/3623 2812/2800/3624
f 2817/2803/3625 2813/2801/3626 2816/2804/3627
f 2816/2804/3628 2815/2802/3629 2818/2805/3630
f 2777/2761/3538 2816/2804/3537 2774/2762/3538
f 2774/2762/3631 2818/2805/3632 2667/2640/3633
f 2818/2805/3634 2819/2806/3635 2665/2641/3636
f 2777/2761/3542 2814/2807/3553 2817/2803/3637
f 2819/2806/3638 2812/2800/3639 2820/2808/3640
f 2819/2809/3641 2670/2647/3642 2665/2636/3643
f 2819/2809/3644 2823/2810/3645 2821/2811/3646
f 2829/2812/3647 2819/2639/3360 2820/2813/3648
f 2821/2811/3649 2673/2814/3650 2670/2647/3651
f 2821/2811/3652 2824/2815/3653 2822/2816/3654
f 2826/2817/3655 2823/2810/3656 2820/2818/3657
f 2825/2819/3658 2824/2815/3659 2823/2810/3660
f 2826/2817/3661 2828/2613/3662 2825/2819/3663
f 2825/2819/3664 2691/2667/3665 2827/2820/3666
f 2827/2820/3667 2682/2657/3668 2824/2815/3669
f 2827/2820/3670 2688/2666/3671 2685/2662/3672
f 2826/2821/3673 2650/2605/3674 2654/2604/3675
f 2829/2812/3647 2826/2822/3676 2656/2614/3328
f 2812/2800/3677 2826/2821/3678 2820/2808/3679
f 2822/2816/3680 2682/2657/3681 2679/2654/3682
f 2822/2816/3683 2676/2651/3684 2673/2814/3685
f 2733/2711/3463 2656/2614/3328 2730/2620/3334
f 2733/2711/3463 2668/2637/3358 2829/2812/3647
f 2780/2768/3686 2808/2797/3687 2814/2807/3688
f 2642/2596/3689 2830/2823/3690 2770/2591/3691
f 2833/2824/3692 2830/2823/3520 2831/2825/3520
f 2830/2823/3520 2763/2752/3523 2766/2753/3520
f 2832/2826/3518 2835/2827/3693 2834/2828/3694
f 2760/2745/3518 2832/2826/3518 2834/2828/3694
f 2834/2828/3695 2837/2829/3696 2836/2830/3697
f 2760/2745/3698 2836/2830/3699 2757/2746/3700
f 2838/2831/3701 2837/2829/3702 2839/2832/3703
f 2754/2740/3704 2836/2830/3705 2838/2831/3505
f 2840/2833/3518 2839/2832/3505 2841/2834/3706
f 2754/2740/3505 2840/2833/3518 2751/2737/3505
f 2840/2833/3501 2843/2835/3707 2842/2836/3498
f 2751/2737/3500 2842/2836/3498 2748/2734/3501
f 2842/2836/3708 2844/2837/3709 2661/2627/3710
f 2748/2734/3495 2661/2627/3711 2745/2646/3496
f 2841/2834/3712 2845/2838/3713 2843/2835/3714
f 2843/2835/3715 2846/2839/3716 2844/2837/3717
f 2845/2838/3718 2837/2829/3719 2847/2840/3720
f 2846/2839/3721 2847/2840/3722 2848/2841/3723
f 2837/2829/3724 2849/2842/3725 2847/2840/3726
f 2847/2840/3727 2850/2843/3728 2848/2841/3729
f 2849/2842/3730 2833/2824/3731 2831/2825/3732
f 2850/2843/3733 2831/2825/3734 2642/2596/3735
f 2848/2841/3736 2641/2595/3737 2851/2844/3738
f 2852/2845/3739 2848/2841/3740 2851/2844/3741
f 2641/2593/3742 2854/2846/3743 2851/2847/3744
f 2853/2848/3745 2641/2849/3746 2867/2587/3287
f 2852/2850/3747 2854/2846/3748 2856/2851/3749
f 2853/2848/3745 2852/2626/3343 2851/2852/3750
f 2856/2851/3751 2855/2853/3752 2857/2854/3753
f 2645/2594/3754 2855/2853/3755 2854/2846/3756
f 2852/2850/3757 2858/2855/3758 2659/2623/3759
f 2856/2851/3760 2859/2856/3761 2858/2855/3762
f 2858/2855/3763 2700/2676/3764 2663/2622/3765
f 2857/2854/3766 2860/2857/3767 2859/2856/3768
f 2859/2856/3769 2703/2679/3418 2700/2676/3770
f 2703/2679/3419 2861/2858/3745 2706/2859/3419
f 2857/2854/3771 2862/2860/3772 2861/2858/3773
f 2706/2859/3774 2862/2860/3775 2709/2683/3776
f 2865/2599/3777 2862/2860/3778 2855/2853/3779
f 2862/2860/3780 2712/2861/3781 2709/2683/3782
f 2863/2862/3783 2714/2688/3419 2712/2861/3419
f 2865/2599/3784 2864/2863/3785 2863/2862/3786
f 2644/2598/3787 2714/2688/3430 2864/2863/3432
f 2866/2864/3788 2867/2587/3287 2868/2865/3789
f 2866/2864/3788 2662/2624/3341 2853/2848/3745
f 2868/2865/3789 2640/2589/3289 2870/2866/3790
f 2721/2867/3791 2868/2865/3789 2870/2866/3790
f 2869/2868/3341 2866/2864/3788 2868/2865/3789
f 2897/2869/3792 2869/2868/3341 2721/2867/3791
f 2871/2870/3793 2872/2871/3783 2869/2868/3341
f 2875/2872/3794 2872/2871/3783 2873/2873/3795
f 2874/2874/3796 2866/2864/3788 2872/2871/3783
f 2877/2875/3797 2874/2874/3796 2875/2872/3794
f 2726/2876/3798 2876/2630/3347 2874/2874/3796
f 2875/2877/3799 2882/2878/3800 2879/2879/3801
f 2875/2880/3802 2744/2732/3803 2877/2731/3804
f 2875/2877/3805 2881/2881/3806 2873/2882/3807
f 2893/2883/3808 2875/2880/3809 2873/2884/3810
f 2879/2879/3811 2883/2885/3812 2880/2886/3813
f 2879/2879/3814 2888/2887/3815 2881/2881/3816
f 2877/2888/3817 2697/2673/3818 2882/2878/3818
f 2882/2878/3819 2699/2675/3820 2883/2885/3821
f 2699/2675/3414 2884/2889/3822 2883/2885/3823
f 2880/2886/3824 2884/2889/3825 2885/2890/3826
f 2702/2678/3419 2885/2890/3827 2884/2889/3783
f 2705/2681/3828 2886/2891/3829 2885/2890/3830
f 2880/2886/3831 2886/2891/3832 2888/2887/3833
f 2886/2891/3834 2711/2686/3835 2887/2892/3836
f 2889/2893/3837 2886/2891/3838 2887/2892/3839
f 2890/2894/3840 2888/2887/3841 2889/2893/3842
f 2889/2893/3843 2891/2694/3844 2718/2895/3845
f 2890/2894/3846 2718/2895/3847 2720/2693/3848
f 2871/2896/3849 2720/2693/3850 2897/2695/3851
f 2871/2896/3852 2881/2881/3853 2890/2894/3854
f 2887/2892/3745 2715/2687/3419 2891/2694/3745
f 2878/2897/3855 2747/2735/3856 2744/2732/3857
f 2894/2898/3858 2878/2897/3859 2893/2883/3816
f 2871/2899/3860 2893/2883/3861 2873/2884/3862
f 2895/2900/3863 2894/2898/3864 2893/2883/3865
f 2768/2754/3866 2871/2899/3867 2897/2756/3868
f 2765/2751/3869 2895/2900/3870 2768/2754/3871
f 2896/2901/3872 2756/2741/3873 2894/2898/3874
f 2762/2750/3875 2896/2901/3876 2765/2751/3877
f 2756/2741/3878 2892/2902/3879 2894/2898/3880
f 2892/2902/3881 2750/2739/3882 2747/2735/3883
f 2844/2837/3884 2852/2845/3885 2659/2628/3886
f 2898/2730/3380 2899/2903/3380 2900/2904/3380
f 2742/2729/3380 2677/2653/3380 2899/2903/3380
f 2899/2903/3887 2902/2905/3381 2900/2904/3888
f 2899/2903/3887 2680/2656/3382 2901/2906/3381
f 2901/2906/3889 2904/2907/3890 2902/2905/3891
f 2680/2656/3892 2903/2908/3893 2901/2906/3381
f 2904/2907/3894 2905/2909/3895 2906/2910/3896
f 2903/2908/3897 2686/2661/3898 2905/2909/3396
f 2906/2910/3381 2907/2669/3396 2908/2911/3899
f 2686/2661/3395 2907/2669/3396 2905/2909/3396
f 2909/2912/3397 2907/2669/3397 2693/2913/3397
f 2911/2914/3900 2908/2911/3901 2909/2912/3902
f 2910/2915/3903 2693/2913/3904 2695/2670/3905
f 2912/2916/3906 2909/2912/3907 2910/2915/3908
f 2911/2914/3909 2904/2907/3910 2906/2910/3911
f 2912/2916/3912 2913/2917/3913 2911/2914/3914
f 2915/2918/3915 2904/2907/3916 2913/2917/3917
f 2916/2919/3918 2913/2917/3919 2914/2920/3920
f 2915/2918/3921 2900/2904/3922 2902/2905/3923
f 2916/2919/3924 2898/2730/3925 2915/2918/3926
f 2735/2921/3927 2741/2719/3928 2916/2919/3929
f 2735/2921/3930 2914/2920/3931 2732/2922/3932
f 2729/2923/3933 2914/2920/3934 2912/2916/3935
f 2729/2923/3936 2910/2915/3937 2727/2705/3938
f 2919/2924/3939 2935/2925/3939 2929/2926/3939
f 2918/2927/3940 2920/2928/3940 2917/2929/3940
f 2917/2930/3941 2922/2931/3941 2919/2932/3941
f 2920/2933/3942 2941/2934/3942 2922/2931/3943
f 2920/2928/3944 2924/2935/3944 2921/2936/3944
f 2926/2937/3945 2923/2938/3945 2918/2939/3945
f 2925/2940/3946 2924/2941/3946 2923/2938/3946
f 2926/2942/3947 2928/2943/3947 2925/2944/3948
f 2925/2944/3949 2930/2945/3950 2927/2946/3949
f 2929/2947/3951 2931/2948/3951 2928/2949/3952
f 2928/2949/3953 2933/2950/3953 2930/2951/3953
f 2932/2952/3954 2934/2953/3954 2931/2954/3954
f 2931/2954/3955 2936/2955/3955 2933/2956/3955
f 2935/2957/3956 2937/2958/3956 2934/2959/3956
f 2934/2959/3957 2939/2960/3958 2936/2961/3959
f 2919/2924/3960 2937/2962/3960 2938/2963/3960
f 2937/2962/3961 2941/2964/3962 2939/2965/3961
f 2939/2965/3963 2942/2966/3963 2940/2967/3964
f 2939/2960/3965 2954/2968/3965 2936/2961/3965
f 2941/2934/3966 2944/2969/3966 2942/2970/3966
f 2944/2969/3967 2943/2971/3968 2942/2970/3967
f 2940/2967/3969 2943/2972/3970 2957/2973/3970
f 2921/2936/3971 2946/2974/3971 2944/2975/3971
f 2946/2974/3972 2945/2976/3973 2944/2975/3972
f 2946/2977/3974 2949/2978/3975 2947/2979/3975
f 2924/2941/3976 2948/2980/3976 2946/2977/3976
f 2950/2981/3977 2949/2982/3978 2948/2983/3977
f 2930/2945/3979 2948/2983/3979 2927/2946/3979
f 2952/2984/3980 2951/2985/3981 2950/2986/3980
f 2930/2951/3982 2952/2984/3982 2950/2986/3982
f 2952/2987/3983 2955/2988/3984 2953/2989/3984
f 2936/2955/3985 2952/2987/3985 2933/2956/3985
f 2954/2968/3986 2957/2990/3987 2955/2991/3987
f 2955/2991/3987 2958/2992/3988 2956/2993/3989
f 2955/2988/3984 2970/2994/3990 2953/2989/3984
f 2957/2973/3970 2960/2995/3991 2958/2996/3991
f 2960/2995/3992 2959/2997/3993 2958/2996/3993
f 2958/2992/3994 2973/2998/3994 2956/2993/3994
f 2962/2999/3995 2961/3000/3995 2960/3001/3995
f 2943/2971/3968 2962/2999/3996 2960/3001/3997
f 2947/3002/3973 2962/3003/3998 2945/2976/3973
f 2962/3003/3999 2965/3004/3999 2963/3005/3999
f 2966/3006/4000 2965/3007/4000 2964/3008/4000
f 2949/2978/3975 2964/3008/4001 2947/2979/3975
f 2966/3009/4002 2969/3010/4002 2967/3011/4002
f 2949/2982/3978 2968/3012/4003 2966/3009/4004
f 2968/3013/4005 2971/3014/4005 2969/3015/4005
f 2951/2985/3981 2970/3016/4006 2968/3013/4007
f 2970/2994/4008 2973/3017/4008 2971/3018/4008
f 2971/3014/4009 2980/3019/4009 2969/3015/4009
f 2971/3018/4010 2974/3020/4011 2972/3021/4011
f 2959/3022/4012 2974/3023/4012 2973/2998/4012
f 2972/3021/4013 2975/3024/4014 2977/3025/4015
f 2959/2997/4016 2976/3026/4016 2975/3024/4016
f 2963/3027/4017 2976/3028/4018 2961/3000/4017
f 2963/3005/4019 2978/3029/4020 2977/3025/4020
f 2967/3030/4021 2978/3031/4021 2965/3007/4021
f 2967/3011/4022 2980/3032/4022 2979/3033/4022
f 2/1/1 1/5/4023 3/2/2
f 169/4/4 4/7/4024 1/5/5
f 1/5/7 5/8/4025 7/6/8
f 4/7/10 8/15/4026 5/8/11
f 5/9/13 6/13/4027 266/10/14
f 8/12/16 10/17/4028 6/13/17
f 168/14/19 9/362/4029 8/15/20
f 8/12/22 9/20/4030 12/16/23
f 6/13/25 10/17/4031 11/18/26
f 10/17/28 12/16/4032 14/19/29
f 9/20/31 269/364/4033 13/21/32
f 12/16/34 13/21/4034 15/22/35
f 14/19/37 15/22/37 21/23/37
f 11/18/38 14/19/4035 16/24/39
f 264/26/41 17/25/4036 16/24/42
f 18/27/44 16/24/44 20/28/44
f 21/23/45 22/33/53 19/30/46
f 20/28/48 16/24/4037 19/30/49
f 21/23/51 15/22/4038 23/32/52
f 22/33/54 24/36/58 26/34/55
f 22/33/54 23/32/4039 25/35/57
f 25/35/59 28/39/4040 27/37/60
f 24/36/62 27/37/4041 30/38/63
f 28/39/65 281/379/4042 29/40/66
f 27/37/68 29/40/4043 34/41/69
f 30/38/71 27/37/4044 31/43/72
f 32/42/74 33/45/4045 31/43/75
f 34/41/77 35/48/4046 33/45/78
f 37/46/80 36/50/4047 34/41/81
f 34/41/83 36/50/4048 38/47/84
f 37/46/86 40/52/4049 39/49/87
f 39/49/89 41/54/4050 38/47/90
f 43/51/92 42/55/4051 39/49/93
f 39/49/95 42/55/4052 44/53/96
f 42/55/98 43/51/4053 45/56/99
f 47/57/101 44/63/4054 45/58/102
f 46/60/104 44/63/4054 47/57/101
f 46/60/106 38/61/4055 41/62/107
f 47/57/101 48/59/103 31/64/109
f 47/57/101 33/65/110 396/66/111
f 30/38/114 49/44/4056 45/56/115
f 52/68/117 51/71/4057 43/51/118
f 50/69/120 43/51/4058 40/52/121
f 51/71/123 26/34/4059 30/38/124
f 53/31/126 51/71/130 52/68/127
f 53/31/126 19/30/4060 26/34/129
f 20/28/131 53/31/50 54/72/132
f 55/29/134 54/72/4061 56/73/135
f 54/72/137 52/68/4062 50/69/138
f 56/73/140 50/69/4063 60/70/141
f 57/74/143 56/73/4064 58/75/144
f 58/75/146 61/78/4065 63/77/147
f 60/70/149 62/79/4066 61/78/150
f 62/79/152 66/83/4067 64/80/153
f 61/78/155 64/80/4068 65/81/156
f 64/80/158 67/84/4069 69/82/159
f 66/83/161 68/86/4070 67/84/162
f 70/85/164 67/84/4071 68/86/165
f 69/82/167 67/84/4072 70/85/168
f 73/89/170 74/94/4073 71/90/171
f 75/92/173 73/89/170 70/91/172
f 74/94/175 73/89/178 76/95/176
f 73/89/178 75/92/1023 78/97/179
f 80/98/180 77/295/4074 76/99/181
f 79/100/182 76/99/181 78/101/183
f 79/103/185 82/107/189 83/104/186
f 81/106/188 84/109/1030 82/107/189
f 82/107/190 85/110/194 86/108/191
f 84/109/193 87/523/1034 85/110/194
f 85/111/195 88/115/4075 90/112/196
f 85/111/198 87/526/1039 89/114/199
f 88/115/201 89/114/4076 93/116/202
f 90/112/204 88/115/4077 91/117/205
f 92/118/207 91/117/4078 94/119/208
f 91/117/210 93/116/4079 95/121/211
f 94/119/213 95/121/4080 99/122/214
f 96/120/216 94/119/4081 97/123/217
f 102/125/219 98/124/4082 97/123/220
f 100/126/222 97/123/4083 99/122/223
f 103/128/225 100/126/4084 101/127/226
f 104/130/228 102/125/4085 100/126/229
f 108/131/231 104/130/4086 103/128/232
f 106/132/234 103/128/4087 105/129/235
f 106/132/234 109/133/236 110/134/237
f 108/131/239 106/132/233 107/135/240
f 105/129/242 101/127/4088 111/137/243
f 109/133/245 111/137/4089 113/138/246
f 101/127/248 99/122/4090 112/139/249
f 111/137/251 112/139/4091 117/140/252
f 113/138/254 111/137/4092 114/142/255
f 115/141/257 116/144/4093 114/142/258
f 117/140/260 118/147/4094 116/144/261
f 120/145/263 119/149/4095 117/140/264
f 117/140/266 119/149/4096 121/146/267
f 120/145/269 123/151/4097 122/148/270
f 122/148/272 124/153/4098 121/146/273
f 126/150/275 125/154/4099 122/148/276
f 122/148/278 125/154/4100 127/152/279
f 125/154/281 126/150/4101 128/155/282
f 130/156/284 127/162/4102 128/157/285
f 129/159/287 127/162/4102 130/156/284
f 129/159/289 121/160/4103 124/161/290
f 130/156/284 131/158/286 114/163/292
f 130/156/284 116/164/293 395/165/294
s 0
f 128/166/296 134/3034/4104 133/167/4105
s 1
f 113/138/300 132/143/4106 128/155/301
f 137/171/303 136/174/4107 126/150/304
f 135/172/306 126/150/4108 123/151/307
f 136/174/309 110/134/4109 113/138/310
f 138/175/312 136/174/316 137/171/313
f 138/175/312 107/135/4110 110/134/315
f 140/177/317 138/175/322 139/176/318
f 140/177/320 142/136/4111 107/135/321
f 145/179/323 142/136/4112 140/177/323
f 252/180/324 143/182/4113 142/136/325
f 143/182/327 104/130/327 108/131/327
f 147/183/328 144/181/4114 142/136/329
f 146/184/331 145/179/4115 141/178/332
f 149/186/334 147/183/4116 145/179/335
f 150/187/337 148/188/4117 147/183/338
f 148/188/340 178/231/4118 144/181/341
f 150/187/343 149/186/4119 151/189/344
f 151/189/346 149/186/4120 146/184/347
f 153/192/349 173/221/4121 152/193/350
f 155/195/352 153/192/4122 151/194/353
f 155/195/355 154/196/4123 156/197/356
f 154/191/358 146/184/4124 157/185/359
f 156/199/361 157/185/4125 323/200/362
f 159/198/364 156/197/4126 158/202/365
f 161/204/367 159/198/4127 160/203/368
f 163/206/370 155/195/4128 159/198/371
f 162/207/373 165/465/373 164/208/374
f 161/209/375 164/208/375 167/210/375
f 164/212/376 165/466/4129 268/213/377
f 167/215/379 164/212/4130 166/214/380
f 169/4/382 167/215/4131 168/14/383
f 163/211/385 167/210/385 169/216/385
f 170/217/386 169/216/386 2/218/386
f 170/220/387 153/192/4132 155/195/388
f 173/221/390 153/192/4133 170/220/391
f 171/219/393 2/218/393 267/223/393
f 174/225/394 173/221/4134 171/222/395
f 173/221/397 174/225/4135 176/227/398
f 174/225/400 175/229/4136 177/228/401
f 175/229/403 174/225/4137 172/226/404
f 178/231/406 148/188/4138 176/232/407
f 148/188/409 150/187/4139 152/190/410
f 182/234/412 179/239/4140 177/228/413
f 179/235/415 181/237/4141 178/231/416
f 180/236/418 251/336/4142 181/237/419
f 183/238/421 180/338/4143 179/239/422
f 186/240/424 183/238/4144 182/234/425
f 184/241/427 182/234/4145 175/229/428
f 185/242/430 188/242/4146 187/243/431
f 184/244/433 187/243/4147 189/245/434
f 191/247/436 190/250/4148 187/248/437
f 190/250/439 192/254/4149 189/251/440
f 190/250/442 191/247/4150 194/252/443
f 192/254/445 190/250/4151 193/253/446
f 265/256/448 195/259/4152 193/257/449
f 195/259/451 197/261/4153 196/260/452
f 197/261/454 200/273/4154 198/262/455
f 199/263/457 192/254/4155 196/255/458
f 202/265/460 199/263/4156 198/264/461
f 198/262/463 200/273/4157 204/267/464
f 202/265/466 201/266/4158 203/269/467
f 201/268/469 204/267/4159 205/271/470
f 200/273/472 264/26/4160 18/27/473
f 204/267/475 18/27/4161 55/29/476
f 203/272/478 205/271/4162 206/274/479
f 205/271/481 55/29/4163 57/74/482
f 208/275/484 206/274/4164 207/276/485
f 206/274/487 57/74/4165 59/76/488
f 209/278/490 208/281/4166 210/279/491
f 259/270/493 203/269/4167 208/281/494
f 214/282/496 212/280/4168 210/279/497
f 207/276/499 263/360/4169 211/284/500
f 260/285/502 209/278/4170 212/280/503
f 212/280/505 214/282/4171 215/287/506
f 216/288/508 214/282/4172 211/283/509
f 214/282/511 216/288/4173 218/290/512
f 219/291/514 216/288/4174 217/289/515
f 216/288/517 219/291/4175 221/293/518
f 74/94/520 219/291/4176 220/292/521
f 219/291/523 74/94/4177 77/96/524
f 222/294/526 221/297/526 77/295/526
f 224/296/527 218/303/527 221/297/527
f 80/105/528 83/104/4178 223/298/529
f 222/299/531 223/298/4179 226/300/532
f 225/302/534 215/354/534 218/303/534
f 224/301/535 226/300/4180 227/304/536
f 223/298/538 230/355/4181 228/306/539
f 226/300/541 228/306/4182 229/307/542
f 228/308/544 231/312/4183 232/309/545
f 230/311/547 233/313/4184 231/312/548
f 231/312/550 92/118/4185 96/120/551
f 233/313/553 90/112/4186 92/118/554
f 86/113/556 90/112/4187 233/313/557
f 229/310/559 232/309/4188 234/314/560
f 232/309/562 96/120/4189 98/124/563
f 237/316/565 236/315/4190 234/314/566
f 235/317/568 234/314/4191 98/124/569
f 240/318/571 238/321/4192 236/319/572
f 227/304/574 229/307/4193 236/319/575
f 241/322/577 239/323/4194 238/321/578
f 225/305/580 227/304/4195 238/321/581
f 242/324/583 240/318/4196 237/320/584
f 243/326/586 241/322/4197 240/318/587
f 255/327/589 243/326/4198 242/324/590
f 244/328/592 242/324/4199 245/325/593
f 245/330/595 237/316/4200 235/317/596
f 246/332/598 245/330/4201 247/331/599
f 248/333/601 247/331/4202 104/130/602
f 247/331/604 235/317/4203 102/125/605
f 249/334/607 248/333/4204 143/182/608
f 250/335/610 246/332/4205 248/333/611
f 250/335/613 249/334/4206 251/336/614
f 251/336/616 249/334/4207 252/180/617
f 181/237/619 252/180/4208 144/181/620
f 253/337/622 250/339/4209 180/338/623
f 244/328/625 246/329/4210 250/339/626
f 254/340/628 253/337/4211 183/238/629
f 254/340/631 255/327/4212 244/328/632
f 254/341/634 256/344/4213 257/342/635
f 186/246/636 189/245/4214 256/344/637
f 256/345/639 199/263/4215 202/265/640
f 192/254/642 199/263/4216 256/345/643
f 255/343/645 257/342/645 258/347/646
f 257/346/648 202/265/4217 259/270/649
f 258/349/651 259/270/4218 209/278/652
f 241/350/654 243/348/4219 258/347/655
f 241/350/657 260/351/4220 213/352/658
f 239/353/660 213/352/4221 215/354/661
f 83/104/663 86/108/4222 230/355/664
f 262/356/666 261/359/4223 220/357/667
f 261/359/669 69/82/4224 71/88/670
f 65/81/672 69/82/4225 261/359/673
f 263/360/675 262/356/4226 217/358/676
f 63/77/678 65/81/4227 262/356/679
f 59/76/681 63/77/4228 263/360/682
f 197/261/684 195/259/4229 264/26/685
f 195/259/687 265/256/4230 17/25/688
f 7/11/690 266/10/4231 265/256/691
f 266/10/693 11/18/4232 17/25/694
f 3/2/696 7/6/4233 194/252/697
f 267/3/699 3/2/4234 191/247/700
f 172/224/702 267/223/702 188/242/702
f 168/14/703 166/214/4235 269/361/704
f 166/214/706 268/213/4236 270/363/707
f 269/364/709 270/366/4237 271/365/710
f 270/366/712 272/372/4238 275/367/713
f 268/213/715 273/370/4239 272/368/716
f 343/369/718 274/456/4240 272/368/719
f 274/371/721 276/375/4241 275/367/722
f 271/365/724 275/367/4242 277/373/725
f 276/375/727 279/378/4243 277/373/728
f 278/374/730 277/373/4244 280/376/731
f 279/378/733 283/380/4245 280/376/734
f 282/377/736 280/376/4246 281/379/737
f 283/380/739 284/382/4247 281/379/740
f 285/381/742 287/386/4248 284/382/743
f 286/383/745 285/381/4249 283/380/746
f 290/384/748 288/385/4250 285/381/749
f 288/385/751 289/388/4251 287/386/752
f 291/387/754 293/498/972 289/388/755
f 291/387/757 288/385/4252 290/384/758
f 294/390/760 291/394/764 292/391/761
f 296/393/763 293/494/967 291/394/764
f 297/395/765 294/390/769 295/392/766
f 299/397/768 296/393/963 294/390/769
f 300/398/770 297/402/770 298/399/771
f 300/398/770 302/488/772 299/401/772
f 304/403/773 303/406/776 300/404/774
f 303/406/776 305/410/956 302/407/777
f 303/406/778 304/403/4253 307/408/779
f 305/410/781 303/406/778 306/409/780
f 311/412/783 309/418/4254 306/413/784
f 306/413/786 309/418/4255 310/415/787
f 314/417/789 310/415/4256 309/418/790
f 312/419/792 309/418/4257 311/412/793
f 315/421/795 312/419/4258 313/420/796
f 316/423/798 314/417/4259 312/419/799
f 320/173/801 316/423/4260 315/421/802
f 318/424/804 315/421/4261 317/422/805
f 322/426/807 321/427/4262 318/424/808
f 321/427/810 135/172/4263 320/173/811
f 139/176/813 137/171/4264 135/172/814
f 141/178/816 139/176/4265 321/427/817
f 323/200/819 322/426/4266 319/425/820
f 157/185/822 141/178/4267 322/426/823
f 158/201/825 323/200/4268 324/428/826
f 324/428/828 325/431/4269 327/430/829
f 319/425/831 317/422/4270 325/431/832
f 330/432/834 328/435/4271 326/433/835
f 160/203/837 158/202/4272 326/433/838
f 162/205/840 160/203/4273 328/435/841
f 328/435/843 330/432/4274 331/437/844
f 332/438/846 330/432/4275 327/434/847
f 330/432/849 332/438/4276 334/440/850
f 335/441/852 332/438/4277 333/439/853
f 332/438/855 335/441/4278 337/443/856
f 304/403/858 335/441/4279 336/442/859
f 335/441/861 304/403/4280 301/405/862
f 301/400/864 298/399/864 338/444/864
f 337/445/865 338/444/865 340/446/865
f 298/396/866 295/392/4281 339/448/867
f 338/449/869 339/448/4282 342/450/870
f 334/447/872 340/446/872 341/452/872
f 340/451/873 342/450/4283 343/369/874
f 339/448/876 345/461/4284 344/455/877
f 342/450/879 344/455/4285 274/456/880
f 344/457/882 346/459/4286 276/375/883
f 345/458/885 347/460/4287 346/459/886
f 346/459/888 286/383/4288 279/378/889
f 347/460/891 290/384/4289 286/383/892
f 292/389/894 290/384/4290 347/460/895
f 295/392/897 292/391/4291 345/461/898
f 341/454/900 343/369/4292 273/370/901
f 331/453/903 341/452/903 348/463/903
f 329/464/904 348/463/4293 165/465/905
f 165/466/907 348/462/4294 273/370/908
f 350/467/910 349/470/4295 336/468/911
f 349/470/913 311/412/4296 307/414/914
f 313/420/916 311/412/4297 349/470/917
f 325/431/919 350/467/4298 333/469/920
f 317/422/922 313/420/4299 350/467/923
f 123/151/925 351/472/4300 316/423/926
f 316/423/928 351/472/4301 353/471/929
f 120/145/932 352/473/4302 351/472/933
f 352/473/935 393/530/4303 354/474/936
f 353/471/938 354/474/4304 392/475/939
f 353/471/941 356/478/946 310/415/942
f 353/471/944 355/476/4305 357/477/945
f 356/478/947 357/477/4306 359/479/948
f 310/415/950 356/478/4307 358/480/951
f 360/481/952 305/410/781 308/411/782
f 361/483/954 360/481/952 358/482/953
f 305/410/956 360/481/958 362/485/957
f 360/481/958 361/483/4308 363/486/959
f 362/487/960 364/490/960 299/401/772
f 363/489/961 365/520/961 364/490/960
f 364/491/962 366/493/965 296/393/963
f 365/492/964 367/495/4309 366/493/965
f 366/493/966 368/496/969 293/494/967
f 367/495/968 369/516/4310 368/496/969
f 368/497/970 370/500/4311 289/388/971
f 369/499/973 371/502/4312 370/500/974
f 372/501/976 370/500/4313 371/502/977
f 289/388/979 370/500/4313 372/501/980
f 376/504/982 372/501/4314 373/505/983
f 372/501/985 374/503/4315 394/507/986
f 284/382/988 287/386/4316 372/501/989
f 376/504/992 377/506/4317 380/509/993
f 375/508/995 376/504/4318 37/46/996
f 37/46/999 376/504/4319 378/511/1000
f 379/510/1002 380/509/4320 394/507/1003
f 62/79/1005 378/511/4321 379/510/1006
f 379/510/1008 381/512/1013 68/86/1009
f 379/510/1011 374/503/4322 371/502/1012
f 381/512/1014 371/502/4323 369/499/1015
f 68/86/1017 381/512/4324 382/513/1018
f 383/514/1019 75/92/173 72/93/174
f 367/495/1021 383/514/1019 382/515/1020
f 75/92/1023 383/514/1025 384/517/1024
f 383/514/1025 367/495/4325 365/492/1026
f 81/102/184 78/101/183 384/518/1027
f 385/519/1027 384/518/1027 365/520/1028
f 385/521/1029 386/522/1032 84/109/1030
f 363/486/1031 361/483/4326 386/522/1032
f 386/522/1033 387/524/1036 87/523/1034
f 361/483/1035 359/484/4327 387/524/1036
f 387/525/1037 388/527/4328 89/114/1038
f 359/479/1040 357/477/4329 388/527/1041
f 389/528/1043 388/527/4330 357/477/1044
f 89/114/1046 388/527/4330 389/528/1047
f 352/473/1049 389/528/4331 390/529/1050
f 389/528/1052 355/476/4332 392/475/1053
f 95/121/1055 93/116/4333 389/528/1056
f 391/531/1059 352/473/4334 120/145/1060
f 95/121/1062 391/531/4335 112/139/1063
f 40/52/1069 378/511/4336 62/79/1070
f 284/382/1072 375/508/4337 29/40/1073
f 23/32/1075 282/377/4338 28/39/1076
f 15/22/1078 278/374/4339 282/377/1079
f 13/21/1081 271/365/4340 278/374/1082
f 118/540/1084 121/160/4341 395/165/1085
f 35/541/1087 38/61/4342 396/66/1088
f 398/544/1091 406/554/1091 401/545/1091
f 397/542/1092 400/548/1092 413/546/1092
f 397/542/1093 402/549/1093 403/547/1093
f 401/545/1094 404/553/1094 402/549/1094
f 401/545/1096 400/548/1097 403/547/1097
f 401/545/1099 405/555/1099 417/556/1100
f 411/557/1101 405/555/1102 406/554/1102
f 406/554/1103 408/561/1103 409/559/1103
f 406/554/1104 398/544/1104 410/560/1104
f 398/544/1106 407/558/1106 409/559/1106
f 412/565/1108 407/558/1108 398/544/1108
f 411/557/1109 412/565/1109 413/546/1110
f 413/546/1111 412/565/1112 414/566/1112
f 399/543/1113 416/571/1113 414/566/1113
f 413/546/1115 415/567/1115 416/571/1116
f 417/556/1118 418/573/1118 419/572/1118
f 405/555/1119 420/577/1119 418/573/1119
f 405/555/1121 411/557/1121 419/572/1121
f 465/3035/1202 463/3036/1207 464/3037/1239
f 464/3037/1239 814/3038/1202 465/3035/1202
f 814/3038/1202 813/3039/1202 465/3035/1202
f 813/3039/1202 484/3040/1222 491/641/1202
f 484/3040/1222 486/3041/1210 491/641/1202
f 486/3041/1210 488/3042/1209 491/641/1202
f 491/641/1202 494/3043/4343 507/3044/1202
f 494/3043/4343 497/3045/1229 507/3044/1202
f 497/3045/1229 812/3046/1229 507/3044/1202
f 507/3044/1202 509/3047/4344 511/3048/1202
f 511/3048/1202 514/3049/1229 811/642/1202
f 811/642/1202 524/3050/1239 531/3051/1202
f 524/3050/1239 526/3052/1202 531/3051/1202
f 526/3052/1202 528/3053/4345 531/3051/1202
f 531/3051/1202 810/3054/4346 541/3055/1202
f 541/3055/1202 543/3056/1267 545/643/1202
f 545/643/1202 548/3057/4347 551/3058/1210
f 551/3058/1210 573/3059/4348 572/3060/1202
f 572/3060/1202 571/3061/4349 570/3062/1210
f 570/3062/1210 569/3063/1272 572/3060/1202
f 569/3063/1272 465/3035/1202 572/3060/1202
f 507/3044/1202 511/3048/1202 491/641/1202
f 511/3048/1202 811/642/1202 491/641/1202
f 531/3051/1202 541/3055/1202 545/643/1202
f 545/643/1202 551/3058/1210 572/3060/1202
f 465/3035/1202 813/3039/1202 491/641/1202
f 811/642/1202 531/3051/1202 545/643/1202
f 545/643/1202 572/3060/1202 465/3035/1202
f 465/3035/1202 491/641/1202 545/643/1202
f 463/644/1203 466/651/1203 468/645/1203
f 467/647/1204 466/650/1204 463/648/1204
f 466/650/1202 467/647/1202 471/647/1202
f 466/651/1202 469/651/1202 472/645/1202
f 471/647/1205 574/733/1205 470/652/1205
f 469/651/1206 470/783/1206 473/653/1206
f 468/645/1202 472/645/1202 474/654/1207
f 472/645/1208 473/653/1208 476/655/1208
f 478/656/1209 475/654/1207 474/654/1207
f 474/654/1211 476/655/1401 479/657/1211
f 483/658/1212 478/656/1209 477/656/1210
f 477/656/1213 479/657/4350 481/660/1213
f 480/659/1215 481/660/1215 653/661/1215
f 485/663/1209 483/658/1212 480/659/1212
f 484/664/1216 483/658/1216 485/663/1216
f 478/656/1213 483/658/1213 484/664/1213
f 485/663/1217 487/668/1217 488/667/1217
f 487/668/1202 485/663/1209 482/662/1209
f 488/667/1218 487/668/1218 490/669/1218
f 490/669/1202 487/668/1202 489/668/1202
f 491/670/1219 490/669/1220 493/671/1220
f 493/671/1222 490/669/1202 492/669/1202
f 493/671/1223 496/674/1223 497/673/1224
f 496/674/1202 493/671/1222 495/671/1222
f 496/674/1226 498/676/1226 812/675/1226
f 498/676/1202 496/674/1202 499/674/1202
f 500/677/1226 502/678/1226 501/676/1226
f 495/671/1223 654/771/1223 500/677/1223
f 502/678/1227 504/680/4351 503/679/1227
f 506/679/1229 498/676/1202 501/676/1210
f 504/680/1230 806/767/1230 505/681/1230
f 506/679/1229 503/679/1229 505/681/1231
f 506/679/1232 508/681/1232 509/682/1233
f 812/675/1234 498/676/1234 506/679/1234
f 509/682/1235 508/681/1236 510/684/1236
f 508/681/1231 505/681/1231 512/684/1210
f 511/685/1238 510/684/1238 513/686/1238
f 513/686/1239 510/684/1229 512/684/1210
f 514/687/1240 513/686/1241 515/688/1241
f 515/688/1202 513/686/1239 516/686/1239
f 517/690/1242 519/692/1242 518/688/1242
f 807/691/1238 517/690/1238 516/686/1238
f 519/692/1244 521/694/1350 520/693/1244
f 523/693/1202 515/688/1202 518/688/1202
f 521/694/1245 808/761/1245 522/695/1245
f 523/693/1202 520/693/1202 522/695/1202
f 524/696/1245 523/693/1245 525/695/1245
f 515/688/1244 523/693/1244 524/696/1244
f 525/695/1246 527/700/1246 528/698/1247
f 525/695/1202 522/695/1202 529/699/1249
f 528/698/1250 527/700/1250 530/701/1250
f 527/700/1249 529/699/1249 533/703/1249
f 530/701/1251 532/705/1251 810/704/1252
f 532/705/1249 530/701/1249 533/703/1249
f 534/707/1251 536/708/1251 535/706/1251
f 529/699/1250 809/757/1250 534/707/1250
f 536/708/1253 538/711/1253 537/709/1253
f 540/710/1210 532/705/1249 535/706/1249
f 538/711/1255 602/752/1365 539/712/1255
f 540/710/1210 537/709/1202 539/712/1209
f 540/710/1257 542/712/1257 543/713/1258
f 810/704/1259 532/705/1254 540/710/1254
f 543/713/1260 542/712/1261 544/715/1261
f 542/712/1209 539/712/1209 546/717/1202
f 544/715/1262 547/719/1262 548/718/1263
f 544/715/1202 546/717/1202 549/719/1222
f 547/719/1265 550/721/1265 551/720/1266
f 547/719/1222 549/719/1222 553/721/1267
f 551/720/1268 550/721/1268 552/722/1268
f 550/721/1267 553/721/1267 555/722/1229
f 553/721/1268 554/748/1268 556/724/1268
f 596/725/1265 554/748/1265 553/721/1265
f 555/722/1270 556/724/1270 559/726/1271
f 552/722/1229 555/722/1229 557/727/1210
f 561/728/1239 558/727/1202 557/727/1210
f 557/727/1273 559/726/1273 562/729/1273
f 564/730/1272 561/728/1239 560/728/1272
f 560/728/1276 562/729/1276 565/731/1276
f 564/730/1272 563/730/1275 566/732/1272
f 565/731/1277 567/739/1277 566/732/1277
f 566/732/1278 567/739/1278 574/733/1279
f 467/647/1202 568/732/1272 566/732/1272
f 569/734/1280 568/732/1280 467/647/1280
f 564/730/1281 568/732/1281 569/734/1282
f 571/736/1276 561/728/4352 564/730/1276
f 558/727/1283 561/728/1283 571/736/1274
f 573/723/1284 552/722/1270 558/727/1270
f 575/738/1285 576/740/1302 574/733/1286
f 577/731/1288 575/738/1285 567/739/1287
f 575/738/1222 578/739/1202 580/733/1202
f 577/731/1202 581/743/1202 578/739/1202
f 579/741/1278 670/785/4353 580/733/1278
f 582/742/1290 579/741/1290 578/739/1290
f 577/731/1202 584/745/1202 583/729/1202
f 585/744/1276 582/742/1276 581/743/1276
f 584/745/1202 587/746/1239 586/726/1202
f 586/726/1274 588/747/1273 585/744/1274
f 592/724/1202 589/724/1202 586/726/1202
f 589/724/1271 590/749/4354 588/747/1271
f 591/748/1268 731/818/1268 590/749/1268
f 592/724/1202 593/748/1202 591/748/1202
f 592/724/1293 587/746/1289 559/726/1289
f 593/748/1294 592/724/1293 556/724/1293
f 593/748/1202 594/750/1210 595/725/1202
f 594/750/1295 593/748/1294 554/748/1293
f 597/751/1202 599/751/1202 595/725/1202
f 597/751/1293 594/750/1295 596/725/1295
f 600/752/1293 597/751/1293 598/751/1293
f 600/752/1202 601/752/1202 599/751/1202
f 600/752/1202 603/711/1207 605/753/1202
f 603/711/1296 600/752/1293 602/752/1293
f 604/708/1202 607/756/1202 605/753/1202
f 603/711/1296 538/711/1296 536/708/1297
f 606/754/1255 720/811/1365 601/752/1255
f 608/755/1254 606/754/1253 605/753/1254
f 609/707/1251 611/760/1251 608/755/1251
f 604/708/1202 610/758/1207 609/707/1202
f 613/757/1202 612/759/1202 609/707/1202
f 612/759/1250 614/762/1250 611/760/1250
f 613/757/1202 616/761/1202 615/761/1202
f 615/761/1246 617/763/4355 614/762/1246
f 616/761/1202 621/694/1202 618/694/1202
f 618/694/1299 619/764/1299 617/763/1299
f 620/692/1300 707/765/1300 619/764/1300
f 622/692/1202 620/692/1239 618/694/1202
f 616/761/1301 808/761/1446 521/694/1293
f 621/694/1293 521/694/1293 519/692/1293
f 622/692/1202 623/690/1202 625/690/1202
f 622/692/1293 519/692/1293 517/690/1293
f 623/690/1202 624/691/1202 627/691/1202
f 623/690/1302 517/690/1293 807/691/1303
f 625/690/1241 626/766/1241 707/765/1241
f 627/691/1304 628/768/1238 626/766/1304
f 630/767/1202 629/767/1202 627/691/1202
f 629/767/1236 631/769/1236 628/768/1236
f 630/767/1202 635/680/1202 632/680/1202
f 632/680/1305 633/770/1305 631/769/1305
f 634/678/1234 696/772/1234 633/770/1234
f 636/678/1202 634/678/1202 632/680/1202
f 630/767/1303 806/767/1302 504/680/1293
f 635/680/1293 504/680/1293 502/678/1293
f 636/678/1202 637/677/1202 639/677/1202
f 636/678/1293 502/678/1293 500/677/1293
f 637/677/1202 638/771/1202 641/771/1202
f 637/677/1293 500/677/1293 654/771/1288
f 639/677/1226 640/800/1226 696/772/1226
f 642/773/1306 640/800/4356 639/677/1224
f 638/771/1202 644/774/1202 643/774/1202
f 643/774/1219 645/776/4357 642/773/1308
f 649/775/1202 646/775/1202 643/774/1202
f 646/775/1310 647/797/1218 645/776/1310
f 685/777/1217 647/797/1217 646/775/1217
f 649/775/1202 650/778/1202 648/661/1202
f 644/774/1293 652/774/1293 651/775/1293
f 649/775/1293 651/775/1293 653/661/1293
f 489/668/1218 651/775/1218 652/774/1218
f 482/662/1311 653/661/1311 651/775/1312
f 655/779/1314 650/778/1293 653/661/1293
f 638/771/1288 654/771/1288 652/774/1293
f 652/774/1220 654/771/1220 495/671/1220
f 655/779/1202 657/660/1202 648/661/1202
f 655/779/1202 656/657/1202 659/657/1202
f 656/657/1314 655/779/1314 481/660/1314
f 658/780/1315 685/777/1315 648/661/1315
f 660/781/1213 658/780/1213 657/660/1213
f 656/657/1202 662/655/1239 661/655/1202
f 663/782/1316 660/781/1316 659/657/1316
f 665/653/1202 664/653/1207 661/655/1202
f 664/653/1208 666/788/1208 663/782/1317
f 665/653/1202 669/783/1202 667/783/1202
f 668/784/1206 666/788/1206 664/653/1206
f 670/785/1205 668/786/1205 667/652/1205
f 576/740/1202 580/733/1202 667/652/1202
f 576/740/1302 669/652/1293 470/652/1293
f 669/783/1293 665/653/1293 473/653/1293
f 671/786/1318 668/786/1318 670/785/1318
f 671/784/1319 674/791/1319 666/788/1319
f 673/787/1205 742/827/1205 672/789/1205
f 672/790/1206 675/835/1206 674/791/1206
f 674/791/1320 675/835/1317 677/792/1320
f 676/782/1321 663/782/1321 666/788/1322
f 676/782/1316 677/792/4358 679/793/1316
f 676/782/1324 678/794/1324 660/781/1324
f 679/793/1213 681/795/4359 680/780/1213
f 680/780/1325 658/780/1325 660/781/1326
f 681/795/1216 683/796/4360 682/777/1216
f 680/780/1327 682/777/1327 685/777/1327
f 683/796/1217 686/844/4361 684/797/1217
f 684/797/1328 647/797/4362 685/777/1328
f 684/797/1218 686/844/1218 688/798/1218
f 684/797/1329 687/776/4363 645/776/1330
f 688/798/1219 690/848/1219 689/773/1219
f 687/776/1331 689/773/4364 642/773/1331
f 689/773/1224 690/848/1224 692/799/1224
f 691/800/1332 640/800/1332 642/773/1333
f 692/799/1226 694/852/1226 693/772/1226
f 693/772/1335 696/772/1335 640/800/1336
f 693/772/1234 694/852/1234 697/801/1228
f 693/772/1339 695/770/1339 633/770/1339
f 695/770/1232 697/801/1232 699/802/1232
f 695/770/1342 698/769/1342 631/769/1342
f 698/769/1343 700/768/4365 628/768/1343
f 698/769/1236 699/802/4366 701/803/1236
f 701/803/1345 703/804/1345 702/766/1345
f 700/768/1346 702/766/1346 626/766/1346
f 703/804/1347 705/861/1347 704/765/1347
f 702/766/1348 704/765/4367 707/765/1349
f 704/765/1350 705/861/1350 708/805/1350
f 704/765/1351 706/764/4368 619/764/1352
f 708/805/1353 710/865/1353 709/763/1353
f 709/763/1354 617/763/1354 619/764/1354
f 709/763/1355 711/807/4369 614/762/1355
f 709/763/1357 710/865/1357 712/806/1357
f 711/807/1358 712/806/1358 714/808/1358
f 711/807/1359 713/760/1359 611/760/1359
f 713/760/1360 714/808/4370 716/809/1360
f 713/760/1361 715/755/1361 608/755/1361
f 715/755/1254 716/809/1254 718/810/1254
f 717/754/1363 606/754/1363 608/755/1363
f 718/810/1365 721/874/1255 719/811/1365
f 719/811/1366 720/811/4371 606/754/1367
f 719/811/1369 722/814/4372 723/812/1369
f 719/811/1371 721/874/1371 724/813/1371
f 722/814/1372 725/815/4373 726/815/1373
f 724/813/1263 727/878/1263 725/815/1263
f 728/816/1375 731/818/1375 726/815/1376
f 725/815/1265 727/878/1265 729/817/1265
f 729/817/1292 732/883/1292 730/749/1292
f 730/749/1379 590/749/4374 731/818/1379
f 726/815/1265 731/818/1265 591/748/1265
f 730/749/1381 732/883/4375 734/819/1381
f 733/747/1382 588/747/1382 590/749/1383
f 734/819/1274 736/822/1274 735/820/1274
f 735/820/1385 585/744/4376 588/747/1385
f 737/821/1386 582/742/4377 585/744/1386
f 736/822/1276 738/824/1276 737/821/1276
f 739/823/1388 579/741/1388 582/742/1388
f 738/824/1277 740/825/1277 739/823/1277
f 740/825/1389 742/827/1279 673/787/1279
f 673/787/1390 670/785/4378 579/741/1390
f 741/826/1392 743/830/4379 742/827/1392
f 738/824/1394 803/887/4380 741/826/1394
f 742/827/1396 743/830/1396 745/828/1396
f 805/829/1280 744/3064/1280 743/830/1280
f 743/830/1204 744/3064/1204 746/831/1204
f 745/832/1203 746/3065/1203 748/833/1203
f 672/790/1398 745/832/1398 747/834/1398
f 748/833/1399 750/837/1399 749/836/1399
f 747/834/1400 749/836/4381 677/792/1400
f 750/837/1211 752/3066/1211 751/838/1401
f 677/792/1402 749/836/4382 751/838/1402
f 751/838/1213 752/3066/1213 754/839/1213
f 679/793/1404 751/838/4383 753/840/1404
f 754/839/1216 756/3067/1216 755/841/1216
f 753/840/1406 755/841/4384 683/796/1406
f 755/841/1312 756/3067/1217 758/842/1217
f 683/796/1407 755/841/4385 757/843/1407
f 758/842/1218 760/3068/1218 759/845/1409
f 686/844/1410 757/843/4386 759/845/1410
f 759/845/1221 760/3068/1220 762/846/1220
f 759/845/1412 761/847/4387 690/848/1412
f 762/846/1223 764/3069/1223 763/849/1225
f 690/848/1413 761/847/4388 763/849/1413
f 763/849/1414 764/3069/1226 766/850/1226
f 763/849/1415 765/851/4389 694/852/1415
f 766/850/1234 768/3070/1234 767/853/1338
f 694/852/1417 765/851/4390 767/853/1417
f 767/853/1233 768/3070/1233 770/854/1233
f 697/801/1419 767/853/1419 769/855/1419
f 770/854/1237 772/3071/1237 771/856/1237
f 769/855/1420 771/856/4391 701/803/1420
f 771/856/1238 772/3071/1238 774/857/1238
f 771/856/1422 773/858/1422 703/804/1422
f 773/858/1241 774/857/1240 776/859/1240
f 703/804/1423 773/858/1423 775/860/1423
f 776/859/1244 778/863/1244 777/862/1244
f 775/860/1425 777/862/4392 708/805/1425
f 778/863/1245 780/3072/1245 779/864/1245
f 777/862/1426 779/864/1426 710/865/1426
f 779/864/1248 780/3072/1247 782/866/1247
f 779/864/1427 781/867/4393 712/806/1427
f 782/866/1250 784/3073/1250 783/868/1250
f 781/867/1429 783/868/4394 714/808/1429
f 783/868/1251 784/3073/1251 786/869/1251
f 714/808/1431 783/868/4395 785/870/1431
f 786/869/1254 788/3074/1254 787/871/1254
f 716/809/1432 785/870/1432 787/871/1432
f 787/871/1258 788/3074/1258 790/872/1258
f 718/810/1433 787/871/4396 789/873/1433
f 790/872/1260 792/876/1260 791/875/1260
f 721/874/1434 789/873/4397 791/875/1434
f 792/876/1262 794/3075/1262 793/877/1263
f 791/875/1435 793/877/1435 727/878/1435
f 793/877/1265 794/3075/1436 796/879/1436
f 727/878/1437 793/877/1437 795/880/1437
f 795/880/1268 796/879/1268 798/881/1268
f 795/880/1439 797/882/4398 732/883/1439
f 798/881/1284 800/3076/1284 799/884/1284
f 797/882/1440 799/884/1440 734/819/1440
f 799/884/1274 800/3076/1274 802/885/1274
f 799/884/1442 801/886/4399 736/822/1442
f 802/885/1276 804/3077/1276 803/887/1276
f 801/886/1444 803/887/4400 738/824/1444
f 803/887/1281 804/3077/1281 805/829/1281
f 750/890/1293 748/3078/4401 746/3079/4402
f 746/3079/4402 744/3080/4403 805/3081/1302
f 805/3081/1302 804/3082/4404 802/3083/1293
f 802/3083/1293 800/3084/4405 798/3085/1294
f 798/3085/1294 796/3086/4406 794/3087/1293
f 794/3087/1293 792/3088/4407 790/3089/1293
f 790/3089/1293 788/3090/4408 786/3091/4409
f 786/3091/4409 784/3092/4410 790/3089/1293
f 784/3092/4410 782/888/1446 790/3089/1293
f 782/888/1446 780/3093/4411 778/3094/1446
f 778/3094/1446 776/3095/4412 774/3096/1303
f 774/3096/1303 772/3097/1293 766/889/1293
f 772/3097/1293 770/3098/4413 766/889/1293
f 770/3098/4413 768/3099/1293 766/889/1293
f 766/889/1293 764/3100/1293 758/3101/1293
f 764/3100/1293 762/3102/1288 758/3101/1293
f 762/3102/1288 760/3103/1294 758/3101/1293
f 758/3101/1293 756/3104/1294 750/890/1293
f 756/3104/1294 754/3105/1314 750/890/1293
f 754/3105/1314 752/3106/4414 750/890/1293
f 750/890/1293 746/3079/4402 805/3081/1302
f 805/3081/1302 802/3083/1293 798/3085/1294
f 798/3085/1294 794/3087/1293 782/888/1446
f 794/3087/1293 790/3089/1293 782/888/1446
f 782/888/1446 778/3094/1446 766/889/1293
f 778/3094/1446 774/3096/1303 766/889/1293
f 750/890/1293 805/3081/1302 782/888/1446
f 805/3081/1302 798/3085/1294 782/888/1446
f 766/889/1293 758/3101/1293 750/890/1293
f 599/751/1263 723/812/1263 726/815/1263
f 720/811/1260 723/812/1260 599/751/1260
f 665/653/1293 662/655/1446 476/655/1446
f 656/657/1314 479/657/1314 476/655/1446
f 630/767/1303 624/691/1303 807/691/1303
f 806/767/1236 807/691/4366 512/684/1236
f 613/757/1448 809/757/1449 808/761/1446
f 808/761/1247 809/757/1246 529/699/1246
f 613/757/1448 610/758/1297 534/707/1288
f 604/708/1297 536/708/1297 534/707/1288
f 602/752/1260 598/751/1260 546/717/1260
f 546/717/1263 598/751/1263 596/725/1263
f 587/746/1289 584/745/1451 562/729/1451
f 577/731/1288 565/731/1289 562/729/1451
f 475/654/1452 478/656/1452 813/666/1211
f 468/645/1399 475/654/1399 814/891/1399
f 817/893/1453 815/3107/4415 816/3108/1482
f 816/3108/1482 1358/3109/4416 1357/3110/1453
f 1357/3110/1453 836/3111/4417 838/3112/1499
f 838/3112/1499 840/3113/1464 1357/3110/1453
f 840/3113/1464 843/3114/1453 1357/3110/1453
f 843/3114/1453 846/3115/4418 849/3116/1453
f 849/3116/1453 1356/3117/1506 859/3118/1453
f 859/3118/1453 861/3119/1485 863/3120/4419
f 863/3120/4419 866/3121/1453 859/3118/1453
f 866/3121/1453 1355/894/1453 859/3118/1453
f 1355/894/1453 876/3122/4420 878/3123/4421
f 878/3123/4421 880/3124/1456 1355/894/1453
f 880/3124/1456 883/3125/1453 1355/894/1453
f 883/3125/1453 1354/3126/4422 897/3127/1453
f 1354/3126/4422 893/3128/1499 897/3127/1453
f 893/3128/1499 895/3129/4422 897/3127/1453
f 897/3127/1453 900/3130/1464 903/3131/1506
f 903/3131/1506 925/3132/1464 897/3127/1453
f 925/3132/1464 924/892/1453 897/3127/1453
f 924/892/1453 923/3133/4419 922/3134/4423
f 922/3134/4423 921/3135/1453 924/892/1453
f 921/3135/1453 817/893/1453 924/892/1453
f 817/893/1453 816/3108/1482 1357/3110/1453
f 843/3114/1453 849/3116/1453 1355/894/1453
f 849/3116/1453 859/3118/1453 1355/894/1453
f 817/893/1453 1357/3110/1453 1355/894/1453
f 1357/3110/1453 843/3114/1453 1355/894/1453
f 1355/894/1453 883/3125/1453 897/3127/1453
f 897/3127/1453 924/892/1453 1355/894/1453
f 815/895/1454 818/902/1454 820/896/1454
f 817/898/1455 819/901/1455 818/899/1455
f 818/899/1453 819/901/1456 823/901/1453
f 818/902/1453 821/902/1456 824/896/1457
f 926/903/1455 822/1037/1455 821/899/1455
f 822/904/1454 825/906/1454 824/896/1454
f 820/896/1457 824/896/1457 826/905/1453
f 825/906/1458 828/908/1458 826/905/1458
f 830/907/1459 827/905/1456 826/905/1453
f 828/908/1460 831/1030/1460 829/907/1460
f 835/909/1453 830/907/1459 829/907/1459
f 829/907/1461 831/1030/1573 833/910/1461
f 832/909/1463 833/910/1463 1005/911/1463
f 835/909/1453 832/909/1453 834/912/1464
f 835/909/1463 837/913/1463 838/914/1465
f 830/907/1461 835/909/1461 836/915/1461
f 837/913/1466 839/918/1466 840/917/1467
f 839/918/1468 837/913/1464 834/912/1464
f 839/918/1469 842/920/1469 843/919/1469
f 839/918/1468 841/918/1468 844/920/1468
f 842/920/1470 845/922/1470 846/921/1470
f 842/920/1468 844/920/1468 847/922/1453
f 846/921/1471 845/922/1471 848/923/1471
f 845/922/1453 847/922/1453 851/923/1453
f 849/924/1472 848/923/1472 850/925/1472
f 848/923/1453 851/923/1453 853/927/1453
f 851/923/1473 852/929/1472 854/928/1474
f 847/922/1471 1006/1019/1471 852/929/1471
f 853/927/1475 854/928/1547 856/930/1475
f 858/931/1453 850/925/1453 853/927/1453
f 856/930/1476 1350/1013/1476 857/932/1476
f 858/931/1453 855/931/1453 857/932/1453
f 858/931/1477 860/933/1477 861/934/1478
f 850/925/1480 858/931/1480 859/935/1480
f 861/934/1481 860/933/1481 862/936/1481
f 860/933/1453 857/932/1453 864/936/1482
f 863/937/1483 862/936/1484 865/938/1484
f 865/938/1453 862/936/1482 864/936/1482
f 865/938/1486 867/941/1486 1355/940/1486
f 865/938/1453 868/938/1485 870/941/1482
f 868/938/1486 869/1009/1486 871/942/1486
f 1351/943/1484 869/1009/1484 868/938/1484
f 870/941/1487 871/942/1487 873/944/1488
f 875/945/1453 867/941/1482 870/941/1482
f 873/944/1489 1352/1005/1489 874/946/1489
f 877/946/1456 875/945/1453 872/945/1456
f 876/947/1489 875/945/1489 877/946/1489
f 1355/940/1488 867/941/1488 875/945/1488
f 877/946/1491 879/950/1491 880/949/1492
f 877/946/1456 874/946/1490 881/950/1456
f 880/949/1493 879/950/1493 882/951/1493
f 879/950/1456 881/950/1456 885/951/1456
f 882/951/1494 884/954/1494 1354/953/1495
f 882/951/1456 885/951/1456 887/954/1464
f 885/951/1495 886/1004/1495 888/955/1495
f 1353/956/1493 886/1004/1493 885/951/1493
f 888/955/1496 890/958/1533 889/957/1497
f 884/954/1464 887/954/1464 889/957/1464
f 890/958/1498 954/1000/4424 891/959/1498
f 892/957/1459 889/957/1464 891/959/1499
f 892/957/1498 894/959/1498 895/960/1498
f 1354/953/1501 884/954/1502 892/957/1502
f 894/959/1503 896/963/1503 897/962/1503
f 894/959/1500 891/959/1499 898/963/1464
f 896/963/1504 899/965/1504 900/964/1504
f 896/963/1464 898/963/1464 901/965/1453
f 900/964/1505 899/965/1505 902/966/1505
f 899/965/1453 901/965/1453 905/966/1506
f 903/967/1508 902/966/1509 904/968/1509
f 904/968/1453 902/966/1507 905/966/1506
f 905/966/1508 906/995/4425 908/971/1508
f 948/972/1505 906/995/1728 905/966/1505
f 907/970/1510 908/971/1510 911/973/1510
f 910/975/1464 904/968/1453 907/970/1456
f 913/976/1464 910/975/1464 909/974/1464
f 911/973/1511 914/979/1511 912/977/1511
f 913/976/1464 912/977/1464 915/978/1485
f 914/979/1513 917/982/1513 915/978/1513
f 920/980/1482 916/978/1485 915/978/1485
f 917/982/1514 919/983/1739 918/981/1515
f 919/983/1517 926/903/1517 823/901/1517
f 920/980/1482 918/981/1482 823/901/1453
f 920/980/1518 819/901/1518 817/898/1517
f 922/985/1515 916/978/1514 920/980/1514
f 923/986/1519 913/976/1519 916/978/1519
f 910/975/1512 913/976/1512 923/986/1511
f 904/968/1510 910/975/1510 924/987/1510
f 928/903/1520 926/903/1520 919/983/1521
f 929/982/1523 927/988/1522 919/983/1521
f 927/988/1453 930/988/1453 932/903/1453
f 929/982/1453 933/982/1453 930/988/1453
f 931/989/1525 1022/1038/1525 932/903/1525
f 934/990/1514 931/989/1514 930/988/1514
f 936/991/1453 935/991/1453 933/982/1453
f 935/991/1519 937/1082/1826 934/990/1519
f 936/991/1453 939/993/1453 938/973/1453
f 940/992/1511 937/1082/1512 935/991/1512
f 939/993/1453 944/997/1453 941/971/1453
f 941/971/1510 942/1079/1510 940/992/1510
f 1083/994/1508 942/1079/1509 941/971/1509
f 945/996/1464 943/995/1464 941/971/1453
f 939/993/1527 911/973/1550 908/971/1528
f 944/997/1522 908/971/1528 906/995/1523
f 946/972/1453 947/999/1453 943/995/1464
f 945/996/1523 906/995/1523 948/972/1523
f 949/998/1453 951/998/1453 947/999/1453
f 949/998/1529 946/972/1523 948/972/1523
f 949/998/1529 950/998/1529 954/1000/1523
f 949/998/1453 952/1000/1453 953/1000/1453
f 955/958/1456 957/958/1456 953/1000/1453
f 952/1000/1523 954/1000/1523 890/958/1521
f 956/955/1453 959/955/1453 957/958/1456
f 956/955/1531 955/958/1530 890/958/1521
f 957/958/1532 958/1070/1532 1072/1001/1498
f 960/1002/1497 958/1070/1501 957/958/1497
f 963/1003/1534 960/1002/1535 959/955/1535
f 962/1004/1453 961/1004/1453 959/955/1453
f 962/1004/1453 965/956/1453 964/956/1453
f 964/956/1493 966/1006/4426 963/1003/1537
f 965/956/1453 968/1005/1453 967/1005/1453
f 967/1005/1538 969/1007/1538 966/1006/1538
f 973/944/1464 970/944/1485 967/1005/1453
f 970/944/1539 971/1008/1539 969/1007/1539
f 972/942/1541 1059/1011/4427 971/1008/1542
f 973/944/1464 974/942/1456 972/942/1456
f 968/1005/1521 1352/1005/1521 873/944/1521
f 974/942/1522 973/944/1521 873/944/1521
f 975/1009/1453 977/1009/1453 972/942/1456
f 975/1009/1521 974/942/1522 871/942/1522
f 975/1009/1453 976/943/1453 979/1010/1453
f 975/1009/1521 869/1009/1521 1351/943/1524
f 977/1009/1544 978/1012/4428 1059/1011/1486
f 979/1010/1483 980/1014/4429 978/1012/1483
f 976/943/1453 982/1013/1453 981/1013/1453
f 981/1013/1546 983/1059/1546 980/1014/1546
f 987/1015/1453 984/930/1453 981/1013/1453
f 985/1016/1476 983/1059/1476 981/1013/1476
f 986/928/1547 1048/1021/1547 985/1016/1475
f 988/1017/1453 986/928/1453 984/930/1453
f 987/1015/1522 982/1013/1523 1350/1013/1523
f 988/1017/1550 987/1015/1522 856/930/1549
f 989/1018/1453 991/929/1464 986/928/1453
f 989/1018/1523 988/1017/1550 854/928/1522
f 989/1018/1453 990/1020/1453 993/1019/1453
f 990/1020/1523 989/1018/1523 852/929/1523
f 991/929/1473 992/1022/1472 1048/1021/1474
f 993/1019/1471 994/1053/1471 992/1022/1471
f 996/1023/1453 995/1025/1453 993/1019/1453
f 997/1024/1470 994/1053/1470 993/1019/1470
f 996/1023/1453 1001/1026/1453 998/1026/1453
f 998/1026/1469 999/1051/4430 997/1024/1469
f 1037/1027/1553 999/1051/4431 998/1026/1553
f 1002/1028/1456 1000/911/1456 998/1026/1453
f 1001/1026/1554 996/1023/1529 1004/1025/1523
f 1002/1028/1530 1001/1026/1554 1003/1026/1554
f 1003/1026/1555 1004/1025/1555 844/920/1555
f 834/912/1553 1005/911/1553 1003/1026/1553
f 1007/1029/1558 1002/1028/1530 1005/911/1521
f 996/1023/1529 990/1020/1523 1006/1019/1523
f 1004/1025/1559 1006/1019/1470 847/922/1559
f 1007/1029/1453 1009/1029/1453 1000/911/1456
f 1008/1030/1453 1011/1030/1453 1009/1029/1453
f 1007/1029/1558 833/910/1558 831/1030/1523
f 1010/1031/1560 1037/1027/1560 1000/911/1560
f 1012/1032/1562 1010/1031/1562 1009/1029/1562
f 1014/908/1453 1013/908/1453 1011/1030/1453
f 1015/1033/1460 1012/1032/1460 1011/1030/1460
f 1017/906/1453 1016/1034/1453 1013/908/1453
f 1016/1034/1563 1018/1040/1563 1015/1033/1563
f 1017/906/1453 1021/904/1453 1019/904/1464
f 1020/1035/1454 1018/1040/1454 1016/1034/1454
f 932/903/1564 1022/1038/4432 1020/1036/1455
f 1021/1037/1453 928/903/1456 932/903/1453
f 1021/1037/1558 822/1037/1558 926/903/1520
f 1017/906/1521 825/906/1520 822/904/1558
f 1023/1036/1565 1020/1036/4433 1022/1038/1565
f 1026/1040/1566 1018/1040/1566 1020/1035/1566
f 1094/1041/1455 1024/1089/1455 1023/1036/1455
f 1023/1035/1454 1024/1094/4434 1027/1042/1454
f 1026/1040/1563 1027/1042/1563 1029/1043/1563
f 1026/1040/1568 1028/1044/4435 1015/1033/1568
f 1029/1043/1569 1031/1045/1460 1030/1032/1569
f 1030/1032/1570 1012/1032/1570 1015/1033/1571
f 1031/1045/1573 1033/1046/1573 1032/1031/1573
f 1032/1031/1574 1010/1031/1574 1012/1032/1574
f 1033/1046/1560 1035/1349/1560 1034/1027/1560
f 1034/1027/1575 1037/1027/1575 1010/1031/1575
f 1034/1027/1466 1035/1349/1466 1038/1047/1466
f 1036/1048/1576 999/1051/1576 1037/1027/1576
f 1036/1048/1555 1038/1047/1555 1040/1049/1555
f 1036/1048/1578 1039/1050/1578 997/1024/1578
f 1039/1050/1470 1040/1049/1470 1042/1052/1470
f 1039/1050/1579 1041/1053/4436 994/1053/1580
f 1041/1053/1471 1042/1052/1471 1044/1054/1471
f 1041/1053/1581 1043/1022/1581 992/1022/1581
f 1043/1022/1472 1044/1054/1472 1046/1055/1472
f 1043/1022/1582 1045/1056/4437 1048/1021/1582
f 1046/1055/1480 1049/1058/1480 1047/1057/1480
f 1045/1056/1583 1047/1057/1584 985/1016/1584
f 1049/1058/1476 1051/1061/1476 1050/1059/1476
f 1050/1059/1586 983/1059/1586 985/1016/1586
f 1052/1060/1587 980/1014/1587 983/1059/1587
f 1051/1061/1546 1053/1062/1546 1052/1060/1546
f 1053/1062/1484 1055/1063/1483 1054/1012/1484
f 1052/1060/1589 1054/1012/4438 978/1012/1590
f 1055/1063/1591 1057/1348/1591 1056/1011/1591
f 1056/1011/1592 1059/1011/1595 978/1012/1593
f 1056/1011/1543 1057/1348/1543 1060/1064/1488
f 1056/1011/1592 1058/1008/1594 971/1008/1594
f 1058/1008/1489 1060/1064/4439 1062/1065/1489
f 1058/1008/1597 1061/1007/1598 969/1007/1598
f 1061/1007/1598 1063/1006/1599 966/1006/1599
f 1061/1007/1491 1062/1065/1491 1064/1066/1491
f 1063/1006/1493 1064/1066/1493 1066/1067/1493
f 1063/1006/1601 1065/1003/4440 963/1003/1601
f 1065/1003/1535 1066/1067/1495 1068/1068/1535
f 1065/1003/1602 1067/1002/1602 960/1002/1602
f 1067/1002/1501 1068/1068/1501 1070/1069/1501
f 1069/1070/1603 958/1070/1606 960/1002/1604
f 1070/1069/1532 1073/1072/1532 1071/1001/1532
f 1069/1070/1603 1071/1001/1605 1072/1001/1605
f 1074/1071/1607 1075/1071/1607 1072/1001/1607
f 1073/1072/1503 1076/1074/1503 1074/1071/1503
f 1077/1073/1608 1078/1073/1608 1075/1071/1608
f 1076/1074/1504 1079/1347/1504 1077/1073/1504
f 1077/1073/1610 1080/1076/1610 1083/994/1610
f 1077/1073/1505 1079/1347/1505 1081/1075/1505
f 1081/1075/1508 1084/1346/1509 1082/1077/1509
f 1082/1077/1613 942/1079/1613 1083/994/1613
f 947/999/1614 1078/1073/1614 1083/994/1614
f 1082/1077/1510 1084/1346/1510 1086/1078/1510
f 1082/1077/1615 1085/992/1616 940/992/1616
f 1085/992/1512 1086/1078/1512 1088/1080/1512
f 1085/992/1617 1087/1081/4441 937/1082/1617
f 1087/1081/1618 1089/1084/1618 934/990/1618
f 1087/1081/1519 1088/1080/1519 1090/1083/1519
f 1091/989/1620 931/989/1620 934/990/1620
f 1089/1084/1514 1090/1083/1515 1092/1085/1514
f 1091/989/1517 1092/1085/4442 1094/1041/1517
f 1025/1039/1622 1022/1038/1622 931/989/1622
f 1093/1086/1624 1095/1088/1624 1094/1041/1624
f 1185/1087/1626 1093/1086/1626 1092/1085/1626
f 1095/1088/1627 1097/1091/4443 1024/1089/1627
f 1095/1088/1564 1096/1092/1564 1099/1090/1564
f 1093/1086/1517 1187/1177/1517 1096/1092/1517
f 1097/1093/1629 1098/1096/4444 1027/1042/1629
f 1099/1095/1454 1101/1099/1454 1098/1096/1454
f 1096/1092/1631 1190/1180/1631 1100/1097/1631
f 1100/1098/1632 1102/1102/1632 1101/1099/1632
f 1098/1096/1634 1101/1099/1634 1103/1100/1634
f 1102/1102/1635 1105/1190/4445 1103/1100/1635
f 1104/1101/1460 1103/1100/1460 1106/1103/1460
f 1103/1100/1636 1105/1190/1636 1108/1105/1636
f 1106/1103/1638 1109/1107/1562 1110/1106/1462
f 1108/1105/1639 1111/1109/1639 1109/1107/1639
f 1109/1107/1465 1112/1110/1465 1113/1108/1465
f 1111/1109/1641 1114/1196/1641 1112/1110/1641
f 1113/1108/1467 1112/1110/1467 1115/1111/1467
f 1112/1110/1642 1114/1196/1642 1117/1113/1642
f 1115/1111/1555 1118/1115/1555 1119/1114/1555
f 1117/1113/1644 1120/1118/1644 1118/1115/1644
f 1119/1114/1559 1118/1115/1559 1121/1116/1559
f 1120/1118/1647 1123/1121/4446 1121/1116/1648
f 1122/1117/1649 1121/1116/1649 1124/1119/1649
f 1123/1121/1650 1126/1124/4447 1124/1119/1650
f 1125/1120/1473 1124/1119/1474 1127/1122/1473
f 1126/1124/1651 1129/1127/1651 1127/1122/1651
f 1128/1123/1480 1127/1122/1548 1130/1125/1548
f 1129/1127/1652 1132/1207/1652 1130/1125/1653
f 1130/1125/1476 1133/1130/4448 1134/1128/1476
f 1130/1125/1655 1132/1207/1656 1135/1129/1656
f 1134/1128/1546 1133/1130/1708 1136/1131/1546
f 1135/1129/1658 1138/1135/4449 1136/1131/1658
f 1137/1132/1484 1136/1131/1484 1139/1133/1484
f 1138/1135/1659 1141/1213/1659 1139/1133/1659
f 1140/1134/1486 1139/1133/1544 1142/1136/1486
f 1139/1133/1660 1141/1213/1660 1144/1138/1660
f 1143/1137/1488 1142/1136/1488 1145/1139/1488
f 1142/1136/1662 1144/1138/1662 1147/1141/1662
f 1145/1139/1489 1148/1144/1489 1149/1142/1489
f 1145/1139/1663 1147/1141/1663 1150/1143/1663
f 1148/1144/1492 1151/1146/1492 1152/1145/1492
f 1150/1143/1664 1153/1222/1664 1151/1146/1664
f 1152/1145/1493 1151/1146/1493 1154/1147/1493
f 1151/1146/1665 1153/1222/4450 1156/1149/1665
f 1154/1147/1535 1157/1152/1535 1158/1150/1535
f 1154/1147/1666 1156/1149/4451 1159/1151/1666
f 1158/1150/1501 1157/1152/1497 1160/1153/1497
f 1157/1152/1668 1159/1151/1668 1162/1155/1668
f 1160/1153/1498 1163/1157/4452 1164/1156/1498
f 1162/1155/1669 1165/1230/1669 1163/1157/1670
f 1164/1156/1672 1163/1157/1672 1166/1158/1672
f 1163/1157/1673 1165/1230/1673 1168/1160/1673
f 1166/1158/1675 1169/1162/4453 1170/1161/1675
f 1168/1160/1676 1171/1234/1676 1169/1162/1676
f 1169/1162/1611 1172/1165/1611 1173/1163/1611
f 1169/1162/1677 1171/1234/1677 1174/1164/1677
f 1172/1165/1508 1175/1168/1509 1176/1166/1508
f 1172/1165/1678 1174/1164/1678 1177/1167/1678
f 1176/1166/1510 1175/1168/1510 1178/1169/1510
f 1175/1168/1680 1177/1167/1681 1180/1171/1681
f 1179/1170/1511 1178/1169/1511 1181/1172/1511
f 1178/1169/1682 1180/1171/1682 1183/1174/1682
f 1181/1172/1519 1184/1176/1519 1185/1087/1519
f 1181/1172/1683 1183/1174/1683 1186/1175/1683
f 1184/1176/1514 1187/1177/1514 1093/1086/1514
f 1186/1175/1684 1188/1178/4454 1187/1177/1685
f 1188/1178/1686 1190/1180/1686 1096/1092/1686
f 1189/1179/1687 1191/1183/4455 1190/1180/1688
f 1251/1181/1689 1189/1179/1689 1188/1178/1689
f 1190/1180/1690 1191/1183/4456 1193/1182/1690
f 1191/1183/1691 1192/1246/1455 1194/1184/1455
f 1254/1185/1525 1192/1246/1525 1191/1183/1517
f 1100/1098/1692 1193/1187/1692 1195/1186/1692
f 1193/1187/1693 1194/1251/1693 1196/1188/1693
f 1196/1188/1458 1198/1257/1458 1197/1189/1634
f 1195/1186/1694 1197/1189/1694 1105/1190/1694
f 1197/1189/1460 1198/1257/1460 1200/1191/1460
f 1197/1189/1695 1199/1192/1695 1108/1105/1695
f 1200/1191/1638 1202/1262/1462 1201/1193/1562
f 1199/1192/1696 1201/1193/1696 1111/1109/1696
f 1201/1193/1560 1202/1262/1560 1204/1194/1560
f 1201/1193/1698 1203/1195/1698 1114/1196/1698
f 1204/1194/1466 1206/1198/1553 1205/1197/1466
f 1114/1196/1699 1203/1195/4457 1205/1197/1699
f 1206/1198/1469 1208/1268/1556 1207/1199/1469
f 1117/1113/1701 1205/1197/1701 1207/1199/1701
f 1207/1199/1470 1208/1268/1559 1210/1200/1470
f 1120/1118/1702 1207/1199/1702 1209/1201/1702
f 1210/1200/1471 1212/1203/1471 1211/1202/1471
f 1123/1121/1703 1209/1201/1703 1211/1202/1703
f 1212/1203/1473 1214/1205/1473 1213/1204/1473
f 1126/1124/1704 1211/1202/1704 1213/1204/1704
f 1214/1205/1480 1216/1208/1480 1215/1206/1480
f 1129/1127/1706 1213/1204/1706 1215/1206/1706
f 1216/1208/1476 1218/1278/1476 1217/1209/1476
f 1132/1207/1707 1215/1206/4458 1217/1209/1707
f 1217/1209/1546 1218/1278/1546 1220/1210/1546
f 1135/1129/1709 1217/1209/1710 1219/1211/1710
f 1220/1210/1484 1222/1214/1484 1221/1212/1484
f 1219/1211/1711 1221/1212/4459 1141/1213/1712
f 1222/1214/1486 1224/1284/1486 1223/1215/1486
f 1141/1213/1714 1221/1212/1714 1223/1215/1714
f 1223/1215/1488 1224/1284/1488 1226/1216/1488
f 1144/1138/1716 1223/1215/1716 1225/1217/1716
f 1225/1217/1489 1226/1216/1489 1228/1218/1489
f 1225/1217/1717 1227/1219/1717 1150/1143/1717
f 1227/1219/1538 1228/1218/1538 1230/1220/1538
f 1227/1219/1718 1229/1221/1718 1153/1222/1719
f 1229/1221/1493 1230/1220/1493 1232/1223/1493
f 1229/1221/1720 1231/1224/1720 1156/1149/1720
f 1232/1223/1721 1234/1226/1535 1233/1225/1721
f 1156/1149/1722 1231/1224/1722 1233/1225/1722
f 1234/1226/1497 1236/1296/1497 1235/1227/1497
f 1233/1225/1723 1235/1227/1723 1162/1155/1723
f 1235/1227/1498 1236/1296/4452 1238/1228/1498
f 1235/1227/1724 1237/1229/1724 1165/1230/1724
f 1238/1228/1672 1240/1301/1672 1239/1231/1672
f 1237/1229/1725 1239/1231/1725 1168/1160/1726
f 1239/1231/1504 1240/1301/1675 1242/1232/1675
f 1239/1231/1727 1241/1233/1727 1171/1234/1727
f 1241/1233/1728 1242/1232/1505 1244/1235/1505
f 1171/1234/1729 1241/1233/1729 1243/1236/1729
f 1243/1236/1509 1244/1235/1508 1246/1237/1508
f 1174/1164/1730 1243/1236/4460 1245/1238/1730
f 1246/1237/1510 1248/1309/1510 1247/1239/1510
f 1245/1238/1733 1247/1239/1733 1180/1171/1734
f 1247/1239/1511 1248/1309/1512 1250/1240/1512
f 1247/1239/1737 1249/1241/4461 1183/1174/1737
f 1249/1241/1513 1250/1240/1619 1252/1242/1513
f 1249/1241/1738 1251/1181/1738 1186/1175/1738
f 1252/1242/1739 1254/1185/1739 1189/1179/1514
f 1252/1242/1740 1253/1249/1740 1255/1243/1740
f 1315/1244/1742 1253/1249/1742 1252/1242/1742
f 1254/1185/1743 1255/1243/1743 1257/1245/1743
f 1255/1243/1744 1256/1314/1744 1258/1247/1744
f 1318/1248/1745 1256/1314/1745 1255/1243/1745
f 1258/1247/1747 1260/1319/1747 1259/1250/1747
f 1257/1245/1748 1259/1250/1748 1194/1184/1748
f 1194/1251/1749 1259/1253/1749 1261/1252/1749
f 1259/1253/1750 1260/1320/1750 1262/1254/1750
f 1261/1252/1751 1262/1254/1751 1264/1255/1751
f 1261/1252/1753 1263/1256/1753 1198/1257/1753
f 1263/1256/1754 1264/1255/4462 1266/1258/1754
f 1263/1256/1756 1265/1259/1756 1200/1191/1756
f 1265/1259/1757 1266/1258/4463 1268/1260/1757
f 1200/1191/1758 1265/1259/4464 1267/1261/1758
f 1267/1261/1759 1268/1260/1759 1270/1263/1759
f 1202/1262/1760 1267/1261/4465 1269/1264/1760
f 1270/1263/1761 1272/1266/4466 1271/1265/1762
f 1269/1264/1764 1271/1265/1764 1206/1198/1765
f 1272/1266/1766 1274/1326/4467 1273/1267/1766
f 1206/1198/1767 1271/1265/1767 1273/1267/1767
f 1273/1267/1768 1274/1326/4468 1276/1269/1768
f 1208/1268/1769 1273/1267/4469 1275/1270/1769
f 1275/1270/1770 1276/1269/4470 1278/1271/1770
f 1210/1200/1771 1275/1270/1771 1277/1272/1771
f 1278/1271/1772 1280/1329/1772 1279/1273/1772
f 1212/1203/1773 1277/1272/1773 1279/1273/1773
f 1279/1273/1774 1280/1329/4471 1282/1274/1775
f 1214/1205/1776 1279/1273/4472 1281/1275/1776
f 1281/1275/1778 1282/1274/1778 1284/1276/1778
f 1281/1275/1779 1283/1277/4473 1218/1278/1779
f 1283/1277/1780 1284/1276/1780 1286/1279/1780
f 1218/1278/1782 1283/1277/1782 1285/1280/1782
f 1286/1279/1783 1288/1282/1783 1287/1281/1783
f 1220/1210/1784 1285/1280/1784 1287/1281/1784
f 1288/1282/1785 1290/1285/4474 1289/1283/1785
f 1222/1214/1786 1287/1281/4475 1289/1283/1787
f 1290/1285/1788 1292/1287/4476 1291/1286/1788
f 1224/1284/1790 1289/1283/1790 1291/1286/1790
f 1292/1287/1791 1294/1289/1791 1293/1288/1791
f 1291/1286/1792 1293/1288/4477 1228/1218/1792
f 1294/1289/1793 1296/1291/1793 1295/1290/1793
f 1228/1218/1794 1293/1288/1794 1295/1290/1794
f 1296/1291/1796 1298/1337/1796 1297/1292/1796
f 1295/1290/1798 1297/1292/4478 1232/1223/1798
f 1297/1292/1800 1298/1337/1800 1300/1293/1800
f 1232/1223/1801 1297/1292/1801 1299/1294/1801
f 1300/1293/1802 1302/1297/4479 1301/1295/1802
f 1299/1294/1803 1301/1295/4480 1236/1296/1803
f 1302/1297/1805 1304/1299/1805 1303/1298/1806
f 1236/1296/1808 1301/1295/1808 1303/1298/1808
f 1304/1299/1809 1306/1342/4481 1305/1300/1809
f 1303/1298/1810 1305/1300/1810 1240/1301/1810
f 1305/1300/1811 1306/1342/1811 1308/1302/1811
f 1240/1301/1812 1305/1300/1813 1307/1303/1813
f 1308/1302/1814 1310/1305/1814 1309/1304/1814
f 1242/1232/1815 1307/1303/4482 1309/1304/1815
f 1310/1305/1816 1312/1307/1816 1311/1306/1816
f 1309/1304/1817 1311/1306/1817 1246/1237/1817
f 1312/1307/1818 1314/1311/1818 1313/1308/1818
f 1311/1306/1820 1313/1308/1820 1248/1309/1821
f 1313/1308/1823 1314/1311/1823 1316/1310/1823
f 1248/1309/1824 1313/1308/4483 1315/1244/1824
f 1316/1310/1825 1318/1248/4484 1253/1249/1825
f 1314/1311/1511 1349/1345/1511 1317/1312/1511
f 1316/1310/1826 1317/1312/1826 1319/1313/1826
f 1319/1313/1515 1320/3136/1515 1256/1314/1515
f 1324/1317/1523 1323/3137/1521 1320/3138/1523
f 1323/3137/1521 1322/3139/4485 1320/3138/1523
f 1322/3139/4485 1321/3140/4486 1320/3138/1523
f 1320/3138/1523 1319/3141/1522 1317/3142/4487
f 1317/3142/4487 1349/3143/1523 1320/3138/1523
f 1349/3143/1523 1348/3144/1523 1320/3138/1523
f 1348/3144/1523 1347/3145/1529 1344/3146/1529
f 1347/3145/1529 1346/3147/1529 1344/3146/1529
f 1346/3147/1529 1345/3148/1523 1344/3146/1529
f 1344/3146/1529 1343/3149/4488 1342/3150/1521
f 1342/3150/1521 1341/3151/1521 1344/3146/1529
f 1341/3151/1521 1340/1315/1523 1344/3146/1529
f 1340/1315/1523 1339/3152/4489 1338/3153/1520
f 1338/3153/1520 1337/3154/1523 1340/1315/1523
f 1337/3154/1523 1336/3155/1523 1340/1315/1523
f 1336/3155/1523 1335/3156/1522 1332/1316/1523
f 1335/3156/1522 1334/3157/1523 1332/1316/1523
f 1334/3157/1523 1333/3158/4490 1332/1316/1523
f 1332/1316/1523 1331/3159/4491 1330/3160/1523
f 1330/3160/1523 1329/3161/1529 1328/3162/1523
f 1328/3162/1523 1327/3163/1523 1326/3164/1529
f 1326/3164/1529 1325/3165/1523 1328/3162/1523
f 1325/3165/1523 1324/1317/1523 1328/3162/1523
f 1332/1316/1523 1330/3160/1523 1328/3162/1523
f 1324/1317/1523 1320/3138/1523 1340/1315/1523
f 1320/3138/1523 1348/3144/1523 1340/1315/1523
f 1348/3144/1523 1344/3146/1529 1340/1315/1523
f 1340/1315/1523 1336/3155/1523 1332/1316/1523
f 1332/1316/1523 1328/3162/1523 1324/1317/1523
f 1256/1314/1827 1320/3136/1827 1321/1318/1827
f 1321/1318/1564 1322/3166/1564 1260/1319/1564
f 1260/1320/1454 1322/3167/1454 1323/1321/1454
f 1323/1321/1634 1324/1322/4492 1264/1255/1634
f 1324/1322/1460 1325/1323/1460 1266/1258/1829
f 1325/1323/1462 1326/3168/1461 1268/1260/1638
f 1268/1260/1560 1326/3168/1463 1327/1324/1463
f 1270/1263/1467 1327/1324/1467 1328/1325/1467
f 1328/1325/1469 1329/3169/1469 1274/1326/1469
f 1274/1326/1559 1329/3169/1646 1330/1327/1559
f 1276/1269/1471 1330/1327/1471 1331/1328/1471
f 1331/1328/1473 1332/1330/1473 1280/1329/1473
f 1332/1330/1475 1333/3170/1475 1282/1274/1475
f 1282/1274/1477 1333/3170/1476 1334/1331/1477
f 1284/1276/1831 1334/1331/1832 1335/1332/1832
f 1286/1279/1484 1335/1332/1484 1336/1333/1484
f 1288/1282/1486 1336/1333/1486 1337/1334/1486
f 1337/1334/1488 1338/1335/1488 1292/1287/1488
f 1338/1335/1489 1339/3171/1489 1294/1289/1489
f 1294/1289/1491 1339/3171/1491 1340/1336/1491
f 1340/1336/1493 1341/1338/1493 1298/1337/1493
f 1341/1338/1494 1342/3172/1494 1300/1293/1494
f 1300/1293/1497 1342/3172/1497 1343/1339/1497
f 1302/1297/1532 1343/1339/4452 1344/1340/1532
f 1304/1299/1503 1344/1340/4493 1345/1341/1503
f 1345/1341/1504 1346/1343/1504 1308/1302/1504
f 1346/1343/1505 1347/1344/1505 1310/1305/1505
f 1347/1344/1509 1348/3173/1509 1312/1307/1509
f 1312/1307/1510 1348/3173/1510 1349/1345/1510
f 1182/1173/1833 1185/1087/1833 1090/1083/1833
f 1179/1170/1834 1182/1173/1834 1088/1080/1834
f 1176/1166/1835 1179/1170/1835 1086/1078/1835
f 1173/1163/1836 1176/1166/4494 1084/1346/1836
f 1079/1347/1838 1170/1161/4495 1173/1163/1838
f 1167/1159/1840 1170/1161/4496 1079/1347/1840
f 1164/1156/1841 1167/1159/4497 1076/1074/1841
f 1161/1154/1842 1164/1156/4498 1073/1072/1842
f 1068/1068/1843 1158/1150/4499 1161/1154/1843
f 1155/1148/1844 1158/1150/4500 1068/1068/1844
f 1064/1066/1846 1152/1145/4501 1155/1148/1846
f 1149/1142/1848 1152/1145/4502 1064/1066/1848
f 1146/1140/1849 1149/1142/1849 1062/1065/1849
f 1057/1348/1850 1143/1137/4503 1146/1140/1850
f 1140/1134/1851 1143/1137/1851 1057/1348/1851
f 1053/1062/1852 1137/1132/4504 1140/1134/1852
f 1051/1061/1854 1134/1128/1854 1137/1132/1854
f 1049/1058/1856 1131/1126/4505 1134/1128/1856
f 1128/1123/1858 1131/1126/1858 1049/1058/1858
f 1044/1054/1859 1125/1120/1859 1128/1123/1859
f 1042/1052/1860 1122/1117/1860 1125/1120/1860
f 1119/1114/1861 1122/1117/4506 1042/1052/1861
f 1116/1112/1863 1119/1114/4507 1040/1049/1863
f 1113/1108/1864 1116/1112/1864 1038/1047/1864
f 1033/1046/1865 1110/1106/4508 1113/1108/1865
f 1031/1045/1867 1107/1104/1867 1110/1106/1867
f 1104/1101/1868 1107/1104/1868 1031/1045/1868
f 1027/1042/1870 1098/1096/4509 1104/1101/1870
f 951/998/1871 1075/1071/4510 1078/1073/1871
f 953/1000/1503 1072/1001/1672 1075/1071/1872
f 1017/906/1521 1014/908/1531 828/908/1558
f 1008/1030/1523 831/1030/1523 828/908/1558
f 982/1013/1523 976/943/1524 1351/943/1524
f 1350/1013/1481 1351/943/1481 864/936/1481
f 965/956/1529 1353/956/1529 1352/1005/1521
f 874/946/1491 1352/1005/1491 1353/956/1491
f 962/1004/1523 886/1004/1521 1353/956/1529
f 962/1004/1523 956/955/1531 888/955/1531
f 954/1000/1503 950/998/4511 898/963/1503
f 950/998/1504 948/972/1504 901/965/1504
f 936/991/1522 914/979/1529 911/973/1550
f 929/982/1523 917/982/1524 914/979/1529
f 1358/1350/1460 827/905/1460 830/907/1460
f 816/897/1828 820/896/1634 827/905/1634
f 1403/3174/1954 1401/3175/1958 1402/3176/4512
f 1402/3176/4512 1752/3177/1954 1403/3174/1954
f 1752/3177/1954 1751/3178/1954 1403/3174/1954
f 1751/3178/1954 1422/3179/1969 1429/1414/1953
f 1422/3179/1969 1424/3180/2004 1429/1414/1953
f 1424/3180/2004 1426/3181/2002 1429/1414/1953
f 1429/1414/1953 1432/3182/4513 1435/3183/1954
f 1435/3183/1954 1750/3184/1974 1429/1414/1953
f 1750/3184/1974 1445/3185/1974 1429/1414/1953
f 1445/3185/1974 1447/3186/4514 1449/3187/1953
f 1449/3187/1953 1452/3188/4515 1749/1415/1954
f 1749/1415/1954 1462/3189/1993 1464/3190/1974
f 1464/3190/1974 1466/3191/1954 1469/3192/1954
f 1469/3192/1954 1748/3193/2040 1479/3194/4516
f 1479/3194/4516 1481/3195/1953 1469/3192/1954
f 1481/3195/1953 1483/1416/1954 1469/3192/1954
f 1483/1416/1954 1486/3196/4517 1489/3197/1954
f 1489/3197/1954 1511/3198/1981 1510/3199/1954
f 1510/3199/1954 1509/3200/1993 1403/3174/1954
f 1509/3200/1993 1508/3201/1993 1403/3174/1954
f 1508/3201/1993 1507/3202/1974 1403/3174/1954
f 1445/3185/1974 1449/3187/1953 1429/1414/1953
f 1449/3187/1953 1749/1415/1954 1429/1414/1953
f 1749/1415/1954 1464/3190/1974 1483/1416/1954
f 1464/3190/1974 1469/3192/1954 1483/1416/1954
f 1483/1416/1954 1489/3197/1954 1403/3174/1954
f 1489/3197/1954 1510/3199/1954 1403/3174/1954
f 1403/3174/1954 1751/3178/1954 1429/1414/1953
f 1403/3174/1954 1429/1414/1953 1483/1416/1954
f 1404/1417/1955 1406/1424/1955 1402/1418/1955
f 1403/1420/1956 1405/1423/1956 1404/1421/1956
f 1404/1421/1953 1405/1423/1957 1409/1423/1957
f 1406/1424/1958 1404/1417/1953 1407/1417/1953
f 1512/1425/1959 1408/1560/1960 1407/1421/1960
f 1408/1426/1961 1411/1556/1961 1410/1424/1961
f 1413/1427/1953 1406/1424/1958 1410/1424/1958
f 1410/1424/1962 1411/1556/1962 1414/1428/1962
f 1416/1429/1963 1413/1427/1953 1412/1427/1953
f 1412/1427/1965 1414/1428/1965 1417/1430/1965
f 1416/1429/1963 1415/1429/1964 1418/1431/1954
f 1417/1430/1966 1419/1553/1966 1418/1431/1966
f 1418/1431/1967 1419/1553/4518 1591/1433/1968
f 1423/1435/1969 1421/1432/1954 1418/1431/1954
f 1422/1436/1970 1421/1432/1970 1423/1435/1970
f 1416/1429/1971 1421/1432/4519 1422/1436/1966
f 1423/1435/1972 1425/1440/1972 1426/1439/1972
f 1425/1440/1969 1423/1435/1969 1420/1434/1969
f 1426/1439/1973 1425/1440/1973 1428/1441/1973
f 1428/1441/1974 1425/1440/1969 1427/1440/1969
f 1428/1441/1975 1431/1445/1975 1432/1444/1976
f 1431/1445/1977 1428/1441/1974 1430/1443/1954
f 1432/1444/1979 1431/1445/1979 1434/1446/1979
f 1431/1445/1977 1433/1445/1978 1437/1446/1974
f 1434/1446/1980 1436/1449/1980 1750/1448/1980
f 1436/1449/1981 1434/1446/1974 1437/1446/1974
f 1437/1446/1980 1438/1543/1980 1440/1451/1980
f 1592/1452/1983 1438/1543/2163 1437/1446/1979
f 1439/1450/1984 1440/1451/1984 1442/1453/1984
f 1444/1454/1982 1436/1449/1981 1439/1450/1982
f 1442/1453/1985 1744/1538/1985 1443/1455/1985
f 1444/1454/1982 1441/1454/1982 1443/1455/1974
f 1444/1454/1985 1446/1455/1985 1447/1456/1985
f 1750/1448/1984 1436/1449/1984 1444/1454/1984
f 1447/1456/1986 1446/1455/1986 1448/1458/1986
f 1446/1455/1954 1443/1455/1974 1450/1460/1957
f 1449/1459/1988 1448/1458/1989 1451/1461/1989
f 1451/1461/1953 1448/1458/1987 1450/1460/1957
f 1451/1461/1990 1453/1465/1990 1749/1463/1991
f 1451/1461/1953 1454/1461/1953 1456/1464/1993
f 1455/1466/1990 1457/1534/1990 1456/1464/1990
f 1745/1467/1994 1455/1466/1989 1454/1461/1994
f 1456/1464/1995 1457/1534/1995 1459/1468/1995
f 1453/1465/1993 1456/1464/1993 1458/1469/1954
f 1459/1468/1996 1746/1532/1996 1460/1471/1996
f 1463/1472/1963 1461/1470/1954 1458/1469/1954
f 1461/1470/1996 1463/1472/1996 1464/1473/1996
f 1749/1463/1995 1453/1465/1995 1461/1470/1995
f 1463/1472/1997 1465/1476/1997 1466/1475/1998
f 1463/1472/1963 1460/1471/1963 1467/1476/1954
f 1466/1475/1999 1465/1476/1999 1468/1477/1999
f 1468/1477/1954 1465/1476/1954 1467/1476/1954
f 1468/1477/2000 1470/1481/2000 1748/1480/2001
f 1470/1481/1969 1468/1477/1954 1471/1479/1974
f 1471/1479/2001 1472/1484/2001 1474/1483/2001
f 1467/1476/1999 1747/1527/1999 1472/1484/1999
f 1474/1483/2003 1476/1487/4520 1475/1485/2003
f 1478/1486/1977 1470/1481/1969 1473/1482/2002
f 1476/1487/2005 1540/1520/2005 1477/1488/2005
f 1478/1486/1977 1475/1485/2004 1477/1488/1953
f 1478/1486/2005 1480/1488/2005 1481/1489/2005
f 1748/1480/2003 1470/1481/4521 1478/1486/2006
f 1480/1488/2007 1482/1492/2007 1483/1491/2007
f 1480/1488/1953 1477/1488/1953 1484/1492/1974
f 1483/1491/2008 1482/1492/2009 1485/1493/2009
f 1482/1492/1974 1484/1492/1974 1487/1493/1954
f 1485/1493/2010 1488/1496/2010 1489/1495/2011
f 1488/1496/1974 1485/1493/1954 1487/1493/1954
f 1489/1495/2012 1488/1496/2012 1490/1497/2012
f 1488/1496/1974 1491/1496/1974 1493/1497/1953
f 1491/1496/2012 1492/1518/2041 1494/1499/2012
f 1534/1500/2014 1492/1518/2192 1491/1496/2014
f 1493/1497/2015 1494/1499/2015 1497/1501/2015
f 1490/1497/1953 1493/1497/1953 1495/1502/2016
f 1499/1503/1993 1496/1502/2017 1495/1502/2016
f 1495/1502/2019 1497/1501/2019 1500/1504/2019
f 1499/1503/1993 1498/1503/2018 1501/1505/1974
f 1500/1504/2020 1503/1507/2020 1501/1505/2020
f 1502/1505/1954 1501/1505/1974 1504/1506/1954
f 1503/1507/2021 1505/1508/2021 1504/1506/2021
f 1505/1508/2022 1512/1425/4522 1409/1423/2022
f 1405/1423/1957 1506/1506/1954 1504/1506/1954
f 1507/1509/2022 1506/1506/2023 1405/1423/2023
f 1502/1505/2021 1506/1506/2021 1507/1509/2021
f 1509/1511/2024 1499/1503/2020 1502/1505/2020
f 1496/1502/2019 1499/1503/2019 1509/1511/2019
f 1511/1498/2027 1490/1497/2027 1496/1502/2027
f 1514/1425/2028 1512/1425/2028 1505/1508/2029
f 1515/1507/2031 1513/1508/2030 1505/1508/2029
f 1514/1425/1953 1513/1508/1974 1516/1508/1974
f 1515/1507/1954 1519/1507/1954 1516/1508/1974
f 1516/1508/2033 1517/1598/2022 1608/1513/2033
f 1520/1514/2035 1517/1598/2035 1516/1508/2035
f 1515/1507/1954 1522/1504/1963 1521/1504/1963
f 1523/1515/2020 1520/1514/2020 1519/1507/2020
f 1522/1504/1963 1525/1501/2040 1524/1501/1954
f 1524/1501/2037 1526/1516/2037 1523/1515/2038
f 1530/1499/1954 1527/1499/1953 1524/1501/1954
f 1527/1499/2027 1528/1596/2027 1526/1516/2027
f 1669/1517/2041 1528/1596/2041 1527/1499/2041
f 1530/1499/1954 1531/1518/1954 1529/1518/1954
f 1530/1499/2029 1525/1501/2030 1497/1501/2030
f 1531/1518/2042 1530/1499/2029 1494/1499/2042
f 1532/1500/1954 1533/1500/1953 1529/1518/1954
f 1532/1500/2042 1531/1518/2042 1492/1518/2042
f 1532/1500/1954 1535/1519/1954 1537/1519/1954
f 1535/1519/2043 1532/1500/2042 1534/1500/2042
f 1538/1520/2029 1535/1519/2043 1536/1519/2043
f 1538/1520/1954 1539/1521/1953 1537/1519/1954
f 1538/1520/1954 1541/1487/2044 1543/1487/1954
f 1538/1520/2029 1540/1520/2029 1476/1487/2030
f 1542/1483/1953 1545/1524/2040 1543/1487/1954
f 1541/1487/2030 1476/1487/2030 1474/1483/2045
f 1544/1522/2005 1658/1590/2005 1539/1521/2005
f 1546/1523/2047 1544/1522/2048 1543/1487/2048
f 1547/1484/2001 1549/1528/2001 1546/1523/2001
f 1542/1483/1953 1548/1526/1954 1547/1484/1954
f 1551/1525/1974 1550/1527/1954 1547/1484/1954
f 1550/1527/2050 1552/1584/2050 1549/1528/1999
f 1551/1525/1974 1554/1532/1953 1553/1529/1954
f 1555/1530/2051 1552/1584/1997 1550/1527/2051
f 1559/1531/1954 1556/1531/1954 1553/1529/1954
f 1557/1533/1996 1555/1530/1996 1553/1529/1996
f 1558/1534/1995 1645/1580/1995 1557/1533/1995
f 1560/1534/1954 1558/1534/1954 1556/1531/1954
f 1554/1532/2028 1746/1532/2028 1459/1468/2042
f 1559/1531/2042 1459/1468/2042 1457/1534/2052
f 1561/1535/1953 1563/1466/1954 1558/1534/1954
f 1560/1534/2052 1457/1534/2052 1455/1466/2042
f 1562/1467/1954 1565/1467/1954 1563/1466/1954
f 1562/1467/2029 1561/1535/2042 1455/1466/2042
f 1564/1536/1991 1645/1580/1990 1558/1534/1990
f 1566/1537/2053 1564/1536/2053 1563/1466/2053
f 1568/1538/1953 1567/1538/1953 1565/1467/1954
f 1569/1539/1986 1566/1537/2054 1565/1467/2054
f 1573/1540/1953 1570/1540/1953 1567/1538/1953
f 1571/1541/2055 1569/1539/1985 1567/1538/1985
f 1634/1542/2057 1571/1541/2058 1570/1540/2058
f 1574/1451/1954 1572/1451/1957 1570/1540/1953
f 1573/1540/2059 1568/1538/2029 1744/1538/2029
f 1573/1540/2059 1442/1453/2059 1440/1451/2060
f 1574/1451/1954 1575/1544/1954 1577/1543/1954
f 1574/1451/2061 1440/1451/2060 1438/1543/2062
f 1576/1545/1954 1579/1452/1974 1577/1543/1954
f 1575/1544/2062 1438/1543/2062 1592/1452/2029
f 1577/1543/2063 1578/1574/2063 1634/1542/2064
f 1580/1546/1983 1578/1574/1983 1577/1543/1983
f 1576/1545/1954 1582/1547/1954 1581/1547/1954
f 1581/1547/2065 1583/1570/2065 1580/1546/2065
f 1587/1548/1954 1584/1548/1963 1581/1547/1954
f 1585/1549/2066 1583/1570/2067 1581/1547/2067
f 1623/1550/1972 1585/1549/1972 1584/1548/1972
f 1587/1548/1954 1588/1551/1953 1586/1433/1953
f 1582/1547/2030 1590/1547/2030 1589/1548/2068
f 1587/1548/2068 1589/1548/2068 1591/1433/2042
f 1589/1548/1973 1590/1547/2066 1430/1443/1973
f 1420/1434/1972 1591/1433/1972 1589/1548/1972
f 1593/1552/2029 1588/1551/2029 1591/1433/2042
f 1576/1545/2029 1592/1452/2029 1590/1547/2030
f 1430/1443/2065 1590/1547/1976 1592/1452/2065
f 1588/1551/1953 1593/1552/1963 1595/1553/1953
f 1594/1430/1953 1597/1430/2040 1595/1553/1953
f 1593/1552/2029 1419/1553/2029 1417/1430/2029
f 1596/1554/2070 1623/1550/2070 1586/1433/2070
f 1597/1430/2071 1598/1555/2071 1596/1554/1966
f 1594/1430/1953 1600/1428/1953 1599/1428/1954
f 1599/1428/2072 1601/1557/2072 1598/1555/2072
f 1600/1428/1953 1603/1556/1954 1602/1556/1954
f 1602/1556/1962 1604/1561/1962 1601/1557/2073
f 1603/1556/1954 1607/1426/1954 1605/1426/1954
f 1606/1558/1955 1604/1561/1955 1602/1556/1955
f 1518/1425/1956 1608/1513/1956 1606/1559/1956
f 1607/1560/1954 1514/1425/1953 1518/1425/1954
f 1607/1560/2029 1408/1560/2029 1512/1425/2028
f 1607/1426/2029 1603/1556/2075 1411/1556/2075
f 1609/1559/2076 1606/1559/2080 1608/1513/2077
f 1609/1558/2076 1612/1561/2079 1604/1561/2079
f 1611/1513/1959 1680/1601/1959 1610/1562/1959
f 1609/1558/2081 1610/1610/2081 1613/1563/2081
f 1612/1561/2074 1613/1563/2074 1615/1564/2074
f 1612/1561/2082 1614/1557/4523 1601/1557/2082
f 1614/1557/2072 1615/1564/2072 1617/1565/2072
f 1614/1557/2084 1616/1555/2084 1598/1555/2084
f 1616/1555/1966 1617/1565/1966 1619/1566/1966
f 1616/1555/2085 1618/1554/2085 1596/1554/2085
f 1619/1566/2070 1621/1567/2070 1620/1550/2070
f 1618/1554/2086 1620/1550/2086 1623/1550/2086
f 1621/1567/2087 1624/1619/4524 1622/1549/2087
f 1622/1549/2088 1585/1549/2088 1623/1550/2089
f 1622/1549/1973 1624/1619/4525 1626/1568/1973
f 1622/1549/2088 1625/1569/2091 1583/1570/2091
f 1625/1569/1975 1626/1568/1975 1628/1571/1975
f 1627/1546/2092 1580/1546/2092 1583/1570/2092
f 1628/1571/1979 1630/1573/1979 1629/1572/1979
f 1629/1572/2094 1578/1574/4526 1580/1546/2094
f 1630/1573/1980 1632/1626/2064 1631/1542/1980
f 1631/1542/2096 1634/1542/2096 1578/1574/2097
f 1631/1542/1984 1632/1626/2058 1635/1575/1984
f 1633/1541/2098 1571/1541/2098 1634/1542/2096
f 1635/1575/1985 1637/1576/2055 1636/1539/1985
f 1633/1541/2099 1636/1539/2099 1569/1539/2099
f 1638/1537/2100 1566/1537/2100 1569/1539/2100
f 1637/1576/1986 1639/1577/1986 1638/1537/1986
f 1639/1577/2053 1641/1578/2053 1640/1536/2053
f 1640/1536/2102 1564/1536/4527 1566/1537/2102
f 1641/1578/1992 1643/1581/1992 1642/1579/1992
f 1640/1536/2103 1642/1579/4528 1645/1580/2103
f 1643/1581/1995 1646/1582/1995 1644/1533/1995
f 1644/1533/2104 1557/1533/2104 1645/1580/2105
f 1646/1582/1996 1648/1639/1996 1647/1583/1996
f 1647/1583/2106 1555/1530/2106 1557/1533/2104
f 1647/1583/2107 1649/1586/2107 1552/1584/2107
f 1647/1583/1997 1648/1639/4529 1650/1585/1997
f 1650/1585/2110 1652/1644/2110 1651/1528/2110
f 1651/1528/2112 1549/1528/2112 1552/1584/2112
f 1651/1528/2113 1652/1644/4530 1654/1587/2113
f 1653/1523/2115 1546/1523/2115 1549/1528/2115
f 1654/1587/2116 1656/1648/2116 1655/1588/2116
f 1655/1588/2118 1544/1522/4531 1546/1523/2118
f 1655/1588/2005 1656/1648/2005 1659/1589/2005
f 1657/1590/2119 1658/1590/4532 1544/1522/2120
f 1657/1590/2122 1660/1591/4533 1661/1591/2123
f 1659/1589/2007 1662/1593/2007 1660/1591/2007
f 1660/1591/2124 1663/1592/2124 1664/1592/2124
f 1662/1593/2125 1665/1653/2125 1663/1592/2125
f 1663/1592/2126 1666/1517/2126 1669/1517/2126
f 1663/1592/2128 1665/1653/2128 1667/1594/2128
f 1666/1517/2012 1667/1594/2012 1670/1595/2012
f 1668/1596/2129 1528/1596/2129 1669/1517/2130
f 1533/1500/2011 1664/1592/2011 1669/1517/2011
f 1670/1595/2027 1672/1659/2027 1671/1516/2027
f 1671/1516/2132 1526/1516/4534 1528/1596/2133
f 1671/1516/2019 1672/1659/2019 1674/1597/2019
f 1673/1515/2136 1523/1515/2136 1526/1516/2136
f 1673/1515/2138 1675/1514/2138 1520/1514/2138
f 1674/1597/2020 1676/1602/2020 1675/1514/2020
f 1677/1598/2139 1517/1598/4535 1520/1514/2139
f 1675/1514/2021 1676/1602/2021 1678/1599/2035
f 1678/1599/2140 1680/1601/2140 1611/1513/2140
f 1677/1598/2141 1611/1513/2141 1608/1513/2141
f 1678/1599/2142 1679/1603/4536 1681/1600/2142
f 1676/1602/2144 1741/1663/4537 1679/1603/2144
f 1680/1601/2145 1681/1600/4538 1683/1604/2145
f 1679/1603/2023 1743/3203/2023 1682/1605/2023
f 1681/1600/1956 1682/1605/1956 1684/1606/1956
f 1683/1607/1955 1684/3204/1955 1686/1608/1955
f 1683/1607/2147 1685/1609/2147 1613/1563/2147
f 1685/1609/2149 1686/1608/2150 1688/1611/2150
f 1685/1609/2151 1687/1612/4539 1615/1564/2151
f 1688/1611/2153 1690/3205/2153 1689/1613/1965
f 1687/1612/2154 1689/1613/4540 1617/1565/2154
f 1689/1613/1966 1690/3205/1966 1692/1614/1966
f 1617/1565/2156 1689/1613/4541 1691/1615/2156
f 1692/1614/1970 1694/3206/1970 1693/1616/2070
f 1691/1615/2158 1693/1616/4542 1621/1567/2158
f 1693/1616/1972 1694/3206/2069 1696/1617/2069
f 1621/1567/2159 1693/1616/4543 1695/1618/2159
f 1695/1618/1973 1696/1617/1973 1698/1620/1973
f 1624/1619/2161 1695/1618/2161 1697/1621/2161
f 1698/1620/1976 1700/3207/1976 1699/1622/1975
f 1697/1621/2162 1699/1622/4544 1628/1571/2162
f 1699/1622/1979 1700/3207/2163 1702/1623/2163
f 1628/1571/2164 1699/1622/4545 1701/1624/2164
f 1702/1623/1980 1704/1627/1980 1703/1625/1980
f 1701/1624/2166 1703/1625/2166 1632/1626/2166
f 1704/1627/1984 1706/3208/2057 1705/1628/1984
f 1703/1625/2167 1705/1628/2167 1635/1575/2167
f 1705/1628/2169 1706/3208/1985 1708/1629/1985
f 1635/1575/2170 1705/1628/2170 1707/1630/2170
f 1708/1629/1986 1710/3209/1986 1709/1631/1986
f 1707/1630/2171 1709/1631/2171 1639/1577/2171
f 1709/1631/1994 1710/3209/1988 1712/1632/1988
f 1639/1577/2172 1709/1631/2172 1711/1633/2172
f 1712/1632/1992 1714/1635/1992 1713/1634/1990
f 1711/1633/2174 1713/1634/2174 1643/1581/2175
f 1714/1635/1995 1716/1637/1995 1715/1636/1995
f 1713/1634/2177 1715/1636/4546 1646/1582/2177
f 1716/1637/1996 1718/1640/1996 1717/1638/1996
f 1646/1582/2178 1715/1636/4547 1717/1638/2178
f 1718/1640/1997 1720/3210/1997 1719/1641/1997
f 1717/1638/2179 1719/1641/2179 1650/1585/2179
f 1719/1641/2110 1720/3210/2110 1722/1642/2110
f 1719/1641/2180 1721/1643/2180 1652/1644/2180
f 1722/1642/2181 1724/3211/2181 1723/1645/2001
f 1652/1644/2182 1721/1643/2182 1723/1645/2182
f 1723/1645/2003 1724/3211/2049 1726/1646/2049
f 1654/1587/2184 1723/1645/4548 1725/1647/2184
f 1726/1646/2005 1728/3212/2005 1727/1649/2005
f 1656/1648/2186 1725/1647/4549 1727/1649/2186
f 1727/1649/2007 1728/3212/2187 1730/1650/2187
f 1727/1649/2188 1729/1651/2188 1662/1593/2188
f 1730/1650/2008 1732/3213/2008 1731/1652/2189
f 1729/1651/2190 1731/1652/4550 1665/1653/2190
f 1731/1652/2192 1732/3213/2011 1734/1654/2011
f 1665/1653/2193 1731/1652/4551 1733/1655/2193
f 1733/1655/2012 1734/1654/2012 1736/1656/2012
f 1667/1594/2195 1733/1655/2195 1735/1657/2195
f 1736/1656/2196 1738/1660/2196 1737/1658/2196
f 1735/1657/2197 1737/1658/2197 1672/1659/2197
f 1738/1660/2019 1740/3214/2019 1739/1661/2026
f 1737/1658/2198 1739/1661/2198 1674/1597/2198
f 1739/1661/2020 1740/3214/2020 1742/1662/2020
f 1739/1661/2199 1741/1663/4552 1676/1602/2199
f 1742/1662/2201 1743/3203/2201 1679/1603/2201
f 1688/3215/2029 1686/3216/4553 1684/3217/2042
f 1684/3217/2042 1682/3218/4554 1743/3219/2029
f 1743/3219/2029 1742/3220/4555 1740/3221/2031
f 1740/3221/2031 1738/3222/4556 1736/1664/2029
f 1736/1664/2029 1734/3223/2043 1732/3224/2030
f 1732/3224/2030 1730/3225/4556 1736/1664/2029
f 1730/3225/4556 1728/3226/2029 1736/1664/2029
f 1728/3226/2029 1726/3227/4557 1720/1665/2029
f 1726/3227/4557 1724/3228/2028 1720/1665/2029
f 1724/3228/2028 1722/3229/4558 1720/1665/2029
f 1720/1665/2029 1718/3230/4559 1716/3231/2042
f 1716/3231/2042 1714/3232/4560 1712/3233/2042
f 1712/3233/2042 1710/3234/2029 1704/1666/2029
f 1710/3234/2029 1708/3235/4561 1704/1666/2029
f 1708/3235/4561 1706/3236/4562 1704/1666/2029
f 1704/1666/2029 1702/3237/2042 1696/3238/2042
f 1702/3237/2042 1700/3239/4563 1696/3238/2042
f 1700/3239/4563 1698/3240/4564 1696/3238/2042
f 1696/3238/2042 1694/3241/4565 1692/3242/2030
f 1692/3242/2030 1690/3243/4566 1688/3215/2029
f 1688/3215/2029 1684/3217/2042 1743/3219/2029
f 1743/3219/2029 1740/3221/2031 1736/1664/2029
f 1720/1665/2029 1716/3231/2042 1704/1666/2029
f 1716/3231/2042 1712/3233/2042 1704/1666/2029
f 1696/3238/2042 1692/3242/2030 1704/1666/2029
f 1692/3242/2030 1688/3215/2029 1704/1666/2029
f 1688/3215/2029 1743/3219/2029 1736/1664/2029
f 1736/1664/2029 1728/3226/2029 1720/1665/2029
f 1688/3215/2029 1736/1664/2029 1704/1666/2029
f 1661/1591/2008 1664/1592/2008 1533/1500/2008
f 1539/1521/2007 1658/1590/2007 1661/1591/2007
f 1603/1556/2075 1600/1428/2042 1414/1428/2042
f 1594/1430/2029 1417/1430/2029 1414/1428/2042
f 1568/1538/2029 1562/1467/2029 1745/1467/2029
f 1443/1455/1986 1744/1538/1986 1745/1467/1986
f 1554/1532/2028 1551/1525/2202 1747/1527/2029
f 1460/1471/1997 1746/1532/1997 1747/1527/1997
f 1551/1525/2202 1548/1526/2203 1472/1484/2028
f 1542/1483/2046 1474/1483/2045 1472/1484/2028
f 1540/1520/2007 1536/1519/2187 1484/1492/2007
f 1484/1492/2205 1536/1519/2189 1534/1500/2205
f 1525/1501/2030 1522/1504/2206 1500/1504/2062
f 1515/1507/2031 1503/1507/2032 1500/1504/2062
f 1413/1427/2207 1416/1429/2207 1751/1438/1965
f 1402/1418/2150 1406/1424/2149 1413/1427/2149
f 1755/1669/2208 1753/3244/2213 1754/3245/4567
f 1754/3245/4567 2296/3246/2222 1755/1669/2208
f 2296/3246/2222 2295/3247/2212 1755/1669/2208
f 2295/3247/2212 1774/3248/4568 1776/3249/2208
f 1776/3249/2208 1778/3250/2222 2295/3247/2212
f 1778/3250/2222 1781/3251/2208 2295/3247/2212
f 1781/3251/2208 1784/3252/2261 1787/3253/2208
f 1787/3253/2208 2294/3254/4569 1797/3255/2208
f 1797/3255/2208 1799/3256/4570 1801/3257/4571
f 1801/3257/4571 1804/3258/2212 1797/3255/2208
f 1804/3258/2212 2293/1670/2208 1797/3255/2208
f 2293/1670/2208 1814/3259/4572 1821/3260/2212
f 1814/3259/4572 1816/3261/4573 1821/3260/2212
f 1816/3261/4573 1818/3262/4574 1821/3260/2212
f 1821/3260/2212 2292/3263/4575 1831/3264/2208
f 1831/3264/2208 1833/3265/4576 1835/3266/2208
f 1835/3266/2208 1838/3267/2208 1862/1668/2208
f 1838/3267/2208 1841/3268/4577 1862/1668/2208
f 1841/3268/4577 1863/3269/2212 1862/1668/2208
f 1862/1668/2208 1861/3270/2212 1860/3271/2212
f 1860/3271/2212 1859/3272/2208 1755/1669/2208
f 1781/3251/2208 1787/3253/2208 2293/1670/2208
f 1787/3253/2208 1797/3255/2208 2293/1670/2208
f 1821/3260/2212 1831/3264/2208 2293/1670/2208
f 1831/3264/2208 1835/3266/2208 2293/1670/2208
f 1862/1668/2208 1860/3271/2212 1755/1669/2208
f 1755/1669/2208 2295/3247/2212 2293/1670/2208
f 2295/3247/2212 1781/3251/2208 2293/1670/2208
f 1835/3266/2208 1862/1668/2208 2293/1670/2208
f 1753/1671/2209 1756/1679/2209 1758/1672/2209
f 1755/1674/2210 1757/1677/2211 1756/1675/2211
f 1757/1677/2212 1761/1677/2212 1759/1678/2208
f 1756/1679/2213 1759/1679/2208 1762/1680/2213
f 1864/1681/2210 1760/1817/2210 1759/1678/2210
f 1759/1679/2214 1760/1814/4578 1763/1682/2214
f 1758/1672/2213 1762/1680/2213 1764/1683/2208
f 1762/1680/2216 1763/1682/4579 1766/1684/2216
f 1768/1685/2208 1765/1683/2212 1764/1683/2208
f 1766/1684/2219 1769/1687/2219 1767/1685/2219
f 1768/1685/2208 1767/1685/2218 1770/1686/2208
f 1769/1687/2220 1771/1688/2224 1770/1686/2220
f 1771/1688/2221 1943/1805/2221 1772/1689/2221
f 1773/1686/2208 1770/1686/2208 1772/1689/2222
f 1773/1686/2223 1775/1689/2223 1776/1690/2223
f 2295/1692/2224 1768/1685/2224 1773/1686/2224
f 1776/1690/2225 1775/1689/2309 1777/1693/2225
f 1775/1689/2222 1772/1689/2222 1779/1693/2222
f 1777/1693/2226 1780/1696/2226 1781/1695/2227
f 1777/1693/2222 1779/1693/2222 1782/1696/2208
f 1781/1695/2228 1780/1696/2229 1783/1697/2229
f 1783/1697/2208 1780/1696/2208 1782/1696/2208
f 1783/1697/2230 1786/1700/2230 1787/1699/2230
f 1786/1700/2208 1783/1697/2208 1785/1697/2208
f 1787/1699/2231 1786/1700/2232 1788/1701/2232
f 1788/1701/2208 1786/1700/2208 1789/1700/2208
f 1789/1700/2232 1790/1704/2232 1792/1703/2232
f 1785/1697/2233 1944/1799/2233 1790/1704/2230
f 1791/1701/2234 1792/1703/2234 1794/1705/2234
f 1796/1706/2236 1788/1701/2208 1791/1701/2208
f 1793/1706/2237 1794/1705/2239 2288/1707/2237
f 1796/1706/2236 1793/1706/2236 1795/1708/2236
f 1796/1706/2239 1798/1708/2239 1799/1709/2239
f 1788/1701/2240 1796/1706/2240 1797/1710/2241
f 1799/1709/2242 1798/1708/2243 1800/1711/2243
f 1800/1711/2236 1798/1708/2236 1795/1708/2236
f 1801/1712/2245 1800/1711/2246 1803/1713/2246
f 1800/1711/2236 1802/1711/2244 1806/1713/2212
f 1804/1714/2247 1803/1713/2247 1805/1715/2247
f 1805/1715/2213 1803/1713/2212 1806/1713/2212
f 1806/1713/2247 1807/1793/2247 1809/1718/2247
f 2289/1719/2248 1807/1793/2248 1806/1713/2248
f 1808/1717/2249 1809/1718/2249 1811/1720/2250
f 1805/1715/2213 1808/1717/2213 1810/1721/2208
f 1810/1721/2251 1811/1720/2251 2290/1722/2251
f 1813/1721/2208 1810/1721/2208 1812/1723/2212
f 1813/1721/2251 1815/1724/2251 1816/1725/2251
f 2293/1716/2250 1805/1715/2250 1813/1721/2250
f 1815/1724/2252 1817/1728/2428 1818/1727/2253
f 1815/1724/2212 1812/1723/2212 1819/1728/2213
f 1818/1727/2254 1817/1728/2254 1820/1729/2254
f 1817/1728/2213 1819/1728/2213 1823/1729/2212
f 1820/1729/2255 1822/1733/2255 2292/1731/2256
f 1820/1729/2212 1823/1729/2212 1825/1732/2212
f 1824/1734/2255 1826/1783/4580 1825/1732/2255
f 2291/1735/2254 1824/1734/4581 1823/1729/2259
f 1825/1732/2260 1826/1783/2260 1828/1736/2260
f 1822/1733/2208 1825/1732/2212 1827/1737/2261
f 1827/1737/2263 1828/1736/2263 1892/1738/2263
f 1830/1737/2262 1827/1737/2261 1829/1739/2264
f 1830/1737/2263 1832/1740/4582 1833/1741/2263
f 1822/1733/2260 1830/1737/2260 1831/1742/2265
f 1833/1741/2266 1832/1740/2267 1834/1743/2267
f 1832/1740/2264 1829/1739/2264 1836/1743/2208
f 1834/1743/2268 1837/1746/2268 1838/1745/2269
f 1837/1746/2208 1834/1743/2208 1836/1743/2208
f 1837/1746/2270 1840/1749/2270 1841/1748/2271
f 1837/1746/2208 1839/1747/2208 1843/1749/2212
f 1840/1749/2272 1842/1751/2272 1863/1750/2272
f 1842/1751/2273 1840/1749/2208 1843/1749/2212
f 1843/1749/2272 1844/1754/2272 1846/1753/2272
f 1839/1747/2270 1886/1778/2270 1844/1754/2270
f 1845/1752/2276 1846/1753/4583 1849/1755/2276
f 1848/1757/2208 1842/1751/2273 1845/1752/2274
f 1848/1757/2208 1847/1756/2208 1850/1758/2208
f 1849/1755/2277 1852/2126/2287 1850/1758/2277
f 1851/1759/2208 1850/1758/2208 1853/1760/2212
f 1850/1758/2279 1852/2126/2279 1855/1761/2279
f 1854/1760/2212 1853/1760/2212 1856/1762/2212
f 1853/1760/2280 1855/1761/2280 1857/1763/2280
f 1856/1762/2282 1857/1763/2282 1864/1681/2282
f 1858/1762/2212 1856/1762/2212 1761/1677/2212
f 1858/1762/2282 1757/1677/2282 1755/1674/2282
f 1854/1760/2281 1858/1762/4584 1859/1764/2284
f 1851/1759/2285 1854/1760/2285 1860/1765/2286
f 1848/1757/2278 1851/1759/2278 1861/1766/2287
f 1863/1750/2288 1842/1751/2289 1848/1757/2289
f 1865/1768/2291 1866/1681/2291 1864/1681/2291
f 1867/1761/2292 1865/1768/2291 1857/1763/2291
f 1866/1681/2208 1865/1768/2208 1868/1768/2208
f 1867/1761/2208 1871/1761/2208 1868/1768/2208
f 1869/1770/2283 1960/1815/2283 1870/1769/2283
f 1871/1761/2281 1872/1772/2281 1869/1770/2281
f 1874/1771/2208 1873/1771/2208 1871/1761/2208
f 1873/1771/2279 1875/1773/2286 1872/1772/2279
f 1874/1771/2208 1877/1755/2208 1876/1755/2208
f 1876/1755/2278 1878/1774/2278 1875/1773/2278
f 1877/1755/2208 1882/1776/2208 1879/1753/2208
f 1879/1753/2289 1880/1853/2289 1878/1774/2289
f 2021/1775/2293 1880/1853/2293 1879/1753/2293
f 1883/1754/2208 1881/1754/2236 1879/1753/2208
f 1882/1776/2294 1877/1755/2292 1849/1755/2292
f 1882/1776/2294 1846/1753/2294 1844/1754/2294
f 1884/1777/2208 1885/1778/2236 1881/1754/2236
f 1884/1777/2292 1883/1754/2294 1844/1754/2294
f 1884/1777/2208 1887/1780/2212 1889/1779/2208
f 1884/1777/2292 1886/1778/2292 1888/1780/2294
f 1890/1781/2294 1887/1780/2295 1888/1780/2294
f 1890/1781/2208 1891/1781/2208 1889/1779/2208
f 1893/1782/2212 1895/1782/2212 1891/1781/2208
f 1893/1782/2295 1890/1781/2294 1892/1738/2294
f 1894/1783/2208 1897/1786/2208 1895/1782/2212
f 1894/1783/2291 1893/1782/2295 1828/1736/2295
f 1895/1782/2263 1896/1846/2263 2010/1784/2263
f 1898/1785/2260 1896/1846/2260 1895/1782/2260
f 1899/1734/2256 1901/1787/2256 1898/1785/2256
f 1894/1783/2208 1900/1734/2208 1899/1734/2208
f 1900/1734/2208 1903/1789/2236 1902/1735/2208
f 1902/1735/2254 1904/1790/2254 1901/1787/2254
f 1906/1788/2208 1905/1722/2208 1902/1735/2208
f 1905/1722/2297 1907/1839/2253 1904/1790/2297
f 1911/1720/2208 1908/1720/2208 1905/1722/2208
f 1909/1791/2298 1907/1839/2251 1905/1722/2251
f 1910/1792/2250 1997/1794/2250 1909/1791/2299
f 1911/1720/2208 1912/1718/2222 1910/1792/2208
f 1911/1720/2294 1906/1788/2291 2290/1722/2291
f 1912/1718/2291 1911/1720/2294 1811/1720/2294
f 1913/1793/2208 1915/1793/2236 1910/1792/2208
f 1913/1793/2291 1912/1718/2291 1809/1718/2291
f 1913/1793/2208 1914/1719/2208 1917/1719/2208
f 1913/1793/2291 1807/1793/2291 2289/1719/2300
f 1915/1793/2301 1916/1795/2301 1997/1794/2301
f 1917/1719/2248 1918/1796/2245 1916/1795/2248
f 1920/1707/2208 1919/1707/2208 1917/1719/2208
f 1919/1707/2303 1921/1834/2303 1918/1796/2303
f 1920/1707/2208 1925/1705/2208 1922/1705/2208
f 1923/1797/2239 1921/1834/2239 1919/1707/2239
f 1986/1798/2240 1923/1797/2240 1922/1705/2240
f 1926/1703/2208 1924/1703/2208 1922/1705/2208
f 1920/1707/2294 2288/1707/2294 1794/1705/2304
f 1926/1703/2305 1925/1705/2305 1794/1705/2304
f 1926/1703/2208 1927/1704/2208 1929/1704/2212
f 1926/1703/2305 1792/1703/2305 1790/1704/2294
f 1927/1704/2208 1928/1799/2208 1931/1799/2208
f 1927/1704/2294 1790/1704/2294 1944/1799/2294
f 1930/1800/2232 1986/1798/2232 1924/1703/2232
f 1932/1801/2306 1930/1800/2306 1929/1704/2306
f 1928/1799/2208 1934/1802/2208 1933/1802/2208
f 1935/1803/2228 1932/1801/2229 1931/1799/2229
f 1939/1804/2208 1936/1804/2208 1933/1802/2208
f 1936/1804/2227 1937/1806/2227 1935/1803/2227
f 1938/1805/2225 1975/1827/2225 1937/1806/2225
f 1939/1804/2208 1940/1805/2208 1938/1805/2208
f 1939/1804/2292 1934/1802/2294 1942/1802/2294
f 1939/1804/2292 1941/1804/2292 1943/1805/2308
f 1941/1804/2226 1942/1802/2226 1782/1696/2226
f 1772/1689/2309 1943/1805/2225 1941/1804/2309
f 1940/1805/2308 1943/1805/2308 1771/1688/2310
f 1934/1802/2294 1928/1799/2294 1944/1799/2294
f 1782/1696/2229 1942/1802/2229 1944/1799/2229
f 1940/1805/2208 1945/1688/2208 1947/1688/2208
f 1945/1688/2208 1946/1687/2236 1949/1687/2208
f 1945/1688/2311 1771/1688/2310 1769/1687/2292
f 1948/1807/2312 1975/1827/2312 1938/1805/2312
f 1950/1808/2220 1948/1807/2224 1947/1688/2224
f 1946/1687/2236 1952/1809/2208 1951/1809/2208
f 1951/1809/2219 1953/1825/2219 1950/1808/2219
f 1952/1809/2208 1955/1812/2208 1954/1682/2208
f 1956/1810/2313 1953/1825/2640 1951/1809/2313
f 1959/1811/2208 1957/1814/2212 1954/1682/2208
f 1958/1813/2209 1956/1810/2214 1954/1682/2214
f 1960/1815/2210 1958/1818/2210 1957/1816/2210
f 1866/1681/2208 1870/1769/2212 1957/1816/2212
f 1866/1681/2291 1959/1816/2294 1760/1817/2294
f 1959/1811/2294 1955/1812/2291 1763/1682/2291
f 1961/1818/2315 1958/1818/2315 1960/1815/2315
f 1964/1810/2317 1956/1810/4585 1958/1813/2317
f 2032/1820/2211 1962/1863/2211 1961/1818/2211
f 1962/1821/2215 1965/1868/2214 1964/1810/2215
f 1964/1810/2313 1965/1868/4579 1967/1822/2313
f 1966/1823/2321 1953/1825/4586 1956/1810/2321
f 1966/1823/2219 1967/1822/4587 1969/1824/2219
f 1966/1823/2322 1968/1808/4588 1950/1808/2322
f 1969/1824/2220 1971/2125/2224 1970/1807/2220
f 1968/1808/2324 1970/1807/4589 1948/1807/2324
f 1970/1807/2325 1971/2125/2221 1973/1826/2325
f 1972/1827/2327 1975/1827/2327 1948/1807/2328
f 1972/1827/2329 1973/1826/2329 1976/1828/2330
f 1972/1827/2331 1974/1806/2331 1937/1806/2331
f 1976/1828/2227 1978/1829/2333 1977/1803/2333
f 1974/1806/2334 1977/1803/2334 1935/1803/2334
f 1978/1829/2335 1980/1830/2335 1979/1801/2335
f 1979/1801/2337 1932/1801/4590 1935/1803/2338
f 1980/1830/2306 1982/1831/2307 1981/1800/2306
f 1981/1800/2340 1930/1800/2340 1932/1801/2341
f 1982/1831/2232 1984/1832/4591 1983/1798/2232
f 1983/1798/2343 1986/1798/4592 1930/1800/2343
f 1984/1832/2344 1987/2124/2344 1985/1797/2344
f 1985/1797/2345 1923/1797/4593 1986/1798/2345
f 1985/1797/2346 1987/2124/2346 1989/1833/2346
f 1988/1834/2347 1921/1834/4594 1923/1797/2348
f 1988/1834/2349 1990/1796/4595 1918/1796/2349
f 1988/1834/2242 1989/1833/2242 1991/1835/2242
f 1990/1796/2248 1991/1835/4596 1993/1836/2248
f 1990/1796/2350 1992/1795/4597 1916/1795/2351
f 1992/1795/2301 1993/1836/4598 1995/1837/2301
f 1994/1794/2352 1997/1794/2352 1916/1795/2352
f 1995/1837/2250 1998/2123/2250 1996/1791/2250
f 1994/1794/2354 1996/1791/2354 1909/1791/2354
f 1996/1791/2251 1998/2123/2251 2000/1838/2251
f 1996/1791/2356 1999/1839/2356 1907/1839/2356
f 1999/1839/2358 2001/1790/4599 1904/1790/2358
f 1999/1839/2253 2000/1838/2253 2002/1840/2253
f 2002/1840/2254 2004/1842/4600 2003/1841/2254
f 2003/1841/2360 1901/1787/2360 1904/1790/2361
f 2004/1842/2255 2006/2122/2255 2005/1843/2255
f 2005/1843/2362 1898/1785/4601 1901/1787/2362
f 2005/1843/2260 2006/2122/2260 2008/1844/2260
f 2005/1843/2363 2007/1845/2364 1896/1846/2364
f 2008/1844/2365 2011/2121/2366 2009/1784/2366
f 2007/1845/2367 2009/1784/2367 2010/1784/2367
f 2012/1847/2369 2013/1847/2369 2010/1784/2369
f 2009/1784/2370 2011/2121/2370 2014/1848/2266
f 2015/1849/2371 2016/1850/2371 2013/1847/2371
f 2014/1848/2372 2017/1851/2372 2015/1849/2372
f 2018/1775/2373 2021/1775/2373 2016/1850/2373
f 2017/1851/2374 2019/2120/2374 2018/1775/2374
f 2018/1775/2272 2019/2120/2275 2022/1852/2272
f 2018/1775/2375 2020/1853/2376 1880/1853/2376
f 2016/1850/2270 2021/1775/2270 1881/1754/2270
f 2020/1853/2288 2022/1852/2446 2024/1854/2289
f 2023/1855/2377 1878/1774/2377 1880/1853/2377
f 2023/1855/2278 2024/1854/2278 2026/1856/2378
f 2023/1855/2380 2025/1857/2380 1875/1773/2380
f 2025/1857/2382 2027/1772/2382 1872/1772/2382
f 2025/1857/2286 2026/1856/2286 2028/1858/2286
f 2029/1859/2383 1869/1770/2383 1872/1772/2383
f 2028/1858/2384 2030/1861/2384 2029/1859/2384
f 2029/1859/2282 2030/1861/2282 2032/1820/2282
f 1963/1819/2385 1960/1815/2385 1869/1770/2385
f 2031/1860/2386 2033/1862/2386 2032/1820/2386
f 2028/1858/2388 2123/1949/4602 2031/1860/2388
f 2033/1862/2390 2035/1865/4603 1962/1863/2390
f 2034/1864/2210 2037/1872/2210 2035/1865/2210
f 2125/1866/2282 2034/1864/2282 2033/1862/2282
f 1962/1821/2392 2035/1869/2392 2036/1867/2392
f 2035/1869/2209 2037/1874/2209 2039/1870/2209
f 2128/1871/2394 2038/1955/2394 2037/1872/2394
f 2038/1873/2396 2040/1960/2396 2039/1870/2397
f 2036/1867/2398 2039/1870/2398 2041/1875/2398
f 2039/1870/2399 2040/1960/2399 2043/1877/2399
f 2041/1875/2219 2044/1879/2219 2045/1878/2219
f 2043/1877/2400 2046/1882/4604 2044/1879/2401
f 2045/1878/2220 2044/1879/2224 2047/1880/2220
f 2046/1882/2402 2049/1884/4605 2047/1880/2402
f 2047/1880/2326 2050/1885/2326 2051/1883/2326
f 2049/1884/2403 2052/1970/2403 2050/1885/2403
f 2051/1883/2329 2050/1885/2329 2053/1886/2329
f 2050/1885/2404 2052/1970/2404 2055/1888/2404
f 2053/1886/2406 2056/1890/2406 2057/1889/2406
f 2055/1888/2407 2058/1974/2407 2056/1890/2408
f 2056/1890/2335 2059/1893/2335 2060/1891/2335
f 2056/1890/2409 2058/1974/4606 2061/1892/2409
f 2060/1891/2306 2059/1893/4607 2062/1894/2306
f 2059/1893/2410 2061/1892/2410 2064/1896/2410
f 2062/1894/2411 2065/1899/2411 2066/1897/2411
f 2062/1894/2412 2064/1896/4608 2067/1898/2412
f 2065/1899/2234 2068/1901/2234 2069/1900/2241
f 2067/1898/2413 2070/1904/2413 2068/1901/2414
f 2069/1900/2346 2068/1901/2239 2071/1902/2416
f 2070/1904/2417 2073/1907/4609 2071/1902/2417
f 2072/1903/2242 2071/1902/2243 2074/1905/2243
f 2073/1907/2419 2076/1985/4610 2074/1905/2420
f 2075/1906/2246 2074/1905/2245 2077/1908/2246
f 2074/1905/2422 2076/1985/4611 2079/1910/2422
f 2078/1909/2247 2077/1908/2247 2080/1911/2247
f 2079/1910/2423 2082/1915/4612 2080/1911/2423
f 2081/1912/2250 2080/1911/2250 2083/1913/2250
f 2082/1915/2425 2085/1991/2425 2083/1913/2425
f 2084/1914/2251 2083/1913/2251 2086/1916/2251
f 2083/1913/2426 2085/1991/2426 2088/1918/2426
f 2086/1916/2428 2089/1920/2428 2090/1919/2428
f 2088/1918/2429 2091/1922/2429 2089/1920/2429
f 2089/1920/2254 2092/1923/2254 2093/1921/2254
f 2091/1922/2430 2094/1997/2430 2092/1923/2430
f 2093/1921/2255 2092/1923/2255 2095/1924/2255
f 2092/1923/2432 2094/1997/2433 2097/1926/2433
f 2096/1925/2434 2095/1924/2434 2098/1927/2434
f 2095/1924/2435 2097/1926/2435 2100/1929/2435
f 2099/1928/2365 2098/1927/2263 2101/1930/2263
f 2098/1927/2436 2100/1929/2437 2103/1932/2437
f 2102/1931/2439 2101/1930/2439 2104/1933/2439
f 2101/1930/2440 2103/1932/2440 2106/1935/2440
f 2105/1934/2441 2104/1933/2441 2107/1936/2441
f 2106/1935/2442 2109/2007/2442 2107/1936/2442
f 2107/1936/2271 2110/1940/2270 2111/1938/2271
f 2107/1936/2444 2109/2007/2444 2112/1939/2444
f 2111/1938/2293 2110/1940/2272 2113/1941/2272
f 2112/1939/2445 2115/1944/2445 2113/1941/2445
f 2113/1941/2446 2116/1945/4613 2117/1943/2288
f 2115/1944/2447 2118/2013/2447 2116/1945/2447
f 2117/1943/2378 2116/1945/2379 2119/1946/2378
f 2116/1945/2448 2118/2013/4614 2121/1948/2448
f 2119/1946/2279 2122/1950/2279 2123/1949/2279
f 2121/1948/2449 2124/1953/4615 2122/1950/2449
f 2122/1950/2281 2125/1866/2281 2031/1860/2281
f 2122/1950/2451 2124/1953/4616 2126/1951/2451
f 2125/1866/2453 2126/1951/2453 2128/1871/2453
f 2127/1952/2454 2129/1954/2454 2128/1871/2454
f 2124/1953/2456 2189/2017/4617 2127/1952/2456
f 2129/1954/2457 2131/1957/2457 2038/1955/2457
f 2129/1954/2210 2130/2022/2210 2132/1956/2210
f 2192/1958/2282 2130/2022/2595 2129/1954/2282
f 2131/1959/2459 2133/1962/2459 2040/1960/2459
f 2131/1959/2209 2132/2027/2209 2134/1961/2209
f 2133/1962/2313 2134/1961/2320 2136/1963/2313
f 2040/1960/2460 2133/1962/4618 2135/1964/2461
f 2136/1963/2462 2138/1966/2462 2137/1965/2462
f 2043/1877/2463 2135/1964/2464 2137/1965/2464
f 2138/1966/2224 2140/2035/2224 2139/1967/2224
f 2046/1882/2465 2137/1965/2465 2139/1967/2465
f 2139/1967/2325 2140/2035/2223 2142/1968/2325
f 2139/1967/2466 2141/1969/2466 2052/1970/2466
f 2142/1968/2225 2144/2040/2225 2143/1971/2225
f 2052/1970/2467 2141/1969/4619 2143/1971/2467
f 2143/1971/2227 2144/2040/2227 2146/1972/2227
f 2143/1971/2468 2145/1973/2468 2058/1974/2468
f 2146/1972/2228 2148/1976/2228 2147/1975/2228
f 2058/1974/2470 2145/1973/2471 2147/1975/2471
f 2148/1976/2306 2150/1978/2306 2149/1977/2306
f 2061/1892/2472 2147/1975/2472 2149/1977/2472
f 2150/1978/2411 2152/2048/2411 2151/1979/2411
f 2149/1977/2473 2151/1979/2473 2067/1898/2473
f 2151/1979/2241 2152/2048/2241 2154/1980/2241
f 2151/1979/2474 2153/1981/2474 2070/1904/2475
f 2154/1980/2346 2156/2053/2237 2155/1982/2416
f 2070/1904/2476 2153/1981/2476 2155/1982/2476
f 2155/1982/2242 2156/2053/2242 2158/1983/2242
f 2155/1982/2478 2157/1984/4620 2076/1985/2478
f 2158/1983/2248 2160/2057/2248 2159/1986/2248
f 2076/1985/2479 2157/1984/2479 2159/1986/2479
f 2159/1986/2481 2160/2057/2247 2162/1987/2482
f 2079/1910/2483 2159/1986/2483 2161/1988/2483
f 2161/1988/2250 2162/1987/2250 2164/1989/2250
f 2082/1915/2484 2161/1988/2485 2163/1990/2485
f 2164/1989/2251 2166/2063/2251 2165/1992/2251
f 2085/1991/2486 2163/1990/2487 2165/1992/2487
f 2165/1992/2488 2166/2063/2253 2168/1993/2488
f 2165/1992/2489 2167/1994/4621 2091/1922/2489
f 2167/1994/2254 2168/1993/2254 2170/1995/2254
f 2167/1994/2490 2169/1996/2490 2094/1997/2490
f 2169/1996/2256 2170/1995/2255 2172/1998/2255
f 2169/1996/2492 2171/1999/2492 2097/1926/2492
f 2171/1999/2265 2172/1998/2265 2174/2000/2265
f 2171/1999/2494 2173/2001/2494 2100/1929/2494
f 2174/2000/2263 2176/2072/2263 2175/2002/2263
f 2173/2001/2495 2175/2002/2495 2103/1932/2495
f 2175/2002/2267 2176/2072/2266 2178/2003/2266
f 2103/1932/2496 2175/2002/2496 2177/2004/2496
f 2177/2004/2268 2178/2003/2441 2180/2005/2269
f 2177/2004/2498 2179/2006/2498 2109/2007/2498
f 2179/2006/2271 2180/2005/2271 2182/2008/2271
f 2109/2007/2499 2179/2006/2499 2181/2009/2499
f 2181/2009/2293 2182/2008/2293 2184/2010/2293
f 2112/1939/2500 2181/2009/2500 2183/2011/2500
f 2184/2010/2288 2186/2014/2290 2185/2012/2288
f 2115/1944/2501 2183/2011/2501 2185/2012/2501
f 2186/2014/2278 2188/2019/2278 2187/2015/2278
f 2185/2012/2503 2187/2015/2503 2121/1948/2503
f 2187/2015/2286 2188/2019/2286 2190/2016/2286
f 2121/1948/2505 2187/2015/4622 2189/2017/2505
f 2189/2017/2384 2190/2016/2284 2192/1958/2384
f 2190/2016/2506 2191/2020/2506 2193/2018/2506
f 2188/2019/2507 2253/2083/2508 2191/2020/2508
f 2192/1958/2509 2193/2018/2509 2195/2021/2509
f 2194/2023/2510 2196/2092/2510 2195/2021/2510
f 2191/2020/2511 2256/2087/2511 2194/2023/2511
f 2195/2021/2512 2196/2092/2512 2198/2024/2512
f 2130/2022/2513 2195/2021/2514 2197/2025/2514
f 2197/2026/2515 2199/2029/2515 2134/1961/2515
f 2198/2028/2516 2200/2030/2516 2199/2029/2516
f 2200/2030/2517 2202/2096/2517 2201/2031/2517
f 2134/1961/2519 2199/2029/2519 2201/2031/2519
f 2201/2031/2520 2202/2096/2520 2204/2032/2520
f 2201/2031/2521 2203/2033/2521 2138/1966/2521
f 2204/2032/2522 2206/2036/4623 2205/2034/2523
f 2203/2033/2524 2205/2034/2524 2140/2035/2524
f 2206/2036/2525 2208/2100/4624 2207/2037/2525
f 2140/2035/2527 2205/2034/2527 2207/2037/2527
f 2207/2037/2529 2208/2100/4625 2210/2038/2529
f 2207/2037/2531 2209/2039/2531 2144/2040/2531
f 2209/2039/2532 2210/2038/4626 2212/2041/2532
f 2144/2040/2534 2209/2039/2534 2211/2042/2534
f 2212/2041/2535 2214/2044/2535 2213/2043/2536
f 2211/2042/2537 2213/2043/4627 2148/1976/2537
f 2214/2044/2538 2216/2103/2538 2215/2045/2538
f 2148/1976/2540 2213/2043/2540 2215/2045/2540
f 2215/2045/2541 2216/2103/2541 2218/2046/2541
f 2150/1978/2542 2215/2045/2542 2217/2047/2542
f 2217/2047/2543 2218/2046/2543 2220/2049/2543
f 2152/2048/2544 2217/2047/2544 2219/2050/2544
f 2219/2050/2546 2220/2049/4628 2222/2051/2546
f 2154/1980/2548 2219/2050/2548 2221/2052/2548
f 2222/2051/2549 2224/2107/2549 2223/2054/2549
f 2221/2052/2550 2223/2054/2550 2158/1983/2550
f 2223/2054/2551 2224/2107/2551 2226/2055/2551
f 2158/1983/2552 2223/2054/2552 2225/2056/2552
f 2226/2055/2553 2228/2059/2553 2227/2058/2553
f 2160/2057/2555 2225/2056/2555 2227/2058/2555
f 2228/2059/2556 2230/2109/2556 2229/2060/2556
f 2227/2058/2557 2229/2060/2557 2164/1989/2557
f 2229/2060/2558 2230/2109/4629 2232/2061/2558
f 2229/2060/2560 2231/2062/4630 2166/2063/2560
f 2231/2062/2561 2232/2061/2561 2234/2064/2561
f 2166/2063/2563 2231/2062/2563 2233/2065/2563
f 2234/2064/2565 2236/2112/2565 2235/2066/2565
f 2168/1993/2566 2233/2065/4631 2235/2066/2567
f 2235/2066/2568 2236/2112/2568 2238/2067/2568
f 2170/1995/2569 2235/2066/2569 2237/2068/2569
f 2238/2067/2570 2240/2070/2570 2239/2069/2571
f 2237/2068/2572 2239/2069/4632 2174/2000/2572
f 2240/2070/2573 2242/2073/2573 2241/2071/2573
f 2174/2000/2574 2239/2069/2574 2241/2071/2574
f 2242/2073/2576 2244/2117/4633 2243/2074/2576
f 2241/2071/2578 2243/2074/2578 2178/2003/2578
f 2243/2074/2580 2244/2117/2581 2246/2075/2581
f 2178/2003/2582 2243/2074/4634 2245/2076/2582
f 2246/2075/2583 2248/2078/2583 2247/2077/2583
f 2180/2005/2584 2245/2076/4635 2247/2077/2584
f 2248/2078/2585 2250/2080/4636 2249/2079/2585
f 2247/2077/2586 2249/2079/4637 2184/2010/2586
f 2250/2080/2587 2252/2085/4638 2251/2081/2587
f 2249/2079/2588 2251/2081/2588 2186/2014/2589
f 2251/2081/2590 2252/2085/2591 2254/2082/2591
f 2251/2081/2592 2253/2083/2592 2188/2019/2592
f 2254/2082/2593 2256/2087/2593 2191/2020/2594
f 2287/2084/2277 2255/3273/2277 2254/2082/2277
f 2254/2082/2279 2255/3273/2286 2257/2086/2286
f 2257/2086/2284 2258/2091/4639 2194/2023/2281
f 2262/2090/2294 2261/3274/4640 2260/3275/2291
f 2260/3275/2291 2259/3276/4641 2258/3277/2291
f 2258/3277/2291 2257/3278/4642 2255/3279/4643
f 2255/3279/4643 2287/3280/2291 2258/3277/2291
f 2287/3280/2291 2286/3281/2294 2258/3277/2291
f 2286/3281/2294 2285/3282/4644 2284/3283/2304
f 2284/3283/2304 2283/3284/2292 2286/3281/2294
f 2283/3284/2292 2282/3285/2294 2286/3281/2294
f 2282/3285/2294 2281/3286/4645 2278/2088/2294
f 2281/3286/4645 2280/3287/2294 2278/2088/2294
f 2280/3287/2294 2279/3288/4646 2278/2088/2294
f 2278/2088/2294 2277/3289/4641 2276/3290/4640
f 2276/3290/4640 2275/3291/2639 2278/2088/2294
f 2275/3291/2639 2274/3292/2294 2278/2088/2294
f 2274/3292/2294 2273/3293/4647 2270/2089/2294
f 2273/3293/4647 2272/3294/4648 2270/2089/2294
f 2272/3294/4648 2271/3295/4649 2270/2089/2294
f 2270/2089/2294 2269/3296/4650 2268/3297/4651
f 2268/3297/4651 2267/3298/2291 2270/2089/2294
f 2267/3298/2291 2266/3299/2292 2270/2089/2294
f 2266/3299/2292 2265/3300/2292 2264/3301/4652
f 2264/3301/4652 2263/3302/2292 2266/3299/2292
f 2263/3302/2292 2262/2090/2294 2266/3299/2292
f 2262/2090/2294 2260/3275/2291 2286/3281/2294
f 2260/3275/2291 2258/3277/2291 2286/3281/2294
f 2286/3281/2294 2282/3285/2294 2278/2088/2294
f 2278/2088/2294 2274/3292/2294 2270/2089/2294
f 2270/2089/2294 2266/3299/2292 2262/2090/2294
f 2262/2090/2294 2286/3281/2294 2278/2088/2294
f 2258/2091/2282 2259/2093/4653 2196/2092/2595
f 2259/2093/2210 2260/3303/2210 2198/2024/2210
f 2260/2094/2209 2261/2095/2209 2200/2030/2209
f 2261/2095/2313 2262/3304/2313 2202/2096/2313
f 2202/2096/2219 2262/3304/2219 2263/2097/2219
f 2204/2032/2224 2263/2097/2224 2264/2098/2224
f 2206/2036/2223 2264/2098/2221 2265/2099/2221
f 2208/2100/2225 2265/2099/2225 2266/2101/2225
f 2266/2101/2226 2267/3305/2333 2212/2041/2226
f 2212/2041/2229 2267/3305/2229 2268/2102/2229
f 2268/2102/2230 2269/3306/2230 2216/2103/2230
f 2216/2103/2232 2269/3306/2411 2270/2104/2232
f 2270/2104/2241 2271/3307/2241 2220/2049/2241
f 2220/2049/2239 2271/3307/2346 2272/2105/2416
f 2222/2051/2242 2272/2105/2242 2273/2106/2242
f 2273/2106/2596 2274/3308/2596 2226/2055/2596
f 2226/2055/2247 2274/3308/2247 2275/2108/2247
f 2275/2108/2249 2276/2110/2249 2230/2109/2250
f 2276/2110/2251 2277/3309/2251 2232/2061/2251
f 2232/2061/2428 2277/3309/2252 2278/2111/2252
f 2278/2111/2254 2279/2113/2254 2236/2112/2254
f 2279/2113/2598 2280/2114/2598 2238/2067/2598
f 2280/2114/2296 2281/3310/2296 2240/2070/2296
f 2240/2070/2366 2281/3310/2366 2282/2115/2366
f 2242/2073/2267 2282/2115/4654 2283/2116/2267
f 2244/2117/2268 2283/2116/4655 2284/2118/2268
f 2284/2118/2270 2285/2119/2270 2248/2078/2270
f 2285/2119/2272 2286/3311/2272 2250/2080/2272
f 2250/2080/2290 2286/3311/2290 2287/2084/2290
f 2120/1947/2599 2123/1949/4656 2028/1858/2599
f 2024/1854/2601 2117/1943/2601 2120/1947/2601
f 2114/1942/2602 2117/1943/2602 2024/1854/2602
f 2111/1938/2603 2114/1942/2603 2022/1852/2603
f 2108/1937/2605 2111/1938/2605 2019/2120/2605
f 2105/1934/2606 2108/1937/2606 2017/1851/2606
f 2011/2121/2607 2102/1931/4657 2105/1934/2607
f 2099/1928/2609 2102/1931/4658 2011/2121/2609
f 2096/1925/2611 2099/1928/2611 2008/1844/2611
f 2004/1842/2613 2093/1921/4659 2096/1925/2613
f 2090/1919/2614 2093/1921/4660 2004/1842/2615
f 2087/1917/2616 2090/1919/4661 2002/1840/2616
f 2084/1914/2617 2087/1917/2617 2000/1838/2617
f 2081/1912/2618 2084/1914/4662 1998/2123/2618
f 1993/1836/2619 2078/1909/2619 2081/1912/2619
f 2075/1906/2620 2078/1909/4663 1993/1836/2620
f 2072/1903/2621 2075/1906/2621 1991/1835/2621
f 1987/2124/2622 2069/1900/2622 2072/1903/2622
f 2066/1897/2624 2069/1900/2624 1987/2124/2624
f 1982/1831/2625 2063/1895/2625 2066/1897/2625
f 1980/1830/2626 2060/1891/2626 2063/1895/2626
f 1978/1829/2628 2057/1889/4664 2060/1891/2628
f 1976/1828/2630 2054/1887/2630 2057/1889/2630
f 1973/1826/2632 2051/1883/2632 2054/1887/2632
f 2048/1881/2633 2051/1883/4665 1973/1826/2634
f 1969/1824/2635 2045/1878/2635 2048/1881/2635
f 2042/1876/2636 2045/1878/2636 1969/1824/2636
f 1965/1868/2637 2036/1867/2637 2042/1876/2637
f 1889/1779/2268 2013/1847/2268 2016/1850/2269
f 1891/1781/2267 2010/1784/2267 2013/1847/2267
f 1955/1812/2291 1952/1809/2638 1766/1684/2294
f 1946/1687/2292 1769/1687/2292 1766/1684/2294
f 1914/1719/2300 2289/1719/2300 2288/1707/2294
f 1795/1708/2303 2288/1707/2242 2289/1719/2303
f 1906/1788/2291 1903/1789/2639 2291/1735/2300
f 1812/1723/2297 2290/1722/2297 2291/1735/2297
f 1903/1789/2639 1900/1734/2639 1824/1734/2639
f 1900/1734/2639 1894/1783/2291 1826/1783/2294
f 1892/1738/2266 1888/1780/2266 1836/1743/2266
f 1888/1780/2268 1886/1778/2268 1839/1747/2268
f 1877/1755/2292 1874/1771/2294 1852/2126/2294
f 1874/1771/2294 1867/1761/2292 1855/1761/2292
f 1765/1683/2219 1768/1685/2219 2295/1692/2219
f 1754/1673/2640 1758/1672/2398 1765/1683/2398
f 2297/2128/2641 2298/2147/4666 2304/2129/2642
f 2525/2131/2644 2299/2392/2644 2297/2132/2645
f 2297/2134/2647 2300/2140/4667 2428/2135/2648
f 2299/2137/2650 2297/2128/4668 2301/2130/2651
f 2299/2139/2653 2508/2386/4669 2300/2140/2654
f 2301/2130/2656 2304/2129/4670 2306/2141/2657
f 2303/2138/2659 2301/2130/4671 2302/2142/2660
f 2309/2144/2662 2305/2146/2663 2304/2129/2663
f 2305/2146/2664 2374/2232/2664 2306/2141/2664
f 2307/2145/2665 2304/2129/2665 2298/2147/2666
f 2312/2149/2667 2308/2150/4672 2307/2145/2668
f 2308/2150/2670 2464/2338/4673 2310/2151/2671
f 2310/2151/2673 2448/2244/2673 2309/2144/2673
f 2311/2148/2674 2298/2147/4674 2528/2152/2675
f 2312/2154/2677 2311/2162/4675 2315/2155/2678
f 2314/2157/2679 2484/2365/2703 2312/2158/2680
f 2313/2160/2682 2318/2246/2774 2316/2161/2683
f 2388/2163/2684 2314/2157/2679 2311/2159/2681
f 2311/2162/2685 2316/2161/2685 2321/2165/2686
f 2317/2166/2687 2516/2398/2688 2321/2165/2688
f 2320/2167/2690 2316/2174/2691 2317/2168/2691
f 2319/2170/2692 2502/2380/2692 2317/2171/2693
f 2534/2173/2690 2318/3312/2691 2316/2174/2691
f 2322/2175/2695 2316/2172/4676 2318/2176/2696
f 2327/2178/2698 2319/2170/2698 2316/2172/2699
f 2323/2179/2700 2328/2190/2701 2327/2178/2701
f 2326/2180/2684 2322/2187/2703 2323/2181/2703
f 2325/2183/2705 2476/2349/2705 2323/2184/2706
f 2394/2186/2684 2324/3313/2703 2322/2187/2703
f 2324/2188/2708 2528/2268/2708 2298/2136/2709
f 2322/2185/2710 2298/2136/2710 2428/2135/2711
f 2329/2189/2712 2403/2274/2696 2319/2170/2696
f 2328/2190/2713 2331/2193/4677 2330/2191/2714
f 2327/2178/2716 2330/2191/2716 2332/2192/2716
f 2331/2193/2717 2334/2366/2717 2333/2194/2717
f 2330/2191/2717 2333/2194/2717 2335/2195/2717
f 2333/2194/2718 2334/2366/2718 2337/2196/2719
f 2333/2194/2718 2336/2197/2718 2338/2198/2718
f 2336/2197/2720 2337/2196/4678 2340/2199/2721
f 2338/2198/2723 2336/2197/2718 2339/2200/2724
f 2340/2199/2726 2343/2204/4679 2342/2202/2727
f 2339/2200/2729 2342/2202/2718 2344/2203/2730
f 2343/2204/2718 2346/2208/2718 2345/2205/2718
f 2344/2203/2718 2342/2202/2718 2345/2205/2718
f 2348/2207/2732 2345/2205/2732 2346/2208/2732
f 2350/2210/2732 2347/2206/2732 2345/2205/2732
f 2486/2156/2733 2315/2155/4680 2348/2207/2734
f 2352/2211/2736 2350/2210/2736 2348/2207/2736
f 2351/2212/2732 2565/2455/2732 2347/2206/2732
f 2353/2213/2736 2351/2212/2736 2350/2210/2736
f 2315/2155/2737 2321/2165/2737 2354/2214/2737
f 2352/2211/2737 2354/2214/2737 2355/2215/2737
f 2354/2214/2738 2356/2218/2741 2357/2216/2739
f 2354/2214/2738 2321/2165/2738 2358/2217/2740
f 2356/2218/2742 2359/2221/2746 2360/2219/2743
f 2356/2218/2742 2358/2217/2745 2361/2220/2745
f 2360/2219/2747 2359/2221/2747 2362/2222/2747
f 2361/2220/2747 2364/2402/2747 2362/2222/2747
f 2362/2222/2748 2365/2226/4681 2366/2224/2749
f 2362/2222/2750 2364/2402/2747 2367/2225/2751
f 2366/2224/2753 2365/2226/4682 2368/2227/2754
f 2367/2225/2756 2370/2404/2747 2368/2227/2757
f 2368/2227/2747 2371/2231/2747 2373/2229/2747
f 2368/2227/2747 2370/2404/2747 2372/2230/2747
f 2374/2232/2759 2371/2231/2759 2372/2230/2759
f 2375/2233/2759 2373/2229/2759 2371/2231/2759
f 2377/2234/2664 2375/2233/2664 2374/2232/2664
f 2378/2235/2760 2376/2236/4683 2375/2233/2761
f 2376/2236/2759 2549/2438/2759 2373/2229/2759
f 2555/2237/2763 2378/2235/2764 2377/2234/2764
f 2380/2239/2662 2377/2234/2662 2305/2146/2663
f 2380/2239/2766 2383/2243/2698 2379/2238/2698
f 2382/2240/2767 2451/2321/4673 2381/2241/2768
f 2380/2239/2770 2381/2241/4684 2385/2242/2771
f 2448/2244/2673 2382/2240/2673 2380/2239/2673
f 2383/2245/2773 2384/2247/2774 2318/2246/2774
f 2383/2245/2775 2353/2213/2776 2355/2215/2776
f 2385/2248/2777 2568/2459/4685 2353/2213/2778
f 2385/2249/2780 2387/2252/2783 2386/2250/2684
f 2313/2153/2676 2528/2152/2675 2379/2238/2675
f 2383/2251/2781 2386/2250/2684 2388/2163/2684
f 2387/2252/2783 2390/2256/2684 2389/2253/2684
f 2386/2250/2684 2389/2253/2684 2391/2254/2684
f 2393/2255/2704 2392/2257/2684 2389/2253/2684
f 2392/2257/2684 2394/2186/2684 2391/2254/2684
f 2396/2258/2784 2395/2259/2785 2392/2257/2684
f 2395/2259/2785 2324/3313/2703 2394/2186/2684
f 2396/2260/2786 2395/2267/4686 2398/2261/2787
f 2396/2263/2788 2462/2332/4687 2397/2264/2789
f 2324/2177/2697 2318/2176/2696 2384/2266/2712
f 2395/2265/2792 2379/2270/2792 2528/2268/2708
f 2395/2265/2686 2397/2264/2793 2425/2269/2793
f 2398/2261/2794 2395/2267/2665 2384/2266/2665
f 2399/2262/2795 2398/2261/4688 2400/2272/2796
f 2329/2189/2716 2332/2192/2716 2400/2272/2716
f 2398/2261/2712 2401/2271/2696 2403/2274/2696
f 2535/2275/2798 2402/2276/4689 2401/2271/2799
f 2402/2276/2801 2405/2279/4690 2404/2277/2802
f 2404/2277/2804 2406/2281/2804 2403/2274/2804
f 2408/2278/2805 2407/2280/2805 2404/2277/2805
f 2407/2280/2805 2409/2284/2805 2406/2281/2805
f 2411/2282/2806 2410/2286/2807 2407/2280/2807
f 2407/2280/2807 2410/2286/2807 2412/2283/2807
f 2414/2285/2808 2413/2287/4691 2410/2286/2809
f 2413/2287/2811 2415/2290/4692 2412/2283/2812
f 2414/2285/2813 2417/2291/4693 2416/2288/2814
f 2413/2287/2816 2416/2288/4694 2418/2289/2817
f 2417/2291/2819 2420/2445/4694 2419/2292/2807
f 2419/2292/2807 2421/2295/2807 2418/2289/2807
f 2419/2292/2820 2420/2445/2820 2423/2293/2820
f 2421/2295/2820 2419/2292/2820 2422/2294/2820
f 2422/2294/2821 2423/2293/4695 2426/2297/2822
f 2427/2298/2824 2424/2296/2825 2422/2294/2825
f 2425/2269/2827 2426/2297/4696 2555/2299/2828
f 2429/2300/2830 2427/2298/2833 2425/2269/2831
f 2325/2183/2830 2428/2135/2830 2427/2298/2833
f 2488/2301/2834 2424/2296/2825 2427/2298/2824
f 2431/2302/2835 2430/2303/2835 2429/2300/2835
f 2430/2303/2835 2432/2306/2835 2325/2183/2835
f 2434/2304/2836 2433/2305/2836 2430/2303/2836
f 2433/2305/2836 2435/2308/2836 2432/2306/2836
f 2434/2304/2837 2437/2310/2850 2436/2307/2838
f 2436/2307/2838 2438/2312/2838 2435/2308/2838
f 2440/2309/2839 2439/2314/4697 2436/2307/2840
f 2436/2307/2841 2439/2314/4698 2441/2311/2842
f 2440/2309/2843 2443/2316/2838 2442/2313/2844
f 2442/2313/2846 2444/2318/2838 2441/2311/2847
f 2447/2315/2838 2445/2319/2838 2442/2313/2838
f 2442/2313/2838 2445/2319/2838 2446/2317/2838
f 2446/2317/2849 2445/2319/2849 2448/2244/2849
f 2445/2319/2849 2447/2315/2849 2382/2240/2849
f 2450/2320/2850 2449/2322/2838 2447/2315/2838
f 2447/2315/2849 2449/2322/2849 2451/2321/2849
f 2449/2322/2851 2450/2320/4699 2452/2323/2852
f 2451/2321/2854 2452/2323/4700 2453/2324/2855
f 2452/2323/2857 2450/2320/4701 2455/2325/2858
f 2453/2324/2860 2452/2323/4702 2454/2326/2861
f 2455/2325/2863 2458/2334/4703 2457/2328/2864
f 2454/2326/2866 2457/2328/4704 2459/2329/2867
f 2457/2328/2869 2458/2334/4705 2461/2330/2870
f 2459/2329/2872 2457/2328/4706 2460/2331/2873
f 2461/2330/2836 2434/2304/2836 2431/2302/2836
f 2462/2332/2875 2460/2331/4707 2431/2302/2876
f 2393/2333/2878 2459/2329/4708 2462/2332/2879
f 2458/2334/2881 2437/2310/2850 2434/2304/2837
f 2456/2327/2883 2459/2329/4709 2393/2333/2884
f 2455/2325/2886 2440/2309/4710 2437/2310/2887
f 2387/2336/2889 2453/2324/4711 2456/2327/2890
f 2455/2325/2892 2450/2320/4712 2443/2316/2893
f 2381/2241/2895 2453/2324/4713 2387/2336/2896
f 2463/2337/2849 2446/2317/2849 2310/2151/2849
f 2446/2317/2838 2463/2337/2838 2465/2339/2898
f 2467/2340/2899 2465/2339/4714 2463/2337/2900
f 2466/2341/2902 2465/2339/4715 2467/2340/2903
f 2444/2318/2905 2465/2339/4716 2466/2341/2906
f 2468/2343/2908 2467/2340/4717 2464/2338/2909
f 2469/2342/2911 2467/2340/4718 2468/2343/2912
f 2471/2345/2914 2472/2351/4719 2466/2341/2915
f 2473/2346/2917 2471/2345/4720 2469/2342/2918
f 2475/2347/2920 2472/2351/4721 2471/2345/2921
f 2474/2348/2923 2471/2345/4722 2473/2346/2924
f 2435/2308/2836 2475/2347/2836 2474/2348/2836
f 2432/2306/2926 2474/2348/4723 2476/2349/2927
f 2476/2349/2929 2473/2346/4724 2477/2350/2930
f 2435/2308/2838 2438/2312/2838 2472/2351/2838
f 2477/2350/2932 2473/2346/4725 2470/2344/2933
f 2477/2353/2935 2479/2355/4726 2328/2190/2936
f 2477/2353/2938 2478/2361/4727 2481/2354/2939
f 2487/2356/2684 2326/2180/2684 2477/2182/2704
f 2479/2355/2941 2480/2359/4728 2331/2193/2942
f 2479/2355/2944 2481/2354/2919 2482/2358/2945
f 2484/2360/2947 2483/2362/4729 2481/2354/2948
f 2483/2362/2950 2485/2363/4730 2482/2358/2951
f 2484/2360/2952 2312/2154/4731 2486/2156/2953
f 2483/2362/2955 2486/2156/4732 2349/2209/2956
f 2485/2363/2958 2343/2204/4733 2340/2199/2959
f 2485/2363/2961 2349/2209/4734 2346/2208/2962
f 2484/2364/2964 2468/2343/4735 2308/2150/2965
f 2487/2356/2684 2478/2357/2684 2484/2365/2703
f 2470/2344/2967 2468/2343/4736 2484/2364/2968
f 2480/2359/2970 2482/2358/4737 2340/2199/2971
f 2480/2359/2973 2337/2196/4738 2334/2366/2974
f 2391/2254/2684 2487/2356/2684 2314/2157/2679
f 2391/2254/2684 2394/2186/2684 2326/2180/2684
f 2438/2312/2976 2441/2311/4739 2466/2341/2977
f 2300/2140/2979 2489/2368/4695 2488/2301/2980
f 2491/2367/2820 2490/2369/2820 2488/2301/2820
f 2490/2369/2820 2421/2295/2820 2424/2296/2820
f 2490/2369/2807 2491/2367/2807 2493/2370/2806
f 2418/2289/2807 2421/2295/2807 2490/2369/2807
f 2492/2371/2982 2493/2370/4740 2495/2372/2983
f 2418/2289/2985 2492/2371/2807 2494/2373/2986
f 2496/2374/2988 2494/2373/4741 2495/2372/2989
f 2412/2283/2991 2415/2290/4742 2494/2373/2992
f 2498/2376/2807 2496/2374/2807 2497/2375/2819
f 2412/2283/2807 2496/2374/2807 2498/2376/2807
f 2498/2376/2805 2499/2377/2805 2501/2378/2805
f 2409/2284/2805 2498/2376/2805 2500/2379/2805
f 2500/2379/2993 2501/2378/4743 2502/2380/2994
f 2406/2281/2804 2500/2379/2804 2319/2170/2804
f 2499/2377/2996 2497/2375/4744 2503/2381/2997
f 2501/2378/2999 2503/2381/4745 2504/2382/3000
f 2503/2381/3002 2497/2375/4746 2495/2372/3003
f 2504/2382/3005 2503/2381/4747 2505/2383/3006
f 2495/2372/3008 2493/2370/4748 2507/2385/3009
f 2505/2383/3011 2507/2385/4749 2508/2386/3012
f 2507/2385/3014 2493/2370/4750 2491/2367/3015
f 2508/2386/3017 2507/2385/4751 2489/2368/3018
f 2506/2384/3020 2508/2386/4752 2299/2139/3021
f 2510/2388/3023 2504/2382/4753 2506/2384/3024
f 2299/2137/3026 2303/2138/4754 2512/2389/3027
f 2511/2391/2755 2509/2395/2755 2299/2392/2644
f 2510/2393/3029 2509/2390/4755 2512/2389/3030
f 2511/2391/2755 2320/2167/2690 2510/2169/2690
f 2514/2394/3032 2512/2389/3007 2513/2396/3033
f 2303/2138/3035 2523/2143/4756 2513/2396/3036
f 2510/2393/3037 2514/2394/4757 2516/2398/3038
f 2514/2394/3040 2515/2397/4758 2517/2399/3041
f 2516/2398/3043 2517/2399/4759 2358/2217/3044
f 2515/2397/3046 2519/2401/4760 2518/2400/3047
f 2517/2399/3049 2518/2400/2745 2361/2220/2745
f 2361/2220/2747 2518/2400/2747 2519/2401/3050
f 2515/2397/3051 2513/2396/4761 2520/2403/3052
f 2364/2402/3054 2519/2401/4762 2520/2403/3055
f 2523/2143/3057 2521/2405/4763 2520/2403/3058
f 2520/2403/3060 2521/2405/4764 2370/2404/3061
f 2521/2405/2747 2522/2406/2747 2372/2230/2747
f 2523/2143/3063 2302/2142/4765 2522/2406/3064
f 2306/2141/2759 2372/2230/2759 2522/2406/2759
f 2524/2407/2755 2511/2391/2755 2525/2131/2644
f 2524/2407/2755 2534/2173/2690 2320/2167/2690
f 2526/2408/2644 2525/2131/2644 2298/2133/2646
f 2379/2410/3067 2527/2411/3068 2526/2408/2644
f 2527/2411/3068 2530/2414/2755 2524/2407/2755
f 2555/2412/3069 2529/2413/3070 2527/2411/3068
f 2529/2413/3070 2531/2416/2747 2530/2414/2755
f 2533/2415/2644 2532/2417/2690 2530/2414/2755
f 2532/2417/2690 2534/2173/2690 2524/2407/2755
f 2535/2418/3071 2384/2419/2691 2532/2417/2690
f 2384/2419/2691 2318/3312/2691 2534/2173/2690
f 2533/2420/3072 2535/2431/4766 2540/2421/3073
f 2533/2423/3075 2536/2440/4767 2402/2276/3076
f 2533/2420/3078 2537/2422/4768 2539/2424/3079
f 2551/2426/3081 2536/2440/4769 2533/2423/3082
f 2537/2422/3084 2540/2421/4770 2541/2428/3085
f 2537/2422/3087 2538/2429/4771 2546/2430/3088
f 2535/2431/3090 2384/2247/4772 2355/2215/3091
f 2540/2421/3092 2355/2215/4773 2357/2216/3093
f 2357/2216/2744 2360/2219/2743 2542/2432/3095
f 2538/2429/3097 2541/2428/4774 2542/2432/3098
f 2360/2219/2747 2363/2223/2747 2543/2433/3100
f 2363/2223/3101 2366/2224/4775 2544/2434/3102
f 2538/2429/3104 2543/2433/4776 2544/2434/3105
f 2544/2434/3107 2366/2224/4777 2369/2228/3108
f 2547/2436/3110 2546/2430/4778 2544/2434/3111
f 2548/2437/3113 2539/2424/3138 2546/2430/3114
f 2547/2436/3116 2545/2435/4779 2549/2438/3117
f 2548/2437/3119 2547/2436/4780 2376/2236/3120
f 2529/2439/3122 2548/2437/4781 2378/2235/3123
f 2529/2439/3125 2531/2425/4782 2539/2424/3126
f 2545/2435/2747 2369/2228/2747 2373/2229/2747
f 2536/2440/3128 2550/2446/4783 2405/2279/3129
f 2552/2441/3131 2550/2446/4784 2536/2440/3132
f 2529/2442/3133 2553/2443/4785 2551/2426/3134
f 2553/2443/3136 2554/2444/4786 2552/2441/3137
f 2426/2297/3139 2553/2443/4787 2529/2442/3140
f 2423/2293/3142 2554/2444/4788 2553/2443/3143
f 2554/2444/3145 2417/2291/4789 2414/2285/3146
f 2420/2445/3148 2417/2291/4790 2554/2444/3149
f 2414/2285/3151 2411/2282/4791 2550/2446/3152
f 2550/2446/3154 2411/2282/4792 2408/2278/3155
f 2502/2380/3157 2504/2382/4793 2510/2388/3158
f 2400/2272/2717 2557/2448/2717 2558/2447/2717
f 2332/2192/2717 2335/2195/2717 2557/2448/2717
f 2557/2448/2718 2559/2450/2718 2560/2449/3160
f 2557/2448/2718 2335/2195/2718 2338/2198/2718
f 2559/2450/3161 2561/2452/4794 2562/2451/3162
f 2338/2198/3164 2341/2201/4795 2561/2452/3165
f 2562/2451/3166 2561/2452/4796 2563/2453/3167
f 2561/2452/3169 2341/2201/4797 2344/2203/3170
f 2564/2454/2718 2563/2453/2718 2565/2455/2718
f 2344/2203/2718 2347/2206/2718 2565/2455/2718
f 2567/2457/2732 2566/2456/2732 2565/2455/2732
f 2569/2458/3171 2564/2454/4798 2566/2456/3172
f 2568/2459/3174 2567/2457/4799 2351/2212/3175
f 2570/2460/3177 2569/2458/4800 2567/2457/3178
f 2569/2458/3180 2571/2461/4801 2562/2451/3181
f 2570/2460/3183 2572/2464/2862 2571/2461/3184
f 2573/2462/3186 2560/2449/4802 2562/2451/3187
f 2574/2463/3189 2573/2462/4803 2571/2461/3190
f 2573/2462/3191 2556/2273/4804 2558/2447/3192
f 2574/2463/3194 2399/2262/4805 2556/2273/3195
f 2393/2465/3197 2396/2260/4806 2399/2262/3198
f 2393/2465/3200 2574/2463/4807 2572/2464/3201
f 2387/2467/3203 2390/2466/4808 2572/2464/3204
f 2387/2467/3206 2570/2460/4809 2568/2459/3207
f 2576/2470/3209 2575/3314/3209 2593/2468/3209
f 2575/3314/3209 2577/2474/3209 2593/2468/3209
f 2577/2474/3209 2596/3315/4810 2593/2468/3209
f 2593/2468/3209 2590/3316/4811 2587/2469/3209
f 2587/2469/3209 2584/2481/3209 2576/2470/3209
f 2576/2471/3210 2581/2479/3210 2578/2472/3210
f 2577/2474/3211 2575/3314/3211 2578/2475/3211
f 2580/2476/3212 2578/2475/3212 2579/2477/3212
f 2581/2479/3214 2582/3317/3214 2579/2480/3214
f 2584/2481/3215 2583/2483/3215 2581/2482/3215
f 2583/2483/3216 2585/3318/3216 2582/2484/3216
f 2584/2485/3217 2587/3319/3217 2586/2486/3217
f 2586/2486/3218 2588/3320/3218 2585/2488/3218
f 2587/2469/3219 2590/3316/3219 2589/2489/3219
f 2586/2490/3220 2589/2489/3220 2591/2491/3220
f 2593/2493/3221 2592/3321/4812 2589/2494/3221
f 2589/2494/3222 2592/3321/3222 2594/2496/3222
f 2593/2468/3223 2596/3315/3223 2595/2498/3223
f 2592/2499/3224 2595/2498/4813 2597/2500/3224
f 2577/2502/3225 2580/2505/3225 2595/2503/3225
f 2580/2505/3226 2599/2507/3226 2597/2506/3227
f 2599/2507/3229 2600/2515/3229 2598/2508/3230
f 2594/2501/3231 2597/2500/3232 2598/2509/3232
f 2599/2478/3233 2579/2477/3233 2602/2511/3233
f 2600/2512/3234 2602/2511/3234 2603/2513/3235
f 2600/2515/3236 2601/3322/3237 2615/2516/3237
f 2582/2517/3238 2604/3323/3238 2602/2518/3238
f 2602/2518/3239 2604/3323/3239 2605/2520/3240
f 2604/2522/3241 2606/2525/3241 2607/2523/3242
f 2582/2484/3243 2585/3318/4814 2606/2525/3243
f 2608/2526/3244 2609/2562/3245 2607/2527/3245
f 2588/2529/3246 2608/2526/3246 2606/2528/3246
f 2610/2531/3248 2611/3324/3249 2609/2532/3249
f 2588/2492/3250 2591/2491/3250 2610/2531/3250
f 2612/2534/3251 2613/2542/3258 2611/2535/3252
f 2594/2537/3253 2612/2534/4815 2610/2536/3253
f 2598/2509/3254 2615/3325/3255 2613/2539/3255
f 2613/2539/3255 2615/3325/3255 2616/2540/3257
f 2613/2542/3258 2614/2567/3259 2628/2543/3259
f 2615/2516/3237 2601/3322/3237 2618/2544/3260
f 2618/2544/3261 2619/2576/3261 2617/2546/3261
f 2614/2541/3262 2616/2540/3262 2617/2547/3262
f 2620/2549/3263 2621/2578/3263 2619/2550/3263
f 2601/2514/3235 2603/2513/3235 2620/2549/3264
f 2605/2520/3240 2622/2553/3265 2620/2552/3265
f 2622/2553/3266 2623/3326/3266 2621/2554/3266
f 2622/2555/3267 2624/2558/3267 2625/2556/3267
f 2605/2524/3242 2607/2523/3242 2624/2558/3268
f 2624/2559/3269 2626/3327/3269 2627/2560/3269
f 2609/2562/3245 2626/3327/3270 2624/2559/3270
f 2626/2563/3271 2628/2566/3271 2629/2564/3271
f 2609/2532/3249 2611/3324/3249 2628/2566/3272
f 2614/2567/3273 2631/3328/4816 2629/2568/3273
f 2629/2564/3274 2630/3329/3274 2638/2569/3274
f 2629/2568/3275 2631/3328/3275 2632/2570/3275
f 2631/2548/3276 2617/2547/3276 2633/2572/3276
f 2635/2575/3278 2636/2581/4817 2637/3330/3277
f 2637/3330/3277 2638/2569/3278 2635/2575/3278
f 2638/2569/3278 2630/3329/3278 2635/2575/3278
f 2630/3329/3278 2632/2573/3277 2635/2575/3278
f 2632/2573/3277 2633/2572/3277 2635/2575/3278
f 2619/2576/3279 2634/3331/3279 2633/2577/3279
f 2621/2578/3280 2635/2575/3280 2634/2574/3280
f 2621/2554/3281 2623/3326/3281 2636/2579/3281
f 2625/2556/3282 2637/3330/3283 2636/2581/3283
f 2625/2561/3284 2627/2560/3284 2638/2582/3284
f 2639/2584/3285 2640/2603/4818 2646/2585/3286
f 2867/2587/3287 2641/2849/3746 2639/2588/3288
f 2639/2590/3290 2642/2596/3291 2770/2591/3291
f 2641/2593/3293 2639/2584/4819 2643/2586/3294
f 2641/2595/3296 2850/2843/4820 2642/2596/3297
f 2643/2586/3299 2646/2585/4821 2648/2597/3300
f 2645/2594/3302 2643/2586/4822 2644/2598/3303
f 2649/2600/3305 2651/2608/3305 2647/2601/3306
f 2647/2601/3308 2716/2690/3308 2648/2597/3309
f 2653/2602/3311 2649/2600/3312 2646/2585/3312
f 2654/2604/3314 2650/2605/4823 2649/2600/3315
f 2650/2605/3317 2806/2793/4824 2652/2606/3318
f 2649/2600/3320 2652/2606/4825 2790/2607/3321
f 2655/2609/3322 2653/2602/4826 2640/2603/3323
f 2654/2611/3325 2653/2617/4827 2657/2612/3326
f 2656/2614/3328 2826/2822/3676 2654/2615/3329
f 2653/2617/3331 2655/2703/3450 2660/2618/3332
f 2730/2620/3334 2656/2614/3328 2653/2616/3330
f 2657/2612/3336 2653/2617/3337 2658/2619/3337
f 2659/2623/3338 2858/2855/3339 2663/2622/3339
f 2662/2624/3341 2658/2631/3348 2659/2625/3342
f 2661/2627/3344 2844/2837/4828 2659/2628/3345
f 2876/2630/3347 2660/3332/4829 2658/2631/3348
f 2664/2632/3349 2658/2629/4830 2660/2633/3350
f 2669/2635/3352 2661/2627/3352 2658/2629/3353
f 2665/2636/3355 2670/2647/3356 2669/2635/3356
f 2668/2637/3358 2664/2644/3365 2665/2638/3359
f 2667/2640/3361 2818/2805/4831 2665/2641/3362
f 2736/2643/3364 2666/3333/4832 2664/2644/3365
f 2666/2645/3366 2870/2725/3477 2640/2592/3367
f 2664/2642/3369 2640/2592/4833 2770/2591/3370
f 2669/2635/3371 2671/2650/3372 2745/2646/3372
f 2670/2647/3373 2673/2814/3484 2672/2648/3374
f 2669/2635/3376 2672/2648/4834 2674/2649/3377
f 2672/2648/3379 2673/2814/3380 2676/2651/3380
f 2672/2648/3379 2675/2652/3380 2677/2653/3380
f 2675/2652/3381 2676/2651/4835 2679/2654/3382
f 2675/2652/3381 2678/2655/3382 2680/2656/3382
f 2678/2655/3383 2679/2654/4836 2682/2657/3384
f 2680/2656/3386 2678/2655/3887 2681/2658/3387
f 2682/2657/3389 2685/2662/4837 2684/2660/3390
f 2681/2658/3392 2684/2660/3381 2686/2661/3393
f 2685/2662/3382 2688/2666/4838 2687/2663/3381
f 2686/2661/3395 2684/2660/3381 2687/2663/3381
f 2690/2665/3397 2687/2663/3397 2688/2666/3397
f 2690/2665/3397 2692/2668/3397 2689/2664/3397
f 2828/2613/3398 2657/2612/4839 2690/2665/3399
f 2657/2612/3401 2694/2671/3404 2692/2668/3402
f 2692/2668/3397 2693/2913/3397 2907/2669/3397
f 2695/2670/3404 2693/2913/3404 2692/2668/3402
f 2657/2612/3405 2663/2622/4840 2696/2672/3406
f 2694/2671/3407 2696/2672/3406 2697/2673/3408
f 2697/2673/3410 2696/2672/3410 2698/2674/3411
f 2696/2672/3410 2663/2622/4841 2700/2676/3413
f 2699/2675/3414 2698/2674/3417 2701/2677/3415
f 2698/2674/3417 2700/2676/3770 2703/2679/3418
f 2702/2678/3419 2701/2677/3419 2704/2680/3419
f 2703/2679/3419 2706/2859/3419 2704/2680/3419
f 2704/2680/3420 2707/2684/4842 2708/2682/3421
f 2704/2680/3422 2706/2859/3419 2709/2683/3423
f 2708/2682/3425 2707/2684/4843 2710/2685/3426
f 2709/2683/3427 2712/2861/3419 2710/2685/3428
f 2710/2685/3419 2713/2689/3419 2715/2687/3419
f 2710/2685/3419 2712/2861/3419 2714/2688/3419
f 2716/2690/3430 2713/2689/3432 2714/2688/3430
f 2717/2691/3430 2715/2687/3431 2713/2689/3432
f 2719/2692/3433 2717/2691/4844 2716/2690/3308
f 2720/2693/3434 2718/2895/4845 2717/2691/3435
f 2717/2691/3430 2718/2895/3437 2891/2694/3437
f 2897/2695/3438 2720/2693/4846 2719/2692/3439
f 2722/2697/3305 2719/2692/3305 2647/2601/3306
f 2725/2698/3441 2721/2696/4847 2719/2692/3442
f 2724/2699/3443 2793/2778/4848 2723/2700/3444
f 2722/2697/3446 2723/2700/4849 2727/2701/3447
f 2790/2607/3321 2724/2699/4850 2722/2697/3320
f 2725/2702/3449 2726/2704/4851 2660/2618/3332
f 2725/2702/3451 2695/2670/3452 2697/2673/3452
f 2727/2705/3454 2910/2915/3455 2695/2670/3455
f 2727/2706/3457 2729/2709/3381 2728/2707/3458
f 2655/2609/3322 2870/2610/3324 2721/2696/3460
f 2725/2708/3459 2728/2707/3458 2730/2620/3334
f 2729/2709/3381 2732/2713/3464 2731/2710/3462
f 2728/2707/3458 2731/2710/3462 2733/2711/3463
f 2735/2712/3358 2734/2714/3465 2731/2710/3462
f 2734/2714/3465 2736/2643/3364 2733/2711/3463
f 2738/2715/3466 2737/2716/3467 2734/2714/3465
f 2737/2716/3467 2666/3333/4832 2736/2643/3364
f 2738/2717/3468 2737/2723/4852 2740/2718/3469
f 2738/2720/3471 2804/2788/4853 2739/2721/3472
f 2737/2723/3474 2666/2634/3351 2660/2633/3350
f 2737/2722/3476 2721/2727/4854 2870/2725/3477
f 2737/2722/3478 2739/2721/3479 2767/2726/3479
f 2740/2718/3481 2737/2723/3312 2726/2724/3312
f 2741/2719/3482 2740/2718/4855 2742/2729/3483
f 2671/2650/3378 2674/2649/3377 2742/2729/3485
f 2740/2718/3487 2743/2728/4856 2745/2646/3372
f 2877/2731/3488 2744/2732/3489 2743/2728/3489
f 2744/2732/3491 2747/2735/4857 2746/2733/3492
f 2743/2728/3494 2746/2733/3496 2748/2734/3495
f 2747/2735/3497 2750/2739/4858 2749/2736/3498
f 2746/2733/3499 2749/2736/3498 2751/2737/3500
f 2753/2738/3502 2752/2742/3505 2749/2736/3503
f 2749/2736/3503 2752/2742/3505 2754/2740/3505
f 2756/2741/3506 2755/2743/4859 2752/2742/3507
f 2755/2743/3509 2757/2746/4860 2754/2740/3510
f 2756/2741/3511 2759/2747/4861 2758/2744/3512
f 2755/2743/3514 2758/2744/4862 2760/2745/3515
f 2759/2747/3517 2762/2750/4863 2761/2748/3518
f 2761/2748/3518 2763/2752/3518 2760/2745/3518
f 2764/2749/3520 2761/2748/3522 2762/2750/3521
f 2763/2752/3523 2761/2748/3522 2764/2749/3520
f 2764/2749/3524 2765/2751/4864 2768/2754/3525
f 2766/2753/3527 2764/2749/4865 2767/2726/3528
f 2767/2726/3529 2768/2754/3529 2897/2756/3530
f 2739/2721/3532 2771/2757/3533 2769/2755/3533
f 2771/2757/3533 2667/2640/4866 2770/2591/3533
f 2770/2591/3534 2830/2823/3534 2766/2753/3527
f 2739/2721/3535 2773/2759/3536 2772/2758/3536
f 2772/2758/3536 2774/2762/4867 2667/2640/3535
f 2773/2759/3537 2776/2763/3538 2775/2760/3538
f 2772/2758/3537 2775/2760/3538 2777/2761/3538
f 2776/2763/3539 2779/2766/3553 2778/2764/3540
f 2778/2764/3540 2780/2768/3540 2777/2761/3542
f 2782/2765/3543 2781/2770/4868 2778/2764/3544
f 2778/2764/3545 2781/2770/4869 2783/2767/3546
f 2782/2765/3547 2785/2772/3539 2784/2769/3548
f 2784/2769/3550 2786/2774/4870 2783/2767/3551
f 2789/2771/3541 2787/2775/3541 2784/2769/3553
f 2784/2769/3553 2787/2775/3541 2788/2773/3540
f 2652/2606/3555 2788/2773/3555 2787/2775/3556
f 2787/2775/3556 2789/2771/3556 2724/2699/3557
f 2792/2776/3553 2791/2777/4871 2789/2771/3541
f 2724/2699/3557 2789/2771/3556 2791/2777/3555
f 2791/2777/3558 2792/2776/4872 2794/2779/3559
f 2793/2778/3561 2794/2779/4873 2795/2780/3562
f 2794/2779/3564 2792/2776/4874 2797/2781/3565
f 2795/2780/3567 2794/2779/4875 2796/2782/3568
f 2797/2781/3570 2800/2790/4876 2799/2784/3571
f 2796/2782/3573 2799/2784/4877 2801/2785/3574
f 2799/2784/3576 2800/2790/4878 2803/2786/3577
f 2801/2785/3579 2799/2784/4879 2802/2787/3580
f 2803/2786/3538 2776/2763/3538 2773/2759/3537
f 2804/2788/3582 2802/2787/4880 2773/2759/3583
f 2735/2789/3585 2801/2785/4881 2804/2788/3586
f 2800/2790/3542 2779/2766/3553 2776/2763/3539
f 2798/2783/3589 2801/2785/4882 2735/2789/3590
f 2797/2781/3592 2782/2765/4883 2779/2766/3593
f 2729/2792/3595 2795/2780/4884 2798/2783/3596
f 2797/2781/3598 2792/2776/4885 2785/2772/3599
f 2723/2700/3601 2795/2780/4886 2729/2792/3602
f 2806/2793/3555 2805/2796/3555 2788/2773/3555
f 2788/2773/3540 2805/2796/4887 2807/2794/3553
f 2809/2795/3604 2807/2794/4888 2805/2796/3605
f 2808/2797/3607 2807/2794/4889 2809/2795/3608
f 2786/2774/3610 2807/2794/4890 2808/2797/3611
f 2810/2799/3613 2809/2795/4891 2806/2793/3614
f 2811/2798/3616 2809/2795/4892 2810/2799/3617
f 2813/2801/3619 2814/2807/4893 2808/2797/3620
f 2815/2802/3622 2813/2801/4894 2811/2798/3623
f 2817/2803/3625 2814/2807/4895 2813/2801/3626
f 2816/2804/3628 2813/2801/4896 2815/2802/3629
f 2777/2761/3538 2817/2803/3538 2816/2804/3537
f 2774/2762/3631 2816/2804/4880 2818/2805/3632
f 2818/2805/3634 2815/2802/4897 2819/2806/3635
f 2777/2761/3542 2780/2768/3540 2814/2807/3553
f 2819/2806/3638 2815/2802/4898 2812/2800/3639
f 2819/2809/3641 2821/2811/4899 2670/2647/3642
f 2819/2809/3644 2820/2818/4900 2823/2810/3645
f 2829/2812/3647 2668/2637/3358 2819/2639/3360
f 2821/2811/3649 2822/2816/4901 2673/2814/3650
f 2821/2811/3652 2823/2810/4902 2824/2815/3653
f 2826/2817/3655 2825/2819/4903 2823/2810/3656
f 2825/2819/3658 2827/2820/4904 2824/2815/3659
f 2826/2817/3661 2654/2611/4905 2828/2613/3662
f 2825/2819/3664 2828/2613/4906 2691/2667/3665
f 2827/2820/3667 2685/2662/4907 2682/2657/3668
f 2827/2820/3670 2691/2667/4908 2688/2666/3671
f 2826/2821/3673 2810/2799/4909 2650/2605/3674
f 2829/2812/3647 2820/2813/3648 2826/2822/3676
f 2812/2800/3677 2810/2799/4910 2826/2821/3678
f 2822/2816/3680 2824/2815/4911 2682/2657/3681
f 2822/2816/3683 2679/2654/4912 2676/2651/3684
f 2733/2711/3463 2829/2812/3647 2656/2614/3328
f 2733/2711/3463 2736/2643/3364 2668/2637/3358
f 2780/2768/3686 2783/2767/4913 2808/2797/3687
f 2642/2596/3689 2831/2825/4914 2830/2823/3690
f 2833/2824/3692 2832/2826/3523 2830/2823/3520
f 2830/2823/3520 2832/2826/3523 2763/2752/3523
f 2832/2826/3518 2833/2824/3503 2835/2827/3693
f 2760/2745/3518 2763/2752/3518 2832/2826/3518
f 2834/2828/3695 2835/2827/4915 2837/2829/3696
f 2760/2745/3698 2834/2828/4916 2836/2830/3699
f 2838/2831/3701 2836/2830/4917 2837/2829/3702
f 2754/2740/3704 2757/2746/4918 2836/2830/3705
f 2840/2833/3518 2838/2831/3505 2839/2832/3505
f 2754/2740/3505 2838/2831/3505 2840/2833/3518
f 2840/2833/3501 2841/2834/3499 2843/2835/3707
f 2751/2737/3500 2840/2833/3501 2842/2836/3498
f 2842/2836/3708 2843/2835/4919 2844/2837/3709
f 2748/2734/3495 2842/2836/4920 2661/2627/3711
f 2841/2834/3712 2839/2832/4921 2845/2838/3713
f 2843/2835/3715 2845/2838/4922 2846/2839/3716
f 2845/2838/3718 2839/2832/4923 2837/2829/3719
f 2846/2839/3721 2845/2838/4924 2847/2840/3722
f 2837/2829/3724 2835/2827/4925 2849/2842/3725
f 2847/2840/3727 2849/2842/4926 2850/2843/3728
f 2849/2842/3730 2835/2827/4927 2833/2824/3731
f 2850/2843/3733 2849/2842/4928 2831/2825/3734
f 2848/2841/3736 2850/2843/4929 2641/2595/3737
f 2852/2845/3739 2846/2839/4930 2848/2841/3740
f 2641/2593/3742 2645/2594/4931 2854/2846/3743
f 2853/2848/3745 2851/2852/3750 2641/2849/3746
f 2852/2850/3747 2851/2847/4932 2854/2846/3748
f 2853/2848/3745 2662/2624/3341 2852/2626/3343
f 2856/2851/3751 2854/2846/4933 2855/2853/3752
f 2645/2594/3754 2865/2599/4934 2855/2853/3755
f 2852/2850/3757 2856/2851/4935 2858/2855/3758
f 2856/2851/3760 2857/2854/4936 2859/2856/3761
f 2858/2855/3763 2859/2856/4937 2700/2676/3764
f 2857/2854/3766 2861/2858/4938 2860/2857/3767
f 2859/2856/3769 2860/2857/3417 2703/2679/3418
f 2703/2679/3419 2860/2857/3745 2861/2858/3745
f 2857/2854/3771 2855/2853/4939 2862/2860/3772
f 2706/2859/3774 2861/2858/4940 2862/2860/3775
f 2865/2599/3777 2863/2862/4941 2862/2860/3778
f 2862/2860/3780 2863/2862/4942 2712/2861/3781
f 2863/2862/3783 2864/2863/3745 2714/2688/3419
f 2865/2599/3784 2644/2598/4943 2864/2863/3785
f 2644/2598/3787 2648/2597/3431 2714/2688/3430
f 2866/2864/3788 2853/2848/3745 2867/2587/3287
f 2866/2864/3788 2876/2630/3347 2662/2624/3341
f 2868/2865/3789 2867/2587/3287 2640/2589/3289
f 2721/2867/3791 2869/2868/3341 2868/2865/3789
f 2869/2868/3341 2872/2871/3783 2866/2864/3788
f 2897/2869/3792 2871/2870/3793 2869/2868/3341
f 2871/2870/3793 2873/2873/3795 2872/2871/3783
f 2875/2872/3794 2874/2874/3796 2872/2871/3783
f 2874/2874/3796 2876/2630/3347 2866/2864/3788
f 2877/2875/3797 2726/2876/3798 2874/2874/3796
f 2726/2876/3798 2660/3332/4829 2876/2630/3347
f 2875/2877/3799 2877/2888/4944 2882/2878/3800
f 2875/2880/3802 2878/2897/4945 2744/2732/3803
f 2875/2877/3805 2879/2879/4946 2881/2881/3806
f 2893/2883/3808 2878/2897/4947 2875/2880/3809
f 2879/2879/3811 2882/2878/4948 2883/2885/3812
f 2879/2879/3814 2880/2886/4949 2888/2887/3815
f 2877/2888/3817 2726/2704/4950 2697/2673/3818
f 2882/2878/3819 2697/2673/4951 2699/2675/3820
f 2699/2675/3414 2702/2678/3416 2884/2889/3822
f 2880/2886/3824 2883/2885/4952 2884/2889/3825
f 2702/2678/3419 2705/2681/3419 2885/2890/3827
f 2705/2681/3828 2708/2682/4953 2886/2891/3829
f 2880/2886/3831 2885/2890/4954 2886/2891/3832
f 2886/2891/3834 2708/2682/4955 2711/2686/3835
f 2889/2893/3837 2888/2887/4956 2886/2891/3838
f 2890/2894/3840 2881/2881/4957 2888/2887/3841
f 2889/2893/3843 2887/2892/4958 2891/2694/3844
f 2890/2894/3846 2889/2893/4959 2718/2895/3847
f 2871/2896/3849 2890/2894/4960 2720/2693/3850
f 2871/2896/3852 2873/2882/4961 2881/2881/3853
f 2887/2892/3745 2711/2686/3419 2715/2687/3419
f 2878/2897/3855 2892/2902/4962 2747/2735/3856
f 2894/2898/3858 2892/2902/4963 2878/2897/3859
f 2871/2899/3860 2895/2900/4964 2893/2883/3861
f 2895/2900/3863 2896/2901/4965 2894/2898/3864
f 2768/2754/3866 2895/2900/4966 2871/2899/3867
f 2765/2751/3869 2896/2901/4967 2895/2900/3870
f 2896/2901/3872 2759/2747/4968 2756/2741/3873
f 2762/2750/3875 2759/2747/4969 2896/2901/3876
f 2756/2741/3878 2753/2738/4970 2892/2902/3879
f 2892/2902/3881 2753/2738/4971 2750/2739/3882
f 2844/2837/3884 2846/2839/4972 2852/2845/3885
f 2898/2730/3380 2742/2729/3380 2899/2903/3380
f 2742/2729/3380 2674/2649/3379 2677/2653/3380
f 2899/2903/3887 2901/2906/3381 2902/2905/3381
f 2899/2903/3887 2677/2653/3381 2680/2656/3382
f 2901/2906/3889 2903/2908/4973 2904/2907/3890
f 2680/2656/3892 2683/2659/4974 2903/2908/3893
f 2904/2907/3894 2903/2908/4975 2905/2909/3895
f 2903/2908/3897 2683/2659/4976 2686/2661/3898
f 2906/2910/3381 2905/2909/3396 2907/2669/3396
f 2686/2661/3395 2689/2664/3396 2907/2669/3396
f 2909/2912/3397 2908/2911/3397 2907/2669/3397
f 2911/2914/3900 2906/2910/4977 2908/2911/3901
f 2910/2915/3903 2909/2912/4978 2693/2913/3904
f 2912/2916/3906 2911/2914/4979 2909/2912/3907
f 2911/2914/3909 2913/2917/4980 2904/2907/3910
f 2912/2916/3912 2914/2920/3569 2913/2917/3913
f 2915/2918/3915 2902/2905/4981 2904/2907/3916
f 2916/2919/3918 2915/2918/4982 2913/2917/3919
f 2915/2918/3921 2898/2730/4983 2900/2904/3922
f 2916/2919/3924 2741/2719/4984 2898/2730/3925
f 2735/2921/3927 2738/2717/4985 2741/2719/3928
f 2735/2921/3930 2916/2919/4986 2914/2920/3931
f 2729/2923/3933 2732/2922/4987 2914/2920/3934
f 2729/2923/3936 2912/2916/4988 2910/2915/3937
f 2918/2927/3939 2917/2929/4989 2919/2924/3939
f 2919/2924/3939 2938/2963/3939 2935/2925/3939
f 2935/2925/3939 2932/2952/3939 2929/2926/3939
f 2929/2926/3939 2926/2942/3939 2918/2927/3939
f 2918/2927/3939 2919/2924/3939 2929/2926/3939
f 2918/2927/3940 2923/3334/3940 2920/2928/3940
f 2917/2930/3941 2920/2933/4990 2922/2931/3941
f 2920/2933/3942 2921/3335/3942 2941/2934/3942
f 2920/2928/3944 2923/3334/3944 2924/2935/3944
f 2926/2937/3945 2925/2940/3945 2923/2938/3945
f 2925/2940/3946 2927/3336/3946 2924/2941/3946
f 2926/2942/3947 2929/2926/3947 2928/2943/3947
f 2925/2944/3949 2928/2943/3950 2930/2945/3950
f 2929/2947/3951 2932/3337/3951 2931/2948/3951
f 2928/2949/3953 2931/2948/3953 2933/2950/3953
f 2932/2952/3954 2935/2925/3954 2934/2953/3954
f 2931/2954/3955 2934/2953/3955 2936/2955/3955
f 2935/2957/3956 2938/3338/3956 2937/2958/3956
f 2934/2959/3957 2937/2958/4991 2939/2960/3958
f 2919/2924/3960 2922/3339/3960 2937/2962/3960
f 2937/2962/3961 2922/3339/3962 2941/2964/3962
f 2939/2965/3963 2941/2964/4992 2942/2966/3963
f 2939/2960/3965 2940/3340/3965 2954/2968/3965
f 2941/2934/3966 2921/3335/3966 2944/2969/3966
f 2944/2969/3967 2945/3341/3968 2943/2971/3968
f 2940/2967/3969 2942/2966/3969 2943/2972/3970
f 2921/2936/3971 2924/2935/3971 2946/2974/3971
f 2946/2974/3972 2947/3002/3973 2945/2976/3973
f 2946/2977/3974 2948/2980/3974 2949/2978/3975
f 2924/2941/3976 2927/3336/3976 2948/2980/3976
f 2950/2981/3977 2951/3342/4993 2949/2982/3978
f 2930/2945/3979 2950/2981/3979 2948/2983/3979
f 2952/2984/3980 2953/3343/3981 2951/2985/3981
f 2930/2951/3982 2933/2950/3982 2952/2984/3982
f 2952/2987/3983 2954/3344/3983 2955/2988/3984
f 2936/2955/3985 2954/3344/3985 2952/2987/3985
f 2954/2968/3986 2940/3340/3986 2957/2990/3987
f 2955/2991/3987 2957/2990/3987 2958/2992/3988
f 2955/2988/3984 2956/3345/4994 2970/2994/3990
f 2957/2973/3970 2943/2972/3970 2960/2995/3991
f 2960/2995/3992 2961/3346/3992 2959/2997/3993
f 2958/2992/3994 2959/3022/4995 2973/2998/3994
f 2962/2999/3995 2963/3027/3995 2961/3000/3995
f 2943/2971/3968 2945/3341/3968 2962/2999/3996
f 2947/3002/3973 2964/3347/3998 2962/3003/3998
f 2962/3003/3999 2964/3347/3999 2965/3004/3999
f 2966/3006/4000 2967/3030/4000 2965/3007/4000
f 2949/2978/3975 2966/3006/4996 2964/3008/4001
f 2966/3009/4002 2968/3012/4002 2969/3010/4002
f 2949/2982/3978 2951/3342/4993 2968/3012/4003
f 2968/3013/4005 2970/3016/4005 2971/3014/4005
f 2951/2985/3981 2953/3343/3981 2970/3016/4006
f 2970/2994/4008 2956/3345/4997 2973/3017/4008
f 2971/3014/4009 2972/3348/4009 2980/3019/4009
f 2971/3018/4010 2973/3017/4010 2974/3020/4011
f 2959/3022/4012 2975/3349/4012 2974/3023/4012
f 2977/3025/4015 2978/3029/4998 2979/3033/4014
f 2979/3033/4014 2980/3032/4013 2977/3025/4015
f 2980/3032/4013 2972/3021/4013 2977/3025/4015
f 2972/3021/4013 2974/3020/4999 2975/3024/4014
f 2975/3024/4014 2976/3026/5000 2977/3025/4015
f 2959/2997/4016 2961/3346/4016 2976/3026/4016
f 2963/3027/4017 2977/3350/4018 2976/3028/4018
f 2963/3005/4019 2965/3004/4019 2978/3029/4020
f 2967/3030/4021 2979/3351/4021 2978/3031/4021
f 2967/3011/4022 2969/3010/4022 2980/3032/4022
