# Blender 5.2.1 LTS
# www.blender.org
mtllib playerNew_head.mtl
o ICO球.020
v -0.078034 1.965341 -0.291804
v -0.078034 1.957045 -0.291804
v -0.095628 1.965341 -0.319952
v -0.063424 1.965341 -0.299051
v -0.066270 1.965341 -0.260765
v -0.066270 1.957045 -0.260765
v -0.050527 1.965341 -0.265022
v -0.060787 1.965341 -0.228027
v -0.060787 1.957045 -0.228027
v -0.061797 1.965341 -0.194849
v -0.044517 1.965341 -0.229132
v -0.045623 1.965341 -0.192758
v -0.044517 1.924646 -0.229132
v -0.045623 1.924646 -0.192758
v -0.050527 1.924646 -0.265022
v -0.060787 1.924646 -0.228027
v -0.066270 1.924646 -0.260765
v -0.060787 1.932942 -0.228027
v -0.061797 1.924646 -0.194849
v -0.061797 1.932942 -0.194849
v -0.069259 1.924646 -0.162506
v -0.082889 1.924646 -0.132239
v -0.053805 1.924646 -0.157299
v -0.069259 1.932942 -0.162506
v -0.082889 1.932942 -0.132239
v -0.102161 1.932942 -0.105213
v -0.126336 1.932942 -0.082467
v -0.102161 1.924646 -0.105213
v -0.126336 1.924646 -0.082467
v -0.089876 1.924646 -0.094489
v -0.116378 1.924646 -0.069551
v -0.089876 1.965341 -0.094489
v -0.068747 1.924646 -0.124118
v -0.068747 1.965341 -0.124118
v -0.053805 1.965341 -0.157299
v -0.082889 1.965341 -0.132239
v -0.069260 1.965341 -0.162505
v -0.082889 1.957045 -0.132239
v -0.102161 1.965341 -0.105213
v -0.102161 1.957045 -0.105213
v -0.126336 1.965341 -0.082466
v -0.126336 1.957045 -0.082467
v -0.116378 1.965341 -0.069551
v -0.154483 1.965341 -0.064873
v -0.154483 1.957045 -0.064873
v -0.147237 1.965341 -0.050263
v -0.185522 1.965341 -0.053109
v -0.185522 1.957045 -0.053109
v -0.181265 1.965341 -0.037366
v -0.218260 1.965341 -0.047626
v -0.218260 1.957045 -0.047626
v -0.251438 1.965341 -0.048636
v -0.217156 1.965341 -0.031355
v -0.253530 1.965341 -0.032462
v -0.217156 1.924646 -0.031355
v -0.218260 1.924646 -0.047626
v -0.253530 1.924646 -0.032462
v -0.181265 1.924646 -0.037366
v -0.185522 1.924646 -0.053109
v -0.147237 1.924646 -0.050263
v -0.154483 1.924646 -0.064873
v -0.154483 1.932942 -0.064873
v -0.185522 1.932942 -0.053109
v -0.218260 1.932942 -0.047626
v -0.251438 1.932942 -0.048636
v -0.283782 1.932942 -0.056098
v -0.251438 1.924646 -0.048636
v -0.283782 1.924646 -0.056098
v -0.314049 1.924646 -0.069728
v -0.288988 1.924646 -0.040644
v -0.322170 1.924646 -0.055586
v -0.288988 1.965341 -0.040644
v -0.322170 1.965341 -0.055586
v -0.283782 1.965341 -0.056098
v -0.283782 1.957045 -0.056098
v -0.314049 1.965341 -0.069728
v -0.314049 1.957045 -0.069728
v -0.341075 1.965341 -0.089000
v -0.341075 1.957045 -0.089000
v -0.363821 1.965341 -0.113175
v -0.351799 1.965341 -0.076714
v -0.376736 1.965341 -0.103217
v -0.351799 1.924646 -0.076714
v -0.341075 1.924646 -0.089000
v -0.376736 1.924646 -0.103217
v -0.363821 1.924646 -0.113175
v -0.396024 1.924646 -0.134075
v -0.408922 1.924646 -0.168104
v -0.396024 1.965341 -0.134075
v -0.381415 1.924646 -0.141322
v -0.393179 1.924646 -0.172361
v -0.381415 1.932942 -0.141322
v -0.363821 1.932942 -0.113175
v -0.393179 1.932942 -0.172361
v -0.398662 1.932942 -0.205099
v -0.397652 1.932942 -0.238277
v -0.398662 1.924646 -0.205099
v -0.397652 1.924646 -0.238277
v -0.414932 1.924646 -0.203995
v -0.413826 1.924646 -0.240368
v -0.414932 1.965341 -0.203995
v -0.413826 1.965341 -0.240369
v -0.408922 1.965341 -0.168104
v -0.398662 1.965341 -0.205099
v -0.398662 1.957045 -0.205099
v -0.393179 1.965341 -0.172361
v -0.397652 1.965341 -0.238277
v -0.397652 1.957045 -0.238277
v -0.390189 1.965341 -0.270621
v -0.390189 1.957045 -0.270621
v -0.405644 1.965341 -0.275827
v -0.376560 1.965341 -0.300887
v -0.376560 1.957045 -0.300887
v -0.390702 1.965341 -0.309009
v -0.357288 1.965341 -0.327914
v -0.357288 1.957045 -0.327914
v -0.333113 1.965341 -0.350660
v -0.369573 1.965341 -0.338638
v -0.343071 1.965341 -0.363575
v -0.369573 1.924646 -0.338638
v -0.357287 1.924646 -0.327913
v -0.343071 1.924646 -0.363575
v -0.390702 1.924646 -0.309009
v -0.376560 1.924646 -0.300887
v -0.405644 1.924646 -0.275827
v -0.390189 1.924646 -0.270621
v -0.390189 1.932942 -0.270621
v -0.376560 1.932942 -0.300887
v -0.357287 1.932942 -0.327913
v -0.333113 1.932942 -0.350660
v -0.304966 1.932942 -0.368253
v -0.333113 1.924646 -0.350660
v -0.304966 1.924646 -0.368253
v -0.273927 1.924646 -0.380018
v -0.312212 1.924646 -0.382863
v -0.278184 1.924646 -0.395760
v -0.312212 1.965341 -0.382863
v -0.278184 1.965341 -0.395760
v -0.304966 1.965341 -0.368253
v -0.304966 1.957045 -0.368253
v -0.273927 1.965341 -0.380018
v -0.273926 1.957045 -0.380018
v -0.241188 1.965341 -0.385500
v -0.241188 1.957045 -0.385500
v -0.208010 1.965341 -0.384491
v -0.242293 1.965341 -0.401771
v -0.205919 1.965341 -0.400664
v -0.242293 1.924646 -0.401771
v -0.241188 1.924646 -0.385500
v -0.205919 1.924646 -0.400664
v -0.208010 1.924646 -0.384491
v -0.170460 1.924646 -0.392483
v -0.137279 1.924646 -0.377541
v -0.170460 1.965341 -0.392483
v -0.175667 1.924646 -0.377028
v -0.145400 1.924646 -0.363399
v -0.175667 1.932942 -0.377028
v -0.208010 1.932942 -0.384491
v -0.145400 1.932942 -0.363399
v -0.118374 1.932942 -0.344126
v -0.095628 1.932942 -0.319952
v -0.118374 1.924646 -0.344126
v -0.095628 1.924646 -0.319952
v -0.107650 1.924646 -0.356412
v -0.082712 1.924646 -0.329910
v -0.107650 1.965341 -0.356412
v -0.082712 1.965341 -0.329910
v -0.137279 1.965341 -0.377540
v -0.118374 1.965341 -0.344126
v -0.118374 1.957045 -0.344126
v -0.145400 1.965341 -0.363399
v -0.145400 1.957045 -0.363399
v -0.175667 1.965341 -0.377028
v -0.175667 1.957045 -0.377028
v -0.208010 1.957045 -0.384491
v -0.095628 1.957045 -0.319952
v -0.063424 1.924646 -0.299051
v -0.078034 1.924646 -0.291804
v -0.078034 1.932942 -0.291804
v -0.066270 1.932942 -0.260765
v -0.241188 1.932942 -0.385500
v -0.273927 1.932942 -0.380018
v -0.333113 1.957045 -0.350660
v -0.393179 1.957045 -0.172361
v -0.381415 1.965341 -0.141322
v -0.381415 1.957045 -0.141322
v -0.363821 1.957045 -0.113175
v -0.341075 1.932942 -0.089000
v -0.314049 1.932942 -0.069728
v -0.251438 1.957045 -0.048636
v -0.069260 1.957045 -0.162505
v -0.061797 1.957045 -0.194849
v 0.079594 2.128321 -0.000000
v 0.081843 2.133750 -0.039250
v 0.081843 2.133750 0.039250
v 0.020136 2.043618 -0.000000
v 0.204130 2.297744 -0.000000
v 0.365237 2.498724 -0.000000
v 0.200694 2.297197 -0.044272
v 0.200694 2.297197 0.044272
v 0.357628 2.496513 0.060212
v 0.183531 2.326088 0.036644
v 0.332263 2.514764 0.049905
v 0.158825 2.317689 0.062621
v 0.071414 2.171754 0.032295
v 0.081397 2.196017 0.051450
v 0.018021 2.094996 0.026429
v 0.023095 2.052106 0.033430
v 0.038238 2.151143 0.046495
v 0.000000 2.076974 0.026218
v 0.000000 2.032584 0.033619
v 0.000000 2.134017 0.046887
v -0.018021 2.094996 0.026429
v -0.023095 2.052106 0.033430
v -0.038238 2.151143 0.046495
v -0.071414 2.171754 0.032295
v -0.081843 2.133750 0.039250
v -0.081397 2.196017 0.051450
v -0.183531 2.326088 0.036644
v -0.200694 2.297197 0.044272
v -0.158825 2.317689 0.062621
v -0.332263 2.514764 0.049905
v -0.357628 2.496513 0.060212
v -0.283081 2.499806 0.086581
v -0.473406 2.681123 0.061884
v -0.507076 2.672907 0.074613
v -0.403315 2.665930 0.107731
v -0.553037 2.826758 0.078702
v -0.592452 2.829831 0.094893
v -0.471210 2.808754 0.137131
v -0.535041 2.965760 0.086589
v -0.573588 2.981094 0.104304
v -0.455536 2.939161 0.150856
v -0.451791 3.090417 0.100095
v -0.484371 3.116292 0.120088
v -0.384645 3.054022 0.173892
v -0.347081 3.179504 0.099797
v -0.370718 3.213406 0.119411
v -0.298499 3.136775 0.171257
v -0.238394 3.193936 0.098392
v -0.250743 3.229625 0.117381
v -0.230288 3.161464 0.157441
v -0.124193 3.121588 0.100326
v -0.127566 3.152398 0.119411
v -0.136454 3.097564 0.171891
v 0.000000 3.064751 0.100907
v 0.000000 3.093211 0.120088
v 0.000000 3.043457 0.174948
v 0.124193 3.121588 0.100326
v 0.127566 3.152398 0.119411
v 0.136454 3.097564 0.171891
v 0.238394 3.193936 0.098392
v 0.250743 3.229625 0.117381
v 0.230288 3.161464 0.157441
v 0.347081 3.179504 0.099797
v 0.370719 3.213406 0.119411
v 0.298499 3.136775 0.171257
v 0.451791 3.090417 0.100095
v 0.484371 3.116292 0.120088
v 0.384645 3.054021 0.173892
v 0.535041 2.965760 0.086589
v 0.573588 2.981094 0.104304
v 0.455536 2.939161 0.150856
v 0.553037 2.826758 0.078702
v 0.592452 2.829831 0.094893
v 0.471210 2.808754 0.137131
v 0.473406 2.681123 0.061884
v 0.507076 2.672908 0.074613
v 0.403315 2.665929 0.107731
v 0.283081 2.499806 0.086581
v 0.232825 2.632442 0.194923
v 0.272242 2.770015 0.222072
v 0.000000 2.612381 0.198891
v 0.163511 2.467266 0.156367
v 0.000000 2.447918 0.159475
v 0.091218 2.287963 0.092137
v 0.000000 2.271178 0.093901
v -0.091218 2.287963 0.092137
v -0.163511 2.467266 0.156367
v -0.232824 2.632442 0.194923
v -0.272242 2.770015 0.222072
v 0.000000 2.746421 0.226817
v -0.263068 2.882546 0.244368
v 0.000000 2.847579 0.249723
v -0.222044 2.975280 0.259072
v 0.000000 2.927224 0.264690
v -0.173555 3.049092 0.200066
v 0.000000 2.993952 0.204224
v 0.173555 3.049092 0.200066
v 0.222044 2.975280 0.259072
v 0.263068 2.882546 0.244368
v 0.517865 2.675220 -0.000000
v 0.605057 2.832633 -0.000000
v 0.507076 2.672908 -0.074613
v 0.592452 2.829831 -0.094893
v 0.357628 2.496513 -0.060212
v 0.473406 2.681123 -0.061884
v 0.403315 2.665929 -0.107731
v 0.553037 2.826758 -0.078702
v 0.332263 2.514764 -0.049905
v 0.283081 2.499806 -0.086581
v 0.183531 2.326088 -0.036644
v 0.158825 2.317689 -0.062621
v 0.071414 2.171754 -0.032295
v 0.081397 2.196017 -0.051450
v 0.018021 2.094996 -0.026429
v 0.023095 2.052106 -0.033430
v 0.038238 2.151143 -0.046495
v 0.000000 2.076974 -0.026218
v 0.000000 2.032584 -0.033619
v 0.000000 2.134017 -0.046887
v -0.018021 2.094996 -0.026429
v -0.023095 2.052106 -0.033430
v -0.071414 2.171754 -0.032295
v -0.038238 2.151143 -0.046495
v -0.081397 2.196017 -0.051450
v -0.091218 2.287963 -0.092137
v -0.158825 2.317689 -0.062621
v -0.163511 2.467266 -0.156367
v 0.000000 2.271178 -0.093901
v 0.000000 2.447918 -0.159475
v 0.091218 2.287963 -0.092137
v 0.163511 2.467266 -0.156367
v 0.232825 2.632442 -0.194923
v 0.000000 2.612381 -0.198891
v 0.272242 2.770015 -0.222072
v 0.000000 2.746421 -0.226817
v 0.471210 2.808754 -0.137131
v 0.263068 2.882546 -0.244368
v 0.000000 2.847579 -0.249723
v 0.222044 2.975280 -0.259072
v 0.455536 2.939161 -0.150856
v 0.384645 3.054021 -0.173892
v 0.535041 2.965760 -0.086589
v 0.573588 2.981094 -0.104304
v 0.451791 3.090417 -0.100095
v 0.484371 3.116292 -0.120088
v 0.347081 3.179504 -0.099797
v 0.370719 3.213406 -0.119411
v 0.298499 3.136775 -0.171257
v 0.238394 3.193936 -0.098392
v 0.250743 3.229625 -0.117381
v 0.230288 3.161464 -0.157441
v 0.124193 3.121588 -0.100326
v 0.127566 3.152398 -0.119411
v 0.136454 3.097564 -0.171891
v 0.000000 3.064751 -0.100907
v 0.000000 3.093211 -0.120088
v 0.000000 3.043457 -0.174948
v -0.124193 3.121588 -0.100326
v -0.127566 3.152398 -0.119411
v -0.238394 3.193936 -0.098392
v -0.136454 3.097564 -0.171891
v -0.230288 3.161464 -0.157441
v -0.173555 3.049092 -0.200066
v -0.222044 2.975280 -0.259072
v -0.298499 3.136775 -0.171257
v 0.000000 2.993952 -0.204224
v 0.000000 2.927224 -0.264690
v 0.173555 3.049092 -0.200066
v -0.384645 3.054022 -0.173892
v -0.347081 3.179504 -0.099797
v -0.370718 3.213406 -0.119411
v -0.451791 3.090417 -0.100095
v -0.484371 3.116292 -0.120088
v -0.535041 2.965760 -0.086589
v -0.573588 2.981094 -0.104304
v -0.553037 2.826758 -0.078702
v -0.455536 2.939161 -0.150856
v -0.471210 2.808754 -0.137131
v -0.263068 2.882546 -0.244368
v -0.272242 2.770015 -0.222072
v -0.232824 2.632442 -0.194923
v -0.403315 2.665930 -0.107731
v -0.283081 2.499806 -0.086581
v -0.473406 2.681123 -0.061884
v -0.507076 2.672907 -0.074613
v -0.332263 2.514764 -0.049905
v -0.357628 2.496513 -0.060212
v -0.183531 2.326088 -0.036644
v -0.200694 2.297197 -0.044272
v -0.081843 2.133750 -0.039250
v -0.204130 2.297744 -0.000000
v -0.365237 2.498724 -0.000000
v -0.079594 2.128321 -0.000000
v -0.020136 2.043618 -0.000000
v 0.000000 2.023837 -0.000000
v -0.517865 2.675220 -0.000000
v -0.605057 2.832633 -0.000000
v -0.592452 2.829831 -0.094893
v -0.585792 2.985327 -0.000000
v -0.494676 3.122110 -0.000000
v -0.377904 3.220300 -0.000000
v -0.252369 3.236840 -0.000000
v -0.250743 3.229625 -0.117381
v -0.125982 3.156599 -0.000000
v 0.000000 3.096524 -0.000000
v 0.125982 3.156599 -0.000000
v 0.252369 3.236840 -0.000000
v 0.377904 3.220300 -0.000000
v 0.494676 3.122110 -0.000000
v 0.585792 2.985327 -0.000000
v 0.323027 3.119709 -0.505181
v 0.419096 3.074301 -0.502094
v 0.226959 3.161734 -0.487706
v 0.335003 3.148476 -0.520066
v 0.235505 3.192000 -0.501967
v 0.434501 3.101447 -0.516868
v 0.347616 3.164083 -0.446470
v 0.260534 3.202176 -0.430630
v 0.434698 3.122922 -0.443671
v 0.361178 3.167085 -0.283603
v 0.302480 3.192763 -0.272926
v 0.419876 3.139341 -0.281717
v 0.367672 3.179404 -0.271742
v 0.424650 3.152472 -0.269911
v 0.310693 3.204329 -0.261378
v 0.369572 3.184780 -0.279035
v 0.419490 3.286589 -0.231106
v 0.427980 3.157173 -0.277158
v 0.311164 3.210330 -0.268411
v 0.366531 3.309756 -0.221473
v 0.255000 3.232841 -0.245692
v 0.315608 3.330167 -0.200875
v 0.203239 3.251448 -0.211754
v 0.255904 3.226289 -0.239216
v 0.246038 3.215385 -0.250095
v 0.205410 3.244441 -0.206108
v 0.194021 3.234085 -0.215989
v 0.161152 3.258086 -0.163326
v 0.148427 3.248142 -0.171916
v 0.124830 3.266701 -0.112515
v 0.157871 3.265436 -0.167899
v 0.227541 3.359720 -0.130340
v 0.120638 3.274267 -0.115813
v 0.193782 3.367727 -0.083114
v 0.092971 3.277602 -0.057498
v 0.097840 3.269954 -0.055627
v 0.168697 3.370750 -0.030240
v 0.075934 3.275312 0.004805
v 0.081220 3.267720 0.005151
v 0.153249 3.368675 0.026251
v 0.070181 3.267486 0.068703
v 0.075608 3.260086 0.067485
v 0.148033 3.361579 0.084186
v 0.075934 3.254425 0.131739
v 0.081220 3.247344 0.128978
v 0.153249 3.349736 0.141340
v 0.092971 3.236630 0.191491
v 0.097840 3.229985 0.187268
v 0.168697 3.333601 0.195517
v 0.120638 3.214785 0.245662
v 0.124830 3.208675 0.240114
v 0.193782 3.313795 0.244634
v 0.157871 3.189730 0.292172
v 0.161152 3.184232 0.285485
v 0.227541 3.291077 0.286805
v 0.203239 3.162427 0.329233
v 0.205410 3.157598 0.321639
v 0.268677 3.266322 0.320407
v 0.255000 3.133926 0.355419
v 0.255904 3.129795 0.347185
v 0.315608 3.240480 0.344151
v 0.311164 3.105322 0.369726
v 0.310693 3.101891 0.361141
v 0.366531 3.214546 0.357123
v 0.369572 3.077715 0.371604
v 0.367672 3.074959 0.362973
v 0.419490 3.189514 0.358825
v 0.427980 3.052165 0.360979
v 0.424650 3.050034 0.352608
v 0.472448 3.166348 0.349192
v 0.484144 3.029654 0.338261
v 0.479439 3.028074 0.330446
v 0.523371 3.145937 0.328593
v 0.535905 3.011047 0.304322
v 0.529933 3.009923 0.297338
v 0.570302 3.129066 0.297821
v 0.581273 2.997059 0.260468
v 0.611438 3.116384 0.258058
v 0.618506 2.988228 0.208382
v 0.574192 2.996277 0.254557
v 0.573929 2.978434 0.258574
v 0.610514 2.987663 0.203745
v 0.611346 2.969559 0.206230
v 0.637503 2.984409 0.146858
v 0.639150 2.966208 0.147626
v 0.654123 2.986643 0.086079
v 0.646173 2.984893 0.150067
v 0.670282 3.105353 0.157958
v 0.663210 2.987183 0.087763
v 0.685730 3.107429 0.101468
v 0.668963 2.995009 0.023866
v 0.690946 3.114525 0.043533
v 0.663210 3.008070 -0.039170
v 0.659735 2.994277 0.023745
v 0.662053 2.976373 0.020799
v 0.654123 3.007019 -0.037748
v 0.656272 2.989499 -0.042549
v 0.637503 3.024378 -0.096037
v 0.639150 3.007383 -0.102597
v 0.610514 3.045689 -0.148883
v 0.646173 3.025866 -0.098922
v 0.670282 3.142502 -0.067799
v 0.618506 3.047710 -0.153094
v 0.645197 3.162309 -0.116916
v 0.581273 3.072766 -0.199604
v 0.611438 3.185026 -0.159086
v 0.535904 3.100068 -0.236664
v 0.574192 3.070131 -0.194255
v 0.573929 3.054516 -0.203778
v 0.529933 3.096765 -0.230408
v 0.528335 3.081954 -0.241022
v 0.479439 3.124569 -0.255954
v 0.476318 3.110595 -0.267339
v 0.484144 3.128569 -0.262851
v 0.523371 3.235623 -0.216432
v 0.570302 3.209781 -0.192688
v 0.472448 3.261558 -0.229404
v 0.518667 3.231623 -0.209535
v 0.572014 3.340932 -0.197569
v 0.564331 3.206479 -0.186433
v 0.469118 3.256857 -0.222157
v 0.521370 3.366724 -0.210470
v 0.417589 3.281213 -0.223813
v 0.366060 3.303754 -0.214440
v 0.468702 3.391619 -0.212163
v 0.416034 3.414658 -0.202582
v 0.528245 3.522781 -0.214065
v 0.585019 3.495946 -0.212240
v 0.471472 3.547616 -0.203737
v 0.570326 3.619206 -0.238082
v 0.582602 3.645633 -0.234738
v 0.634071 3.589076 -0.236033
v 0.506580 3.647091 -0.226487
v 0.518681 3.673595 -0.223110
v 0.445284 3.671660 -0.201693
v 0.416880 3.569497 -0.181655
v 0.457216 3.698231 -0.198248
v 0.388793 3.691967 -0.164653
v 0.366568 3.587583 -0.148666
v 0.400570 3.718594 -0.161106
v 0.339279 3.707233 -0.116790
v 0.322469 3.601179 -0.106039
v 0.350919 3.733902 -0.113112
v 0.298643 3.716871 -0.059945
v 0.286278 3.609763 -0.055411
v 0.310171 3.743567 -0.056109
v 0.268448 3.720510 0.003700
v 0.259386 3.613004 0.001272
v 0.279893 3.747216 0.007710
v 0.249854 3.718012 0.071696
v 0.242825 3.610779 0.061832
v 0.261248 3.744711 0.075894
v 0.243576 3.709471 0.141433
v 0.237234 3.603172 0.123941
v 0.254952 3.736146 0.145823
v 0.249854 3.695215 0.210229
v 0.242826 3.590476 0.185213
v 0.261248 3.721852 0.214808
v 0.268448 3.675794 0.275441
v 0.259386 3.573179 0.243292
v 0.279893 3.702377 0.280200
v 0.298643 3.651953 0.334564
v 0.286278 3.551946 0.295948
v 0.310171 3.678470 0.339485
v 0.339279 3.624608 0.385324
v 0.322469 3.527592 0.341156
v 0.350919 3.651050 0.390385
v 0.388793 3.594811 0.425771
v 0.366568 3.501053 0.377179
v 0.400569 3.621171 0.430943
v 0.445284 3.563705 0.454351
v 0.416880 3.473350 0.402633
v 0.457216 3.589980 0.459602
v 0.506580 3.532487 0.469965
v 0.471472 3.445547 0.416540
v 0.518681 3.558676 0.475259
v 0.570326 3.502357 0.472014
v 0.528245 3.418712 0.418365
v 0.582602 3.528463 0.477313
v 0.634071 3.474472 0.460418
v 0.585019 3.393877 0.408037
v 0.646523 3.500501 0.465686
v 0.695368 3.449904 0.435624
v 0.639611 3.371996 0.385955
v 0.707988 3.475865 0.440824
v 0.751858 3.429597 0.398584
v 0.689923 3.353909 0.352966
v 0.764634 3.455502 0.403682
v 0.801373 3.414331 0.350722
v 0.734022 3.340313 0.310339
v 0.814285 3.440194 0.355687
v 0.842008 3.404693 0.293876
v 0.770213 3.331730 0.259711
v 0.855032 3.430529 0.298685
v 0.872203 3.401053 0.230232
v 0.797105 3.328488 0.203028
v 0.885311 3.426880 0.234866
v 0.890797 3.403552 0.162235
v 0.813665 3.330714 0.142468
v 0.903956 3.429386 0.166682
v 0.897076 3.412093 0.092499
v 0.819257 3.338320 0.080359
v 0.910251 3.437950 0.096753
v 0.890797 3.426348 0.023702
v 0.813665 3.351017 0.019087
v 0.903956 3.452244 0.027768
v 0.872203 3.445770 -0.041510
v 0.797105 3.368314 -0.038992
v 0.885310 3.471719 -0.037624
v 0.842008 3.469611 -0.100632
v 0.770212 3.389547 -0.091648
v 0.855032 3.495626 -0.096909
v 0.801373 3.496955 -0.151392
v 0.734022 3.413901 -0.136856
v 0.814285 3.523046 -0.147809
v 0.751858 3.526753 -0.191839
v 0.689923 3.440439 -0.172879
v 0.764634 3.552926 -0.188367
v 0.695368 3.557858 -0.220419
v 0.639611 3.468143 -0.198333
v 0.707988 3.584116 -0.217026
v 0.714637 3.611633 -0.195944
v 0.646523 3.615420 -0.232683
v 0.656184 3.641402 -0.210834
v 0.657485 3.656627 -0.167162
v 0.595395 3.670135 -0.212788
v 0.604033 3.681892 -0.168880
v 0.534606 3.696727 -0.201730
v 0.550581 3.705274 -0.159157
v 0.476153 3.720156 -0.178086
v 0.499183 3.725875 -0.138367
v 0.422283 3.739521 -0.142764
v 0.451815 3.742903 -0.107308
v 0.375065 3.754079 -0.097122
v 0.410296 3.755703 -0.067175
v 0.336314 3.763270 -0.042913
v 0.376223 3.763785 -0.019509
v 0.307519 3.766741 0.017780
v 0.350904 3.766837 0.033858
v 0.289788 3.764357 0.082623
v 0.335313 3.764742 0.090874
v 0.283801 3.756213 0.149125
v 0.330048 3.757580 0.149350
v 0.289788 3.742619 0.214730
v 0.335313 3.745627 0.207036
v 0.307519 3.724098 0.276917
v 0.350904 3.729342 0.261718
v 0.336314 3.701363 0.333297
v 0.376223 3.709351 0.311293
v 0.375065 3.675286 0.381703
v 0.410296 3.686421 0.353856
v 0.422283 3.646871 0.420274
v 0.451815 3.661436 0.387771
v 0.476153 3.617208 0.447528
v 0.499183 3.635354 0.411736
v 0.534606 3.587439 0.462418
v 0.550581 3.609177 0.424829
v 0.595395 3.558706 0.464372
v 0.604033 3.583912 0.426547
v 0.656184 3.532114 0.453314
v 0.657485 3.560530 0.416824
v 0.714637 3.508685 0.429670
v 0.708882 3.539929 0.396033
v 0.768508 3.489320 0.394348
v 0.756251 3.522902 0.364975
v 0.815725 3.474762 0.348706
v 0.797770 3.510101 0.324841
v 0.854476 3.465571 0.294497
v 0.831843 3.502019 0.277176
v 0.883271 3.462101 0.233805
v 0.857162 3.498967 0.223809
v 0.901002 3.464483 0.168962
v 0.872753 3.501063 0.166792
v 0.906989 3.472629 0.102460
v 0.878018 3.508224 0.108317
v 0.901002 3.486222 0.036855
v 0.872753 3.520177 0.050631
v 0.883271 3.504743 -0.025333
v 0.857162 3.536462 -0.004051
v 0.854476 3.527478 -0.081713
v 0.831843 3.556453 -0.053626
v 0.815726 3.553555 -0.130118
v 0.797770 3.579383 -0.096189
v 0.768508 3.581970 -0.168689
v 0.756251 3.604368 -0.130104
v 0.708883 3.630451 -0.154069
v 0.618688 3.315232 -0.173955
v 0.659598 3.290612 -0.140537
v 0.604357 3.182392 -0.153737
v 0.693172 3.268020 -0.098598
v 0.637204 3.160287 -0.112705
v 0.718120 3.248322 -0.049750
v 0.661613 3.141016 -0.064914
v 0.733483 3.232275 0.004130
v 0.676643 3.125316 -0.012199
v 0.738670 3.220497 0.060971
v 0.681718 3.113793 0.043412
v 0.733483 3.213441 0.118589
v 0.676643 3.106889 0.099784
v 0.718120 3.211376 0.174769
v 0.661613 3.104869 0.154749
v 0.693172 3.214383 0.227353
v 0.637204 3.107811 0.206196
v 0.659598 3.222346 0.274321
v 0.604357 3.115602 0.252147
v 0.618688 3.234959 0.313866
v 0.564331 3.127942 0.290837
v 0.572015 3.251738 0.344469
v 0.518667 3.144357 0.320778
v 0.521370 3.272036 0.364954
v 0.469118 3.164217 0.340821
v 0.468702 3.295075 0.374535
v 0.417589 3.186759 0.350194
v 0.416034 3.319970 0.372842
v 0.366060 3.211114 0.348538
v 0.365390 3.345763 0.359941
v 0.316512 3.236349 0.335916
v 0.318716 3.371463 0.336328
v 0.270847 3.261493 0.312813
v 0.277806 3.396082 0.302909
v 0.230822 3.285580 0.280118
v 0.244232 3.418675 0.260970
v 0.197974 3.307684 0.239086
v 0.219284 3.438373 0.212122
v 0.173566 3.326956 0.191294
v 0.203921 3.454419 0.158242
v 0.158536 3.342655 0.138580
v 0.198734 3.466197 0.101401
v 0.153460 3.354179 0.082968
v 0.203921 3.473254 0.043784
v 0.158536 3.361083 0.026597
v 0.219284 3.475318 -0.012397
v 0.173566 3.363103 -0.028369
v 0.244232 3.472311 -0.064981
v 0.197974 3.360161 -0.079816
v 0.277806 3.464348 -0.111948
v 0.230822 3.352370 -0.125767
v 0.318716 3.451735 -0.151493
v 0.270847 3.340029 -0.164456
v 0.365390 3.434957 -0.182097
v 0.316512 3.323614 -0.194398
v 0.268677 3.347037 -0.170103
v 0.645197 3.108377 0.210832
v 0.685730 3.126368 -0.013622
v 0.518433 3.080276 -0.422341
v 0.530175 3.052720 -0.492496
v 0.595604 3.037784 -0.383298
v 0.618349 3.004169 -0.447887
v 0.663245 2.997078 -0.328044
v 0.695634 2.957659 -0.384755
v 0.718756 2.959723 -0.258702
v 0.759061 2.914978 -0.305526
v 0.611346 3.029336 -0.157038
v 0.760005 2.927154 -0.177937
v 0.806191 2.877766 -0.213245
v 0.785406 2.900623 -0.088852
v 0.835213 2.847452 -0.111458
v 0.793983 2.881150 0.005130
v 0.845013 2.825202 -0.004077
v 0.785406 2.869482 0.100396
v 0.835213 2.811870 0.104772
v 0.656272 2.968509 0.085013
v 0.760005 2.866069 0.193285
v 0.806191 2.807970 0.210905
v 0.718756 2.871040 0.280228
v 0.759061 2.813651 0.310245
v 0.663245 2.884206 0.357883
v 0.695634 2.828694 0.398973
v 0.595604 2.905061 0.423267
v 0.618349 2.852522 0.473679
v 0.528335 2.992491 0.302646
v 0.518433 2.932802 0.473867
v 0.530175 2.884219 0.531493
v 0.476318 3.011190 0.336753
v 0.434698 2.966365 0.507738
v 0.434501 2.922566 0.570193
v 0.419876 3.033813 0.359584
v 0.347616 3.004458 0.523578
v 0.335003 2.966091 0.588292
v 0.361178 3.059490 0.370261
v 0.260534 3.045618 0.520779
v 0.235505 3.013120 0.585094
v 0.302480 3.087234 0.368375
v 0.176799 3.088264 0.499449
v 0.139831 3.061846 0.560722
v 0.246038 3.115979 0.353997
v 0.099628 3.130756 0.460406
v 0.051656 3.110398 0.516113
v 0.194021 3.144622 0.327680
v 0.031987 3.171463 0.405152
v -0.025629 3.156907 0.452981
v 0.148427 3.172060 0.290436
v -0.023524 3.208817 0.335810
v -0.089055 3.199588 0.373752
v 0.111009 3.197239 0.243695
v -0.064773 3.241386 0.255045
v -0.136185 3.236801 0.281471
v 0.083206 3.219192 0.189255
v -0.090174 3.267917 0.165959
v -0.165207 3.267115 0.179684
v 0.066084 3.237075 0.129207
v -0.098751 3.287391 0.071978
v -0.175007 3.289365 0.072303
v 0.060303 3.250202 0.065859
v -0.090174 3.299059 -0.023288
v -0.165207 3.302696 -0.036546
v 0.066084 3.258066 0.001644
v -0.064773 3.302472 -0.116177
v -0.136185 3.306597 -0.142679
v 0.083206 3.260367 -0.060968
v -0.023524 3.297501 -0.203120
v -0.089055 3.300916 -0.242019
v 0.111009 3.257016 -0.119572
v 0.031987 3.284334 -0.280775
v -0.025629 3.285872 -0.330746
v 0.099628 3.263480 -0.346159
v 0.051656 3.262044 -0.405453
v 0.176799 3.235739 -0.396759
v 0.139831 3.230348 -0.463267
v 0.134582 3.198759 -0.450340
v 0.049447 3.229364 -0.394518
v -0.025174 3.252370 -0.322387
v -0.086414 3.266895 -0.236717
v -0.131920 3.272380 -0.140802
v -0.159942 3.268615 -0.038327
v -0.169404 3.255743 0.066770
v -0.159942 3.234259 0.170450
v -0.131920 3.204990 0.268729
v -0.086414 3.169060 0.357829
v -0.025174 3.127850 0.434328
v 0.049447 3.082943 0.495284
v 0.134582 3.036066 0.538355
v 0.226959 2.989019 0.561887
v 0.323027 2.943611 0.564975
v 0.419096 2.901586 0.547500
v 0.511472 2.864561 0.510134
v 0.596607 2.833956 0.454312
v 0.671229 2.810950 0.382181
v 0.732469 2.796425 0.296511
v 0.777974 2.790940 0.200596
v 0.805997 2.794706 0.098120
v 0.815458 2.807577 -0.006977
v 0.805997 2.829061 -0.110657
v 0.777974 2.858330 -0.208935
v 0.732469 2.894260 -0.298036
v 0.671229 2.935470 -0.374534
v 0.596607 2.980377 -0.435490
v 0.511472 3.027254 -0.478562
v 0.235399 3.279047 -0.287884
v 0.235474 3.276843 -0.288728
v 0.237283 3.278312 -0.289103
v 0.276346 3.297293 -0.235605
v 0.223567 3.254429 -0.224665
v 0.236284 3.277883 -0.288171
v 0.277231 3.296129 -0.235893
v 0.224452 3.253266 -0.224953
v 0.225044 3.252852 -0.223717
v 0.223641 3.252226 -0.225509
v 0.278589 3.230812 -0.261073
v 0.224450 3.253334 -0.224927
v 0.279397 3.231919 -0.260490
v 0.236282 3.277951 -0.288145
v 0.279992 3.231437 -0.259281
v 0.280398 3.232281 -0.261448
v 0.278229 3.296558 -0.236824
v 0.279342 3.231874 -0.260479
v 0.277173 3.296152 -0.235855
v 0.236227 3.277906 -0.288134
v 0.277824 3.295715 -0.234658
v 0.277186 3.296178 -0.235922
v 0.279354 3.231900 -0.260545
v 0.224407 3.253314 -0.224982
v 0.570056 2.992519 0.286989
v 0.568454 2.993717 0.284577
v 0.572474 2.992601 0.288982
v 0.561461 2.983186 0.292469
v 0.587762 3.011035 0.275520
v 0.609992 3.032638 0.260704
v 0.585159 3.011687 0.273348
v 0.589694 3.010428 0.278316
v 0.612296 3.031702 0.264774
v 0.589160 3.011372 0.278747
v 0.611760 3.032683 0.265118
v 0.587941 3.010514 0.282774
v 0.571975 2.993562 0.289395
v 0.575007 2.996284 0.289627
v 0.563443 2.984695 0.294229
v 0.563760 2.983727 0.294068
v 0.568772 2.991467 0.293500
v 0.560976 2.982752 0.295963
v 0.560928 2.981828 0.296192
v 0.564415 2.990217 0.297208
v 0.559948 2.985730 0.297681
v 0.559526 2.984980 0.298250
v 0.561357 2.993662 0.300825
v 0.558126 2.997661 0.303075
v 0.557470 2.997042 0.303803
v 0.559221 3.000956 0.305219
v 0.553567 3.021907 0.313904
v 0.552900 3.021318 0.314660
v 0.557140 3.019631 0.313198
v 0.547324 3.051754 0.328764
v 0.546731 3.051108 0.329537
v 0.553633 3.047708 0.326402
v 0.540866 3.078354 0.342843
v 0.540318 3.077754 0.343676
v 0.549725 3.073527 0.339062
v 0.539839 3.100277 0.351364
v 0.539356 3.100062 0.352365
v 0.550455 3.094527 0.347260
v 0.547501 3.118636 0.349974
v 0.547183 3.118965 0.351013
v 0.557892 3.111684 0.346474
v 0.561252 3.133070 0.342708
v 0.561189 3.133792 0.343667
v 0.570613 3.124980 0.341010
v 0.574886 3.142249 0.332553
v 0.575178 3.143269 0.333228
v 0.582063 3.133863 0.332492
v 0.585910 3.141125 0.322037
v 0.586674 3.142138 0.322232
v 0.588845 3.135503 0.325051
v 0.594255 3.127926 0.311309
v 0.595202 3.128788 0.311281
v 0.596273 3.123842 0.317059
v 0.604099 3.116583 0.299519
v 0.604733 3.117668 0.299836
v 0.607556 3.112480 0.304249
v 0.618339 3.120798 0.287519
v 0.618589 3.121865 0.288181
v 0.622735 3.116009 0.290920
v 0.632142 3.127442 0.276371
v 0.632644 3.128533 0.276826
v 0.633505 3.122284 0.280938
v 0.642196 3.122327 0.266068
v 0.643143 3.123152 0.266095
v 0.639951 3.116729 0.275312
v 0.648867 3.107138 0.256165
v 0.649991 3.107509 0.255953
v 0.645207 3.102902 0.267329
v 0.651261 3.087925 0.247484
v 0.652341 3.087841 0.247143
v 0.646234 3.085536 0.259214
v 0.647090 3.068534 0.245426
v 0.647973 3.067914 0.245079
v 0.641837 3.067480 0.256997
v 0.632674 3.051181 0.252160
v 0.633282 3.050239 0.251850
v 0.627940 3.050377 0.261804
v 0.608531 3.031459 0.272176
v 0.611155 3.050398 0.279337
v 0.622400 3.067513 0.277609
v 0.587940 3.054296 0.301824
v 0.596501 3.030208 0.284591
v 0.580003 3.032224 0.300402
v 0.580793 3.008231 0.289916
v 0.571370 3.008532 0.298761
v 0.563103 3.013467 0.307389
v 0.564791 3.039594 0.315912
v 0.566003 3.063762 0.323936
v 0.569604 3.083139 0.329759
v 0.595274 3.072045 0.303931
v 0.575849 3.097999 0.329771
v 0.600209 3.085607 0.304863
v 0.585033 3.109065 0.327443
v 0.604932 3.096051 0.306515
v 0.592406 3.117826 0.322461
v 0.607310 3.105241 0.306169
v 0.626063 3.107865 0.289216
v 0.628094 3.096319 0.284909
v 0.626866 3.082899 0.279379
v 0.630535 3.051306 0.246684
v 0.644372 3.069284 0.238610
v 0.625639 3.052361 0.243476
v 0.638252 3.070613 0.234429
v 0.606128 3.033415 0.258017
v 0.625496 3.053174 0.244296
v 0.615444 3.053846 0.248115
v 0.637962 3.071068 0.235425
v 0.605972 3.034290 0.258776
v 0.598489 3.034247 0.261174
v 0.584909 3.012552 0.274091
v 0.580678 3.012531 0.274817
v 0.568229 2.994601 0.285291
v 0.569039 2.997940 0.283089
v 0.560378 2.985547 0.290870
v 0.560335 2.984677 0.290316
v 0.563379 2.992965 0.287592
v 0.557935 2.983597 0.292632
v 0.557484 2.982784 0.292419
v 0.558976 2.991727 0.291250
v 0.556883 2.986581 0.294323
v 0.556101 2.985931 0.294498
v 0.554380 2.998701 0.298971
v 0.555964 2.995159 0.294916
v 0.553254 3.002612 0.298681
v 0.554689 3.015803 0.298171
v 0.549876 3.021647 0.305241
v 0.553064 3.042849 0.303064
v 0.562794 3.010913 0.289366
v 0.568043 3.035544 0.287299
v 0.572379 3.010568 0.280697
v 0.584774 3.033464 0.271743
v 0.596536 3.054456 0.263321
v 0.573024 3.058437 0.285482
v 0.603741 3.072693 0.257167
v 0.576217 3.077336 0.283052
v 0.625932 3.071896 0.239572
v 0.606334 3.088599 0.256884
v 0.579227 3.091432 0.281875
v 0.604434 3.102888 0.258988
v 0.628737 3.090394 0.240044
v 0.625038 3.108501 0.245232
v 0.641218 3.090714 0.236480
v 0.641657 3.090807 0.235437
v 0.637258 3.110361 0.243446
v 0.637689 3.110924 0.242476
v 0.630621 3.125540 0.253386
v 0.630911 3.126549 0.252694
v 0.620088 3.122244 0.253551
v 0.620730 3.130610 0.263868
v 0.620620 3.131871 0.263652
v 0.615245 3.127354 0.260932
v 0.606703 3.124028 0.274770
v 0.606357 3.125261 0.274779
v 0.602798 3.121544 0.269078
v 0.592395 3.119832 0.286697
v 0.592432 3.121083 0.286359
v 0.587265 3.118113 0.282018
v 0.582618 3.131157 0.298560
v 0.582970 3.132183 0.297880
v 0.574498 3.144293 0.309534
v 0.576336 3.129377 0.295216
v 0.570585 3.140573 0.305045
v 0.569201 3.124269 0.297038
v 0.561373 3.115633 0.301522
v 0.562200 3.139377 0.310730
v 0.583623 3.111817 0.280218
v 0.580760 3.102762 0.280032
v 0.602858 3.114307 0.263793
v 0.550444 3.130579 0.318913
v 0.563311 3.145463 0.319872
v 0.562946 3.146665 0.319827
v 0.549642 3.136294 0.329989
v 0.548888 3.137208 0.330190
v 0.537457 3.121424 0.338971
v 0.536499 3.121931 0.339307
v 0.530711 3.102812 0.341363
v 0.540395 3.116541 0.327305
v 0.534550 3.098943 0.329835
v 0.555317 3.103699 0.307276
v 0.550945 3.088319 0.309316
v 0.551384 3.067820 0.307920
v 0.537229 3.076996 0.325372
v 0.543590 3.050495 0.315400
v 0.533688 3.080347 0.334980
v 0.532675 3.079876 0.335302
v 0.541536 3.053361 0.322423
v 0.540563 3.052820 0.322779
v 0.549317 3.023087 0.309247
v 0.548365 3.022578 0.309691
v 0.553449 2.998158 0.299398
v 0.550338 3.022112 0.312486
v 0.543031 3.052456 0.326845
v 0.555464 2.996838 0.301403
v 0.557770 2.984278 0.296116
v 0.558881 2.981175 0.294315
v 0.535593 3.079407 0.340463
v 0.533444 3.102116 0.348179
v 0.529636 3.102761 0.341716
v 0.540879 3.121326 0.346261
v 0.554310 3.136531 0.337855
v 0.568659 3.146053 0.327170
v 0.580781 3.144784 0.315785
v 0.574650 3.145477 0.309059
v 0.589387 3.130985 0.304432
v 0.598705 3.119804 0.293094
v 0.612484 3.124149 0.281618
v 0.627049 3.131090 0.270083
v 0.637942 3.125547 0.258736
v 0.645001 3.109689 0.248274
v 0.648275 3.089540 0.240180
v 0.317081 3.352902 -0.196059
v 0.316652 3.354627 -0.197702
v 0.323937 3.356563 -0.196609
v 0.303296 3.345564 -0.194859
v 0.316790 3.352387 -0.197038
v 0.315575 3.350327 -0.196352
v 0.323383 3.356251 -0.197534
v 0.303245 3.345054 -0.195837
v 0.285953 3.336355 -0.193671
v 0.305899 3.343798 -0.195235
v 0.311836 3.343666 -0.197008
v 0.290802 3.334355 -0.193353
v 0.276512 3.326020 -0.191434
v 0.300354 3.333019 -0.197247
v 0.289526 3.323464 -0.197527
v 0.311853 3.330544 -0.204471
v 0.318546 3.342627 -0.200854
v 0.321591 3.326014 -0.213143
v 0.305547 3.319530 -0.208041
v 0.319709 3.313508 -0.220119
v 0.300523 3.310309 -0.210689
v 0.296215 3.304350 -0.213820
v 0.317052 3.303235 -0.224838
v 0.281760 3.314877 -0.198422
v 0.277959 3.307198 -0.201352
v 0.266520 3.317909 -0.191352
v 0.262255 3.309125 -0.195323
v 0.258910 3.321439 -0.191278
v 0.258335 3.321307 -0.190239
v 0.270041 3.328951 -0.191311
v 0.254262 3.312352 -0.196013
v 0.253526 3.311920 -0.195127
v 0.254294 3.303108 -0.203942
v 0.253498 3.302429 -0.203280
v 0.257298 3.295515 -0.211859
v 0.261906 3.300750 -0.202351
v 0.263883 3.293962 -0.209355
v 0.276587 3.300745 -0.206267
v 0.276392 3.295247 -0.211299
v 0.293217 3.298694 -0.215332
v 0.290069 3.294652 -0.217757
v 0.305455 3.291222 -0.227875
v 0.312142 3.295922 -0.226938
v 0.298808 3.287853 -0.228077
v 0.311880 3.284265 -0.239757
v 0.321425 3.289606 -0.239612
v 0.302523 3.281216 -0.238278
v 0.312895 3.283777 -0.247805
v 0.313378 3.282676 -0.248101
v 0.323667 3.289457 -0.247963
v 0.302197 3.280704 -0.245466
v 0.302358 3.279508 -0.245762
v 0.294529 3.282238 -0.240596
v 0.294237 3.281109 -0.240780
v 0.290367 3.288851 -0.232648
v 0.296710 3.281804 -0.236351
v 0.293713 3.286980 -0.229094
v 0.287301 3.292948 -0.220703
v 0.284811 3.294829 -0.224859
v 0.276145 3.292775 -0.215944
v 0.274360 3.294131 -0.220667
v 0.266996 3.291606 -0.214110
v 0.263793 3.292377 -0.217590
v 0.263239 3.291334 -0.217578
v 0.256528 3.294626 -0.211458
v 0.274059 3.293130 -0.220892
v 0.260524 3.295251 -0.222707
v 0.253442 3.298749 -0.216407
v 0.271626 3.297227 -0.226166
v 0.258602 3.299920 -0.227557
v 0.251810 3.303361 -0.221610
v 0.269342 3.301865 -0.231044
v 0.259465 3.300390 -0.226903
v 0.252964 3.303540 -0.221185
v 0.269878 3.302429 -0.230311
v 0.259993 3.304573 -0.229181
v 0.256271 3.308056 -0.225735
v 0.268472 3.306983 -0.232458
v 0.267467 3.311772 -0.230505
v 0.279496 3.307399 -0.237499
v 0.286039 3.301188 -0.245608
v 0.280299 3.303183 -0.234568
v 0.280950 3.311537 -0.237381
v 0.289883 3.304378 -0.247283
v 0.283903 3.315939 -0.235375
v 0.287832 3.319870 -0.231858
v 0.267476 3.317614 -0.225873
v 0.296345 3.308091 -0.247481
v 0.303031 3.312792 -0.246545
v 0.304152 3.298574 -0.256388
v 0.313704 3.303903 -0.256227
v 0.294912 3.295310 -0.254658
v 0.308567 3.291791 -0.257119
v 0.308634 3.291461 -0.258310
v 0.319357 3.297436 -0.257236
v 0.297864 3.288728 -0.254792
v 0.297641 3.288243 -0.255914
v 0.290202 3.290251 -0.249909
v 0.289600 3.289695 -0.250760
v 0.285886 3.297149 -0.242293
v 0.289707 3.294771 -0.251422
v 0.285112 3.296663 -0.242848
v 0.287201 3.292089 -0.237824
v 0.279640 3.302647 -0.235213
v 0.281876 3.298067 -0.230207
v 0.284384 3.293863 -0.225003
v 0.289829 3.287928 -0.232696
v 0.291723 3.284959 -0.246060
v 0.300161 3.283338 -0.251376
v 0.311405 3.286528 -0.253855
v 0.322645 3.292432 -0.253999
v 0.324436 3.288529 -0.248204
v 0.330096 3.300703 -0.250345
v 0.319692 3.297313 -0.258413
v 0.327286 3.305092 -0.254296
v 0.328784 3.315105 -0.244941
v 0.326713 3.304963 -0.253256
v 0.328075 3.314740 -0.244152
v 0.320656 3.310640 -0.252055
v 0.322955 3.319541 -0.243048
v 0.308849 3.318425 -0.242492
v 0.312876 3.326159 -0.234823
v 0.292139 3.325834 -0.228733
v 0.273557 3.330067 -0.216076
v 0.298565 3.332459 -0.223068
v 0.282694 3.336116 -0.212231
v 0.306284 3.340855 -0.216455
v 0.314720 3.349710 -0.209087
v 0.294903 3.343112 -0.208976
v 0.316140 3.336106 -0.224872
v 0.319990 3.346678 -0.213979
v 0.322859 3.330850 -0.230823
v 0.323331 3.342955 -0.217636
v 0.326365 3.326991 -0.231480
v 0.327121 3.327527 -0.232037
v 0.325199 3.340610 -0.217605
v 0.326001 3.341280 -0.217964
v 0.324913 3.351627 -0.206777
v 0.325618 3.352490 -0.207033
v 0.325048 3.357074 -0.201396
v 0.324055 3.350819 -0.208968
v 0.323388 3.354176 -0.205152
v 0.321610 3.356079 -0.202689
v 0.318296 3.355855 -0.201340
v 0.324567 3.358592 -0.199845
v 0.324826 3.359681 -0.199980
v 0.322481 3.357921 -0.199474
v 0.322601 3.359037 -0.199484
v 0.315528 3.354722 -0.199753
v 0.315501 3.355828 -0.199460
v 0.313414 3.354329 -0.201003
v 0.301405 3.348459 -0.199795
v 0.301189 3.349465 -0.199393
v 0.302675 3.349769 -0.202175
v 0.283346 3.341181 -0.199281
v 0.282909 3.342111 -0.198944
v 0.286156 3.342957 -0.203351
v 0.266799 3.334953 -0.198286
v 0.266096 3.335784 -0.198019
v 0.270702 3.336778 -0.203937
v 0.255039 3.328606 -0.199608
v 0.254044 3.329253 -0.199474
v 0.259561 3.330793 -0.206326
v 0.249953 3.320331 -0.205287
v 0.248782 3.320704 -0.205337
v 0.254534 3.323421 -0.211939
v 0.249966 3.311122 -0.213256
v 0.248753 3.311214 -0.213490
v 0.254178 3.315059 -0.218982
v 0.250250 3.306702 -0.208081
v 0.250226 3.316321 -0.199794
v 0.255295 3.325378 -0.194357
v 0.267139 3.332532 -0.193705
v 0.269705 3.329102 -0.190251
v 0.283809 3.339434 -0.195512
v 0.285832 3.336698 -0.192653
v 0.302008 3.347553 -0.196983
v 0.268848 3.324068 -0.220960
v 0.308089 3.350604 -0.205071
v 0.323800 3.358221 -0.197931
v 0.325856 3.358933 -0.198274
v 0.326290 3.357400 -0.199794
v 0.326169 3.357193 -0.197088
v 0.326793 3.355621 -0.198746
v 0.325459 3.356941 -0.197926
v 0.325950 3.355405 -0.199456
v 0.323478 3.352620 -0.198668
v 0.325256 3.350717 -0.201132
v 0.320164 3.352397 -0.197321
v 0.323737 3.339740 -0.205915
v 0.326216 3.346817 -0.204317
v 0.326556 3.336984 -0.210696
v 0.326174 3.349291 -0.204063
v 0.327199 3.349565 -0.203632
v 0.327038 3.337205 -0.213647
v 0.328107 3.337379 -0.213430
v 0.328971 3.322164 -0.225871
v 0.330044 3.322114 -0.225746
v 0.331317 3.308738 -0.237176
v 0.327505 3.322248 -0.220825
v 0.328765 3.308783 -0.230545
v 0.327614 3.297756 -0.237081
v 0.330584 3.297795 -0.244926
v 0.331577 3.297147 -0.245061
v 0.332393 3.308423 -0.237173
v 0.331160 3.311413 -0.241625
v 0.328962 3.324540 -0.229309
v 0.327244 3.339229 -0.215872
v 0.326492 3.351381 -0.205067
v 0.325457 3.358095 -0.201622
v 0.588478 3.004868 0.257459
v 0.588071 3.004997 0.257084
v 0.595374 2.998733 0.247860
v 0.588026 3.018776 0.262756
v 0.594326 3.019008 0.256001
v 0.600701 3.016995 0.251727
v 0.587618 3.018906 0.262380
v 0.587211 3.019035 0.262005
v 0.593919 3.019138 0.255626
v 0.593511 3.019267 0.255250
v 0.587945 3.020345 0.262523
v 0.587538 3.020475 0.262147
v 0.588353 3.020216 0.262898
v 0.593567 3.047716 0.265880
v 0.593160 3.047846 0.265505
v 0.593975 3.047586 0.266256
v 0.596806 3.056970 0.265563
v 0.596399 3.057100 0.265188
v 0.597214 3.056840 0.265939
v 0.608827 3.058571 0.253077
v 0.608419 3.058701 0.252702
v 0.609234 3.058441 0.253453
v 0.600342 3.059013 0.262434
v 0.599935 3.059143 0.262058
v 0.600750 3.058883 0.262809
v 0.605818 3.061826 0.257465
v 0.605411 3.061955 0.257089
v 0.606226 3.061696 0.257840
v 0.598450 3.062867 0.265818
v 0.598042 3.062996 0.265442
v 0.598857 3.062737 0.266194
v 0.612601 3.091768 0.260452
v 0.612194 3.091897 0.260076
v 0.613008 3.091638 0.260827
v 0.617204 3.090777 0.255117
v 0.616796 3.090906 0.254741
v 0.617611 3.090647 0.255492
v 0.614922 3.096864 0.259695
v 0.614515 3.096993 0.259319
v 0.615329 3.096734 0.260070
v 0.627657 3.118047 0.253198
v 0.627250 3.118176 0.252822
v 0.628065 3.117917 0.253574
v 0.629703 3.115747 0.250184
v 0.629296 3.115876 0.249808
v 0.630111 3.115617 0.250560
v 0.629212 3.119701 0.252083
v 0.628805 3.119831 0.251707
v 0.629620 3.119571 0.252458
v 0.635884 3.129501 0.248231
v 0.635477 3.129631 0.247855
v 0.636292 3.129371 0.248606
v 0.648520 3.144128 0.239577
v 0.648113 3.144258 0.239201
v 0.648927 3.143998 0.239952
v 0.653290 3.133194 0.230625
v 0.652883 3.133324 0.230249
v 0.653697 3.133064 0.231000
v 0.650632 3.145434 0.237737
v 0.650225 3.145564 0.237361
v 0.651040 3.145305 0.238112
v 0.651428 3.146689 0.237307
v 0.651021 3.146819 0.236932
v 0.651835 3.146559 0.237683
v 0.652624 3.148238 0.236545
v 0.652217 3.148368 0.236169
v 0.653032 3.148109 0.236920
v 0.658251 3.155529 0.232959
v 0.657844 3.155658 0.232584
v 0.658659 3.155399 0.233335
v 0.662734 3.161272 0.230080
v 0.662327 3.161402 0.229705
v 0.663142 3.161142 0.230456
v 0.670544 3.159196 0.220891
v 0.670137 3.159326 0.220515
v 0.670952 3.159066 0.221266
v 0.664319 3.162776 0.228881
v 0.663912 3.162906 0.228506
v 0.664726 3.162647 0.229257
v 0.668968 3.161605 0.223434
v 0.668561 3.161735 0.223058
v 0.669375 3.161476 0.223809
v 0.666325 3.164316 0.227237
v 0.665917 3.164446 0.226862
v 0.666732 3.164186 0.227613
v 0.674538 3.161524 0.217363
v 0.674131 3.161654 0.216987
v 0.674946 3.161395 0.217738
v 0.668478 3.166061 0.225504
v 0.668071 3.166191 0.225129
v 0.668885 3.165931 0.225880
v 0.679716 3.178503 0.217612
v 0.679309 3.178633 0.217237
v 0.680123 3.178374 0.217988
v 0.694157 3.186577 0.204736
v 0.693750 3.186706 0.204360
v 0.694564 3.186447 0.205111
v 0.695846 3.185073 0.202384
v 0.696721 3.184795 0.203190
v 0.694972 3.185352 0.201578
v 0.697536 3.183570 0.200032
v 0.699133 3.183062 0.201505
v 0.695938 3.184079 0.198559
v 0.699225 3.182067 0.197680
v 0.700100 3.181789 0.198486
v 0.698350 3.182346 0.196874
v 0.700915 3.180564 0.195328
v 0.701322 3.180434 0.195704
v 0.700507 3.180694 0.194953
v 0.699978 3.160476 0.189403
v 0.700386 3.160346 0.189779
v 0.699571 3.160605 0.189028
v 0.698604 3.153646 0.188535
v 0.699011 3.153517 0.188911
v 0.698196 3.153776 0.188160
v 0.698186 3.150644 0.187951
v 0.698593 3.150514 0.188327
v 0.697778 3.150774 0.187576
v 0.697697 3.148084 0.187597
v 0.698104 3.147954 0.187973
v 0.697289 3.148214 0.187222
v 0.691482 3.150189 0.195066
v 0.693466 3.149557 0.196894
v 0.689499 3.150820 0.193237
v 0.697431 3.146401 0.187304
v 0.697838 3.146272 0.187680
v 0.697024 3.146531 0.186929
v 0.696839 3.143299 0.186875
v 0.697246 3.143170 0.187251
v 0.696431 3.143429 0.186500
v 0.696374 3.140778 0.186508
v 0.696781 3.140648 0.186883
v 0.695967 3.140908 0.186132
v 0.691465 3.126615 0.186940
v 0.691872 3.126486 0.187316
v 0.691057 3.126745 0.186565
v 0.681229 3.103005 0.189887
v 0.681637 3.102876 0.190262
v 0.680822 3.103135 0.189511
v 0.677741 3.108208 0.195468
v 0.678148 3.108078 0.195844
v 0.677334 3.108337 0.195093
v 0.681589 3.097696 0.187663
v 0.681996 3.097566 0.188038
v 0.681181 3.097826 0.187287
v 0.677142 3.104287 0.194763
v 0.677550 3.104157 0.195139
v 0.676735 3.104416 0.194388
v 0.678268 3.097279 0.191121
v 0.678676 3.097149 0.191496
v 0.677861 3.097409 0.190745
v 0.677389 3.092575 0.190449
v 0.677796 3.092445 0.190825
v 0.676982 3.092704 0.190074
v 0.672081 3.077888 0.191133
v 0.672489 3.077758 0.191508
v 0.671674 3.078017 0.190757
v 0.664358 3.079980 0.200234
v 0.664765 3.079850 0.200609
v 0.663950 3.080109 0.199858
v 0.671995 3.075174 0.190289
v 0.672402 3.075045 0.190664
v 0.671588 3.075304 0.189913
v 0.662133 3.054558 0.193865
v 0.662540 3.054428 0.194240
v 0.661725 3.054688 0.193489
v 0.660801 3.053362 0.194896
v 0.661208 3.053233 0.195272
v 0.660394 3.053492 0.194521
v 0.660343 3.051575 0.194775
v 0.660751 3.051445 0.195151
v 0.659936 3.051705 0.194400
v 0.652723 3.040468 0.199205
v 0.653130 3.040338 0.199580
v 0.652315 3.040598 0.198829
v 0.642242 3.041204 0.210829
v 0.642649 3.041075 0.211205
v 0.641834 3.041334 0.210454
v 0.650945 3.038664 0.200510
v 0.651352 3.038535 0.200885
v 0.650538 3.038794 0.200134
v 0.645109 3.038737 0.206866
v 0.645517 3.038607 0.207241
v 0.644702 3.038866 0.206490
v 0.649234 3.032730 0.200316
v 0.649641 3.032600 0.200692
v 0.648826 3.032860 0.199941
v 0.633663 3.012043 0.210061
v 0.634070 3.011914 0.210436
v 0.633255 3.012173 0.209685
v 0.619337 3.001928 0.222106
v 0.619744 3.001799 0.222482
v 0.618930 3.002058 0.221731
v 0.613020 3.006604 0.230574
v 0.615004 3.005973 0.232403
v 0.611037 3.007236 0.228745
v 0.618492 3.000792 0.222630
v 0.618899 3.000662 0.223006
v 0.618085 3.000922 0.222255
v 0.604166 2.990677 0.234676
v 0.603759 2.990807 0.234301
v 0.604574 2.990548 0.235052
v 0.597271 2.996812 0.244275
v 0.597679 2.996682 0.244651
v 0.596864 2.996942 0.243900
v 0.582919 2.970529 0.250764
v 0.583327 2.970399 0.251139
v 0.582512 2.970658 0.250388
v 0.581767 2.971554 0.252368
v 0.582628 2.971280 0.253161
v 0.580907 2.971828 0.251575
v 0.580615 2.972579 0.253972
v 0.581022 2.972450 0.254348
v 0.580207 2.972709 0.253597
v 0.594966 2.998863 0.247484
v 0.594559 2.998992 0.247109
v 0.587664 3.005127 0.256708
v 0.595258 2.998111 0.245087
v 0.596734 3.018259 0.248070
v 0.595859 3.020739 0.249875
v 0.600051 3.014047 0.238345
v 0.600676 3.015193 0.238062
v 0.607781 3.008430 0.232689
v 0.609907 3.008241 0.230318
v 0.612033 3.008053 0.227947
v 0.621655 3.021593 0.222187
v 0.601302 3.016339 0.237779
v 0.609424 3.031214 0.234107
v 0.594985 3.023220 0.251680
v 0.601607 3.039429 0.250097
v 0.605297 3.046693 0.248604
v 0.608986 3.053957 0.247112
v 0.613300 3.038312 0.232355
v 0.617176 3.045410 0.230603
v 0.625717 3.028525 0.220175
v 0.629779 3.035457 0.218163
v 0.633841 3.042388 0.216152
v 0.634887 3.042782 0.215153
v 0.621051 3.052507 0.228851
v 0.621538 3.053398 0.228631
v 0.612675 3.061220 0.245619
v 0.612602 3.062609 0.246178
v 0.612529 3.063997 0.246737
v 0.622541 3.083096 0.242474
v 0.622024 3.054289 0.228411
v 0.632316 3.073138 0.223758
v 0.635933 3.043175 0.214154
v 0.646505 3.061775 0.209112
v 0.648120 3.063970 0.208119
v 0.633651 3.075582 0.223155
v 0.648445 3.065059 0.208142
v 0.656997 3.081214 0.204447
v 0.634157 3.076509 0.222926
v 0.642891 3.092504 0.218978
v 0.624284 3.086555 0.241779
v 0.623596 3.085788 0.242260
v 0.633198 3.102387 0.237578
v 0.634154 3.103151 0.236805
v 0.635110 3.103915 0.236033
v 0.643484 3.093590 0.218710
v 0.644077 3.094676 0.218442
v 0.657228 3.082623 0.204683
v 0.657458 3.084032 0.204920
v 0.666335 3.101276 0.201247
v 0.653317 3.111598 0.214265
v 0.671495 3.112350 0.199477
v 0.671312 3.113641 0.200120
v 0.659073 3.122141 0.211662
v 0.659488 3.122900 0.211475
v 0.651066 3.130525 0.227917
v 0.644712 3.120514 0.231351
v 0.652078 3.130754 0.226898
v 0.653090 3.130982 0.225879
v 0.654190 3.132894 0.225346
v 0.659903 3.123660 0.211287
v 0.664423 3.131938 0.209244
v 0.671130 3.114933 0.200764
v 0.674331 3.121336 0.199505
v 0.674508 3.122202 0.199612
v 0.681059 3.134740 0.196837
v 0.664799 3.132627 0.209074
v 0.670429 3.142937 0.206529
v 0.654765 3.133405 0.224899
v 0.664213 3.149728 0.220289
v 0.669034 3.157718 0.217820
v 0.669356 3.158501 0.217741
v 0.676285 3.153480 0.203819
v 0.676600 3.154471 0.203819
v 0.687689 3.147946 0.194207
v 0.687736 3.149253 0.194608
v 0.688448 3.150557 0.194286
v 0.688049 3.152110 0.195255
v 0.677603 3.156074 0.203286
v 0.678043 3.156880 0.203087
v 0.670295 3.160413 0.217383
v 0.671574 3.160472 0.216016
v 0.672854 3.160532 0.214648
v 0.674713 3.162160 0.213194
v 0.678483 3.157687 0.202888
v 0.679497 3.159403 0.202381
v 0.687650 3.153663 0.196224
v 0.688159 3.155451 0.196290
v 0.688382 3.156876 0.196541
v 0.692929 3.165615 0.194627
v 0.680124 3.160859 0.202204
v 0.685657 3.170824 0.199645
v 0.676012 3.163542 0.212263
v 0.682798 3.174628 0.208731
v 0.596979 2.997563 0.246673
v 0.608432 3.011378 0.246071
v 0.609057 3.012524 0.245788
v 0.611748 3.007166 0.236347
v 0.613874 3.006977 0.233975
v 0.616000 3.006789 0.231604
v 0.625622 3.020329 0.225844
v 0.609683 3.013670 0.245505
v 0.617805 3.028545 0.241833
v 0.598952 3.021956 0.255337
v 0.605575 3.038166 0.253754
v 0.599827 3.019476 0.253532
v 0.609264 3.045429 0.252261
v 0.612953 3.052693 0.250769
v 0.621681 3.035642 0.240081
v 0.625557 3.042740 0.238329
v 0.629685 3.027261 0.223832
v 0.633747 3.034193 0.221821
v 0.637809 3.041125 0.219809
v 0.638855 3.041518 0.218810
v 0.629432 3.049838 0.236577
v 0.629919 3.050729 0.236357
v 0.616642 3.059957 0.249277
v 0.616569 3.061345 0.249836
v 0.616496 3.062734 0.250395
v 0.626509 3.081832 0.246131
v 0.630405 3.051620 0.236137
v 0.640697 3.070469 0.231484
v 0.639901 3.041911 0.217811
v 0.650473 3.060511 0.212769
v 0.652087 3.062706 0.211776
v 0.642032 3.072913 0.230881
v 0.652412 3.063795 0.211800
v 0.660964 3.079951 0.208104
v 0.642538 3.073840 0.230652
v 0.651272 3.089834 0.226704
v 0.628251 3.085291 0.245436
v 0.627563 3.084525 0.245917
v 0.637166 3.101124 0.241236
v 0.638121 3.101887 0.240463
v 0.639077 3.102651 0.239690
v 0.651865 3.090921 0.226436
v 0.652458 3.092007 0.226168
v 0.661195 3.081359 0.208341
v 0.661425 3.082768 0.208577
v 0.670303 3.100012 0.204905
v 0.661698 3.108928 0.221991
v 0.675462 3.111086 0.203134
v 0.675280 3.112378 0.203778
v 0.667455 3.119471 0.219388
v 0.667870 3.120231 0.219201
v 0.655033 3.129262 0.231574
v 0.648679 3.119250 0.235008
v 0.656046 3.129490 0.230555
v 0.657058 3.129719 0.229536
v 0.658157 3.131630 0.229003
v 0.668285 3.120991 0.219013
v 0.672804 3.129269 0.216970
v 0.675097 3.113669 0.204422
v 0.678298 3.120073 0.203162
v 0.678475 3.120938 0.203269
v 0.685026 3.133477 0.200495
v 0.673180 3.129957 0.216800
v 0.678810 3.140267 0.214255
v 0.658733 3.132142 0.228556
v 0.668181 3.148464 0.223946
v 0.673001 3.156454 0.221477
v 0.673323 3.157237 0.221398
v 0.684666 3.150811 0.211545
v 0.684981 3.151801 0.211545
v 0.691657 3.146683 0.197864
v 0.691703 3.147990 0.198265
v 0.692415 3.149293 0.197943
v 0.692016 3.150846 0.198912
v 0.685983 3.153405 0.211012
v 0.686424 3.154211 0.210813
v 0.674262 3.159149 0.221040
v 0.675542 3.159209 0.219673
v 0.676821 3.159268 0.218306
v 0.678681 3.160897 0.216851
v 0.686864 3.155018 0.210614
v 0.687878 3.156734 0.210107
v 0.691617 3.152400 0.199882
v 0.692126 3.154187 0.199947
v 0.692349 3.155612 0.200198
v 0.696896 3.164351 0.198284
v 0.688505 3.158190 0.209930
v 0.694038 3.168155 0.207371
v 0.679979 3.162279 0.215920
v 0.686765 3.173365 0.212389
v 0.181221 2.051466 -0.334528
v 0.181221 2.043170 -0.334528
v 0.149100 2.051466 -0.326158
v 0.178675 2.051466 -0.350636
v 0.214357 2.051466 -0.336470
v 0.214357 2.043170 -0.336470
v 0.215004 2.051466 -0.352766
v 0.247237 2.051466 -0.331911
v 0.247237 2.043170 -0.331911
v 0.278594 2.051466 -0.321024
v 0.251049 2.051466 -0.347767
v 0.285427 2.051466 -0.335832
v 0.251049 2.010771 -0.347767
v 0.285427 2.010771 -0.335832
v 0.215004 2.010771 -0.352766
v 0.247237 2.010771 -0.331911
v 0.214357 2.010771 -0.336470
v 0.247237 2.019067 -0.331911
v 0.278594 2.010771 -0.321024
v 0.278594 2.019067 -0.321024
v 0.307226 2.010771 -0.304230
v 0.332030 2.010771 -0.282172
v 0.316816 2.010771 -0.317420
v 0.307226 2.019067 -0.304230
v 0.332030 2.019067 -0.282172
v 0.352055 2.019067 -0.255699
v 0.366531 2.019067 -0.225828
v 0.352055 2.010771 -0.255699
v 0.366531 2.010771 -0.225828
v 0.365963 2.010771 -0.264215
v 0.381833 2.010771 -0.231467
v 0.365963 2.051466 -0.264215
v 0.344010 2.010771 -0.293238
v 0.344010 2.051466 -0.293238
v 0.316816 2.051466 -0.317420
v 0.332030 2.051466 -0.282172
v 0.307226 2.051466 -0.304230
v 0.332030 2.043170 -0.282172
v 0.352055 2.051466 -0.255699
v 0.352055 2.043170 -0.255699
v 0.366531 2.051466 -0.225828
v 0.366531 2.043170 -0.225828
v 0.381833 2.051466 -0.231467
v 0.374901 2.051466 -0.193707
v 0.374901 2.043170 -0.193707
v 0.391009 2.051466 -0.196252
v 0.376843 2.051466 -0.160570
v 0.376843 2.043170 -0.160570
v 0.393138 2.051466 -0.159924
v 0.372283 2.051466 -0.127691
v 0.372283 2.043170 -0.127691
v 0.361397 2.051466 -0.096333
v 0.388140 2.051466 -0.123878
v 0.376205 2.051466 -0.089500
v 0.388140 2.010771 -0.123878
v 0.372283 2.010771 -0.127691
v 0.376205 2.010771 -0.089500
v 0.393138 2.010771 -0.159924
v 0.376843 2.010771 -0.160570
v 0.391009 2.010771 -0.196252
v 0.374901 2.010771 -0.193707
v 0.374901 2.019067 -0.193707
v 0.376843 2.019067 -0.160570
v 0.372283 2.019067 -0.127691
v 0.361397 2.019067 -0.096333
v 0.344602 2.019067 -0.067702
v 0.361397 2.010771 -0.096333
v 0.344602 2.010771 -0.067702
v 0.322545 2.010771 -0.042897
v 0.357793 2.010771 -0.058112
v 0.333610 2.010771 -0.030918
v 0.357793 2.051466 -0.058112
v 0.333610 2.051466 -0.030918
v 0.344602 2.051466 -0.067702
v 0.344602 2.043170 -0.067702
v 0.322545 2.051466 -0.042897
v 0.322545 2.043170 -0.042897
v 0.296072 2.051466 -0.022872
v 0.296072 2.043170 -0.022872
v 0.266201 2.051466 -0.008397
v 0.304588 2.051466 -0.008964
v 0.271840 2.051466 0.006905
v 0.304588 2.010771 -0.008964
v 0.296072 2.010771 -0.022872
v 0.271840 2.010771 0.006905
v 0.266201 2.010771 -0.008397
v 0.236625 2.010771 0.016081
v 0.200296 2.010771 0.018211
v 0.236625 2.051466 0.016081
v 0.234079 2.010771 -0.000027
v 0.200943 2.010771 0.001915
v 0.234079 2.019067 -0.000027
v 0.266201 2.019067 -0.008397
v 0.200943 2.019067 0.001915
v 0.168064 2.019067 -0.002644
v 0.136706 2.019067 -0.013530
v 0.168064 2.010771 -0.002644
v 0.136706 2.010771 -0.013531
v 0.164251 2.010771 0.013212
v 0.129873 2.010771 0.001277
v 0.164251 2.051466 0.013212
v 0.129873 2.051466 0.001277
v 0.200296 2.051466 0.018211
v 0.168064 2.051466 -0.002644
v 0.168064 2.043170 -0.002644
v 0.200943 2.051466 0.001915
v 0.136706 2.051466 -0.013530
v 0.136706 2.043170 -0.013530
v 0.108075 2.051466 -0.030325
v 0.108075 2.043170 -0.030325
v 0.098484 2.051466 -0.017135
v 0.083270 2.051466 -0.052383
v 0.083270 2.043170 -0.052383
v 0.071290 2.051466 -0.041317
v 0.063245 2.051466 -0.078856
v 0.063245 2.043170 -0.078856
v 0.048770 2.051466 -0.108727
v 0.049337 2.051466 -0.070340
v 0.033467 2.051466 -0.103088
v 0.049337 2.010771 -0.070340
v 0.063245 2.010771 -0.078856
v 0.033467 2.010771 -0.103088
v 0.071290 2.010771 -0.041317
v 0.083270 2.010771 -0.052383
v 0.098484 2.010771 -0.017135
v 0.108075 2.010771 -0.030325
v 0.108075 2.019067 -0.030325
v 0.083270 2.019067 -0.052383
v 0.063245 2.019067 -0.078856
v 0.048770 2.019067 -0.108727
v 0.040400 2.019067 -0.140848
v 0.048770 2.010771 -0.108727
v 0.040400 2.010771 -0.140848
v 0.038457 2.010771 -0.173985
v 0.024291 2.010771 -0.138302
v 0.022162 2.010771 -0.174631
v 0.024291 2.051466 -0.138302
v 0.022162 2.051466 -0.174631
v 0.040400 2.051466 -0.140848
v 0.040400 2.043170 -0.140848
v 0.038457 2.051466 -0.173985
v 0.038457 2.043170 -0.173985
v 0.043017 2.051466 -0.206864
v 0.043017 2.043170 -0.206864
v 0.053903 2.051466 -0.238222
v 0.027161 2.051466 -0.210676
v 0.039096 2.051466 -0.245054
v 0.027161 2.010771 -0.210677
v 0.043017 2.010771 -0.206864
v 0.039096 2.010771 -0.245054
v 0.053903 2.010771 -0.238222
v 0.057508 2.010771 -0.276444
v 0.081690 2.010771 -0.303637
v 0.057508 2.051466 -0.276443
v 0.070698 2.010771 -0.266853
v 0.092755 2.010771 -0.291658
v 0.070698 2.019067 -0.266853
v 0.053903 2.019067 -0.238222
v 0.092755 2.019067 -0.291658
v 0.119229 2.019067 -0.311682
v 0.149100 2.019067 -0.326158
v 0.119229 2.010771 -0.311682
v 0.149100 2.010771 -0.326158
v 0.110713 2.010771 -0.325591
v 0.143461 2.010771 -0.341460
v 0.110713 2.051466 -0.325591
v 0.143461 2.051466 -0.341460
v 0.081690 2.051466 -0.303637
v 0.119229 2.051466 -0.311682
v 0.119229 2.043170 -0.311682
v 0.092755 2.051466 -0.291658
v 0.092755 2.043170 -0.291658
v 0.070698 2.051466 -0.266853
v 0.070698 2.043170 -0.266853
v 0.053903 2.043170 -0.238222
v 0.149100 2.043170 -0.326158
v 0.178675 2.010771 -0.350636
v 0.181221 2.010771 -0.334528
v 0.181221 2.019067 -0.334528
v 0.214357 2.019067 -0.336470
v 0.043017 2.019067 -0.206864
v 0.038457 2.019067 -0.173985
v 0.048770 2.043170 -0.108727
v 0.200943 2.043170 0.001915
v 0.234079 2.051466 -0.000027
v 0.234079 2.043170 -0.000027
v 0.266201 2.043170 -0.008397
v 0.296072 2.019067 -0.022872
v 0.322545 2.019067 -0.042897
v 0.361397 2.043170 -0.096333
v 0.307226 2.043170 -0.304230
v 0.278594 2.043170 -0.321024
v -0.077444 2.051466 -0.239937
v -0.077444 2.043170 -0.239937
v -0.095038 2.051466 -0.268085
v -0.062834 2.051466 -0.247184
v -0.065680 2.051466 -0.208898
v -0.065680 2.043170 -0.208898
v -0.049937 2.051466 -0.213156
v -0.060197 2.051466 -0.176161
v -0.060197 2.043170 -0.176161
v -0.061207 2.051466 -0.142983
v -0.043927 2.051466 -0.177265
v -0.045034 2.051466 -0.140891
v -0.043927 2.010771 -0.177265
v -0.045034 2.010771 -0.140891
v -0.049937 2.010771 -0.213156
v -0.060197 2.010771 -0.176161
v -0.065680 2.010771 -0.208898
v -0.060197 2.019067 -0.176161
v -0.061207 2.010771 -0.142983
v -0.061207 2.019067 -0.142983
v -0.068670 2.010771 -0.110639
v -0.082299 2.010771 -0.080372
v -0.053215 2.010771 -0.105432
v -0.068670 2.019067 -0.110639
v -0.082299 2.019067 -0.080372
v -0.101571 2.019067 -0.053346
v -0.125746 2.019067 -0.030600
v -0.101571 2.010771 -0.053346
v -0.125746 2.010771 -0.030600
v -0.089286 2.010771 -0.042622
v -0.115788 2.010771 -0.017684
v -0.089286 2.051466 -0.042622
v -0.068157 2.010771 -0.072251
v -0.068157 2.051466 -0.072251
v -0.053215 2.051466 -0.105432
v -0.082299 2.051466 -0.080372
v -0.068670 2.051466 -0.110638
v -0.082299 2.043170 -0.080372
v -0.101571 2.051466 -0.053346
v -0.101571 2.043170 -0.053346
v -0.125746 2.051466 -0.030599
v -0.125746 2.043170 -0.030600
v -0.115788 2.051466 -0.017684
v -0.153893 2.051466 -0.013006
v -0.153893 2.043170 -0.013006
v -0.146647 2.051466 0.001604
v -0.184932 2.051466 -0.001242
v -0.184932 2.043170 -0.001242
v -0.180675 2.051466 0.014501
v -0.217670 2.051466 0.004241
v -0.217670 2.043170 0.004241
v -0.250849 2.051466 0.003231
v -0.216566 2.051466 0.020512
v -0.252940 2.051466 0.019405
v -0.216566 2.010771 0.020512
v -0.217670 2.010771 0.004241
v -0.252940 2.010771 0.019405
v -0.180675 2.010771 0.014501
v -0.184932 2.010771 -0.001242
v -0.146647 2.010771 0.001604
v -0.153893 2.010771 -0.013006
v -0.153893 2.019067 -0.013006
v -0.184932 2.019067 -0.001242
v -0.217670 2.019067 0.004241
v -0.250849 2.019067 0.003231
v -0.283192 2.019067 -0.004231
v -0.250849 2.010771 0.003231
v -0.283192 2.010771 -0.004231
v -0.313459 2.010771 -0.017861
v -0.288399 2.010771 0.011223
v -0.321580 2.010771 -0.003719
v -0.288399 2.051466 0.011223
v -0.321580 2.051466 -0.003719
v -0.283192 2.051466 -0.004231
v -0.283192 2.043170 -0.004231
v -0.313459 2.051466 -0.017861
v -0.313459 2.043170 -0.017861
v -0.340485 2.051466 -0.037133
v -0.340485 2.043170 -0.037133
v -0.363231 2.051466 -0.061308
v -0.351209 2.051466 -0.024847
v -0.376147 2.051466 -0.051350
v -0.351209 2.010771 -0.024847
v -0.340485 2.010771 -0.037133
v -0.376147 2.010771 -0.051350
v -0.363231 2.010771 -0.061308
v -0.395434 2.010771 -0.082208
v -0.408332 2.010771 -0.116237
v -0.395434 2.051466 -0.082208
v -0.380825 2.010771 -0.089455
v -0.392589 2.010771 -0.120494
v -0.380825 2.019067 -0.089455
v -0.363231 2.019067 -0.061308
v -0.392589 2.019067 -0.120494
v -0.398072 2.019067 -0.153232
v -0.397062 2.019067 -0.186410
v -0.398072 2.010771 -0.153232
v -0.397062 2.010771 -0.186410
v -0.414343 2.010771 -0.152128
v -0.413236 2.010771 -0.188501
v -0.414343 2.051466 -0.152128
v -0.413236 2.051466 -0.188502
v -0.408332 2.051466 -0.116237
v -0.398072 2.051466 -0.153232
v -0.398072 2.043170 -0.153232
v -0.392589 2.051466 -0.120494
v -0.397062 2.051466 -0.186410
v -0.397062 2.043170 -0.186410
v -0.389599 2.051466 -0.218754
v -0.389599 2.043170 -0.218754
v -0.405054 2.051466 -0.223960
v -0.375970 2.051466 -0.249020
v -0.375970 2.043170 -0.249020
v -0.390112 2.051466 -0.257142
v -0.356698 2.051466 -0.276047
v -0.356698 2.043170 -0.276047
v -0.332523 2.051466 -0.298793
v -0.368984 2.051466 -0.286771
v -0.342481 2.051466 -0.311708
v -0.368984 2.010771 -0.286771
v -0.356697 2.010771 -0.276046
v -0.342481 2.010771 -0.311708
v -0.390112 2.010771 -0.257142
v -0.375970 2.010771 -0.249020
v -0.405054 2.010771 -0.223960
v -0.389599 2.010771 -0.218754
v -0.389599 2.019067 -0.218754
v -0.375970 2.019067 -0.249020
v -0.356697 2.019067 -0.276046
v -0.332523 2.019067 -0.298793
v -0.304376 2.019067 -0.316386
v -0.332523 2.010771 -0.298793
v -0.304376 2.010771 -0.316386
v -0.273337 2.010771 -0.328151
v -0.311623 2.010771 -0.330996
v -0.277594 2.010771 -0.343893
v -0.311623 2.051466 -0.330996
v -0.277594 2.051466 -0.343893
v -0.304376 2.051466 -0.316386
v -0.304376 2.043170 -0.316386
v -0.273337 2.051466 -0.328151
v -0.273337 2.043170 -0.328151
v -0.240599 2.051466 -0.333633
v -0.240599 2.043170 -0.333633
v -0.207421 2.051466 -0.332624
v -0.241703 2.051466 -0.349904
v -0.205329 2.051466 -0.348797
v -0.241703 2.010771 -0.349904
v -0.240599 2.010771 -0.333633
v -0.205329 2.010771 -0.348797
v -0.207421 2.010771 -0.332624
v -0.169870 2.010771 -0.340616
v -0.136689 2.010771 -0.325674
v -0.169870 2.051466 -0.340616
v -0.175077 2.010771 -0.325161
v -0.144810 2.010771 -0.311532
v -0.175077 2.019067 -0.325161
v -0.207421 2.019067 -0.332624
v -0.144810 2.019067 -0.311532
v -0.117784 2.019067 -0.292259
v -0.095038 2.019067 -0.268085
v -0.117784 2.010771 -0.292259
v -0.095038 2.010771 -0.268085
v -0.107060 2.010771 -0.304545
v -0.082122 2.010771 -0.278043
v -0.107060 2.051466 -0.304545
v -0.082122 2.051466 -0.278043
v -0.136689 2.051466 -0.325674
v -0.117784 2.051466 -0.292259
v -0.117784 2.043170 -0.292259
v -0.144810 2.051466 -0.311532
v -0.144810 2.043170 -0.311532
v -0.175077 2.051466 -0.325161
v -0.175077 2.043170 -0.325161
v -0.207421 2.043170 -0.332624
v -0.095038 2.043170 -0.268085
v -0.062834 2.010771 -0.247184
v -0.077444 2.010771 -0.239937
v -0.077444 2.019067 -0.239937
v -0.065680 2.019067 -0.208898
v -0.240599 2.019067 -0.333633
v -0.273337 2.019067 -0.328151
v -0.332523 2.043170 -0.298793
v -0.392589 2.043170 -0.120494
v -0.380825 2.051466 -0.089455
v -0.380825 2.043170 -0.089455
v -0.363231 2.043170 -0.061308
v -0.340485 2.019067 -0.037133
v -0.313459 2.019067 -0.017861
v -0.250849 2.043170 0.003231
v -0.068670 2.043170 -0.110638
v -0.061207 2.043170 -0.142983
v 0.131464 2.010681 0.325187
v 0.131464 2.002386 0.325187
v 0.138699 2.010681 0.292791
v 0.146955 2.010681 0.330284
v 0.118048 2.010681 0.355548
v 0.118048 2.002386 0.355548
v 0.132248 2.010681 0.363570
v 0.098967 2.010681 0.382710
v 0.098967 2.002386 0.382710
v 0.074954 2.010681 0.405626
v 0.111329 2.010681 0.393347
v 0.085002 2.010681 0.418471
v 0.111329 1.969986 0.393347
v 0.085002 1.969986 0.418471
v 0.132248 1.969986 0.363570
v 0.098967 1.969986 0.382710
v 0.118048 1.969986 0.355548
v 0.098967 1.978282 0.382710
v 0.074954 1.969986 0.405626
v 0.074954 1.978282 0.405626
v 0.046931 1.969986 0.423418
v 0.015976 1.969986 0.435401
v 0.054281 1.969986 0.437976
v 0.046931 1.978282 0.423418
v 0.015976 1.978282 0.435401
v -0.016722 1.978282 0.441114
v -0.049907 1.978282 0.440339
v -0.016722 1.969986 0.441114
v -0.049907 1.969986 0.440339
v -0.015503 1.969986 0.457377
v -0.051884 1.969986 0.456527
v -0.015503 2.010681 0.457377
v 0.020344 1.969986 0.451113
v 0.020344 2.010681 0.451113
v 0.054281 2.010681 0.437976
v 0.015976 2.010681 0.435401
v 0.046931 2.010681 0.423418
v 0.015976 2.002386 0.435401
v -0.016722 2.010681 0.441114
v -0.016722 2.002386 0.441114
v -0.049907 2.010681 0.440339
v -0.049907 2.002386 0.440339
v -0.051884 2.010681 0.456527
v -0.082303 2.010681 0.433104
v -0.082303 2.002386 0.433104
v -0.087400 2.010681 0.448595
v -0.112664 2.010681 0.419688
v -0.112664 2.002386 0.419688
v -0.120686 2.010681 0.433888
v -0.139825 2.010681 0.400608
v -0.139825 2.002386 0.400608
v -0.162742 2.010681 0.376594
v -0.150463 2.010681 0.412969
v -0.175587 2.010681 0.386642
v -0.150463 1.969986 0.412969
v -0.139825 1.969986 0.400608
v -0.175587 1.969986 0.386642
v -0.120686 1.969986 0.433888
v -0.112664 1.969986 0.419689
v -0.087400 1.969986 0.448595
v -0.082303 1.969986 0.433104
v -0.082303 1.978282 0.433104
v -0.112664 1.978282 0.419688
v -0.139825 1.978282 0.400608
v -0.162742 1.978282 0.376594
v -0.180534 1.978282 0.348571
v -0.162742 1.969986 0.376594
v -0.180534 1.969986 0.348571
v -0.192517 1.969986 0.317616
v -0.195092 1.969986 0.355921
v -0.208229 1.969986 0.321984
v -0.195092 2.010681 0.355921
v -0.208229 2.010681 0.321984
v -0.180534 2.010681 0.348571
v -0.180534 2.002386 0.348571
v -0.192517 2.010681 0.317616
v -0.192517 2.002386 0.317616
v -0.198230 2.010681 0.284918
v -0.198230 2.002386 0.284918
v -0.197455 2.010681 0.251733
v -0.214493 2.010681 0.286137
v -0.213642 2.010681 0.249756
v -0.214493 1.969986 0.286137
v -0.198230 1.969986 0.284918
v -0.213642 1.969986 0.249756
v -0.197455 1.969986 0.251733
v -0.205711 1.969986 0.214240
v -0.191003 1.969986 0.180954
v -0.205711 2.010681 0.214240
v -0.190220 1.969986 0.219337
v -0.176805 1.969986 0.188976
v -0.190220 1.978282 0.219337
v -0.197455 1.978282 0.251733
v -0.176805 1.978282 0.188976
v -0.157723 1.978282 0.161815
v -0.133710 1.978282 0.138898
v -0.157723 1.969986 0.161815
v -0.133710 1.969986 0.138898
v -0.170085 1.969986 0.151177
v -0.143759 1.969986 0.126053
v -0.170085 2.010681 0.151177
v -0.143759 2.010681 0.126053
v -0.191003 2.010681 0.180954
v -0.157723 2.010681 0.161815
v -0.157723 2.002386 0.161815
v -0.176805 2.010681 0.188976
v -0.133710 2.010681 0.138898
v -0.133710 2.002386 0.138898
v -0.105687 2.010681 0.121106
v -0.105687 2.002386 0.121106
v -0.113037 2.010681 0.106548
v -0.074732 2.010681 0.109124
v -0.074732 2.002386 0.109124
v -0.079100 2.010681 0.093411
v -0.042034 2.010681 0.103410
v -0.042034 2.002386 0.103410
v -0.008849 2.010681 0.104185
v -0.043253 2.010681 0.087148
v -0.006872 2.010681 0.087998
v -0.043253 1.969986 0.087148
v -0.042034 1.969986 0.103410
v -0.006872 1.969986 0.087998
v -0.079100 1.969986 0.093411
v -0.074732 1.969986 0.109124
v -0.113037 1.969986 0.106548
v -0.105687 1.969986 0.121106
v -0.105687 1.978282 0.121106
v -0.074732 1.978282 0.109124
v -0.042034 1.978282 0.103410
v -0.008849 1.978282 0.104185
v 0.023546 1.978282 0.111420
v -0.008849 1.969986 0.104185
v 0.023546 1.969986 0.111420
v 0.053908 1.969986 0.124835
v 0.028644 1.969986 0.095929
v 0.061930 1.969986 0.110637
v 0.028644 2.010681 0.095929
v 0.061930 2.010681 0.110637
v 0.023546 2.010681 0.111420
v 0.023546 2.002386 0.111420
v 0.053908 2.010681 0.124835
v 0.053908 2.002386 0.124836
v 0.081070 2.010681 0.143917
v 0.081070 2.002386 0.143917
v 0.103986 2.010681 0.167930
v 0.091707 2.010681 0.131556
v 0.116831 2.010681 0.157882
v 0.091707 1.969986 0.131556
v 0.081070 1.969986 0.143917
v 0.116831 1.969986 0.157882
v 0.103986 1.969986 0.167930
v 0.136336 1.969986 0.188604
v 0.149473 1.969986 0.222540
v 0.136336 2.010681 0.188603
v 0.121778 1.969986 0.195953
v 0.133761 1.969986 0.226908
v 0.121778 1.978282 0.195953
v 0.103986 1.978282 0.167930
v 0.133761 1.978282 0.226908
v 0.139474 1.978282 0.259606
v 0.138699 1.978282 0.292791
v 0.139474 1.969986 0.259606
v 0.138699 1.969986 0.292791
v 0.155737 1.969986 0.258388
v 0.154887 1.969986 0.294768
v 0.155737 2.010681 0.258388
v 0.154887 2.010681 0.294768
v 0.149473 2.010681 0.222540
v 0.139474 2.010681 0.259606
v 0.139474 2.002386 0.259606
v 0.133761 2.010681 0.226908
v 0.133761 2.002386 0.226908
v 0.121778 2.010681 0.195953
v 0.121778 2.002386 0.195953
v 0.103986 2.002386 0.167930
v 0.138699 2.002386 0.292791
v 0.146955 1.969986 0.330284
v 0.131464 1.969986 0.325187
v 0.131464 1.978282 0.325187
v 0.118048 1.978282 0.355548
v 0.081070 1.978282 0.143917
v 0.053908 1.978282 0.124835
v -0.008849 2.002386 0.104185
v -0.176805 2.002386 0.188976
v -0.190220 2.010681 0.219337
v -0.190220 2.002386 0.219337
v -0.197455 2.002386 0.251733
v -0.198230 1.978282 0.284918
v -0.192517 1.978282 0.317616
v -0.162742 2.002386 0.376594
v 0.046931 2.002386 0.423418
v 0.074954 2.002386 0.405626
v 0.196838 1.965341 0.256075
v 0.196838 1.957045 0.256075
v 0.204072 1.965341 0.223679
v 0.212329 1.965341 0.261172
v 0.183422 1.965341 0.286437
v 0.183422 1.957045 0.286437
v 0.197621 1.965341 0.294458
v 0.164341 1.965341 0.313598
v 0.164341 1.957045 0.313598
v 0.140328 1.965341 0.336514
v 0.176702 1.965341 0.324235
v 0.150376 1.965341 0.349359
v 0.176702 1.924646 0.324235
v 0.150376 1.924646 0.349359
v 0.197621 1.924646 0.294458
v 0.164341 1.924646 0.313598
v 0.183422 1.924646 0.286437
v 0.164341 1.932942 0.313598
v 0.140328 1.924646 0.336514
v 0.140328 1.932942 0.336514
v 0.112305 1.924646 0.354306
v 0.081350 1.924646 0.366289
v 0.119654 1.924646 0.368864
v 0.112305 1.932942 0.354306
v 0.081350 1.932942 0.366289
v 0.048652 1.932942 0.372003
v 0.015467 1.932942 0.371227
v 0.048652 1.924646 0.372003
v 0.015467 1.924646 0.371227
v 0.049870 1.924646 0.388265
v 0.013490 1.924646 0.387415
v 0.049870 1.965341 0.388265
v 0.085718 1.924646 0.382001
v 0.085718 1.965341 0.382001
v 0.119654 1.965341 0.368864
v 0.081350 1.965341 0.366289
v 0.112305 1.965341 0.354306
v 0.081350 1.957045 0.366289
v 0.048652 1.965341 0.372003
v 0.048652 1.957045 0.372003
v 0.015467 1.965341 0.371227
v 0.015467 1.957045 0.371227
v 0.013490 1.965341 0.387415
v -0.016929 1.965341 0.363993
v -0.016929 1.957045 0.363993
v -0.022026 1.965341 0.379484
v -0.047290 1.965341 0.350577
v -0.047290 1.957045 0.350577
v -0.055312 1.965341 0.364776
v -0.074452 1.965341 0.331496
v -0.074452 1.957045 0.331496
v -0.097369 1.965341 0.307482
v -0.085089 1.965341 0.343857
v -0.110213 1.965341 0.317531
v -0.085089 1.924646 0.343857
v -0.074452 1.924646 0.331496
v -0.110213 1.924646 0.317531
v -0.055312 1.924646 0.364776
v -0.047290 1.924646 0.350577
v -0.022026 1.924646 0.379484
v -0.016929 1.924646 0.363993
v -0.016929 1.932942 0.363993
v -0.047290 1.932942 0.350577
v -0.074452 1.932942 0.331496
v -0.097369 1.932942 0.307482
v -0.115160 1.932942 0.279460
v -0.097369 1.924646 0.307482
v -0.115160 1.924646 0.279460
v -0.127143 1.924646 0.248504
v -0.129718 1.924646 0.286809
v -0.142855 1.924646 0.252872
v -0.129718 1.965341 0.286809
v -0.142855 1.965341 0.252872
v -0.115160 1.965341 0.279460
v -0.115160 1.957045 0.279460
v -0.127143 1.965341 0.248504
v -0.127143 1.957045 0.248504
v -0.132856 1.965341 0.215806
v -0.132856 1.957045 0.215806
v -0.132081 1.965341 0.182622
v -0.149119 1.965341 0.217025
v -0.148269 1.965341 0.180644
v -0.149119 1.924646 0.217025
v -0.132856 1.924646 0.215806
v -0.148269 1.924646 0.180644
v -0.132081 1.924646 0.182622
v -0.140337 1.924646 0.145129
v -0.125630 1.924646 0.111842
v -0.140337 1.965341 0.145129
v -0.124846 1.924646 0.150226
v -0.111431 1.924646 0.119864
v -0.124846 1.932942 0.150226
v -0.132081 1.932942 0.182622
v -0.111431 1.932942 0.119864
v -0.092350 1.932942 0.092703
v -0.068336 1.932942 0.069786
v -0.092350 1.924646 0.092703
v -0.068336 1.924646 0.069786
v -0.104711 1.924646 0.082065
v -0.078385 1.924646 0.056942
v -0.104711 1.965341 0.082065
v -0.078385 1.965341 0.056941
v -0.125630 1.965341 0.111842
v -0.092350 1.965341 0.092703
v -0.092350 1.957045 0.092703
v -0.111431 1.965341 0.119864
v -0.068336 1.965341 0.069786
v -0.068336 1.957045 0.069786
v -0.040313 1.965341 0.051995
v -0.040313 1.957045 0.051995
v -0.047663 1.965341 0.037436
v -0.009358 1.965341 0.040012
v -0.009358 1.957045 0.040012
v -0.013726 1.965341 0.024299
v 0.023340 1.965341 0.034298
v 0.023340 1.957045 0.034298
v 0.056525 1.965341 0.035074
v 0.022121 1.965341 0.018036
v 0.058502 1.965341 0.018886
v 0.022121 1.924646 0.018036
v 0.023340 1.924646 0.034299
v 0.058502 1.924646 0.018886
v -0.013726 1.924646 0.024299
v -0.009358 1.924646 0.040012
v -0.047663 1.924646 0.037436
v -0.040313 1.924646 0.051995
v -0.040313 1.932942 0.051995
v -0.009358 1.932942 0.040012
v 0.023340 1.932942 0.034299
v 0.056525 1.932942 0.035074
v 0.088920 1.932942 0.042309
v 0.056525 1.924646 0.035074
v 0.088920 1.924646 0.042309
v 0.119282 1.924646 0.055724
v 0.094018 1.924646 0.026817
v 0.127304 1.924646 0.041525
v 0.094018 1.965341 0.026817
v 0.127304 1.965341 0.041525
v 0.088920 1.965341 0.042309
v 0.088920 1.957045 0.042309
v 0.119282 1.965341 0.055724
v 0.119282 1.957045 0.055724
v 0.146443 1.965341 0.074805
v 0.146443 1.957045 0.074805
v 0.169360 1.965341 0.098818
v 0.157081 1.965341 0.062444
v 0.182205 1.965341 0.088770
v 0.157081 1.924646 0.062444
v 0.146443 1.924646 0.074805
v 0.182205 1.924646 0.088770
v 0.169360 1.924646 0.098818
v 0.201710 1.924646 0.119492
v 0.214847 1.924646 0.153428
v 0.201710 1.965341 0.119492
v 0.187152 1.924646 0.126841
v 0.199134 1.924646 0.157796
v 0.187151 1.932942 0.126841
v 0.169360 1.932942 0.098818
v 0.199134 1.932942 0.157796
v 0.204848 1.932942 0.190495
v 0.204072 1.932942 0.223679
v 0.204848 1.924646 0.190495
v 0.204072 1.924646 0.223679
v 0.221110 1.924646 0.189276
v 0.220260 1.924646 0.225657
v 0.221110 1.965341 0.189276
v 0.220260 1.965341 0.225657
v 0.214846 1.965341 0.153428
v 0.204848 1.965341 0.190495
v 0.204848 1.957045 0.190495
v 0.199134 1.965341 0.157796
v 0.199134 1.957045 0.157796
v 0.187151 1.965341 0.126841
v 0.187151 1.957045 0.126841
v 0.169360 1.957045 0.098818
v 0.204072 1.957045 0.223679
v 0.212329 1.924646 0.261172
v 0.196838 1.924646 0.256075
v 0.196838 1.932942 0.256075
v 0.183422 1.932942 0.286437
v 0.146443 1.932942 0.074805
v 0.119282 1.932942 0.055724
v 0.056525 1.957045 0.035074
v -0.111431 1.957045 0.119864
v -0.124846 1.965341 0.150226
v -0.124846 1.957045 0.150226
v -0.132081 1.957045 0.182622
v -0.132856 1.932942 0.215806
v -0.127143 1.932942 0.248504
v -0.097369 1.957045 0.307482
v 0.112305 1.957045 0.354306
v 0.140328 1.957045 0.336514
v 0.222900 2.010681 -0.322913
v 0.222900 2.002386 -0.322913
v 0.190778 2.010681 -0.314543
v 0.220354 2.010681 -0.339021
v 0.256036 2.010681 -0.324856
v 0.256036 2.002386 -0.324856
v 0.256683 2.010681 -0.341151
v 0.288916 2.010681 -0.320296
v 0.288916 2.002386 -0.320296
v 0.320273 2.010681 -0.309410
v 0.292728 2.010681 -0.336152
v 0.327106 2.010681 -0.324217
v 0.292728 1.969986 -0.336152
v 0.327106 1.969986 -0.324217
v 0.256683 1.969986 -0.341151
v 0.288916 1.969986 -0.320296
v 0.256036 1.969986 -0.324856
v 0.288916 1.978282 -0.320296
v 0.320273 1.969986 -0.309410
v 0.320273 1.978282 -0.309410
v 0.348905 1.969986 -0.292615
v 0.373709 1.969986 -0.270557
v 0.358495 1.969986 -0.305805
v 0.348905 1.978282 -0.292615
v 0.373709 1.978282 -0.270557
v 0.393734 1.978282 -0.244084
v 0.408210 1.978282 -0.214213
v 0.393734 1.969986 -0.244084
v 0.408210 1.969986 -0.214213
v 0.407642 1.969986 -0.252600
v 0.423512 1.969986 -0.219852
v 0.407642 2.010681 -0.252600
v 0.385689 1.969986 -0.281623
v 0.385689 2.010681 -0.281623
v 0.358495 2.010681 -0.305805
v 0.373709 2.010681 -0.270557
v 0.348905 2.010681 -0.292615
v 0.373709 2.002386 -0.270558
v 0.393734 2.010681 -0.244084
v 0.393734 2.002386 -0.244084
v 0.408210 2.010681 -0.214213
v 0.408210 2.002386 -0.214213
v 0.423512 2.010681 -0.219852
v 0.416580 2.010681 -0.182092
v 0.416580 2.002386 -0.182092
v 0.432688 2.010681 -0.184638
v 0.418522 2.010681 -0.148955
v 0.418522 2.002386 -0.148955
v 0.434817 2.010681 -0.148309
v 0.413962 2.010681 -0.116077
v 0.413962 2.002386 -0.116077
v 0.403076 2.010681 -0.084719
v 0.429819 2.010681 -0.112264
v 0.417884 2.010681 -0.077886
v 0.429819 1.969986 -0.112264
v 0.413962 1.969986 -0.116077
v 0.417884 1.969986 -0.077886
v 0.434817 1.969986 -0.148309
v 0.418522 1.969986 -0.148956
v 0.432688 1.969986 -0.184638
v 0.416580 1.969986 -0.182092
v 0.416580 1.978282 -0.182092
v 0.418522 1.978282 -0.148955
v 0.413962 1.978282 -0.116077
v 0.403076 1.978282 -0.084719
v 0.386281 1.978282 -0.056087
v 0.403076 1.969986 -0.084719
v 0.386281 1.969986 -0.056087
v 0.364224 1.969986 -0.031282
v 0.399472 1.969986 -0.046497
v 0.375289 1.969986 -0.019303
v 0.399472 2.010681 -0.046497
v 0.375289 2.010681 -0.019303
v 0.386281 2.010681 -0.056087
v 0.386281 2.002386 -0.056087
v 0.364224 2.010681 -0.031282
v 0.364224 2.002386 -0.031282
v 0.337750 2.010681 -0.011258
v 0.337750 2.002386 -0.011258
v 0.307879 2.010681 0.003218
v 0.346267 2.010681 0.002650
v 0.313518 2.010681 0.018520
v 0.346267 1.969986 0.002650
v 0.337750 1.969986 -0.011258
v 0.313518 1.969986 0.018520
v 0.307879 1.969986 0.003218
v 0.278304 1.969986 0.027696
v 0.241975 1.969986 0.029825
v 0.278304 2.010681 0.027696
v 0.275758 1.969986 0.011588
v 0.242622 1.969986 0.013530
v 0.275758 1.978282 0.011588
v 0.307879 1.978282 0.003218
v 0.242622 1.978282 0.013530
v 0.209743 1.978282 0.008971
v 0.178385 1.978282 -0.001916
v 0.209743 1.969986 0.008971
v 0.178385 1.969986 -0.001916
v 0.205930 1.969986 0.024827
v 0.171552 1.969986 0.012892
v 0.205930 2.010681 0.024827
v 0.171552 2.010681 0.012892
v 0.241975 2.010681 0.029825
v 0.209743 2.010681 0.008971
v 0.209743 2.002386 0.008971
v 0.242622 2.010681 0.013530
v 0.178385 2.010681 -0.001916
v 0.178385 2.002386 -0.001916
v 0.149754 2.010681 -0.018711
v 0.149754 2.002386 -0.018711
v 0.140163 2.010681 -0.005520
v 0.124949 2.010681 -0.040768
v 0.124949 2.002386 -0.040768
v 0.112969 2.010681 -0.029703
v 0.104924 2.010681 -0.067241
v 0.104924 2.002386 -0.067241
v 0.090448 2.010681 -0.097112
v 0.091016 2.010681 -0.058725
v 0.075146 2.010681 -0.091473
v 0.091016 1.969986 -0.058725
v 0.104924 1.969986 -0.067242
v 0.075146 1.969986 -0.091473
v 0.112969 1.969986 -0.029703
v 0.124949 1.969986 -0.040768
v 0.140163 1.969986 -0.005520
v 0.149754 1.969986 -0.018711
v 0.149754 1.978282 -0.018711
v 0.124949 1.978282 -0.040768
v 0.104924 1.978282 -0.067242
v 0.090448 1.978282 -0.097112
v 0.082079 1.978282 -0.129233
v 0.090448 1.969986 -0.097112
v 0.082079 1.969986 -0.129233
v 0.080136 1.969986 -0.162370
v 0.065970 1.969986 -0.126688
v 0.063841 1.969986 -0.163016
v 0.065970 2.010681 -0.126688
v 0.063841 2.010681 -0.163016
v 0.082079 2.010681 -0.129233
v 0.082079 2.002386 -0.129233
v 0.080136 2.010681 -0.162370
v 0.080136 2.002386 -0.162370
v 0.084696 2.010681 -0.195249
v 0.084696 2.002386 -0.195249
v 0.095582 2.010681 -0.226607
v 0.068840 2.010681 -0.199062
v 0.080775 2.010681 -0.233440
v 0.068840 1.969986 -0.199062
v 0.084696 1.969986 -0.195249
v 0.080775 1.969986 -0.233440
v 0.095582 1.969986 -0.226607
v 0.099187 1.969986 -0.264829
v 0.123369 1.969986 -0.292023
v 0.099186 2.010681 -0.264829
v 0.112377 1.969986 -0.255238
v 0.134434 1.969986 -0.280043
v 0.112377 1.978282 -0.255238
v 0.095582 1.978282 -0.226607
v 0.134434 1.978282 -0.280043
v 0.160908 1.978282 -0.300068
v 0.190778 1.978282 -0.314543
v 0.160908 1.969986 -0.300068
v 0.190778 1.969986 -0.314543
v 0.152392 1.969986 -0.313976
v 0.185140 1.969986 -0.329846
v 0.152392 2.010681 -0.313976
v 0.185140 2.010681 -0.329846
v 0.123369 2.010681 -0.292022
v 0.160908 2.010681 -0.300068
v 0.160908 2.002386 -0.300068
v 0.134434 2.010681 -0.280043
v 0.134434 2.002386 -0.280043
v 0.112377 2.010681 -0.255238
v 0.112377 2.002386 -0.255238
v 0.095582 2.002386 -0.226607
v 0.190778 2.002386 -0.314543
v 0.220354 1.969986 -0.339021
v 0.222900 1.969986 -0.322913
v 0.222900 1.978282 -0.322913
v 0.256036 1.978282 -0.324856
v 0.084696 1.978282 -0.195249
v 0.080136 1.978282 -0.162370
v 0.090448 2.002386 -0.097112
v 0.242622 2.002386 0.013530
v 0.275758 2.010681 0.011588
v 0.275758 2.002386 0.011588
v 0.307879 2.002386 0.003218
v 0.337750 1.978282 -0.011258
v 0.364224 1.978282 -0.031282
v 0.403076 2.002386 -0.084719
v 0.348905 2.002386 -0.292615
v 0.320273 2.002386 -0.309410
v 0.131552 1.965341 -0.349477
v 0.131552 1.957045 -0.349477
v 0.099430 1.965341 -0.341108
v 0.129006 1.965341 -0.365586
v 0.164688 1.965341 -0.351420
v 0.164688 1.957045 -0.351420
v 0.165334 1.965341 -0.367715
v 0.197567 1.965341 -0.346860
v 0.197567 1.957045 -0.346860
v 0.228925 1.965341 -0.335974
v 0.201380 1.965341 -0.362716
v 0.235758 1.965341 -0.350782
v 0.201380 1.924646 -0.362716
v 0.235758 1.924646 -0.350782
v 0.165334 1.924646 -0.367715
v 0.197567 1.924646 -0.346860
v 0.164688 1.924646 -0.351420
v 0.197567 1.932942 -0.346860
v 0.228925 1.924646 -0.335974
v 0.228925 1.932942 -0.335974
v 0.257556 1.924646 -0.319179
v 0.282361 1.924646 -0.297122
v 0.267147 1.924646 -0.332369
v 0.257556 1.932942 -0.319179
v 0.282361 1.932942 -0.297122
v 0.302386 1.932942 -0.270649
v 0.316861 1.932942 -0.240778
v 0.302386 1.924646 -0.270649
v 0.316861 1.924646 -0.240778
v 0.316294 1.924646 -0.279164
v 0.332164 1.924646 -0.246417
v 0.316294 1.965341 -0.279164
v 0.294340 1.924646 -0.308187
v 0.294340 1.965341 -0.308187
v 0.267147 1.965341 -0.332369
v 0.282361 1.965341 -0.297122
v 0.257556 1.965341 -0.319179
v 0.282361 1.957045 -0.297122
v 0.302386 1.965341 -0.270649
v 0.302386 1.957045 -0.270649
v 0.316861 1.965341 -0.240777
v 0.316861 1.957045 -0.240778
v 0.332164 1.965341 -0.246417
v 0.325231 1.965341 -0.208656
v 0.325231 1.957045 -0.208656
v 0.341340 1.965341 -0.211202
v 0.327173 1.965341 -0.175520
v 0.327173 1.957045 -0.175520
v 0.343469 1.965341 -0.174874
v 0.322614 1.965341 -0.142641
v 0.322614 1.957045 -0.142641
v 0.311728 1.965341 -0.111283
v 0.338470 1.965341 -0.138828
v 0.326535 1.965341 -0.104450
v 0.338470 1.924646 -0.138828
v 0.322614 1.924646 -0.142641
v 0.326535 1.924646 -0.104450
v 0.343469 1.924646 -0.174874
v 0.327174 1.924646 -0.175520
v 0.341340 1.924646 -0.211202
v 0.325231 1.924646 -0.208656
v 0.325231 1.932942 -0.208656
v 0.327173 1.932942 -0.175520
v 0.322614 1.932942 -0.142641
v 0.311728 1.932942 -0.111283
v 0.294933 1.932942 -0.082652
v 0.311728 1.924646 -0.111283
v 0.294933 1.924646 -0.082652
v 0.272875 1.924646 -0.057847
v 0.308123 1.924646 -0.073061
v 0.283941 1.924646 -0.045867
v 0.308123 1.965341 -0.073061
v 0.283941 1.965341 -0.045867
v 0.294933 1.965341 -0.082652
v 0.294933 1.957045 -0.082652
v 0.272875 1.965341 -0.057847
v 0.272875 1.957045 -0.057847
v 0.246402 1.965341 -0.037822
v 0.246402 1.957045 -0.037822
v 0.216531 1.965341 -0.023347
v 0.254919 1.965341 -0.023914
v 0.222170 1.965341 -0.008044
v 0.254919 1.924646 -0.023914
v 0.246402 1.924646 -0.037822
v 0.222170 1.924646 -0.008044
v 0.216531 1.924646 -0.023347
v 0.186956 1.924646 0.001132
v 0.150627 1.924646 0.003261
v 0.186956 1.965341 0.001132
v 0.184410 1.924646 -0.014977
v 0.151274 1.924646 -0.013034
v 0.184410 1.932942 -0.014977
v 0.216531 1.932942 -0.023347
v 0.151274 1.932942 -0.013034
v 0.118394 1.932942 -0.017594
v 0.087037 1.932942 -0.028480
v 0.118394 1.924646 -0.017594
v 0.087037 1.924646 -0.028480
v 0.114582 1.924646 -0.001737
v 0.080204 1.924646 -0.013672
v 0.114582 1.965341 -0.001737
v 0.080204 1.965341 -0.013672
v 0.150627 1.965341 0.003261
v 0.118394 1.965341 -0.017594
v 0.118394 1.957045 -0.017594
v 0.151274 1.965341 -0.013034
v 0.087037 1.965341 -0.028480
v 0.087037 1.957045 -0.028480
v 0.058405 1.965341 -0.045275
v 0.058405 1.957045 -0.045275
v 0.048815 1.965341 -0.032085
v 0.033601 1.965341 -0.067333
v 0.033601 1.957045 -0.067333
v 0.021621 1.965341 -0.056267
v 0.013575 1.965341 -0.093806
v 0.013575 1.957045 -0.093806
v -0.000900 1.965341 -0.123677
v -0.000332 1.965341 -0.085289
v -0.016202 1.965341 -0.118038
v -0.000332 1.924646 -0.085289
v 0.013576 1.924646 -0.093806
v -0.016202 1.924646 -0.118038
v 0.021621 1.924646 -0.056267
v 0.033601 1.924646 -0.067333
v 0.048815 1.924646 -0.032085
v 0.058405 1.924646 -0.045275
v 0.058405 1.932942 -0.045275
v 0.033601 1.932942 -0.067333
v 0.013576 1.932942 -0.093806
v -0.000900 1.932942 -0.123677
v -0.009269 1.932942 -0.155798
v -0.000900 1.924646 -0.123677
v -0.009269 1.924646 -0.155798
v -0.011212 1.924646 -0.188934
v -0.025378 1.924646 -0.153252
v -0.027507 1.924646 -0.189580
v -0.025378 1.965341 -0.153252
v -0.027507 1.965341 -0.189580
v -0.009269 1.965341 -0.155798
v -0.009269 1.957045 -0.155798
v -0.011212 1.965341 -0.188934
v -0.011212 1.957045 -0.188935
v -0.006652 1.965341 -0.221814
v -0.006652 1.957045 -0.221814
v 0.004234 1.965341 -0.253171
v -0.022508 1.965341 -0.225626
v -0.010574 1.965341 -0.260004
v -0.022509 1.924646 -0.225626
v -0.006652 1.924646 -0.221814
v -0.010574 1.924646 -0.260004
v 0.004234 1.924646 -0.253171
v 0.007839 1.924646 -0.291393
v 0.032021 1.924646 -0.318587
v 0.007838 1.965341 -0.291393
v 0.021028 1.924646 -0.281803
v 0.043086 1.924646 -0.306607
v 0.021029 1.932942 -0.281802
v 0.004234 1.932942 -0.253171
v 0.043086 1.932942 -0.306607
v 0.069559 1.932942 -0.326632
v 0.099430 1.932942 -0.341108
v 0.069559 1.924646 -0.326632
v 0.099430 1.924646 -0.341108
v 0.061043 1.924646 -0.340540
v 0.093791 1.924646 -0.356410
v 0.061043 1.965341 -0.340540
v 0.093791 1.965341 -0.356410
v 0.032021 1.965341 -0.318586
v 0.069559 1.965341 -0.326632
v 0.069559 1.957045 -0.326632
v 0.043086 1.965341 -0.306607
v 0.043086 1.957045 -0.306607
v 0.021029 1.965341 -0.281802
v 0.021029 1.957045 -0.281802
v 0.004234 1.957045 -0.253171
v 0.099430 1.957045 -0.341108
v 0.129006 1.924646 -0.365586
v 0.131552 1.924646 -0.349477
v 0.131552 1.932942 -0.349477
v 0.164688 1.932942 -0.351420
v -0.006652 1.932942 -0.221814
v -0.011212 1.932942 -0.188934
v -0.000900 1.957045 -0.123677
v 0.151274 1.957045 -0.013034
v 0.184410 1.965341 -0.014977
v 0.184410 1.957045 -0.014977
v 0.216531 1.957045 -0.023347
v 0.246402 1.932942 -0.037822
v 0.272875 1.932942 -0.057847
v 0.311728 1.957045 -0.111283
v 0.257556 1.957045 -0.319179
v 0.228925 1.957045 -0.335974
v -0.076062 2.010681 -0.196692
v -0.076062 2.002386 -0.196692
v -0.093655 2.010681 -0.224840
v -0.061452 2.010681 -0.203939
v -0.064298 2.010681 -0.165653
v -0.064298 2.002386 -0.165653
v -0.048555 2.010681 -0.169911
v -0.058815 2.010681 -0.132916
v -0.058815 2.002386 -0.132916
v -0.059825 2.010681 -0.099738
v -0.042544 2.010681 -0.134020
v -0.043651 2.010681 -0.097646
v -0.042544 1.969986 -0.134020
v -0.043651 1.969986 -0.097646
v -0.048555 1.969986 -0.169911
v -0.058815 1.969986 -0.132916
v -0.064298 1.969986 -0.165653
v -0.058815 1.978282 -0.132916
v -0.059825 1.969986 -0.099738
v -0.059825 1.978282 -0.099738
v -0.067287 1.969986 -0.067394
v -0.080917 1.969986 -0.037127
v -0.051833 1.969986 -0.062187
v -0.067287 1.978282 -0.067394
v -0.080917 1.978282 -0.037127
v -0.100189 1.978282 -0.010101
v -0.124363 1.978282 0.012645
v -0.100189 1.969986 -0.010101
v -0.124363 1.969986 0.012645
v -0.087903 1.969986 0.000623
v -0.114406 1.969986 0.025561
v -0.087903 2.010681 0.000623
v -0.066775 1.969986 -0.029006
v -0.066775 2.010681 -0.029006
v -0.051833 2.010681 -0.062187
v -0.080917 2.010681 -0.037127
v -0.067287 2.010681 -0.067393
v -0.080916 2.002386 -0.037127
v -0.100189 2.010681 -0.010101
v -0.100189 2.002386 -0.010101
v -0.124364 2.010681 0.012646
v -0.124363 2.002386 0.012645
v -0.114406 2.010681 0.025561
v -0.152511 2.010681 0.030239
v -0.152511 2.002386 0.030239
v -0.145264 2.010681 0.044849
v -0.183550 2.010681 0.042003
v -0.183550 2.002386 0.042003
v -0.179293 2.010681 0.057746
v -0.216288 2.010681 0.047486
v -0.216288 2.002386 0.047486
v -0.249466 2.010681 0.046476
v -0.215183 2.010681 0.063757
v -0.251558 2.010681 0.062650
v -0.215183 1.969986 0.063757
v -0.216288 1.969986 0.047486
v -0.251558 1.969986 0.062650
v -0.179293 1.969986 0.057746
v -0.183550 1.969986 0.042003
v -0.145264 1.969986 0.044849
v -0.152511 1.969986 0.030239
v -0.152511 1.978282 0.030239
v -0.183550 1.978282 0.042003
v -0.216288 1.978282 0.047486
v -0.249466 1.978282 0.046476
v -0.281810 1.978282 0.039013
v -0.249466 1.969986 0.046476
v -0.281810 1.969986 0.039013
v -0.312076 1.969986 0.025384
v -0.287016 1.969986 0.054468
v -0.320198 1.969986 0.039526
v -0.287016 2.010681 0.054468
v -0.320198 2.010681 0.039526
v -0.281810 2.010681 0.039013
v -0.281810 2.002386 0.039013
v -0.312076 2.010681 0.025384
v -0.312076 2.002386 0.025384
v -0.339102 2.010681 0.006112
v -0.339102 2.002386 0.006112
v -0.361849 2.010681 -0.018063
v -0.349827 2.010681 0.018398
v -0.374764 2.010681 -0.008105
v -0.349827 1.969986 0.018398
v -0.339102 1.969986 0.006112
v -0.374764 1.969986 -0.008105
v -0.361849 1.969986 -0.018063
v -0.394052 1.969986 -0.038963
v -0.406949 1.969986 -0.072992
v -0.394052 2.010681 -0.038963
v -0.379443 1.969986 -0.046210
v -0.391207 1.969986 -0.077249
v -0.379443 1.978282 -0.046210
v -0.361849 1.978282 -0.018063
v -0.391207 1.978282 -0.077249
v -0.396689 1.978282 -0.109987
v -0.395680 1.978282 -0.143165
v -0.396689 1.969986 -0.109987
v -0.395680 1.969986 -0.143165
v -0.412960 1.969986 -0.108883
v -0.411853 1.969986 -0.145256
v -0.412960 2.010681 -0.108883
v -0.411854 2.010681 -0.145257
v -0.406949 2.010681 -0.072992
v -0.396689 2.010681 -0.109987
v -0.396689 2.002386 -0.109987
v -0.391207 2.010681 -0.077249
v -0.395680 2.010681 -0.143165
v -0.395680 2.002386 -0.143165
v -0.388217 2.010681 -0.175509
v -0.388217 2.002386 -0.175509
v -0.403672 2.010681 -0.180716
v -0.374587 2.010681 -0.205775
v -0.374587 2.002386 -0.205775
v -0.388729 2.010681 -0.213897
v -0.355315 2.010681 -0.232802
v -0.355315 2.002386 -0.232802
v -0.331141 2.010681 -0.255548
v -0.367601 2.010681 -0.243526
v -0.341098 2.010681 -0.268464
v -0.367601 1.969986 -0.243526
v -0.355315 1.969986 -0.232801
v -0.341098 1.969986 -0.268464
v -0.388729 1.969986 -0.213897
v -0.374587 1.969986 -0.205775
v -0.403672 1.969986 -0.180716
v -0.388217 1.969986 -0.175509
v -0.388217 1.978282 -0.175509
v -0.374587 1.978282 -0.205775
v -0.355315 1.978282 -0.232801
v -0.331141 1.978282 -0.255548
v -0.302993 1.978282 -0.273141
v -0.331141 1.969986 -0.255548
v -0.302993 1.969986 -0.273141
v -0.271954 1.969986 -0.284906
v -0.310240 1.969986 -0.287751
v -0.276212 1.969986 -0.300648
v -0.310240 2.010681 -0.287751
v -0.276212 2.010681 -0.300648
v -0.302993 2.010681 -0.273141
v -0.302993 2.002386 -0.273141
v -0.271954 2.010681 -0.284906
v -0.271954 2.002386 -0.284906
v -0.239216 2.010681 -0.290388
v -0.239216 2.002386 -0.290388
v -0.206038 2.010681 -0.289379
v -0.240321 2.010681 -0.306659
v -0.203947 2.010681 -0.305552
v -0.240320 1.969986 -0.306659
v -0.239216 1.969986 -0.290388
v -0.203947 1.969986 -0.305552
v -0.206038 1.969986 -0.289379
v -0.168488 1.969986 -0.297371
v -0.135306 1.969986 -0.282429
v -0.168488 2.010681 -0.297371
v -0.173694 1.969986 -0.281916
v -0.143428 1.969986 -0.268287
v -0.173695 1.978282 -0.281916
v -0.206038 1.978282 -0.289379
v -0.143428 1.978282 -0.268287
v -0.116402 1.978282 -0.249014
v -0.093655 1.978282 -0.224840
v -0.116402 1.969986 -0.249014
v -0.093655 1.969986 -0.224840
v -0.105678 1.969986 -0.261300
v -0.080740 1.969986 -0.234798
v -0.105678 2.010681 -0.261300
v -0.080740 2.010681 -0.234798
v -0.135307 2.010681 -0.282429
v -0.116402 2.010681 -0.249014
v -0.116402 2.002386 -0.249014
v -0.143428 2.010681 -0.268287
v -0.143428 2.002386 -0.268287
v -0.173695 2.010681 -0.281916
v -0.173695 2.002386 -0.281916
v -0.206038 2.002386 -0.289379
v -0.093655 2.002386 -0.224840
v -0.061452 1.969986 -0.203939
v -0.076062 1.969986 -0.196692
v -0.076062 1.978282 -0.196692
v -0.064298 1.978282 -0.165653
v -0.239216 1.978282 -0.290388
v -0.271954 1.978282 -0.284906
v -0.331141 2.002386 -0.255548
v -0.391207 2.002386 -0.077249
v -0.379443 2.010681 -0.046210
v -0.379443 2.002386 -0.046210
v -0.361849 2.002386 -0.018063
v -0.339102 1.978282 0.006112
v -0.312076 1.978282 0.025384
v -0.249466 2.002386 0.046476
v -0.067287 2.002386 -0.067393
v -0.059825 2.002386 -0.099738
vn -0.8480 -0.0000 0.5300
vn -0.9351 -0.0000 0.3544
vn -0.0000 1.0000 -0.0000
vn -0.9863 -0.0000 0.1652
vn -0.9995 -0.0000 -0.0304
vn 0.9995 -0.0000 0.0304
vn 0.9863 -0.0000 -0.1652
vn -0.0000 -1.0000 -0.0000
vn -0.9744 -0.0000 -0.2248
vn -0.9118 -0.0000 -0.4106
vn -0.8142 -0.0000 -0.5806
vn -0.6853 -0.0000 -0.7283
vn 0.6853 -0.0000 0.7283
vn 0.8142 -0.0000 0.5806
vn 0.9118 -0.0000 0.4106
vn -0.6852 -0.0000 -0.7283
vn -0.6853 0.0001 -0.7283
vn -0.5300 0.0001 -0.8480
vn -0.5300 -0.0000 -0.8480
vn -0.3544 -0.0000 -0.9351
vn -0.1652 -0.0000 -0.9863
vn 0.0304 -0.0000 -0.9995
vn -0.0304 -0.0000 0.9995
vn 0.1652 -0.0000 0.9863
vn 0.3544 -0.0000 0.9351
vn 0.5300 -0.0000 0.8480
vn 0.2248 -0.0000 -0.9744
vn 0.4106 -0.0000 -0.9118
vn -0.4106 -0.0000 0.9118
vn -0.2248 -0.0000 0.9744
vn 0.5806 -0.0000 -0.8142
vn 0.7283 -0.0000 -0.6853
vn -0.7283 -0.0000 0.6853
vn -0.5806 -0.0000 0.8142
vn 0.9351 -0.0000 -0.3544
vn 0.8480 -0.0000 -0.5301
vn 0.8480 -0.0000 -0.5300
vn 0.9744 -0.0000 0.2248
vn 0.1651 -0.0000 0.9863
vn 0.8131 -0.5797 -0.0527
vn 0.8132 -0.5797 -0.0527
vn 0.8060 -0.5901 -0.0459
vn 0.8061 -0.5901 -0.0460
vn 0.8061 -0.5901 -0.0459
vn 0.8131 -0.5797 0.0527
vn 0.8132 -0.5797 0.0527
vn 0.8061 -0.5901 0.0460
vn 0.8060 -0.5901 0.0459
vn 0.8061 -0.5901 0.0459
vn 0.7800 -0.6223 -0.0660
vn 0.7800 -0.6223 0.0660
vn -0.2581 0.1313 0.9572
vn -0.2581 0.1313 0.9571
vn -0.2106 0.1245 0.9696
vn 0.6403 -0.5274 0.5584
vn 0.6403 -0.5274 0.5585
vn 0.7347 -0.5284 0.4254
vn 0.7347 -0.5285 0.4254
vn -0.2623 0.1150 0.9581
vn 0.5886 -0.5221 0.6172
vn 0.5886 -0.5221 0.6173
vn -0.1404 0.1533 0.9782
vn -0.1405 0.1532 0.9782
vn 0.2314 -0.3658 0.9015
vn 0.1404 0.1533 0.9782
vn 0.1405 0.1532 0.9782
vn 0.1404 0.1532 0.9782
vn -0.2314 -0.3658 0.9015
vn 0.2623 0.1150 0.9581
vn -0.5886 -0.5221 0.6173
vn -0.5886 -0.5221 0.6172
vn 0.2106 0.1245 0.9696
vn -0.7347 -0.5285 0.4254
vn -0.7347 -0.5284 0.4254
vn 0.2581 0.1313 0.9572
vn 0.2581 0.1313 0.9571
vn -0.6403 -0.5274 0.5584
vn -0.6403 -0.5274 0.5585
vn 0.2897 0.1732 0.9413
vn -0.5722 -0.5136 0.6394
vn -0.5722 -0.5135 0.6394
vn 0.3616 0.0833 0.9286
vn -0.5756 -0.4079 0.7087
vn 0.3762 -0.1027 0.9208
vn -0.6033 0.0114 0.7974
vn 0.3033 -0.3031 0.9034
vn -0.5966 0.2686 0.7563
vn 0.2845 -0.3290 0.9005
vn 0.2845 -0.3290 0.9004
vn 0.2846 -0.3290 0.9004
vn -0.4828 0.5479 0.6831
vn 0.0742 -0.4541 0.8879
vn 0.0742 -0.4541 0.8878
vn -0.1375 0.8312 0.5387
vn -0.3447 -0.5265 0.7772
vn 0.4915 0.7935 0.3589
vn 0.4914 0.7935 0.3589
vn -0.2506 -0.5351 0.8067
vn -0.2506 -0.5351 0.8068
vn 0.3695 0.8780 0.3044
vn 0.2506 -0.5351 0.8067
vn 0.2506 -0.5351 0.8068
vn -0.3695 0.8780 0.3044
vn 0.3447 -0.5265 0.7772
vn -0.4914 0.7935 0.3589
vn -0.4915 0.7935 0.3589
vn -0.0742 -0.4541 0.8879
vn -0.0742 -0.4541 0.8878
vn 0.1375 0.8312 0.5387
vn -0.2845 -0.3290 0.9005
vn -0.2846 -0.3290 0.9004
vn 0.4828 0.5479 0.6831
vn -0.3033 -0.3031 0.9034
vn 0.5966 0.2686 0.7563
vn -0.3762 -0.1027 0.9208
vn -0.3762 -0.1026 0.9208
vn 0.6033 0.0115 0.7974
vn 0.6033 0.0114 0.7974
vn -0.3616 0.0833 0.9286
vn 0.5756 -0.4079 0.7087
vn -0.2897 0.1732 0.9413
vn 0.5722 -0.5136 0.6394
vn 0.5722 -0.5135 0.6394
vn 0.4510 -0.3391 0.8256
vn 0.5038 -0.4239 0.7526
vn 0.5038 -0.4239 0.7527
vn 0.0345 -0.2033 0.9785
vn 0.0408 -0.2048 0.9779
vn 0.0409 -0.2382 0.9704
vn 0.0410 -0.2382 0.9704
vn 0.0410 -0.2381 0.9704
vn 0.5307 -0.4620 0.7106
vn 0.5306 -0.4620 0.7106
vn 0.0680 -0.3539 0.9328
vn 0.4475 -0.4014 0.7991
vn 0.1038 -0.3366 0.9359
vn -0.0680 -0.3539 0.9328
vn -0.1038 -0.3366 0.9359
vn -0.1037 -0.3366 0.9359
vn -0.4475 -0.4014 0.7991
vn -0.5307 -0.4620 0.7106
vn -0.5306 -0.4620 0.7106
vn -0.5038 -0.4239 0.7526
vn -0.5038 -0.4239 0.7527
vn -0.0409 -0.2382 0.9704
vn -0.0411 -0.2380 0.9704
vn -0.0410 -0.2382 0.9704
vn -0.0345 -0.2033 0.9785
vn -0.0408 -0.2048 0.9779
vn -0.0349 -0.2034 0.9785
vn -0.4509 -0.3391 0.8256
vn -0.4510 -0.3391 0.8256
vn -0.4311 -0.0890 0.8979
vn -0.0409 -0.2051 0.9779
vn -0.0494 -0.1580 0.9862
vn -0.0493 -0.1580 0.9862
vn -0.4281 0.0669 0.9013
vn -0.4280 0.0669 0.9013
vn -0.1005 0.4382 0.8933
vn -0.1005 0.4381 0.8933
vn -0.1006 0.4381 0.8933
vn 0.1406 0.6127 0.7777
vn 0.1406 0.6126 0.7777
vn 0.1406 0.6126 0.7778
vn 0.1418 0.4602 0.8764
vn 0.0916 0.3933 0.9148
vn 0.0916 0.3933 0.9149
vn -0.1418 0.4602 0.8764
vn -0.1406 0.6126 0.7778
vn -0.1406 0.6127 0.7777
vn 0.1005 0.4381 0.8933
vn 0.1006 0.4381 0.8933
vn -0.0916 0.3933 0.9149
vn -0.0916 0.3933 0.9148
vn 0.4281 0.0669 0.9013
vn 0.0493 -0.1580 0.9862
vn 0.0494 -0.1580 0.9862
vn 0.4311 -0.0890 0.8979
vn 0.0349 -0.2034 0.9785
vn 0.0409 -0.2051 0.9779
vn 0.7555 -0.6500 0.0813
vn 0.7555 -0.6501 0.0813
vn 0.8688 -0.4838 0.1053
vn 0.8688 -0.4838 -0.1053
vn 0.7555 -0.6501 -0.0813
vn 0.7555 -0.6500 -0.0813
vn -0.3616 0.0833 -0.9286
vn -0.2897 0.1732 -0.9413
vn 0.5722 -0.5136 -0.6394
vn 0.5756 -0.4079 -0.7087
vn -0.2581 0.1313 -0.9572
vn -0.2581 0.1313 -0.9571
vn 0.6403 -0.5274 -0.5585
vn 0.6403 -0.5274 -0.5584
vn -0.2106 0.1245 -0.9696
vn 0.7347 -0.5285 -0.4254
vn 0.7347 -0.5284 -0.4254
vn -0.2623 0.1150 -0.9581
vn 0.5886 -0.5221 -0.6173
vn 0.5886 -0.5221 -0.6172
vn -0.1404 0.1533 -0.9782
vn -0.1405 0.1532 -0.9782
vn -0.1404 0.1532 -0.9782
vn 0.2314 -0.3658 -0.9015
vn 0.1404 0.1533 -0.9782
vn 0.1405 0.1532 -0.9782
vn -0.2314 -0.3658 -0.9015
vn 0.2623 0.1150 -0.9581
vn -0.5886 -0.5221 -0.6173
vn -0.5886 -0.5221 -0.6172
vn -0.4475 -0.4014 -0.7991
vn -0.1038 -0.3366 -0.9359
vn -0.5307 -0.4620 -0.7106
vn -0.5306 -0.4620 -0.7106
vn -0.0680 -0.3539 -0.9328
vn 0.0680 -0.3539 -0.9328
vn 0.1038 -0.3366 -0.9359
vn 0.5306 -0.4620 -0.7106
vn 0.5307 -0.4620 -0.7106
vn 0.4475 -0.4014 -0.7991
vn 0.0410 -0.2382 -0.9704
vn 0.0409 -0.2382 -0.9704
vn 0.0410 -0.2381 -0.9704
vn 0.5038 -0.4239 -0.7527
vn 0.5038 -0.4239 -0.7526
vn 0.0407 -0.2048 -0.9780
vn 0.0345 -0.2033 -0.9785
vn 0.4510 -0.3391 -0.8256
vn 0.0409 -0.2051 -0.9779
vn 0.0349 -0.2034 -0.9785
vn 0.4311 -0.0890 -0.8979
vn 0.0494 -0.1580 -0.9862
vn 0.0493 -0.1580 -0.9862
vn 0.4281 0.0669 -0.9013
vn 0.4280 0.0669 -0.9013
vn 0.5966 0.2686 -0.7563
vn 0.6033 0.0114 -0.7974
vn -0.3762 -0.1027 -0.9208
vn -0.3033 -0.3031 -0.9034
vn -0.2845 -0.3290 -0.9005
vn -0.2846 -0.3290 -0.9004
vn -0.2845 -0.3290 -0.9004
vn 0.4828 0.5479 -0.6831
vn 0.4828 0.5479 -0.6832
vn -0.0742 -0.4541 -0.8879
vn -0.0742 -0.4541 -0.8878
vn 0.1375 0.8312 -0.5387
vn 0.3447 -0.5265 -0.7772
vn -0.4915 0.7935 -0.3589
vn -0.4914 0.7935 -0.3589
vn 0.2506 -0.5351 -0.8067
vn 0.2506 -0.5351 -0.8068
vn -0.3695 0.8780 -0.3044
vn -0.2506 -0.5351 -0.8067
vn -0.2506 -0.5351 -0.8068
vn 0.3695 0.8780 -0.3044
vn 0.3695 0.8780 -0.3043
vn -0.3447 -0.5265 -0.7772
vn 0.4915 0.7935 -0.3589
vn 0.4914 0.7935 -0.3589
vn 0.1418 0.4602 -0.8764
vn 0.0916 0.3933 -0.9148
vn 0.0916 0.3933 -0.9149
vn 0.1406 0.6127 -0.7777
vn 0.1406 0.6126 -0.7778
vn -0.1005 0.4382 -0.8933
vn -0.1005 0.4381 -0.8933
vn -0.1418 0.4602 -0.8764
vn -0.1406 0.6127 -0.7777
vn -0.1406 0.6126 -0.7778
vn -0.0916 0.3933 -0.9148
vn -0.0916 0.3933 -0.9149
vn 0.1005 0.4382 -0.8933
vn 0.1005 0.4381 -0.8933
vn 0.1006 0.4381 -0.8933
vn -0.0494 -0.1580 -0.9862
vn -0.0493 -0.1580 -0.9862
vn -0.1375 0.8312 -0.5387
vn -0.4828 0.5479 -0.6831
vn 0.0742 -0.4541 -0.8879
vn 0.0742 -0.4541 -0.8878
vn 0.2846 -0.3290 -0.9004
vn 0.2845 -0.3290 -0.9004
vn 0.3033 -0.3031 -0.9034
vn -0.5966 0.2686 -0.7563
vn 0.3762 -0.1027 -0.9208
vn 0.3762 -0.1026 -0.9208
vn -0.6033 0.0115 -0.7974
vn -0.6033 0.0114 -0.7974
vn -0.4281 0.0669 -0.9013
vn -0.4280 0.0669 -0.9013
vn -0.4311 -0.0890 -0.8979
vn -0.0349 -0.2034 -0.9785
vn -0.0409 -0.2051 -0.9779
vn -0.0408 -0.2048 -0.9779
vn -0.0345 -0.2033 -0.9785
vn -0.4509 -0.3391 -0.8256
vn -0.4510 -0.3391 -0.8256
vn -0.0409 -0.2382 -0.9704
vn -0.0411 -0.2380 -0.9704
vn -0.0410 -0.2381 -0.9704
vn -0.5038 -0.4239 -0.7527
vn -0.5038 -0.4239 -0.7526
vn -0.5756 -0.4079 -0.7087
vn -0.5722 -0.5136 -0.6394
vn -0.5722 -0.5135 -0.6394
vn 0.3616 0.0833 -0.9286
vn 0.2897 0.1732 -0.9413
vn 0.2581 0.1313 -0.9572
vn 0.2581 0.1313 -0.9571
vn -0.6403 -0.5274 -0.5584
vn -0.6403 -0.5274 -0.5585
vn 0.2106 0.1245 -0.9696
vn -0.7347 -0.5285 -0.4254
vn -0.7347 -0.5284 -0.4254
vn -0.7347 -0.5284 -0.4255
vn -0.8060 -0.5901 -0.0459
vn -0.8061 -0.5901 -0.0460
vn -0.8061 -0.5901 -0.0459
vn -0.7800 -0.6223 -0.0660
vn -0.7800 -0.6223 0.0660
vn -0.8060 -0.5901 0.0459
vn -0.8061 -0.5901 0.0460
vn -0.8061 -0.5901 0.0459
vn -0.8131 -0.5797 -0.0527
vn -0.8131 -0.5797 0.0527
vn -0.8132 -0.5797 0.0527
vn -0.6646 -0.7302 0.1584
vn -0.6646 -0.7302 -0.1584
vn -0.6646 -0.7303 -0.1584
vn 0.6646 -0.7302 0.1584
vn 0.6646 -0.7302 -0.1584
vn -0.7555 -0.6501 0.0813
vn -0.7555 -0.6501 -0.0813
vn -0.8688 -0.4838 0.1053
vn -0.8688 -0.4838 -0.1053
vn -0.9847 0.1196 0.1269
vn -0.9847 0.1196 0.1268
vn -0.9847 0.1196 -0.1269
vn -0.9847 0.1196 -0.1268
vn -0.8315 0.5450 -0.1078
vn -0.8315 0.5450 0.1078
vn -0.6440 0.7600 0.0873
vn -0.6439 0.7601 0.0874
vn -0.6440 0.7601 0.0874
vn -0.6440 0.7600 -0.0873
vn -0.6439 0.7601 -0.0874
vn -0.6440 0.7601 -0.0874
vn -0.1315 0.9893 0.0639
vn -0.1315 0.9893 0.0638
vn -0.1314 0.9893 0.0639
vn -0.1315 0.9893 -0.0639
vn -0.1315 0.9893 -0.0638
vn -0.1314 0.9893 -0.0639
vn 0.5330 0.8451 0.0407
vn 0.5328 0.8452 0.0405
vn 0.5330 0.8452 0.0407
vn 0.5331 0.8451 -0.0408
vn 0.5328 0.8452 -0.0405
vn 0.5329 0.8452 -0.0406
vn 0.4253 0.9045 0.0312
vn 0.4254 0.9045 0.0312
vn 0.4253 0.9045 -0.0312
vn 0.4254 0.9045 -0.0312
vn -0.4254 0.9045 0.0312
vn -0.4253 0.9045 0.0312
vn -0.4253 0.9045 -0.0312
vn -0.4254 0.9045 -0.0312
vn -0.5328 0.8452 0.0405
vn -0.5330 0.8451 0.0407
vn -0.5330 0.8452 0.0407
vn -0.5330 0.8451 -0.0407
vn -0.5328 0.8452 -0.0405
vn -0.5330 0.8452 -0.0407
vn 0.1315 0.9893 0.0638
vn 0.1315 0.9893 0.0639
vn 0.1315 0.9893 -0.0639
vn 0.1315 0.9893 -0.0638
vn 0.6440 0.7600 0.0873
vn 0.6439 0.7601 0.0874
vn 0.6440 0.7601 0.0874
vn 0.6439 0.7601 -0.0874
vn 0.6440 0.7600 -0.0873
vn 0.6440 0.7601 -0.0874
vn 0.8315 0.5450 -0.1078
vn 0.8315 0.5450 0.1078
vn 0.9847 0.1196 -0.1269
vn 0.9847 0.1196 -0.1268
vn 0.9847 0.1196 0.1268
vn 0.9847 0.1196 0.1269
vn -0.1602 -0.4002 -0.9023
vn -0.4188 -0.8960 -0.1474
vn -0.3078 -0.3330 -0.8913
vn 0.3492 0.9027 -0.2513
vn 0.4198 0.8706 -0.2566
vn 0.3927 0.9183 -0.0496
vn 0.4281 0.9022 -0.0523
vn 0.1458 0.6452 -0.7499
vn 0.1458 0.6452 -0.7500
vn 0.2969 0.5764 -0.7613
vn 0.2969 0.5765 -0.7613
vn 0.2969 0.5765 -0.7612
vn -0.3208 -0.7205 -0.6148
vn -0.3208 -0.7205 -0.6147
vn -0.4084 -0.6807 -0.6082
vn -0.4084 -0.6807 -0.6081
vn 0.1904 0.3402 -0.9209
vn 0.0180 0.4186 -0.9080
vn -0.1511 0.4896 -0.8588
vn -0.1512 0.4896 -0.8588
vn -0.4943 -0.6447 -0.5832
vn -0.3104 0.5503 -0.7751
vn -0.5752 -0.6139 -0.5407
vn -0.5752 -0.6138 -0.5407
vn -0.0024 0.7074 -0.7068
vn -0.1420 0.7606 -0.6335
vn -0.2676 0.8028 -0.5329
vn -0.6480 -0.5894 -0.4824
vn -0.6480 -0.5894 -0.4823
vn -0.6480 -0.5895 -0.4823
vn -0.3745 0.8323 -0.4088
vn -0.3744 0.8323 -0.4088
vn -0.7099 -0.5723 -0.4105
vn -0.5757 0.6321 -0.5187
vn -0.4538 0.5984 -0.6603
vn -0.7586 -0.5632 -0.3277
vn -0.7586 -0.5631 -0.3277
vn -0.6715 0.6500 -0.3558
vn -0.7921 -0.5623 -0.2373
vn -0.7921 -0.5624 -0.2373
vn -0.7375 0.6516 -0.1777
vn -0.8092 -0.5700 -0.1427
vn -0.8092 -0.5699 -0.1427
vn -0.7711 0.6366 0.0085
vn -0.8092 -0.5856 -0.0475
vn -0.7711 0.6058 0.1959
vn -0.7921 -0.6087 0.0446
vn -0.7375 0.5603 0.3771
vn -0.7586 -0.6385 0.1300
vn -0.6715 0.5017 0.5453
vn -0.7099 -0.6736 0.2055
vn -0.7100 -0.6736 0.2055
vn -0.5757 0.4325 0.6939
vn -0.6480 -0.7129 0.2681
vn -0.6480 -0.7129 0.2680
vn -0.6480 -0.7128 0.2681
vn -0.4538 0.3552 0.8172
vn -0.5752 -0.7547 0.3155
vn -0.3104 0.2729 0.9106
vn -0.4943 -0.7975 0.3459
vn -0.4943 -0.7975 0.3458
vn -0.1511 0.1886 0.9704
vn -0.4084 -0.8397 0.3580
vn -0.4084 -0.8397 0.3579
vn 0.0180 0.1056 0.9942
vn -0.3208 -0.8795 0.3515
vn 0.1904 0.0272 0.9813
vn -0.2349 -0.9155 0.3265
vn 0.3595 -0.0438 0.9321
vn -0.1540 -0.9464 0.2840
vn 0.5188 -0.1045 0.8485
vn -0.0812 -0.9708 0.2257
vn 0.6622 -0.1526 0.7337
vn 0.6621 -0.1526 0.7337
vn 0.7841 -0.1863 0.5921
vn -0.0192 -0.9879 0.1537
vn -0.0193 -0.9879 0.1537
vn -0.0192 -0.9879 0.1538
vn 0.7104 0.1446 0.6888
vn 0.8172 0.1151 0.5647
vn 0.9012 0.0993 0.4219
vn 0.0293 -0.9970 0.0709
vn 0.0294 -0.9970 0.0710
vn 0.9590 0.0980 0.2658
vn 0.9590 0.0980 0.2659
vn 0.0629 -0.9978 -0.0195
vn 0.9458 -0.2058 0.2511
vn 0.8799 -0.2042 0.4291
vn 0.9795 -0.1908 0.0648
vn 0.0800 -0.9902 -0.1141
vn 0.9795 -0.1600 -0.1225
vn 0.0800 -0.9746 -0.2092
vn 0.9885 0.1111 0.1026
vn 0.9885 0.1381 -0.0616
vn 0.9590 0.1780 -0.2204
vn 0.0630 -0.9514 -0.3013
vn 0.0629 -0.9515 -0.3013
vn 0.9012 0.2293 -0.3678
vn 0.0294 -0.9217 -0.3867
vn 0.0295 -0.9217 -0.3867
vn 0.0295 -0.9217 -0.3868
vn 0.8799 -0.0559 -0.4719
vn 0.9458 -0.1145 -0.3038
vn 0.9458 -0.1144 -0.3038
vn 0.7841 0.0133 -0.6205
vn -0.0192 -0.8866 -0.4622
vn -0.0193 -0.8866 -0.4621
vn 0.6621 0.0906 -0.7439
vn -0.0812 -0.8473 -0.5249
vn -0.0812 -0.8473 -0.5248
vn 0.8172 0.2900 -0.4980
vn 0.8172 0.2899 -0.4980
vn 0.7104 0.3577 -0.6061
vn 0.5848 0.4299 -0.6879
vn -0.1540 -0.8055 -0.5722
vn -0.1540 -0.8055 -0.5723
vn 0.4452 0.5038 -0.7403
vn 0.4451 0.5037 -0.7403
vn -0.2349 -0.7627 -0.6026
vn 0.3595 0.2572 -0.8970
vn 0.5188 0.1729 -0.8372
vn 0.1540 0.8055 0.5722
vn 0.2349 0.7626 0.6027
vn 0.2349 0.7627 0.6026
vn 0.2413 -0.0115 -0.9704
vn 0.4056 -0.0984 -0.9088
vn 0.4055 -0.0984 -0.9088
vn 0.0670 0.0740 -0.9950
vn 0.3208 0.7205 0.6148
vn 0.3208 0.7205 0.6147
vn 0.4084 0.6807 0.6082
vn -0.1108 0.1549 -0.9817
vn -0.1549 0.0560 -0.9863
vn 0.0208 -0.0239 -0.9995
vn -0.0692 -0.2126 -0.9747
vn -0.2350 -0.1371 -0.9623
vn 0.0749 0.0909 -0.9930
vn -0.1030 0.1719 -0.9797
vn -0.1030 0.1718 -0.9797
vn -0.3977 -0.0689 -0.9149
vn -0.2775 0.2451 -0.9289
vn -0.5509 -0.0105 -0.8345
vn -0.4419 0.3077 -0.8426
vn -0.6888 0.0358 -0.7240
vn -0.5898 0.3573 -0.7242
vn -0.8061 0.0682 -0.5878
vn -0.7156 0.3921 -0.5780
vn -0.7156 0.3921 -0.5781
vn -0.8983 0.0855 -0.4311
vn -0.8145 0.4106 -0.4099
vn -0.9617 0.0869 -0.2598
vn -0.8826 0.4122 -0.2262
vn -0.9941 0.0726 -0.0806
vn -0.9173 0.3968 -0.0340
vn -0.9941 0.0429 0.0996
vn -0.9173 0.3650 0.1593
vn -0.9617 -0.0009 0.2740
vn -0.8826 0.3180 0.3463
vn -0.8983 -0.0572 0.4357
vn -0.8145 0.2576 0.5198
vn -0.8145 0.2576 0.5199
vn -0.8061 -0.1238 0.5787
vn -0.7156 0.1862 0.6732
vn -0.6888 -0.1981 0.6973
vn -0.5898 0.1064 0.8005
vn -0.5509 -0.2773 0.7871
vn -0.4419 0.0215 0.8968
vn -0.3977 -0.3584 0.8446
vn -0.2775 -0.0655 0.9585
vn -0.2350 -0.4382 0.8676
vn -0.1030 -0.1511 0.9831
vn -0.0691 -0.5137 0.8552
vn -0.0692 -0.5137 0.8552
vn 0.0749 -0.2321 0.9698
vn 0.0935 -0.5819 0.8078
vn 0.2494 -0.3053 0.9190
vn 0.2468 -0.6403 0.7274
vn 0.4138 -0.3679 0.8327
vn 0.3847 -0.6866 0.6169
vn 0.5617 -0.4175 0.7143
vn 0.5617 -0.4176 0.7143
vn 0.5019 -0.7190 0.4807
vn 0.6875 -0.4523 0.5681
vn 0.5941 -0.7363 0.3240
vn 0.7863 -0.4708 0.4000
vn 0.6576 -0.7378 0.1527
vn 0.8544 -0.4724 0.2163
vn 0.6899 -0.7234 -0.0265
vn 0.8891 -0.4570 0.0241
vn 0.6899 -0.6937 -0.2067
vn 0.8891 -0.4252 -0.1692
vn 0.8891 -0.4252 -0.1693
vn 0.6576 -0.6499 -0.3811
vn 0.8544 -0.3782 -0.3563
vn 0.5941 -0.5936 -0.5428
vn 0.5941 -0.5937 -0.5428
vn 0.7863 -0.3178 -0.5298
vn 0.5019 -0.5271 -0.6858
vn 0.6875 -0.2464 -0.6831
vn 0.3847 -0.4527 -0.8044
vn 0.5617 -0.1667 -0.8104
vn 0.2468 -0.3735 -0.8942
vn 0.2467 -0.3735 -0.8942
vn 0.4138 -0.0817 -0.9067
vn 0.0935 -0.2924 -0.9517
vn 0.2494 0.0053 -0.9684
vn 0.4374 0.4779 -0.7617
vn 0.5800 0.4025 -0.7083
vn 0.2862 0.5521 -0.7831
vn 0.4925 0.8172 -0.2995
vn 0.4143 0.8555 -0.3106
vn 0.3347 0.8917 -0.3046
vn 0.1319 0.6223 -0.7716
vn -0.0194 0.6858 -0.7275
vn 0.2565 0.9245 -0.2819
vn -0.1619 0.7401 -0.6527
vn 0.1829 0.9526 -0.2432
vn -0.2902 0.7831 -0.5500
vn 0.1167 0.9748 -0.1902
vn -0.3993 0.8133 -0.4233
vn 0.0604 0.9903 -0.1247
vn 0.0604 0.9904 -0.1247
vn -0.4850 0.8293 -0.2775
vn 0.0161 0.9986 -0.0495
vn -0.5440 0.8307 -0.1182
vn -0.0144 0.9994 0.0328
vn -0.5741 0.8174 0.0484
vn -0.0299 0.9925 0.1189
vn -0.5741 0.7898 0.2160
vn -0.0299 0.9782 0.2054
vn -0.5440 0.7490 0.3782
vn -0.0144 0.9572 0.2892
vn -0.4850 0.6967 0.5286
vn 0.0161 0.9301 0.3669
vn -0.3993 0.6348 0.6616
vn 0.0604 0.8982 0.4355
vn 0.0604 0.8981 0.4355
vn -0.2902 0.5656 0.7719
vn 0.1167 0.8625 0.4925
vn 0.1167 0.8624 0.4925
vn -0.1619 0.4919 0.8554
vn 0.1829 0.8244 0.5357
vn 0.1829 0.8244 0.5356
vn -0.0194 0.4165 0.9089
vn 0.2565 0.7854 0.5633
vn 0.2565 0.7855 0.5633
vn 0.1319 0.3423 0.9303
vn 0.3347 0.7471 0.5743
vn 0.2861 0.2721 0.9187
vn 0.2862 0.2721 0.9187
vn 0.4143 0.7109 0.5683
vn 0.4374 0.2086 0.8747
vn 0.4925 0.6781 0.5456
vn 0.5800 0.1543 0.7999
vn 0.5661 0.6500 0.5070
vn 0.7082 0.1113 0.6972
vn 0.6323 0.6278 0.4539
vn 0.8173 0.0812 0.5705
vn 0.8173 0.0811 0.5705
vn 0.6887 0.6122 0.3885
vn 0.9030 0.0651 0.4247
vn 0.7329 0.6040 0.3132
vn 0.9620 0.0637 0.2654
vn 0.7634 0.6032 0.2309
vn 0.7634 0.6033 0.2309
vn 0.9921 0.0771 0.0988
vn 0.9921 0.0771 0.0987
vn 0.7789 0.6101 0.1449
vn 0.9921 0.1047 -0.0688
vn 0.9921 0.1047 -0.0689
vn 0.7789 0.6244 0.0583
vn 0.9620 0.1454 -0.2310
vn 0.7634 0.6454 -0.0254
vn 0.9030 0.1977 -0.3814
vn 0.9030 0.1977 -0.3815
vn 0.7329 0.6725 -0.1031
vn 0.7329 0.6725 -0.1032
vn 0.8173 0.2597 -0.5144
vn 0.6887 0.7044 -0.1718
vn 0.7082 0.3288 -0.6247
vn 0.7082 0.3288 -0.6248
vn 0.6323 0.7402 -0.2288
vn 0.5661 0.7782 -0.2719
vn 0.4188 0.8960 0.1474
vn 0.3555 -0.1944 -0.9142
vn 0.1932 -0.1085 -0.9752
vn 0.5016 -0.2783 -0.8191
vn 0.5534 -0.1834 -0.8125
vn 0.6791 -0.2630 -0.6853
vn 0.6259 -0.3571 -0.6934
vn 0.7778 -0.3344 -0.5321
vn 0.7235 -0.4276 -0.5419
vn 0.8459 -0.3947 -0.3587
vn 0.7907 -0.4873 -0.3706
vn 0.8805 -0.4417 -0.1719
vn 0.8250 -0.5337 -0.1859
vn 0.8805 -0.4735 0.0213
vn 0.8250 -0.5651 0.0051
vn 0.8459 -0.4889 0.2133
vn 0.7907 -0.5803 0.1949
vn 0.7778 -0.4873 0.3969
vn 0.7235 -0.5787 0.3763
vn 0.6791 -0.4688 0.5649
vn 0.6259 -0.5605 0.5424
vn 0.5534 -0.4341 0.7109
vn 0.5534 -0.4340 0.7109
vn 0.5016 -0.5261 0.6867
vn 0.4055 -0.3844 0.8293
vn 0.4056 -0.3844 0.8293
vn 0.3555 -0.4771 0.8037
vn 0.2413 -0.3219 0.9155
vn 0.1931 -0.4152 0.8890
vn 0.0670 -0.2487 0.9663
vn 0.0208 -0.3430 0.9391
vn -0.1108 -0.1678 0.9796
vn -0.1549 -0.2630 0.9523
vn -0.2852 -0.0823 0.9549
vn -0.3273 -0.1784 0.9279
vn -0.4494 0.0046 0.8933
vn -0.4896 -0.0925 0.8670
vn -0.5972 0.0895 0.7971
vn -0.6357 -0.0086 0.7719
vn -0.7229 0.1692 0.6699
vn -0.7600 0.0702 0.6462
vn -0.8217 0.2406 0.5167
vn -0.8576 0.1407 0.4947
vn -0.8897 0.3009 0.3433
vn -0.9248 0.2003 0.3234
vn -0.9244 0.3479 0.1564
vn -0.9244 0.3479 0.1565
vn -0.9591 0.2468 0.1387
vn -0.9244 0.3796 -0.0367
vn -0.9244 0.3797 -0.0367
vn -0.9591 0.2782 -0.0523
vn -0.8897 0.3950 -0.2288
vn -0.9248 0.2934 -0.2421
vn -0.8217 0.3935 -0.4123
vn -0.8576 0.2918 -0.4235
vn -0.8576 0.2918 -0.4236
vn -0.7229 0.3749 -0.5803
vn -0.7229 0.3749 -0.5804
vn -0.7600 0.2735 -0.5896
vn -0.5972 0.3402 -0.7264
vn -0.6357 0.2392 -0.7339
vn -0.4494 0.2906 -0.8447
vn -0.4896 0.1902 -0.8510
vn -0.2852 0.2280 -0.9310
vn -0.3272 0.1283 -0.9362
vn 0.4943 0.6446 0.5832
vn 0.5752 0.6138 0.5407
vn 0.5752 0.6138 0.5408
vn 0.6480 0.5894 0.4824
vn 0.7099 0.5723 0.4105
vn 0.7586 0.5632 0.3277
vn 0.7921 0.5624 0.2372
vn 0.7921 0.5624 0.2373
vn 0.8092 0.5700 0.1427
vn 0.8092 0.5856 0.0475
vn 0.7921 0.6088 -0.0446
vn 0.7921 0.6087 -0.0446
vn 0.7586 0.6385 -0.1300
vn 0.7586 0.6384 -0.1300
vn 0.7100 0.6736 -0.2055
vn 0.7099 0.6736 -0.2054
vn 0.6480 0.7129 -0.2681
vn 0.5752 0.7548 -0.3154
vn 0.5752 0.7547 -0.3156
vn 0.4943 0.7976 -0.3458
vn 0.4943 0.7975 -0.3459
vn 0.4943 0.7975 -0.3460
vn 0.4084 0.8397 -0.3580
vn 0.4084 0.8396 -0.3581
vn 0.3208 0.8795 -0.3514
vn 0.2349 0.9155 -0.3265
vn 0.2349 0.9157 -0.3262
vn 0.1540 0.9464 -0.2840
vn 0.0812 0.9708 -0.2256
vn 0.0812 0.9708 -0.2257
vn 0.0192 0.9879 -0.1538
vn 0.0192 0.9879 -0.1537
vn -0.0294 0.9970 -0.0710
vn -0.0629 0.9978 0.0195
vn -0.0800 0.9902 0.1141
vn -0.0801 0.9902 0.1141
vn -0.0801 0.9746 0.2092
vn -0.0629 0.9515 0.3013
vn -0.0630 0.9514 0.3013
vn -0.0628 0.9515 0.3013
vn -0.0294 0.9217 0.3867
vn -0.0293 0.9218 0.3867
vn 0.0193 0.8866 0.4622
vn 0.0192 0.8866 0.4622
vn 0.0812 0.8473 0.5248
vn 0.4629 0.8852 -0.0474
vn 0.4956 0.8678 -0.0351
vn 0.4890 0.8367 -0.2468
vn 0.5542 0.8022 -0.2223
vn 0.6129 0.7684 -0.1841
vn 0.5251 0.8509 -0.0159
vn 0.6628 0.7368 -0.1336
vn 0.6627 0.7368 -0.1336
vn 0.5501 0.8350 0.0094
vn 0.7020 0.7085 -0.0728
vn 0.5698 0.8208 0.0400
vn 0.7290 0.6845 -0.0040
vn 0.5834 0.8088 0.0745
vn 0.7427 0.6659 0.0702
vn 0.5903 0.7994 0.1118
vn 0.7427 0.6533 0.1469
vn 0.5903 0.7931 0.1503
vn 0.7290 0.6472 0.2231
vn 0.5834 0.7900 0.1886
vn 0.7020 0.6478 0.2960
vn 0.5698 0.7903 0.2251
vn 0.5698 0.7903 0.2252
vn 0.6627 0.6552 0.3627
vn 0.6628 0.6552 0.3627
vn 0.5501 0.7940 0.2586
vn 0.6129 0.6689 0.4206
vn 0.5251 0.8009 0.2877
vn 0.5542 0.6886 0.4676
vn 0.4956 0.8108 0.3113
vn 0.4890 0.7135 0.5019
vn 0.4629 0.8233 0.3285
vn 0.4198 0.7425 0.5220
vn 0.4281 0.8379 0.3386
vn 0.3492 0.7746 0.5273
vn 0.3927 0.8540 0.3413
vn 0.2800 0.8086 0.5175
vn 0.3579 0.8711 0.3364
vn 0.2148 0.8431 0.4931
vn 0.3252 0.8884 0.3241
vn 0.1561 0.8768 0.4549
vn 0.2957 0.9053 0.3049
vn 0.1062 0.9084 0.4044
vn 0.2707 0.9212 0.2795
vn 0.0670 0.9367 0.3435
vn 0.2510 0.9354 0.2490
vn 0.0400 0.9607 0.2747
vn 0.2374 0.9474 0.2145
vn 0.0262 0.9793 0.2005
vn 0.2305 0.9568 0.1772
vn 0.0262 0.9920 0.1238
vn 0.2305 0.9631 0.1387
vn 0.0400 0.9981 0.0476
vn 0.2374 0.9662 0.1004
vn 0.0670 0.9974 -0.0253
vn 0.2510 0.9659 0.0639
vn 0.1062 0.9901 -0.0920
vn 0.2707 0.9622 0.0304
vn 0.1561 0.9763 -0.1499
vn 0.2957 0.9553 0.0013
vn 0.2148 0.9566 -0.1969
vn 0.3252 0.9454 -0.0223
vn 0.2800 0.9318 -0.2311
vn 0.3579 0.9329 -0.0395
vn -0.5890 -0.2203 -0.7775
vn -0.4526 -0.2723 -0.8491
vn -0.7118 -0.1791 -0.6792
vn -0.7118 -0.1792 -0.6792
vn -0.8162 -0.1503 -0.5579
vn -0.8982 -0.1349 -0.4184
vn -0.9547 -0.1336 -0.2660
vn -0.9835 -0.1464 -0.1065
vn -0.9835 -0.1728 0.0540
vn -0.9547 -0.2118 0.2091
vn -0.8982 -0.2619 0.3531
vn -0.8162 -0.3211 0.4804
vn -0.8162 -0.3212 0.4804
vn -0.7118 -0.3873 0.5860
vn -0.5890 -0.4578 0.6659
vn -0.4526 -0.5300 0.7171
vn -0.3078 -0.6010 0.7376
vn -0.3078 -0.6011 0.7376
vn -0.1602 -0.6682 0.7265
vn -0.0154 -0.7290 0.6844
vn 0.1210 -0.7809 0.6128
vn 0.2438 -0.8221 0.5144
vn 0.3482 -0.8510 0.3932
vn 0.4302 -0.8664 0.2536
vn 0.4302 -0.8664 0.2537
vn 0.4867 -0.8677 0.1012
vn 0.5155 -0.8549 -0.0583
vn 0.5155 -0.8285 -0.2187
vn 0.4867 -0.7895 -0.3739
vn 0.4302 -0.7394 -0.5179
vn 0.3482 -0.6801 -0.6451
vn 0.2438 -0.6140 -0.7508
vn 0.1210 -0.5434 -0.8307
vn -0.0154 -0.4712 -0.8819
vn -0.4584 0.8480 -0.2660
vn -0.4585 0.8480 -0.2660
vn -0.5163 0.8493 -0.1100
vn -0.5457 0.8363 0.0533
vn -0.5457 0.8092 0.2175
vn -0.5163 0.7693 0.3763
vn -0.4584 0.7180 0.5237
vn -0.4585 0.7180 0.5237
vn -0.3744 0.6574 0.6539
vn -0.3745 0.6574 0.6539
vn -0.2676 0.5897 0.7620
vn -0.1420 0.5175 0.8438
vn -0.0024 0.4436 0.8962
vn 0.1458 0.3709 0.9172
vn 0.1458 0.3709 0.9171
vn 0.1459 0.3709 0.9171
vn 0.2969 0.3022 0.9058
vn 0.2969 0.3021 0.9058
vn 0.4452 0.2400 0.8627
vn 0.5847 0.1868 0.7894
vn -0.9846 0.0323 -0.1717
vn -0.9846 0.0327 -0.1716
vn -0.4281 0.3105 -0.8487
vn 0.0995 0.9127 -0.3964
vn 0.0996 0.9127 -0.3964
vn -0.5419 -0.5654 0.6218
vn -0.5418 -0.5658 0.6216
vn 0.7858 0.5122 0.3466
vn 0.7859 0.5121 0.3465
vn -0.5942 0.7809 0.1929
vn -0.2441 0.0534 -0.9683
vn -0.1435 0.4069 0.9021
vn -0.1439 0.4074 0.9019
vn -0.7085 -0.2733 0.6506
vn -0.0993 -0.9128 0.3962
vn -0.0992 -0.9127 0.3965
vn -0.0994 -0.9128 0.3962
vn -0.2621 0.5926 -0.7617
vn -0.2625 0.5919 -0.7621
vn -0.2623 0.5923 -0.7618
vn 0.8224 -0.5650 -0.0661
vn 0.8224 -0.5651 -0.0661
vn 0.8221 -0.5655 -0.0662
vn -0.5428 -0.7433 -0.3910
vn -0.5601 -0.0272 0.8280
vn -0.5600 -0.0272 0.8280
vn 0.5941 -0.7809 -0.1928
vn 0.1437 -0.4073 -0.9019
vn 0.1437 -0.4072 -0.9020
vn 0.9846 -0.0326 0.1718
vn 0.9847 -0.0325 0.1715
vn -0.7046 0.2330 -0.6703
vn -0.7047 0.2330 -0.6702
vn 0.3253 0.6919 0.6446
vn 0.3250 0.6918 0.6448
vn 0.7088 0.2731 -0.6504
vn 0.3794 -0.9249 0.0259
vn 0.3796 -0.9248 0.0253
vn 0.5431 0.7433 0.3907
vn -0.9031 -0.1798 0.3899
vn -0.9031 -0.1798 0.3900
vn 0.4789 -0.7185 -0.5044
vn 0.4788 -0.7183 -0.5048
vn 0.4282 -0.3106 0.8486
vn 0.4243 0.8982 0.1150
vn 0.4244 0.8982 0.1147
vn 0.4244 0.8982 0.1148
vn 0.3516 -0.7107 -0.6093
vn 0.3515 -0.6996 -0.6221
vn 0.3514 -0.6996 -0.6221
vn 0.3515 -0.6997 -0.6221
vn 0.4558 -0.7396 -0.4952
vn 0.4558 -0.7396 -0.4951
vn 0.4708 -0.7327 -0.4914
vn 0.4709 -0.7327 -0.4913
vn 0.4510 -0.7700 -0.4513
vn 0.3013 -0.7285 -0.6153
vn 0.5407 -0.0378 0.8404
vn 0.5673 -0.0563 0.8216
vn 0.5673 -0.0564 0.8216
vn 0.7366 -0.6539 0.1727
vn 0.7366 -0.6538 0.1729
vn 0.7263 -0.6873 -0.0083
vn 0.7263 -0.6873 -0.0085
vn 0.5230 -0.0322 0.8517
vn 0.5229 -0.0321 0.8518
vn 0.5230 -0.0321 0.8518
vn 0.7332 -0.6327 0.2492
vn 0.5340 0.1054 0.8389
vn 0.5341 0.1054 0.8388
vn 0.6768 -0.4382 0.5915
vn 0.6768 -0.4383 0.5915
vn 0.8498 0.0122 0.5269
vn 0.8497 0.0122 0.5271
vn 0.8498 0.0121 0.5269
vn 0.4614 -0.3745 0.8043
vn 0.4614 -0.3746 0.8043
vn 0.8221 -0.1209 0.5563
vn 0.8221 -0.1209 0.5564
vn 0.0796 -0.4392 0.8949
vn 0.0795 -0.4392 0.8948
vn 0.7880 -0.1214 0.6035
vn 0.7880 -0.1215 0.6035
vn 0.7880 -0.1214 0.6036
vn -0.1828 -0.4182 0.8898
vn 0.8108 -0.1173 0.5734
vn 0.8108 -0.1172 0.5735
vn 0.8108 -0.1172 0.5734
vn 0.0005 -0.4359 0.9000
vn 0.8408 -0.0805 0.5354
vn 0.8407 -0.0805 0.5354
vn 0.8408 -0.0806 0.5354
vn 0.1078 -0.4348 0.8941
vn 0.8879 -0.1315 0.4407
vn 0.8879 -0.1316 0.4407
vn 0.1781 -0.3561 0.9173
vn 0.1780 -0.3561 0.9173
vn 0.8705 -0.3354 0.3602
vn 0.8706 -0.3354 0.3601
vn 0.3018 -0.0701 0.9508
vn 0.3018 -0.0700 0.9508
vn 0.7549 -0.5104 0.4120
vn 0.7549 -0.5104 0.4118
vn 0.7548 -0.5103 0.4120
vn 0.3323 0.1127 0.9364
vn 0.7070 -0.5312 0.4669
vn 0.7069 -0.5311 0.4672
vn 0.4080 0.3181 0.8558
vn 0.5458 -0.5528 0.6297
vn 0.5459 -0.5529 0.6295
vn 0.5858 0.5486 0.5966
vn 0.3848 -0.4247 0.8195
vn 0.3847 -0.4247 0.8196
vn 0.8640 0.4994 0.0648
vn 0.4164 -0.4550 0.7871
vn 0.7740 0.6273 0.0857
vn 0.7740 0.6274 0.0857
vn 0.6357 -0.5205 0.5701
vn 0.6358 -0.5205 0.5700
vn 0.2859 0.7718 0.5679
vn 0.2859 0.7718 0.5680
vn 0.6745 -0.5105 0.5332
vn 0.6746 -0.5106 0.5331
vn 0.2319 0.6864 0.6893
vn 0.4606 -0.5280 0.7135
vn 0.4606 -0.5278 0.7136
vn 0.4607 -0.5280 0.7135
vn 0.7466 0.5009 0.4378
vn 0.3163 -0.4157 0.8527
vn 0.3162 -0.4157 0.8527
vn 0.9232 0.1656 0.3469
vn 0.2711 -0.3672 0.8898
vn 0.9391 -0.0669 0.3370
vn 0.2752 -0.1592 0.9481
vn 0.2752 -0.1591 0.9481
vn 0.8995 -0.2469 0.3604
vn 0.4117 0.0093 0.9113
vn 0.4118 0.0093 0.9112
vn 0.7816 -0.5347 0.3212
vn 0.7816 -0.5347 0.3211
vn 0.5155 0.0157 0.8568
vn 0.5153 0.0157 0.8569
vn 0.7346 -0.6203 0.2749
vn 0.6729 -0.3721 0.6393
vn 0.6727 -0.3723 0.6394
vn 0.6728 -0.3722 0.6394
vn 0.6849 -0.3388 0.6451
vn 0.6247 -0.3402 0.7028
vn 0.6245 -0.3405 0.7029
vn 0.6244 -0.3406 0.7029
vn 0.6462 -0.2865 0.7073
vn 0.6448 -0.2797 0.7113
vn 0.6446 -0.2802 0.7113
vn 0.6988 -0.3551 0.6209
vn 0.6977 -0.3604 0.6191
vn 0.6980 -0.3591 0.6195
vn 0.6465 -0.2876 0.7067
vn 0.6991 -0.3536 0.6214
vn 0.6514 -0.3123 0.6914
vn 0.6514 -0.3123 0.6915
vn 0.6139 -0.2779 0.7389
vn 0.6204 -0.2730 0.7353
vn 0.6148 -0.2772 0.7383
vn 0.5924 -0.2949 0.7497
vn 0.5150 -0.2991 0.8033
vn 0.5116 -0.3039 0.8037
vn 0.5141 -0.3004 0.8034
vn 0.5108 -0.3050 0.8038
vn 0.5414 -0.2963 0.7868
vn 0.5415 -0.2964 0.7868
vn 0.6207 -0.2730 0.7350
vn 0.6207 -0.2729 0.7350
vn 0.5945 -0.3316 0.7326
vn 0.5945 -0.3315 0.7326
vn 0.5261 -0.3289 0.7843
vn 0.5260 -0.3289 0.7843
vn 0.5260 -0.3288 0.7844
vn 0.5733 -0.2260 0.7876
vn 0.5733 -0.2259 0.7876
vn 0.6208 -0.2687 0.7365
vn 0.6208 -0.2686 0.7365
vn 0.5716 -0.3462 0.7439
vn 0.5436 -0.2307 0.8070
vn 0.6303 -0.0817 0.7721
vn 0.6303 -0.0817 0.7720
vn 0.6723 -0.1486 0.7252
vn 0.6697 -0.1477 0.7278
vn 0.7792 0.1000 0.6188
vn 0.7792 0.1001 0.6188
vn 0.7522 0.0553 0.6566
vn 0.7522 0.0553 0.6567
vn 0.6451 0.1398 0.7512
vn 0.6750 -0.1492 0.7226
vn 0.6750 -0.1493 0.7225
vn 0.6677 0.0803 0.7401
vn 0.6676 0.0803 0.7401
vn 0.7351 -0.1126 0.6686
vn 0.7351 -0.1127 0.6685
vn 0.7232 -0.2838 0.6296
vn 0.7232 -0.2838 0.6297
vn 0.6304 -0.3636 0.6858
vn 0.7068 -0.2655 0.6557
vn 0.6472 -0.2765 0.7105
vn 0.6471 -0.2765 0.7105
vn 0.5895 -0.6635 -0.4606
vn 0.5895 -0.6635 -0.4607
vn 0.4430 -0.7948 -0.4146
vn 0.4430 -0.7948 -0.4147
vn 0.4430 -0.7949 -0.4146
vn 0.3533 -0.5979 -0.7195
vn 0.3532 -0.5979 -0.7195
vn 0.2591 -0.7438 -0.6162
vn 0.2592 -0.7437 -0.6162
vn -0.8245 0.3526 -0.4425
vn -0.8244 0.3525 -0.4428
vn -0.7577 0.3691 -0.5382
vn -0.7579 0.3692 -0.5379
vn -0.3442 -0.2222 -0.9122
vn -0.3263 -0.3257 -0.8874
vn -0.7519 0.3213 -0.5757
vn -0.7520 0.3214 -0.5755
vn -0.2360 -0.3838 -0.8927
vn -0.7351 0.3052 -0.6054
vn -0.7351 0.3053 -0.6054
vn -0.0712 -0.4658 -0.8820
vn -0.0713 -0.4658 -0.8820
vn -0.7636 0.3248 -0.5581
vn -0.7635 0.3248 -0.5582
vn -0.3049 -0.3444 -0.8879
vn -0.3048 -0.3445 -0.8879
vn -0.7164 0.4525 -0.5311
vn -0.7162 0.4524 -0.5314
vn -0.5937 -0.0855 -0.8002
vn -0.5936 -0.0855 -0.8002
vn -0.4004 0.3593 -0.8430
vn -0.4004 0.3593 -0.8429
vn -0.8089 -0.0218 -0.5875
vn -0.4646 0.2363 -0.8534
vn -0.4645 0.2364 -0.8534
vn -0.9583 -0.1510 -0.2425
vn -0.9583 -0.1511 -0.2424
vn -0.9584 -0.1511 -0.2423
vn -0.7831 0.0613 -0.6189
vn -0.7850 0.0560 -0.6169
vn -0.7211 0.0698 -0.6894
vn -0.7210 0.0697 -0.6894
vn -0.7836 0.0598 -0.6183
vn -0.7855 0.0548 -0.6164
vn -0.7038 0.0879 -0.7049
vn -0.6982 0.0928 -0.7098
vn -0.6739 0.0861 -0.7338
vn -0.6713 0.0783 -0.7371
vn -0.6712 0.0783 -0.7371
vn -0.6621 0.0523 -0.7475
vn -0.6621 0.0523 -0.7476
vn -0.5985 -0.0005 -0.8011
vn -0.5989 0.0051 -0.8008
vn -0.5986 0.0008 -0.8010
vn -0.5990 0.0067 -0.8007
vn -0.5990 0.0068 -0.8008
vn -0.6744 0.0861 -0.7333
vn -0.6716 0.0794 -0.7366
vn -0.6199 0.0234 -0.7843
vn -0.6198 0.0234 -0.7844
vn -0.6834 0.0223 -0.7297
vn -0.6832 0.0226 -0.7298
vn -0.6833 0.0225 -0.7298
vn -0.6240 -0.0122 -0.7813
vn -0.6240 -0.0122 -0.7814
vn -0.6722 0.0898 -0.7349
vn -0.6095 0.1000 -0.7865
vn -0.6095 0.0999 -0.7864
vn -0.6095 0.1000 -0.7864
vn -0.6717 -0.0021 -0.7408
vn -0.5869 0.0799 -0.8057
vn -0.5870 0.0799 -0.8057
vn -0.2262 0.2566 -0.9397
vn -0.2261 0.2566 -0.9397
vn -0.2974 0.0853 -0.9509
vn -0.9126 -0.0386 -0.4070
vn -0.9126 -0.0386 -0.4069
vn -0.9176 0.1720 -0.3584
vn -0.9177 0.1720 -0.3582
vn -0.8833 -0.0827 -0.4614
vn -0.8833 -0.0827 -0.4615
vn -0.1810 0.4722 -0.8627
vn -0.1809 0.4722 -0.8627
vn -0.7592 -0.1889 -0.6229
vn -0.7592 -0.1890 -0.6229
vn -0.7592 -0.1890 -0.6228
vn -0.2081 0.7660 -0.6082
vn -0.5553 -0.1691 -0.8143
vn -0.5551 -0.1691 -0.8144
vn -0.4676 0.8806 -0.0769
vn -0.4676 0.8806 -0.0770
vn -0.5979 -0.1779 -0.7816
vn -0.5981 -0.1779 -0.7815
vn -0.5979 -0.1778 -0.7816
vn -0.3235 0.9410 -0.0996
vn -0.8176 -0.1127 -0.5646
vn -0.8177 -0.1127 -0.5646
vn -0.8177 -0.1127 -0.5645
vn 0.1648 0.7965 -0.5818
vn 0.1648 0.7965 -0.5817
vn -0.8452 -0.0832 -0.5279
vn -0.8451 -0.0832 -0.5281
vn 0.1647 0.6935 -0.7013
vn 0.1647 0.6935 -0.7014
vn -0.4761 0.4485 -0.7564
vn -0.5267 0.4103 -0.7444
vn -0.6860 0.2837 -0.6700
vn -0.6521 0.2191 -0.7258
vn -0.6547 0.2200 -0.7232
vn -0.6521 0.2192 -0.7258
vn -0.6102 0.4882 -0.6240
vn -0.6494 0.2183 -0.7285
vn -0.6494 0.2184 -0.7284
vn -0.6112 0.4354 -0.6610
vn -0.5812 0.2527 -0.7735
vn -0.5811 0.2527 -0.7736
vn -0.7305 0.0153 -0.6827
vn -0.7305 0.0154 -0.6827
vn -0.3689 0.8136 -0.4493
vn -0.3689 0.8136 -0.4494
vn -0.6961 0.6246 -0.3539
vn -0.4928 -0.1980 -0.8473
vn -0.4928 -0.1981 -0.8473
vn -0.6739 -0.2143 -0.7071
vn -0.6740 -0.2142 -0.7070
vn -0.6739 -0.2142 -0.7071
vn -0.4289 -0.1820 -0.8848
vn -0.4285 -0.1819 -0.8850
vn -0.4285 -0.1818 -0.8850
vn -0.8330 0.4362 -0.3403
vn -0.3220 -0.0044 -0.9467
vn -0.3219 -0.0044 -0.9468
vn -0.8951 0.2622 -0.3605
vn -0.8951 0.2623 -0.3605
vn -0.7665 0.1331 -0.6283
vn -0.7430 0.1395 -0.6546
vn -0.6985 0.0976 -0.7089
vn -0.6985 0.0975 -0.7089
vn -0.7133 0.0315 -0.7002
vn -0.7132 0.0315 -0.7002
vn -0.7709 0.0317 -0.6362
vn -0.7707 0.0312 -0.6364
vn -0.7633 0.0659 -0.6427
vn -0.7632 0.0658 -0.6428
vn -0.7030 0.0886 -0.7056
vn -0.6981 0.0932 -0.7099
vn -0.9477 -0.0435 -0.3161
vn -0.9531 -0.1402 -0.2682
vn -0.4324 0.2729 -0.8594
vn -0.4325 0.2729 -0.8593
vn -0.3481 0.2115 -0.9133
vn -0.4817 0.2415 -0.8424
vn -0.4818 0.2415 -0.8423
vn -0.4819 0.2415 -0.8423
vn -0.9721 -0.1660 -0.1655
vn -0.9721 -0.1659 -0.1655
vn -0.5147 0.2399 -0.8231
vn -0.5148 0.2399 -0.8231
vn -0.5148 0.2398 -0.8231
vn -0.9803 -0.1969 0.0162
vn -0.9803 -0.1968 0.0161
vn -0.7765 -0.3768 0.5050
vn -0.7766 -0.3768 0.5050
vn -0.7889 -0.4058 0.4615
vn -0.6391 -0.4474 0.6256
vn -0.6724 -0.4057 0.6191
vn -0.6723 -0.4057 0.6192
vn -0.7856 -0.3630 0.5010
vn -0.7856 -0.3631 0.5010
vn -0.7856 -0.3631 0.5009
vn -0.6661 -0.3962 0.6319
vn -0.8283 -0.4943 0.2638
vn -0.8283 -0.4943 0.2639
vn -0.4752 -0.5923 0.6506
vn -0.4752 -0.5923 0.6507
vn 0.4385 -0.8627 -0.2519
vn 0.0853 -0.7647 -0.6387
vn 0.0853 -0.7648 -0.6386
vn -0.7955 -0.4316 0.4254
vn -0.7955 -0.4316 0.4253
vn -0.6114 -0.4826 0.6271
vn -0.6114 -0.4827 0.6270
vn -0.8497 -0.2419 0.4684
vn -0.8497 -0.2419 0.4685
vn -0.6133 -0.3075 0.7276
vn -0.5024 0.2716 0.8208
vn -0.5024 0.2716 0.8209
vn -0.7848 0.3500 0.5115
vn -0.7847 0.3500 0.5115
vn -0.3083 0.6473 0.6972
vn -0.3083 0.6473 0.6971
vn -0.3082 0.6473 0.6972
vn -0.5505 0.7145 0.4317
vn -0.5505 0.7145 0.4318
vn -0.3430 0.8794 0.3300
vn -0.1448 0.8244 0.5472
vn -0.1449 0.8244 0.5471
vn -0.1449 0.8244 0.5472
vn 0.1056 0.9944 0.0033
vn 0.1057 0.9944 0.0035
vn 0.1056 0.9944 0.0034
vn 0.2522 0.9537 0.1639
vn 0.2522 0.9537 0.1638
vn 0.6540 0.6819 -0.3275
vn 0.5611 0.7077 -0.4294
vn 0.5137 0.7860 -0.3441
vn 0.5137 0.7860 -0.3440
vn 0.5852 0.7661 -0.2657
vn 0.5852 0.7661 -0.2658
vn -0.0166 0.9442 0.3288
vn -0.0166 0.9442 0.3289
vn -0.0882 0.9641 0.2504
vn -0.1910 0.9302 0.3133
vn -0.1909 0.9302 0.3134
vn -0.0980 0.9044 0.4152
vn -0.0980 0.9044 0.4153
vn 0.4382 0.8986 -0.0203
vn 0.4383 0.8986 -0.0197
vn 0.4383 0.8986 -0.0199
vn 0.2918 0.9393 -0.1805
vn 0.2917 0.9393 -0.1805
vn 0.5577 0.6128 -0.5598
vn 0.7560 0.5578 -0.3426
vn 0.8438 0.3063 -0.4407
vn 0.6014 0.3736 -0.7062
vn 0.6015 0.3736 -0.7062
vn 0.8484 -0.1282 -0.5136
vn 0.5662 -0.0499 -0.8227
vn -0.2734 0.6078 0.7456
vn -0.2734 0.6078 0.7455
vn -0.2662 0.6230 0.7355
vn 0.4916 -0.8572 0.1537
vn 0.4916 -0.8572 0.1535
vn 0.4916 -0.8572 0.1534
vn 0.4673 -0.8141 0.3448
vn 0.4673 -0.8141 0.3447
vn 0.0830 0.0887 0.9926
vn 0.0830 0.0886 0.9926
vn -0.0987 0.3228 0.9413
vn 0.4561 -0.8122 0.3636
vn 0.4563 -0.8125 0.3628
vn -0.0141 0.2417 0.9702
vn -0.0141 0.2417 0.9703
vn 0.2872 -0.2522 0.9241
vn 0.2871 -0.2522 0.9241
vn 0.2984 -0.3213 0.8987
vn 0.2984 -0.3213 0.8988
vn 0.0543 0.1636 0.9850
vn 0.3214 -0.3715 0.8711
vn 0.3214 -0.3715 0.8710
vn 0.3955 -0.4762 0.7854
vn 0.3953 -0.4763 0.7854
vn 0.3975 -0.4532 0.7978
vn 0.3978 -0.4532 0.7977
vn 0.3976 -0.4532 0.7978
vn 0.4575 -0.4730 0.7529
vn 0.4575 -0.4731 0.7529
vn 0.4378 -0.4905 0.7535
vn 0.4378 -0.4903 0.7536
vn 0.4090 -0.4515 0.7930
vn 0.4089 -0.4516 0.7930
vn 0.4517 -0.4658 0.7609
vn 0.4517 -0.4653 0.7612
vn 0.3671 -0.5505 0.7498
vn 0.3670 -0.5505 0.7498
vn 0.3822 -0.5555 0.7385
vn 0.3247 -0.3880 0.8626
vn 0.3254 -0.3877 0.8625
vn 0.3252 -0.3878 0.8625
vn 0.2746 -0.4830 0.8314
vn 0.2746 -0.4830 0.8315
vn 0.0107 -0.0071 0.9999
vn -0.1888 -0.3524 0.9166
vn 0.7501 -0.5640 0.3455
vn 0.7501 -0.5639 0.3455
vn 0.7501 -0.5640 0.3454
vn 0.5459 -0.8016 0.2438
vn 0.5459 -0.8017 0.2433
vn 0.7782 -0.4090 0.4766
vn -0.3238 -0.6089 0.7241
vn -0.3238 -0.6089 0.7242
vn 0.7342 -0.3316 0.5925
vn 0.7342 -0.3316 0.5924
vn -0.3675 -0.7279 0.5789
vn 0.2056 -0.6282 0.7503
vn 0.2057 -0.6282 0.7503
vn 0.2057 -0.6283 0.7503
vn 0.1859 -0.6737 0.7152
vn 0.3870 -0.5374 0.7493
vn 0.3840 -0.5389 0.7497
vn 0.3005 -0.6506 0.6975
vn 0.3067 -0.6478 0.6973
vn 0.3005 -0.6505 0.6975
vn 0.3829 -0.5360 0.7524
vn 0.3089 -0.6533 0.6912
vn 0.3839 -0.6871 0.6169
vn 0.3383 -0.7241 0.6011
vn 0.3384 -0.7240 0.6011
vn 0.4730 -0.8718 0.1278
vn 0.3043 -0.9495 0.0762
vn 0.3043 -0.9495 0.0761
vn 0.1117 -0.1893 0.9755
vn 0.1116 -0.1893 0.9756
vn 0.2549 -0.1738 0.9512
vn 0.4892 -0.2028 0.8483
vn 0.4891 -0.2027 0.8484
vn -0.1372 -0.9899 0.0369
vn -0.1372 -0.9898 0.0369
vn -0.1372 -0.9899 0.0368
vn 0.6750 -0.3467 0.6513
vn -0.6510 -0.7170 0.2494
vn -0.6509 -0.7170 0.2494
vn 0.0694 -0.8136 0.5772
vn -0.0095 -0.8296 0.5583
vn -0.0095 -0.8295 0.5584
vn -0.6301 -0.7698 0.1023
vn -0.6300 -0.7698 0.1024
vn 0.1748 -0.8904 0.4204
vn 0.1748 -0.8903 0.4204
vn 0.1749 -0.8903 0.4203
vn -0.0876 -0.9487 -0.3037
vn 0.1824 -0.8509 0.4926
vn 0.0693 -0.9546 -0.2897
vn 0.0694 -0.9546 -0.2896
vn -0.3310 -0.9259 0.1818
vn 0.3130 -0.2275 0.9221
vn 0.3131 -0.2275 0.9221
vn 0.5837 -0.2343 0.7774
vn 0.5836 -0.2343 0.7775
vn 0.5835 -0.2343 0.7775
vn -0.6025 -0.7559 -0.2561
vn -0.6026 -0.7558 -0.2561
vn -0.6026 -0.7558 -0.2560
vn -0.0459 -0.8022 -0.5953
vn -0.6569 -0.6554 -0.3726
vn -0.6569 -0.6553 -0.3729
vn -0.6569 -0.6554 -0.3728
vn -0.0809 -0.7375 -0.6705
vn -0.0809 -0.7374 -0.6706
vn -0.0103 0.8656 -0.5006
vn -0.0102 0.8656 -0.5006
vn -0.2869 0.8837 -0.3698
vn -0.2869 0.8839 -0.3694
vn -0.2868 0.8837 -0.3698
vn -0.7228 -0.2004 -0.6613
vn -0.1985 -0.4586 -0.8662
vn -0.1985 -0.4587 -0.8661
vn -0.4398 0.3010 -0.8462
vn -0.4275 0.2246 -0.8757
vn -0.4275 0.2247 -0.8757
vn -0.3117 -0.5337 -0.7861
vn -0.8542 -0.3548 -0.3800
vn -0.6118 0.2856 -0.7377
vn -0.3589 0.5769 -0.7337
vn -0.3631 0.5784 -0.7305
vn -0.3545 0.5756 -0.7369
vn -0.3588 0.5770 -0.7337
vn -0.2762 0.6872 -0.6719
vn -0.2741 0.6866 -0.6734
vn -0.2783 0.6880 -0.6703
vn -0.2749 0.5325 -0.8005
vn -0.2748 0.5325 -0.8005
vn -0.3178 0.4911 -0.8111
vn -0.0485 0.0938 -0.9944
vn -0.0484 0.0938 -0.9944
vn -0.1871 -0.0396 -0.9815
vn -0.3244 0.8988 -0.2948
vn -0.3244 0.8988 -0.2949
vn -0.4539 0.8579 -0.2409
vn -0.4538 0.8578 -0.2412
vn -0.1049 0.8968 -0.4298
vn -0.1049 0.8969 -0.4297
vn -0.5291 -0.2644 -0.8063
vn -0.5290 -0.2644 -0.8064
vn 0.0752 0.7646 -0.6401
vn 0.0752 0.7646 -0.6402
vn -0.9188 -0.2211 -0.3270
vn -0.9188 -0.2212 -0.3269
vn -0.5527 0.3382 -0.7616
vn -0.5527 0.3383 -0.7616
vn -0.0281 0.7772 -0.6286
vn -0.8769 -0.4747 -0.0748
vn -0.8769 -0.4748 -0.0748
vn -0.8211 -0.5511 -0.1489
vn -0.8210 -0.5512 -0.1489
vn -0.8210 -0.5511 -0.1489
vn -0.1886 -0.7597 -0.6223
vn -0.1887 -0.7597 -0.6223
vn -0.2508 0.8509 -0.4616
vn -0.2508 0.8509 -0.4617
vn -0.1619 -0.8092 -0.5648
vn -0.1618 -0.8093 -0.5647
vn -0.1619 -0.8092 -0.5647
vn -0.7943 -0.6006 -0.0914
vn 0.3718 -0.3023 0.8777
vn 0.3717 -0.3023 0.8778
vn 0.5943 -0.3756 0.7112
vn 0.5942 -0.3755 0.7113
vn -0.8419 -0.5397 0.0006
vn -0.8419 -0.5396 0.0005
vn -0.8419 -0.5396 0.0006
vn -0.4634 -0.7190 -0.5179
vn -0.4628 -0.7195 -0.5177
vn -0.4631 -0.7193 -0.5178
vn -0.4089 -0.8197 -0.4010
vn -0.4088 -0.8196 -0.4014
vn 0.1040 -0.8060 -0.5827
vn 0.1040 -0.8059 -0.5828
vn 0.0285 -0.6660 -0.7454
vn 0.2804 -0.5484 -0.7878
vn 0.3686 -0.7116 -0.5981
vn 0.3686 -0.7117 -0.5980
vn 0.7413 -0.4346 -0.5115
vn 0.6430 -0.2527 -0.7230
vn -0.6220 0.7412 -0.2527
vn -0.6219 0.7412 -0.2527
vn -0.7704 0.4908 -0.4069
vn -0.7704 0.4909 -0.4069
vn 0.8942 0.2264 -0.3863
vn 0.8941 0.2265 -0.3864
vn 0.1824 0.3435 -0.9213
vn 0.1824 0.3436 -0.9212
vn 0.4116 0.5916 -0.6933
vn -0.1527 0.6517 -0.7430
vn -0.0842 0.7213 -0.6875
vn -0.2952 0.6758 -0.6754
vn -0.2953 0.6758 -0.6754
vn -0.2000 0.7407 -0.6414
vn -0.1998 0.7412 -0.6409
vn -0.1999 0.7409 -0.6412
vn -0.2800 0.6708 -0.6867
vn -0.2422 0.7551 -0.6092
vn -0.2428 0.7548 -0.6093
vn -0.2425 0.7550 -0.6092
vn -0.2598 0.7366 -0.6244
vn -0.2595 0.7368 -0.6244
vn -0.2598 0.7367 -0.6244
vn -0.2173 0.7228 -0.6560
vn -0.2173 0.7226 -0.6562
vn -0.2173 0.7227 -0.6562
vn -0.2544 0.7541 -0.6055
vn -0.2545 0.7541 -0.6054
vn -0.1945 0.7343 -0.6504
vn -0.1945 0.7343 -0.6503
vn -0.0043 0.7284 -0.6852
vn -0.0043 0.7283 -0.6852
vn -0.0660 0.7250 -0.6855
vn -0.0660 0.7251 -0.6855
vn 0.6096 0.5823 -0.5379
vn 0.5243 0.6371 -0.5649
vn 0.5243 0.6372 -0.5649
vn -0.7397 0.4330 -0.5152
vn -0.7397 0.4329 -0.5152
vn -0.6910 0.4874 -0.5338
vn -0.6911 0.4873 -0.5338
vn -0.7051 0.4851 -0.5172
vn -0.7052 0.4851 -0.5172
vn -0.7052 0.4851 -0.5171
vn 0.6981 0.5064 -0.5061
vn -0.8303 0.3883 -0.3997
vn -0.8304 0.3883 -0.3996
vn -0.8304 0.3882 -0.3996
vn 0.4554 0.6561 -0.6018
vn 0.4555 0.6561 -0.6017
vn 0.0666 0.7419 -0.6672
vn -0.1132 0.7715 -0.6261
vn 0.0197 0.7664 -0.6421
vn 0.0197 0.7663 -0.6421
vn 0.0197 0.7664 -0.6420
vn -0.2342 0.8114 -0.5355
vn -0.2770 0.8642 -0.4200
vn -0.2771 0.8642 -0.4200
vn -0.1875 -0.0323 -0.9817
vn -0.1876 -0.0323 -0.9817
vn -0.8561 0.1883 -0.4813
vn -0.8561 0.1882 -0.4813
vn -0.0403 0.1279 -0.9910
vn -0.0403 0.1278 -0.9910
vn -0.0404 0.1279 -0.9910
vn -0.3707 0.9286 0.0171
vn -0.3707 0.9286 0.0166
vn -0.3707 0.9286 0.0172
vn -0.1323 0.2960 -0.9460
vn -0.1323 0.2961 -0.9459
vn -0.3922 0.8661 0.3100
vn -0.1491 0.3084 -0.9395
vn -0.1490 0.3082 -0.9396
vn -0.3732 0.9065 0.1976
vn -0.3731 0.9064 0.1979
vn -0.1443 0.2363 -0.9609
vn -0.1442 0.2362 -0.9610
vn -0.3587 0.9285 0.0962
vn -0.0182 0.2428 -0.9699
vn -0.0182 0.2426 -0.9700
vn -0.0182 0.2426 -0.9699
vn -0.4696 0.8822 -0.0337
vn 0.1899 0.4733 -0.8602
vn 0.1897 0.4732 -0.8603
vn 0.1898 0.4732 -0.8603
vn -0.7266 0.6434 -0.2408
vn -0.7266 0.6435 -0.2408
vn -0.7267 0.6434 -0.2408
vn 0.2126 0.6380 -0.7401
vn 0.2126 0.6379 -0.7402
vn -0.8453 0.3566 -0.3980
vn -0.8452 0.3566 -0.3981
vn 0.1548 0.7406 -0.6539
vn -0.8589 0.1821 -0.4787
vn -0.4704 0.5414 -0.6969
vn -0.4531 0.5913 -0.6672
vn -0.4530 0.5912 -0.6672
vn -0.9789 -0.1330 0.1549
vn -0.9789 -0.1330 0.1548
vn -0.9374 -0.3474 -0.0223
vn -0.8908 -0.2963 0.3446
vn -0.8907 -0.2963 0.3446
vn -0.8619 -0.4872 0.1402
vn -0.8619 -0.4874 0.1403
vn -0.8619 -0.4873 0.1403
vn -0.8759 0.2483 0.4137
vn -0.8758 0.2483 0.4138
vn -0.7776 0.0664 0.6253
vn -0.4343 0.6648 0.6078
vn -0.4343 0.6646 0.6081
vn -0.4343 0.6646 0.6080
vn -0.3556 0.5189 0.7773
vn -0.3557 0.5190 0.7773
vn -0.3555 0.5189 0.7774
vn -0.1835 0.6333 0.7518
vn -0.1834 0.6333 0.7519
vn -0.2414 0.7404 0.6273
vn -0.2413 0.7404 0.6273
vn -0.2413 0.7404 0.6274
vn -0.2229 0.6292 0.7446
vn -0.2228 0.6291 0.7447
vn -0.2703 0.7169 0.6426
vn -0.2702 0.7168 0.6428
vn -0.3022 0.6897 0.6580
vn 0.4407 -0.8467 0.2980
vn 0.4407 -0.8467 0.2982
vn 0.4408 -0.8467 0.2980
vn -0.3785 0.7262 -0.5739
vn -0.3785 0.7262 -0.5740
vn -0.3148 0.7974 -0.5149
vn -0.3150 0.7973 -0.5149
vn -0.3149 0.7973 -0.5149
vn -0.3152 0.8072 -0.4990
vn -0.3258 0.8344 -0.4445
vn -0.3183 0.8689 -0.3790
vn -0.3183 0.8690 -0.3789
vn -0.3188 0.6918 0.6479
vn -0.3189 0.6919 0.6478
vn -0.1651 0.8405 0.5161
vn -0.1650 0.8405 0.5161
vn -0.0304 0.5910 0.8061
vn 0.8279 0.5129 -0.2270
vn 0.8279 0.5129 -0.2269
vn 0.9626 0.2633 0.0632
vn -0.3617 -0.7276 0.5829
vn -0.3617 -0.7277 0.5828
vn 0.3071 -0.9481 0.0827
vn 0.3071 -0.9481 0.0828
vn 0.6338 -0.3704 0.6790
vn 0.3369 -0.2726 0.9012
vn 0.3370 -0.2726 0.9012
vn 0.5246 -0.4094 0.7464
vn 0.5246 -0.4095 0.7464
vn 0.4035 -0.3695 0.8370
vn 0.6724 -0.3791 0.6358
vn 0.6724 -0.3791 0.6357
vn 0.9091 -0.1836 0.3740
vn 0.9915 -0.0366 0.1251
vn 0.9915 -0.0367 0.1251
vn -0.2986 -0.5965 0.7450
vn -0.2986 -0.5966 0.7449
vn -0.2985 -0.5965 0.7450
vn -0.1055 -0.6252 0.7733
vn -0.0856 -0.6336 0.7689
vn -0.0857 -0.6336 0.7689
vn 0.9686 -0.0823 0.2345
vn -0.1548 -0.6503 0.7437
vn -0.1547 -0.6503 0.7438
vn 0.9374 -0.1276 0.3240
vn 0.6200 -0.4274 0.6580
vn 0.6199 -0.4274 0.6580
vn 0.5706 -0.4537 0.6845
vn 0.8919 -0.2978 0.3404
vn 0.8919 -0.2978 0.3403
vn 0.5558 -0.4640 0.6897
vn 0.5558 -0.4638 0.6899
vn 0.5558 -0.4639 0.6898
vn 0.7202 -0.6523 0.2362
vn 0.5004 -0.5575 0.6624
vn 0.5003 -0.5575 0.6624
vn -0.0617 -0.2962 0.9531
vn -0.0616 -0.2963 0.9531
vn -0.2061 -0.5535 0.8069
vn -0.2062 -0.5535 0.8069
vn 0.9729 0.0806 -0.2167
vn 0.9727 0.0808 -0.2175
vn 0.9728 0.0807 -0.2170
vn 0.9611 0.2557 -0.1048
vn 0.9032 0.3628 -0.2293
vn 0.9134 0.3264 -0.2432
vn 0.9608 0.2387 -0.1413
vn 0.9608 0.2387 -0.1412
vn 0.9588 0.2189 -0.1813
vn 0.9227 0.2857 -0.2589
vn 0.9632 0.1997 -0.1797
vn 0.9177 0.2840 -0.2779
vn 0.9177 0.2840 -0.2778
vn -0.4681 -0.8579 0.2120
vn -0.4686 -0.8577 0.2115
vn -0.4684 -0.8577 0.2119
vn -0.6975 -0.2747 0.6618
vn -0.6974 -0.2748 0.6619
vn -0.6975 -0.2748 0.6618
vn 0.6322 -0.2994 0.7147
vn 0.5911 0.2292 0.7734
vn 0.5910 0.2293 0.7734
vn 0.1504 0.9733 0.1734
vn 0.1499 0.9733 0.1736
vn 0.1499 0.9734 0.1732
vn -0.6976 -0.2747 0.6617
vn 0.1502 0.9733 0.1735
vn 0.1500 0.9734 0.1734
vn -0.2575 -0.9647 -0.0545
vn -0.2577 -0.9647 -0.0544
vn -0.2575 -0.9647 -0.0544
vn -0.2572 -0.9649 -0.0535
vn -0.2572 -0.9648 -0.0548
vn -0.6688 0.0464 0.7420
vn -0.6690 0.0464 0.7418
vn -0.6689 0.0464 0.7419
vn -0.6149 0.2410 0.7509
vn -0.6148 0.2409 0.7510
vn -0.6150 0.2410 0.7508
vn -0.6152 0.2411 0.7506
vn 0.1032 0.9693 0.2233
vn 0.1030 0.9693 0.2234
vn 0.1028 0.9692 0.2236
vn 0.1029 0.9694 0.2229
vn -0.1918 -0.9731 -0.1279
vn -0.1920 -0.9730 -0.1282
vn -0.1920 -0.9730 -0.1284
vn -0.1924 -0.9728 -0.1286
vn -0.0914 0.9064 0.4125
vn -0.0916 0.9067 0.4117
vn -0.0913 0.9064 0.4125
vn -0.0913 0.9063 0.4127
vn -0.2316 -0.9692 -0.0838
vn -0.2315 -0.9693 -0.0830
vn -0.2314 -0.9693 -0.0835
vn -0.2320 -0.9691 -0.0837
vn -0.2317 -0.9691 -0.0843
vn -0.5473 0.4041 0.7329
vn -0.5471 0.4040 0.7331
vn -0.5474 0.4042 0.7328
vn 0.2625 0.9637 0.0477
vn 0.2626 0.9637 0.0475
vn 0.2627 0.9637 0.0476
vn 0.2628 0.9637 0.0478
vn -0.6362 -0.6016 0.4830
vn -0.6365 -0.6016 0.4827
vn -0.6364 -0.6015 0.4828
vn -0.6364 -0.6016 0.4828
vn -0.6364 -0.6017 0.4826
vn -0.4895 0.5110 0.7066
vn -0.4890 0.5108 0.7070
vn -0.4889 0.5108 0.7071
vn -0.4888 0.5107 0.7073
vn -0.4888 0.5109 0.7071
vn 0.5116 0.8144 -0.2740
vn 0.5119 0.8142 -0.2739
vn 0.5117 0.8142 -0.2743
vn -0.6894 -0.3813 0.6158
vn -0.6892 -0.3813 0.6162
vn -0.6893 -0.3813 0.6160
vn -0.6894 -0.3813 0.6159
vn -0.6892 -0.3814 0.6161
vn -0.4483 0.5744 0.6849
vn -0.4485 0.5743 0.6848
vn -0.4484 0.5745 0.6848
vn -0.4485 0.5746 0.6846
vn -0.3624 0.6860 0.6309
vn -0.3626 0.6864 0.6304
vn -0.3624 0.6864 0.6305
vn -0.3625 0.6860 0.6308
vn -0.3628 0.6865 0.6302
vn 0.6208 0.6408 -0.4517
vn 0.6207 0.6407 -0.4519
vn 0.6206 0.6407 -0.4520
vn 0.6210 0.6405 -0.4518
vn -0.6737 -0.4752 0.5659
vn -0.6733 -0.4752 0.5664
vn -0.6733 -0.4754 0.5663
vn -0.6732 -0.4753 0.5665
vn -0.4721 0.5382 0.6982
vn -0.4722 0.5385 0.6979
vn -0.4721 0.5387 0.6978
vn -0.4720 0.5386 0.6980
vn -0.4041 0.6357 0.6577
vn -0.4038 0.6356 0.6580
vn -0.4039 0.6356 0.6579
vn -0.3990 0.6396 0.6570
vn -0.4042 0.6356 0.6578
vn -0.4022 0.6381 0.6566
vn -0.3997 0.6408 0.6555
vn -0.4038 0.6395 0.6542
vn -0.3997 0.6406 0.6556
vn 0.2833 0.9587 0.0244
vn 0.2836 0.9587 0.0239
vn 0.2833 0.9587 0.0239
vn 0.2831 0.9588 0.0240
vn -0.3895 -0.9149 0.1060
vn -0.3896 -0.9147 0.1070
vn -0.3897 -0.9149 0.1054
vn -0.3892 -0.9149 0.1070
vn -0.3895 -0.9149 0.1063
vn 0.2776 0.9602 0.0307
vn 0.2778 0.9601 0.0304
vn 0.2775 0.9603 0.0302
vn 0.2774 0.9603 0.0303
vn 0.2774 0.9603 0.0302
vn -0.4949 -0.8324 0.2492
vn -0.4949 -0.8323 0.2496
vn -0.4951 -0.8324 0.2490
vn -0.4947 -0.8325 0.2493
vn 0.3115 0.9502 -0.0094
vn 0.3114 0.9502 -0.0098
vn 0.3114 0.9502 -0.0094
vn 0.3116 0.9502 -0.0097
vn -0.4363 -0.8840 0.1680
vn -0.4361 -0.8840 0.1683
vn -0.4363 -0.8840 0.1679
vn -0.4363 -0.8840 0.1678
vn -0.4367 -0.8839 0.1672
vn -0.3462 0.7053 0.6186
vn -0.3458 0.7049 0.6193
vn -0.3459 0.7051 0.6191
vn -0.3461 0.7051 0.6189
vn -0.1143 0.8945 0.4322
vn -0.1145 0.8942 0.4329
vn -0.1144 0.8943 0.4327
vn -0.1141 0.8945 0.4323
vn -0.1142 0.8942 0.4329
vn 0.4683 0.8577 -0.2121
vn 0.4684 0.8578 -0.2116
vn 0.4683 0.8578 -0.2116
vn 0.4682 0.8577 -0.2125
vn 0.4686 0.8577 -0.2115
vn 0.4683 0.8578 -0.2118
vn 0.4682 0.8578 -0.2119
vn 0.4684 0.8577 -0.2118
vn 0.4680 0.8579 -0.2121
vn 0.4683 0.8578 -0.2119
vn 0.4685 0.8577 -0.2116
vn 0.4687 0.8577 -0.2115
vn 0.6967 0.1729 -0.6962
vn 0.6967 0.1728 -0.6962
vn 0.6969 0.1727 -0.6960
vn 0.6969 0.1727 -0.6961
vn 0.6701 -0.0407 -0.7412
vn 0.6706 -0.0408 -0.7407
vn 0.6700 -0.0406 -0.7412
vn 0.6700 -0.0407 -0.7412
vn 0.6848 0.0461 -0.7273
vn 0.6850 0.0460 -0.7271
vn 0.6849 0.0461 -0.7272
vn 0.6849 0.0460 -0.7272
vn 0.6728 -0.0263 -0.7393
vn 0.6730 -0.0263 -0.7392
vn 0.6732 -0.0264 -0.7390
vn 0.6731 -0.0263 -0.7391
vn 0.6728 -0.0263 -0.7394
vn -0.3110 -0.9504 0.0091
vn -0.3111 -0.9503 0.0087
vn -0.3109 -0.9504 0.0095
vn -0.3109 -0.9504 0.0091
vn 0.4070 0.9042 -0.1293
vn 0.4070 0.9042 -0.1295
vn 0.4071 0.9042 -0.1293
vn 0.4073 0.9042 -0.1290
vn 0.6733 -0.0264 -0.7389
vn 0.6712 -0.0197 -0.7410
vn 0.6738 -0.0214 -0.7386
vn 0.6771 -0.0221 -0.7356
vn 0.6748 -0.0170 -0.7378
vn 0.6750 -0.0171 -0.7376
vn 0.6746 -0.0167 -0.7380
vn 0.6168 -0.2368 -0.7506
vn 0.6167 -0.2367 -0.7507
vn 0.6169 -0.2368 -0.7505
vn 0.6165 -0.2366 -0.7509
vn 0.5757 -0.3422 -0.7426
vn 0.5755 -0.3422 -0.7428
vn 0.5755 -0.3422 -0.7427
vn -0.5609 -0.7507 0.3489
vn -0.5611 -0.7506 0.3491
vn -0.5613 -0.7506 0.3486
vn -0.5609 -0.7506 0.3493
vn -0.5606 -0.7507 0.3494
vn 0.6389 0.5956 -0.4869
vn 0.6389 0.5954 -0.4871
vn 0.6391 0.5956 -0.4867
vn 0.6387 0.5956 -0.4871
vn 0.6387 0.5956 -0.4872
vn -0.5598 -0.7521 0.3477
vn -0.5598 -0.7522 0.3476
vn -0.5600 -0.7522 0.3473
vn -0.5598 -0.7523 0.3473
vn 0.6836 0.4200 -0.5969
vn 0.6837 0.4200 -0.5968
vn 0.6837 0.4200 -0.5967
vn 0.6838 0.4200 -0.5967
vn 0.6840 0.4200 -0.5964
vn 0.6741 -0.0205 -0.7384
vn 0.6739 -0.0206 -0.7385
vn 0.6740 -0.0206 -0.7384
vn 0.6741 -0.0207 -0.7383
vn 0.6740 -0.0206 -0.7385
vn 0.6100 -0.2553 -0.7501
vn 0.6102 -0.2554 -0.7500
vn 0.6100 -0.2554 -0.7501
vn 0.6102 -0.2555 -0.7499
vn 0.6100 -0.2553 -0.7502
vn -0.2851 -0.9583 -0.0215
vn -0.2855 -0.9581 -0.0221
vn -0.2851 -0.9583 -0.0219
vn -0.2850 -0.9583 -0.0220
vn 0.4048 0.9056 -0.1267
vn 0.4047 0.9056 -0.1265
vn 0.4048 0.9056 -0.1265
vn 0.4051 0.9055 -0.1261
vn 0.4051 0.9055 -0.1265
vn 0.5533 -0.3921 -0.7349
vn 0.5526 -0.3920 -0.7355
vn 0.5530 -0.3921 -0.7352
vn 0.5528 -0.3920 -0.7354
vn 0.2680 -0.7832 -0.5610
vn 0.2684 -0.7830 -0.5612
vn 0.2685 -0.7826 -0.5616
vn 0.2680 -0.7825 -0.5619
vn 0.6531 -0.1166 -0.7483
vn 0.6530 -0.1166 -0.7483
vn 0.6527 -0.1166 -0.7486
vn 0.6526 -0.1166 -0.7486
vn 0.4455 -0.5783 -0.6835
vn 0.4454 -0.5782 -0.6836
vn 0.4453 -0.5782 -0.6836
vn 0.4459 -0.5784 -0.6831
vn 0.4455 -0.5782 -0.6836
vn -0.1998 -0.9726 -0.1188
vn -0.2005 -0.9724 -0.1195
vn -0.2001 -0.9725 -0.1189
vn -0.2002 -0.9726 -0.1185
vn -0.2003 -0.9724 -0.1197
vn 0.2929 0.9561 0.0118
vn 0.2928 0.9561 0.0120
vn 0.2931 0.9560 0.0119
vn 0.2937 0.9558 0.0119
vn -0.1735 -0.9736 -0.1484
vn -0.1734 -0.9736 -0.1484
vn -0.1733 -0.9737 -0.1480
vn -0.1733 -0.9737 -0.1479
vn 0.5571 0.7562 -0.3432
vn 0.5572 0.7564 -0.3426
vn 0.5569 0.7563 -0.3435
vn 0.5567 0.7565 -0.3432
vn 0.5565 0.7564 -0.3438
vn 0.4132 -0.6236 -0.6637
vn 0.4135 -0.6237 -0.6633
vn 0.4135 -0.6236 -0.6634
vn 0.4128 -0.6234 -0.6640
vn 0.4130 -0.6235 -0.6639
vn 0.1849 -0.8498 -0.4936
vn 0.1847 -0.8496 -0.4940
vn 0.1843 -0.8496 -0.4941
vn -0.4342 -0.8856 0.1651
vn -0.4340 -0.8857 0.1652
vn -0.4340 -0.8856 0.1653
vn -0.4343 -0.8855 0.1650
vn -0.4342 -0.8855 0.1652
vn 0.5014 0.8256 -0.2587
vn 0.5013 0.8255 -0.2593
vn 0.5018 0.8255 -0.2583
vn 0.5017 0.8257 -0.2579
vn 0.1848 -0.8498 -0.4936
vn 0.1848 -0.8498 -0.4937
vn 0.1850 -0.8498 -0.4935
vn 0.1845 -0.8497 -0.4938
vn -0.4687 -0.8577 0.2112
vn -0.4687 -0.8576 0.2118
vn -0.4686 -0.8576 0.2119
vn -0.4683 -0.8578 0.2116
vn -0.4683 -0.8577 0.2121
vn 0.5174 -0.4605 -0.7213
vn 0.5178 -0.4608 -0.7208
vn 0.5175 -0.4606 -0.7212
vn 0.5179 -0.4608 -0.7207
vn 0.5177 -0.4607 -0.7209
vn -0.4683 -0.8578 0.2120
vn -0.4684 -0.8579 0.2112
vn -0.4682 -0.8578 0.2122
vn -0.4683 -0.8578 0.2117
vn -0.4685 -0.8578 0.2117
vn -0.4683 -0.8578 0.2119
vn -0.4684 -0.8578 0.2115
vn -0.5179 0.4608 0.7207
vn -0.5180 0.4606 0.7208
vn -0.5181 0.4609 0.7205
vn -0.5177 0.4607 0.7210
vn -0.5179 0.4607 0.7208
vn -0.4684 -0.8578 0.2114
vn -0.4683 -0.8578 0.2118
vn -0.7888 0.1532 -0.5953
vn -0.7888 0.1533 -0.5952
vn -0.9218 0.1220 -0.3680
vn -0.9219 0.1222 -0.3677
vn -0.8303 0.3454 -0.4374
vn -0.8302 0.3452 -0.4378
vn -0.9145 0.1017 -0.3915
vn -0.9145 0.1018 -0.3916
vn -0.6709 0.6308 -0.3898
vn -0.6710 0.6308 -0.3898
vn -0.6440 -0.1251 -0.7547
vn -0.6441 -0.1251 -0.7546
vn -0.6679 -0.1179 -0.7349
vn -0.6680 -0.1179 -0.7347
vn -0.6678 -0.1179 -0.7349
vn -0.7196 0.1014 -0.6869
vn -0.7197 0.1014 -0.6869
vn -0.7827 -0.2442 -0.5724
vn -0.7828 -0.2442 -0.5724
vn -0.6832 -0.0552 -0.7282
vn -0.6833 -0.0552 -0.7281
vn -0.6602 0.0747 -0.7474
vn -0.6602 0.0748 -0.7473
vn -0.6605 0.1095 -0.7428
vn -0.6604 0.1095 -0.7429
vn -0.6241 0.1344 -0.7697
vn -0.6242 0.1344 -0.7696
vn -0.6243 0.1344 -0.7696
vn -0.7999 0.2907 -0.5250
vn -0.7999 0.2908 -0.5250
vn -0.8867 0.1260 -0.4449
vn -0.8867 0.1261 -0.4449
vn -0.8005 0.2472 -0.5459
vn -0.8094 -0.1977 -0.5531
vn -0.8094 -0.1976 -0.5530
vn -0.7753 0.2622 -0.5746
vn -0.7894 0.2942 -0.5388
vn -0.7888 0.2936 -0.5399
vn -0.7894 0.2941 -0.5388
vn -0.7252 0.3837 -0.5717
vn -0.7888 0.2935 -0.5400
vn -0.7878 0.2924 -0.5422
vn -0.6289 0.1512 -0.7627
vn -0.6281 0.1505 -0.7635
vn -0.6280 0.1505 -0.7635
vn -0.6306 0.1526 -0.7610
vn -0.6289 0.1512 -0.7626
vn -0.6644 0.1618 -0.7296
vn -0.6644 0.1618 -0.7297
vn -0.6644 0.1617 -0.7296
vn -0.6518 0.2482 -0.7167
vn -0.6518 0.2482 -0.7166
vn -0.6517 0.2482 -0.7167
vn -0.6313 0.1534 -0.7602
vn -0.6306 0.1526 -0.7609
vn -0.6583 0.0328 -0.7520
vn -0.6584 0.0327 -0.7519
vn -0.6584 0.0328 -0.7520
vn -0.6678 0.0968 -0.7380
vn -0.6666 0.0934 -0.7395
vn -0.6663 0.0935 -0.7398
vn -0.1960 0.8777 -0.4373
vn -0.1959 0.8778 -0.4372
vn -0.8166 0.2271 -0.5307
vn -0.8145 0.2271 -0.5339
vn -0.8166 0.2272 -0.5306
vn -0.7877 0.2924 -0.5422
vn -0.7872 0.2919 -0.5433
vn -0.7478 0.4353 -0.5014
vn -0.7476 0.4353 -0.5015
vn -0.7478 0.4353 -0.5013
vn -0.8562 -0.0058 -0.5166
vn -0.8563 -0.0057 -0.5165
vn -0.8158 0.2270 -0.5319
vn -0.8123 0.2271 -0.5372
vn -0.7760 -0.2436 -0.5818
vn -0.7762 -0.2435 -0.5816
vn -0.7762 -0.2436 -0.5816
vn -0.7794 0.2860 -0.5574
vn -0.7812 0.2809 -0.5575
vn -0.7669 0.2693 -0.5825
vn -0.7671 0.2692 -0.5824
vn -0.7670 0.2693 -0.5824
vn -0.6445 0.1592 -0.7479
vn -0.6411 0.1630 -0.7499
vn -0.6411 0.1630 -0.7500
vn -0.6693 0.1000 -0.7362
vn -0.6671 0.0947 -0.7389
vn -0.6589 0.1823 -0.7298
vn -0.6618 0.1727 -0.7295
vn -0.6618 0.1727 -0.7296
vn -0.5088 -0.7374 -0.4443
vn -0.6582 0.1827 -0.7304
vn -0.6592 0.1826 -0.7295
vn -0.6478 0.1554 -0.7458
vn -0.6412 0.1628 -0.7499
vn -0.6680 0.1644 -0.7258
vn -0.6682 0.1644 -0.7256
vn -0.6679 0.1644 -0.7258
vn -0.6325 0.1839 -0.7524
vn -0.6326 0.1839 -0.7523
vn -0.6407 0.1665 -0.7495
vn -0.6407 0.1662 -0.7496
vn -0.6575 0.1846 -0.7305
vn -0.6573 0.1847 -0.7307
vn -0.7671 0.3040 -0.5649
vn -0.7672 0.3039 -0.5648
vn -0.7773 0.2879 -0.5594
vn -0.7775 0.2878 -0.5591
vn -0.8420 0.1186 -0.5262
vn -0.8421 0.1188 -0.5261
vn -0.8421 0.1188 -0.5260
vn -0.7617 0.2760 -0.5861
vn -0.7618 0.2759 -0.5862
vn -0.7617 0.2762 -0.5861
vn -0.7623 0.3222 -0.5613
vn -0.7612 0.3199 -0.5641
vn -0.6199 0.4211 -0.6621
vn -0.6199 0.4210 -0.6622
vn -0.7625 0.3225 -0.5608
vn -0.7617 0.3214 -0.5626
vn -0.8238 0.2072 -0.5277
vn -0.8239 0.2072 -0.5276
vn -0.8238 0.2072 -0.5276
vn -0.6199 0.1951 -0.7601
vn -0.6185 0.1945 -0.7614
vn -0.6189 0.1947 -0.7610
vn -0.6215 0.1956 -0.7586
vn -0.6217 0.1955 -0.7585
vn -0.7010 -0.3868 -0.5992
vn -0.7009 -0.3867 -0.5993
vn -0.7010 -0.3868 -0.5991
vn -0.3218 0.6858 -0.6528
vn -0.3218 0.6859 -0.6527
vn -0.3218 0.6859 -0.6526
vn -0.6457 0.1859 -0.7406
vn -0.6457 0.1858 -0.7406
vn -0.6329 0.1614 -0.7572
vn -0.6268 0.1620 -0.7621
vn -0.6329 0.1616 -0.7572
vn -0.6266 0.1871 -0.7566
vn -0.6266 0.1871 -0.7565
vn -0.6298 0.1619 -0.7597
vn -0.6267 0.1623 -0.7621
vn -0.5732 0.2392 -0.7837
vn -0.5653 0.2398 -0.7892
vn -0.5730 0.2391 -0.7839
vn -0.2188 0.4204 -0.8806
vn -0.2188 0.4203 -0.8806
vn -0.7822 0.3006 -0.5457
vn -0.7820 0.2973 -0.5478
vn -0.7823 0.3003 -0.5457
vn -0.7371 0.3924 -0.5502
vn -0.7366 0.3852 -0.5559
vn -0.7365 0.3853 -0.5560
vn -0.7579 0.3004 -0.5791
vn -0.7580 0.3000 -0.5792
vn -0.0617 0.6623 -0.7467
vn -0.0617 0.6622 -0.7468
vn -0.0616 0.6622 -0.7468
vn -0.7371 0.3944 -0.5487
vn -0.7369 0.3898 -0.5524
vn -0.9889 -0.1455 0.0309
vn -0.9889 -0.1454 0.0309
vn -0.7949 0.3059 -0.5239
vn -0.7950 0.3059 -0.5239
vn -0.7732 0.2919 -0.5630
vn -0.7733 0.2919 -0.5629
vn -0.6114 0.1466 -0.7776
vn -0.5646 0.2436 -0.7886
vn -0.5633 0.2396 -0.7907
vn -0.4413 0.3092 -0.8424
vn -0.4412 0.3093 -0.8424
vn -0.8884 -0.2345 -0.3946
vn -0.8885 -0.2344 -0.3944
vn -0.8885 -0.2345 -0.3945
vn -0.5857 0.1762 -0.7911
vn -0.5856 0.1762 -0.7912
vn -0.8250 0.0160 -0.5649
vn -0.8251 0.0159 -0.5648
vn -0.6389 0.1782 -0.7484
vn -0.6389 0.1783 -0.7483
vn -0.6069 0.1409 -0.7822
vn -0.6043 0.1409 -0.7842
vn -0.6069 0.1415 -0.7820
vn -0.7974 0.3142 -0.5152
vn -0.7969 0.3120 -0.5174
vn -0.7967 0.3121 -0.5175
vn -0.7809 0.3540 -0.5146
vn -0.7807 0.3540 -0.5150
vn -0.7734 0.2999 -0.5585
vn -0.7546 0.3087 -0.5790
vn -0.7547 0.3087 -0.5789
vn -0.7772 0.3142 -0.5452
vn -0.7980 0.3164 -0.5129
vn -0.7974 0.3142 -0.5151
vn -0.3078 0.8672 -0.3914
vn -0.3078 0.8673 -0.3913
vn -0.8191 0.2715 -0.5054
vn -0.8189 0.2716 -0.5056
vn -0.6018 0.1396 -0.7863
vn -0.6044 0.1405 -0.7842
vn -0.5580 0.2271 -0.7981
vn -0.5581 0.2272 -0.7981
vn -0.6212 0.1763 -0.7635
vn -0.6212 0.1764 -0.7635
vn -0.6213 0.1765 -0.7635
vn -0.5721 0.2343 -0.7860
vn -0.5719 0.2342 -0.7861
vn -0.5980 0.1197 -0.7925
vn -0.5908 0.1940 -0.7832
vn -0.5907 0.1940 -0.7832
vn -0.5907 0.1940 -0.7833
vn -0.5189 0.2732 -0.8100
vn -0.5189 0.2735 -0.8099
vn -0.6982 -0.0576 -0.7136
vn -0.6981 -0.0576 -0.7137
vn -0.6980 -0.0577 -0.7137
vn -0.7084 0.4925 -0.5056
vn -0.7084 0.4925 -0.5055
vn -0.8012 0.3134 -0.5097
vn -0.8012 0.3135 -0.5098
vn -0.1188 0.9583 -0.2598
vn -0.1190 0.9584 -0.2596
vn -0.8364 -0.5035 -0.2168
vn -0.8363 -0.5035 -0.2169
vn -0.8363 -0.5036 -0.2169
vn -0.7023 0.5249 -0.4809
vn -0.7024 0.5248 -0.4809
vn -0.7023 0.5250 -0.4809
vn -0.8924 -0.0444 -0.4490
vn -0.8923 -0.0445 -0.4492
vn -0.7879 0.4049 -0.4639
vn -0.7880 0.4049 -0.4639
vn -0.7879 0.4050 -0.4639
vn -0.2416 0.9197 -0.3094
vn -0.2415 0.9197 -0.3094
vn -0.5382 0.1290 -0.8329
vn -0.5381 0.1291 -0.8329
vn -0.4954 0.2771 -0.8233
vn -0.4953 0.2774 -0.8232
vn -0.5990 0.2121 -0.7722
vn -0.5989 0.2121 -0.7722
vn -0.5989 0.2120 -0.7722
vn -0.4388 0.4997 -0.7469
vn -0.4388 0.4997 -0.7468
vn -0.5068 0.1712 -0.8449
vn -0.5067 0.1712 -0.8450
vn -0.5887 0.2313 -0.7745
vn -0.5887 0.2314 -0.7745
vn -0.5878 0.1705 -0.7908
vn -0.5303 0.0841 -0.8436
vn -0.5304 0.0841 -0.8436
vn -0.8295 0.3625 -0.4249
vn -0.8295 0.3625 -0.4248
vn -0.8122 0.3776 -0.4447
vn -0.8123 0.3776 -0.4446
vn -0.8122 0.3776 -0.4446
vn -0.7797 0.3430 -0.5238
vn -0.8837 -0.1901 -0.4278
vn -0.8836 -0.1901 -0.4278
vn -0.8836 -0.1901 -0.4280
vn -0.7181 0.4631 -0.5195
vn -0.7241 0.5239 -0.4485
vn -0.7241 0.5240 -0.4484
vn -0.7241 0.5240 -0.4485
vn -0.4206 0.2539 -0.8710
vn -0.4207 0.2540 -0.8709
vn -0.4999 0.2690 -0.8233
vn -0.4999 0.2690 -0.8232
vn -0.7610 0.2799 -0.5853
vn -0.7610 0.2800 -0.5853
vn -0.7818 0.2939 -0.5499
vn -0.7816 0.2940 -0.5501
vn -0.6988 0.4084 -0.5873
vn -0.6988 0.4083 -0.5873
vn -0.7797 0.2858 -0.5571
vn -0.7830 0.2757 -0.5575
vn -0.5469 0.0933 -0.8320
vn -0.5471 0.0934 -0.8319
vn 0.5471 -0.0934 0.8319
vn 0.5470 -0.0933 0.8319
vn 0.8302 -0.3452 0.4378
vn 0.8302 -0.3453 0.4376
vn 0.4106 -0.3024 0.8602
vn 0.4107 -0.3024 0.8602
vn 0.4107 -0.3024 0.8601
vn 0.6883 -0.5494 0.4737
vn 0.6885 -0.5495 0.4732
vn 0.4260 -0.3250 0.8444
vn 0.4262 -0.3252 0.8442
vn 0.6728 -0.5446 0.5008
vn 0.6728 -0.5445 0.5008
vn 0.7002 -0.3507 0.6219
vn 0.7001 -0.3507 0.6219
vn 0.4808 -0.6464 0.5925
vn 0.4808 -0.6463 0.5926
vn 0.4807 -0.6465 0.5924
vn 0.6871 -0.4915 0.5351
vn 0.7471 -0.3735 0.5499
vn 0.7471 -0.3735 0.5498
vn 0.7470 -0.3735 0.5500
vn 0.7541 -0.3410 0.5612
vn 0.7541 -0.3410 0.5613
vn 0.7542 -0.3410 0.5612
vn 0.7867 -0.3149 0.5310
vn 0.7866 -0.3149 0.5310
vn 0.6110 -0.1587 0.7756
vn 0.6110 -0.1586 0.7756
vn 0.4836 -0.3102 0.8185
vn 0.4837 -0.3103 0.8184
vn 0.6166 -0.2042 0.7604
vn 0.4782 -0.6077 0.6341
vn 0.4783 -0.6077 0.6340
vn 0.4782 -0.6076 0.6341
vn 0.6480 -0.1910 0.7373
vn 0.6258 -0.1570 0.7641
vn 0.6249 -0.1563 0.7649
vn 0.6249 -0.1564 0.7649
vn 0.6836 -0.0650 0.7270
vn 0.6275 -0.1583 0.7624
vn 0.6257 -0.1570 0.7641
vn 0.7862 -0.3000 0.5403
vn 0.7857 -0.2993 0.5414
vn 0.7847 -0.2981 0.5436
vn 0.7589 -0.2915 0.5823
vn 0.7588 -0.2915 0.5824
vn 0.7588 -0.2916 0.5824
vn 0.7745 -0.2060 0.5981
vn 0.7745 -0.2061 0.5981
vn 0.7846 -0.2981 0.5437
vn 0.7841 -0.2974 0.5447
vn 0.7377 -0.4122 0.5347
vn 0.7377 -0.4122 0.5348
vn 0.7460 -0.3565 0.5625
vn 0.7456 -0.3533 0.5650
vn 0.7044 0.5911 0.3929
vn 0.7045 0.5909 0.3931
vn 0.7045 0.5909 0.3932
vn 0.5989 -0.2231 0.7691
vn 0.5960 -0.2226 0.7715
vn 0.5959 -0.2226 0.7716
vn 0.6283 -0.1589 0.7616
vn 0.6345 -0.0049 0.7729
vn 0.6346 -0.0048 0.7728
vn 0.5076 -0.4400 0.7408
vn 0.5077 -0.4400 0.7407
vn 0.6020 -0.2231 0.7667
vn 0.5971 -0.2230 0.7705
vn 0.4895 -0.6468 0.5849
vn 0.4894 -0.6468 0.5850
vn 0.6379 -0.1712 0.7508
vn 0.6396 -0.1659 0.7506
vn 0.6573 -0.1844 0.7307
vn 0.6574 -0.1844 0.7306
vn 0.7778 -0.2889 0.5581
vn 0.7747 -0.2929 0.5604
vn 0.7779 -0.2889 0.5581
vn 0.7456 -0.3554 0.5637
vn 0.7451 -0.3502 0.5676
vn 0.7622 -0.2809 0.5832
vn 0.7656 -0.2713 0.5833
vn 0.1921 -0.9605 0.2014
vn 0.1921 -0.9604 0.2016
vn 0.1922 -0.9604 0.2015
vn 0.7662 -0.2708 0.5827
vn 0.7653 -0.2711 0.5838
vn 0.7777 -0.2892 0.5582
vn 0.7715 -0.2968 0.5628
vn 0.7560 -0.2889 0.5874
vn 0.7560 -0.2888 0.5874
vn 0.7868 -0.2678 0.5561
vn 0.7869 -0.2678 0.5560
vn 0.7786 -0.2855 0.5588
vn 0.7785 -0.2860 0.5587
vn 0.7785 -0.2857 0.5588
vn 0.7671 -0.2690 0.5824
vn 0.7670 -0.2691 0.5825
vn 0.6520 -0.1482 0.7436
vn 0.6522 -0.1481 0.7435
vn 0.6417 -0.1643 0.7491
vn 0.6420 -0.1641 0.7489
vn 0.6419 -0.1642 0.7490
vn 0.5571 -0.3269 0.7634
vn 0.5570 -0.3269 0.7635
vn 0.6630 -0.1778 0.7272
vn 0.6630 -0.1777 0.7272
vn 0.6630 -0.1777 0.7273
vn 0.6566 -0.1315 0.7427
vn 0.6545 -0.1291 0.7450
vn 0.6565 -0.1313 0.7428
vn 0.7784 -0.0245 0.6272
vn 0.7786 -0.0244 0.6271
vn 0.7786 -0.0245 0.6271
vn 0.6555 -0.1301 0.7439
vn 0.6544 -0.1286 0.7451
vn 0.5867 -0.2421 0.7727
vn 0.5867 -0.2422 0.7728
vn 0.7984 -0.2569 0.5446
vn 0.7973 -0.2563 0.5465
vn 0.7981 -0.2564 0.5452
vn 0.7961 -0.2562 0.5483
vn 0.7960 -0.2560 0.5485
vn 0.4572 -0.7561 0.4683
vn 0.4573 -0.7561 0.4681
vn 0.4573 -0.7562 0.4681
vn 0.8486 0.3133 0.4262
vn 0.8486 0.3133 0.4263
vn 0.7766 -0.2672 0.5705
vn 0.7766 -0.2673 0.5705
vn 0.7888 -0.2877 0.5432
vn 0.7840 -0.2899 0.5489
vn 0.7841 -0.2897 0.5490
vn 0.7916 -0.2646 0.5508
vn 0.7888 -0.2885 0.5427
vn 0.7864 -0.2891 0.5458
vn 0.8382 -0.2072 0.5045
vn 0.8330 -0.2086 0.5125
vn 0.8331 -0.2088 0.5122
vn 0.9747 0.0400 0.2198
vn 0.9747 0.0402 0.2198
vn 0.9747 0.0401 0.2198
vn 0.6343 -0.1537 0.7576
vn 0.6334 -0.1502 0.7591
vn 0.6331 -0.1505 0.7593
vn 0.6694 -0.0628 0.7402
vn 0.6668 -0.0544 0.7432
vn 0.6696 -0.0627 0.7401
vn 0.6642 -0.1529 0.7318
vn 0.6642 -0.1525 0.7318
vn 0.9233 0.3487 0.1611
vn 0.9233 0.3487 0.1610
vn 0.6708 -0.0537 0.7397
vn 0.6658 -0.0522 0.7443
vn -0.0523 -0.4440 0.8945
vn -0.0522 -0.4439 0.8945
vn -0.0522 -0.4440 0.8945
vn 0.6148 -0.1431 0.7756
vn 0.6149 -0.1429 0.7755
vn 0.6150 -0.1429 0.7755
vn 0.6467 -0.1603 0.7458
vn 0.6466 -0.1603 0.7458
vn 0.6467 -0.1602 0.7457
vn 0.7979 -0.3022 0.5215
vn 0.7979 -0.3023 0.5215
vn 0.8394 -0.2071 0.5025
vn 0.8363 -0.2076 0.5075
vn 0.9079 -0.1206 0.4015
vn 0.9079 -0.1207 0.4015
vn 0.3185 -0.6187 0.7181
vn 0.3184 -0.6188 0.7181
vn 0.3183 -0.6188 0.7181
vn 0.8199 -0.2712 0.5042
vn 0.8198 -0.2713 0.5043
vn 0.5597 -0.4250 0.7114
vn 0.5597 -0.4249 0.7114
vn 0.7813 -0.2741 0.5608
vn 0.8021 -0.3070 0.5122
vn 0.8003 -0.3067 0.5152
vn 0.6106 -0.1363 0.7801
vn 0.6094 -0.1338 0.7815
vn 0.6108 -0.1362 0.7800
vn 0.6216 -0.0926 0.7779
vn 0.6450 -0.1519 0.7489
vn 0.6450 -0.1518 0.7490
vn 0.6667 -0.1440 0.7313
vn 0.6666 -0.1440 0.7314
vn 0.6372 -0.1363 0.7586
vn 0.6372 -0.1362 0.7586
vn 0.6093 -0.1337 0.7816
vn 0.6078 -0.1313 0.7832
vn 0.6605 0.5587 0.5015
vn 0.6606 0.5587 0.5015
vn 0.5870 -0.1756 0.7904
vn 0.5869 -0.1757 0.7904
vn 0.8035 -0.3080 0.5094
vn 0.8019 -0.3074 0.5123
vn 0.8423 -0.2184 0.4928
vn 0.8423 -0.2184 0.4927
vn 0.7946 -0.2744 0.5416
vn 0.8335 -0.2136 0.5096
vn 0.8334 -0.2136 0.5097
vn 0.8028 -0.3265 0.4989
vn 0.8027 -0.3266 0.4989
vn 0.8181 -0.2547 0.5155
vn 0.8182 -0.2548 0.5155
vn 0.8675 -0.1682 0.4681
vn 0.8676 -0.1683 0.4680
vn 0.6732 -0.4943 0.5500
vn 0.6731 -0.4943 0.5502
vn 0.6560 0.0576 0.7526
vn 0.6564 0.0576 0.7522
vn 0.6040 -0.1343 0.7856
vn 0.6039 -0.1343 0.7857
vn 0.5613 0.7414 0.3678
vn 0.5613 0.7416 0.3674
vn 0.0615 -0.7895 0.6107
vn 0.0615 -0.7894 0.6108
vn 0.6433 0.0959 0.7596
vn 0.6433 0.0958 0.7596
vn 0.6434 0.0958 0.7595
vn 0.4322 -0.4663 0.7719
vn 0.4323 -0.4663 0.7718
vn 0.4323 -0.4662 0.7719
vn 0.5903 -0.0340 0.8065
vn 0.5903 -0.0341 0.8065
vn 0.5986 0.6519 0.4655
vn 0.5986 0.6519 0.4656
vn 0.8426 -0.3108 0.4398
vn 0.8425 -0.3109 0.4399
vn 0.8808 -0.1609 0.4453
vn 0.8809 -0.1610 0.4451
vn 0.8808 -0.1610 0.4453
vn 0.8138 -0.2380 0.5301
vn 0.8138 -0.2380 0.5302
vn 0.8800 0.0797 0.4683
vn 0.8799 0.0798 0.4683
vn 0.8668 -0.2667 0.4213
vn 0.8668 -0.2665 0.4213
vn 0.8220 -0.2182 0.5260
vn 0.8176 -0.2771 0.5048
vn 0.8379 -0.3516 0.4175
vn 0.8378 -0.3517 0.4176
vn 0.5405 -0.0738 0.8381
vn 0.5635 -0.0610 0.8239
vn 0.5636 -0.0610 0.8238
vn 0.6264 -0.1048 0.7724
vn 0.3642 -0.5874 0.7227
vn 0.3642 -0.5875 0.7226
vn 0.6600 0.0242 0.7509
vn 0.6601 0.0242 0.7508
vn 0.6600 0.0243 0.7509
vn 0.6129 0.0982 0.7841
vn 0.6130 0.0982 0.7840
vn 0.6130 0.0981 0.7840
vn 0.9164 -0.1718 0.3616
vn 0.9164 -0.1719 0.3615
vn 0.8781 -0.1699 0.4473
vn 0.6634 -0.1737 0.7278
vn 0.6353 -0.1572 0.7561
vn 0.6352 -0.1572 0.7561
vn 0.7057 -0.0390 0.7075
vn 0.7057 -0.0389 0.7074
vn 0.7057 -0.0390 0.7074
vn 0.6363 -0.1765 0.7510
vn 0.6387 -0.1660 0.7514
vn 0.0585 -0.0000 0.9983
vn 0.2522 -0.0000 0.9677
vn -0.1373 -0.0000 0.9905
vn -0.3280 -0.0000 0.9447
vn 0.3280 -0.0000 -0.9447
vn 0.1374 -0.0000 -0.9905
vn -0.5059 -0.0000 0.8626
vn -0.6645 -0.0000 0.7473
vn -0.7975 -0.0000 0.6033
vn -0.8999 -0.0000 0.4361
vn 0.8999 -0.0000 -0.4361
vn 0.7975 -0.0000 -0.6033
vn 0.6645 -0.0000 -0.7473
vn -0.9677 -0.0000 0.2522
vn -0.9983 -0.0000 0.0585
vn -0.9905 -0.0000 -0.1374
vn -0.9447 -0.0000 -0.3279
vn -0.9447 -0.0000 -0.3280
vn 0.9447 -0.0000 0.3280
vn 0.9905 -0.0000 0.1373
vn 0.9983 -0.0000 -0.0585
vn 0.9677 -0.0000 -0.2522
vn -0.8626 -0.0000 -0.5060
vn -0.8625 -0.0000 -0.5060
vn -0.7473 -0.0000 -0.6645
vn 0.7473 -0.0000 0.6645
vn 0.8626 -0.0000 0.5060
vn -0.6033 -0.0000 -0.7975
vn -0.4361 -0.0000 -0.8999
vn 0.4361 -0.0000 0.8999
vn 0.6033 -0.0000 0.7975
vn 0.2521 -0.0000 0.9677
vn -0.0585 -0.0000 -0.9983
vn -0.2521 -0.0000 -0.9677
vn -0.2522 -0.0000 -0.9677
vn 0.1373 -0.0000 -0.9905
vn 0.3280 0.0001 -0.9447
vn -0.1374 -0.0000 0.9905
vn 0.5060 -0.0000 -0.8626
vn -0.5060 -0.0000 0.8626
vn 0.5060 0.0001 -0.8626
vn 0.9905 -0.0000 0.1374
vn 0.9447 -0.0000 0.3279
vn -0.8626 -0.0000 -0.5059
vn 0.8625 -0.0000 0.5060
vn 0.6032 -0.0000 0.7976
vn -0.9760 -0.0000 -0.2180
vn -0.9147 -0.0000 -0.4042
vn -0.8183 -0.0000 -0.5748
vn -0.6904 -0.0000 -0.7234
vn 0.6904 -0.0000 0.7234
vn 0.8183 -0.0000 0.5748
vn -0.5360 -0.0000 -0.8442
vn -0.3610 -0.0000 -0.9326
vn -0.1721 -0.0000 -0.9851
vn 0.0233 -0.0000 -0.9997
vn -0.0234 -0.0000 0.9997
vn 0.1721 -0.0000 0.9851
vn 0.3610 -0.0000 0.9326
vn 0.2180 -0.0000 -0.9760
vn 0.4042 -0.0000 -0.9147
vn 0.5748 -0.0000 -0.8183
vn 0.7234 -0.0000 -0.6904
vn -0.7234 -0.0000 0.6904
vn -0.5748 -0.0000 0.8183
vn -0.4041 -0.0000 0.9147
vn -0.2180 -0.0000 0.9760
vn 0.4042 -0.0001 -0.9147
vn 0.5748 -0.0001 -0.8183
vn 0.8442 -0.0000 -0.5360
vn 0.9326 -0.0000 -0.3610
vn -0.9326 -0.0000 0.3610
vn -0.8442 -0.0000 0.5360
vn 0.9851 -0.0000 -0.1721
vn 0.9997 -0.0000 0.0233
vn -0.9997 -0.0000 -0.0234
vn -0.9851 -0.0000 0.1721
vn -0.9760 -0.0000 -0.2179
vn 0.9147 -0.0000 0.4042
vn 0.9760 -0.0000 0.2180
vn 0.8183 -0.0000 0.5749
vn 0.8182 -0.0000 0.5749
vn 0.5360 -0.0000 0.8442
vn -0.0233 -0.0000 0.9997
vn 0.0234 -0.0000 -0.9997
vn 0.2179 -0.0000 -0.9760
vn -0.4042 0.0001 0.9147
vn -0.4042 -0.0000 0.9147
vn -0.5749 0.0001 0.8183
vn -0.9997 -0.0000 -0.0233
vn 0.9997 -0.0000 0.0234
vn 0.9147 -0.0000 0.4041
vn -0.2179 -0.0000 0.9760
vn -0.9147 -0.0000 -0.4041
vn -0.9326 -0.0001 0.3610
vn -0.8442 -0.0001 0.5360
vn 0.9760 -0.0000 0.2179
vn -0.6645 -0.0001 0.7472
vn -0.6646 -0.0001 0.7472
vn -0.7975 -0.0001 0.6033
vn -0.6032 -0.0000 -0.7976
vn -0.6033 -0.0000 -0.7976
vn 0.5060 -0.0000 -0.8625
vn 0.9677 -0.0000 -0.2521
vn 0.6033 -0.0000 0.7976
vn 0.3279 -0.0000 -0.9447
vn -0.3279 -0.0000 0.9447
vn -0.5060 -0.0000 0.8625
vn -0.8999 -0.0001 0.4361
vn -0.9905 -0.0000 -0.1373
vn -0.9983 -0.0001 0.0585
vn -0.9677 -0.0000 0.2521
vn -0.9905 -0.0001 -0.1374
vn 0.7473 -0.0001 0.6645
vn 0.7473 -0.0002 0.6645
vn 0.8626 -0.0001 0.5060
vn -0.9118 -0.0001 -0.4106
vn -0.8142 -0.0001 -0.5806
vn 0.9863 -0.0000 -0.1651
vn -0.4106 -0.0001 0.9118
vn -0.0000 -1.0000 0.0001
vn -0.0000 -1.0000 -0.0001
vn -0.0000 1.0000 -0.0001
vn 0.7347 -0.5284 0.4255
vn -0.1404 0.1532 0.9782
vn -0.7347 -0.5284 0.4255
vn 0.3762 -0.1026 0.9208
vn 0.3694 0.8780 0.3043
vn -0.3695 0.8780 0.3043
vn 0.4509 -0.3391 0.8256
vn 0.1037 -0.3366 0.9359
vn -0.0410 -0.2381 0.9704
vn -0.4310 -0.0890 0.8979
vn 0.1005 0.4382 0.8933
vn 0.7347 -0.5284 -0.4255
vn 0.1404 0.1532 -0.9782
vn -0.1037 -0.3366 -0.9359
vn 0.1037 -0.3366 -0.9359
vn 0.4509 -0.3391 -0.8256
vn -0.3762 -0.1026 -0.9208
vn -0.3694 0.8780 -0.3043
vn -0.1006 0.4381 -0.8933
vn -0.0410 -0.2382 -0.9704
vn -0.8132 -0.5797 -0.0527
vn -0.6646 -0.7303 0.1584
vn 0.6646 -0.7303 0.1584
vn 0.6646 -0.7303 -0.1584
vn 0.5330 0.8452 -0.0407
vn 0.1314 0.9893 0.0639
vn 0.1314 0.9893 -0.0639
vn -0.4188 -0.8960 -0.1475
vn -0.4187 -0.8961 -0.1474
vn -0.4188 -0.8961 -0.1474
vn -0.6715 0.6500 -0.3557
vn -0.7375 0.5602 0.3771
vn -0.2349 -0.9156 0.3265
vn 0.9012 0.0994 0.4219
vn 0.0293 -0.9218 -0.3867
vn 0.8173 0.2899 -0.4980
vn -0.2349 -0.7626 -0.6027
vn -0.1031 0.1718 -0.9797
vn -0.8983 0.0855 -0.4310
vn 0.4137 -0.3679 0.8327
vn 0.0604 0.9903 -0.1248
vn 0.5661 0.6501 0.5070
vn 0.7329 0.6039 0.3132
vn 0.4188 0.8960 0.1475
vn 0.4187 0.8961 0.1474
vn 0.4185 0.8961 0.1476
vn 0.4187 0.8961 0.1475
vn 0.4188 0.8961 0.1474
vn 0.4187 0.8961 0.1473
vn 0.4189 0.8960 0.1474
vn 0.4187 0.8960 0.1475
vn 0.7235 -0.5788 0.3763
vn 0.4943 0.7976 -0.3457
vn 0.0262 0.9920 0.1239
vn -0.1437 0.4071 0.9020
vn -0.2623 0.5921 -0.7620
vn 0.3250 0.6917 0.6449
vn 0.3795 -0.9248 0.0258
vn 0.4244 0.8982 0.1150
vn 0.4708 -0.7327 -0.4913
vn 0.5407 -0.0377 0.8404
vn 0.8497 0.0122 0.5272
vn 0.0795 -0.4393 0.8948
vn 0.0005 -0.4360 0.9000
vn 0.8880 -0.1316 0.4407
vn 0.3322 0.1127 0.9364
vn 0.6357 -0.5205 0.5700
vn 0.6745 -0.5105 0.5333
vn 0.4117 0.0094 0.9113
vn 0.6246 -0.3404 0.7029
vn 0.6445 -0.2800 0.7115
vn 0.6139 -0.2779 0.7388
vn 0.5924 -0.2948 0.7498
vn 0.5149 -0.2991 0.8033
vn 0.5945 -0.3316 0.7325
vn 0.5260 -0.3288 0.7843
vn 0.6723 -0.1485 0.7252
vn 0.4431 -0.7948 -0.4147
vn -0.7351 0.3052 -0.6053
vn -0.7635 0.3249 -0.5581
vn -0.3048 -0.3446 -0.8879
vn -0.7162 0.4523 -0.5314
vn -0.7211 0.0698 -0.6893
vn -0.6622 0.0523 -0.7475
vn -0.6743 0.0862 -0.7334
vn -0.6199 0.0234 -0.7844
vn -0.6832 0.0227 -0.7299
vn -0.6721 0.0898 -0.7350
vn -0.5981 -0.1779 -0.7814
vn -0.3234 0.9410 -0.0996
vn -0.8452 -0.0831 -0.5279
vn -0.6740 -0.2142 -0.7069
vn -0.7708 0.0313 -0.6364
vn -0.3481 0.2116 -0.9133
vn -0.9803 -0.1968 0.0162
vn -0.6132 -0.3075 0.7276
vn 0.1056 0.9944 0.0032
vn 0.5611 0.7076 -0.4295
vn -0.1909 0.9302 0.3133
vn -0.0980 0.9045 0.4152
vn 0.4383 0.8986 -0.0200
vn -0.0141 0.2416 0.9703
vn 0.4576 -0.4731 0.7529
vn 0.4091 -0.4515 0.7930
vn 0.4517 -0.4654 0.7611
vn 0.3251 -0.3878 0.8625
vn 0.2746 -0.4831 0.8314
vn 0.7500 -0.5640 0.3456
vn 0.2056 -0.6282 0.7504
vn 0.3840 -0.5390 0.7497
vn 0.3043 -0.9495 0.0760
vn 0.1117 -0.1893 0.9756
vn -0.0096 -0.8296 0.5583
vn 0.0694 -0.9546 -0.2897
vn 0.3129 -0.2275 0.9221
vn 0.5837 -0.2344 0.7774
vn -0.6569 -0.6554 -0.3729
vn -0.7229 -0.2004 -0.6613
vn -0.6118 0.2857 -0.7376
vn -0.3546 0.5756 -0.7369
vn -0.4539 0.8579 -0.2408
vn -0.8769 -0.4748 -0.0747
vn -0.2508 0.8509 -0.4615
vn -0.4089 -0.8197 -0.4011
vn -0.7704 0.4909 -0.4068
vn 0.8942 0.2263 -0.3863
vn 0.1824 0.3435 -0.9212
vn -0.1999 0.7408 -0.6413
vn -0.2426 0.7550 -0.6093
vn -0.2545 0.7541 -0.6055
vn 0.6981 0.5065 -0.5061
vn -0.1133 0.7715 -0.6261
vn 0.0197 0.7663 -0.6422
vn -0.3707 0.9286 0.0165
vn 0.1898 0.4733 -0.8602
vn -0.4531 0.5913 -0.6671
vn -0.8908 -0.2962 0.3446
vn -0.4343 0.6648 0.6079
vn -0.3189 0.6919 0.6477
vn 0.9626 0.2634 0.0632
vn 0.3370 -0.2727 0.9012
vn 0.9091 -0.1835 0.3740
vn 0.9729 0.0807 -0.2168
vn 0.9032 0.3628 -0.2292
vn 0.9134 0.3264 -0.2433
vn 0.9588 0.2188 -0.1813
vn -0.6974 -0.2747 0.6619
vn 0.5910 0.2292 0.7734
vn 0.1501 0.9733 0.1738
vn -0.2575 -0.9648 -0.0537
vn -0.6687 0.0463 0.7421
vn 0.1028 0.9693 0.2235
vn -0.1918 -0.9731 -0.1278
vn -0.0916 0.9064 0.4124
vn -0.0911 0.9063 0.4127
vn -0.2312 -0.9694 -0.0829
vn -0.5471 0.4040 0.7332
vn 0.2632 0.9635 0.0481
vn -0.6366 -0.6016 0.4825
vn -0.4893 0.5109 0.7068
vn 0.5119 0.8143 -0.2736
vn 0.5118 0.8144 -0.2735
vn -0.6893 -0.3814 0.6160
vn -0.4484 0.5744 0.6848
vn -0.4482 0.5744 0.6849
vn -0.3624 0.6860 0.6310
vn 0.6206 0.6408 -0.4518
vn -0.4718 0.5381 0.6984
vn -0.4722 0.5382 0.6981
vn -0.3998 0.6405 0.6557
vn 0.2834 0.9587 0.0247
vn 0.2833 0.9587 0.0241
vn -0.3893 -0.9149 0.1070
vn 0.2778 0.9601 0.0310
vn -0.4949 -0.8326 0.2488
vn -0.4951 -0.8323 0.2493
vn -0.4363 -0.8841 0.1675
vn -0.3456 0.7052 0.6190
vn -0.1144 0.8944 0.4325
vn 0.4686 0.8576 -0.2122
vn 0.6969 0.1728 -0.6961
vn 0.6705 -0.0408 -0.7408
vn 0.6848 0.0460 -0.7272
vn -0.3111 -0.9503 0.0090
vn 0.4070 0.9042 -0.1291
vn 0.4070 0.9042 -0.1294
vn 0.6732 -0.0262 -0.7390
vn 0.6163 -0.2366 -0.7511
vn 0.5755 -0.3421 -0.7428
vn 0.5758 -0.3422 -0.7425
vn -0.5609 -0.7505 0.3494
vn 0.6388 0.5955 -0.4872
vn -0.5604 -0.7519 0.3473
vn 0.6838 0.4200 -0.5966
vn 0.6742 -0.0207 -0.7382
vn 0.6104 -0.2555 -0.7497
vn -0.2851 -0.9582 -0.0216
vn -0.2850 -0.9583 -0.0213
vn 0.4050 0.9056 -0.1263
vn 0.5530 -0.3921 -0.7351
vn 0.5530 -0.3920 -0.7352
vn 0.2684 -0.7834 -0.5606
vn 0.2682 -0.7833 -0.5609
vn 0.6526 -0.1166 -0.7487
vn 0.4452 -0.5780 -0.6839
vn -0.2004 -0.9725 -0.1190
vn 0.2925 0.9562 0.0114
vn 0.2935 0.9559 0.0124
vn -0.1734 -0.9737 -0.1479
vn -0.1737 -0.9735 -0.1488
vn 0.4128 -0.6235 -0.6640
vn 0.1848 -0.8497 -0.4938
vn 0.1846 -0.8499 -0.4936
vn -0.4341 -0.8856 0.1650
vn 0.5013 0.8257 -0.2589
vn 0.5016 0.8256 -0.2585
vn 0.1846 -0.8497 -0.4939
vn -0.4679 -0.8579 0.2122
vn 0.5178 -0.4607 -0.7208
vn -0.4682 -0.8579 0.2116
vn -0.7888 0.1533 -0.5953
vn -0.6680 -0.1180 -0.7347
vn -0.7827 -0.2442 -0.5725
vn -0.8093 -0.1977 -0.5531
vn -0.6645 0.1617 -0.7296
vn -0.6314 0.1533 -0.7601
vn -0.6585 0.0326 -0.7519
vn -0.1960 0.8777 -0.4372
vn -0.8562 -0.0057 -0.5165
vn -0.8123 0.2270 -0.5372
vn -0.7670 0.2693 -0.5825
vn -0.6695 0.0998 -0.7361
vn -0.6582 0.1827 -0.7303
vn -0.6407 0.1663 -0.7496
vn -0.6573 0.1847 -0.7306
vn -0.7774 0.2878 -0.5592
vn -0.7617 0.2761 -0.5861
vn -0.6183 0.1946 -0.7615
vn -0.3217 0.6858 -0.6528
vn -0.6267 0.1623 -0.7622
vn -0.7580 0.3001 -0.5792
vn -0.9889 -0.1456 0.0309
vn -0.6114 0.1467 -0.7776
vn -0.5635 0.2396 -0.7906
vn -0.7734 0.2999 -0.5586
vn -0.7546 0.3088 -0.5790
vn -0.7980 0.3165 -0.5129
vn -0.3077 0.8672 -0.3915
vn -0.6019 0.1396 -0.7863
vn -0.5580 0.2271 -0.7982
vn -0.6212 0.1765 -0.7635
vn -0.5190 0.2732 -0.8100
vn -0.6982 -0.0576 -0.7135
vn -0.8012 0.3134 -0.5098
vn -0.8924 -0.0445 -0.4491
vn -0.2415 0.9198 -0.3094
vn -0.7830 0.2757 -0.5576
vn 0.8301 -0.3452 0.4378
vn 0.6884 -0.5495 0.4735
vn 0.4807 -0.6463 0.5927
vn 0.7471 -0.3736 0.5498
vn 0.7541 -0.3411 0.5612
vn 0.7866 -0.3150 0.5311
vn 0.6479 -0.1910 0.7373
vn 0.6835 -0.0650 0.7270
vn 0.7841 -0.2975 0.5447
vn 0.7044 0.5910 0.3930
vn 0.6283 -0.1589 0.7615
vn 0.5075 -0.4399 0.7408
vn 0.6021 -0.2231 0.7666
vn 0.4894 -0.6467 0.5850
vn 0.7452 -0.3503 0.5675
vn 0.7662 -0.2708 0.5828
vn 0.7714 -0.2968 0.5628
vn 0.7785 -0.2858 0.5587
vn 0.7672 -0.2690 0.5824
vn 0.6520 -0.1483 0.7436
vn 0.6418 -0.1642 0.7490
vn 0.6630 -0.1776 0.7273
vn 0.6544 -0.1287 0.7451
vn 0.5867 -0.2421 0.7728
vn 0.7983 -0.2569 0.5447
vn 0.4571 -0.7561 0.4683
vn 0.6333 -0.1502 0.7592
vn 0.6642 -0.1528 0.7318
vn 0.6656 -0.0521 0.7445
vn 0.8394 -0.2071 0.5026
vn 0.9078 -0.1207 0.4016
vn 0.3185 -0.6187 0.7182
vn 0.5596 -0.4250 0.7115
vn 0.5869 -0.1758 0.7904
vn 0.8036 -0.3080 0.5093
vn 0.8676 -0.1682 0.4680
vn 0.6731 -0.4942 0.5502
vn 0.0615 -0.7894 0.6107
vn 0.8800 0.0798 0.4683
vn 0.8669 -0.2665 0.4214
vn 0.8378 -0.3516 0.4176
vn 0.7056 -0.0390 0.7075
vn 0.6364 -0.1765 0.7509
vn -0.0000 1.0000 0.0001
vn 0.8626 -0.0002 0.5059
vt 0.896744 0.233357
vt 0.897984 0.233109
vt 0.897985 0.233111
vt 0.899251 0.233111
vt 0.899249 0.233109
vt 0.896564 0.232762
vt 0.899308 0.232491
vt 0.897922 0.232490
vt 0.900488 0.233357
vt 0.900486 0.233357
vt 0.900668 0.232762
vt 0.901655 0.233840
vt 0.901656 0.233840
vt 0.901950 0.233293
vt 0.229959 0.744053
vt 0.232340 0.742486
vt 0.232340 0.744053
vt 0.229959 0.742486
vt 0.232340 0.740911
vt 0.912595 0.892152
vt 0.913094 0.890779
vt 0.913490 0.891260
vt 0.911894 0.893201
vt 0.912116 0.891757
vt 0.911894 0.893204
vt 0.912593 0.892155
vt 0.914541 0.890556
vt 0.913490 0.891258
vt 0.914249 0.890009
vt 0.915708 0.890070
vt 0.915527 0.889477
vt 0.924002 0.895607
vt 0.918218 0.902659
vt 0.911164 0.896875
vt 0.916948 0.889825
vt 0.915708 0.890072
vt 0.918213 0.889825
vt 0.916949 0.889823
vt 0.916887 0.889207
vt 0.918274 0.889206
vt 0.229959 0.750321
vt 0.232340 0.748754
vt 0.232340 0.750321
vt 0.229959 0.748754
vt 0.232340 0.747186
vt 0.229959 0.747186
vt 0.232340 0.745620
vt 0.903603 0.235438
vt 0.904852 0.236197
vt 0.904083 0.235044
vt 0.902707 0.234543
vt 0.903102 0.234063
vt 0.903603 0.235439
vt 0.904304 0.236488
vt 0.904303 0.236489
vt 0.904787 0.237656
vt 0.904786 0.237657
vt 0.905035 0.238898
vt 0.905035 0.238896
vt 0.905383 0.237477
vt 0.905032 0.240160
vt 0.905035 0.240161
vt 0.905652 0.238837
vt 0.904787 0.241402
vt 0.904786 0.241402
vt 0.905652 0.240223
vt 0.904304 0.242570
vt 0.904303 0.242571
vt 0.905383 0.241582
vt 0.229959 0.756589
vt 0.232340 0.755015
vt 0.232340 0.756589
vt 0.229959 0.755015
vt 0.232340 0.753455
vt 0.922567 0.892151
vt 0.922067 0.890777
vt 0.923046 0.891756
vt 0.921673 0.891256
vt 0.920913 0.890007
vt 0.229959 0.753455
vt 0.232340 0.751888
vt 0.920622 0.890554
vt 0.919633 0.889477
vt 0.229959 0.751888
vt 0.919452 0.890070
vt 0.919453 0.890070
vt 0.918215 0.889824
vt 0.921674 0.891258
vt 0.923269 0.893202
vt 0.922567 0.892150
vt 0.923818 0.892909
vt 0.924346 0.894191
vt 0.923754 0.894369
vt 0.923270 0.893201
vt 0.229959 0.759723
vt 0.232340 0.758148
vt 0.232340 0.759723
vt 0.229959 0.758148
vt 0.903603 0.243621
vt 0.903101 0.244995
vt 0.904082 0.244016
vt 0.904852 0.242862
vt 0.903601 0.243622
vt 0.902707 0.244515
vt 0.901654 0.245217
vt 0.901656 0.245217
vt 0.901947 0.245766
vt 0.900488 0.245701
vt 0.900486 0.245701
vt 0.900668 0.246295
vt 0.229959 0.762849
vt 0.232340 0.761275
vt 0.232340 0.762849
vt 0.229959 0.761275
vt 0.924000 0.895610
vt 0.924618 0.896936
vt 0.924000 0.896875
vt 0.924618 0.895550
vt 0.924348 0.898296
vt 0.923754 0.898115
vt 0.229959 0.764417
vt 0.232340 0.764417
vt 0.229959 0.765984
vt 0.232340 0.765984
vt 0.923818 0.899577
vt 0.923269 0.899284
vt 0.923754 0.898114
vt 0.924001 0.896875
vt 0.922568 0.900332
vt 0.921673 0.901227
vt 0.922069 0.901708
vt 0.923048 0.900729
vt 0.229959 0.769118
vt 0.232340 0.767551
vt 0.232340 0.769118
vt 0.229959 0.767551
vt 0.895573 0.245219
vt 0.896562 0.246295
vt 0.896742 0.245700
vt 0.897922 0.246565
vt 0.897982 0.245948
vt 0.896741 0.245701
vt 0.895574 0.245217
vt 0.894523 0.244515
vt 0.894129 0.244995
vt 0.895282 0.245765
vt 0.893627 0.243620
vt 0.893629 0.243621
vt 0.892926 0.242568
vt 0.892924 0.242570
vt 0.893150 0.244015
vt 0.892441 0.241401
vt 0.891848 0.241581
vt 0.892377 0.242861
vt 0.229959 0.775379
vt 0.232340 0.773811
vt 0.232340 0.775379
vt 0.229959 0.773811
vt 0.232340 0.772252
vt 0.916950 0.902661
vt 0.918275 0.903281
vt 0.916891 0.903281
vt 0.918217 0.902660
vt 0.919636 0.903009
vt 0.229959 0.772252
vt 0.232340 0.770685
vt 0.919456 0.902413
vt 0.920915 0.902480
vt 0.229959 0.770685
vt 0.920622 0.901932
vt 0.920622 0.901933
vt 0.921674 0.901229
vt 0.919455 0.902416
vt 0.915712 0.902415
vt 0.916950 0.902663
vt 0.915529 0.903010
vt 0.914542 0.901935
vt 0.914249 0.902481
vt 0.915711 0.902416
vt 0.229959 0.778513
vt 0.232340 0.776953
vt 0.232340 0.778513
vt 0.229959 0.776953
vt 0.892196 0.238895
vt 0.891578 0.240223
vt 0.892195 0.240161
vt 0.892196 0.240161
vt 0.892196 0.238896
vt 0.892441 0.237655
vt 0.892443 0.237656
vt 0.891848 0.237475
vt 0.891578 0.238837
vt 0.892924 0.236487
vt 0.892925 0.236487
vt 0.892378 0.236195
vt 0.229959 0.781647
vt 0.232340 0.780087
vt 0.232340 0.781647
vt 0.229959 0.780087
vt 0.913491 0.901232
vt 0.912116 0.900730
vt 0.912596 0.900337
vt 0.913095 0.901712
vt 0.911894 0.899283
vt 0.911347 0.899577
vt 0.229959 0.783221
vt 0.232340 0.783221
vt 0.229959 0.784781
vt 0.232340 0.784781
vt 0.911411 0.898114
vt 0.910816 0.898298
vt 0.911895 0.899284
vt 0.912597 0.900335
vt 0.911163 0.896875
vt 0.911410 0.898116
vt 0.911162 0.895614
vt 0.910546 0.896937
vt 0.910546 0.895553
vt 0.229959 0.787915
vt 0.232340 0.786348
vt 0.232340 0.787915
vt 0.229959 0.786348
vt 0.895282 0.233292
vt 0.895574 0.233840
vt 0.894525 0.234542
vt 0.894131 0.234063
vt 0.895576 0.233840
vt 0.893629 0.235437
vt 0.893150 0.235043
vt 0.897985 0.245949
vt 0.229959 0.789482
vt 0.232340 0.789482
vt 0.911410 0.894372
vt 0.910815 0.894191
vt 0.229959 0.740911
vt 0.232340 0.739352
vt 0.911345 0.892911
vt 0.911410 0.894370
vt 0.911163 0.895613
vt 0.913490 0.901230
vt 0.914542 0.901932
vt 0.899249 0.245948
vt 0.899308 0.246565
vt 0.899248 0.245948
vt 0.923754 0.894370
vt 0.902708 0.234543
vt 0.229959 0.745620
vt 0.616849 0.036866
vt 0.604718 0.032035
vt 0.619172 0.033852
vt 0.603352 0.038064
vt 0.567987 0.037179
vt 0.620764 0.031018
vt 0.604680 0.025589
vt 0.529970 0.055591
vt 0.569576 0.044890
vt 0.524487 0.036525
vt 0.567176 0.029238
vt 0.564136 0.023770
vt 0.600579 0.019250
vt 0.678739 0.135065
vt 0.692314 0.106237
vt 0.682847 0.139131
vt 0.677086 0.161256
vt 0.673423 0.164872
vt 0.620012 0.024522
vt 0.675992 0.171210
vt 0.670367 0.180076
vt 0.625774 0.029392
vt 0.622294 0.033243
vt 0.677998 0.177790
vt 0.670169 0.184458
vt 0.624807 0.034533
vt 0.631643 0.034441
vt 0.674492 0.184923
vt 0.632997 0.050407
vt 0.640120 0.053744
vt 0.684102 0.180903
vt 0.689836 0.184523
vt 0.634003 0.089835
vt 0.640120 0.092403
vt 0.694025 0.181627
vt 0.719802 0.184923
vt 0.630560 0.136016
vt 0.636639 0.136491
vt 0.750432 0.177394
vt 0.756680 0.184681
vt 0.627517 0.177046
vt 0.620701 0.176832
vt 0.781204 0.174279
vt 0.789848 0.183798
vt 0.610147 0.207024
vt 0.603845 0.203713
vt 0.803637 0.166619
vt 0.814376 0.177375
vt 0.586700 0.226412
vt 0.582510 0.219546
vt 0.817078 0.152890
vt 0.829635 0.162371
vt 0.555602 0.228752
vt 0.556226 0.237082
vt 0.837630 0.140905
vt 0.529345 0.226828
vt 0.525956 0.234390
vt 0.823489 0.134339
vt 0.840454 0.120074
vt 0.508905 0.219410
vt 0.502792 0.223932
vt 0.826465 0.117837
vt 0.835028 0.103993
vt 0.486856 0.203791
vt 0.480016 0.205943
vt 0.825701 0.107742
vt 0.819052 0.090178
vt 0.468857 0.183349
vt 0.463710 0.186945
vt 0.811295 0.099049
vt 0.803046 0.076373
vt 0.452308 0.166566
vt 0.455894 0.161322
vt 0.782772 0.062828
vt 0.793414 0.057250
vt 0.443102 0.144082
vt 0.447823 0.139705
vt 0.777457 0.046429
vt 0.783400 0.037881
vt 0.437677 0.124568
vt 0.444120 0.122540
vt 0.767521 0.043422
vt 0.768362 0.028875
vt 0.437412 0.100438
vt 0.444137 0.101367
vt 0.750386 0.042783
vt 0.746865 0.027229
vt 0.446857 0.076153
vt 0.452431 0.079758
vt 0.730522 0.045200
vt 0.723726 0.030668
vt 0.465683 0.062168
vt 0.462896 0.056847
vt 0.705558 0.042732
vt 0.714015 0.055681
vt 0.488378 0.047412
vt 0.488000 0.041445
vt 0.694050 0.065811
vt 0.701717 0.076373
vt 0.523628 0.031016
vt 0.686357 0.098568
vt 0.730912 0.083031
vt 0.718375 0.100136
vt 0.704909 0.123725
vt 0.753408 0.115981
vt 0.737674 0.128727
vt 0.718121 0.144660
vt 0.688674 0.150223
vt 0.695841 0.162953
vt 0.706942 0.172367
vt 0.735945 0.161697
vt 0.716636 0.180155
vt 0.761582 0.153352
vt 0.780727 0.144715
vt 0.792390 0.133432
vt 0.765391 0.106323
vt 0.799170 0.120960
vt 0.775009 0.098601
vt 0.806690 0.107933
vt 0.793255 0.084061
vt 0.772919 0.065353
vt 0.785869 0.089926
vt 0.758365 0.069900
vt 0.744559 0.073902
vt 0.526301 0.046364
vt 0.492740 0.057436
vt 0.481494 0.077004
vt 0.498330 0.065928
vt 0.485159 0.078010
vt 0.502487 0.069122
vt 0.050928 0.804350
vt 0.035568 0.782155
vt 0.041525 0.774486
vt 0.063226 0.825042
vt 0.043261 0.814912
vt 0.568656 0.051101
vt 0.532137 0.060723
vt 0.027950 0.745658
vt 0.032058 0.741592
vt 0.599532 0.043750
vt 0.026297 0.719468
vt 0.022634 0.715851
vt 0.613097 0.040792
vt 0.025203 0.709513
vt 0.019578 0.700647
vt 0.616168 0.040531
vt 0.027209 0.702933
vt 0.019380 0.696265
vt 0.619576 0.039251
vt 0.619115 0.036915
vt 0.023703 0.695800
vt 0.033313 0.699820
vt 0.620496 0.053594
vt 0.616337 0.043776
vt 0.039047 0.696200
vt 0.043236 0.699096
vt 0.056153 0.708356
vt 0.045052 0.717770
vt 0.065847 0.700568
vt 0.085156 0.719025
vt 0.067332 0.736063
vt 0.037885 0.730500
vt 0.054120 0.756998
vt 0.086885 0.751996
vt 0.067585 0.780587
vt 0.102619 0.764742
vt 0.080123 0.797692
vt 0.114602 0.774401
vt 0.093770 0.806821
vt 0.107577 0.810824
vt 0.099597 0.837940
vt 0.079733 0.835523
vt 0.096076 0.853494
vt 0.072937 0.850055
vt 0.054769 0.837992
vt 0.477443 0.090886
vt 0.473619 0.089772
vt 0.470592 0.105439
vt 0.474489 0.106184
vt 0.470371 0.119287
vt 0.474105 0.119741
vt 0.117573 0.851848
vt 0.474325 0.129525
vt 0.478432 0.129910
vt 0.116732 0.837302
vt 0.132611 0.842842
vt 0.486324 0.141718
vt 0.491609 0.140054
vt 0.126668 0.834294
vt 0.142626 0.823473
vt 0.502181 0.156521
vt 0.507728 0.151463
vt 0.131983 0.817895
vt 0.152257 0.804350
vt 0.517262 0.170022
vt 0.514432 0.175627
vt 0.160506 0.781674
vt 0.142466 0.796662
vt 0.524888 0.185888
vt 0.524903 0.190995
vt 0.174912 0.772981
vt 0.168263 0.790546
vt 0.155901 0.772790
vt 0.135080 0.790797
vt 0.124220 0.782122
vt 0.148381 0.759763
vt 0.175676 0.762886
vt 0.122130 0.815370
vt 0.184239 0.776730
vt 0.172700 0.746384
vt 0.189665 0.760649
vt 0.536265 0.191835
vt 0.536332 0.196240
vt 0.552561 0.192230
vt 0.552894 0.196815
vt 0.570638 0.189237
vt 0.571593 0.193839
vt 0.166289 0.727833
vt 0.186842 0.739818
vt 0.586794 0.184804
vt 0.585769 0.180319
vt 0.163587 0.703348
vt 0.152848 0.714104
vt 0.141601 0.747291
vt 0.129938 0.736008
vt 0.110793 0.727371
vt 0.130415 0.706444
vt 0.099643 0.703329
vt 0.139059 0.696925
vt 0.105891 0.696042
vt 0.599844 0.165835
vt 0.596393 0.161052
vt 0.609612 0.131435
vt 0.603957 0.129422
vt 0.610956 0.090651
vt 0.617360 0.089068
vt 0.069013 0.695800
vt 0.615262 0.058463
vt 0.625589 0.089880
vt 0.619779 0.134776
vt 0.626407 0.051286
vt 0.622112 0.036415
vt 0.621285 0.034099
vt 0.609308 0.172108
vt 0.594033 0.193616
vt 0.576413 0.205221
vt 0.554458 0.210786
vt 0.533651 0.209760
vt 0.517233 0.204215
vt 0.500863 0.188490
vt 0.486029 0.170076
vt 0.472537 0.152044
vt 0.462637 0.134530
vt 0.458785 0.120445
vt 0.458917 0.103264
vt 0.464188 0.085246
vt 0.474155 0.070596
vt 0.578786 0.473819
vt 0.585473 0.480943
vt 0.582365 0.483048
vt 0.517685 0.467323
vt 0.565927 0.472357
vt 0.484866 0.581154
vt 0.569316 0.468265
vt 0.573743 0.459711
vt 0.584434 0.468129
vt 0.586074 0.466068
vt 0.587470 0.435669
vt 0.617152 0.464625
vt 0.592903 0.477563
vt 0.590456 0.430454
vt 0.604049 0.448148
vt 0.622338 0.461424
vt 0.873879 0.456903
vt 0.881922 0.465587
vt 0.872953 0.458276
vt 0.889746 0.474478
vt 0.883149 0.464485
vt 0.867797 0.478348
vt 0.888283 0.475249
vt 0.892501 0.485717
vt 0.872124 0.484449
vt 0.876623 0.498615
vt 0.894584 0.496604
vt 0.896169 0.496455
vt 0.894052 0.485260
vt 0.570115 0.421919
vt 0.568285 0.427648
vt 0.548953 0.417352
vt 0.548268 0.423229
vt 0.527430 0.417084
vt 0.527806 0.423012
vt 0.896139 0.507703
vt 0.506243 0.420186
vt 0.507586 0.425918
vt 0.894076 0.518662
vt 0.894569 0.507556
vt 0.892572 0.518233
vt 0.876691 0.506065
vt 0.888607 0.528283
vt 0.872684 0.520343
vt 0.890001 0.528981
vt 0.882915 0.537426
vt 0.876654 0.546478
vt 0.884153 0.538367
vt 0.863723 0.532151
vt 0.875615 0.545322
vt 0.867792 0.553072
vt 0.866983 0.551743
vt 0.857876 0.557967
vt 0.851068 0.539853
vt 0.857319 0.556511
vt 0.846910 0.559420
vt 0.847189 0.560959
vt 0.836079 0.560306
vt 0.836439 0.542353
vt 0.836066 0.561883
vt 0.825177 0.559195
vt 0.824865 0.560756
vt 0.814564 0.555955
vt 0.821900 0.539197
vt 0.813949 0.557453
vt 0.804574 0.550683
vt 0.794431 0.544408
vt 0.803653 0.552057
vt 0.809791 0.530598
vt 0.795660 0.543303
vt 0.789262 0.533655
vt 0.783465 0.523647
vt 0.787800 0.534431
vt 0.802464 0.517658
vt 0.785016 0.523188
vt 0.781319 0.512448
vt 0.800909 0.510336
vt 0.782905 0.512294
vt 0.781319 0.501185
vt 0.782888 0.501332
vt 0.784943 0.490655
vt 0.800798 0.502851
vt 0.522787 0.636564
vt 0.501976 0.630288
vt 0.522383 0.630670
vt 0.542503 0.627516
vt 0.561806 0.620937
vt 0.543902 0.633242
vt 0.783437 0.490218
vt 0.788871 0.480577
vt 0.583064 0.616525
vt 0.579850 0.611622
vt 0.793373 0.470500
vt 0.787479 0.479873
vt 0.794607 0.471449
vt 0.804817 0.488527
vt 0.813826 0.476720
vt 0.801915 0.463542
vt 0.819807 0.472283
vt 0.810555 0.457114
vt 0.800878 0.462383
vt 0.599763 0.603145
vt 0.595642 0.598901
vt 0.609037 0.583300
vt 0.619792 0.565623
vt 0.613886 0.586819
vt 0.819693 0.450928
vt 0.809746 0.455784
vt 0.632619 0.547497
vt 0.626730 0.545931
vt 0.830387 0.447939
vt 0.820249 0.452387
vt 0.833693 0.467082
vt 0.830668 0.449480
vt 0.841134 0.466508
vt 0.841497 0.448553
vt 0.841511 0.446977
vt 0.848556 0.467407
vt 0.852389 0.449721
vt 0.852706 0.448160
vt 0.636564 0.525702
vt 0.630489 0.525195
vt 0.636404 0.503501
vt 0.630366 0.504193
vt 0.625869 0.483731
vt 0.862993 0.452962
vt 0.631643 0.481778
vt 0.863614 0.451469
vt 0.855667 0.469728
vt 0.848299 0.468558
vt 0.855177 0.470820
vt 0.861457 0.474408
vt 0.862172 0.473425
vt 0.374132 0.683451
vt 0.367532 0.692258
vt 0.365526 0.688611
vt 0.376884 0.688733
vt 0.368865 0.696079
vt 0.362914 0.685261
vt 0.866854 0.479198
vt 0.871062 0.485060
vt 0.366132 0.674697
vt 0.359789 0.682312
vt 0.382987 0.667646
vt 0.370490 0.678730
vt 0.388623 0.674678
vt 0.394946 0.656133
vt 0.385846 0.648560
vt 0.376313 0.661769
vt 0.398531 0.652533
vt 0.402737 0.665359
vt 0.388672 0.644473
vt 0.368838 0.657240
vt 0.377767 0.638404
vt 0.375744 0.642842
vt 0.365005 0.639026
vt 0.360853 0.654105
vt 0.366196 0.634404
vt 0.353971 0.637183
vt 0.352608 0.652452
vt 0.354313 0.632501
vt 0.344394 0.652348
vt 0.342969 0.637378
vt 0.336491 0.653731
vt 0.332350 0.639577
vt 0.342447 0.632768
vt 0.329180 0.656573
vt 0.322440 0.643672
vt 0.331007 0.635227
vt 0.313557 0.649538
vt 0.322668 0.660764
vt 0.320308 0.639668
vt 0.305977 0.656979
vt 0.317185 0.666244
vt 0.310734 0.646051
vt 0.299935 0.665817
vt 0.312906 0.672844
vt 0.302524 0.654080
vt 0.309937 0.680305
vt 0.291203 0.674302
vt 0.295598 0.675770
vt 0.308330 0.688363
vt 0.293095 0.686499
vt 0.308227 0.696777
vt 0.287769 0.697898
vt 0.292574 0.697703
vt 0.294060 0.709020
vt 0.309599 0.705258
vt 0.289309 0.710081
vt 0.312504 0.713525
vt 0.292992 0.722014
vt 0.297583 0.720093
vt 0.316869 0.721279
vt 0.298829 0.733364
vt 0.303104 0.730586
vt 0.322608 0.728232
vt 0.306800 0.743676
vt 0.310568 0.740104
vt 0.329568 0.734126
vt 0.316663 0.752595
vt 0.319776 0.748303
vt 0.330589 0.754770
vt 0.337621 0.738663
vt 0.328286 0.759695
vt 0.346451 0.741666
vt 0.342708 0.759241
vt 0.355819 0.761201
vt 0.355794 0.742809
vt 0.341381 0.764703
vt 0.369421 0.760530
vt 0.365209 0.742061
vt 0.355671 0.766967
vt 0.374231 0.739272
vt 0.382888 0.756939
vt 0.370593 0.766401
vt 0.395317 0.750434
vt 0.382266 0.734437
vt 0.385615 0.762614
vt 0.404255 0.739650
vt 0.388712 0.727571
vt 0.400265 0.756532
vt 0.393298 0.719292
vt 0.416016 0.729588
vt 0.410525 0.727221
vt 0.414004 0.714046
vt 0.395992 0.710230
vt 0.396800 0.700848
vt 0.414768 0.700805
vt 0.419703 0.715092
vt 0.412983 0.688003
vt 0.395728 0.691552
vt 0.420360 0.700655
vt 0.392921 0.682743
vt 0.408832 0.676083
vt 0.418305 0.686766
vt 0.413685 0.673912
vt 0.406997 0.662407
vt 0.420117 0.670933
vt 0.403226 0.647690
vt 0.421480 0.652055
vt 0.412609 0.658396
vt 0.410647 0.640066
vt 0.392354 0.638997
vt 0.384519 0.623161
vt 0.380379 0.632483
vt 0.367726 0.628269
vt 0.354753 0.626263
vt 0.370051 0.618538
vt 0.341736 0.626615
vt 0.355246 0.616407
vt 0.329212 0.629432
vt 0.326277 0.620243
vt 0.312904 0.625863
vt 0.317460 0.634306
vt 0.300946 0.633973
vt 0.306976 0.641383
vt 0.297932 0.650168
vt 0.290653 0.660588
vt 0.295948 0.663598
vt 0.282211 0.655902
vt 0.285369 0.672292
vt 0.282245 0.684925
vt 0.288442 0.685844
vt 0.272454 0.683492
vt 0.271333 0.698398
vt 0.281374 0.698133
vt 0.273024 0.713485
vt 0.283006 0.711436
vt 0.286863 0.724480
vt 0.277207 0.728363
vt 0.293092 0.736982
vt 0.301735 0.748379
vt 0.284029 0.742570
vt 0.312465 0.758285
vt 0.293568 0.755592
vt 0.319880 0.776486
vt 0.325144 0.766224
vt 0.339486 0.771997
vt 0.355323 0.774693
vt 0.354441 0.787111
vt 0.371977 0.774307
vt 0.373970 0.787111
vt 0.388889 0.770141
vt 0.404610 0.761877
vt 0.393954 0.782415
vt 0.415830 0.748223
vt 0.409218 0.743467
vt 0.426676 0.755888
vt 0.435553 0.737317
vt 0.423454 0.732626
vt 0.427373 0.716376
vt 0.439716 0.718210
vt 0.427837 0.700366
vt 0.425417 0.685039
vt 0.439786 0.699597
vt 0.430270 0.666148
vt 0.527870 0.278659
vt 0.557796 0.334648
vt 0.501806 0.364574
vt 0.378638 0.694373
vt 0.379315 0.700169
vt 0.369466 0.699936
vt 0.378818 0.705903
vt 0.369315 0.703673
vt 0.368406 0.707130
vt 0.377157 0.711301
vt 0.374400 0.716118
vt 0.366786 0.710152
vt 0.370594 0.720077
vt 0.364510 0.712591
vt 0.361683 0.714339
vt 0.365945 0.722971
vt 0.360690 0.724683
vt 0.358431 0.715319
vt 0.355097 0.725165
vt 0.354901 0.715487
vt 0.351248 0.714851
vt 0.349412 0.724464
vt 0.343904 0.722590
vt 0.347618 0.713439
vt 0.344114 0.711335
vt 0.338761 0.719698
vt 0.334185 0.715892
vt 0.341070 0.708578
vt 0.338367 0.705282
vt 0.330328 0.711329
vt 0.327280 0.706205
vt 0.336130 0.701572
vt 0.334418 0.697572
vt 0.325112 0.700708
vt 0.323865 0.695034
vt 0.333255 0.693409
vt 0.323543 0.689381
vt 0.332636 0.689212
vt 0.332505 0.685109
vt 0.324129 0.683952
vt 0.332763 0.681221
vt 0.325564 0.678933
vt 0.327843 0.674546
vt 0.333273 0.677672
vt 0.333812 0.674590
vt 0.330965 0.671037
vt 0.336976 0.674722
vt 0.335057 0.668722
vt 0.339819 0.667377
vt 0.340586 0.674942
vt 0.344471 0.675469
vt 0.345042 0.667001
vt 0.350488 0.667538
vt 0.348473 0.676416
vt 0.355954 0.669030
vt 0.352450 0.677859
vt 0.356264 0.679830
vt 0.361232 0.671433
vt 0.873955 0.491679
vt 0.875091 0.491311
vt 0.875463 0.498747
vt 0.875537 0.505971
vt 0.874269 0.513090
vt 0.875389 0.513403
vt 0.871661 0.519834
vt 0.867856 0.525983
vt 0.868776 0.526683
vt 0.862958 0.531299
vt 0.857747 0.536579
vt 0.857157 0.535609
vt 0.850662 0.538779
vt 0.843881 0.541822
vt 0.843684 0.540675
vt 0.836467 0.541198
vt 0.829283 0.540342
vt 0.829021 0.541506
vt 0.822382 0.538114
vt 0.815371 0.535566
vt 0.816089 0.534571
vt 0.810713 0.529766
vt 0.806504 0.523909
vt 0.805446 0.524522
vt 0.803602 0.517283
vt 0.802082 0.510198
vt 0.801969 0.502947
vt 0.802154 0.495503
vt 0.803260 0.495812
vt 0.805854 0.489044
vt 0.809683 0.482895
vt 0.808771 0.482198
vt 0.814590 0.477573
vt 0.820399 0.473262
vt 0.826908 0.470112
vt 0.826509 0.469046
vt 0.833890 0.468219
vt 0.841109 0.467681
vt 0.597554 0.491767
vt 0.600230 0.507432
vt 0.588285 0.494278
vt 0.590145 0.508574
vt 0.589874 0.522575
vt 0.599789 0.523336
vt 0.587793 0.536435
vt 0.596976 0.538569
vt 0.592424 0.553226
vt 0.583470 0.549581
vt 0.584747 0.566067
vt 0.577483 0.561460
vt 0.568814 0.570697
vt 0.575295 0.577250
vt 0.558413 0.578710
vt 0.563661 0.586672
vt 0.546560 0.584539
vt 0.550228 0.593150
vt 0.533908 0.588786
vt 0.536210 0.598030
vt 0.521320 0.600460
vt 0.520654 0.590742
vt 0.506127 0.600583
vt 0.507218 0.590863
vt 0.491079 0.598469
vt 0.494032 0.589009
vt 0.481921 0.626213
vt 0.481352 0.585252
vt 0.463133 0.617850
vt 0.477193 0.593600
vt 0.465509 0.586444
vt 0.464095 0.588072
vt 0.465184 0.573150
vt 0.433102 0.588815
vt 0.457565 0.576377
vt 0.462438 0.559484
vt 0.424621 0.569664
vt 0.453089 0.562012
vt 0.450576 0.546365
vt 0.460661 0.545161
vt 0.451271 0.530552
vt 0.461131 0.531139
vt 0.420361 0.528085
vt 0.453392 0.515083
vt 0.462878 0.517161
vt 0.458128 0.500184
vt 0.467210 0.503879
vt 0.423702 0.507334
vt 0.465854 0.486987
vt 0.473282 0.491874
vt 0.441106 0.470282
vt 0.475913 0.476027
vt 0.482233 0.482823
vt 0.454675 0.454961
vt 0.492841 0.475034
vt 0.470751 0.442305
vt 0.487758 0.467146
vt 0.504519 0.468493
vt 0.500681 0.459534
vt 0.516965 0.464006
vt 0.515017 0.454907
vt 0.530134 0.462407
vt 0.529772 0.453018
vt 0.544793 0.452741
vt 0.543509 0.462481
vt 0.556605 0.464751
vt 0.559481 0.455667
vt 0.555263 0.468410
vt 0.542990 0.466333
vt 0.530280 0.466083
vt 0.506079 0.471994
vt 0.494878 0.478120
vt 0.484664 0.485376
vt 0.475817 0.493318
vt 0.470735 0.505317
vt 0.466462 0.517912
vt 0.464995 0.531313
vt 0.464547 0.544463
vt 0.466099 0.558309
vt 0.468484 0.571053
vt 0.470757 0.581028
vt 0.495394 0.585218
vt 0.507682 0.586990
vt 0.520434 0.586954
vt 0.533099 0.585253
vt 0.545082 0.581079
vt 0.556393 0.575800
vt 0.566325 0.568127
vt 0.575023 0.560128
vt 0.580010 0.548171
vt 0.584301 0.535665
vt 0.585961 0.522380
vt 0.586326 0.509306
vt 0.584625 0.495353
vt 0.486025 0.426917
vt 0.488386 0.432272
vt 0.467459 0.437386
vt 0.450617 0.450651
vt 0.436322 0.466774
vt 0.425181 0.485296
vt 0.430568 0.487833
vt 0.417857 0.505826
vt 0.420315 0.549161
vt 0.414269 0.527583
vt 0.418823 0.571527
vt 0.427885 0.591936
vt 0.445942 0.605309
vt 0.460064 0.623106
vt 0.480125 0.631885
vt 0.501333 0.636183
vt 0.971538 0.829392
vt 0.966327 0.831785
vt 0.970859 0.829724
vt 0.971452 0.828770
vt 0.968692 0.831584
vt 0.968749 0.831098
vt 0.969223 0.832139
vt 0.970166 0.830667
vt 0.427357 0.971653
vt 0.436230 0.966530
vt 0.436230 0.976776
vt 0.967493 0.831883
vt 0.965219 0.831606
vt 0.969153 0.831374
vt 0.965631 0.832079
vt 0.964621 0.822885
vt 0.964173 0.821037
vt 0.965541 0.832157
vt 0.964145 0.820976
vt 0.981518 0.352870
vt 0.972644 0.357993
vt 0.972644 0.347747
vt 0.971655 0.829375
vt 0.965271 0.822589
vt 0.965788 0.823687
vt 0.967593 0.831402
vt 0.967903 0.876439
vt 0.976776 0.881562
vt 0.967903 0.886685
vt 0.972035 0.827853
vt 0.965109 0.823996
vt 0.964145 0.831443
vt 0.969739 0.830426
vt 0.360974 0.981518
vt 0.360974 0.971271
vt 0.369847 0.976395
vt 0.800175 0.884120
vt 0.795916 0.883243
vt 0.800308 0.883617
vt 0.802559 0.883943
vt 0.802560 0.883534
vt 0.800186 0.883116
vt 0.802301 0.883236
vt 0.790928 0.882476
vt 0.795989 0.882714
vt 0.790924 0.883919
vt 0.795941 0.883773
vt 0.795985 0.882526
vt 0.800154 0.882916
vt 0.864647 0.881780
vt 0.860430 0.880985
vt 0.865096 0.881317
vt 0.868150 0.881610
vt 0.868699 0.881882
vt 0.802211 0.883115
vt 0.869471 0.881501
vt 0.870723 0.881944
vt 0.802645 0.883072
vt 0.802710 0.883139
vt 0.870262 0.881083
vt 0.871275 0.881874
vt 0.802763 0.882700
vt 0.802641 0.882617
vt 0.871211 0.881319
vt 0.802299 0.880504
vt 0.802089 0.880498
vt 0.870470 0.880211
vt 0.870646 0.879365
vt 0.801014 0.876363
vt 0.800824 0.876403
vt 0.870241 0.878902
vt 0.869507 0.875458
vt 0.799569 0.871362
vt 0.799370 0.871406
vt 0.867638 0.871576
vt 0.868193 0.870535
vt 0.798283 0.866877
vt 0.798102 0.866982
vt 0.866317 0.867435
vt 0.867135 0.866038
vt 0.796677 0.863967
vt 0.796644 0.864045
vt 0.864710 0.864507
vt 0.865607 0.862837
vt 0.794380 0.862577
vt 0.794336 0.862694
vt 0.862348 0.863094
vt 0.863032 0.861280
vt 0.791526 0.862271
vt 0.791540 0.862415
vt 0.859844 0.860967
vt 0.789129 0.862809
vt 0.789086 0.862709
vt 0.859556 0.862795
vt 0.856958 0.861453
vt 0.787714 0.864021
vt 0.787702 0.863917
vt 0.857148 0.863076
vt 0.855186 0.862982
vt 0.786758 0.866349
vt 0.786915 0.866511
vt 0.855877 0.863756
vt 0.854537 0.865769
vt 0.785564 0.869001
vt 0.785912 0.869270
vt 0.855586 0.866083
vt 0.853687 0.868417
vt 0.783576 0.870972
vt 0.783366 0.870856
vt 0.851973 0.870873
vt 0.851388 0.869958
vt 0.781377 0.872254
vt 0.781291 0.872325
vt 0.849833 0.871779
vt 0.848911 0.871330
vt 0.780487 0.874035
vt 0.780535 0.874038
vt 0.849526 0.873172
vt 0.847933 0.873423
vt 0.780561 0.876590
vt 0.780675 0.876587
vt 0.849896 0.875543
vt 0.848229 0.876299
vt 0.781524 0.879328
vt 0.781424 0.879382
vt 0.850916 0.878132
vt 0.849362 0.879261
vt 0.783323 0.881342
vt 0.783249 0.881387
vt 0.851524 0.881316
vt 0.852887 0.880022
vt 0.786462 0.882174
vt 0.786396 0.882363
vt 0.854986 0.881944
vt 0.856112 0.880795
vt 0.790923 0.882272
vt 0.859575 0.881789
vt 0.855987 0.877253
vt 0.858814 0.878402
vt 0.862489 0.879407
vt 0.859792 0.873049
vt 0.862094 0.874806
vt 0.864893 0.876949
vt 0.866454 0.880558
vt 0.867906 0.879263
vt 0.868788 0.877526
vt 0.866646 0.873983
vt 0.869174 0.876014
vt 0.864709 0.870688
vt 0.862847 0.868253
vt 0.860841 0.866949
vt 0.858062 0.871732
vt 0.858755 0.866408
vt 0.856663 0.870669
vt 0.856919 0.866199
vt 0.854552 0.869069
vt 0.852443 0.872117
vt 0.855497 0.869785
vt 0.853134 0.873818
vt 0.854207 0.875674
vt 0.786084 0.883209
vt 0.790795 0.883202
vt 0.782123 0.883170
vt 0.786093 0.884132
vt 0.786051 0.884314
vt 0.782019 0.883310
vt 0.790915 0.884098
vt 0.526900 0.867631
vt 0.528999 0.865709
vt 0.530125 0.866857
vt 0.533588 0.865864
vt 0.534443 0.866668
vt 0.795922 0.883950
vt 0.538660 0.865873
vt 0.539109 0.866335
vt 0.800149 0.884314
vt 0.542163 0.866043
vt 0.542712 0.865771
vt 0.802584 0.884129
vt 0.543484 0.866152
vt 0.544736 0.865709
vt 0.803251 0.883616
vt 0.544275 0.866570
vt 0.545288 0.865779
vt 0.803511 0.882871
vt 0.803159 0.883539
vt 0.545224 0.866333
vt 0.544483 0.867442
vt 0.803331 0.880319
vt 0.803707 0.882871
vt 0.544659 0.868288
vt 0.544254 0.868751
vt 0.542801 0.870127
vt 0.541919 0.868389
vt 0.543188 0.871639
vt 0.540659 0.873669
vt 0.538906 0.870704
vt 0.540467 0.867095
vt 0.536502 0.868245
vt 0.536107 0.872846
vt 0.532827 0.869251
vt 0.533805 0.874603
vt 0.530000 0.870400
vt 0.532075 0.875921
vt 0.528220 0.871978
vt 0.527147 0.873834
vt 0.523909 0.872109
vt 0.524929 0.869521
vt 0.522242 0.871353
vt 0.523375 0.868391
vt 0.525537 0.866336
vt 0.777849 0.877026
vt 0.779212 0.880750
vt 0.777643 0.877055
vt 0.779380 0.880655
vt 0.777850 0.873410
vt 0.778045 0.873463
vt 0.521946 0.874229
vt 0.779176 0.870883
vt 0.779326 0.870997
vt 0.523539 0.874481
vt 0.522924 0.876323
vt 0.781464 0.868961
vt 0.781349 0.868819
vt 0.523846 0.875874
vt 0.525401 0.877695
vt 0.783237 0.867252
vt 0.783121 0.867167
vt 0.525986 0.876779
vt 0.527700 0.879235
vt 0.784206 0.864950
vt 0.784379 0.865023
vt 0.529599 0.881569
vt 0.528565 0.878583
vt 0.785638 0.862221
vt 0.785795 0.862337
vt 0.529890 0.883897
vt 0.528551 0.881884
vt 0.530932 0.881454
vt 0.529510 0.877868
vt 0.532768 0.881245
vt 0.531161 0.884576
vt 0.530676 0.876983
vt 0.526456 0.875535
vt 0.529199 0.884671
vt 0.533569 0.884858
vt 0.530971 0.886200
vt 0.791431 0.859499
vt 0.787773 0.860156
vt 0.791422 0.859290
vt 0.787870 0.860333
vt 0.795304 0.860159
vt 0.795243 0.860341
vt 0.536361 0.884558
vt 0.533858 0.886685
vt 0.798319 0.862385
vt 0.798202 0.862514
vt 0.539620 0.884815
vt 0.538723 0.883146
vt 0.534854 0.880704
vt 0.536860 0.879399
vt 0.538722 0.876965
vt 0.540330 0.880217
vt 0.541651 0.876077
vt 0.541148 0.881615
vt 0.542206 0.877117
vt 0.799972 0.866175
vt 0.801176 0.870946
vt 0.801000 0.871000
vt 0.800142 0.866092
vt 0.802248 0.876015
vt 0.802073 0.876074
vt 0.543520 0.872194
vt 0.803529 0.880256
vt 0.801531 0.876170
vt 0.800255 0.871050
vt 0.802835 0.880544
vt 0.803092 0.882932
vt 0.802931 0.883352
vt 0.799057 0.866377
vt 0.797323 0.863216
vt 0.794778 0.861540
vt 0.791532 0.861002
vt 0.788624 0.861626
vt 0.786867 0.863151
vt 0.785567 0.865674
vt 0.784313 0.868056
vt 0.782402 0.869903
vt 0.780361 0.871774
vt 0.779377 0.873861
vt 0.779329 0.876841
vt 0.780478 0.879969
vt 0.782637 0.882165
vt 0.656723 0.873703
vt 0.656695 0.872603
vt 0.656929 0.872663
vt 0.656710 0.876136
vt 0.656368 0.873722
vt 0.656525 0.872586
vt 0.656224 0.876099
vt 0.656197 0.873761
vt 0.144004 0.970538
vt 0.144257 0.970990
vt 0.143978 0.971701
vt 0.144018 0.968204
vt 0.144199 0.970219
vt 0.655988 0.879114
vt 0.656055 0.876116
vt 0.144621 0.965771
vt 0.144390 0.968463
vt 0.144852 0.969272
vt 0.145559 0.967028
vt 0.144011 0.965261
vt 0.144788 0.963280
vt 0.146180 0.964954
vt 0.148267 0.967011
vt 0.146993 0.968525
vt 0.145611 0.970166
vt 0.146620 0.970761
vt 0.148712 0.969684
vt 0.150650 0.968717
vt 0.149315 0.965767
vt 0.152081 0.967759
vt 0.150093 0.964844
vt 0.152859 0.966684
vt 0.146880 0.963378
vt 0.145288 0.961462
vt 0.147807 0.962425
vt 0.143978 0.962574
vt 0.144418 0.960567
vt 0.146396 0.960433
vt 0.656679 0.884200
vt 0.657848 0.885811
vt 0.656509 0.884258
vt 0.655999 0.882032
vt 0.655817 0.882014
vt 0.659884 0.886483
vt 0.657964 0.885658
vt 0.147447 0.958791
vt 0.145673 0.959372
vt 0.661863 0.886448
vt 0.659856 0.886685
vt 0.149186 0.958754
vt 0.147880 0.959923
vt 0.149293 0.959808
vt 0.148883 0.961880
vt 0.149925 0.961521
vt 0.150744 0.964072
vt 0.153211 0.965535
vt 0.153388 0.964451
vt 0.155296 0.966187
vt 0.155051 0.967725
vt 0.155172 0.964785
vt 0.156474 0.966419
vt 0.156207 0.968245
vt 0.156221 0.964714
vt 0.670712 0.877638
vt 0.670621 0.875214
vt 0.670941 0.877665
vt 0.670165 0.879764
vt 0.670348 0.879884
vt 0.669164 0.881236
vt 0.669267 0.881403
vt 0.155383 0.963584
vt 0.667705 0.882541
vt 0.667769 0.882708
vt 0.154829 0.964016
vt 0.153814 0.962947
vt 0.151319 0.963391
vt 0.153501 0.963670
vt 0.152308 0.962223
vt 0.150680 0.961279
vt 0.151345 0.960850
vt 0.150115 0.960019
vt 0.150451 0.959397
vt 0.664908 0.884780
vt 0.663525 0.885983
vt 0.663393 0.885855
vt 0.661932 0.886635
vt 0.662898 0.884965
vt 0.661635 0.885451
vt 0.664220 0.883900
vt 0.661525 0.884643
vt 0.662517 0.884216
vt 0.661553 0.884541
vt 0.662569 0.884106
vt 0.663516 0.883084
vt 0.663451 0.882901
vt 0.961978 0.947954
vt 0.960820 0.947542
vt 0.962085 0.946899
vt 0.961156 0.948165
vt 0.959926 0.948995
vt 0.961346 0.949667
vt 0.959952 0.951536
vt 0.960591 0.949425
vt 0.958963 0.950369
vt 0.957770 0.951815
vt 0.959486 0.950985
vt 0.960527 0.952218
vt 0.962388 0.950026
vt 0.957883 0.952597
vt 0.961178 0.952989
vt 0.963464 0.950571
vt 0.958060 0.953681
vt 0.958413 0.954830
vt 0.955975 0.954333
vt 0.956099 0.952931
vt 0.956220 0.955871
vt 0.954797 0.954565
vt 0.955050 0.952860
vt 0.668303 0.878987
vt 0.668466 0.877528
vt 0.668598 0.877523
vt 0.668349 0.875940
vt 0.668446 0.875924
vt 0.667630 0.879960
vt 0.668209 0.878994
vt 0.955888 0.951730
vt 0.956442 0.952161
vt 0.666260 0.880766
vt 0.667493 0.879995
vt 0.957457 0.951093
vt 0.664704 0.881733
vt 0.666077 0.880650
vt 0.666960 0.881651
vt 0.665516 0.882711
vt 0.664498 0.881486
vt 0.666264 0.883635
vt 0.665052 0.884877
vt 0.666361 0.883757
vt 0.668344 0.880515
vt 0.669148 0.879280
vt 0.669550 0.877537
vt 0.670416 0.875293
vt 0.669316 0.875645
vt 0.669249 0.873412
vt 0.668486 0.874135
vt 0.667814 0.874649
vt 0.667682 0.874652
vt 0.666288 0.873675
vt 0.666101 0.873850
vt 0.666736 0.872890
vt 0.956003 0.957828
vt 0.957034 0.957136
vt 0.957891 0.958624
vt 0.958732 0.957947
vt 0.959190 0.955905
vt 0.960621 0.956863
vt 0.961956 0.953913
vt 0.963004 0.955157
vt 0.964391 0.951523
vt 0.965091 0.953099
vt 0.965712 0.955173
vt 0.964278 0.956670
vt 0.962559 0.957829
vt 0.966419 0.957418
vt 0.965660 0.958311
vt 0.964651 0.958907
vt 0.963775 0.959226
vt 0.961160 0.958541
vt 0.963457 0.959548
vt 0.960553 0.959056
vt 0.663603 0.873200
vt 0.663547 0.873425
vt 0.660651 0.873047
vt 0.660631 0.872860
vt 0.658413 0.872728
vt 0.658345 0.872574
vt 0.965474 0.959712
vt 0.657416 0.872654
vt 0.657340 0.872575
vt 0.966243 0.959785
vt 0.965756 0.959958
vt 0.966763 0.959619
vt 0.966897 0.960181
vt 0.967014 0.959136
vt 0.967293 0.959847
vt 0.967233 0.960177
vt 0.657083 0.872803
vt 0.657208 0.872687
vt 0.657148 0.872882
vt 0.657158 0.872633
vt 0.657054 0.873797
vt 0.657209 0.873868
vt 0.967267 0.958684
vt 0.657197 0.876111
vt 0.657375 0.876134
vt 0.967072 0.958365
vt 0.967253 0.956350
vt 0.657370 0.879070
vt 0.657561 0.879028
vt 0.966650 0.953917
vt 0.966882 0.956608
vt 0.657708 0.881590
vt 0.657565 0.881698
vt 0.966483 0.951426
vt 0.967261 0.953407
vt 0.658086 0.883198
vt 0.658063 0.883298
vt 0.965983 0.949608
vt 0.967293 0.950720
vt 0.659020 0.884074
vt 0.658980 0.884161
vt 0.964875 0.948578
vt 0.966853 0.948713
vt 0.660220 0.884709
vt 0.660290 0.884540
vt 0.963824 0.946937
vt 0.965598 0.947518
vt 0.963391 0.948069
vt 0.660048 0.885479
vt 0.658529 0.884819
vt 0.657468 0.883738
vt 0.656827 0.881944
vt 0.656681 0.879175
vt 0.655817 0.879095
vt 0.657052 0.872518
vt 0.656916 0.872374
vt 0.657207 0.872407
vt 0.657160 0.872166
vt 0.656817 0.872268
vt 0.657152 0.871994
vt 0.144508 0.971474
vt 0.144374 0.972035
vt 0.144038 0.972031
vt 0.145028 0.971639
vt 0.145797 0.971566
vt 0.147496 0.971080
vt 0.145515 0.971812
vt 0.147815 0.971403
vt 0.658301 0.871890
vt 0.658349 0.871721
vt 0.660661 0.871876
vt 0.660685 0.871708
vt 0.663743 0.871719
vt 0.663730 0.871534
vt 0.150111 0.970395
vt 0.150719 0.970910
vt 0.667063 0.871721
vt 0.667047 0.871923
vt 0.152539 0.969802
vt 0.153380 0.970478
vt 0.154237 0.968990
vt 0.155268 0.969682
vt 0.669368 0.873241
vt 0.663763 0.872467
vt 0.660677 0.872368
vt 0.658265 0.872242
vt 0.852213 0.052212
vt 0.850216 0.052302
vt 0.852178 0.052145
vt 0.853613 0.050490
vt 0.851274 0.049609
vt 0.852432 0.049829
vt 0.852445 0.049834
vt 0.853662 0.050481
vt 0.833577 0.724290
vt 0.832178 0.722566
vt 0.833612 0.724223
vt 0.832128 0.722557
vt 0.833359 0.721906
vt 0.833346 0.721911
vt 0.832064 0.722229
vt 0.853727 0.050151
vt 0.830475 0.718364
vt 0.832037 0.722283
vt 0.855317 0.046287
vt 0.853755 0.050206
vt 0.830240 0.716887
vt 0.830557 0.718341
vt 0.855236 0.046265
vt 0.855553 0.044811
vt 0.832511 0.715605
vt 0.830302 0.716916
vt 0.853283 0.043529
vt 0.855491 0.044840
vt 0.830761 0.716238
vt 0.832501 0.715608
vt 0.855022 0.044154
vt 0.853293 0.043532
vt 0.831555 0.715433
vt 0.830771 0.716230
vt 0.854239 0.043357
vt 0.855033 0.044162
vt 0.829959 0.715902
vt 0.831576 0.715418
vt 0.855835 0.043825
vt 0.854218 0.043342
vt 0.829929 0.715941
vt 0.830022 0.710981
vt 0.855772 0.038904
vt 0.855865 0.043865
vt 0.831003 0.710670
vt 0.829970 0.710941
vt 0.854791 0.038593
vt 0.855824 0.038864
vt 0.829990 0.710102
vt 0.831039 0.710674
vt 0.855804 0.038025
vt 0.854755 0.038597
vt 0.829929 0.710134
vt 0.830490 0.706271
vt 0.855303 0.034194
vt 0.855865 0.038056
vt 0.831091 0.706339
vt 0.830457 0.706228
vt 0.854702 0.034261
vt 0.855337 0.034150
vt 0.830648 0.705899
vt 0.831120 0.706352
vt 0.855145 0.033821
vt 0.854673 0.034275
vt 0.830952 0.704033
vt 0.830582 0.705921
vt 0.854841 0.031955
vt 0.855211 0.033844
vt 0.832112 0.701007
vt 0.831036 0.704057
vt 0.853657 0.028981
vt 0.854758 0.031979
vt 0.834186 0.701877
vt 0.832135 0.701060
vt 0.851606 0.029799
vt 0.853680 0.028928
vt 0.832674 0.700473
vt 0.834200 0.701887
vt 0.853119 0.028394
vt 0.851592 0.029809
vt 0.832621 0.700257
vt 0.832609 0.700500
vt 0.853173 0.028178
vt 0.853184 0.028420
vt 0.832709 0.699962
vt 0.832702 0.700270
vt 0.853091 0.028190
vt 0.853084 0.027882
vt 0.833260 0.698617
vt 0.832789 0.699987
vt 0.853004 0.027907
vt 0.852612 0.026508
vt 0.833181 0.698588
vt 0.833639 0.697546
vt 0.852532 0.026536
vt 0.852201 0.025411
vt 0.835331 0.697085
vt 0.833591 0.697492
vt 0.852153 0.025465
vt 0.850460 0.025003
vt 0.834388 0.696896
vt 0.835349 0.697100
vt 0.851403 0.024816
vt 0.850442 0.025018
vt 0.835059 0.696815
vt 0.834384 0.696895
vt 0.850715 0.024734
vt 0.851408 0.024814
vt 0.834554 0.696649
vt 0.835076 0.696816
vt 0.851238 0.024567
vt 0.850732 0.024734
vt 0.835879 0.696446
vt 0.834563 0.696650
vt 0.851230 0.024569
vt 0.849925 0.024376
vt 0.835866 0.696459
vt 0.834316 0.696217
vt 0.849912 0.024364
vt 0.851519 0.024154
vt 0.835487 0.693825
vt 0.834276 0.696238
vt 0.850239 0.021785
vt 0.851478 0.024133
vt 0.837760 0.691767
vt 0.835551 0.693874
vt 0.847995 0.019747
vt 0.850304 0.021736
vt 0.837787 0.691839
vt 0.838268 0.691764
vt 0.838260 0.691952
vt 0.847510 0.019672
vt 0.847520 0.019860
vt 0.846993 0.019707
vt 0.847053 0.020016
vt 0.838784 0.691797
vt 0.838725 0.692105
vt 0.846571 0.020048
vt 0.846509 0.019875
vt 0.839206 0.692136
vt 0.839268 0.691964
vt 0.846105 0.020122
vt 0.846056 0.020065
vt 0.839672 0.692209
vt 0.839721 0.692152
vt 0.844669 0.022637
vt 0.844599 0.022607
vt 0.841180 0.694686
vt 0.841110 0.694716
vt 0.844405 0.023528
vt 0.844335 0.023507
vt 0.841445 0.695584
vt 0.841376 0.695605
vt 0.844290 0.023881
vt 0.844224 0.023866
vt 0.841491 0.695957
vt 0.841557 0.695943
vt 0.844187 0.024181
vt 0.844224 0.024159
vt 0.841557 0.696235
vt 0.841594 0.696256
vt 0.845185 0.024444
vt 0.845300 0.024469
vt 0.840599 0.696521
vt 0.840484 0.696546
vt 0.844037 0.024525
vt 0.844006 0.024474
vt 0.841747 0.696601
vt 0.841779 0.696550
vt 0.843825 0.024879
vt 0.843757 0.024836
vt 0.841960 0.696956
vt 0.842028 0.696913
vt 0.843631 0.025194
vt 0.843557 0.025164
vt 0.842154 0.697270
vt 0.842228 0.697240
vt 0.843215 0.027262
vt 0.843134 0.027251
vt 0.842572 0.699337
vt 0.842653 0.699326
vt 0.842876 0.030967
vt 0.842846 0.031001
vt 0.842914 0.703040
vt 0.842944 0.703074
vt 0.844016 0.030710
vt 0.844030 0.030705
vt 0.841760 0.702780
vt 0.841774 0.702784
vt 0.842264 0.031635
vt 0.842271 0.031633
vt 0.843527 0.703708
vt 0.843519 0.703706
vt 0.843763 0.031316
vt 0.843741 0.031324
vt 0.842027 0.703390
vt 0.842049 0.703398
vt 0.842793 0.032052
vt 0.842857 0.032103
vt 0.842998 0.704125
vt 0.842934 0.704177
vt 0.842477 0.032734
vt 0.842559 0.032759
vt 0.843315 0.704808
vt 0.843232 0.704833
vt 0.842098 0.035103
vt 0.842151 0.035069
vt 0.843694 0.707176
vt 0.843642 0.707143
vt 0.843883 0.035606
vt 0.843868 0.035603
vt 0.841910 0.707680
vt 0.841924 0.707678
vt 0.841814 0.035554
vt 0.841856 0.035597
vt 0.843978 0.707628
vt 0.843937 0.707671
vt 0.841861 0.039100
vt 0.841783 0.039117
vt 0.843933 0.711174
vt 0.844011 0.711191
vt 0.842003 0.039373
vt 0.841919 0.039383
vt 0.843791 0.711447
vt 0.843876 0.711457
vt 0.841935 0.039638
vt 0.841856 0.039638
vt 0.843859 0.711712
vt 0.843938 0.711713
vt 0.842330 0.041782
vt 0.842388 0.041733
vt 0.843407 0.713808
vt 0.843465 0.713857
vt 0.844552 0.042693
vt 0.844569 0.042694
vt 0.841243 0.714769
vt 0.841227 0.714769
vt 0.842601 0.042530
vt 0.842595 0.042528
vt 0.843195 0.714605
vt 0.843201 0.714603
vt 0.843778 0.042937
vt 0.843747 0.042935
vt 0.842018 0.715012
vt 0.842048 0.715011
vt 0.842389 0.043358
vt 0.842439 0.043383
vt 0.843408 0.715434
vt 0.843357 0.715459
vt 0.843644 0.047244
vt 0.843715 0.047205
vt 0.842153 0.719322
vt 0.842081 0.719283
vt 0.845625 0.049597
vt 0.845594 0.049659
vt 0.840170 0.721676
vt 0.840201 0.721738
vt 0.847094 0.049623
vt 0.847193 0.049611
vt 0.838701 0.721702
vt 0.838602 0.721691
vt 0.845719 0.049841
vt 0.845681 0.049828
vt 0.840079 0.721921
vt 0.840116 0.721908
vt 0.847329 0.052378
vt 0.847362 0.052317
vt 0.838434 0.724400
vt 0.838467 0.724461
vt 0.836592 0.724456
vt 0.836517 0.724411
vt 0.849276 0.052327
vt 0.849201 0.052372
vt 0.849497 0.060309
vt 0.836171 0.732358
vt 0.850161 0.060456
vt 0.849579 0.060231
vt 0.850140 0.060162
vt 0.835580 0.732582
vt 0.835604 0.732286
vt 0.850703 0.060148
vt 0.850796 0.060217
vt 0.835037 0.732268
vt 0.834943 0.732337
vt 0.850293 0.052340
vt 0.835574 0.724382
vt 0.835496 0.724420
vt 0.834517 0.721687
vt 0.836178 0.721730
vt 0.836045 0.724397
vt 0.836187 0.721532
vt 0.837807 0.721886
vt 0.836197 0.721329
vt 0.838251 0.721689
vt 0.838669 0.721486
vt 0.839276 0.718980
vt 0.836377 0.718746
vt 0.833687 0.721157
vt 0.834105 0.721417
vt 0.833471 0.717293
vt 0.833445 0.718537
vt 0.836470 0.717505
vt 0.836567 0.716256
vt 0.839449 0.717760
vt 0.839632 0.716531
vt 0.836664 0.714997
vt 0.839826 0.715280
vt 0.836674 0.714839
vt 0.840006 0.715121
vt 0.833510 0.714785
vt 0.833504 0.716044
vt 0.833360 0.714599
vt 0.836684 0.714679
vt 0.833208 0.714413
vt 0.836928 0.711328
vt 0.840164 0.714933
vt 0.840476 0.711589
vt 0.836960 0.710890
vt 0.840550 0.710981
vt 0.840590 0.711155
vt 0.836972 0.710719
vt 0.840717 0.708134
vt 0.833395 0.710458
vt 0.833331 0.710625
vt 0.833651 0.707630
vt 0.833772 0.707440
vt 0.837179 0.707875
vt 0.833893 0.707250
vt 0.837193 0.707677
vt 0.840526 0.707686
vt 0.840620 0.707910
vt 0.837207 0.707481
vt 0.840587 0.704688
vt 0.837405 0.704481
vt 0.840534 0.702829
vt 0.837536 0.702616
vt 0.840379 0.702675
vt 0.834500 0.702405
vt 0.834205 0.704264
vt 0.834703 0.702252
vt 0.834898 0.702091
vt 0.837550 0.702478
vt 0.834961 0.701746
vt 0.837565 0.702341
vt 0.840224 0.701437
vt 0.840223 0.702521
vt 0.837687 0.700901
vt 0.840175 0.701308
vt 0.837701 0.700784
vt 0.840246 0.699209
vt 0.835450 0.698780
vt 0.835042 0.701619
vt 0.835677 0.697388
vt 0.837856 0.699020
vt 0.838016 0.697085
vt 0.838044 0.697236
vt 0.840240 0.696903
vt 0.840316 0.697071
vt 0.838068 0.696804
vt 0.840077 0.696518
vt 0.840289 0.696681
vt 0.835902 0.696799
vt 0.835678 0.696926
vt 0.835677 0.697238
vt 0.836126 0.696685
vt 0.838082 0.696669
vt 0.836365 0.696321
vt 0.838098 0.696533
vt 0.838144 0.696236
vt 0.839867 0.696360
vt 0.839671 0.695921
vt 0.839779 0.696107
vt 0.838372 0.694390
vt 0.838139 0.696006
vt 0.836962 0.694123
vt 0.836502 0.696014
vt 0.839768 0.694544
vt 0.833379 0.711070
vt 0.849746 0.052315
vt 0.849615 0.049650
vt 0.849606 0.049453
vt 0.847987 0.049806
vt 0.847544 0.049609
vt 0.849596 0.049250
vt 0.847126 0.049406
vt 0.846519 0.046902
vt 0.849417 0.046669
vt 0.852105 0.049080
vt 0.851687 0.049339
vt 0.852322 0.045216
vt 0.852349 0.046460
vt 0.849324 0.045428
vt 0.849227 0.044179
vt 0.846346 0.045683
vt 0.846163 0.044454
vt 0.849130 0.042920
vt 0.845969 0.043204
vt 0.849120 0.042762
vt 0.845788 0.043045
vt 0.852284 0.042708
vt 0.852290 0.043967
vt 0.849110 0.042602
vt 0.852434 0.042522
vt 0.852586 0.042337
vt 0.848866 0.039252
vt 0.845630 0.042857
vt 0.845318 0.039513
vt 0.848834 0.038813
vt 0.845243 0.038905
vt 0.845203 0.039080
vt 0.845076 0.036059
vt 0.848821 0.038643
vt 0.852398 0.038382
vt 0.852463 0.038548
vt 0.852142 0.035553
vt 0.848614 0.035799
vt 0.852021 0.035363
vt 0.848600 0.035601
vt 0.851900 0.035173
vt 0.845267 0.035611
vt 0.845173 0.035835
vt 0.845204 0.032612
vt 0.848586 0.035404
vt 0.845257 0.030753
vt 0.848387 0.032405
vt 0.845412 0.030599
vt 0.848255 0.030539
vt 0.851292 0.030327
vt 0.851588 0.032186
vt 0.851089 0.030174
vt 0.848241 0.030401
vt 0.850894 0.030013
vt 0.848226 0.030264
vt 0.850831 0.029667
vt 0.845566 0.029361
vt 0.845567 0.030445
vt 0.845614 0.029232
vt 0.848103 0.028823
vt 0.845542 0.027132
vt 0.848089 0.028707
vt 0.850341 0.026700
vt 0.850750 0.029540
vt 0.847933 0.026941
vt 0.850113 0.025307
vt 0.847772 0.025005
vt 0.847744 0.025155
vt 0.845545 0.024825
vt 0.845470 0.024993
vt 0.847720 0.024723
vt 0.845708 0.024439
vt 0.845496 0.024602
vt 0.849888 0.024717
vt 0.850113 0.024845
vt 0.850113 0.025157
vt 0.847705 0.024588
vt 0.849664 0.024603
vt 0.847689 0.024451
vt 0.849424 0.024239
vt 0.845918 0.024280
vt 0.847643 0.024154
vt 0.846112 0.023841
vt 0.846006 0.024028
vt 0.847412 0.022305
vt 0.847647 0.023924
vt 0.848825 0.022036
vt 0.849287 0.023930
vt 0.846013 0.022462
vt 0.852414 0.038993
vt 0.532880 0.927759
vt 0.534145 0.927759
vt 0.534144 0.927758
vt 0.531638 0.928005
vt 0.532878 0.927758
vt 0.532817 0.927140
vt 0.531458 0.927411
vt 0.535382 0.928005
vt 0.535381 0.928005
vt 0.534203 0.927140
vt 0.536550 0.928487
vt 0.536550 0.928489
vt 0.536844 0.927941
vt 0.535562 0.927410
vt 0.647274 0.829774
vt 0.648841 0.832157
vt 0.647274 0.832157
vt 0.648841 0.829774
vt 0.650415 0.832157
vt 0.029194 0.933229
vt 0.030640 0.933452
vt 0.030245 0.933933
vt 0.028207 0.932152
vt 0.029488 0.932683
vt 0.028026 0.932747
vt 0.028029 0.932747
vt 0.029192 0.933229
vt 0.031139 0.934826
vt 0.030246 0.933933
vt 0.031619 0.934434
vt 0.031844 0.935878
vt 0.031140 0.934827
vt 0.032390 0.935585
vt 0.019986 0.940794
vt 0.020466 0.935878
vt 0.024283 0.932748
vt 0.032326 0.937046
vt 0.031842 0.935878
vt 0.032573 0.938286
vt 0.032328 0.937046
vt 0.032920 0.936865
vt 0.033191 0.938226
vt 0.641014 0.829774
vt 0.642580 0.832157
vt 0.641014 0.832157
vt 0.642580 0.829774
vt 0.644148 0.832157
vt 0.644148 0.829774
vt 0.645707 0.832157
vt 0.539198 0.931138
vt 0.538978 0.929692
vt 0.538497 0.930088
vt 0.537601 0.929191
vt 0.537996 0.928710
vt 0.539198 0.931136
vt 0.539682 0.932304
vt 0.539680 0.932306
vt 0.539746 0.930845
vt 0.539929 0.933545
vt 0.539929 0.933544
vt 0.540277 0.932125
vt 0.539926 0.934809
vt 0.539929 0.934808
vt 0.540546 0.934870
vt 0.540546 0.933484
vt 0.539681 0.936050
vt 0.539680 0.936050
vt 0.539198 0.937218
vt 0.540277 0.936230
vt 0.634746 0.829774
vt 0.636321 0.832157
vt 0.634746 0.832157
vt 0.636321 0.829774
vt 0.637887 0.832157
vt 0.031844 0.941959
vt 0.032921 0.940970
vt 0.032390 0.942252
vt 0.031141 0.943011
vt 0.031621 0.943403
vt 0.637887 0.829774
vt 0.639447 0.832157
vt 0.032575 0.939550
vt 0.032328 0.940790
vt 0.639447 0.829774
vt 0.033191 0.939611
vt 0.032575 0.939551
vt 0.032574 0.938287
vt 0.032327 0.940791
vt 0.031842 0.941961
vt 0.030247 0.943904
vt 0.030640 0.944385
vt 0.029197 0.944609
vt 0.030247 0.943903
vt 0.029487 0.945153
vt 0.631620 0.829774
vt 0.633194 0.832157
vt 0.631620 0.832157
vt 0.633194 0.829774
vt 0.538497 0.938269
vt 0.537996 0.939644
vt 0.538976 0.938664
vt 0.539746 0.937511
vt 0.537601 0.939164
vt 0.538496 0.938269
vt 0.536548 0.939866
vt 0.536550 0.939866
vt 0.535382 0.940349
vt 0.535381 0.940349
vt 0.535562 0.940943
vt 0.536841 0.940414
vt 0.628494 0.829774
vt 0.630053 0.832157
vt 0.628494 0.832157
vt 0.630053 0.829774
vt 0.028027 0.945091
vt 0.028207 0.945685
vt 0.026847 0.945956
vt 0.026786 0.945337
vt 0.025461 0.945956
vt 0.025522 0.945338
vt 0.626927 0.829774
vt 0.626927 0.832157
vt 0.024282 0.945090
vt 0.024101 0.945685
vt 0.625360 0.829774
vt 0.625360 0.832157
vt 0.025523 0.945338
vt 0.026787 0.945338
vt 0.023116 0.944609
vt 0.024281 0.945090
vt 0.022062 0.943905
vt 0.022065 0.943904
vt 0.022822 0.945155
vt 0.021670 0.944385
vt 0.622226 0.829774
vt 0.623793 0.832157
vt 0.622226 0.832157
vt 0.623793 0.829774
vt 0.530467 0.939866
vt 0.531457 0.940943
vt 0.531637 0.940349
vt 0.532817 0.941214
vt 0.532877 0.940595
vt 0.530469 0.939866
vt 0.531635 0.940349
vt 0.529418 0.939162
vt 0.530176 0.940414
vt 0.528522 0.938268
vt 0.528523 0.938269
vt 0.529023 0.939644
vt 0.527821 0.937218
vt 0.527819 0.937218
vt 0.528045 0.938663
vt 0.527336 0.936050
vt 0.527271 0.937510
vt 0.615973 0.829774
vt 0.617525 0.832157
vt 0.615973 0.832157
vt 0.617525 0.829774
vt 0.619100 0.832157
vt 0.019985 0.940792
vt 0.019919 0.942252
vt 0.019387 0.940970
vt 0.019737 0.939551
vt 0.019118 0.939614
vt 0.619100 0.829774
vt 0.620659 0.832157
vt 0.020468 0.941959
vt 0.020688 0.943404
vt 0.620659 0.829774
vt 0.021168 0.943011
vt 0.021167 0.943010
vt 0.020466 0.941959
vt 0.019737 0.938287
vt 0.019735 0.939551
vt 0.019118 0.938225
vt 0.019980 0.937048
vt 0.019735 0.938287
vt 0.019387 0.936867
vt 0.612832 0.829774
vt 0.614399 0.832157
vt 0.612832 0.832157
vt 0.614399 0.829774
vt 0.527090 0.934808
vt 0.526473 0.933484
vt 0.526473 0.934869
vt 0.526743 0.936230
vt 0.527091 0.933545
vt 0.527091 0.933544
vt 0.527091 0.934809
vt 0.527337 0.932305
vt 0.527336 0.932304
vt 0.526743 0.932124
vt 0.527819 0.931135
vt 0.527273 0.930844
vt 0.609706 0.832157
vt 0.611265 0.829774
vt 0.611265 0.832157
vt 0.020464 0.935878
vt 0.019916 0.935585
vt 0.020688 0.934433
vt 0.021167 0.934826
vt 0.022064 0.933933
vt 0.021669 0.933454
vt 0.608139 0.832157
vt 0.609706 0.829774
vt 0.023116 0.933231
vt 0.022820 0.932683
vt 0.606572 0.832157
vt 0.608139 0.829774
vt 0.022063 0.933933
vt 0.021168 0.934827
vt 0.024283 0.932746
vt 0.023114 0.933231
vt 0.025521 0.932499
vt 0.024102 0.932152
vt 0.025461 0.931883
vt 0.603446 0.829774
vt 0.605005 0.832157
vt 0.603446 0.832157
vt 0.605005 0.829774
vt 0.530176 0.927940
vt 0.530469 0.928487
vt 0.529025 0.928710
vt 0.529420 0.929190
vt 0.530470 0.928488
vt 0.528523 0.930085
vt 0.528045 0.929691
vt 0.532880 0.940595
vt 0.601879 0.829774
vt 0.601879 0.832157
vt 0.026848 0.931882
vt 0.026787 0.932500
vt 0.650415 0.829774
vt 0.651974 0.832157
vt 0.026787 0.932501
vt 0.019982 0.937047
vt 0.534144 0.940596
vt 0.534202 0.941214
vt 0.534142 0.940595
vt 0.028030 0.945093
vt 0.029195 0.944607
vt 0.537603 0.929192
vt 0.645707 0.829774
vt 0.083610 0.894567
vt 0.084876 0.894567
vt 0.084874 0.894567
vt 0.082368 0.894813
vt 0.083608 0.894567
vt 0.082188 0.894219
vt 0.084932 0.893948
vt 0.083547 0.893948
vt 0.086112 0.894813
vt 0.086111 0.894813
vt 0.086293 0.894219
vt 0.087280 0.895296
vt 0.087280 0.895297
vt 0.806068 0.320863
vt 0.808448 0.319296
vt 0.808448 0.320863
vt 0.806068 0.319296
vt 0.808448 0.317722
vt 0.083703 0.955272
vt 0.082330 0.955771
vt 0.083309 0.954791
vt 0.082108 0.957213
vt 0.082809 0.956165
vt 0.082107 0.957217
vt 0.082808 0.956167
vt 0.084754 0.954569
vt 0.083704 0.955271
vt 0.084462 0.954022
vt 0.085923 0.954083
vt 0.084755 0.954569
vt 0.085742 0.953489
vt 0.087163 0.953837
vt 0.094218 0.959620
vt 0.088432 0.966673
vt 0.087162 0.953837
vt 0.085922 0.954085
vt 0.088427 0.953837
vt 0.087101 0.953220
vt 0.088488 0.953220
vt 0.806068 0.327131
vt 0.808448 0.325564
vt 0.808448 0.327131
vt 0.806068 0.325564
vt 0.808448 0.323997
vt 0.806068 0.323997
vt 0.808448 0.322430
vt 0.089227 0.896895
vt 0.090476 0.897653
vt 0.089708 0.896500
vt 0.088331 0.896000
vt 0.088726 0.895520
vt 0.089928 0.897945
vt 0.089929 0.897946
vt 0.090412 0.899113
vt 0.090410 0.899114
vt 0.090660 0.900354
vt 0.090660 0.900352
vt 0.091008 0.898933
vt 0.090657 0.901616
vt 0.090659 0.901618
vt 0.091276 0.900293
vt 0.090412 0.902858
vt 0.090410 0.902858
vt 0.091276 0.901679
vt 0.089928 0.904026
vt 0.089928 0.904027
vt 0.090476 0.904319
vt 0.091008 0.903038
vt 0.806068 0.333399
vt 0.808448 0.331825
vt 0.808448 0.333399
vt 0.806068 0.331825
vt 0.808448 0.330265
vt 0.091888 0.955270
vt 0.091127 0.954020
vt 0.092281 0.954791
vt 0.093260 0.955769
vt 0.092782 0.956163
vt 0.806068 0.330265
vt 0.808448 0.328698
vt 0.090835 0.954567
vt 0.089847 0.953489
vt 0.806068 0.328698
vt 0.089668 0.954083
vt 0.089668 0.954082
vt 0.088429 0.953837
vt 0.091889 0.955271
vt 0.093483 0.957214
vt 0.094032 0.956922
vt 0.093969 0.958382
vt 0.093483 0.957213
vt 0.094560 0.958203
vt 0.806068 0.336533
vt 0.808448 0.334959
vt 0.808448 0.336533
vt 0.806068 0.334959
vt 0.088331 0.905971
vt 0.089706 0.905472
vt 0.089227 0.905077
vt 0.089226 0.905078
vt 0.087279 0.906675
vt 0.087280 0.906674
vt 0.087571 0.907222
vt 0.088726 0.906453
vt 0.086112 0.907157
vt 0.086111 0.907157
vt 0.086292 0.907752
vt 0.806068 0.339660
vt 0.808448 0.338093
vt 0.808448 0.339660
vt 0.806068 0.338093
vt 0.094833 0.959563
vt 0.094214 0.959623
vt 0.094833 0.960949
vt 0.094214 0.960888
vt 0.094563 0.962309
vt 0.093968 0.962128
vt 0.806068 0.341227
vt 0.808448 0.341227
vt 0.094033 0.963590
vt 0.093484 0.963297
vt 0.806068 0.342794
vt 0.808448 0.342794
vt 0.094215 0.960889
vt 0.092784 0.964345
vt 0.091889 0.965241
vt 0.092283 0.965721
vt 0.093263 0.964742
vt 0.806068 0.345928
vt 0.808448 0.344361
vt 0.808448 0.345928
vt 0.806068 0.344361
vt 0.081197 0.906675
vt 0.082187 0.907752
vt 0.082367 0.907157
vt 0.083547 0.908023
vt 0.083607 0.907404
vt 0.081199 0.906674
vt 0.082365 0.907158
vt 0.080148 0.905971
vt 0.079753 0.906452
vt 0.080906 0.907222
vt 0.079252 0.905077
vt 0.079253 0.905077
vt 0.078551 0.904025
vt 0.078549 0.904026
vt 0.078774 0.905471
vt 0.078066 0.902858
vt 0.077473 0.903038
vt 0.078001 0.904318
vt 0.806068 0.352188
vt 0.808448 0.350636
vt 0.808448 0.352188
vt 0.806068 0.350636
vt 0.808448 0.349062
vt 0.088431 0.966673
vt 0.089850 0.967022
vt 0.088489 0.967293
vt 0.087105 0.967293
vt 0.087165 0.966674
vt 0.806068 0.349062
vt 0.808448 0.347495
vt 0.089669 0.966426
vt 0.091130 0.966492
vt 0.806068 0.347495
vt 0.090837 0.965944
vt 0.090836 0.965946
vt 0.089669 0.966428
vt 0.085925 0.966427
vt 0.087165 0.966675
vt 0.085743 0.967022
vt 0.084757 0.965947
vt 0.085925 0.966430
vt 0.084463 0.966495
vt 0.806068 0.355330
vt 0.808448 0.353763
vt 0.808448 0.355330
vt 0.806068 0.353763
vt 0.077821 0.900352
vt 0.077203 0.901679
vt 0.077820 0.901617
vt 0.077821 0.900353
vt 0.077821 0.901617
vt 0.078067 0.899113
vt 0.078066 0.899112
vt 0.077473 0.898933
vt 0.077203 0.900293
vt 0.078549 0.897944
vt 0.806068 0.358456
vt 0.808448 0.356897
vt 0.808448 0.358456
vt 0.806068 0.356897
vt 0.083310 0.965724
vt 0.083704 0.965244
vt 0.082809 0.964350
vt 0.082330 0.964743
vt 0.082108 0.963297
vt 0.081561 0.963590
vt 0.806068 0.360031
vt 0.808448 0.360031
vt 0.081625 0.962127
vt 0.081030 0.962311
vt 0.806068 0.361590
vt 0.808448 0.361590
vt 0.082810 0.964349
vt 0.081377 0.960888
vt 0.081624 0.962129
vt 0.081376 0.959626
vt 0.081379 0.960888
vt 0.080760 0.960949
vt 0.080760 0.959565
vt 0.806068 0.364724
vt 0.808448 0.363157
vt 0.808448 0.364724
vt 0.806068 0.363157
vt 0.080906 0.894749
vt 0.081199 0.895296
vt 0.080150 0.895999
vt 0.079755 0.895519
vt 0.081200 0.895297
vt 0.079253 0.896893
vt 0.078775 0.896500
vt 0.078003 0.897652
vt 0.083610 0.907405
vt 0.806068 0.366291
vt 0.808448 0.366291
vt 0.081623 0.958384
vt 0.081029 0.958204
vt 0.081560 0.956925
vt 0.806068 0.317722
vt 0.808448 0.316162
vt 0.081624 0.958383
vt 0.081376 0.959625
vt 0.083704 0.965243
vt 0.084757 0.965944
vt 0.084874 0.907406
vt 0.084932 0.908023
vt 0.084872 0.907404
vt 0.093968 0.958383
vt 0.088333 0.896000
vt 0.087575 0.894749
vt 0.806068 0.322430
vt 0.733158 0.918522
vt 0.734398 0.918275
vt 0.734399 0.918276
vt 0.735664 0.918276
vt 0.735663 0.918275
vt 0.734336 0.917656
vt 0.732978 0.917927
vt 0.735722 0.917656
vt 0.736902 0.918522
vt 0.736900 0.918522
vt 0.737082 0.917927
vt 0.738069 0.919004
vt 0.738069 0.919005
vt 0.738364 0.918458
vt 0.245012 0.829786
vt 0.243445 0.827404
vt 0.245012 0.827404
vt 0.243445 0.829786
vt 0.241870 0.827404
vt 0.379161 0.918231
vt 0.379661 0.916857
vt 0.380055 0.917339
vt 0.378460 0.919280
vt 0.378682 0.917838
vt 0.378459 0.919283
vt 0.379160 0.918234
vt 0.381106 0.916635
vt 0.380056 0.917338
vt 0.380814 0.916089
vt 0.382094 0.915556
vt 0.382276 0.916150
vt 0.381107 0.916635
vt 0.377730 0.922954
vt 0.383514 0.915903
vt 0.390570 0.921687
vt 0.383514 0.915904
vt 0.382274 0.916152
vt 0.384779 0.915904
vt 0.384841 0.915286
vt 0.383452 0.915287
vt 0.251275 0.829786
vt 0.249707 0.827404
vt 0.251275 0.827404
vt 0.249707 0.829786
vt 0.248140 0.827404
vt 0.248140 0.829786
vt 0.246580 0.827404
vt 0.740016 0.920603
vt 0.741265 0.921362
vt 0.740497 0.920209
vt 0.739120 0.919708
vt 0.739515 0.919228
vt 0.740016 0.920604
vt 0.740717 0.921653
vt 0.740717 0.921654
vt 0.741201 0.922821
vt 0.741199 0.922822
vt 0.741449 0.924062
vt 0.741448 0.924061
vt 0.742065 0.924001
vt 0.741797 0.922642
vt 0.741445 0.925324
vt 0.741448 0.925325
vt 0.742065 0.925387
vt 0.741201 0.926566
vt 0.741199 0.926566
vt 0.740718 0.927734
vt 0.740717 0.927735
vt 0.741797 0.926746
vt 0.257545 0.829786
vt 0.255970 0.827404
vt 0.257545 0.827404
vt 0.255970 0.829786
vt 0.254402 0.827404
vt 0.389134 0.918230
vt 0.388633 0.916857
vt 0.389612 0.917836
vt 0.388240 0.917336
vt 0.387479 0.916087
vt 0.254402 0.829786
vt 0.252842 0.827404
vt 0.387187 0.916633
vt 0.386199 0.915556
vt 0.252842 0.829786
vt 0.386020 0.916150
vt 0.386020 0.916149
vt 0.384780 0.915903
vt 0.387187 0.916634
vt 0.388241 0.917337
vt 0.389835 0.919280
vt 0.390385 0.918989
vt 0.390912 0.920270
vt 0.390321 0.920448
vt 0.260673 0.829786
vt 0.259097 0.827404
vt 0.260673 0.827404
vt 0.259097 0.829786
vt 0.740016 0.928786
vt 0.739515 0.930161
vt 0.740495 0.929181
vt 0.741265 0.928027
vt 0.740015 0.928787
vt 0.739120 0.929679
vt 0.738068 0.930382
vt 0.738069 0.930382
vt 0.738361 0.930930
vt 0.736901 0.930866
vt 0.736900 0.930866
vt 0.737082 0.931460
vt 0.263800 0.829786
vt 0.262240 0.827404
vt 0.263800 0.827404
vt 0.262240 0.829786
vt 0.390566 0.921689
vt 0.391185 0.923016
vt 0.390566 0.922954
vt 0.391185 0.921629
vt 0.390915 0.924376
vt 0.390320 0.924194
vt 0.265368 0.829786
vt 0.265368 0.827404
vt 0.266935 0.829786
vt 0.266935 0.827404
vt 0.389836 0.925363
vt 0.390385 0.925657
vt 0.390566 0.922955
vt 0.389136 0.926412
vt 0.388241 0.927307
vt 0.389615 0.926809
vt 0.388635 0.927787
vt 0.270070 0.829786
vt 0.268502 0.827404
vt 0.270070 0.827404
vt 0.268502 0.829786
vt 0.731987 0.930383
vt 0.732976 0.931460
vt 0.733156 0.930865
vt 0.734336 0.931730
vt 0.734396 0.931113
vt 0.733154 0.930866
vt 0.731988 0.930382
vt 0.730937 0.929679
vt 0.730542 0.930160
vt 0.731695 0.930930
vt 0.730041 0.928786
vt 0.730043 0.928786
vt 0.729564 0.929179
vt 0.729340 0.927734
vt 0.729338 0.927734
vt 0.728855 0.926565
vt 0.728791 0.928026
vt 0.276325 0.829786
vt 0.274773 0.827404
vt 0.276325 0.827404
vt 0.274773 0.829786
vt 0.273198 0.827404
vt 0.383516 0.928740
vt 0.384841 0.929360
vt 0.383457 0.929360
vt 0.384782 0.928739
vt 0.386202 0.929089
vt 0.273198 0.829786
vt 0.271638 0.827404
vt 0.387189 0.928011
vt 0.386021 0.928493
vt 0.271638 0.829786
vt 0.387482 0.928558
vt 0.387188 0.928013
vt 0.388241 0.927308
vt 0.386021 0.928495
vt 0.384784 0.928738
vt 0.382277 0.928494
vt 0.383516 0.928742
vt 0.382095 0.929089
vt 0.381109 0.928014
vt 0.380815 0.928561
vt 0.382277 0.928497
vt 0.279460 0.829786
vt 0.277900 0.827404
vt 0.279460 0.827404
vt 0.277900 0.829786
vt 0.728610 0.924061
vt 0.727992 0.925387
vt 0.728609 0.925325
vt 0.728262 0.926745
vt 0.728610 0.925325
vt 0.728855 0.922821
vt 0.728857 0.922821
vt 0.727992 0.924001
vt 0.729338 0.921652
vt 0.728262 0.922641
vt 0.282595 0.829786
vt 0.281035 0.827404
vt 0.282595 0.827404
vt 0.281035 0.829786
vt 0.379161 0.926417
vt 0.379662 0.927791
vt 0.378682 0.926809
vt 0.380056 0.927311
vt 0.378460 0.925363
vt 0.377913 0.925657
vt 0.284163 0.827404
vt 0.285730 0.827404
vt 0.284163 0.829786
vt 0.377977 0.924193
vt 0.377381 0.924377
vt 0.379162 0.926416
vt 0.377729 0.922954
vt 0.377976 0.924196
vt 0.377728 0.921693
vt 0.377111 0.923016
vt 0.377111 0.921632
vt 0.288857 0.829786
vt 0.287298 0.827404
vt 0.288857 0.827404
vt 0.287298 0.829786
vt 0.731695 0.918457
vt 0.731988 0.919004
vt 0.730544 0.919228
vt 0.730939 0.919707
vt 0.731990 0.919005
vt 0.730043 0.920601
vt 0.729564 0.920208
vt 0.728792 0.921361
vt 0.734399 0.931113
vt 0.290425 0.829786
vt 0.290425 0.827404
vt 0.377381 0.920271
vt 0.377975 0.920451
vt 0.241870 0.829786
vt 0.240310 0.827404
vt 0.377911 0.918991
vt 0.377976 0.920450
vt 0.377728 0.921692
vt 0.380056 0.927310
vt 0.381109 0.928011
vt 0.735663 0.931113
vt 0.735721 0.931731
vt 0.735661 0.931113
vt 0.390320 0.920450
vt 0.739122 0.919708
vt 0.246580 0.829786
vt 0.922823 0.421837
vt 0.924063 0.421590
vt 0.924064 0.421591
vt 0.925330 0.421591
vt 0.925328 0.421590
vt 0.922643 0.421242
vt 0.925387 0.420971
vt 0.924001 0.420970
vt 0.926567 0.421837
vt 0.926565 0.421837
vt 0.926747 0.421242
vt 0.927735 0.422319
vt 0.927735 0.422320
vt 0.278186 0.573738
vt 0.276619 0.571357
vt 0.278186 0.571357
vt 0.276619 0.573738
vt 0.275045 0.571357
vt 0.950122 0.684997
vt 0.949365 0.683748
vt 0.950518 0.684517
vt 0.947908 0.683812
vt 0.949073 0.684294
vt 0.947904 0.683811
vt 0.949070 0.684294
vt 0.951017 0.685891
vt 0.950123 0.684998
vt 0.951497 0.685499
vt 0.951721 0.686943
vt 0.952268 0.686649
vt 0.951017 0.685892
vt 0.947907 0.696157
vt 0.939863 0.691857
vt 0.944161 0.683811
vt 0.952204 0.688110
vt 0.951719 0.686942
vt 0.952450 0.689350
vt 0.952205 0.688112
vt 0.952797 0.687930
vt 0.953068 0.689291
vt 0.284455 0.573738
vt 0.282888 0.571357
vt 0.284455 0.571357
vt 0.282888 0.573738
vt 0.281320 0.571357
vt 0.281320 0.573738
vt 0.279753 0.571357
vt 0.930383 0.424969
vt 0.930162 0.423524
vt 0.929682 0.423918
vt 0.929180 0.422542
vt 0.928786 0.423023
vt 0.929682 0.423919
vt 0.930383 0.424968
vt 0.930866 0.426136
vt 0.930865 0.426137
vt 0.930931 0.424676
vt 0.931114 0.427377
vt 0.931114 0.427376
vt 0.931731 0.427316
vt 0.931462 0.425957
vt 0.931111 0.428640
vt 0.931114 0.428640
vt 0.931731 0.428702
vt 0.930866 0.429881
vt 0.930864 0.429881
vt 0.930383 0.431049
vt 0.930383 0.431050
vt 0.930931 0.431342
vt 0.931462 0.430061
vt 0.290723 0.573738
vt 0.289148 0.571357
vt 0.290723 0.571357
vt 0.289148 0.573738
vt 0.287589 0.571357
vt 0.951720 0.693025
vt 0.951498 0.694468
vt 0.951018 0.694076
vt 0.952797 0.692035
vt 0.952267 0.693316
vt 0.287589 0.573738
vt 0.286022 0.571357
vt 0.952451 0.690615
vt 0.952204 0.691855
vt 0.286022 0.573738
vt 0.953068 0.690676
vt 0.952452 0.690615
vt 0.952452 0.689352
vt 0.951719 0.693025
vt 0.950123 0.694968
vt 0.950517 0.695450
vt 0.949074 0.695672
vt 0.949364 0.696217
vt 0.950124 0.694968
vt 0.293857 0.573738
vt 0.292283 0.571357
vt 0.293857 0.571357
vt 0.292283 0.573738
vt 0.928785 0.432994
vt 0.930160 0.432495
vt 0.929682 0.432101
vt 0.929680 0.432102
vt 0.927733 0.433697
vt 0.927735 0.433697
vt 0.928026 0.434245
vt 0.929180 0.433476
vt 0.926567 0.434181
vt 0.926565 0.434181
vt 0.296984 0.573738
vt 0.295417 0.571357
vt 0.296984 0.571357
vt 0.295417 0.573738
vt 0.946663 0.696402
vt 0.948084 0.696750
vt 0.946724 0.697020
vt 0.947904 0.696154
vt 0.945338 0.697020
vt 0.945399 0.696402
vt 0.298551 0.573738
vt 0.298551 0.571357
vt 0.300118 0.573738
vt 0.300118 0.571357
vt 0.944158 0.696154
vt 0.943978 0.696749
vt 0.942993 0.695671
vt 0.941942 0.694968
vt 0.941547 0.695449
vt 0.942698 0.696220
vt 0.303252 0.573738
vt 0.301685 0.571357
vt 0.303252 0.571357
vt 0.301685 0.573738
vt 0.921652 0.433698
vt 0.922641 0.434775
vt 0.922821 0.434180
vt 0.924001 0.435045
vt 0.924061 0.434427
vt 0.922820 0.434181
vt 0.921653 0.433697
vt 0.920603 0.432994
vt 0.920208 0.433475
vt 0.921360 0.434245
vt 0.919706 0.432101
vt 0.919708 0.432101
vt 0.919005 0.431049
vt 0.919004 0.431049
vt 0.919229 0.432494
vt 0.918520 0.429880
vt 0.917927 0.430061
vt 0.918456 0.431341
vt 0.309513 0.573738
vt 0.307946 0.571357
vt 0.309513 0.571357
vt 0.307946 0.573738
vt 0.306386 0.571357
vt 0.939862 0.691856
vt 0.938995 0.690677
vt 0.939614 0.690615
vt 0.940345 0.693022
vt 0.939265 0.692034
vt 0.306386 0.573738
vt 0.304819 0.571357
vt 0.940565 0.694468
vt 0.939797 0.693316
vt 0.304819 0.573738
vt 0.941045 0.694074
vt 0.941044 0.694074
vt 0.941940 0.694969
vt 0.940343 0.693023
vt 0.939615 0.689352
vt 0.939613 0.690615
vt 0.938995 0.689288
vt 0.939857 0.688111
vt 0.939264 0.687930
vt 0.939612 0.689350
vt 0.312647 0.573738
vt 0.311087 0.571357
vt 0.312647 0.571357
vt 0.311087 0.573738
vt 0.918276 0.427376
vt 0.917657 0.428702
vt 0.918274 0.428640
vt 0.918276 0.428640
vt 0.918522 0.426136
vt 0.918520 0.426136
vt 0.917657 0.427316
vt 0.919004 0.424967
vt 0.917928 0.425955
vt 0.315781 0.573738
vt 0.314222 0.571357
vt 0.315781 0.571357
vt 0.314222 0.573738
vt 0.941045 0.685891
vt 0.939794 0.686648
vt 0.940566 0.685497
vt 0.940342 0.686942
vt 0.941942 0.684997
vt 0.941547 0.684518
vt 0.317356 0.573738
vt 0.317356 0.571357
vt 0.318915 0.571357
vt 0.942994 0.684296
vt 0.942698 0.683747
vt 0.942992 0.684295
vt 0.941941 0.684998
vt 0.941046 0.685890
vt 0.945399 0.683564
vt 0.943980 0.683216
vt 0.945338 0.682947
vt 0.322049 0.573738
vt 0.320482 0.571357
vt 0.322049 0.571357
vt 0.318915 0.573738
vt 0.921361 0.421772
vt 0.921654 0.422319
vt 0.920209 0.422542
vt 0.920604 0.423022
vt 0.921655 0.422320
vt 0.919708 0.423916
vt 0.919229 0.423523
vt 0.918457 0.424676
vt 0.924064 0.434429
vt 0.323616 0.573738
vt 0.323616 0.571357
vt 0.946665 0.683565
vt 0.946726 0.682946
vt 0.275045 0.573738
vt 0.273485 0.571357
vt 0.948084 0.683218
vt 0.946666 0.683565
vt 0.940343 0.686941
vt 0.939860 0.688111
vt 0.925328 0.434427
vt 0.925387 0.435045
vt 0.925327 0.434427
vt 0.926747 0.434775
vt 0.949072 0.695672
vt 0.928787 0.423023
vt 0.928029 0.421773
vt 0.279753 0.573738
vt 0.889631 0.708704
vt 0.890871 0.708458
vt 0.890873 0.708459
vt 0.892138 0.708459
vt 0.892137 0.708458
vt 0.889451 0.708110
vt 0.890810 0.707839
vt 0.893375 0.708704
vt 0.893374 0.708704
vt 0.892195 0.707839
vt 0.894543 0.709187
vt 0.894543 0.709189
vt 0.894837 0.708641
vt 0.893555 0.708110
vt 0.599817 0.373444
vt 0.597436 0.375011
vt 0.597436 0.373444
vt 0.599817 0.375011
vt 0.597436 0.376586
vt 0.919706 0.342123
vt 0.920207 0.340749
vt 0.920601 0.341231
vt 0.918458 0.342883
vt 0.919228 0.341730
vt 0.919006 0.343175
vt 0.919006 0.343172
vt 0.919706 0.342126
vt 0.921653 0.340528
vt 0.920602 0.341230
vt 0.921361 0.339981
vt 0.922640 0.339448
vt 0.922822 0.340042
vt 0.921653 0.340527
vt 0.931115 0.345579
vt 0.925331 0.352631
vt 0.918276 0.346847
vt 0.924060 0.339796
vt 0.922821 0.340044
vt 0.925325 0.339796
vt 0.924062 0.339795
vt 0.923999 0.339179
vt 0.925387 0.339177
vt 0.599817 0.367176
vt 0.597436 0.368743
vt 0.597436 0.367176
vt 0.599817 0.368743
vt 0.597436 0.370310
vt 0.599817 0.370310
vt 0.597436 0.371877
vt 0.897191 0.711837
vt 0.896971 0.710392
vt 0.896490 0.710786
vt 0.895594 0.709890
vt 0.895989 0.709411
vt 0.896490 0.710787
vt 0.897191 0.711836
vt 0.897674 0.713002
vt 0.897673 0.713005
vt 0.897739 0.711545
vt 0.897922 0.714245
vt 0.898539 0.714184
vt 0.898271 0.712825
vt 0.897919 0.715507
vt 0.897922 0.715508
vt 0.898539 0.715570
vt 0.897675 0.716749
vt 0.897673 0.716749
vt 0.897191 0.717917
vt 0.897191 0.717918
vt 0.898271 0.716929
vt 0.599817 0.360908
vt 0.597436 0.362482
vt 0.597436 0.360908
vt 0.599817 0.362482
vt 0.597436 0.364042
vt 0.929680 0.342122
vt 0.929179 0.340749
vt 0.930158 0.341728
vt 0.928786 0.341228
vt 0.928025 0.339979
vt 0.599817 0.364042
vt 0.597436 0.365609
vt 0.926565 0.340042
vt 0.927734 0.340526
vt 0.599817 0.365609
vt 0.926745 0.339448
vt 0.926566 0.340041
vt 0.925327 0.339795
vt 0.928787 0.341229
vt 0.930382 0.343172
vt 0.930931 0.342881
vt 0.931459 0.344163
vt 0.930868 0.344340
vt 0.930381 0.343172
vt 0.599817 0.357773
vt 0.597436 0.359348
vt 0.597436 0.357773
vt 0.599817 0.359348
vt 0.896490 0.718969
vt 0.895989 0.720343
vt 0.896969 0.719363
vt 0.897739 0.718210
vt 0.896489 0.718970
vt 0.895594 0.719863
vt 0.894541 0.720566
vt 0.894543 0.720566
vt 0.894834 0.721113
vt 0.893375 0.721048
vt 0.893374 0.721048
vt 0.893555 0.721642
vt 0.599817 0.354647
vt 0.597436 0.356221
vt 0.597436 0.354647
vt 0.599817 0.356221
vt 0.931113 0.345581
vt 0.931731 0.346908
vt 0.931114 0.346847
vt 0.931731 0.345521
vt 0.931461 0.348268
vt 0.930867 0.348087
vt 0.599817 0.353080
vt 0.597436 0.353080
vt 0.599817 0.351513
vt 0.597436 0.351513
vt 0.930931 0.349549
vt 0.930383 0.349255
vt 0.929682 0.350304
vt 0.928786 0.351199
vt 0.930161 0.350701
vt 0.929182 0.351679
vt 0.599817 0.348378
vt 0.597436 0.349946
vt 0.597436 0.348378
vt 0.599817 0.349946
vt 0.888460 0.720566
vt 0.889450 0.721642
vt 0.889630 0.721048
vt 0.890810 0.721914
vt 0.890869 0.721295
vt 0.889628 0.721048
vt 0.888462 0.720566
vt 0.887411 0.719862
vt 0.888169 0.721112
vt 0.886515 0.718967
vt 0.886516 0.718969
vt 0.887016 0.720343
vt 0.885813 0.717916
vt 0.885812 0.717917
vt 0.886037 0.719361
vt 0.885329 0.716749
vt 0.885264 0.718209
vt 0.599817 0.342118
vt 0.597436 0.343685
vt 0.597436 0.342118
vt 0.599817 0.343685
vt 0.597436 0.345244
vt 0.925329 0.352631
vt 0.924004 0.353252
vt 0.924063 0.352632
vt 0.926569 0.352385
vt 0.925387 0.353252
vt 0.599817 0.345244
vt 0.597436 0.346811
vt 0.928028 0.352451
vt 0.926748 0.352981
vt 0.599817 0.346811
vt 0.927736 0.351903
vt 0.927735 0.351905
vt 0.928787 0.351200
vt 0.926567 0.352387
vt 0.922824 0.352386
vt 0.924063 0.352634
vt 0.922641 0.352981
vt 0.921655 0.351906
vt 0.921362 0.352453
vt 0.922822 0.352388
vt 0.599817 0.338984
vt 0.597436 0.340543
vt 0.597436 0.338984
vt 0.599817 0.340543
vt 0.885084 0.714244
vt 0.884465 0.715569
vt 0.885082 0.715507
vt 0.884736 0.716929
vt 0.885084 0.715509
vt 0.885084 0.714245
vt 0.885330 0.713005
vt 0.885329 0.713002
vt 0.884465 0.714184
vt 0.885812 0.711835
vt 0.884736 0.712823
vt 0.599817 0.335849
vt 0.597436 0.337409
vt 0.597436 0.335849
vt 0.599817 0.337409
vt 0.919708 0.350309
vt 0.920208 0.351683
vt 0.919228 0.350701
vt 0.920602 0.351203
vt 0.919007 0.349255
vt 0.918461 0.349549
vt 0.597436 0.334275
vt 0.597436 0.332715
vt 0.599817 0.334275
vt 0.918524 0.348085
vt 0.917927 0.348269
vt 0.919709 0.350308
vt 0.918275 0.346847
vt 0.918523 0.348087
vt 0.918275 0.345585
vt 0.917657 0.346908
vt 0.917658 0.345524
vt 0.599817 0.329581
vt 0.597436 0.331148
vt 0.597436 0.329581
vt 0.599817 0.332715
vt 0.888169 0.708640
vt 0.888462 0.709187
vt 0.887018 0.709411
vt 0.887412 0.709890
vt 0.888463 0.709189
vt 0.886516 0.710784
vt 0.886038 0.710391
vt 0.885266 0.711542
vt 0.890873 0.721295
vt 0.599817 0.328014
vt 0.597436 0.328014
vt 0.918522 0.344343
vt 0.917927 0.344163
vt 0.599817 0.376586
vt 0.597436 0.378145
vt 0.918523 0.344342
vt 0.918275 0.345584
vt 0.920602 0.351202
vt 0.921655 0.351903
vt 0.892137 0.721296
vt 0.892195 0.721914
vt 0.892135 0.721295
vt 0.930866 0.344342
vt 0.895596 0.709892
vt 0.599817 0.371877
vt 0.884890 0.108888
vt 0.886130 0.108641
vt 0.886131 0.108641
vt 0.887397 0.108641
vt 0.887395 0.108641
vt 0.886068 0.108021
vt 0.884710 0.108293
vt 0.887454 0.108021
vt 0.888634 0.108888
vt 0.888632 0.108888
vt 0.889802 0.109371
vt 0.888814 0.108293
vt 0.554771 0.139918
vt 0.552390 0.141485
vt 0.552390 0.139918
vt 0.554771 0.141485
vt 0.552390 0.143060
vt 0.960499 0.211726
vt 0.960000 0.210354
vt 0.960981 0.211333
vt 0.959607 0.210833
vt 0.958846 0.209583
vt 0.958555 0.210132
vt 0.958558 0.210132
vt 0.959604 0.210831
vt 0.961203 0.212778
vt 0.960500 0.211728
vt 0.961749 0.212487
vt 0.961688 0.213947
vt 0.962282 0.213766
vt 0.961203 0.212779
vt 0.956151 0.222241
vt 0.949098 0.216457
vt 0.954884 0.209402
vt 0.961934 0.215186
vt 0.961686 0.213946
vt 0.961934 0.216451
vt 0.961935 0.215188
vt 0.962551 0.215125
vt 0.962552 0.216513
vt 0.554771 0.133650
vt 0.552390 0.135217
vt 0.552390 0.133650
vt 0.554771 0.135217
vt 0.552390 0.136784
vt 0.554771 0.136784
vt 0.552390 0.138351
vt 0.892450 0.112020
vt 0.892229 0.110573
vt 0.891749 0.110969
vt 0.891247 0.109594
vt 0.890853 0.110074
vt 0.891749 0.110970
vt 0.892450 0.112019
vt 0.892933 0.113187
vt 0.892932 0.113188
vt 0.892998 0.111727
vt 0.893181 0.114428
vt 0.893181 0.114427
vt 0.893797 0.114367
vt 0.893529 0.113008
vt 0.893178 0.115691
vt 0.893180 0.115692
vt 0.893798 0.115753
vt 0.892933 0.116932
vt 0.892932 0.116932
vt 0.892450 0.118100
vt 0.893529 0.117113
vt 0.554771 0.127382
vt 0.552390 0.128956
vt 0.552390 0.127382
vt 0.554771 0.128956
vt 0.552390 0.130516
vt 0.959609 0.220806
vt 0.960981 0.220305
vt 0.960002 0.221284
vt 0.960502 0.219911
vt 0.961751 0.219151
vt 0.554771 0.130516
vt 0.552390 0.132083
vt 0.961688 0.217691
vt 0.961205 0.218860
vt 0.554771 0.132083
vt 0.962282 0.217871
vt 0.961689 0.217692
vt 0.961935 0.216453
vt 0.960501 0.219912
vt 0.958557 0.221507
vt 0.958849 0.222056
vt 0.957390 0.221993
vt 0.957568 0.222584
vt 0.958558 0.221508
vt 0.554771 0.124248
vt 0.552390 0.125822
vt 0.552390 0.124248
vt 0.554771 0.125822
vt 0.890852 0.120045
vt 0.892227 0.119546
vt 0.891749 0.119151
vt 0.892998 0.118394
vt 0.891747 0.119151
vt 0.889800 0.120750
vt 0.889801 0.120748
vt 0.890092 0.121297
vt 0.891247 0.120526
vt 0.888633 0.121232
vt 0.888632 0.121232
vt 0.888814 0.121826
vt 0.554771 0.121121
vt 0.552390 0.122696
vt 0.552390 0.121121
vt 0.554771 0.122696
vt 0.956149 0.222239
vt 0.954823 0.222857
vt 0.954884 0.222240
vt 0.956209 0.222857
vt 0.953644 0.221992
vt 0.953463 0.222586
vt 0.554771 0.119554
vt 0.552390 0.119554
vt 0.554771 0.117987
vt 0.552390 0.117987
vt 0.952475 0.221508
vt 0.952181 0.222056
vt 0.954883 0.222239
vt 0.951426 0.220807
vt 0.950531 0.219912
vt 0.950051 0.220307
vt 0.951030 0.221287
vt 0.554771 0.114853
vt 0.552390 0.116420
vt 0.552390 0.114853
vt 0.554771 0.116420
vt 0.884888 0.121232
vt 0.883427 0.121296
vt 0.884708 0.121826
vt 0.886068 0.122097
vt 0.886128 0.121478
vt 0.884886 0.121232
vt 0.883720 0.120748
vt 0.883719 0.120750
vt 0.882669 0.120045
vt 0.882274 0.120526
vt 0.881773 0.119151
vt 0.881774 0.119151
vt 0.881296 0.119545
vt 0.881072 0.118099
vt 0.881070 0.118100
vt 0.880523 0.118393
vt 0.880587 0.116932
vt 0.879994 0.117113
vt 0.554771 0.108592
vt 0.552390 0.110158
vt 0.552390 0.108592
vt 0.554771 0.110158
vt 0.552390 0.111718
vt 0.949098 0.216455
vt 0.948478 0.215129
vt 0.949097 0.215189
vt 0.949345 0.217694
vt 0.948478 0.216513
vt 0.554771 0.111718
vt 0.552390 0.113285
vt 0.949826 0.218861
vt 0.948749 0.217874
vt 0.554771 0.113285
vt 0.949279 0.219153
vt 0.949825 0.218860
vt 0.950530 0.219913
vt 0.949343 0.217693
vt 0.949344 0.213949
vt 0.949096 0.215188
vt 0.948749 0.213766
vt 0.949277 0.212487
vt 0.949824 0.212780
vt 0.949341 0.213948
vt 0.554771 0.105458
vt 0.552390 0.107017
vt 0.552390 0.105458
vt 0.554771 0.107017
vt 0.880341 0.115691
vt 0.879724 0.114367
vt 0.879724 0.115753
vt 0.880342 0.115692
vt 0.880342 0.114426
vt 0.880342 0.114427
vt 0.880587 0.113186
vt 0.880589 0.113187
vt 0.879994 0.113008
vt 0.881070 0.112017
vt 0.881071 0.112018
vt 0.880524 0.111726
vt 0.554771 0.102323
vt 0.552390 0.103883
vt 0.552390 0.102323
vt 0.554771 0.103883
vt 0.950527 0.211728
vt 0.951028 0.210354
vt 0.951421 0.210833
vt 0.950047 0.211333
vt 0.952475 0.210132
vt 0.952181 0.209586
vt 0.552390 0.100749
vt 0.552390 0.099189
vt 0.554771 0.100749
vt 0.953645 0.209649
vt 0.953461 0.209053
vt 0.953643 0.209648
vt 0.951422 0.210834
vt 0.956145 0.209400
vt 0.954822 0.208783
vt 0.956206 0.208783
vt 0.554771 0.096055
vt 0.552390 0.097622
vt 0.552390 0.096055
vt 0.554771 0.099189
vt 0.883428 0.108822
vt 0.883720 0.109371
vt 0.882276 0.109592
vt 0.882671 0.110073
vt 0.883722 0.109371
vt 0.881775 0.110967
vt 0.881296 0.110573
vt 0.881775 0.110968
vt 0.886131 0.121479
vt 0.554771 0.094488
vt 0.552390 0.094488
vt 0.957567 0.209053
vt 0.957387 0.209648
vt 0.554771 0.143060
vt 0.552390 0.144620
vt 0.957388 0.209648
vt 0.956146 0.209400
vt 0.950528 0.211728
vt 0.949826 0.212781
vt 0.887395 0.121478
vt 0.887453 0.122097
vt 0.887393 0.121478
vt 0.957388 0.221992
vt 0.890854 0.110074
vt 0.890096 0.108824
vt 0.554771 0.138351
vt 0.894373 0.180013
vt 0.895613 0.179765
vt 0.895615 0.179766
vt 0.896880 0.179766
vt 0.896878 0.179765
vt 0.895552 0.179147
vt 0.894193 0.179418
vt 0.896937 0.179147
vt 0.898117 0.180013
vt 0.898115 0.180012
vt 0.898297 0.179418
vt 0.899285 0.180495
vt 0.899285 0.180496
vt 0.704123 0.659889
vt 0.706503 0.658321
vt 0.706503 0.659889
vt 0.704123 0.658321
vt 0.706503 0.656747
vt 0.941939 0.485850
vt 0.940565 0.486349
vt 0.941544 0.485370
vt 0.940344 0.487793
vt 0.941045 0.486743
vt 0.940342 0.487794
vt 0.941043 0.486747
vt 0.942990 0.485147
vt 0.941940 0.485850
vt 0.942699 0.484600
vt 0.944158 0.484661
vt 0.943977 0.484069
vt 0.942991 0.485147
vt 0.939613 0.491466
vt 0.945398 0.484415
vt 0.952452 0.490200
vt 0.945398 0.484416
vt 0.944158 0.484664
vt 0.946662 0.484416
vt 0.945336 0.483799
vt 0.946724 0.483798
vt 0.704123 0.666156
vt 0.706503 0.664590
vt 0.706503 0.666156
vt 0.704123 0.664590
vt 0.706503 0.663023
vt 0.704123 0.663023
vt 0.706503 0.661456
vt 0.901232 0.182094
vt 0.902481 0.182852
vt 0.901712 0.181700
vt 0.900336 0.181199
vt 0.900731 0.180718
vt 0.901933 0.183144
vt 0.901933 0.183145
vt 0.902416 0.184312
vt 0.902415 0.184312
vt 0.903012 0.184133
vt 0.902664 0.185553
vt 0.902664 0.185551
vt 0.903281 0.185492
vt 0.902662 0.186815
vt 0.902664 0.186816
vt 0.903281 0.186878
vt 0.902416 0.188057
vt 0.902415 0.188057
vt 0.903012 0.188237
vt 0.901933 0.189225
vt 0.901933 0.189226
vt 0.902481 0.189518
vt 0.704123 0.672425
vt 0.706503 0.670850
vt 0.706503 0.672425
vt 0.704123 0.670850
vt 0.706503 0.669291
vt 0.950123 0.485848
vt 0.951496 0.486348
vt 0.951018 0.486741
vt 0.949071 0.485145
vt 0.950517 0.485369
vt 0.704123 0.669291
vt 0.706503 0.667724
vt 0.947903 0.484661
vt 0.949363 0.484598
vt 0.704123 0.667724
vt 0.948083 0.484069
vt 0.947904 0.484660
vt 0.946665 0.484415
vt 0.949070 0.485146
vt 0.950123 0.485849
vt 0.951719 0.487793
vt 0.951018 0.486742
vt 0.952268 0.487501
vt 0.952204 0.488959
vt 0.952796 0.488782
vt 0.704123 0.675559
vt 0.706503 0.673984
vt 0.706503 0.675559
vt 0.704123 0.673984
vt 0.900336 0.191170
vt 0.901711 0.190671
vt 0.901232 0.190276
vt 0.901230 0.190278
vt 0.900335 0.191170
vt 0.899283 0.191873
vt 0.899285 0.191873
vt 0.900730 0.191652
vt 0.898117 0.192357
vt 0.898115 0.192357
vt 0.898297 0.192951
vt 0.899576 0.192421
vt 0.704123 0.678685
vt 0.706503 0.677111
vt 0.706503 0.678685
vt 0.704123 0.677111
vt 0.952451 0.490201
vt 0.953068 0.491527
vt 0.952451 0.491466
vt 0.953068 0.490142
vt 0.952798 0.492887
vt 0.952204 0.492707
vt 0.704123 0.680253
vt 0.706503 0.680253
vt 0.704123 0.681820
vt 0.706503 0.681820
vt 0.952268 0.494168
vt 0.951719 0.493875
vt 0.952205 0.492706
vt 0.952451 0.491467
vt 0.951019 0.494924
vt 0.950123 0.495819
vt 0.951499 0.495320
vt 0.950519 0.496299
vt 0.704123 0.684954
vt 0.706503 0.683387
vt 0.706503 0.684954
vt 0.704123 0.683387
vt 0.893202 0.191874
vt 0.894191 0.192951
vt 0.894371 0.192357
vt 0.895611 0.192603
vt 0.895551 0.193220
vt 0.894370 0.192357
vt 0.893203 0.191873
vt 0.892153 0.191170
vt 0.892911 0.192421
vt 0.891256 0.190276
vt 0.891257 0.190276
vt 0.891757 0.191651
vt 0.890555 0.189224
vt 0.890554 0.189225
vt 0.890779 0.190670
vt 0.890070 0.188056
vt 0.890006 0.189516
vt 0.704123 0.691215
vt 0.706503 0.689647
vt 0.706503 0.691215
vt 0.704123 0.689647
vt 0.706503 0.688088
vt 0.945400 0.497253
vt 0.946724 0.497871
vt 0.945340 0.497871
vt 0.946666 0.497251
vt 0.948085 0.497600
vt 0.704123 0.688088
vt 0.706503 0.686521
vt 0.947906 0.497004
vt 0.949366 0.497070
vt 0.704123 0.686521
vt 0.949072 0.496524
vt 0.950125 0.495820
vt 0.947904 0.497006
vt 0.946669 0.497250
vt 0.944162 0.497006
vt 0.945400 0.497255
vt 0.943978 0.497600
vt 0.942698 0.497073
vt 0.942992 0.496525
vt 0.944159 0.497008
vt 0.704123 0.694349
vt 0.706503 0.692789
vt 0.706503 0.694349
vt 0.704123 0.692789
vt 0.889824 0.186816
vt 0.889207 0.185492
vt 0.889207 0.186878
vt 0.889477 0.188236
vt 0.889826 0.186816
vt 0.889826 0.185551
vt 0.890072 0.184312
vt 0.890070 0.184311
vt 0.889477 0.184132
vt 0.890554 0.183143
vt 0.890554 0.183142
vt 0.890007 0.182850
vt 0.706503 0.697483
vt 0.704123 0.695923
vt 0.706503 0.695923
vt 0.941046 0.494928
vt 0.941546 0.496303
vt 0.940566 0.495321
vt 0.941941 0.495822
vt 0.939797 0.494169
vt 0.940344 0.493874
vt 0.704123 0.699058
vt 0.706503 0.699058
vt 0.706503 0.700617
vt 0.939860 0.492706
vt 0.939265 0.492889
vt 0.939859 0.492706
vt 0.940345 0.493874
vt 0.941046 0.494927
vt 0.939612 0.490204
vt 0.938995 0.490143
vt 0.938995 0.491527
vt 0.704123 0.703751
vt 0.706503 0.702184
vt 0.706503 0.703751
vt 0.704123 0.700617
vt 0.893203 0.180495
vt 0.892911 0.179948
vt 0.892154 0.181198
vt 0.891759 0.180718
vt 0.893205 0.180496
vt 0.891258 0.182092
vt 0.890779 0.181698
vt 0.704123 0.705318
vt 0.706503 0.705318
vt 0.939265 0.488782
vt 0.939861 0.488962
vt 0.704123 0.656747
vt 0.706503 0.655188
vt 0.939795 0.487503
vt 0.939860 0.488962
vt 0.941939 0.495821
vt 0.942993 0.496523
vt 0.896878 0.192603
vt 0.895614 0.192605
vt 0.896937 0.193222
vt 0.896877 0.192603
vt 0.952204 0.488963
vt 0.900337 0.181199
vt 0.899579 0.179949
vt 0.704123 0.661456
vt 0.229959 0.739352
vt 0.178846 0.718352
vt 0.608279 0.443812
vt 0.564126 0.626374
vt 0.625204 0.568204
vt 0.398189 0.630380
vt 0.340502 0.616937
vt 0.290566 0.644039
vt 0.276115 0.669186
vt 0.305554 0.767072
vt 0.336214 0.783508
vt 0.412592 0.772045
vt 0.436607 0.682076
vt 0.536000 0.282026
vt 0.543317 0.286915
vt 0.549539 0.293138
vt 0.554428 0.300455
vt 0.557796 0.308586
vt 0.559513 0.317217
vt 0.559513 0.326017
vt 0.554428 0.342778
vt 0.549539 0.350095
vt 0.543316 0.356318
vt 0.535999 0.361207
vt 0.527869 0.364575
vt 0.519238 0.366291
vt 0.510437 0.366291
vt 0.493676 0.361207
vt 0.475248 0.342778
vt 0.486359 0.356317
vt 0.480137 0.350094
vt 0.471880 0.334647
vt 0.470163 0.326016
vt 0.470163 0.317216
vt 0.471880 0.308585
vt 0.475248 0.300455
vt 0.493677 0.282026
vt 0.480137 0.293138
vt 0.486360 0.286915
vt 0.501807 0.278658
vt 0.510438 0.276941
vt 0.519238 0.276942
vt 0.414269 0.549775
vt 0.441719 0.609684
vt 0.537045 0.886372
vt 0.151785 0.962840
vt 0.955064 0.956391
vt 0.848022 0.019660
vt 0.836252 0.732453
vt 0.606572 0.829774
vt 0.651974 0.829774
vt 0.806068 0.316162
vt 0.285730 0.829786
vt 0.240310 0.829786
vt 0.320482 0.573738
vt 0.273485 0.573738
vt 0.599817 0.331148
vt 0.599817 0.378145
vt 0.554771 0.097622
vt 0.554771 0.144620
vt 0.704123 0.697483
vt 0.704123 0.702184
vt 0.704123 0.655188
s 1
usemtl player.005
f 3/1/1 2/2/1 1/3/1
f 1/3/2 6/4/2 5/5/2
f 1/3/3 167/6/3 3/1/3
f 1/3/3 7/7/3 4/8/3
f 5/5/4 9/9/4 8/10/4
f 5/5/3 11/11/3 7/7/3
f 8/10/5 192/12/5 10/13/5
f 8/10/3 12/14/3 11/11/3
f 14/15/6 11/16/6 12/17/6
f 13/18/7 7/19/7 11/16/7
f 16/20/8 14/21/8 19/22/8
f 17/23/8 13/24/8 16/20/8
f 16/20/4 180/25/4 17/23/4
f 19/22/5 18/26/5 16/20/5
f 21/27/9 20/28/9 19/22/9
f 21/27/8 14/21/8 23/29/8
f 22/30/8 23/29/8 33/31/8
f 22/30/10 24/27/10 21/27/10
f 188/32/8 129/33/8 160/34/8
f 28/35/11 25/36/11 22/30/11
f 29/37/12 26/38/12 28/35/12
f 29/37/8 30/39/8 31/40/8
f 22/30/8 30/39/8 28/35/8
f 31/41/13 32/42/13 43/43/13
f 30/44/14 34/45/14 32/42/14
f 33/46/15 35/47/15 34/45/15
f 36/48/3 32/49/3 34/50/3
f 37/51/3 34/50/3 35/52/3
f 37/51/10 38/53/10 36/48/10
f 36/48/11 40/54/11 39/55/11
f 39/55/16 42/56/17 41/57/17
f 41/57/3 32/49/3 39/55/3
f 41/57/18 45/58/19 44/59/19
f 44/59/3 43/60/3 41/57/3
f 44/59/20 48/61/20 47/62/20
f 47/62/3 46/63/3 44/59/3
f 47/62/21 51/64/21 50/65/21
f 50/65/3 49/66/3 47/62/3
f 50/65/22 190/67/22 52/68/22
f 52/68/3 53/69/3 50/65/3
f 57/70/23 53/71/23 54/72/23
f 55/73/24 49/74/24 53/71/24
f 67/75/8 55/76/8 57/77/8
f 56/78/8 58/79/8 55/76/8
f 58/80/25 46/81/25 49/74/25
f 59/82/8 60/83/8 58/79/8
f 60/84/26 43/43/26 46/81/26
f 61/85/8 31/40/8 60/83/8
f 59/82/20 62/86/20 61/85/20
f 61/85/19 27/87/19 29/37/19
f 56/78/21 63/82/21 59/82/21
f 67/75/22 64/88/22 56/78/22
f 68/89/27 65/90/27 67/75/27
f 68/89/8 57/77/8 70/91/8
f 68/89/8 71/92/8 69/93/8
f 69/93/28 66/94/28 68/89/28
f 71/95/29 72/96/29 73/97/29
f 70/98/30 54/72/30 72/96/30
f 74/99/3 73/100/3 72/101/3
f 74/99/3 54/102/3 52/68/3
f 52/68/27 75/103/27 74/99/27
f 74/99/28 77/104/28 76/104/28
f 76/104/31 79/105/31 78/106/31
f 76/104/3 81/107/3 73/100/3
f 78/106/32 187/108/32 80/109/32
f 78/106/3 82/110/3 81/107/3
f 85/111/33 81/112/33 82/113/33
f 83/114/34 73/97/34 81/112/34
f 84/115/8 85/116/8 86/117/8
f 69/93/8 83/118/8 84/115/8
f 86/117/8 87/119/8 90/120/8
f 87/121/1 82/113/1 89/122/1
f 88/123/2 89/122/2 103/124/2
f 90/120/8 88/125/8 91/126/8
f 91/126/35 92/127/35 90/120/35
f 90/120/36 93/128/37 86/117/37
f 97/129/7 94/126/7 91/126/7
f 98/130/6 95/129/6 97/129/6
f 97/129/8 100/131/8 98/130/8
f 97/129/8 88/125/8 99/132/8
f 100/133/5 101/134/5 102/135/5
f 99/136/4 103/124/4 101/134/4
f 107/137/3 101/138/3 104/139/3
f 104/139/3 103/140/3 106/141/3
f 106/141/7 105/142/7 104/139/7
f 104/139/6 108/143/6 107/137/6
f 107/137/38 110/144/38 109/144/38
f 107/137/3 111/145/3 102/146/3
f 109/144/15 113/147/15 112/148/15
f 112/148/3 111/145/3 109/144/3
f 112/148/14 116/149/14 115/150/14
f 115/150/3 114/151/3 112/148/3
f 115/150/13 183/152/13 117/152/13
f 115/150/3 119/153/3 118/154/3
f 122/155/12 118/156/12 119/157/12
f 120/158/11 114/159/11 118/156/11
f 132/160/8 120/161/8 122/162/8
f 121/163/8 123/164/8 120/161/8
f 123/165/10 111/166/10 114/159/10
f 124/167/8 125/168/8 123/164/8
f 125/169/9 102/135/9 111/166/9
f 98/130/8 125/168/8 126/170/8
f 124/167/15 127/171/15 126/170/15
f 126/170/38 96/172/38 98/130/38
f 121/163/14 128/173/14 124/167/14
f 132/160/13 129/33/13 121/163/13
f 133/174/26 130/175/26 132/160/26
f 133/174/8 122/162/8 135/176/8
f 134/177/8 135/176/8 136/178/8
f 134/177/25 131/179/25 133/174/25
f 136/180/20 137/181/20 138/182/20
f 135/183/19 119/157/19 137/181/19
f 141/184/3 137/185/3 139/186/3
f 139/186/3 119/153/3 117/152/3
f 117/152/26 140/187/26 139/186/26
f 141/184/25 140/187/25 142/188/25
f 143/189/24 142/188/39 144/190/24
f 141/184/3 146/191/3 138/192/3
f 143/189/23 175/193/23 145/194/23
f 143/189/3 147/195/3 146/191/3
f 150/196/22 146/197/22 147/198/22
f 148/199/21 138/182/21 146/197/21
f 149/200/8 150/201/8 151/202/8
f 134/177/8 148/203/8 149/200/8
f 155/204/8 150/201/8 152/205/8
f 152/206/27 147/198/27 154/207/27
f 153/208/28 154/207/28 168/209/28
f 156/210/8 152/205/8 153/211/8
f 156/210/29 157/212/29 155/204/29
f 155/204/30 158/213/30 151/202/30
f 162/214/34 159/215/34 156/210/34
f 163/216/33 160/34/33 162/214/33
f 163/216/8 164/217/8 165/218/8
f 156/210/8 164/217/8 162/214/8
f 165/219/32 166/220/32 167/221/32
f 164/222/31 168/209/31 166/220/31
f 3/1/3 166/223/3 169/224/3
f 171/225/3 166/223/3 168/226/3
f 171/225/34 170/227/34 169/224/34
f 169/224/33 176/1/33 3/1/33
f 173/228/29 172/225/29 171/225/29
f 171/225/3 154/229/3 173/228/3
f 145/194/30 174/228/30 173/228/30
f 173/228/3 147/195/3 145/194/3
f 184/230/3 48/61/3 6/4/3
f 177/231/37 167/221/37 4/232/37
f 178/233/8 165/218/8 177/234/8
f 15/235/35 4/236/35 7/19/35
f 178/233/8 15/237/8 17/23/8
f 17/23/2 179/238/2 178/233/2
f 178/233/1 161/239/1 163/216/1
f 151/202/23 181/240/23 149/200/23
f 149/200/39 182/241/39 134/177/39
f 185/242/35 184/230/35 106/141/35
f 185/242/3 103/140/3 89/243/3
f 80/109/37 186/244/37 185/242/37
f 80/109/3 89/243/3 82/110/3
f 86/117/32 188/32/32 84/115/32
f 84/115/31 189/245/31 69/93/31
f 10/13/9 191/246/9 37/51/9
f 10/13/3 35/52/3 12/14/3
f 23/247/38 12/17/38 35/47/38
f 307/248/40 193/249/40 196/250/41
f 194/251/42 197/252/43 193/249/44
f 193/249/45 208/253/45 196/250/46
f 197/252/47 195/254/48 193/249/49
f 296/255/50 197/252/50 199/256/50
f 197/252/51 201/257/51 200/258/51
f 201/257/52 202/259/53 200/258/53
f 200/258/54 205/260/54 195/254/54
f 202/261/55 270/262/56 204/263/55
f 202/261/57 206/264/58 205/265/58
f 195/254/59 207/266/59 208/253/59
f 205/265/60 209/267/61 207/268/61
f 208/253/62 210/269/63 211/270/63
f 207/268/64 212/271/64 210/272/64
f 214/273/65 210/269/66 213/274/67
f 212/271/68 213/275/68 210/272/68
f 217/276/69 213/274/69 216/277/69
f 215/278/70 216/279/71 213/275/70
f 220/280/72 216/277/72 219/281/72
f 218/282/73 219/283/74 216/279/73
f 223/284/75 219/281/76 222/285/75
f 219/283/77 224/286/78 222/287/78
f 223/284/79 225/288/79 226/289/79
f 222/287/80 227/290/81 225/291/81
f 226/289/82 228/292/82 229/293/82
f 225/291/83 230/294/83 228/295/83
f 229/293/84 231/296/84 232/297/84
f 228/295/85 233/298/85 231/299/85
f 235/300/86 231/296/86 234/301/86
f 233/298/87 234/302/87 231/299/87
f 238/303/88 234/301/89 237/304/90
f 236/305/91 237/306/91 234/302/91
f 241/307/92 237/304/93 240/308/92
f 239/309/94 240/310/94 237/306/94
f 244/311/95 240/308/95 243/312/95
f 242/313/96 243/314/97 240/310/97
f 247/315/98 243/312/99 246/316/99
f 245/317/100 246/318/100 243/314/100
f 247/315/101 249/319/102 250/320/101
f 246/318/103 251/321/103 249/322/103
f 250/320/104 252/323/104 253/324/104
f 249/322/105 254/325/106 252/326/105
f 253/324/107 255/327/108 256/328/108
f 252/326/109 257/329/109 255/330/109
f 256/328/110 258/331/111 259/332/111
f 255/330/112 260/333/112 258/334/112
f 259/332/113 261/335/113 262/336/113
f 258/334/114 263/337/114 261/338/114
f 265/339/115 261/335/115 264/340/116
f 264/341/117 263/337/118 266/342/118
f 268/343/119 264/340/119 267/344/119
f 267/345/120 266/342/120 269/346/120
f 201/257/121 267/344/121 203/347/121
f 203/348/122 269/346/122 270/262/123
f 269/346/124 272/349/124 271/350/124
f 270/262/125 271/350/126 274/351/125
f 271/350/127 282/352/128 273/353/127
f 274/351/129 273/353/130 275/354/131
f 204/263/132 274/351/133 276/355/132
f 276/355/134 275/354/134 277/356/134
f 206/264/135 276/355/135 209/267/135
f 209/267/136 277/356/136 212/271/136
f 278/357/137 275/354/137 279/358/137
f 215/278/138 277/356/138 278/357/139
f 218/282/140 278/357/140 221/359/140
f 221/359/141 279/358/142 224/286/141
f 224/286/143 280/360/144 227/290/144
f 279/358/145 273/353/146 280/360/147
f 280/360/148 282/352/149 281/361/150
f 227/290/151 281/361/152 230/294/151
f 230/294/153 283/362/153 233/298/153
f 281/361/150 284/363/154 283/362/154
f 284/363/155 285/364/156 283/362/155
f 283/362/157 236/305/158 233/298/157
f 285/364/159 239/309/160 236/305/161
f 286/365/162 287/366/163 285/364/164
f 287/366/165 248/367/165 245/317/165
f 287/366/166 242/313/167 239/309/167
f 289/368/168 248/367/168 288/369/168
f 289/368/169 286/365/170 290/370/169
f 257/329/171 290/370/171 260/333/172
f 254/325/173 289/368/174 257/329/173
f 260/333/175 291/371/175 263/337/175
f 290/370/176 284/363/177 291/371/177
f 266/342/178 291/371/178 272/349/178
f 272/349/179 284/363/180 282/352/128
f 198/372/181 268/343/182 201/257/182
f 292/373/183 265/339/183 268/343/183
f 295/374/184 292/373/184 294/375/184
f 294/375/185 198/372/186 296/255/185
f 294/375/187 299/376/187 295/374/187
f 296/255/188 297/377/188 294/375/188
f 298/378/189 300/379/189 301/380/189
f 328/381/190 297/382/190 298/378/190
f 296/255/191 302/383/192 300/384/191
f 301/380/193 302/385/194 303/386/194
f 199/256/195 304/387/195 302/383/195
f 305/388/196 302/385/197 304/389/196
f 194/251/198 306/390/198 304/387/198
f 308/391/199 304/389/200 306/392/199
f 307/248/201 309/393/202 306/390/203
f 311/394/204 306/392/204 309/395/204
f 313/396/205 309/393/206 310/397/206
f 311/394/207 312/398/207 315/399/207
f 382/400/208 312/401/208 313/396/208
f 315/399/209 314/402/210 316/403/210
f 316/403/211 317/404/211 315/399/211
f 315/399/212 320/405/212 311/394/212
f 318/406/213 319/407/214 317/404/213
f 317/404/215 321/408/215 320/405/215
f 321/408/216 322/409/216 320/405/216
f 320/405/217 308/391/217 311/394/217
f 323/410/218 303/386/219 322/409/219
f 322/409/220 305/388/220 308/391/220
f 325/411/221 323/410/222 321/408/223
f 324/412/224 301/380/225 323/410/225
f 327/413/226 324/412/227 325/411/227
f 326/414/228 298/378/228 324/412/228
f 330/415/229 326/414/230 327/413/226
f 329/416/231 328/381/231 326/414/231
f 330/415/232 331/417/233 329/416/232
f 329/416/234 333/418/235 332/419/234
f 332/419/236 336/420/236 334/421/236
f 332/419/237 299/422/237 328/381/237
f 295/374/238 334/423/238 335/424/238
f 337/425/239 334/423/239 336/426/239
f 339/427/240 336/426/241 338/428/242
f 333/418/243 338/429/243 336/420/244
f 342/430/245 338/428/246 341/431/245
f 340/432/247 341/433/247 338/429/247
f 345/434/248 341/431/248 344/435/248
f 343/436/249 344/437/250 341/433/250
f 348/438/251 344/435/252 347/439/252
f 346/440/253 347/441/253 344/437/253
f 348/438/254 350/442/255 351/443/254
f 353/444/256 347/441/256 349/445/257
f 351/443/258 352/446/258 395/447/258
f 354/448/259 350/449/260 353/444/260
f 355/450/261 349/445/261 358/451/261
f 355/450/262 354/448/263 353/444/262
f 359/452/264 355/450/265 358/451/264
f 356/453/266 357/454/267 355/450/266
f 349/445/268 360/455/268 358/451/268
f 359/452/269 360/455/270 331/417/270
f 360/455/271 343/436/272 340/432/272
f 331/417/273 340/432/274 333/418/275
f 330/415/276 356/453/277 359/452/276
f 357/454/278 352/456/278 354/448/278
f 361/457/279 362/458/279 357/454/279
f 395/447/280 362/459/281 363/460/281
f 363/460/282 364/461/283 365/462/282
f 365/462/284 366/463/284 367/464/284
f 369/465/285 364/466/285 361/457/285
f 390/467/286 366/463/286 368/468/287
f 368/469/288 369/465/289 370/470/289
f 371/471/290 361/457/291 356/453/290
f 370/470/292 371/471/292 372/472/292
f 372/472/293 330/415/294 327/413/295
f 373/473/296 327/413/295 325/411/296
f 374/474/297 372/472/298 373/473/298
f 319/407/299 325/411/300 321/408/301
f 375/475/302 373/473/302 319/407/303
f 376/476/304 370/470/304 374/474/304
f 378/477/305 374/474/306 375/475/306
f 377/478/307 368/468/307 376/479/307
f 379/480/308 376/479/308 378/481/308
f 379/480/309 380/482/310 381/483/309
f 380/484/311 375/475/312 318/406/311
f 381/483/313 314/485/313 382/400/313
f 316/403/314 380/484/315 318/406/316
f 382/400/317 383/486/318 381/483/319
f 383/486/320 379/480/320 381/483/320
f 383/486/321 223/284/321 384/487/321
f 217/276/322 383/486/323 385/488/324
f 313/396/325 385/488/325 382/400/325
f 214/273/326 385/488/326 386/489/327
f 211/270/328 386/489/328 387/490/328
f 310/397/329 386/489/329 313/396/330
f 196/250/331 211/270/331 387/490/331
f 310/397/332 196/250/332 387/490/332
f 384/487/333 226/289/333 388/491/333
f 384/487/334 377/478/334 379/480/334
f 388/491/335 229/293/335 389/492/335
f 388/491/336 390/467/336 377/478/336
f 229/293/337 391/493/338 389/492/337
f 390/467/339 391/493/340 367/464/339
f 367/464/341 392/494/341 365/462/341
f 232/297/342 392/494/342 391/493/342
f 235/300/343 393/495/344 392/494/345
f 365/462/346 393/495/347 363/460/348
f 238/303/349 394/496/350 393/495/351
f 363/460/352 394/496/353 395/447/354
f 241/307/355 396/497/356 394/496/357
f 395/447/358 396/497/359 351/443/360
f 244/311/361 397/498/362 396/497/362
f 351/443/363 397/498/364 348/438/363
f 397/498/365 250/320/366 398/499/365
f 345/434/367 397/498/368 398/499/368
f 398/499/369 253/324/370 399/500/371
f 342/430/372 398/499/373 399/500/374
f 399/500/375 256/328/376 400/501/375
f 339/427/377 399/500/378 400/501/378
f 400/501/379 259/332/380 401/502/381
f 337/425/382 400/501/383 401/502/384
f 335/424/385 401/502/385 402/503/385
f 401/502/386 262/336/386 402/503/386
f 295/374/387 402/503/388 293/504/387
f 402/503/389 265/339/390 293/504/390
f 403/505/391 408/506/391 404/507/391
f 825/508/392 405/509/392 837/510/392
f 407/511/393 403/505/393 405/509/393
f 410/512/394 406/513/394 407/511/394
f 409/514/395 408/506/395 406/513/395
f 413/515/396 409/514/396 410/512/396
f 409/514/397 414/516/397 411/517/397
f 417/518/398 412/519/399 413/515/398
f 412/519/400 416/520/401 414/516/402
f 416/521/403 418/522/404 420/523/403
f 417/524/405 418/522/405 415/525/406
f 419/526/407 420/523/407 418/522/407
f 421/527/408 419/526/408 418/522/408
f 423/528/409 422/529/409 421/527/410
f 417/524/411 423/528/411 421/527/411
f 744/530/412 423/528/412 425/531/412
f 428/532/413 423/528/414 426/533/414
f 426/534/415 413/515/415 427/535/415
f 428/536/416 427/535/416 429/537/416
f 430/538/417 429/537/417 431/539/417
f 430/540/418 425/531/419 428/532/420
f 432/541/421 431/539/422 815/542/421
f 432/543/423 433/544/423 430/540/423
f 435/545/424 434/546/424 433/544/424
f 433/544/425 744/530/425 425/531/425
f 432/543/426 437/547/427 435/545/426
f 439/548/428 435/545/428 437/547/428
f 438/549/429 440/550/429 437/547/430
f 440/550/431 439/548/431 437/547/431
f 444/551/432 440/550/433 441/552/433
f 445/553/434 440/550/434 443/554/434
f 447/555/435 443/554/435 444/551/435
f 446/556/436 445/553/436 443/554/436
f 450/557/437 446/556/437 447/555/437
f 451/558/438 446/556/438 449/559/438
f 450/557/439 452/560/439 449/559/439
f 452/560/440 451/558/440 449/559/440
f 453/561/441 455/562/442 452/560/441
f 457/563/443 452/560/443 455/562/443
f 456/564/444 458/565/445 455/562/446
f 458/565/447 457/563/447 455/562/447
f 459/566/448 461/567/448 458/565/448
f 463/568/449 458/565/449 461/567/449
f 462/569/450 464/570/451 461/567/450
f 464/570/452 463/568/452 461/567/452
f 468/571/453 464/570/454 465/572/454
f 469/573/455 464/570/455 467/574/455
f 468/571/456 470/575/456 467/574/456
f 470/575/457 469/573/457 467/574/457
f 474/576/458 470/575/458 471/577/458
f 475/578/459 470/575/459 473/579/459
f 477/580/460 473/579/460 474/576/460
f 478/581/461 473/579/461 476/582/461
f 482/583/462 476/582/462 477/580/462
f 479/584/463 478/581/463 476/582/464
f 481/585/465 480/586/465 479/584/465
f 482/583/466 481/585/467 479/584/468
f 482/587/469 773/588/469 483/589/469
f 485/590/470 482/587/470 483/589/470
f 487/591/471 484/592/471 485/590/471
f 484/593/472 489/594/473 481/585/472
f 488/595/474 487/591/474 764/596/475
f 488/597/476 489/594/476 486/598/476
f 491/599/477 490/600/477 489/594/477
f 490/600/478 481/585/478 489/594/478
f 494/601/479 491/599/479 493/602/479
f 488/597/480 493/602/480 491/599/480
f 746/603/481 493/602/481 495/604/481
f 496/605/482 495/604/482 493/602/482
f 496/606/483 764/596/483 497/607/483
f 499/608/484 496/606/484 497/607/484
f 501/609/485 498/610/485 499/608/485
f 500/611/486 495/604/487 498/612/487
f 502/613/488 501/609/488 755/614/488
f 502/615/489 503/616/490 500/611/491
f 506/617/492 503/616/492 505/618/492
f 503/616/493 746/603/494 495/604/493
f 508/619/495 505/618/495 507/620/495
f 510/621/496 505/618/497 502/615/497
f 518/622/498 507/620/498 509/623/498
f 512/624/499 507/620/500 510/621/500
f 510/625/501 755/614/502 511/626/501
f 512/627/503 511/626/503 513/628/503
f 515/629/504 512/627/504 513/628/504
f 512/624/505 516/630/506 509/623/505
f 414/516/507 514/631/508 515/629/508
f 514/632/509 420/523/509 516/630/509
f 420/523/510 517/633/510 516/630/510
f 516/630/511 518/622/511 509/623/511
f 522/634/512 517/633/512 520/635/512
f 523/636/513 517/633/514 519/637/513
f 524/638/515 520/639/515 523/640/515
f 521/641/516 522/642/516 520/639/517
f 525/643/518 524/638/518 523/640/518
f 523/636/519 419/526/520 525/644/520
f 525/644/521 422/529/521 526/645/521
f 528/646/522 525/643/522 526/647/522
f 528/646/523 529/648/523 527/649/523
f 527/649/524 530/650/524 524/638/524
f 532/651/525 530/650/525 529/648/525
f 535/652/526 529/648/526 531/653/526
f 533/654/527 534/655/527 532/651/527
f 536/656/528 532/651/529 535/652/528
f 538/657/530 535/652/530 531/653/530
f 539/658/531 535/652/531 537/659/531
f 540/660/532 538/657/532 541/661/532
f 542/662/533 537/659/533 540/660/533
f 543/663/534 541/661/534 544/664/534
f 545/665/535 540/660/535 543/663/535
f 547/666/536 543/663/536 544/664/536
f 546/667/537 545/665/538 543/663/538
f 550/668/539 546/667/539 547/666/539
f 549/669/540 548/670/540 546/667/540
f 553/671/541 549/669/541 550/668/541
f 552/672/542 551/673/542 549/669/542
f 555/674/543 553/671/543 556/675/543
f 555/674/544 554/676/544 552/672/544
f 558/677/545 556/675/545 559/678/545
f 558/677/546 557/679/546 555/674/546
f 561/680/547 559/678/547 562/681/547
f 561/680/548 560/682/548 558/677/548
f 565/683/549 561/680/549 562/681/549
f 566/684/550 561/680/551 564/685/550
f 568/686/552 564/685/552 565/683/552
f 567/687/553 566/684/553 564/685/553
f 571/688/554 567/687/554 568/686/554
f 572/689/555 567/687/555 570/690/555
f 573/691/556 571/688/556 574/692/556
f 575/693/557 570/690/557 573/691/557
f 577/694/558 573/691/558 574/692/558
f 578/695/559 573/691/559 576/696/559
f 580/697/560 576/696/560 577/694/560
f 581/698/561 576/696/561 579/699/561
f 583/700/562 579/699/563 580/697/562
f 584/701/564 579/699/564 582/702/564
f 586/703/565 582/702/565 583/700/565
f 587/704/566 582/702/566 585/705/566
f 588/706/567 586/703/567 589/707/567
f 590/708/568 585/705/568 588/706/568
f 592/709/569 588/706/569 589/707/569
f 591/710/570 590/708/571 588/706/571
f 594/711/572 592/709/572 595/712/572
f 594/711/573 593/713/573 591/710/573
f 597/714/574 595/712/574 598/715/574
f 597/714/575 596/716/575 594/711/575
f 601/717/576 597/714/576 598/715/576
f 600/718/577 599/719/577 597/714/577
f 603/720/578 601/717/578 604/721/578
f 603/720/579 602/722/579 600/718/579
f 606/723/580 604/721/580 607/724/580
f 606/723/581 605/725/581 603/720/582
f 610/726/583 606/723/583 607/724/583
f 611/727/584 606/723/584 609/728/584
f 612/729/585 610/726/585 613/730/586
f 612/729/587 611/727/587 609/728/587
f 616/731/588 612/729/588 613/730/588
f 615/732/589 614/733/589 612/729/589
f 618/734/590 616/731/590 619/735/590
f 618/734/591 617/736/591 615/732/591
f 622/737/592 618/734/592 619/735/593
f 621/738/594 620/739/594 618/734/594
f 534/655/595 622/737/595 530/650/595
f 534/655/596 623/740/596 621/738/596
f 625/741/597 624/742/597 623/740/597
f 624/742/598 620/739/598 623/740/598
f 628/743/599 625/741/599 533/654/599
f 627/744/600 624/742/600 626/745/600
f 629/746/601 626/745/601 628/743/601
f 630/747/602 629/746/602 628/743/602
f 536/656/603 628/743/603 533/654/603
f 539/658/604 630/747/604 536/656/604
f 633/748/605 630/747/605 632/749/605
f 542/662/606 632/749/606 539/658/606
f 634/750/607 633/748/607 632/749/607
f 545/665/608 634/750/608 542/662/608
f 636/751/609 635/752/609 634/750/609
f 638/753/610 545/665/610 548/670/610
f 638/753/611 637/754/612 636/751/612
f 640/755/613 548/670/613 551/673/613
f 641/756/614 638/753/614 640/755/614
f 554/676/615 640/755/615 551/673/615
f 643/757/616 640/755/616 642/758/616
f 557/679/617 642/758/617 554/676/617
f 645/759/618 642/758/618 644/760/618
f 560/682/619 644/760/619 557/679/619
f 646/761/620 645/759/620 644/760/620
f 648/762/621 560/682/621 563/763/621
f 649/764/622 646/761/622 648/762/622
f 650/765/623 563/763/623 566/684/623
f 650/765/624 649/764/624 648/762/624
f 652/766/625 566/684/625 569/767/625
f 653/768/626 650/765/627 652/766/626
f 572/689/628 652/766/628 569/767/628
f 655/769/629 652/766/629 654/770/630
f 575/693/631 654/770/631 572/689/631
f 657/771/632 654/770/633 656/772/632
f 658/773/634 575/693/634 578/695/634
f 659/774/635 656/772/635 658/773/636
f 660/775/637 578/695/637 581/698/637
f 660/775/638 659/774/638 658/773/638
f 662/776/639 581/698/639 584/701/640
f 662/776/641 661/777/641 660/775/641
f 587/704/642 662/776/642 584/701/642
f 664/778/643 663/779/643 662/776/643
f 590/708/644 664/778/644 587/704/644
f 667/780/645 664/778/645 666/781/645
f 593/713/646 666/781/646 590/708/646
f 668/782/647 667/780/647 666/781/647
f 670/783/648 593/713/648 596/716/649
f 671/784/650 668/782/650 670/783/650
f 672/785/651 596/716/651 599/719/651
f 673/786/652 670/783/652 672/785/652
f 674/787/653 599/719/653 602/722/653
f 674/787/654 673/786/654 672/785/655
f 676/788/656 602/722/656 605/725/657
f 676/788/658 675/789/658 674/787/658
f 678/790/659 605/725/660 608/791/659
f 679/792/661 676/788/661 678/790/661
f 611/727/662 678/790/662 608/791/662
f 681/793/663 678/790/663 680/794/663
f 682/795/664 611/727/665 614/733/664
f 683/796/666 680/794/666 682/795/667
f 684/797/668 614/733/668 617/736/668
f 684/797/669 683/796/669 682/795/669
f 686/798/670 617/736/671 620/739/670
f 686/798/672 685/799/672 684/797/672
f 688/800/673 686/798/673 624/742/673
f 688/801/674 641/802/674 657/803/674
f 521/641/675 619/735/675 689/804/675
f 530/650/676 521/641/676 524/638/676
f 619/735/677 690/805/677 689/804/677
f 522/642/678 690/805/678 691/806/678
f 691/806/679 692/807/679 693/808/679
f 616/731/680 692/807/680 690/805/680
f 692/807/681 695/809/681 693/808/681
f 613/730/682 694/810/682 692/807/682
f 695/809/683 696/811/683 697/812/683
f 694/810/684 607/724/684 696/811/684
f 697/812/685 698/813/685 699/814/685
f 696/811/686 604/721/686 698/813/686
f 698/813/687 701/815/687 699/814/687
f 604/721/688 700/816/688 698/813/688
f 701/815/689 702/817/689 703/818/689
f 700/816/690 598/715/690 702/817/690
f 703/818/691 704/819/691 705/820/691
f 598/715/692 704/819/692 702/817/692
f 704/819/693 707/821/693 705/820/693
f 704/819/694 592/709/694 706/822/694
f 707/821/695 708/823/696 709/824/695
f 706/822/697 589/707/697 708/823/697
f 708/823/698 711/825/699 709/824/699
f 589/707/700 710/826/700 708/823/700
f 711/825/701 712/827/701 713/828/701
f 710/826/702 583/700/702 712/827/702
f 712/827/703 715/829/703 713/828/703
f 712/827/704 580/697/704 714/830/704
f 715/829/705 716/831/705 717/832/705
f 580/697/706 716/831/706 714/830/706
f 716/831/707 719/833/707 717/832/707
f 577/694/708 718/834/708 716/831/708
f 719/833/709 720/835/709 721/836/709
f 574/692/710 720/835/710 718/834/710
f 721/836/711 722/837/711 723/838/711
f 720/835/712 568/686/712 722/837/712
f 722/837/713 725/839/713 723/838/713
f 568/686/714 724/840/714 722/837/714
f 724/840/715 727/841/715 725/839/715
f 724/840/716 562/681/716 726/842/716
f 727/841/717 728/843/717 729/844/717
f 726/842/718 559/678/718 728/843/718
f 728/843/719 731/845/720 729/844/720
f 728/843/721 556/675/721 730/846/721
f 730/846/722 733/847/723 731/845/723
f 556/675/724 732/848/724 730/846/724
f 733/847/725 734/849/725 735/850/725
f 732/848/726 550/668/726 734/849/726
f 734/849/727 737/851/727 735/850/727
f 550/668/728 736/852/729 734/849/729
f 737/851/730 738/853/730 739/854/731
f 547/666/732 738/853/732 736/852/732
f 739/854/733 740/855/733 741/856/733
f 544/664/734 740/855/734 738/853/734
f 740/855/735 743/857/735 741/856/735
f 541/661/736 742/858/736 740/855/736
f 743/857/737 528/646/737 526/647/737
f 742/858/738 531/653/738 528/646/738
f 743/859/739 422/529/739 424/860/739
f 743/859/740 744/530/740 741/861/741
f 741/861/742 434/546/742 739/862/742
f 737/863/743 434/546/743 436/864/743
f 737/863/744 439/548/744 735/865/744
f 733/866/745 439/548/746 442/867/745
f 731/868/747 442/867/747 445/553/747
f 731/868/748 448/869/748 729/870/748
f 729/870/749 451/558/750 727/871/750
f 727/871/751 454/872/752 725/873/752
f 725/873/753 457/563/754 723/874/754
f 721/875/755 457/563/755 460/876/755
f 719/877/756 460/876/757 463/568/756
f 719/877/758 466/878/759 717/879/760
f 715/880/761 466/878/762 469/573/761
f 713/881/763 469/573/763 472/882/763
f 713/881/764 475/578/765 711/883/764
f 711/883/766 478/581/766 709/884/766
f 709/884/767 480/586/768 707/885/768
f 707/885/769 745/886/770 705/887/770
f 703/888/771 745/886/771 490/600/771
f 701/889/772 490/600/772 492/890/772
f 701/889/773 494/601/774 699/891/774
f 697/892/775 494/601/775 746/603/775
f 695/893/776 746/603/777 504/894/778
f 693/895/779 504/894/780 506/617/779
f 691/896/781 506/617/782 508/619/781
f 691/896/783 518/622/783 522/634/783
f 411/517/784 515/629/784 747/897/784
f 515/629/785 749/898/785 747/897/785
f 411/517/786 748/899/786 408/506/786
f 747/897/787 750/900/787 748/899/787
f 749/898/788 752/901/788 750/900/788
f 749/898/789 511/626/789 751/902/789
f 751/902/790 754/903/791 752/901/790
f 751/902/792 755/614/792 753/904/792
f 754/903/793 756/905/793 757/906/793
f 755/614/794 756/905/794 753/904/794
f 757/906/795 758/907/795 759/908/795
f 756/905/796 499/608/796 758/907/796
f 758/907/797 761/909/797 759/908/797
f 499/608/798 760/910/798 758/907/798
f 760/910/799 763/911/799 761/909/799
f 760/910/800 764/596/800 762/912/800
f 762/912/801 766/913/801 763/911/801
f 764/596/802 765/914/802 762/912/802
f 765/914/803 768/915/803 766/913/803
f 765/914/804 485/590/804 767/916/805
f 768/915/806 769/917/806 770/918/807
f 485/590/808 769/917/808 767/916/808
f 770/918/809 771/919/809 772/920/809
f 483/589/810 771/919/810 769/917/810
f 772/920/811 774/921/811 775/922/811
f 771/919/812 776/923/812 774/921/812
f 774/921/813 778/924/813 775/922/813
f 774/921/814 779/925/814 777/926/814
f 777/926/815 781/927/815 778/924/815
f 779/925/816 780/928/816 777/926/816
f 780/928/817 784/929/817 781/927/817
f 780/928/818 785/930/818 783/931/818
f 783/931/819 787/932/819 784/929/819
f 783/931/820 788/933/820 786/934/820
f 787/932/821 789/935/821 790/936/821
f 788/933/822 789/935/822 786/934/822
f 790/936/823 792/937/823 793/938/823
f 789/935/824 794/939/824 792/937/824
f 793/938/825 795/940/825 796/941/825
f 794/939/826 795/940/826 792/937/826
f 796/941/827 798/942/827 799/943/827
f 797/944/828 798/942/828 795/940/828
f 799/943/829 801/945/829 802/946/829
f 798/942/830 803/947/830 801/945/830
f 802/946/831 804/948/831 805/949/831
f 801/945/832 806/950/832 804/948/832
f 804/948/833 808/951/833 805/949/833
f 804/948/834 809/952/834 807/953/834
f 807/953/835 811/954/835 808/951/835
f 809/952/836 810/955/836 807/953/836
f 810/955/837 814/956/837 811/954/837
f 810/955/838 815/542/838 813/957/838
f 813/957/839 817/958/839 814/956/839
f 813/957/840 431/539/840 816/959/840
f 817/958/841 818/960/841 819/961/841
f 816/959/842 429/537/842 818/960/842
f 818/960/843 821/962/843 819/961/843
f 429/537/844 820/963/844 818/960/844
f 821/962/845 410/512/845 407/511/845
f 820/963/846 413/515/846 410/512/846
f 819/961/847 822/964/847 823/965/847
f 821/962/848 405/509/848 822/964/848
f 824/966/849 819/961/849 823/965/850
f 825/508/851 817/958/851 824/966/851
f 811/954/852 825/508/852 826/967/852
f 827/968/853 811/954/853 826/967/853
f 828/969/854 808/951/854 827/968/854
f 802/946/855 828/969/855 829/970/855
f 799/943/856 829/970/856 830/971/856
f 796/941/857 830/971/857 831/972/857
f 793/938/858 831/972/859 832/973/858
f 790/936/860 832/973/860 833/974/860
f 787/932/861 833/974/861 834/975/861
f 835/976/862 787/932/862 834/975/862
f 836/977/863 784/929/864 835/976/864
f 837/510/865 781/927/865 836/977/865
f 838/978/866 778/924/866 837/510/866
f 839/979/867 775/922/867 838/978/867
f 840/980/868 772/920/868 839/979/868
f 768/915/869 840/980/869 841/981/869
f 842/982/870 768/915/871 841/981/871
f 843/983/872 766/913/872 842/982/872
f 761/909/873 843/983/873 844/984/873
f 845/985/874 761/909/874 844/984/874
f 846/986/875 759/908/875 845/985/875
f 847/987/876 757/906/876 846/986/876
f 752/901/877 847/987/877 848/988/877
f 750/900/878 848/988/878 849/989/878
f 748/899/879 849/989/879 850/990/879
f 404/507/880 748/899/880 850/990/880
f 438/991/881 815/542/881 812/992/882
f 441/993/883 812/992/883 809/952/883
f 444/994/884 809/952/884 806/950/884
f 447/995/885 806/950/885 803/947/885
f 450/996/886 803/947/886 800/997/886
f 797/944/887 450/996/888 800/997/888
f 794/939/889 453/998/890 797/944/890
f 791/999/891 456/1000/891 794/939/891
f 462/1001/892 791/999/892 788/933/892
f 465/1002/893 788/933/893 785/930/893
f 782/1003/894 465/1002/895 785/930/896
f 471/1004/897 782/1003/898 779/925/897
f 474/1005/899 779/925/899 776/923/899
f 477/1006/900 776/923/900 773/588/900
f 852/1007/901 855/1008/902 851/1009/901
f 851/1009/903 853/1010/903 852/1007/903
f 851/1009/904 867/1011/905 853/1010/904
f 851/1009/906 857/1012/907 854/1013/907
f 855/1008/908 856/1014/909 851/1009/909
f 857/1015/910 856/1016/910 858/1017/910
f 855/1008/911 857/1012/911 858/1018/911
f 854/1013/912 859/1019/913 871/1020/912
f 855/1008/914 860/1021/914 859/1019/914
f 865/1022/915 860/1021/916 861/1023/917
f 861/1023/918 862/1024/919 863/1025/920
f 852/1007/921 862/1024/922 860/1021/923
f 863/1026/924 862/1027/924 864/1028/924
f 852/1007/925 863/1025/926 864/1029/925
f 865/1022/927 861/1023/927 866/1030/927
f 853/1010/928 861/1023/929 852/1007/928
f 865/1022/930 867/1011/931 871/1020/931
f 867/1011/932 868/1031/933 869/1032/932
f 853/1010/934 868/1031/935 866/1030/935
f 869/1033/936 868/1034/936 870/1035/936
f 867/1011/937 870/1036/938 853/1010/938
f 854/1013/939 871/1020/939 867/1011/939
f 871/1020/940 873/1037/941 865/1022/941
f 871/1020/942 874/1038/943 872/1039/942
f 873/1040/944 872/1041/944 874/1042/944
f 865/1022/945 874/1038/946 859/1019/947
f 876/1043/948 879/1044/948 875/1045/948
f 989/1046/949 875/1045/950 878/1047/951
f 879/1044/952 877/1048/953 875/1045/953
f 875/1045/954 890/1049/955 878/1047/955
f 879/1044/956 883/1050/956 882/1051/956
f 978/1052/957 879/1044/957 881/1053/957
f 883/1050/958 884/1054/958 882/1051/958
f 882/1051/959 887/1055/960 877/1048/960
f 884/1056/961 952/1057/962 886/1058/961
f 884/1056/963 888/1059/964 887/1060/964
f 877/1048/965 889/1061/966 890/1049/967
f 887/1060/968 891/1062/968 889/1063/968
f 890/1049/969 892/1064/970 893/1065/970
f 889/1063/971 894/1066/972 892/1067/971
f 896/1068/973 892/1064/974 895/1069/975
f 894/1066/976 895/1070/976 892/1067/977
f 899/1071/978 895/1069/979 898/1072/978
f 897/1073/980 898/1074/981 895/1070/980
f 902/1075/982 898/1072/983 901/1076/984
f 900/1077/985 901/1078/985 898/1074/985
f 905/1079/986 901/1076/987 904/1080/988
f 901/1078/989 906/1081/989 904/1082/989
f 908/1083/990 904/1080/991 907/1084/992
f 904/1082/993 909/1085/993 907/1086/993
f 911/1087/994 907/1084/995 910/1088/994
f 907/1086/996 912/1089/997 910/1090/997
f 914/1091/998 910/1088/999 913/1092/998
f 910/1090/1000 915/1093/1001 913/1094/1000
f 917/1095/1002 913/1092/1003 916/1096/1004
f 915/1093/1005 916/1097/1005 913/1094/1005
f 917/1095/1006 919/1098/1007 920/1099/1007
f 918/1100/1008 919/1101/1008 916/1097/1008
f 920/1099/1009 922/1102/1010 923/1103/1010
f 921/1104/1011 922/1105/1011 919/1101/1011
f 926/1106/1012 922/1102/1013 925/1107/1012
f 924/1108/1014 925/1109/1014 922/1105/1014
f 929/1110/1015 925/1107/1015 928/1111/1015
f 927/1112/1016 928/1113/1017 925/1109/1016
f 929/1110/1018 931/1114/1019 932/1115/1019
f 928/1113/1020 933/1116/1021 931/1117/1021
f 932/1115/1022 934/1118/1023 935/1119/1023
f 931/1117/1024 936/1120/1024 934/1121/1024
f 938/1122/1025 934/1118/1026 937/1123/1027
f 934/1121/1028 939/1124/1028 937/1125/1028
f 941/1126/1029 937/1123/1029 940/1127/1030
f 937/1125/1031 942/1128/1031 940/1129/1031
f 941/1126/1032 943/1130/1032 944/1131/1032
f 940/1129/1033 945/1132/1033 943/1133/1033
f 944/1131/1034 946/1134/1034 947/1135/1035
f 946/1136/1036 945/1132/1036 948/1137/1036
f 947/1135/1037 949/1138/1038 950/1139/1038
f 949/1140/1039 948/1137/1040 951/1141/1039
f 950/1139/1041 885/1142/1042 883/1050/1042
f 885/1143/1043 951/1141/1043 952/1057/1043
f 951/1141/1044 954/1144/1045 953/1145/1046
f 952/1057/1047 953/1145/1047 956/1146/1047
f 953/1145/1048 964/1147/1049 955/1148/1050
f 956/1146/1051 955/1148/1052 957/1149/1053
f 886/1058/1054 956/1146/1055 958/1150/1056
f 958/1150/1057 957/1149/1053 959/1151/1057
f 888/1059/1058 958/1150/1056 891/1062/1058
f 891/1062/1059 959/1151/1060 894/1066/1060
f 960/1152/1061 957/1149/1062 961/1153/1063
f 897/1073/1064 959/1151/1064 960/1152/1064
f 900/1077/1065 960/1152/1066 903/1154/1067
f 903/1154/1067 961/1153/1068 906/1081/1068
f 906/1081/1069 962/1155/1069 909/1085/1070
f 961/1153/1063 955/1148/1071 962/1155/1072
f 962/1155/1073 964/1147/1074 963/1156/1074
f 909/1085/1075 963/1156/1076 912/1089/1077
f 912/1089/1078 965/1157/1079 915/1093/1078
f 963/1156/1080 966/1158/1080 965/1157/1081
f 966/1158/1082 967/1159/1082 965/1157/1082
f 965/1157/1083 918/1100/1083 915/1093/1083
f 967/1159/1084 921/1104/1085 918/1100/1085
f 968/1160/1086 969/1161/1087 967/1159/1087
f 969/1161/1088 930/1162/1089 927/1112/1088
f 969/1161/1090 924/1108/1090 921/1104/1091
f 971/1163/1092 930/1162/1092 970/1164/1092
f 971/1163/1093 968/1160/1086 972/1165/1094
f 936/1120/1095 971/1163/1095 939/1124/1096
f 939/1124/1097 972/1165/1098 942/1128/1098
f 942/1128/1099 973/1166/1099 945/1132/1100
f 972/1165/1101 966/1158/1101 973/1166/1101
f 948/1137/1102 973/1166/1102 954/1144/1102
f 954/1144/1103 966/1158/1104 964/1147/1104
f 974/1167/1105 947/1135/1106 950/1139/1105
f 880/1168/1107 950/1139/1108 883/1050/1109
f 977/1169/1110 974/1167/1111 976/1170/1111
f 976/1170/1112 880/1168/1113 978/1052/1112
f 977/1169/1114 979/1171/1115 981/1172/1114
f 976/1170/1116 982/1173/1117 979/1171/1116
f 1010/1174/1118 979/1175/1118 980/1176/1118
f 980/1176/1119 982/1177/1119 983/1178/1119
f 978/1052/1120 984/1179/1121 982/1173/1120
f 983/1178/1122 984/1180/1122 985/1181/1122
f 881/1053/1123 986/1182/1123 984/1179/1124
f 987/1183/1125 984/1180/1126 986/1184/1125
f 876/1043/1127 988/1185/1128 986/1182/1127
f 990/1186/1129 986/1184/1130 988/1187/1129
f 989/1046/1131 991/1188/1132 988/1185/1131
f 993/1189/1133 988/1187/1133 991/1190/1134
f 995/1191/1135 991/1188/1136 992/1192/1136
f 993/1189/1137 994/1193/1137 997/1194/1137
f 1064/1195/1138 994/1196/1139 995/1191/1139
f 997/1194/1140 996/1197/1141 998/1198/1142
f 998/1198/1143 999/1199/1144 997/1194/1143
f 997/1194/1145 1002/1200/1146 993/1189/1145
f 1000/1201/1147 1001/1202/1148 999/1199/1144
f 999/1199/1149 1003/1203/1150 1002/1200/1149
f 1003/1203/1151 1004/1204/1152 1002/1200/1153
f 1002/1200/1154 990/1186/1155 993/1189/1155
f 1005/1205/1156 985/1181/1157 1004/1204/1158
f 1004/1204/1158 987/1183/1159 990/1186/1160
f 1007/1206/1161 1005/1205/1162 1003/1203/1151
f 1006/1207/1163 983/1178/1164 1005/1205/1164
f 1009/1208/1165 1006/1207/1166 1007/1206/1167
f 1008/1209/1168 980/1176/1169 1006/1207/1168
f 1012/1210/1170 1008/1209/1170 1009/1208/1170
f 1011/1211/1171 1010/1174/1172 1008/1209/1173
f 1012/1210/1174 1013/1212/1174 1011/1211/1174
f 1011/1211/1175 1015/1213/1175 1014/1214/1176
f 1014/1214/1177 1018/1215/1178 1016/1216/1177
f 1014/1214/1179 981/1217/1179 1010/1174/1179
f 1019/1218/1180 1016/1219/1181 1018/1220/1180
f 1017/1221/1182 981/1172/1183 1016/1219/1182
f 1019/1218/1184 1020/1222/1185 1021/1223/1185
f 1015/1213/1186 1020/1224/1187 1018/1215/1186
f 1021/1223/1188 1023/1225/1189 1024/1226/1190
f 1022/1227/1191 1023/1228/1191 1020/1224/1191
f 1027/1229/1192 1023/1225/1193 1026/1230/1192
f 1025/1231/1194 1026/1232/1195 1023/1228/1194
f 1030/1233/1196 1026/1230/1197 1029/1234/1198
f 1028/1235/1199 1029/1236/1199 1026/1232/1199
f 1030/1233/1200 1032/1237/1201 1033/1238/1202
f 1035/1239/1203 1029/1236/1203 1031/1240/1204
f 1033/1238/1205 1034/1241/1206 1077/1242/1206
f 1036/1243/1207 1032/1244/1208 1035/1239/1208
f 1037/1245/1209 1031/1240/1209 1040/1246/1209
f 1037/1245/1210 1036/1243/1210 1035/1239/1210
f 1038/1247/1211 1039/1248/1211 1037/1245/1211
f 1041/1249/1212 1037/1245/1213 1040/1246/1214
f 1031/1240/1215 1042/1250/1215 1040/1246/1215
f 1041/1249/1212 1042/1250/1216 1013/1212/1217
f 1042/1250/1218 1025/1231/1218 1022/1227/1218
f 1013/1212/1219 1022/1227/1220 1015/1213/1219
f 1012/1210/1221 1038/1247/1222 1041/1249/1221
f 1039/1248/1223 1034/1251/1223 1036/1243/1224
f 1043/1252/1225 1044/1253/1225 1039/1248/1225
f 1047/1254/1226 1044/1255/1227 1046/1256/1227
f 1045/1257/1228 1034/1241/1229 1044/1255/1230
f 1047/1254/1231 1048/1258/1232 1049/1259/1233
f 1051/1260/1234 1046/1261/1234 1043/1252/1234
f 1049/1259/1235 1050/1262/1236 1072/1263/1236
f 1050/1264/1237 1051/1260/1238 1052/1265/1237
f 1053/1266/1239 1043/1252/1239 1038/1247/1239
f 1052/1265/1240 1053/1266/1240 1054/1267/1240
f 1054/1267/1241 1012/1210/1242 1009/1208/1241
f 1055/1268/1243 1009/1208/1243 1007/1206/1244
f 1056/1269/1245 1054/1267/1246 1055/1268/1246
f 1057/1270/1247 1055/1268/1248 1001/1202/1247
f 1001/1202/1249 1007/1206/1250 1003/1203/1150
f 1058/1271/1251 1052/1265/1251 1056/1269/1251
f 1060/1272/1252 1056/1269/1252 1057/1270/1252
f 1059/1273/1253 1060/1274/1254 1061/1275/1254
f 1072/1263/1255 1058/1276/1255 1059/1273/1255
f 1061/1275/1256 1062/1277/1257 1063/1278/1258
f 1062/1279/1259 1057/1270/1259 1000/1201/1260
f 1063/1278/1261 996/1280/1262 1064/1195/1263
f 998/1198/1264 1062/1279/1265 1000/1201/1265
f 1064/1195/1266 1065/1281/1267 1063/1278/1266
f 1065/1281/1268 1061/1275/1268 1063/1278/1268
f 1065/1281/1269 905/1079/1269 1066/1282/1269
f 899/1071/1270 1065/1281/1271 1067/1283/1270
f 995/1191/1272 1067/1283/1273 1064/1195/1274
f 896/1068/1275 1067/1283/1275 1068/1284/1275
f 992/1192/1276 1068/1284/1277 995/1191/1277
f 893/1065/1278 1068/1284/1279 1069/1285/1278
f 878/1047/1280 893/1065/1280 1069/1285/1280
f 992/1192/1281 878/1047/1281 1069/1285/1282
f 1066/1282/1283 1059/1273/1283 1061/1275/1284
f 1066/1282/1285 908/1083/1286 1070/1286/1286
f 1070/1286/1287 1072/1263/1288 1059/1273/1288
f 1070/1286/1289 911/1087/1289 1071/1287/1289
f 1071/1287/1290 914/1091/1291 1073/1288/1291
f 1071/1287/1292 1049/1259/1293 1072/1263/1292
f 914/1091/1294 1074/1289/1295 1073/1288/1296
f 1049/1259/1297 1074/1289/1298 1047/1254/1298
f 1047/1254/1299 1075/1290/1299 1045/1257/1299
f 917/1095/1300 1075/1290/1301 1074/1289/1302
f 1045/1257/1303 1076/1291/1304 1077/1242/1305
f 920/1099/1306 1076/1291/1307 1075/1290/1306
f 923/1103/1308 1078/1292/1308 1076/1291/1308
f 1077/1242/1309 1078/1292/1309 1033/1238/1309
f 1033/1238/1310 1079/1293/1310 1030/1233/1311
f 926/1106/1312 1079/1293/1313 1078/1292/1313
f 1079/1293/1314 932/1115/1315 1080/1294/1315
f 1027/1229/1316 1079/1293/1316 1080/1294/1316
f 1024/1226/1317 1080/1294/1318 1081/1295/1318
f 1080/1294/1319 935/1119/1320 1081/1295/1320
f 1081/1295/1321 938/1122/1322 1082/1296/1323
f 1021/1223/1324 1081/1295/1325 1082/1296/1325
f 1019/1218/1326 1082/1296/1326 1083/1297/1326
f 1082/1296/1327 941/1126/1327 1083/1297/1327
f 1083/1297/1328 944/1131/1328 1084/1298/1328
f 1017/1221/1329 1083/1297/1330 1084/1298/1330
f 975/1299/1331 944/1131/1331 947/1135/1331
f 1017/1221/1332 975/1299/1332 977/1169/1332
f 1086/1300/1333 1087/1301/1334 1264/1302/1334
f 1261/1303/1335 1085/1304/1335 1086/1300/1335
f 1085/1304/1336 1091/1305/1337 1087/1301/1338
f 1088/1306/1339 1089/1307/1340 1085/1304/1340
f 1089/1308/1341 1273/1309/1342 1091/1310/1341
f 1092/1311/1343 1090/1312/1343 1089/1308/1343
f 1260/1313/1344 1092/1314/1345 1088/1306/1345
f 1092/1311/1346 1096/1315/1347 1094/1316/1346
f 1090/1312/1348 1095/1317/1349 1273/1309/1348
f 1094/1316/1350 1098/1318/1351 1095/1317/1350
f 1093/1319/1352 1097/1320/1352 1096/1315/1352
f 1096/1315/1353 1099/1321/1354 1098/1318/1354
f 1098/1318/1355 1103/1322/1356 1100/1323/1356
f 1095/1317/1357 1100/1323/1358 1101/1324/1359
f 1274/1325/1360 1100/1323/1360 1102/1326/1361
f 1102/1326/1362 1103/1322/1363 1104/1327/1363
f 1099/1321/1364 1105/1328/1365 1103/1322/1364
f 1104/1327/1366 1105/1328/1367 1107/1329/1366
f 1107/1329/1368 1106/1330/1369 1127/1331/1368
f 1108/1332/1370 1106/1330/1370 1105/1328/1370
f 1097/1320/1371 1108/1332/1372 1099/1321/1373
f 1110/1333/1374 1109/1334/1374 1108/1332/1375
f 1114/1335/1376 1110/1333/1376 1097/1320/1376
f 1112/1336/1377 1111/1337/1377 1110/1333/1377
f 1113/1338/1378 1115/1339/1379 1112/1340/1380
f 1258/1341/1381 1112/1340/1382 1114/1342/1381
f 1118/1343/1383 1115/1339/1383 1116/1344/1383
f 1117/1345/1384 1111/1337/1385 1115/1346/1384
f 1149/1347/1386 1117/1348/1387 1118/1343/1387
f 1119/1349/1388 1120/1350/1388 1117/1345/1388
f 1120/1350/1389 1109/1334/1390 1111/1337/1391
f 1121/1351/1392 1122/1352/1392 1120/1350/1392
f 1122/1352/1393 1106/1330/1394 1109/1334/1393
f 1123/1353/1395 1124/1354/1396 1122/1352/1397
f 1106/1330/1394 1126/1355/1398 1127/1331/1398
f 1124/1354/1396 1128/1356/1399 1126/1355/1399
f 1127/1331/1400 1129/1357/1400 1130/1358/1400
f 1126/1355/1401 1131/1359/1402 1129/1357/1401
f 1130/1358/1403 1132/1360/1403 1134/1361/1403
f 1129/1357/1404 1135/1362/1405 1132/1360/1404
f 1133/1363/1406 1134/1364/1407 1132/1365/1406
f 1136/1366/1408 1132/1365/1408 1135/1367/1408
f 1138/1368/1409 1135/1367/1410 1137/1369/1409
f 1131/1359/1411 1137/1370/1412 1135/1362/1413
f 1191/1371/1414 1137/1369/1414 1139/1372/1414
f 1140/1373/1415 1139/1374/1416 1137/1370/1416
f 1128/1356/1417 1140/1373/1417 1131/1359/1417
f 1125/1375/1418 1141/1376/1419 1128/1356/1419
f 1141/1376/1420 1143/1377/1420 1139/1374/1421
f 1144/1378/1422 1125/1375/1423 1123/1353/1424
f 1143/1377/1425 1144/1378/1425 1145/1379/1425
f 1146/1380/1426 1123/1353/1426 1121/1351/1426
f 1145/1379/1427 1146/1380/1428 1147/1381/1428
f 1147/1381/1429 1121/1351/1429 1119/1349/1429
f 1150/1382/1430 1147/1383/1431 1148/1384/1431
f 1148/1384/1432 1119/1385/1433 1149/1347/1434
f 1151/1386/1435 1149/1347/1436 1152/1387/1437
f 1153/1388/1438 1148/1384/1438 1151/1386/1438
f 1155/1389/1439 1151/1386/1440 1152/1387/1441
f 1154/1390/1442 1153/1388/1443 1151/1386/1443
f 1154/1390/1444 1158/1391/1445 1157/1392/1445
f 1156/1393/1446 1157/1392/1447 1159/1394/1448
f 1161/1395/1449 1157/1396/1449 1158/1397/1449
f 1160/1398/1450 1159/1399/1451 1157/1396/1450
f 1163/1400/1452 1160/1398/1452 1161/1395/1452
f 1167/1401/1453 1162/1402/1454 1163/1400/1454
f 1162/1402/1455 1166/1403/1455 1159/1399/1455
f 1165/1404/1456 1166/1403/1456 1164/1405/1456
f 1167/1401/1457 1165/1404/1457 1164/1405/1457
f 1169/1406/1458 1163/1400/1459 1171/1407/1459
f 1169/1406/1458 1168/1408/1460 1167/1401/1461
f 1170/1409/1462 1171/1407/1463 1262/1410/1463
f 1170/1409/1462 1172/1411/1464 1169/1406/1462
f 1173/1412/1465 1174/1413/1465 1172/1411/1466
f 1172/1411/1467 1176/1414/1467 1168/1408/1467
f 1175/1415/1468 1177/1416/1469 1174/1413/1469
f 1174/1413/1470 1180/1417/1470 1176/1414/1470
f 1181/1418/1471 1177/1419/1471 1178/1420/1472
f 1178/1420/1473 1179/1421/1474 1198/1422/1474
f 1183/1423/1475 1180/1424/1476 1181/1418/1476
f 1176/1414/1477 1182/1425/1478 1185/1426/1478
f 1186/1427/1479 1182/1428/1480 1183/1423/1480
f 1185/1426/1481 1184/1429/1482 1165/1404/1482
f 1168/1408/1483 1185/1426/1484 1165/1404/1483
f 1188/1430/1485 1184/1431/1485 1186/1427/1485
f 1183/1423/1486 1187/1432/1487 1186/1427/1487
f 1186/1427/1488 1189/1433/1489 1188/1430/1490
f 1156/1393/1491 1189/1433/1492 1153/1388/1492
f 1188/1430/1493 1159/1394/1493 1166/1434/1494
f 1189/1433/1495 1150/1382/1496 1153/1388/1497
f 1191/1371/1498 1189/1433/1498 1187/1432/1498
f 1190/1435/1499 1145/1436/1500 1150/1382/1500
f 1190/1435/1501 1139/1372/1502 1143/1437/1501
f 1138/1368/1503 1187/1432/1504 1192/1438/1505
f 1181/1418/1506 1192/1438/1507 1183/1423/1508
f 1136/1366/1509 1192/1438/1510 1193/1439/1509
f 1133/1363/1511 1193/1439/1511 1194/1440/1512
f 1178/1420/1513 1193/1439/1513 1181/1418/1513
f 1198/1422/1514 1194/1440/1514 1178/1420/1514
f 1196/1441/1515 1194/1440/1516 1195/1442/1515
f 1288/1443/1517 1195/1442/1517 1197/1444/1517
f 1199/1445/1518 1195/1442/1518 1198/1422/1518
f 1199/1445/1519 1179/1421/1520 1201/1446/1519
f 1200/1447/1521 1201/1446/1522 1202/1448/1521
f 1290/1449/1523 1199/1445/1524 1200/1447/1524
f 1201/1450/1525 1175/1415/1525 1203/1451/1526
f 1202/1452/1527 1203/1451/1527 1204/1453/1527
f 1203/1451/1528 1173/1412/1528 1205/1454/1528
f 1204/1453/1529 1205/1454/1529 1206/1455/1529
f 1205/1454/1530 1170/1409/1531 1207/1456/1531
f 1206/1455/1532 1207/1456/1533 1209/1457/1534
f 1170/1409/1535 1208/1458/1535 1207/1456/1535
f 1207/1456/1536 1210/1459/1537 1209/1457/1538
f 1209/1457/1539 1213/1460/1540 1211/1461/1541
f 1214/1462/1542 1209/1457/1543 1211/1461/1544
f 1211/1461/1545 1263/1463/1546 1212/1464/1546
f 1215/1465/1547 1211/1461/1548 1212/1464/1547
f 1217/1466/1549 1214/1462/1549 1215/1465/1550
f 1216/1467/1551 1206/1455/1551 1214/1462/1552
f 1220/1468/1553 1216/1467/1553 1217/1466/1553
f 1218/1469/1554 1204/1453/1555 1216/1467/1555
f 1219/1470/1556 1202/1448/1557 1218/1471/1556
f 1219/1470/1558 1220/1472/1559 1221/1473/1559
f 1221/1473/1560 1222/1474/1561 1223/1475/1562
f 1225/1476/1563 1220/1468/1563 1217/1466/1563
f 1223/1475/1564 1224/1477/1565 1294/1478/1566
f 1226/1479/1567 1222/1480/1568 1225/1476/1568
f 1225/1476/1569 1215/1465/1569 1226/1479/1569
f 1226/1479/1570 1212/1464/1570 1227/1481/1570
f 1227/1481/1571 1224/1482/1572 1226/1479/1573
f 1212/1464/1574 1228/1483/1574 1227/1481/1574
f 1227/1481/1575 1231/1484/1576 1229/1485/1576
f 1232/1486/1577 1229/1487/1578 1231/1488/1577
f 1294/1478/1579 1229/1487/1580 1230/1489/1580
f 1234/1490/1581 1231/1488/1582 1233/1491/1583
f 1228/1483/1584 1233/1492/1585 1231/1484/1586
f 1237/1493/1587 1233/1491/1588 1236/1494/1587
f 1235/1495/1589 1236/1496/1589 1233/1492/1589
f 1240/1497/1590 1236/1494/1591 1239/1498/1590
f 1241/1499/1592 1236/1496/1593 1238/1500/1593
f 1240/1497/1594 1242/1501/1595 1243/1502/1595
f 1244/1503/1596 1239/1504/1596 1241/1499/1596
f 1243/1502/1597 1245/1505/1598 1246/1506/1599
f 1247/1507/1600 1242/1508/1600 1244/1503/1600
f 1246/1506/1601 1248/1509/1602 1249/1510/1603
f 1250/1511/1604 1245/1512/1605 1247/1507/1606
f 1252/1513/1607 1248/1509/1608 1251/1514/1607
f 1250/1511/1609 1251/1515/1609 1248/1516/1610
f 1155/1389/1611 1251/1514/1611 1158/1391/1611
f 1253/1517/1612 1158/1397/1612 1251/1515/1612
f 1171/1407/1613 1161/1395/1613 1253/1517/1613
f 1262/1410/1614 1253/1517/1614 1250/1511/1615
f 1249/1510/1616 1254/1518/1617 1255/1519/1616
f 1252/1513/1618 1152/1387/1618 1254/1518/1618
f 1254/1518/1619 1116/1344/1620 1255/1519/1619
f 1152/1387/1621 1118/1343/1622 1254/1518/1623
f 1246/1506/1624 1255/1519/1625 1256/1520/1625
f 1255/1519/1626 1113/1338/1626 1256/1520/1626
f 1246/1506/1627 1257/1521/1628 1243/1502/1629
f 1257/1521/1630 1113/1338/1631 1258/1341/1632
f 1259/1522/1633 1258/1341/1634 1260/1313/1633
f 1243/1502/1635 1259/1522/1636 1240/1497/1637
f 1261/1303/1638 1260/1313/1639 1088/1306/1638
f 1240/1497/1640 1261/1303/1641 1237/1493/1641
f 1234/1490/1642 1261/1303/1642 1086/1300/1642
f 1260/1313/1643 1114/1342/1644 1093/1523/1645
f 1262/1410/1646 1247/1507/1646 1208/1458/1647
f 1208/1458/1648 1244/1503/1649 1210/1459/1650
f 1210/1459/1651 1241/1499/1651 1213/1460/1651
f 1213/1460/1652 1238/1500/1652 1263/1463/1652
f 1263/1463/1653 1235/1495/1654 1228/1483/1654
f 1232/1486/1655 1086/1300/1656 1264/1302/1655
f 1230/1489/1657 1264/1302/1658 1265/1524/1658
f 1264/1302/1659 1267/1525/1659 1265/1524/1659
f 1230/1489/1660 1266/1526/1661 1294/1478/1660
f 1267/1525/1662 1266/1526/1662 1265/1524/1662
f 1268/1527/1663 1269/1528/1664 1270/1529/1663
f 1087/1301/1665 1269/1528/1666 1267/1525/1666
f 1271/1530/1667 1270/1531/1667 1269/1532/1667
f 1091/1310/1668 1271/1530/1669 1269/1532/1668
f 1272/1533/1670 1101/1324/1671 1274/1325/1670
f 1273/1309/1672 1101/1324/1672 1271/1530/1672
f 1275/1534/1673 1274/1325/1674 1276/1535/1674
f 1272/1533/1675 1277/1536/1675 1270/1531/1675
f 1275/1534/1676 1279/1537/1677 1277/1536/1676
f 1278/1538/1678 1270/1529/1679 1277/1539/1680
f 1280/1540/1681 1277/1539/1681 1279/1541/1681
f 1282/1542/1682 1279/1541/1682 1281/1543/1683
f 1279/1537/1684 1284/1544/1684 1281/1545/1684
f 1282/1542/1685 1283/1546/1686 1289/1547/1686
f 1281/1545/1687 1285/1548/1687 1283/1549/1687
f 1276/1535/1688 1102/1326/1689 1284/1544/1689
f 1284/1544/1690 1104/1327/1690 1285/1548/1690
f 1283/1549/1691 1286/1550/1692 1287/1551/1692
f 1285/1548/1693 1107/1329/1694 1286/1550/1695
f 1287/1551/1696 1130/1358/1696 1134/1361/1696
f 1286/1550/1697 1127/1331/1698 1130/1358/1697
f 1288/1443/1699 1134/1364/1700 1196/1441/1700
f 1289/1547/1701 1287/1552/1702 1288/1443/1702
f 1290/1449/1703 1288/1443/1704 1197/1444/1705
f 1291/1553/1706 1289/1547/1706 1290/1449/1706
f 1291/1553/1707 1200/1447/1707 1219/1470/1707
f 1292/1554/1708 1219/1470/1708 1221/1473/1708
f 1292/1554/1709 1282/1542/1710 1291/1553/1710
f 1278/1538/1711 1292/1554/1711 1293/1555/1711
f 1223/1475/1712 1292/1554/1712 1221/1473/1712
f 1268/1527/1713 1293/1555/1713 1266/1526/1713
f 1294/1478/1714 1293/1555/1714 1223/1475/1715
f 1296/1556/1716 1297/1557/1717 1295/1558/1718
f 1298/1559/1719 1296/1556/1720 1295/1558/1721
f 1300/1560/1722 1295/1558/1722 1297/1557/1722
f 1300/1560/1723 1299/1561/1724 1298/1559/1724
f 1298/1559/1725 1303/1562/1726 1301/1563/1727
f 1296/1564/1720 1302/1565/1728 1511/1566/1719
f 1301/1567/1727 1304/1568/1729 1302/1565/1730
f 1303/1569/1731 1306/1570/1732 1304/1568/1733
f 1307/1571/1734 1303/1562/1731 1299/1561/1735
f 1308/1572/1736 1306/1570/1737 1305/1573/1738
f 1307/1571/1738 1308/1574/1736 1305/1575/1738
f 1311/1576/1739 1309/1577/1740 1308/1572/1741
f 1310/1578/1742 1311/1579/1739 1308/1574/1741
f 1311/1576/1743 1315/1580/1743 1312/1581/1744
f 1316/1582/1745 1311/1579/1743 1313/1583/1746
f 1317/1584/1747 1315/1580/1747 1314/1585/1748
f 1319/1586/1749 1314/1587/1748 1316/1582/1750
f 1320/1588/1751 1318/1589/1752 1317/1584/1753
f 1319/1586/1754 1320/1590/1751 1317/1591/1753
f 1320/1588/1755 1324/1592/1756 1321/1593/1757
f 1325/1594/1758 1320/1590/1755 1322/1595/1759
f 1323/1596/1760 1327/1597/1761 1324/1592/1762
f 1328/1598/1761 1323/1599/1760 1325/1594/1760
f 1329/1600/1763 1327/1597/1764 1326/1601/1765
f 1328/1598/1766 1329/1602/1763 1326/1603/1765
f 1329/1600/1767 1333/1604/1768 1330/1605/1769
f 1334/1606/1770 1329/1602/1767 1331/1607/1771
f 1332/1608/1772 1336/1609/1773 1333/1604/1774
f 1337/1610/1775 1332/1611/1772 1334/1606/1776
f 1338/1612/1777 1336/1609/1778 1335/1613/1779
f 1337/1610/1778 1338/1614/1777 1335/1615/1779
f 1338/1612/1780 1342/1616/1781 1339/1617/1782
f 1343/1618/1783 1338/1614/1780 1340/1619/1784
f 1344/1620/1785 1342/1616/1786 1341/1621/1787
f 1343/1618/1788 1344/1622/1785 1341/1623/1787
f 1347/1624/1789 1345/1625/1790 1344/1620/1791
f 1349/1626/1792 1344/1622/1791 1346/1627/1793
f 1350/1628/1794 1348/1629/1795 1347/1624/1796
f 1349/1626/1797 1350/1630/1794 1347/1631/1796
f 1350/1628/1798 1354/1632/1799 1351/1633/1800
f 1355/1634/1799 1350/1630/1798 1352/1635/1801
f 1356/1636/1802 1354/1632/1803 1353/1637/1804
f 1355/1634/1805 1356/1638/1802 1353/1639/1804
f 1359/1640/1806 1357/1641/1807 1356/1636/1808
f 1358/1642/1806 1359/1643/1806 1356/1638/1808
f 1359/1640/1806 1363/1644/1809 1360/1645/1810
f 1361/1646/1808 1362/1647/1811 1359/1643/1806
f 1362/1648/1811 1366/1649/1812 1363/1644/1809
f 1364/1650/1813 1365/1651/1814 1362/1647/1811
f 1368/1652/1815 1366/1649/1816 1365/1653/1817
f 1367/1654/1818 1368/1655/1815 1365/1651/1817
f 1368/1652/1819 1372/1656/1820 1369/1657/1821
f 1373/1658/1822 1368/1655/1819 1370/1659/1823
f 1374/1660/1824 1372/1656/1825 1371/1661/1826
f 1376/1662/1827 1371/1663/1826 1373/1658/1828
f 1377/1664/1829 1375/1665/1830 1374/1660/1831
f 1376/1662/1832 1377/1666/1829 1374/1667/1831
f 1377/1664/1833 1381/1668/1834 1378/1669/1835
f 1379/1670/1836 1380/1671/1833 1377/1666/1833
f 1380/1672/1837 1384/1673/1838 1381/1668/1839
f 1382/1674/1840 1383/1675/1841 1380/1671/1837
f 1386/1676/1842 1384/1673/1843 1383/1677/1844
f 1388/1678/1845 1383/1675/1844 1385/1679/1845
f 1389/1680/1846 1387/1681/1847 1386/1676/1848
f 1391/1682/1849 1386/1683/1848 1388/1678/1850
f 1390/1684/1851 1392/1685/1852 1394/1686/1853
f 1392/1687/1852 1391/1682/1854 1393/1688/1855
f 1395/1689/1856 1393/1688/1855 1396/1690/1857
f 1394/1686/1853 1395/1691/1856 1397/1692/1858
f 1395/1689/1856 1399/1693/1859 1398/1694/1860
f 1400/1695/1861 1395/1691/1856 1398/1696/1860
f 1398/1694/1860 1402/1697/1862 1401/1698/1855
f 1403/1699/1853 1398/1696/1860 1401/1700/1855
f 1401/1698/1863 1405/1701/1864 1404/1702/1865
f 1403/1699/1864 1404/1703/1865 1406/1704/1866
f 1404/1702/1867 1408/1705/1868 1407/1706/1867
f 1406/1704/1869 1407/1707/1867 1409/1708/1870
f 1407/1706/1871 1411/1709/1872 1410/1710/1873
f 1412/1711/1874 1407/1707/1871 1410/1712/1873
f 1413/1713/1875 1411/1709/1876 1414/1714/1877
f 1415/1715/1878 1410/1712/1879 1413/1716/1875
f 1416/1717/1880 1414/1714/1881 1417/1718/1880
f 1415/1715/1882 1416/1719/1880 1418/1720/1883
f 1416/1717/1884 1420/1721/1885 1419/1722/1886
f 1421/1723/1887 1416/1719/1884 1419/1724/1886
f 1419/1722/1888 1423/1725/1889 1422/1726/1890
f 1424/1727/1891 1419/1724/1888 1422/1728/1890
f 1422/1726/1890 1426/1729/1892 1425/1730/1893
f 1427/1731/1894 1422/1728/1890 1425/1732/1893
f 1425/1730/1895 1429/1733/1896 1428/1734/1897
f 1430/1735/1898 1425/1732/1895 1428/1736/1897
f 1428/1734/1899 1432/1737/1900 1431/1738/1901
f 1433/1739/1899 1428/1736/1899 1431/1740/1901
f 1434/1741/1902 1432/1737/1903 1435/1742/1904
f 1436/1743/1905 1431/1740/1906 1434/1744/1902
f 1437/1745/1907 1435/1742/1908 1438/1746/1909
f 1436/1743/1910 1437/1747/1907 1439/1748/1911
f 1437/1745/1912 1441/1749/1913 1440/1750/1914
f 1442/1751/1915 1437/1747/1912 1440/1752/1914
f 1443/1753/1916 1441/1749/1917 1444/1754/1918
f 1442/1751/1919 1443/1755/1916 1445/1756/1920
f 1446/1757/1921 1444/1754/1922 1447/1758/1923
f 1445/1756/1924 1446/1759/1921 1448/1760/1925
f 1449/1761/1926 1447/1758/1927 1450/1762/1928
f 1448/1760/1929 1449/1763/1926 1451/1764/1930
f 1449/1761/1931 1453/1765/1932 1452/1766/1933
f 1454/1767/1934 1449/1763/1931 1452/1768/1933
f 1455/1769/1935 1453/1765/1936 1456/1770/1937
f 1454/1767/1938 1455/1771/1935 1457/1772/1939
f 1455/1769/1940 1459/1773/1941 1458/1774/1942
f 1460/1775/1943 1455/1771/1940 1458/1776/1942
f 1458/1774/1944 1462/1777/1945 1461/1778/1946
f 1463/1779/1947 1458/1776/1944 1461/1780/1946
f 1461/1778/1948 1465/1781/1949 1464/1782/1950
f 1466/1783/1951 1461/1780/1948 1464/1784/1950
f 1467/1785/1952 1465/1781/1953 1468/1786/1954
f 1469/1787/1955 1464/1784/1956 1467/1788/1952
f 1470/1789/1957 1468/1786/1958 1471/1790/1959
f 1469/1787/1960 1470/1791/1957 1472/1792/1961
f 1470/1789/1962 1474/1793/1963 1473/1794/1964
f 1475/1795/1965 1470/1791/1962 1473/1796/1964
f 1473/1794/1966 1477/1797/1967 1476/1798/1968
f 1478/1799/1969 1473/1796/1966 1476/1800/1968
f 1479/1801/1970 1477/1797/1971 1480/1802/1972
f 1478/1799/1973 1479/1803/1970 1481/1804/1974
f 1482/1805/1975 1480/1802/1976 1483/1806/1977
f 1481/1804/1978 1482/1807/1975 1484/1808/1979
f 1482/1805/1980 1486/1809/1981 1485/1810/1981
f 1487/1811/1982 1482/1807/1980 1485/1812/1981
f 1488/1813/1983 1486/1809/1984 1489/1814/1985
f 1487/1811/1986 1488/1815/1983 1490/1816/1987
f 1488/1813/1988 1492/1817/1989 1491/1818/1990
f 1493/1819/1991 1488/1815/1988 1491/1820/1990
f 1494/1821/1992 1492/1817/1993 1496/1822/1994
f 1495/1823/1982 1491/1820/1995 1494/1824/1992
f 1495/1823/1996 1497/1825/1997 1499/1826/1998
f 1494/1821/1999 1498/1827/2000 1497/1828/1997
f 1498/1827/2001 1500/1829/2002 1497/1828/2003
f 1497/1825/2003 1502/1830/2004 1499/1826/2005
f 1503/1831/2006 1501/1832/2007 1504/1833/2008
f 1502/1830/2009 1503/1834/2006 1505/1835/2010
f 1503/1831/2006 1507/1836/2006 1506/1837/2011
f 1508/1838/2012 1503/1834/2006 1506/1839/2011
f 1509/1840/2013 1507/1836/2014 1297/1557/2015
f 1510/1841/2016 1506/1839/2017 1509/1842/2013
f 1511/1566/2018 1509/1842/2019 1296/1564/1716
f 1511/1566/2020 1513/1843/2021 1510/1841/2020
f 1510/1841/2022 1515/1844/2023 1512/1845/2022
f 1512/1845/2024 1508/1838/2025 1510/1841/2024
f 1513/1843/2026 1516/1846/2027 1515/1844/2027
f 1304/1568/2028 1513/1843/2029 1302/1565/2029
f 1515/1844/2030 1499/1826/2031 1512/1845/2031
f 1516/1846/2032 1517/1847/2033 1515/1844/2034
f 1517/1847/2035 1495/1823/2036 1499/1826/2036
f 1517/1847/2037 1490/1816/2038 1493/1819/2038
f 1521/1848/2039 1518/1849/2040 1516/1846/2039
f 1519/1850/2041 1490/1816/2042 1518/1849/2042
f 1520/1851/2043 1487/1811/2043 1519/1850/2044
f 1522/1852/2045 1519/1850/2046 1521/1848/2047
f 1523/1853/2048 1522/1852/2049 1521/1848/2048
f 1514/1854/2050 1521/1848/2051 1516/1846/2050
f 1309/1577/2052 1523/1853/2052 1306/1570/2052
f 1304/1568/2053 1523/1853/2054 1514/1854/2054
f 1309/1577/2055 1525/1855/2055 1524/1856/2055
f 1524/1856/2056 1527/1857/2057 1522/1852/2058
f 1315/1580/2059 1525/1855/2059 1312/1581/2059
f 1525/1855/2060 1528/1858/2061 1527/1857/2057
f 1527/1857/2062 1520/1851/2063 1522/1852/2064
f 1528/1858/2065 1529/1859/2066 1527/1857/2062
f 1529/1859/2067 1484/1808/2068 1520/1851/2069
f 1530/1860/2070 1481/1804/2071 1529/1859/2072
f 1533/1861/2073 1530/1860/2074 1528/1858/2065
f 1531/1862/2075 1478/1799/2076 1530/1860/2077
f 1534/1863/2078 1531/1862/2079 1533/1861/2080
f 1532/1864/2081 1475/1795/2082 1531/1862/2081
f 1535/1865/2083 1534/1863/2084 1533/1861/2085
f 1526/1866/2086 1533/1861/2087 1528/1858/2061
f 1321/1593/2088 1535/1865/2089 1318/1589/2090
f 1315/1580/2091 1535/1865/2092 1526/1866/2092
f 1536/1867/2093 1539/1868/2094 1534/1863/2084
f 1321/1593/2095 1537/1869/2096 1536/1867/2097
f 1537/1869/2098 1540/1870/2099 1539/1868/2098
f 1327/1597/2100 1537/1869/2101 1324/1592/2102
f 1540/1870/2103 1541/1871/2104 1539/1868/2105
f 1539/1868/2106 1532/1864/2107 1534/1863/2078
f 1542/1872/2108 1469/1787/2109 1541/1871/2110
f 1541/1871/2111 1472/1792/2111 1532/1864/2111
f 1542/1872/2108 1463/1779/2112 1466/1783/2113
f 1544/1873/2114 1542/1872/2115 1540/1870/2103
f 1545/1874/2116 1463/1779/2117 1543/1875/2118
f 1544/1873/2119 1545/1874/2120 1543/1875/2120
f 1547/1876/2121 1546/1877/2121 1545/1874/2122
f 1546/1877/2123 1460/1775/2124 1545/1874/2124
f 1549/1878/2125 1544/1873/2126 1550/1879/2125
f 1551/1880/2127 1547/1876/2128 1549/1878/2127
f 1330/1605/2129 1549/1878/2130 1550/1879/2131
f 1333/1604/2132 1551/1880/2133 1549/1878/2134
f 1552/1881/2135 1548/1882/2136 1551/1880/2136
f 1339/1617/2137 1551/1880/2138 1336/1609/2137
f 1553/1883/2139 1554/1884/2140 1552/1881/2135
f 1339/1617/2141 1553/1883/2142 1552/1881/2143
f 1554/1884/2144 1557/1885/2145 1556/1886/2146
f 1548/1882/2147 1556/1886/2146 1546/1877/2148
f 1557/1885/2149 1454/1767/2150 1556/1886/2151
f 1546/1877/2152 1454/1767/2153 1457/1772/2154
f 1557/1885/2155 1448/1760/2156 1451/1764/2156
f 1555/1887/2157 1558/1888/2158 1557/1885/2159
f 1558/1888/2160 1445/1756/2160 1448/1760/2161
f 1559/1889/2162 1560/1890/2163 1558/1888/2158
f 1562/1891/2164 1561/1892/2165 1560/1890/2166
f 1560/1890/2167 1442/1751/2168 1445/1756/2167
f 1564/1893/2169 1559/1889/2170 1565/1894/2171
f 1566/1895/2172 1562/1891/2173 1564/1893/2174
f 1345/1625/2175 1564/1893/2176 1565/1894/2176
f 1351/1633/2177 1564/1893/2178 1348/1629/2179
f 1567/1896/2180 1563/1897/2181 1566/1895/2172
f 1351/1633/2182 1567/1896/2182 1566/1895/2183
f 1568/1898/2184 1569/1899/2185 1567/1896/2184
f 1354/1632/2186 1568/1898/2187 1567/1896/2186
f 1569/1899/2188 1572/1900/2188 1571/1901/2188
f 1563/1897/2189 1571/1901/2190 1561/1892/2165
f 1571/1901/2191 1436/1743/2192 1439/1748/2192
f 1571/1901/2193 1442/1751/2194 1561/1892/2195
f 1570/1902/2196 1573/1903/2197 1572/1900/2197
f 1573/1903/2198 1436/1743/2198 1572/1900/2199
f 1573/1903/2200 1430/1735/2200 1433/1739/2201
f 1575/1904/2202 1574/1905/2203 1573/1903/2204
f 1578/1906/2205 1575/1904/2206 1577/1907/2207
f 1577/1907/2208 1570/1902/2209 1568/1898/2208
f 1360/1645/2210 1578/1906/2210 1577/1907/2210
f 1357/1641/2211 1577/1907/2212 1568/1898/2212
f 1366/1649/2213 1578/1906/2213 1363/1644/2213
f 1579/1908/2214 1576/1909/2215 1578/1906/2205
f 1369/1657/2216 1579/1908/2217 1366/1649/2216
f 1579/1908/2218 1582/1910/2219 1581/1911/2219
f 1581/1911/2220 1574/1905/2203 1576/1909/2221
f 1581/1911/2222 1584/1912/2223 1583/1913/2223
f 1574/1905/2224 1427/1731/2225 1430/1735/2226
f 1583/1913/2227 1424/1727/2228 1427/1731/2228
f 1587/1914/2229 1584/1912/2229 1582/1910/2229
f 1584/1912/2230 1421/1723/2231 1424/1727/2232
f 1587/1914/2233 1586/1915/2234 1585/1916/2234
f 1585/1916/2235 1418/1720/2236 1421/1723/2237
f 1590/1917/2238 1587/1914/2239 1589/1918/2238
f 1589/1918/2240 1582/1910/2241 1580/1919/2240
f 1375/1665/2242 1589/1918/2243 1372/1656/2242
f 1369/1657/2244 1589/1918/2245 1580/1919/2246
f 1591/1920/2247 1588/1921/2248 1590/1917/2249
f 1378/1669/2250 1590/1917/2251 1375/1665/2250
f 1592/1922/2252 1593/1923/2253 1591/1920/2254
f 1381/1668/2255 1591/1920/2255 1378/1669/2256
f 1594/1924/2257 1595/1925/2258 1593/1923/2257
f 1588/1921/2259 1595/1925/2260 1586/1915/2260
f 1595/1925/2261 1412/1711/2262 1415/1715/2263
f 1595/1925/2264 1418/1720/2264 1586/1915/2265
f 1594/1924/2266 1597/1926/2267 1596/1927/2267
f 1596/1927/2268 1409/1708/2269 1412/1711/2269
f 1597/1926/2270 1406/1704/2270 1409/1708/2270
f 1600/1928/2271 1597/1926/2271 1599/1929/2272
f 1602/1930/2273 1599/1929/2274 1601/1931/2273
f 1601/1931/2275 1594/1924/2276 1592/1922/2277
f 1387/1681/2278 1601/1931/2278 1384/1673/2278
f 1381/1668/2279 1601/1931/2280 1592/1922/2281
f 1390/1684/2282 1602/1930/2282 1387/1681/2282
f 1394/1686/2283 1600/1928/2284 1602/1930/2285
f 1600/1928/2286 1400/1695/2287 1598/1932/2287
f 1598/1932/2288 1403/1699/2288 1406/1704/2289
f 1342/1616/2290 1565/1894/2291 1553/1883/2290
f 1565/1894/2171 1555/1887/2292 1553/1883/2293
f 1330/1605/2294 1538/1933/2295 1327/1597/2294
f 1538/1933/2296 1544/1873/2297 1540/1870/2099
f 1512/1845/2298 1502/1830/2299 1505/1835/2299
f 1603/1934/2300 1507/1836/2301 1504/1833/2301
f 1603/1934/2302 1501/1832/2303 1498/1827/2302
f 1604/1935/2304 1297/1557/2305 1603/1934/2306
f 1498/1827/2307 1604/1935/2308 1603/1934/2307
f 1605/1936/2309 1300/1560/2310 1604/1935/2309
f 1606/1937/2311 1605/1936/2312 1604/1935/2312
f 1496/1822/2313 1606/1937/2313 1498/1827/2314
f 1489/1814/2315 1606/1937/2316 1492/1817/2317
f 1607/1938/2318 1610/1939/2318 1605/1936/2318
f 1489/1814/2319 1608/1940/2320 1607/1938/2321
f 1486/1809/2322 1609/1941/2323 1608/1940/2324
f 1608/1940/2325 1611/1942/2326 1610/1939/2325
f 1611/1942/2327 1612/1943/2328 1610/1939/2327
f 1610/1939/2329 1614/1944/2330 1605/1936/2329
f 1612/1943/2331 1310/1578/2331 1307/1571/2331
f 1612/1943/2332 1299/1561/2333 1614/1944/2334
f 1615/1945/2335 1310/1578/2335 1613/1946/2335
f 1617/1947/2336 1613/1946/2337 1611/1942/2338
f 1615/1945/2339 1316/1582/2339 1313/1583/2339
f 1618/1948/2340 1615/1945/2341 1617/1947/2336
f 1609/1941/2342 1617/1947/2343 1611/1942/2342
f 1619/1949/2343 1618/1948/2344 1617/1947/2343
f 1483/1806/2345 1619/1949/2346 1609/1941/2347
f 1480/1802/2348 1620/1950/2349 1619/1949/2349
f 1620/1950/2350 1623/1951/2351 1618/1948/2344
f 1477/1797/2352 1621/1952/2352 1620/1950/2353
f 1621/1952/2354 1624/1953/2355 1623/1951/2354
f 1474/1793/2356 1622/1954/2357 1621/1952/2358
f 1624/1953/2359 1625/1955/2360 1623/1951/2361
f 1623/1951/2362 1616/1956/2340 1618/1948/2340
f 1625/1955/2363 1322/1595/2364 1319/1586/2364
f 1625/1955/2365 1316/1582/2365 1616/1956/2366
f 1629/1957/2367 1626/1958/2368 1624/1953/2359
f 1627/1959/2369 1322/1595/2370 1626/1958/2369
f 1630/1960/2371 1627/1959/2372 1629/1957/2372
f 1627/1959/2373 1328/1598/2373 1325/1594/2374
f 1631/1961/2375 1630/1960/2376 1629/1957/2377
f 1622/1954/2378 1629/1957/2379 1624/1953/2355
f 1468/1786/2380 1632/1962/2381 1631/1961/2380
f 1471/1790/2382 1631/1961/2383 1622/1954/2384
f 1462/1777/2385 1632/1962/2381 1465/1781/2386
f 1632/1962/2387 1634/1963/2388 1630/1960/2376
f 1462/1777/2389 1635/1964/2390 1633/1965/2390
f 1635/1964/2391 1634/1963/2392 1633/1965/2391
f 1636/1966/2393 1637/1967/2394 1635/1964/2395
f 1459/1773/2396 1636/1966/2397 1635/1964/2396
f 1634/1963/2398 1639/1968/2399 1640/1969/2399
f 1637/1967/2400 1641/1970/2401 1639/1968/2402
f 1639/1968/2403 1331/1607/2404 1640/1969/2403
f 1641/1970/2405 1334/1606/2406 1639/1968/2407
f 1638/1971/2408 1642/1972/2409 1641/1970/2410
f 1641/1970/2411 1340/1619/2412 1337/1610/2413
f 1644/1973/2414 1643/1974/2415 1642/1972/2409
f 1643/1974/2416 1340/1619/2417 1642/1972/2416
f 1647/1975/2418 1644/1973/2419 1646/1976/2420
f 1646/1976/2420 1638/1971/2421 1636/1966/2422
f 1453/1765/2423 1647/1975/2424 1646/1976/2425
f 1453/1765/2426 1636/1966/2427 1456/1770/2426
f 1447/1758/2428 1647/1975/2429 1450/1762/2428
f 1648/1977/2430 1645/1978/2431 1647/1975/2432
f 1444/1754/2433 1648/1977/2433 1447/1758/2433
f 1650/1979/2434 1649/1980/2435 1648/1977/2430
f 1651/1981/2436 1652/1982/2437 1650/1979/2438
f 1441/1749/2439 1650/1979/2440 1444/1754/2441
f 1649/1980/2442 1654/1983/2443 1655/1984/2444
f 1652/1982/2445 1656/1985/2446 1654/1983/2447
f 1654/1983/2448 1346/1627/2449 1655/1984/2448
f 1654/1983/2450 1352/1635/2451 1349/1626/2451
f 1653/1986/2452 1657/1987/2453 1656/1985/2446
f 1657/1987/2454 1352/1635/2455 1656/1985/2456
f 1659/1988/2457 1658/1989/2458 1657/1987/2459
f 1658/1989/2460 1355/1634/2461 1657/1987/2462
f 1662/1990/2463 1659/1988/2464 1661/1991/2463
f 1661/1991/2465 1653/1986/2466 1651/1981/2436
f 1435/1742/2467 1661/1991/2468 1438/1746/2468
f 1441/1749/2469 1661/1991/2470 1651/1981/2471
f 1663/1992/2472 1660/1993/2473 1662/1990/2472
f 1435/1742/2474 1663/1992/2475 1662/1990/2475
f 1429/1733/2476 1663/1992/2476 1432/1737/2476
f 1664/1994/2477 1665/1995/2478 1663/1992/2478
f 1665/1995/2479 1668/1996/2480 1667/1997/2481
f 1660/1993/2482 1667/1997/2482 1658/1989/2482
f 1668/1996/2483 1361/1646/2484 1667/1997/2484
f 1667/1997/2485 1358/1642/2486 1658/1989/2485
f 1668/1996/2487 1367/1654/2488 1364/1650/2488
f 1666/1998/2489 1669/1999/2490 1668/1996/2480
f 1669/1999/2491 1370/1659/2492 1367/1654/2492
f 1672/2000/2493 1669/1999/2494 1671/2001/2493
f 1664/1994/2477 1671/2001/2495 1666/1998/2496
f 1674/2002/2497 1671/2001/2498 1673/2003/2497
f 1426/1729/2499 1664/1994/2499 1429/1733/2499
f 1423/1725/2500 1673/2003/2501 1426/1729/2500
f 1674/2002/2502 1677/2004/2503 1672/2000/2503
f 1420/1721/2504 1674/2002/2505 1423/1725/2504
f 1676/2005/2506 1677/2004/2507 1675/2006/2506
f 1417/1718/2508 1675/2006/2509 1420/1721/2508
f 1677/2004/2510 1680/2007/2511 1679/2008/2511
f 1672/2000/2512 1679/2008/2513 1670/2009/2513
f 1679/2008/2514 1376/1662/2515 1373/1658/2515
f 1679/2008/2516 1370/1659/2517 1670/2009/2516
f 1678/2010/2518 1681/2011/2519 1680/2007/2520
f 1680/2007/2521 1379/1670/2522 1376/1662/2523
f 1683/2012/2524 1682/2013/2524 1681/2011/2525
f 1681/2011/2526 1382/1674/2527 1379/1670/2526
f 1685/2014/2528 1684/2015/2529 1683/2012/2529
f 1685/2014/2530 1678/2010/2531 1676/2005/2532
f 1411/1709/2533 1685/2014/2534 1414/1714/2533
f 1417/1718/2535 1685/2014/2536 1676/2005/2536
f 1687/2016/2537 1684/2015/2538 1686/2017/2537
f 1408/1705/2539 1686/2017/2539 1411/1709/2539
f 1405/1701/2540 1687/2016/2540 1408/1705/2540
f 1687/2016/2541 1690/2018/2541 1689/2019/2542
f 1689/2019/2543 1692/2020/2543 1691/2021/2543
f 1684/2015/2544 1691/2021/2545 1682/2013/2545
f 1691/2021/2546 1388/1678/2546 1385/1679/2546
f 1691/2021/2547 1382/1674/2547 1682/2013/2548
f 1692/2020/2549 1391/1682/2550 1388/1678/2551
f 1690/2018/2552 1393/1688/2553 1692/2020/2554
f 1399/1693/2555 1690/2018/2556 1688/2022/2555
f 1402/1697/2557 1688/2022/2557 1405/1701/2557
f 1655/1984/2558 1343/1618/2558 1643/1974/2558
f 1645/1978/2559 1655/1984/2444 1643/1974/2560
f 1628/2023/2561 1331/1607/2562 1328/1598/2563
f 1634/1963/2564 1628/2023/2565 1630/1960/2371
f 1693/2024/2566 1698/2025/2566 1697/2026/2566
f 1695/2027/2567 1694/2028/2567 1693/2024/2567
f 1695/2027/3 1696/2029/3 1859/2030/3
f 1697/2026/3 1696/2029/3 1693/2024/3
f 1697/2026/2568 1701/2031/2568 1700/2032/2568
f 1700/2032/3 1699/2033/3 1697/2026/3
f 1700/2032/2569 1884/2034/2569 1702/2035/2569
f 1700/2032/3 1704/2036/3 1703/2037/3
f 1706/2038/2570 1703/2039/2570 1704/2040/2570
f 1705/2041/2571 1699/2042/2571 1703/2039/2571
f 1708/2043/8 1706/2044/8 1711/2045/8
f 1708/2043/8 1707/2046/8 1705/2047/8
f 1708/2043/2568 1872/2048/2568 1709/2049/2568
f 1711/2045/2569 1710/2050/2569 1708/2043/2569
f 1713/2051/2572 1712/2052/2572 1711/2045/2572
f 1713/2051/8 1706/2044/8 1715/2053/8
f 1714/2054/2573 1716/2055/2573 1713/2051/2573
f 1713/2051/8 1725/2056/8 1714/2054/8
f 1821/2057/8 1873/2058/8 1852/2059/8
f 1720/2060/2574 1717/2061/2574 1714/2054/2574
f 1721/2062/2575 1718/2063/2575 1720/2060/2575
f 1721/2062/8 1722/2064/8 1723/2065/8
f 1720/2060/8 1725/2056/8 1722/2064/8
f 1723/2066/2576 1724/2067/2576 1735/2068/2576
f 1722/2069/2577 1726/2070/2577 1724/2067/2577
f 1725/2071/2578 1727/2072/2578 1726/2070/2578
f 1731/2073/3 1726/2074/3 1728/2075/3
f 1729/2076/3 1726/2074/3 1727/2077/3
f 1729/2076/2573 1730/2075/2573 1728/2075/2573
f 1728/2075/2574 1732/2078/2574 1731/2073/2574
f 1731/2073/2575 1734/2079/2575 1733/2080/2575
f 1733/2080/3 1724/2081/3 1731/2073/3
f 1733/2080/2579 1737/2082/2579 1736/2083/2579
f 1736/2083/3 1735/2084/3 1733/2080/3
f 1736/2083/2580 1740/2085/2580 1739/2086/2580
f 1736/2083/3 1741/2087/3 1738/2088/3
f 1739/2086/2581 1743/2089/2581 1742/2090/2581
f 1742/2090/3 1741/2087/3 1739/2086/3
f 1742/2090/2582 1882/2091/2583 1744/2091/2583
f 1744/2091/3 1745/2092/3 1742/2090/3
f 1749/2093/2584 1745/2094/2584 1746/2095/2584
f 1747/2096/2585 1741/2097/2585 1745/2094/2585
f 1748/2098/8 1750/2099/8 1747/2100/8
f 1759/2101/8 1747/2100/8 1749/2102/8
f 1750/2103/2586 1738/2104/2586 1741/2097/2586
f 1753/2105/8 1750/2099/8 1751/2106/8
f 1752/2107/2587 1735/2068/2587 1738/2104/2587
f 1753/2105/8 1723/2065/8 1752/2108/8
f 1751/2106/2580 1754/2109/2580 1753/2105/2580
f 1753/2105/2579 1719/2110/2579 1721/2062/2579
f 1748/2098/2581 1755/2111/2581 1751/2106/2581
f 1759/2101/2582 1756/2112/2583 1748/2098/2583
f 1760/2113/2588 1757/2101/2589 1759/2101/2589
f 1759/2101/8 1762/2114/8 1760/2113/8
f 1761/2115/2590 1758/2116/2590 1760/2113/2590
f 1760/2113/8 1763/2117/8 1761/2115/8
f 1763/2118/2591 1764/2119/2591 1765/2120/2591
f 1762/2121/2592 1746/2095/2592 1764/2119/2592
f 1766/2122/3 1765/2123/3 1764/2124/3
f 1744/2091/3 1764/2124/3 1746/2125/3
f 1766/2122/2590 1769/2126/2590 1768/2126/2590
f 1744/2091/2589 1767/2127/2589 1766/2122/2589
f 1768/2126/2593 1771/2128/2593 1770/2129/2593
f 1770/2129/3 1765/2123/3 1768/2126/3
f 1770/2129/2594 1879/2130/2594 1772/2131/2594
f 1770/2129/3 1774/2132/3 1773/2133/3
f 1777/2134/2595 1773/2135/2595 1774/2136/2595
f 1775/2137/2596 1765/2120/2596 1773/2135/2596
f 1776/2138/8 1763/2117/8 1775/2139/8
f 1776/2138/8 1777/2140/8 1778/2141/8
f 1778/2141/8 1779/2142/8 1782/2143/8
f 1779/2144/2567 1774/2136/2567 1781/2145/2597
f 1783/2146/8 1779/2142/8 1780/2147/8
f 1780/2148/2566 1781/2145/2566 1795/2149/2566
f 1783/2146/2598 1784/2150/2598 1782/2143/2598
f 1782/2143/2599 1785/2151/2600 1778/2141/2600
f 1789/2152/2601 1786/2153/2601 1783/2146/2601
f 1789/2152/2570 1788/2154/2602 1787/2152/2570
f 1790/2155/8 1791/2156/8 1792/2157/8
f 1789/2152/8 1780/2147/8 1791/2156/8
f 1792/2158/2569 1793/2159/2569 1794/2160/2569
f 1791/2161/2603 1795/2149/2603 1793/2159/2603
f 1799/2162/3 1793/2163/3 1796/2164/3
f 1796/2164/3 1795/2165/3 1798/2166/3
f 1796/2164/2570 1800/2167/2570 1799/2162/2570
f 1798/2166/2601 1797/2168/2601 1796/2164/2601
f 1799/2162/2604 1802/2169/2604 1801/2169/2604
f 1801/2169/3 1794/2170/3 1799/2162/3
f 1801/2169/2578 1805/2171/2578 1804/2172/2578
f 1804/2172/3 1803/2173/3 1801/2169/3
f 1804/2172/2577 1808/2174/2577 1807/2175/2577
f 1807/2175/3 1806/2176/3 1804/2172/3
f 1807/2175/2576 1875/2177/2576 1809/2177/2576
f 1809/2177/3 1810/2178/3 1807/2175/3
f 1814/2179/2575 1810/2180/2575 1811/2181/2575
f 1812/2182/2574 1806/2183/2574 1810/2180/2574
f 1813/2184/8 1815/2185/8 1812/2186/8
f 1824/2187/8 1812/2186/8 1814/2188/8
f 1815/2189/2573 1803/2190/2573 1806/2183/2573
f 1816/2191/8 1817/2192/8 1815/2185/8
f 1817/2193/2605 1794/2160/2605 1803/2190/2605
f 1818/2194/8 1792/2157/8 1817/2192/8
f 1816/2191/2578 1819/2195/2578 1818/2194/2578
f 1790/2155/2606 1819/2195/2604 1788/2154/2606
f 1813/2184/2577 1820/2196/2577 1816/2191/2577
f 1824/2187/2576 1821/2057/2576 1813/2184/2576
f 1825/2197/2587 1822/2198/2587 1824/2187/2587
f 1825/2197/8 1814/2188/8 1827/2199/8
f 1826/2200/2586 1823/2201/2586 1825/2197/2586
f 1825/2197/8 1828/2202/8 1826/2200/8
f 1828/2203/2580 1829/2204/2580 1830/2205/2580
f 1827/2206/2579 1811/2181/2579 1829/2204/2579
f 1831/2207/3 1830/2208/3 1829/2209/3
f 1831/2207/3 1811/2210/3 1809/2177/3
f 1831/2207/2586 1834/2211/2586 1833/2212/2586
f 1809/2177/2587 1832/2213/2587 1831/2207/2587
f 1833/2212/2607 1836/2214/2607 1835/2215/2607
f 1833/2212/3 1838/2216/3 1830/2208/3
f 1835/2215/2608 1867/2217/2584 1837/2217/2584
f 1835/2215/3 1839/2218/3 1838/2216/3
f 1839/2219/2583 1840/2220/2583 1838/2221/2583
f 1838/2221/2581 1828/2203/2581 1830/2205/2581
f 1841/2222/8 1828/2202/8 1840/2223/8
f 1841/2222/8 1842/2224/8 1843/2225/8
f 1847/2226/8 1842/2224/8 1844/2227/8
f 1846/2228/2588 1842/2229/2609 1839/2219/2588
f 1848/2230/8 1844/2227/8 1845/2231/8
f 1860/2232/2590 1844/2233/2590 1846/2228/2590
f 1848/2230/2591 1849/2234/2591 1847/2226/2591
f 1847/2226/2592 1850/2235/2610 1843/2225/2610
f 1854/2236/2611 1851/2237/2611 1848/2230/2611
f 1855/2238/2595 1852/2059/2595 1854/2236/2595
f 1855/2238/8 1856/2239/8 1857/2240/8
f 1854/2236/8 1845/2231/8 1856/2239/8
f 1857/2241/2594 1858/2242/2594 1859/2243/2594
f 1856/2244/2593 1860/2232/2593 1858/2242/2593
f 1695/2027/3 1858/2245/3 1861/2246/3
f 1861/2246/3 1860/2247/3 1863/2248/3
f 1861/2246/2595 1868/2027/2595 1695/2027/2595
f 1863/2248/2611 1862/2249/2611 1861/2246/2611
f 1865/2250/2591 1864/2248/2591 1863/2248/2591
f 1863/2248/3 1846/2251/3 1865/2250/3
f 1837/2217/2610 1866/2250/2610 1865/2250/2610
f 1837/2217/3 1846/2251/3 1839/2218/3
f 1698/2025/3 1834/2211/3 1876/2252/3
f 1869/2253/2600 1859/2243/2600 1696/2254/2600
f 1855/2238/8 1869/2255/8 1870/2256/8
f 1709/2049/8 1869/2255/8 1707/2046/8
f 1707/2257/2598 1696/2258/2598 1699/2042/2598
f 1709/2049/2566 1871/2259/2566 1870/2256/2566
f 1870/2256/2567 1853/2238/2567 1855/2238/2567
f 1843/2225/2584 1873/2058/2608 1841/2222/2608
f 1841/2222/2607 1874/2260/2607 1826/2200/2607
f 1877/2261/2598 1876/2252/2598 1798/2166/2598
f 1798/2166/3 1781/2262/3 1877/2261/3
f 1772/2131/2599 1878/2263/2600 1877/2261/2600
f 1772/2131/3 1781/2262/3 1774/2132/3
f 1778/2141/2594 1880/2264/2594 1776/2138/2594
f 1776/2138/2593 1881/2265/2593 1761/2115/2593
f 1702/2035/2572 1883/2266/2572 1729/2076/2572
f 1729/2076/3 1704/2036/3 1702/2035/3
f 1715/2267/2604 1704/2040/2604 1727/2072/2604
f 1885/2268/2 1890/2269/2 1889/2270/2
f 1887/2271/1 1886/2272/1 1885/2268/1
f 1885/2268/3 2051/2273/3 1887/2271/3
f 1885/2268/3 1891/2274/3 1888/2275/3
f 1889/2270/4 1893/2276/4 1892/2277/4
f 1889/2270/3 1895/2278/3 1891/2274/3
f 1892/2277/5 2076/2279/5 1894/2280/5
f 1894/2280/3 1895/2278/3 1892/2277/3
f 1898/2281/6 1895/2282/6 1896/2283/6
f 1897/2284/7 1891/2285/7 1895/2282/7
f 1903/2286/8 1897/2287/8 1898/2288/8
f 1901/2289/8 1897/2287/8 1900/2290/8
f 1900/2290/4 2064/2291/4 1901/2289/4
f 1903/2286/5 1902/2292/5 1900/2290/5
f 1905/2293/9 1904/2294/9 1903/2286/9
f 1905/2293/8 1898/2288/8 1907/2295/8
f 1906/2296/10 1908/2297/10 1905/2293/10
f 1906/2296/8 1907/2295/8 1917/2298/8
f 1910/2299/8 2072/2300/8 2013/2301/8
f 1912/2302/11 1909/2303/11 1906/2296/11
f 1913/2304/12 1910/2299/12 1912/2302/12
f 1913/2304/8 1914/2305/8 1915/2306/8
f 1906/2296/8 1914/2305/8 1912/2302/8
f 1915/2307/13 1916/2308/13 1927/2309/13
f 1914/2310/14 1918/2311/14 1916/2308/14
f 1917/2312/15 1919/2313/15 1918/2311/15
f 1920/2314/3 1916/2315/3 1918/2316/3
f 1921/2317/3 1918/2316/3 1919/2318/3
f 1921/2317/10 1922/2314/10 1920/2314/10
f 1920/2314/11 1924/2319/11 1923/2320/11
f 1923/2320/16 1926/2321/17 1925/2322/17
f 1925/2322/3 1916/2315/3 1923/2320/3
f 1925/2322/18 1929/2323/19 1928/2324/19
f 1928/2324/3 1927/2325/3 1925/2322/3
f 1928/2324/20 1932/2326/20 1931/2327/20
f 1931/2327/3 1930/2328/3 1928/2324/3
f 1931/2327/21 1935/2329/21 1934/2330/21
f 1934/2330/3 1933/2331/3 1931/2327/3
f 1934/2330/22 2074/2332/22 1936/2333/22
f 1934/2330/3 1938/2334/3 1937/2335/3
f 1941/2336/23 1937/2337/23 1938/2338/23
f 1939/2339/24 1933/2340/24 1937/2337/24
f 1940/2341/8 1942/2342/8 1939/2343/8
f 1940/2341/8 1941/2344/8 1951/2345/8
f 1942/2346/25 1930/2347/25 1933/2340/25
f 1943/2348/8 1944/2349/8 1942/2342/8
f 1944/2350/26 1927/2309/26 1930/2347/26
f 1945/2351/8 1915/2306/8 1944/2349/8
f 1943/2348/20 1946/2352/20 1945/2351/20
f 1945/2351/19 1911/2353/19 1913/2304/19
f 1940/2341/21 1947/2348/21 1943/2348/21
f 1951/2345/22 1948/2354/22 1940/2341/22
f 1952/2355/27 1949/2345/27 1951/2345/27
f 1952/2355/8 1941/2344/8 1954/2356/8
f 1953/2357/28 1950/2358/28 1952/2355/28
f 1953/2357/8 1954/2356/8 1955/2359/8
f 1955/2360/29 1956/2361/29 1957/2362/29
f 1954/2363/30 1938/2338/30 1956/2361/30
f 1960/2364/3 1956/2365/3 1958/2366/3
f 1958/2366/3 1938/2334/3 1936/2333/3
f 1958/2366/28 1961/2364/28 1960/2364/28
f 1936/2333/27 1959/2367/27 1958/2366/27
f 1960/2364/31 1963/2368/31 1962/2369/31
f 1960/2364/3 1965/2370/3 1957/2371/3
f 1962/2369/32 2071/2372/32 1964/2373/32
f 1962/2369/3 1966/2374/3 1965/2370/3
f 1969/2375/33 1965/2376/33 1966/2377/33
f 1967/2378/34 1957/2362/34 1965/2376/34
f 1953/2357/8 1967/2379/8 1968/2380/8
f 1968/2380/8 1969/2381/8 1970/2382/8
f 1970/2382/8 1971/2383/8 1974/2384/8
f 1971/2385/1 1966/2377/1 1973/2386/1
f 1974/2384/8 1972/2387/8 1975/2388/8
f 1972/2389/2 1973/2386/2 1987/2390/2
f 1975/2388/35 1976/2384/35 1974/2384/35
f 1974/2384/36 1977/2391/37 1970/2382/37
f 1981/2392/7 1978/2388/7 1975/2388/7
f 1982/2393/6 1979/2392/6 1981/2392/6
f 1981/2392/8 1984/2394/8 1982/2393/8
f 1981/2392/8 1972/2387/8 1983/2395/8
f 1984/2396/5 1985/2397/5 1986/2398/5
f 1983/2399/4 1987/2390/4 1985/2397/4
f 1991/2400/3 1985/2401/3 1988/2402/3
f 1988/2402/3 1987/2403/3 1990/2404/3
f 1988/2402/6 1992/2405/6 1991/2400/6
f 1990/2404/7 1989/2406/7 1988/2402/7
f 1991/2400/38 1994/2407/38 1993/2407/38
f 1991/2400/3 1995/2408/3 1986/2409/3
f 1993/2407/15 1997/2410/15 1996/2411/15
f 1996/2411/3 1995/2408/3 1993/2407/3
f 1996/2411/14 2000/2412/14 1999/2413/14
f 1999/2413/3 1998/2414/3 1996/2411/3
f 1999/2413/13 2067/2415/13 2001/2415/13
f 1999/2413/3 2003/2416/3 2002/2417/3
f 2006/2418/12 2002/2419/12 2003/2420/12
f 2004/2421/11 1998/2422/11 2002/2419/11
f 2005/2423/8 2007/2424/8 2004/2425/8
f 2005/2423/8 2006/2426/8 2016/2427/8
f 2007/2428/10 1995/2429/10 1998/2422/10
f 2008/2430/8 2009/2431/8 2007/2424/8
f 2009/2432/9 1986/2398/9 1995/2429/9
f 1982/2393/8 2009/2431/8 2010/2433/8
f 2008/2430/15 2011/2434/15 2010/2433/15
f 2010/2433/38 1980/2393/38 1982/2393/38
f 2005/2423/14 2012/2435/14 2008/2430/14
f 2016/2427/13 2013/2301/13 2005/2423/13
f 2017/2436/26 2014/2437/26 2016/2427/26
f 2016/2427/8 2019/2438/8 2017/2436/8
f 2018/2439/25 2015/2440/25 2017/2436/25
f 2018/2439/8 2019/2438/8 2020/2441/8
f 2020/2442/20 2021/2443/20 2022/2444/20
f 2019/2445/19 2003/2420/19 2021/2443/19
f 2025/2446/3 2021/2447/3 2023/2448/3
f 2001/2415/3 2021/2447/3 2003/2416/3
f 2023/2448/25 2026/2449/25 2025/2446/25
f 2001/2415/26 2024/2450/26 2023/2448/26
f 2025/2446/24 2028/2451/39 2027/2452/39
f 2025/2446/3 2030/2453/3 2022/2454/3
f 2027/2452/23 2059/2455/23 2029/2455/23
f 2029/2455/3 2030/2453/3 2027/2452/3
f 2034/2456/22 2030/2457/22 2031/2458/22
f 2032/2459/21 2022/2444/21 2030/2457/21
f 2018/2439/8 2032/2460/8 2033/2461/8
f 2035/2462/8 2032/2460/8 2034/2463/8
f 2039/2464/8 2034/2463/8 2036/2465/8
f 2036/2466/27 2031/2458/27 2038/2467/27
f 2040/2468/8 2036/2465/8 2037/2469/8
f 2037/2470/28 2038/2467/28 2052/2471/28
f 2040/2468/29 2041/2464/29 2039/2464/29
f 2039/2464/30 2042/2472/30 2035/2462/30
f 2046/2473/34 2043/2474/34 2040/2468/34
f 2047/2475/33 2044/2476/33 2046/2473/33
f 2047/2475/8 2048/2477/8 2049/2478/8
f 2040/2468/8 2048/2477/8 2046/2473/8
f 2049/2479/32 2050/2480/32 2051/2481/32
f 2048/2482/31 2052/2471/31 2050/2480/31
f 1887/2271/3 2050/2483/3 2053/2484/3
f 2055/2485/3 2050/2483/3 2052/2486/3
f 2053/2484/33 2060/2271/33 1887/2271/33
f 2055/2485/34 2054/2487/34 2053/2484/34
f 2057/2488/29 2056/2485/29 2055/2485/29
f 2055/2485/3 2038/2489/3 2057/2488/3
f 2029/2455/30 2058/2488/30 2057/2488/30
f 2057/2488/3 2031/2490/3 2029/2455/3
f 2068/2491/3 1932/2326/3 1890/2269/3
f 2061/2492/37 2051/2481/37 1888/2493/37
f 2062/2494/8 2049/2478/8 2061/2495/8
f 2062/2494/8 1899/2496/8 1901/2289/8
f 1899/2497/35 1888/2498/35 1891/2285/35
f 1901/2289/2 2063/2499/2 2062/2494/2
f 2062/2494/1 2045/2500/1 2047/2475/1
f 2035/2462/23 2065/2501/23 2033/2461/23
f 2033/2461/24 2066/2502/39 2018/2439/39
f 2069/2503/35 2068/2491/35 1990/2404/35
f 2069/2503/3 1987/2403/3 1973/2504/3
f 1964/2373/37 2070/2505/37 2069/2503/37
f 1964/2373/3 1973/2504/3 1966/2374/3
f 1970/2382/32 2072/2300/32 1968/2380/32
f 1968/2380/31 2073/2506/31 1953/2357/31
f 1894/2280/9 2075/2507/9 1921/2317/9
f 1921/2317/3 1896/2508/3 1894/2280/3
f 1907/2509/38 1896/2283/38 1919/2313/38
f 2079/2510/2612 2078/2511/2612 2077/2512/2612
f 2077/2512/2613 2082/2513/2613 2081/2514/2613
f 2079/2510/3 2080/2515/3 2243/2516/3
f 2077/2512/3 2083/2517/3 2080/2515/3
f 2081/2514/2614 2085/2518/2614 2084/2519/2614
f 2081/2514/3 2087/2520/3 2083/2517/3
f 2084/2519/2615 2268/2521/2615 2086/2522/2615
f 2084/2519/3 2088/2523/3 2087/2520/3
f 2090/2524/2616 2087/2525/2616 2088/2526/2616
f 2089/2527/2617 2083/2528/2617 2087/2525/2617
f 2092/2529/8 2090/2530/8 2095/2531/8
f 2093/2532/8 2089/2533/8 2092/2529/8
f 2092/2529/2614 2256/2534/2614 2093/2532/2614
f 2095/2531/2615 2094/2535/2615 2092/2529/2615
f 2097/2536/2618 2096/2537/2618 2095/2531/2618
f 2097/2536/8 2090/2530/8 2099/2538/8
f 2097/2536/8 2109/2539/8 2098/2540/8
f 2098/2540/2619 2100/2541/2619 2097/2536/2619
f 2236/2542/8 2102/2543/8 2264/2544/8
f 2104/2545/2620 2101/2546/2620 2098/2540/2620
f 2105/2547/2621 2102/2543/2621 2104/2545/2621
f 2104/2545/8 2107/2548/8 2105/2547/8
f 2098/2540/8 2106/2549/8 2104/2545/8
f 2107/2550/2622 2108/2551/2622 2119/2552/2622
f 2106/2553/2623 2110/2554/2623 2108/2551/2623
f 2109/2555/2624 2111/2556/2624 2110/2554/2624
f 2112/2557/3 2108/2558/3 2110/2559/3
f 2113/2560/3 2110/2559/3 2111/2561/3
f 2113/2560/2619 2114/2562/2619 2112/2557/2619
f 2112/2557/2620 2116/2563/2620 2115/2564/2620
f 2115/2564/2621 2118/2565/2621 2117/2566/2621
f 2117/2566/3 2108/2558/3 2115/2564/3
f 2117/2566/2625 2121/2567/2625 2120/2568/2625
f 2117/2566/3 2122/2569/3 2119/2570/3
f 2120/2568/2626 2124/2571/2626 2123/2572/2626
f 2120/2568/3 2125/2573/3 2122/2569/3
f 2123/2572/2627 2127/2574/2627 2126/2575/2627
f 2126/2575/3 2125/2573/3 2123/2572/3
f 2126/2575/2628 2266/2576/2628 2128/2577/2628
f 2128/2577/3 2129/2578/3 2126/2575/3
f 2133/2579/2629 2129/2580/2629 2130/2581/2629
f 2131/2582/2630 2125/2583/2630 2129/2580/2630
f 2143/2584/8 2131/2585/8 2133/2586/8
f 2132/2587/8 2134/2588/8 2131/2585/8
f 2134/2589/2631 2122/2590/2631 2125/2583/2631
f 2135/2591/8 2136/2592/8 2134/2588/8
f 2136/2593/2632 2119/2552/2632 2122/2590/2632
f 2105/2547/8 2136/2592/8 2137/2594/8
f 2135/2591/2633 2138/2595/2626 2137/2594/2626
f 2137/2594/2625 2103/2596/2625 2105/2547/2625
f 2132/2587/2627 2139/2597/2634 2135/2591/2634
f 2143/2584/2628 2140/2598/2628 2132/2587/2628
f 2144/2599/2635 2141/2584/2635 2143/2584/2635
f 2144/2599/8 2133/2586/8 2146/2600/8
f 2144/2599/8 2147/2601/8 2145/2602/8
f 2145/2602/2636 2142/2599/2636 2144/2599/2636
f 2147/2603/2637 2148/2604/2637 2149/2605/2637
f 2146/2606/2638 2130/2581/2638 2148/2604/2638
f 2150/2607/3 2149/2608/3 2148/2609/3
f 2150/2607/3 2130/2610/3 2128/2577/3
f 2128/2577/2635 2151/2611/2635 2150/2607/2635
f 2150/2607/2636 2153/2612/2636 2152/2612/2636
f 2152/2612/2639 2155/2613/2639 2154/2614/2639
f 2152/2612/3 2157/2615/3 2149/2608/3
f 2154/2614/2640 2263/2616/2640 2156/2617/2640
f 2154/2614/3 2158/2618/3 2157/2615/3
f 2161/2619/2641 2157/2620/2641 2158/2621/2641
f 2159/2622/2642 2149/2605/2642 2157/2620/2642
f 2160/2623/8 2161/2624/8 2162/2625/8
f 2145/2602/8 2159/2626/8 2160/2623/8
f 2162/2625/8 2163/2627/8 2166/2628/8
f 2163/2629/2643 2158/2621/2643 2165/2630/2643
f 2164/2631/2613 2165/2630/2613 2179/2632/2613
f 2167/2633/8 2163/2627/8 2164/2634/8
f 2167/2633/2644 2168/2628/2644 2166/2628/2644
f 2166/2628/2645 2169/2635/2645 2162/2625/2645
f 2173/2636/2646 2170/2633/2647 2167/2633/2647
f 2174/2637/2616 2171/2636/2616 2173/2636/2616
f 2174/2637/8 2175/2638/8 2176/2639/8
f 2173/2636/8 2164/2634/8 2175/2638/8
f 2176/2640/2615 2177/2641/2615 2178/2642/2615
f 2175/2643/2614 2179/2632/2614 2177/2641/2614
f 2183/2644/3 2177/2645/3 2180/2646/3
f 2180/2646/3 2179/2647/3 2182/2648/3
f 2182/2648/2647 2181/2649/2646 2180/2646/2646
f 2180/2646/2616 2184/2650/2616 2183/2644/2616
f 2183/2644/2648 2186/2651/2648 2185/2651/2648
f 2183/2644/3 2187/2652/3 2178/2653/3
f 2185/2651/2624 2189/2654/2624 2188/2655/2624
f 2185/2651/3 2190/2656/3 2187/2652/3
f 2188/2655/2623 2192/2657/2623 2191/2658/2623
f 2191/2658/3 2190/2656/3 2188/2655/3
f 2191/2658/2649 2259/2659/2649 2193/2659/2649
f 2193/2659/3 2194/2660/3 2191/2658/3
f 2198/2661/2650 2194/2662/2650 2195/2663/2650
f 2196/2664/2620 2190/2665/2620 2194/2662/2620
f 2208/2666/8 2196/2667/8 2198/2668/8
f 2197/2669/8 2199/2670/8 2196/2667/8
f 2199/2671/2619 2187/2672/2619 2190/2665/2619
f 2202/2673/8 2199/2670/8 2200/2674/8
f 2201/2675/2618 2178/2642/2618 2187/2672/2618
f 2174/2637/8 2201/2676/8 2202/2673/8
f 2200/2674/2624 2203/2677/2624 2202/2673/2624
f 2202/2673/2648 2172/2678/2648 2174/2637/2648
f 2197/2669/2623 2204/2679/2623 2200/2674/2623
f 2208/2666/2649 2205/2680/2649 2197/2669/2649
f 2209/2681/2632 2206/2682/2632 2208/2666/2632
f 2209/2681/8 2198/2668/8 2211/2683/8
f 2210/2684/8 2211/2683/8 2212/2685/8
f 2210/2684/2631 2207/2686/2631 2209/2681/2631
f 2212/2687/2626 2213/2688/2626 2214/2689/2626
f 2211/2690/2651 2195/2663/2651 2213/2688/2651
f 2217/2691/3 2213/2692/3 2215/2693/3
f 2215/2693/3 2195/2694/3 2193/2659/3
f 2193/2659/2632 2216/2695/2632 2215/2693/2632
f 2217/2691/2652 2216/2695/2653 2218/2691/2652
f 2219/2696/2630 2218/2691/2654 2220/2697/2630
f 2219/2696/3 2214/2698/3 2217/2691/3
f 2219/2696/2629 2251/2699/2629 2221/2699/2629
f 2221/2699/3 2222/2700/3 2219/2696/3
f 2226/2701/2628 2222/2702/2628 2223/2703/2628
f 2224/2704/2627 2214/2689/2627 2222/2702/2627
f 2227/2705/8 2224/2706/8 2226/2707/8
f 2225/2708/8 2212/2685/8 2224/2706/8
f 2231/2709/8 2226/2707/8 2228/2710/8
f 2230/2711/2635 2226/2701/2635 2223/2703/2635
f 2244/2712/2636 2228/2713/2636 2230/2711/2636
f 2232/2714/8 2228/2710/8 2229/2715/8
f 2232/2714/2637 2233/2709/2637 2231/2709/2637
f 2231/2709/2638 2234/2716/2638 2227/2705/2638
f 2238/2717/2642 2235/2718/2642 2232/2714/2642
f 2239/2719/2655 2236/2542/2655 2238/2717/2655
f 2239/2719/8 2240/2720/8 2241/2721/8
f 2238/2717/8 2229/2715/8 2240/2720/8
f 2241/2722/2656 2242/2723/2656 2243/2724/2656
f 2240/2725/2639 2244/2712/2639 2242/2723/2639
f 2079/2510/3 2242/2726/3 2245/2727/3
f 2245/2727/3 2244/2728/3 2247/2729/3
f 2247/2729/2642 2246/2730/2642 2245/2727/2642
f 2245/2727/2655 2252/2510/2655 2079/2510/2655
f 2249/2731/2637 2248/2729/2637 2247/2729/2637
f 2249/2731/3 2244/2728/3 2230/2732/3
f 2221/2699/2638 2250/2731/2638 2249/2731/2638
f 2249/2731/3 2223/2733/3 2221/2699/3
f 2218/2691/3 2260/2734/3 2124/2571/3
f 2253/2735/2645 2243/2724/2645 2080/2736/2645
f 2239/2719/8 2253/2737/8 2254/2738/8
f 2091/2739/2657 2080/2740/2657 2083/2528/2657
f 2254/2738/8 2091/2741/8 2093/2532/8
f 2093/2532/2613 2255/2742/2613 2254/2738/2613
f 2254/2738/2612 2237/2743/2612 2239/2719/2612
f 2227/2705/2629 2257/2744/2629 2225/2708/2629
f 2225/2708/2630 2258/2745/2630 2210/2684/2630
f 2261/2746/2644 2260/2734/2657 2182/2648/2657
f 2182/2648/3 2165/2747/3 2261/2746/3
f 2156/2617/2645 2262/2748/2645 2261/2746/2645
f 2156/2617/3 2165/2747/3 2158/2618/3
f 2162/2625/2640 2264/2544/2640 2160/2623/2640
f 2160/2623/2639 2265/2749/2639 2145/2602/2639
f 2086/2522/2618 2267/2750/2618 2113/2560/2618
f 2113/2560/3 2088/2523/3 2086/2522/3
f 2099/2751/2648 2088/2526/2648 2111/2556/2648
f 2271/2752/2643 2270/2753/2643 2269/2754/2643
f 2269/2754/2613 2274/2755/2613 2273/2756/2613
f 2269/2754/3 2435/2757/3 2271/2752/3
f 2269/2754/3 2275/2758/3 2272/2759/3
f 2273/2756/2614 2277/2760/2614 2276/2761/2614
f 2273/2756/3 2279/2762/3 2275/2758/3
f 2276/2761/2615 2460/2763/2615 2278/2764/2615
f 2278/2764/3 2279/2762/3 2276/2761/3
f 2282/2765/2616 2279/2766/2616 2280/2767/2616
f 2281/2768/2617 2275/2769/2617 2279/2766/2617
f 2287/2770/8 2281/2771/8 2282/2772/8
f 2285/2773/8 2281/2771/8 2284/2774/8
f 2284/2774/2614 2448/2775/2614 2285/2773/2614
f 2287/2770/2615 2286/2776/2615 2284/2774/2615
f 2289/2777/2618 2288/2778/2618 2287/2770/2618
f 2289/2777/8 2282/2772/8 2291/2779/8
f 2290/2780/8 2291/2779/8 2301/2781/8
f 2290/2780/2619 2292/2782/2619 2289/2777/2619
f 2456/2783/8 2397/2784/8 2428/2785/8
f 2296/2786/2620 2293/2787/2620 2290/2780/2620
f 2297/2788/2650 2294/2789/2650 2296/2786/2650
f 2297/2788/8 2298/2790/8 2299/2791/8
f 2296/2786/8 2301/2781/8 2298/2790/8
f 2299/2792/2622 2300/2793/2622 2311/2794/2622
f 2298/2795/2623 2302/2796/2623 2300/2793/2623
f 2301/2797/2624 2303/2798/2624 2302/2796/2624
f 2307/2799/3 2302/2800/3 2304/2801/3
f 2304/2801/3 2303/2802/3 2305/2803/3
f 2305/2803/2619 2306/2804/2619 2304/2801/2619
f 2304/2801/2620 2308/2805/2620 2307/2799/2620
f 2307/2799/2650 2310/2806/2650 2309/2807/2650
f 2309/2807/3 2300/2808/3 2307/2799/3
f 2309/2807/2651 2313/2809/2651 2312/2810/2651
f 2309/2807/3 2314/2811/3 2311/2812/3
f 2312/2810/2626 2316/2813/2626 2315/2814/2626
f 2312/2810/3 2317/2815/3 2314/2811/3
f 2315/2814/2627 2319/2816/2627 2318/2817/2627
f 2318/2817/3 2317/2815/3 2315/2814/3
f 2318/2817/2628 2458/2818/2628 2320/2819/2628
f 2318/2817/3 2322/2820/3 2321/2821/3
f 2325/2822/2629 2321/2823/2629 2322/2824/2629
f 2323/2825/2630 2317/2826/2630 2321/2823/2630
f 2324/2827/8 2325/2828/8 2335/2829/8
f 2324/2827/8 2326/2830/8 2323/2831/8
f 2326/2832/2653 2314/2833/2653 2317/2826/2653
f 2329/2834/8 2326/2830/8 2327/2835/8
f 2328/2836/2658 2311/2794/2658 2314/2833/2658
f 2297/2788/8 2328/2837/8 2329/2834/8
f 2327/2835/2626 2330/2838/2626 2329/2834/2626
f 2329/2834/2651 2295/2839/2651 2297/2788/2651
f 2324/2827/2627 2331/2835/2627 2327/2835/2627
f 2335/2829/2628 2332/2840/2628 2324/2827/2628
f 2336/2841/2635 2333/2829/2635 2335/2829/2635
f 2335/2829/8 2338/2842/8 2336/2841/8
f 2337/2843/8 2338/2842/8 2339/2844/8
f 2337/2843/2636 2334/2845/2636 2336/2841/2636
f 2339/2846/2637 2340/2847/2637 2341/2848/2637
f 2338/2849/2638 2322/2824/2638 2340/2847/2638
f 2344/2850/3 2340/2851/3 2342/2852/3
f 2320/2819/3 2340/2851/3 2322/2820/3
f 2320/2819/2635 2343/2853/2635 2342/2852/2635
f 2342/2852/2636 2345/2850/2636 2344/2850/2636
f 2344/2850/2639 2347/2854/2639 2346/2855/2639
f 2344/2850/3 2349/2856/3 2341/2857/3
f 2346/2855/2640 2455/2858/2640 2348/2859/2640
f 2348/2859/3 2349/2856/3 2346/2855/3
f 2353/2860/2641 2349/2861/2641 2350/2862/2641
f 2351/2863/2642 2341/2848/2642 2349/2861/2642
f 2354/2864/8 2351/2865/8 2353/2866/8
f 2337/2843/8 2351/2865/8 2352/2867/8
f 2354/2864/8 2355/2868/8 2358/2869/8
f 2355/2870/2612 2350/2862/2612 2357/2871/2612
f 2356/2872/2659 2357/2871/2659 2371/2873/2659
f 2359/2874/8 2355/2868/8 2356/2875/8
f 2359/2874/2657 2360/2869/2657 2358/2869/2657
f 2358/2869/2645 2361/2864/2645 2354/2864/2645
f 2365/2876/2617 2362/2874/2617 2359/2874/2617
f 2366/2877/2616 2363/2876/2616 2365/2876/2616
f 2365/2876/8 2368/2878/8 2366/2877/8
f 2365/2876/8 2356/2875/8 2367/2879/8
f 2368/2880/2615 2369/2881/2615 2370/2882/2615
f 2367/2883/2614 2371/2873/2614 2369/2881/2614
f 2375/2884/3 2369/2885/3 2372/2886/3
f 2372/2886/3 2371/2887/3 2374/2888/3
f 2374/2888/2617 2373/2889/2617 2372/2886/2617
f 2372/2886/2616 2376/2890/2616 2375/2884/2616
f 2375/2884/2648 2378/2891/2648 2377/2891/2648
f 2375/2884/3 2379/2892/3 2370/2893/3
f 2377/2891/2624 2381/2894/2624 2380/2895/2624
f 2380/2895/3 2379/2892/3 2377/2891/3
f 2380/2895/2623 2384/2896/2623 2383/2897/2623
f 2383/2897/3 2382/2898/3 2380/2895/3
f 2383/2897/2622 2451/2899/2622 2385/2899/2622
f 2383/2897/3 2387/2900/3 2386/2901/3
f 2390/2902/2650 2386/2903/2650 2387/2904/2650
f 2388/2905/2620 2382/2906/2620 2386/2903/2620
f 2389/2907/8 2390/2908/8 2400/2909/8
f 2392/2910/8 2388/2911/8 2389/2907/8
f 2391/2912/2619 2379/2913/2619 2382/2906/2619
f 2392/2910/8 2393/2914/8 2391/2915/8
f 2393/2916/2618 2370/2882/2618 2379/2913/2618
f 2366/2877/8 2393/2914/8 2394/2917/8
f 2392/2910/2624 2395/2918/2624 2394/2917/2624
f 2394/2917/2648 2364/2919/2648 2366/2877/2648
f 2389/2907/2623 2396/2920/2623 2392/2910/2623
f 2400/2909/2649 2397/2784/2649 2389/2907/2649
f 2401/2921/2632 2398/2922/2632 2400/2909/2632
f 2401/2921/8 2390/2908/8 2403/2923/8
f 2402/2924/8 2403/2923/8 2404/2925/8
f 2402/2924/2631 2399/2926/2631 2401/2921/2631
f 2404/2927/2626 2405/2928/2626 2406/2929/2626
f 2403/2930/2651 2387/2904/2651 2405/2928/2651
f 2409/2931/3 2405/2932/3 2407/2933/3
f 2407/2933/3 2387/2900/3 2385/2899/3
f 2385/2899/2632 2408/2934/2632 2407/2933/2632
f 2407/2933/2631 2410/2931/2631 2409/2931/2631
f 2409/2931/2630 2412/2935/2630 2411/2936/2630
f 2411/2936/3 2406/2937/3 2409/2931/3
f 2411/2936/2629 2443/2938/2629 2413/2938/2629
f 2413/2938/3 2414/2939/3 2411/2936/3
f 2418/2940/2628 2414/2941/2628 2415/2942/2628
f 2416/2943/2627 2406/2929/2627 2414/2941/2627
f 2419/2944/8 2416/2945/8 2418/2946/8
f 2417/2947/8 2404/2925/8 2416/2945/8
f 2423/2948/8 2418/2946/8 2420/2949/8
f 2420/2950/2635 2415/2942/2635 2422/2951/2635
f 2436/2952/2636 2420/2950/2636 2422/2951/2636
f 2424/2953/8 2420/2949/8 2421/2954/8
f 2423/2948/2660 2427/2955/2637 2425/2956/2660
f 2419/2944/2638 2425/2956/2661 2426/2957/2638
f 2430/2785/2642 2427/2955/2642 2424/2953/2642
f 2431/2958/2641 2428/2785/2641 2430/2785/2641
f 2431/2958/8 2432/2959/8 2433/2960/8
f 2430/2785/8 2421/2954/8 2432/2959/8
f 2433/2961/2656 2434/2962/2656 2435/2963/2656
f 2434/2962/2639 2421/2964/2639 2436/2952/2639
f 2271/2752/3 2434/2965/3 2437/2966/3
f 2437/2966/3 2436/2967/3 2439/2968/3
f 2439/2968/2642 2438/2969/2642 2437/2966/2642
f 2437/2966/2641 2444/2752/2641 2271/2752/2641
f 2441/2970/2637 2440/2968/2637 2439/2968/2637
f 2439/2968/3 2422/2971/3 2441/2970/3
f 2413/2938/2638 2442/2970/2638 2441/2970/2638
f 2441/2970/3 2415/2972/3 2413/2938/3
f 2452/2973/3 2316/2813/3 2274/2755/3
f 2445/2974/2662 2435/2963/2662 2272/2975/2662
f 2446/2976/8 2433/2960/8 2445/2977/8
f 2283/2978/2644 2272/2979/2644 2275/2769/2644
f 2446/2976/8 2283/2980/8 2285/2773/8
f 2285/2773/2613 2447/2981/2613 2446/2976/2613
f 2446/2976/2643 2429/2958/2643 2431/2958/2643
f 2419/2944/2629 2449/2982/2629 2417/2947/2629
f 2417/2947/2630 2450/2983/2630 2402/2924/2630
f 2453/2984/2657 2452/2973/2657 2374/2888/2644
f 2374/2888/3 2357/2985/3 2453/2984/3
f 2348/2859/2645 2454/2986/2645 2453/2984/2645
f 2348/2859/3 2357/2985/3 2350/2987/3
f 2354/2864/2640 2456/2783/2640 2352/2867/2640
f 2352/2867/2639 2457/2988/2639 2337/2843/2639
f 2278/2764/2618 2459/2989/2618 2305/2803/2618
f 2305/2803/3 2280/2990/3 2278/2764/3
f 2291/2991/2648 2280/2767/2648 2303/2798/2648
f 2463/2992/2597 2462/2993/2567 2461/2994/2567
f 2461/2994/2566 2466/2995/2566 2465/2996/2566
f 2461/2994/3 2627/2997/3 2463/2992/3
f 2465/2996/3 2464/2998/3 2461/2994/3
f 2465/2996/2603 2469/2999/2603 2468/3000/2603
f 2468/3000/3 2467/3001/3 2465/2996/3
f 2468/3000/2569 2652/3002/2569 2470/3003/2569
f 2468/3000/3 2472/3004/3 2471/3005/3
f 2474/3006/2570 2471/3007/2570 2472/3008/2570
f 2473/3009/2571 2467/3010/2571 2471/3007/2571
f 2476/3011/8 2474/3012/8 2479/3013/8
f 2476/3011/8 2475/3014/8 2473/3015/8
f 2476/3011/2603 2640/3016/2603 2477/3017/2603
f 2479/3013/2569 2478/3018/2569 2476/3011/2569
f 2481/3019/2605 2480/3020/2605 2479/3013/2605
f 2481/3019/8 2474/3012/8 2483/3021/8
f 2481/3019/8 2493/3022/8 2482/3023/8
f 2482/3023/2573 2484/3024/2573 2481/3019/2573
f 2648/3025/8 2589/3026/8 2620/3027/8
f 2488/3028/2574 2485/3029/2574 2482/3023/2574
f 2489/3030/2575 2486/3031/2575 2488/3028/2575
f 2489/3030/8 2490/3032/8 2491/3033/8
f 2488/3028/8 2493/3022/8 2490/3032/8
f 2491/3034/2576 2492/3035/2576 2503/3036/2576
f 2490/3037/2577 2494/3038/2577 2492/3035/2577
f 2493/3039/2578 2495/3040/2578 2494/3038/2578
f 2499/3041/3 2494/3042/3 2496/3043/3
f 2497/3044/3 2494/3042/3 2495/3045/3
f 2497/3044/2573 2498/3046/2663 2496/3043/2664
f 2496/3043/2665 2500/3047/2574 2499/3041/2574
f 2499/3041/2575 2502/3048/2575 2501/3049/2575
f 2501/3049/3 2492/3050/3 2499/3041/3
f 2501/3049/2579 2505/3051/2579 2504/3051/2579
f 2501/3049/3 2506/3052/3 2503/3053/3
f 2504/3051/2580 2508/3054/2580 2507/3055/2580
f 2504/3051/3 2509/3056/3 2506/3052/3
f 2507/3055/2581 2511/3057/2581 2510/3058/2581
f 2510/3058/3 2509/3056/3 2507/3055/3
f 2510/3058/2583 2650/3059/2582 2512/3060/2582
f 2512/3060/3 2513/3061/3 2510/3058/3
f 2517/3062/2584 2513/3063/2584 2514/3064/2584
f 2515/3065/2585 2509/3066/2585 2513/3063/2585
f 2527/3067/8 2515/3068/8 2517/3069/8
f 2516/3070/8 2518/3071/8 2515/3068/8
f 2518/3072/2586 2506/3073/2586 2509/3066/2586
f 2521/3074/8 2518/3071/8 2519/3075/8
f 2520/3076/2587 2503/3036/2587 2506/3073/2587
f 2489/3030/8 2520/3077/8 2521/3074/8
f 2519/3075/2580 2522/3078/2580 2521/3074/2580
f 2521/3074/2579 2487/3079/2579 2489/3030/2579
f 2516/3070/2581 2523/3075/2581 2519/3075/2581
f 2527/3067/2583 2524/3080/2583 2516/3070/2583
f 2528/3081/2588 2525/3067/2609 2527/3067/2609
f 2527/3067/8 2530/3082/8 2528/3081/8
f 2528/3081/8 2531/3083/8 2529/3084/8
f 2529/3084/2590 2526/3085/2590 2528/3081/2590
f 2531/3086/2591 2532/3087/2591 2533/3088/2591
f 2530/3089/2592 2514/3064/2592 2532/3087/2592
f 2534/3090/3 2533/3091/3 2532/3092/3
f 2512/3060/3 2532/3092/3 2514/3093/3
f 2512/3060/2589 2535/3094/2609 2534/3090/2609
f 2534/3090/2590 2537/3095/2590 2536/3095/2590
f 2536/3095/2666 2539/3096/2667 2538/3097/2593
f 2536/3095/3 2541/3098/3 2533/3091/3
f 2538/3097/2594 2647/3099/2594 2540/3100/2594
f 2538/3097/3 2542/3101/3 2541/3098/3
f 2545/3102/2595 2541/3103/2595 2542/3104/2595
f 2543/3105/2596 2533/3088/2596 2541/3103/2596
f 2544/3106/8 2545/3107/8 2546/3108/8
f 2529/3084/8 2543/3109/8 2544/3106/8
f 2546/3108/8 2547/3110/8 2550/3111/8
f 2547/3112/2567 2542/3104/2567 2549/3113/2567
f 2548/3114/2566 2549/3113/2566 2563/3115/2566
f 2550/3111/8 2548/3116/8 2551/3117/8
f 2551/3117/2598 2552/3111/2598 2550/3111/2598
f 2550/3111/2600 2553/3108/2600 2546/3108/2600
f 2557/3118/2601 2554/3117/2601 2551/3117/2601
f 2558/3119/2570 2555/3118/2570 2557/3118/2570
f 2558/3119/8 2559/3120/8 2560/3121/8
f 2557/3118/8 2548/3116/8 2559/3120/8
f 2560/3122/2569 2561/3123/2569 2562/3124/2569
f 2559/3125/2568 2563/3115/2568 2561/3123/2568
f 2567/3126/3 2561/3127/3 2564/3128/3
f 2564/3128/3 2563/3129/3 2566/3130/3
f 2566/3130/2601 2565/3131/2571 2564/3128/2571
f 2564/3128/2570 2568/3132/2570 2567/3126/2570
f 2567/3126/2604 2570/3133/2668 2569/3133/2668
f 2569/3133/3 2562/3134/3 2567/3126/3
f 2569/3133/2578 2573/3135/2578 2572/3136/2578
f 2572/3136/3 2571/3137/3 2569/3133/3
f 2572/3136/2577 2576/3138/2577 2575/3139/2577
f 2575/3139/3 2574/3140/3 2572/3136/3
f 2575/3139/2576 2643/3141/2576 2577/3141/2576
f 2577/3141/3 2578/3142/3 2575/3139/3
f 2582/3143/2575 2578/3144/2575 2579/3145/2575
f 2580/3146/2574 2574/3147/2574 2578/3144/2574
f 2581/3148/8 2582/3149/8 2592/3150/8
f 2584/3151/8 2580/3152/8 2581/3148/8
f 2583/3153/2573 2571/3154/2573 2574/3147/2573
f 2584/3151/8 2585/3155/8 2583/3156/8
f 2585/3157/2605 2562/3124/2605 2571/3154/2605
f 2586/3158/8 2560/3121/8 2585/3155/8
f 2584/3151/2578 2587/3159/2578 2586/3158/2578
f 2586/3158/2668 2556/3160/2668 2558/3119/2604
f 2581/3148/2577 2588/3161/2577 2584/3151/2577
f 2592/3150/2576 2589/3026/2576 2581/3148/2576
f 2593/3162/2669 2590/3163/2669 2592/3150/2669
f 2593/3162/8 2582/3149/8 2595/3164/8
f 2594/3165/8 2595/3164/8 2596/3166/8
f 2594/3165/2586 2591/3167/2586 2593/3162/2586
f 2596/3168/2580 2597/3169/2580 2598/3170/2580
f 2595/3171/2579 2579/3145/2579 2597/3169/2579
f 2601/3172/3 2597/3173/3 2599/3174/3
f 2599/3174/3 2579/3175/3 2577/3141/3
f 2577/3141/2669 2600/3176/2669 2599/3174/2669
f 2599/3174/2586 2602/3177/2586 2601/3172/2586
f 2601/3172/2607 2604/3178/2607 2603/3179/2607
f 2603/3179/3 2598/3180/3 2601/3172/3
f 2603/3179/2584 2635/3181/2608 2605/3181/2608
f 2605/3181/3 2606/3182/3 2603/3179/3
f 2610/3183/2583 2606/3184/2583 2607/3185/2583
f 2608/3186/2581 2598/3170/2581 2606/3184/2581
f 2611/3187/8 2608/3188/8 2610/3189/8
f 2609/3190/8 2596/3166/8 2608/3188/8
f 2615/3191/8 2610/3189/8 2612/3192/8
f 2614/3193/2609 2610/3183/2609 2607/3185/2609
f 2628/3194/2590 2612/3195/2590 2614/3193/2590
f 2616/3196/8 2612/3192/8 2613/3197/8
f 2616/3196/2591 2617/3191/2591 2615/3191/2591
f 2615/3191/2610 2618/3198/2610 2611/3187/2610
f 2622/3199/2670 2619/3200/2596 2616/3196/2596
f 2623/3201/2595 2620/3027/2595 2622/3199/2595
f 2623/3201/8 2624/3202/8 2625/3203/8
f 2622/3199/8 2613/3197/8 2624/3202/8
f 2625/3204/2594 2626/3205/2594 2627/3206/2594
f 2626/3205/2593 2613/3207/2593 2628/3194/2593
f 2463/2992/3 2626/3208/3 2629/3209/3
f 2629/3209/3 2628/3210/3 2631/3211/3
f 2631/3211/2670 2630/3212/2596 2629/3209/2596
f 2629/3209/2595 2636/2992/2595 2463/2992/2595
f 2633/3213/2591 2632/3211/2591 2631/3211/2591
f 2631/3211/3 2614/3214/3 2633/3213/3
f 2605/3181/2610 2634/3213/2610 2633/3213/2592
f 2633/3213/3 2607/3215/3 2605/3181/3
f 2498/3046/3 2466/2995/3 2644/3216/3
f 2637/3217/2599 2627/3206/2599 2464/3218/2599
f 2638/3219/8 2625/3203/8 2637/3220/8
f 2475/3221/2598 2464/3222/2598 2467/3010/2598
f 2477/3017/8 2637/3220/8 2475/3014/8
f 2477/3017/2566 2639/3223/2566 2638/3219/2566
f 2638/3219/2567 2621/3224/2597 2623/3201/2597
f 2611/3187/2584 2641/3225/2608 2609/3190/2608
f 2609/3190/2607 2642/3226/2607 2594/3165/2607
f 2645/3227/2598 2644/3216/2598 2566/3130/2598
f 2645/3227/3 2563/3129/3 2549/3228/3
f 2540/3100/2600 2646/3229/2600 2645/3227/2600
f 2540/3100/3 2549/3228/3 2542/3101/3
f 2546/3108/2594 2648/3025/2594 2544/3106/2594
f 2544/3106/2666 2649/3230/2666 2529/3084/2666
f 2470/3003/2605 2651/3231/2605 2497/3044/2605
f 2497/3044/3 2472/3004/3 2470/3003/3
f 2483/3232/2604 2472/3008/2604 2495/3040/2604
f 2655/3233/2597 2654/3234/2597 2653/3235/2597
f 2653/3235/2566 2658/3236/2566 2657/3237/2566
f 2655/3233/3 2656/3238/3 2819/3239/3
f 2653/3235/3 2659/3240/3 2656/3238/3
f 2657/3237/2603 2661/3241/2603 2660/3242/2603
f 2660/3242/3 2659/3240/3 2657/3237/3
f 2660/3242/2569 2844/3243/2569 2662/3243/2569
f 2662/3243/3 2663/3244/3 2660/3242/3
f 2666/3245/2671 2663/3246/2671 2664/3247/2671
f 2665/3248/2571 2659/3249/2571 2663/3246/2571
f 2671/3250/8 2665/3251/8 2666/3252/8
f 2668/3253/8 2667/3254/8 2665/3251/8
f 2668/3253/2603 2832/3255/2603 2669/3256/2603
f 2671/3250/2569 2670/3257/2672 2668/3253/2672
f 2673/3258/2673 2672/3259/2673 2671/3250/2673
f 2673/3258/8 2666/3252/8 2675/3260/8
f 2674/3261/8 2675/3260/8 2685/3262/8
f 2674/3261/2573 2676/3263/2573 2673/3258/2573
f 2840/3264/8 2781/3265/8 2812/3266/8
f 2680/3267/2574 2677/3268/2574 2674/3261/2574
f 2681/3269/2575 2678/3270/2575 2680/3267/2575
f 2681/3269/8 2682/3271/8 2683/3272/8
f 2680/3267/8 2685/3262/8 2682/3271/8
f 2683/3273/2576 2684/3274/2576 2695/3275/2576
f 2682/3276/2577 2686/3277/2577 2684/3274/2577
f 2685/3278/2578 2687/3279/2578 2686/3277/2578
f 2691/3280/3 2686/3281/3 2688/3282/3
f 2688/3282/3 2687/3283/3 2689/3284/3
f 2689/3284/2573 2690/3285/2573 2688/3282/2573
f 2688/3282/2574 2692/3286/2574 2691/3280/2574
f 2691/3280/2575 2694/3287/2575 2693/3288/2674
f 2693/3288/3 2684/3289/3 2691/3280/3
f 2693/3288/2579 2697/3290/2579 2696/3291/2579
f 2693/3288/3 2698/3292/3 2695/3293/3
f 2696/3291/2580 2700/3294/2580 2699/3295/2580
f 2696/3291/3 2701/3296/3 2698/3292/3
f 2699/3295/2675 2703/3297/2675 2702/3298/2675
f 2702/3298/3 2701/3296/3 2699/3295/3
f 2702/3298/2583 2842/3299/2582 2704/3299/2582
f 2704/3299/3 2705/3300/3 2702/3298/3
f 2709/3301/2584 2705/3302/2584 2706/3303/2584
f 2707/3304/2607 2701/3305/2607 2705/3302/2607
f 2719/3306/8 2707/3307/8 2709/3308/8
f 2708/3309/8 2710/3310/8 2707/3307/8
f 2710/3311/2586 2698/3312/2586 2701/3305/2586
f 2713/3313/8 2710/3310/8 2711/3314/8
f 2712/3315/2587 2695/3275/2587 2698/3312/2587
f 2713/3313/8 2683/3272/8 2712/3316/8
f 2713/3313/2580 2715/3314/2676 2714/3317/2580
f 2713/3313/2677 2679/3318/2579 2681/3269/2579
f 2708/3309/2675 2715/3314/2678 2711/3314/2678
f 2719/3306/2582 2716/3319/2583 2708/3309/2583
f 2720/3320/2588 2717/3306/2589 2719/3306/2589
f 2720/3320/8 2709/3308/8 2722/3321/8
f 2721/3322/8 2722/3321/8 2723/3323/8
f 2721/3322/2590 2718/3324/2590 2720/3320/2590
f 2723/3325/2591 2724/3326/2591 2725/3327/2591
f 2722/3328/2592 2706/3303/2592 2724/3326/2592
f 2728/3329/3 2724/3330/3 2726/3331/3
f 2726/3331/3 2706/3332/3 2704/3299/3
f 2704/3299/2588 2727/3333/2589 2726/3331/2589
f 2726/3331/2590 2729/3329/2590 2728/3329/2590
f 2728/3329/2593 2731/3334/2593 2730/3335/2593
f 2728/3329/3 2733/3336/3 2725/3337/3
f 2730/3335/2594 2839/3338/2594 2732/3339/2594
f 2730/3335/3 2734/3340/3 2733/3336/3
f 2737/3341/2595 2733/3342/2595 2734/3343/2595
f 2735/3344/2596 2725/3327/2596 2733/3342/2596
f 2736/3345/8 2737/3346/8 2738/3347/8
f 2721/3322/8 2735/3348/8 2736/3345/8
f 2742/3349/8 2737/3346/8 2739/3350/8
f 2739/3351/2567 2734/3343/2567 2741/3352/2567
f 2740/3353/2566 2741/3352/2566 2755/3354/2566
f 2743/3355/8 2739/3350/8 2740/3356/8
f 2743/3355/2598 2744/3349/2598 2742/3349/2598
f 2742/3349/2600 2745/3357/2600 2738/3347/2600
f 2749/3358/2571 2746/3355/2571 2743/3355/2571
f 2750/3359/2570 2747/3358/2570 2749/3358/2570
f 2749/3358/8 2752/3360/8 2750/3359/8
f 2749/3358/8 2740/3356/8 2751/3361/8
f 2752/3362/2569 2753/3363/2569 2754/3364/2569
f 2751/3365/2568 2755/3354/2568 2753/3363/2568
f 2756/3366/3 2754/3367/3 2753/3368/3
f 2756/3366/3 2755/3369/3 2758/3370/3
f 2758/3370/2571 2757/3371/2571 2756/3366/2571
f 2756/3366/2570 2760/3372/2570 2759/3373/2570
f 2759/3373/2604 2762/3374/2604 2761/3374/2604
f 2759/3373/3 2763/3375/3 2754/3367/3
f 2761/3374/2578 2765/3376/2578 2764/3377/2578
f 2761/3374/3 2766/3378/3 2763/3375/3
f 2764/3377/2577 2768/3379/2577 2767/3380/2577
f 2764/3377/3 2770/3381/3 2766/3378/3
f 2767/3380/2576 2835/3382/2576 2769/3382/2576
f 2767/3380/3 2771/3383/3 2770/3381/3
f 2774/3384/2575 2770/3385/2575 2771/3386/2575
f 2772/3387/2574 2766/3388/2574 2770/3385/2574
f 2773/3389/8 2774/3390/8 2784/3391/8
f 2776/3392/8 2772/3393/8 2773/3389/8
f 2775/3394/2573 2763/3395/2573 2766/3388/2573
f 2778/3396/8 2775/3397/8 2776/3392/8
f 2777/3398/2673 2754/3364/2673 2763/3395/2673
f 2750/3359/8 2777/3399/8 2778/3396/8
f 2776/3392/2578 2779/3400/2578 2778/3396/2578
f 2778/3396/2604 2748/3401/2604 2750/3359/2604
f 2773/3389/2577 2780/3402/2577 2776/3392/2577
f 2784/3391/2576 2781/3265/2576 2773/3389/2576
f 2785/3403/2669 2782/3404/2669 2784/3391/2669
f 2784/3391/8 2787/3405/8 2785/3403/8
f 2785/3403/8 2788/3406/8 2786/3407/8
f 2786/3407/2586 2783/3408/2586 2785/3403/2586
f 2788/3409/2580 2789/3410/2580 2790/3411/2580
f 2787/3412/2579 2771/3386/2579 2789/3410/2579
f 2791/3413/3 2790/3414/3 2789/3415/3
f 2769/3382/3 2789/3415/3 2771/3383/3
f 2769/3382/2669 2792/3416/2669 2791/3413/2669
f 2793/3417/2586 2792/3416/2586 2794/3418/2586
f 2795/3419/2607 2794/3418/2607 2796/3420/2607
f 2793/3417/3 2798/3421/3 2790/3414/3
f 2795/3419/2584 2827/3422/2584 2797/3423/2584
f 2795/3419/3 2799/3424/3 2798/3421/3
f 2802/3425/2583 2798/3426/2583 2799/3427/2582
f 2800/3428/2581 2790/3411/2581 2798/3426/2581
f 2801/3429/8 2802/3430/8 2803/3431/8
f 2786/3407/8 2800/3432/8 2801/3429/8
f 2807/3433/8 2802/3430/8 2804/3434/8
f 2806/3435/2588 2802/3425/2588 2799/3427/2588
f 2820/3436/2590 2804/3437/2590 2806/3435/2590
f 2808/3438/8 2804/3434/8 2805/3439/8
f 2807/3433/2679 2811/3440/2591 2809/3433/2680
f 2803/3431/2610 2809/3433/2681 2810/3441/2610
f 2814/3266/2596 2811/3440/2596 2808/3438/2596
f 2815/3442/2595 2812/3266/2595 2814/3266/2595
f 2815/3442/8 2816/3443/8 2817/3444/8
f 2814/3266/8 2805/3439/8 2816/3443/8
f 2817/3445/2594 2818/3446/2594 2819/3447/2594
f 2818/3446/2593 2805/3448/2593 2820/3436/2593
f 2655/3233/3 2818/3449/3 2821/3450/3
f 2821/3450/3 2820/3451/3 2823/3452/3
f 2823/3452/2596 2822/3453/2596 2821/3450/2596
f 2821/3450/2595 2828/3233/2595 2655/3233/2595
f 2825/3454/2591 2824/3452/2591 2823/3452/2591
f 2823/3452/3 2806/3455/3 2825/3454/3
f 2797/3423/2592 2826/3456/2610 2825/3454/2610
f 2825/3454/3 2799/3424/3 2797/3423/3
f 2836/3457/3 2700/3294/3 2658/3236/3
f 2829/3458/2600 2819/3447/2600 2656/3459/2600
f 2815/3442/8 2829/3460/8 2830/3461/8
f 2667/3462/2598 2656/3463/2598 2659/3249/2598
f 2830/3461/8 2667/3254/8 2669/3256/8
f 2669/3256/2566 2831/3464/2566 2830/3461/2566
f 2830/3461/2597 2813/3465/2597 2815/3442/2597
f 2803/3431/2584 2833/3466/2584 2801/3429/2584
f 2801/3429/2607 2834/3467/2607 2786/3407/2607
f 2837/3468/2598 2836/3457/2598 2758/3370/2598
f 2758/3370/3 2741/3469/3 2837/3468/3
f 2732/3339/2600 2838/3470/2600 2837/3468/2600
f 2837/3468/3 2734/3340/3 2732/3339/3
f 2738/3347/2594 2840/3264/2594 2736/3345/2594
f 2736/3345/2593 2841/3471/2593 2721/3322/2593
f 2662/3243/2605 2843/3472/2605 2689/3284/2673
f 2689/3284/3 2664/3473/3 2662/3243/3
f 2675/3474/2668 2664/3247/2668 2687/3279/2668
f 2847/3475/1 2846/3476/1 2845/3477/1
f 2845/3477/2 2850/3478/2 2849/3479/2
f 2847/3475/3 2848/3480/3 3011/3481/3
f 2845/3477/3 2851/3482/3 2848/3480/3
f 2849/3479/4 2853/3483/4 2852/3484/4
f 2849/3479/3 2855/3485/3 2851/3482/3
f 2852/3484/5 3036/3486/5 2854/3487/5
f 2854/3487/3 2855/3485/3 2852/3484/3
f 2858/3488/6 2855/3489/6 2856/3490/6
f 2857/3491/7 2851/3492/7 2855/3489/7
f 2863/3493/8 2857/3494/8 2858/3495/8
f 2861/3496/8 2857/3494/8 2860/3497/8
f 2860/3497/4 3024/3498/4 2861/3496/4
f 2863/3493/5 2862/3499/5 2860/3497/5
f 2865/3500/9 2864/3501/9 2863/3493/9
f 2865/3500/8 2858/3495/8 2867/3502/8
f 2866/3503/8 2867/3502/8 2877/3504/8
f 2866/3503/10 2868/3505/10 2865/3500/10
f 3004/3506/8 2870/3507/8 3032/3508/8
f 2872/3509/11 2869/3510/11 2866/3503/11
f 2873/3511/12 2870/3507/12 2872/3509/12
f 2873/3511/8 2874/3512/8 2875/3513/8
f 2866/3503/8 2874/3512/8 2872/3509/8
f 2875/3514/13 2876/3515/13 2887/3516/13
f 2874/3517/14 2878/3518/14 2876/3515/14
f 2877/3519/15 2879/3520/15 2878/3518/15
f 2880/3521/3 2876/3522/3 2878/3523/3
f 2881/3524/3 2878/3523/3 2879/3525/3
f 2881/3524/10 2882/3521/2682 2880/3521/2682
f 2880/3521/2683 2884/3526/11 2883/3527/11
f 2883/3527/12 2886/3528/12 2885/3529/12
f 2883/3527/3 2887/3530/3 2876/3522/3
f 2885/3529/19 2889/3531/19 2888/3532/19
f 2885/3529/3 2890/3533/3 2887/3530/3
f 2888/3532/20 2892/3534/20 2891/3535/20
f 2888/3532/3 2893/3536/3 2890/3533/3
f 2891/3535/21 2895/3537/21 2894/3538/21
f 2891/3535/3 2897/3539/3 2893/3536/3
f 2894/3538/22 3034/3540/22 2896/3541/22
f 2894/3538/3 2898/3542/3 2897/3539/3
f 2901/3543/23 2897/3544/23 2898/3545/23
f 2899/3546/24 2893/3547/24 2897/3544/24
f 2900/3548/8 2901/3549/8 2911/3550/8
f 2903/3551/8 2899/3552/8 2900/3548/8
f 2902/3553/25 2890/3554/25 2893/3547/25
f 2905/3555/8 2902/3556/8 2903/3551/8
f 2904/3557/26 2887/3516/26 2890/3554/26
f 2905/3555/8 2875/3513/8 2904/3558/8
f 2903/3551/20 2906/3559/20 2905/3555/20
f 2905/3555/19 2871/3560/19 2873/3511/19
f 2900/3548/21 2907/3561/21 2903/3551/21
f 2911/3550/22 2908/3562/22 2900/3548/22
f 2912/3563/27 2909/3564/27 2911/3550/27
f 2911/3550/8 2914/3565/8 2912/3563/8
f 2913/3566/8 2914/3565/8 2915/3567/8
f 2913/3566/28 2910/3563/28 2912/3563/28
f 2915/3568/29 2916/3569/29 2917/3570/29
f 2914/3571/30 2898/3545/30 2916/3569/30
f 2920/3572/3 2916/3573/3 2918/3574/3
f 2896/3541/3 2916/3573/3 2898/3542/3
f 2896/3541/27 2919/3575/27 2918/3574/27
f 2918/3574/28 2921/3576/28 2920/3572/28
f 2920/3572/31 2923/3577/31 2922/3578/31
f 2922/3578/3 2917/3579/3 2920/3572/3
f 2922/3578/32 3031/3580/32 2924/3581/32
f 2922/3578/3 2926/3582/3 2925/3583/3
f 2929/3584/33 2925/3585/33 2926/3586/33
f 2927/3587/34 2917/3570/34 2925/3585/34
f 2928/3588/8 2929/3589/8 2930/3590/8
f 2928/3588/8 2915/3567/8 2927/3591/8
f 2930/3590/8 2931/3592/8 2934/3593/8
f 2931/3594/1 2926/3586/1 2933/3595/1
f 2932/3596/2 2933/3595/2 2947/3597/2
f 2934/3593/8 2932/3598/8 2935/3599/8
f 2935/3599/35 2936/3600/35 2934/3593/35
f 2934/3593/37 2937/3601/36 2930/3590/36
f 2941/3602/2684 2938/3599/2684 2935/3599/2684
f 2942/3603/6 2939/3602/6 2941/3602/6
f 2942/3603/8 2943/3604/8 2944/3605/8
f 2935/3599/8 2943/3604/8 2941/3602/8
f 2944/3606/5 2945/3607/5 2946/3608/5
f 2943/3609/4 2947/3597/4 2945/3607/4
f 2951/3610/3 2945/3611/3 2948/3612/3
f 2950/3613/3 2945/3611/3 2947/3614/3
f 2950/3613/7 2949/3615/2684 2948/3612/2684
f 2948/3612/6 2952/3616/6 2951/3610/6
f 2951/3610/38 2954/3617/38 2953/3617/38
f 2953/3617/3 2946/3618/3 2951/3610/3
f 2953/3617/15 2957/3619/15 2956/3620/15
f 2956/3620/3 2955/3621/3 2953/3617/3
f 2956/3620/14 2960/3622/14 2959/3623/14
f 2959/3623/3 2958/3624/3 2956/3620/3
f 2959/3623/13 3027/3625/13 2961/3625/13
f 2961/3625/3 2962/3626/3 2959/3623/3
f 2966/3627/12 2962/3628/12 2963/3629/12
f 2964/3630/11 2958/3631/11 2962/3628/11
f 2976/3632/8 2964/3633/8 2966/3634/8
f 2965/3635/8 2967/3636/8 2964/3633/8
f 2967/3637/10 2955/3638/10 2958/3631/10
f 2968/3639/8 2969/3640/8 2967/3636/8
f 2969/3641/9 2946/3608/9 2955/3638/9
f 2970/3642/8 2944/3605/8 2969/3640/8
f 2968/3639/15 2971/3642/15 2970/3642/15
f 2970/3642/38 2940/3643/38 2942/3603/38
f 2965/3635/14 2972/3644/14 2968/3639/14
f 2976/3632/13 2973/3645/13 2965/3635/13
f 2977/3646/26 2974/3647/26 2976/3632/26
f 2977/3646/8 2966/3634/8 2979/3648/8
f 2977/3646/8 2980/3649/8 2978/3650/8
f 2978/3650/25 2975/3651/25 2977/3646/25
f 2980/3652/20 2981/3653/20 2982/3654/20
f 2979/3655/19 2963/3629/19 2981/3653/19
f 2983/3656/3 2982/3657/3 2981/3658/3
f 2983/3656/3 2963/3659/3 2961/3625/3
f 2961/3625/26 2984/3660/26 2983/3656/26
f 2983/3656/25 2986/3661/25 2985/3661/25
f 2985/3661/24 2988/3662/24 2987/3663/24
f 2985/3661/3 2990/3664/3 2982/3657/3
f 2987/3663/23 3019/3665/23 2989/3666/23
f 2987/3663/3 2991/3667/3 2990/3664/3
f 2991/3668/22 2992/3669/22 2990/3670/22
f 2990/3670/21 2980/3652/21 2982/3654/21
f 2995/3671/8 2992/3672/8 2994/3673/8
f 2978/3650/8 2992/3672/8 2993/3674/8
f 2995/3671/8 2996/3675/8 2999/3676/8
f 2996/3677/27 2991/3668/27 2998/3678/27
f 3012/3679/28 2996/3677/28 2998/3678/28
f 3000/3680/8 2996/3675/8 2997/3681/8
f 2999/3676/29 3003/3682/29 3001/3683/2685
f 2995/3671/30 3001/3683/30 3002/3684/30
f 3006/3506/34 3003/3682/34 3000/3680/34
f 3007/3685/33 3004/3506/33 3006/3506/33
f 3006/3506/8 3009/3686/8 3007/3685/8
f 3000/3680/8 3008/3687/8 3006/3506/8
f 3009/3688/32 3010/3689/32 3011/3690/32
f 3010/3689/31 2997/3691/31 3012/3679/31
f 3013/3692/3 3011/3481/3 3010/3693/3
f 3015/3694/3 3010/3693/3 3012/3695/3
f 3015/3694/34 3014/3696/34 3013/3692/34
f 3013/3692/33 3020/3475/33 2847/3475/33
f 3017/3697/29 3016/3694/29 3015/3694/29
f 3015/3694/3 2998/3698/3 3017/3697/3
f 2989/3666/30 3018/3697/30 3017/3697/30
f 3017/3697/3 2991/3667/3 2989/3666/3
f 2921/3576/3 2892/3534/3 2850/3478/3
f 3021/3699/37 3011/3690/37 2848/3700/37
f 3007/3685/8 3021/3701/8 3022/3702/8
f 2859/3703/35 2848/3704/35 2851/3492/35
f 3022/3702/8 2859/3705/8 2861/3496/8
f 2861/3496/2 3023/3706/2 3022/3702/2
f 3022/3702/1 3005/3685/1 3007/3685/1
f 2995/3671/23 3025/3707/23 2993/3674/23
f 2993/3674/39 3026/3708/24 2978/3650/24
f 3029/3709/35 3028/3710/35 2950/3613/35
f 3029/3709/3 2947/3614/3 2933/3711/3
f 2924/3581/37 3030/3712/37 3029/3709/37
f 2924/3581/3 2933/3711/3 2926/3582/3
f 2930/3590/32 3032/3508/32 2928/3588/32
f 2928/3588/31 3033/3713/31 2913/3566/31
f 2854/3487/9 3035/3714/9 2881/3524/9
f 2881/3524/3 2856/3715/3 2854/3487/3
f 2867/3716/38 2856/3490/38 2879/3520/38
f 3/1/1 176/1/1 2/2/1
f 1/3/2 2/2/2 6/4/2
f 1/3/3 4/8/3 167/6/3
f 1/3/3 5/5/3 7/7/3
f 5/5/4 6/4/4 9/9/4
f 5/5/3 8/10/3 11/11/3
f 8/10/5 9/9/5 192/12/5
f 8/10/3 10/13/3 12/14/3
f 14/15/6 13/18/6 11/16/6
f 13/18/7 15/235/7 7/19/7
f 16/20/8 13/24/8 14/21/8
f 17/23/8 15/237/8 13/24/8
f 16/20/4 18/26/4 180/25/4
f 19/22/5 20/28/5 18/26/5
f 21/27/9 24/27/9 20/28/9
f 21/27/8 19/22/8 14/21/8
f 22/30/8 21/27/8 23/29/8
f 22/30/10 25/36/10 24/27/10
f 160/34/8 161/239/8 179/238/8
f 179/238/8 180/25/8 18/26/8
f 18/26/8 20/28/8 26/38/8
f 20/28/8 24/27/8 26/38/8
f 24/27/8 25/36/8 26/38/8
f 26/38/8 27/87/8 64/88/8
f 27/87/8 62/86/8 64/88/8
f 62/86/8 63/82/8 64/88/8
f 64/88/8 65/90/8 188/32/8
f 65/90/8 66/94/8 188/32/8
f 66/94/8 189/245/8 188/32/8
f 188/32/8 93/128/8 95/129/8
f 93/128/8 92/127/8 95/129/8
f 92/127/8 94/126/8 95/129/8
f 95/129/8 96/172/8 127/171/8
f 127/171/8 128/173/8 129/33/8
f 129/33/8 130/175/8 131/179/8
f 131/179/8 182/241/2686 181/240/8
f 181/240/8 158/213/2687 157/212/8
f 157/212/8 159/215/8 160/34/8
f 160/34/8 179/238/8 26/38/8
f 179/238/8 18/26/8 26/38/8
f 95/129/8 127/171/8 188/32/8
f 127/171/8 129/33/8 188/32/8
f 129/33/8 131/179/8 181/240/8
f 181/240/8 157/212/8 160/34/8
f 26/38/8 64/88/8 160/34/8
f 64/88/8 188/32/8 160/34/8
f 129/33/8 181/240/8 160/34/8
f 28/35/11 26/38/11 25/36/11
f 29/37/12 27/87/12 26/38/12
f 29/37/8 28/35/8 30/39/8
f 22/30/8 33/31/8 30/39/8
f 31/41/13 30/44/13 32/42/13
f 30/44/14 33/46/14 34/45/14
f 33/46/15 23/247/15 35/47/15
f 36/48/3 39/55/3 32/49/3
f 37/51/3 36/48/3 34/50/3
f 37/51/10 191/246/10 38/53/10
f 36/48/11 38/53/11 40/54/11
f 39/55/16 40/54/16 42/56/17
f 41/57/3 43/60/3 32/49/3
f 41/57/18 42/56/18 45/58/19
f 44/59/3 46/63/3 43/60/3
f 44/59/20 45/58/20 48/61/20
f 47/62/3 49/66/3 46/63/3
f 47/62/21 48/61/21 51/64/21
f 50/65/3 53/69/3 49/66/3
f 50/65/22 51/64/22 190/67/22
f 52/68/3 54/102/3 53/69/3
f 57/70/23 55/73/23 53/71/23
f 55/73/24 58/80/24 49/74/24
f 67/75/8 56/78/8 55/76/8
f 56/78/8 59/82/8 58/79/8
f 58/80/25 60/84/25 46/81/25
f 59/82/8 61/85/8 60/83/8
f 60/84/26 31/41/26 43/43/26
f 61/85/8 29/37/8 31/40/8
f 59/82/20 63/82/20 62/86/20
f 61/85/19 62/86/19 27/87/19
f 56/78/21 64/88/21 63/82/21
f 67/75/22 65/90/22 64/88/22
f 68/89/27 66/94/27 65/90/27
f 68/89/8 67/75/8 57/77/8
f 68/89/8 70/91/8 71/92/8
f 69/93/28 189/245/28 66/94/28
f 71/95/29 70/98/29 72/96/29
f 70/98/30 57/70/30 54/72/30
f 74/99/3 76/104/3 73/100/3
f 74/99/3 72/101/3 54/102/3
f 52/68/27 190/67/27 75/103/27
f 74/99/28 75/103/28 77/104/28
f 76/104/31 77/104/31 79/105/31
f 76/104/3 78/106/3 81/107/3
f 78/106/32 79/105/32 187/108/32
f 78/106/3 80/109/3 82/110/3
f 85/111/33 83/114/33 81/112/33
f 83/114/34 71/95/34 73/97/34
f 84/115/8 83/118/8 85/116/8
f 69/93/8 71/92/8 83/118/8
f 86/117/8 85/116/8 87/119/8
f 87/121/1 85/111/1 82/113/1
f 88/123/2 87/121/2 89/122/2
f 90/120/8 87/119/8 88/125/8
f 91/126/35 94/126/35 92/127/35
f 90/120/36 92/127/36 93/128/37
f 97/129/7 95/129/7 94/126/7
f 98/130/6 96/172/6 95/129/6
f 97/129/8 99/132/8 100/131/8
f 97/129/8 91/126/8 88/125/8
f 100/133/5 99/136/5 101/134/5
f 99/136/4 88/123/4 103/124/4
f 107/137/3 102/146/3 101/138/3
f 104/139/3 101/138/3 103/140/3
f 106/141/7 184/230/7 105/142/7
f 104/139/6 105/142/6 108/143/6
f 107/137/38 108/143/38 110/144/38
f 107/137/3 109/144/3 111/145/3
f 109/144/15 110/144/15 113/147/15
f 112/148/3 114/151/3 111/145/3
f 112/148/14 113/147/14 116/149/14
f 115/150/3 118/154/3 114/151/3
f 115/150/13 116/149/13 183/152/13
f 115/150/3 117/152/3 119/153/3
f 122/155/12 120/158/12 118/156/12
f 120/158/11 123/165/11 114/159/11
f 132/160/8 121/163/8 120/161/8
f 121/163/8 124/167/8 123/164/8
f 123/165/10 125/169/10 111/166/10
f 124/167/8 126/170/8 125/168/8
f 125/169/9 100/133/9 102/135/9
f 98/130/8 100/131/8 125/168/8
f 124/167/15 128/173/15 127/171/15
f 126/170/38 127/171/38 96/172/38
f 121/163/14 129/33/14 128/173/14
f 132/160/13 130/175/13 129/33/13
f 133/174/26 131/179/26 130/175/26
f 133/174/8 132/160/8 122/162/8
f 134/177/8 133/174/8 135/176/8
f 134/177/25 182/241/25 131/179/25
f 136/180/20 135/183/20 137/181/20
f 135/183/19 122/155/19 119/157/19
f 141/184/3 138/192/3 137/185/3
f 139/186/3 137/185/3 119/153/3
f 117/152/26 183/152/26 140/187/26
f 141/184/25 139/186/25 140/187/25
f 143/189/24 141/184/39 142/188/39
f 141/184/3 143/189/3 146/191/3
f 143/189/23 144/190/23 175/193/23
f 143/189/3 145/194/3 147/195/3
f 150/196/22 148/199/22 146/197/22
f 148/199/21 136/180/21 138/182/21
f 149/200/8 148/203/8 150/201/8
f 134/177/8 136/178/8 148/203/8
f 155/204/8 151/202/8 150/201/8
f 152/206/27 150/196/27 147/198/27
f 153/208/28 152/206/28 154/207/28
f 156/210/8 155/204/8 152/205/8
f 156/210/29 159/215/29 157/212/29
f 155/204/30 157/212/30 158/213/30
f 162/214/34 160/34/34 159/215/34
f 163/216/33 161/239/33 160/34/33
f 163/216/8 162/214/8 164/217/8
f 156/210/8 153/211/8 164/217/8
f 165/219/32 164/222/32 166/220/32
f 164/222/31 153/208/31 168/209/31
f 3/1/3 167/6/3 166/223/3
f 171/225/3 169/224/3 166/223/3
f 171/225/34 172/225/34 170/227/34
f 169/224/33 170/227/33 176/1/33
f 173/228/29 174/228/29 172/225/29
f 171/225/3 168/226/3 154/229/3
f 145/194/30 175/193/30 174/228/30
f 173/228/3 154/229/3 147/195/3
f 6/4/3 2/2/3 176/1/3
f 176/1/3 170/227/3 172/225/3
f 172/225/3 174/228/3 175/193/3
f 175/193/3 144/190/3 172/225/3
f 144/190/3 142/188/3 172/225/3
f 142/188/3 140/187/3 113/147/3
f 140/187/3 183/152/3 113/147/3
f 183/152/3 116/149/3 113/147/3
f 113/147/3 110/144/3 184/230/3
f 110/144/3 108/143/3 184/230/3
f 108/143/3 105/142/3 184/230/3
f 184/230/3 186/244/3 187/108/3
f 187/108/3 79/105/3 77/104/3
f 77/104/3 75/103/3 190/67/3
f 190/67/3 51/64/2688 48/61/3
f 48/61/3 45/58/3 42/56/3
f 42/56/3 40/54/3 38/53/3
f 38/53/3 191/246/3 6/4/3
f 191/246/3 192/12/3 6/4/3
f 192/12/3 9/9/3 6/4/3
f 6/4/3 176/1/3 142/188/3
f 176/1/3 172/225/3 142/188/3
f 184/230/3 187/108/3 48/61/3
f 187/108/3 77/104/3 48/61/3
f 77/104/3 190/67/3 48/61/3
f 48/61/3 42/56/3 6/4/3
f 42/56/3 38/53/3 6/4/3
f 142/188/3 113/147/3 6/4/3
f 113/147/3 184/230/3 6/4/3
f 177/231/37 165/219/37 167/221/37
f 178/233/8 163/216/8 165/218/8
f 15/235/35 177/3717/35 4/236/35
f 178/233/8 177/234/8 15/237/8
f 17/23/2 180/25/2 179/238/2
f 178/233/1 179/238/1 161/239/1
f 151/202/23 158/213/23 181/240/23
f 149/200/39 181/240/39 182/241/39
f 185/242/35 186/244/35 184/230/35
f 185/242/3 106/141/3 103/140/3
f 80/109/37 187/108/37 186/244/37
f 80/109/3 185/242/3 89/243/3
f 86/117/32 93/128/32 188/32/32
f 84/115/31 188/32/31 189/245/31
f 10/13/9 192/12/9 191/246/9
f 10/13/3 37/51/3 35/52/3
f 23/247/38 14/15/38 12/17/38
f 307/248/40 194/251/40 193/249/40
f 194/251/42 199/256/44 197/252/43
f 193/249/45 195/254/45 208/253/45
f 197/252/47 200/258/49 195/254/48
f 296/255/50 198/372/50 197/252/50
f 197/252/51 198/372/51 201/257/51
f 201/257/52 203/347/52 202/259/53
f 200/258/54 202/259/54 205/260/54
f 202/261/55 203/348/56 270/262/56
f 202/261/57 204/263/2689 206/264/58
f 195/254/59 205/260/59 207/266/59
f 205/265/60 206/264/60 209/267/61
f 208/253/62 207/266/2690 210/269/63
f 207/268/64 209/267/64 212/271/64
f 214/273/65 211/270/66 210/269/66
f 212/271/68 215/278/68 213/275/68
f 217/276/69 214/273/69 213/274/69
f 215/278/70 218/282/71 216/279/71
f 220/280/72 217/276/72 216/277/72
f 218/282/73 221/359/2691 219/283/74
f 223/284/75 220/280/75 219/281/76
f 219/283/77 221/359/77 224/286/78
f 223/284/79 222/285/79 225/288/79
f 222/287/80 224/286/81 227/290/81
f 226/289/82 225/288/82 228/292/82
f 225/291/83 227/290/83 230/294/83
f 229/293/84 228/292/2692 231/296/84
f 228/295/85 230/294/85 233/298/85
f 235/300/86 232/297/86 231/296/86
f 233/298/87 236/305/87 234/302/87
f 238/303/88 235/300/90 234/301/89
f 236/305/91 239/309/91 237/306/91
f 241/307/92 238/303/93 237/304/93
f 239/309/94 242/313/94 240/310/94
f 244/311/95 241/307/95 240/308/95
f 242/313/96 245/317/97 243/314/97
f 247/315/98 244/311/98 243/312/99
f 245/317/100 248/367/2693 246/318/100
f 247/315/101 246/316/102 249/319/102
f 246/318/103 248/367/2694 251/321/103
f 250/320/104 249/319/104 252/323/104
f 249/322/105 251/321/105 254/325/106
f 253/324/107 252/323/107 255/327/108
f 252/326/109 254/325/109 257/329/109
f 256/328/110 255/327/111 258/331/111
f 255/330/112 257/329/112 260/333/112
f 259/332/113 258/331/113 261/335/113
f 258/334/114 260/333/114 263/337/114
f 265/339/115 262/336/115 261/335/115
f 264/341/117 261/338/118 263/337/118
f 268/343/119 265/339/119 264/340/119
f 267/345/120 264/341/120 266/342/120
f 201/257/121 268/343/121 267/344/121
f 203/348/122 267/345/123 269/346/122
f 269/346/124 266/342/2695 272/349/124
f 270/262/125 269/346/126 271/350/126
f 271/350/127 272/349/179 282/352/128
f 274/351/129 271/350/131 273/353/130
f 204/263/132 270/262/132 274/351/133
f 276/355/134 274/351/134 275/354/134
f 206/264/135 204/263/135 276/355/135
f 209/267/136 276/355/2696 277/356/136
f 278/357/137 277/356/137 275/354/137
f 215/278/138 212/271/138 277/356/138
f 218/282/140 215/278/140 278/357/140
f 221/359/141 278/357/141 279/358/142
f 224/286/143 279/358/143 280/360/144
f 279/358/145 275/354/2697 273/353/146
f 280/360/148 273/353/148 282/352/149
f 227/290/151 280/360/152 281/361/152
f 230/294/153 281/361/2698 283/362/153
f 281/361/150 282/352/149 284/363/154
f 284/363/155 286/365/155 285/364/156
f 283/362/157 285/364/157 236/305/158
f 285/364/159 287/366/159 239/309/160
f 286/365/162 288/369/162 287/366/163
f 287/366/165 288/369/165 248/367/165
f 287/366/166 245/317/166 242/313/167
f 289/368/168 251/321/168 248/367/168
f 289/368/169 288/369/170 286/365/170
f 257/329/171 289/368/2699 290/370/171
f 254/325/173 251/321/174 289/368/174
f 260/333/175 290/370/175 291/371/175
f 290/370/176 286/365/177 284/363/177
f 266/342/178 263/337/178 291/371/178
f 272/349/179 291/371/180 284/363/180
f 198/372/181 292/373/182 268/343/182
f 292/373/183 293/504/183 265/339/183
f 295/374/184 293/504/184 292/373/184
f 294/375/185 292/373/185 198/372/186
f 294/375/187 297/377/187 299/376/187
f 296/255/188 300/384/188 297/377/188
f 298/378/189 297/382/189 300/379/189
f 328/381/190 299/422/190 297/382/190
f 296/255/191 199/256/191 302/383/192
f 301/380/193 300/379/193 302/385/194
f 199/256/195 194/251/195 304/387/195
f 305/388/196 303/386/2700 302/385/197
f 194/251/198 307/248/198 306/390/198
f 308/391/199 305/388/200 304/389/200
f 307/248/201 310/397/202 309/393/202
f 311/394/204 308/391/204 306/392/204
f 313/396/205 312/401/2701 309/393/206
f 311/394/207 309/395/207 312/398/207
f 382/400/208 314/485/208 312/401/208
f 315/399/209 312/398/209 314/402/210
f 316/403/211 318/406/211 317/404/211
f 315/399/212 317/404/2702 320/405/212
f 318/406/213 375/475/213 319/407/214
f 317/404/215 319/407/215 321/408/215
f 321/408/216 323/410/216 322/409/216
f 320/405/217 322/409/2703 308/391/217
f 323/410/218 301/380/219 303/386/219
f 322/409/220 303/386/220 305/388/220
f 325/411/221 324/412/223 323/410/222
f 324/412/224 298/378/224 301/380/225
f 327/413/226 326/414/230 324/412/227
f 326/414/228 328/381/2704 298/378/228
f 330/415/229 329/416/229 326/414/230
f 329/416/231 332/419/231 328/381/231
f 330/415/232 359/452/232 331/417/233
f 329/416/234 331/417/234 333/418/235
f 332/419/236 333/418/236 336/420/236
f 332/419/237 334/421/237 299/422/237
f 295/374/238 299/376/2705 334/423/238
f 337/425/239 335/424/239 334/423/239
f 339/427/240 337/425/241 336/426/241
f 333/418/243 340/432/243 338/429/243
f 342/430/245 339/427/246 338/428/246
f 340/432/247 343/436/247 341/433/247
f 345/434/248 342/430/248 341/431/248
f 343/436/249 346/440/250 344/437/250
f 348/438/251 345/434/251 344/435/252
f 346/440/253 349/445/2706 347/441/253
f 348/438/254 347/439/255 350/442/255
f 353/444/256 350/449/256 347/441/256
f 351/443/258 350/442/258 352/446/258
f 354/448/259 352/456/260 350/449/260
f 355/450/261 353/444/261 349/445/261
f 355/450/262 357/454/263 354/448/263
f 359/452/264 356/453/265 355/450/265
f 356/453/266 361/457/2707 357/454/267
f 349/445/268 346/440/268 360/455/268
f 359/452/269 358/451/269 360/455/270
f 360/455/271 346/440/271 343/436/272
f 331/417/273 360/455/273 340/432/274
f 330/415/276 371/471/276 356/453/277
f 357/454/278 362/458/278 352/456/278
f 361/457/279 364/466/279 362/458/279
f 395/447/280 352/446/280 362/459/281
f 363/460/282 362/459/282 364/461/283
f 365/462/284 364/461/284 366/463/284
f 369/465/285 366/3718/285 364/466/285
f 390/467/286 367/464/286 366/463/286
f 368/469/288 366/3718/289 369/465/289
f 371/471/290 369/465/290 361/457/291
f 370/470/292 369/465/292 371/471/292
f 372/472/293 371/471/294 330/415/294
f 373/473/296 372/472/293 327/413/295
f 374/474/297 370/470/297 372/472/298
f 319/407/299 373/473/2708 325/411/300
f 375/475/302 374/474/302 373/473/302
f 376/476/304 368/469/304 370/470/304
f 378/477/305 376/476/306 374/474/306
f 377/478/307 390/467/307 368/468/307
f 379/480/308 377/478/308 376/479/308
f 379/480/309 378/481/309 380/482/310
f 380/484/311 378/477/312 375/475/312
f 381/483/313 380/482/313 314/485/313
f 316/403/314 314/402/314 380/484/315
f 382/400/317 385/488/319 383/486/318
f 383/486/320 384/487/320 379/480/320
f 383/486/321 220/280/321 223/284/321
f 217/276/322 220/280/324 383/486/323
f 313/396/325 386/489/2709 385/488/325
f 214/273/326 217/276/326 385/488/326
f 211/270/328 214/273/2710 386/489/328
f 310/397/329 387/490/329 386/489/329
f 196/250/331 208/253/2711 211/270/331
f 310/397/332 307/248/2712 196/250/332
f 384/487/333 223/284/333 226/289/333
f 384/487/334 388/491/334 377/478/334
f 388/491/335 226/289/335 229/293/335
f 388/491/336 389/492/336 390/467/336
f 229/293/337 232/297/337 391/493/338
f 390/467/339 389/492/339 391/493/340
f 367/464/341 391/493/341 392/494/341
f 232/297/342 235/300/342 392/494/342
f 235/300/343 238/303/345 393/495/344
f 365/462/346 392/494/348 393/495/347
f 238/303/349 241/307/351 394/496/350
f 363/460/352 393/495/354 394/496/353
f 241/307/355 244/311/357 396/497/356
f 395/447/358 394/496/2713 396/497/359
f 244/311/361 247/315/361 397/498/362
f 351/443/363 396/497/364 397/498/364
f 397/498/365 247/315/366 250/320/366
f 345/434/367 348/438/367 397/498/368
f 398/499/369 250/320/371 253/324/370
f 342/430/372 345/434/374 398/499/373
f 399/500/375 253/324/2714 256/328/376
f 339/427/377 342/430/2715 399/500/378
f 400/501/379 256/328/381 259/332/380
f 337/425/382 339/427/384 400/501/383
f 335/424/385 337/425/385 401/502/385
f 401/502/386 259/332/386 262/336/386
f 295/374/387 335/424/387 402/503/388
f 402/503/389 262/336/390 265/339/390
f 403/505/391 406/513/391 408/506/391
f 405/509/392 403/505/392 849/989/392
f 403/505/392 404/507/392 849/989/392
f 404/507/392 850/990/392 849/989/392
f 849/989/392 848/988/2716 847/987/392
f 847/987/392 846/986/392 849/989/392
f 846/986/392 845/985/392 849/989/392
f 845/985/392 844/984/2716 841/981/392
f 844/984/2716 843/983/2717 841/981/392
f 843/983/2717 842/982/2716 841/981/392
f 841/981/392 840/980/2717 839/979/2716
f 839/979/2716 838/978/392 837/510/392
f 837/510/392 836/977/2716 835/976/2716
f 835/976/2716 834/975/392 837/510/392
f 834/975/392 833/974/392 837/510/392
f 833/974/392 832/973/392 831/972/392
f 831/972/392 830/971/392 829/970/392
f 829/970/392 828/969/392 827/968/392
f 827/968/392 826/967/2718 825/508/392
f 825/508/392 824/966/392 823/965/392
f 823/965/392 822/964/2718 405/509/392
f 841/981/392 839/979/2716 837/510/392
f 833/974/392 831/972/392 837/510/392
f 831/972/392 829/970/392 837/510/392
f 829/970/392 827/968/392 825/508/392
f 825/508/392 823/965/392 405/509/392
f 405/509/392 849/989/392 845/985/392
f 845/985/392 841/981/392 405/509/392
f 841/981/392 837/510/392 405/509/392
f 829/970/392 825/508/392 837/510/392
f 407/511/393 406/513/393 403/505/393
f 410/512/394 409/514/394 406/513/394
f 409/514/395 411/517/395 408/506/395
f 413/515/396 412/519/396 409/514/396
f 409/514/397 412/519/397 414/516/397
f 417/518/398 415/3719/399 412/519/399
f 412/519/400 415/3719/400 416/520/401
f 416/521/403 415/525/404 418/522/404
f 417/524/405 421/527/405 418/522/405
f 419/526/407 519/637/407 420/523/407
f 421/527/408 422/529/408 419/526/408
f 423/528/409 424/860/409 422/529/409
f 417/524/411 426/533/411 423/528/411
f 744/530/412 424/860/412 423/528/412
f 428/532/413 425/531/413 423/528/414
f 426/534/415 417/518/415 413/515/415
f 428/536/416 426/534/416 427/535/416
f 430/538/417 428/536/417 429/537/417
f 430/540/418 433/544/418 425/531/419
f 432/541/421 430/538/422 431/539/422
f 432/543/423 435/545/423 433/544/423
f 435/545/424 436/864/424 434/546/424
f 433/544/425 434/546/425 744/530/425
f 432/543/426 438/549/427 437/547/427
f 439/548/428 436/864/2719 435/545/428
f 438/549/429 441/552/429 440/550/429
f 440/550/431 442/867/431 439/548/431
f 444/551/432 443/554/432 440/550/433
f 445/553/434 442/867/434 440/550/434
f 447/555/435 446/556/435 443/554/435
f 446/556/436 448/869/436 445/553/436
f 450/557/437 449/559/437 446/556/437
f 451/558/438 448/869/2720 446/556/438
f 450/557/439 453/561/439 452/560/439
f 452/560/440 454/872/440 451/558/440
f 453/561/441 456/564/442 455/562/442
f 457/563/443 454/872/443 452/560/443
f 456/564/444 459/566/445 458/565/445
f 458/565/447 460/876/447 457/563/447
f 459/566/448 462/569/448 461/567/448
f 463/568/449 460/876/449 458/565/449
f 462/569/450 465/572/451 464/570/451
f 464/570/452 466/878/452 463/568/452
f 468/571/453 467/574/453 464/570/454
f 469/573/455 466/878/455 464/570/455
f 468/571/456 471/577/456 470/575/456
f 470/575/457 472/882/457 469/573/457
f 474/576/458 473/579/2721 470/575/458
f 475/578/459 472/882/459 470/575/459
f 477/580/460 476/582/460 473/579/460
f 478/581/461 475/578/461 473/579/461
f 482/583/462 479/584/462 476/582/462
f 479/584/463 480/586/463 478/581/463
f 481/585/465 745/886/465 480/586/465
f 482/583/466 484/593/467 481/585/467
f 482/587/469 477/1006/469 773/588/469
f 485/590/470 484/592/470 482/587/470
f 487/591/471 486/3720/2722 484/592/471
f 484/593/472 486/598/473 489/594/473
f 488/595/474 486/3720/474 487/591/474
f 488/597/476 491/599/476 489/594/476
f 491/599/477 492/890/477 490/600/477
f 490/600/478 745/886/478 481/585/478
f 494/601/479 492/890/479 491/599/479
f 488/597/480 496/605/480 493/602/480
f 746/603/481 494/601/481 493/602/481
f 496/605/482 498/612/482 495/604/482
f 496/606/483 488/595/483 764/596/483
f 499/608/484 498/610/484 496/606/484
f 501/609/485 500/3721/485 498/610/485
f 500/611/486 503/616/486 495/604/487
f 502/613/488 500/3721/488 501/609/488
f 502/615/489 505/618/2723 503/616/490
f 506/617/492 504/894/492 503/616/492
f 503/616/493 504/894/494 746/603/494
f 508/619/495 506/617/495 505/618/495
f 510/621/496 507/620/496 505/618/497
f 518/622/498 508/619/498 507/620/498
f 512/624/499 509/623/499 507/620/500
f 510/625/501 502/613/2724 755/614/502
f 512/627/503 510/625/503 511/626/503
f 515/629/504 514/631/504 512/627/504
f 512/624/505 514/632/506 516/630/506
f 414/516/507 416/520/507 514/631/508
f 514/632/509 416/521/2725 420/523/509
f 420/523/510 519/637/510 517/633/510
f 516/630/511 517/633/511 518/622/511
f 522/634/512 518/622/512 517/633/512
f 523/636/513 520/635/514 517/633/514
f 524/638/515 521/641/515 520/639/515
f 521/641/516 689/804/516 522/642/516
f 525/643/518 527/649/518 524/638/518
f 523/636/519 519/637/519 419/526/520
f 525/644/521 419/526/521 422/529/521
f 528/646/522 527/649/522 525/643/522
f 528/646/523 531/653/523 529/648/523
f 527/649/524 529/648/524 530/650/524
f 532/651/525 534/655/525 530/650/525
f 535/652/526 532/651/526 529/648/526
f 533/654/527 625/741/527 534/655/527
f 536/656/528 533/654/2726 532/651/529
f 538/657/530 537/659/530 535/652/530
f 539/658/531 536/656/531 535/652/531
f 540/660/532 537/659/532 538/657/532
f 542/662/533 539/658/533 537/659/533
f 543/663/534 540/660/534 541/661/534
f 545/665/535 542/662/535 540/660/535
f 547/666/536 546/667/536 543/663/536
f 546/667/537 548/670/537 545/665/538
f 550/668/539 549/669/2727 546/667/539
f 549/669/540 551/673/540 548/670/540
f 553/671/541 552/672/541 549/669/541
f 552/672/542 554/676/542 551/673/542
f 555/674/543 552/672/543 553/671/543
f 555/674/544 557/679/544 554/676/544
f 558/677/545 555/674/545 556/675/545
f 558/677/546 560/682/546 557/679/546
f 561/680/547 558/677/547 559/678/547
f 561/680/548 563/763/548 560/682/548
f 565/683/549 564/685/549 561/680/549
f 566/684/550 563/763/551 561/680/551
f 568/686/552 567/687/552 564/685/552
f 567/687/553 569/767/553 566/684/553
f 571/688/554 570/690/554 567/687/554
f 572/689/555 569/767/555 567/687/555
f 573/691/556 570/690/556 571/688/556
f 575/693/557 572/689/557 570/690/557
f 577/694/558 576/696/558 573/691/558
f 578/695/559 575/693/559 573/691/559
f 580/697/560 579/699/560 576/696/560
f 581/698/561 578/695/561 576/696/561
f 583/700/562 582/702/563 579/699/563
f 584/701/564 581/698/564 579/699/564
f 586/703/565 585/705/565 582/702/565
f 587/704/566 584/701/566 582/702/566
f 588/706/567 585/705/567 586/703/567
f 590/708/568 587/704/2728 585/705/568
f 592/709/569 591/710/569 588/706/569
f 591/710/570 593/713/570 590/708/571
f 594/711/572 591/710/572 592/709/572
f 594/711/573 596/716/573 593/713/573
f 597/714/574 594/711/574 595/712/574
f 597/714/575 599/719/575 596/716/575
f 601/717/576 600/718/576 597/714/576
f 600/718/577 602/722/577 599/719/577
f 603/720/578 600/718/578 601/717/578
f 603/720/579 605/725/579 602/722/579
f 606/723/580 603/720/580 604/721/580
f 606/723/581 608/791/581 605/725/581
f 610/726/583 609/728/583 606/723/583
f 611/727/584 608/791/584 606/723/584
f 612/729/585 609/728/585 610/726/585
f 612/729/587 614/733/587 611/727/587
f 616/731/588 615/732/588 612/729/588
f 615/732/589 617/736/589 614/733/589
f 618/734/590 615/732/590 616/731/590
f 618/734/591 620/739/591 617/736/591
f 622/737/592 621/738/592 618/734/592
f 621/738/594 623/740/594 620/739/594
f 534/655/595 621/738/595 622/737/595
f 534/655/596 625/741/596 623/740/596
f 625/741/597 626/745/597 624/742/597
f 624/742/598 686/798/598 620/739/598
f 628/743/599 626/745/599 625/741/599
f 627/744/600 688/800/600 624/742/600
f 629/746/601 627/744/601 626/745/601
f 630/747/602 631/3722/602 629/746/602
f 536/656/603 630/747/603 628/743/603
f 539/658/604 632/749/604 630/747/604
f 633/748/605 631/3722/605 630/747/605
f 542/662/606 634/750/606 632/749/606
f 634/750/607 635/752/607 633/748/607
f 545/665/608 636/751/608 634/750/608
f 636/751/609 637/754/609 635/752/609
f 638/753/610 636/751/610 545/665/610
f 638/753/611 639/3723/2729 637/754/612
f 640/755/613 638/753/613 548/670/613
f 641/756/614 639/3723/614 638/753/614
f 554/676/615 642/758/615 640/755/615
f 643/757/616 641/756/616 640/755/616
f 557/679/617 644/760/617 642/758/617
f 645/759/618 643/757/618 642/758/618
f 560/682/619 646/761/619 644/760/619
f 646/761/620 647/3724/620 645/759/620
f 648/762/621 646/761/621 560/682/621
f 649/764/622 647/3724/622 646/761/622
f 650/765/623 648/762/623 563/763/623
f 650/765/624 651/3725/624 649/764/624
f 652/766/625 650/765/625 566/684/625
f 653/768/626 651/3725/627 650/765/627
f 572/689/628 654/770/628 652/766/628
f 655/769/629 653/768/629 652/766/629
f 575/693/631 656/772/631 654/770/631
f 657/771/632 655/769/633 654/770/633
f 658/773/634 656/772/634 575/693/634
f 659/774/635 657/771/635 656/772/635
f 660/775/637 658/773/637 578/695/637
f 660/775/638 661/777/638 659/774/638
f 662/776/639 660/775/639 581/698/639
f 662/776/641 663/779/641 661/777/641
f 587/704/642 664/778/642 662/776/642
f 664/778/643 665/3726/643 663/779/643
f 590/708/644 666/781/644 664/778/644
f 667/780/645 665/3726/2730 664/778/645
f 593/713/646 668/782/646 666/781/646
f 668/782/647 669/3727/647 667/780/647
f 670/783/648 668/782/648 593/713/648
f 671/784/650 669/3727/650 668/782/650
f 672/785/651 670/783/651 596/716/651
f 673/786/652 671/784/2731 670/783/652
f 674/787/653 672/785/653 599/719/653
f 674/787/654 675/789/654 673/786/654
f 676/788/656 674/787/656 602/722/656
f 676/788/658 677/3728/658 675/789/658
f 678/790/659 676/788/660 605/725/660
f 679/792/661 677/3728/661 676/788/661
f 611/727/662 680/794/662 678/790/662
f 681/793/663 679/792/663 678/790/663
f 682/795/664 680/794/665 611/727/665
f 683/796/666 681/793/666 680/794/666
f 684/797/668 682/795/668 614/733/668
f 684/797/669 685/799/669 683/796/669
f 686/798/670 684/797/671 617/736/671
f 686/798/672 687/3729/672 685/799/672
f 688/800/673 687/3729/673 686/798/673
f 688/801/674 627/3730/2732 629/3731/674
f 629/3731/674 631/3732/2732 633/3733/2732
f 633/3733/2732 635/3734/674 641/802/674
f 635/3734/674 637/3735/2733 641/802/674
f 637/3735/2733 639/3736/674 641/802/674
f 641/802/674 643/3737/2732 645/3738/674
f 645/3738/674 647/3739/674 641/802/674
f 647/3739/674 649/3740/674 641/802/674
f 649/3740/674 651/3741/2734 653/3742/2735
f 653/3742/2735 655/3743/2732 649/3740/674
f 655/3743/2732 657/803/674 649/3740/674
f 657/803/674 659/3744/674 665/3745/674
f 659/3744/674 661/3746/2732 665/3745/674
f 661/3746/2732 663/3747/2736 665/3745/674
f 665/3745/674 667/3748/2737 669/3749/2736
f 669/3749/2736 671/3750/674 673/3751/674
f 673/3751/674 675/3752/674 681/3753/674
f 675/3752/674 677/3754/674 681/3753/674
f 677/3754/674 679/3755/674 681/3753/674
f 681/3753/674 683/3756/2738 685/3757/2739
f 685/3757/2739 687/3758/674 681/3753/674
f 687/3758/674 688/801/674 681/3753/674
f 688/801/674 629/3731/674 641/802/674
f 629/3731/674 633/3733/2732 641/802/674
f 665/3745/674 669/3749/2736 673/3751/674
f 641/802/674 649/3740/674 657/803/674
f 657/803/674 665/3745/674 688/801/674
f 665/3745/674 673/3751/674 688/801/674
f 673/3751/674 681/3753/674 688/801/674
f 521/641/675 622/737/675 619/735/675
f 530/650/676 622/737/676 521/641/676
f 619/735/677 616/731/677 690/805/677
f 522/642/678 689/804/678 690/805/678
f 691/806/679 690/805/679 692/807/679
f 616/731/680 613/730/680 692/807/680
f 692/807/681 694/810/681 695/809/681
f 613/730/682 610/726/682 694/810/682
f 695/809/683 694/810/683 696/811/683
f 694/810/684 610/726/684 607/724/684
f 697/812/685 696/811/685 698/813/685
f 696/811/686 607/724/686 604/721/686
f 698/813/687 700/816/687 701/815/687
f 604/721/688 601/717/688 700/816/688
f 701/815/689 700/816/689 702/817/689
f 700/816/690 601/717/690 598/715/690
f 703/818/691 702/817/691 704/819/691
f 598/715/692 595/712/2740 704/819/692
f 704/819/693 706/822/693 707/821/693
f 704/819/694 595/712/694 592/709/694
f 707/821/695 706/822/696 708/823/696
f 706/822/697 592/709/697 589/707/697
f 708/823/698 710/826/698 711/825/699
f 589/707/700 586/703/700 710/826/700
f 711/825/701 710/826/701 712/827/701
f 710/826/702 586/703/702 583/700/702
f 712/827/703 714/830/703 715/829/703
f 712/827/704 583/700/704 580/697/704
f 715/829/705 714/830/705 716/831/705
f 580/697/706 577/694/706 716/831/706
f 716/831/707 718/834/707 719/833/707
f 577/694/708 574/692/708 718/834/708
f 719/833/709 718/834/709 720/835/709
f 574/692/710 571/688/710 720/835/710
f 721/836/711 720/835/711 722/837/711
f 720/835/712 571/688/712 568/686/712
f 722/837/713 724/840/713 725/839/713
f 568/686/714 565/683/714 724/840/714
f 724/840/715 726/842/715 727/841/715
f 724/840/716 565/683/716 562/681/716
f 727/841/717 726/842/717 728/843/717
f 726/842/718 562/681/718 559/678/718
f 728/843/719 730/846/719 731/845/720
f 728/843/721 559/678/721 556/675/721
f 730/846/722 732/848/722 733/847/723
f 556/675/724 553/671/724 732/848/724
f 733/847/725 732/848/725 734/849/725
f 732/848/726 553/671/726 550/668/726
f 734/849/727 736/852/727 737/851/727
f 550/668/728 547/666/728 736/852/729
f 737/851/730 736/852/730 738/853/730
f 547/666/732 544/664/732 738/853/732
f 739/854/733 738/853/733 740/855/733
f 544/664/734 541/661/734 740/855/734
f 740/855/735 742/858/735 743/857/735
f 541/661/736 538/657/736 742/858/736
f 743/857/737 742/858/737 528/646/737
f 742/858/738 538/657/738 531/653/738
f 743/859/739 526/645/739 422/529/739
f 743/859/740 424/860/740 744/530/740
f 741/861/742 744/530/742 434/546/742
f 737/863/743 739/862/743 434/546/743
f 737/863/744 436/864/744 439/548/744
f 733/866/745 735/865/746 439/548/746
f 731/868/747 733/866/747 442/867/747
f 731/868/748 445/553/748 448/869/748
f 729/870/749 448/869/749 451/558/750
f 727/871/751 451/558/751 454/872/752
f 725/873/753 454/872/753 457/563/754
f 721/875/755 723/874/755 457/563/755
f 719/877/756 721/875/757 460/876/757
f 719/877/758 463/568/2741 466/878/759
f 715/880/761 717/879/762 466/878/762
f 713/881/763 715/880/763 469/573/763
f 713/881/764 472/882/764 475/578/765
f 711/883/766 475/578/766 478/581/766
f 709/884/767 478/581/767 480/586/768
f 707/885/769 480/586/769 745/886/770
f 703/888/771 705/887/771 745/886/771
f 701/889/772 703/888/772 490/600/772
f 701/889/773 492/890/773 494/601/774
f 697/892/775 699/891/775 494/601/775
f 695/893/776 697/892/777 746/603/777
f 693/895/779 695/893/780 504/894/780
f 691/896/781 693/895/782 506/617/782
f 691/896/783 508/619/783 518/622/783
f 411/517/784 414/516/784 515/629/784
f 515/629/785 513/628/785 749/898/785
f 411/517/786 747/897/786 748/899/786
f 747/897/787 749/898/787 750/900/787
f 749/898/788 751/902/788 752/901/788
f 749/898/789 513/628/789 511/626/789
f 751/902/790 753/904/791 754/903/791
f 751/902/792 511/626/792 755/614/792
f 754/903/793 753/904/793 756/905/793
f 755/614/794 501/609/794 756/905/794
f 757/906/795 756/905/795 758/907/795
f 756/905/796 501/609/796 499/608/796
f 758/907/797 760/910/797 761/909/797
f 499/608/798 497/607/798 760/910/798
f 760/910/799 762/912/799 763/911/799
f 760/910/800 497/607/800 764/596/800
f 762/912/801 765/914/801 766/913/801
f 764/596/802 487/591/802 765/914/802
f 765/914/803 767/916/803 768/915/803
f 765/914/804 487/591/804 485/590/804
f 768/915/806 767/916/806 769/917/806
f 485/590/808 483/589/808 769/917/808
f 770/918/809 769/917/809 771/919/809
f 483/589/810 773/588/810 771/919/810
f 772/920/811 771/919/811 774/921/811
f 771/919/812 773/588/812 776/923/812
f 774/921/813 777/926/813 778/924/813
f 774/921/814 776/923/814 779/925/814
f 777/926/815 780/928/815 781/927/815
f 779/925/816 782/1003/816 780/928/816
f 780/928/817 783/931/817 784/929/817
f 780/928/818 782/1003/818 785/930/818
f 783/931/819 786/934/819 787/932/819
f 783/931/820 785/930/820 788/933/820
f 787/932/821 786/934/821 789/935/821
f 788/933/822 791/999/822 789/935/822
f 790/936/823 789/935/823 792/937/823
f 789/935/824 791/999/824 794/939/824
f 793/938/825 792/937/825 795/940/825
f 794/939/826 797/944/826 795/940/826
f 796/941/827 795/940/827 798/942/827
f 797/944/828 800/997/828 798/942/828
f 799/943/829 798/942/829 801/945/829
f 798/942/830 800/997/830 803/947/830
f 802/946/831 801/945/831 804/948/831
f 801/945/832 803/947/832 806/950/832
f 804/948/833 807/953/2742 808/951/833
f 804/948/834 806/950/834 809/952/834
f 807/953/835 810/955/835 811/954/835
f 809/952/836 812/992/836 810/955/836
f 810/955/837 813/957/837 814/956/837
f 810/955/838 812/992/838 815/542/838
f 813/957/839 816/959/839 817/958/839
f 813/957/840 815/542/840 431/539/840
f 817/958/841 816/959/841 818/960/841
f 816/959/842 431/539/842 429/537/842
f 818/960/843 820/963/843 821/962/843
f 429/537/844 427/535/844 820/963/844
f 821/962/845 820/963/845 410/512/845
f 820/963/846 427/535/846 413/515/846
f 819/961/847 821/962/847 822/964/847
f 821/962/848 407/511/848 405/509/848
f 824/966/849 817/958/849 819/961/849
f 825/508/851 814/956/851 817/958/851
f 811/954/852 814/956/852 825/508/852
f 827/968/853 808/951/853 811/954/853
f 828/969/854 805/949/854 808/951/854
f 802/946/855 805/949/855 828/969/855
f 799/943/856 802/946/856 829/970/856
f 796/941/857 799/943/857 830/971/857
f 793/938/858 796/941/859 831/972/859
f 790/936/860 793/938/860 832/973/860
f 787/932/861 790/936/861 833/974/861
f 835/976/862 784/929/862 787/932/862
f 836/977/863 781/927/863 784/929/864
f 837/510/865 778/924/865 781/927/865
f 838/978/866 775/922/866 778/924/866
f 839/979/867 772/920/867 775/922/867
f 840/980/868 770/918/868 772/920/868
f 768/915/869 770/918/869 840/980/869
f 842/982/870 766/913/870 768/915/871
f 843/983/872 763/911/872 766/913/872
f 761/909/873 763/911/873 843/983/873
f 845/985/874 759/908/874 761/909/874
f 846/986/875 757/906/875 759/908/875
f 847/987/876 754/903/876 757/906/876
f 752/901/877 754/903/877 847/987/877
f 750/900/878 752/901/878 848/988/878
f 748/899/879 750/900/879 849/989/879
f 404/507/880 408/506/880 748/899/880
f 438/991/881 432/541/881 815/542/881
f 441/993/883 438/991/883 812/992/883
f 444/994/884 441/993/884 809/952/884
f 447/995/885 444/994/885 806/950/885
f 450/996/886 447/995/886 803/947/886
f 797/944/887 453/998/887 450/996/888
f 794/939/889 456/1000/889 453/998/890
f 791/999/891 459/3759/891 456/1000/891
f 462/1001/892 459/3759/892 791/999/892
f 465/1002/893 462/1001/893 788/933/893
f 782/1003/894 468/3760/894 465/1002/895
f 471/1004/897 468/3760/898 782/1003/898
f 474/1005/899 471/1004/899 779/925/899
f 477/1006/900 474/1005/900 776/923/900
f 852/1007/901 860/1021/902 855/1008/902
f 851/1009/904 854/1013/905 867/1011/905
f 851/1009/906 856/1014/906 857/1012/907
f 855/1008/908 858/1018/908 856/1014/909
f 855/1008/911 854/1013/911 857/1012/911
f 854/1013/912 855/1008/2743 859/1019/913
f 865/1022/915 859/1019/915 860/1021/916
f 861/1023/918 860/1021/2744 862/1024/919
f 852/1007/921 864/1029/921 862/1024/922
f 852/1007/925 861/1023/926 863/1025/926
f 853/1010/928 866/1030/929 861/1023/929
f 865/1022/930 866/1030/930 867/1011/931
f 867/1011/932 866/1030/933 868/1031/933
f 853/1010/934 870/1036/2745 868/1031/935
f 867/1011/937 869/1032/2746 870/1036/938
f 871/1020/940 872/1039/940 873/1037/941
f 871/1020/942 859/1019/943 874/1038/943
f 865/1022/945 873/1037/2747 874/1038/946
f 876/1043/948 881/1053/948 879/1044/948
f 989/1046/949 876/1043/950 875/1045/950
f 879/1044/952 882/1051/952 877/1048/953
f 875/1045/954 877/1048/2748 890/1049/955
f 879/1044/956 880/1168/956 883/1050/956
f 978/1052/957 880/1168/957 879/1044/957
f 883/1050/958 885/1142/2749 884/1054/958
f 882/1051/959 884/1054/959 887/1055/960
f 884/1056/961 885/1143/962 952/1057/962
f 884/1056/963 886/1058/963 888/1059/964
f 877/1048/965 887/1055/965 889/1061/966
f 887/1060/968 888/1059/968 891/1062/968
f 890/1049/969 889/1061/969 892/1064/970
f 889/1063/971 891/1062/972 894/1066/972
f 896/1068/973 893/1065/2750 892/1064/974
f 894/1066/976 897/1073/976 895/1070/976
f 899/1071/978 896/1068/979 895/1069/979
f 897/1073/980 900/1077/2751 898/1074/981
f 902/1075/982 899/1071/983 898/1072/983
f 900/1077/985 903/1154/985 901/1078/985
f 905/1079/986 902/1075/987 901/1076/987
f 901/1078/989 903/1154/2752 906/1081/989
f 908/1083/990 905/1079/990 904/1080/991
f 904/1082/993 906/1081/993 909/1085/993
f 911/1087/994 908/1083/2753 907/1084/995
f 907/1086/996 909/1085/996 912/1089/997
f 914/1091/998 911/1087/999 910/1088/999
f 910/1090/1000 912/1089/1000 915/1093/1001
f 917/1095/1002 914/1091/1003 913/1092/1003
f 915/1093/1005 918/1100/2754 916/1097/1005
f 917/1095/1006 916/1096/1006 919/1098/1007
f 918/1100/1008 921/1104/1008 919/1101/1008
f 920/1099/1009 919/1098/1009 922/1102/1010
f 921/1104/1011 924/1108/1011 922/1105/1011
f 926/1106/1012 923/1103/1013 922/1102/1013
f 924/1108/1014 927/1112/1014 925/1109/1014
f 929/1110/1015 926/1106/1015 925/1107/1015
f 927/1112/1016 930/1162/1017 928/1113/1017
f 929/1110/1018 928/1111/2755 931/1114/1019
f 928/1113/1020 930/1162/1020 933/1116/1021
f 932/1115/1022 931/1114/2756 934/1118/1023
f 931/1117/1024 933/1116/1024 936/1120/1024
f 938/1122/1025 935/1119/1026 934/1118/1026
f 934/1121/1028 936/1120/1028 939/1124/1028
f 941/1126/1029 938/1122/1029 937/1123/1029
f 937/1125/1031 939/1124/1031 942/1128/1031
f 941/1126/1032 940/1127/1032 943/1130/1032
f 940/1129/1033 942/1128/1033 945/1132/1033
f 944/1131/1034 943/1130/1034 946/1134/1034
f 946/1136/1036 943/1133/1036 945/1132/1036
f 947/1135/1037 946/1134/2757 949/1138/1038
f 949/1140/1039 946/1136/1040 948/1137/1040
f 950/1139/1041 949/1138/1041 885/1142/1042
f 885/1143/1043 949/1140/1043 951/1141/1043
f 951/1141/1044 948/1137/1046 954/1144/1045
f 952/1057/1047 951/1141/1047 953/1145/1047
f 953/1145/1048 954/1144/2758 964/1147/1049
f 956/1146/1051 953/1145/2759 955/1148/1052
f 886/1058/1054 952/1057/1055 956/1146/1055
f 958/1150/1057 956/1146/1051 957/1149/1053
f 888/1059/1058 886/1058/1054 958/1150/1056
f 891/1062/1059 958/1150/1060 959/1151/1060
f 960/1152/1061 959/1151/2760 957/1149/1062
f 897/1073/1064 894/1066/2761 959/1151/1064
f 900/1077/1065 897/1073/2762 960/1152/1066
f 903/1154/1067 960/1152/1066 961/1153/1068
f 906/1081/1069 961/1153/1069 962/1155/1069
f 961/1153/1063 957/1149/1062 955/1148/1071
f 962/1155/1073 955/1148/2763 964/1147/1074
f 909/1085/1075 962/1155/2764 963/1156/1076
f 912/1089/1078 963/1156/1079 965/1157/1079
f 963/1156/1080 964/1147/1080 966/1158/1080
f 966/1158/1082 968/1160/1082 967/1159/1082
f 965/1157/1083 967/1159/1083 918/1100/1083
f 967/1159/1084 969/1161/1084 921/1104/1085
f 968/1160/1086 970/1164/2765 969/1161/1087
f 969/1161/1088 970/1164/1088 930/1162/1089
f 969/1161/1090 927/1112/1090 924/1108/1090
f 971/1163/1092 933/1116/1092 930/1162/1092
f 971/1163/1093 970/1164/2765 968/1160/1086
f 936/1120/1095 933/1116/1096 971/1163/1095
f 939/1124/1097 971/1163/1098 972/1165/1098
f 942/1128/1099 972/1165/1100 973/1166/1099
f 972/1165/1101 968/1160/1101 966/1158/1101
f 948/1137/1102 945/1132/1102 973/1166/1102
f 954/1144/1103 973/1166/1104 966/1158/1104
f 974/1167/1105 975/1299/1105 947/1135/1106
f 880/1168/1107 974/1167/2766 950/1139/1108
f 977/1169/1110 975/1299/1111 974/1167/1111
f 976/1170/1112 974/1167/1112 880/1168/1113
f 977/1169/1114 976/1170/1115 979/1171/1115
f 976/1170/1116 978/1052/1117 982/1173/1117
f 1010/1174/1118 981/1217/1118 979/1175/1118
f 980/1176/1119 979/1175/1119 982/1177/1119
f 978/1052/1120 881/1053/1121 984/1179/1121
f 983/1178/1122 982/1177/1122 984/1180/1122
f 881/1053/1123 876/1043/2767 986/1182/1123
f 987/1183/1125 985/1181/1125 984/1180/1126
f 876/1043/1127 989/1046/2768 988/1185/1128
f 990/1186/1129 987/1183/2769 986/1184/1130
f 989/1046/1131 992/1192/2770 991/1188/1132
f 993/1189/1133 990/1186/1133 988/1187/1133
f 995/1191/1135 994/1196/1135 991/1188/1136
f 993/1189/1137 991/1190/1137 994/1193/1137
f 1064/1195/1138 996/1280/1138 994/1196/1139
f 997/1194/1140 994/1193/1140 996/1197/1141
f 998/1198/1143 1000/1201/1147 999/1199/1144
f 997/1194/1145 999/1199/2771 1002/1200/1146
f 1000/1201/1147 1057/1270/1148 1001/1202/1148
f 999/1199/1149 1001/1202/1249 1003/1203/1150
f 1003/1203/1151 1005/1205/1162 1004/1204/1152
f 1002/1200/1154 1004/1204/2772 990/1186/1155
f 1005/1205/1156 983/1178/1156 985/1181/1157
f 1004/1204/1158 985/1181/1157 987/1183/1159
f 1007/1206/1161 1006/1207/2773 1005/1205/1162
f 1006/1207/1163 980/1176/2774 983/1178/1164
f 1009/1208/1165 1008/1209/2775 1006/1207/1166
f 1008/1209/1168 1010/1174/1168 980/1176/1169
f 1012/1210/1170 1011/1211/2776 1008/1209/1170
f 1011/1211/1171 1014/1214/1172 1010/1174/1172
f 1012/1210/1174 1041/1249/1174 1013/1212/1174
f 1011/1211/1175 1013/1212/1175 1015/1213/1175
f 1014/1214/1177 1015/1213/1177 1018/1215/1178
f 1014/1214/1179 1016/1216/1179 981/1217/1179
f 1019/1218/1180 1017/1221/1181 1016/1219/1181
f 1017/1221/1182 977/1169/1183 981/1172/1183
f 1019/1218/1184 1018/1220/1184 1020/1222/1185
f 1015/1213/1186 1022/1227/1186 1020/1224/1187
f 1021/1223/1188 1020/1222/1188 1023/1225/1189
f 1022/1227/1191 1025/1231/1191 1023/1228/1191
f 1027/1229/1192 1024/1226/1193 1023/1225/1193
f 1025/1231/1194 1028/1235/1195 1026/1232/1195
f 1030/1233/1196 1027/1229/2777 1026/1230/1197
f 1028/1235/1199 1031/1240/2778 1029/1236/1199
f 1030/1233/1200 1029/1234/1200 1032/1237/1201
f 1035/1239/1203 1032/1244/1203 1029/1236/1203
f 1033/1238/1205 1032/1237/2779 1034/1241/1206
f 1036/1243/1207 1034/1251/1207 1032/1244/1208
f 1037/1245/1209 1035/1239/1209 1031/1240/1209
f 1037/1245/1210 1039/1248/1210 1036/1243/1210
f 1038/1247/1211 1043/1252/1211 1039/1248/1211
f 1041/1249/1212 1038/1247/1213 1037/1245/1213
f 1031/1240/1215 1028/1235/1215 1042/1250/1215
f 1041/1249/1212 1040/1246/1214 1042/1250/1216
f 1042/1250/1218 1028/1235/1218 1025/1231/1218
f 1013/1212/1219 1042/1250/1219 1022/1227/1220
f 1012/1210/1221 1053/1266/1221 1038/1247/1222
f 1039/1248/1223 1044/1253/1223 1034/1251/1223
f 1043/1252/1225 1046/1261/1225 1044/1253/1225
f 1047/1254/1226 1045/1257/1227 1044/1255/1227
f 1045/1257/1228 1077/1242/2780 1034/1241/1229
f 1047/1254/1231 1046/1256/1231 1048/1258/1232
f 1051/1260/1234 1048/3761/1234 1046/1261/1234
f 1049/1259/1235 1048/1258/1235 1050/1262/1236
f 1050/1264/1237 1048/3761/1238 1051/1260/1238
f 1053/1266/1239 1051/1260/1239 1043/1252/1239
f 1052/1265/1240 1051/1260/1240 1053/1266/1240
f 1054/1267/1241 1053/1266/1241 1012/1210/1242
f 1055/1268/1243 1054/1267/1243 1009/1208/1243
f 1056/1269/1245 1052/1265/2781 1054/1267/1246
f 1057/1270/1247 1056/1269/1247 1055/1268/1248
f 1001/1202/1249 1055/1268/1250 1007/1206/1250
f 1058/1271/1251 1050/1264/1251 1052/1265/1251
f 1060/1272/1252 1058/1271/1252 1056/1269/1252
f 1059/1273/1253 1058/1276/1253 1060/1274/1254
f 1072/1263/1255 1050/1262/2782 1058/1276/1255
f 1061/1275/1256 1060/1274/1256 1062/1277/1257
f 1062/1279/1259 1060/1272/1259 1057/1270/1259
f 1063/1278/1261 1062/1277/1262 996/1280/1262
f 998/1198/1264 996/1197/2783 1062/1279/1265
f 1064/1195/1266 1067/1283/1266 1065/1281/1267
f 1065/1281/1268 1066/1282/1268 1061/1275/1268
f 1065/1281/1269 902/1075/1269 905/1079/1269
f 899/1071/1270 902/1075/1271 1065/1281/1271
f 995/1191/1272 1068/1284/1272 1067/1283/1273
f 896/1068/1275 899/1071/1275 1067/1283/1275
f 992/1192/1276 1069/1285/1276 1068/1284/1277
f 893/1065/1278 896/1068/1279 1068/1284/1279
f 878/1047/1280 890/1049/1280 893/1065/1280
f 992/1192/1281 989/1046/1281 878/1047/1281
f 1066/1282/1283 1070/1286/1284 1059/1273/1283
f 1066/1282/1285 905/1079/1286 908/1083/1286
f 1070/1286/1287 1071/1287/1288 1072/1263/1288
f 1070/1286/1289 908/1083/2784 911/1087/1289
f 1071/1287/1290 911/1087/1290 914/1091/1291
f 1071/1287/1292 1073/1288/1292 1049/1259/1293
f 914/1091/1294 917/1095/1296 1074/1289/1295
f 1049/1259/1297 1073/1288/1297 1074/1289/1298
f 1047/1254/1299 1074/1289/1299 1075/1290/1299
f 917/1095/1300 920/1099/1301 1075/1290/1301
f 1045/1257/1303 1075/1290/2785 1076/1291/1304
f 920/1099/1306 923/1103/1307 1076/1291/1307
f 923/1103/1308 926/1106/1308 1078/1292/1308
f 1077/1242/1309 1076/1291/2786 1078/1292/1309
f 1033/1238/1310 1078/1292/1310 1079/1293/1310
f 926/1106/1312 929/1110/1313 1079/1293/1313
f 1079/1293/1314 929/1110/1314 932/1115/1315
f 1027/1229/1316 1030/1233/1316 1079/1293/1316
f 1024/1226/1317 1027/1229/2787 1080/1294/1318
f 1080/1294/1319 932/1115/2788 935/1119/1320
f 1081/1295/1321 935/1119/2789 938/1122/1322
f 1021/1223/1324 1024/1226/1324 1081/1295/1325
f 1019/1218/1326 1021/1223/1326 1082/1296/1326
f 1082/1296/1327 938/1122/1327 941/1126/1327
f 1083/1297/1328 941/1126/1328 944/1131/1328
f 1017/1221/1329 1019/1218/1330 1083/1297/1330
f 975/1299/1331 1084/1298/1331 944/1131/1331
f 1017/1221/1332 1084/1298/1332 975/1299/1332
f 1086/1300/1333 1085/1304/1333 1087/1301/1334
f 1261/1303/1335 1088/1306/1335 1085/1304/1335
f 1085/1304/1336 1089/1307/1336 1091/1305/1337
f 1088/1306/1339 1092/1314/1339 1089/1307/1340
f 1089/1308/1341 1090/1312/1341 1273/1309/1342
f 1092/1311/1343 1094/1316/1343 1090/1312/1343
f 1260/1313/1344 1093/1523/1344 1092/1314/1345
f 1092/1311/1346 1093/1319/2790 1096/1315/1347
f 1090/1312/1348 1094/1316/1349 1095/1317/1349
f 1094/1316/1350 1096/1315/1351 1098/1318/1351
f 1093/1319/1352 1114/1335/1352 1097/1320/1352
f 1096/1315/1353 1097/1320/1354 1099/1321/1354
f 1098/1318/1355 1099/1321/1356 1103/1322/1356
f 1095/1317/1357 1098/1318/1357 1100/1323/1358
f 1274/1325/1360 1101/1324/2791 1100/1323/1360
f 1102/1326/1362 1100/1323/1363 1103/1322/1363
f 1099/1321/1364 1108/1332/2792 1105/1328/1365
f 1104/1327/1366 1103/1322/2793 1105/1328/1367
f 1107/1329/1368 1105/1328/1369 1106/1330/1369
f 1108/1332/1370 1109/1334/1370 1106/1330/1370
f 1097/1320/1371 1110/1333/2794 1108/1332/1372
f 1110/1333/1374 1111/1337/2795 1109/1334/1374
f 1114/1335/1376 1112/1336/1376 1110/1333/1376
f 1112/1336/1377 1115/1346/1377 1111/1337/1377
f 1113/1338/1378 1116/1344/2796 1115/1339/1379
f 1258/1341/1381 1113/1338/1382 1112/1340/1382
f 1118/1343/1383 1117/1348/1383 1115/1339/1383
f 1117/1345/1384 1120/1350/1385 1111/1337/1385
f 1149/1347/1386 1119/1385/1386 1117/1348/1387
f 1119/1349/1388 1121/1351/1388 1120/1350/1388
f 1120/1350/1389 1122/1352/2797 1109/1334/1390
f 1121/1351/1392 1123/1353/1392 1122/1352/1392
f 1122/1352/1393 1124/1354/2798 1106/1330/1394
f 1123/1353/1395 1125/1375/1396 1124/1354/1396
f 1106/1330/1394 1124/1354/2798 1126/1355/1398
f 1124/1354/1396 1125/1375/1396 1128/1356/1399
f 1127/1331/1400 1126/1355/1400 1129/1357/1400
f 1126/1355/1401 1128/1356/1401 1131/1359/1402
f 1130/1358/1403 1129/1357/1403 1132/1360/1403
f 1129/1357/1404 1131/1359/2799 1135/1362/1405
f 1133/1363/1406 1196/1441/2800 1134/1364/1407
f 1136/1366/1408 1133/1363/1408 1132/1365/1408
f 1138/1368/1409 1136/1366/1410 1135/1367/1410
f 1131/1359/1411 1140/1373/1412 1137/1370/1412
f 1191/1371/1414 1138/1368/1414 1137/1369/1414
f 1140/1373/1415 1141/1376/1416 1139/1374/1416
f 1128/1356/1417 1141/1376/1417 1140/1373/1417
f 1125/1375/1418 1142/3762/2801 1141/1376/1419
f 1141/1376/1420 1142/3762/1420 1143/1377/1420
f 1144/1378/1422 1142/3762/1423 1125/1375/1423
f 1143/1377/1425 1142/3762/1425 1144/1378/1425
f 1146/1380/1426 1144/1378/1426 1123/1353/1426
f 1145/1379/1427 1144/1378/2802 1146/1380/1428
f 1147/1381/1429 1146/1380/1429 1121/1351/1429
f 1150/1382/1430 1145/1436/2803 1147/1383/1431
f 1148/1384/1432 1147/1383/2804 1119/1385/1433
f 1151/1386/1435 1148/1384/1436 1149/1347/1436
f 1153/1388/1438 1150/1382/1438 1148/1384/1438
f 1155/1389/1439 1154/1390/2805 1151/1386/1440
f 1154/1390/1442 1156/1393/1442 1153/1388/1443
f 1154/1390/1444 1155/1389/1445 1158/1391/1445
f 1156/1393/1446 1154/1390/1447 1157/1392/1447
f 1161/1395/1449 1160/1398/2806 1157/1396/1449
f 1160/1398/1450 1162/1402/1451 1159/1399/1451
f 1163/1400/1452 1162/1402/1452 1160/1398/1452
f 1167/1401/1453 1164/1405/1453 1162/1402/1454
f 1162/1402/1455 1164/1405/1455 1166/1403/1455
f 1165/1404/1456 1184/1429/1456 1166/1403/1456
f 1167/1401/1457 1168/1408/2807 1165/1404/1457
f 1169/1406/1458 1167/1401/1461 1163/1400/1459
f 1169/1406/1458 1172/1411/2808 1168/1408/1460
f 1170/1409/1462 1169/1406/1462 1171/1407/1463
f 1170/1409/1462 1173/1412/1464 1172/1411/1464
f 1173/1412/1465 1175/1415/1465 1174/1413/1465
f 1172/1411/1467 1174/1413/1467 1176/1414/1467
f 1175/1415/1468 1179/3763/1468 1177/1416/1469
f 1174/1413/1470 1177/1416/1470 1180/1417/1470
f 1181/1418/1471 1180/1424/1471 1177/1419/1471
f 1178/1420/1473 1177/1419/2809 1179/1421/1474
f 1183/1423/1475 1182/1428/1475 1180/1424/1476
f 1176/1414/1477 1180/1417/1477 1182/1425/1478
f 1186/1427/1479 1184/1431/1479 1182/1428/1480
f 1185/1426/1481 1182/1425/1481 1184/1429/1482
f 1168/1408/1483 1176/1414/1483 1185/1426/1484
f 1188/1430/1485 1166/1434/1485 1184/1431/1485
f 1183/1423/1486 1192/1438/2810 1187/1432/1487
f 1186/1427/1488 1187/1432/1490 1189/1433/1489
f 1156/1393/1491 1188/1430/1492 1189/1433/1492
f 1188/1430/1493 1156/1393/2811 1159/1394/1493
f 1189/1433/1495 1190/1435/1495 1150/1382/1496
f 1191/1371/1498 1190/1435/1498 1189/1433/1498
f 1190/1435/1499 1143/1437/1499 1145/1436/1500
f 1190/1435/1501 1191/1371/1502 1139/1372/1502
f 1138/1368/1503 1191/1371/1505 1187/1432/1504
f 1181/1418/1506 1193/1439/1508 1192/1438/1507
f 1136/1366/1509 1138/1368/2812 1192/1438/1510
f 1133/1363/1511 1136/1366/1511 1193/1439/1511
f 1178/1420/1513 1194/1440/1513 1193/1439/1513
f 1198/1422/1514 1195/1442/1514 1194/1440/1514
f 1196/1441/1515 1133/1363/1516 1194/1440/1516
f 1288/1443/1517 1196/1441/1517 1195/1442/1517
f 1199/1445/1518 1197/1444/1518 1195/1442/1518
f 1199/1445/1519 1198/1422/1520 1179/1421/1520
f 1200/1447/1521 1199/1445/2813 1201/1446/1522
f 1290/1449/1523 1197/1444/2814 1199/1445/1524
f 1201/1450/1525 1179/3763/2815 1175/1415/1525
f 1202/1452/1527 1201/1450/1527 1203/1451/1527
f 1203/1451/1528 1175/1415/1528 1173/1412/1528
f 1204/1453/1529 1203/1451/1529 1205/1454/1529
f 1205/1454/1530 1173/1412/1530 1170/1409/1531
f 1206/1455/1532 1205/1454/2816 1207/1456/1533
f 1170/1409/1535 1262/1410/1535 1208/1458/1535
f 1207/1456/1536 1208/1458/2817 1210/1459/1537
f 1209/1457/1539 1210/1459/1541 1213/1460/1540
f 1214/1462/1542 1206/1455/1544 1209/1457/1543
f 1211/1461/1545 1213/1460/2818 1263/1463/1546
f 1215/1465/1547 1214/1462/1548 1211/1461/1548
f 1217/1466/1549 1216/1467/1549 1214/1462/1549
f 1216/1467/1551 1204/1453/1551 1206/1455/1551
f 1220/1468/1553 1218/1469/1553 1216/1467/1553
f 1218/1469/1554 1202/1452/1555 1204/1453/1555
f 1219/1470/1556 1200/1447/1557 1202/1448/1557
f 1219/1470/1558 1218/1471/1558 1220/1472/1559
f 1221/1473/1560 1220/1472/1560 1222/1474/1561
f 1225/1476/1563 1222/1480/2819 1220/1468/1563
f 1223/1475/1564 1222/1474/1564 1224/1477/1565
f 1226/1479/1567 1224/1482/1567 1222/1480/1568
f 1225/1476/1569 1217/1466/1569 1215/1465/1569
f 1226/1479/1570 1215/1465/2820 1212/1464/1570
f 1227/1481/1571 1229/1485/2821 1224/1482/1572
f 1212/1464/1574 1263/1463/1574 1228/1483/1574
f 1227/1481/1575 1228/1483/1575 1231/1484/1576
f 1232/1486/1577 1230/1489/1578 1229/1487/1578
f 1294/1478/1579 1224/1477/1579 1229/1487/1580
f 1234/1490/1581 1232/1486/1581 1231/1488/1582
f 1228/1483/1584 1235/1495/2822 1233/1492/1585
f 1237/1493/1587 1234/1490/1588 1233/1491/1588
f 1235/1495/1589 1238/1500/1589 1236/1496/1589
f 1240/1497/1590 1237/1493/1591 1236/1494/1591
f 1241/1499/1592 1239/1504/1592 1236/1496/1593
f 1240/1497/1594 1239/1498/1594 1242/1501/1595
f 1244/1503/1596 1242/1508/1596 1239/1504/1596
f 1243/1502/1597 1242/1501/1597 1245/1505/1598
f 1247/1507/1600 1245/1512/1600 1242/1508/1600
f 1246/1506/1601 1245/1505/2823 1248/1509/1602
f 1250/1511/1604 1248/1516/1606 1245/1512/1605
f 1252/1513/1607 1249/1510/1608 1248/1509/1608
f 1250/1511/1609 1253/1517/1609 1251/1515/1609
f 1155/1389/1611 1252/1513/1611 1251/1514/1611
f 1253/1517/1612 1161/1395/1612 1158/1397/1612
f 1171/1407/1613 1163/1400/1613 1161/1395/1613
f 1262/1410/1614 1171/1407/2824 1253/1517/1614
f 1249/1510/1616 1252/1513/1616 1254/1518/1617
f 1252/1513/1618 1155/1389/1618 1152/1387/1618
f 1254/1518/1619 1118/1343/2825 1116/1344/1620
f 1152/1387/1621 1149/1347/1623 1118/1343/1622
f 1246/1506/1624 1249/1510/1625 1255/1519/1625
f 1255/1519/1626 1116/1344/1626 1113/1338/1626
f 1246/1506/1627 1256/1520/2826 1257/1521/1628
f 1257/1521/1630 1256/1520/1630 1113/1338/1631
f 1259/1522/1633 1257/1521/1634 1258/1341/1634
f 1243/1502/1635 1257/1521/1635 1259/1522/1636
f 1261/1303/1638 1259/1522/1639 1260/1313/1639
f 1240/1497/1640 1259/1522/1640 1261/1303/1641
f 1234/1490/1642 1237/1493/1642 1261/1303/1642
f 1260/1313/1643 1258/1341/1644 1114/1342/1644
f 1262/1410/1646 1250/1511/1646 1247/1507/1646
f 1208/1458/1648 1247/1507/1650 1244/1503/1649
f 1210/1459/1651 1244/1503/1651 1241/1499/1651
f 1213/1460/1652 1241/1499/1652 1238/1500/1652
f 1263/1463/1653 1238/1500/1653 1235/1495/1654
f 1232/1486/1655 1234/1490/2827 1086/1300/1656
f 1230/1489/1657 1232/1486/1658 1264/1302/1658
f 1264/1302/1659 1087/1301/1659 1267/1525/1659
f 1230/1489/1660 1265/1524/1660 1266/1526/1661
f 1267/1525/1662 1268/1527/2828 1266/1526/1662
f 1268/1527/1663 1267/1525/1664 1269/1528/1664
f 1087/1301/1665 1091/1305/1665 1269/1528/1666
f 1271/1530/1667 1272/1533/1667 1270/1531/1667
f 1091/1310/1668 1273/1309/2829 1271/1530/1669
f 1272/1533/1670 1271/1530/1670 1101/1324/1671
f 1273/1309/1672 1095/1317/1672 1101/1324/1672
f 1275/1534/1673 1272/1533/1673 1274/1325/1674
f 1272/1533/1675 1275/1534/2830 1277/1536/1675
f 1275/1534/1676 1276/1535/1677 1279/1537/1677
f 1278/1538/1678 1268/1527/1679 1270/1529/1679
f 1280/1540/1681 1278/1538/1681 1277/1539/1681
f 1282/1542/1682 1280/1540/1682 1279/1541/1682
f 1279/1537/1684 1276/1535/1684 1284/1544/1684
f 1282/1542/1685 1281/1543/1685 1283/1546/1686
f 1281/1545/1687 1284/1544/1687 1285/1548/1687
f 1276/1535/1688 1274/1325/1688 1102/1326/1689
f 1284/1544/1690 1102/1326/1690 1104/1327/1690
f 1283/1549/1691 1285/1548/1692 1286/1550/1692
f 1285/1548/1693 1104/1327/1695 1107/1329/1694
f 1287/1551/1696 1286/1550/1696 1130/1358/1696
f 1286/1550/1697 1107/1329/1698 1127/1331/1698
f 1288/1443/1699 1287/1552/1699 1134/1364/1700
f 1289/1547/1701 1283/1546/1701 1287/1552/1702
f 1290/1449/1703 1289/1547/2831 1288/1443/1704
f 1291/1553/1706 1282/1542/1706 1289/1547/1706
f 1291/1553/1707 1290/1449/2832 1200/1447/1707
f 1292/1554/1708 1291/1553/2833 1219/1470/1708
f 1292/1554/1709 1280/1540/1709 1282/1542/1710
f 1278/1538/1711 1280/1540/2834 1292/1554/1711
f 1223/1475/1712 1293/1555/1712 1292/1554/1712
f 1268/1527/1713 1278/1538/1713 1293/1555/1713
f 1294/1478/1714 1266/1526/1715 1293/1555/1714
f 1296/1556/1716 1509/1840/2019 1297/1557/1717
f 1298/1559/1719 1301/1563/2835 1296/1556/1720
f 1300/1560/1722 1298/1559/1722 1295/1558/1722
f 1300/1560/1723 1614/1944/2836 1299/1561/1724
f 1298/1559/1725 1299/1561/2837 1303/1562/1726
f 1296/1564/1720 1301/1567/2835 1302/1565/1728
f 1301/1567/1727 1303/1569/1726 1304/1568/1729
f 1303/1569/1731 1305/1573/2838 1306/1570/1732
f 1307/1571/1734 1305/1575/2838 1303/1562/1731
f 1308/1572/1736 1309/1577/2839 1306/1570/1737
f 1307/1571/1738 1310/1578/1738 1308/1574/1736
f 1311/1576/1739 1312/1581/1739 1309/1577/1740
f 1310/1578/1742 1313/1583/1739 1311/1579/1739
f 1311/1576/1743 1314/1585/2840 1315/1580/1743
f 1316/1582/1745 1314/1587/2840 1311/1579/1743
f 1317/1584/1747 1318/1589/2841 1315/1580/1747
f 1319/1586/1749 1317/1591/1747 1314/1587/1748
f 1320/1588/1751 1321/1593/2842 1318/1589/1752
f 1319/1586/1754 1322/1595/2843 1320/1590/1751
f 1320/1588/1755 1323/1596/2844 1324/1592/1756
f 1325/1594/1758 1323/1599/2844 1320/1590/1755
f 1323/1596/1760 1326/1601/2845 1327/1597/1761
f 1328/1598/1761 1326/1603/2845 1323/1599/1760
f 1329/1600/1763 1330/1605/1766 1327/1597/1764
f 1328/1598/1766 1331/1607/2846 1329/1602/1763
f 1329/1600/1767 1332/1608/2847 1333/1604/1768
f 1334/1606/1770 1332/1611/2847 1329/1602/1767
f 1332/1608/1772 1335/1613/2848 1336/1609/1773
f 1337/1610/1775 1335/1615/2848 1332/1611/1772
f 1338/1612/1777 1339/1617/2849 1336/1609/1778
f 1337/1610/1778 1340/1619/2850 1338/1614/1777
f 1338/1612/1780 1341/1621/2851 1342/1616/1781
f 1343/1618/1783 1341/1623/2851 1338/1614/1780
f 1344/1620/1785 1345/1625/2852 1342/1616/1786
f 1343/1618/1788 1346/1627/2853 1344/1622/1785
f 1347/1624/1789 1348/1629/2854 1345/1625/1790
f 1349/1626/1792 1347/1631/1789 1344/1622/1791
f 1350/1628/1794 1351/1633/2855 1348/1629/1795
f 1349/1626/1797 1352/1635/1794 1350/1630/1794
f 1350/1628/1798 1353/1637/1801 1354/1632/1799
f 1355/1634/1799 1353/1639/1801 1350/1630/1798
f 1356/1636/1802 1357/1641/2856 1354/1632/1803
f 1355/1634/1805 1358/1642/2857 1356/1638/1802
f 1359/1640/1806 1360/1645/1810 1357/1641/1807
f 1358/1642/1806 1361/1646/1808 1359/1643/1806
f 1359/1640/1806 1362/1648/1811 1363/1644/1809
f 1361/1646/1808 1364/1650/1813 1362/1647/1811
f 1362/1648/1811 1365/1653/1814 1366/1649/1812
f 1364/1650/1813 1367/1654/2858 1365/1651/1814
f 1368/1652/1815 1369/1657/2859 1366/1649/1816
f 1367/1654/1818 1370/1659/2860 1368/1655/1815
f 1368/1652/1819 1371/1661/2861 1372/1656/1820
f 1373/1658/1822 1371/1663/2861 1368/1655/1819
f 1374/1660/1824 1375/1665/2862 1372/1656/1825
f 1376/1662/1827 1374/1667/1824 1371/1663/1826
f 1377/1664/1829 1378/1669/2863 1375/1665/1830
f 1376/1662/1832 1379/1670/2864 1377/1666/1829
f 1377/1664/1833 1380/1672/1833 1381/1668/1834
f 1379/1670/1836 1382/1674/1833 1380/1671/1833
f 1380/1672/1837 1383/1677/1841 1384/1673/1838
f 1382/1674/1840 1385/1679/2865 1383/1675/1841
f 1386/1676/1842 1387/1681/2866 1384/1673/1843
f 1388/1678/1845 1386/1683/1842 1383/1675/1844
f 1389/1680/1846 1390/1684/2867 1387/1681/1847
f 1391/1682/1849 1389/3764/1846 1386/1683/1848
f 1390/1684/1851 1389/1680/2868 1392/1685/1852
f 1392/1687/1852 1389/3764/2868 1391/1682/1854
f 1395/1689/1856 1392/1687/1852 1393/1688/1855
f 1394/1686/1853 1392/1685/1852 1395/1691/1856
f 1395/1689/1856 1396/1690/1857 1399/1693/1859
f 1400/1695/1861 1397/1692/1858 1395/1691/1856
f 1398/1694/1860 1399/1693/1859 1402/1697/1862
f 1403/1699/1853 1400/1695/1861 1398/1696/1860
f 1401/1698/1863 1402/1697/2869 1405/1701/1864
f 1403/1699/1864 1401/1700/1863 1404/1703/1865
f 1404/1702/1867 1405/1701/2870 1408/1705/1868
f 1406/1704/1869 1404/1703/1867 1407/1707/1867
f 1407/1706/1871 1408/1705/1872 1411/1709/1872
f 1412/1711/1874 1409/1708/2871 1407/1707/1871
f 1413/1713/1875 1410/1710/1879 1411/1709/1876
f 1415/1715/1878 1412/1711/1876 1410/1712/1879
f 1416/1717/1880 1413/1713/2872 1414/1714/1881
f 1415/1715/1882 1413/1716/2872 1416/1719/1880
f 1416/1717/1884 1417/1718/2873 1420/1721/1885
f 1421/1723/1887 1418/1720/2874 1416/1719/1884
f 1419/1722/1888 1420/1721/2875 1423/1725/1889
f 1424/1727/1891 1421/1723/2875 1419/1724/1888
f 1422/1726/1890 1423/1725/1889 1426/1729/1892
f 1427/1731/1894 1424/1727/1891 1422/1728/1890
f 1425/1730/1895 1426/1729/2876 1429/1733/1896
f 1430/1735/1898 1427/1731/1898 1425/1732/1895
f 1428/1734/1899 1429/1733/2877 1432/1737/1900
f 1433/1739/1899 1430/1735/2878 1428/1736/1899
f 1434/1741/1902 1431/1738/1906 1432/1737/1903
f 1436/1743/1905 1433/1739/2879 1431/1740/1906
f 1437/1745/1907 1434/1741/2880 1435/1742/1908
f 1436/1743/1910 1434/1744/2880 1437/1747/1907
f 1437/1745/1912 1438/1746/2881 1441/1749/1913
f 1442/1751/1915 1439/1748/1912 1437/1747/1912
f 1443/1753/1916 1440/1750/2882 1441/1749/1917
f 1442/1751/1919 1440/1752/2882 1443/1755/1916
f 1446/1757/1921 1443/1753/2883 1444/1754/1922
f 1445/1756/1924 1443/1755/2883 1446/1759/1921
f 1449/1761/1926 1446/1757/2884 1447/1758/1927
f 1448/1760/1929 1446/1759/2884 1449/1763/1926
f 1449/1761/1931 1450/1762/2885 1453/1765/1932
f 1454/1767/1934 1451/1764/2886 1449/1763/1931
f 1455/1769/1935 1452/1766/2887 1453/1765/1936
f 1454/1767/1938 1452/1768/2887 1455/1771/1935
f 1455/1769/1940 1456/1770/2888 1459/1773/1941
f 1460/1775/1943 1457/1772/2889 1455/1771/1940
f 1458/1774/1944 1459/1773/2890 1462/1777/1945
f 1463/1779/1947 1460/1775/2891 1458/1776/1944
f 1461/1778/1948 1462/1777/1950 1465/1781/1949
f 1466/1783/1951 1463/1779/2892 1461/1780/1948
f 1467/1785/1952 1464/1782/1956 1465/1781/1953
f 1469/1787/1955 1466/1783/2893 1464/1784/1956
f 1470/1789/1957 1467/1785/2894 1468/1786/1958
f 1469/1787/1960 1467/1788/2894 1470/1791/1957
f 1470/1789/1962 1471/1790/2895 1474/1793/1963
f 1475/1795/1965 1472/1792/2896 1470/1791/1962
f 1473/1794/1966 1474/1793/2897 1477/1797/1967
f 1478/1799/1969 1475/1795/2898 1473/1796/1966
f 1479/1801/1970 1476/1798/1971 1477/1797/1971
f 1478/1799/1973 1476/1800/1971 1479/1803/1970
f 1482/1805/1975 1479/1801/2899 1480/1802/1976
f 1481/1804/1978 1479/1803/2899 1482/1807/1975
f 1482/1805/1980 1483/1806/2900 1486/1809/1981
f 1487/1811/1982 1484/1808/2901 1482/1807/1980
f 1488/1813/1983 1485/1810/2902 1486/1809/1984
f 1487/1811/1986 1485/1812/2902 1488/1815/1983
f 1488/1813/1988 1489/1814/2903 1492/1817/1989
f 1493/1819/1991 1490/1816/2904 1488/1815/1988
f 1494/1821/1992 1491/1818/1995 1492/1817/1993
f 1495/1823/1982 1493/1819/2905 1491/1820/1995
f 1495/1823/1996 1494/1824/1999 1497/1825/1997
f 1494/1821/1999 1496/1822/2906 1498/1827/2000
f 1498/1827/2001 1501/1832/2907 1500/1829/2002
f 1497/1825/2003 1500/3765/2002 1502/1830/2004
f 1503/1831/2006 1500/1829/2908 1501/1832/2007
f 1502/1830/2009 1500/3765/2908 1503/1834/2006
f 1503/1831/2006 1504/1833/2008 1507/1836/2006
f 1508/1838/2012 1505/1835/2010 1503/1834/2006
f 1509/1840/2013 1506/1837/2017 1507/1836/2014
f 1510/1841/2016 1508/1838/2017 1506/1839/2017
f 1511/1566/2018 1510/1841/2019 1509/1842/2019
f 1511/1566/2020 1302/1565/2909 1513/1843/2021
f 1510/1841/2022 1513/1843/2022 1515/1844/2023
f 1512/1845/2024 1505/1835/2025 1508/1838/2025
f 1513/1843/2026 1514/1854/2026 1516/1846/2027
f 1304/1568/2028 1514/1854/2028 1513/1843/2029
f 1515/1844/2030 1517/1847/2030 1499/1826/2031
f 1516/1846/2032 1518/1849/2910 1517/1847/2033
f 1517/1847/2035 1493/1819/2035 1495/1823/2036
f 1517/1847/2037 1518/1849/2911 1490/1816/2038
f 1521/1848/2039 1519/1850/2040 1518/1849/2040
f 1519/1850/2041 1487/1811/2041 1490/1816/2042
f 1520/1851/2043 1484/1808/2043 1487/1811/2043
f 1522/1852/2045 1520/1851/2047 1519/1850/2046
f 1523/1853/2048 1524/1856/2048 1522/1852/2049
f 1514/1854/2050 1523/1853/2050 1521/1848/2051
f 1309/1577/2052 1524/1856/2052 1523/1853/2052
f 1304/1568/2053 1306/1570/2912 1523/1853/2054
f 1309/1577/2055 1312/1581/2055 1525/1855/2055
f 1524/1856/2056 1525/1855/2060 1527/1857/2057
f 1315/1580/2059 1526/1866/2059 1525/1855/2059
f 1525/1855/2060 1526/1866/2086 1528/1858/2061
f 1527/1857/2062 1529/1859/2066 1520/1851/2063
f 1528/1858/2065 1530/1860/2074 1529/1859/2066
f 1529/1859/2067 1481/1804/2913 1484/1808/2068
f 1530/1860/2070 1478/1799/2071 1481/1804/2071
f 1533/1861/2073 1531/1862/2914 1530/1860/2074
f 1531/1862/2075 1475/1795/2915 1478/1799/2076
f 1534/1863/2078 1532/1864/2107 1531/1862/2079
f 1532/1864/2081 1472/1792/2916 1475/1795/2082
f 1535/1865/2083 1536/1867/2093 1534/1863/2084
f 1526/1866/2086 1535/1865/2087 1533/1861/2087
f 1321/1593/2088 1536/1867/2089 1535/1865/2089
f 1315/1580/2091 1318/1589/2917 1535/1865/2092
f 1536/1867/2093 1537/1869/2918 1539/1868/2094
f 1321/1593/2095 1324/1592/2095 1537/1869/2096
f 1537/1869/2098 1538/1933/2296 1540/1870/2099
f 1327/1597/2100 1538/1933/2919 1537/1869/2101
f 1540/1870/2103 1542/1872/2115 1541/1871/2104
f 1539/1868/2106 1541/1871/2920 1532/1864/2107
f 1542/1872/2108 1466/1783/2113 1469/1787/2109
f 1541/1871/2111 1469/1787/2111 1472/1792/2111
f 1542/1872/2108 1543/1875/2921 1463/1779/2112
f 1544/1873/2114 1543/1875/2114 1542/1872/2115
f 1545/1874/2116 1460/1775/2117 1463/1779/2117
f 1544/1873/2119 1547/1876/2119 1545/1874/2120
f 1547/1876/2121 1548/1882/2922 1546/1877/2121
f 1546/1877/2123 1457/1772/2923 1460/1775/2124
f 1549/1878/2125 1547/1876/2126 1544/1873/2126
f 1551/1880/2127 1548/1882/2924 1547/1876/2128
f 1330/1605/2129 1333/1604/2129 1549/1878/2130
f 1333/1604/2132 1336/1609/2925 1551/1880/2133
f 1552/1881/2135 1554/1884/2140 1548/1882/2136
f 1339/1617/2137 1552/1881/2138 1551/1880/2138
f 1553/1883/2139 1555/1887/2139 1554/1884/2140
f 1339/1617/2141 1342/1616/2141 1553/1883/2142
f 1554/1884/2144 1555/1887/2926 1557/1885/2145
f 1548/1882/2147 1554/1884/2144 1556/1886/2146
f 1557/1885/2149 1451/1764/2150 1454/1767/2150
f 1546/1877/2152 1556/1886/2927 1454/1767/2153
f 1557/1885/2155 1558/1888/2156 1448/1760/2156
f 1555/1887/2157 1559/1889/2162 1558/1888/2158
f 1558/1888/2160 1560/1890/2160 1445/1756/2160
f 1559/1889/2162 1562/1891/2928 1560/1890/2163
f 1562/1891/2164 1563/1897/2189 1561/1892/2165
f 1560/1890/2167 1561/1892/2167 1442/1751/2168
f 1564/1893/2169 1562/1891/2169 1559/1889/2170
f 1566/1895/2172 1563/1897/2181 1562/1891/2173
f 1345/1625/2175 1348/1629/2929 1564/1893/2176
f 1351/1633/2177 1566/1895/2179 1564/1893/2178
f 1567/1896/2180 1569/1899/2180 1563/1897/2181
f 1351/1633/2182 1354/1632/2930 1567/1896/2182
f 1568/1898/2184 1570/1902/2184 1569/1899/2185
f 1354/1632/2186 1357/1641/2186 1568/1898/2187
f 1569/1899/2188 1570/1902/2931 1572/1900/2188
f 1563/1897/2189 1569/1899/2932 1571/1901/2190
f 1571/1901/2191 1572/1900/2191 1436/1743/2192
f 1571/1901/2193 1439/1748/2194 1442/1751/2194
f 1570/1902/2196 1575/1904/2196 1573/1903/2197
f 1573/1903/2198 1433/1739/2198 1436/1743/2198
f 1573/1903/2200 1574/1905/2201 1430/1735/2200
f 1575/1904/2202 1576/1909/2221 1574/1905/2203
f 1578/1906/2205 1576/1909/2215 1575/1904/2206
f 1577/1907/2208 1575/1904/2209 1570/1902/2209
f 1360/1645/2210 1363/1644/2933 1578/1906/2210
f 1357/1641/2211 1360/1645/2934 1577/1907/2212
f 1366/1649/2213 1579/1908/2213 1578/1906/2213
f 1579/1908/2214 1581/1911/2935 1576/1909/2215
f 1369/1657/2216 1580/1919/2936 1579/1908/2217
f 1579/1908/2218 1580/1919/2218 1582/1910/2219
f 1581/1911/2220 1583/1913/2937 1574/1905/2203
f 1581/1911/2222 1582/1910/2938 1584/1912/2223
f 1574/1905/2224 1583/1913/2939 1427/1731/2225
f 1583/1913/2227 1584/1912/2227 1424/1727/2228
f 1587/1914/2229 1585/1916/2229 1584/1912/2229
f 1584/1912/2230 1585/1916/2230 1421/1723/2231
f 1587/1914/2233 1588/1921/2940 1586/1915/2234
f 1585/1916/2235 1586/1915/2941 1418/1720/2236
f 1590/1917/2238 1588/1921/2238 1587/1914/2239
f 1589/1918/2240 1587/1914/2942 1582/1910/2241
f 1375/1665/2242 1590/1917/2243 1589/1918/2243
f 1369/1657/2244 1372/1656/2244 1589/1918/2245
f 1591/1920/2247 1593/1923/2248 1588/1921/2248
f 1378/1669/2250 1591/1920/2943 1590/1917/2251
f 1592/1922/2252 1594/1924/2253 1593/1923/2253
f 1381/1668/2255 1592/1922/2944 1591/1920/2255
f 1594/1924/2257 1596/1927/2258 1595/1925/2258
f 1588/1921/2259 1593/1923/2259 1595/1925/2260
f 1595/1925/2261 1596/1927/2261 1412/1711/2262
f 1595/1925/2264 1415/1715/2264 1418/1720/2264
f 1594/1924/2266 1599/1929/2266 1597/1926/2267
f 1596/1927/2268 1597/1926/2268 1409/1708/2269
f 1597/1926/2270 1598/1932/2270 1406/1704/2270
f 1600/1928/2271 1598/1932/2272 1597/1926/2271
f 1602/1930/2273 1600/1928/2273 1599/1929/2274
f 1601/1931/2275 1599/1929/2276 1594/1924/2276
f 1387/1681/2278 1602/1930/2278 1601/1931/2278
f 1381/1668/2279 1384/1673/2279 1601/1931/2280
f 1390/1684/2282 1394/1686/2282 1602/1930/2282
f 1394/1686/2283 1397/1692/2283 1600/1928/2284
f 1600/1928/2286 1397/1692/2287 1400/1695/2287
f 1598/1932/2288 1400/1695/2289 1403/1699/2288
f 1342/1616/2290 1345/1625/2291 1565/1894/2291
f 1565/1894/2171 1559/1889/2170 1555/1887/2292
f 1330/1605/2294 1550/1879/2295 1538/1933/2295
f 1538/1933/2296 1550/1879/2945 1544/1873/2297
f 1512/1845/2298 1499/1826/2298 1502/1830/2299
f 1603/1934/2300 1297/1557/2300 1507/1836/2301
f 1603/1934/2302 1504/1833/2946 1501/1832/2303
f 1604/1935/2304 1300/1560/2305 1297/1557/2305
f 1498/1827/2307 1606/1937/2947 1604/1935/2308
f 1605/1936/2309 1614/1944/2310 1300/1560/2310
f 1606/1937/2311 1607/1938/2311 1605/1936/2312
f 1496/1822/2313 1492/1817/2313 1606/1937/2313
f 1489/1814/2315 1607/1938/2948 1606/1937/2316
f 1607/1938/2318 1608/1940/2318 1610/1939/2318
f 1489/1814/2319 1486/1809/2949 1608/1940/2320
f 1486/1809/2322 1483/1806/2950 1609/1941/2323
f 1608/1940/2325 1609/1941/2951 1611/1942/2326
f 1611/1942/2327 1613/1946/2327 1612/1943/2328
f 1610/1939/2329 1612/1943/2330 1614/1944/2330
f 1612/1943/2331 1613/1946/2331 1310/1578/2331
f 1612/1943/2332 1307/1571/2333 1299/1561/2333
f 1615/1945/2335 1313/1583/2952 1310/1578/2335
f 1617/1947/2336 1615/1945/2341 1613/1946/2337
f 1615/1945/2339 1616/1956/2953 1316/1582/2339
f 1618/1948/2340 1616/1956/2340 1615/1945/2341
f 1609/1941/2342 1619/1949/2343 1617/1947/2343
f 1619/1949/2343 1620/1950/2350 1618/1948/2344
f 1483/1806/2345 1480/1802/2347 1619/1949/2346
f 1480/1802/2348 1477/1797/2349 1620/1950/2349
f 1620/1950/2350 1621/1952/2954 1623/1951/2351
f 1477/1797/2352 1474/1793/2352 1621/1952/2352
f 1621/1952/2354 1622/1954/2378 1624/1953/2355
f 1474/1793/2356 1471/1790/2955 1622/1954/2357
f 1624/1953/2359 1626/1958/2368 1625/1955/2360
f 1623/1951/2362 1625/1955/2956 1616/1956/2340
f 1625/1955/2363 1626/1958/2363 1322/1595/2364
f 1625/1955/2365 1319/1586/2957 1316/1582/2365
f 1629/1957/2367 1627/1959/2958 1626/1958/2368
f 1627/1959/2369 1325/1594/2959 1322/1595/2370
f 1630/1960/2371 1628/2023/2565 1627/1959/2372
f 1627/1959/2373 1628/2023/2374 1328/1598/2373
f 1631/1961/2375 1632/1962/2387 1630/1960/2376
f 1622/1954/2378 1631/1961/2960 1629/1957/2379
f 1468/1786/2380 1465/1781/2386 1632/1962/2381
f 1471/1790/2382 1468/1786/2382 1631/1961/2383
f 1462/1777/2385 1633/1965/2961 1632/1962/2381
f 1632/1962/2387 1633/1965/2962 1634/1963/2388
f 1462/1777/2389 1459/1773/2389 1635/1964/2390
f 1635/1964/2391 1637/1967/2392 1634/1963/2392
f 1636/1966/2393 1638/1971/2963 1637/1967/2394
f 1459/1773/2396 1456/1770/2964 1636/1966/2397
f 1634/1963/2398 1637/1967/2965 1639/1968/2399
f 1637/1967/2400 1638/1971/2966 1641/1970/2401
f 1639/1968/2403 1334/1606/2404 1331/1607/2404
f 1641/1970/2405 1337/1610/2967 1334/1606/2406
f 1638/1971/2408 1644/1973/2414 1642/1972/2409
f 1641/1970/2411 1642/1972/2411 1340/1619/2412
f 1644/1973/2414 1645/1978/2968 1643/1974/2415
f 1643/1974/2416 1343/1618/2969 1340/1619/2417
f 1647/1975/2418 1645/1978/2970 1644/1973/2419
f 1646/1976/2420 1644/1973/2419 1638/1971/2421
f 1453/1765/2423 1450/1762/2971 1647/1975/2424
f 1453/1765/2426 1646/1976/2427 1636/1966/2427
f 1447/1758/2428 1648/1977/2428 1647/1975/2429
f 1648/1977/2430 1649/1980/2435 1645/1978/2431
f 1444/1754/2433 1650/1979/2433 1648/1977/2433
f 1650/1979/2434 1652/1982/2434 1649/1980/2435
f 1651/1981/2436 1653/1986/2466 1652/1982/2437
f 1441/1749/2439 1651/1981/2440 1650/1979/2440
f 1649/1980/2442 1652/1982/2972 1654/1983/2443
f 1652/1982/2445 1653/1986/2452 1656/1985/2446
f 1654/1983/2448 1349/1626/2973 1346/1627/2449
f 1654/1983/2450 1656/1985/2450 1352/1635/2451
f 1653/1986/2452 1659/1988/2974 1657/1987/2453
f 1657/1987/2454 1355/1634/2455 1352/1635/2455
f 1659/1988/2457 1660/1993/2457 1658/1989/2458
f 1658/1989/2460 1358/1642/2461 1355/1634/2461
f 1662/1990/2463 1660/1993/2464 1659/1988/2464
f 1661/1991/2465 1659/1988/2975 1653/1986/2466
f 1435/1742/2467 1662/1990/2976 1661/1991/2468
f 1441/1749/2469 1438/1746/2977 1661/1991/2470
f 1663/1992/2472 1665/1995/2473 1660/1993/2473
f 1435/1742/2474 1432/1737/2978 1663/1992/2475
f 1429/1733/2476 1664/1994/2476 1663/1992/2476
f 1664/1994/2477 1666/1998/2496 1665/1995/2478
f 1665/1995/2479 1666/1998/2489 1668/1996/2480
f 1660/1993/2482 1665/1995/2482 1667/1997/2482
f 1668/1996/2483 1364/1650/2484 1361/1646/2484
f 1667/1997/2485 1361/1646/2486 1358/1642/2486
f 1668/1996/2487 1669/1999/2488 1367/1654/2488
f 1666/1998/2489 1671/2001/2490 1669/1999/2490
f 1669/1999/2491 1670/2009/2492 1370/1659/2492
f 1672/2000/2493 1670/2009/2979 1669/1999/2494
f 1664/1994/2477 1673/2003/2980 1671/2001/2495
f 1674/2002/2497 1672/2000/2498 1671/2001/2498
f 1426/1729/2499 1673/2003/2499 1664/1994/2499
f 1423/1725/2500 1674/2002/2501 1673/2003/2501
f 1674/2002/2502 1675/2006/2502 1677/2004/2503
f 1420/1721/2504 1675/2006/2505 1674/2002/2505
f 1676/2005/2506 1678/2010/2981 1677/2004/2507
f 1417/1718/2508 1676/2005/2982 1675/2006/2509
f 1677/2004/2510 1678/2010/2510 1680/2007/2511
f 1672/2000/2512 1677/2004/2512 1679/2008/2513
f 1679/2008/2514 1680/2007/2514 1376/1662/2515
f 1679/2008/2516 1373/1658/2983 1370/1659/2517
f 1678/2010/2518 1683/2012/2518 1681/2011/2519
f 1680/2007/2521 1681/2011/2521 1379/1670/2522
f 1683/2012/2524 1684/2015/2524 1682/2013/2524
f 1681/2011/2526 1682/2013/2526 1382/1674/2527
f 1685/2014/2528 1686/2017/2528 1684/2015/2529
f 1685/2014/2530 1683/2012/2531 1678/2010/2531
f 1411/1709/2533 1686/2017/2534 1685/2014/2534
f 1417/1718/2535 1414/1714/2984 1685/2014/2536
f 1687/2016/2537 1689/2019/2985 1684/2015/2538
f 1408/1705/2539 1687/2016/2539 1686/2017/2539
f 1405/1701/2540 1688/2022/2540 1687/2016/2540
f 1687/2016/2541 1688/2022/2986 1690/2018/2541
f 1689/2019/2543 1690/2018/2543 1692/2020/2543
f 1684/2015/2544 1689/2019/2544 1691/2021/2545
f 1691/2021/2546 1692/2020/2546 1388/1678/2546
f 1691/2021/2547 1385/1679/2547 1382/1674/2547
f 1692/2020/2549 1393/1688/2550 1391/1682/2550
f 1690/2018/2552 1396/1690/2553 1393/1688/2553
f 1399/1693/2555 1396/1690/2555 1690/2018/2556
f 1402/1697/2557 1399/1693/2557 1688/2022/2557
f 1655/1984/2558 1346/1627/2558 1343/1618/2558
f 1645/1978/2559 1649/1980/2442 1655/1984/2444
f 1628/2023/2561 1640/1969/2987 1331/1607/2562
f 1634/1963/2564 1640/1969/2988 1628/2023/2565
f 1693/2024/2566 1694/2028/2566 1698/2025/2566
f 1695/2027/2567 1868/2027/2567 1694/2028/2567
f 1695/2027/3 1693/2024/3 1696/2029/3
f 1697/2026/3 1699/2033/3 1696/2029/3
f 1697/2026/2568 1698/2025/2568 1701/2031/2568
f 1700/2032/3 1703/2037/3 1699/2033/3
f 1700/2032/2569 1701/2031/2569 1884/2034/2569
f 1700/2032/3 1702/2035/3 1704/2036/3
f 1706/2038/2570 1705/2041/2570 1703/2039/2570
f 1705/2041/2571 1707/2257/2571 1699/2042/2571
f 1708/2043/8 1705/2047/8 1706/2044/8
f 1708/2043/8 1709/2049/8 1707/2046/8
f 1708/2043/2568 1710/2050/2568 1872/2048/2568
f 1711/2045/2569 1712/2052/2569 1710/2050/2569
f 1713/2051/2572 1716/2055/2572 1712/2052/2572
f 1713/2051/8 1711/2045/8 1706/2044/8
f 1714/2054/2573 1717/2061/2573 1716/2055/2573
f 1713/2051/8 1715/2053/8 1725/2056/8
f 1852/2059/8 1853/2238/8 1871/2259/8
f 1871/2259/8 1872/2048/8 1852/2059/8
f 1872/2048/8 1710/2050/8 1852/2059/8
f 1710/2050/8 1712/2052/8 1718/2063/8
f 1712/2052/8 1716/2055/8 1718/2063/8
f 1716/2055/8 1717/2061/8 1718/2063/8
f 1718/2063/8 1719/2110/8 1754/2109/8
f 1754/2109/8 1755/2111/8 1718/2063/8
f 1755/2111/8 1756/2112/8 1718/2063/8
f 1756/2112/8 1757/2101/8 1758/2116/8
f 1758/2116/8 1881/2265/8 1880/2264/8
f 1880/2264/8 1785/2151/2686 1784/2150/8
f 1784/2150/8 1786/2153/8 1880/2264/8
f 1786/2153/8 1787/2152/8 1880/2264/8
f 1787/2152/8 1788/2154/8 1819/2195/8
f 1819/2195/8 1820/2196/8 1787/2152/8
f 1820/2196/8 1821/2057/8 1787/2152/8
f 1821/2057/8 1822/2198/8 1873/2058/8
f 1822/2198/8 1823/2201/8 1873/2058/8
f 1823/2201/8 1874/2260/8 1873/2058/8
f 1873/2058/8 1850/2235/8 1849/2234/8
f 1849/2234/8 1851/2237/8 1852/2059/8
f 1756/2112/8 1758/2116/8 1880/2264/8
f 1873/2058/8 1849/2234/8 1852/2059/8
f 1852/2059/8 1710/2050/8 1718/2063/8
f 1718/2063/8 1756/2112/8 1852/2059/8
f 1756/2112/8 1880/2264/8 1852/2059/8
f 1880/2264/8 1787/2152/8 1852/2059/8
f 1787/2152/8 1821/2057/8 1852/2059/8
f 1720/2060/2574 1718/2063/2574 1717/2061/2574
f 1721/2062/2575 1719/2110/2575 1718/2063/2575
f 1721/2062/8 1720/2060/8 1722/2064/8
f 1720/2060/8 1714/2054/8 1725/2056/8
f 1723/2066/2576 1722/2069/2576 1724/2067/2576
f 1722/2069/2577 1725/2071/2577 1726/2070/2577
f 1725/2071/2578 1715/2267/2578 1727/2072/2578
f 1731/2073/3 1724/2081/3 1726/2074/3
f 1729/2076/3 1728/2075/3 1726/2074/3
f 1729/2076/2573 1883/2266/2573 1730/2075/2573
f 1728/2075/2574 1730/2075/2574 1732/2078/2574
f 1731/2073/2575 1732/2078/2575 1734/2079/2575
f 1733/2080/3 1735/2084/3 1724/2081/3
f 1733/2080/2579 1734/2079/2579 1737/2082/2579
f 1736/2083/3 1738/2088/3 1735/2084/3
f 1736/2083/2580 1737/2082/2580 1740/2085/2580
f 1736/2083/3 1739/2086/3 1741/2087/3
f 1739/2086/2581 1740/2085/2581 1743/2089/2581
f 1742/2090/3 1745/2092/3 1741/2087/3
f 1742/2090/2582 1743/2089/2582 1882/2091/2583
f 1744/2091/3 1746/2125/3 1745/2092/3
f 1749/2093/2584 1747/2096/2584 1745/2094/2584
f 1747/2096/2585 1750/2103/2585 1741/2097/2585
f 1748/2098/8 1751/2106/8 1750/2099/8
f 1759/2101/8 1748/2098/8 1747/2100/8
f 1750/2103/2586 1752/2107/2586 1738/2104/2586
f 1753/2105/8 1752/2108/8 1750/2099/8
f 1752/2107/2587 1723/2066/2587 1735/2068/2587
f 1753/2105/8 1721/2062/8 1723/2065/8
f 1751/2106/2580 1755/2111/2580 1754/2109/2580
f 1753/2105/2579 1754/2109/2579 1719/2110/2579
f 1748/2098/2581 1756/2112/2581 1755/2111/2581
f 1759/2101/2582 1757/2101/2582 1756/2112/2583
f 1760/2113/2588 1758/2116/2588 1757/2101/2589
f 1759/2101/8 1749/2102/8 1762/2114/8
f 1761/2115/2590 1881/2265/2590 1758/2116/2590
f 1760/2113/8 1762/2114/8 1763/2117/8
f 1763/2118/2591 1762/2121/2591 1764/2119/2591
f 1762/2121/2592 1749/2093/2592 1746/2095/2592
f 1766/2122/3 1768/2126/3 1765/2123/3
f 1744/2091/3 1766/2122/3 1764/2124/3
f 1766/2122/2590 1767/2127/2590 1769/2126/2590
f 1744/2091/2589 1882/2091/2589 1767/2127/2589
f 1768/2126/2593 1769/2126/2593 1771/2128/2593
f 1770/2129/3 1773/2133/3 1765/2123/3
f 1770/2129/2594 1771/2128/2594 1879/2130/2594
f 1770/2129/3 1772/2131/3 1774/2132/3
f 1777/2134/2595 1775/2137/2595 1773/2135/2595
f 1775/2137/2596 1763/2118/2596 1765/2120/2596
f 1776/2138/8 1761/2115/8 1763/2117/8
f 1776/2138/8 1775/2139/8 1777/2140/8
f 1778/2141/8 1777/2140/8 1779/2142/8
f 1779/2144/2567 1777/2134/2567 1774/2136/2567
f 1783/2146/8 1782/2143/8 1779/2142/8
f 1780/2148/2566 1779/2144/2566 1781/2145/2566
f 1783/2146/2598 1786/2153/2598 1784/2150/2598
f 1782/2143/2599 1784/2150/2599 1785/2151/2600
f 1789/2152/2601 1787/2152/2601 1786/2153/2601
f 1789/2152/2570 1790/2155/2602 1788/2154/2602
f 1790/2155/8 1789/2152/8 1791/2156/8
f 1789/2152/8 1783/2146/8 1780/2147/8
f 1792/2158/2569 1791/2161/2569 1793/2159/2569
f 1791/2161/2603 1780/2148/2603 1795/2149/2603
f 1799/2162/3 1794/2170/3 1793/2163/3
f 1796/2164/3 1793/2163/3 1795/2165/3
f 1796/2164/2570 1797/2168/2570 1800/2167/2570
f 1798/2166/2601 1876/2252/2601 1797/2168/2601
f 1799/2162/2604 1800/2167/2604 1802/2169/2604
f 1801/2169/3 1803/2173/3 1794/2170/3
f 1801/2169/2578 1802/2169/2578 1805/2171/2578
f 1804/2172/3 1806/2176/3 1803/2173/3
f 1804/2172/2577 1805/2171/2577 1808/2174/2577
f 1807/2175/3 1810/2178/3 1806/2176/3
f 1807/2175/2576 1808/2174/2576 1875/2177/2576
f 1809/2177/3 1811/2210/3 1810/2178/3
f 1814/2179/2575 1812/2182/2575 1810/2180/2575
f 1812/2182/2574 1815/2189/2574 1806/2183/2574
f 1813/2184/8 1816/2191/8 1815/2185/8
f 1824/2187/8 1813/2184/8 1812/2186/8
f 1815/2189/2573 1817/2193/2573 1803/2190/2573
f 1816/2191/8 1818/2194/8 1817/2192/8
f 1817/2193/2605 1792/2158/2605 1794/2160/2605
f 1818/2194/8 1790/2155/8 1792/2157/8
f 1816/2191/2578 1820/2196/2578 1819/2195/2578
f 1790/2155/2606 1818/2194/2604 1819/2195/2604
f 1813/2184/2577 1821/2057/2577 1820/2196/2577
f 1824/2187/2576 1822/2198/2576 1821/2057/2576
f 1825/2197/2587 1823/2201/2587 1822/2198/2587
f 1825/2197/8 1824/2187/8 1814/2188/8
f 1826/2200/2586 1874/2260/2586 1823/2201/2586
f 1825/2197/8 1827/2199/8 1828/2202/8
f 1828/2203/2580 1827/2206/2580 1829/2204/2580
f 1827/2206/2579 1814/2179/2579 1811/2181/2579
f 1831/2207/3 1833/2212/3 1830/2208/3
f 1831/2207/3 1829/2209/3 1811/2210/3
f 1831/2207/2586 1832/2213/2586 1834/2211/2586
f 1809/2177/2587 1875/2177/2587 1832/2213/2587
f 1833/2212/2607 1834/2211/2607 1836/2214/2607
f 1833/2212/3 1835/2215/3 1838/2216/3
f 1835/2215/2608 1836/2214/2608 1867/2217/2584
f 1835/2215/3 1837/2217/3 1839/2218/3
f 1839/2219/2583 1842/2229/2583 1840/2220/2583
f 1838/2221/2581 1840/2220/2581 1828/2203/2581
f 1841/2222/8 1826/2200/8 1828/2202/8
f 1841/2222/8 1840/2223/8 1842/2224/8
f 1847/2226/8 1843/2225/8 1842/2224/8
f 1846/2228/2588 1844/2233/2609 1842/2229/2609
f 1848/2230/8 1847/2226/8 1844/2227/8
f 1860/2232/2590 1845/3766/2590 1844/2233/2590
f 1848/2230/2591 1851/2237/2591 1849/2234/2591
f 1847/2226/2592 1849/2234/2592 1850/2235/2610
f 1854/2236/2611 1852/2059/2611 1851/2237/2611
f 1855/2238/2595 1853/2238/2595 1852/2059/2595
f 1855/2238/8 1854/2236/8 1856/2239/8
f 1854/2236/8 1848/2230/8 1845/2231/8
f 1857/2241/2594 1856/2244/2594 1858/2242/2594
f 1856/2244/2593 1845/3766/2593 1860/2232/2593
f 1695/2027/3 1859/2030/3 1858/2245/3
f 1861/2246/3 1858/2245/3 1860/2247/3
f 1861/2246/2595 1862/2249/2595 1868/2027/2595
f 1863/2248/2611 1864/2248/2611 1862/2249/2611
f 1865/2250/2591 1866/2250/2591 1864/2248/2591
f 1863/2248/3 1860/2247/3 1846/2251/3
f 1837/2217/2610 1867/2217/2610 1866/2250/2610
f 1837/2217/3 1865/2250/3 1846/2251/3
f 1698/2025/3 1694/2028/2989 1868/2027/3
f 1868/2027/3 1862/2249/3 1698/2025/3
f 1862/2249/3 1864/2248/3 1698/2025/3
f 1864/2248/3 1866/2250/3 1834/2211/3
f 1866/2250/3 1867/2217/3 1834/2211/3
f 1867/2217/3 1836/2214/3 1834/2211/3
f 1834/2211/3 1832/2213/3 1875/2177/3
f 1875/2177/3 1808/2174/3 1805/2171/3
f 1805/2171/3 1802/2169/3 1876/2252/3
f 1802/2169/3 1800/2167/3 1876/2252/3
f 1800/2167/3 1797/2168/2688 1876/2252/3
f 1876/2252/3 1878/2263/3 1879/2130/3
f 1879/2130/3 1771/2128/3 1769/2126/3
f 1769/2126/3 1767/2127/3 1740/2085/3
f 1767/2127/3 1882/2091/3 1740/2085/3
f 1882/2091/3 1743/2089/3 1740/2085/3
f 1740/2085/3 1737/2082/3 1734/2079/3
f 1734/2079/3 1732/2078/3 1740/2085/3
f 1732/2078/3 1730/2075/3 1740/2085/3
f 1730/2075/3 1883/2266/3 1884/2034/3
f 1884/2034/3 1701/2031/3 1698/2025/3
f 1834/2211/3 1875/2177/3 1876/2252/3
f 1875/2177/3 1805/2171/3 1876/2252/3
f 1876/2252/3 1879/2130/3 1740/2085/3
f 1879/2130/3 1769/2126/3 1740/2085/3
f 1730/2075/3 1884/2034/3 1698/2025/3
f 1698/2025/3 1864/2248/3 1834/2211/3
f 1740/2085/3 1730/2075/3 1876/2252/3
f 1730/2075/3 1698/2025/3 1876/2252/3
f 1869/2253/2600 1857/2241/2600 1859/2243/2600
f 1855/2238/8 1857/2240/8 1869/2255/8
f 1709/2049/8 1870/2256/8 1869/2255/8
f 1707/2257/2598 1869/3767/2598 1696/2258/2598
f 1709/2049/2566 1872/2048/2566 1871/2259/2566
f 1870/2256/2567 1871/2259/2567 1853/2238/2567
f 1843/2225/2584 1850/2235/2584 1873/2058/2608
f 1841/2222/2607 1873/2058/2607 1874/2260/2607
f 1877/2261/2598 1878/2263/2598 1876/2252/2598
f 1798/2166/3 1795/2165/3 1781/2262/3
f 1772/2131/2599 1879/2130/2599 1878/2263/2600
f 1772/2131/3 1877/2261/3 1781/2262/3
f 1778/2141/2594 1785/2151/2594 1880/2264/2594
f 1776/2138/2593 1880/2264/2593 1881/2265/2593
f 1702/2035/2572 1884/2034/2572 1883/2266/2572
f 1729/2076/3 1727/2077/3 1704/2036/3
f 1715/2267/2604 1706/2038/2604 1704/2040/2604
f 1885/2268/2 1886/2272/2 1890/2269/2
f 1887/2271/1 2060/2271/1 1886/2272/1
f 1885/2268/3 1888/2275/3 2051/2273/3
f 1885/2268/3 1889/2270/3 1891/2274/3
f 1889/2270/4 1890/2269/4 1893/2276/4
f 1889/2270/3 1892/2277/3 1895/2278/3
f 1892/2277/5 1893/2276/5 2076/2279/5
f 1894/2280/3 1896/2508/3 1895/2278/3
f 1898/2281/6 1897/2284/6 1895/2282/6
f 1897/2284/7 1899/2497/7 1891/2285/7
f 1903/2286/8 1900/2290/8 1897/2287/8
f 1901/2289/8 1899/2496/8 1897/2287/8
f 1900/2290/4 1902/2292/4 2064/2291/4
f 1903/2286/5 1904/2294/5 1902/2292/5
f 1905/2293/9 1908/2297/9 1904/2294/9
f 1905/2293/8 1903/2286/8 1898/2288/8
f 1906/2296/10 1909/2303/10 1908/2297/10
f 1906/2296/8 1905/2293/8 1907/2295/8
f 2044/2476/8 2045/2500/8 2063/2499/8
f 2063/2499/8 2064/2291/8 2044/2476/8
f 2064/2291/8 1902/2292/8 2044/2476/8
f 1902/2292/8 1904/2294/8 1908/2297/8
f 1908/2297/8 1909/2303/8 1910/2299/8
f 1910/2299/8 1911/2353/8 1948/2354/8
f 1911/2353/8 1946/2352/8 1948/2354/8
f 1946/2352/8 1947/2348/8 1948/2354/8
f 1948/2354/8 1949/2345/8 2072/2300/8
f 1949/2345/8 1950/2358/8 2072/2300/8
f 1950/2358/8 2073/2506/8 2072/2300/8
f 2072/2300/8 1977/2391/8 1979/2392/8
f 1977/2391/8 1976/2384/8 1979/2392/8
f 1976/2384/8 1978/2388/8 1979/2392/8
f 1979/2392/8 1980/2393/8 2011/2434/8
f 2011/2434/8 2012/2435/8 2013/2301/8
f 2013/2301/8 2014/2437/8 2015/2440/8
f 2015/2440/8 2066/2502/8 2065/2501/8
f 2065/2501/8 2042/2472/8 2041/2464/8
f 2041/2464/8 2043/2474/8 2044/2476/8
f 1902/2292/8 1908/2297/8 2044/2476/8
f 1908/2297/8 1910/2299/8 2044/2476/8
f 1979/2392/8 2011/2434/8 2072/2300/8
f 2011/2434/8 2013/2301/8 2072/2300/8
f 2013/2301/8 2015/2440/8 2065/2501/8
f 2065/2501/8 2041/2464/8 2044/2476/8
f 1910/2299/8 1948/2354/8 2072/2300/8
f 2013/2301/8 2065/2501/8 2044/2476/8
f 2044/2476/8 1910/2299/8 2013/2301/8
f 1912/2302/11 1910/2299/11 1909/2303/11
f 1913/2304/12 1911/2353/12 1910/2299/12
f 1913/2304/8 1912/2302/8 1914/2305/8
f 1906/2296/8 1917/2298/8 1914/2305/8
f 1915/2307/13 1914/2310/13 1916/2308/13
f 1914/2310/14 1917/2312/14 1918/2311/14
f 1917/2312/15 1907/2509/15 1919/2313/15
f 1920/2314/3 1923/2320/3 1916/2315/3
f 1921/2317/3 1920/2314/3 1918/2316/3
f 1921/2317/10 2075/2507/10 1922/2314/10
f 1920/2314/11 1922/2314/11 1924/2319/11
f 1923/2320/16 1924/2319/16 1926/2321/17
f 1925/2322/3 1927/2325/3 1916/2315/3
f 1925/2322/18 1926/2321/18 1929/2323/19
f 1928/2324/3 1930/2328/3 1927/2325/3
f 1928/2324/20 1929/2323/20 1932/2326/20
f 1931/2327/3 1933/2331/3 1930/2328/3
f 1931/2327/21 1932/2326/21 1935/2329/21
f 1934/2330/3 1937/2335/3 1933/2331/3
f 1934/2330/22 1935/2329/22 2074/2332/22
f 1934/2330/3 1936/2333/3 1938/2334/3
f 1941/2336/23 1939/2339/23 1937/2337/23
f 1939/2339/24 1942/2346/24 1933/2340/24
f 1940/2341/8 1943/2348/8 1942/2342/8
f 1940/2341/8 1939/2343/8 1941/2344/8
f 1942/2346/25 1944/2350/25 1930/2347/25
f 1943/2348/8 1945/2351/8 1944/2349/8
f 1944/2350/26 1915/2307/26 1927/2309/26
f 1945/2351/8 1913/2304/8 1915/2306/8
f 1943/2348/20 1947/2348/20 1946/2352/20
f 1945/2351/19 1946/2352/19 1911/2353/19
f 1940/2341/21 1948/2354/21 1947/2348/21
f 1951/2345/22 1949/2345/22 1948/2354/22
f 1952/2355/27 1950/2358/27 1949/2345/27
f 1952/2355/8 1951/2345/8 1941/2344/8
f 1953/2357/28 2073/2506/28 1950/2358/28
f 1953/2357/8 1952/2355/8 1954/2356/8
f 1955/2360/29 1954/2363/29 1956/2361/29
f 1954/2363/30 1941/2336/30 1938/2338/30
f 1960/2364/3 1957/2371/3 1956/2365/3
f 1958/2366/3 1956/2365/3 1938/2334/3
f 1958/2366/28 1959/2367/28 1961/2364/28
f 1936/2333/27 2074/2332/27 1959/2367/27
f 1960/2364/31 1961/2364/31 1963/2368/31
f 1960/2364/3 1962/2369/3 1965/2370/3
f 1962/2369/32 1963/2368/32 2071/2372/32
f 1962/2369/3 1964/2373/3 1966/2374/3
f 1969/2375/33 1967/2378/33 1965/2376/33
f 1967/2378/34 1955/2360/34 1957/2362/34
f 1953/2357/8 1955/2359/8 1967/2379/8
f 1968/2380/8 1967/2379/8 1969/2381/8
f 1970/2382/8 1969/2381/8 1971/2383/8
f 1971/2385/1 1969/2375/1 1966/2377/1
f 1974/2384/8 1971/2383/8 1972/2387/8
f 1972/2389/2 1971/2385/2 1973/2386/2
f 1975/2388/35 1978/2388/35 1976/2384/35
f 1974/2384/36 1976/2384/36 1977/2391/37
f 1981/2392/7 1979/2392/7 1978/2388/7
f 1982/2393/6 1980/2393/6 1979/2392/6
f 1981/2392/8 1983/2395/8 1984/2394/8
f 1981/2392/8 1975/2388/8 1972/2387/8
f 1984/2396/5 1983/2399/5 1985/2397/5
f 1983/2399/4 1972/2389/4 1987/2390/4
f 1991/2400/3 1986/2409/3 1985/2401/3
f 1988/2402/3 1985/2401/3 1987/2403/3
f 1988/2402/6 1989/2406/6 1992/2405/6
f 1990/2404/7 2068/2491/7 1989/2406/7
f 1991/2400/38 1992/2405/38 1994/2407/38
f 1991/2400/3 1993/2407/3 1995/2408/3
f 1993/2407/15 1994/2407/15 1997/2410/15
f 1996/2411/3 1998/2414/3 1995/2408/3
f 1996/2411/14 1997/2410/14 2000/2412/14
f 1999/2413/3 2002/2417/3 1998/2414/3
f 1999/2413/13 2000/2412/13 2067/2415/13
f 1999/2413/3 2001/2415/3 2003/2416/3
f 2006/2418/12 2004/2421/12 2002/2419/12
f 2004/2421/11 2007/2428/11 1998/2422/11
f 2005/2423/8 2008/2430/8 2007/2424/8
f 2005/2423/8 2004/2425/8 2006/2426/8
f 2007/2428/10 2009/2432/10 1995/2429/10
f 2008/2430/8 2010/2433/8 2009/2431/8
f 2009/2432/9 1984/2396/9 1986/2398/9
f 1982/2393/8 1984/2394/8 2009/2431/8
f 2008/2430/15 2012/2435/15 2011/2434/15
f 2010/2433/38 2011/2434/38 1980/2393/38
f 2005/2423/14 2013/2301/14 2012/2435/14
f 2016/2427/13 2014/2437/13 2013/2301/13
f 2017/2436/26 2015/2440/26 2014/2437/26
f 2016/2427/8 2006/2426/8 2019/2438/8
f 2018/2439/25 2066/2502/25 2015/2440/25
f 2018/2439/8 2017/2436/8 2019/2438/8
f 2020/2442/20 2019/2445/20 2021/2443/20
f 2019/2445/19 2006/2418/19 2003/2420/19
f 2025/2446/3 2022/2454/3 2021/2447/3
f 2001/2415/3 2023/2448/3 2021/2447/3
f 2023/2448/25 2024/2450/25 2026/2449/25
f 2001/2415/26 2067/2415/26 2024/2450/26
f 2025/2446/24 2026/2449/24 2028/2451/39
f 2025/2446/3 2027/2452/3 2030/2453/3
f 2027/2452/23 2028/2451/23 2059/2455/23
f 2029/2455/3 2031/2490/3 2030/2453/3
f 2034/2456/22 2032/2459/22 2030/2457/22
f 2032/2459/21 2020/2442/21 2022/2444/21
f 2018/2439/8 2020/2441/8 2032/2460/8
f 2035/2462/8 2033/2461/8 2032/2460/8
f 2039/2464/8 2035/2462/8 2034/2463/8
f 2036/2466/27 2034/2456/27 2031/2458/27
f 2040/2468/8 2039/2464/8 2036/2465/8
f 2037/2470/28 2036/2466/28 2038/2467/28
f 2040/2468/29 2043/2474/29 2041/2464/29
f 2039/2464/30 2041/2464/30 2042/2472/30
f 2046/2473/34 2044/2476/34 2043/2474/34
f 2047/2475/33 2045/2500/33 2044/2476/33
f 2047/2475/8 2046/2473/8 2048/2477/8
f 2040/2468/8 2037/2469/8 2048/2477/8
f 2049/2479/32 2048/2482/32 2050/2480/32
f 2048/2482/31 2037/2470/31 2052/2471/31
f 1887/2271/3 2051/2273/3 2050/2483/3
f 2055/2485/3 2053/2484/3 2050/2483/3
f 2053/2484/33 2054/2487/33 2060/2271/33
f 2055/2485/34 2056/2485/34 2054/2487/34
f 2057/2488/29 2058/2488/29 2056/2485/29
f 2055/2485/3 2052/2486/3 2038/2489/3
f 2029/2455/30 2059/2455/30 2058/2488/30
f 2057/2488/3 2038/2489/3 2031/2490/3
f 1890/2269/3 1886/2272/3 2060/2271/3
f 2060/2271/3 2054/2487/3 2056/2485/3
f 2056/2485/3 2058/2488/2688 2059/2455/3
f 2059/2455/3 2028/2451/3 2056/2485/3
f 2028/2451/3 2026/2449/3 2056/2485/3
f 2026/2449/3 2024/2450/3 1997/2410/3
f 2024/2450/3 2067/2415/3 1997/2410/3
f 2067/2415/3 2000/2412/3 1997/2410/3
f 1997/2410/3 1994/2407/3 2068/2491/3
f 1994/2407/3 1992/2405/3 2068/2491/3
f 1992/2405/3 1989/2406/3 2068/2491/3
f 2068/2491/3 2070/2505/3 2071/2372/3
f 2071/2372/3 1963/2368/3 1961/2364/3
f 1961/2364/3 1959/2367/2989 2074/2332/3
f 2074/2332/3 1935/2329/2688 1932/2326/3
f 1932/2326/3 1929/2323/3 1926/2321/3
f 1926/2321/3 1924/2319/3 1922/2314/3
f 1922/2314/3 2075/2507/3 1890/2269/3
f 2075/2507/3 2076/2279/3 1890/2269/3
f 2076/2279/3 1893/2276/3 1890/2269/3
f 1890/2269/3 2060/2271/3 2026/2449/3
f 2060/2271/3 2056/2485/3 2026/2449/3
f 2068/2491/3 2071/2372/3 1932/2326/3
f 2071/2372/3 1961/2364/3 1932/2326/3
f 1961/2364/3 2074/2332/3 1932/2326/3
f 1932/2326/3 1926/2321/3 1890/2269/3
f 1926/2321/3 1922/2314/3 1890/2269/3
f 2026/2449/3 1997/2410/3 1890/2269/3
f 1997/2410/3 2068/2491/3 1890/2269/3
f 2061/2492/37 2049/2479/37 2051/2481/37
f 2062/2494/8 2047/2475/8 2049/2478/8
f 2062/2494/8 2061/2495/8 1899/2496/8
f 1899/2497/35 2061/3768/35 1888/2498/35
f 1901/2289/2 2064/2291/2 2063/2499/2
f 2062/2494/1 2063/2499/1 2045/2500/1
f 2035/2462/23 2042/2472/23 2065/2501/23
f 2033/2461/24 2065/2501/24 2066/2502/39
f 2069/2503/35 2070/2505/35 2068/2491/35
f 2069/2503/3 1990/2404/3 1987/2403/3
f 1964/2373/37 2071/2372/37 2070/2505/37
f 1964/2373/3 2069/2503/3 1973/2504/3
f 1970/2382/32 1977/2391/32 2072/2300/32
f 1968/2380/31 2072/2300/31 2073/2506/31
f 1894/2280/9 2076/2279/9 2075/2507/9
f 1921/2317/3 1919/2318/3 1896/2508/3
f 1907/2509/38 1898/2281/38 1896/2283/38
f 2079/2510/2612 2252/2510/2612 2078/2511/2612
f 2077/2512/2613 2078/2511/2613 2082/2513/2613
f 2079/2510/3 2077/2512/3 2080/2515/3
f 2077/2512/3 2081/2514/3 2083/2517/3
f 2081/2514/2614 2082/2513/2614 2085/2518/2614
f 2081/2514/3 2084/2519/3 2087/2520/3
f 2084/2519/2615 2085/2518/2615 2268/2521/2615
f 2084/2519/3 2086/2522/3 2088/2523/3
f 2090/2524/2616 2089/2527/2616 2087/2525/2616
f 2089/2527/2617 2091/2739/2617 2083/2528/2617
f 2092/2529/8 2089/2533/8 2090/2530/8
f 2093/2532/8 2091/2741/8 2089/2533/8
f 2092/2529/2614 2094/2535/2614 2256/2534/2614
f 2095/2531/2615 2096/2537/2615 2094/2535/2615
f 2097/2536/2618 2100/2541/2618 2096/2537/2618
f 2097/2536/8 2095/2531/8 2090/2530/8
f 2097/2536/8 2099/2538/8 2109/2539/8
f 2098/2540/2619 2101/2546/2619 2100/2541/2619
f 2236/2542/8 2237/2743/8 2255/2742/8
f 2255/2742/8 2256/2534/8 2236/2542/8
f 2256/2534/8 2094/2535/8 2236/2542/8
f 2094/2535/8 2096/2537/8 2102/2543/8
f 2096/2537/8 2100/2541/8 2102/2543/8
f 2100/2541/8 2101/2546/2687 2102/2543/8
f 2102/2543/8 2103/2596/2687 2138/2595/8
f 2138/2595/8 2139/2597/8 2102/2543/8
f 2139/2597/8 2140/2598/8 2102/2543/8
f 2140/2598/8 2141/2584/8 2264/2544/8
f 2141/2584/8 2142/2599/8 2264/2544/8
f 2142/2599/8 2265/2749/8 2264/2544/8
f 2264/2544/8 2169/2635/8 2168/2628/8
f 2168/2628/8 2170/2633/8 2171/2636/8
f 2171/2636/8 2172/2678/8 2203/2677/8
f 2203/2677/8 2204/2679/8 2171/2636/8
f 2204/2679/8 2205/2680/8 2171/2636/8
f 2205/2680/8 2206/2682/2687 2207/2686/8
f 2207/2686/8 2258/2745/8 2257/2744/8
f 2257/2744/8 2234/2716/8 2236/2542/8
f 2234/2716/8 2233/2709/8 2236/2542/8
f 2233/2709/8 2235/2718/8 2236/2542/8
f 2264/2544/8 2168/2628/8 2171/2636/8
f 2205/2680/8 2207/2686/8 2236/2542/8
f 2207/2686/8 2257/2744/8 2236/2542/8
f 2236/2542/8 2094/2535/8 2102/2543/8
f 2102/2543/8 2140/2598/8 2264/2544/8
f 2264/2544/8 2171/2636/8 2236/2542/8
f 2171/2636/8 2205/2680/8 2236/2542/8
f 2104/2545/2620 2102/2543/2620 2101/2546/2620
f 2105/2547/2621 2103/2596/2621 2102/2543/2621
f 2104/2545/8 2106/2549/8 2107/2548/8
f 2098/2540/8 2109/2539/8 2106/2549/8
f 2107/2550/2622 2106/2553/2622 2108/2551/2622
f 2106/2553/2623 2109/2555/2623 2110/2554/2623
f 2109/2555/2624 2099/2751/2624 2111/2556/2624
f 2112/2557/3 2115/2564/3 2108/2558/3
f 2113/2560/3 2112/2557/3 2110/2559/3
f 2113/2560/2619 2267/2750/2619 2114/2562/2619
f 2112/2557/2620 2114/2562/2620 2116/2563/2620
f 2115/2564/2621 2116/2563/2621 2118/2565/2621
f 2117/2566/3 2119/2570/3 2108/2558/3
f 2117/2566/2625 2118/2565/2625 2121/2567/2625
f 2117/2566/3 2120/2568/3 2122/2569/3
f 2120/2568/2626 2121/2567/2626 2124/2571/2626
f 2120/2568/3 2123/2572/3 2125/2573/3
f 2123/2572/2627 2124/2571/2627 2127/2574/2627
f 2126/2575/3 2129/2578/3 2125/2573/3
f 2126/2575/2628 2127/2574/2628 2266/2576/2628
f 2128/2577/3 2130/2610/3 2129/2578/3
f 2133/2579/2629 2131/2582/2629 2129/2580/2629
f 2131/2582/2630 2134/2589/2630 2125/2583/2630
f 2143/2584/8 2132/2587/8 2131/2585/8
f 2132/2587/8 2135/2591/8 2134/2588/8
f 2134/2589/2631 2136/2593/2631 2122/2590/2631
f 2135/2591/8 2137/2594/8 2136/2592/8
f 2136/2593/2632 2107/2550/2632 2119/2552/2632
f 2105/2547/8 2107/2548/8 2136/2592/8
f 2135/2591/2633 2139/2597/2633 2138/2595/2626
f 2137/2594/2625 2138/2595/2625 2103/2596/2625
f 2132/2587/2627 2140/2598/2627 2139/2597/2634
f 2143/2584/2628 2141/2584/2628 2140/2598/2628
f 2144/2599/2635 2142/2599/2635 2141/2584/2635
f 2144/2599/8 2143/2584/8 2133/2586/8
f 2144/2599/8 2146/2600/8 2147/2601/8
f 2145/2602/2636 2265/2749/2636 2142/2599/2636
f 2147/2603/2637 2146/2606/2637 2148/2604/2637
f 2146/2606/2638 2133/2579/2638 2130/2581/2638
f 2150/2607/3 2152/2612/3 2149/2608/3
f 2150/2607/3 2148/2609/3 2130/2610/3
f 2128/2577/2635 2266/2576/2635 2151/2611/2635
f 2150/2607/2636 2151/2611/2636 2153/2612/2636
f 2152/2612/2639 2153/2612/2639 2155/2613/2639
f 2152/2612/3 2154/2614/3 2157/2615/3
f 2154/2614/2640 2155/2613/2640 2263/2616/2640
f 2154/2614/3 2156/2617/3 2158/2618/3
f 2161/2619/2641 2159/2622/2641 2157/2620/2641
f 2159/2622/2642 2147/2603/2642 2149/2605/2642
f 2160/2623/8 2159/2626/8 2161/2624/8
f 2145/2602/8 2147/2601/8 2159/2626/8
f 2162/2625/8 2161/2624/8 2163/2627/8
f 2163/2629/2643 2161/2619/2643 2158/2621/2643
f 2164/2631/2613 2163/2629/2613 2165/2630/2613
f 2167/2633/8 2166/2628/8 2163/2627/8
f 2167/2633/2644 2170/2633/2644 2168/2628/2644
f 2166/2628/2645 2168/2628/2645 2169/2635/2645
f 2173/2636/2646 2171/2636/2646 2170/2633/2647
f 2174/2637/2616 2172/2678/2616 2171/2636/2616
f 2174/2637/8 2173/2636/8 2175/2638/8
f 2173/2636/8 2167/2633/8 2164/2634/8
f 2176/2640/2615 2175/2643/2615 2177/2641/2615
f 2175/2643/2614 2164/2631/2614 2179/2632/2614
f 2183/2644/3 2178/2653/3 2177/2645/3
f 2180/2646/3 2177/2645/3 2179/2647/3
f 2182/2648/2647 2260/2734/2647 2181/2649/2646
f 2180/2646/2616 2181/2649/2616 2184/2650/2616
f 2183/2644/2648 2184/2650/2648 2186/2651/2648
f 2183/2644/3 2185/2651/3 2187/2652/3
f 2185/2651/2624 2186/2651/2624 2189/2654/2624
f 2185/2651/3 2188/2655/3 2190/2656/3
f 2188/2655/2623 2189/2654/2623 2192/2657/2623
f 2191/2658/3 2194/2660/3 2190/2656/3
f 2191/2658/2649 2192/2657/2649 2259/2659/2649
f 2193/2659/3 2195/2694/3 2194/2660/3
f 2198/2661/2650 2196/2664/2650 2194/2662/2650
f 2196/2664/2620 2199/2671/2620 2190/2665/2620
f 2208/2666/8 2197/2669/8 2196/2667/8
f 2197/2669/8 2200/2674/8 2199/2670/8
f 2199/2671/2619 2201/2675/2619 2187/2672/2619
f 2202/2673/8 2201/2676/8 2199/2670/8
f 2201/2675/2618 2176/2640/2618 2178/2642/2618
f 2174/2637/8 2176/2639/8 2201/2676/8
f 2200/2674/2624 2204/2679/2624 2203/2677/2624
f 2202/2673/2648 2203/2677/2648 2172/2678/2648
f 2197/2669/2623 2205/2680/2623 2204/2679/2623
f 2208/2666/2649 2206/2682/2649 2205/2680/2649
f 2209/2681/2632 2207/2686/2632 2206/2682/2632
f 2209/2681/8 2208/2666/8 2198/2668/8
f 2210/2684/8 2209/2681/8 2211/2683/8
f 2210/2684/2631 2258/2745/2631 2207/2686/2631
f 2212/2687/2626 2211/2690/2626 2213/2688/2626
f 2211/2690/2651 2198/2661/2651 2195/2663/2651
f 2217/2691/3 2214/2698/3 2213/2692/3
f 2215/2693/3 2213/2692/3 2195/2694/3
f 2193/2659/2632 2259/2659/2632 2216/2695/2632
f 2217/2691/2652 2215/2693/2653 2216/2695/2653
f 2219/2696/2630 2217/2691/2654 2218/2691/2654
f 2219/2696/3 2222/2700/3 2214/2698/3
f 2219/2696/2629 2220/2697/2629 2251/2699/2629
f 2221/2699/3 2223/2733/3 2222/2700/3
f 2226/2701/2628 2224/2704/2628 2222/2702/2628
f 2224/2704/2627 2212/2687/2627 2214/2689/2627
f 2227/2705/8 2225/2708/8 2224/2706/8
f 2225/2708/8 2210/2684/8 2212/2685/8
f 2231/2709/8 2227/2705/8 2226/2707/8
f 2230/2711/2635 2228/2713/2635 2226/2701/2635
f 2244/2712/2636 2229/3769/2636 2228/2713/2636
f 2232/2714/8 2231/2709/8 2228/2710/8
f 2232/2714/2637 2235/2718/2637 2233/2709/2637
f 2231/2709/2638 2233/2709/2638 2234/2716/2638
f 2238/2717/2642 2236/2542/2642 2235/2718/2642
f 2239/2719/2655 2237/2743/2655 2236/2542/2655
f 2239/2719/8 2238/2717/8 2240/2720/8
f 2238/2717/8 2232/2714/8 2229/2715/8
f 2241/2722/2656 2240/2725/2656 2242/2723/2656
f 2240/2725/2639 2229/3769/2639 2244/2712/2639
f 2079/2510/3 2243/2516/3 2242/2726/3
f 2245/2727/3 2242/2726/3 2244/2728/3
f 2247/2729/2642 2248/2729/2642 2246/2730/2642
f 2245/2727/2655 2246/2730/2655 2252/2510/2655
f 2249/2731/2637 2250/2731/2637 2248/2729/2637
f 2249/2731/3 2247/2729/3 2244/2728/3
f 2221/2699/2638 2251/2699/2638 2250/2731/2638
f 2249/2731/3 2230/2732/3 2223/2733/3
f 2082/2513/3 2078/2511/3 2252/2510/3
f 2252/2510/3 2246/2730/3 2082/2513/3
f 2246/2730/3 2248/2729/3 2082/2513/3
f 2248/2729/3 2250/2731/3 2251/2699/3
f 2251/2699/3 2220/2697/3 2218/2691/3
f 2218/2691/3 2216/2695/3 2189/2654/3
f 2216/2695/3 2259/2659/3 2189/2654/3
f 2259/2659/3 2192/2657/2989 2189/2654/3
f 2189/2654/3 2186/2651/3 2184/2650/3
f 2184/2650/3 2181/2649/3 2189/2654/3
f 2181/2649/3 2260/2734/3 2189/2654/3
f 2260/2734/3 2262/2748/3 2263/2616/3
f 2263/2616/3 2155/2613/3 2260/2734/3
f 2155/2613/3 2153/2612/3 2260/2734/3
f 2153/2612/3 2151/2611/3 2266/2576/3
f 2266/2576/3 2127/2574/3 2124/2571/3
f 2124/2571/3 2121/2567/2688 2118/2565/3
f 2118/2565/3 2116/2563/3 2124/2571/3
f 2116/2563/3 2114/2562/3 2124/2571/3
f 2114/2562/3 2267/2750/3 2268/2521/3
f 2268/2521/3 2085/2518/3 2082/2513/3
f 2248/2729/3 2251/2699/3 2082/2513/3
f 2251/2699/3 2218/2691/3 2082/2513/3
f 2153/2612/3 2266/2576/3 2260/2734/3
f 2266/2576/3 2124/2571/3 2260/2734/3
f 2114/2562/3 2268/2521/3 2124/2571/3
f 2268/2521/3 2082/2513/3 2124/2571/3
f 2218/2691/3 2189/2654/3 2260/2734/3
f 2082/2513/3 2218/2691/3 2124/2571/3
f 2253/2735/2645 2241/2722/2645 2243/2724/2645
f 2239/2719/8 2241/2721/8 2253/2737/8
f 2091/2739/2657 2253/3770/2657 2080/2740/2657
f 2254/2738/8 2253/2737/8 2091/2741/8
f 2093/2532/2613 2256/2534/2613 2255/2742/2613
f 2254/2738/2612 2255/2742/2612 2237/2743/2612
f 2227/2705/2629 2234/2716/2629 2257/2744/2629
f 2225/2708/2630 2257/2744/2630 2258/2745/2630
f 2261/2746/2644 2262/2748/2644 2260/2734/2657
f 2182/2648/3 2179/2647/3 2165/2747/3
f 2156/2617/2645 2263/2616/2645 2262/2748/2645
f 2156/2617/3 2261/2746/3 2165/2747/3
f 2162/2625/2640 2169/2635/2640 2264/2544/2640
f 2160/2623/2639 2264/2544/2639 2265/2749/2639
f 2086/2522/2618 2268/2521/2618 2267/2750/2618
f 2113/2560/3 2111/2561/3 2088/2523/3
f 2099/2751/2648 2090/2524/2648 2088/2526/2648
f 2271/2752/2643 2444/2752/2643 2270/2753/2643
f 2269/2754/2613 2270/2753/2613 2274/2755/2613
f 2269/2754/3 2272/2759/3 2435/2757/3
f 2269/2754/3 2273/2756/3 2275/2758/3
f 2273/2756/2614 2274/2755/2614 2277/2760/2614
f 2273/2756/3 2276/2761/3 2279/2762/3
f 2276/2761/2615 2277/2760/2615 2460/2763/2615
f 2278/2764/3 2280/2990/3 2279/2762/3
f 2282/2765/2616 2281/2768/2616 2279/2766/2616
f 2281/2768/2617 2283/2978/2617 2275/2769/2617
f 2287/2770/8 2284/2774/8 2281/2771/8
f 2285/2773/8 2283/2980/8 2281/2771/8
f 2284/2774/2614 2286/2776/2614 2448/2775/2614
f 2287/2770/2615 2288/2778/2615 2286/2776/2615
f 2289/2777/2618 2292/2782/2618 2288/2778/2618
f 2289/2777/8 2287/2770/8 2282/2772/8
f 2290/2780/8 2289/2777/8 2291/2779/8
f 2290/2780/2619 2293/2787/2619 2292/2782/2619
f 2428/2785/8 2429/2958/8 2286/2776/8
f 2429/2958/8 2447/2981/8 2286/2776/8
f 2447/2981/8 2448/2775/8 2286/2776/8
f 2286/2776/8 2288/2778/8 2294/2789/8
f 2288/2778/8 2292/2782/8 2294/2789/8
f 2292/2782/8 2293/2787/8 2294/2789/8
f 2294/2789/8 2295/2839/2686 2330/2838/8
f 2330/2838/8 2331/2835/8 2294/2789/8
f 2331/2835/8 2332/2840/8 2294/2789/8
f 2332/2840/8 2333/2829/8 2456/2783/8
f 2333/2829/8 2334/2845/8 2456/2783/8
f 2334/2845/8 2457/2988/8 2456/2783/8
f 2456/2783/8 2361/2864/8 2360/2869/8
f 2360/2869/8 2362/2874/8 2363/2876/8
f 2363/2876/8 2364/2919/8 2395/2918/8
f 2395/2918/8 2396/2920/8 2397/2784/8
f 2397/2784/8 2398/2922/8 2399/2926/8
f 2399/2926/8 2450/2983/8 2449/2982/8
f 2449/2982/8 2426/2957/8 2425/2956/8
f 2425/2956/8 2427/2955/8 2428/2785/8
f 2456/2783/8 2360/2869/8 2363/2876/8
f 2363/2876/8 2395/2918/8 2456/2783/8
f 2395/2918/8 2397/2784/8 2456/2783/8
f 2397/2784/8 2399/2926/8 2449/2982/8
f 2449/2982/8 2425/2956/8 2397/2784/8
f 2425/2956/8 2428/2785/8 2397/2784/8
f 2428/2785/8 2286/2776/8 2456/2783/8
f 2286/2776/8 2294/2789/8 2456/2783/8
f 2294/2789/8 2332/2840/8 2456/2783/8
f 2296/2786/2620 2294/2789/2620 2293/2787/2620
f 2297/2788/2650 2295/2839/2650 2294/2789/2650
f 2297/2788/8 2296/2786/8 2298/2790/8
f 2296/2786/8 2290/2780/8 2301/2781/8
f 2299/2792/2622 2298/2795/2622 2300/2793/2622
f 2298/2795/2623 2301/2797/2623 2302/2796/2623
f 2301/2797/2624 2291/2991/2624 2303/2798/2624
f 2307/2799/3 2300/2808/3 2302/2800/3
f 2304/2801/3 2302/2800/3 2303/2802/3
f 2305/2803/2619 2459/2989/2619 2306/2804/2619
f 2304/2801/2620 2306/2804/2620 2308/2805/2620
f 2307/2799/2650 2308/2805/2650 2310/2806/2650
f 2309/2807/3 2311/2812/3 2300/2808/3
f 2309/2807/2651 2310/2806/2651 2313/2809/2651
f 2309/2807/3 2312/2810/3 2314/2811/3
f 2312/2810/2626 2313/2809/2626 2316/2813/2626
f 2312/2810/3 2315/2814/3 2317/2815/3
f 2315/2814/2627 2316/2813/2627 2319/2816/2627
f 2318/2817/3 2321/2821/3 2317/2815/3
f 2318/2817/2628 2319/2816/2628 2458/2818/2628
f 2318/2817/3 2320/2819/3 2322/2820/3
f 2325/2822/2629 2323/2825/2629 2321/2823/2629
f 2323/2825/2630 2326/2832/2630 2317/2826/2630
f 2324/2827/8 2323/2831/8 2325/2828/8
f 2324/2827/8 2327/2835/8 2326/2830/8
f 2326/2832/2653 2328/2836/2653 2314/2833/2653
f 2329/2834/8 2328/2837/8 2326/2830/8
f 2328/2836/2658 2299/2792/2658 2311/2794/2658
f 2297/2788/8 2299/2791/8 2328/2837/8
f 2327/2835/2626 2331/2835/2626 2330/2838/2626
f 2329/2834/2651 2330/2838/2651 2295/2839/2651
f 2324/2827/2627 2332/2840/2627 2331/2835/2627
f 2335/2829/2628 2333/2829/2628 2332/2840/2628
f 2336/2841/2635 2334/2845/2635 2333/2829/2635
f 2335/2829/8 2325/2828/8 2338/2842/8
f 2337/2843/8 2336/2841/8 2338/2842/8
f 2337/2843/2636 2457/2988/2636 2334/2845/2636
f 2339/2846/2637 2338/2849/2637 2340/2847/2637
f 2338/2849/2638 2325/2822/2638 2322/2824/2638
f 2344/2850/3 2341/2857/3 2340/2851/3
f 2320/2819/3 2342/2852/3 2340/2851/3
f 2320/2819/2635 2458/2818/2635 2343/2853/2635
f 2342/2852/2636 2343/2853/2636 2345/2850/2636
f 2344/2850/2639 2345/2850/2639 2347/2854/2639
f 2344/2850/3 2346/2855/3 2349/2856/3
f 2346/2855/2640 2347/2854/2640 2455/2858/2640
f 2348/2859/3 2350/2987/3 2349/2856/3
f 2353/2860/2641 2351/2863/2641 2349/2861/2641
f 2351/2863/2642 2339/2846/2642 2341/2848/2642
f 2354/2864/8 2352/2867/8 2351/2865/8
f 2337/2843/8 2339/2844/8 2351/2865/8
f 2354/2864/8 2353/2866/8 2355/2868/8
f 2355/2870/2612 2353/2860/2612 2350/2862/2612
f 2356/2872/2659 2355/2870/2659 2357/2871/2659
f 2359/2874/8 2358/2869/8 2355/2868/8
f 2359/2874/2657 2362/2874/2657 2360/2869/2657
f 2358/2869/2645 2360/2869/2645 2361/2864/2645
f 2365/2876/2617 2363/2876/2617 2362/2874/2617
f 2366/2877/2616 2364/2919/2616 2363/2876/2616
f 2365/2876/8 2367/2879/8 2368/2878/8
f 2365/2876/8 2359/2874/8 2356/2875/8
f 2368/2880/2615 2367/2883/2615 2369/2881/2615
f 2367/2883/2614 2356/2872/2614 2371/2873/2614
f 2375/2884/3 2370/2893/3 2369/2885/3
f 2372/2886/3 2369/2885/3 2371/2887/3
f 2374/2888/2617 2452/2973/2617 2373/2889/2617
f 2372/2886/2616 2373/2889/2616 2376/2890/2616
f 2375/2884/2648 2376/2890/2648 2378/2891/2648
f 2375/2884/3 2377/2891/3 2379/2892/3
f 2377/2891/2624 2378/2891/2624 2381/2894/2624
f 2380/2895/3 2382/2898/3 2379/2892/3
f 2380/2895/2623 2381/2894/2623 2384/2896/2623
f 2383/2897/3 2386/2901/3 2382/2898/3
f 2383/2897/2622 2384/2896/2622 2451/2899/2622
f 2383/2897/3 2385/2899/3 2387/2900/3
f 2390/2902/2650 2388/2905/2650 2386/2903/2650
f 2388/2905/2620 2391/2912/2620 2382/2906/2620
f 2389/2907/8 2388/2911/8 2390/2908/8
f 2392/2910/8 2391/2915/8 2388/2911/8
f 2391/2912/2619 2393/2916/2619 2379/2913/2619
f 2392/2910/8 2394/2917/8 2393/2914/8
f 2393/2916/2618 2368/2880/2618 2370/2882/2618
f 2366/2877/8 2368/2878/8 2393/2914/8
f 2392/2910/2624 2396/2920/2624 2395/2918/2624
f 2394/2917/2648 2395/2918/2648 2364/2919/2648
f 2389/2907/2623 2397/2784/2623 2396/2920/2623
f 2400/2909/2649 2398/2922/2649 2397/2784/2649
f 2401/2921/2632 2399/2926/2632 2398/2922/2632
f 2401/2921/8 2400/2909/8 2390/2908/8
f 2402/2924/8 2401/2921/8 2403/2923/8
f 2402/2924/2631 2450/2983/2631 2399/2926/2631
f 2404/2927/2626 2403/2930/2626 2405/2928/2626
f 2403/2930/2651 2390/2902/2651 2387/2904/2651
f 2409/2931/3 2406/2937/3 2405/2932/3
f 2407/2933/3 2405/2932/3 2387/2900/3
f 2385/2899/2632 2451/2899/2632 2408/2934/2632
f 2407/2933/2631 2408/2934/2631 2410/2931/2631
f 2409/2931/2630 2410/2931/2630 2412/2935/2630
f 2411/2936/3 2414/2939/3 2406/2937/3
f 2411/2936/2629 2412/2935/2629 2443/2938/2629
f 2413/2938/3 2415/2972/3 2414/2939/3
f 2418/2940/2628 2416/2943/2628 2414/2941/2628
f 2416/2943/2627 2404/2927/2627 2406/2929/2627
f 2419/2944/8 2417/2947/8 2416/2945/8
f 2417/2947/8 2402/2924/8 2404/2925/8
f 2423/2948/8 2419/2944/8 2418/2946/8
f 2420/2950/2635 2418/2940/2635 2415/2942/2635
f 2436/2952/2636 2421/2964/2636 2420/2950/2636
f 2424/2953/8 2423/2948/8 2420/2949/8
f 2423/2948/2660 2424/2953/2637 2427/2955/2637
f 2419/2944/2638 2423/2948/2661 2425/2956/2661
f 2430/2785/2642 2428/2785/2642 2427/2955/2642
f 2431/2958/2641 2429/2958/2641 2428/2785/2641
f 2431/2958/8 2430/2785/8 2432/2959/8
f 2430/2785/8 2424/2953/8 2421/2954/8
f 2433/2961/2656 2432/3771/2656 2434/2962/2656
f 2434/2962/2639 2432/3771/2639 2421/2964/2639
f 2271/2752/3 2435/2757/3 2434/2965/3
f 2437/2966/3 2434/2965/3 2436/2967/3
f 2439/2968/2642 2440/2968/2642 2438/2969/2642
f 2437/2966/2641 2438/2969/2641 2444/2752/2641
f 2441/2970/2637 2442/2970/2637 2440/2968/2637
f 2439/2968/3 2436/2967/3 2422/2971/3
f 2413/2938/2638 2443/2938/2638 2442/2970/2638
f 2441/2970/3 2422/2971/3 2415/2972/3
f 2274/2755/3 2270/2753/3 2444/2752/3
f 2444/2752/3 2438/2969/3 2440/2968/3
f 2440/2968/3 2442/2970/3 2410/2931/3
f 2442/2970/3 2443/2938/3 2410/2931/3
f 2443/2938/3 2412/2935/3 2410/2931/3
f 2410/2931/3 2408/2934/3 2381/2894/3
f 2408/2934/3 2451/2899/2688 2381/2894/3
f 2451/2899/2688 2384/2896/2989 2381/2894/3
f 2381/2894/3 2378/2891/3 2452/2973/3
f 2378/2891/3 2376/2890/3 2452/2973/3
f 2376/2890/3 2373/2889/3 2452/2973/3
f 2452/2973/3 2454/2986/3 2345/2850/3
f 2454/2986/3 2455/2858/3 2345/2850/3
f 2455/2858/3 2347/2854/3 2345/2850/3
f 2345/2850/3 2343/2853/3 2316/2813/3
f 2343/2853/3 2458/2818/3 2316/2813/3
f 2458/2818/3 2319/2816/3 2316/2813/3
f 2316/2813/3 2313/2809/3 2310/2806/3
f 2310/2806/3 2308/2805/2688 2306/2804/3
f 2306/2804/3 2459/2989/3 2460/2763/3
f 2460/2763/3 2277/2760/3 2274/2755/3
f 2274/2755/3 2444/2752/3 2410/2931/3
f 2444/2752/3 2440/2968/3 2410/2931/3
f 2316/2813/3 2310/2806/3 2306/2804/3
f 2306/2804/3 2460/2763/3 2316/2813/3
f 2460/2763/3 2274/2755/3 2316/2813/3
f 2410/2931/3 2381/2894/3 2274/2755/3
f 2381/2894/3 2452/2973/3 2274/2755/3
f 2452/2973/3 2345/2850/3 2316/2813/3
f 2445/2974/2662 2433/2961/2662 2435/2963/2662
f 2446/2976/8 2431/2958/8 2433/2960/8
f 2283/2978/2644 2445/3772/2644 2272/2979/2644
f 2446/2976/8 2445/2977/8 2283/2980/8
f 2285/2773/2613 2448/2775/2613 2447/2981/2613
f 2446/2976/2643 2447/2981/2643 2429/2958/2643
f 2419/2944/2629 2426/2957/2629 2449/2982/2629
f 2417/2947/2630 2449/2982/2630 2450/2983/2630
f 2453/2984/2657 2454/2986/2657 2452/2973/2657
f 2374/2888/3 2371/2887/3 2357/2985/3
f 2348/2859/2645 2455/2858/2645 2454/2986/2645
f 2348/2859/3 2453/2984/3 2357/2985/3
f 2354/2864/2640 2361/2864/2640 2456/2783/2640
f 2352/2867/2639 2456/2783/2639 2457/2988/2639
f 2278/2764/2618 2460/2763/2618 2459/2989/2618
f 2305/2803/3 2303/2802/3 2280/2990/3
f 2291/2991/2648 2282/2765/2648 2280/2767/2648
f 2463/2992/2597 2636/2992/2597 2462/2993/2567
f 2461/2994/2566 2462/2993/2566 2466/2995/2566
f 2461/2994/3 2464/2998/3 2627/2997/3
f 2465/2996/3 2467/3001/3 2464/2998/3
f 2465/2996/2603 2466/2995/2603 2469/2999/2603
f 2468/3000/3 2471/3005/3 2467/3001/3
f 2468/3000/2569 2469/2999/2672 2652/3002/2569
f 2468/3000/3 2470/3003/3 2472/3004/3
f 2474/3006/2570 2473/3009/2570 2471/3007/2570
f 2473/3009/2571 2475/3221/2571 2467/3010/2571
f 2476/3011/8 2473/3015/8 2474/3012/8
f 2476/3011/8 2477/3017/8 2475/3014/8
f 2476/3011/2603 2478/3018/2603 2640/3016/2603
f 2479/3013/2569 2480/3020/2569 2478/3018/2569
f 2481/3019/2605 2484/3024/2605 2480/3020/2605
f 2481/3019/8 2479/3013/8 2474/3012/8
f 2481/3019/8 2483/3021/8 2493/3022/8
f 2482/3023/2573 2485/3029/2573 2484/3024/2573
f 2620/3027/8 2621/3224/8 2639/3223/8
f 2639/3223/8 2640/3016/2686 2478/3018/8
f 2478/3018/8 2480/3020/8 2484/3024/8
f 2484/3024/8 2485/3029/8 2478/3018/8
f 2485/3029/8 2486/3031/8 2478/3018/8
f 2486/3031/8 2487/3079/8 2522/3078/8
f 2522/3078/8 2523/3075/8 2486/3031/8
f 2523/3075/8 2524/3080/8 2486/3031/8
f 2524/3080/8 2525/3067/8 2648/3025/8
f 2525/3067/8 2526/3085/8 2648/3025/8
f 2526/3085/8 2649/3230/8 2648/3025/8
f 2648/3025/8 2553/3108/2687 2552/3111/8
f 2552/3111/8 2554/3117/8 2648/3025/8
f 2554/3117/8 2555/3118/8 2648/3025/8
f 2555/3118/8 2556/3160/8 2587/3159/8
f 2587/3159/8 2588/3161/8 2589/3026/8
f 2589/3026/8 2590/3163/8 2591/3167/8
f 2591/3167/8 2642/3226/8 2641/3225/8
f 2641/3225/8 2618/3198/8 2617/3191/8
f 2617/3191/8 2619/3200/8 2620/3027/8
f 2620/3027/8 2639/3223/8 2486/3031/8
f 2639/3223/8 2478/3018/8 2486/3031/8
f 2555/3118/8 2587/3159/8 2648/3025/8
f 2587/3159/8 2589/3026/8 2648/3025/8
f 2589/3026/8 2591/3167/8 2641/3225/8
f 2641/3225/8 2617/3191/8 2589/3026/8
f 2617/3191/8 2620/3027/8 2589/3026/8
f 2486/3031/8 2524/3080/8 2648/3025/8
f 2620/3027/8 2486/3031/8 2648/3025/8
f 2488/3028/2574 2486/3031/2574 2485/3029/2574
f 2489/3030/2575 2487/3079/2575 2486/3031/2575
f 2489/3030/8 2488/3028/8 2490/3032/8
f 2488/3028/8 2482/3023/8 2493/3022/8
f 2491/3034/2576 2490/3037/2576 2492/3035/2576
f 2490/3037/2577 2493/3039/2577 2494/3038/2577
f 2493/3039/2578 2483/3232/2578 2495/3040/2578
f 2499/3041/3 2492/3050/3 2494/3042/3
f 2497/3044/3 2496/3043/3 2494/3042/3
f 2497/3044/2573 2651/3231/2573 2498/3046/2663
f 2496/3043/2665 2498/3046/2665 2500/3047/2574
f 2499/3041/2575 2500/3047/2575 2502/3048/2575
f 2501/3049/3 2503/3053/3 2492/3050/3
f 2501/3049/2579 2502/3048/2579 2505/3051/2579
f 2501/3049/3 2504/3051/3 2506/3052/3
f 2504/3051/2580 2505/3051/2580 2508/3054/2580
f 2504/3051/3 2507/3055/3 2509/3056/3
f 2507/3055/2581 2508/3054/2581 2511/3057/2581
f 2510/3058/3 2513/3061/3 2509/3056/3
f 2510/3058/2583 2511/3057/2583 2650/3059/2582
f 2512/3060/3 2514/3093/3 2513/3061/3
f 2517/3062/2584 2515/3065/2584 2513/3063/2584
f 2515/3065/2585 2518/3072/2585 2509/3066/2585
f 2527/3067/8 2516/3070/8 2515/3068/8
f 2516/3070/8 2519/3075/8 2518/3071/8
f 2518/3072/2586 2520/3076/2586 2506/3073/2586
f 2521/3074/8 2520/3077/8 2518/3071/8
f 2520/3076/2587 2491/3034/2587 2503/3036/2587
f 2489/3030/8 2491/3033/8 2520/3077/8
f 2519/3075/2580 2523/3075/2580 2522/3078/2580
f 2521/3074/2579 2522/3078/2579 2487/3079/2579
f 2516/3070/2581 2524/3080/2581 2523/3075/2581
f 2527/3067/2583 2525/3067/2583 2524/3080/2583
f 2528/3081/2588 2526/3085/2588 2525/3067/2609
f 2527/3067/8 2517/3069/8 2530/3082/8
f 2528/3081/8 2530/3082/8 2531/3083/8
f 2529/3084/2590 2649/3230/2590 2526/3085/2590
f 2531/3086/2591 2530/3089/2591 2532/3087/2591
f 2530/3089/2592 2517/3062/2592 2514/3064/2592
f 2534/3090/3 2536/3095/3 2533/3091/3
f 2512/3060/3 2534/3090/3 2532/3092/3
f 2512/3060/2589 2650/3059/2589 2535/3094/2609
f 2534/3090/2590 2535/3094/2590 2537/3095/2590
f 2536/3095/2666 2537/3095/2666 2539/3096/2667
f 2536/3095/3 2538/3097/3 2541/3098/3
f 2538/3097/2594 2539/3096/2594 2647/3099/2594
f 2538/3097/3 2540/3100/3 2542/3101/3
f 2545/3102/2595 2543/3105/2595 2541/3103/2595
f 2543/3105/2596 2531/3086/2596 2533/3088/2596
f 2544/3106/8 2543/3109/8 2545/3107/8
f 2529/3084/8 2531/3083/8 2543/3109/8
f 2546/3108/8 2545/3107/8 2547/3110/8
f 2547/3112/2567 2545/3102/2567 2542/3104/2567
f 2548/3114/2566 2547/3112/2566 2549/3113/2566
f 2550/3111/8 2547/3110/8 2548/3116/8
f 2551/3117/2598 2554/3117/2598 2552/3111/2598
f 2550/3111/2600 2552/3111/2600 2553/3108/2600
f 2557/3118/2601 2555/3118/2601 2554/3117/2601
f 2558/3119/2570 2556/3160/2570 2555/3118/2570
f 2558/3119/8 2557/3118/8 2559/3120/8
f 2557/3118/8 2551/3117/8 2548/3116/8
f 2560/3122/2569 2559/3125/2569 2561/3123/2569
f 2559/3125/2568 2548/3114/2568 2563/3115/2568
f 2567/3126/3 2562/3134/3 2561/3127/3
f 2564/3128/3 2561/3127/3 2563/3129/3
f 2566/3130/2601 2644/3216/2601 2565/3131/2571
f 2564/3128/2570 2565/3131/2570 2568/3132/2570
f 2567/3126/2604 2568/3132/2604 2570/3133/2668
f 2569/3133/3 2571/3137/3 2562/3134/3
f 2569/3133/2578 2570/3133/2578 2573/3135/2578
f 2572/3136/3 2574/3140/3 2571/3137/3
f 2572/3136/2577 2573/3135/2577 2576/3138/2577
f 2575/3139/3 2578/3142/3 2574/3140/3
f 2575/3139/2576 2576/3138/2576 2643/3141/2576
f 2577/3141/3 2579/3175/3 2578/3142/3
f 2582/3143/2575 2580/3146/2575 2578/3144/2575
f 2580/3146/2574 2583/3153/2574 2574/3147/2574
f 2581/3148/8 2580/3152/8 2582/3149/8
f 2584/3151/8 2583/3156/8 2580/3152/8
f 2583/3153/2573 2585/3157/2573 2571/3154/2573
f 2584/3151/8 2586/3158/8 2585/3155/8
f 2585/3157/2605 2560/3122/2605 2562/3124/2605
f 2586/3158/8 2558/3119/8 2560/3121/8
f 2584/3151/2578 2588/3161/2578 2587/3159/2578
f 2586/3158/2668 2587/3159/2668 2556/3160/2668
f 2581/3148/2577 2589/3026/2577 2588/3161/2577
f 2592/3150/2576 2590/3163/2576 2589/3026/2576
f 2593/3162/2669 2591/3167/2669 2590/3163/2669
f 2593/3162/8 2592/3150/8 2582/3149/8
f 2594/3165/8 2593/3162/8 2595/3164/8
f 2594/3165/2586 2642/3226/2586 2591/3167/2586
f 2596/3168/2580 2595/3171/2580 2597/3169/2580
f 2595/3171/2579 2582/3143/2579 2579/3145/2579
f 2601/3172/3 2598/3180/3 2597/3173/3
f 2599/3174/3 2597/3173/3 2579/3175/3
f 2577/3141/2669 2643/3141/2669 2600/3176/2669
f 2599/3174/2586 2600/3176/2586 2602/3177/2586
f 2601/3172/2607 2602/3177/2607 2604/3178/2607
f 2603/3179/3 2606/3182/3 2598/3180/3
f 2603/3179/2584 2604/3178/2584 2635/3181/2608
f 2605/3181/3 2607/3215/3 2606/3182/3
f 2610/3183/2583 2608/3186/2583 2606/3184/2583
f 2608/3186/2581 2596/3168/2581 2598/3170/2581
f 2611/3187/8 2609/3190/8 2608/3188/8
f 2609/3190/8 2594/3165/8 2596/3166/8
f 2615/3191/8 2611/3187/8 2610/3189/8
f 2614/3193/2609 2612/3195/2588 2610/3183/2609
f 2628/3194/2590 2613/3207/2590 2612/3195/2590
f 2616/3196/8 2615/3191/8 2612/3192/8
f 2616/3196/2591 2619/3200/2591 2617/3191/2591
f 2615/3191/2610 2617/3191/2610 2618/3198/2610
f 2622/3199/2670 2620/3027/2670 2619/3200/2596
f 2623/3201/2595 2621/3224/2595 2620/3027/2595
f 2623/3201/8 2622/3199/8 2624/3202/8
f 2622/3199/8 2616/3196/8 2613/3197/8
f 2625/3204/2594 2624/3773/2594 2626/3205/2594
f 2626/3205/2593 2624/3773/2593 2613/3207/2593
f 2463/2992/3 2627/2997/3 2626/3208/3
f 2629/3209/3 2626/3208/3 2628/3210/3
f 2631/3211/2670 2632/3211/2611 2630/3212/2596
f 2629/3209/2595 2630/3212/2595 2636/2992/2595
f 2633/3213/2591 2634/3213/2591 2632/3211/2591
f 2631/3211/3 2628/3210/3 2614/3214/3
f 2605/3181/2610 2635/3181/2610 2634/3213/2610
f 2633/3213/3 2614/3214/3 2607/3215/3
f 2466/2995/3 2462/2993/2688 2636/2992/3
f 2636/2992/3 2630/3212/3 2632/3211/3
f 2632/3211/3 2634/3213/3 2602/3177/3
f 2634/3213/3 2635/3181/3 2602/3177/3
f 2635/3181/3 2604/3178/3 2602/3177/3
f 2602/3177/3 2600/3176/3 2573/3135/3
f 2600/3176/3 2643/3141/3 2573/3135/3
f 2643/3141/3 2576/3138/3 2573/3135/3
f 2573/3135/3 2570/3133/3 2644/3216/3
f 2570/3133/3 2568/3132/3 2644/3216/3
f 2568/3132/3 2565/3131/2688 2644/3216/3
f 2644/3216/3 2646/3229/2688 2647/3099/3
f 2647/3099/3 2539/3096/3 2644/3216/3
f 2539/3096/3 2537/3095/3 2644/3216/3
f 2537/3095/3 2535/3094/3 2650/3059/3
f 2650/3059/3 2511/3057/3 2508/3054/3
f 2508/3054/3 2505/3051/3 2502/3048/3
f 2502/3048/3 2500/3047/3 2508/3054/3
f 2500/3047/3 2498/3046/3 2508/3054/3
f 2498/3046/3 2651/3231/3 2652/3002/3
f 2652/3002/3 2469/2999/3 2498/3046/3
f 2469/2999/3 2466/2995/3 2498/3046/3
f 2466/2995/3 2636/2992/3 2602/3177/3
f 2636/2992/3 2632/3211/3 2602/3177/3
f 2537/3095/3 2650/3059/3 2644/3216/3
f 2650/3059/3 2508/3054/3 2644/3216/3
f 2602/3177/3 2573/3135/3 2466/2995/3
f 2573/3135/3 2644/3216/3 2466/2995/3
f 2508/3054/3 2498/3046/3 2644/3216/3
f 2637/3217/2599 2625/3204/2599 2627/3206/2599
f 2638/3219/8 2623/3201/8 2625/3203/8
f 2475/3221/2598 2637/3774/2598 2464/3222/2598
f 2477/3017/8 2638/3219/8 2637/3220/8
f 2477/3017/2566 2640/3016/2566 2639/3223/2566
f 2638/3219/2567 2639/3223/2567 2621/3224/2597
f 2611/3187/2584 2618/3198/2584 2641/3225/2608
f 2609/3190/2607 2641/3225/2607 2642/3226/2607
f 2645/3227/2598 2646/3229/2598 2644/3216/2598
f 2645/3227/3 2566/3130/3 2563/3129/3
f 2540/3100/2600 2647/3099/2599 2646/3229/2600
f 2540/3100/3 2645/3227/3 2549/3228/3
f 2546/3108/2594 2553/3108/2594 2648/3025/2594
f 2544/3106/2666 2648/3025/2666 2649/3230/2666
f 2470/3003/2605 2652/3002/2605 2651/3231/2605
f 2497/3044/3 2495/3045/3 2472/3004/3
f 2483/3232/2604 2474/3006/2604 2472/3008/2604
f 2655/3233/2597 2828/3233/2597 2654/3234/2597
f 2653/3235/2566 2654/3234/2566 2658/3236/2566
f 2655/3233/3 2653/3235/3 2656/3238/3
f 2653/3235/3 2657/3237/3 2659/3240/3
f 2657/3237/2603 2658/3236/2603 2661/3241/2603
f 2660/3242/3 2663/3244/3 2659/3240/3
f 2660/3242/2569 2661/3241/2569 2844/3243/2569
f 2662/3243/3 2664/3473/3 2663/3244/3
f 2666/3245/2671 2665/3248/2671 2663/3246/2671
f 2665/3248/2571 2667/3462/2571 2659/3249/2571
f 2671/3250/8 2668/3253/8 2665/3251/8
f 2668/3253/8 2669/3256/8 2667/3254/8
f 2668/3253/2603 2670/3257/2603 2832/3255/2603
f 2671/3250/2569 2672/3259/2569 2670/3257/2672
f 2673/3258/2673 2676/3263/2673 2672/3259/2673
f 2673/3258/8 2671/3250/8 2666/3252/8
f 2674/3261/8 2673/3258/8 2675/3260/8
f 2674/3261/2573 2677/3268/2573 2676/3263/2573
f 2812/3266/8 2813/3465/8 2831/3464/8
f 2831/3464/8 2832/3255/2687 2670/3257/8
f 2670/3257/8 2672/3259/8 2676/3263/8
f 2676/3263/8 2677/3268/8 2678/3270/8
f 2678/3270/8 2679/3318/8 2714/3317/8
f 2714/3317/8 2715/3314/8 2678/3270/8
f 2715/3314/8 2716/3319/8 2678/3270/8
f 2716/3319/8 2717/3306/8 2718/3324/8
f 2718/3324/8 2841/3471/8 2840/3264/8
f 2840/3264/8 2745/3357/8 2747/3358/8
f 2745/3357/8 2744/3349/8 2747/3358/8
f 2744/3349/8 2746/3355/8 2747/3358/8
f 2747/3358/8 2748/3401/8 2779/3400/8
f 2779/3400/8 2780/3402/8 2747/3358/8
f 2780/3402/8 2781/3265/8 2747/3358/8
f 2781/3265/8 2782/3404/8 2783/3408/8
f 2783/3408/8 2834/3467/8 2833/3466/8
f 2833/3466/8 2810/3441/8 2809/3433/8
f 2809/3433/8 2811/3440/8 2812/3266/8
f 2812/3266/8 2831/3464/8 2670/3257/8
f 2670/3257/8 2676/3263/8 2678/3270/8
f 2716/3319/8 2718/3324/8 2678/3270/8
f 2718/3324/8 2840/3264/8 2678/3270/8
f 2781/3265/8 2783/3408/8 2833/3466/8
f 2833/3466/8 2809/3433/8 2781/3265/8
f 2809/3433/8 2812/3266/8 2781/3265/8
f 2812/3266/8 2670/3257/8 2840/3264/8
f 2670/3257/8 2678/3270/8 2840/3264/8
f 2840/3264/8 2747/3358/8 2781/3265/8
f 2680/3267/2574 2678/3270/2574 2677/3268/2574
f 2681/3269/2575 2679/3318/2575 2678/3270/2575
f 2681/3269/8 2680/3267/8 2682/3271/8
f 2680/3267/8 2674/3261/8 2685/3262/8
f 2683/3273/2576 2682/3276/2576 2684/3274/2576
f 2682/3276/2577 2685/3278/2577 2686/3277/2577
f 2685/3278/2578 2675/3474/2578 2687/3279/2578
f 2691/3280/3 2684/3289/3 2686/3281/3
f 2688/3282/3 2686/3281/3 2687/3283/3
f 2689/3284/2573 2843/3472/2573 2690/3285/2573
f 2688/3282/2574 2690/3285/2574 2692/3286/2574
f 2691/3280/2575 2692/3286/2575 2694/3287/2575
f 2693/3288/3 2695/3293/3 2684/3289/3
f 2693/3288/2579 2694/3287/2579 2697/3290/2579
f 2693/3288/3 2696/3291/3 2698/3292/3
f 2696/3291/2580 2697/3290/2580 2700/3294/2580
f 2696/3291/3 2699/3295/3 2701/3296/3
f 2699/3295/2675 2700/3294/2675 2703/3297/2675
f 2702/3298/3 2705/3300/3 2701/3296/3
f 2702/3298/2583 2703/3297/2583 2842/3299/2582
f 2704/3299/3 2706/3332/3 2705/3300/3
f 2709/3301/2584 2707/3304/2584 2705/3302/2584
f 2707/3304/2607 2710/3311/2607 2701/3305/2607
f 2719/3306/8 2708/3309/8 2707/3307/8
f 2708/3309/8 2711/3314/8 2710/3310/8
f 2710/3311/2586 2712/3315/2586 2698/3312/2586
f 2713/3313/8 2712/3316/8 2710/3310/8
f 2712/3315/2587 2683/3273/2587 2695/3275/2587
f 2713/3313/8 2681/3269/8 2683/3272/8
f 2713/3313/2580 2711/3314/2676 2715/3314/2676
f 2713/3313/2677 2714/3317/2677 2679/3318/2579
f 2708/3309/2675 2716/3319/2675 2715/3314/2678
f 2719/3306/2582 2717/3306/2582 2716/3319/2583
f 2720/3320/2588 2718/3324/2588 2717/3306/2589
f 2720/3320/8 2719/3306/8 2709/3308/8
f 2721/3322/8 2720/3320/8 2722/3321/8
f 2721/3322/2590 2841/3471/2590 2718/3324/2590
f 2723/3325/2591 2722/3328/2591 2724/3326/2591
f 2722/3328/2592 2709/3301/2592 2706/3303/2592
f 2728/3329/3 2725/3337/3 2724/3330/3
f 2726/3331/3 2724/3330/3 2706/3332/3
f 2704/3299/2588 2842/3299/2588 2727/3333/2589
f 2726/3331/2590 2727/3333/2590 2729/3329/2590
f 2728/3329/2593 2729/3329/2593 2731/3334/2593
f 2728/3329/3 2730/3335/3 2733/3336/3
f 2730/3335/2594 2731/3334/2594 2839/3338/2594
f 2730/3335/3 2732/3339/3 2734/3340/3
f 2737/3341/2595 2735/3344/2595 2733/3342/2595
f 2735/3344/2596 2723/3325/2596 2725/3327/2596
f 2736/3345/8 2735/3348/8 2737/3346/8
f 2721/3322/8 2723/3323/8 2735/3348/8
f 2742/3349/8 2738/3347/8 2737/3346/8
f 2739/3351/2567 2737/3341/2567 2734/3343/2567
f 2740/3353/2566 2739/3351/2566 2741/3352/2566
f 2743/3355/8 2742/3349/8 2739/3350/8
f 2743/3355/2598 2746/3355/2598 2744/3349/2598
f 2742/3349/2600 2744/3349/2600 2745/3357/2600
f 2749/3358/2571 2747/3358/2571 2746/3355/2571
f 2750/3359/2570 2748/3401/2570 2747/3358/2570
f 2749/3358/8 2751/3361/8 2752/3360/8
f 2749/3358/8 2743/3355/8 2740/3356/8
f 2752/3362/2569 2751/3365/2569 2753/3363/2569
f 2751/3365/2568 2740/3353/2568 2755/3354/2568
f 2756/3366/3 2759/3373/3 2754/3367/3
f 2756/3366/3 2753/3368/3 2755/3369/3
f 2758/3370/2571 2836/3457/2571 2757/3371/2571
f 2756/3366/2570 2757/3371/2570 2760/3372/2570
f 2759/3373/2604 2760/3372/2604 2762/3374/2604
f 2759/3373/3 2761/3374/3 2763/3375/3
f 2761/3374/2578 2762/3374/2578 2765/3376/2578
f 2761/3374/3 2764/3377/3 2766/3378/3
f 2764/3377/2577 2765/3376/2577 2768/3379/2577
f 2764/3377/3 2767/3380/3 2770/3381/3
f 2767/3380/2576 2768/3379/2576 2835/3382/2576
f 2767/3380/3 2769/3382/3 2771/3383/3
f 2774/3384/2575 2772/3387/2575 2770/3385/2575
f 2772/3387/2574 2775/3394/2574 2766/3388/2574
f 2773/3389/8 2772/3393/8 2774/3390/8
f 2776/3392/8 2775/3397/8 2772/3393/8
f 2775/3394/2573 2777/3398/2573 2763/3395/2573
f 2778/3396/8 2777/3399/8 2775/3397/8
f 2777/3398/2673 2752/3362/2673 2754/3364/2673
f 2750/3359/8 2752/3360/8 2777/3399/8
f 2776/3392/2578 2780/3402/2578 2779/3400/2578
f 2778/3396/2604 2779/3400/2604 2748/3401/2604
f 2773/3389/2577 2781/3265/2577 2780/3402/2577
f 2784/3391/2576 2782/3404/2576 2781/3265/2576
f 2785/3403/2669 2783/3408/2669 2782/3404/2669
f 2784/3391/8 2774/3390/8 2787/3405/8
f 2785/3403/8 2787/3405/8 2788/3406/8
f 2786/3407/2586 2834/3467/2586 2783/3408/2586
f 2788/3409/2580 2787/3412/2580 2789/3410/2580
f 2787/3412/2579 2774/3384/2579 2771/3386/2579
f 2791/3413/3 2793/3417/3 2790/3414/3
f 2769/3382/3 2791/3413/3 2789/3415/3
f 2769/3382/2669 2835/3382/2669 2792/3416/2669
f 2793/3417/2586 2791/3413/2586 2792/3416/2586
f 2795/3419/2607 2793/3417/2607 2794/3418/2607
f 2793/3417/3 2795/3419/3 2798/3421/3
f 2795/3419/2584 2796/3420/2584 2827/3422/2584
f 2795/3419/3 2797/3423/3 2799/3424/3
f 2802/3425/2583 2800/3428/2583 2798/3426/2583
f 2800/3428/2581 2788/3409/2675 2790/3411/2581
f 2801/3429/8 2800/3432/8 2802/3430/8
f 2786/3407/8 2788/3406/8 2800/3432/8
f 2807/3433/8 2803/3431/8 2802/3430/8
f 2806/3435/2588 2804/3437/2589 2802/3425/2588
f 2820/3436/2590 2805/3448/2590 2804/3437/2590
f 2808/3438/8 2807/3433/8 2804/3434/8
f 2807/3433/2679 2808/3438/2591 2811/3440/2591
f 2803/3431/2610 2807/3433/2990 2809/3433/2681
f 2814/3266/2596 2812/3266/2596 2811/3440/2596
f 2815/3442/2595 2813/3465/2595 2812/3266/2595
f 2815/3442/8 2814/3266/8 2816/3443/8
f 2814/3266/8 2808/3438/8 2805/3439/8
f 2817/3445/2594 2816/3775/2594 2818/3446/2594
f 2818/3446/2593 2816/3775/2593 2805/3448/2593
f 2655/3233/3 2819/3239/3 2818/3449/3
f 2821/3450/3 2818/3449/3 2820/3451/3
f 2823/3452/2596 2824/3452/2596 2822/3453/2596
f 2821/3450/2595 2822/3453/2595 2828/3233/2595
f 2825/3454/2591 2826/3456/2591 2824/3452/2591
f 2823/3452/3 2820/3451/3 2806/3455/3
f 2797/3423/2592 2827/3422/2592 2826/3456/2610
f 2825/3454/3 2806/3455/3 2799/3424/3
f 2658/3236/3 2654/3234/3 2824/3452/3
f 2654/3234/3 2828/3233/3 2824/3452/3
f 2828/3233/3 2822/3453/3 2824/3452/3
f 2824/3452/3 2826/3456/3 2794/3418/3
f 2826/3456/3 2827/3422/3 2794/3418/3
f 2827/3422/3 2796/3420/3 2794/3418/3
f 2794/3418/3 2792/3416/3 2765/3376/3
f 2792/3416/3 2835/3382/3 2765/3376/3
f 2835/3382/3 2768/3379/3 2765/3376/3
f 2765/3376/3 2762/3374/3 2760/3372/3
f 2760/3372/3 2757/3371/3 2765/3376/3
f 2757/3371/3 2836/3457/3 2765/3376/3
f 2836/3457/3 2838/3470/3 2839/3338/3
f 2839/3338/3 2731/3334/3 2729/3329/3
f 2729/3329/3 2727/3333/3 2700/3294/3
f 2727/3333/3 2842/3299/3 2700/3294/3
f 2842/3299/3 2703/3297/3 2700/3294/3
f 2700/3294/3 2697/3290/3 2694/3287/3
f 2694/3287/3 2692/3286/3 2690/3285/3
f 2690/3285/3 2843/3472/3 2658/3236/3
f 2843/3472/3 2844/3243/3 2658/3236/3
f 2844/3243/3 2661/3241/2989 2658/3236/3
f 2836/3457/3 2839/3338/3 2700/3294/3
f 2839/3338/3 2729/3329/3 2700/3294/3
f 2700/3294/3 2694/3287/3 2658/3236/3
f 2694/3287/3 2690/3285/3 2658/3236/3
f 2658/3236/3 2824/3452/3 2794/3418/3
f 2794/3418/3 2765/3376/3 2658/3236/3
f 2765/3376/3 2836/3457/3 2658/3236/3
f 2829/3458/2600 2817/3445/2600 2819/3447/2600
f 2815/3442/8 2817/3444/8 2829/3460/8
f 2667/3462/2598 2829/3776/2598 2656/3463/2598
f 2830/3461/8 2829/3460/8 2667/3254/8
f 2669/3256/2566 2832/3255/2566 2831/3464/2566
f 2830/3461/2597 2831/3464/2597 2813/3465/2597
f 2803/3431/2584 2810/3441/2584 2833/3466/2584
f 2801/3429/2607 2833/3466/2607 2834/3467/2607
f 2837/3468/2598 2838/3470/2598 2836/3457/2598
f 2758/3370/3 2755/3369/3 2741/3469/3
f 2732/3339/2600 2839/3338/2600 2838/3470/2600
f 2837/3468/3 2741/3469/3 2734/3340/3
f 2738/3347/2594 2745/3357/2594 2840/3264/2594
f 2736/3345/2593 2840/3264/2593 2841/3471/2593
f 2662/3243/2605 2844/3243/2605 2843/3472/2605
f 2689/3284/3 2687/3283/3 2664/3473/3
f 2675/3474/2668 2666/3245/2668 2664/3247/2668
f 2847/3475/1 3020/3475/1 2846/3476/1
f 2845/3477/2 2846/3476/2 2850/3478/2
f 2847/3475/3 2845/3477/3 2848/3480/3
f 2845/3477/3 2849/3479/3 2851/3482/3
f 2849/3479/4 2850/3478/4 2853/3483/4
f 2849/3479/3 2852/3484/3 2855/3485/3
f 2852/3484/5 2853/3483/5 3036/3486/5
f 2854/3487/3 2856/3715/3 2855/3485/3
f 2858/3488/6 2857/3491/6 2855/3489/6
f 2857/3491/7 2859/3703/7 2851/3492/7
f 2863/3493/8 2860/3497/8 2857/3494/8
f 2861/3496/8 2859/3705/8 2857/3494/8
f 2860/3497/4 2862/3499/4 3024/3498/4
f 2863/3493/5 2864/3501/5 2862/3499/5
f 2865/3500/9 2868/3505/9 2864/3501/9
f 2865/3500/8 2863/3493/8 2858/3495/8
f 2866/3503/8 2865/3500/8 2867/3502/8
f 2866/3503/10 2869/3510/10 2868/3505/10
f 3004/3506/8 3005/3685/8 3023/3706/8
f 3023/3706/8 3024/3498/8 2862/3499/8
f 2862/3499/8 2864/3501/8 2870/3507/8
f 2864/3501/8 2868/3505/8 2870/3507/8
f 2868/3505/8 2869/3510/2687 2870/3507/8
f 2870/3507/8 2871/3560/8 2908/3562/8
f 2871/3560/8 2906/3559/8 2908/3562/8
f 2906/3559/8 2907/3561/8 2908/3562/8
f 2908/3562/8 2909/3564/2687 2910/3563/8
f 2910/3563/8 3033/3713/8 3032/3508/8
f 3032/3508/8 2937/3601/8 2939/3602/8
f 2937/3601/8 2936/3600/8 2939/3602/8
f 2936/3600/8 2938/3599/8 2939/3602/8
f 2939/3602/8 2940/3643/8 2971/3642/8
f 2971/3642/8 2972/3644/8 2939/3602/8
f 2972/3644/8 2973/3645/8 2939/3602/8
f 2973/3645/8 2974/3647/8 2975/3651/8
f 2975/3651/8 3026/3708/8 3025/3707/8
f 3025/3707/8 3002/3684/8 3001/3683/8
f 3001/3683/8 3003/3682/8 3004/3506/8
f 3004/3506/8 3023/3706/8 2870/3507/8
f 3023/3706/8 2862/3499/8 2870/3507/8
f 2908/3562/8 2910/3563/8 2870/3507/8
f 2910/3563/8 3032/3508/8 2870/3507/8
f 2973/3645/8 2975/3651/8 3004/3506/8
f 2975/3651/8 3025/3707/8 3004/3506/8
f 3025/3707/8 3001/3683/8 3004/3506/8
f 3032/3508/8 2939/3602/8 3004/3506/8
f 2939/3602/8 2973/3645/8 3004/3506/8
f 2872/3509/11 2870/3507/11 2869/3510/11
f 2873/3511/12 2871/3560/12 2870/3507/12
f 2873/3511/8 2872/3509/8 2874/3512/8
f 2866/3503/8 2877/3504/8 2874/3512/8
f 2875/3514/13 2874/3517/13 2876/3515/13
f 2874/3517/14 2877/3519/14 2878/3518/14
f 2877/3519/15 2867/3716/15 2879/3520/15
f 2880/3521/3 2883/3527/3 2876/3522/3
f 2881/3524/3 2880/3521/3 2878/3523/3
f 2881/3524/10 3035/3714/10 2882/3521/2682
f 2880/3521/2683 2882/3521/2683 2884/3526/11
f 2883/3527/12 2884/3526/12 2886/3528/12
f 2883/3527/3 2885/3529/3 2887/3530/3
f 2885/3529/19 2886/3528/19 2889/3531/19
f 2885/3529/3 2888/3532/3 2890/3533/3
f 2888/3532/20 2889/3531/20 2892/3534/20
f 2888/3532/3 2891/3535/3 2893/3536/3
f 2891/3535/21 2892/3534/21 2895/3537/21
f 2891/3535/3 2894/3538/3 2897/3539/3
f 2894/3538/22 2895/3537/22 3034/3540/22
f 2894/3538/3 2896/3541/3 2898/3542/3
f 2901/3543/23 2899/3546/23 2897/3544/23
f 2899/3546/24 2902/3553/24 2893/3547/24
f 2900/3548/8 2899/3552/8 2901/3549/8
f 2903/3551/8 2902/3556/8 2899/3552/8
f 2902/3553/25 2904/3557/25 2890/3554/25
f 2905/3555/8 2904/3558/8 2902/3556/8
f 2904/3557/26 2875/3514/26 2887/3516/26
f 2905/3555/8 2873/3511/8 2875/3513/8
f 2903/3551/20 2907/3561/20 2906/3559/20
f 2905/3555/19 2906/3559/19 2871/3560/19
f 2900/3548/21 2908/3562/21 2907/3561/21
f 2911/3550/22 2909/3564/22 2908/3562/22
f 2912/3563/27 2910/3563/27 2909/3564/27
f 2911/3550/8 2901/3549/8 2914/3565/8
f 2913/3566/8 2912/3563/8 2914/3565/8
f 2913/3566/28 3033/3713/28 2910/3563/28
f 2915/3568/29 2914/3571/29 2916/3569/29
f 2914/3571/30 2901/3543/30 2898/3545/30
f 2920/3572/3 2917/3579/3 2916/3573/3
f 2896/3541/3 2918/3574/3 2916/3573/3
f 2896/3541/27 3034/3540/27 2919/3575/27
f 2918/3574/28 2919/3575/28 2921/3576/28
f 2920/3572/31 2921/3576/31 2923/3577/31
f 2922/3578/3 2925/3583/3 2917/3579/3
f 2922/3578/32 2923/3577/32 3031/3580/32
f 2922/3578/3 2924/3581/3 2926/3582/3
f 2929/3584/33 2927/3587/33 2925/3585/33
f 2927/3587/34 2915/3568/34 2917/3570/34
f 2928/3588/8 2927/3591/8 2929/3589/8
f 2928/3588/8 2913/3566/8 2915/3567/8
f 2930/3590/8 2929/3589/8 2931/3592/8
f 2931/3594/1 2929/3584/1 2926/3586/1
f 2932/3596/2 2931/3594/2 2933/3595/2
f 2934/3593/8 2931/3592/8 2932/3598/8
f 2935/3599/35 2938/3599/35 2936/3600/35
f 2934/3593/37 2936/3600/37 2937/3601/36
f 2941/3602/2684 2939/3602/2684 2938/3599/2684
f 2942/3603/6 2940/3643/6 2939/3602/6
f 2942/3603/8 2941/3602/8 2943/3604/8
f 2935/3599/8 2932/3598/8 2943/3604/8
f 2944/3606/5 2943/3609/5 2945/3607/5
f 2943/3609/4 2932/3596/4 2947/3597/4
f 2951/3610/3 2946/3618/3 2945/3611/3
f 2950/3613/3 2948/3612/3 2945/3611/3
f 2950/3613/7 3028/3710/7 2949/3615/2684
f 2948/3612/6 2949/3615/6 2952/3616/6
f 2951/3610/38 2952/3616/38 2954/3617/38
f 2953/3617/3 2955/3621/3 2946/3618/3
f 2953/3617/15 2954/3617/15 2957/3619/15
f 2956/3620/3 2958/3624/3 2955/3621/3
f 2956/3620/14 2957/3619/14 2960/3622/14
f 2959/3623/3 2962/3626/3 2958/3624/3
f 2959/3623/13 2960/3622/13 3027/3625/13
f 2961/3625/3 2963/3659/3 2962/3626/3
f 2966/3627/12 2964/3630/12 2962/3628/12
f 2964/3630/11 2967/3637/11 2958/3631/11
f 2976/3632/8 2965/3635/8 2964/3633/8
f 2965/3635/8 2968/3639/8 2967/3636/8
f 2967/3637/10 2969/3641/10 2955/3638/10
f 2968/3639/8 2970/3642/8 2969/3640/8
f 2969/3641/9 2944/3606/9 2946/3608/9
f 2970/3642/8 2942/3603/8 2944/3605/8
f 2968/3639/15 2972/3644/15 2971/3642/15
f 2970/3642/38 2971/3642/38 2940/3643/38
f 2965/3635/14 2973/3645/14 2972/3644/14
f 2976/3632/13 2974/3647/13 2973/3645/13
f 2977/3646/26 2975/3651/26 2974/3647/26
f 2977/3646/8 2976/3632/8 2966/3634/8
f 2977/3646/8 2979/3648/8 2980/3649/8
f 2978/3650/25 3026/3708/25 2975/3651/25
f 2980/3652/20 2979/3655/20 2981/3653/20
f 2979/3655/19 2966/3627/19 2963/3629/19
f 2983/3656/3 2985/3661/3 2982/3657/3
f 2983/3656/3 2981/3658/3 2963/3659/3
f 2961/3625/26 3027/3625/26 2984/3660/26
f 2983/3656/25 2984/3660/25 2986/3661/25
f 2985/3661/24 2986/3661/39 2988/3662/24
f 2985/3661/3 2987/3663/3 2990/3664/3
f 2987/3663/23 2988/3662/23 3019/3665/23
f 2987/3663/3 2989/3666/3 2991/3667/3
f 2991/3668/22 2994/3777/22 2992/3669/22
f 2990/3670/21 2992/3669/21 2980/3652/21
f 2995/3671/8 2993/3674/8 2992/3672/8
f 2978/3650/8 2980/3649/8 2992/3672/8
f 2995/3671/8 2994/3673/8 2996/3675/8
f 2996/3677/27 2994/3777/27 2991/3668/27
f 3012/3679/28 2997/3691/28 2996/3677/28
f 3000/3680/8 2999/3676/8 2996/3675/8
f 2999/3676/29 3000/3680/29 3003/3682/29
f 2995/3671/30 2999/3676/30 3001/3683/30
f 3006/3506/34 3004/3506/34 3003/3682/34
f 3007/3685/33 3005/3685/33 3004/3506/33
f 3006/3506/8 3008/3687/8 3009/3686/8
f 3000/3680/8 2997/3681/8 3008/3687/8
f 3009/3688/32 3008/3778/32 3010/3689/32
f 3010/3689/31 3008/3778/31 2997/3691/31
f 3013/3692/3 2847/3475/3 3011/3481/3
f 3015/3694/3 3013/3692/3 3010/3693/3
f 3015/3694/34 3016/3694/34 3014/3696/34
f 3013/3692/33 3014/3696/33 3020/3475/33
f 3017/3697/29 3018/3697/29 3016/3694/29
f 3015/3694/3 3012/3695/3 2998/3698/3
f 2989/3666/30 3019/3665/30 3018/3697/30
f 3017/3697/3 2998/3698/3 2991/3667/3
f 2850/3478/3 2846/3476/3 3020/3475/3
f 3020/3475/3 3014/3696/3 2850/3478/3
f 3014/3696/3 3016/3694/3 2850/3478/3
f 3016/3694/3 3018/3697/2688 3019/3665/3
f 3019/3665/3 2988/3662/3 3016/3694/3
f 2988/3662/3 2986/3661/3 3016/3694/3
f 2986/3661/3 2984/3660/3 2957/3619/3
f 2984/3660/3 3027/3625/3 2957/3619/3
f 3027/3625/3 2960/3622/3 2957/3619/3
f 2957/3619/3 2954/3617/3 2952/3616/3
f 2952/3616/3 2949/3615/3 2957/3619/3
f 2949/3615/3 3028/3710/3 2957/3619/3
f 3028/3710/3 3030/3712/3 3031/3580/3
f 3031/3580/3 2923/3577/3 2921/3576/3
f 2921/3576/3 2919/3575/3 2892/3534/3
f 2919/3575/3 3034/3540/3 2892/3534/3
f 3034/3540/3 2895/3537/3 2892/3534/3
f 2892/3534/3 2889/3531/3 2886/3528/3
f 2886/3528/3 2884/3526/3 2892/3534/3
f 2884/3526/3 2882/3521/3 2892/3534/3
f 2882/3521/3 3035/3714/3 3036/3486/3
f 3036/3486/3 2853/3483/3 2850/3478/3
f 3028/3710/3 3031/3580/3 2921/3576/3
f 2882/3521/3 3036/3486/3 2892/3534/3
f 3036/3486/3 2850/3478/3 2892/3534/3
f 2850/3478/3 3016/3694/3 2986/3661/3
f 2986/3661/3 2957/3619/3 2850/3478/3
f 2957/3619/3 3028/3710/3 2850/3478/3
f 3028/3710/3 2921/3576/3 2850/3478/3
f 3021/3699/37 3009/3688/37 3011/3690/37
f 3007/3685/8 3009/3686/8 3021/3701/8
f 2859/3703/35 3021/3779/35 2848/3704/35
f 3022/3702/8 3021/3701/8 2859/3705/8
f 2861/3496/2 3024/3498/2 3023/3706/2
f 3022/3702/1 3023/3706/1 3005/3685/1
f 2995/3671/23 3002/3684/23 3025/3707/23
f 2993/3674/39 3025/3707/39 3026/3708/24
f 3029/3709/35 3030/3712/35 3028/3710/35
f 3029/3709/3 2950/3613/3 2947/3614/3
f 2924/3581/37 3031/3580/36 3030/3712/37
f 2924/3581/3 3029/3709/3 2933/3711/3
f 2930/3590/32 2937/3601/32 3032/3508/32
f 2928/3588/31 3032/3508/31 3033/3713/31
f 2854/3487/9 3036/3486/9 3035/3714/9
f 2881/3524/3 2879/3525/3 2856/3715/3
f 2867/3716/38 2858/3488/38 2856/3490/38
