# Blender 5.2.0 LTS
# www.blender.org
mtllib player_body.mtl
o ICO球.003
v -0.202674 -0.013811 0.147252
v 0.077416 -0.013809 0.238258
v -0.202674 -0.013811 -0.147252
v -0.222981 -0.013811 0.162005
v -0.202674 0.020508 0.147252
v 0.077416 0.020510 0.238258
v -0.202674 0.020508 -0.147252
v -0.202674 0.007058 0.147252
v 0.077416 0.007059 0.238258
v -0.202674 0.007058 -0.147252
v 0.077416 0.007059 -0.238258
v 0.250522 0.007060 -0.000000
v 0.077416 0.020510 -0.238258
v 0.250522 0.020510 -0.000000
v 0.077416 -0.013809 -0.238258
v 0.250522 -0.013808 0.000000
v 0.085173 -0.013809 -0.262130
v -0.222981 -0.013811 -0.162005
v 0.275623 -0.013808 0.000000
v 0.085173 -0.013809 -0.262130
v -0.222981 -0.013811 -0.162005
v 0.275623 -0.013808 0.000000
v 0.085174 -0.013809 -0.262131
v 0.085172 -0.013809 -0.262131
v 0.137808 0.261813 -0.424137
v -0.222982 -0.013808 -0.162009
v 0.085172 -0.013809 -0.262131
v 0.137808 0.261813 -0.424137
v -0.222982 -0.013808 -0.162009
v 0.068334 0.004355 -0.266209
v 0.116176 0.254876 -0.413461
v -0.211756 0.004355 -0.175205
v 0.077820 0.019702 -0.237016
v 0.125661 0.270223 -0.384268
v -0.202271 0.019702 -0.146012
v 0.074102 0.013687 -0.248457
v 0.121944 0.264208 -0.395709
v -0.205989 0.013687 -0.157453
v -0.331248 0.264208 -0.248459
v -0.128574 0.419042 -0.395709
v -0.327531 0.270223 -0.237017
v -0.124856 0.425057 -0.384268
v -0.337016 0.254876 -0.266211
v -0.134342 0.409709 -0.413461
v -0.360792 0.261813 -0.262133
v -0.137810 0.432160 -0.424137
v -0.360792 0.261813 -0.262133
v -0.137810 0.432160 -0.424137
v -0.360796 0.261813 -0.262127
v -0.360795 0.261820 -0.262130
v -0.137813 0.432165 -0.424136
v -0.445967 0.432165 -0.000002
v -0.360795 0.261820 -0.262130
v -0.137813 0.432165 -0.424136
v -0.445967 0.432165 -0.000002
v -0.351714 0.284271 -0.255532
v -0.149038 0.439102 -0.402784
v -0.429128 0.439103 -0.017276
v -0.326880 0.268923 -0.237490
v -0.124205 0.423755 -0.384741
v -0.404295 0.423755 0.000767
v -0.336613 0.274938 -0.244561
v -0.133937 0.429770 -0.391812
v -0.414028 0.429770 -0.006304
v -0.259197 0.680290 -0.006303
v -0.086092 0.680291 -0.244561
v -0.249465 0.674275 0.000768
v -0.076360 0.674276 -0.237490
v -0.274298 0.689623 -0.017274
v -0.101193 0.689623 -0.255533
v -0.275623 0.707786 -0.000000
v -0.085174 0.707787 -0.262131
v -0.275623 0.707786 -0.000000
v -0.085174 0.707787 -0.262131
v -0.275623 0.707786 -0.000000
v -0.275623 0.707786 -0.000000
v -0.085173 0.707787 0.262130
v -0.085173 0.707787 -0.262130
v -0.275623 0.707786 -0.000000
v -0.085173 0.707787 0.262130
v -0.085173 0.707787 -0.262130
v -0.250522 0.707786 -0.000000
v -0.077416 0.707787 0.238258
v -0.077416 0.707787 -0.238258
v -0.250522 0.673468 -0.000000
v -0.077416 0.673468 0.238258
v -0.077416 0.673468 -0.238258
v -0.250522 0.686918 -0.000000
v -0.077416 0.686918 0.238258
v -0.077416 0.686918 -0.238258
v 0.202674 0.686920 -0.147252
v 0.202674 0.686920 0.147252
v 0.202674 0.673470 -0.147252
v 0.202674 0.673470 0.147252
v 0.202674 0.707789 -0.147252
v 0.202674 0.707789 0.147252
v 0.222981 0.707789 -0.162005
v 0.222981 0.707789 0.162005
v 0.222981 0.707789 -0.162005
v 0.222981 0.707789 0.162005
v 0.222985 0.707786 -0.162005
v 0.222982 0.707786 -0.162009
v 0.360792 0.432165 -0.262133
v -0.085172 0.707787 -0.262131
v 0.222982 0.707786 -0.162009
v 0.360792 0.432165 -0.262133
v -0.085172 0.707787 -0.262131
v 0.211757 0.689623 -0.175205
v 0.337016 0.439102 -0.266211
v -0.068334 0.689623 -0.266209
v 0.202271 0.674276 -0.146012
v 0.327531 0.423755 -0.237017
v -0.077820 0.674276 -0.237016
v 0.205989 0.680291 -0.157453
v 0.331248 0.429770 -0.248459
v -0.074102 0.680291 -0.248457
v -0.121944 0.429770 -0.395709
v 0.128574 0.274936 -0.395709
v -0.125661 0.423755 -0.384268
v 0.124856 0.268921 -0.384268
v -0.116176 0.439102 -0.413461
v 0.134342 0.284269 -0.413461
v -0.137808 0.432165 -0.424137
v 0.137810 0.261818 -0.424137
v -0.137808 0.432165 -0.424137
v 0.137810 0.261818 -0.424137
v 0.137813 0.261813 -0.424136
v 0.360795 0.432158 -0.262130
v 0.137813 0.261813 -0.424136
v 0.085174 -0.013809 -0.262131
v 0.360795 0.432158 -0.262130
v 0.149038 0.254876 -0.402784
v 0.101193 0.004355 -0.255533
v 0.351714 0.409707 -0.255532
v 0.124205 0.270223 -0.384741
v 0.076360 0.019702 -0.237490
v 0.326880 0.425055 -0.237490
v 0.133937 0.264208 -0.391812
v 0.086092 0.013687 -0.244561
v 0.336613 0.419040 -0.244561
v 0.414028 0.264208 -0.006304
v 0.259197 0.013688 -0.006303
v 0.404295 0.270223 0.000767
v 0.249465 0.019703 0.000768
v 0.429129 0.254875 -0.017276
v 0.274298 0.004355 -0.017274
v 0.445967 0.261813 -0.000002
v 0.275623 -0.013808 0.000000
v 0.445967 0.261813 -0.000002
v 0.275623 -0.013808 0.000000
v 0.445967 0.261813 0.000002
v 0.445967 0.261816 -0.000000
v 0.360796 0.432165 0.262127
v 0.360796 0.432165 -0.262127
v 0.445967 0.261816 -0.000000
v 0.360796 0.432165 0.262127
v 0.360796 0.432165 -0.262127
v 0.434742 0.284267 -0.000000
v 0.357328 0.439102 0.238255
v 0.357328 0.439102 -0.238255
v 0.404046 0.268919 -0.000000
v 0.326632 0.423754 0.238255
v 0.326632 0.423754 -0.238255
v 0.416076 0.274934 -0.000000
v 0.338662 0.429770 0.238255
v 0.338662 0.429769 -0.238255
v 0.213401 0.680290 -0.147251
v 0.213401 0.680290 0.147251
v 0.201370 0.674275 -0.147251
v 0.201370 0.674275 0.147251
v 0.232066 0.689623 -0.147251
v 0.232066 0.689623 0.147251
v 0.222985 0.707786 -0.162005
v 0.222985 0.707786 0.162005
v 0.222985 0.707786 0.162005
v 0.222982 0.707786 0.162009
v 0.360792 0.432165 0.262133
v -0.085172 0.707787 0.262131
v 0.222982 0.707786 0.162009
v 0.360792 0.432165 0.262133
v -0.085172 0.707787 0.262131
v 0.211757 0.689623 0.175205
v 0.337016 0.439102 0.266211
v -0.068334 0.689623 0.266209
v 0.202271 0.674276 0.146012
v 0.327531 0.423755 0.237017
v -0.077820 0.674276 0.237016
v 0.205989 0.680291 0.157453
v 0.331248 0.429770 0.248459
v -0.074102 0.680291 0.248457
v -0.121944 0.429770 0.395709
v 0.128574 0.274936 0.395709
v -0.125661 0.423755 0.384268
v 0.124856 0.268921 0.384268
v -0.116176 0.439102 0.413461
v 0.134342 0.284269 0.413461
v -0.137808 0.432165 0.424137
v 0.137810 0.261818 0.424137
v -0.137808 0.432165 0.424137
v 0.137810 0.261818 0.424137
v -0.137810 0.432160 0.424137
v -0.137813 0.432165 0.424136
v -0.360795 0.261820 0.262131
v -0.085174 0.707787 0.262131
v -0.137813 0.432165 0.424136
v -0.360795 0.261820 0.262131
v -0.085174 0.707787 0.262131
v -0.149038 0.439102 0.402784
v -0.351713 0.284271 0.255532
v -0.101193 0.689623 0.255533
v -0.124205 0.423755 0.384741
v -0.326880 0.268923 0.237490
v -0.076360 0.674276 0.237490
v -0.133937 0.429770 0.391812
v -0.336613 0.274938 0.244561
v -0.086092 0.680291 0.244561
v -0.259197 0.680290 0.006303
v -0.414028 0.429770 0.006304
v -0.249465 0.674275 -0.000768
v -0.404295 0.423755 -0.000767
v -0.274298 0.689623 0.017274
v -0.429128 0.439103 0.017276
v -0.275623 0.707786 -0.000000
v -0.445967 0.432165 0.000002
v -0.445967 0.432165 0.000002
v -0.445967 0.432162 -0.000000
v -0.360796 0.261813 0.262127
v -0.445967 0.432162 -0.000000
v -0.360796 0.261813 0.262127
v -0.360796 0.261813 -0.262127
v -0.434742 0.409711 -0.000000
v -0.357328 0.254876 0.238255
v -0.357328 0.254876 -0.238255
v -0.404046 0.425059 -0.000000
v -0.326632 0.270223 0.238255
v -0.326632 0.270223 -0.238255
v -0.416076 0.419044 -0.000000
v -0.338662 0.264208 0.238255
v -0.338662 0.264208 -0.238255
v -0.213401 0.013687 -0.147251
v -0.213401 0.013687 0.147251
v -0.201370 0.019703 -0.147251
v -0.201370 0.019703 0.147251
v -0.232066 0.004355 -0.147251
v -0.232066 0.004355 0.147251
v -0.222985 -0.013808 -0.162005
v -0.222985 -0.013808 0.162005
v -0.222985 -0.013808 -0.162005
v -0.222985 -0.013808 0.162005
v -0.222981 -0.013811 0.162005
v -0.222982 -0.013808 0.162009
v -0.360792 0.261813 0.262133
v 0.085172 -0.013809 0.262131
v -0.222982 -0.013808 0.162009
v -0.360792 0.261813 0.262133
v 0.085172 -0.013809 0.262131
v -0.211756 0.004355 0.175205
v -0.337016 0.254876 0.266211
v 0.068334 0.004355 0.266209
v -0.202271 0.019702 0.146012
v -0.327531 0.270223 0.237017
v 0.077820 0.019702 0.237016
v -0.205989 0.013687 0.157453
v -0.331248 0.264208 0.248459
v 0.074102 0.013687 0.248457
v 0.121944 0.264208 0.395709
v -0.128574 0.419042 0.395709
v 0.125661 0.270223 0.384268
v -0.124856 0.425057 0.384268
v 0.116176 0.254876 0.413461
v -0.134342 0.409709 0.413461
v 0.137808 0.261813 0.424137
v -0.137810 0.432160 0.424137
v 0.137808 0.261813 0.424137
v 0.137813 0.261813 0.424136
v 0.360795 0.432158 0.262131
v 0.085174 -0.013809 0.262131
v 0.137813 0.261813 0.424136
v 0.360795 0.432158 0.262131
v 0.085174 -0.013809 0.262131
v 0.149038 0.254875 0.402784
v 0.351714 0.409707 0.255532
v 0.101193 0.004354 0.255533
v 0.124205 0.270223 0.384741
v 0.326880 0.425055 0.237490
v 0.076360 0.019702 0.237490
v 0.133937 0.264208 0.391812
v 0.336613 0.419040 0.244561
v 0.086092 0.013687 0.244561
v 0.259197 0.013688 0.006303
v 0.414028 0.264208 0.006304
v 0.249465 0.019703 -0.000768
v 0.404295 0.270223 -0.000767
v 0.274298 0.004355 0.017274
v 0.429129 0.254875 0.017276
v 0.275623 -0.013808 0.000000
v 0.445967 0.261813 0.000002
v 0.275623 -0.013808 0.000000
v 0.085173 -0.013809 0.262130
v 0.085173 -0.013809 0.262130
v -0.485856 0.325411 -0.500395
v -0.493073 0.421904 -0.500454
v -0.486741 0.325257 -0.408571
v -0.459955 0.232180 -0.500454
v -0.485856 0.325411 -0.500395
v -0.493958 0.421749 -0.408630
v -0.460840 0.232026 -0.408630
v -0.472906 0.278796 -0.500424
v -0.459955 0.232180 -0.500454
v -0.420707 0.247366 -0.500713
v -0.438160 0.188987 -0.500542
v -0.416365 0.145793 -0.500630
v -0.400770 0.207856 -0.500794
v -0.380834 0.168345 -0.500874
v -0.353573 0.133484 -0.501005
v -0.381543 0.168222 -0.427319
v -0.386563 0.107682 -0.500773
v -0.354282 0.133360 -0.427450
v -0.327021 0.098498 -0.427581
v -0.293484 0.069625 -0.427757
v -0.401479 0.207732 -0.427239
v -0.221422 0.018977 -0.428148
v 0.390777 0.189071 -0.432112
v 0.412548 0.227599 -0.432288
v 0.369005 0.150543 -0.431936
v 0.391485 0.189195 -0.505667
v 0.426385 0.269635 -0.432419
v 0.340136 0.117004 -0.431722
v 0.445594 0.355599 -0.432630
v 0.119906 -0.022781 -0.430211
v -0.433262 0.289883 -0.427131
v 0.369714 0.150667 -0.505491
v 0.404146 0.126467 -0.505677
v 0.340845 0.117127 -0.505276
v 0.427947 0.168586 -0.505870
v 0.372586 0.089801 -0.505443
v 0.341026 0.053135 -0.505209
v 0.311976 0.083588 -0.505062
v 0.311267 0.083464 -0.431507
v 0.277119 0.056326 -0.504817
v 0.302919 0.023331 -0.504941
v 0.264813 -0.006472 -0.504673
v 0.264813 -0.006472 -0.504673
v 0.242262 0.029063 -0.504573
v 0.202756 0.009126 -0.504307
v 0.241553 0.028940 -0.431018
v 0.221625 -0.028268 -0.504383
v 0.276410 0.056202 -0.431263
v 0.202047 0.009002 -0.430752
v 0.162542 -0.010935 -0.430487
v 0.163251 -0.010811 -0.504041
v 0.120615 -0.022657 -0.503765
v 0.178437 -0.050063 -0.504093
v 0.131827 -0.063014 -0.503791
v 0.085216 -0.075964 -0.503489
v 0.178437 -0.050063 -0.504093
v 0.085216 -0.075964 -0.503489
v 0.077979 -0.034503 -0.503489
v 0.033851 -0.037803 -0.503213
v 0.077270 -0.034627 -0.429935
v 0.036975 -0.079571 -0.503187
v -0.011266 -0.083178 -0.502886
v -0.011266 -0.083178 -0.502886
v -0.010277 -0.041102 -0.502937
v -0.010986 -0.041226 -0.429382
v -0.054201 -0.035729 -0.502672
v 0.033142 -0.037926 -0.429659
v -0.059284 -0.077304 -0.502595
v -0.107302 -0.071429 -0.502305
v -0.107302 -0.071429 -0.502305
v -0.098124 -0.030355 -0.502406
v -0.140156 -0.016515 -0.502161
v -0.098833 -0.030479 -0.428851
v -0.153252 -0.056299 -0.502037
v -0.054909 -0.035852 -0.429117
v -0.140865 -0.016638 -0.428607
v -0.182897 -0.002798 -0.428362
v -0.182188 -0.002674 -0.501917
v -0.220713 0.019101 -0.501702
v -0.199203 -0.041168 -0.501770
v -0.241319 -0.017363 -0.501536
v -0.283434 0.006441 -0.501301
v -0.259238 0.040876 -0.501488
v -0.292775 0.069749 -0.501312
v -0.259947 0.040752 -0.427933
v -0.320098 0.038006 -0.501109
v -0.356761 0.069571 -0.500916
v -0.356761 0.069571 -0.500916
v -0.326312 0.098622 -0.501136
v -0.416365 0.145793 -0.500630
v -0.357646 0.069416 -0.409092
v -0.283434 0.006441 -0.501301
v -0.284319 0.006287 -0.409477
v -0.200087 -0.041323 -0.409946
v -0.260123 0.040721 -0.409664
v -0.183073 -0.002829 -0.410093
v -0.099009 -0.030510 -0.410582
v -0.182364 -0.002705 -0.483647
v -0.259414 0.040845 -0.483218
v -0.326488 0.098592 -0.482866
v -0.381010 0.168315 -0.482605
v -0.098300 -0.030386 -0.484137
v 0.440756 0.311764 -0.487835
v 0.369538 0.150636 -0.487221
v 0.413081 0.227692 -0.487573
v 0.311800 0.083557 -0.486792
v 0.368829 0.150513 -0.413667
v 0.242086 0.029033 -0.486303
v 0.412372 0.227568 -0.414019
v 0.450863 0.210551 -0.414238
v 0.440047 0.311640 -0.414280
v 0.481117 0.302460 -0.414524
v 0.492861 0.398505 -0.414700
v 0.482002 0.302614 -0.506348
v 0.451747 0.210706 -0.506062
v 0.451747 0.210706 -0.506062
v 0.404146 0.126467 -0.505677
v 0.466875 0.256660 -0.506205
v 0.482002 0.302614 -0.506348
v 0.427094 0.269759 -0.505974
v 0.440932 0.311795 -0.506104
v 0.413257 0.227723 -0.505843
v 0.446303 0.355723 -0.506185
v 0.440223 0.311671 -0.432550
v 0.487874 0.350637 -0.506436
v 0.493746 0.398660 -0.506524
v 0.451674 0.399651 -0.506266
v 0.450966 0.399527 -0.432711
v 0.448374 0.443783 -0.506293
v 0.447665 0.443660 -0.432738
v 0.490138 0.446906 -0.506554
v 0.486529 0.495153 -0.506584
v 0.493746 0.398660 -0.506524
v 0.445073 0.487916 -0.506320
v 0.433226 0.530557 -0.506293
v 0.444364 0.487792 -0.432765
v 0.473578 0.541768 -0.506554
v 0.460628 0.588384 -0.506524
v 0.421380 0.573197 -0.506266
v 0.420671 0.573074 -0.432711
v 0.401443 0.612708 -0.506185
v 0.432517 0.530433 -0.432738
v 0.438833 0.631577 -0.506436
v 0.417038 0.674770 -0.506348
v 0.417038 0.674770 -0.506348
v 0.460628 0.588384 -0.506524
v 0.381506 0.652218 -0.506104
v 0.354246 0.687080 -0.505974
v 0.380798 0.652094 -0.432550
v 0.387236 0.712882 -0.506205
v 0.400734 0.612584 -0.432630
v 0.353537 0.686956 -0.432419
v -0.391522 0.631245 -0.427757
v -0.413293 0.592717 -0.427581
v -0.369750 0.669773 -0.427933
v -0.390813 0.631369 -0.501312
v -0.427130 0.550681 -0.427450
v -0.340881 0.703312 -0.428148
v -0.446339 0.464717 -0.427239
v -0.120651 0.843097 -0.429659
v 0.220677 0.801339 -0.431722
v -0.412584 0.592841 -0.501136
v -0.426421 0.550805 -0.501005
v -0.451075 0.609858 -0.500916
v -0.466202 0.563904 -0.500773
v -0.427274 0.651977 -0.501109
v -0.403473 0.694097 -0.501301
v -0.403473 0.694097 -0.501301
v -0.369041 0.669897 -0.501488
v -0.340172 0.703436 -0.501702
v -0.371913 0.730763 -0.501536
v -0.340353 0.767429 -0.501770
v -0.340353 0.767429 -0.501770
v -0.311303 0.736976 -0.501917
v -0.312012 0.736852 -0.428362
v -0.276446 0.764238 -0.502161
v -0.277155 0.764114 -0.428607
v -0.302247 0.797232 -0.502037
v -0.264140 0.827036 -0.502305
v -0.264140 0.827036 -0.502305
v -0.241589 0.791500 -0.502406
v -0.202084 0.811437 -0.502672
v -0.242298 0.791376 -0.428851
v -0.220952 0.848831 -0.502595
v -0.202792 0.811314 -0.429117
v -0.163287 0.831251 -0.429382
v -0.162578 0.831375 -0.502937
v -0.119942 0.843221 -0.503213
v -0.177764 0.870627 -0.502886
v -0.131154 0.883577 -0.503187
v -0.084544 0.896528 -0.503489
v -0.084544 0.896528 -0.503489
v -0.077306 0.855067 -0.503489
v -0.033178 0.858366 -0.503765
v -0.078015 0.854943 -0.429935
v -0.036302 0.900135 -0.503791
v -0.033887 0.858243 -0.430211
v 0.010241 0.861542 -0.430487
v 0.054164 0.856169 -0.430752
v 0.098088 0.850795 -0.431018
v 0.054873 0.856292 -0.504307
v 0.140120 0.836955 -0.431263
v 0.010949 0.861666 -0.504041
v 0.011939 0.903742 -0.504093
v 0.059957 0.897867 -0.504383
v 0.107975 0.891993 -0.504673
v 0.107975 0.891993 -0.504673
v 0.098797 0.850919 -0.504573
v 0.140829 0.837078 -0.504817
v 0.153925 0.876863 -0.504941
v 0.199875 0.861732 -0.505209
v 0.199875 0.861732 -0.505209
v 0.182861 0.823238 -0.505062
v 0.182152 0.823114 -0.431507
v 0.221386 0.801463 -0.505276
v 0.241991 0.837927 -0.505443
v 0.284107 0.814122 -0.505677
v 0.284107 0.814122 -0.505677
v 0.259911 0.779688 -0.505491
v 0.293448 0.750815 -0.505667
v 0.259202 0.779564 -0.431936
v 0.320771 0.782557 -0.505870
v 0.292739 0.750691 -0.432112
v 0.326276 0.721818 -0.432288
v 0.326985 0.721941 -0.505843
v 0.357434 0.750993 -0.506062
v 0.357434 0.750993 -0.506062
v 0.356549 0.750838 -0.414238
v 0.416153 0.674616 -0.414524
v 0.459743 0.588229 -0.414700
v 0.380622 0.652064 -0.414280
v 0.326100 0.721787 -0.414019
v 0.326809 0.721911 -0.487573
v 0.259026 0.779533 -0.413667
v 0.259735 0.779657 -0.487221
v 0.182685 0.823207 -0.486792
v 0.381331 0.652187 -0.487835
v 0.098621 0.850888 -0.486303
v -0.440435 0.508738 -0.482605
v -0.369217 0.669866 -0.483218
v -0.412760 0.592810 -0.482866
v -0.311479 0.736945 -0.483647
v -0.369926 0.669742 -0.409664
v -0.241765 0.791469 -0.484137
v -0.312188 0.736821 -0.410093
v -0.242474 0.791346 -0.410582
v -0.341238 0.767274 -0.409946
v -0.404358 0.693942 -0.409477
v -0.451960 0.609704 -0.409092
v -0.451075 0.609858 -0.500916
v -0.481329 0.517950 -0.500630
v -0.481329 0.517950 -0.500630
v -0.487201 0.469927 -0.500542
v -0.440259 0.508769 -0.500874
v -0.445630 0.464841 -0.500794
v -0.440968 0.508645 -0.427319
v -0.451002 0.420913 -0.500713
v -0.451710 0.420789 -0.427158
v -0.447701 0.376780 -0.500686
v -0.493073 0.421904 -0.500454
v -0.489465 0.373657 -0.500424
v -0.444400 0.332648 -0.500659
v -0.432553 0.290007 -0.500686
v -0.445109 0.332524 -0.427104
v -0.448410 0.376656 -0.427131
v -0.421416 0.247243 -0.427158
v -0.482214 0.517795 -0.408806
v -0.441144 0.508615 -0.409050
v -0.413469 0.592686 -0.409312
v -0.451887 0.420758 -0.408889
v -0.451178 0.420882 -0.482444
v -0.444576 0.332617 -0.482389
v 0.444897 0.487885 -0.488050
v 0.421204 0.573167 -0.487996
v 0.451498 0.399620 -0.487996
v 0.444188 0.487761 -0.414496
v 0.420495 0.573043 -0.414441
v 0.450790 0.399496 -0.414441
v 0.485644 0.494998 -0.414760
v 0.486529 0.495153 -0.506584
v -0.420883 0.247336 -0.482444
v -0.445285 0.332493 -0.408835
v -0.421592 0.247212 -0.408889
v -0.381719 0.168191 -0.409050
v -0.417250 0.145639 -0.408806
v -0.327197 0.098468 -0.409312
v -0.265025 0.826881 -0.410481
v -0.178649 0.870472 -0.411062
v -0.163463 0.831220 -0.411113
v -0.078191 0.854912 -0.411665
v -0.162754 0.831344 -0.484668
v -0.077482 0.855036 -0.485220
v 0.010773 0.861635 -0.485772
v 0.010065 0.861511 -0.412217
v 0.097912 0.850764 -0.412748
v 0.011054 0.903587 -0.412269
v 0.107090 0.891838 -0.412849
v 0.198990 0.861578 -0.413384
v 0.011939 0.903742 -0.504093
v 0.283222 0.813968 -0.413853
v 0.181976 0.823084 -0.413238
v -0.085429 0.896373 -0.411665
v -0.177764 0.870627 -0.502886
v 0.403261 0.126312 -0.413853
v 0.341026 0.053135 -0.505209
v 0.340141 0.052980 -0.413384
v 0.311091 0.083433 -0.413238
v 0.263928 -0.006626 -0.412849
v 0.241377 0.028909 -0.412748
v 0.162366 -0.010965 -0.412217
v 0.163075 -0.010842 -0.485772
v 0.077803 -0.034534 -0.485220
v -0.010453 -0.041133 -0.484668
v 0.077094 -0.034658 -0.411665
v -0.011162 -0.041257 -0.411113
v 0.084332 -0.076118 -0.411665
v 0.177552 -0.050218 -0.412269
v -0.012151 -0.083333 -0.411062
v -0.108187 -0.071584 -0.410481
v -0.199203 -0.041168 -0.501770
v 0.422927 0.351788 -0.403928
v 0.432346 0.393968 -0.403928
v 0.405459 0.312256 -0.403928
v 0.443097 0.345151 -0.403928
v 0.422927 0.351788 -0.425776
v 0.432346 0.393968 -0.425776
v 0.405459 0.312256 -0.425776
v 0.380615 0.276891 -0.425776
v 0.425917 0.479750 -0.425776
v 0.349349 0.247053 -0.425776
v 0.105064 0.228744 -0.425776
v 0.021551 0.529139 -0.425776
v 0.380615 0.276891 -0.403928
v 0.349349 0.247053 -0.403928
v 0.396710 0.263041 -0.403928
v 0.423947 0.301812 -0.403928
v 0.423947 0.301812 -0.511104
v 0.396710 0.263041 -0.511104
v 0.362432 0.230329 -0.511104
v 0.380615 0.276891 -0.511104
v 0.362432 0.230329 -0.403928
v 0.405459 0.312256 -0.511104
v 0.349349 0.247053 -0.511104
v 0.349349 0.247053 -0.489256
v 0.312862 0.223888 -0.511104
v 0.312862 0.223888 -0.489256
v 0.380615 0.276891 -0.489256
v 0.405459 0.312256 -0.489256
v 0.422927 0.351788 -0.489256
v 0.433356 0.437176 -0.489256
v 0.432346 0.393968 -0.489256
v 0.425917 0.479750 -0.489256
v 0.433356 0.437176 -0.511104
v 0.410315 0.520055 -0.489256
v 0.229983 0.200847 -0.489256
v 0.197027 0.640548 -0.489256
v -0.006346 0.404219 -0.489256
v 0.425917 0.479750 -0.511104
v 0.446375 0.485437 -0.511104
v 0.410315 0.520055 -0.511104
v 0.429270 0.529624 -0.511104
v 0.403874 0.569625 -0.511104
v 0.429270 0.529624 -0.403928
v 0.403874 0.569625 -0.403928
v 0.387150 0.556541 -0.403928
v 0.371162 0.603902 -0.403928
v 0.371162 0.603902 -0.511104
v 0.332391 0.631139 -0.511104
v 0.357311 0.587807 -0.511104
v 0.387150 0.556541 -0.511104
v 0.387150 0.556541 -0.489256
v 0.357311 0.587807 -0.489256
v 0.321947 0.612652 -0.489256
v 0.282415 0.630119 -0.489256
v 0.321947 0.612652 -0.511104
v 0.282415 0.630119 -0.511104
v 0.289051 0.650289 -0.511104
v 0.242809 0.660616 -0.511104
v 0.289051 0.650289 -0.403928
v 0.282415 0.630119 -0.403928
v 0.332391 0.631139 -0.403928
v 0.242809 0.660616 -0.403928
v 0.321947 0.612652 -0.403928
v 0.321947 0.612651 -0.425776
v 0.357311 0.587807 -0.403928
v 0.357311 0.587807 -0.425776
v 0.387150 0.556541 -0.425776
v 0.410315 0.520055 -0.425776
v 0.410315 0.520055 -0.403928
v 0.425917 0.479750 -0.403928
v 0.433356 0.437176 -0.403928
v 0.446375 0.485437 -0.403928
v 0.454530 0.438763 -0.403928
v 0.454530 0.438763 -0.511104
v 0.453423 0.391394 -0.403928
v 0.453423 0.391394 -0.511104
v 0.443097 0.345151 -0.511104
v 0.422927 0.351788 -0.511104
v 0.432346 0.393968 -0.511104
v 0.433356 0.437176 -0.425776
v 0.282415 0.630119 -0.425776
v 0.154453 0.633109 -0.425776
v 0.114148 0.617507 -0.425776
v 0.197027 0.640548 -0.425776
v 0.154453 0.633109 -0.403928
v 0.240234 0.639539 -0.425776
v 0.077662 0.594342 -0.425776
v 0.114148 0.617507 -0.403928
v 0.077662 0.594342 -0.403928
v 0.104579 0.636462 -0.403928
v 0.148765 0.653567 -0.403928
v 0.104579 0.636462 -0.511104
v 0.064578 0.611066 -0.403928
v 0.064578 0.611066 -0.511104
v 0.030301 0.578354 -0.403928
v 0.030301 0.578354 -0.511104
v 0.046395 0.564504 -0.403928
v 0.046395 0.564504 -0.425776
v 0.021551 0.529139 -0.403928
v 0.003064 0.539583 -0.403928
v 0.003064 0.539583 -0.511104
v -0.016086 0.496244 -0.403928
v -0.016086 0.496244 -0.511104
v -0.026413 0.450001 -0.511104
v 0.004084 0.489607 -0.511104
v -0.005336 0.447427 -0.511104
v -0.005336 0.447427 -0.489256
v -0.006346 0.404219 -0.511104
v -0.027520 0.402632 -0.511104
v -0.027520 0.402632 -0.403928
v -0.019364 0.355958 -0.511104
v -0.019364 0.355958 -0.403928
v 0.001094 0.361645 -0.511104
v 0.016696 0.321340 -0.511104
v 0.001094 0.361645 -0.489256
v 0.016695 0.321341 -0.489256
v 0.039861 0.284854 -0.489256
v 0.069699 0.253588 -0.489256
v 0.105064 0.228744 -0.489256
v 0.069699 0.253588 -0.511104
v 0.144596 0.211276 -0.489256
v 0.039861 0.284854 -0.511104
v 0.023137 0.271770 -0.511104
v -0.002260 0.311771 -0.511104
v 0.055849 0.237493 -0.511104
v 0.055849 0.237493 -0.403928
v 0.094619 0.210256 -0.511104
v 0.094619 0.210256 -0.403928
v 0.137959 0.191106 -0.403928
v 0.105064 0.228744 -0.403928
v 0.137959 0.191106 -0.511104
v 0.144596 0.211276 -0.403928
v 0.069699 0.253588 -0.403928
v 0.069699 0.253588 -0.425776
v 0.039861 0.284854 -0.403928
v 0.039861 0.284854 -0.425776
v 0.023137 0.271771 -0.403928
v -0.002260 0.311771 -0.403928
v 0.016695 0.321340 -0.403928
v 0.001094 0.361645 -0.403928
v 0.016695 0.321340 -0.425776
v 0.001094 0.361645 -0.425776
v -0.006346 0.404219 -0.425776
v -0.005336 0.447427 -0.425776
v -0.006346 0.404219 -0.403928
v -0.005336 0.447427 -0.403928
v 0.004084 0.489607 -0.403928
v -0.026413 0.450001 -0.403928
v 0.004084 0.489607 -0.425776
v 0.186776 0.201856 -0.403928
v 0.144596 0.211276 -0.425776
v 0.184202 0.180779 -0.403928
v 0.184202 0.180779 -0.511104
v 0.231570 0.179672 -0.403928
v 0.229983 0.200847 -0.403928
v 0.229983 0.200847 -0.425776
v 0.272557 0.208286 -0.403928
v 0.186776 0.201856 -0.425776
v 0.272557 0.208286 -0.425776
v 0.312862 0.223888 -0.425776
v 0.312862 0.223888 -0.403928
v 0.322432 0.204933 -0.403928
v 0.322432 0.204933 -0.511104
v 0.278245 0.187828 -0.403928
v 0.278245 0.187828 -0.511104
v 0.231570 0.179672 -0.511104
v 0.272557 0.208286 -0.511104
v 0.229983 0.200847 -0.511104
v 0.272557 0.208286 -0.489256
v 0.186776 0.201856 -0.511104
v 0.186776 0.201856 -0.489256
v 0.144596 0.211276 -0.511104
v 0.105064 0.228743 -0.511104
v 0.004084 0.489607 -0.489256
v 0.021551 0.529139 -0.489256
v 0.021551 0.529139 -0.511104
v 0.046395 0.564504 -0.511104
v 0.077662 0.594342 -0.511104
v 0.046395 0.564504 -0.489256
v 0.077662 0.594342 -0.489256
v 0.114148 0.617507 -0.489256
v 0.154453 0.633109 -0.489256
v 0.114148 0.617507 -0.511104
v 0.154453 0.633109 -0.511104
v 0.148765 0.653567 -0.511104
v 0.197027 0.640548 -0.511104
v 0.240234 0.639539 -0.511104
v 0.195440 0.661723 -0.511104
v 0.195440 0.661723 -0.403928
v 0.197027 0.640548 -0.403928
v 0.240234 0.639539 -0.403928
v 0.240234 0.639539 -0.489256
vn 0.3090 -0.0000 -0.9511
vn -0.0000 -1.0000 -0.0000
vn 1.0000 -0.0000 -0.0000
vn -0.3090 -0.0000 0.9511
vn -1.0000 -0.0000 -0.0000
vn -0.3090 -0.0000 -0.9511
vn 0.8090 -0.0000 -0.5878
vn 0.3090 -0.0000 0.9511
vn -0.8090 -0.0000 0.5878
vn -0.0001 1.0000 -0.0000
vn -0.0000 -0.0000 1.0000
vn -0.0000 -0.0000 -1.0000
vn -0.1607 -0.8511 -0.4998
vn 0.3978 -0.8653 -0.3050
vn 0.1887 -0.7924 -0.5801
vn 0.1888 -0.7924 -0.5801
vn 0.0001 1.0000 -0.0000
vn 0.2603 -0.5277 -0.8086
vn -0.0000 1.0000 -0.0000
vn -0.2764 -0.4472 -0.8507
vn -0.2764 -0.4472 -0.8506
vn -0.9472 0.2764 0.1625
vn -0.1382 0.8944 -0.4253
vn 0.9472 -0.2764 -0.1624
vn 0.9472 -0.2764 -0.1625
vn 0.1382 -0.8944 0.4253
vn -0.8618 -0.2764 0.4254
vn -0.8618 -0.2764 0.4253
vn -0.6708 0.7236 -0.1625
vn -0.6708 0.7236 -0.1624
vn 0.8618 0.2764 -0.4253
vn 0.6708 -0.7236 0.1625
vn 0.6708 -0.7236 0.1624
vn -0.0001 1.0000 -0.0001
vn -0.6867 -0.5238 -0.5040
vn -0.6873 -0.5233 -0.5038
vn -0.5816 -0.0227 -0.8132
vn -0.5816 -0.0227 -0.8131
vn -0.7938 -0.1963 -0.5757
vn -0.9506 -0.0060 -0.3104
vn -0.7236 0.4472 -0.5257
vn -0.0528 0.7236 0.6882
vn 0.6382 0.7236 -0.2629
vn 0.0528 -0.7236 -0.6882
vn -0.6382 -0.7236 0.2629
vn -0.4472 0.2764 0.8507
vn -0.4472 0.2764 0.8506
vn 0.3618 0.8944 0.2629
vn 0.4472 -0.2764 -0.8507
vn 0.4472 -0.2764 -0.8506
vn -0.3618 -0.8944 -0.2629
vn -0.8507 0.5257 -0.0000
vn -0.3978 0.8653 -0.3050
vn -0.3763 0.8744 0.3063
vn 0.8090 -0.0000 0.5878
vn -0.8090 -0.0000 -0.5878
vn -0.0000 -0.0000 -0.0000
vn 0.5165 0.8563 -0.0000
vn 0.5158 0.8567 -0.0000
vn 0.1695 0.8491 -0.5003
vn 0.4806 0.8010 -0.3568
vn 0.4807 0.8010 -0.3568
vn 0.6877 0.5256 -0.5009
vn 0.6873 0.5254 -0.5016
vn 0.6859 0.5238 -0.5051
vn 0.2764 0.4472 -0.8507
vn -0.8618 -0.2764 -0.4253
vn 0.1382 -0.8944 -0.4253
vn 0.8618 0.2764 0.4254
vn 0.8618 0.2764 0.4253
vn -0.1382 0.8944 0.4253
vn -0.9472 0.2764 -0.1624
vn -0.9472 0.2764 -0.1625
vn -0.4472 -0.7236 -0.5257
vn -0.4472 -0.7236 -0.5258
vn 0.4472 0.7236 0.5257
vn 0.9472 -0.2764 0.1625
vn 0.2764 0.4472 -0.8506
vn 0.0034 -0.0085 -1.0000
vn -0.2714 0.5283 -0.8045
vn -0.2998 0.1612 -0.9403
vn -0.0000 1.0000 -0.0001
vn 0.5857 -0.0000 -0.8105
vn 0.2998 -0.1674 -0.9392
vn 0.0001 1.0000 -0.0001
vn 0.7236 -0.4472 -0.5257
vn 0.6708 0.2764 0.6882
vn 0.0528 -0.7236 0.6882
vn -0.6708 -0.2764 -0.6882
vn -0.0528 0.7236 -0.6882
vn 0.6382 0.7236 0.2629
vn 0.4472 -0.2764 0.8507
vn 0.4472 -0.2764 0.8506
vn -0.6382 -0.7236 -0.2629
vn -0.4472 0.2764 -0.8507
vn -0.4472 0.2764 -0.8506
vn 0.9530 0.0022 -0.3031
vn 0.8506 -0.5257 -0.0000
vn 0.9827 -0.1854 -0.0000
vn 0.9517 0.0009 0.3069
vn 0.9517 0.0010 0.3069
vn 0.9510 0.0020 0.3092
vn 0.8944 0.4472 -0.0000
vn -0.3618 0.7236 -0.5878
vn -0.3618 0.7236 0.5878
vn 0.3618 -0.7236 0.5878
vn 0.3618 -0.7236 -0.5878
vn -0.1382 0.2764 -0.9511
vn -0.4472 0.8944 -0.0000
vn 0.1382 -0.2764 0.9511
vn 0.4472 -0.8944 -0.0000
vn 0.6861 0.5233 0.5054
vn 0.6860 0.5222 0.5067
vn 0.4866 0.7994 0.3524
vn 0.4867 0.7993 0.3524
vn 0.1612 0.8528 0.4967
vn 0.2764 0.4472 0.8507
vn 0.8618 0.2764 -0.4254
vn -0.9472 0.2764 0.1624
vn -0.4472 -0.7236 0.5257
vn -0.4472 -0.7236 0.5258
vn 0.4472 0.7236 -0.5257
vn 0.2764 0.4472 0.8506
vn -0.2825 0.5310 0.7989
vn -0.2824 0.5310 0.7989
vn -0.2980 0.1829 0.9369
vn -0.5867 0.0013 0.8098
vn -0.7236 0.4472 0.5257
vn 0.3618 0.8944 -0.2629
vn -0.3618 -0.8944 0.2629
vn -0.9522 -0.0008 0.3054
vn -0.9522 -0.0006 0.3055
vn -0.9535 -0.0000 0.3015
vn -0.9827 0.1854 -0.0000
vn -0.8944 -0.4472 -0.0000
vn 0.1382 -0.2764 -0.9511
vn -0.1382 0.2764 0.9511
vn -0.5165 -0.8563 -0.0000
vn -0.5158 -0.8567 -0.0000
vn -0.4800 -0.8000 -0.3600
vn -0.6906 -0.5299 0.4922
vn -0.4812 -0.8021 0.3536
vn -0.1447 -0.8668 0.4772
vn -0.2764 -0.4472 0.8507
vn -0.8618 -0.2764 -0.4254
vn 0.9472 -0.2764 0.1624
vn -0.2764 -0.4472 0.8506
vn 0.2559 -0.5273 0.8102
vn 0.2974 -0.1826 0.9371
vn 0.5839 0.0153 0.8117
vn 0.7236 -0.4472 0.5257
vn 0.6708 0.2764 -0.6882
vn -0.6708 -0.2764 0.6882
vn 0.3763 -0.8744 0.3063
vn 0.2022 -0.8086 0.5525
vn 0.2023 -0.8086 0.5525
vn 0.7941 0.1843 0.5791
vn 0.6708 -0.7236 -0.1625
vn 0.6708 -0.7236 -0.1624
vn -0.6708 0.7236 0.1625
vn -0.6708 0.7236 0.1624
vn -0.7932 -0.1873 0.5795
vn -0.1846 0.8120 0.5537
vn 0.7935 0.1977 -0.5755
vn -0.1859 0.7992 -0.5715
vn -0.1859 0.7992 -0.5716
vn 0.4472 0.7236 -0.5258
vn -0.1718 -0.8482 -0.5010
vn -0.1717 -0.8482 -0.5011
vn -0.1717 -0.8482 -0.5010
vn 0.4572 -0.8682 -0.1929
vn 0.4573 -0.8682 -0.1929
vn 0.2589 -0.5249 -0.8108
vn -0.6861 -0.5243 -0.5043
vn -0.5858 -0.0039 -0.8104
vn -0.9539 -0.0022 -0.3000
vn -0.8506 0.5257 -0.0000
vn -0.4572 0.8682 -0.1929
vn -0.4573 0.8682 -0.1929
vn -0.6115 0.7645 0.2039
vn -0.6116 0.7645 0.2039
vn 0.5171 0.8559 -0.0000
vn 0.1604 0.8515 -0.4992
vn 0.6889 0.5270 -0.4976
vn -0.0034 0.0114 -0.9999
vn -0.2548 0.5271 -0.8107
vn 0.5853 0.0213 -0.8105
vn 0.9509 0.0059 -0.3094
vn 0.8507 -0.5257 -0.0000
vn 0.9525 0.0001 0.3046
vn 0.6862 0.5244 0.5042
vn 0.1411 0.8668 0.4783
vn -0.2572 0.5245 0.8116
vn -0.5871 -0.0170 0.8093
vn -0.9510 -0.0017 0.3093
vn -0.5171 -0.8559 -0.0000
vn -0.6863 -0.5213 0.5071
vn -0.1626 -0.8528 0.4963
vn 0.4472 0.7236 0.5258
vn 0.2710 -0.5303 0.8033
vn 0.5880 -0.0039 0.8089
vn 0.6115 -0.7645 0.2039
vn 0.6116 -0.7645 0.2039
vn -0.9972 -0.0746 -0.0097
vn -0.9635 -0.2677 -0.0097
vn -0.3020 0.2313 0.9248
vn -0.3019 0.2312 0.9249
vn -0.0062 -0.0011 -1.0000
vn -0.5171 -0.8560 -0.0000
vn -0.5170 -0.8560 -0.0000
vn 0.7877 0.6160 0.0086
vn 0.8928 0.4505 0.0094
vn 0.8928 0.4504 0.0094
vn -0.0063 -0.0011 -1.0000
vn -0.8706 0.4919 -0.0076
vn -0.0061 -0.0011 -1.0000
vn -0.0056 -0.0010 -1.0000
vn -0.7579 0.6523 -0.0062
vn -0.4175 0.8128 0.4064
vn -0.4174 0.8128 0.4064
vn -0.6161 0.7877 -0.0046
vn -0.3920 0.7068 0.5889
vn -0.3921 0.7067 0.5889
vn -0.0000 1.0000 0.0001
vn -0.4506 0.8927 -0.0028
vn -0.4506 0.8927 -0.0029
vn -0.0061 -0.0012 -1.0000
vn -0.0062 -0.0010 -1.0000
vn -0.2677 0.9635 -0.0010
vn 0.0695 -0.8460 -0.5287
vn 0.0694 -0.8460 -0.5287
vn -0.0746 0.9972 0.0010
vn -0.0339 0.5792 -0.8145
vn -0.0340 0.5792 -0.8145
vn 0.1215 0.9926 0.0028
vn 0.1214 0.9926 0.0028
vn -0.0428 -0.9960 -0.0778
vn -0.0428 -0.9961 -0.0778
vn -0.0428 -0.9961 -0.0777
vn 0.3128 0.9498 0.0046
vn -0.0062 -0.0012 -1.0000
vn 0.4921 0.8705 0.0062
vn 1.0000 -0.0001 0.0001
vn 0.6524 0.7578 0.0076
vn -0.2172 -0.0000 -0.9761
vn -0.2173 -0.0000 -0.9761
vn -0.7877 -0.6160 -0.0086
vn -0.6524 -0.7578 -0.0076
vn -0.6525 -0.7578 -0.0076
vn -0.4921 -0.8705 -0.0062
vn 0.0062 0.0011 1.0000
vn 0.6525 0.7578 0.0076
vn -0.9498 0.3126 -0.0086
vn 0.9926 -0.1213 0.0094
vn 0.9498 -0.3126 0.0086
vn 0.8706 -0.4919 0.0076
vn -0.0043 -0.0005 -1.0000
vn -0.9926 0.1213 -0.0094
vn -0.9926 0.1214 -0.0094
vn -0.9498 0.3127 -0.0086
vn -0.9924 0.1232 -0.0001
vn -0.9924 0.1231 -0.0000
vn -0.9926 0.1213 -0.0093
vn -0.5588 -0.0517 0.8277
vn -0.3017 -0.2312 0.9249
vn -0.3018 -0.2312 0.9249
vn -0.8927 -0.4505 -0.0094
vn -0.7890 -0.4344 -0.4345
vn -0.7890 -0.4344 -0.4344
vn -0.7877 -0.6159 -0.0086
vn -0.8928 -0.4504 -0.0094
vn -1.0000 -0.0001 -0.0000
vn -1.0000 -0.0000 0.0001
vn 0.7579 -0.6523 0.0062
vn 0.1316 -0.0001 0.9913
vn 0.1317 -0.0000 0.9913
vn 0.6161 -0.7877 0.0046
vn 0.1330 -0.6192 0.7739
vn 0.1331 -0.6191 0.7739
vn 0.4506 -0.8927 0.0028
vn -0.0062 -0.0013 -1.0000
vn 0.2677 -0.9635 0.0010
vn 0.0596 -0.9948 -0.0829
vn 0.0746 -0.9972 -0.0010
vn -0.1215 -0.9926 -0.0028
vn -0.1214 -0.9926 -0.0028
vn 0.0844 0.8301 -0.5512
vn 0.0843 0.8301 -0.5512
vn -0.3128 -0.9498 -0.0046
vn -0.3347 -0.0000 0.9423
vn -0.3348 -0.0000 0.9423
vn -0.2311 -0.6880 0.6879
vn -0.2311 -0.6880 0.6880
vn -0.0061 -0.0010 -1.0000
vn 0.0028 0.7071 0.7071
vn 0.0027 0.7071 0.7071
vn -0.0056 0.7071 -0.7071
vn -0.0055 0.7071 -0.7071
vn 0.8927 0.4505 0.0094
vn -0.0028 0.2425 0.9702
vn 0.9926 -0.1214 0.0094
vn 0.9498 -0.3127 0.0086
vn 0.9972 0.0746 0.0097
vn 0.9926 -0.1213 0.0093
vn -0.9833 0.1818 -0.0000
vn -0.9833 0.1819 -0.0000
vn 0.9635 0.2677 0.0097
vn -0.5575 -0.0000 0.8302
vn -0.5574 0.0001 0.8302
vn -0.8928 -0.4505 -0.0094
vn -0.1991 0.0001 -0.9800
vn -0.1991 -0.0000 -0.9800
vn -0.1992 -0.0000 -0.9800
vn -0.0259 0.8298 -0.5575
vn -0.0259 0.8297 -0.5575
vn -0.0028 -0.0000 -1.0000
vn 0.0020 -0.0001 1.0000
vn 0.0020 -0.0000 1.0000
vn 0.0021 -0.0000 1.0000
vn 0.1516 -0.0000 0.9884
vn 0.3486 -0.7498 0.5624
vn 0.3487 -0.7498 0.5624
vn -0.9760 0.2179 -0.0000
vn -0.9147 0.4042 -0.0000
vn -0.8183 0.5748 -0.0000
vn -0.6904 0.7234 -0.0000
vn 0.8183 -0.5748 -0.0000
vn 0.9147 -0.4042 -0.0000
vn 0.6904 -0.7234 -0.0000
vn -0.5360 0.8442 -0.0000
vn -0.9997 0.0234 -0.0000
vn -0.9851 -0.1721 -0.0000
vn -0.9326 -0.3610 -0.0000
vn 0.9326 0.3610 -0.0000
vn 0.8442 0.5360 -0.0000
vn 0.7234 0.6904 -0.0000
vn 0.5748 0.8183 -0.0000
vn -0.7234 -0.6904 -0.0000
vn -0.8442 -0.5360 -0.0000
vn -0.5749 -0.8183 -0.0000
vn -0.5749 -0.8182 -0.0000
vn -0.4042 -0.9147 -0.0000
vn 0.4042 0.9147 -0.0000
vn 0.2180 0.9760 -0.0000
vn -0.5748 -0.8183 -0.0000
vn 0.9851 0.1721 -0.0000
vn 0.9997 -0.0234 -0.0000
vn 0.9760 -0.2179 -0.0000
vn 0.3610 -0.9326 -0.0000
vn 0.1721 -0.9851 -0.0000
vn 0.5360 -0.8442 -0.0000
vn -0.3610 0.9326 -0.0000
vn -0.9760 0.2180 -0.0000
vn 0.9760 -0.2180 -0.0000
vn -0.2180 -0.9760 -0.0000
vn -0.0234 -0.9997 -0.0000
vn 0.0233 0.9997 -0.0000
vn -0.1721 0.9851 -0.0000
vn 0.5749 0.8183 -0.0000
vn -0.0233 -0.9997 -0.0000
vn 0.0234 0.9997 -0.0000
vt 0.490378 0.027672
vt 0.493267 0.029536
vt 0.493413 0.029677
vt 0.493599 0.029758
vt 0.490207 0.027362
vt 0.490548 0.025231
vt 0.490554 0.027910
vt 0.490262 0.025021
vt 0.767124 0.340556
vt 0.762984 0.345918
vt 0.767048 0.340321
vt 0.767112 0.351289
vt 0.763231 0.345918
vt 0.133408 0.608817
vt 0.133408 0.656389
vt 0.088166 0.671089
vt 0.773426 0.349274
vt 0.767035 0.351524
vt 0.773433 0.342632
vt 0.773634 0.349431
vt 0.492974 0.025130
vt 0.490841 0.025421
vt 0.496349 0.028767
vt 0.492506 0.024849
vt 0.491857 0.024571
vt 0.497267 0.029482
vt 0.491177 0.024625
vt 0.497803 0.030126
vt 0.490514 0.024640
vt 0.490105 0.024911
vt 0.489987 0.024965
vt 0.490858 0.024492
vt 0.485659 0.027745
vt 0.489819 0.024625
vt 0.485306 0.028377
vt 0.489744 0.025138
vt 0.489086 0.024818
vt 0.489443 0.025245
vt 0.486699 0.026583
vt 0.486228 0.027088
vt 0.489187 0.025331
vt 0.488509 0.024999
vt 0.722091 0.389574
vt 0.717952 0.394940
vt 0.722015 0.389339
vt 0.722085 0.400306
vt 0.718199 0.394940
vt 0.070743 0.767925
vt 0.070743 0.720352
vt 0.115987 0.705655
vt 0.728604 0.398443
vt 0.722008 0.400541
vt 0.728395 0.398285
vt 0.728604 0.391502
vt 0.488225 0.025514
vt 0.487356 0.026908
vt 0.488420 0.025952
vt 0.487963 0.024960
vt 0.487150 0.027103
vt 0.487674 0.024401
vt 0.486854 0.027189
vt 0.490118 0.024781
vt 0.487763 0.023997
vt 0.487363 0.024289
vt 0.486646 0.027176
vt 0.486397 0.027036
vt 0.486658 0.024383
vt 0.484476 0.018833
vt 0.485037 0.019756
vt 0.483978 0.017289
vt 0.486116 0.024401
vt 0.485694 0.020996
vt 0.486251 0.026592
vt 0.486305 0.026811
vt 0.486204 0.022004
vt 0.485754 0.024434
vt 0.915453 0.026073
vt 0.915662 0.019284
vt 0.915654 0.025928
vt 0.922055 0.017033
vt 0.915453 0.019126
vt 0.246656 0.637142
vt 0.173452 0.660925
vt 0.218695 0.598657
vt 0.925855 0.022640
vt 0.921977 0.017269
vt 0.922036 0.028235
vt 0.926103 0.022641
vt 0.488445 0.025061
vt 0.488003 0.027196
vt 0.488457 0.024754
vt 0.488353 0.025495
vt 0.488109 0.027711
vt 0.488222 0.028306
vt 0.487933 0.025945
vt 0.488248 0.028733
vt 0.484964 0.018576
vt 0.487507 0.026171
vt 0.487785 0.026225
vt 0.488122 0.028957
vt 0.487994 0.026619
vt 0.489854 0.029240
vt 0.490232 0.029085
vt 0.489594 0.029219
vt 0.487733 0.029201
vt 0.488257 0.027217
vt 0.490429 0.029055
vt 0.490531 0.029072
vt 0.488474 0.027735
vt 0.487501 0.029700
vt 0.487565 0.029479
vt 0.076253 0.357605
vt 0.078571 0.364027
vt 0.078424 0.364229
vt 0.085249 0.364028
vt 0.085396 0.364229
vt 0.262728 0.713903
vt 0.307971 0.728603
vt 0.307971 0.776173
vt 0.087291 0.357677
vt 0.087528 0.357600
vt 0.081889 0.353767
vt 0.081889 0.353518
vt 0.488528 0.032933
vt 0.491052 0.031721
vt 0.491350 0.032011
vt 0.488572 0.032467
vt 0.488489 0.033461
vt 0.491681 0.032329
vt 0.488597 0.033738
vt 0.491961 0.032535
vt 0.488511 0.033962
vt 0.488401 0.028935
vt 0.488715 0.033770
vt 0.489051 0.033687
vt 0.486888 0.038146
vt 0.486590 0.037247
vt 0.488817 0.029119
vt 0.489085 0.033506
vt 0.486419 0.035922
vt 0.489013 0.029446
vt 0.489037 0.033315
vt 0.489131 0.029743
vt 0.680434 0.392085
vt 0.676285 0.397446
vt 0.680186 0.392085
vt 0.676301 0.386715
vt 0.676378 0.386479
vt 0.264436 0.882210
vt 0.292397 0.843723
vt 0.337640 0.858422
vt 0.669779 0.388576
vt 0.669987 0.388733
vt 0.669980 0.395371
vt 0.669779 0.395516
vt 0.484509 0.030262
vt 0.486618 0.028374
vt 0.484562 0.030857
vt 0.486639 0.027947
vt 0.486676 0.027496
vt 0.484534 0.029538
vt 0.486722 0.027272
vt 0.484942 0.028964
vt 0.486851 0.038620
vt 0.484991 0.028602
vt 0.490873 0.024562
vt 0.485044 0.028662
vt 0.487016 0.038595
vt 0.490978 0.024422
vt 0.484810 0.028716
vt 0.486873 0.038958
vt 0.491083 0.023577
vt 0.483925 0.028462
vt 0.908225 0.127149
vt 0.914607 0.129455
vt 0.908301 0.127383
vt 0.914809 0.129310
vt 0.914600 0.136100
vt 0.401511 0.525392
vt 0.417206 0.570298
vt 0.379347 0.599102
vt 0.908207 0.138351
vt 0.914809 0.136257
vt 0.904406 0.132743
vt 0.908284 0.138115
vt 0.499757 0.045383
vt 0.485967 0.039840
vt 0.498545 0.030531
vt 0.499282 0.044721
vt 0.499474 0.045043
vt 0.498083 0.030487
vt 0.499630 0.045277
vt 0.498161 0.030356
vt 0.499432 0.046287
vt 0.499149 0.044741
vt 0.496252 0.036023
vt 0.499725 0.047999
vt 0.494691 0.036012
vt 0.495297 0.035924
vt 0.487095 0.039012
vt 0.487227 0.039935
vt 0.497927 0.045865
vt 0.488093 0.040594
vt 0.496970 0.036981
vt 0.496748 0.036537
vt 0.488883 0.040983
vt 0.496445 0.044055
vt 0.575013 0.361425
vt 0.581436 0.363742
vt 0.575090 0.361661
vt 0.581638 0.370567
vt 0.581638 0.363596
vt 0.473994 0.817629
vt 0.400788 0.841415
vt 0.446031 0.779144
vt 0.575085 0.372463
vt 0.581437 0.370421
vt 0.570926 0.367061
vt 0.575008 0.372700
vt 0.488346 0.034943
vt 0.492768 0.032862
vt 0.488473 0.035551
vt 0.488283 0.034320
vt 0.492385 0.032515
vt 0.491644 0.032632
vt 0.491771 0.032536
vt 0.494409 0.035186
vt 0.491311 0.032858
vt 0.489712 0.029400
vt 0.489680 0.029763
vt 0.491167 0.032929
vt 0.489848 0.030175
vt 0.493880 0.034384
vt 0.491094 0.032933
vt 0.493424 0.033707
vt 0.902643 0.075150
vt 0.909162 0.077013
vt 0.908953 0.077171
vt 0.898510 0.080516
vt 0.902566 0.074914
vt 0.491498 0.653466
vt 0.446255 0.591195
vt 0.519458 0.614979
vt 0.902649 0.085881
vt 0.898757 0.080515
vt 0.909162 0.083953
vt 0.902573 0.086116
vt 0.491546 0.029274
vt 0.490023 0.030527
vt 0.493545 0.031089
vt 0.491320 0.028938
vt 0.491033 0.028576
vt 0.493329 0.031135
vt 0.490737 0.028416
vt 0.492893 0.031310
vt 0.490529 0.028475
vt 0.490686 0.028236
vt 0.489442 0.024542
vt 0.490740 0.027834
vt 0.488962 0.024976
vt 0.488831 0.025206
vt 0.489247 0.029011
vt 0.489619 0.024222
vt 0.490595 0.027359
vt 0.488918 0.028587
vt 0.490426 0.026947
vt 0.489706 0.024038
vt 0.488657 0.028192
vt 0.014927 0.761453
vt 0.021308 0.759146
vt 0.021233 0.759382
vt 0.014934 0.768097
vt 0.014725 0.761308
vt 0.387648 0.708606
vt 0.342404 0.693907
vt 0.342404 0.646336
vt 0.021327 0.770348
vt 0.014725 0.768255
vt 0.025128 0.764741
vt 0.021250 0.770113
vt 0.486544 0.026084
vt 0.486563 0.022045
vt 0.486363 0.025958
vt 0.485406 0.019564
vt 0.486039 0.020930
vt 0.486879 0.026227
vt 0.487789 0.025141
vt 0.484553 0.018453
vt 0.488180 0.023342
vt 0.485355 0.019923
vt 0.488389 0.022756
vt 0.486962 0.024628
vt 0.487284 0.024872
vt 0.488515 0.022364
vt 0.486022 0.021117
vt 0.908227 0.185030
vt 0.914608 0.187340
vt 0.908302 0.185265
vt 0.914809 0.194136
vt 0.914809 0.187195
vt 0.304122 0.595223
vt 0.256562 0.596274
vt 0.240867 0.551367
vt 0.908286 0.195997
vt 0.914600 0.193978
vt 0.904154 0.190627
vt 0.908209 0.196232
vt 0.490139 0.024269
vt 0.489329 0.026149
vt 0.490072 0.024061
vt 0.490204 0.024497
vt 0.489774 0.026541
vt 0.490147 0.026773
vt 0.488494 0.025135
vt 0.490430 0.026791
vt 0.490259 0.026966
vt 0.489056 0.025634
vt 0.490855 0.026626
vt 0.493901 0.029419
vt 0.493823 0.029126
vt 0.493848 0.029567
vt 0.491211 0.026636
vt 0.493505 0.028859
vt 0.489421 0.026191
vt 0.491468 0.026696
vt 0.489752 0.026655
vt 0.631688 0.892271
vt 0.635836 0.897632
vt 0.635761 0.897868
vt 0.635820 0.886901
vt 0.631935 0.892271
vt 0.157308 0.801110
vt 0.204866 0.800059
vt 0.220560 0.844969
vt 0.642342 0.888762
vt 0.635743 0.886666
vt 0.642141 0.895558
vt 0.642134 0.888920
vt 0.492018 0.030323
vt 0.493209 0.028640
vt 0.490015 0.028851
vt 0.492216 0.030710
vt 0.492455 0.031143
vt 0.490179 0.028718
vt 0.492676 0.031355
vt 0.494053 0.029548
vt 0.492629 0.031530
vt 0.494103 0.036487
vt 0.492415 0.031917
vt 0.494380 0.029650
vt 0.493922 0.036822
vt 0.492486 0.032383
vt 0.494799 0.030047
vt 0.492612 0.032785
vt 0.493872 0.036987
vt 0.495147 0.030460
vt 0.433717 0.977797
vt 0.433925 0.984587
vt 0.433717 0.984744
vt 0.440299 0.975636
vt 0.433918 0.977943
vt 0.488984 0.716844
vt 0.526844 0.688040
vt 0.565935 0.715143
vt 0.444119 0.981230
vt 0.440224 0.975871
vt 0.440318 0.986837
vt 0.444366 0.981230
vt 0.499043 0.032078
vt 0.498200 0.039442
vt 0.499009 0.032815
vt 0.498933 0.031176
vt 0.499011 0.043264
vt 0.498591 0.041159
vt 0.498320 0.030663
vt 0.440241 0.986602
vt 0.494776 0.035759
vt 0.489923 0.028932
vt 0.642342 0.895703
vt 0.488925 0.025799
vt 0.904401 0.190627
vt 0.025375 0.764740
vt 0.493673 0.031074
vt 0.908961 0.083808
vt 0.493110 0.033230
vt 0.571175 0.367061
vt 0.499757 0.030085
vt 0.904158 0.132743
vt 0.486317 0.034793
vt 0.676361 0.397681
vt 0.076489 0.357682
vt 0.921960 0.028000
vt 0.487523 0.026705
vt 0.728403 0.391648
vt 0.495558 0.028199
vt 0.773634 0.342486
vt 0.060204 0.632605
vt 0.088166 0.594120
vt 0.143948 0.744141
vt 0.115986 0.782626
vt 0.218694 0.675627
vt 0.173452 0.613354
vt 0.262732 0.790874
vt 0.234768 0.752389
vt 0.337640 0.905994
vt 0.292397 0.920695
vt 0.340251 0.571998
vt 0.353951 0.526443
vt 0.446031 0.856115
vt 0.400788 0.793843
vt 0.446255 0.638766
vt 0.491496 0.576493
vt 0.387647 0.631636
vt 0.415608 0.670123
vt 0.278728 0.522563
vt 0.317819 0.549666
vt 0.182700 0.873773
vt 0.143608 0.846666
vt 0.552239 0.760700
vt 0.504680 0.761751
vt 0.016102 0.016908
vt 0.016102 0.018277
vt 0.018353 0.018277
vt 0.018353 0.059337
vt 0.018353 0.060705
vt 0.016102 0.060705
vt 0.018353 0.016908
vt 0.016102 0.059337
vt 0.016102 0.060021
vt 0.848048 0.624245
vt 0.842584 0.619708
vt 0.838001 0.626468
vt 0.848380 0.613965
vt 0.016102 0.058653
vt 0.858668 0.613741
vt 0.854192 0.608227
vt 0.016102 0.057969
vt 0.853345 0.618993
vt 0.861008 0.603731
vt 0.864906 0.609634
vt 0.864914 0.609635
vt 0.858667 0.613746
vt 0.871146 0.605518
vt 0.878058 0.602699
vt 0.853354 0.618990
vt 0.892321 0.598474
vt 0.981124 0.658585
vt 0.981131 0.658591
vt 0.982552 0.665928
vt 0.982509 0.673395
vt 0.979726 0.651254
vt 0.979718 0.651256
vt 0.976885 0.644328
vt 0.980957 0.688177
vt 0.949173 0.610135
vt 0.843870 0.630429
vt 0.986527 0.649232
vt 0.983451 0.641671
vt 0.988079 0.657251
vt 0.976892 0.644334
vt 0.016102 0.045651
vt 0.016102 0.044966
vt 0.016102 0.044281
vt 0.974075 0.637413
vt 0.980368 0.634107
vt 0.974082 0.637419
vt 0.969973 0.631185
vt 0.975872 0.627291
vt 0.016102 0.047019
vt 0.016102 0.046334
vt 0.965857 0.624945
vt 0.971383 0.620475
vt 0.965641 0.614663
vt 0.969981 0.631186
vt 0.960613 0.619632
vt 0.960605 0.619630
vt 0.955352 0.614316
vt 0.955359 0.614321
vt 0.953139 0.604280
vt 0.959896 0.608859
vt 0.016102 0.049073
vt 0.016102 0.048388
vt 0.016102 0.049756
vt 0.942986 0.605952
vt 0.946374 0.599704
vt 0.938846 0.596531
vt 0.936097 0.603046
vt 0.942986 0.605948
vt 0.016102 0.051126
vt 0.016102 0.050441
vt 0.016102 0.051124
vt 0.929232 0.600150
vt 0.931327 0.593361
vt 0.929224 0.600148
vt 0.936105 0.603052
vt 0.921904 0.598647
vt 0.923324 0.591720
vt 0.016102 0.052494
vt 0.016102 0.051810
vt 0.016102 0.052493
vt 0.914591 0.597147
vt 0.915322 0.590078
vt 0.907154 0.590031
vt 0.921895 0.598645
vt 0.907115 0.597102
vt 0.914583 0.597145
vt 0.907123 0.597108
vt 0.899639 0.597061
vt 0.899648 0.597059
vt 0.892313 0.598472
vt 0.890972 0.591529
vt 0.898985 0.589984
vt 0.016102 0.055231
vt 0.016102 0.054547
vt 0.016102 0.053862
vt 0.884979 0.599881
vt 0.882950 0.593076
vt 0.875393 0.596152
vt 0.878067 0.602701
vt 0.884979 0.599885
vt 0.016102 0.056599
vt 0.016102 0.055915
vt 0.016102 0.056601
vt 0.871138 0.605517
vt 0.867834 0.599235
vt 0.018353 0.056601
vt 0.018353 0.055231
vt 0.018353 0.053862
vt 0.901984 0.548251
vt 0.918994 0.552209
vt 0.902684 0.555450
vt 0.916897 0.545289
vt 0.934369 0.545849
vt 0.886767 0.548248
vt 0.901975 0.548251
vt 0.886759 0.548247
vt 0.930959 0.539470
vt 0.943610 0.531019
vt 0.817150 0.463396
vt 0.820097 0.493525
vt 0.817148 0.478609
vt 0.820105 0.493527
vt 0.825934 0.507584
vt 0.834391 0.520241
vt 0.809954 0.479314
vt 0.809954 0.462679
vt 0.018353 0.040176
vt 0.018353 0.041544
vt 0.016102 0.041546
vt 0.813202 0.446371
vt 0.016102 0.042913
vt 0.018353 0.042913
vt 0.016102 0.044283
vt 0.016102 0.042229
vt 0.982458 0.680861
vt 0.989528 0.681605
vt 0.989571 0.673435
vt 0.016102 0.041545
vt 0.989622 0.665272
vt 0.987887 0.689603
vt 0.980956 0.688181
vt 0.982457 0.680865
vt 0.979456 0.695498
vt 0.986247 0.697601
vt 0.016102 0.040860
vt 0.016102 0.040176
vt 0.976573 0.702379
vt 0.976564 0.702381
vt 0.983071 0.705124
vt 0.973662 0.709271
vt 0.979904 0.712652
vt 0.016102 0.039491
vt 0.016102 0.038808
vt 0.975328 0.719414
vt 0.969468 0.715451
vt 0.973663 0.709266
vt 0.016102 0.038123
vt 0.016102 0.037438
vt 0.965288 0.721647
vt 0.970753 0.726176
vt 0.959959 0.726888
vt 0.965282 0.721637
vt 0.964940 0.731919
vt 0.954646 0.732133
vt 0.959130 0.737653
vt 0.016102 0.036753
vt 0.016102 0.036071
vt 0.016102 0.036069
vt 0.952312 0.742154
vt 0.948423 0.736252
vt 0.954653 0.732139
vt 0.959952 0.726883
vt 0.948431 0.736254
vt 0.832214 0.687298
vt 0.830820 0.672487
vt 0.830775 0.679962
vt 0.830799 0.679967
vt 0.833602 0.694628
vt 0.836421 0.701544
vt 0.832197 0.687294
vt 0.832357 0.657697
vt 0.864164 0.735753
vt 0.921024 0.747411
vt 0.830812 0.672485
vt 0.823750 0.672445
vt 0.825250 0.688631
vt 0.823707 0.680614
vt 0.016102 0.022385
vt 0.016102 0.021699
vt 0.016102 0.021014
vt 0.016102 0.022384
vt 0.833609 0.694638
vt 0.826803 0.696649
vt 0.829869 0.704214
vt 0.836412 0.701547
vt 0.016102 0.023753
vt 0.016102 0.023068
vt 0.016102 0.023752
vt 0.839239 0.708461
vt 0.832953 0.711773
vt 0.839238 0.708465
vt 0.843364 0.714699
vt 0.843355 0.714701
vt 0.837448 0.718594
vt 0.016102 0.025119
vt 0.016102 0.024436
vt 0.016102 0.025121
vt 0.847463 0.720940
vt 0.841954 0.725408
vt 0.847688 0.731219
vt 0.847472 0.720937
vt 0.852725 0.726252
vt 0.852717 0.726250
vt 0.857969 0.731565
vt 0.857970 0.731561
vt 0.864156 0.735747
vt 0.860189 0.741606
vt 0.853424 0.737026
vt 0.016102 0.027857
vt 0.016102 0.027173
vt 0.016102 0.026488
vt 0.870333 0.739940
vt 0.866947 0.746181
vt 0.874475 0.749349
vt 0.870342 0.739938
vt 0.877224 0.742833
vt 0.884105 0.745734
vt 0.891417 0.747238
vt 0.884113 0.745739
vt 0.898746 0.748737
vt 0.906213 0.748780
vt 0.891426 0.747235
vt 0.890005 0.754162
vt 0.882003 0.752521
vt 0.016102 0.030596
vt 0.016102 0.029911
vt 0.016102 0.029227
vt 0.016102 0.030595
vt 0.898753 0.748743
vt 0.898007 0.755803
vt 0.906168 0.755849
vt 0.906205 0.748778
vt 0.016102 0.031964
vt 0.016102 0.031280
vt 0.913679 0.748831
vt 0.914335 0.755901
vt 0.913680 0.748827
vt 0.921016 0.747410
vt 0.922356 0.754357
vt 0.016102 0.033331
vt 0.016102 0.032649
vt 0.016102 0.033332
vt 0.928342 0.745995
vt 0.930370 0.752808
vt 0.937936 0.749730
vt 0.928350 0.746001
vt 0.935271 0.743183
vt 0.935263 0.743182
vt 0.942183 0.740364
vt 0.942182 0.740368
vt 0.945504 0.746648
vt 0.016102 0.034700
vt 0.016102 0.034701
vt 0.016102 0.034016
vt 0.016102 0.035386
vt 0.018353 0.034701
vt 0.018353 0.036071
vt 0.857823 0.402562
vt 0.840574 0.405420
vt 0.854413 0.396184
vt 0.018353 0.037438
vt 0.845171 0.411015
vt 0.828813 0.417180
vt 0.857822 0.402564
vt 0.871884 0.396747
vt 0.871875 0.396747
vt 0.886797 0.393781
vt 0.902022 0.393786
vt 0.971632 0.478638
vt 0.968652 0.448502
vt 0.971624 0.463427
vt 0.968660 0.448504
vt 0.954391 0.421795
vt 0.962839 0.434448
vt 0.962839 0.434446
vt 0.975589 0.446408
vt 0.969222 0.431036
vt 0.978810 0.462716
vt 0.016102 0.021016
vt 0.018353 0.021014
vt 0.018353 0.022384
vt 0.018353 0.023752
vt 0.016102 0.020329
vt 0.016102 0.019646
vt 0.016102 0.018961
vt 0.830855 0.665017
vt 0.825441 0.656283
vt 0.823801 0.664281
vt 0.832364 0.657703
vt 0.830863 0.665019
vt 0.833857 0.650381
vt 0.836757 0.643499
vt 0.833865 0.650387
vt 0.830250 0.640756
vt 0.827082 0.648285
vt 0.839690 0.636624
vt 0.833425 0.633234
vt 0.016102 0.017593
vt 0.843860 0.630435
vt 0.836765 0.643501
vt 0.839666 0.636616
vt 0.848039 0.624247
vt 0.018353 0.019646
vt 0.971631 0.478640
vt 0.978819 0.479351
vt 0.975571 0.495662
vt 0.971632 0.463429
vt 0.968659 0.493564
vt 0.968652 0.493561
vt 0.962834 0.507615
vt 0.825948 0.434418
vt 0.834394 0.421766
vt 0.820130 0.448473
vt 0.834394 0.421768
vt 0.819573 0.431009
vt 0.820121 0.448472
vt 0.018353 0.038808
vt 0.954371 0.520262
vt 0.962825 0.507616
vt 0.959969 0.524856
vt 0.969200 0.511026
vt 0.948200 0.536611
vt 0.018353 0.057969
vt 0.018353 0.025121
vt 0.959984 0.417207
vt 0.018353 0.026488
vt 0.943629 0.411035
vt 0.948218 0.405446
vt 0.930990 0.402581
vt 0.930982 0.402579
vt 0.916932 0.396756
vt 0.902014 0.393785
vt 0.919033 0.389834
vt 0.902708 0.386583
vt 0.018353 0.029227
vt 0.018353 0.030594
vt 0.018353 0.031964
vt 0.886097 0.386583
vt 0.018353 0.033332
vt 0.869787 0.389824
vt 0.018353 0.027857
vt 0.934394 0.396200
vt 0.016102 0.025806
vt 0.016102 0.028542
vt 0.018353 0.044281
vt 0.016102 0.045649
vt 0.018353 0.045651
vt 0.825942 0.507586
vt 0.819552 0.510993
vt 0.813192 0.495629
vt 0.018353 0.047019
vt 0.828797 0.524828
vt 0.845142 0.531001
vt 0.845135 0.530999
vt 0.857799 0.539455
vt 0.857791 0.539451
vt 0.871849 0.545278
vt 0.840546 0.536589
vt 0.869731 0.552199
vt 0.854379 0.545832
vt 0.886056 0.555449
vt 0.018353 0.049756
vt 0.018353 0.051124
vt 0.018353 0.052493
vt 0.018353 0.048388
vt 0.016102 0.043597
vt 0.016102 0.057284
vt 0.016102 0.053178
vt 0.016102 0.047704
vt 0.454160 0.929986
vt 0.455981 0.922460
vt 0.452380 0.921220
vt 0.459222 0.915440
vt 0.459230 0.915434
vt 0.455973 0.922467
vt 0.455048 0.945350
vt 0.469451 0.903952
vt 0.463772 0.909197
vt 0.463769 0.909206
vt 0.527256 0.955417
vt 0.513219 0.901435
vt 0.469455 0.903954
vt 0.460934 0.906671
vt 0.455938 0.913527
vt 0.085374 0.016717
vt 0.086452 0.018353
vt 0.085374 0.018353
vt 0.086452 0.016717
vt 0.087528 0.018353
vt 0.084299 0.018353
vt 0.668028 0.789978
vt 0.664995 0.788371
vt 0.669254 0.781996
vt 0.084299 0.016717
vt 0.676842 0.779241
vt 0.674664 0.776578
vt 0.671900 0.784182
vt 0.676847 0.779234
vt 0.671895 0.784189
vt 0.682658 0.775352
vt 0.682654 0.775350
vt 0.665351 0.796443
vt 0.668023 0.789985
vt 0.663990 0.810283
vt 0.663982 0.803302
vt 0.663987 0.810280
vt 0.668029 0.823598
vt 0.665352 0.817140
vt 0.665357 0.817133
vt 0.702985 0.842257
vt 0.695971 0.771302
vt 0.734962 0.803274
vt 0.662065 0.818147
vt 0.665004 0.825220
vt 0.056323 0.016717
vt 0.057398 0.016717
vt 0.057398 0.018353
vt 0.058475 0.016717
vt 0.058475 0.018353
vt 0.669255 0.831592
vt 0.059551 0.016717
vt 0.461738 0.959229
vt 0.458714 0.961513
vt 0.464464 0.967743
vt 0.454294 0.954268
vt 0.059551 0.018353
vt 0.671904 0.829420
vt 0.674669 0.837015
vt 0.060627 0.016717
vt 0.676851 0.834361
vt 0.681045 0.841273
vt 0.671908 0.829413
vt 0.676848 0.834358
vt 0.689124 0.840913
vt 0.682669 0.838237
vt 0.682668 0.838246
vt 0.688120 0.844193
vt 0.689129 0.840905
vt 0.061702 0.016717
vt 0.061703 0.018353
vt 0.062779 0.016717
vt 0.695648 0.845689
vt 0.480258 0.972709
vt 0.479015 0.976292
vt 0.487257 0.978282
vt 0.473243 0.969455
vt 0.471322 0.972735
vt 0.060627 0.018353
vt 0.062779 0.018353
vt 0.473247 0.969457
vt 0.466986 0.964913
vt 0.466990 0.964904
vt 0.457711 0.952621
vt 0.451368 0.946309
vt 0.453837 0.937718
vt 0.056323 0.018353
vt 0.055247 0.018353
vt 0.450048 0.937939
vt 0.055247 0.016717
vt 0.054173 0.018353
vt 0.450397 0.929459
vt 0.054173 0.016717
vt 0.053095 0.016717
vt 0.053095 0.018353
vt 0.087528 0.016717
vt 0.662062 0.795444
vt 0.660572 0.802970
vt 0.660570 0.810623
vt 0.453846 0.937712
vt 0.480265 0.972702
vt 0.503148 0.973641
vt 0.510412 0.970959
vt 0.517015 0.966931
vt 0.503155 0.973634
vt 0.495509 0.974833
vt 0.487783 0.974529
vt 0.517015 0.966941
vt 0.512070 0.974387
vt 0.504110 0.977303
vt 0.064930 0.018353
vt 0.066007 0.016717
vt 0.066007 0.018353
vt 0.067083 0.018353
vt 0.519302 0.969961
vt 0.067083 0.016717
vt 0.068159 0.016717
vt 0.522697 0.961687
vt 0.525536 0.964213
vt 0.068159 0.018353
vt 0.522694 0.961695
vt 0.527248 0.955434
vt 0.530528 0.957355
vt 0.069235 0.018353
vt 0.069235 0.016717
vt 0.070312 0.016717
vt 0.534086 0.949662
vt 0.070312 0.018353
vt 0.733587 0.817135
vt 0.736873 0.818132
vt 0.733942 0.825216
vt 0.071387 0.016717
vt 0.734951 0.810282
vt 0.738365 0.810617
vt 0.734949 0.803286
vt 0.738365 0.802953
vt 0.072464 0.016717
vt 0.072464 0.018353
vt 0.073540 0.018353
vt 0.733591 0.796431
vt 0.736861 0.795442
vt 0.073540 0.016717
vt 0.730906 0.789977
vt 0.733586 0.796438
vt 0.727030 0.784165
vt 0.722090 0.779229
vt 0.722086 0.779226
vt 0.716269 0.775341
vt 0.709814 0.772665
vt 0.733941 0.788362
vt 0.724260 0.776577
vt 0.729672 0.781988
vt 0.075691 0.016717
vt 0.076767 0.016717
vt 0.076767 0.018353
vt 0.077844 0.018353
vt 0.077844 0.016717
vt 0.717884 0.772318
vt 0.078919 0.016717
vt 0.506208 0.898173
vt 0.515152 0.898151
vt 0.507454 0.894592
vt 0.078919 0.018353
vt 0.513226 0.901419
vt 0.519476 0.905988
vt 0.522010 0.903133
vt 0.519480 0.905980
vt 0.524724 0.911662
vt 0.527756 0.909371
vt 0.075691 0.018353
vt 0.074616 0.018353
vt 0.532180 0.916607
vt 0.528762 0.918254
vt 0.535106 0.924567
vt 0.074616 0.016717
vt 0.528759 0.918263
vt 0.531425 0.925526
vt 0.532624 0.933173
vt 0.532628 0.933164
vt 0.532314 0.940890
vt 0.532310 0.940898
vt 0.536418 0.932954
vt 0.530505 0.948401
vt 0.530501 0.948409
vt 0.536077 0.941416
vt 0.071387 0.018353
vt 0.499217 0.892594
vt 0.498683 0.896374
vt 0.079995 0.016717
vt 0.079995 0.018353
vt 0.081072 0.018353
vt 0.490957 0.896049
vt 0.490742 0.892257
vt 0.498683 0.896363
vt 0.483327 0.897246
vt 0.476062 0.899916
vt 0.476054 0.899922
vt 0.474404 0.896499
vt 0.467172 0.900915
vt 0.083223 0.018353
vt 0.083223 0.016717
vt 0.082147 0.016717
vt 0.482368 0.893564
vt 0.082147 0.018353
vt 0.689116 0.772661
vt 0.688114 0.769387
vt 0.695625 0.767898
vt 0.081072 0.016717
vt 0.681042 0.772326
vt 0.695966 0.771309
vt 0.689110 0.772677
vt 0.702957 0.771308
vt 0.702965 0.771304
vt 0.703297 0.767893
vt 0.709810 0.772663
vt 0.710806 0.769386
vt 0.730910 0.823599
vt 0.727039 0.829396
vt 0.722089 0.834341
vt 0.729688 0.831584
vt 0.722092 0.834344
vt 0.716275 0.838242
vt 0.709825 0.840899
vt 0.709820 0.840906
vt 0.716279 0.838235
vt 0.702977 0.842262
vt 0.710821 0.844189
vt 0.717896 0.841260
vt 0.695978 0.842268
vt 0.703297 0.845689
vt 0.063855 0.016717
vt 0.063855 0.018353
vt 0.064930 0.016717
vt 0.495505 0.974842
vt 0.495723 0.978635
vt 0.695977 0.842277
vt 0.724271 0.836997
s 1
usemtl Player.001
f 1/1/1 6/2/1 2/3/1
f 1/1/2 300/4/2 4/5/2
f 3/6/3 5/7/3 1/1/3
f 1/1/2 18/8/2 3/6/2
f 6/9/4 8/10/4 9/11/4
f 7/12/5 8/10/5 5/13/5
f 11/14/2 12/15/2 9/16/2
f 13/17/6 10/18/6 7/12/6
f 14/19/7 11/20/7 13/17/7
f 3/6/8 13/21/8 7/22/8
f 16/23/9 13/21/9 15/24/9
f 3/6/2 17/25/2 15/24/2
f 16/23/2 17/25/2 19/26/2
s 0
f 18/8/10 20/27/11 17/25/10
f 17/25/10 22/28/12 19/26/10
s 1
f 24/29/13 21/30/13 26/31/13
f 23/32/14 22/28/14 20/27/14
f 20/27/15 24/29/16 23/32/15
s 0
f 28/33/17 24/29/12 27/34/17
s 1
f 25/35/18 23/32/18 24/29/18
s 0
f 27/34/17 26/31/12 29/36/19
s 1
f 30/37/20 28/33/21 27/34/20
f 30/37/20 29/36/20 32/38/20
f 30/37/22 34/39/22 31/40/22
f 30/37/23 35/41/23 33/42/23
f 34/43/24 36/44/25 37/45/24
f 35/46/26 36/44/26 33/47/26
f 39/48/20 40/49/20 37/50/20
f 35/46/27 39/51/28 38/52/27
f 41/53/29 40/54/30 39/51/29
f 43/55/31 35/41/31 32/38/31
f 44/56/32 41/57/33 43/55/33
f 32/38/20 45/58/20 43/55/20
f 44/56/20 45/58/20 46/59/20
s 0
f 29/36/19 47/60/11 45/58/10
f 45/58/10 48/61/12 46/59/34
s 1
f 47/60/35 248/62/35 49/63/36
f 48/61/37 50/64/37 51/65/38
f 47/60/39 49/63/39 50/64/39
s 0
f 54/66/19 50/64/12 53/67/19
f 53/67/19 52/68/12 55/69/10
s 1
f 226/70/40 50/64/40 49/63/40
f 56/71/41 54/66/41 53/67/41
f 56/71/41 55/69/41 58/72/41
f 56/71/42 60/73/42 57/74/42
f 56/71/43 61/75/43 59/76/43
f 60/77/44 62/78/44 63/79/44
f 61/80/45 62/78/45 59/81/45
f 65/82/41 63/83/41 64/84/41
f 61/80/46 65/85/47 64/86/46
f 68/87/48 65/85/48 67/88/48
f 69/89/49 61/75/50 58/72/50
f 69/89/51 68/90/51 67/91/51
f 69/89/41 55/69/41 71/92/41
f 70/93/41 71/92/41 72/94/41
s 0
f 55/69/19 73/95/12 71/92/10
f 71/92/10 74/96/12 72/94/10
f 73/95/52 225/97/52 75/98/11
s 1
f 74/96/53 76/99/53 78/100/53
s 0
f 73/95/12 75/98/12 76/99/12
f 79/101/10 77/102/12 80/103/10
s 1
f 76/99/54 204/104/54 77/102/54
s 0
f 81/105/19 76/99/12 79/101/19
s 1
f 82/106/19 80/103/19 83/107/19
f 82/106/19 81/105/19 79/101/19
f 82/106/7 86/108/7 85/109/7
f 82/106/55 87/110/55 84/111/55
f 86/112/9 88/113/9 85/114/9
f 85/114/56 90/115/56 87/116/56
f 92/117/19 91/118/19 90/119/19
f 87/116/1 91/120/1 93/121/1
f 93/121/3 92/122/3 94/123/3
f 95/124/5 94/125/5 96/126/5
f 95/124/4 87/110/4 93/127/4
f 96/126/19 97/128/19 95/124/19
f 95/124/19 81/105/19 84/111/19
s 0
f 98/129/57 99/130/57 97/128/57
f 97/128/19 78/100/11 81/105/19
s 1
f 99/130/58 175/131/58 101/132/59
f 99/130/60 104/133/60 78/100/60
f 101/132/61 102/134/62 99/130/61
s 0
f 105/135/10 103/136/11 106/137/19
s 1
f 101/132/63 103/136/64 102/134/65
s 0
f 107/138/19 102/134/12 105/135/19
s 1
f 108/139/66 106/137/66 109/140/66
f 110/141/66 105/135/66 108/139/66
f 109/140/67 111/142/67 108/139/67
f 110/141/68 111/142/68 113/143/68
f 111/144/69 115/145/70 114/146/69
f 111/144/71 116/147/71 113/148/71
f 117/149/66 116/150/66 114/151/66
f 119/152/72 116/147/73 117/153/72
f 119/152/74 118/154/75 120/155/75
f 122/156/76 119/157/76 120/158/76
f 110/141/77 119/157/77 121/159/77
f 122/156/66 123/160/78 121/159/78
f 110/141/66 123/160/78 107/138/66
s 0
f 124/161/19 125/162/12 123/160/19
f 123/160/19 104/133/12 107/138/17
s 1
f 48/61/79 126/163/79 25/35/79
f 104/133/80 51/65/80 74/96/80
f 48/61/81 51/65/81 125/162/81
s 0
f 106/137/19 126/163/12 124/161/82
s 1
f 128/164/83 126/163/83 103/136/83
f 127/165/84 25/35/84 126/163/84
s 0
f 130/166/19 127/165/12 129/167/85
f 129/167/10 128/164/12 131/168/10
s 1
f 133/169/86 129/167/86 132/170/86
f 134/171/86 129/167/86 131/168/86
f 132/170/87 136/172/87 133/169/87
f 134/171/88 135/173/88 132/170/88
f 136/174/89 138/175/89 139/176/89
f 135/177/90 140/178/90 138/175/90
f 142/179/86 139/180/86 138/181/86
f 143/182/91 140/178/91 137/183/91
f 143/182/92 142/184/93 141/185/92
f 134/171/94 143/186/94 137/187/94
f 146/188/95 143/186/96 145/189/96
f 134/171/86 147/190/86 145/189/86
f 146/188/86 147/190/86 148/191/86
s 0
f 131/168/10 149/192/12 147/190/19
f 147/190/17 150/193/12 148/191/19
s 1
f 128/164/97 152/194/97 149/192/97
f 151/195/98 150/193/98 149/192/98
f 151/195/99 149/192/99 152/194/99
s 0
f 156/196/10 152/194/12 155/197/82
s 1
f 276/198/100 152/194/101 153/199/102
s 0
f 155/197/19 154/200/12 157/201/34
s 1
f 158/202/103 156/196/103 155/197/103
f 158/202/103 157/201/103 160/203/103
f 158/202/104 162/204/104 159/205/104
f 158/202/105 163/206/105 161/207/105
f 162/208/106 164/209/106 165/210/106
f 163/211/107 164/209/107 161/212/107
f 167/213/103 165/214/103 166/215/103
f 163/211/108 167/216/108 166/217/108
f 170/218/109 167/216/109 169/219/109
f 171/220/110 163/206/110 160/203/110
f 172/221/111 169/222/111 171/220/111
f 171/220/103 157/201/103 173/223/103
f 171/220/103 174/224/103 172/221/103
s 0
f 157/201/19 101/132/12 173/223/10
f 173/223/57 175/131/57 174/224/57
s 1
f 172/221/103 156/196/103 159/205/103
s 0
f 174/224/10 153/199/12 156/196/19
s 1
f 176/225/112 153/199/112 175/131/113
f 176/225/114 175/131/115 100/226/115
s 0
f 180/227/19 176/225/11 179/228/10
f 179/228/17 178/229/12 181/230/19
s 1
f 77/102/116 176/225/116 100/226/116
f 182/231/117 180/227/117 179/228/117
f 184/232/117 179/228/117 181/230/117
f 183/233/28 185/234/28 186/235/28
f 184/232/26 185/234/26 182/231/26
f 185/236/118 189/237/31 186/238/31
f 185/236/23 190/239/23 188/240/23
f 188/241/117 191/242/117 189/243/117
f 193/244/119 190/239/22 187/245/22
f 193/244/120 192/246/121 191/247/120
f 184/232/25 193/248/25 187/249/25
f 196/250/122 193/248/122 195/251/122
f 184/232/117 197/252/123 195/251/123
f 196/250/117 197/252/123 198/253/117
s 0
f 181/230/17 199/254/12 197/252/17
f 197/252/10 200/255/12 198/253/19
s 1
f 204/104/124 199/254/125 178/229/124
f 201/256/11 200/255/11 199/254/11
f 201/256/126 199/254/126 202/257/126
s 0
f 206/258/10 202/257/12 205/259/10
s 1
f 201/256/127 203/260/127 252/261/127
s 0
f 205/259/19 204/104/12 207/262/85
s 1
f 209/263/128 205/259/128 208/264/128
f 210/265/128 205/259/128 207/262/128
f 209/263/90 211/266/90 212/267/90
f 208/264/89 213/268/89 211/266/89
f 211/269/88 215/270/88 212/271/88
f 213/272/87 214/273/87 211/269/87
f 214/274/128 216/275/128 217/276/128
f 213/272/129 217/277/129 216/278/129
f 220/279/95 217/277/96 219/280/96
f 221/281/92 220/282/93 219/283/92
f 221/281/130 213/268/130 210/265/130
f 221/281/128 224/284/128 222/285/128
f 210/265/128 223/286/128 221/281/128
s 0
f 223/286/17 225/97/12 224/284/19
f 207/262/19 75/98/12 223/286/19
s 1
f 209/263/128 224/284/128 206/258/128
s 0
f 224/284/10 203/260/12 206/258/19
s 1
f 226/70/131 203/260/132 225/97/133
f 226/70/134 225/97/134 52/68/134
s 0
f 229/287/19 226/70/12 228/288/34
f 228/288/10 49/63/12 230/289/82
s 1
f 231/290/135 229/287/135 228/288/135
f 231/290/135 230/289/135 233/291/135
f 231/290/107 235/292/107 232/293/107
f 231/290/106 236/294/106 234/295/106
f 235/296/105 237/297/105 238/298/105
f 236/299/104 237/297/104 234/300/104
f 238/301/135 237/302/135 239/303/135
f 236/299/136 240/304/136 239/305/136
f 243/306/111 240/304/111 242/307/111
f 244/308/137 236/294/137 233/291/137
f 245/309/109 242/310/109 244/308/109
f 244/308/135 230/289/135 246/311/135
f 244/308/135 247/312/135 245/309/135
s 0
f 230/289/10 248/62/12 246/311/19
f 246/311/57 249/313/57 247/312/57
s 1
f 21/30/138 249/313/138 248/62/139
f 21/30/140 248/62/140 26/31/140
s 0
f 247/312/19 227/314/12 229/287/10
s 1
f 227/314/141 251/315/141 252/261/141
f 250/316/142 251/315/142 249/313/142
s 0
f 255/317/10 251/315/11 254/318/19
f 254/318/19 253/319/12 256/320/19
s 1
f 251/315/143 299/321/143 253/319/143
f 257/322/144 255/317/144 254/318/144
f 259/323/144 254/318/144 256/320/144
f 258/324/70 260/325/70 261/326/70
f 259/323/71 260/325/71 257/322/71
f 260/327/145 264/328/67 261/329/67
f 260/327/68 265/330/68 263/331/68
f 266/332/144 267/333/144 264/334/144
f 268/335/146 265/330/77 262/336/77
f 268/335/76 267/337/76 266/338/76
f 259/323/73 268/339/73 262/340/73
f 271/341/74 268/339/74 270/342/74
f 259/323/144 272/343/147 270/342/147
f 271/341/144 272/343/147 273/344/144
s 0
f 256/320/19 274/345/12 272/343/17
f 272/343/19 201/256/12 273/344/19
s 1
f 274/345/148 277/346/148 275/347/148
f 274/345/149 275/347/149 200/255/149
s 0
f 279/348/19 275/347/12 278/349/19
s 1
f 276/198/150 200/255/150 275/347/150
s 0
f 278/349/17 277/346/12 280/350/82
s 1
f 282/351/151 278/349/151 281/352/151
f 283/353/151 278/349/151 280/350/151
f 282/351/44 284/354/44 285/355/44
f 281/352/152 286/356/152 284/354/152
f 284/357/42 288/358/42 285/359/42
f 286/360/153 287/361/153 284/357/153
f 291/362/151 288/363/151 287/364/151
f 286/360/51 290/365/51 289/366/51
f 293/367/49 290/365/50 292/368/50
f 294/369/48 286/356/48 283/353/48
f 294/369/46 293/370/47 292/371/46
f 283/353/151 296/372/151 294/369/151
f 294/369/151 297/373/151 295/374/151
s 0
f 280/350/10 298/375/12 296/372/10
f 296/372/19 151/195/12 297/373/10
s 1
f 22/28/154 277/346/154 299/321/154
s 0
f 298/375/12 22/28/12 150/193/12
s 1
f 282/351/151 297/373/151 279/348/151
s 0
f 297/373/19 276/198/12 279/348/10
s 1
f 282/351/45 293/370/45 295/374/45
f 293/367/43 288/358/43 291/376/43
f 299/321/155 277/346/156 253/319/155
s 0
f 300/4/19 250/316/11 4/5/19
f 19/26/19 299/321/12 300/4/19
s 1
f 16/23/2 300/4/2 2/3/2
f 276/198/157 153/199/157 177/377/157
f 271/341/144 255/317/144 258/324/144
s 0
f 273/344/19 252/261/12 255/317/82
s 1
f 271/341/158 261/326/159 269/378/158
f 261/329/160 267/337/161 269/379/161
f 227/314/162 252/261/162 203/260/162
s 0
f 4/5/57 21/30/57 18/8/57
s 1
f 245/309/135 229/287/135 232/293/135
f 245/309/108 235/292/108 243/380/108
f 235/296/110 241/381/110 243/306/110
f 209/263/91 220/282/91 222/285/91
f 220/279/94 215/270/94 218/382/94
f 204/104/163 178/229/163 77/102/163
s 0
f 198/253/10 177/377/12 180/227/34
s 1
f 196/250/117 180/227/117 183/233/117
f 196/250/29 186/235/30 194/383/29
f 186/238/32 192/246/33 194/384/33
f 172/221/136 162/204/136 170/385/136
f 162/208/137 168/386/137 170/218/137
f 128/164/164 103/136/164 154/200/164
s 0
f 148/191/19 23/32/12 130/166/19
s 1
f 133/169/86 148/191/86 130/166/86
f 146/188/129 136/172/129 144/387/129
f 136/174/130 142/184/130 144/388/130
f 122/156/66 106/137/66 124/161/66
f 122/156/160 112/389/161 109/140/161
f 112/390/158 118/154/159 115/145/158
f 104/133/165 74/96/166 78/100/166
s 0
f 80/103/10 100/226/11 98/129/10
s 1
f 96/126/19 80/103/19 98/129/19
f 96/126/6 86/108/6 83/107/6
f 86/112/8 92/122/8 89/391/8
s 0
f 72/94/17 51/65/12 54/66/82
s 1
f 70/93/41 54/66/41 57/74/41
f 57/74/153 68/90/153 70/93/153
f 68/87/152 63/79/152 66/392/152
s 0
f 46/59/10 25/35/12 28/33/19
s 1
f 44/56/20 28/33/21 31/40/21
f 44/56/120 34/39/120 42/393/120
f 34/43/122 40/54/122 42/394/167
f 16/23/56 6/2/56 14/395/56
f 6/9/55 12/396/55 14/19/55
f 1/1/1 5/7/1 6/2/1
f 1/1/2 2/3/2 300/4/2
f 3/6/3 7/22/3 5/7/3
f 1/1/2 4/5/2 18/8/2
f 6/9/4 5/13/4 8/10/4
f 7/12/5 10/18/5 8/10/5
f 9/16/2 8/397/2 10/398/2
f 10/398/2 11/14/2 9/16/2
f 13/17/6 11/20/6 10/18/6
f 14/19/7 12/396/7 11/20/7
f 3/6/8 15/24/8 13/21/8
f 16/23/9 14/395/9 13/21/9
f 3/6/2 18/8/2 17/25/2
f 16/23/2 15/24/2 17/25/2
s 0
f 18/8/12 21/30/19 20/27/19
f 17/25/12 20/27/19 22/28/19
s 1
f 24/29/168 20/27/169 21/30/170
s 0
f 23/32/171 150/193/12 22/28/172
f 28/33/12 25/35/85 24/29/19
s 1
f 25/35/173 127/165/173 23/32/173
s 0
f 27/34/11 24/29/19 26/31/19
s 1
f 30/37/20 31/40/21 28/33/21
f 30/37/20 27/34/20 29/36/20
f 30/37/22 33/42/22 34/39/22
f 30/37/23 32/38/23 35/41/23
f 34/43/24 33/47/25 36/44/25
f 35/46/26 38/52/26 36/44/26
f 37/50/20 36/399/20 38/400/20
f 38/400/20 39/48/20 37/50/20
f 35/46/27 41/53/28 39/51/28
f 41/53/29 42/394/30 40/54/30
f 43/55/31 41/57/31 35/41/31
f 44/56/32 42/393/32 41/57/33
f 32/38/20 29/36/20 45/58/20
f 44/56/20 43/55/20 45/58/20
s 0
f 29/36/12 26/31/19 47/60/10
f 45/58/12 47/60/19 48/61/19
s 1
f 47/60/35 26/31/174 248/62/35
f 48/61/175 47/60/175 50/64/175
s 0
f 54/66/12 51/65/34 50/64/10
f 53/67/12 50/64/19 52/68/10
s 1
f 226/70/176 52/68/176 50/64/176
f 56/71/41 57/74/41 54/66/41
f 56/71/41 53/67/41 55/69/41
f 56/71/42 59/76/42 60/73/42
f 56/71/43 58/72/43 61/75/43
f 60/77/44 59/81/44 62/78/44
f 61/80/45 64/86/45 62/78/45
f 66/401/41 63/83/41 65/82/41
f 63/83/41 62/402/41 64/84/41
f 61/80/46 67/88/47 65/85/47
f 68/87/48 66/392/48 65/85/48
f 69/89/49 67/91/49 61/75/50
f 69/89/51 70/93/51 68/90/51
f 69/89/41 58/72/41 55/69/41
f 70/93/41 69/89/41 71/92/41
s 0
f 55/69/11 52/68/19 73/95/17
f 71/92/12 73/95/19 74/96/19
s 1
f 73/95/177 52/68/177 225/97/177
s 0
f 74/96/178 73/95/12 76/99/179
f 79/101/12 76/99/19 77/102/19
f 76/99/11 75/98/180 204/104/181
f 81/105/12 78/100/10 76/99/10
s 1
f 82/106/19 79/101/19 80/103/19
f 82/106/19 84/111/19 81/105/19
f 82/106/7 83/107/7 86/108/7
f 82/106/55 85/109/55 87/110/55
f 86/112/9 89/391/9 88/113/9
f 85/114/56 88/113/56 90/115/56
f 88/403/19 89/404/19 90/119/19
f 89/404/19 92/117/19 90/119/19
f 87/116/1 90/115/1 91/120/1
f 93/121/3 91/120/3 92/122/3
f 95/124/5 93/127/5 94/125/5
f 95/124/4 84/111/4 87/110/4
f 96/126/19 98/129/19 97/128/19
f 95/124/19 97/128/19 81/105/19
s 0
f 98/129/57 100/226/57 99/130/57
f 97/128/12 99/130/10 78/100/10
s 1
f 99/130/58 100/226/182 175/131/58
f 99/130/183 102/134/183 104/133/183
s 0
f 105/135/12 102/134/10 103/136/19
s 1
f 101/132/63 154/200/184 103/136/64
s 0
f 107/138/11 104/133/19 102/134/17
s 1
f 108/139/66 105/135/66 106/137/66
f 110/141/66 107/138/66 105/135/66
f 109/140/67 112/389/67 111/142/67
f 110/141/68 108/139/68 111/142/68
f 111/144/69 112/390/70 115/145/70
f 111/144/71 114/146/71 116/147/71
f 114/151/66 115/405/66 117/149/66
f 115/405/66 118/406/66 117/149/66
f 119/152/72 113/148/73 116/147/73
f 119/152/74 117/153/74 118/154/75
f 122/156/76 121/159/76 119/157/76
f 110/141/77 113/143/77 119/157/77
f 122/156/66 124/161/66 123/160/78
f 110/141/66 121/159/78 123/160/78
s 0
f 124/161/12 126/163/19 125/162/10
f 123/160/12 125/162/85 104/133/17
s 1
f 48/61/185 125/162/185 126/163/185
f 104/133/186 125/162/186 51/65/186
s 0
f 106/137/12 103/136/10 126/163/10
s 1
f 128/164/187 127/165/187 126/163/187
s 0
f 130/166/12 23/32/19 127/165/17
f 129/167/12 127/165/82 128/164/19
s 1
f 133/169/86 130/166/86 129/167/86
f 134/171/86 132/170/86 129/167/86
f 132/170/87 135/173/87 136/172/87
f 134/171/88 137/187/88 135/173/88
f 136/174/89 135/177/89 138/175/89
f 135/177/90 137/183/90 140/178/90
f 140/407/86 141/408/86 138/181/86
f 141/408/86 142/179/86 138/181/86
f 143/182/91 141/185/91 140/178/91
f 143/182/92 144/388/93 142/184/93
f 134/171/94 145/189/94 143/186/94
f 146/188/95 144/387/95 143/186/96
f 134/171/86 131/168/86 147/190/86
f 146/188/86 145/189/86 147/190/86
s 0
f 131/168/12 128/164/10 149/192/19
f 147/190/11 149/192/10 150/193/19
s 1
f 128/164/188 154/200/188 152/194/188
s 0
f 151/195/189 298/375/11 150/193/189
f 156/196/12 153/199/10 152/194/19
s 1
f 276/198/100 151/195/190 152/194/101
s 0
f 155/197/12 152/194/19 154/200/10
s 1
f 158/202/103 159/205/103 156/196/103
f 158/202/103 155/197/103 157/201/103
f 158/202/104 161/207/104 162/204/104
f 158/202/105 160/203/105 163/206/105
f 162/208/106 161/212/106 164/209/106
f 163/211/107 166/217/107 164/209/107
f 168/409/103 165/214/103 167/213/103
f 165/214/103 164/410/103 166/215/103
f 163/211/108 169/219/108 167/216/108
f 170/218/109 168/386/109 167/216/109
f 171/220/110 169/222/110 163/206/110
f 172/221/111 170/385/111 169/222/111
f 171/220/103 160/203/103 157/201/103
f 171/220/103 173/223/103 174/224/103
s 0
f 157/201/11 154/200/19 101/132/10
f 173/223/57 101/132/57 175/131/57
s 1
f 172/221/103 174/224/103 156/196/103
s 0
f 174/224/11 175/131/10 153/199/19
s 1
f 176/225/112 177/377/191 153/199/112
s 0
f 180/227/12 177/377/19 176/225/10
f 179/228/11 176/225/19 178/229/19
s 1
f 77/102/192 178/229/192 176/225/192
f 182/231/117 183/233/117 180/227/117
f 184/232/117 182/231/117 179/228/117
f 183/233/28 182/231/28 185/234/28
f 184/232/26 187/249/26 185/234/26
f 185/236/118 188/240/118 189/237/31
f 185/236/23 187/245/23 190/239/23
f 190/411/117 191/242/117 188/241/117
f 191/242/117 192/412/117 189/243/117
f 193/244/119 191/247/119 190/239/22
f 193/244/120 194/384/121 192/246/121
f 184/232/25 195/251/25 193/248/25
f 196/250/122 194/383/122 193/248/122
f 184/232/117 181/230/117 197/252/123
f 196/250/117 195/251/123 197/252/123
s 0
f 181/230/12 178/229/85 199/254/19
f 197/252/12 199/254/19 200/255/19
s 1
f 204/104/193 202/257/193 199/254/193
f 201/256/11 274/345/11 200/255/11
s 0
f 206/258/12 203/260/82 202/257/19
s 1
f 201/256/194 202/257/194 203/260/194
s 0
f 205/259/12 202/257/19 204/104/17
s 1
f 209/263/128 206/258/128 205/259/128
f 210/265/128 208/264/128 205/259/128
f 209/263/90 208/264/90 211/266/90
f 208/264/89 210/265/89 213/268/89
f 211/269/88 214/273/88 215/270/88
f 213/272/87 216/278/87 214/273/87
f 217/276/128 218/413/128 214/274/128
f 218/413/128 215/414/128 214/274/128
f 213/272/129 219/280/129 217/277/129
f 220/279/95 218/382/95 217/277/96
f 221/281/92 222/285/93 220/282/93
f 221/281/130 219/283/130 213/268/130
f 221/281/128 223/286/128 224/284/128
f 210/265/128 207/262/128 223/286/128
s 0
f 223/286/11 75/98/10 225/97/19
f 207/262/12 204/104/10 75/98/10
s 1
f 209/263/128 222/285/128 224/284/128
s 0
f 224/284/12 225/97/10 203/260/19
s 1
f 226/70/131 227/314/195 203/260/132
s 0
f 229/287/12 227/314/19 226/70/10
f 228/288/12 226/70/10 49/63/19
s 1
f 231/290/135 232/293/135 229/287/135
f 231/290/135 228/288/135 230/289/135
f 231/290/107 234/295/107 235/292/107
f 231/290/106 233/291/106 236/294/106
f 235/296/105 234/300/105 237/297/105
f 236/299/104 239/305/104 237/297/104
f 239/303/135 240/415/135 241/416/135
f 241/416/135 238/301/135 239/303/135
f 236/299/136 242/307/136 240/304/136
f 243/306/111 241/381/111 240/304/111
f 244/308/137 242/310/137 236/294/137
f 245/309/109 243/380/109 242/310/109
f 244/308/135 233/291/135 230/289/135
f 244/308/135 246/311/135 247/312/135
s 0
f 230/289/11 49/63/10 248/62/19
f 246/311/57 248/62/57 249/313/57
s 1
f 21/30/138 250/316/196 249/313/138
s 0
f 247/312/11 249/313/19 227/314/10
s 1
f 227/314/197 249/313/197 251/315/197
s 0
f 255/317/12 252/261/10 251/315/19
f 254/318/11 251/315/19 253/319/17
s 1
f 251/315/198 250/316/198 299/321/198
f 257/322/144 258/324/144 255/317/144
f 259/323/144 257/322/144 254/318/144
f 258/324/70 257/322/70 260/325/70
f 259/323/71 262/340/71 260/325/71
f 260/327/145 263/331/145 264/328/67
f 260/327/68 262/336/68 265/330/68
f 264/334/144 263/417/144 266/332/144
f 263/417/144 265/418/144 266/332/144
f 268/335/146 266/338/146 265/330/77
f 268/335/76 269/379/199 267/337/76
f 259/323/73 270/342/73 268/339/73
f 271/341/74 269/378/74 268/339/74
f 259/323/144 256/320/144 272/343/147
f 271/341/144 270/342/147 272/343/147
s 0
f 256/320/12 253/319/85 274/345/17
f 272/343/12 274/345/19 201/256/10
s 1
f 274/345/200 253/319/200 277/346/200
s 0
f 279/348/12 276/198/34 275/347/10
s 1
f 276/198/201 177/377/201 200/255/201
s 0
f 278/349/12 275/347/17 277/346/19
s 1
f 282/351/151 279/348/151 278/349/151
f 283/353/151 281/352/151 278/349/151
f 282/351/44 281/352/44 284/354/44
f 281/352/152 283/353/152 286/356/152
f 284/357/42 287/361/42 288/358/42
f 286/360/153 289/366/153 287/361/153
f 289/419/151 290/420/151 287/364/151
f 290/420/151 291/362/151 287/364/151
f 286/360/51 292/368/51 290/365/51
f 293/367/49 291/376/49 290/365/50
f 294/369/48 292/371/48 286/356/48
f 294/369/46 295/374/47 293/370/47
f 283/353/151 280/350/151 296/372/151
f 294/369/151 296/372/151 297/373/151
s 0
f 280/350/12 277/346/19 298/375/19
f 296/372/11 298/375/19 151/195/17
f 22/28/11 298/375/202 277/346/203
s 1
f 282/351/151 295/374/151 297/373/151
s 0
f 297/373/12 151/195/19 276/198/10
s 1
f 282/351/45 285/355/45 293/370/45
f 293/367/43 285/359/43 288/358/43
s 0
f 300/4/12 299/321/10 250/316/10
f 19/26/12 22/28/10 299/321/10
s 1
f 16/23/2 19/26/2 300/4/2
f 271/341/144 273/344/144 255/317/144
s 0
f 273/344/12 201/256/10 252/261/10
s 1
f 271/341/158 258/324/159 261/326/159
f 261/329/160 264/328/160 267/337/161
s 0
f 4/5/57 250/316/57 21/30/57
s 1
f 245/309/135 247/312/135 229/287/135
f 245/309/108 232/293/108 235/292/108
f 235/296/110 238/298/110 241/381/110
f 209/263/91 212/267/91 220/282/91
f 220/279/94 212/271/94 215/270/94
s 0
f 198/253/12 200/255/19 177/377/19
s 1
f 196/250/117 198/253/117 180/227/117
f 196/250/29 183/233/30 186/235/30
f 186/238/32 189/237/32 192/246/33
f 172/221/136 159/205/136 162/204/136
f 162/208/137 165/210/137 168/386/137
s 0
f 148/191/12 150/193/10 23/32/10
s 1
f 133/169/86 146/188/86 148/191/86
f 146/188/129 133/169/129 136/172/129
f 136/174/130 139/176/130 142/184/130
f 122/156/66 109/140/66 106/137/66
f 122/156/160 120/158/160 112/389/161
f 112/390/158 120/155/159 118/154/159
s 0
f 80/103/12 77/102/19 100/226/19
s 1
f 96/126/19 83/107/19 80/103/19
f 96/126/6 94/125/6 86/108/6
f 86/112/8 94/123/8 92/122/8
s 0
f 72/94/12 74/96/17 51/65/19
s 1
f 70/93/41 72/94/41 54/66/41
f 57/74/153 60/73/153 68/90/153
f 68/87/152 60/77/152 63/79/152
s 0
f 46/59/12 48/61/19 25/35/19
s 1
f 44/56/20 46/59/20 28/33/21
f 44/56/120 31/40/120 34/39/120
f 34/43/122 37/45/122 40/54/122
f 16/23/56 2/3/56 6/2/56
f 6/9/55 9/11/55 12/396/55
s 0
f 305/421/12 301/421/19 302/422/19
s 1
f 301/421/204 306/423/204 302/422/204
f 307/424/205 303/425/205 301/426/205
f 301/421/204 303/427/204 306/423/204
s 0
f 309/428/11 304/428/19 301/426/10
s 1
f 307/424/205 301/426/205 304/428/205
s 0
f 301/426/12 305/426/19 308/429/19
s 1
f 301/426/206 308/429/206 309/428/207
f 310/430/208 309/431/208 308/432/208
f 310/430/208 311/433/208 309/431/208
s 0
f 304/428/11 309/428/19 311/434/82
s 1
f 314/435/208 312/436/208 311/433/208
f 304/428/209 311/434/210 312/437/210
f 310/430/208 313/438/208 311/433/208
f 314/435/208 311/433/208 313/438/208
f 314/435/208 317/439/208 312/436/208
f 314/435/208 315/440/208 317/439/208
f 314/435/211 318/441/211 315/440/211
f 313/438/212 316/442/213 314/435/213
f 314/435/211 316/442/211 318/441/211
f 315/440/211 318/441/211 319/443/211
f 320/444/208 319/443/208 318/441/208
f 318/441/208 316/442/214 321/445/208
f 322/446/208 320/444/208 318/441/208
f 318/441/208 321/445/208 323/447/208
f 322/446/208 318/441/208 323/447/208
f 326/448/215 323/447/215 324/449/215
f 327/450/208 324/449/208 323/447/208
f 332/451/215 325/452/215 323/447/215
f 323/447/208 325/452/216 328/453/208
f 332/451/215 323/447/215 326/448/215
f 329/454/208 327/450/208 323/447/208
f 323/447/208 328/453/208 330/455/208
f 329/454/208 323/447/208 331/456/208
f 323/447/208 330/455/208 322/446/208
f 321/445/208 331/456/208 323/447/208
f 332/451/208 333/457/208 336/458/208
f 332/451/208 335/459/217 333/457/208
f 332/451/208 326/448/208 335/459/217
f 334/460/218 325/452/218 332/451/218
f 332/451/208 336/458/208 334/460/208
f 337/461/219 336/462/220 333/463/220
f 338/464/208 336/458/208 337/465/208
f 338/464/208 334/460/208 336/458/208
f 338/464/218 339/466/218 328/453/218
f 340/467/221 339/466/221 338/464/221
f 338/464/218 328/453/218 334/460/218
f 338/464/208 341/468/208 340/467/208
f 338/464/208 337/465/208 341/468/208
f 343/469/222 341/470/222 337/461/223
s 0
f 343/469/11 342/469/19 341/470/224
s 1
f 344/471/208 341/468/208 342/472/208
f 344/471/208 340/467/208 341/468/208
f 344/471/208 342/472/208 347/473/208
f 344/471/221 348/474/221 340/467/221
f 345/475/225 346/471/225 344/471/226
f 344/471/208 347/473/208 345/475/208
f 344/471/221 346/471/221 348/474/221
f 340/467/221 348/474/221 339/466/221
f 328/453/208 339/466/227 348/474/208
f 348/474/208 346/471/208 349/476/216
f 328/453/208 348/474/208 330/455/208
f 348/474/208 349/476/216 330/455/208
f 345/475/225 349/476/225 346/471/225
f 351/477/225 350/478/225 349/476/225
f 349/476/216 350/478/228 330/455/208
f 351/477/225 349/476/225 345/475/225
f 352/455/229 350/478/229 351/477/229
f 351/477/208 345/475/208 347/473/208
f 351/477/208 354/479/208 352/455/208
f 351/477/208 353/480/208 354/479/208
f 351/477/208 347/473/208 353/480/208
s 0
f 354/481/17 353/482/12 356/482/19
f 357/483/11 355/483/19 354/481/19
s 1
f 358/484/208 354/479/208 355/485/208
f 358/484/208 352/455/208 354/479/208
f 356/482/230 357/483/231 354/481/231
f 358/484/208 355/485/208 361/486/208
f 358/484/229 330/455/229 352/455/229
f 359/487/232 360/488/232 358/484/232
f 358/484/208 361/486/208 359/487/208
f 358/484/229 360/488/229 330/455/229
f 363/489/233 361/490/233 355/483/234
s 0
f 363/489/11 362/491/19 361/490/19
s 1
f 364/492/208 361/486/208 362/493/208
f 364/492/208 359/487/208 361/486/208
f 364/492/232 365/494/232 367/495/232
f 366/496/235 365/494/235 364/492/236
f 364/492/232 367/495/232 359/487/232
f 364/492/208 368/497/208 366/496/208
f 364/492/208 362/493/208 368/497/208
f 370/498/237 368/499/238 362/491/239
s 0
f 370/498/12 369/500/17 368/499/82
s 1
f 371/501/208 368/497/208 369/502/208
f 371/501/208 366/496/208 368/497/208
f 371/501/208 369/502/208 374/503/208
f 371/501/235 375/504/235 366/496/235
f 372/505/240 373/506/240 371/501/240
f 371/501/208 374/503/208 372/505/208
f 371/501/235 373/506/236 375/504/235
f 366/496/235 375/504/235 365/494/235
f 367/495/228 365/494/241 375/504/208
f 375/504/208 373/506/241 376/507/208
f 330/455/208 367/495/228 375/504/208
f 375/504/208 376/507/208 330/455/208
f 372/505/240 376/507/240 373/506/240
f 378/508/240 377/509/240 376/507/240
f 376/507/208 377/509/241 322/446/208
f 378/508/240 376/507/240 372/505/240
f 376/507/208 322/446/208 330/455/208
f 379/510/242 377/509/242 378/508/242
f 378/508/208 372/505/208 374/503/208
f 378/508/208 381/511/208 379/510/208
f 378/508/208 380/512/208 381/511/208
f 378/508/208 374/503/208 380/512/208
f 382/513/243 381/514/3 380/515/3
f 383/516/208 381/511/208 382/517/208
f 383/516/208 379/510/208 381/511/208
f 383/516/208 382/517/208 386/518/208
f 383/516/242 322/446/242 379/510/242
f 384/519/244 385/520/244 383/516/244
f 383/516/208 386/518/208 384/519/208
f 383/516/242 385/520/242 322/446/242
f 388/521/245 386/522/245 382/513/246
s 0
f 388/521/11 387/523/17 386/522/19
s 1
f 389/524/208 386/518/208 387/525/208
f 389/524/208 384/519/208 386/518/208
f 389/524/244 319/443/244 320/444/244
f 315/440/211 319/443/211 389/524/211
f 389/524/244 320/444/244 384/519/244
f 389/524/208 317/439/208 315/440/208
f 389/524/208 387/525/208 317/439/208
s 0
f 387/523/11 388/521/17 390/437/17
s 1
f 391/526/247 390/437/247 388/521/247
f 393/527/248 391/526/248 388/521/248
s 0
f 382/513/12 392/513/19 388/521/17
s 1
f 393/527/248 388/521/248 392/513/249
f 394/528/250 393/527/250 392/513/250
f 396/529/251 393/530/251 394/531/251
f 396/529/251 395/532/251 393/530/251
f 395/532/251 391/533/251 393/530/251
f 397/534/251 396/529/251 394/531/251
f 397/534/240 398/535/240 396/529/240
f 396/529/242 399/532/242 395/532/242
f 396/529/242 398/535/242 399/532/242
f 399/532/251 398/535/251 402/536/251
f 395/532/252 399/532/252 400/537/252
f 401/538/251 400/537/251 399/532/251
f 401/538/251 399/532/251 403/539/251
f 399/532/251 402/536/251 404/540/251
f 403/539/251 399/532/251 404/540/251
f 409/541/215 405/541/215 404/540/215
f 404/540/251 405/541/251 403/539/251
f 407/542/218 404/540/218 406/543/218
f 408/544/251 406/543/251 404/540/251
f 409/541/215 404/540/215 407/542/215
f 408/544/251 404/540/251 402/536/251
f 409/541/251 410/545/251 412/546/251
f 407/542/251 410/545/251 409/541/251
f 411/539/253 405/541/253 409/541/253
f 409/541/251 412/546/251 411/539/251
f 413/547/254 412/548/254 414/549/254
f 411/539/251 412/546/251 413/550/251
f 412/548/255 415/551/255 414/549/255
f 412/548/255 410/552/255 415/551/255
s 0
f 416/551/12 415/551/19 417/553/17
f 415/551/11 416/551/19 418/554/82
s 1
f 410/552/256 417/553/256 415/551/256
f 414/549/11 415/551/11 418/554/11
f 421/555/208 419/556/208 418/557/208
s 0
f 418/554/17 419/558/11 414/549/17
s 1
f 422/449/208 418/557/208 416/559/257
f 422/449/208 420/450/208 418/557/208
f 421/555/208 418/557/208 420/450/208
f 422/449/253 324/449/253 327/450/253
f 326/448/215 324/449/215 422/449/215
f 422/449/253 327/450/253 420/450/253
f 422/449/208 335/459/217 326/448/208
f 422/449/208 416/559/257 335/459/217
f 421/555/208 425/560/208 419/556/208
f 421/555/208 423/561/208 425/560/208
f 421/555/258 329/454/259 423/561/258
f 420/450/253 424/562/260 421/555/260
f 421/555/258 424/562/258 329/454/259
f 427/563/208 426/564/208 425/560/208
f 414/549/261 425/565/262 426/566/262
s 0
f 414/549/11 419/558/17 425/565/82
s 1
f 427/563/208 425/560/208 423/561/208
f 427/563/204 428/563/204 430/567/204
f 423/561/258 428/563/259 427/563/263
f 427/563/208 429/568/208 431/569/208
f 427/563/204 430/567/204 429/568/204
f 427/563/208 431/569/208 426/564/208
f 434/570/208 432/571/208 431/569/208
f 433/566/264 431/572/264 432/573/264
s 0
f 433/566/12 426/566/19 431/572/19
s 1
f 434/570/208 431/569/208 429/568/208
f 434/570/208 437/574/208 432/571/208
f 435/575/205 434/570/205 436/576/205
f 434/570/208 435/575/208 437/574/208
f 429/568/204 436/576/204 434/570/204
f 432/573/265 437/577/266 438/578/265
f 439/579/208 438/580/208 437/574/208
f 439/579/208 437/574/208 435/575/208
f 441/581/267 439/579/267 440/582/267
f 439/579/205 442/575/205 440/582/205
f 439/579/208 441/581/208 443/583/208
f 439/579/205 435/575/205 442/575/205
f 439/579/208 443/583/208 438/580/208
f 447/584/208 444/585/208 443/583/208
s 0
f 443/586/82 444/587/11 445/588/19
f 446/578/11 438/578/10 443/586/10
s 1
f 447/584/208 443/583/208 441/581/208
f 445/588/268 446/578/269 443/586/269
f 447/584/208 450/589/208 444/585/208
f 448/590/247 447/584/270 449/591/270
f 447/584/208 448/590/208 450/589/208
f 447/584/267 441/581/267 451/592/267
f 447/584/267 451/592/267 449/591/271
f 452/593/208 449/591/208 451/592/208
f 451/592/208 440/582/208 442/575/208
f 441/581/267 440/582/267 451/592/267
f 452/593/208 451/592/208 453/594/208
f 451/592/208 442/575/208 453/594/208
f 457/595/208 454/596/208 453/594/208
f 462/597/256 453/594/256 454/596/256
f 453/594/208 455/598/228 458/599/208
f 456/600/256 455/598/256 453/594/256
f 462/597/256 456/600/256 453/594/256
f 459/601/208 457/595/208 453/594/208
f 453/594/208 458/599/208 460/602/208
f 459/601/208 453/594/208 442/575/208
f 453/594/208 460/602/208 461/603/208
f 461/603/208 452/593/208 453/594/208
f 463/604/255 462/597/255 454/596/255
f 462/597/208 463/604/208 465/605/208
f 462/597/208 466/606/208 456/600/208
f 462/597/208 464/607/208 466/606/208
f 462/597/208 465/605/208 464/607/208
f 468/608/272 466/609/273 464/610/5
s 0
f 468/608/12 467/611/19 466/609/17
s 1
f 469/612/208 466/606/208 467/613/208
f 469/612/208 456/600/208 466/606/208
f 469/612/208 467/613/208 471/614/208
f 456/600/256 469/612/256 455/598/256
f 469/612/274 470/615/274 458/599/274
f 469/612/208 471/614/208 470/615/208
f 469/612/274 458/599/274 455/598/274
f 473/616/275 471/617/276 467/611/276
s 0
f 473/616/12 472/618/19 471/617/10
s 1
f 474/619/208 471/614/208 472/620/208
f 474/619/208 470/615/208 471/614/208
f 470/615/274 474/619/274 475/621/274
f 474/619/277 477/622/277 475/621/277
f 474/619/277 476/623/277 477/622/277
f 474/619/208 478/624/208 476/623/208
f 474/619/208 472/620/208 478/624/208
f 480/625/278 478/626/278 472/618/279
s 0
f 480/625/11 479/627/10 478/626/17
s 1
f 481/628/208 478/624/208 479/629/208
f 481/628/208 476/623/208 478/624/208
f 481/628/208 479/629/208 484/630/208
f 476/623/277 481/628/277 483/631/277
f 481/628/280 482/632/280 485/633/280
f 481/628/208 484/630/208 482/632/208
f 481/628/280 485/633/280 483/631/280
f 477/622/208 483/631/228 485/633/228
f 485/633/228 486/634/281 460/602/208
f 482/632/280 486/634/280 485/633/280
f 477/622/208 485/633/228 460/602/208
f 487/635/282 460/602/282 486/634/282
f 482/632/280 487/635/280 486/634/280
f 487/635/208 482/632/208 484/630/208
f 487/635/282 488/636/282 460/602/282
f 487/635/208 490/637/208 488/636/208
f 487/635/208 489/638/208 490/637/208
f 487/635/208 484/630/208 489/638/208
f 492/639/283 490/640/283 489/641/283
s 0
f 492/639/12 491/639/19 490/640/17
s 1
f 493/642/208 490/637/208 491/643/208
f 493/642/208 488/636/208 490/637/208
f 493/642/208 491/643/208 496/644/208
f 488/636/282 493/642/282 495/645/282
f 493/642/284 494/646/284 497/646/284
f 493/642/208 496/644/208 494/646/208
f 493/642/284 497/646/284 495/645/284
f 460/602/208 495/645/208 497/646/208
f 497/646/208 498/647/208 499/648/228
f 494/646/284 498/647/284 497/646/284
f 460/602/208 497/646/208 499/648/228
f 503/649/285 499/648/285 498/647/286
f 499/648/228 500/650/208 502/651/208
f 501/652/285 500/650/285 499/648/285
f 503/649/285 501/652/285 499/648/285
f 499/648/228 502/651/208 460/602/208
f 494/646/284 503/649/284 498/647/284
f 503/649/208 494/646/208 496/644/208
f 503/649/208 505/653/208 501/652/208
f 503/649/208 504/654/208 505/653/208
f 503/649/208 496/644/208 504/654/208
f 507/655/287 505/656/288 504/657/288
s 0
f 507/655/12 506/658/19 505/656/17
s 1
f 508/659/208 505/653/208 506/660/208
f 508/659/208 501/652/208 505/653/208
f 508/659/208 506/660/208 510/661/208
f 501/652/285 508/659/286 500/650/285
f 508/659/289 509/662/289 502/651/289
f 508/659/208 510/661/208 509/662/208
f 508/659/289 502/651/289 500/650/289
f 512/663/290 510/664/291 506/658/291
s 0
f 512/663/11 511/663/10 510/664/10
s 1
f 513/665/208 510/661/208 511/666/208
f 513/665/208 509/662/208 510/661/208
f 509/662/289 513/665/289 514/667/289
f 513/665/250 461/603/250 514/667/250
f 513/665/250 515/668/250 461/603/250
f 513/665/208 516/669/208 515/668/208
f 513/665/208 511/666/208 516/669/208
f 518/670/292 516/671/293 511/663/293
s 0
f 518/670/12 517/672/19 516/671/10
s 1
f 519/673/208 516/669/208 517/674/208
f 519/673/208 515/668/208 516/669/208
f 519/673/208 517/674/208 522/675/208
f 515/668/250 519/673/250 521/676/250
f 519/673/248 520/677/249 523/678/248
f 519/673/208 522/675/208 520/677/208
f 519/673/248 523/678/248 521/676/248
f 461/603/208 521/676/294 523/678/208
f 523/678/208 524/679/208 452/593/208
f 520/677/249 524/679/249 523/678/248
f 461/603/208 523/678/208 452/593/208
f 525/680/247 452/593/247 524/679/247
f 520/677/249 525/680/249 524/679/249
f 525/680/208 520/677/208 522/675/208
f 525/680/247 448/590/247 452/593/247
f 525/680/208 450/589/208 448/590/208
f 525/680/208 526/681/208 450/589/208
f 525/680/208 522/675/208 526/681/208
s 0
f 527/682/12 526/683/19 522/684/17
f 526/683/11 527/682/17 445/588/82
s 1
f 444/587/295 450/685/295 526/683/296
s 0
f 445/588/11 444/587/17 526/683/17
s 1
f 527/682/211 528/686/211 529/687/211
f 518/670/244 528/686/244 527/682/244
f 527/682/211 529/687/211 445/588/211
s 0
f 517/672/12 518/670/17 527/682/82
s 1
f 527/682/297 522/684/298 517/672/298
f 532/688/251 529/689/251 528/690/251
f 445/588/299 529/687/212 530/691/299
f 531/692/251 530/693/251 529/689/251
f 532/688/251 531/692/251 529/689/251
f 531/692/247 532/688/247 533/694/247
f 532/688/248 535/695/248 533/694/248
f 534/696/251 532/688/251 528/690/251
f 532/688/248 534/696/248 535/695/248
f 535/695/251 536/697/251 538/698/251
f 534/696/250 536/697/250 535/695/250
f 537/692/251 533/694/251 535/695/251
f 537/692/251 535/695/251 539/699/251
f 535/695/251 538/698/251 540/700/251
f 539/699/251 535/695/251 540/700/251
f 540/700/251 541/701/251 539/699/251
f 543/702/256 541/701/256 540/700/256
f 544/703/251 542/704/251 540/700/251
f 545/705/274 540/700/274 542/704/274
f 545/705/274 543/702/274 540/700/274
f 544/703/251 540/700/251 538/698/251
f 546/703/277 545/705/277 542/704/277
f 545/705/251 548/706/251 543/702/251
f 546/703/251 547/707/251 545/705/251
f 545/705/251 547/707/251 548/706/251
f 543/702/251 548/706/251 549/708/251
f 550/709/215 549/710/215 548/711/215
f 468/608/218 548/711/218 547/712/218
f 550/709/215 548/711/215 468/608/215
s 0
f 464/610/12 550/709/19 468/608/82
f 550/709/11 464/610/17 465/713/17
s 1
f 551/714/253 549/710/253 550/709/253
s 0
f 551/714/19 550/709/82 552/714/11
f 550/709/300 465/713/300 552/714/300
f 551/714/11 552/714/17 553/715/17
s 1
f 554/716/208 553/717/208 552/718/208
f 554/716/208 552/718/208 465/605/208
f 555/719/301 554/716/254 556/720/254
f 554/716/208 555/719/208 553/717/208
f 554/716/302 463/604/255 457/595/255
f 554/716/208 465/605/208 463/604/208
f 554/716/302 457/595/255 556/720/302
f 459/601/208 556/720/214 457/595/208
f 555/719/301 556/720/254 459/601/254
f 557/721/301 555/719/301 459/601/254
f 557/721/208 553/717/208 555/719/208
f 559/722/303 557/721/303 558/723/303
f 557/721/301 459/601/254 558/723/304
f 557/721/208 559/722/208 561/724/208
f 557/721/208 560/725/208 553/717/208
f 557/721/208 561/724/208 560/725/208
f 562/726/208 305/727/208 561/724/208
f 560/422/305 561/728/305 305/421/306
f 562/726/208 561/724/208 559/722/208
f 562/726/208 308/432/208 305/727/208
f 562/726/208 563/729/208 308/432/208
f 562/726/307 331/456/307 563/729/307
f 562/726/303 559/722/303 565/730/303
f 562/726/307 564/731/307 331/456/307
f 562/726/303 565/730/303 564/731/303
f 331/456/208 564/731/216 565/730/208
f 565/730/208 558/723/208 459/601/208
f 559/722/303 558/723/303 565/730/303
f 331/456/208 565/730/208 442/575/208
f 565/730/208 459/601/208 442/575/208
f 310/430/208 308/432/208 563/729/208
f 563/729/307 566/732/307 310/430/307
f 563/729/307 331/456/307 566/732/307
f 310/430/299 566/732/299 321/445/212
f 321/445/208 566/732/208 331/456/208
s 0
f 560/422/11 302/422/17 551/714/82
f 302/422/11 560/422/19 305/421/10
s 1
f 551/714/308 553/715/308 560/422/309
f 551/714/253 567/733/253 549/710/253
f 302/422/258 567/733/258 551/714/258
f 302/422/258 306/423/258 567/733/258
f 568/734/251 567/735/251 306/736/251
f 569/737/251 549/708/251 567/735/251
f 569/737/251 567/735/251 568/734/251
f 543/702/251 549/708/251 569/737/251
f 569/737/255 568/734/255 539/699/255
f 543/702/256 569/737/256 541/701/256
f 569/737/255 539/699/255 541/701/255
f 568/734/301 570/738/301 571/739/301
f 568/734/251 306/736/251 570/738/251
f 568/734/301 571/739/301 539/699/301
f 571/739/251 572/740/251 573/741/251
f 570/738/303 572/740/303 571/739/303
f 539/699/251 571/739/251 573/741/251
f 573/741/251 574/742/251 539/699/251
f 576/741/205 574/742/205 573/741/205
f 576/741/204 573/741/204 575/743/204
f 575/743/251 573/741/251 572/740/251
f 576/741/205 577/744/205 574/742/205
f 577/744/251 576/741/251 579/745/251
f 578/746/251 579/745/251 576/741/251
f 576/741/204 575/743/204 578/746/204
f 446/578/307 530/691/307 579/747/307
f 577/744/251 579/745/251 530/693/251
f 579/747/303 413/547/303 433/566/303
f 578/746/251 413/550/251 579/745/251
f 579/747/303 433/566/303 580/573/303
f 446/578/307 579/747/307 580/573/307
s 0
f 432/573/11 580/573/19 433/566/10
f 580/573/11 432/573/19 438/578/10
f 438/578/12 446/578/19 580/573/19
s 1
f 578/746/258 575/743/263 403/539/258
f 411/539/251 413/550/251 578/746/251
f 578/746/258 403/539/258 411/539/259
f 531/692/251 577/744/251 530/693/251
f 577/744/310 531/692/310 537/692/310
f 577/744/310 537/692/310 574/742/267
f 403/539/251 575/743/251 572/740/251
f 574/742/251 537/692/251 539/699/251
f 583/748/307 581/748/307 572/740/307
f 572/740/251 581/748/251 403/539/251
f 570/738/303 582/749/303 572/740/303
f 583/748/307 572/740/307 582/749/307
f 584/538/251 583/748/251 307/750/251
f 584/538/212 581/748/212 583/748/212
f 583/748/251 582/749/251 303/751/251
f 583/748/251 303/751/251 307/750/251
f 586/537/251 584/538/251 585/752/251
f 584/538/251 307/750/251 585/752/251
f 586/537/211 401/538/211 584/538/211
f 584/538/212 401/538/212 581/748/212
f 395/532/251 586/537/251 391/533/251
f 395/532/252 400/537/252 586/537/252
f 586/537/211 400/537/211 401/538/211
f 586/537/251 585/752/251 391/533/251
f 391/526/247 585/753/247 390/437/247
f 585/753/310 304/428/310 390/437/310
f 585/753/310 307/424/310 304/428/310
f 570/738/251 303/751/251 582/749/251
f 581/748/251 401/538/251 403/539/251
f 570/738/251 306/736/251 303/751/251
f 473/616/221 547/712/221 587/754/221
f 468/608/218 547/712/218 473/616/218
f 546/703/251 587/755/251 547/707/251
f 480/625/225 587/754/225 588/756/225
f 473/616/221 587/754/221 480/625/221
f 589/757/251 588/758/251 587/755/251
f 589/757/251 587/755/251 546/703/251
f 590/759/251 588/758/251 589/757/251
f 589/757/280 546/703/280 544/703/280
f 590/759/282 589/757/282 591/757/282
f 589/757/280 544/703/280 591/757/280
f 592/760/251 591/757/251 544/703/251
f 590/759/282 591/757/282 592/760/282
f 593/761/251 592/760/251 544/703/251
f 594/761/284 592/760/284 593/761/284
f 594/761/284 590/759/284 592/760/284
f 595/762/286 594/761/286 593/761/286
f 590/759/251 594/761/251 596/763/251
f 594/761/251 595/762/251 597/764/251
f 594/761/251 597/764/251 596/763/251
f 599/657/235 596/765/235 597/766/235
f 507/655/240 597/766/240 598/767/240
f 599/657/235 597/766/235 507/655/235
f 595/762/251 598/768/251 597/764/251
s 0
f 504/657/12 599/657/17 507/655/82
f 599/657/12 504/657/19 491/639/10
s 1
f 492/639/232 596/765/232 599/657/232
s 0
f 491/639/11 492/639/19 599/657/19
s 1
f 512/663/242 598/767/242 600/769/242
f 507/655/240 598/767/240 512/663/240
f 601/697/251 600/770/251 598/768/251
f 595/762/251 601/697/251 598/768/251
f 601/697/289 595/762/289 538/698/289
f 534/696/250 601/697/250 536/697/250
f 601/697/251 534/696/251 600/770/251
f 601/697/289 538/698/289 536/697/289
f 518/670/252 600/769/252 528/686/252
f 534/696/251 528/690/251 600/770/251
f 512/663/242 600/769/242 518/670/242
f 492/639/232 602/771/232 596/765/232
f 590/759/251 596/763/251 602/772/251
f 590/759/251 602/772/251 588/758/251
f 603/641/229 588/756/229 602/771/229
f 603/641/229 602/771/229 492/639/229
s 0
f 489/641/11 603/641/19 492/639/19
f 603/641/12 489/641/19 484/773/17
s 1
f 480/625/225 588/756/225 603/641/225
s 0
f 479/627/12 480/625/19 603/641/82
s 1
f 603/641/311 484/773/312 479/627/313
f 595/762/286 593/761/286 538/698/286
f 538/698/251 593/761/251 544/703/251
f 546/703/277 542/704/277 544/703/277
f 531/692/247 533/694/247 537/692/247
f 445/588/299 530/691/299 446/578/299
f 515/668/250 521/676/250 461/603/250
s 0
f 511/663/12 512/663/19 518/670/82
s 1
f 502/651/208 514/667/294 461/603/208
f 509/662/289 514/667/289 502/651/289
s 0
f 506/658/11 507/655/19 512/663/224
s 1
f 504/657/314 496/774/314 491/639/315
f 502/651/208 461/603/208 460/602/208
f 488/636/282 495/645/282 460/602/282
f 476/623/277 483/631/277 477/622/277
s 0
f 473/616/19 480/625/224 472/618/12
s 1
f 458/599/208 475/621/228 477/622/208
f 458/599/208 477/622/208 460/602/208
f 470/615/274 475/621/274 458/599/274
s 0
f 467/611/12 468/608/19 473/616/82
s 1
f 463/604/255 454/596/255 457/595/255
f 448/590/247 449/591/270 452/593/247
f 442/575/208 436/576/216 430/567/208
f 435/575/205 436/576/205 442/575/205
f 442/575/208 430/567/208 331/456/208
f 429/568/204 430/567/204 436/576/204
s 0
f 426/566/11 433/566/17 414/549/17
s 1
f 413/547/254 414/549/254 433/566/254
f 430/567/208 428/563/208 329/454/208
f 430/567/208 329/454/208 331/456/208
f 423/561/258 329/454/259 428/563/259
f 329/454/208 424/562/214 327/450/208
f 420/450/253 327/450/253 424/562/260
s 0
f 417/553/19 337/461/10 333/463/12
f 417/553/12 333/463/19 416/551/82
s 1
f 410/552/256 604/775/256 417/553/256
f 604/775/274 605/776/274 417/553/274
s 0
f 417/553/82 605/776/12 337/461/19
f 337/461/11 605/776/10 343/469/17
s 1
f 604/775/274 606/777/274 605/776/274
f 606/777/277 343/469/277 605/776/277
f 607/778/251 606/779/251 604/780/251
f 609/544/251 606/779/251 607/778/251
f 606/777/277 608/781/277 343/469/277
f 609/544/251 608/782/251 606/779/251
f 607/778/221 408/544/221 609/544/221
f 610/783/251 608/782/251 609/544/251
f 609/544/225 611/784/225 610/783/226
f 609/544/225 408/544/225 611/784/225
f 610/783/229 611/784/229 612/785/229
f 612/785/251 611/784/251 408/544/251
f 614/786/232 612/785/232 613/787/232
f 402/536/251 613/787/251 612/785/251
f 610/783/229 612/785/229 614/786/229
f 402/536/251 612/785/251 408/544/251
f 614/786/251 617/788/251 610/783/251
f 614/786/251 615/787/251 618/789/251
f 614/786/232 613/787/232 615/787/232
f 614/786/251 616/790/251 617/788/251
f 614/786/251 618/789/251 616/790/251
f 615/787/251 619/791/251 618/789/251
f 616/792/284 618/793/284 363/489/284
f 618/793/285 370/498/285 363/489/285
f 618/793/285 619/794/285 370/498/285
f 619/794/289 620/515/289 370/498/289
f 619/794/289 394/528/289 620/515/289
f 397/534/251 394/531/251 619/791/251
f 615/787/251 397/534/251 619/791/251
s 0
f 380/515/12 620/515/19 392/513/10
f 370/498/224 620/515/12 380/515/19
s 1
f 394/528/250 392/513/250 620/515/250
f 610/783/251 617/788/251 608/782/251
f 608/781/280 617/795/280 356/482/280
f 617/795/282 357/483/282 356/482/282
f 617/795/282 616/792/282 357/483/282
f 616/792/284 363/489/284 357/483/284
f 615/787/236 613/787/236 402/536/236
f 615/787/236 402/536/236 397/534/236
f 608/781/280 356/482/280 343/469/280
f 607/778/221 406/543/221 408/544/221
f 407/542/218 406/543/218 607/778/218
f 607/778/251 604/780/251 407/542/251
f 407/542/251 604/780/251 410/545/251
f 333/463/316 335/796/217 416/551/257
f 411/539/253 403/539/253 405/541/253
f 397/534/240 402/536/240 398/535/240
s 0
f 392/513/12 382/513/19 380/515/82
f 312/437/11 390/437/10 304/428/10
f 390/437/11 312/437/17 317/797/82
s 1
f 390/437/317 317/797/318 387/523/319
f 322/446/208 385/520/208 320/444/208
f 384/519/244 320/444/244 385/520/244
f 380/515/320 374/798/320 369/500/320
s 0
f 370/498/10 380/515/10 369/500/11
s 1
f 379/510/242 322/446/242 377/509/242
s 0
f 362/491/12 363/489/19 370/498/17
s 1
f 359/487/232 367/495/232 360/488/232
f 330/455/208 360/488/208 367/495/228
s 0
f 355/483/12 357/483/82 363/489/10
f 356/482/12 353/482/19 347/799/82
f 342/469/12 343/469/19 356/482/17
s 1
f 356/482/321 347/799/322 342/469/321
f 352/455/229 330/455/229 350/478/229
f 334/460/218 328/453/218 325/452/218
f 313/438/212 321/445/212 316/442/213
f 310/430/299 321/445/212 313/438/212
f 622/800/11 621/801/11 624/802/11
f 621/801/323 622/800/323 626/800/323
f 623/803/11 624/802/11 621/801/11
f 621/801/324 627/804/324 623/803/324
f 621/801/324 625/805/324 627/804/324
f 621/801/323 626/800/323 625/805/323
f 627/804/11 625/805/11 629/806/11
f 630/807/11 628/808/11 627/804/11
f 633/809/325 627/804/325 628/808/325
f 633/809/325 623/803/325 627/804/325
f 627/804/11 629/806/11 632/810/11
f 630/807/11 627/804/11 631/811/11
f 632/810/11 631/811/11 627/804/11
f 634/812/326 633/809/326 628/808/326
f 634/812/11 635/813/11 633/809/11
f 633/809/11 636/814/11 623/803/11
f 633/809/11 635/813/11 636/814/11
f 638/815/327 636/816/327 635/817/327
f 638/815/327 637/818/327 636/816/327
f 637/818/328 624/819/328 636/816/328
f 623/803/11 636/814/11 624/802/11
f 641/820/329 638/815/329 635/817/329
f 642/821/12 637/822/12 638/823/12
f 641/820/329 639/824/329 638/815/329
f 643/825/12 638/823/12 639/826/12
f 643/825/12 640/827/12 638/823/12
f 642/821/12 638/823/12 640/827/12
f 643/825/326 644/828/326 647/829/326
f 643/825/330 646/830/330 644/828/330
f 645/831/12 643/825/12 639/826/12
f 643/825/330 645/831/330 646/830/330
f 643/825/326 647/829/326 640/827/326
f 649/832/12 648/833/12 647/829/12
f 642/821/325 647/829/325 648/833/325
f 647/829/12 644/828/12 646/830/12
f 642/821/325 640/827/325 647/829/325
f 650/834/12 649/832/12 647/829/12
f 647/829/12 646/830/12 650/834/12
f 650/834/12 651/835/12 649/832/12
f 653/836/331 651/835/331 650/834/331
f 654/837/12 652/838/12 650/834/12
f 658/839/332 650/834/332 652/838/332
f 658/839/332 653/836/332 650/834/332
f 654/837/12 650/834/12 656/840/12
f 646/830/12 655/841/12 650/834/12
f 650/834/12 655/841/12 657/842/12
f 657/842/12 656/840/12 650/834/12
f 653/836/12 658/839/12 659/843/12
f 658/839/12 661/844/12 659/843/12
f 660/837/333 658/839/333 652/838/333
f 658/839/12 660/837/12 661/844/12
f 659/845/334 661/846/334 663/847/334
f 661/846/335 662/848/335 664/849/335
f 660/837/12 662/850/12 661/844/12
f 661/846/335 664/849/335 663/847/335
f 664/849/336 662/848/336 667/851/336
f 665/852/11 664/853/11 666/854/11
f 665/852/11 663/855/11 664/853/11
f 664/849/336 667/851/336 666/856/336
f 670/857/12 667/858/12 662/850/12
f 666/856/337 667/851/337 668/859/337
f 669/860/12 668/861/12 667/858/12
f 670/857/12 669/860/12 667/858/12
f 669/860/338 670/857/338 671/862/338
f 670/857/339 654/837/339 671/862/339
f 660/837/12 670/857/12 662/850/12
f 670/857/339 660/837/339 654/837/339
f 672/863/12 671/862/12 654/837/12
f 669/860/338 671/862/338 672/863/338
f 674/864/12 673/865/12 672/863/12
f 675/866/340 672/863/340 673/865/341
f 675/866/340 669/860/340 672/863/340
f 656/840/12 674/864/12 672/863/12
f 672/863/12 654/837/12 656/840/12
f 669/860/12 675/866/12 668/861/12
f 675/866/12 677/867/12 668/861/12
f 675/866/12 676/868/12 677/867/12
f 675/866/342 674/864/342 676/868/342
f 675/866/342 673/865/342 674/864/342
f 668/859/343 677/869/343 679/870/343
f 679/870/344 677/869/344 678/871/344
f 676/868/12 678/872/12 677/867/12
f 680/873/11 679/874/11 682/875/11
f 683/876/11 679/874/11 680/873/11
f 683/876/11 681/877/11 679/874/11
f 668/859/343 679/870/343 681/878/343
f 679/870/344 678/871/344 682/879/344
f 680/873/342 684/880/342 683/876/342
f 685/881/340 683/876/341 684/880/340
f 685/881/11 681/877/11 683/876/11
f 665/852/338 685/881/338 686/882/338
f 685/881/340 684/880/340 686/882/345
f 665/852/11 666/854/11 685/881/11
f 685/881/11 666/854/11 681/877/11
f 687/852/11 686/882/11 684/880/11
f 665/852/338 686/882/338 687/852/338
f 665/852/339 687/852/339 688/883/339
f 688/883/11 687/852/11 684/880/11
f 690/806/333 689/883/333 688/883/333
f 665/852/339 688/883/339 689/883/339
f 629/806/11 688/883/11 684/880/11
f 690/806/333 688/883/333 629/806/333
f 689/883/11 690/806/11 692/884/11
f 691/885/332 690/806/332 629/806/332
f 691/885/11 692/884/11 690/806/11
f 659/845/334 663/847/334 692/886/334
f 693/887/346 659/845/346 692/886/346
f 689/883/11 692/884/11 663/855/11
f 691/885/11 693/888/11 692/884/11
f 693/887/346 694/889/346 659/845/346
f 695/890/347 694/889/347 693/887/347
f 691/885/11 695/891/11 693/888/11
f 695/890/347 696/892/347 694/889/347
f 697/893/348 696/892/348 695/890/348
f 697/893/348 695/890/348 624/894/348
f 622/800/11 624/802/11 695/891/11
f 691/885/11 622/800/11 695/891/11
f 637/818/328 697/895/328 624/819/328
f 642/821/12 697/896/12 637/822/12
f 698/832/12 696/897/12 697/896/12
f 642/821/12 698/832/12 697/896/12
f 698/832/324 642/821/324 648/833/324
f 699/835/323 698/832/323 649/832/323
f 698/832/324 648/833/324 649/832/324
f 698/832/12 699/835/12 696/897/12
f 653/836/331 699/835/331 651/835/331
f 699/835/323 649/832/323 651/835/323
f 653/836/12 696/897/12 699/835/12
f 653/836/12 694/898/12 696/897/12
f 653/836/12 659/843/12 694/898/12
f 622/800/331 691/885/331 700/899/331
f 691/885/332 629/806/332 700/899/332
f 626/800/11 700/899/11 629/806/11
f 622/800/331 700/899/331 626/800/331
f 665/852/11 689/883/11 663/855/11
f 680/873/342 701/900/342 684/880/342
f 684/880/11 701/900/11 702/901/11
f 629/806/11 684/880/11 632/810/11
f 684/880/11 702/901/11 632/810/11
f 708/902/349 703/902/349 702/901/349
f 702/901/11 703/902/11 707/903/11
f 705/904/350 702/901/350 704/905/350
f 706/906/11 704/905/11 702/901/11
f 708/902/349 702/901/349 705/904/349
f 701/900/11 706/906/11 702/901/11
f 702/901/11 707/903/11 632/810/11
f 709/907/11 708/902/11 710/908/11
f 709/907/351 703/902/351 708/902/351
f 705/904/11 710/908/11 708/902/11
f 705/904/11 711/909/11 710/908/11
f 711/910/352 712/911/352 710/912/352
f 712/911/330 713/913/330 710/912/330
f 709/907/11 710/908/11 713/914/11
f 713/913/326 714/915/326 716/916/326
f 712/911/330 714/915/330 713/913/330
f 717/917/11 709/907/11 713/914/11
f 717/917/11 713/914/11 715/918/11
f 713/913/326 716/916/326 715/919/326
f 717/917/329 718/920/329 707/903/329
f 719/921/327 718/920/327 717/917/327
f 717/917/329 707/903/329 709/907/329
f 717/917/11 720/922/11 719/921/11
f 717/917/11 715/918/11 720/922/11
f 720/923/324 721/924/324 723/925/324
f 715/919/325 721/924/325 720/923/325
f 719/921/11 720/922/11 722/926/11
f 720/923/324 723/925/324 722/927/324
f 725/928/12 723/929/12 721/930/12
f 722/927/353 723/925/353 724/931/353
f 726/932/12 724/933/12 723/929/12
f 726/932/12 723/929/12 725/928/12
f 726/932/347 727/932/347 657/842/347
f 725/928/354 727/932/354 726/932/354
f 726/932/12 728/934/12 729/935/12
f 726/932/347 657/842/347 728/934/347
f 726/932/12 729/935/12 724/933/12
f 724/931/331 729/936/331 730/937/331
f 729/936/332 732/938/332 730/937/332
f 733/939/12 731/940/12 729/935/12
f 729/936/332 731/941/332 732/938/332
f 733/939/12 729/935/12 728/934/12
f 734/942/12 731/940/12 733/939/12
f 728/934/346 735/943/346 733/939/346
f 733/939/334 736/942/334 734/942/334
f 733/939/334 735/943/334 736/942/334
f 736/942/12 735/943/12 657/842/12
f 734/942/335 736/942/335 737/944/335
f 738/945/12 737/944/12 736/942/12
f 738/945/12 736/942/12 657/842/12
f 742/944/336 737/944/336 738/945/336
f 740/946/337 738/945/337 739/947/337
f 741/948/12 739/947/12 738/945/12
f 742/944/336 738/945/336 740/946/336
f 655/841/12 741/948/12 738/945/12
f 655/841/12 738/945/12 657/842/12
f 734/942/335 737/944/335 742/944/335
f 742/944/12 744/949/12 734/942/12
f 742/944/12 740/946/12 745/950/12
f 742/944/12 743/951/12 744/949/12
f 742/944/12 745/950/12 743/951/12
f 743/952/338 745/953/338 746/954/338
f 745/953/345 748/955/345 746/954/345
f 745/953/345 747/956/345 748/955/345
f 740/946/12 747/957/12 745/950/12
f 748/955/342 747/956/342 751/958/342
f 752/959/11 748/960/11 749/961/11
f 748/955/342 751/958/342 749/962/342
f 752/959/11 750/963/11 748/960/11
f 753/964/11 748/960/11 750/963/11
f 753/964/11 746/965/11 748/960/11
f 753/964/336 754/966/336 756/967/336
f 750/963/337 754/966/337 753/964/337
f 753/964/11 755/967/11 757/968/11
f 753/964/336 756/967/336 755/967/336
f 753/964/11 757/968/11 746/965/11
f 743/952/338 746/954/338 757/969/338
f 758/970/339 743/952/339 757/969/339
f 755/967/11 758/971/11 757/968/11
f 755/967/11 759/972/11 758/971/11
f 759/972/11 732/973/11 758/971/11
f 732/938/333 744/974/333 758/970/333
f 758/970/339 744/974/339 743/952/339
f 755/967/335 761/975/335 759/972/335
f 759/972/11 760/976/11 732/973/11
f 759/972/334 762/976/334 760/976/334
f 759/972/334 761/975/334 762/976/334
f 762/976/11 761/975/11 631/811/11
f 760/976/346 762/976/346 763/977/346
f 763/977/11 762/976/11 632/810/11
f 632/810/11 762/976/11 631/811/11
f 765/978/347 763/977/347 764/979/347
f 764/979/11 763/977/11 632/810/11
f 760/976/346 763/977/346 765/978/346
f 766/980/11 730/981/11 765/978/11
f 765/978/347 764/979/347 766/980/347
f 765/978/11 732/973/11 760/976/11
f 765/978/11 730/981/11 732/973/11
f 766/980/11 767/982/11 722/926/11
f 766/980/354 769/983/354 767/982/354
f 766/980/11 768/984/11 730/981/11
f 766/980/11 722/926/11 768/984/11
f 766/980/354 764/979/354 769/983/354
f 767/982/328 769/983/328 632/810/328
f 632/810/11 769/983/11 764/979/11
f 724/931/331 730/937/331 768/985/331
f 722/927/353 724/931/353 768/985/353
f 719/921/11 722/926/11 767/982/11
f 767/982/328 632/810/328 719/921/328
f 755/967/335 756/967/335 761/975/335
f 761/975/11 756/967/11 631/811/11
f 756/967/11 754/966/11 631/811/11
f 750/963/337 631/811/337 754/966/337
f 752/959/11 772/986/11 770/987/11
f 770/987/344 771/959/344 752/959/344
f 750/963/343 752/959/343 771/959/343
f 752/959/11 749/961/11 772/986/11
f 751/958/355 773/988/355 772/989/355
f 773/988/356 774/990/356 772/989/356
f 775/991/11 770/987/11 772/986/11
f 751/958/355 772/989/355 749/962/355
f 775/991/11 772/986/11 774/992/11
f 775/991/357 776/991/357 778/993/357
f 777/994/358 776/991/358 775/991/358
f 775/991/357 778/993/357 770/987/357
f 777/994/11 775/991/11 774/992/11
f 778/993/11 776/991/11 779/994/11
f 770/987/344 778/993/344 771/959/344
f 631/811/11 771/959/11 778/993/11
f 631/811/11 778/993/11 779/994/11
f 779/994/11 780/995/11 630/807/11
f 777/994/352 780/995/352 779/994/352
f 777/994/358 779/994/358 776/991/358
f 779/994/11 630/807/11 631/811/11
f 777/994/352 781/996/352 780/995/352
f 781/996/330 630/807/330 780/995/330
f 781/996/11 782/997/11 641/998/11
f 777/994/11 782/997/11 781/996/11
f 781/996/330 634/812/330 630/807/330
f 781/996/11 641/998/11 634/812/11
f 782/999/351 783/1000/351 639/824/351
f 785/1001/349 783/1000/349 782/999/349
f 777/994/11 784/1002/11 782/997/11
f 785/1001/349 782/999/349 784/1003/349
f 782/999/351 639/824/351 641/820/351
f 787/1004/12 785/1005/12 786/1006/12
f 786/1007/350 785/1001/350 784/1003/350
f 787/1004/12 783/1008/12 785/1005/12
f 787/1004/358 788/1009/358 655/841/358
f 787/1004/12 786/1006/12 788/1009/12
f 645/831/352 787/1004/352 789/1010/352
f 787/1004/12 645/831/12 783/1008/12
f 787/1004/358 655/841/358 789/1010/358
f 646/830/12 789/1010/12 655/841/12
f 645/831/352 789/1010/352 646/830/352
f 788/1009/357 790/1011/357 791/1012/357
f 788/1009/12 773/1013/12 790/1011/12
f 788/1009/12 786/1006/12 773/1013/12
f 788/1009/357 791/1012/357 655/841/357
f 655/841/12 791/1012/12 741/948/12
f 790/1011/344 741/948/344 791/1012/344
f 792/1014/12 790/1011/12 773/1013/12
f 790/1011/344 792/1014/344 741/948/344
f 792/1014/343 793/947/343 739/947/343
f 793/947/12 792/1014/12 751/1015/12
f 792/1014/343 739/947/343 741/948/343
f 792/1014/12 773/1013/12 751/1015/12
f 740/946/12 793/947/12 747/957/12
f 793/947/12 751/1015/12 747/957/12
f 740/946/337 739/947/337 793/947/359
f 773/988/356 786/1007/356 774/990/356
f 786/1007/350 784/1003/350 774/990/350
f 777/994/11 774/992/11 784/1002/11
f 645/831/12 639/826/12 783/1008/12
f 750/963/343 771/959/343 631/811/343
f 734/942/12 744/949/12 731/940/12
f 732/938/333 731/941/333 744/974/333
f 728/934/346 657/842/346 735/943/346
f 725/928/354 794/928/354 727/932/354
f 657/842/12 727/932/12 794/928/12
f 796/1016/328 795/1016/328 794/928/328
f 794/928/12 795/1016/12 657/842/12
f 796/1016/328 794/928/328 725/928/328
f 797/1017/12 796/1016/12 721/930/12
f 725/928/12 721/930/12 796/1016/12
f 797/1017/327 795/1016/327 796/1016/327
f 798/1018/12 797/1017/12 716/1019/12
f 797/1017/329 798/1018/329 800/1020/329
f 797/1017/12 721/930/12 716/1019/12
f 797/1017/327 799/1017/327 795/1016/327
f 797/1017/329 800/1020/329 799/1017/329
f 799/1017/12 800/1020/12 801/1021/12
f 798/1018/351 801/1021/351 800/1020/351
f 804/1022/349 802/1023/349 801/1021/349
f 801/1021/12 802/1023/12 656/840/12
f 798/1018/351 803/1024/351 801/1021/351
f 804/1022/349 801/1021/349 803/1024/349
f 799/1017/12 801/1021/12 657/842/12
f 801/1021/12 656/840/12 657/842/12
f 806/1025/12 804/1022/12 805/1026/12
f 804/1022/12 712/1027/12 805/1026/12
f 806/1025/350 802/1023/350 804/1022/350
f 804/1022/12 803/1024/12 712/1027/12
f 807/1028/12 806/1025/12 808/1029/12
f 807/1028/360 656/840/360 806/1025/360
f 806/1025/12 805/1026/12 808/1029/12
f 806/1025/350 656/840/350 802/1023/350
f 682/879/361 678/871/361 808/1030/361
f 807/1028/12 808/1029/12 678/872/12
f 809/1031/358 808/1030/358 805/1032/358
f 682/879/361 808/1030/361 809/1031/361
f 810/1033/11 809/1034/11 711/909/11
f 810/1033/11 682/875/11 809/1034/11
f 809/1031/358 805/1032/358 711/910/358
f 811/906/360 810/1033/360 704/905/360
f 705/904/350 704/905/350 810/1033/350
f 810/1033/11 811/906/11 682/875/11
f 810/1033/11 711/909/11 705/904/11
f 680/873/11 682/875/11 811/906/11
f 811/906/355 701/900/355 680/873/355
f 811/906/355 706/906/355 701/900/355
f 811/906/360 704/905/360 706/906/360
f 807/1028/360 812/1035/360 656/840/360
f 676/868/355 812/1035/355 807/1028/355
f 676/868/12 807/1028/12 678/872/12
f 676/868/355 674/864/355 812/1035/355
f 656/840/12 812/1035/12 674/864/12
f 711/910/352 805/1032/352 712/911/352
f 798/1018/12 712/1027/12 803/1024/12
f 795/1016/12 799/1017/12 657/842/12
f 798/1018/12 714/1036/12 712/1027/12
f 798/1018/12 716/1019/12 714/1036/12
f 715/919/325 716/916/325 721/924/325
f 719/921/327 632/810/327 718/920/327
f 707/903/11 718/920/11 632/810/11
f 709/907/351 707/903/351 703/902/351
f 666/856/337 668/859/337 681/878/337
f 660/837/333 652/838/333 654/837/333
f 634/812/11 641/998/11 635/813/11
f 634/812/326 628/808/326 630/807/326
f 625/805/11 626/800/11 629/806/11
