# Blender 5.2.0 LTS
# www.blender.org
mtllib bossEnemy_right.mtl
o 立方体.012
v -0.612089 0.711761 0.000000
v -0.598065 0.724653 -0.043162
v -0.566706 0.724654 -0.000000
v -0.598065 0.724653 0.043162
v -0.648805 0.724653 -0.026675
v -0.648805 0.724653 0.026675
v -0.674555 0.759480 0.045383
v -0.634781 0.752702 0.069838
v -0.685521 0.752702 0.000000
v -0.674555 0.759480 -0.045383
v -0.694189 0.798086 -0.026675
v -0.694189 0.798086 0.026676
v -0.689301 0.836692 0.000000
v -0.671497 0.843470 0.043162
v -0.662830 0.798086 0.069838
v -0.635948 0.836692 0.073432
v -0.612089 0.798086 0.086325
v -0.588230 0.759480 0.073432
v -0.589397 0.843470 0.069838
v -0.561349 0.798086 0.069838
v -0.549624 0.836692 0.045383
v -0.529989 0.798086 0.026675
v -0.552681 0.752702 0.043162
v -0.534878 0.759480 -0.000000
v -0.552681 0.752702 -0.043162
v -0.529989 0.798086 -0.026676
v -0.549624 0.836692 -0.045383
v -0.538657 0.843470 -0.000000
v -0.561349 0.798086 -0.069838
v -0.588230 0.759480 -0.073432
v -0.589397 0.843470 -0.069838
v -0.612089 0.798086 -0.086325
v -0.635948 0.836692 -0.073432
v -0.662830 0.798086 -0.069838
v -0.634781 0.752702 -0.069838
v -0.671497 0.843470 -0.043162
v -0.626113 0.871519 -0.043162
v -0.657473 0.871518 0.000000
v -0.612089 0.884411 0.000000
v -0.626113 0.871519 0.043162
v -0.575373 0.871519 0.026675
v -0.575373 0.871519 -0.026675
v -0.627799 0.757717 0.028228
v -0.622796 0.755414 0.027685
v -0.632801 0.760020 0.027685
v -0.642544 0.725686 0.028228
v -0.637542 0.723383 0.027685
v -0.637114 0.723186 0.030053
v -0.632732 0.721169 0.026079
v -0.631893 0.720783 0.028309
v -0.633999 0.716208 0.028309
v -0.627081 0.718567 0.025478
v -0.629187 0.713993 0.025478
v -0.630405 0.714553 0.023470
v -0.624969 0.712051 0.021667
v -0.634838 0.716594 0.026079
v -0.631641 0.715123 0.034575
v -0.639648 0.718809 0.027685
v -0.625764 0.712417 0.031117
v -0.627870 0.707842 0.031117
v -0.620613 0.710045 0.026463
v -0.622719 0.705471 0.026463
v -0.618491 0.703525 0.020791
v -0.625821 0.707304 0.022878
v -0.630275 0.709355 0.026901
v -0.632689 0.704111 0.026901
v -0.635356 0.711694 0.029891
v -0.628235 0.702061 0.022878
v -0.632837 0.699041 0.019960
v -0.624580 0.700378 0.017975
v -0.636723 0.700830 0.023470
v -0.640421 0.692798 0.023470
v -0.641156 0.702870 0.026079
v -0.636535 0.691009 0.019960
v -0.634639 0.683851 0.024676
v -0.633346 0.689541 0.015682
v -0.630697 0.682036 0.019387
v -0.631586 0.671185 0.021879
v -0.627767 0.680688 0.013354
v -0.628280 0.669663 0.015071
v -0.633439 0.658458 0.015071
v -0.626245 0.668726 0.007683
v -0.631403 0.657520 0.007683
v -0.639677 0.650069 0.006808
v -0.630716 0.657204 0.000000
v -0.641481 0.650899 0.013354
v -0.649465 0.648290 0.010802
v -0.644410 0.652247 0.019387
v -0.651834 0.649381 0.015682
v -0.655532 0.641349 0.015682
v -0.655023 0.650849 0.019960
v -0.653162 0.640258 0.010802
v -0.651703 0.639586 0.005507
v -0.700541 0.662069 0.010802
v -0.702000 0.662741 0.005507
v -0.698171 0.660978 0.015682
v -0.696843 0.670101 0.010802
v -0.698302 0.670773 0.005507
v -0.701856 0.678693 0.006808
v -0.698795 0.671000 0.000000
v -0.702466 0.678974 0.000000
v -0.702263 0.690141 0.000000
v -0.701856 0.678693 -0.006808
v -0.698302 0.670773 -0.005507
v -0.702000 0.662741 -0.005507
v -0.696843 0.670101 -0.010802
v -0.700541 0.662069 -0.010802
v -0.698171 0.660978 -0.015682
v -0.653162 0.640258 -0.010802
v -0.651703 0.639586 -0.005507
v -0.655532 0.641349 -0.015682
v -0.649465 0.648290 -0.010802
v -0.651834 0.649381 -0.015682
v -0.644410 0.652247 -0.019387
v -0.655023 0.650849 -0.019960
v -0.641481 0.650899 -0.013354
v -0.633439 0.658458 -0.015071
v -0.639677 0.650069 -0.006808
v -0.631403 0.657520 -0.007683
v -0.626245 0.668726 -0.007683
v -0.628280 0.669663 -0.015071
v -0.627767 0.680688 -0.013354
v -0.631586 0.671185 -0.021879
v -0.630697 0.682036 -0.019387
v -0.633346 0.689541 -0.015682
v -0.634639 0.683851 -0.024676
v -0.636535 0.691009 -0.019960
v -0.632837 0.699041 -0.019960
v -0.640421 0.692798 -0.023470
v -0.636723 0.700830 -0.023470
v -0.632689 0.704111 -0.026901
v -0.641156 0.702870 -0.026079
v -0.628235 0.702061 -0.022878
v -0.625821 0.707304 -0.022878
v -0.624580 0.700378 -0.017975
v -0.630275 0.709355 -0.026901
v -0.627870 0.707842 -0.031117
v -0.635356 0.711694 -0.029891
v -0.622719 0.705471 -0.026463
v -0.620613 0.710045 -0.026463
v -0.618491 0.703525 -0.020791
v -0.625764 0.712417 -0.031117
v -0.630405 0.714553 -0.023470
v -0.631641 0.715123 -0.034575
v -0.634838 0.716594 -0.026079
v -0.639648 0.718809 -0.027685
v -0.633999 0.716208 -0.028309
v -0.629187 0.713993 -0.025478
v -0.627081 0.718567 -0.025478
v -0.624969 0.712051 -0.021667
v -0.631893 0.720783 -0.028309
v -0.637114 0.723186 -0.030053
v -0.632732 0.721169 -0.026079
v -0.637542 0.723383 -0.027685
v -0.622796 0.755414 -0.027685
v -0.642544 0.725686 -0.028228
v -0.627799 0.757717 -0.028228
v -0.632801 0.760020 -0.027685
v -0.647547 0.727989 -0.027685
v -0.637611 0.762234 -0.026079
v -0.652357 0.730203 -0.026079
v -0.642044 0.764275 -0.023470
v -0.617986 0.753200 -0.026079
v -0.613553 0.751159 -0.023470
v -0.628299 0.719128 -0.023470
v -0.624414 0.717339 -0.019960
v -0.622863 0.716625 -0.021667
v -0.619401 0.715032 -0.017024
v -0.621507 0.710457 -0.017024
v -0.618935 0.709273 -0.011726
v -0.623331 0.711297 -0.015682
v -0.626520 0.712765 -0.019960
v -0.616385 0.708099 -0.020791
v -0.613244 0.706653 -0.014321
v -0.615350 0.702078 -0.014321
v -0.613415 0.701188 -0.007301
v -0.619450 0.704372 -0.012381
v -0.622166 0.705622 -0.017975
v -0.621864 0.699128 -0.012381
v -0.627279 0.696482 -0.010802
v -0.620192 0.698358 -0.006312
v -0.629649 0.697573 -0.015682
v -0.630977 0.688450 -0.010802
v -0.629518 0.687778 -0.005507
v -0.625963 0.679857 -0.006808
v -0.625354 0.679577 0.000000
v -0.625557 0.668410 0.000000
v -0.625963 0.679857 0.006808
v -0.629518 0.687778 0.005507
v -0.630977 0.688450 0.010802
v -0.627279 0.696482 0.010802
v -0.629649 0.697573 0.015682
v -0.621864 0.699128 0.012381
v -0.619450 0.704372 0.012381
v -0.620192 0.698358 0.006312
v -0.622166 0.705622 0.017975
v -0.615350 0.702078 0.014321
v -0.613244 0.706653 0.014321
v -0.613415 0.701188 0.007301
v -0.616385 0.708099 0.020791
v -0.623331 0.711297 0.015682
v -0.626520 0.712765 0.019960
v -0.621507 0.710457 0.017024
v -0.619401 0.715032 0.017024
v -0.618935 0.709273 0.011726
v -0.622863 0.716625 0.021667
v -0.624414 0.717339 0.019960
v -0.628299 0.719128 0.023470
v -0.613553 0.751159 0.023470
v -0.617986 0.753200 0.026079
v -0.637611 0.762234 0.026079
v -0.642044 0.764275 0.023470
v -0.652357 0.730203 0.026079
v -0.647547 0.727989 0.027685
v -0.647975 0.728186 0.030053
v -0.653196 0.730590 0.028309
v -0.655302 0.726015 0.028309
v -0.658008 0.732805 0.025478
v -0.650081 0.723611 0.030053
v -0.644650 0.721111 0.030642
v -0.649653 0.723414 0.027685
v -0.644650 0.721111 0.028228
v -0.644650 0.721111 0.037424
v -0.639220 0.718612 0.030053
v -0.638018 0.718058 0.036705
v -0.651282 0.724165 0.036705
v -0.653388 0.719590 0.036705
v -0.657660 0.727100 0.034575
v -0.646756 0.716537 0.037424
v -0.640124 0.713484 0.036705
v -0.646602 0.716871 0.032354
v -0.649016 0.711628 0.032354
v -0.652336 0.719511 0.031732
v -0.640869 0.714232 0.031732
v -0.643283 0.708988 0.031732
v -0.645966 0.705085 0.027685
v -0.637770 0.706450 0.029891
v -0.650968 0.707388 0.028228
v -0.655971 0.709690 0.027685
v -0.654666 0.699356 0.028228
v -0.654750 0.714267 0.031732
v -0.649664 0.697053 0.027685
v -0.650869 0.691323 0.034226
v -0.644854 0.694838 0.026079
v -0.644922 0.688585 0.032240
v -0.647641 0.678576 0.036384
v -0.639442 0.686063 0.029015
v -0.641456 0.675729 0.032745
v -0.646615 0.664523 0.032745
v -0.636035 0.673233 0.027847
v -0.641194 0.662027 0.027847
v -0.648352 0.654062 0.024676
v -0.636745 0.659979 0.021879
v -0.653156 0.656274 0.029015
v -0.658909 0.652637 0.023470
v -0.658636 0.658797 0.032240
v -0.663342 0.654678 0.026079
v -0.667039 0.646646 0.026079
v -0.668152 0.656893 0.027685
v -0.662606 0.644605 0.023470
v -0.658721 0.642817 0.019960
v -0.691097 0.657721 0.023470
v -0.694983 0.659510 0.019960
v -0.691285 0.667542 0.019960
v -0.694474 0.669010 0.015682
v -0.697123 0.676515 0.019388
v -0.700053 0.677863 0.013354
v -0.699539 0.688887 0.015071
v -0.701575 0.689825 0.007683
v -0.696416 0.701030 0.007683
v -0.697104 0.701347 0.000000
v -0.688752 0.708763 0.000000
v -0.696416 0.701030 -0.007683
v -0.688143 0.708482 0.006808
v -0.688143 0.708482 -0.006808
v -0.701575 0.689825 -0.007683
v -0.699539 0.688887 -0.015071
v -0.700053 0.677863 -0.013354
v -0.697123 0.676515 -0.019387
v -0.694474 0.669010 -0.015682
v -0.691285 0.667542 -0.019960
v -0.694983 0.659510 -0.019960
v -0.691097 0.657721 -0.023470
v -0.658721 0.642817 -0.019960
v -0.662606 0.644605 -0.023470
v -0.658909 0.652637 -0.023470
v -0.653156 0.656274 -0.029015
v -0.663342 0.654678 -0.026079
v -0.648352 0.654062 -0.024676
v -0.641194 0.662027 -0.027847
v -0.636745 0.659979 -0.021879
v -0.636035 0.673233 -0.027847
v -0.641456 0.675729 -0.032745
v -0.639442 0.686063 -0.029015
v -0.644922 0.688585 -0.032240
v -0.644854 0.694838 -0.026079
v -0.649664 0.697053 -0.027685
v -0.645966 0.705085 -0.027685
v -0.643283 0.708988 -0.031732
v -0.650968 0.707388 -0.028228
v -0.637770 0.706450 -0.029891
v -0.640869 0.714232 -0.031732
v -0.646602 0.716871 -0.032354
v -0.640124 0.713484 -0.036705
v -0.633747 0.710548 -0.034575
v -0.638018 0.718058 -0.036705
v -0.644650 0.721111 -0.037424
v -0.644650 0.721111 -0.028228
v -0.649653 0.723414 -0.027685
v -0.644650 0.721111 -0.030642
v -0.651282 0.724165 -0.036705
v -0.650081 0.723611 -0.030053
v -0.639220 0.718612 -0.030053
v -0.642544 0.725686 -0.030642
v -0.647975 0.728186 -0.030053
v -0.653196 0.730590 -0.028309
v -0.655302 0.726015 -0.028309
v -0.658008 0.732805 -0.025478
v -0.660114 0.728230 -0.025478
v -0.662226 0.734747 -0.021667
v -0.656790 0.732244 -0.023470
v -0.660675 0.734033 -0.019960
v -0.645930 0.766064 -0.019960
v -0.649118 0.767532 -0.015682
v -0.606479 0.747902 -0.015682
v -0.609668 0.749370 -0.019960
v -0.621225 0.715871 -0.015682
v -0.618855 0.714781 -0.010802
v -0.616829 0.713848 -0.011726
v -0.615245 0.713119 -0.005978
v -0.617351 0.708544 -0.005978
v -0.616816 0.708298 0.000000
v -0.619502 0.709534 -0.005507
v -0.620961 0.710206 -0.010802
v -0.611309 0.705763 -0.007301
v -0.610656 0.705462 -0.000000
v -0.612762 0.700887 0.000000
v -0.617213 0.703342 0.000000
v -0.617778 0.703602 0.006312
v -0.611309 0.705763 0.007301
v -0.617778 0.703602 -0.006312
v -0.619627 0.698098 0.000000
v -0.625327 0.695584 0.000000
v -0.625820 0.695810 -0.005507
v -0.625820 0.695810 0.005507
v -0.629025 0.687551 0.000000
v -0.619502 0.709534 0.005507
v -0.620961 0.710206 0.010802
v -0.617351 0.708544 0.005978
v -0.615245 0.713119 0.005978
v -0.616829 0.713848 0.011726
v -0.618855 0.714781 0.010802
v -0.621225 0.715871 0.015682
v -0.606479 0.747902 0.015682
v -0.609668 0.749370 0.019960
v -0.645930 0.766064 0.019960
v -0.649118 0.767532 0.015682
v -0.651488 0.768623 0.010802
v -0.663864 0.735501 0.015682
v -0.604109 0.746812 0.010802
v -0.660675 0.734033 0.019960
v -0.662226 0.734747 0.021667
v -0.656790 0.732244 0.023470
v -0.665688 0.736340 0.017024
v -0.667794 0.731766 0.017024
v -0.668260 0.737524 0.011726
v -0.664332 0.730172 0.021667
v -0.662781 0.729458 0.019960
v -0.660114 0.728230 0.025478
v -0.658896 0.727669 0.023470
v -0.663537 0.729806 0.031117
v -0.654463 0.725629 0.026079
v -0.668688 0.732177 0.026463
v -0.670794 0.727603 0.026463
v -0.672916 0.734124 0.020791
v -0.665643 0.725231 0.031117
v -0.662930 0.724388 0.026901
v -0.659765 0.722526 0.034575
v -0.657849 0.722049 0.029891
v -0.660263 0.716805 0.029891
v -0.660781 0.711905 0.026079
v -0.665344 0.719145 0.026901
v -0.665214 0.713946 0.023470
v -0.669798 0.721195 0.022878
v -0.667384 0.726438 0.022878
v -0.671039 0.728121 0.017975
v -0.675022 0.729549 0.020791
v -0.678163 0.730995 0.014321
v -0.676057 0.735570 0.014321
v -0.677992 0.736460 0.007301
v -0.668340 0.732017 0.010802
v -0.665970 0.730926 0.015682
v -0.670366 0.732950 0.011726
v -0.671950 0.733679 0.005978
v -0.669844 0.738253 0.005978
v -0.670378 0.738500 0.000000
v -0.667693 0.737263 0.005507
v -0.666234 0.736592 0.010802
v -0.652947 0.769294 0.005507
v -0.653440 0.769521 0.000000
v -0.602650 0.746140 0.005507
v -0.617396 0.714109 0.005507
v -0.602158 0.745913 -0.000000
v -0.616903 0.713882 0.000000
v -0.614711 0.712872 0.000000
v -0.617396 0.714109 -0.005507
v -0.602650 0.746140 -0.005507
v -0.604109 0.746812 -0.010802
v -0.652947 0.769294 -0.005507
v -0.651488 0.768623 -0.010802
v -0.667693 0.737263 -0.005507
v -0.666234 0.736592 -0.010802
v -0.668260 0.737524 -0.011726
v -0.663864 0.735501 -0.015682
v -0.669844 0.738253 -0.005978
v -0.671950 0.733679 -0.005978
v -0.670366 0.732950 -0.011726
v -0.668340 0.732017 -0.010802
v -0.667794 0.731766 -0.017024
v -0.665970 0.730926 -0.015682
v -0.662781 0.729458 -0.019960
v -0.672916 0.734124 -0.020791
v -0.676057 0.735570 -0.014321
v -0.678163 0.730995 -0.014321
v -0.677992 0.736460 -0.007301
v -0.675022 0.729549 -0.020791
v -0.670794 0.727603 -0.026463
v -0.671039 0.728121 -0.017975
v -0.667384 0.726438 -0.022878
v -0.669798 0.721195 -0.022878
v -0.662930 0.724388 -0.026901
v -0.665344 0.719145 -0.026901
v -0.665214 0.713946 -0.023470
v -0.660263 0.716805 -0.029891
v -0.660781 0.711905 -0.026079
v -0.664478 0.703873 -0.026079
v -0.655971 0.709690 -0.027685
v -0.659668 0.701658 -0.027685
v -0.663237 0.697017 -0.034226
v -0.654666 0.699356 -0.028228
v -0.669184 0.699754 -0.032240
v -0.675020 0.691181 -0.036384
v -0.674664 0.702277 -0.029015
v -0.681205 0.694028 -0.032745
v -0.686364 0.682822 -0.032745
v -0.686626 0.696523 -0.027847
v -0.680179 0.679975 -0.036384
v -0.682897 0.669965 -0.032240
v -0.673468 0.676885 -0.038625
v -0.676951 0.667228 -0.034226
v -0.678156 0.661498 -0.027685
v -0.670767 0.664381 -0.034897
v -0.673154 0.659195 -0.028228
v -0.676852 0.651163 -0.028228
v -0.668152 0.656893 -0.027685
v -0.671849 0.648861 -0.027685
v -0.664583 0.661534 -0.034226
v -0.659510 0.670460 -0.038625
v -0.658636 0.658797 -0.032240
v -0.652799 0.667370 -0.036384
v -0.647641 0.678576 -0.036384
v -0.646615 0.664523 -0.032745
v -0.654352 0.681666 -0.038625
v -0.650869 0.691323 -0.034226
v -0.661331 0.684878 -0.039382
v -0.657053 0.694170 -0.034897
v -0.668310 0.688091 -0.038625
v -0.666489 0.673672 -0.039382
v -0.667039 0.646646 -0.026079
v -0.686664 0.655681 -0.026079
v -0.681854 0.653466 -0.027685
v -0.682966 0.663713 -0.026079
v -0.687399 0.665753 -0.023470
v -0.688378 0.672488 -0.029015
v -0.693181 0.674700 -0.024676
v -0.691785 0.685317 -0.027847
v -0.696234 0.687366 -0.021879
v -0.691075 0.698572 -0.021879
v -0.683410 0.706303 -0.019387
v -0.694381 0.700093 -0.015071
v -0.679468 0.704489 -0.024676
v -0.672797 0.707702 -0.019960
v -0.668911 0.705914 -0.023470
v -0.669099 0.715734 -0.019960
v -0.672288 0.717202 -0.015682
v -0.673452 0.722877 -0.017975
v -0.676168 0.724128 -0.012381
v -0.673755 0.729371 -0.012381
v -0.675427 0.730141 -0.006312
v -0.680098 0.731886 -0.007301
v -0.680751 0.732186 0.000000
v -0.678645 0.736761 0.000000
v -0.670291 0.732916 0.000000
v -0.669799 0.732689 -0.005507
v -0.680098 0.731886 0.007301
v -0.669799 0.732689 0.005507
v -0.672484 0.733925 0.000000
v -0.675427 0.730141 0.006312
v -0.673755 0.729371 0.012381
v -0.676168 0.724128 0.012381
v -0.673452 0.722877 0.017975
v -0.672288 0.717202 0.015682
v -0.669099 0.715734 0.019960
v -0.672797 0.707702 0.019960
v -0.668911 0.705914 0.023470
v -0.674664 0.702277 0.029015
v -0.664478 0.703873 0.026079
v -0.679468 0.704489 0.024676
v -0.686626 0.696523 0.027847
v -0.683410 0.706303 0.019387
v -0.691075 0.698572 0.021879
v -0.696234 0.687366 0.021879
v -0.694381 0.700093 0.015071
v -0.691785 0.685317 0.027847
v -0.693181 0.674700 0.024676
v -0.686364 0.682822 0.032745
v -0.688378 0.672488 0.029015
v -0.687399 0.665753 0.023470
v -0.682897 0.669965 0.032240
v -0.682966 0.663713 0.026079
v -0.686664 0.655681 0.026079
v -0.678156 0.661498 0.027685
v -0.681854 0.653466 0.027685
v -0.676852 0.651163 0.028228
v -0.671849 0.648861 0.027685
v -0.673154 0.659195 0.028228
v -0.670767 0.664381 0.034897
v -0.676951 0.667228 0.034226
v -0.664583 0.661534 0.034226
v -0.659510 0.670460 0.038625
v -0.652799 0.667370 0.036384
v -0.654352 0.681666 0.038625
v -0.661331 0.684878 0.039382
v -0.657053 0.694170 0.034897
v -0.663237 0.697017 0.034226
v -0.668310 0.688091 0.038625
v -0.673468 0.676885 0.038625
v -0.675020 0.691181 0.036384
v -0.666489 0.673672 0.039382
v -0.680179 0.679975 0.036384
v -0.669184 0.699754 0.032240
v -0.681205 0.694028 0.032745
v -0.659668 0.701658 0.027685
v -0.686339 0.707652 0.013354
v -0.678355 0.710261 0.010802
v -0.675986 0.709170 0.015682
v -0.674658 0.718293 0.010802
v -0.676117 0.718965 0.005507
v -0.677841 0.724898 0.006312
v -0.678405 0.725157 0.000000
v -0.675992 0.730401 0.000000
v -0.677841 0.724898 -0.006312
v -0.676117 0.718965 -0.005507
v -0.674658 0.718293 -0.010802
v -0.678355 0.710261 -0.010802
v -0.675986 0.709170 -0.015682
v -0.686339 0.707652 -0.013354
v -0.679814 0.710933 -0.005507
v -0.680307 0.711160 0.000000
v -0.676609 0.719192 0.000000
v -0.679814 0.710933 0.005507
v -0.654750 0.714267 -0.031732
v -0.652336 0.719511 -0.031732
v -0.649016 0.711628 -0.032354
v -0.657849 0.722049 -0.029891
v -0.659765 0.722526 -0.034575
v -0.665643 0.725231 -0.031117
v -0.663537 0.729806 -0.031117
v -0.668688 0.732177 -0.026463
v -0.658896 0.727669 -0.023470
v -0.654463 0.725629 -0.026079
v -0.664332 0.730172 -0.021667
v -0.665688 0.736340 -0.017024
v -0.657660 0.727100 -0.034575
v -0.653388 0.719590 -0.036705
v -0.646756 0.716537 -0.037424
v -0.668185 0.737490 0.000000
v -0.619009 0.709307 0.000000
v -0.633747 0.710548 0.034575
v -0.642544 0.725686 0.030642
v -0.648006 0.647618 -0.005507
v -0.639068 0.649788 0.000000
v -0.647513 0.647391 0.000000
v -0.648006 0.647618 0.005507
v -0.651211 0.639359 0.000000
v -0.702493 0.662968 0.000000
v -0.440384 0.790440 0.028228
v -0.440759 0.784946 0.027685
v -0.440008 0.795934 0.027685
v -0.475564 0.792843 0.028228
v -0.475189 0.798338 0.027685
v -0.474828 0.803621 0.026079
v -0.475156 0.798807 0.030053
v -0.474765 0.804542 0.028309
v -0.479789 0.804886 0.028309
v -0.474404 0.809828 0.025478
v -0.479428 0.810171 0.025478
v -0.479519 0.808833 0.023470
v -0.479111 0.814803 0.021667
v -0.479852 0.803964 0.026079
v -0.480213 0.798681 0.027685
v -0.479612 0.807475 0.034575
v -0.479171 0.813930 0.031117
v -0.484196 0.814273 0.031117
v -0.478785 0.819588 0.026463
v -0.483809 0.819931 0.026463
v -0.483686 0.816329 0.022878
v -0.483492 0.824574 0.020791
v -0.484020 0.811438 0.026901
v -0.489779 0.811831 0.026901
v -0.484402 0.805857 0.029891
v -0.489445 0.816723 0.022878
v -0.494301 0.814130 0.019960
v -0.489171 0.820737 0.017975
v -0.494592 0.809862 0.023470
v -0.556345 0.814081 0.023470
v -0.494925 0.804994 0.026079
v -0.556053 0.818349 0.019960
v -0.555814 0.821851 0.015682
v -0.558482 0.782789 0.023470
v -0.558774 0.778522 0.019960
v -0.559013 0.775020 0.015682
v -0.497022 0.774303 0.019960
v -0.497261 0.770801 0.015682
v -0.492838 0.767060 0.017975
v -0.497439 0.768198 0.010802
v -0.493042 0.764077 0.012381
v -0.487283 0.763683 0.012381
v -0.493167 0.762240 0.006312
v -0.487408 0.761846 0.006312
v -0.488115 0.756911 0.007301
v -0.487451 0.761226 -0.000000
v -0.488164 0.756193 -0.000000
v -0.483139 0.755850 -0.000000
v -0.488115 0.756911 -0.007301
v -0.487408 0.761846 -0.006312
v -0.493167 0.762240 -0.006312
v -0.487283 0.763683 -0.012381
v -0.493042 0.764077 -0.012381
v -0.497439 0.768198 -0.010802
v -0.492838 0.767060 -0.017975
v -0.497261 0.770801 -0.015682
v -0.559013 0.775020 -0.015682
v -0.497022 0.774303 -0.019960
v -0.558774 0.778522 -0.019960
v -0.558482 0.782789 -0.023470
v -0.556053 0.818349 -0.019960
v -0.556345 0.814081 -0.023470
v -0.556677 0.809213 -0.026079
v -0.494592 0.809862 -0.023470
v -0.494925 0.804994 -0.026079
v -0.490160 0.806251 -0.029891
v -0.495286 0.799711 -0.027685
v -0.489779 0.811831 -0.026901
v -0.484020 0.811438 -0.026901
v -0.489445 0.816723 -0.022878
v -0.484402 0.805857 -0.029891
v -0.484637 0.807818 -0.034575
v -0.484815 0.799802 -0.031732
v -0.484196 0.814273 -0.031117
v -0.479171 0.813930 -0.031117
v -0.483809 0.819931 -0.026463
v -0.479612 0.807475 -0.034575
v -0.479852 0.803964 -0.026079
v -0.480091 0.800471 -0.036705
v -0.480213 0.798681 -0.027685
v -0.480181 0.799151 -0.030053
v -0.480588 0.793187 -0.028228
v -0.479789 0.804886 -0.028309
v -0.474765 0.804542 -0.028309
v -0.479428 0.810171 -0.025478
v -0.475156 0.798807 -0.030053
v -0.475189 0.798338 -0.027685
v -0.475564 0.792843 -0.030642
v -0.475564 0.792843 -0.028228
v -0.440384 0.790440 -0.028228
v -0.475939 0.787349 -0.027685
v -0.440759 0.784946 -0.027685
v -0.475971 0.786879 -0.030053
v -0.480996 0.787223 -0.030053
v -0.476363 0.781145 -0.028309
v -0.480588 0.793187 -0.030642
v -0.481388 0.781488 -0.028309
v -0.476724 0.775859 -0.025478
v -0.476300 0.782066 -0.026079
v -0.441120 0.779663 -0.026079
v -0.476633 0.777197 -0.023470
v -0.441453 0.774794 -0.023470
v -0.441744 0.770526 -0.019960
v -0.439315 0.806086 -0.023470
v -0.439647 0.801217 -0.026079
v -0.474495 0.808489 -0.023470
v -0.439023 0.810353 -0.019960
v -0.474203 0.812757 -0.019960
v -0.473964 0.816259 -0.015682
v -0.474087 0.814460 -0.021667
v -0.473827 0.818262 -0.017024
v -0.478852 0.818605 -0.017024
v -0.473634 0.821087 -0.011726
v -0.478659 0.821430 -0.011726
v -0.478811 0.819205 -0.010802
v -0.478540 0.823170 -0.005978
v -0.478989 0.816603 -0.015682
v -0.479228 0.813100 -0.019960
v -0.478467 0.824231 -0.020791
v -0.478232 0.827681 -0.014321
v -0.483256 0.828025 -0.014321
v -0.478086 0.829806 -0.007301
v -0.483111 0.830149 -0.007301
v -0.483083 0.825163 -0.006312
v -0.483062 0.830867 -0.000000
v -0.483208 0.823326 -0.012381
v -0.488967 0.823720 -0.012381
v -0.483412 0.820344 -0.017975
v -0.488841 0.825557 -0.006312
v -0.493774 0.821837 -0.005507
v -0.488799 0.826177 -0.000000
v -0.493884 0.820235 -0.010802
v -0.555636 0.824454 -0.010802
v -0.494062 0.817632 -0.015682
v -0.555526 0.826056 -0.005507
v -0.555489 0.826597 -0.000000
v -0.559300 0.770815 -0.005507
v -0.559191 0.772417 -0.010802
v -0.497549 0.766596 -0.005507
v -0.555814 0.821851 -0.015682
v -0.494301 0.814130 -0.019960
v -0.489171 0.820737 -0.017975
v -0.483686 0.816329 -0.022878
v -0.483492 0.824574 -0.020791
v -0.478785 0.819588 -0.026463
v -0.479519 0.808833 -0.023470
v -0.479111 0.814803 -0.021667
v -0.474404 0.809828 -0.025478
v -0.474828 0.803621 -0.026079
v -0.440008 0.795934 -0.027685
v -0.497585 0.766055 -0.000000
v -0.493210 0.761620 -0.000000
v -0.497549 0.766596 0.005507
v -0.559300 0.770815 0.005507
v -0.559191 0.772417 0.010802
v -0.555636 0.824454 0.010802
v -0.555526 0.826056 0.005507
v -0.493884 0.820235 0.010802
v -0.494062 0.817632 0.015682
v -0.488967 0.823720 0.012381
v -0.483208 0.823326 0.012381
v -0.488841 0.825557 0.006312
v -0.483412 0.820344 0.017975
v -0.483256 0.828025 0.014321
v -0.478232 0.827681 0.014321
v -0.483111 0.830149 0.007301
v -0.478467 0.824231 0.020791
v -0.478989 0.816603 0.015682
v -0.479228 0.813100 0.019960
v -0.478852 0.818605 0.017024
v -0.473827 0.818262 0.017024
v -0.478659 0.821430 0.011726
v -0.474087 0.814460 0.021667
v -0.474203 0.812757 0.019960
v -0.474495 0.808489 0.023470
v -0.439315 0.806086 0.023470
v -0.439647 0.801217 0.026079
v -0.441120 0.779663 0.026079
v -0.441453 0.774794 0.023470
v -0.476633 0.777197 0.023470
v -0.441744 0.770526 0.019960
v -0.439023 0.810353 0.019960
v -0.476300 0.782066 0.026079
v -0.476363 0.781145 0.028309
v -0.475939 0.787349 0.027685
v -0.476724 0.775859 0.025478
v -0.481749 0.776203 0.025478
v -0.477041 0.771227 0.021667
v -0.481388 0.781488 0.028309
v -0.481325 0.782410 0.026079
v -0.480996 0.787223 0.030053
v -0.480964 0.787693 0.027685
v -0.481086 0.785903 0.036705
v -0.480588 0.793187 0.028228
v -0.481564 0.778899 0.034575
v -0.486589 0.779242 0.034575
v -0.482006 0.772444 0.031117
v -0.486110 0.786246 0.036705
v -0.485676 0.787208 0.031732
v -0.485613 0.793530 0.037424
v -0.485245 0.793505 0.032354
v -0.491004 0.793898 0.032354
v -0.484815 0.799802 0.031732
v -0.490574 0.800196 0.031732
v -0.485115 0.800814 0.036705
v -0.480091 0.800471 0.036705
v -0.484637 0.807818 0.034575
v -0.480588 0.793187 0.037424
v -0.495286 0.799711 0.027685
v -0.490160 0.806251 0.029891
v -0.495661 0.794217 0.028228
v -0.557413 0.798435 0.028228
v -0.496037 0.788722 0.027685
v -0.557038 0.803930 0.027685
v -0.491435 0.787601 0.031732
v -0.491848 0.781546 0.029891
v -0.486089 0.781152 0.029891
v -0.486471 0.775572 0.026901
v -0.487030 0.772787 0.031117
v -0.487416 0.767129 0.026463
v -0.482392 0.766786 0.026463
v -0.482709 0.762142 0.020791
v -0.481949 0.773273 0.019960
v -0.481657 0.777541 0.023470
v -0.482065 0.771570 0.021667
v -0.482325 0.767768 0.017024
v -0.477301 0.767425 0.017024
v -0.477494 0.764600 0.011726
v -0.477164 0.769428 0.015682
v -0.476924 0.772930 0.019960
v -0.441984 0.767024 0.015682
v -0.442161 0.764422 0.010802
v -0.438784 0.813856 0.015682
v -0.438606 0.816458 0.010802
v -0.473964 0.816259 0.015682
v -0.473786 0.818862 0.010802
v -0.473677 0.820464 0.005507
v -0.473634 0.821087 0.011726
v -0.473516 0.822827 0.005978
v -0.478540 0.823170 0.005978
v -0.473475 0.823414 -0.000000
v -0.478500 0.823757 -0.000000
v -0.478664 0.821349 -0.000000
v -0.478701 0.820808 -0.005507
v -0.473516 0.822827 -0.005978
v -0.478701 0.820808 0.005507
v -0.478811 0.819205 0.010802
v -0.478086 0.829806 0.007301
v -0.478037 0.830523 -0.000000
v -0.473677 0.820464 -0.005507
v -0.473786 0.818862 -0.010802
v -0.438606 0.816458 -0.010802
v -0.438784 0.813856 -0.015682
v -0.441984 0.767024 -0.015682
v -0.442161 0.764422 -0.010802
v -0.477164 0.769428 -0.015682
v -0.476924 0.772930 -0.019960
v -0.477041 0.771227 -0.021667
v -0.477301 0.767425 -0.017024
v -0.482325 0.767768 -0.017024
v -0.477494 0.764600 -0.011726
v -0.482065 0.771570 -0.021667
v -0.481949 0.773273 -0.019960
v -0.481749 0.776203 -0.025478
v -0.481657 0.777541 -0.023470
v -0.482006 0.772444 -0.031117
v -0.481325 0.782410 -0.026079
v -0.482392 0.766786 -0.026463
v -0.487416 0.767129 -0.026463
v -0.482709 0.762142 -0.020791
v -0.487030 0.772787 -0.031117
v -0.486471 0.775572 -0.026901
v -0.486589 0.779242 -0.034575
v -0.486089 0.781152 -0.029891
v -0.491848 0.781546 -0.029891
v -0.485676 0.787208 -0.031732
v -0.491435 0.787601 -0.031732
v -0.496037 0.788722 -0.027685
v -0.491004 0.793898 -0.032354
v -0.495661 0.794217 -0.028228
v -0.557413 0.798435 -0.028228
v -0.557038 0.803930 -0.027685
v -0.490574 0.800196 -0.031732
v -0.485245 0.793505 -0.032354
v -0.485613 0.793530 -0.037424
v -0.485115 0.800814 -0.036705
v -0.486110 0.786246 -0.036705
v -0.481086 0.785903 -0.036705
v -0.481564 0.778899 -0.034575
v -0.480964 0.787693 -0.027685
v -0.480588 0.793187 -0.037424
v -0.557789 0.792941 -0.027685
v -0.558150 0.787658 -0.026079
v -0.496398 0.783439 -0.026079
v -0.496730 0.778571 -0.023470
v -0.492229 0.775965 -0.026901
v -0.492564 0.771074 -0.022878
v -0.486805 0.770680 -0.022878
v -0.487079 0.766666 -0.017975
v -0.487734 0.762486 -0.020791
v -0.487969 0.759035 -0.014321
v -0.482945 0.758692 -0.014321
v -0.483090 0.756568 -0.007301
v -0.482366 0.767168 -0.010802
v -0.482188 0.769771 -0.015682
v -0.482518 0.764943 -0.011726
v -0.482637 0.763204 -0.005978
v -0.477612 0.762860 -0.005978
v -0.477653 0.762273 -0.000000
v -0.477451 0.765223 -0.005507
v -0.477342 0.766825 -0.010802
v -0.442271 0.762819 -0.005507
v -0.442308 0.762278 -0.000000
v -0.438497 0.818061 -0.005507
v -0.438460 0.818602 -0.000000
v -0.473640 0.821005 -0.000000
v -0.438497 0.818061 0.005507
v -0.442271 0.762819 0.005507
v -0.477451 0.765223 0.005507
v -0.477342 0.766825 0.010802
v -0.477612 0.762860 0.005978
v -0.482637 0.763204 0.005978
v -0.482518 0.764943 0.011726
v -0.482366 0.767168 0.010802
v -0.482188 0.769771 0.015682
v -0.482945 0.758692 0.014321
v -0.487969 0.759035 0.014321
v -0.483090 0.756568 0.007301
v -0.487734 0.762486 0.020791
v -0.487079 0.766666 0.017975
v -0.486805 0.770680 0.022878
v -0.492564 0.771074 0.022878
v -0.492229 0.775965 0.026901
v -0.496730 0.778571 0.023470
v -0.496398 0.783439 0.026079
v -0.558150 0.787658 0.026079
v -0.557789 0.792941 0.027685
v -0.556677 0.809213 0.026079
v -0.482475 0.765566 0.005507
v -0.482512 0.765025 -0.000000
v -0.482677 0.762616 -0.000000
v -0.482475 0.765566 -0.005507
v -0.477488 0.764681 -0.000000
v -0.480588 0.793187 0.030642
v -0.480181 0.799151 0.030053
v -0.475564 0.792843 0.030642
v -0.475971 0.786879 0.030053
v -0.483083 0.825163 0.006312
v -0.483040 0.825784 -0.000000
v -0.493774 0.821837 0.005507
v -0.493737 0.822379 -0.000000
v -0.559337 0.770274 -0.000000
v -0.675803 0.652234 -0.042234
v -0.647888 0.641624 -0.029864
v -0.703719 0.662845 -0.029864
v -0.688674 0.618372 -0.062777
v -0.730168 0.634143 -0.044390
v -0.647180 0.602601 -0.044390
v -0.641161 0.576881 -0.059154
v -0.629993 0.596068 0.000000
v -0.618258 0.568176 0.000000
v -0.645526 0.545785 0.000000
v -0.641161 0.576881 0.059154
v -0.647180 0.602601 0.044390
v -0.663630 0.552666 0.046755
v -0.663630 0.552666 -0.046755
v -0.682028 0.528142 -0.038270
v -0.707334 0.569277 -0.066122
v -0.717801 0.541739 -0.054122
v -0.724496 0.524123 -0.046599
v -0.753574 0.555335 -0.038270
v -0.751039 0.585889 -0.046755
v -0.751750 0.618914 -0.059154
v -0.769142 0.592769 0.000000
v -0.774654 0.627620 0.000000
v -0.747355 0.640676 0.000000
v -0.751750 0.618914 0.059154
v -0.730168 0.634143 0.044390
v -0.751039 0.585889 0.046755
v -0.753574 0.555335 0.038270
v -0.707334 0.569277 0.066122
v -0.717801 0.541739 0.054122
v -0.724496 0.524123 0.046599
v -0.682028 0.528142 0.038270
v -0.693695 0.512416 0.032951
v -0.667211 0.522510 0.000000
v -0.680937 0.507567 0.000000
v -0.693695 0.512416 -0.032951
v -0.703065 0.491778 -0.031525
v -0.732533 0.502979 -0.044583
v -1.006325 -0.217369 -0.000574
v -0.762001 0.514179 -0.031525
v -0.755297 0.535830 -0.032951
v -0.768055 0.540680 0.000000
v -0.768392 0.560967 0.000000
v -0.755297 0.535830 0.032951
v -0.762001 0.514179 0.031525
v -0.732533 0.502979 0.044583
v -1.006325 -0.217369 0.000574
v -0.703065 0.491778 0.031525
v -1.005946 -0.217513 0.000406
v -0.690859 0.487139 0.000000
v -1.005789 -0.217573 0.000000
v -1.005946 -0.217513 -0.000406
v -1.006705 -0.217224 -0.000406
v -1.006862 -0.217165 0.000000
v -1.006705 -0.217224 0.000406
v -0.774207 0.518818 0.000000
v -0.696456 0.597898 0.083656
v -0.688674 0.618372 0.062777
v -0.675803 0.652234 0.042234
v -0.647888 0.641624 0.029864
v -0.703719 0.662845 0.029864
v -0.715282 0.667240 0.000000
v -0.636325 0.637229 0.000000
v -0.696456 0.597898 -0.083656
vn -0.1024 -0.9435 -0.3151
vn 0.2680 -0.9435 -0.1947
vn 0.2680 -0.9435 0.1947
vn -0.1024 -0.9435 0.3151
vn -0.3313 -0.9435 -0.0000
vn -0.4713 -0.6617 0.5831
vn -0.7002 -0.6617 0.2680
vn -0.1876 -0.7947 0.5773
vn -0.6071 -0.7947 -0.0000
vn -0.7002 -0.6617 -0.2680
vn -0.9050 -0.3304 -0.2680
vn -0.9050 -0.3304 0.2680
vn -0.9822 -0.1876 -0.0000
vn -0.8897 0.3304 0.3151
vn -0.9921 0.1256 -0.0000
vn -0.8026 -0.1256 0.5831
vn -0.7947 0.1876 0.5773
vn -0.5346 -0.3304 0.7779
vn -0.5746 0.3304 0.7488
vn -0.3066 0.1256 0.9435
vn -0.3035 -0.1876 0.9342
vn 0.0247 0.3304 0.9435
vn 0.3066 -0.1256 0.9435
vn -0.0247 -0.3304 0.9435
vn 0.3035 0.1876 0.9342
vn 0.5746 -0.3304 0.7488
vn 0.5346 0.3304 0.7779
vn 0.8026 0.1256 0.5831
vn 0.7947 -0.1876 0.5773
vn 0.4089 -0.6617 0.6284
vn 0.8897 -0.3304 0.3151
vn 0.7240 -0.6617 0.1947
vn 0.4911 -0.7947 0.3568
vn 0.8897 -0.3304 -0.3151
vn 0.7240 -0.6617 -0.1947
vn 0.9921 -0.1256 -0.0000
vn 0.9050 0.3304 -0.2680
vn 0.8026 0.1256 -0.5831
vn 0.9822 0.1876 -0.0000
vn 0.7947 -0.1876 -0.5773
vn 0.5346 0.3304 -0.7779
vn 0.3066 -0.1256 -0.9435
vn 0.5746 -0.3304 -0.7488
vn 0.3035 0.1876 -0.9342
vn -0.0247 -0.3304 -0.9435
vn 0.0247 0.3304 -0.9435
vn -0.3066 0.1256 -0.9435
vn -0.3035 -0.1876 -0.9342
vn 0.0385 -0.6617 -0.7488
vn -0.5346 -0.3304 -0.7779
vn -0.4713 -0.6617 -0.5831
vn -0.1876 -0.7947 -0.5773
vn -0.5746 0.3304 -0.7488
vn -0.8026 -0.1256 -0.5831
vn -0.7947 0.1876 -0.5773
vn -0.4089 0.6617 -0.6284
vn -0.7240 0.6617 -0.1947
vn -0.8897 0.3304 -0.3151
vn -0.4911 0.7947 -0.3568
vn -0.2680 0.9435 0.1947
vn -0.2680 0.9435 -0.1947
vn -0.7240 0.6617 0.1947
vn -0.4911 0.7947 0.3568
vn -0.0385 0.6617 0.7488
vn -0.4089 0.6617 0.6284
vn 0.1024 0.9435 0.3151
vn 0.1876 0.7947 0.5773
vn 0.7002 0.6617 0.2680
vn 0.4713 0.6617 0.5831
vn 0.3313 0.9435 -0.0000
vn 0.6071 0.7947 -0.0000
vn 0.4713 0.6617 -0.5831
vn 0.7002 0.6617 -0.2680
vn 0.1024 0.9435 -0.3151
vn 0.1876 0.7947 -0.5773
vn -0.0385 0.6617 -0.7488
vn 0.4089 -0.6617 -0.6284
vn 0.9050 0.3304 0.2680
vn 0.4911 -0.7947 -0.3568
vn 0.0385 -0.6617 0.7488
vn 0.4182 0.9084 -0.0000
vn 0.0890 -0.0410 0.9952
vn -0.0890 0.0410 0.9952
vn 0.2637 -0.1214 0.9569
vn 0.4282 -0.1971 0.8819
vn -0.4182 -0.9084 -0.0000
vn 0.5763 -0.2653 0.7730
vn 0.7022 -0.3233 0.6344
vn -0.4682 -0.8824 -0.0462
vn -0.4590 -0.8867 -0.0562
vn -0.4482 -0.8916 -0.0642
vn 0.1565 -0.7992 0.5804
vn 0.2510 -0.8427 0.4763
vn 0.0453 -0.7480 0.6622
vn 0.7749 0.4779 0.4137
vn 0.6928 0.5157 0.5041
vn 0.9015 0.0253 0.4320
vn 0.8108 0.0670 0.5814
vn 0.8394 0.4482 0.3074
vn 0.9015 0.0253 0.4321
vn 0.8693 -0.4002 0.2903
vn 0.8011 -0.3688 0.4714
vn 0.9640 -0.0034 0.2660
vn 0.6294 -0.7301 0.2660
vn 0.6613 -0.7447 0.0898
vn 0.9040 -0.4162 0.0980
vn 0.2054 -0.9292 0.3074
vn 0.2498 -0.9496 0.1893
vn 0.5670 -0.7013 0.4321
vn 0.1409 -0.8995 0.4137
vn -0.8693 0.4002 0.2903
vn -0.8011 0.3688 0.4714
vn -0.9040 0.4162 0.0980
vn -0.8839 -0.4277 0.1893
vn -0.9065 -0.4173 0.0639
vn -0.9065 -0.4173 -0.0639
vn -0.9958 0.0181 -0.0898
vn -0.9958 0.0181 0.0898
vn -0.8693 0.4002 -0.2903
vn -0.9040 0.4162 -0.0980
vn -0.8839 -0.4277 -0.1893
vn -0.8692 0.4002 -0.2903
vn -0.8011 0.3688 -0.4714
vn 0.8693 -0.4002 -0.2903
vn 0.8011 -0.3688 -0.4714
vn 0.7022 -0.3233 -0.6344
vn 0.1409 -0.8995 -0.4137
vn 0.2054 -0.9292 -0.3074
vn 0.2498 -0.9496 -0.1893
vn 0.5670 -0.7013 -0.4321
vn 0.6294 -0.7301 -0.2660
vn 0.6613 -0.7447 -0.0898
vn 0.9040 -0.4162 -0.0980
vn 0.9640 -0.0034 -0.2660
vn 0.9015 0.0253 -0.4321
vn 0.9015 0.0253 -0.4320
vn 0.8108 0.0671 -0.5814
vn 0.8394 0.4482 -0.3074
vn 0.7749 0.4779 -0.4137
vn 0.5763 -0.2653 -0.7730
vn 0.6928 0.5157 -0.5041
vn 0.4282 -0.1971 -0.8819
vn 0.0453 -0.7480 -0.6622
vn 0.1565 -0.7992 -0.5804
vn 0.2510 -0.8427 -0.4763
vn -0.4590 -0.8867 0.0562
vn -0.4482 -0.8916 0.0642
vn -0.4682 -0.8824 0.0462
vn 0.2637 -0.1214 -0.9569
vn 0.0890 -0.0410 -0.9952
vn -0.0890 0.0410 -0.9952
vn -0.2637 0.1214 -0.9569
vn -0.4282 0.1971 -0.8819
vn 0.4182 0.9084 0.0001
vn -0.4754 -0.8791 0.0343
vn -0.4803 -0.8768 0.0211
vn 0.7022 -0.3232 -0.6344
vn 0.3253 -0.8769 -0.3539
vn 0.3765 -0.9004 -0.2179
vn 0.8839 0.4277 -0.1893
vn 0.9958 -0.0181 -0.0898
vn 0.9065 0.4173 -0.0639
vn 0.9958 -0.0181 0.0898
vn 0.9640 -0.0034 0.2661
vn 0.9065 0.4173 0.0639
vn 0.8839 0.4277 0.1893
vn 0.3253 -0.8769 0.3539
vn 0.3765 -0.9004 0.2179
vn 0.7022 -0.3232 0.6344
vn -0.4754 -0.8791 -0.0343
vn -0.4803 -0.8768 -0.0211
vn 0.4182 0.9084 -0.0001
vn -0.4282 0.1971 0.8819
vn -0.2637 0.1214 0.9569
vn -0.4106 -0.9089 -0.0724
vn -0.4235 -0.9030 -0.0724
vn -0.2094 -0.6308 0.7472
vn -0.0782 -0.6911 0.7185
vn -0.2093 -0.6307 0.7472
vn -0.3431 -0.5692 0.7472
vn 0.4890 0.6095 0.6240
vn 0.3751 0.6619 0.6490
vn 0.5597 0.1826 0.8083
vn 0.4089 0.2521 0.8771
vn 0.5963 0.5601 0.5751
vn 0.6954 0.1202 0.7085
vn 0.3609 -0.6065 0.7085
vn 0.4763 -0.6596 0.5814
vn -0.0378 -0.8172 0.5751
vn 0.0588 -0.8617 0.5041
vn 0.2252 -0.5440 0.8083
vn -0.1451 -0.7678 0.6240
vn -0.7022 0.3233 0.6344
vn -0.5763 0.2653 0.7730
vn -0.7749 -0.4779 0.4137
vn -0.8394 -0.4482 0.3074
vn -0.9015 -0.0253 0.4320
vn -0.9639 0.0034 0.2661
vn -0.6613 0.7447 -0.0898
vn -0.6613 0.7447 0.0898
vn -0.9639 0.0034 -0.2661
vn -0.8394 -0.4482 -0.3074
vn -0.9015 -0.0253 -0.4320
vn -0.7022 0.3233 -0.6344
vn -0.7749 -0.4779 -0.4137
vn -0.5763 0.2653 -0.7730
vn -0.0378 -0.8172 -0.5751
vn 0.0588 -0.8617 -0.5041
vn 0.3609 -0.6065 -0.7085
vn 0.4763 -0.6596 -0.5814
vn 0.6954 0.1202 -0.7085
vn 0.5597 0.1826 -0.8083
vn 0.5963 0.5601 -0.5751
vn 0.4890 0.6095 -0.6240
vn -0.2094 -0.6307 -0.7472
vn -0.0782 -0.6911 -0.7185
vn -0.4235 -0.9030 0.0724
vn -0.4363 -0.8971 0.0696
vn -0.4828 -0.8757 -0.0071
vn -0.4828 -0.8757 0.0071
vn 0.4025 -0.9124 0.0736
vn 0.4025 -0.9124 -0.0736
vn 0.3765 -0.9004 -0.2180
vn 0.8692 -0.4002 0.2903
vn -0.3751 -0.9253 -0.0563
vn -0.3859 -0.9203 -0.0642
vn -0.3979 -0.9148 -0.0696
vn -0.4742 -0.5088 0.7185
vn -0.5977 -0.4520 0.6622
vn -0.7089 -0.4008 0.5804
vn -0.3660 -0.9295 -0.0462
vn -0.3588 -0.9328 -0.0343
vn -0.8692 0.4002 0.2903
vn -0.3588 -0.9328 0.0343
vn -0.3660 -0.9295 0.0462
vn -0.3751 -0.9253 0.0563
vn -0.5977 -0.4520 -0.6622
vn -0.7089 -0.4008 -0.5804
vn -0.4742 -0.5088 -0.7185
vn 0.1451 0.7678 -0.6240
vn 0.2590 0.7154 -0.6490
vn -0.2252 0.5440 -0.8083
vn -0.0744 0.4746 -0.8771
vn 0.0378 0.8172 -0.5751
vn -0.3609 0.6065 -0.7085
vn -0.4089 -0.2521 -0.8771
vn -0.5597 -0.1827 -0.8083
vn -0.3751 -0.6619 -0.6490
vn -0.4890 -0.6095 -0.6240
vn -0.2489 -0.3257 -0.9121
vn -0.2590 -0.7154 -0.6490
vn -0.1451 -0.7678 -0.6240
vn -0.0857 -0.4009 -0.9121
vn 0.0744 -0.4746 -0.8771
vn 0.2252 -0.5440 -0.8083
vn 0.4089 0.2521 -0.8771
vn 0.2489 0.3258 -0.9121
vn 0.0857 0.4009 -0.9121
vn 0.3751 0.6619 -0.6490
vn -0.2489 -0.3258 -0.9121
vn -0.5962 -0.5601 -0.5751
vn -0.5963 -0.5601 -0.5751
vn -0.6928 -0.5157 -0.5041
vn -0.5597 -0.1826 -0.8083
vn -0.6954 -0.1202 -0.7085
vn -0.8108 -0.0670 -0.5814
vn -0.5670 0.7013 -0.4321
vn -0.4763 0.6596 -0.5814
vn -0.1409 0.8995 -0.4137
vn -0.0588 0.8616 -0.5041
vn -0.7022 0.3232 -0.6344
vn -0.8034 -0.3573 -0.4763
vn -0.8777 -0.3231 -0.3539
vn -0.3538 -0.9351 0.0211
vn -0.3513 -0.9362 0.0071
vn -0.3538 -0.9351 -0.0211
vn -0.3513 -0.9362 -0.0071
vn -0.8034 -0.3573 0.4763
vn -0.8777 -0.3231 0.3539
vn -0.7022 0.3232 0.6344
vn -0.0588 0.8616 0.5041
vn 0.0378 0.8172 0.5751
vn -0.0588 0.8617 0.5041
vn -0.4763 0.6596 0.5814
vn -0.3609 0.6065 0.7085
vn -0.1409 0.8995 0.4137
vn -0.5670 0.7013 0.4321
vn -0.6954 -0.1202 0.7085
vn -0.8108 -0.0670 0.5814
vn -0.5963 -0.5601 0.5751
vn -0.6928 -0.5157 0.5041
vn -0.5597 -0.1826 0.8083
vn -0.5962 -0.5601 0.5751
vn -0.4890 -0.6095 0.6240
vn -0.2590 -0.7154 0.6490
vn -0.3751 -0.6619 0.6490
vn -0.0857 -0.4009 0.9121
vn 0.0744 -0.4746 0.8771
vn 0.2489 0.3257 0.9121
vn 0.2489 0.3258 0.9121
vn 0.2590 0.7154 0.6490
vn 0.0857 0.4009 0.9121
vn -0.0744 0.4746 0.8771
vn -0.2489 -0.3258 0.9121
vn -0.2252 0.5440 0.8083
vn 0.1451 0.7678 0.6240
vn -0.4089 -0.2521 0.8771
vn -0.5597 -0.1827 0.8083
vn -0.2489 -0.3257 0.9121
vn -0.8108 -0.0670 0.5815
vn -0.6294 0.7301 0.2661
vn -0.5670 0.7013 0.4320
vn -0.2498 0.9496 0.1893
vn -0.2054 0.9291 0.3074
vn -0.2054 0.9292 0.3074
vn -0.1409 0.8994 0.4137
vn -0.9289 -0.2995 0.2179
vn -0.9289 -0.2995 0.2180
vn -0.9549 -0.2875 0.0736
vn -0.9289 -0.2995 -0.2180
vn -0.9549 -0.2875 -0.0736
vn -0.2054 0.9291 -0.3074
vn -0.2054 0.9292 -0.3074
vn -0.6294 0.7301 -0.2661
vn -0.5670 0.7013 -0.4320
vn -0.2498 0.9496 -0.1893
vn -0.2725 0.9600 -0.0639
vn -0.2725 0.9600 0.0639
vn -0.9015 -0.0253 0.4321
vn -0.8108 -0.0670 -0.5815
vn -0.3431 -0.5692 -0.7472
vn -0.3979 -0.9148 0.0696
vn -0.3859 -0.9203 0.0642
vn -0.4106 -0.9089 0.0724
vn -0.2093 -0.6307 -0.7472
vn 0.8108 0.0671 0.5814
vn -0.4363 -0.8971 -0.0696
vn 0.2725 -0.9600 -0.0639
vn 0.2725 -0.9600 0.0639
vn -0.0067 -0.0978 0.9952
vn 0.9977 -0.0682 0.0001
vn 0.0067 0.0978 0.9952
vn 0.0198 0.2896 0.9569
vn 0.9977 -0.0682 -0.0001
vn 0.9977 -0.0682 -0.0000
vn 0.0321 0.4703 0.8819
vn -0.9977 0.0682 -0.0000
vn -0.9977 0.0682 -0.0001
vn 0.0432 0.6329 0.7730
vn -0.9982 0.0219 -0.0563
vn -0.9989 0.0119 -0.0462
vn 0.0527 0.7712 0.6344
vn -0.9974 0.0338 -0.0642
vn -0.6194 0.6241 0.4763
vn -0.6265 0.5202 0.5804
vn -0.6348 0.3981 0.6622
vn -0.0432 -0.6329 0.7730
vn -0.0527 -0.7712 0.6344
vn -0.0601 -0.8799 0.4714
vn -0.7041 -0.6156 0.3539
vn -0.6985 -0.5340 0.4763
vn -0.7079 -0.6718 0.2179
vn -0.0652 -0.9547 0.2903
vn -0.0678 -0.9929 0.0980
vn -0.9901 0.1402 -0.0071
vn -0.9903 0.1375 -0.0211
vn -0.9901 0.1402 0.0071
vn -0.0678 -0.9929 -0.0980
vn -0.0652 -0.9547 -0.2903
vn -0.9903 0.1375 0.0211
vn -0.7079 -0.6718 -0.2179
vn -0.7041 -0.6156 -0.3539
vn -0.0601 -0.8799 -0.4714
vn -0.0527 -0.7712 -0.6344
vn -0.6985 -0.5340 -0.4763
vn -0.0432 -0.6329 -0.7730
vn 0.0321 0.4703 -0.8819
vn 0.0432 0.6329 -0.7730
vn 0.0198 0.2896 -0.9569
vn -0.6348 0.3981 -0.6622
vn -0.6441 0.2625 -0.7185
vn -0.6265 0.5202 -0.5804
vn -0.9974 0.0338 0.0642
vn -0.9965 0.0469 0.0696
vn -0.9982 0.0219 0.0563
vn 0.0067 0.0978 -0.9952
vn -0.0067 -0.0978 -0.9952
vn -0.0198 -0.2896 -0.9569
vn -0.0321 -0.4703 -0.8819
vn 0.0527 0.7712 -0.6344
vn 0.0601 0.8799 -0.4714
vn 0.0652 0.9547 -0.2903
vn -1.0000 -0.0043 0.0071
vn -0.9998 -0.0015 0.0211
vn 0.0678 0.9929 -0.0980
vn -0.9994 0.0040 0.0343
vn -0.6080 0.7905 -0.0736
vn -0.6100 0.7618 -0.2180
vn -0.6100 0.7619 -0.2180
vn -0.6138 0.7057 -0.3539
vn -0.6194 0.6241 -0.4763
vn -0.9989 0.0119 0.0462
vn -0.9994 0.0039 0.0343
vn -0.9977 0.0682 0.0001
vn -0.7099 -0.7005 -0.0736
vn -0.7079 -0.6718 -0.2180
vn -0.7099 -0.7005 0.0736
vn -0.7079 -0.6718 0.2180
vn 0.0652 0.9547 0.2903
vn 0.0601 0.8799 0.4714
vn -0.6138 0.7057 0.3539
vn -0.6100 0.7619 0.2179
vn -0.9994 0.0040 -0.0343
vn -0.9994 0.0039 -0.0343
vn -0.9998 -0.0015 -0.0211
vn -0.0321 -0.4703 0.8819
vn -0.0198 -0.2896 0.9569
vn -0.9936 0.0891 -0.0696
vn -0.9945 0.0751 -0.0724
vn -0.9955 0.0609 -0.0724
vn -0.9965 0.0469 -0.0696
vn -0.6441 0.2625 0.7185
vn -0.6539 0.1184 0.7472
vn -0.6640 -0.0284 0.7472
vn -0.6738 -0.1724 0.7185
vn -0.9927 0.1022 -0.0642
vn -0.9919 0.1140 -0.0563
vn 0.9977 -0.0681 -0.0000
vn 0.0678 0.9929 0.0980
vn -0.9977 0.0681 -0.0000
vn -0.9927 0.1022 0.0642
vn -0.9919 0.1140 0.0563
vn -0.9936 0.0891 0.0696
vn -0.6738 -0.1724 -0.7185
vn -0.6640 -0.0284 -0.7472
vn -0.6539 0.1184 -0.7472
vn -0.9955 0.0609 0.0724
vn -0.9945 0.0751 0.0724
vn -0.6831 -0.3081 -0.6622
vn -0.6914 -0.4302 -0.5804
vn -0.9919 0.1140 0.0562
vn -0.9912 0.1241 0.0461
vn -0.9912 0.1241 0.0462
vn -0.9907 0.1320 0.0343
vn -0.9907 0.1320 -0.0343
vn -0.9912 0.1241 -0.0461
vn -0.9912 0.1241 -0.0462
vn -0.9919 0.1140 -0.0562
vn -0.6914 -0.4302 0.5804
vn -0.6831 -0.3081 0.6622
vn -1.0000 -0.0043 -0.0071
vn -0.6080 0.7905 0.0736
vn -0.6100 0.7618 0.2180
vn 0.3553 0.9348 -0.0000
vn 0.4817 0.3134 -0.8184
vn -0.1520 0.5542 -0.8184
vn 0.9299 0.1430 -0.3390
vn 0.8829 0.3715 -0.2872
vn 0.5033 0.5158 -0.6933
vn 0.5972 -0.7273 0.3383
vn 0.5972 -0.7273 -0.3383
vn 0.8829 0.3715 0.2872
vn 0.6831 -0.6364 -0.3582
vn 0.2097 -0.4565 -0.8647
vn 0.1500 -0.5573 -0.8166
vn -0.4599 -0.2020 -0.8647
vn 0.2127 -0.4510 -0.8668
vn -0.4586 -0.1959 -0.8668
vn -0.9334 -0.0220 -0.3582
vn -0.4823 -0.3170 -0.8166
vn -0.9295 -0.1470 -0.3383
vn -0.9295 -0.1470 0.3383
vn -0.4133 0.8641 -0.2872
vn -0.4133 0.8641 0.2872
vn -0.9334 -0.0220 0.3582
vn -0.4599 -0.2020 0.8647
vn -0.4823 -0.3170 0.8166
vn -0.4586 -0.1959 0.8668
vn 0.2127 -0.4510 0.8668
vn 0.2097 -0.4565 0.8647
vn 0.6873 -0.6314 0.3590
vn 0.6831 -0.6364 0.3582
vn 0.6873 -0.6314 -0.3590
vn 0.8315 -0.4039 -0.3814
vn 0.3273 -0.2122 -0.9208
vn 0.3385 -0.1850 -0.9226
vn -0.3759 0.0865 -0.9226
vn -0.3857 0.0588 -0.9208
vn -0.8899 0.2504 -0.3814
vn -0.9332 -0.0155 -0.3590
vn -0.9332 -0.0155 0.3590
vn -0.8899 0.2504 0.3814
vn -0.3857 0.0588 0.9208
vn -0.3759 0.0865 0.9226
vn 0.3385 -0.1850 0.9226
vn 0.3273 -0.2122 0.9208
vn 0.8437 -0.3770 0.3822
vn 0.8315 -0.4039 0.3814
vn 0.8436 -0.3770 0.3824
vn 0.8436 -0.3770 -0.3824
vn 0.8437 -0.3770 -0.3822
vn -0.3554 -0.9347 0.0004
vn -0.3553 -0.9348 -0.0001
vn -0.3554 -0.9347 -0.0002
vn -0.8812 0.2786 0.3820
vn -0.3553 -0.9348 0.0002
vn -0.8812 0.2786 -0.3820
vn -0.3554 -0.9347 0.0001
vn -0.8811 0.2785 -0.3821
vn -0.8811 0.2785 0.3821
vn -0.3555 -0.9347 -0.0006
vn 0.1500 -0.5573 0.8166
vn -0.0336 0.7198 0.6933
vn 0.5033 0.5158 0.6933
vn -0.1520 0.5542 0.8184
vn 0.4817 0.3134 0.8184
vn -0.6001 0.7246 0.3390
vn -0.6001 0.7245 0.3390
vn 0.9299 0.1430 0.3390
vn -0.6001 0.7245 -0.3390
vn -0.6001 0.7246 -0.3390
vn -0.0336 0.7198 -0.6933
vt 0.683958 0.241748
vt 0.678603 0.244829
vt 0.678603 0.238668
vt 0.683958 0.291212
vt 0.678603 0.294312
vt 0.678603 0.288092
vt 0.683958 0.278831
vt 0.678603 0.281912
vt 0.678603 0.275751
vt 0.683958 0.266470
vt 0.678603 0.269570
vt 0.678603 0.263351
vt 0.678603 0.251009
vt 0.683958 0.254090
vt 0.678603 0.257190
vt 0.673248 0.266431
vt 0.673248 0.260290
vt 0.673248 0.254090
vt 0.673248 0.247929
vt 0.667893 0.251029
vt 0.667893 0.257190
vt 0.662538 0.260270
vt 0.662538 0.254090
vt 0.667893 0.263410
vt 0.662538 0.266470
vt 0.667893 0.269570
vt 0.662538 0.272651
vt 0.673248 0.272651
vt 0.667893 0.275751
vt 0.673248 0.278851
vt 0.662538 0.278851
vt 0.667893 0.281912
vt 0.673248 0.285012
vt 0.673248 0.291232
vt 0.667893 0.288092
vt 0.662538 0.291192
vt 0.662538 0.285012
vt 0.667893 0.294312
vt 0.667893 0.232487
vt 0.662538 0.235568
vt 0.662538 0.229368
vt 0.673248 0.235529
vt 0.667893 0.238609
vt 0.673248 0.297373
vt 0.673248 0.241748
vt 0.662538 0.241709
vt 0.667893 0.244829
vt 0.662538 0.247929
vt 0.657183 0.244829
vt 0.657183 0.251009
vt 0.657183 0.257190
vt 0.657183 0.263351
vt 0.651828 0.260270
vt 0.651828 0.247929
vt 0.657183 0.269570
vt 0.657183 0.275751
vt 0.651828 0.272651
vt 0.657183 0.281912
vt 0.657183 0.288092
vt 0.651828 0.285012
vt 0.657183 0.232487
vt 0.657183 0.238668
vt 0.651828 0.235548
vt 0.961982 0.638131
vt 0.961350 0.638394
vt 0.960784 0.638771
vt 0.730422 0.784208
vt 0.729471 0.786705
vt 0.729481 0.784208
vt 0.701394 0.784208
vt 0.700471 0.786705
vt 0.700462 0.784208
vt 0.730422 0.786705
vt 0.728539 0.786705
vt 0.727607 0.786705
vt 0.728539 0.789202
vt 0.727607 0.789202
vt 0.726685 0.789202
vt 0.729481 0.789202
vt 0.726675 0.789202
vt 0.727617 0.791699
vt 0.726675 0.791699
vt 0.725743 0.791699
vt 0.726685 0.791699
vt 0.727607 0.791699
vt 0.727607 0.794196
vt 0.726675 0.794196
vt 0.728539 0.791699
vt 0.727607 0.796693
vt 0.726675 0.796693
vt 0.725753 0.794196
vt 0.727607 0.797050
vt 0.726685 0.797050
vt 0.728539 0.796693
vt 0.725743 0.797050
vt 0.726685 0.797406
vt 0.725743 0.797406
vt 0.725743 0.797763
vt 0.724801 0.797763
vt 0.724801 0.797406
vt 0.724801 0.798119
vt 0.723869 0.798119
vt 0.723869 0.797763
vt 0.724801 0.798477
vt 0.723869 0.798477
vt 0.722927 0.798119
vt 0.725743 0.798833
vt 0.724801 0.798833
vt 0.725743 0.798477
vt 0.725743 0.799190
vt 0.724801 0.799190
vt 0.726685 0.798833
vt 0.690120 0.959028
vt 0.689437 0.959028
vt 0.687093 0.953341
vt 0.690789 0.958895
vt 0.723869 0.799190
vt 0.687579 0.952864
vt 0.707025 0.798833
vt 0.707005 0.799190
vt 0.706073 0.799190
vt 0.686715 0.953910
vt 0.706083 0.798833
vt 0.705141 0.799190
vt 0.707947 0.798833
vt 0.707025 0.798477
vt 0.707957 0.798477
vt 0.708889 0.798833
vt 0.708879 0.798477
vt 0.707957 0.798119
vt 0.709831 0.799190
vt 0.708889 0.799190
vt 0.709831 0.798833
vt 0.689453 0.952103
vt 0.690132 0.952094
vt 0.692472 0.957772
vt 0.710753 0.799190
vt 0.688778 0.952222
vt 0.691990 0.958257
vt 0.721986 0.799190
vt 0.721054 0.799190
vt 0.721054 0.798833
vt 0.692854 0.957206
vt 0.720122 0.799190
vt 0.720131 0.798833
vt 0.719190 0.798833
vt 0.720131 0.798477
vt 0.721063 0.798477
vt 0.721995 0.798477
vt 0.721063 0.798119
vt 0.721995 0.798119
vt 0.721986 0.797763
vt 0.721063 0.797763
vt 0.720122 0.797763
vt 0.721054 0.797406
vt 0.720131 0.797406
vt 0.719190 0.797406
vt 0.720131 0.797050
vt 0.719190 0.797050
vt 0.719199 0.796693
vt 0.718238 0.796693
vt 0.718238 0.797050
vt 0.717306 0.796693
vt 0.718228 0.794196
vt 0.719190 0.794196
vt 0.720131 0.794196
vt 0.719190 0.791699
vt 0.718238 0.791699
vt 0.717296 0.791699
vt 0.719199 0.791699
vt 0.720122 0.791699
vt 0.719199 0.789202
vt 0.718238 0.789202
vt 0.717296 0.789202
vt 0.717316 0.789202
vt 0.716374 0.789202
vt 0.719190 0.789202
vt 0.718228 0.786705
vt 0.717306 0.786705
vt 0.716364 0.786705
vt 0.716374 0.784208
vt 0.715442 0.784208
vt 0.715442 0.786705
vt 0.964010 0.644796
vt 0.964642 0.644533
vt 0.965208 0.644156
vt 0.714510 0.784208
vt 0.714490 0.786705
vt 0.713578 0.784208
vt 0.965691 0.643670
vt 0.713558 0.786705
vt 0.712626 0.784208
vt 0.966069 0.643103
vt 0.963342 0.644928
vt 0.962661 0.644927
vt 0.718238 0.786705
vt 0.717316 0.784208
vt 0.718248 0.784208
vt 0.719190 0.786705
vt 0.720122 0.786705
vt 0.720131 0.789202
vt 0.721063 0.789202
vt 0.721063 0.791699
vt 0.721995 0.791699
vt 0.720131 0.791699
vt 0.721054 0.791699
vt 0.721063 0.794196
vt 0.721063 0.796693
vt 0.720131 0.796693
vt 0.721986 0.794196
vt 0.721063 0.797050
vt 0.721995 0.797050
vt 0.721995 0.797406
vt 0.722927 0.797763
vt 0.722917 0.797406
vt 0.723869 0.797406
vt 0.723869 0.797050
vt 0.724801 0.797050
vt 0.724801 0.796693
vt 0.725743 0.796693
vt 0.724801 0.794196
vt 0.723869 0.794196
vt 0.724801 0.791699
vt 0.724801 0.789202
vt 0.723869 0.791699
vt 0.725743 0.789202
vt 0.725743 0.786705
vt 0.726675 0.786705
vt 0.726685 0.786705
vt 0.727617 0.786705
vt 0.727626 0.784208
vt 0.728558 0.784208
vt 0.960301 0.639257
vt 0.959920 0.639828
vt 0.962653 0.637995
vt 0.703267 0.784208
vt 0.702326 0.786705
vt 0.702326 0.784208
vt 0.963334 0.637995
vt 0.701394 0.786705
vt 0.701384 0.786705
vt 0.702326 0.789202
vt 0.701384 0.789202
vt 0.703267 0.786705
vt 0.700462 0.789202
vt 0.700471 0.789202
vt 0.701394 0.789202
vt 0.730422 0.789202
vt 0.729471 0.789202
vt 0.701384 0.791699
vt 0.700471 0.791699
vt 0.730422 0.791699
vt 0.729471 0.791699
vt 0.700462 0.791699
vt 0.730422 0.794196
vt 0.729471 0.794196
vt 0.700462 0.794196
vt 0.729481 0.791699
vt 0.730422 0.796693
vt 0.729481 0.796693
vt 0.728549 0.794196
vt 0.701384 0.794196
vt 0.700471 0.796693
vt 0.701394 0.796693
vt 0.700471 0.797050
vt 0.729481 0.797050
vt 0.730422 0.797050
vt 0.728539 0.797050
vt 0.729481 0.797406
vt 0.728539 0.797406
vt 0.728539 0.797763
vt 0.727607 0.797763
vt 0.727607 0.797406
vt 0.727617 0.798119
vt 0.726675 0.798119
vt 0.726675 0.797763
vt 0.727607 0.798477
vt 0.726675 0.798477
vt 0.725743 0.798119
vt 0.728539 0.798833
vt 0.727607 0.798833
vt 0.728539 0.798477
vt 0.728558 0.799190
vt 0.727617 0.799190
vt 0.729481 0.798833
vt 0.687569 0.958248
vt 0.686318 0.955215
vt 0.688136 0.958630
vt 0.726675 0.799190
vt 0.688767 0.958890
vt 0.686452 0.954544
vt 0.705141 0.798833
vt 0.704199 0.799190
vt 0.704209 0.798833
vt 0.703267 0.799190
vt 0.705141 0.798477
vt 0.706073 0.798477
vt 0.706073 0.798119
vt 0.707015 0.798119
vt 0.707025 0.797763
vt 0.707947 0.797763
vt 0.708889 0.798119
vt 0.708889 0.797406
vt 0.707957 0.797406
vt 0.707025 0.797406
vt 0.708889 0.797763
vt 0.709831 0.798477
vt 0.709831 0.798119
vt 0.710753 0.798833
vt 0.710753 0.798477
vt 0.711685 0.799190
vt 0.711685 0.798833
vt 0.690801 0.952226
vt 0.691433 0.952491
vt 0.693117 0.956577
vt 0.712626 0.799190
vt 0.719190 0.799190
vt 0.693251 0.955907
vt 0.718248 0.799190
vt 0.718228 0.798833
vt 0.717306 0.798833
vt 0.718238 0.798477
vt 0.719190 0.798477
vt 0.719190 0.798119
vt 0.720131 0.798119
vt 0.719199 0.797763
vt 0.718238 0.797763
vt 0.718228 0.797406
vt 0.717306 0.797406
vt 0.717296 0.797050
vt 0.716374 0.796693
vt 0.716374 0.797050
vt 0.715442 0.796693
vt 0.716374 0.794196
vt 0.717306 0.794196
vt 0.716374 0.791699
vt 0.715442 0.791699
vt 0.717306 0.791699
vt 0.716364 0.789202
vt 0.715442 0.789202
vt 0.715432 0.789202
vt 0.714500 0.789202
vt 0.714490 0.789202
vt 0.712636 0.786705
vt 0.713568 0.789202
vt 0.712626 0.789202
vt 0.711685 0.786705
vt 0.711685 0.784208
vt 0.966332 0.642470
vt 0.961988 0.644797
vt 0.710753 0.784208
vt 0.966462 0.641802
vt 0.961357 0.644536
vt 0.720131 0.786705
vt 0.719190 0.784208
vt 0.720112 0.784208
vt 0.721063 0.786705
vt 0.721054 0.786705
vt 0.721986 0.789202
vt 0.721995 0.786705
vt 0.722917 0.789202
vt 0.721054 0.789202
vt 0.721995 0.789202
vt 0.722917 0.791699
vt 0.722927 0.791699
vt 0.723869 0.789202
vt 0.722927 0.794196
vt 0.723869 0.796693
vt 0.722927 0.796693
vt 0.721995 0.796693
vt 0.722927 0.797050
vt 0.723869 0.786705
vt 0.724801 0.786705
vt 0.725743 0.784208
vt 0.726675 0.784208
vt 0.959660 0.640457
vt 0.964003 0.638129
vt 0.959530 0.641124
vt 0.964637 0.638387
vt 0.959530 0.641808
vt 0.965205 0.638765
vt 0.706073 0.784208
vt 0.705141 0.786705
vt 0.705141 0.784208
vt 0.704209 0.786705
vt 0.704199 0.784208
vt 0.703287 0.786705
vt 0.704219 0.786705
vt 0.706073 0.786705
vt 0.705141 0.789202
vt 0.704209 0.789202
vt 0.704219 0.789202
vt 0.703277 0.789202
vt 0.702316 0.789202
vt 0.705151 0.789202
vt 0.704209 0.791699
vt 0.703277 0.791699
vt 0.703287 0.791699
vt 0.702326 0.791699
vt 0.702326 0.794196
vt 0.702316 0.796693
vt 0.703277 0.794196
vt 0.703277 0.796693
vt 0.704209 0.794196
vt 0.704219 0.791699
vt 0.705141 0.791699
vt 0.706073 0.789202
vt 0.706073 0.791699
vt 0.707025 0.789202
vt 0.706083 0.789202
vt 0.707015 0.786705
vt 0.707957 0.786705
vt 0.707025 0.786705
vt 0.707005 0.784208
vt 0.966067 0.639818
vt 0.965686 0.639251
vt 0.959662 0.642480
vt 0.707937 0.784208
vt 0.724801 0.784208
vt 0.723869 0.784208
vt 0.722927 0.786705
vt 0.959927 0.643105
vt 0.722927 0.784208
vt 0.721986 0.784208
vt 0.960305 0.643675
vt 0.966333 0.640443
vt 0.721044 0.784208
vt 0.960790 0.644157
vt 0.966462 0.641118
vt 0.709831 0.786705
vt 0.708889 0.784208
vt 0.709831 0.784208
vt 0.708889 0.786705
vt 0.710753 0.786705
vt 0.708879 0.786705
vt 0.709831 0.789202
vt 0.708889 0.789202
vt 0.710753 0.789202
vt 0.711685 0.789202
vt 0.710753 0.791699
vt 0.709831 0.791699
vt 0.711685 0.791699
vt 0.712636 0.794196
vt 0.711685 0.794196
vt 0.712626 0.791699
vt 0.713558 0.796693
vt 0.712626 0.796693
vt 0.713558 0.794196
vt 0.714490 0.797050
vt 0.713558 0.797050
vt 0.714500 0.796693
vt 0.715442 0.797050
vt 0.714500 0.797406
vt 0.713558 0.797406
vt 0.713568 0.797763
vt 0.712636 0.797763
vt 0.712626 0.797406
vt 0.713558 0.798119
vt 0.712626 0.798119
vt 0.711685 0.797763
vt 0.714490 0.798477
vt 0.713558 0.798477
vt 0.714490 0.798119
vt 0.715442 0.798833
vt 0.714490 0.798833
vt 0.715432 0.798477
vt 0.716374 0.799190
vt 0.715442 0.799190
vt 0.716374 0.798477
vt 0.716374 0.798833
vt 0.717306 0.798477
vt 0.716364 0.798119
vt 0.717306 0.798119
vt 0.718238 0.798119
vt 0.717306 0.797763
vt 0.716374 0.797763
vt 0.715432 0.797763
vt 0.716374 0.797406
vt 0.715442 0.797406
vt 0.714490 0.797763
vt 0.715442 0.798119
vt 0.693120 0.954555
vt 0.693251 0.955222
vt 0.691997 0.952864
vt 0.717316 0.799190
vt 0.692481 0.953354
vt 0.692859 0.953920
vt 0.714500 0.799190
vt 0.713568 0.799190
vt 0.713568 0.798833
vt 0.712626 0.798833
vt 0.712626 0.798477
vt 0.711685 0.798477
vt 0.711685 0.798119
vt 0.710753 0.798119
vt 0.710753 0.797763
vt 0.709831 0.797763
vt 0.710753 0.797406
vt 0.711685 0.797406
vt 0.711685 0.797050
vt 0.712636 0.797050
vt 0.711685 0.796693
vt 0.710753 0.796693
vt 0.710753 0.794196
vt 0.709831 0.794196
vt 0.708879 0.791699
vt 0.708889 0.791699
vt 0.707957 0.791699
vt 0.707947 0.789202
vt 0.707015 0.789202
vt 0.707957 0.789202
vt 0.707025 0.791699
vt 0.707015 0.791699
vt 0.706073 0.794196
vt 0.705141 0.794196
vt 0.705141 0.796693
vt 0.704209 0.796693
vt 0.704209 0.797050
vt 0.703287 0.797050
vt 0.702326 0.797050
vt 0.704219 0.797406
vt 0.703277 0.797406
vt 0.705141 0.797763
vt 0.704209 0.797763
vt 0.705141 0.797406
vt 0.705151 0.798119
vt 0.704199 0.798119
vt 0.706083 0.797763
vt 0.704219 0.798477
vt 0.703277 0.798477
vt 0.703287 0.798119
vt 0.703287 0.798833
vt 0.702326 0.798833
vt 0.702316 0.798477
vt 0.702326 0.799190
vt 0.701394 0.799190
vt 0.701384 0.798833
vt 0.686318 0.955899
vt 0.687086 0.957763
vt 0.686447 0.956562
vt 0.700462 0.799190
vt 0.686708 0.957197
vt 0.730422 0.798833
vt 0.730422 0.799190
vt 0.729481 0.799190
vt 0.700471 0.798833
vt 0.729471 0.798477
vt 0.730422 0.798477
vt 0.701394 0.798477
vt 0.700471 0.798477
vt 0.729481 0.798119
vt 0.728539 0.798119
vt 0.729481 0.797763
vt 0.730422 0.797763
vt 0.730422 0.797406
vt 0.701394 0.797406
vt 0.700471 0.797406
vt 0.701384 0.797763
vt 0.700471 0.797763
vt 0.701384 0.798119
vt 0.700462 0.798119
vt 0.702326 0.797763
vt 0.730422 0.798119
vt 0.702326 0.798119
vt 0.703277 0.797763
vt 0.702316 0.797406
vt 0.701384 0.797050
vt 0.706073 0.797406
vt 0.706073 0.797050
vt 0.705151 0.797050
vt 0.706083 0.796693
vt 0.707015 0.796693
vt 0.707025 0.794196
vt 0.707947 0.794196
vt 0.708889 0.794196
vt 0.709831 0.796693
vt 0.708879 0.796693
vt 0.710753 0.797050
vt 0.709831 0.797050
vt 0.709831 0.797406
vt 0.708889 0.797050
vt 0.707957 0.796693
vt 0.707947 0.797050
vt 0.707025 0.797050
vt 0.714490 0.794196
vt 0.715432 0.794196
vt 0.714490 0.791699
vt 0.713568 0.791699
vt 0.713558 0.791699
vt 0.712636 0.791699
vt 0.713558 0.789202
vt 0.714500 0.791699
vt 0.707947 0.786705
vt 0.722927 0.789202
vt 0.728549 0.791699
vt 0.700462 0.786705
vt 0.721995 0.798833
vt 0.722917 0.798477
vt 0.723869 0.798833
vt 0.722927 0.798833
vt 0.722927 0.799190
vt 0.691421 0.958634
vt 0.688146 0.952482
vt 0.707947 0.799190
vt 0.891636 0.020403
vt 0.889309 0.021276
vt 0.889309 0.020403
vt 0.181547 0.958895
vt 0.182180 0.958633
vt 0.182749 0.958254
vt 0.891636 0.047440
vt 0.889309 0.048323
vt 0.889309 0.047440
vt 0.891636 0.048323
vt 0.891636 0.046577
vt 0.893963 0.046577
vt 0.893963 0.045714
vt 0.891636 0.045714
vt 0.893963 0.044831
vt 0.893963 0.047440
vt 0.893963 0.044821
vt 0.896289 0.045714
vt 0.896289 0.044821
vt 0.896289 0.044831
vt 0.896289 0.043967
vt 0.896289 0.046577
vt 0.898616 0.045714
vt 0.898616 0.044831
vt 0.898616 0.043967
vt 0.900943 0.044831
vt 0.900943 0.045714
vt 0.903270 0.045714
vt 0.900943 0.046577
vt 0.903270 0.044831
vt 0.903270 0.043958
vt 0.947774 0.444703
vt 0.948459 0.444700
vt 0.944662 0.448519
vt 0.947110 0.444832
vt 0.944662 0.447835
vt 0.903270 0.023013
vt 0.903270 0.023905
vt 0.900943 0.023895
vt 0.903270 0.024759
vt 0.900943 0.024749
vt 0.944798 0.449187
vt 0.900943 0.025642
vt 0.898616 0.025642
vt 0.898616 0.024749
vt 0.898616 0.026505
vt 0.896289 0.026505
vt 0.896289 0.025632
vt 0.896289 0.027368
vt 0.896289 0.026495
vt 0.896289 0.028241
vt 0.893963 0.027368
vt 0.896289 0.028232
vt 0.898616 0.028232
vt 0.898616 0.029124
vt 0.896289 0.029134
vt 0.900943 0.029124
vt 0.900943 0.030007
vt 0.898616 0.030007
vt 0.903270 0.029998
vt 0.903270 0.030871
vt 0.900943 0.030871
vt 0.948482 0.451631
vt 0.947797 0.451636
vt 0.951594 0.447816
vt 0.903270 0.031744
vt 0.951594 0.448501
vt 0.949148 0.451499
vt 0.900943 0.036100
vt 0.903270 0.036119
vt 0.903270 0.036982
vt 0.951469 0.449165
vt 0.900943 0.036973
vt 0.903270 0.037846
vt 0.900943 0.035236
vt 0.898616 0.036973
vt 0.898616 0.036109
vt 0.898616 0.037836
vt 0.896289 0.036100
vt 0.896289 0.036973
vt 0.896289 0.035246
vt 0.896289 0.037846
vt 0.893963 0.036100
vt 0.893963 0.036982
vt 0.893963 0.035246
vt 0.893963 0.035236
vt 0.893963 0.034363
vt 0.893963 0.036973
vt 0.891636 0.035236
vt 0.891636 0.036100
vt 0.891636 0.034363
vt 0.889309 0.033490
vt 0.889309 0.034363
vt 0.891636 0.033490
vt 0.891636 0.032617
vt 0.893963 0.033490
vt 0.891636 0.031744
vt 0.893963 0.032607
vt 0.891636 0.032607
vt 0.889309 0.031744
vt 0.889309 0.032617
vt 0.889309 0.030861
vt 0.181547 0.952226
vt 0.180875 0.952093
vt 0.177466 0.953919
vt 0.180193 0.952093
vt 0.889309 0.036109
vt 0.891636 0.036973
vt 0.889309 0.036982
vt 0.177839 0.953350
vt 0.891636 0.037836
vt 0.889309 0.037856
vt 0.177201 0.954550
vt 0.891636 0.038719
vt 0.893963 0.038719
vt 0.893963 0.039612
vt 0.891636 0.039612
vt 0.893963 0.039602
vt 0.893963 0.040485
vt 0.893963 0.039621
vt 0.893963 0.037836
vt 0.893963 0.040475
vt 0.896289 0.039612
vt 0.896289 0.040475
vt 0.896289 0.041348
vt 0.896289 0.038719
vt 0.898616 0.039612
vt 0.898616 0.040475
vt 0.900943 0.040485
vt 0.898616 0.041348
vt 0.900943 0.039612
vt 0.900943 0.038719
vt 0.903270 0.039602
vt 0.903270 0.040465
vt 0.950815 0.445949
vt 0.951196 0.446515
vt 0.947134 0.451496
vt 0.903270 0.041348
vt 0.950331 0.445468
vt 0.946493 0.451246
vt 0.900943 0.028241
vt 0.903270 0.028251
vt 0.903270 0.029124
vt 0.951460 0.447144
vt 0.900943 0.037836
vt 0.903270 0.038719
vt 0.898616 0.038719
vt 0.896289 0.037836
vt 0.893963 0.037846
vt 0.891636 0.036982
vt 0.891636 0.036109
vt 0.889309 0.035236
vt 0.179521 0.952226
vt 0.178893 0.952488
vt 0.178324 0.952868
vt 0.900943 0.027368
vt 0.898616 0.027368
vt 0.900943 0.026495
vt 0.903270 0.026505
vt 0.903270 0.025642
vt 0.945055 0.449823
vt 0.949131 0.444828
vt 0.945441 0.450387
vt 0.903270 0.042211
vt 0.903270 0.043075
vt 0.900943 0.043094
vt 0.949762 0.445089
vt 0.900943 0.043958
vt 0.898616 0.043084
vt 0.898616 0.042221
vt 0.896289 0.043094
vt 0.896289 0.043084
vt 0.893963 0.043967
vt 0.893963 0.043094
vt 0.896289 0.042221
vt 0.893963 0.043084
vt 0.891636 0.044821
vt 0.891636 0.043967
vt 0.891636 0.044831
vt 0.889309 0.046577
vt 0.889309 0.045714
vt 0.180193 0.959028
vt 0.180875 0.959028
vt 0.183612 0.957204
vt 0.183230 0.957771
vt 0.891636 0.022139
vt 0.889309 0.023013
vt 0.889309 0.022139
vt 0.891636 0.023013
vt 0.889309 0.023905
vt 0.183872 0.956573
vt 0.179521 0.958895
vt 0.891636 0.021276
vt 0.891636 0.023886
vt 0.893963 0.023013
vt 0.893963 0.022139
vt 0.893963 0.021276
vt 0.893963 0.020403
vt 0.896289 0.022139
vt 0.896289 0.021276
vt 0.896289 0.020403
vt 0.898616 0.020403
vt 0.898616 0.047440
vt 0.898616 0.048323
vt 0.896289 0.048323
vt 0.896289 0.047440
vt 0.893963 0.048323
vt 0.898616 0.046577
vt 0.900943 0.047440
vt 0.900943 0.048323
vt 0.903270 0.020403
vt 0.900943 0.021276
vt 0.900943 0.020403
vt 0.903270 0.047440
vt 0.903270 0.048323
vt 0.898616 0.021276
vt 0.898616 0.022139
vt 0.896289 0.023013
vt 0.896289 0.023886
vt 0.893963 0.023886
vt 0.893963 0.024749
vt 0.893963 0.023895
vt 0.891636 0.024759
vt 0.891636 0.025642
vt 0.891636 0.024749
vt 0.889309 0.024759
vt 0.184000 0.955902
vt 0.178898 0.958633
vt 0.889309 0.025642
vt 0.184000 0.955219
vt 0.891636 0.043094
vt 0.889309 0.043958
vt 0.889309 0.043084
vt 0.178324 0.958254
vt 0.891636 0.043958
vt 0.889309 0.044831
vt 0.891636 0.042211
vt 0.893963 0.042221
vt 0.893963 0.041348
vt 0.891636 0.041348
vt 0.893963 0.042211
vt 0.891636 0.040475
vt 0.891636 0.039621
vt 0.891636 0.040465
vt 0.889309 0.038719
vt 0.889309 0.039602
vt 0.177069 0.955219
vt 0.182190 0.952488
vt 0.177069 0.955902
vt 0.889309 0.029124
vt 0.891636 0.029998
vt 0.889309 0.029998
vt 0.182749 0.952868
vt 0.891636 0.030880
vt 0.891636 0.030007
vt 0.891636 0.030871
vt 0.891636 0.029124
vt 0.893963 0.029998
vt 0.893963 0.030880
vt 0.893963 0.031744
vt 0.893963 0.030871
vt 0.893963 0.031734
vt 0.893963 0.032617
vt 0.893963 0.030007
vt 0.896289 0.030880
vt 0.896289 0.031744
vt 0.896289 0.032617
vt 0.898616 0.032617
vt 0.898616 0.033490
vt 0.896289 0.033490
vt 0.900943 0.033490
vt 0.900943 0.034363
vt 0.898616 0.034363
vt 0.903270 0.034363
vt 0.903270 0.035236
vt 0.898616 0.035236
vt 0.896289 0.034363
vt 0.896289 0.035236
vt 0.951205 0.449802
vt 0.950829 0.450368
vt 0.950345 0.450855
vt 0.900943 0.032617
vt 0.903270 0.032617
vt 0.903270 0.033490
vt 0.949780 0.451235
vt 0.900943 0.031744
vt 0.898616 0.031744
vt 0.898616 0.030880
vt 0.896289 0.030871
vt 0.896289 0.029998
vt 0.896289 0.030007
vt 0.893963 0.029134
vt 0.896289 0.029124
vt 0.893963 0.028241
vt 0.893963 0.029124
vt 0.891636 0.028232
vt 0.891636 0.027368
vt 0.891636 0.029134
vt 0.891636 0.028241
vt 0.889309 0.028251
vt 0.889309 0.027378
vt 0.183607 0.953918
vt 0.183230 0.953350
vt 0.177206 0.956573
vt 0.889309 0.040465
vt 0.889309 0.041348
vt 0.177466 0.957204
vt 0.889309 0.042211
vt 0.177839 0.957771
vt 0.183867 0.954550
vt 0.889309 0.026505
vt 0.891636 0.026495
vt 0.891636 0.026505
vt 0.893963 0.026505
vt 0.893963 0.025632
vt 0.893963 0.025642
vt 0.896289 0.025642
vt 0.896289 0.024759
vt 0.898616 0.023886
vt 0.898616 0.023022
vt 0.900943 0.023013
vt 0.900943 0.022139
vt 0.903270 0.022139
vt 0.903270 0.021276
vt 0.945051 0.446534
vt 0.945427 0.445967
vt 0.945911 0.445480
vt 0.944794 0.447164
vt 0.946479 0.445097
vt 0.903270 0.046577
vt 0.893963 0.026495
vt 0.896289 0.042211
vt 0.900943 0.042211
vt 0.900943 0.041348
vt 0.945925 0.450868
vt 0.903270 0.027378
vt 0.163137 0.094255
vt 0.164635 0.094945
vt 0.165252 0.096016
vt 0.462787 0.771274
vt 0.462643 0.775249
vt 0.457579 0.776034
vt 0.166861 0.095917
vt 0.457792 0.770125
vt 0.166284 0.093943
vt 0.161367 0.090278
vt 0.164569 0.091956
vt 0.162567 0.087264
vt 0.165992 0.090731
vt 0.453955 0.776887
vt 0.027879 0.749469
vt 0.020676 0.745464
vt 0.026900 0.745239
vt 0.165615 0.085170
vt 0.167932 0.089345
vt 0.021117 0.753307
vt 0.027026 0.753094
vt 0.020005 0.749753
vt 0.170659 0.088328
vt 0.449725 0.775908
vt 0.445874 0.775204
vt 0.446058 0.770110
vt 0.449949 0.769685
vt 0.169478 0.095777
vt 0.169161 0.092750
vt 0.171411 0.092233
vt 0.443575 0.770374
vt 0.171513 0.095735
vt 0.173327 0.091934
vt 0.846842 0.455525
vt 0.840618 0.455300
vt 0.841323 0.451450
vt 0.168002 0.095843
vt 0.847513 0.459815
vt 0.839639 0.459531
vt 0.167734 0.098194
vt 0.169136 0.098618
vt 0.168010 0.101398
vt 0.840492 0.463155
vt 0.846401 0.463368
vt 0.165518 0.099647
vt 0.166578 0.097848
vt 0.166598 0.100436
vt 0.170071 0.102439
vt 0.386746 0.818315
vt 0.390596 0.819020
vt 0.390412 0.824114
vt 0.382516 0.817336
vt 0.386521 0.824539
vt 0.392895 0.823849
vt 0.165806 0.110184
vt 0.168452 0.106049
vt 0.170561 0.107228
vt 0.162716 0.107759
vt 0.166108 0.104334
vt 0.168665 0.111873
vt 0.026195 0.741388
vt 0.021101 0.741572
vt 0.021366 0.739090
vt 0.025752 0.738931
vt 0.169186 0.083652
vt 0.172352 0.082740
vt 0.173017 0.087709
vt 0.176120 0.087322
vt 0.443417 0.774760
vt 0.440629 0.774565
vt 0.440780 0.770369
vt 0.345808 0.769013
vt 0.175609 0.095914
vt 0.175918 0.091789
vt 0.297062 0.112983
vt 0.173242 0.095765
vt 0.846152 0.449151
vt 0.841766 0.448993
vt 0.841962 0.446205
vt 0.846417 0.451634
vt 0.171079 0.099072
vt 0.172768 0.099455
vt 0.171882 0.103202
vt 0.174371 0.103987
vt 0.393053 0.819463
vt 0.395841 0.819659
vt 0.395689 0.823855
vt 0.490662 0.825210
vt 0.172537 0.113373
vt 0.173466 0.108367
vt 0.297029 0.113328
vt 0.297132 0.113373
vt 0.025556 0.736143
vt 0.021360 0.736295
vt 0.020005 0.641322
vt 0.020100 0.641318
vt 0.176460 0.082245
vt 0.297373 0.113046
vt 0.297205 0.112969
vt 0.345805 0.769108
vt 0.296962 0.113053
vt 0.296928 0.113148
vt 0.175100 0.099913
vt 0.296945 0.113248
vt 0.846158 0.446357
vt 0.847418 0.351381
vt 0.847513 0.351384
vt 0.490665 0.825115
vt 0.382231 0.825210
vt 0.160331 0.105084
vt 0.164585 0.102628
vt 0.378678 0.824098
vt 0.163533 0.101161
vt 0.373683 0.822949
vt 0.378891 0.818189
vt 0.162659 0.098586
vt 0.159957 0.102015
vt 0.160717 0.097770
vt 0.164124 0.098266
vt 0.373827 0.818974
vt 0.164936 0.097242
vt 0.161019 0.094454
vt 0.022266 0.758301
vt 0.026241 0.758158
vt 0.841277 0.468219
vt 0.845253 0.468363
vt 0.167536 0.093416
vt 0.454239 0.769013
s 0
usemtl Enemy
f 1/1/1 5/2/1 2/3/1
f 1/4/2 2/5/2 3/6/2
f 1/7/3 3/8/3 4/9/3
f 1/10/4 4/11/4 6/12/4
f 5/13/5 1/14/5 6/15/5
f 6/12/6 8/16/6 7/17/6
f 9/18/7 6/15/7 7/17/7
f 6/12/8 4/11/8 8/16/8
f 9/18/9 5/13/9 6/15/9
f 10/19/10 5/13/10 9/18/10
f 10/19/11 9/18/11 11/20/11
f 9/18/12 7/17/12 12/21/12
f 11/20/13 9/18/13 12/21/13
f 12/21/14 14/22/14 13/23/14
f 11/20/15 12/21/15 13/23/15
f 7/17/16 15/24/16 12/21/16
f 12/21/17 15/24/17 14/22/17
f 7/17/18 8/16/18 15/24/18
f 15/24/19 16/25/19 14/22/19
f 15/24/20 17/26/20 16/25/20
f 15/24/21 8/16/21 17/26/21
f 17/26/22 19/27/22 16/25/22
f 18/28/23 20/29/23 17/26/23
f 8/16/24 18/28/24 17/26/24
f 17/26/25 20/29/25 19/27/25
f 18/28/26 23/30/26 20/29/26
f 20/29/27 21/31/27 19/27/27
f 20/29/28 22/32/28 21/31/28
f 20/29/29 23/30/29 22/32/29
f 4/9/30 23/30/30 18/28/30
f 23/30/31 24/33/31 22/32/31
f 3/8/32 24/33/32 23/30/32
f 4/9/33 3/8/33 23/30/33
f 24/33/34 25/34/34 26/35/34
f 3/6/35 25/34/35 24/33/35
f 24/33/36 26/35/36 22/32/36
f 26/35/37 27/36/37 28/37/37
f 26/35/38 29/38/38 27/36/38
f 22/32/39 26/35/39 28/37/39
f 26/35/40 25/34/40 29/38/40
f 29/39/41 31/40/41 27/41/41
f 30/42/42 32/43/42 29/39/42
f 25/34/43 30/44/43 29/38/43
f 29/39/44 32/43/44 31/40/44
f 30/42/45 35/45/45 32/43/45
f 32/43/46 33/46/46 31/40/46
f 32/43/47 34/47/47 33/46/47
f 32/43/48 35/45/48 34/47/48
f 2/3/49 35/45/49 30/42/49
f 35/45/50 10/19/50 34/47/50
f 5/2/51 10/19/51 35/45/51
f 2/3/52 5/2/52 35/45/52
f 34/47/53 36/48/53 33/46/53
f 10/19/54 11/20/54 34/47/54
f 34/47/55 11/20/55 36/48/55
f 33/46/56 36/48/56 37/49/56
f 36/48/57 13/23/57 38/50/57
f 11/20/58 13/23/58 36/48/58
f 37/49/59 36/48/59 38/50/59
f 38/51/60 40/52/60 39/53/60
f 37/49/61 38/50/61 39/54/61
f 13/23/62 14/22/62 38/51/62
f 38/51/63 14/22/63 40/52/63
f 16/25/64 19/27/64 40/55/64
f 14/22/65 16/25/65 40/52/65
f 40/55/66 41/56/66 39/57/66
f 40/55/67 19/27/67 41/56/67
f 21/31/68 28/37/68 41/58/68
f 19/27/69 21/31/69 41/56/69
f 41/58/70 42/59/70 39/60/70
f 41/58/71 28/37/71 42/59/71
f 27/41/72 31/40/72 42/61/72
f 28/37/73 27/36/73 42/59/73
f 42/61/74 37/62/74 39/63/74
f 42/61/75 31/40/75 37/62/75
f 31/40/76 33/46/76 37/62/76
f 2/5/77 30/44/77 25/34/77
f 22/32/78 28/37/78 21/31/78
f 3/6/79 2/5/79 25/34/79
f 4/11/80 18/28/80 8/16/80
f 45/64/81 43/65/81 44/66/81
f 43/67/82 47/68/82 44/69/82
f 45/70/83 46/71/83 43/72/83
f 43/67/82 46/73/82 47/68/82
f 44/69/84 47/68/84 49/74/84
f 47/68/81 48/68/81 50/74/81
f 46/73/81 48/68/81 47/68/81
f 47/68/81 50/74/81 49/74/81
f 49/74/81 50/74/81 52/75/81
f 50/74/85 51/76/85 53/77/85
f 48/68/84 51/76/84 50/74/84
f 50/74/85 53/77/85 52/75/85
f 56/76/86 54/77/86 53/77/86
f 54/77/86 55/78/86 53/77/86
f 52/75/87 53/77/87 55/78/87
f 56/76/86 53/77/86 51/76/86
f 58/79/86 56/76/86 51/76/86
f 56/76/81 57/76/81 59/77/81
f 58/79/81 57/76/81 56/76/81
f 56/76/81 59/77/81 54/77/81
f 54/77/81 59/77/81 61/80/81
f 59/77/87 60/81/87 62/82/87
f 57/76/85 60/81/85 59/77/85
f 59/77/87 62/82/87 61/80/87
f 61/80/88 62/82/88 63/83/88
f 64/84/89 63/83/89 62/82/89
f 65/85/90 62/82/90 60/81/90
f 65/85/90 64/84/90 62/82/90
f 65/85/87 66/86/87 68/87/87
f 67/88/85 66/86/85 65/85/85
f 67/88/91 65/85/91 60/81/91
f 65/85/87 68/87/87 64/84/87
f 71/89/92 69/90/92 68/87/92
f 69/90/93 70/91/93 68/87/93
f 64/84/88 68/87/88 70/91/88
f 71/89/92 68/87/92 66/86/92
f 71/89/87 72/92/87 74/93/87
f 73/94/85 72/92/85 71/89/85
f 73/94/94 71/89/94 66/86/94
f 71/89/87 74/93/87 69/90/87
f 69/90/88 74/93/88 76/95/88
f 74/93/95 75/96/95 77/97/95
f 72/92/96 75/96/96 74/93/96
f 74/93/95 77/97/95 76/95/95
f 77/97/97 78/98/97 80/99/97
f 75/96/98 78/98/98 77/97/98
f 76/95/99 77/97/99 79/100/99
f 77/97/100 80/99/100 79/100/100
f 80/99/101 81/101/101 83/102/101
f 78/98/102 81/101/102 80/99/102
f 79/100/103 80/99/103 82/103/103
f 80/99/101 83/102/101 82/103/101
f 86/104/104 84/105/104 83/102/104
f 84/105/105 85/106/105 83/102/105
f 82/103/106 83/102/106 85/106/106
f 86/104/104 83/102/104 81/101/104
f 89/107/107 87/108/107 86/104/107
f 87/108/108 84/105/108 86/104/108
f 88/109/109 86/104/109 81/101/109
f 89/107/107 86/104/107 88/109/107
f 89/107/102 90/110/102 92/111/102
f 91/112/88 90/110/88 89/107/88
f 91/112/110 89/107/110 88/109/110
f 89/107/102 92/111/102 87/108/102
f 92/113/86 90/114/86 94/115/86
f 93/116/86 92/113/86 94/115/86
f 87/108/101 92/111/101 93/117/101
f 94/115/86 95/118/86 93/116/86
f 98/119/111 95/120/111 94/121/111
f 96/122/86 94/115/86 90/114/86
f 97/123/112 94/121/112 96/124/112
f 98/119/111 94/121/111 97/123/111
f 100/125/113 95/120/113 98/119/113
f 99/126/114 98/119/114 97/123/114
f 101/127/115 98/119/115 99/126/115
f 101/127/115 100/125/115 98/119/115
f 104/128/116 100/125/116 101/127/116
f 103/129/117 101/127/117 102/130/117
f 102/130/118 101/127/118 99/126/118
f 104/128/116 101/127/116 103/129/116
f 107/131/119 105/132/119 104/128/119
f 105/132/120 100/125/120 104/128/120
f 106/133/121 104/128/121 103/129/121
f 107/131/122 104/128/122 106/133/122
f 107/134/86 108/135/86 109/136/86
f 108/137/123 107/131/123 106/133/123
f 105/138/86 107/134/86 109/136/86
f 109/136/86 110/139/86 105/138/86
f 110/140/124 109/141/124 112/142/124
f 109/136/86 108/135/86 111/143/86
f 109/141/125 111/144/125 113/145/125
f 109/141/125 113/145/125 112/142/125
f 111/144/126 115/146/126 113/145/126
f 114/147/127 113/145/127 115/146/127
f 116/148/128 113/145/128 114/147/128
f 116/148/128 112/142/128 113/145/128
f 118/149/129 112/142/129 116/148/129
f 117/150/130 116/148/130 114/147/130
f 119/151/131 116/148/131 117/150/131
f 119/151/131 118/149/131 116/148/131
f 85/106/132 118/149/132 119/151/132
f 85/106/133 119/151/133 120/152/133
f 119/151/124 121/153/124 120/152/124
f 119/151/124 117/150/124 121/153/124
f 117/150/125 123/154/125 121/153/125
f 120/152/134 121/153/134 122/155/134
f 121/153/135 124/156/135 122/155/135
f 121/153/136 123/154/136 124/156/136
f 123/154/137 126/157/137 124/156/137
f 122/155/138 124/156/138 125/158/138
f 124/156/139 127/159/139 125/158/139
f 124/156/139 126/157/139 127/159/139
f 125/158/126 127/159/126 128/160/126
f 127/159/140 130/161/140 128/160/140
f 126/157/141 129/162/141 127/159/141
f 127/159/140 129/162/140 130/161/140
f 129/162/142 132/163/142 130/161/142
f 131/164/143 130/161/143 132/163/143
f 133/165/144 130/161/144 131/164/144
f 133/165/144 128/160/144 130/161/144
f 135/166/145 128/160/145 133/165/145
f 135/166/126 133/165/126 134/167/126
f 133/165/140 136/168/140 134/167/140
f 133/165/140 131/164/140 136/168/140
f 131/164/142 138/169/142 136/168/142
f 136/168/146 137/168/146 139/170/146
f 138/169/147 137/168/147 136/168/147
f 136/168/146 139/170/146 134/167/146
f 134/167/148 139/170/148 141/171/148
f 141/171/126 139/170/126 140/172/126
f 139/170/140 142/173/140 140/172/140
f 139/170/140 137/168/140 142/173/140
f 145/174/81 143/173/81 142/173/81
f 143/173/81 140/172/81 142/173/81
f 137/168/142 144/175/142 142/173/142
f 145/174/81 142/173/81 144/175/81
f 146/176/81 145/174/81 144/175/81
f 146/176/86 147/174/86 145/174/86
f 145/174/86 148/173/86 143/173/86
f 145/174/86 147/174/86 148/173/86
f 143/173/86 148/173/86 150/177/86
f 150/177/140 148/173/140 149/178/140
f 148/173/142 151/179/142 149/178/142
f 148/173/142 147/174/142 151/179/142
f 147/174/149 152/180/149 151/179/149
f 154/180/81 151/179/81 152/180/81
f 153/179/81 149/178/81 151/179/81
f 154/180/81 153/179/81 151/179/81
f 153/179/149 154/180/149 155/181/149
f 154/180/150 157/182/150 155/181/150
f 156/183/81 154/180/81 152/180/81
f 154/180/150 156/183/150 157/182/150
f 155/184/81 157/185/81 158/186/81
f 156/183/151 158/187/151 157/182/151
f 156/183/151 159/188/151 158/187/151
f 159/188/152 160/189/152 158/187/152
f 158/186/81 160/190/81 155/184/81
f 159/188/152 161/191/152 160/189/152
f 161/191/153 162/192/153 160/189/153
f 162/193/81 163/194/81 160/190/81
f 163/194/154 155/184/154 160/190/154
f 164/195/81 163/194/81 162/193/81
f 165/196/142 163/197/142 164/198/142
f 165/196/142 153/179/142 163/197/142
f 153/179/149 155/181/149 163/197/149
f 166/199/140 165/196/140 164/198/140
f 153/179/81 165/196/81 149/178/81
f 165/196/81 167/199/81 149/178/81
f 165/196/81 166/199/81 167/199/81
f 166/199/81 168/200/81 167/199/81
f 169/201/126 150/177/126 167/199/126
f 150/177/140 149/178/140 167/199/140
f 169/201/126 167/199/126 168/200/126
f 170/202/125 169/201/125 168/200/125
f 172/177/86 150/177/86 169/201/86
f 171/201/86 169/201/86 170/202/86
f 172/177/86 169/201/86 171/201/86
f 143/173/81 172/177/81 140/172/81
f 172/177/81 173/201/81 140/172/81
f 143/173/86 150/177/86 172/177/86
f 172/177/81 171/201/81 173/201/81
f 175/203/125 141/171/125 173/201/125
f 141/171/126 140/172/126 173/201/126
f 171/201/81 174/202/81 173/201/81
f 175/203/125 173/201/125 174/202/125
f 176/204/124 175/203/124 174/202/124
f 178/205/155 141/171/155 175/203/155
f 177/206/156 175/203/156 176/204/156
f 178/205/155 175/203/155 177/206/155
f 179/207/125 135/166/125 178/205/125
f 135/166/157 134/167/157 178/205/157
f 134/167/148 141/171/148 178/205/148
f 179/207/125 178/205/125 177/206/125
f 179/207/158 180/208/158 182/209/158
f 181/210/159 180/208/159 179/207/159
f 181/210/124 179/207/124 177/206/124
f 179/207/158 182/209/158 135/166/158
f 183/211/125 125/158/125 182/209/125
f 125/158/126 128/160/126 182/209/126
f 135/166/145 182/209/145 128/160/145
f 183/211/125 182/209/125 180/208/125
f 184/212/124 183/211/124 180/208/124
f 185/213/160 122/155/160 183/211/160
f 122/155/138 125/158/138 183/211/138
f 185/213/160 183/211/160 184/212/160
f 187/214/161 120/152/161 185/213/161
f 120/152/134 122/155/134 185/213/134
f 186/215/162 185/213/162 184/212/162
f 187/214/161 185/213/161 186/215/161
f 82/103/106 85/106/106 187/214/106
f 85/106/133 120/152/133 187/214/133
f 188/216/163 187/214/163 186/215/163
f 188/216/163 82/103/163 187/214/163
f 79/100/164 82/103/164 188/216/164
f 189/217/165 188/216/165 186/215/165
f 190/218/166 188/216/166 189/217/166
f 190/218/166 79/100/166 188/216/166
f 191/219/101 190/218/101 189/217/101
f 192/220/102 190/218/102 191/219/102
f 76/95/99 79/100/99 190/218/99
f 192/220/102 76/95/102 190/218/102
f 69/90/88 76/95/88 192/220/88
f 69/90/93 192/220/93 70/91/93
f 192/220/167 193/221/167 70/91/167
f 192/220/167 191/219/167 193/221/167
f 191/219/168 195/222/168 193/221/168
f 194/223/101 193/221/101 195/222/101
f 196/83/102 193/221/102 194/223/102
f 196/83/102 70/91/102 193/221/102
f 64/84/169 70/91/169 196/83/169
f 196/83/170 194/223/170 197/223/170
f 64/84/89 196/83/89 63/83/89
f 196/83/170 197/223/170 63/83/170
f 198/224/101 197/223/101 199/225/101
f 200/226/102 197/223/102 198/224/102
f 194/223/171 199/225/171 197/223/171
f 200/226/102 63/83/102 197/223/102
f 61/80/88 63/83/88 200/226/88
f 201/226/81 200/226/81 198/224/81
f 202/78/81 61/80/81 200/226/81
f 202/78/81 200/226/81 201/226/81
f 202/78/86 201/226/86 203/226/86
f 54/77/86 202/78/86 55/78/86
f 54/77/81 61/80/81 202/78/81
f 202/78/86 203/226/86 55/78/86
f 204/227/102 203/226/102 205/224/102
f 206/228/88 203/226/88 204/227/88
f 201/226/86 205/224/86 203/226/86
f 206/228/88 55/78/88 203/226/88
f 52/75/87 55/78/87 206/228/87
f 207/229/81 206/228/81 204/227/81
f 208/230/81 52/75/81 206/228/81
f 208/230/81 206/228/81 207/229/81
f 209/231/87 208/230/87 207/229/87
f 210/232/85 208/230/85 209/231/85
f 49/74/81 52/75/81 208/230/81
f 210/232/85 49/74/85 208/230/85
f 44/66/81 210/233/81 45/64/81
f 44/69/84 49/74/84 210/232/84
f 210/233/81 209/234/81 211/235/81
f 45/64/172 210/233/172 211/235/172
f 212/236/173 213/237/173 211/238/173
f 212/239/81 211/235/81 209/234/81
f 211/238/174 213/237/174 214/240/174
f 211/238/174 214/240/174 45/70/174
f 45/70/83 214/240/83 46/71/83
f 46/71/81 214/240/81 215/241/81
f 214/240/81 213/237/81 216/237/81
f 214/240/81 216/237/81 215/241/81
f 216/237/174 217/242/174 219/243/174
f 218/244/173 217/242/173 216/237/173
f 216/237/174 219/243/174 215/241/174
f 213/237/81 218/244/81 216/237/81
f 215/241/83 219/243/83 220/245/83
f 222/246/86 220/245/86 219/243/86
f 221/247/86 219/243/86 217/242/86
f 222/246/86 219/243/86 221/247/86
f 222/246/81 221/247/81 226/243/81
f 222/248/86 58/79/86 224/79/86
f 222/248/81 225/249/81 58/79/81
f 222/248/81 223/248/81 225/249/81
f 222/246/81 226/243/81 223/245/81
f 222/248/86 224/79/86 220/248/86
f 226/243/83 227/250/83 229/251/83
f 228/242/174 227/250/174 226/243/174
f 226/243/83 229/251/83 223/245/83
f 221/247/81 228/242/81 226/243/81
f 223/248/82 229/252/82 230/253/82
f 231/254/175 229/251/175 227/250/175
f 231/252/176 230/253/176 229/252/176
f 231/252/82 232/255/82 235/256/82
f 233/250/83 232/257/83 231/254/83
f 231/254/175 227/250/175 233/250/175
f 231/252/176 234/258/176 230/253/176
f 231/252/82 235/256/82 234/258/82
f 238/259/177 236/260/177 235/256/177
f 236/260/178 237/261/178 235/256/178
f 234/258/84 235/256/84 237/261/84
f 238/259/179 235/256/179 232/255/179
f 241/262/180 238/263/180 232/257/180
f 241/262/180 239/264/180 238/263/180
f 239/264/83 240/265/83 238/263/83
f 238/259/82 242/266/82 236/260/82
f 238/259/82 240/267/82 242/266/82
f 236/260/84 242/266/84 244/268/84
f 242/266/181 243/269/181 245/270/181
f 240/267/182 243/269/182 242/266/182
f 242/266/181 245/270/181 244/268/181
f 245/270/183 246/271/183 248/272/183
f 243/269/184 246/271/184 245/270/184
f 244/268/185 245/270/185 247/273/185
f 245/270/183 248/272/183 247/273/183
f 248/272/87 249/274/87 251/275/87
f 246/271/85 249/274/85 248/272/85
f 247/273/186 248/272/186 250/276/186
f 248/272/87 251/275/87 250/276/87
f 254/277/187 252/278/187 251/275/187
f 252/278/188 253/279/188 251/275/188
f 250/276/88 251/275/88 253/279/88
f 254/277/187 251/275/187 249/274/187
f 257/280/189 255/281/189 254/277/189
f 255/281/190 252/278/190 254/277/190
f 256/282/191 254/277/191 249/274/191
f 257/280/189 254/277/189 256/282/189
f 257/280/85 258/283/85 260/284/85
f 259/285/84 258/283/84 257/280/84
f 259/285/192 257/280/192 256/282/192
f 257/280/85 260/284/85 255/281/85
f 258/286/86 262/287/86 260/288/86
f 255/281/87 260/284/87 261/289/87
f 261/290/86 260/288/86 263/291/86
f 262/287/86 263/291/86 260/288/86
f 263/291/86 96/122/86 261/290/86
f 265/292/193 96/124/193 263/293/193
f 264/294/194 263/293/194 262/295/194
f 265/292/193 263/293/193 264/294/193
f 97/123/112 96/124/112 265/292/112
f 266/296/195 265/292/195 264/294/195
f 267/297/196 265/292/196 266/296/196
f 267/297/196 97/123/196 265/292/196
f 99/126/114 97/123/114 267/297/114
f 268/298/197 267/297/197 266/296/197
f 269/299/198 267/297/198 268/298/198
f 269/299/198 99/126/198 267/297/198
f 102/130/118 99/126/118 269/299/118
f 270/300/111 269/299/111 268/298/111
f 271/301/113 269/299/113 270/300/113
f 271/301/113 102/130/113 269/299/113
f 276/302/120 102/130/120 271/301/120
f 275/303/199 271/301/199 272/304/199
f 271/301/200 274/305/200 272/304/200
f 271/301/200 270/300/200 274/305/200
f 275/303/199 273/306/199 271/301/199
f 276/302/120 271/301/120 273/306/120
f 278/307/201 103/129/201 276/302/201
f 103/129/117 102/130/117 276/302/117
f 277/308/119 276/302/119 273/306/119
f 278/307/201 276/302/201 277/308/201
f 280/309/202 106/133/202 278/307/202
f 106/133/121 103/129/121 278/307/121
f 279/310/203 278/307/203 277/308/203
f 280/309/202 278/307/202 279/310/202
f 282/311/204 108/137/204 280/309/204
f 108/137/123 106/133/123 280/309/123
f 281/312/205 280/309/205 279/310/205
f 282/311/204 280/309/204 281/312/204
f 282/313/86 283/314/86 284/315/86
f 283/316/206 282/311/206 281/312/206
f 108/135/86 282/313/86 111/143/86
f 284/315/86 111/143/86 282/313/86
f 111/144/126 284/317/126 115/146/126
f 284/315/86 283/314/86 285/318/86
f 284/317/140 285/319/140 286/320/140
f 284/317/140 286/320/140 115/146/140
f 285/319/142 288/321/142 286/320/142
f 287/322/207 286/320/207 288/321/207
f 289/323/208 286/320/208 287/322/208
f 289/323/208 115/146/208 286/320/208
f 114/147/127 115/146/127 289/323/127
f 290/324/209 289/323/209 287/322/209
f 291/325/210 289/323/210 290/324/210
f 291/325/210 114/147/210 289/323/210
f 117/150/130 114/147/130 291/325/130
f 117/150/125 291/325/125 123/154/125
f 291/325/126 292/326/126 123/154/126
f 291/325/126 290/324/126 292/326/126
f 290/324/140 293/327/140 292/326/140
f 123/154/137 292/326/137 126/157/137
f 292/326/211 294/328/211 126/157/211
f 292/326/211 293/327/211 294/328/211
f 293/327/212 295/329/212 294/328/212
f 126/157/141 294/328/141 129/162/141
f 294/328/213 296/330/213 129/162/213
f 294/328/213 295/329/213 296/330/213
f 129/162/142 296/330/142 132/163/142
f 296/330/149 298/331/149 132/163/149
f 295/329/214 297/332/214 296/330/214
f 296/330/149 297/332/149 298/331/149
f 297/332/150 300/333/150 298/331/150
f 299/334/215 298/331/215 300/333/215
f 301/335/216 298/331/216 299/334/216
f 301/335/216 132/163/216 298/331/216
f 131/164/143 132/163/143 301/335/143
f 131/164/142 301/335/142 138/169/142
f 301/335/149 302/336/149 138/169/149
f 301/335/149 299/334/149 302/336/149
f 299/334/150 303/337/150 302/336/150
f 303/337/217 304/336/217 302/336/217
f 302/336/218 305/338/218 138/169/218
f 302/336/218 304/336/218 305/338/218
f 138/169/147 305/338/147 137/168/147
f 137/168/142 305/338/142 144/175/142
f 305/338/149 306/339/149 144/175/149
f 305/338/149 304/336/149 306/339/149
f 304/336/150 307/340/150 306/339/150
f 308/341/81 306/339/81 307/340/81
f 146/176/81 144/175/81 306/339/81
f 308/341/81 146/176/81 306/339/81
f 308/341/86 309/342/86 312/343/86
f 308/341/81 311/343/81 309/342/81
f 308/341/86 313/176/86 146/176/86
f 308/341/81 307/340/81 311/343/81
f 308/341/86 310/341/86 313/176/86
f 308/341/86 312/343/86 310/341/86
f 147/174/149 313/176/149 152/180/149
f 313/176/150 314/183/150 152/180/150
f 313/176/150 310/341/150 314/183/150
f 146/176/86 313/176/86 147/174/86
f 310/341/151 315/188/151 314/183/151
f 156/183/81 314/183/81 315/188/81
f 156/183/81 152/180/81 314/183/81
f 159/188/81 315/188/81 316/191/81
f 156/183/81 315/188/81 159/188/81
f 310/341/151 312/343/151 315/188/151
f 312/343/152 316/191/152 315/188/152
f 161/191/81 316/191/81 318/344/81
f 159/188/81 316/191/81 161/191/81
f 312/343/152 317/345/152 316/191/152
f 317/345/153 318/344/153 316/191/153
f 317/345/153 319/346/153 318/344/153
f 319/346/206 320/347/206 318/344/206
f 321/344/81 318/344/81 320/347/81
f 161/191/81 318/344/81 321/344/81
f 161/191/153 321/344/153 162/192/153
f 321/344/206 323/348/206 162/192/206
f 321/344/206 322/347/206 323/348/206
f 321/344/81 320/347/81 322/347/81
f 162/193/81 323/349/81 326/350/81
f 322/347/204 324/351/204 323/348/204
f 323/349/81 324/352/81 325/353/81
f 325/353/81 326/350/81 323/349/81
f 327/354/126 326/355/126 325/356/126
f 327/354/126 166/199/126 326/355/126
f 166/199/140 164/198/140 326/355/140
f 326/350/81 164/195/81 162/193/81
f 328/357/125 327/354/125 325/356/125
f 166/199/81 327/354/81 168/200/81
f 327/354/81 328/357/81 329/358/81
f 327/354/81 329/358/81 168/200/81
f 331/359/124 170/202/124 329/358/124
f 170/202/125 168/200/125 329/358/125
f 328/357/81 330/360/81 329/358/81
f 331/359/124 329/358/124 330/360/124
f 332/361/133 331/359/133 330/360/133
f 334/362/86 170/202/86 331/359/86
f 333/363/86 331/359/86 332/361/86
f 334/362/86 331/359/86 333/363/86
f 171/201/81 334/362/81 174/202/81
f 171/201/86 170/202/86 334/362/86
f 334/362/81 333/363/81 335/363/81
f 334/362/81 335/363/81 174/202/81
f 337/364/133 176/204/133 335/363/133
f 176/204/124 174/202/124 335/363/124
f 333/363/81 336/361/81 335/363/81
f 337/364/133 335/363/133 336/361/133
f 339/225/219 338/365/219 337/364/219
f 341/204/220 337/364/220 338/365/220
f 340/366/106 337/364/106 336/361/106
f 341/204/220 176/204/220 337/364/220
f 340/366/106 199/225/106 337/364/106
f 339/225/219 337/364/219 199/225/219
f 342/367/133 181/210/133 341/204/133
f 181/210/124 177/206/124 341/204/124
f 177/206/156 176/204/156 341/204/156
f 342/367/133 341/204/133 338/365/133
f 345/368/221 343/369/221 342/367/221
f 342/367/222 343/369/222 344/370/222
f 339/225/106 342/367/106 338/365/106
f 342/367/222 344/370/222 181/210/222
f 339/225/106 195/222/106 342/367/106
f 345/368/221 342/367/221 195/222/221
f 345/368/106 189/217/106 346/371/106
f 191/219/101 189/217/101 345/368/101
f 191/219/168 345/368/168 195/222/168
f 345/368/106 346/371/106 343/369/106
f 346/371/133 344/370/133 343/369/133
f 189/217/165 186/215/165 346/371/165
f 186/215/162 184/212/162 346/371/162
f 346/371/133 184/212/133 344/370/133
f 184/212/124 180/208/124 344/370/124
f 181/210/223 344/370/223 180/208/223
f 347/366/81 340/366/81 336/361/81
f 348/224/81 340/366/81 347/366/81
f 198/224/101 199/225/101 340/366/101
f 348/224/81 198/224/81 340/366/81
f 348/224/86 347/366/86 349/366/86
f 201/226/86 348/224/86 205/224/86
f 201/226/81 198/224/81 348/224/81
f 348/224/86 349/366/86 205/224/86
f 347/366/86 332/361/86 349/366/86
f 350/372/106 349/366/106 332/361/106
f 351/373/101 349/366/101 350/372/101
f 351/373/224 205/224/224 349/366/224
f 352/373/81 351/373/81 350/372/81
f 353/227/81 351/373/81 352/373/81
f 204/227/102 205/224/102 351/373/102
f 353/227/81 204/227/81 351/373/81
f 354/374/102 353/227/102 352/373/102
f 355/375/88 353/227/88 354/374/88
f 355/375/88 207/229/88 353/227/88
f 207/229/81 204/227/81 353/227/81
f 209/234/81 355/376/81 356/377/81
f 209/231/87 207/229/87 355/375/87
f 355/376/81 354/378/81 357/379/81
f 357/379/81 356/377/81 355/376/81
f 357/379/81 360/380/81 358/381/81
f 358/382/112 359/383/112 357/384/112
f 357/384/193 359/383/193 361/385/193
f 357/384/193 361/385/193 356/386/193
f 354/378/81 360/380/81 357/379/81
f 356/386/194 361/385/194 363/387/194
f 363/387/81 361/385/81 362/388/81
f 361/385/81 364/383/81 362/388/81
f 361/385/81 359/383/81 364/383/81
f 359/383/81 366/389/81 364/383/81
f 364/383/193 365/390/193 367/391/193
f 366/389/112 365/390/112 364/383/112
f 364/383/193 367/391/193 362/388/193
f 368/392/86 367/391/86 365/390/86
f 370/393/86 367/391/86 368/392/86
f 362/388/194 367/391/194 369/393/194
f 370/393/86 369/393/86 367/391/86
f 372/394/81 370/393/81 371/393/81
f 370/393/81 373/391/81 371/393/81
f 372/394/86 369/393/86 370/393/86
f 370/393/81 368/392/81 373/391/81
f 368/392/81 375/395/81 373/391/81
f 373/391/194 374/396/194 376/397/194
f 375/395/193 374/396/193 373/391/193
f 373/391/194 376/397/194 371/393/194
f 377/398/225 376/397/225 374/396/225
f 379/399/226 376/397/226 377/398/226
f 371/393/173 376/397/173 378/399/173
f 379/399/226 378/399/226 376/397/226
f 379/399/174 380/400/174 241/262/174
f 377/398/173 380/400/173 379/399/173
f 233/250/227 378/399/227 379/399/227
f 379/399/174 241/262/174 233/250/174
f 380/400/228 381/401/228 239/264/228
f 382/402/229 381/401/229 380/400/229
f 380/400/228 239/264/228 241/262/228
f 377/398/173 382/402/173 380/400/173
f 382/402/229 383/403/229 381/401/229
f 384/404/230 383/403/230 382/402/230
f 385/405/194 382/402/194 377/398/194
f 385/405/194 384/404/194 382/402/194
f 385/405/231 374/396/231 387/406/231
f 377/398/225 374/396/225 385/405/225
f 386/406/193 384/404/193 385/405/193
f 385/405/231 387/406/231 386/406/231
f 375/395/193 387/406/193 374/396/193
f 389/407/112 387/406/112 375/395/112
f 386/406/232 387/406/232 388/408/232
f 389/407/112 388/408/112 387/406/112
f 390/409/233 388/408/233 389/407/233
f 392/390/81 389/407/81 375/395/81
f 391/407/81 390/409/81 389/407/81
f 392/390/81 391/407/81 389/407/81
f 392/390/86 365/390/86 393/410/86
f 368/392/86 365/390/86 392/390/86
f 368/392/81 392/390/81 375/395/81
f 392/390/86 393/410/86 391/407/86
f 366/389/112 393/410/112 365/390/112
f 395/411/233 393/410/233 366/389/233
f 391/407/86 393/410/86 394/409/86
f 395/411/111 394/409/111 393/410/111
f 396/412/113 394/409/113 395/411/113
f 398/389/81 395/411/81 366/389/81
f 397/413/81 396/412/81 395/411/81
f 398/389/81 397/413/81 395/411/81
f 358/382/112 398/389/112 359/383/112
f 399/414/233 398/389/233 358/382/233
f 359/383/81 398/389/81 366/389/81
f 399/414/111 397/413/111 398/389/111
f 400/415/81 399/416/81 401/417/81
f 400/418/113 397/413/113 399/414/113
f 399/416/81 358/381/81 401/417/81
f 360/380/81 401/417/81 358/381/81
f 360/419/101 402/372/101 401/420/101
f 401/420/106 402/372/106 404/421/106
f 401/417/81 403/422/81 400/415/81
f 401/420/106 404/421/106 403/423/106
f 404/421/133 407/424/133 403/423/133
f 406/360/81 404/421/81 405/421/81
f 402/372/81 405/421/81 404/421/81
f 404/421/133 406/360/133 407/424/133
f 403/422/81 407/425/81 409/426/81
f 406/360/124 408/427/124 407/424/124
f 407/425/81 408/428/81 409/426/81
f 409/426/81 408/428/81 410/429/81
f 412/430/122 409/431/122 410/432/122
f 412/430/119 411/433/119 409/431/119
f 411/433/120 400/418/120 409/431/120
f 409/426/81 400/415/81 403/422/81
f 414/434/123 412/430/123 410/432/123
f 412/430/81 413/430/81 415/435/81
f 414/434/81 413/430/81 412/430/81
f 412/430/81 415/435/81 411/433/81
f 411/433/81 415/435/81 396/412/81
f 417/436/119 416/437/119 415/435/119
f 416/437/120 396/412/120 415/435/120
f 417/436/119 415/435/119 413/430/119
f 420/438/86 418/436/86 417/436/86
f 418/436/86 416/437/86 417/436/86
f 419/438/123 417/436/123 413/430/123
f 420/438/86 417/436/86 419/438/86
f 420/438/81 423/436/81 418/436/81
f 421/439/86 420/438/86 419/438/86
f 421/439/81 422/438/81 420/438/81
f 420/438/81 422/438/81 423/436/81
f 418/436/81 423/436/81 425/437/81
f 426/440/123 424/441/123 423/436/123
f 424/441/122 425/437/122 423/436/122
f 426/440/123 423/436/123 422/438/123
f 427/442/204 426/440/204 422/438/204
f 428/440/234 424/441/234 426/440/234
f 429/442/235 426/440/235 427/442/235
f 429/442/235 428/440/235 426/440/235
f 432/443/206 430/444/206 429/442/206
f 430/444/204 428/440/204 429/442/204
f 431/445/236 429/442/236 427/442/236
f 432/443/206 429/442/206 431/445/206
f 435/446/237 433/447/237 432/443/237
f 433/447/238 430/444/238 432/443/238
f 434/448/153 432/443/153 431/445/153
f 435/446/237 432/443/237 434/448/237
f 438/449/152 436/450/152 435/446/152
f 436/450/153 433/447/153 435/446/153
f 437/451/239 435/446/239 434/448/239
f 438/449/152 435/446/152 437/451/152
f 440/452/151 438/449/151 437/451/151
f 438/449/240 439/453/240 441/454/240
f 440/452/241 439/453/241 438/449/241
f 438/449/240 441/454/240 436/450/240
f 441/454/242 442/455/242 444/456/242
f 439/453/243 442/455/243 441/454/243
f 436/450/244 441/454/244 443/457/244
f 441/454/242 444/456/242 443/457/242
f 447/458/153 445/459/153 444/456/153
f 445/459/206 446/460/206 444/456/206
f 443/457/245 444/456/245 446/460/245
f 447/458/153 444/456/153 442/455/153
f 450/461/246 448/462/246 447/458/246
f 448/462/247 445/459/247 447/458/247
f 449/463/152 447/458/152 442/455/152
f 450/461/246 447/458/246 449/463/246
f 453/464/248 451/465/248 450/461/248
f 451/465/249 448/462/249 450/461/249
f 452/466/250 450/461/250 449/463/250
f 453/464/248 450/461/248 452/466/248
f 456/467/150 454/468/150 453/464/150
f 454/468/151 451/465/151 453/464/151
f 457/469/251 453/464/251 452/466/251
f 457/469/251 455/470/251 453/464/251
f 456/467/150 453/464/150 455/470/150
f 459/471/252 455/470/252 457/469/252
f 458/472/253 457/469/253 452/466/253
f 460/473/254 457/469/254 458/472/254
f 460/473/254 459/471/254 457/469/254
f 462/474/255 459/471/255 460/473/255
f 462/474/142 460/473/142 461/475/142
f 460/473/149 463/476/149 461/475/149
f 460/473/149 458/472/149 463/476/149
f 458/472/150 465/477/150 463/476/150
f 461/475/256 463/476/256 464/478/256
f 463/476/257 466/479/257 464/478/257
f 463/476/257 465/477/257 466/479/257
f 466/479/258 465/477/258 467/480/258
f 464/478/259 466/479/259 440/452/259
f 440/452/241 466/479/241 439/453/241
f 466/479/258 467/480/258 439/453/258
f 468/481/151 449/463/151 467/480/151
f 449/463/152 442/455/152 467/480/152
f 439/453/243 467/480/243 442/455/243
f 468/481/151 467/480/151 465/477/151
f 458/472/253 452/466/253 468/481/253
f 452/466/260 449/463/260 468/481/260
f 458/472/150 468/481/150 465/477/150
f 295/329/214 464/478/214 297/332/214
f 464/478/259 440/452/259 297/332/259
f 461/475/256 464/478/256 295/329/256
f 462/474/255 287/322/255 459/471/255
f 290/324/209 287/322/209 462/474/209
f 290/324/140 462/474/140 293/327/140
f 462/474/142 461/475/142 293/327/142
f 293/327/212 461/475/212 295/329/212
f 459/471/252 288/321/252 455/470/252
f 287/322/207 288/321/207 459/471/207
f 456/482/86 469/483/86 470/484/86
f 469/485/149 456/467/149 455/470/149
f 471/486/86 454/487/86 456/482/86
f 470/484/86 471/486/86 456/482/86
f 454/468/151 471/488/151 451/465/151
f 471/488/152 470/489/152 472/490/152
f 471/488/152 472/490/152 451/465/152
f 470/489/153 473/491/153 472/490/153
f 451/465/249 472/490/249 448/462/249
f 472/490/261 474/492/261 448/462/261
f 472/490/262 473/491/262 474/492/262
f 473/491/263 475/493/263 474/492/263
f 448/462/264 474/492/264 445/459/264
f 474/492/265 476/494/265 445/459/265
f 474/492/265 475/493/265 476/494/265
f 475/493/266 477/495/266 476/494/266
f 445/459/206 476/494/206 446/460/206
f 476/494/204 478/496/204 446/460/204
f 476/494/204 477/495/204 478/496/204
f 477/495/123 480/497/123 478/496/123
f 479/498/267 478/496/267 480/497/267
f 481/499/268 478/496/268 479/498/268
f 481/499/268 446/460/268 478/496/268
f 443/457/245 446/460/245 481/499/245
f 482/500/269 481/499/269 479/498/269
f 483/501/270 481/499/270 482/500/270
f 483/501/270 443/457/270 481/499/270
f 436/450/153 483/501/153 433/447/153
f 483/501/206 484/502/206 433/447/206
f 436/450/244 443/457/244 483/501/244
f 483/501/206 482/500/206 484/502/206
f 482/500/271 485/503/271 484/502/271
f 433/447/238 484/502/238 430/444/238
f 484/502/272 486/504/272 430/444/272
f 484/502/272 485/503/272 486/504/272
f 485/503/273 487/505/273 486/504/273
f 430/444/204 486/504/204 428/440/204
f 486/504/123 488/441/123 428/440/123
f 486/504/123 487/505/123 488/441/123
f 428/440/234 488/441/234 424/441/234
f 488/441/274 490/506/274 424/441/274
f 487/505/119 489/507/119 488/441/119
f 488/441/274 489/507/274 490/506/274
f 489/507/275 491/508/275 490/506/275
f 424/441/119 490/506/119 425/437/119
f 490/506/120 492/509/120 425/437/120
f 490/506/120 491/508/120 492/509/120
f 496/510/81 493/511/81 492/509/81
f 494/437/81 492/509/81 493/511/81
f 492/509/113 491/508/113 495/512/113
f 496/510/81 492/509/81 390/409/81
f 492/509/113 495/512/113 390/409/113
f 494/437/81 425/437/81 492/509/81
f 391/407/81 496/510/81 390/409/81
f 391/407/86 394/409/86 496/510/86
f 496/510/86 497/509/86 493/511/86
f 496/510/86 394/409/86 497/509/86
f 494/437/86 493/511/86 497/509/86
f 416/437/120 497/509/120 396/412/120
f 396/412/113 497/509/113 394/409/113
f 494/437/86 497/509/86 416/437/86
f 390/409/111 495/512/111 388/408/111
f 499/408/276 388/408/276 495/512/276
f 498/513/277 495/512/277 491/508/277
f 499/408/276 495/512/276 498/513/276
f 499/408/112 500/514/112 501/515/112
f 498/513/111 500/514/111 499/408/111
f 386/406/232 388/408/232 499/408/232
f 499/408/112 501/515/112 386/406/112
f 501/515/278 502/516/278 503/517/278
f 500/514/279 502/516/279 501/515/279
f 386/406/193 501/515/193 384/404/193
f 501/515/278 503/517/278 384/404/278
f 503/517/194 504/518/194 505/519/194
f 502/516/280 504/518/280 503/517/280
f 384/404/230 503/517/230 383/403/230
f 503/517/194 505/519/194 383/403/194
f 383/403/173 505/519/173 507/520/173
f 508/521/281 506/522/281 505/519/281
f 506/522/282 507/520/282 505/519/282
f 508/521/283 505/519/283 504/518/283
f 511/523/284 509/524/284 508/521/284
f 509/524/285 506/522/285 508/521/285
f 510/525/286 508/521/286 504/518/286
f 511/523/284 508/521/284 510/525/284
f 511/523/193 512/526/193 514/527/193
f 513/528/112 512/526/112 511/523/112
f 513/528/287 511/523/287 510/525/287
f 511/523/193 514/527/193 509/524/193
f 514/527/288 515/529/288 517/530/288
f 512/526/289 515/529/289 514/527/289
f 509/524/194 514/527/194 516/531/194
f 514/527/288 517/530/288 516/531/288
f 517/530/290 518/532/290 520/533/290
f 515/529/291 518/532/291 517/530/291
f 516/531/292 517/530/292 519/534/292
f 517/530/293 520/533/293 519/534/293
f 520/533/174 521/535/174 523/536/174
f 518/532/173 521/535/173 520/533/173
f 519/534/294 520/533/294 522/537/294
f 520/533/174 523/536/174 522/537/174
f 521/538/86 525/539/86 523/540/86
f 522/537/83 523/536/83 524/541/83
f 525/539/86 524/542/86 523/540/86
f 526/543/82 524/544/82 525/545/82
f 258/286/86 525/539/86 521/538/86
f 259/285/84 525/545/84 258/283/84
f 526/543/82 525/545/82 259/285/82
f 522/537/83 524/541/83 526/546/83
f 526/543/295 529/547/295 527/548/295
f 528/549/296 526/546/296 527/550/296
f 528/549/296 522/537/296 526/546/296
f 526/543/295 259/285/295 529/547/295
f 259/285/192 256/282/192 529/547/192
f 527/548/297 529/547/297 530/551/297
f 529/547/298 531/552/298 530/551/298
f 529/547/298 256/282/298 531/552/298
f 256/282/191 249/274/191 531/552/191
f 246/271/85 531/552/85 249/274/85
f 532/553/84 531/552/84 246/271/84
f 532/553/84 530/551/84 531/552/84
f 533/554/82 530/551/82 532/553/82
f 243/269/184 532/553/184 246/271/184
f 534/555/299 532/553/299 243/269/299
f 534/555/300 533/554/300 532/553/300
f 240/267/182 534/555/182 243/269/182
f 535/556/301 534/557/301 240/265/301
f 536/558/302 533/559/302 534/557/302
f 536/558/302 534/557/302 535/556/302
f 536/558/83 537/560/83 539/561/83
f 538/562/174 537/560/174 536/558/174
f 538/562/303 536/558/303 535/556/303
f 536/558/83 539/561/83 533/559/83
f 533/554/82 539/563/82 530/551/82
f 527/548/297 530/551/297 539/563/297
f 537/560/304 527/550/304 539/561/304
f 538/562/174 540/564/174 537/560/174
f 542/565/173 540/564/173 538/562/173
f 542/565/305 538/562/305 541/566/305
f 538/562/303 535/556/303 541/566/303
f 542/565/173 516/531/173 540/564/173
f 509/524/194 516/531/194 542/565/194
f 509/524/285 542/565/285 506/522/285
f 542/565/305 541/566/305 506/522/305
f 506/522/282 541/566/282 507/520/282
f 541/566/306 543/567/306 507/520/306
f 541/566/306 535/556/306 543/567/306
f 239/264/83 543/567/83 240/265/83
f 381/401/174 543/567/174 239/264/174
f 535/556/301 240/265/301 543/567/301
f 381/401/174 507/520/174 543/567/174
f 540/564/307 519/534/307 528/549/307
f 516/531/308 519/534/308 540/564/308
f 540/564/307 528/549/307 537/560/307
f 537/560/309 528/549/309 527/550/309
f 519/534/294 522/537/294 528/549/294
f 521/538/86 262/287/86 258/286/86
f 518/532/173 262/295/173 521/535/173
f 264/294/194 262/295/194 518/532/194
f 515/529/291 264/294/291 518/532/291
f 266/296/195 264/294/195 515/529/195
f 512/526/310 266/296/310 515/529/310
f 513/528/112 268/298/112 512/526/112
f 270/300/111 268/298/111 513/528/111
f 270/300/311 513/528/311 544/568/311
f 513/528/312 510/525/312 544/568/312
f 274/305/313 544/568/313 545/569/313
f 544/568/314 546/570/314 545/569/314
f 544/568/315 510/525/315 546/570/315
f 270/300/311 544/568/311 274/305/311
f 502/516/193 546/570/193 504/518/193
f 547/571/112 546/570/112 502/516/112
f 510/525/316 504/518/316 546/570/316
f 547/571/112 545/569/112 546/570/112
f 548/572/111 545/569/111 547/571/111
f 500/514/279 547/571/279 502/516/279
f 549/573/317 547/571/317 500/514/317
f 549/573/318 548/572/318 547/571/318
f 550/574/319 548/572/319 549/573/319
f 498/513/111 549/573/111 500/514/111
f 551/508/113 549/573/113 498/513/113
f 551/508/113 550/574/113 549/573/113
f 489/507/275 551/508/275 491/508/275
f 498/513/277 491/508/277 551/508/277
f 552/575/120 550/574/120 551/508/120
f 552/575/120 551/508/120 489/507/120
f 554/576/320 553/577/320 552/575/320
f 553/577/321 550/574/321 552/575/321
f 487/505/119 552/575/119 489/507/119
f 554/576/320 552/575/320 487/505/320
f 556/578/123 555/579/123 554/576/123
f 555/579/119 553/577/119 554/576/119
f 485/503/273 554/576/273 487/505/273
f 556/578/123 554/576/123 485/503/123
f 482/500/204 556/578/204 485/503/204
f 556/578/322 479/498/322 557/580/322
f 482/500/269 479/498/269 556/578/269
f 556/578/323 557/580/323 555/579/323
f 557/580/324 480/497/324 273/306/324
f 479/498/325 480/497/325 557/580/325
f 555/579/326 557/580/326 275/303/326
f 557/580/324 273/306/324 275/303/324
f 555/579/122 558/581/122 553/577/122
f 555/579/326 275/303/326 558/581/326
f 558/581/120 560/582/120 553/577/120
f 558/581/327 275/303/327 272/304/327
f 558/581/120 559/583/120 560/582/120
f 558/581/327 272/304/327 559/583/327
f 560/582/113 559/583/113 561/584/113
f 553/577/321 560/582/321 550/574/321
f 550/574/319 560/582/319 548/572/319
f 560/582/113 561/584/113 548/572/113
f 548/572/233 561/584/233 545/569/233
f 272/304/328 274/305/328 561/584/328
f 274/305/313 545/569/313 561/584/313
f 272/304/328 561/584/328 559/583/328
f 268/298/329 266/296/329 512/526/329
f 383/403/173 507/520/173 381/401/173
f 418/436/86 494/437/86 416/437/86
f 418/436/81 425/437/81 494/437/81
f 477/495/123 277/308/123 480/497/123
f 277/308/119 273/306/119 480/497/119
f 475/493/330 279/310/330 477/495/330
f 279/310/203 277/308/203 477/495/203
f 473/491/263 281/312/263 475/493/263
f 281/312/205 279/310/205 475/493/205
f 470/489/153 283/316/153 473/491/153
f 283/316/206 281/312/206 473/491/206
f 283/314/86 470/484/86 285/318/86
f 469/483/86 285/318/86 470/484/86
f 285/319/142 469/485/142 288/321/142
f 469/485/149 455/470/149 288/321/149
f 297/332/150 440/452/150 300/333/150
f 440/452/151 437/451/151 300/333/151
f 300/333/331 437/451/331 562/585/331
f 437/451/239 434/448/239 562/585/239
f 564/586/151 562/585/151 563/587/151
f 562/585/152 565/588/152 563/587/152
f 562/585/152 434/448/152 565/588/152
f 300/333/331 562/585/331 564/586/331
f 434/448/153 431/445/153 565/588/153
f 563/587/332 565/588/332 566/589/332
f 565/588/333 567/590/333 566/589/333
f 565/588/333 431/445/333 567/590/333
f 431/445/236 427/442/236 567/590/236
f 566/589/153 567/590/153 568/346/153
f 567/590/206 569/439/206 568/346/206
f 567/590/206 427/442/206 569/439/206
f 427/442/204 422/438/204 569/439/204
f 421/439/81 569/439/81 422/438/81
f 570/346/81 568/346/81 569/439/81
f 570/346/81 569/439/81 421/439/81
f 571/591/81 568/346/81 570/346/81
f 571/591/86 570/346/86 319/346/86
f 570/346/86 572/439/86 319/346/86
f 570/346/86 421/439/86 572/439/86
f 319/346/206 572/439/206 320/347/206
f 572/439/204 573/434/204 320/347/204
f 572/439/204 419/438/204 573/434/204
f 421/439/86 419/438/86 572/439/86
f 419/438/123 413/430/123 573/434/123
f 414/434/81 573/434/81 413/430/81
f 322/347/81 320/347/81 573/434/81
f 322/347/81 573/434/81 414/434/81
f 571/591/81 574/591/81 568/346/81
f 309/342/81 574/591/81 571/591/81
f 309/342/86 571/591/86 317/345/86
f 571/591/86 319/346/86 317/345/86
f 575/592/152 566/589/152 574/591/152
f 566/589/153 568/346/153 574/591/153
f 309/342/81 311/343/81 574/591/81
f 575/592/152 574/591/152 311/343/152
f 303/337/334 563/587/334 575/592/334
f 563/587/332 566/589/332 575/592/332
f 576/337/151 575/592/151 311/343/151
f 303/337/334 575/592/334 576/337/334
f 304/336/150 576/337/150 307/340/150
f 576/337/151 311/343/151 307/340/151
f 303/337/217 576/337/217 304/336/217
f 299/334/335 300/333/335 564/586/335
f 299/334/150 564/586/150 303/337/150
f 564/586/151 563/587/151 303/337/151
f 322/347/204 414/434/204 324/351/204
f 414/434/123 410/432/123 324/351/123
f 411/433/120 577/593/120 400/418/120
f 411/433/81 396/412/81 577/593/81
f 400/418/113 577/593/113 397/413/113
f 397/413/81 577/593/81 396/412/81
f 324/352/81 410/429/81 325/353/81
f 408/428/81 325/353/81 410/429/81
f 406/360/124 328/357/124 408/427/124
f 328/357/125 325/356/125 408/427/125
f 328/357/81 406/360/81 330/360/81
f 406/360/81 405/421/81 330/360/81
f 350/372/106 332/361/106 405/421/106
f 332/361/133 330/360/133 405/421/133
f 402/372/81 350/372/81 405/421/81
f 352/373/81 350/372/81 402/372/81
f 360/419/101 352/373/101 402/372/101
f 228/242/174 378/399/174 227/250/174
f 371/393/173 378/399/173 228/242/173
f 233/250/227 227/250/227 378/399/227
f 221/247/81 372/394/81 228/242/81
f 221/247/86 217/242/86 372/394/86
f 372/394/81 371/393/81 228/242/81
f 372/394/86 217/242/86 369/393/86
f 218/244/173 369/393/173 217/242/173
f 362/388/194 369/393/194 218/244/194
f 212/236/173 363/387/173 213/237/173
f 356/386/194 363/387/194 212/236/194
f 213/237/81 363/387/81 218/244/81
f 363/387/81 362/388/81 218/244/81
f 354/374/102 352/373/102 360/419/102
f 356/377/81 212/239/81 209/234/81
f 347/366/86 578/594/86 332/361/86
f 347/366/81 336/361/81 578/594/81
f 333/363/81 578/594/81 336/361/81
f 333/363/86 332/361/86 578/594/86
f 194/223/101 195/222/101 339/225/101
f 194/223/171 339/225/171 199/225/171
f 309/342/86 317/345/86 312/343/86
f 261/290/86 96/122/86 90/114/86
f 91/112/88 261/289/88 90/110/88
f 255/281/87 261/289/87 91/112/87
f 255/281/190 91/112/190 252/278/190
f 252/278/188 88/109/188 253/279/188
f 88/109/109 81/101/109 253/279/109
f 78/98/102 253/279/102 81/101/102
f 250/276/88 253/279/88 78/98/88
f 91/112/110 88/109/110 252/278/110
f 75/96/336 250/276/336 78/98/336
f 247/273/186 250/276/186 75/96/186
f 72/92/96 247/273/96 75/96/96
f 244/268/185 247/273/185 72/92/185
f 73/94/85 244/268/85 72/92/85
f 236/260/84 244/268/84 73/94/84
f 233/250/83 241/262/83 232/257/83
f 236/260/178 73/94/178 237/261/178
f 73/94/94 66/86/94 237/261/94
f 67/88/85 237/261/85 66/86/85
f 234/258/84 237/261/84 67/88/84
f 234/258/337 579/595/337 230/253/337
f 234/258/337 67/88/337 579/595/337
f 67/88/91 60/81/91 579/595/91
f 57/76/85 579/595/85 60/81/85
f 225/249/84 579/595/84 57/76/84
f 225/249/84 230/253/84 579/595/84
f 223/248/82 230/253/82 225/249/82
f 58/79/81 225/249/81 57/76/81
f 58/79/86 51/76/86 224/79/86
f 48/68/84 224/79/84 51/76/84
f 580/73/82 224/79/82 48/68/82
f 580/73/82 220/248/82 224/79/82
f 215/241/83 220/245/83 580/596/83
f 46/71/81 215/241/81 580/596/81
f 46/73/81 580/73/81 48/68/81
f 118/149/129 581/597/129 112/142/129
f 582/598/338 581/597/338 118/149/338
f 85/106/132 582/598/132 118/149/132
f 584/599/339 583/600/339 582/598/339
f 582/598/338 583/600/338 581/597/338
f 84/105/105 582/598/105 85/106/105
f 584/599/339 582/598/339 84/105/339
f 584/599/106 93/117/106 585/601/106
f 87/108/224 93/117/224 584/599/224
f 87/108/108 584/599/108 84/105/108
f 584/599/106 585/601/106 583/600/106
f 585/602/86 93/116/86 95/118/86
f 110/139/86 585/602/86 586/603/86
f 585/601/133 110/140/133 581/597/133
f 585/601/133 581/597/133 583/600/133
f 95/118/86 586/603/86 585/602/86
f 586/603/86 105/138/86 110/139/86
f 105/132/120 586/604/120 100/125/120
f 100/125/113 586/604/113 95/120/113
f 110/140/124 112/142/124 581/597/124
f 590/605/340 588/606/340 587/607/340
f 589/608/341 587/609/341 588/610/341
f 591/611/342 587/612/342 589/613/342
f 591/611/342 590/614/342 587/612/342
f 592/615/343 591/611/343 589/613/343
f 590/614/344 591/611/344 593/611/344
f 591/611/345 592/615/345 594/615/345
f 591/611/345 594/615/345 593/611/345
f 595/616/343 593/611/343 594/615/343
f 597/617/346 595/616/346 594/615/346
f 597/617/346 594/615/346 596/618/346
f 592/615/345 596/618/345 594/615/345
f 600/616/347 597/617/347 598/617/347
f 598/617/348 597/617/348 599/619/348
f 599/619/349 597/617/349 596/618/349
f 600/616/347 595/616/347 597/617/347
f 601/620/347 595/616/347 600/616/347
f 601/620/345 600/616/345 602/616/345
f 600/616/345 598/617/345 603/617/345
f 600/616/345 603/617/345 602/616/345
f 598/617/345 605/621/345 603/617/345
f 604/622/346 602/616/346 603/617/346
f 606/623/349 604/622/349 603/617/349
f 606/623/349 603/617/349 605/621/349
f 609/622/350 606/623/350 607/624/350
f 607/624/351 606/623/351 608/625/351
f 608/625/352 606/623/352 605/621/352
f 609/622/350 604/622/350 606/623/350
f 611/626/353 604/622/353 609/622/353
f 610/627/346 611/626/346 609/622/346
f 612/628/349 610/627/349 609/622/349
f 612/628/349 609/622/349 607/624/349
f 614/629/354 613/630/354 612/628/354
f 612/628/355 613/630/355 615/631/355
f 614/629/352 612/628/352 607/624/352
f 612/628/355 615/631/355 610/627/355
f 616/632/346 617/633/346 615/631/346
f 618/634/349 616/632/349 615/631/349
f 610/627/356 615/631/356 617/633/356
f 618/634/349 615/631/349 613/630/349
f 619/635/352 618/634/352 613/630/352
f 618/636/347 619/637/347 621/638/347
f 616/639/347 618/636/347 620/640/347
f 621/638/347 620/640/347 618/636/347
f 620/641/357 621/642/357 623/643/357
f 621/642/358 622/644/358 624/645/358
f 621/638/347 619/637/347 622/646/347
f 621/642/358 624/645/358 623/643/358
f 622/644/359 626/647/359 624/645/359
f 624/645/360 627/648/360 625/649/360
f 623/643/361 624/645/361 625/649/361
f 624/645/360 626/647/360 627/648/360
f 626/647/362 629/650/362 627/648/362
f 627/648/363 630/651/363 628/652/363
f 625/649/359 627/648/359 628/652/359
f 627/648/363 629/650/363 630/651/363
f 629/650/364 632/653/364 630/651/364
f 630/651/365 633/653/365 631/654/365
f 628/652/366 630/651/366 631/654/366
f 630/651/365 632/653/365 633/653/365
f 636/655/367 633/653/367 632/653/367
f 634/656/368 633/653/368 635/657/368
f 631/654/364 633/653/364 634/656/364
f 636/655/367 635/657/367 633/653/367
f 632/653/368 637/658/368 636/655/368
f 636/655/369 637/658/369 639/659/369
f 636/655/369 639/659/369 638/660/369
f 638/660/370 635/657/370 636/655/370
f 637/658/371 640/661/371 639/659/371
f 639/659/372 640/661/372 642/662/372
f 638/660/373 639/659/373 641/663/373
f 639/659/372 642/662/372 641/663/372
f 640/661/373 643/664/373 642/662/373
f 642/662/374 643/664/374 645/665/374
f 641/663/375 642/662/375 644/666/375
f 642/662/374 645/665/374 644/666/374
f 645/667/347 643/668/347 647/669/347
f 644/666/376 645/665/376 646/670/376
f 645/667/347 648/671/347 646/672/347
f 647/669/347 648/671/347 645/667/347
f 651/673/377 649/674/377 648/675/377
f 648/671/347 649/676/347 646/672/347
f 650/677/378 648/675/378 647/678/378
f 651/673/377 648/675/377 650/677/377
f 653/679/379 649/674/379 651/673/379
f 651/673/380 654/680/380 652/681/380
f 653/679/381 651/673/381 652/681/381
f 651/673/380 650/677/380 654/680/380
f 650/677/382 656/682/382 654/680/382
f 657/683/377 654/680/377 655/684/377
f 655/684/378 654/680/378 656/682/378
f 657/683/377 652/681/377 654/680/377
f 659/685/379 652/681/379 657/683/379
f 657/683/383 660/684/383 658/683/383
f 659/685/384 657/683/384 658/683/384
f 657/683/383 655/684/383 660/684/383
f 655/684/385 662/686/385 660/684/385
f 663/687/377 660/684/377 661/688/377
f 661/688/378 660/684/378 662/686/378
f 663/687/377 658/683/377 660/684/377
f 666/689/345 663/687/345 664/687/345
f 664/687/345 663/687/345 661/688/345
f 665/690/379 658/683/379 663/687/379
f 666/689/345 665/690/345 663/687/345
f 668/691/345 665/690/345 666/689/345
f 666/689/347 669/687/347 667/689/347
f 668/691/348 666/689/348 667/689/348
f 666/689/347 664/687/347 669/687/347
f 664/687/347 671/692/347 669/687/347
f 672/693/379 669/687/379 670/694/379
f 670/694/377 669/687/377 671/692/377
f 672/693/379 667/689/379 669/687/379
f 675/695/341 672/693/341 673/693/341
f 673/693/345 672/693/345 670/694/345
f 674/695/386 667/689/386 672/693/386
f 675/695/345 674/695/345 672/693/345
f 678/696/387 675/695/387 676/697/387
f 676/697/386 675/695/386 673/693/386
f 678/696/387 677/698/387 675/695/387
f 675/695/345 677/698/345 679/698/345
f 675/695/345 679/698/345 674/695/345
f 681/699/388 680/700/388 679/698/388
f 679/698/387 680/700/387 682/691/387
f 679/698/387 682/691/387 674/695/387
f 677/698/345 681/699/345 679/698/345
f 674/695/386 682/691/386 667/689/386
f 668/691/347 667/689/347 682/691/347
f 668/691/347 682/691/347 680/700/347
f 684/701/389 683/702/389 681/699/389
f 681/699/388 683/702/388 680/700/388
f 685/703/345 684/701/345 681/699/345
f 677/698/345 685/703/345 681/699/345
f 688/704/389 685/703/389 686/705/389
f 686/705/388 685/703/388 677/698/388
f 688/704/389 687/701/389 685/703/389
f 685/703/345 687/701/345 684/701/345
f 689/706/376 687/701/376 688/704/376
f 689/707/345 688/708/345 690/709/345
f 688/708/345 686/710/345 690/709/345
f 691/711/377 692/712/377 690/713/377
f 690/709/345 686/710/345 691/714/345
f 690/713/378 692/712/378 694/715/378
f 690/713/378 694/715/378 693/716/378
f 690/709/345 693/717/345 689/707/345
f 693/716/390 694/715/390 695/718/390
f 694/715/345 697/718/345 695/718/345
f 692/712/345 696/715/345 694/715/345
f 694/715/345 696/715/345 697/718/345
f 696/715/390 698/719/390 697/718/390
f 697/718/391 698/719/391 700/720/391
f 697/718/391 700/720/391 699/721/391
f 695/718/345 697/718/345 699/721/345
f 701/722/347 702/723/347 700/720/347
f 703/719/347 701/722/347 700/720/347
f 699/721/392 700/720/392 702/723/392
f 703/719/347 700/720/347 698/719/347
f 703/719/345 706/724/345 701/722/345
f 704/725/345 705/719/345 703/719/345
f 704/725/347 703/719/347 698/719/347
f 703/719/345 705/719/345 706/724/345
f 701/722/345 706/724/345 708/726/345
f 705/719/391 707/727/391 706/724/391
f 706/724/392 707/727/392 709/728/392
f 706/724/392 709/728/392 708/726/392
f 710/728/393 711/729/393 709/728/393
f 712/727/394 710/728/394 709/728/394
f 708/726/395 709/728/395 711/729/395
f 712/727/394 709/728/394 707/727/394
f 714/730/396 712/727/396 707/727/396
f 714/730/391 713/731/391 712/727/391
f 712/727/392 713/731/392 715/732/392
f 712/727/392 715/732/392 710/728/392
f 716/733/397 717/734/397 715/732/397
f 718/735/398 716/733/398 715/732/398
f 710/728/395 715/732/395 717/734/395
f 718/735/399 715/732/399 713/731/399
f 720/736/391 719/737/391 718/735/391
f 718/735/392 719/737/392 721/738/392
f 720/736/400 718/735/400 713/731/400
f 718/735/392 721/738/392 716/733/392
f 721/739/347 719/740/347 724/741/347
f 716/733/395 721/738/395 722/742/395
f 722/743/347 721/739/347 723/744/347
f 724/741/347 723/744/347 721/739/347
f 725/745/369 723/746/369 724/747/369
f 640/661/373 724/747/373 643/664/373
f 724/741/347 726/748/347 643/668/347
f 725/745/369 724/747/369 640/661/369
f 719/740/347 726/748/347 724/741/347
f 727/749/390 647/678/390 726/750/390
f 726/748/347 647/669/347 643/668/347
f 720/736/391 726/750/391 719/737/391
f 727/749/390 726/750/390 720/736/390
f 650/677/378 647/678/378 727/749/378
f 727/749/401 728/751/401 656/682/401
f 650/677/382 727/749/382 656/682/382
f 727/749/401 720/736/401 728/751/401
f 720/736/400 713/731/400 728/751/400
f 729/752/390 728/751/390 714/730/390
f 714/730/391 728/751/391 713/731/391
f 729/752/390 656/682/390 728/751/390
f 655/684/378 656/682/378 729/752/378
f 729/752/402 714/730/402 730/730/402
f 655/684/385 729/752/385 662/686/385
f 729/752/402 730/730/402 662/686/402
f 731/753/390 730/730/390 705/719/390
f 705/719/391 730/730/391 707/727/391
f 714/730/403 707/727/403 730/730/403
f 731/753/390 662/686/390 730/730/390
f 661/688/378 662/686/378 731/753/378
f 704/725/345 731/753/345 705/719/345
f 732/692/345 661/688/345 731/753/345
f 732/692/345 731/753/345 704/725/345
f 664/687/345 661/688/345 732/692/345
f 732/692/404 733/725/404 671/692/404
f 664/687/347 732/692/347 671/692/347
f 732/692/347 704/725/347 733/725/347
f 734/754/378 733/725/378 696/715/378
f 696/715/390 733/725/390 698/719/390
f 704/725/347 698/719/347 733/725/347
f 734/754/378 671/692/378 733/725/378
f 670/694/377 671/692/377 734/754/377
f 692/712/345 734/754/345 696/715/345
f 735/755/345 670/694/345 734/754/345
f 735/755/345 734/754/345 692/712/345
f 736/756/379 735/755/379 691/711/379
f 691/711/377 735/755/377 692/712/377
f 673/693/345 670/694/345 735/755/345
f 736/756/379 673/693/379 735/755/379
f 676/697/386 673/693/386 736/756/386
f 678/757/344 676/758/344 736/759/344
f 736/759/341 691/714/341 678/757/341
f 737/760/368 723/746/368 725/745/368
f 738/761/405 725/745/405 637/658/405
f 637/658/406 725/745/406 640/661/406
f 738/761/405 737/760/405 725/745/405
f 739/762/407 737/760/407 738/761/407
f 632/653/368 738/761/368 637/658/368
f 629/650/364 738/761/364 632/653/364
f 739/762/407 738/761/407 629/650/407
f 740/763/364 737/760/364 739/762/364
f 741/764/363 740/763/363 739/762/363
f 626/647/408 739/762/408 629/650/408
f 741/764/363 739/762/363 626/647/363
f 622/644/359 741/764/359 626/647/359
f 741/765/347 622/646/347 742/766/347
f 740/767/347 741/765/347 742/766/347
f 743/768/409 742/769/409 744/770/409
f 742/766/347 743/771/347 740/767/347
f 742/769/410 619/635/410 745/772/410
f 619/637/347 742/766/347 622/646/347
f 742/769/410 745/772/410 744/770/410
f 619/635/352 613/630/352 745/772/352
f 746/773/411 745/772/411 614/629/411
f 614/629/354 745/772/354 613/630/354
f 746/773/411 744/770/411 745/772/411
f 748/774/412 744/770/412 746/773/412
f 746/773/410 749/625/410 747/775/410
f 748/774/409 746/773/409 747/775/409
f 746/773/410 614/629/410 749/625/410
f 614/629/352 607/624/352 749/625/352
f 607/624/351 608/625/351 749/625/351
f 749/625/413 750/776/413 747/775/413
f 749/625/414 608/625/414 750/776/414
f 750/776/410 753/777/410 751/778/410
f 752/779/409 750/776/409 751/778/409
f 750/776/410 608/625/410 753/777/410
f 747/775/415 750/776/415 752/779/415
f 754/777/345 751/778/345 753/777/345
f 755/619/345 754/777/345 753/777/345
f 608/625/352 605/621/352 753/777/352
f 755/619/345 753/777/345 605/621/345
f 598/617/347 599/619/347 755/619/347
f 755/619/347 599/619/347 756/777/347
f 598/617/345 755/619/345 605/621/345
f 755/619/347 756/777/347 754/777/347
f 754/777/347 756/777/347 758/780/347
f 756/777/352 759/781/352 757/782/352
f 758/780/410 756/777/410 757/782/410
f 756/777/352 599/619/352 759/781/352
f 760/783/345 757/782/345 759/781/345
f 761/618/345 760/783/345 759/781/345
f 599/619/349 596/618/349 759/781/349
f 761/618/345 759/781/345 596/618/345
f 761/618/346 763/784/346 762/785/346
f 760/783/349 761/618/349 762/785/349
f 592/615/345 761/618/345 596/618/345
f 761/618/346 592/615/346 763/784/346
f 762/786/345 763/787/345 765/788/345
f 592/615/343 589/613/343 763/784/343
f 589/608/345 764/789/345 763/787/345
f 764/789/345 765/788/345 763/787/345
f 769/790/416 765/791/416 764/792/416
f 766/793/357 767/794/357 765/791/357
f 769/790/416 766/793/416 765/791/416
f 765/788/345 767/795/345 768/796/345
f 768/796/345 762/786/345 765/788/345
f 771/797/417 769/790/417 764/792/417
f 771/797/345 770/790/345 769/790/345
f 769/790/345 770/790/345 772/793/345
f 769/790/345 772/793/345 766/793/345
f 766/793/345 772/793/345 774/798/345
f 773/799/357 774/798/357 772/793/357
f 775/800/416 773/799/416 772/793/416
f 775/800/416 772/793/416 770/790/416
f 776/800/347 773/799/347 775/800/347
f 778/801/347 776/800/347 775/800/347
f 777/801/417 775/800/417 770/790/417
f 778/801/347 775/800/347 777/801/347
f 780/802/345 779/801/345 778/801/345
f 778/801/345 779/801/345 781/800/345
f 780/802/347 778/801/347 777/801/347
f 778/801/345 781/800/345 776/800/345
f 776/800/345 781/800/345 783/799/345
f 782/803/416 783/799/416 781/800/416
f 784/804/417 782/803/417 781/800/417
f 784/804/417 781/800/417 779/801/417
f 785/804/418 782/803/418 784/804/418
f 787/805/419 785/804/419 784/804/419
f 786/805/340 784/804/340 779/801/340
f 787/805/419 784/804/419 786/805/419
f 788/806/340 785/804/340 787/805/340
f 790/807/342 788/808/342 787/809/342
f 790/807/342 787/809/342 789/810/342
f 787/809/420 791/810/420 789/810/420
f 787/809/420 786/809/420 791/810/420
f 791/810/342 794/811/342 792/620/342
f 793/626/343 791/810/343 792/620/343
f 791/810/342 786/809/342 794/811/342
f 789/810/421 791/810/421 793/626/421
f 786/805/340 779/801/340 794/802/340
f 780/811/345 792/620/345 794/811/345
f 780/802/345 794/802/345 779/801/345
f 793/626/343 792/620/343 602/616/343
f 604/622/346 793/626/346 602/616/346
f 611/626/353 793/626/353 604/622/353
f 789/810/421 793/626/421 611/626/421
f 601/620/345 602/616/345 792/620/345
f 780/811/345 601/620/345 792/620/345
f 796/812/422 795/813/422 790/807/422
f 790/807/423 795/813/423 797/814/423
f 796/812/343 790/807/343 789/810/343
f 790/807/423 797/814/423 788/808/423
f 798/815/340 799/816/340 797/817/340
f 800/818/342 798/819/342 797/814/342
f 797/817/424 801/820/424 788/806/424
f 800/818/342 797/814/342 795/813/342
f 797/817/424 799/816/424 801/820/424
f 799/816/425 802/821/425 801/820/425
f 801/820/417 803/803/417 785/804/417
f 788/806/340 801/820/340 785/804/340
f 801/820/417 802/821/417 803/803/417
f 802/821/416 804/822/416 803/803/416
f 803/803/426 805/822/426 782/803/426
f 785/804/418 803/803/418 782/803/418
f 803/803/426 804/822/426 805/822/426
f 804/822/427 806/823/427 805/822/427
f 805/822/357 807/824/357 783/799/357
f 782/803/416 805/822/416 783/799/416
f 805/822/357 806/823/357 807/824/357
f 806/823/358 808/825/358 807/824/358
f 809/824/345 807/824/345 808/825/345
f 810/799/345 783/799/345 807/824/345
f 810/799/345 807/824/345 809/824/345
f 776/800/345 783/799/345 810/799/345
f 810/799/347 811/826/347 773/799/347
f 776/800/347 810/799/347 773/799/347
f 810/799/347 809/824/347 811/826/347
f 811/826/358 813/827/358 774/798/358
f 773/799/357 811/826/357 774/798/357
f 809/824/347 812/825/347 811/826/347
f 811/826/358 812/825/358 813/827/358
f 812/825/359 814/828/359 813/827/359
f 815/829/345 813/827/345 814/828/345
f 816/798/345 774/798/345 813/827/345
f 816/798/345 813/827/345 815/829/345
f 816/798/358 817/830/358 767/794/358
f 766/793/357 816/798/357 767/794/357
f 816/798/358 815/829/358 817/830/358
f 766/793/345 774/798/345 816/798/345
f 767/795/345 817/831/345 819/832/345
f 815/829/359 818/833/359 817/830/359
f 817/831/345 818/834/345 819/832/345
f 822/835/410 819/836/410 820/837/410
f 819/832/345 818/834/345 820/838/345
f 821/839/352 768/840/352 819/836/352
f 822/835/410 821/839/410 819/836/410
f 819/832/345 768/796/345 767/795/345
f 823/841/409 822/835/409 820/837/409
f 821/839/345 822/835/345 824/835/345
f 822/835/428 823/841/428 825/841/428
f 822/835/345 825/841/345 824/835/345
f 826/842/409 824/835/409 825/841/409
f 828/843/429 826/842/429 825/841/429
f 828/843/429 825/841/429 827/844/429
f 823/841/428 827/844/428 825/841/428
f 832/845/347 828/843/347 829/843/347
f 830/723/347 829/843/347 828/843/347
f 831/846/395 828/843/395 827/844/395
f 832/845/430 826/842/430 828/843/430
f 830/723/430 828/843/430 702/723/430
f 831/846/395 702/723/395 828/843/395
f 833/780/430 826/842/430 832/845/430
f 833/780/345 832/845/345 834/845/345
f 832/845/345 829/843/345 835/843/345
f 832/845/345 835/843/345 834/845/345
f 830/723/345 835/843/345 829/843/345
f 711/729/429 834/845/429 835/843/429
f 708/726/395 711/729/395 835/843/395
f 830/723/345 708/726/345 835/843/345
f 752/779/409 751/778/409 834/845/409
f 711/729/429 752/779/429 834/845/429
f 833/780/345 834/845/345 751/778/345
f 754/777/347 758/780/347 833/780/347
f 754/777/345 833/780/345 751/778/345
f 833/780/347 758/780/347 826/842/347
f 837/847/428 831/846/428 836/848/428
f 836/848/428 831/846/428 827/844/428
f 699/721/392 702/723/392 831/846/392
f 837/847/345 699/721/345 831/846/345
f 839/849/391 837/847/391 838/850/391
f 838/850/392 837/847/392 836/848/392
f 695/718/345 699/721/345 837/847/345
f 839/849/391 695/718/391 837/847/391
f 693/716/390 695/718/390 839/849/390
f 693/717/345 839/851/345 840/852/345
f 839/851/345 838/853/345 840/852/345
f 841/854/373 842/855/373 840/856/373
f 841/857/345 840/852/345 838/853/345
f 840/856/374 842/855/374 843/858/374
f 840/856/374 843/858/374 689/706/374
f 840/852/345 689/707/345 693/717/345
f 689/706/376 843/858/376 687/701/376
f 843/858/345 845/859/345 844/860/345
f 687/701/345 843/858/345 844/860/345
f 843/858/345 842/855/345 845/859/345
f 847/861/373 846/862/373 845/859/373
f 845/859/374 846/862/374 848/863/374
f 845/859/374 848/863/374 844/860/374
f 842/855/345 847/861/345 845/859/345
f 851/864/347 848/863/347 849/865/347
f 849/865/347 848/863/347 846/862/347
f 844/860/376 848/863/376 850/864/376
f 851/864/347 850/864/347 848/863/347
f 851/864/345 854/863/345 852/866/345
f 853/867/345 851/864/345 852/866/345
f 853/867/347 850/864/347 851/864/347
f 851/864/345 849/865/345 854/863/345
f 849/865/345 856/868/345 854/863/345
f 856/868/374 855/869/374 854/863/374
f 854/863/376 855/869/376 857/870/376
f 854/863/376 857/870/376 852/866/376
f 860/871/431 857/870/431 858/870/431
f 858/870/432 857/870/432 855/869/432
f 852/866/389 857/870/389 859/871/389
f 860/871/431 859/871/431 857/870/431
f 858/870/389 861/872/389 860/871/389
f 860/871/388 861/872/388 863/873/388
f 862/874/433 859/871/433 860/871/433
f 860/871/388 863/873/388 862/874/388
f 861/872/434 864/875/434 863/873/434
f 863/873/435 864/875/435 866/876/435
f 862/874/387 863/873/387 865/877/387
f 863/873/435 866/876/435 865/877/435
f 864/875/387 867/878/387 866/876/387
f 866/876/386 867/878/386 868/879/386
f 866/876/436 869/880/436 865/877/436
f 866/876/386 868/879/386 653/679/386
f 866/876/436 653/679/436 869/880/436
f 653/679/381 652/681/381 869/880/381
f 870/881/386 869/880/386 659/685/386
f 659/685/379 869/880/379 652/681/379
f 870/881/386 865/877/386 869/880/386
f 862/874/387 865/877/387 870/881/387
f 870/881/437 659/685/437 872/882/437
f 870/881/438 873/874/438 862/874/438
f 870/881/437 872/882/437 871/881/437
f 870/881/438 871/881/438 873/874/438
f 875/867/388 873/874/388 874/700/388
f 874/700/387 873/874/387 871/881/387
f 875/867/388 859/871/388 873/874/388
f 862/874/433 873/874/433 859/871/433
f 852/866/389 859/871/389 875/867/389
f 876/700/345 875/867/345 874/700/345
f 853/867/345 852/866/345 875/867/345
f 876/700/345 853/867/345 875/867/345
f 668/691/347 680/700/347 876/700/347
f 668/691/345 876/700/345 874/700/345
f 876/700/347 683/702/347 853/867/347
f 876/700/347 680/700/347 683/702/347
f 874/700/387 871/881/387 877/691/387
f 668/691/345 874/700/345 877/691/345
f 877/691/386 871/881/386 872/882/386
f 877/691/386 872/882/386 665/690/386
f 668/691/345 877/691/345 665/690/345
f 659/685/384 658/683/384 872/882/384
f 665/690/379 872/882/379 658/683/379
f 868/883/347 867/884/347 878/885/347
f 653/679/379 868/879/379 649/674/379
f 649/676/348 868/883/348 878/885/348
f 880/886/388 879/887/388 878/888/388
f 878/885/404 879/889/404 649/676/404
f 864/875/387 878/888/387 867/878/387
f 880/886/388 878/888/388 864/875/388
f 881/890/389 879/887/389 880/886/389
f 882/891/439 880/886/439 861/872/439
f 861/872/434 880/886/434 864/875/434
f 882/891/439 881/890/439 880/886/439
f 883/892/440 881/890/440 882/891/440
f 884/893/376 882/891/376 858/870/376
f 858/870/389 882/891/389 861/872/389
f 884/893/376 883/892/376 882/891/376
f 858/870/441 855/869/441 884/893/441
f 884/893/442 855/869/442 886/894/442
f 885/895/374 883/892/374 884/893/374
f 884/893/443 886/894/443 885/895/443
f 888/896/373 886/894/373 856/868/373
f 856/868/374 886/894/374 855/869/374
f 888/896/373 887/897/373 886/894/373
f 885/895/444 886/894/444 887/897/444
f 889/898/369 887/897/369 888/896/369
f 891/868/345 888/896/345 856/868/345
f 890/899/345 889/898/345 888/896/345
f 891/868/345 890/899/345 888/896/345
f 849/865/347 846/862/347 891/868/347
f 849/865/345 891/868/345 856/868/345
f 891/868/430 892/896/430 890/899/430
f 891/868/347 846/862/347 892/896/347
f 894/900/369 892/896/369 847/861/369
f 847/861/373 892/896/373 846/862/373
f 894/900/369 893/898/369 892/896/369
f 890/899/430 892/896/430 893/898/430
f 895/901/368 893/898/368 894/900/368
f 897/902/345 894/900/345 847/861/345
f 896/903/428 895/901/428 894/900/428
f 897/902/428 896/903/428 894/900/428
f 898/904/369 897/902/369 841/854/369
f 841/854/373 897/902/373 842/855/373
f 842/855/345 897/902/345 847/861/345
f 898/904/369 896/903/369 897/902/369
f 899/905/368 896/903/368 898/904/368
f 899/906/345 898/907/345 900/908/345
f 898/907/345 841/857/345 900/908/345
f 838/850/392 836/848/392 900/909/392
f 900/908/345 841/857/345 838/853/345
f 900/909/395 836/848/395 902/844/395
f 900/909/395 902/844/395 901/910/395
f 900/908/345 901/911/345 899/906/345
f 902/844/429 903/912/429 901/910/429
f 836/848/345 827/844/345 902/844/345
f 823/841/345 902/844/345 827/844/345
f 902/844/429 823/841/429 903/912/429
f 901/911/345 903/913/345 904/914/345
f 823/841/409 820/837/409 903/912/409
f 903/913/345 820/838/345 904/914/345
f 906/828/363 904/915/363 818/833/363
f 818/834/345 904/914/345 820/838/345
f 905/916/364 899/905/364 904/915/364
f 906/828/363 905/916/363 904/915/363
f 904/914/345 899/906/345 901/911/345
f 815/829/359 906/828/359 818/833/359
f 815/829/345 814/828/345 906/828/345
f 906/828/345 814/828/345 907/917/345
f 906/828/428 907/917/428 905/916/428
f 905/916/428 907/917/428 895/901/428
f 908/918/364 895/901/364 907/917/364
f 909/919/363 908/918/363 907/917/363
f 909/919/363 907/917/363 814/828/363
f 812/825/359 909/919/359 814/828/359
f 910/920/430 908/918/430 909/919/430
f 911/825/347 909/919/347 812/825/347
f 911/825/430 910/920/430 909/919/430
f 911/825/345 912/919/345 910/920/345
f 809/824/345 808/825/345 911/825/345
f 809/824/347 911/825/347 812/825/347
f 911/825/345 808/825/345 912/919/345
f 913/921/363 914/918/363 912/919/363
f 915/922/359 913/921/359 912/919/359
f 910/920/345 912/919/345 914/918/345
f 915/922/359 912/919/359 808/825/359
f 806/823/358 915/922/358 808/825/358
f 916/922/445 913/921/445 915/922/445
f 917/823/446 915/922/446 806/823/446
f 917/823/447 916/922/447 915/922/447
f 918/923/358 916/922/358 917/823/358
f 919/924/357 918/923/357 917/823/357
f 919/924/357 917/823/357 804/822/357
f 804/822/448 917/823/448 806/823/448
f 920/925/449 918/923/449 919/924/449
f 921/926/450 920/925/450 919/924/450
f 802/821/416 919/924/416 804/822/416
f 921/926/450 919/924/450 802/821/450
f 922/927/416 920/925/416 921/926/416
f 923/928/417 922/927/417 921/926/417
f 799/816/425 921/926/425 802/821/425
f 923/928/417 921/926/417 799/816/417
f 798/815/340 923/928/340 799/816/340
f 923/929/347 798/930/347 800/931/347
f 922/932/348 923/929/348 924/933/348
f 924/933/404 923/929/404 800/931/404
f 616/632/346 924/934/346 617/633/346
f 924/933/347 616/639/347 922/932/347
f 924/934/343 800/818/343 795/813/343
f 924/934/343 795/813/343 617/633/343
f 922/927/416 620/641/416 920/925/416
f 922/932/347 616/639/347 620/640/347
f 620/641/357 623/643/357 920/925/357
f 920/925/449 623/643/449 918/923/449
f 623/643/361 625/649/361 918/923/361
f 918/923/358 625/649/358 916/922/358
f 625/649/359 628/652/359 916/922/359
f 916/922/445 628/652/445 913/921/445
f 910/920/345 914/918/345 925/935/345
f 925/935/345 914/918/345 634/656/345
f 631/654/364 634/656/364 914/918/364
f 913/921/363 631/654/363 914/918/363
f 925/935/347 927/656/347 908/918/347
f 910/920/347 925/935/347 908/918/347
f 925/935/345 634/656/345 926/656/345
f 925/935/347 926/656/347 927/656/347
f 928/898/347 927/656/347 926/656/347
f 895/901/368 927/656/368 893/898/368
f 908/918/364 927/656/364 895/901/364
f 928/898/347 893/898/347 927/656/347
f 890/899/347 893/898/347 928/898/347
f 890/899/345 928/898/345 889/898/345
f 928/898/345 926/656/345 634/656/345
f 928/898/345 634/656/345 889/898/345
f 628/652/366 631/654/366 913/921/366
f 905/916/345 895/901/345 929/901/345
f 905/916/364 929/901/364 899/905/364
f 899/905/368 929/901/368 896/903/368
f 896/903/345 929/901/345 895/901/345
f 634/656/368 635/657/368 889/898/368
f 889/898/369 635/657/369 887/897/369
f 638/660/370 887/897/370 635/657/370
f 885/895/444 887/897/444 638/660/444
f 638/660/373 641/663/373 885/895/373
f 885/895/374 641/663/374 883/892/374
f 641/663/375 644/666/375 883/892/375
f 883/892/440 644/666/440 881/890/440
f 644/666/376 646/670/376 881/890/376
f 881/890/389 646/670/389 879/887/389
f 879/889/347 646/672/347 649/676/347
f 853/867/347 683/702/347 850/864/347
f 844/860/376 850/864/376 684/701/376
f 684/701/389 850/864/389 683/702/389
f 687/701/345 844/860/345 684/701/345
f 701/722/430 830/723/430 702/723/430
f 701/722/345 708/726/345 830/723/345
f 826/842/409 758/780/409 824/835/409
f 758/780/410 757/782/410 824/835/410
f 821/839/345 824/835/345 757/782/345
f 760/783/345 821/839/345 757/782/345
f 821/839/352 760/783/352 768/840/352
f 610/627/356 617/633/356 796/812/356
f 796/812/422 617/633/422 795/813/422
f 796/812/343 789/810/343 611/626/343
f 610/627/346 796/812/346 611/626/346
f 780/811/404 931/620/404 601/620/404
f 780/802/347 777/801/347 930/802/347
f 780/811/347 930/811/347 931/620/347
f 931/620/342 932/614/342 593/611/342
f 595/616/343 931/620/343 593/611/343
f 931/620/342 930/811/342 932/614/342
f 601/620/347 931/620/347 595/616/347
f 930/802/340 933/797/340 932/605/340
f 590/614/345 593/611/345 932/614/345
f 590/605/345 932/605/345 933/797/345
f 590/605/345 933/797/345 771/797/345
f 771/797/345 933/797/345 770/790/345
f 777/801/417 770/790/417 933/797/417
f 930/802/340 777/801/340 933/797/340
f 771/797/417 764/792/417 588/606/417
f 590/605/340 771/797/340 588/606/340
f 760/783/349 762/785/349 768/840/349
f 588/610/345 764/789/345 589/608/345
f 934/936/451 752/779/451 711/729/451
f 747/775/415 752/779/415 934/936/415
f 748/774/409 747/775/409 934/936/409
f 717/734/429 748/774/429 934/936/429
f 717/734/429 934/936/429 935/729/429
f 934/936/451 711/729/451 935/729/451
f 710/728/393 935/729/393 711/729/393
f 710/728/395 717/734/395 935/729/395
f 717/734/452 936/937/452 748/774/452
f 748/774/453 936/937/453 744/770/453
f 743/768/409 744/770/409 936/937/409
f 722/742/429 743/768/429 936/937/429
f 722/742/429 936/937/429 937/938/429
f 717/734/452 937/938/452 936/937/452
f 716/733/395 722/742/395 937/938/395
f 716/733/397 937/938/397 717/734/397
f 743/771/347 722/743/347 938/939/347
f 938/939/347 740/767/347 743/771/347
f 740/763/364 938/940/364 737/760/364
f 737/760/368 938/940/368 723/746/368
f 723/744/347 938/939/347 722/743/347
f 686/710/345 678/757/345 691/714/345
f 686/705/388 677/698/388 678/696/388
f 940/941/454 939/942/454 941/943/454
f 939/944/455 940/945/455 944/946/455
f 939/942/456 943/947/456 941/943/456
f 939/944/455 944/946/455 942/948/455
f 939/942/456 942/949/456 943/947/456
f 940/941/457 946/950/457 944/951/457
f 944/951/458 947/952/458 945/953/458
f 942/948/459 944/946/459 945/954/459
f 944/951/458 946/950/458 947/952/458
f 947/955/460 951/956/460 948/957/460
f 947/952/461 948/958/461 952/959/461
f 950/960/462 947/955/462 946/961/462
f 950/960/462 949/962/462 947/955/462
f 947/955/460 949/962/460 951/956/460
f 947/952/461 952/959/461 945/953/461
f 948/958/463 953/963/463 952/959/463
f 952/964/464 953/965/464 955/966/464
f 945/954/465 952/964/465 954/967/465
f 952/964/464 955/966/464 954/967/464
f 958/968/466 954/969/466 955/970/466
f 953/965/467 956/971/467 955/966/467
f 957/972/468 955/970/468 956/973/468
f 958/968/466 955/970/466 957/972/466
f 960/974/469 958/975/469 957/976/469
f 959/977/470 954/969/470 958/968/470
f 961/978/471 959/979/471 958/975/471
f 961/978/471 958/975/471 960/974/471
f 961/980/472 960/981/472 965/982/472
f 943/983/473 961/978/473 962/984/473
f 964/985/474 962/986/474 961/980/474
f 943/983/473 959/979/473 961/978/473
f 964/985/474 961/980/474 963/987/474
f 961/980/472 965/982/472 963/987/472
f 960/981/475 966/988/475 965/982/475
f 965/989/476 966/990/476 968/991/476
f 963/992/477 965/989/477 967/993/477
f 965/989/476 968/991/476 967/993/476
f 966/990/478 969/994/478 968/991/478
f 970/995/479 968/996/479 969/997/479
f 951/998/480 967/999/480 968/996/480
f 951/998/480 968/996/480 970/995/480
f 970/995/479 969/997/479 971/1000/479
f 972/1001/481 970/1002/481 971/1003/481
f 948/957/482 951/956/482 970/1002/482
f 948/957/482 970/1002/482 972/1001/482
f 972/1001/481 971/1003/481 973/1004/481
f 972/1005/483 973/1006/483 974/1007/483
f 948/958/463 972/1005/463 953/963/463
f 972/1005/483 974/1007/483 953/963/483
f 973/1006/484 975/1008/484 974/1007/484
f 974/1009/485 975/1010/485 976/1011/485
f 953/965/467 974/1009/467 956/971/467
f 974/1009/485 976/1011/485 956/971/485
f 975/1010/486 977/1012/486 976/1011/486
f 978/1013/487 976/1014/487 977/1015/487
f 979/1016/488 956/973/488 976/1014/488
f 979/1016/488 976/1014/488 978/1013/488
f 980/1017/489 979/1018/489 978/1019/489
f 957/972/468 956/973/468 979/1016/468
f 981/1020/490 957/976/490 979/1018/490
f 981/1020/490 979/1018/490 980/1017/490
f 981/1021/491 980/1022/491 982/1023/491
f 960/974/469 957/976/469 981/1020/469
f 960/981/475 981/1021/475 966/988/475
f 981/1021/491 982/1023/491 966/988/491
f 980/1022/492 983/1024/492 982/1023/492
f 982/1025/493 983/1026/493 984/1027/493
f 966/990/478 982/1025/478 969/994/478
f 982/1025/493 984/1027/493 969/994/493
f 983/1026/494 985/1028/494 984/1027/494
f 986/1029/495 984/1030/495 985/1031/495
f 971/1000/496 969/997/496 984/1030/496
f 971/1000/496 984/1030/496 986/1029/496
f 986/1029/495 985/1031/495 987/1032/495
f 988/1033/497 986/1034/497 987/1035/497
f 973/1004/498 971/1003/498 986/1034/498
f 973/1004/498 986/1034/498 988/1033/498
f 988/1033/499 987/1035/499 989/1036/499
f 988/1037/500 989/1038/500 990/1039/500
f 973/1006/484 988/1037/484 975/1008/484
f 988/1037/501 990/1039/501 975/1008/501
f 975/1010/486 990/1040/486 977/1012/486
f 977/1015/502 990/1039/502 991/1041/502
f 990/1039/503 989/1038/503 992/1042/503
f 992/1042/504 991/1041/504 990/1039/504
f 994/1043/505 992/1042/505 993/1044/505
f 992/1042/506 987/1032/506 993/1044/506
f 994/1045/507 991/1046/507 992/1047/507
f 989/1038/508 987/1032/508 992/1042/508
f 980/1017/489 978/1019/489 994/1045/489
f 980/1022/492 994/1043/492 983/1024/492
f 994/1045/509 978/1019/509 991/1046/509
f 994/1043/510 993/1044/510 983/1024/510
f 983/1026/494 993/1048/494 985/1028/494
f 987/1032/511 985/1031/511 993/1044/511
f 978/1013/487 977/1015/487 991/1041/487
f 963/992/477 967/993/477 995/1049/477
f 949/1050/512 995/1051/512 967/999/512
f 949/1050/512 967/999/512 951/998/512
f 996/1052/513 963/992/513 995/1049/513
f 996/1053/514 995/1051/514 949/1050/514
f 997/1054/515 964/1055/515 996/1052/515
f 997/1056/516 996/1053/516 950/1057/516
f 996/1052/513 964/1055/513 963/992/513
f 996/1053/514 949/1050/514 950/1057/514
f 997/1056/516 950/1057/516 998/1058/516
f 999/1059/454 997/1056/454 998/1058/454
f 997/1054/515 999/1060/515 964/1055/515
f 999/1059/517 962/986/517 964/985/517
f 1000/1061/454 999/1059/454 1001/1062/454
f 999/1059/518 1000/1061/518 962/986/518
f 998/1058/454 1001/1062/454 999/1059/454
f 940/941/454 1000/1061/454 1001/1062/454
f 940/941/457 1001/1062/457 946/950/457
f 998/1063/519 946/961/519 1001/1064/519
f 941/1065/520 962/984/520 1000/1066/520
f 941/943/454 1000/1061/454 940/941/454
f 998/1063/519 950/960/519 946/961/519
f 941/1065/521 943/983/521 962/984/521
f 942/949/522 959/977/522 943/947/522
f 942/949/522 1002/1067/522 959/977/522
f 959/977/470 1002/1067/470 954/969/470
f 942/948/459 945/954/459 1002/1068/459
f 945/954/465 954/967/465 1002/1068/465
