# Blender 5.2.0 LTS
# www.blender.org
mtllib hummer.mtl
o 円柱.011
v 0.000000 1.979358 -1.188189
v 0.000000 1.892113 -1.044738
v 0.031020 1.904470 -1.021480
v 0.061692 1.917667 -1.044738
v 0.074888 1.948339 -1.021480
v 0.087245 1.979358 -1.044738
v 0.074888 2.010378 -1.021480
v 0.061692 2.041050 -1.044738
v 0.031020 2.054247 -1.021480
v 0.000000 2.066604 -1.044738
v -0.031020 2.054246 -1.021480
v -0.061692 2.041050 -1.044738
v -0.074888 2.010378 -1.021480
v -0.087245 1.979358 -1.044738
v -0.074888 1.948339 -1.021480
v -0.061692 1.917667 -1.044738
v -0.031020 1.904470 -1.021480
v -0.056101 1.843919 -0.879918
v -0.075171 1.797880 -0.760838
v -0.119179 1.860179 -0.912109
v 0.000000 1.810813 -0.912109
v 0.056101 1.843919 -0.879918
v 0.000000 1.740999 -0.791928
v 0.000000 1.687429 -0.685231
v 0.075171 1.797880 -0.760838
v 0.088514 1.765666 -0.660781
v 0.168545 1.810813 -0.791928
v 0.119180 1.860179 -0.912109
v 0.206425 1.772933 -0.685231
v 0.181479 1.904187 -0.760838
v 0.135440 1.923258 -0.879918
v 0.213693 1.890844 -0.660781
v 0.238359 1.979358 -0.791928
v 0.168545 1.979358 -0.912109
v 0.291929 1.979358 -0.685231
v 0.181479 2.054529 -0.760838
v 0.135440 2.035460 -0.879918
v 0.213693 2.067873 -0.660781
v 0.168545 2.147904 -0.791928
v 0.119180 2.098538 -0.912109
v 0.206425 2.185783 -0.685231
v 0.075171 2.160837 -0.760838
v 0.056101 2.114798 -0.879918
v 0.088514 2.193051 -0.660781
v 0.000000 2.217717 -0.791928
v 0.000000 2.147904 -0.912109
v 0.000000 2.271287 -0.685231
v -0.075171 2.160837 -0.760838
v -0.056101 2.114798 -0.879918
v -0.088514 2.193051 -0.660781
v -0.168545 2.147904 -0.791928
v -0.119180 2.098538 -0.912109
v -0.206425 2.185783 -0.685231
v -0.181479 2.054529 -0.760838
v -0.135440 2.035459 -0.879918
v -0.213693 2.067873 -0.660781
v -0.238359 1.979358 -0.791928
v -0.168545 1.979358 -0.912109
v -0.291929 1.979358 -0.685231
v -0.181479 1.904187 -0.760838
v -0.135440 1.923257 -0.879918
v -0.213692 1.890844 -0.660781
v -0.168545 1.810813 -0.791928
v -0.206425 1.772933 -0.685231
v -0.230237 1.749121 -0.592510
v -0.088514 1.765666 -0.660781
v -0.096416 1.746588 -0.576534
v -0.099036 1.740265 -0.505260
v 0.000000 1.653754 -0.592510
v 0.000000 1.642268 -0.505260
v 0.096417 1.746588 -0.576534
v 0.099036 1.740265 -0.505260
v 0.230237 1.749121 -0.592510
v 0.238359 1.740999 -0.505260
v 0.232770 1.882942 -0.576534
v 0.239094 1.880323 -0.505260
v 0.325604 1.979358 -0.592510
v 0.337091 1.979358 -0.505260
v 0.232770 2.075775 -0.576534
v 0.239094 2.078394 -0.505260
v 0.230237 2.209596 -0.592510
v 0.238359 2.217718 -0.505260
v 0.096417 2.212129 -0.576534
v 0.099036 2.218452 -0.505260
v 0.000000 2.304963 -0.592510
v 0.000000 2.316449 -0.505260
v -0.096417 2.212129 -0.576534
v -0.099036 2.218452 -0.505260
v -0.230237 2.209595 -0.592510
v -0.238359 2.217717 -0.505260
v -0.232770 2.075775 -0.576534
v -0.239094 2.078394 -0.505260
v -0.325604 1.979358 -0.592510
v -0.337091 1.979358 -0.505260
v -0.232770 1.882942 -0.576534
v -0.239094 1.880322 -0.505260
v -0.238359 1.740999 -0.505260
v 0.280872 1.803983 -0.200065
v 0.005505 1.593620 -0.000002
v 0.280872 1.803983 0.200062
v 0.290524 1.791349 -0.200065
v 0.299891 1.806506 -0.200065
v 0.280051 1.791349 -0.214480
v 0.290524 1.791349 0.200062
v 0.015157 1.580986 -0.000002
v 0.004684 1.580986 -0.014417
v 0.004684 1.580986 0.014413
v -0.012262 1.580986 0.008907
v -0.100495 1.791349 0.338125
v 0.280051 1.791349 0.214477
v 0.001701 1.593620 0.005234
v 0.277068 1.803983 0.205297
v -0.103478 1.803983 0.328946
v 0.282945 1.806506 0.223385
v 0.295208 1.815873 0.214476
v -0.097600 1.806506 0.347034
v 0.112757 2.146883 0.347034
v 0.278120 1.809488 0.208533
v 0.107931 2.149865 0.332182
v -0.102426 1.809488 0.332182
v 0.097600 2.156250 0.347034
v 0.125019 2.156250 0.338125
v 0.117441 2.171407 0.332619
v 0.360215 2.156250 0.014413
v 0.112385 2.153268 0.328946
v 0.282573 1.812891 0.205297
v 0.347581 2.153268 0.005233
v 0.352637 2.171407 0.008907
v 0.364899 2.146883 -0.000002
v 0.360215 2.156250 -0.014417
v 0.299891 1.806506 0.200062
v 0.349282 2.149865 -0.000002
v 0.284275 1.809488 -0.200065
v 0.284275 1.809488 0.200062
v 0.352637 2.171407 -0.008911
v 0.295208 1.815873 -0.214480
v 0.125019 2.156250 -0.338129
v 0.347581 2.153268 -0.005237
v 0.282573 1.812891 -0.205301
v 0.112385 2.153268 -0.328950
v 0.117441 2.171407 -0.332623
v 0.112757 2.146883 -0.347038
v 0.097600 2.156250 -0.347038
v 0.282945 1.806506 -0.223389
v -0.097600 1.806506 -0.347038
v 0.107931 2.149865 -0.332186
v 0.278120 1.809488 -0.208537
v -0.102426 1.809488 -0.332186
v -0.100495 1.791349 -0.338129
v -0.112757 1.815873 -0.347038
v -0.125019 1.806506 -0.338129
v -0.282945 2.156250 -0.223389
v -0.107931 1.812891 -0.332186
v -0.278120 2.153268 -0.208537
v 0.102426 2.153268 -0.332186
v -0.280051 2.171407 -0.214480
v -0.295208 2.146883 -0.214480
v -0.299891 2.156250 -0.200065
v -0.360215 1.806506 -0.014417
v -0.282573 2.149865 -0.205301
v -0.112385 1.809488 -0.328950
v -0.347581 1.809488 -0.005237
v -0.352637 1.791349 -0.008911
v -0.364899 1.815874 -0.000002
v -0.360215 1.806506 0.014413
v -0.299891 2.156250 0.200062
v -0.349282 1.812891 -0.000002
v -0.284275 2.153268 0.200062
v -0.284275 2.153268 -0.200065
v -0.290524 2.171407 0.200062
v -0.295208 2.146883 0.214476
v -0.282945 2.156250 0.223385
v -0.125019 1.806506 0.338125
v -0.282573 2.149865 0.205297
v -0.347581 1.809488 0.005233
v -0.112385 1.809488 0.328946
v -0.117441 1.791349 0.332619
v -0.112757 1.815873 0.347034
v -0.107931 1.812891 0.332182
v 0.102426 2.153268 0.332182
v -0.278120 2.153268 0.208533
v -0.352637 1.791349 0.008907
v -0.109632 1.803983 0.326946
v -0.344829 1.803983 0.003234
v -0.004454 1.593620 0.003234
v -0.280051 2.171407 0.214477
v 0.100495 2.171407 0.338125
v -0.004684 2.381770 0.014413
v -0.277068 2.158773 0.205297
v 0.103478 2.158773 0.328946
v -0.001701 2.369136 0.005234
v -0.015157 2.381770 -0.000002
v 0.012262 2.381770 0.008907
v 0.012262 2.381770 -0.008911
v 0.004454 2.369136 0.003234
v 0.109632 2.158773 0.326946
v 0.344829 2.158773 0.003234
v -0.004684 2.381770 -0.014417
v 0.004454 2.369136 -0.003238
v 0.344829 2.158773 -0.003238
v 0.109632 2.158773 -0.326950
v 0.100495 2.171407 -0.338129
v -0.001701 2.369136 -0.005237
v -0.277068 2.158773 -0.205301
v 0.103478 2.158773 -0.328950
v -0.290524 2.171407 -0.200065
v -0.005505 2.369136 -0.000002
v -0.280872 2.158773 0.200062
v -0.280872 2.158773 -0.200065
v -0.012262 1.580986 -0.008911
v -0.117441 1.791349 -0.332623
v -0.344829 1.803983 -0.003238
v -0.109632 1.803983 -0.326950
v -0.004454 1.593620 -0.003238
v -0.103478 1.803983 -0.328950
v 0.001701 1.593620 -0.005237
v 0.277068 1.803983 -0.205301
v 0.117596 2.314918 0.113741
v 0.117398 2.314863 0.113546
v 0.122291 2.312918 0.109529
v 0.114356 2.321405 0.115216
v 0.117380 2.322324 0.111885
v 0.120814 2.322441 0.109952
v 0.114159 2.321350 0.115021
v 0.113961 2.321295 0.114826
v 0.117182 2.322269 0.111690
v 0.116984 2.322215 0.111496
v 0.114006 2.322070 0.114975
v 0.113808 2.322015 0.114780
v 0.114203 2.322124 0.115169
v 0.110809 2.335672 0.114413
v 0.110611 2.335618 0.114218
v 0.111007 2.335727 0.114607
v 0.110381 2.340444 0.113511
v 0.110183 2.340389 0.113316
v 0.110579 2.340498 0.113705
v 0.115898 2.342743 0.107259
v 0.115700 2.342689 0.107065
v 0.116096 2.342798 0.107454
v 0.111663 2.341860 0.111811
v 0.111465 2.341805 0.111617
v 0.111860 2.341914 0.112006
v 0.113724 2.343888 0.109148
v 0.113526 2.343833 0.108953
v 0.113922 2.343942 0.109343
v 0.109903 2.343430 0.113160
v 0.109705 2.343375 0.112965
v 0.110101 2.343484 0.113354
v 0.110536 2.358850 0.108197
v 0.110338 2.358795 0.108002
v 0.110733 2.358904 0.108391
v 0.112996 2.358975 0.105661
v 0.112798 2.358921 0.105466
v 0.113194 2.359030 0.105855
v 0.110562 2.361546 0.107414
v 0.110364 2.361492 0.107220
v 0.110760 2.361601 0.107609
v 0.112179 2.373152 0.102520
v 0.111981 2.373098 0.102325
v 0.112376 2.373207 0.102714
v 0.113676 2.372334 0.101227
v 0.113478 2.372279 0.101033
v 0.113874 2.372388 0.101422
v 0.112578 2.374131 0.101839
v 0.112381 2.374076 0.101645
v 0.112776 2.374185 0.102034
v 0.113707 2.379601 0.099160
v 0.113509 2.379546 0.098965
v 0.113904 2.379655 0.099355
v 0.116697 2.388109 0.093737
v 0.116500 2.388054 0.093542
v 0.116895 2.388164 0.093931
v 0.121398 2.383577 0.090229
v 0.121200 2.383523 0.090035
v 0.121595 2.383632 0.090424
v 0.117445 2.388995 0.092729
v 0.117247 2.388941 0.092534
v 0.117642 2.389050 0.092924
v 0.117560 2.389688 0.092417
v 0.117363 2.389634 0.092223
v 0.117758 2.389743 0.092612
v 0.117808 2.390571 0.091918
v 0.117610 2.390517 0.091724
v 0.118006 2.390625 0.092113
v 0.118971 2.394725 0.089572
v 0.118774 2.394671 0.089377
v 0.119169 2.394780 0.089767
v 0.119912 2.398005 0.087697
v 0.119714 2.397950 0.087502
v 0.120110 2.398059 0.087892
v 0.124173 2.398032 0.083359
v 0.123975 2.397978 0.083164
v 0.124371 2.398087 0.083553
v 0.120359 2.398916 0.086988
v 0.120161 2.398862 0.086793
v 0.120557 2.398971 0.087182
v 0.122881 2.398963 0.084411
v 0.122683 2.398909 0.084216
v 0.123079 2.399018 0.084606
v 0.121003 2.399899 0.086057
v 0.120805 2.399844 0.085863
v 0.121201 2.399953 0.086252
v 0.125617 2.399642 0.081441
v 0.125419 2.399587 0.081246
v 0.125814 2.399696 0.081635
v 0.121675 2.400997 0.085067
v 0.121477 2.400942 0.084872
v 0.121873 2.401052 0.085261
v 0.124458 2.408297 0.080193
v 0.124260 2.408243 0.079999
v 0.124656 2.408352 0.080388
v 0.129752 2.413954 0.073228
v 0.129554 2.413899 0.073034
v 0.129949 2.414008 0.073423
v 0.130902 2.413464 0.072196
v 0.131327 2.413581 0.072614
v 0.130478 2.413347 0.071779
v 0.132053 2.412974 0.071164
v 0.132828 2.413188 0.071928
v 0.131277 2.412760 0.070401
v 0.133203 2.412484 0.070132
v 0.133628 2.412601 0.070550
v 0.132778 2.412367 0.069715
v 0.134354 2.411994 0.069101
v 0.134551 2.412048 0.069295
v 0.134156 2.411939 0.068906
v 0.138256 2.402420 0.067816
v 0.138454 2.402475 0.068011
v 0.138058 2.402366 0.067622
v 0.139068 2.399030 0.067942
v 0.139265 2.399084 0.068136
v 0.138870 2.398975 0.067747
v 0.139515 2.397563 0.067898
v 0.139713 2.397618 0.068092
v 0.139317 2.397509 0.067703
v 0.139832 2.396296 0.067931
v 0.140030 2.396350 0.068125
v 0.139634 2.396241 0.067736
v 0.136343 2.396487 0.071423
v 0.137307 2.396752 0.072370
v 0.135380 2.396221 0.070475
v 0.140068 2.395470 0.067923
v 0.140265 2.395524 0.068117
v 0.139870 2.395415 0.067728
v 0.140452 2.393934 0.067963
v 0.140650 2.393988 0.068157
v 0.140254 2.393879 0.067768
v 0.140772 2.392688 0.067986
v 0.140970 2.392742 0.068180
v 0.140575 2.392633 0.067791
v 0.141451 2.385392 0.069341
v 0.141648 2.385446 0.069535
v 0.141253 2.385337 0.069146
v 0.141580 2.372965 0.072690
v 0.141778 2.373019 0.072885
v 0.141383 2.372910 0.072496
v 0.138750 2.374964 0.075007
v 0.138947 2.375019 0.075202
v 0.138552 2.374910 0.074813
v 0.142908 2.370513 0.072028
v 0.143106 2.370567 0.072223
v 0.142710 2.370458 0.071834
v 0.139308 2.373042 0.074978
v 0.139506 2.373097 0.075173
v 0.139111 2.372988 0.074783
v 0.141379 2.369889 0.073757
v 0.141576 2.369944 0.073952
v 0.141181 2.369835 0.073563
v 0.141970 2.367563 0.073808
v 0.142168 2.367617 0.074002
v 0.141773 2.367508 0.073613
v 0.142568 2.359969 0.075328
v 0.142766 2.360023 0.075522
v 0.142370 2.359914 0.075133
v 0.138346 2.359960 0.079622
v 0.138543 2.360014 0.079816
v 0.138148 2.359905 0.079427
v 0.143115 2.358681 0.075133
v 0.143312 2.358735 0.075328
v 0.142917 2.358626 0.074939
v 0.142777 2.347711 0.078550
v 0.142975 2.347766 0.078744
v 0.142579 2.347656 0.078355
v 0.142387 2.346977 0.079152
v 0.142585 2.347032 0.079347
v 0.142189 2.346923 0.078957
v 0.142551 2.346077 0.079237
v 0.142749 2.346132 0.079432
v 0.142353 2.346023 0.079042
v 0.141244 2.339870 0.082305
v 0.141441 2.339925 0.082500
v 0.141046 2.339816 0.082110
v 0.135970 2.338869 0.087945
v 0.136168 2.338923 0.088140
v 0.135772 2.338814 0.087751
v 0.140768 2.338793 0.083090
v 0.140965 2.338847 0.083285
v 0.140570 2.338738 0.082896
v 0.137905 2.338076 0.086201
v 0.138102 2.338131 0.086396
v 0.137707 2.338022 0.086006
v 0.141221 2.335780 0.083474
v 0.141418 2.335835 0.083669
v 0.141023 2.335726 0.083280
v 0.138113 2.324043 0.089921
v 0.138311 2.324098 0.090116
v 0.137915 2.323988 0.089727
v 0.133318 2.317441 0.096644
v 0.133516 2.317495 0.096838
v 0.133121 2.317386 0.096449
v 0.129222 2.318829 0.100418
v 0.130185 2.319094 0.101366
v 0.128259 2.318563 0.099471
v 0.133153 2.316797 0.096992
v 0.133350 2.316852 0.097187
v 0.132955 2.316743 0.096798
v 0.128358 2.310195 0.103715
v 0.128161 2.310141 0.103520
v 0.128556 2.310250 0.103909
v 0.123663 2.312195 0.107927
v 0.123861 2.312249 0.108121
v 0.123465 2.312140 0.107732
v 0.122365 2.297981 0.113228
v 0.122562 2.298035 0.113423
v 0.122167 2.297926 0.113034
v 0.121580 2.298315 0.113932
v 0.121998 2.298430 0.114344
v 0.121162 2.298200 0.113521
v 0.120795 2.298650 0.114636
v 0.120993 2.298704 0.114831
v 0.120597 2.298595 0.114442
v 0.122093 2.312864 0.109334
v 0.121895 2.312809 0.109140
v 0.117200 2.314809 0.113352
v 0.122460 2.312414 0.108219
v 0.118888 2.321910 0.108056
v 0.117923 2.322965 0.108742
v 0.121578 2.320013 0.103628
v 0.121635 2.320633 0.103397
v 0.126411 2.318706 0.101308
v 0.127489 2.318891 0.100161
v 0.128568 2.319076 0.099013
v 0.130324 2.326685 0.095097
v 0.121692 2.321252 0.103166
v 0.122426 2.329297 0.100165
v 0.116959 2.324020 0.109427
v 0.116672 2.332500 0.107342
v 0.116895 2.336392 0.106024
v 0.117119 2.340285 0.104707
v 0.122777 2.333135 0.098733
v 0.123128 2.336974 0.097302
v 0.130801 2.330469 0.093551
v 0.131279 2.334254 0.092005
v 0.131757 2.338038 0.090460
v 0.132182 2.338357 0.089938
v 0.123478 2.340812 0.095870
v 0.123522 2.341294 0.095690
v 0.117343 2.344177 0.103389
v 0.117006 2.344821 0.103551
v 0.116669 2.345465 0.103713
v 0.117409 2.355740 0.100081
v 0.123566 2.341776 0.095511
v 0.124497 2.351969 0.091708
v 0.132607 2.338677 0.089417
v 0.133728 2.348789 0.085443
v 0.134039 2.350030 0.084780
v 0.124618 2.353291 0.091215
v 0.133962 2.350584 0.084703
v 0.134628 2.359286 0.081588
v 0.124664 2.353793 0.091028
v 0.125454 2.362442 0.087802
v 0.117509 2.357592 0.099462
v 0.117339 2.357143 0.099759
v 0.118422 2.366189 0.096124
v 0.118723 2.366671 0.095684
v 0.119023 2.367153 0.095243
v 0.125508 2.363030 0.087583
v 0.125561 2.363617 0.087364
v 0.134435 2.359979 0.081590
v 0.134242 2.360672 0.081592
v 0.134831 2.369928 0.078400
v 0.126397 2.372768 0.083950
v 0.134945 2.375803 0.076638
v 0.134576 2.376387 0.076850
v 0.126918 2.378470 0.081823
v 0.126955 2.378881 0.081670
v 0.121034 2.381728 0.089117
v 0.120106 2.376199 0.091608
v 0.121478 2.381966 0.088599
v 0.121922 2.382203 0.088081
v 0.122044 2.383244 0.087665
v 0.126993 2.379292 0.081517
v 0.127402 2.383768 0.079847
v 0.134207 2.376971 0.077062
v 0.134379 2.380396 0.075927
v 0.134277 2.380826 0.075910
v 0.134752 2.387569 0.073538
v 0.127436 2.384141 0.079708
v 0.127945 2.389716 0.077628
v 0.122213 2.383559 0.087405
v 0.123281 2.392455 0.083827
v 0.123899 2.396835 0.081972
v 0.123886 2.397244 0.081870
v 0.128514 2.395431 0.075449
v 0.128453 2.395938 0.075369
v 0.135121 2.394636 0.071183
v 0.134861 2.395257 0.071274
v 0.134925 2.395962 0.071011
v 0.134393 2.396641 0.071361
v 0.128594 2.396821 0.074978
v 0.128634 2.397257 0.074816
v 0.123929 2.398265 0.081541
v 0.124541 2.398458 0.080865
v 0.125152 2.398650 0.080190
v 0.125706 2.399656 0.079345
v 0.128674 2.397693 0.074653
v 0.128796 2.398631 0.074266
v 0.133862 2.397321 0.071711
v 0.133722 2.398228 0.071599
v 0.133521 2.398927 0.071607
v 0.133844 2.403624 0.069963
v 0.128786 2.399397 0.074062
v 0.129323 2.404798 0.072003
v 0.126039 2.400473 0.078777
v 0.126944 2.406563 0.076151
v 0.123296 2.312644 0.109042
v 0.125647 2.321135 0.107632
v 0.125704 2.321754 0.107401
v 0.128337 2.319237 0.103203
v 0.129416 2.319422 0.102056
v 0.130494 2.319607 0.100909
v 0.132250 2.327216 0.096992
v 0.125761 2.322374 0.107169
v 0.126495 2.330418 0.104169
v 0.118885 2.324551 0.111322
v 0.118598 2.333030 0.109237
v 0.119849 2.323496 0.110637
v 0.118822 2.336923 0.107920
v 0.119045 2.340816 0.106602
v 0.126846 2.334257 0.102737
v 0.127197 2.338095 0.101305
v 0.132727 2.331000 0.095446
v 0.133205 2.334785 0.093900
v 0.133683 2.338569 0.092355
v 0.134108 2.338888 0.091833
v 0.127547 2.341934 0.099873
v 0.127591 2.342416 0.099694
v 0.119269 2.344708 0.105284
v 0.118932 2.345352 0.105446
v 0.118595 2.345996 0.105608
v 0.119335 2.356271 0.101977
v 0.127635 2.342897 0.099514
v 0.128566 2.353091 0.095712
v 0.134533 2.339208 0.091312
v 0.135654 2.349320 0.087339
v 0.135965 2.350561 0.086675
v 0.128687 2.354413 0.095219
v 0.135888 2.351115 0.086598
v 0.136554 2.359817 0.083483
v 0.128733 2.354914 0.095032
v 0.129523 2.363564 0.091805
v 0.119435 2.358123 0.101357
v 0.119266 2.357674 0.101654
v 0.120348 2.366720 0.098020
v 0.120649 2.367202 0.097579
v 0.120949 2.367684 0.097138
v 0.129576 2.364151 0.091586
v 0.129630 2.364739 0.091367
v 0.136361 2.360510 0.083485
v 0.136168 2.361202 0.083487
v 0.136757 2.370459 0.080295
v 0.130466 2.373890 0.087954
v 0.136871 2.376333 0.078534
v 0.136502 2.376918 0.078745
v 0.130987 2.379591 0.085827
v 0.131024 2.380002 0.085674
v 0.122960 2.382259 0.091012
v 0.122032 2.376730 0.093504
v 0.123404 2.382497 0.090494
v 0.123848 2.382734 0.089976
v 0.123970 2.383775 0.089561
v 0.131062 2.380414 0.085521
v 0.131471 2.384890 0.083851
v 0.136133 2.377502 0.078957
v 0.136305 2.380927 0.077822
v 0.136203 2.381357 0.077805
v 0.136678 2.388100 0.075433
v 0.131505 2.385262 0.083712
v 0.132014 2.390838 0.081632
v 0.124139 2.384090 0.089300
v 0.125207 2.392986 0.085723
v 0.125825 2.397366 0.083867
v 0.125812 2.397775 0.083766
v 0.132583 2.396553 0.079453
v 0.132522 2.397059 0.079373
v 0.137047 2.395167 0.073078
v 0.136787 2.395788 0.073169
v 0.136851 2.396493 0.072906
v 0.136319 2.397172 0.073256
v 0.132663 2.397943 0.078982
v 0.132703 2.398379 0.078819
v 0.125855 2.398796 0.083436
v 0.126467 2.398989 0.082760
v 0.127078 2.399181 0.082085
v 0.127632 2.400187 0.081241
v 0.132743 2.398815 0.078657
v 0.132865 2.399753 0.078270
v 0.135788 2.397852 0.073606
v 0.135648 2.398759 0.073494
v 0.135447 2.399458 0.073502
v 0.135770 2.404155 0.071858
v 0.132855 2.400519 0.078065
v 0.133392 2.405920 0.076007
v 0.127966 2.401004 0.080673
v 0.128871 2.407094 0.078047
v -0.061012 2.380175 -0.136710
v -0.061504 2.380734 -0.137655
v -0.058651 2.383192 -0.137276
v -0.065766 2.374127 -0.135530
v -0.061005 2.379814 -0.137149
v -0.061153 2.378694 -0.136647
v -0.058806 2.382870 -0.137704
v -0.065651 2.373818 -0.135969
v -0.071741 2.366505 -0.134205
v -0.064216 2.373855 -0.135572
v -0.061450 2.374902 -0.136431
v -0.069153 2.366647 -0.133887
v -0.073955 2.360102 -0.132274
v -0.064437 2.367754 -0.135689
v -0.067351 2.361227 -0.135055
v -0.058496 2.368516 -0.139031
v -0.058079 2.375554 -0.138233
v -0.052879 2.367890 -0.142918
v -0.058959 2.362038 -0.139893
v -0.050924 2.361419 -0.145329
v -0.059243 2.356693 -0.140447
v -0.059858 2.352914 -0.141502
v -0.049854 2.355947 -0.146814
v -0.069062 2.355721 -0.134801
v -0.069101 2.351296 -0.135618
v -0.076801 2.354418 -0.131579
v -0.076787 2.349328 -0.132817
v -0.080962 2.354411 -0.131828
v -0.081229 2.354309 -0.131308
v -0.077481 2.360070 -0.132450
v -0.081034 2.349051 -0.133416
v -0.081307 2.348770 -0.132947
v -0.078853 2.344361 -0.136558
v -0.079095 2.343941 -0.136179
v -0.075671 2.341025 -0.139827
v -0.074988 2.345011 -0.135588
v -0.072465 2.341887 -0.138475
v -0.068230 2.347778 -0.137508
v -0.067019 2.344920 -0.139531
v -0.059998 2.349661 -0.141787
v -0.060507 2.347028 -0.142650
v -0.052518 2.347962 -0.147334
v -0.050497 2.351514 -0.147254
v -0.054818 2.345063 -0.147161
v -0.047788 2.345330 -0.152599
v -0.044583 2.349705 -0.152958
v -0.051434 2.342134 -0.151627
v -0.046958 2.344735 -0.156505
v -0.046504 2.344324 -0.156562
v -0.043259 2.349494 -0.157041
v -0.051233 2.341312 -0.155111
v -0.050905 2.340791 -0.155159
v -0.055173 2.340756 -0.152847
v -0.055067 2.340178 -0.152846
v -0.058678 2.343416 -0.149483
v -0.054244 2.341327 -0.150730
v -0.056904 2.343540 -0.147589
v -0.061306 2.345478 -0.143957
v -0.062676 2.345493 -0.146146
v -0.066466 2.343428 -0.141610
v -0.067390 2.343314 -0.144034
v -0.070416 2.341137 -0.140616
v -0.071902 2.340559 -0.142384
v -0.071938 2.339981 -0.142294
v -0.075850 2.340498 -0.139559
v -0.067313 2.342789 -0.144064
v -0.073794 2.340784 -0.145125
v -0.077921 2.341329 -0.142318
v -0.069074 2.343720 -0.146981
v -0.075457 2.342108 -0.147880
v -0.079429 2.342662 -0.145242
v -0.070892 2.344953 -0.149747
v -0.075186 2.342544 -0.147597
v -0.078959 2.343013 -0.145048
v -0.070790 2.345370 -0.149433
v -0.075729 2.344349 -0.149052
v -0.078240 2.345378 -0.147643
v -0.072288 2.346947 -0.150853
v -0.073790 2.349014 -0.150282
v -0.067228 2.349057 -0.153358
v -0.062726 2.347059 -0.156833
v -0.066099 2.347562 -0.151581
v -0.067426 2.351211 -0.153634
v -0.061590 2.349156 -0.157912
v -0.067065 2.353933 -0.153006
v -0.066218 2.356758 -0.151599
v -0.075142 2.351956 -0.148482
v -0.059430 2.352140 -0.158309
v -0.057410 2.355693 -0.158229
v -0.053652 2.348875 -0.161908
v -0.050441 2.353247 -0.162259
v -0.057210 2.345625 -0.160796
v -0.050242 2.346720 -0.161719
v -0.050104 2.346499 -0.162276
v -0.046528 2.351470 -0.162232
v -0.054522 2.343299 -0.160331
v -0.054485 2.342955 -0.160842
v -0.058457 2.342741 -0.158060
v -0.058585 2.342305 -0.158432
v -0.062078 2.345472 -0.154882
v -0.059557 2.344539 -0.159166
v -0.062309 2.345054 -0.155115
v -0.060597 2.343820 -0.152282
v -0.066265 2.347139 -0.151854
v -0.064484 2.345932 -0.149030
v -0.062665 2.344963 -0.146139
v -0.058729 2.342890 -0.149432
v -0.056814 2.340983 -0.155745
v -0.052494 2.341628 -0.158221
v -0.047991 2.345206 -0.159694
v -0.044127 2.350163 -0.160241
v -0.042713 2.349223 -0.157084
v -0.042586 2.355665 -0.159117
v -0.046312 2.351399 -0.162799
v -0.044622 2.356745 -0.161408
v -0.046318 2.362200 -0.157629
v -0.044889 2.356644 -0.160888
v -0.046589 2.361948 -0.157212
v -0.048829 2.357999 -0.160757
v -0.049923 2.363101 -0.157059
v -0.056078 2.359709 -0.156696
v -0.056108 2.364553 -0.153560
v -0.065605 2.360539 -0.150548
v -0.075287 2.359484 -0.144683
v -0.064257 2.365241 -0.148304
v -0.072536 2.364360 -0.143286
v -0.062721 2.371070 -0.145739
v -0.060982 2.377309 -0.142841
v -0.068573 2.370255 -0.142254
v -0.057014 2.370390 -0.149483
v -0.057816 2.376697 -0.144995
v -0.052702 2.369012 -0.151977
v -0.055420 2.375466 -0.146488
v -0.050305 2.367975 -0.151988
v -0.050055 2.368330 -0.152304
v -0.054096 2.374813 -0.146283
v -0.053860 2.375252 -0.146513
v -0.056854 2.380452 -0.141863
v -0.056704 2.380965 -0.142058
v -0.058093 2.383300 -0.139664
v -0.057001 2.379753 -0.142872
v -0.058120 2.381389 -0.141272
v -0.059397 2.382047 -0.140218
v -0.060892 2.381356 -0.139538
v -0.058674 2.383990 -0.139026
v -0.058777 2.384518 -0.139180
v -0.059490 2.383283 -0.138790
v -0.059665 2.383805 -0.138885
v -0.061962 2.380392 -0.138668
v -0.062211 2.380900 -0.138614
v -0.062792 2.379685 -0.139250
v -0.067047 2.374661 -0.138184
v -0.067364 2.375094 -0.138068
v -0.066663 2.375334 -0.139456
v -0.073719 2.367700 -0.137345
v -0.074119 2.368048 -0.137255
v -0.072678 2.368778 -0.139483
v -0.079940 2.361557 -0.136354
v -0.080437 2.361800 -0.136290
v -0.078363 2.362767 -0.139272
v -0.083899 2.356186 -0.136490
v -0.084485 2.356277 -0.136477
v -0.082081 2.357609 -0.139961
v -0.084303 2.351027 -0.138607
v -0.084907 2.350946 -0.138662
v -0.082646 2.352869 -0.142118
v -0.082137 2.346346 -0.141772
v -0.082695 2.346117 -0.141894
v -0.080851 2.348556 -0.144897
v -0.081276 2.344816 -0.138878
v -0.083542 2.349701 -0.135590
v -0.083298 2.355187 -0.133655
v -0.079445 2.360885 -0.133913
v -0.077699 2.360145 -0.131943
v -0.073278 2.367295 -0.135356
v -0.071901 2.366707 -0.133733
v -0.066684 2.374589 -0.136732
v -0.076015 2.355475 -0.146594
v -0.064293 2.376621 -0.140944
v -0.059009 2.383805 -0.138058
v -0.058216 2.384525 -0.138283
v -0.057654 2.383821 -0.138905
v -0.057757 2.383902 -0.137562
v -0.057097 2.383210 -0.138248
v -0.057998 2.383580 -0.137952
v -0.057409 2.382886 -0.138578
v -0.057979 2.381190 -0.137967
v -0.056703 2.380532 -0.139022
v -0.059475 2.380500 -0.137288
v -0.054973 2.374978 -0.140481
v -0.055361 2.378762 -0.140269
v -0.052973 2.373987 -0.142603
v -0.055897 2.379874 -0.140344
v -0.055505 2.380240 -0.140155
v -0.052701 2.373970 -0.144068
v -0.052262 2.374286 -0.143976
v -0.048327 2.366779 -0.148848
v -0.047837 2.366989 -0.148783
v -0.044130 2.360461 -0.153308
v -0.049177 2.366881 -0.146381
v -0.045515 2.360436 -0.150060
v -0.043549 2.354808 -0.152375
v -0.041952 2.354868 -0.156225
v -0.041366 2.354776 -0.156239
v -0.043580 2.360545 -0.153281
v -0.044600 2.361294 -0.155705
v -0.048703 2.367583 -0.150726
v -0.052949 2.374751 -0.145322
v -0.056149 2.380797 -0.141005
v -0.058111 2.383823 -0.139857
v 0.000000 2.254933 -0.269465
v 0.052570 2.254933 -0.264288
v -0.052570 2.254933 -0.264288
v 0.000000 2.269143 -0.279085
v -0.054446 2.269143 -0.273722
v 0.054447 2.269143 -0.273722
v 0.000000 2.284110 -0.244258
v -0.047652 2.284110 -0.239565
v 0.047653 2.284110 -0.239565
v 0.000000 2.300202 -0.164643
v -0.032120 2.300202 -0.161480
v 0.032120 2.300202 -0.161480
v 0.000000 2.307907 -0.159821
v 0.031180 2.307907 -0.156750
v -0.031179 2.307907 -0.156750
v 0.000000 2.310162 -0.163831
v 0.000000 2.369393 -0.148545
v 0.031962 2.310162 -0.160683
v -0.031962 2.310162 -0.160683
v -0.028979 2.369393 -0.145690
v -0.062695 2.310162 -0.151360
v -0.056845 2.369393 -0.137237
v -0.091019 2.310162 -0.136220
v -0.061161 2.307907 -0.147656
v -0.063006 2.300202 -0.152110
v -0.088792 2.307907 -0.132887
v -0.091471 2.300202 -0.136896
v -0.113011 2.307907 -0.113011
v -0.116420 2.300202 -0.116420
v -0.132886 2.307907 -0.088792
v -0.115846 2.310162 -0.115846
v -0.105037 2.369393 -0.105037
v -0.136220 2.310162 -0.091020
v -0.123510 2.369393 -0.082527
v -0.151360 2.310162 -0.062695
v -0.147655 2.307907 -0.061161
v -0.137237 2.369393 -0.056846
v -0.160683 2.310162 -0.031962
v -0.156750 2.307907 -0.031180
v -0.145690 2.369393 -0.028980
v -0.163831 2.310162 -0.000000
v -0.159821 2.307907 -0.000000
v -0.148544 2.369393 -0.000000
v -0.160683 2.310162 0.031962
v -0.156750 2.307907 0.031180
v -0.145690 2.369393 0.028980
v -0.151360 2.310162 0.062695
v -0.147655 2.307907 0.061161
v -0.137237 2.369393 0.056846
v -0.136220 2.310162 0.091020
v -0.132886 2.307907 0.088792
v -0.123510 2.369393 0.082527
v -0.115846 2.310162 0.115846
v -0.113011 2.307907 0.113011
v -0.105037 2.369393 0.105037
v -0.091019 2.310162 0.136220
v -0.088792 2.307907 0.132887
v -0.082527 2.369393 0.123510
v -0.062695 2.310162 0.151360
v -0.061161 2.307907 0.147656
v -0.056845 2.369393 0.137237
v -0.031962 2.310162 0.160683
v -0.031179 2.307907 0.156750
v -0.028979 2.369393 0.145690
v 0.000000 2.310162 0.163831
v 0.000000 2.307907 0.159821
v 0.000000 2.369393 0.148545
v 0.031962 2.310162 0.160683
v 0.031180 2.307907 0.156750
v 0.028980 2.369393 0.145690
v 0.062695 2.310162 0.151360
v 0.061161 2.307907 0.147656
v 0.056846 2.369393 0.137237
v 0.091020 2.310162 0.136220
v 0.088792 2.307907 0.132887
v 0.082527 2.369393 0.123510
v 0.115846 2.310162 0.115846
v 0.105037 2.369393 0.105037
v 0.136220 2.310162 0.091020
v 0.113011 2.307907 0.113011
v 0.116420 2.300202 0.116420
v 0.132887 2.307907 0.088792
v 0.136896 2.300202 0.091471
v 0.147656 2.307907 0.061161
v 0.152111 2.300202 0.063006
v 0.156750 2.307907 0.031180
v 0.151360 2.310162 0.062695
v 0.137237 2.369393 0.056846
v 0.160683 2.310162 0.031962
v 0.145691 2.369393 0.028980
v 0.163831 2.310162 -0.000000
v 0.148545 2.369393 -0.000000
v 0.160683 2.310162 -0.031962
v 0.159821 2.307907 -0.000000
v 0.164643 2.300202 -0.000000
v 0.156750 2.307907 -0.031179
v 0.161480 2.300202 -0.032120
v 0.147656 2.307907 -0.061161
v 0.152111 2.300202 -0.063006
v 0.132887 2.307907 -0.088792
v 0.151360 2.310162 -0.062695
v 0.137238 2.369393 -0.056846
v 0.136221 2.310162 -0.091019
v 0.123510 2.369393 -0.082527
v 0.115846 2.310162 -0.115846
v 0.105037 2.369393 -0.105037
v 0.091020 2.310162 -0.136220
v 0.113011 2.307907 -0.113011
v 0.116420 2.300202 -0.116420
v 0.088792 2.307907 -0.132886
v 0.091471 2.300202 -0.136896
v 0.061161 2.307907 -0.147656
v 0.063006 2.300202 -0.152110
v 0.062696 2.310162 -0.151360
v 0.056846 2.369393 -0.137237
v 0.082527 2.369393 -0.123510
v 0.028980 2.369393 -0.145690
v 0.055311 2.367138 -0.133533
v 0.056534 2.427787 -0.136485
v 0.080300 2.367138 -0.120176
v 0.028198 2.367138 -0.141758
v 0.028821 2.427787 -0.144892
v 0.000000 2.367138 -0.144535
v -0.028197 2.367138 -0.141758
v 0.000000 2.427787 -0.147730
v -0.028821 2.427787 -0.144892
v 0.000000 2.498439 -0.159246
v 0.031067 2.498439 -0.156186
v -0.031067 2.498439 -0.156186
v 0.000000 2.548370 -0.178802
v 0.000000 2.562937 -0.179294
v 0.034883 2.548370 -0.175367
v -0.034882 2.548370 -0.175367
v -0.034978 2.562937 -0.175849
v -0.068424 2.548370 -0.165192
v -0.060941 2.498439 -0.147124
v -0.068613 2.562937 -0.165647
v -0.099337 2.548370 -0.148669
v -0.088472 2.498439 -0.132408
v -0.099610 2.562937 -0.149078
v -0.126432 2.548370 -0.126432
v -0.112603 2.498439 -0.112604
v -0.126780 2.562937 -0.126780
v -0.148668 2.548370 -0.099337
v -0.132408 2.498439 -0.088472
v -0.149078 2.562937 -0.099611
v -0.165192 2.548370 -0.068425
v -0.147124 2.498439 -0.060941
v -0.165646 2.562937 -0.068613
v -0.175366 2.548370 -0.034883
v -0.156186 2.498439 -0.031067
v -0.175849 2.562937 -0.034979
v -0.178802 2.548370 -0.000000
v -0.159245 2.498439 -0.000000
v -0.179294 2.562937 -0.000000
v -0.175366 2.548370 0.034883
v -0.156186 2.498439 0.031067
v -0.175849 2.562937 0.034979
v -0.165192 2.548370 0.068425
v -0.147124 2.498439 0.060941
v -0.165646 2.562937 0.068613
v -0.148668 2.548370 0.099337
v -0.132408 2.498439 0.088472
v -0.149078 2.562937 0.099611
v -0.126432 2.548370 0.126432
v -0.112604 2.498439 0.112604
v -0.126780 2.562937 0.126780
v -0.099337 2.548370 0.148669
v -0.088472 2.498439 0.132408
v -0.099611 2.562937 0.149078
v -0.068424 2.548370 0.165192
v -0.060941 2.498439 0.147124
v -0.068613 2.562937 0.165647
v -0.034882 2.548370 0.175367
v -0.031067 2.498439 0.156186
v -0.034978 2.562937 0.175849
v 0.000000 2.548370 0.178802
v 0.000000 2.498439 0.159246
v 0.000000 2.562937 0.179294
v 0.034883 2.548370 0.175367
v 0.031067 2.498439 0.156186
v 0.034979 2.562937 0.175849
v 0.068425 2.548370 0.165192
v 0.060941 2.498439 0.147124
v 0.068613 2.562937 0.165647
v 0.099337 2.548370 0.148669
v 0.088472 2.498439 0.132408
v 0.099611 2.562937 0.149078
v 0.126432 2.548370 0.126432
v 0.112604 2.498439 0.112604
v 0.126780 2.562937 0.126780
v 0.148669 2.548370 0.099337
v 0.132408 2.498439 0.088472
v 0.149078 2.562937 0.099611
v 0.165192 2.548370 0.068425
v 0.147124 2.498439 0.060941
v 0.165647 2.562937 0.068613
v 0.175367 2.548370 0.034883
v 0.156186 2.498439 0.031067
v 0.175849 2.562937 0.034979
v 0.178802 2.548370 -0.000000
v 0.159246 2.498439 -0.000000
v 0.179295 2.562937 -0.000000
v 0.175367 2.548370 -0.034883
v 0.156186 2.498439 -0.031067
v 0.175849 2.562937 -0.034979
v 0.165192 2.548370 -0.068425
v 0.147124 2.498439 -0.060941
v 0.165647 2.562937 -0.068613
v 0.148669 2.548370 -0.099337
v 0.132408 2.498439 -0.088472
v 0.149078 2.562937 -0.099611
v 0.126432 2.548370 -0.126432
v 0.112604 2.498439 -0.112604
v 0.126781 2.562937 -0.126780
v 0.099337 2.548370 -0.148668
v 0.088472 2.498439 -0.132408
v 0.099611 2.562937 -0.149078
v 0.068425 2.548370 -0.165192
v 0.060941 2.498439 -0.147124
v 0.068613 2.562937 -0.165646
v 0.065251 2.578117 -0.157530
v 0.034979 2.562937 -0.175849
v 0.033265 2.578117 -0.167233
v 0.029250 2.588366 -0.147048
v 0.000000 2.578117 -0.170509
v 0.000000 2.588366 -0.149928
v -0.033264 2.578117 -0.167233
v -0.029249 2.588366 -0.147048
v -0.065251 2.578117 -0.157530
v -0.057375 2.588367 -0.138516
v -0.094729 2.578117 -0.141773
v -0.083296 2.588366 -0.124661
v -0.120568 2.578117 -0.120568
v -0.106015 2.588366 -0.106015
v -0.141773 2.578117 -0.094730
v -0.124661 2.588366 -0.083296
v -0.157529 2.578117 -0.065251
v -0.138516 2.588366 -0.057375
v -0.167232 2.578117 -0.033265
v -0.147047 2.588367 -0.029250
v -0.170509 2.578117 -0.000000
v -0.149928 2.588366 -0.000000
v -0.167232 2.578117 0.033265
v -0.147047 2.588366 0.029250
v -0.157529 2.578117 0.065251
v -0.138516 2.588366 0.057375
v -0.141773 2.578117 0.094730
v -0.124661 2.588366 0.083296
v -0.120568 2.578117 0.120568
v -0.106015 2.588367 0.106015
v -0.094729 2.578117 0.141773
v -0.083296 2.588366 0.124661
v -0.065251 2.578117 0.157530
v -0.057375 2.588366 0.138516
v -0.033265 2.578117 0.167233
v -0.029249 2.588366 0.147048
v 0.000000 2.578117 0.170509
v 0.000000 2.588366 0.149928
v 0.033265 2.578117 0.167233
v 0.029250 2.588366 0.147048
v 0.065251 2.578117 0.157530
v 0.057375 2.588366 0.138516
v 0.094730 2.578117 0.141773
v 0.083296 2.588366 0.124661
v 0.120568 2.578117 0.120568
v 0.106016 2.588367 0.106015
v 0.141773 2.578117 0.094730
v 0.124661 2.588367 0.083296
v 0.157530 2.578117 0.065251
v 0.138516 2.588367 0.057375
v 0.167233 2.578117 0.033265
v 0.147048 2.588366 0.029250
v 0.170509 2.578117 -0.000000
v 0.149929 2.588366 -0.000000
v 0.167233 2.578117 -0.033265
v 0.147048 2.588367 -0.029250
v 0.157530 2.578117 -0.065251
v 0.138516 2.588366 -0.057375
v 0.141773 2.578117 -0.094730
v 0.124661 2.588366 -0.083296
v 0.120568 2.578117 -0.120568
v 0.106016 2.588367 -0.106015
v 0.094730 2.578117 -0.141773
v 0.083296 2.588366 -0.124661
v 0.057375 2.588366 -0.138516
v 0.082075 2.427787 -0.122833
v 0.104461 2.427787 -0.104461
v 0.102202 2.367138 -0.102202
v 0.122833 2.427787 -0.082075
v 0.120177 2.367138 -0.080299
v 0.136485 2.427787 -0.056534
v 0.133533 2.367138 -0.055311
v 0.144892 2.427787 -0.028821
v 0.141758 2.367138 -0.028197
v 0.147730 2.427787 -0.000000
v 0.144535 2.367138 -0.000000
v 0.144892 2.427787 0.028821
v 0.141758 2.367138 0.028197
v 0.136485 2.427787 0.056534
v 0.133533 2.367138 0.055311
v 0.122833 2.427787 0.082075
v 0.120177 2.367138 0.080299
v 0.104461 2.427787 0.104461
v 0.102202 2.367138 0.102202
v 0.082075 2.427787 0.122833
v 0.080299 2.367138 0.120177
v 0.056534 2.427787 0.136485
v 0.055311 2.367138 0.133533
v 0.028821 2.427787 0.144892
v 0.028198 2.367138 0.141758
v 0.000000 2.427787 0.147730
v 0.000000 2.367138 0.144535
v -0.028821 2.427787 0.144892
v -0.028197 2.367138 0.141758
v -0.056534 2.427787 0.136485
v -0.055311 2.367138 0.133533
v -0.082074 2.427787 0.122833
v -0.080299 2.367138 0.120177
v -0.104461 2.427787 0.104461
v -0.102202 2.367138 0.102202
v -0.122833 2.427787 0.082075
v -0.120176 2.367138 0.080299
v -0.136485 2.427787 0.056534
v -0.133533 2.367138 0.055311
v -0.144892 2.427787 0.028821
v -0.141758 2.367138 0.028197
v -0.147730 2.427787 -0.000000
v -0.144535 2.367138 -0.000000
v -0.144892 2.427787 -0.028821
v -0.141758 2.367138 -0.028197
v -0.136485 2.427787 -0.056534
v -0.133533 2.367138 -0.055311
v -0.122833 2.427787 -0.082075
v -0.120176 2.367138 -0.080299
v -0.104461 2.427787 -0.104461
v -0.102202 2.367138 -0.102202
v -0.082074 2.427787 -0.122833
v -0.080299 2.367138 -0.120176
v -0.056534 2.427787 -0.136485
v -0.055311 2.367138 -0.133533
v -0.082527 2.369393 -0.123510
v 0.123510 2.369393 0.082527
v 0.145691 2.369393 -0.028980
v 0.093474 2.284110 -0.225665
v 0.106801 2.269143 -0.257841
v 0.135703 2.284110 -0.203093
v 0.155051 2.269143 -0.232050
v 0.172717 2.284110 -0.172717
v 0.197343 2.269143 -0.197343
v 0.203093 2.284110 -0.135702
v 0.232051 2.269144 -0.155051
v 0.136896 2.300202 -0.091471
v 0.225665 2.284110 -0.093473
v 0.257841 2.269143 -0.106801
v 0.239565 2.284110 -0.047652
v 0.273722 2.269144 -0.054447
v 0.244258 2.284110 -0.000000
v 0.279085 2.269144 -0.000000
v 0.239565 2.284110 0.047652
v 0.273722 2.269144 0.054447
v 0.161480 2.300202 0.032120
v 0.225665 2.284110 0.093474
v 0.257841 2.269144 0.106801
v 0.203093 2.284110 0.135703
v 0.232050 2.269144 0.155051
v 0.172717 2.284110 0.172717
v 0.197343 2.269144 0.197343
v 0.135703 2.284110 0.203093
v 0.155051 2.269144 0.232050
v 0.091471 2.300202 0.136896
v 0.093474 2.284110 0.225665
v 0.106801 2.269144 0.257841
v 0.063006 2.300202 0.152110
v 0.047653 2.284110 0.239565
v 0.054447 2.269144 0.273722
v 0.032120 2.300202 0.161480
v 0.000000 2.284110 0.244258
v 0.000000 2.269144 0.279085
v 0.000000 2.300202 0.164643
v -0.047652 2.284110 0.239565
v -0.054447 2.269144 0.273722
v -0.032120 2.300202 0.161480
v -0.093473 2.284110 0.225665
v -0.106801 2.269143 0.257841
v -0.063006 2.300202 0.152110
v -0.135702 2.284110 0.203093
v -0.155051 2.269144 0.232050
v -0.091471 2.300202 0.136896
v -0.172716 2.284110 0.172717
v -0.197342 2.269143 0.197343
v -0.116420 2.300202 0.116420
v -0.203093 2.284110 0.135703
v -0.232050 2.269143 0.155051
v -0.136896 2.300202 0.091471
v -0.225665 2.284110 0.093474
v -0.257840 2.269144 0.106801
v -0.152110 2.300202 0.063006
v -0.239565 2.284110 0.047652
v -0.273722 2.269143 0.054447
v -0.161479 2.300202 0.032120
v -0.244258 2.284110 -0.000000
v -0.279084 2.269144 -0.000000
v -0.164643 2.300202 -0.000000
v -0.239565 2.284110 -0.047652
v -0.273722 2.269143 -0.054447
v -0.161479 2.300202 -0.032120
v -0.225665 2.284110 -0.093474
v -0.257840 2.269143 -0.106801
v -0.152110 2.300202 -0.063006
v -0.203093 2.284110 -0.135703
v -0.232050 2.269143 -0.155051
v -0.136896 2.300202 -0.091471
v -0.172716 2.284110 -0.172717
v -0.197342 2.269144 -0.197343
v -0.135702 2.284110 -0.203093
v -0.155051 2.269143 -0.232050
v -0.093473 2.284110 -0.225665
v -0.106801 2.269143 -0.257841
v -0.103120 2.254933 -0.248953
v -0.149707 2.254934 -0.224052
v -0.190541 2.254934 -0.190541
v -0.224052 2.254934 -0.149707
v -0.248953 2.254933 -0.103120
v -0.264287 2.254934 -0.052570
v -0.269465 2.254933 -0.000000
v -0.264287 2.254934 0.052570
v -0.248953 2.254934 0.103120
v -0.224052 2.254934 0.149707
v -0.190541 2.254934 0.190541
v -0.149707 2.254934 0.224052
v -0.103120 2.254934 0.248954
v -0.052570 2.254934 0.264288
v 0.000000 2.254934 0.269465
v 0.052570 2.254934 0.264288
v 0.103120 2.254934 0.248954
v 0.149707 2.254934 0.224052
v 0.190541 2.254934 0.190541
v 0.224052 2.254934 0.149707
v 0.248954 2.254934 0.103120
v 0.264288 2.254934 0.052570
v 0.269465 2.254934 -0.000000
v 0.264288 2.254934 -0.052570
v 0.248954 2.254934 -0.103120
v 0.224052 2.254934 -0.149707
v 0.190541 2.254933 -0.190541
v 0.149707 2.254934 -0.224052
v 0.103120 2.254933 -0.248953
v 0.110821 2.307750 0.129217
v 0.109933 2.307773 0.127937
v 0.111827 2.308435 0.130187
v 0.108673 2.302207 0.132657
v 0.115396 2.318838 0.122099
v 0.121491 2.331998 0.113091
v 0.114161 2.318428 0.120981
v 0.116298 2.319175 0.123519
v 0.122586 2.332359 0.115163
v 0.115848 2.319516 0.123654
v 0.122131 2.332709 0.115252
v 0.115338 2.319175 0.125698
v 0.111391 2.308789 0.130312
v 0.112192 2.310649 0.130206
v 0.109198 2.303420 0.133397
v 0.109545 2.303043 0.133397
v 0.110237 2.307491 0.132494
v 0.108425 2.302169 0.134405
v 0.108586 2.301764 0.134591
v 0.108402 2.306300 0.134413
v 0.107292 2.303407 0.135007
v 0.107236 2.303026 0.135346
v 0.106193 2.307462 0.135908
v 0.103838 2.308735 0.136689
v 0.103644 2.308376 0.137096
v 0.103583 2.310587 0.137474
v 0.096436 2.319375 0.140042
v 0.096230 2.319030 0.140460
v 0.098539 2.319054 0.139880
v 0.086988 2.332455 0.144920
v 0.086827 2.332100 0.145351
v 0.090745 2.331793 0.144089
v 0.078136 2.343986 0.149678
v 0.077984 2.343666 0.150134
v 0.083252 2.343403 0.148213
v 0.072883 2.354158 0.152086
v 0.072675 2.354035 0.152595
v 0.078993 2.353506 0.150538
v 0.072617 2.363825 0.149923
v 0.072371 2.363981 0.150407
v 0.078852 2.362635 0.148769
v 0.076104 2.372581 0.145196
v 0.075895 2.372960 0.145608
v 0.082047 2.370803 0.145016
v 0.080715 2.378761 0.139477
v 0.080614 2.379326 0.139725
v 0.085677 2.376516 0.140123
v 0.086275 2.379785 0.134411
v 0.086405 2.380409 0.134425
v 0.088653 2.378113 0.136342
v 0.093114 2.374858 0.130216
v 0.093365 2.375437 0.130133
v 0.094669 2.373881 0.133365
v 0.100283 2.370992 0.125350
v 0.100336 2.371630 0.125418
v 0.102526 2.370231 0.128000
v 0.106249 2.374953 0.119126
v 0.106121 2.375529 0.119364
v 0.109101 2.373985 0.121180
v 0.111490 2.379967 0.113124
v 0.111477 2.380590 0.113259
v 0.113010 2.378289 0.115779
v 0.117425 2.379027 0.108485
v 0.117682 2.379594 0.108431
v 0.117249 2.376745 0.113469
v 0.123889 2.372927 0.104855
v 0.124327 2.373310 0.104721
v 0.122730 2.371097 0.110670
v 0.129208 2.364234 0.102148
v 0.129724 2.364396 0.101988
v 0.127034 2.362984 0.108092
v 0.131377 2.354581 0.102704
v 0.131914 2.354464 0.102584
v 0.128832 2.353867 0.108463
v 0.128208 2.344348 0.107406
v 0.128686 2.344033 0.107330
v 0.125910 2.343712 0.112199
v 0.120686 2.332009 0.118812
v 0.117740 2.341512 0.120794
v 0.119358 2.351346 0.118566
v 0.105704 2.340065 0.131506
v 0.115095 2.329859 0.124999
v 0.106703 2.328481 0.132590
v 0.112340 2.317195 0.129384
v 0.107727 2.316016 0.133696
v 0.102692 2.317125 0.137529
v 0.097801 2.329733 0.139600
v 0.093114 2.341334 0.141584
v 0.090563 2.351138 0.142876
v 0.105298 2.349648 0.131107
v 0.090330 2.359055 0.141683
v 0.104708 2.356782 0.130470
v 0.092280 2.365723 0.139649
v 0.104639 2.362537 0.130437
v 0.093976 2.370794 0.136499
v 0.103837 2.367098 0.129526
v 0.112333 2.370926 0.121001
v 0.115765 2.365893 0.119822
v 0.118154 2.359257 0.118192
v 0.127402 2.343558 0.104710
v 0.130227 2.353850 0.099301
v 0.125084 2.342773 0.103053
v 0.127334 2.352862 0.097144
v 0.119679 2.331342 0.111711
v 0.124825 2.343166 0.103389
v 0.120022 2.341653 0.105207
v 0.127075 2.353077 0.097596
v 0.119403 2.331755 0.112013
v 0.115954 2.330355 0.113192
v 0.113845 2.318815 0.121276
v 0.111915 2.317979 0.121633
v 0.109626 2.308172 0.128216
v 0.109380 2.309666 0.126867
v 0.107754 2.302915 0.131682
v 0.107932 2.302479 0.131480
v 0.107696 2.306603 0.129476
v 0.106992 2.301668 0.132703
v 0.106963 2.301197 0.132664
v 0.105839 2.305403 0.131369
v 0.105848 2.302902 0.133291
v 0.105623 2.302462 0.133430
v 0.102072 2.308118 0.134593
v 0.103651 2.306574 0.132890
v 0.100771 2.309604 0.134135
v 0.098727 2.315738 0.132820
v 0.095117 2.317857 0.135815
v 0.092275 2.327801 0.133038
v 0.103686 2.314603 0.128898
v 0.101067 2.326510 0.125897
v 0.108375 2.315808 0.124675
v 0.109569 2.327926 0.118437
v 0.110851 2.339104 0.112614
v 0.098675 2.337607 0.123159
v 0.110565 2.348272 0.108125
v 0.096317 2.346508 0.120442
v 0.121337 2.351246 0.099562
v 0.108479 2.355874 0.106703
v 0.094821 2.353325 0.118728
v 0.104616 2.361995 0.106582
v 0.118789 2.360101 0.098301
v 0.113226 2.367774 0.099384
v 0.124475 2.362580 0.096528
v 0.124689 2.362636 0.096009
v 0.118418 2.371014 0.098358
v 0.118530 2.371283 0.097837
v 0.111971 2.377120 0.102007
v 0.111918 2.377578 0.101586
v 0.107889 2.373472 0.102354
v 0.106112 2.378087 0.106738
v 0.105811 2.378609 0.106530
v 0.104405 2.375280 0.105561
v 0.100766 2.373036 0.112614
v 0.100356 2.373514 0.112519
v 0.099706 2.370700 0.110024
v 0.094768 2.369064 0.118801
v 0.094539 2.369604 0.118534
v 0.092964 2.366888 0.116645
v 0.087630 2.372941 0.123704
v 0.087601 2.373421 0.123288
v 0.080898 2.377904 0.128025
v 0.085274 2.370596 0.122208
v 0.080048 2.375104 0.126124
v 0.083041 2.366970 0.123513
v 0.081131 2.361825 0.126409
v 0.076317 2.373244 0.129008
v 0.092675 2.363195 0.116271
v 0.093248 2.358554 0.116910
v 0.101398 2.367103 0.108016
v 0.072543 2.367479 0.133730
v 0.075260 2.376854 0.132999
v 0.074850 2.377310 0.132880
v 0.070633 2.370668 0.138700
v 0.070098 2.370933 0.138725
v 0.067885 2.362170 0.144303
v 0.067336 2.362221 0.144428
v 0.068581 2.352654 0.146978
v 0.070607 2.359753 0.138977
v 0.071498 2.350886 0.141638
v 0.080654 2.355672 0.130193
v 0.081771 2.348064 0.132434
v 0.086225 2.338926 0.133404
v 0.077364 2.341345 0.141220
v 0.086013 2.330138 0.138469
v 0.074754 2.342803 0.145661
v 0.074382 2.342407 0.145857
v 0.084260 2.331501 0.141681
v 0.083920 2.331084 0.141900
v 0.094433 2.318675 0.137664
v 0.094093 2.318283 0.137923
v 0.101749 2.307714 0.134846
v 0.094985 2.318691 0.139330
v 0.084971 2.331733 0.143922
v 0.102862 2.307692 0.135935
v 0.106660 2.302192 0.134356
v 0.107860 2.300910 0.133724
v 0.075621 2.343183 0.148425
v 0.069728 2.353412 0.150376
v 0.068095 2.352434 0.147155
v 0.069203 2.363373 0.147886
v 0.072425 2.372322 0.142538
v 0.077306 2.378765 0.136530
v 0.083421 2.379888 0.131050
v 0.080739 2.378428 0.127696
v 0.090521 2.374703 0.126597
v 0.097405 2.370833 0.121940
v 0.103118 2.374794 0.115962
v 0.108655 2.380071 0.109747
v 0.115092 2.379038 0.104630
v 0.121887 2.372680 0.100780
v 0.127776 2.363796 0.098437
v -0.079602 2.323565 -0.175775
v -0.079088 2.322538 -0.176012
v -0.078560 2.323541 -0.176314
v -0.066638 2.344041 -0.151614
v -0.082023 2.314774 -0.142792
v -0.078954 2.323210 -0.175822
v -0.065990 2.343686 -0.151661
v -0.081375 2.314419 -0.142839
v -0.081064 2.314448 -0.142200
v -0.081508 2.313746 -0.143028
v -0.051115 2.313040 -0.158738
v -0.081390 2.314450 -0.142832
v -0.050997 2.313744 -0.158541
v -0.078970 2.323241 -0.175815
v -0.050670 2.313742 -0.157910
v -0.050587 2.314044 -0.159040
v -0.065596 2.344016 -0.152153
v -0.051013 2.313714 -0.158532
v -0.066022 2.343687 -0.151645
v -0.078986 2.323211 -0.175806
v -0.065679 2.343715 -0.151022
v -0.066020 2.343696 -0.151679
v -0.051010 2.313723 -0.158567
v -0.081404 2.314429 -0.142857
v 0.000000 0.213347 -0.029250
v 0.006113 0.213347 -0.028611
v -0.006113 0.213347 -0.028611
v 0.000000 0.341202 -0.029250
v 0.000000 0.469058 -0.029250
v -0.006113 0.341202 -0.028611
v 0.006113 0.341202 -0.028611
v 0.006113 0.469058 -0.028611
v 0.011959 0.341202 -0.026721
v 0.011959 0.213347 -0.026721
v 0.011959 0.469058 -0.026721
v 0.017283 0.341202 -0.023664
v 0.017283 0.213347 -0.023664
v 0.017283 0.469058 -0.023664
v 0.021851 0.341202 -0.019572
v 0.021851 0.213347 -0.019572
v 0.021851 0.469058 -0.019572
v 0.025464 0.341202 -0.014625
v 0.025464 0.213347 -0.014625
v 0.025464 0.469058 -0.014625
v 0.027964 0.341202 -0.009039
v 0.027964 0.213347 -0.009039
v 0.027964 0.469058 -0.009039
v 0.029242 0.341202 -0.003058
v 0.029242 0.213347 -0.003058
v 0.029242 0.469058 -0.003058
v 0.029242 0.341202 0.003057
v 0.029242 0.213347 0.003057
v 0.029242 0.469058 0.003057
v 0.027964 0.341202 0.009039
v 0.027964 0.213347 0.009039
v 0.027964 0.469058 0.009039
v 0.025464 0.341202 0.014625
v 0.025464 0.213347 0.014625
v 0.025464 0.469058 0.014625
v 0.021851 0.341202 0.019572
v 0.021851 0.213347 0.019572
v 0.021851 0.469058 0.019572
v 0.017283 0.341202 0.023663
v 0.017283 0.213347 0.023663
v 0.017283 0.469058 0.023663
v 0.011959 0.341202 0.026721
v 0.011959 0.213347 0.026721
v 0.011959 0.469058 0.026721
v 0.006113 0.341202 0.028611
v 0.006113 0.213347 0.028611
v 0.006113 0.469058 0.028611
v 0.000000 0.341202 0.029250
v 0.000000 0.213347 0.029250
v 0.000000 0.469058 0.029250
v -0.006113 0.341202 0.028611
v -0.006113 0.213347 0.028611
v -0.006113 0.469058 0.028611
v -0.011959 0.341202 0.026721
v -0.011959 0.213347 0.026721
v -0.011959 0.469058 0.026721
v -0.017283 0.341202 0.023663
v -0.017283 0.213347 0.023663
v -0.017283 0.469058 0.023663
v -0.021851 0.341202 0.019572
v -0.021851 0.213347 0.019572
v -0.021851 0.469058 0.019572
v -0.025464 0.341202 0.014625
v -0.025464 0.213347 0.014625
v -0.025464 0.469058 0.014625
v -0.027964 0.341202 0.009039
v -0.027964 0.213347 0.009039
v -0.027964 0.469058 0.009039
v -0.029242 0.341202 0.003057
v -0.029242 0.213347 0.003057
v -0.029242 0.469058 0.003057
v -0.029242 0.341202 -0.003058
v -0.029242 0.213347 -0.003058
v -0.029242 0.469058 -0.003058
v -0.027964 0.341202 -0.009039
v -0.027964 0.213347 -0.009039
v -0.027964 0.469058 -0.009039
v -0.025464 0.341202 -0.014625
v -0.025464 0.213347 -0.014625
v -0.025464 0.469058 -0.014625
v -0.021851 0.341202 -0.019572
v -0.021851 0.213347 -0.019572
v -0.021851 0.469058 -0.019572
v -0.017283 0.341202 -0.023664
v -0.017283 0.213347 -0.023664
v -0.017283 0.469058 -0.023664
v -0.011959 0.341202 -0.026721
v -0.011959 0.213347 -0.026721
v -0.011959 0.469058 -0.026721
v -0.011959 0.596913 -0.026721
v -0.006113 0.469058 -0.028611
v -0.006113 0.596913 -0.028611
v -0.006113 0.724769 -0.028611
v 0.000000 0.596913 -0.029250
v 0.000000 0.724769 -0.029250
v 0.006113 0.596913 -0.028611
v 0.006113 0.724769 -0.028611
v 0.011959 0.596913 -0.026721
v 0.011959 0.724769 -0.026721
v 0.017283 0.596913 -0.023664
v 0.017283 0.724769 -0.023664
v 0.021851 0.596913 -0.019572
v 0.021851 0.724769 -0.019572
v 0.025464 0.596913 -0.014625
v 0.025464 0.724769 -0.014625
v 0.027964 0.596913 -0.009039
v 0.027964 0.724769 -0.009039
v 0.029242 0.596913 -0.003058
v 0.029242 0.724769 -0.003058
v 0.029242 0.596913 0.003057
v 0.029242 0.724769 0.003057
v 0.027964 0.596913 0.009039
v 0.027964 0.724769 0.009039
v 0.025464 0.596913 0.014625
v 0.025464 0.724769 0.014625
v 0.021851 0.596913 0.019572
v 0.021851 0.724769 0.019572
v 0.017283 0.596913 0.023663
v 0.017283 0.724769 0.023663
v 0.011959 0.596913 0.026721
v 0.011959 0.724769 0.026721
v 0.006113 0.596913 0.028611
v 0.006113 0.724769 0.028611
v 0.000000 0.596913 0.029250
v 0.000000 0.724769 0.029250
v -0.006113 0.596913 0.028611
v -0.006113 0.724769 0.028611
v -0.011959 0.596913 0.026721
v -0.011959 0.724769 0.026721
v -0.017283 0.596913 0.023663
v -0.017283 0.724769 0.023663
v -0.021851 0.596913 0.019572
v -0.021851 0.724769 0.019572
v -0.025464 0.596913 0.014625
v -0.025464 0.724769 0.014625
v -0.027964 0.596913 0.009039
v -0.027964 0.724769 0.009039
v -0.029242 0.596913 0.003057
v -0.029242 0.724769 0.003057
v -0.029242 0.596913 -0.003058
v -0.029242 0.724769 -0.003058
v -0.027964 0.596913 -0.009039
v -0.027964 0.724769 -0.009039
v -0.025464 0.596913 -0.014625
v -0.025464 0.724769 -0.014625
v -0.021851 0.596913 -0.019572
v -0.021851 0.724769 -0.019572
v -0.017283 0.596913 -0.023664
v -0.017283 0.724769 -0.023664
v -0.017283 0.852625 -0.023664
v -0.011959 0.724769 -0.026721
v -0.011959 0.852625 -0.026721
v -0.011959 0.980480 -0.026721
v -0.006113 0.852625 -0.028611
v -0.006113 0.980480 -0.028611
v 0.000000 0.852625 -0.029250
v 0.000000 0.980480 -0.029250
v 0.006113 0.852625 -0.028611
v 0.006113 0.980480 -0.028611
v 0.011959 0.852625 -0.026721
v 0.011959 0.980480 -0.026721
v 0.017283 0.852625 -0.023664
v 0.017283 0.980480 -0.023664
v 0.021851 0.852625 -0.019572
v 0.021851 0.980480 -0.019572
v 0.025464 0.852625 -0.014625
v 0.025464 0.980480 -0.014625
v 0.027964 0.852625 -0.009039
v 0.027964 0.980480 -0.009039
v 0.029242 0.852625 -0.003058
v 0.029242 0.980480 -0.003058
v 0.029242 0.852625 0.003057
v 0.029242 0.980480 0.003057
v 0.027964 0.852625 0.009039
v 0.027964 0.980480 0.009039
v 0.025464 0.852625 0.014625
v 0.025464 0.980480 0.014625
v 0.021851 0.852625 0.019572
v 0.021851 0.980480 0.019572
v 0.017283 0.852625 0.023663
v 0.017283 0.980480 0.023663
v 0.011959 0.852625 0.026721
v 0.011959 0.980480 0.026721
v 0.006113 0.852625 0.028611
v 0.006113 0.980480 0.028611
v 0.000000 0.852625 0.029250
v 0.000000 0.980480 0.029250
v -0.006113 0.852625 0.028611
v -0.006113 0.980480 0.028611
v -0.011959 0.852625 0.026721
v -0.011959 0.980480 0.026721
v -0.017283 0.852625 0.023663
v -0.017283 0.980480 0.023663
v -0.021851 0.852625 0.019572
v -0.021851 0.980480 0.019572
v -0.025464 0.852625 0.014625
v -0.025464 0.980480 0.014625
v -0.027964 0.852625 0.009039
v -0.027964 0.980480 0.009039
v -0.029242 0.852625 0.003057
v -0.029242 0.980480 0.003057
v -0.029242 0.852625 -0.003058
v -0.029242 0.980480 -0.003058
v -0.027964 0.852625 -0.009039
v -0.027964 0.980480 -0.009039
v -0.025464 0.852625 -0.014625
v -0.025464 0.980480 -0.014625
v -0.021851 0.852625 -0.019572
v -0.021851 0.980480 -0.019572
v -0.021851 1.331064 -0.019572
v -0.017283 0.980480 -0.023664
v -0.017283 1.331064 -0.023664
v -0.011959 1.331064 -0.026721
v -0.022266 1.331064 -0.030487
v -0.022266 1.353030 -0.030487
v -0.015407 1.331064 -0.034426
v -0.028151 1.331064 -0.025216
v -0.028151 1.353030 -0.025216
v -0.032806 1.331064 -0.018842
v -0.025464 1.331064 -0.014625
v -0.032806 1.353030 -0.018842
v -0.036027 1.331064 -0.011645
v -0.027964 1.331064 -0.009039
v -0.036027 1.353030 -0.011645
v -0.037673 1.331064 -0.003939
v -0.037673 1.353030 -0.003939
v -0.037673 1.331064 0.003939
v -0.029242 1.331064 -0.003058
v -0.029242 1.331064 0.003057
v -0.027964 1.331064 0.009039
v -0.036027 1.331064 0.011645
v -0.025464 1.331064 0.014625
v -0.032806 1.331064 0.018842
v -0.021851 1.331064 0.019572
v -0.028151 1.331064 0.025215
v -0.017283 1.331064 0.023663
v -0.011959 1.331064 0.026721
v -0.022266 1.331064 0.030487
v -0.022266 1.353030 0.030487
v -0.015407 1.331064 0.034426
v -0.015407 1.353030 0.034426
v -0.007876 1.331064 0.036860
v -0.006113 1.331064 0.028611
v -0.007876 1.353030 0.036860
v 0.000000 1.331064 0.037684
v 0.000000 1.353030 0.037684
v 0.007876 1.331064 0.036860
v 0.000000 1.331064 0.029250
v 0.006113 1.331064 0.028611
v 0.011959 1.331064 0.026721
v 0.017283 1.331064 0.023663
v 0.015407 1.331064 0.034426
v 0.015407 1.353030 0.034426
v 0.022266 1.331064 0.030487
v 0.022266 1.353030 0.030487
v 0.028151 1.331064 0.025215
v 0.021851 1.331064 0.019572
v 0.028151 1.353030 0.025215
v 0.032806 1.331064 0.018842
v 0.032806 1.353030 0.018842
v 0.036027 1.331064 0.011645
v 0.025464 1.331064 0.014625
v 0.027964 1.331064 0.009039
v 0.029242 1.331064 0.003057
v 0.037673 1.331064 0.003939
v 0.029242 1.331064 -0.003058
v 0.027964 1.331064 -0.009039
v 0.037673 1.331064 -0.003939
v 0.037673 1.353030 -0.003939
v 0.036027 1.331064 -0.011645
v 0.036027 1.353030 -0.011645
v 0.032806 1.331064 -0.018842
v 0.032806 1.353030 -0.018842
v 0.028151 1.331064 -0.025216
v 0.025464 1.331064 -0.014625
v 0.021851 1.331064 -0.019572
v 0.017283 1.331064 -0.023664
v 0.022266 1.331064 -0.030487
v 0.011959 1.331064 -0.026721
v 0.006113 1.331064 -0.028611
v 0.015407 1.331064 -0.034426
v 0.015407 1.353030 -0.034426
v 0.007876 1.331064 -0.036860
v 0.007876 1.353030 -0.036860
v 0.000000 1.331064 -0.037684
v 0.000000 1.331064 -0.029250
v 0.000000 1.353031 -0.037684
v -0.007876 1.331064 -0.036860
v -0.006113 1.331064 -0.028611
v -0.007876 1.353030 -0.036860
v -0.006113 1.353030 -0.028611
v -0.015407 1.353030 -0.034426
v -0.011959 1.353030 -0.026721
v -0.011959 1.357139 -0.026721
v -0.017283 1.353030 -0.023664
v -0.017283 1.357139 -0.023664
v -0.021851 1.353030 -0.019572
v -0.021851 1.357139 -0.019572
v -0.025464 1.353030 -0.014625
v -0.025464 1.357139 -0.014625
v -0.027964 1.353030 -0.009039
v -0.027964 1.357139 -0.009039
v -0.029242 1.353030 -0.003058
v -0.029242 1.357139 -0.003058
v -0.029242 1.353030 0.003057
v -0.029242 1.357139 0.003057
v -0.027964 1.353030 0.009039
v -0.037673 1.353030 0.003939
v -0.036027 1.353030 0.011645
v -0.032806 1.353030 0.018842
v -0.025464 1.353030 0.014625
v -0.028151 1.353030 0.025215
v -0.021851 1.353030 0.019572
v -0.021851 1.357139 0.019572
v -0.017283 1.353030 0.023663
v -0.017283 1.357139 0.023663
v -0.011959 1.353030 0.026721
v -0.011959 1.357139 0.026721
v -0.006113 1.353030 0.028611
v -0.006113 1.357139 0.028611
v 0.000000 1.353030 0.029250
v 0.000000 1.357139 0.029250
v 0.006113 1.353030 0.028611
v 0.006113 1.357139 0.028611
v 0.011959 1.353030 0.026721
v 0.007876 1.353030 0.036860
v 0.011959 1.357139 0.026721
v 0.017283 1.353030 0.023663
v 0.017283 1.357139 0.023663
v 0.021851 1.353030 0.019572
v 0.021851 1.357139 0.019572
v 0.025464 1.353030 0.014625
v 0.025464 1.357139 0.014625
v 0.027964 1.353030 0.009039
v 0.027964 1.357139 0.009039
v 0.029242 1.353030 0.003057
v 0.036027 1.353030 0.011645
v 0.037673 1.353030 0.003939
v 0.029242 1.357139 0.003057
v 0.029242 1.353030 -0.003058
v 0.029242 1.357139 -0.003058
v 0.027964 1.353030 -0.009039
v 0.027964 1.357139 -0.009039
v 0.025464 1.353030 -0.014625
v 0.025464 1.357139 -0.014625
v 0.021851 1.353030 -0.019572
v 0.021851 1.357139 -0.019572
v 0.028151 1.353030 -0.025216
v 0.017283 1.353030 -0.023664
v 0.017283 1.357139 -0.023664
v 0.022266 1.353030 -0.030487
v 0.011959 1.353030 -0.026721
v 0.011959 1.357139 -0.026721
v 0.006113 1.353030 -0.028611
v 0.006113 1.357139 -0.028611
v 0.000000 1.353030 -0.029250
v 0.000000 1.357139 -0.029250
v 0.000000 1.551834 -0.053627
v -0.006113 1.357139 -0.028611
v -0.011208 1.551834 -0.052455
v -0.006113 1.619758 -0.028611
v -0.021926 1.551834 -0.048991
v -0.011959 1.619758 -0.026721
v -0.031686 1.551834 -0.043385
v -0.017283 1.619758 -0.023664
v -0.040061 1.551834 -0.035883
v -0.021851 1.619758 -0.019572
v -0.046685 1.551834 -0.026813
v -0.025464 1.619758 -0.014625
v -0.051269 1.551834 -0.016572
v -0.027964 1.619758 -0.009039
v -0.053612 1.551834 -0.005606
v -0.029242 1.619758 -0.003058
v -0.053612 1.551834 0.005605
v -0.029242 1.619758 0.003057
v -0.051269 1.551834 0.016572
v -0.027964 1.619758 0.009039
v -0.027964 1.357139 0.009039
v -0.046685 1.551834 0.026813
v -0.025464 1.619758 0.014625
v -0.025464 1.357139 0.014625
v -0.040061 1.551834 0.035883
v -0.021851 1.619758 0.019572
v -0.031686 1.551834 0.043385
v -0.017283 1.619758 0.023663
v -0.021926 1.551834 0.048990
v -0.011959 1.619758 0.026721
v -0.011208 1.551834 0.052455
v -0.006113 1.619758 0.028611
v 0.000000 1.551834 0.053627
v 0.000000 1.619758 0.029250
v 0.011208 1.551834 0.052455
v 0.006113 1.619758 0.028611
v 0.021926 1.551834 0.048990
v 0.011959 1.619758 0.026721
v 0.031686 1.551834 0.043385
v 0.017283 1.619758 0.023663
v 0.040061 1.551834 0.035883
v 0.021851 1.619758 0.019572
v 0.046685 1.551834 0.026813
v 0.025464 1.619758 0.014625
v 0.051269 1.551834 0.016572
v 0.027964 1.619758 0.009039
v 0.053612 1.551834 0.005605
v 0.029242 1.619758 0.003057
v 0.053612 1.551834 -0.005606
v 0.029242 1.619758 -0.003058
v 0.051269 1.551834 -0.016572
v 0.027964 1.619758 -0.009039
v 0.046685 1.551834 -0.026813
v 0.025464 1.619758 -0.014625
v 0.040061 1.551834 -0.035883
v 0.021851 1.619758 -0.019572
v 0.031686 1.551834 -0.043385
v 0.017283 1.619758 -0.023664
v 0.021926 1.551834 -0.048991
v 0.011959 1.619758 -0.026721
v 0.011208 1.551834 -0.052455
v 0.006113 1.619758 -0.028611
v 0.000000 1.619758 -0.029250
v 0.000000 1.562009 0.574177
v 0.081815 1.570067 0.574177
v -0.081815 1.570067 0.574177
v 0.000000 1.521619 0.574177
v 0.000000 1.562009 0.551990
v 0.081815 1.570067 0.551990
v -0.081815 1.570067 0.551990
v -0.160486 1.593931 0.551990
v -0.232989 1.632685 0.551990
v -0.160486 1.593931 0.574177
v -0.232989 1.632685 0.574177
v -0.175943 1.556615 0.574177
v -0.255429 1.599102 0.574177
v -0.107363 1.722180 0.327371
v -0.089695 1.530453 0.574177
v -0.054733 1.706215 0.327371
v 0.000000 1.700824 0.327371
v -0.049925 1.730388 0.327371
v -0.097931 1.744951 0.327371
v 0.000000 1.725471 0.327371
v -0.049925 1.730388 0.340910
v -0.097931 1.744951 0.340910
v 0.000000 1.725471 0.340910
v 0.049925 1.730388 0.340910
v 0.097931 1.744951 0.340910
v 0.049925 1.730388 0.327371
v 0.097931 1.744951 0.327371
v 0.054733 1.706215 0.327371
v 0.089695 1.530453 0.574177
v 0.107363 1.722180 0.327371
v 0.175943 1.556615 0.574177
v 0.155868 1.748106 0.327371
v 0.255429 1.599102 0.574177
v 0.198382 1.782997 0.327371
v 0.142174 1.768599 0.327371
v 0.180954 1.800425 0.327371
v 0.142174 1.768599 0.340910
v 0.180954 1.800425 0.340910
v 0.212779 1.839204 0.340910
v 0.236427 1.883447 0.340910
v 0.212779 1.839204 0.327371
v 0.236427 1.883447 0.327371
v 0.233272 1.825511 0.327371
v 0.382276 1.725949 0.574177
v 0.259198 1.874015 0.327371
v 0.424763 1.805436 0.574177
v 0.275163 1.926645 0.327371
v 0.450926 1.891684 0.574177
v 0.280554 1.981378 0.327371
v 0.250990 1.931453 0.327371
v 0.255907 1.981378 0.327371
v 0.250990 1.931453 0.340910
v 0.255907 1.981378 0.340910
v 0.250990 2.031303 0.340910
v 0.236427 2.079310 0.340910
v 0.250990 2.031303 0.327371
v 0.236427 2.079310 0.327371
v 0.275163 2.036112 0.327371
v 0.450926 2.071073 0.574177
v 0.259198 2.088742 0.327371
v 0.424763 2.157321 0.574177
v 0.233272 2.137246 0.327371
v 0.382276 2.236807 0.574177
v 0.198382 2.179760 0.327371
v 0.212779 2.123553 0.327371
v 0.180954 2.162332 0.327371
v 0.212779 2.123553 0.340910
v 0.180954 2.162332 0.340910
v 0.142174 2.194157 0.340910
v 0.097931 2.217805 0.340910
v 0.142174 2.194157 0.327371
v 0.097931 2.217805 0.327371
v 0.155868 2.214650 0.327371
v 0.255429 2.363655 0.574177
v 0.107363 2.240577 0.327371
v 0.175943 2.406141 0.574177
v 0.054733 2.256541 0.327371
v 0.089695 2.432304 0.574177
v 0.000000 2.261932 0.327371
v 0.049925 2.232368 0.327371
v 0.000000 2.237285 0.327371
v 0.049925 2.232368 0.340910
v 0.000000 2.237285 0.340910
v -0.049925 2.232368 0.340910
v -0.097931 2.217805 0.340910
v -0.049925 2.232368 0.327371
v -0.097931 2.217805 0.327371
v -0.054733 2.256541 0.327371
v -0.089695 2.432304 0.574177
v -0.107363 2.240577 0.327371
v -0.175943 2.406141 0.574177
v -0.155868 2.214650 0.327371
v -0.255429 2.363655 0.574177
v -0.198382 2.179760 0.327371
v -0.142174 2.194157 0.327371
v -0.180954 2.162332 0.327371
v -0.142174 2.194157 0.340910
v -0.180954 2.162332 0.340910
v -0.212779 2.123553 0.340910
v -0.236427 2.079310 0.340910
v -0.212779 2.123553 0.327371
v -0.236427 2.079310 0.327371
v -0.233272 2.137246 0.327371
v -0.382276 2.236807 0.574177
v -0.259198 2.088742 0.327371
v -0.424763 2.157321 0.574177
v -0.275163 2.036112 0.327371
v -0.450926 2.071073 0.574177
v -0.280554 1.981378 0.327371
v -0.250990 2.031303 0.327371
v -0.255907 1.981378 0.327371
v -0.250990 2.031303 0.340910
v -0.255907 1.981378 0.340910
v -0.250990 1.931453 0.340910
v -0.236427 1.883447 0.340910
v -0.250990 1.931453 0.327371
v -0.236427 1.883447 0.327371
v -0.275163 1.926645 0.327371
v -0.450926 1.891684 0.574177
v -0.259198 1.874015 0.327371
v -0.424763 1.805436 0.574177
v -0.233272 1.825511 0.327371
v -0.382276 1.725949 0.574177
v -0.198382 1.782997 0.327371
v -0.212779 1.839204 0.327371
v -0.180954 1.800425 0.327371
v -0.212779 1.839204 0.340910
v -0.180954 1.800425 0.340910
v -0.142174 1.768599 0.340910
v -0.142174 1.768599 0.327371
v -0.155868 1.748106 0.327371
v -0.325099 1.656279 0.574177
v -0.296539 1.684839 0.574177
v -0.348693 1.748389 0.574177
v -0.296539 1.684839 0.551990
v -0.348693 1.748389 0.551990
v -0.387447 1.820893 0.551990
v -0.411312 1.899563 0.551990
v -0.387447 1.820893 0.574177
v -0.411312 1.899563 0.574177
v -0.419370 1.981378 0.574177
v -0.411312 2.063193 0.574177
v -0.459760 1.981378 0.574177
v -0.419370 1.981378 0.551990
v -0.411312 2.063193 0.551990
v -0.387447 2.141864 0.551990
v -0.348693 2.214368 0.551990
v -0.387447 2.141864 0.574177
v -0.348693 2.214368 0.574177
v -0.296539 2.277917 0.574177
v -0.232989 2.330071 0.574177
v -0.325099 2.306478 0.574177
v -0.296539 2.277917 0.551990
v -0.232989 2.330071 0.551990
v -0.160486 2.368825 0.551990
v -0.081815 2.392690 0.551990
v -0.160486 2.368825 0.574177
v -0.081815 2.392690 0.574177
v 0.000000 2.400748 0.574177
v 0.081815 2.392690 0.574177
v 0.000000 2.441139 0.574177
v 0.000000 2.400748 0.551990
v 0.081815 2.392690 0.551990
v 0.160486 2.368825 0.551990
v 0.232989 2.330071 0.551990
v 0.160486 2.368825 0.574177
v 0.232989 2.330071 0.574177
v 0.296539 2.277917 0.574177
v 0.348693 2.214368 0.574177
v 0.325099 2.306478 0.574177
v 0.296539 2.277917 0.551990
v 0.348693 2.214368 0.551990
v 0.387447 2.141864 0.551990
v 0.411312 2.063193 0.551990
v 0.387447 2.141864 0.574177
v 0.411312 2.063193 0.574177
v 0.419370 1.981378 0.574177
v 0.411312 1.899563 0.574177
v 0.459760 1.981378 0.574177
v 0.419370 1.981378 0.551990
v 0.411312 1.899563 0.551990
v 0.387447 1.820893 0.551990
v 0.348693 1.748389 0.551990
v 0.387447 1.820893 0.574177
v 0.348693 1.748389 0.574177
v 0.296539 1.684839 0.574177
v 0.232989 1.632685 0.574177
v 0.325099 1.656279 0.574177
v 0.296539 1.684839 0.551990
v 0.232989 1.632685 0.551990
v 0.160486 1.593931 0.551990
v 0.160486 1.593931 0.574177
v 0.000000 2.325321 -0.506644
v 0.067100 2.318712 -0.506644
v -0.067100 2.318712 -0.506644
v 0.000000 2.358447 -0.506644
v 0.000000 2.325321 -0.491960
v 0.067100 2.318712 -0.491960
v -0.067100 2.318712 -0.491960
v -0.131622 2.299140 -0.491960
v -0.191085 2.267356 -0.491960
v -0.131622 2.299140 -0.506644
v -0.191085 2.267356 -0.506644
v -0.144298 2.329745 -0.506644
v -0.209489 2.294900 -0.506644
v -0.108069 2.242279 -0.342623
v -0.073563 2.351202 -0.506644
v -0.055093 2.258349 -0.342623
v 0.000000 2.263775 -0.342623
v -0.050253 2.234017 -0.342623
v -0.098575 2.219358 -0.342623
v 0.000000 2.238966 -0.342623
v -0.050253 2.234017 -0.353620
v -0.098575 2.219358 -0.353620
v 0.000000 2.238966 -0.353620
v 0.050253 2.234017 -0.353620
v 0.098575 2.219358 -0.353620
v 0.050253 2.234017 -0.342623
v 0.098575 2.219358 -0.342623
v 0.055093 2.258349 -0.342623
v 0.073563 2.351202 -0.506644
v 0.108069 2.242279 -0.342623
v 0.144298 2.329745 -0.506644
v 0.156892 2.216183 -0.342623
v 0.209489 2.294900 -0.506644
v 0.199685 2.181063 -0.342623
v 0.143109 2.195555 -0.342623
v 0.182143 2.163520 -0.342623
v 0.143109 2.195555 -0.353620
v 0.182143 2.163520 -0.353620
v 0.214177 2.124486 -0.353620
v 0.237981 2.079953 -0.353620
v 0.214177 2.124486 -0.342623
v 0.237981 2.079953 -0.342623
v 0.234805 2.138269 -0.342623
v 0.313522 2.190866 -0.506644
v 0.260901 2.089447 -0.342623
v 0.348367 2.125676 -0.506644
v 0.276971 2.036471 -0.342623
v 0.369824 2.054940 -0.506644
v 0.282397 1.981378 -0.342623
v 0.252639 2.031631 -0.342623
v 0.257589 1.981378 -0.342623
v 0.252639 2.031631 -0.353620
v 0.257589 1.981378 -0.353620
v 0.252639 1.931125 -0.353620
v 0.237981 1.882803 -0.353620
v 0.252639 1.931125 -0.342623
v 0.237981 1.882803 -0.342623
v 0.276971 1.926285 -0.342623
v 0.369824 1.907815 -0.506644
v 0.260901 1.873309 -0.342623
v 0.348367 1.837080 -0.506644
v 0.234805 1.824486 -0.342623
v 0.313522 1.771889 -0.506644
v 0.199685 1.781693 -0.342623
v 0.214177 1.838269 -0.342623
v 0.182143 1.799235 -0.342623
v 0.214177 1.838269 -0.353620
v 0.182143 1.799235 -0.353620
v 0.143109 1.767201 -0.353620
v 0.098575 1.743397 -0.353620
v 0.143109 1.767201 -0.342623
v 0.098575 1.743397 -0.342623
v 0.156892 1.746573 -0.342623
v 0.209489 1.667856 -0.506644
v 0.108069 1.720477 -0.342623
v 0.144298 1.633011 -0.506644
v 0.055093 1.704406 -0.342623
v 0.073563 1.611553 -0.506644
v 0.000000 1.698980 -0.342623
v 0.050253 1.728739 -0.342623
v 0.000000 1.723789 -0.342623
v 0.050253 1.728739 -0.353620
v 0.000000 1.723789 -0.353620
v -0.050253 1.728739 -0.353620
v -0.098575 1.743397 -0.353620
v -0.050253 1.728739 -0.342623
v -0.098575 1.743397 -0.342623
v -0.055093 1.704406 -0.342623
v -0.073563 1.611553 -0.506644
v -0.108069 1.720477 -0.342623
v -0.144298 1.633011 -0.506644
v -0.156892 1.746573 -0.342623
v -0.209489 1.667856 -0.506644
v -0.199685 1.781693 -0.342623
v -0.143109 1.767201 -0.342623
v -0.182143 1.799235 -0.342623
v -0.143109 1.767201 -0.353620
v -0.182143 1.799235 -0.353620
v -0.214177 1.838269 -0.353620
v -0.237981 1.882803 -0.353620
v -0.214177 1.838269 -0.342623
v -0.237981 1.882803 -0.342623
v -0.234805 1.824486 -0.342623
v -0.313522 1.771889 -0.506644
v -0.260901 1.873309 -0.342623
v -0.348367 1.837080 -0.506644
v -0.276971 1.926285 -0.342623
v -0.369824 1.907815 -0.506644
v -0.282397 1.981378 -0.342623
v -0.252639 1.931125 -0.342623
v -0.257589 1.981378 -0.342623
v -0.252639 1.931125 -0.353620
v -0.257589 1.981378 -0.353620
v -0.252639 2.031631 -0.353620
v -0.237981 2.079953 -0.353620
v -0.252639 2.031631 -0.342623
v -0.237981 2.079953 -0.342623
v -0.276971 2.036471 -0.342623
v -0.369824 2.054940 -0.506644
v -0.260901 2.089447 -0.342623
v -0.348367 2.125676 -0.506644
v -0.234805 2.138269 -0.342623
v -0.313522 2.190866 -0.506644
v -0.199685 2.181063 -0.342623
v -0.214177 2.124486 -0.342623
v -0.182143 2.163520 -0.342623
v -0.214177 2.124486 -0.353620
v -0.182143 2.163520 -0.353620
v -0.143109 2.195555 -0.353620
v -0.143109 2.195555 -0.342623
v -0.156892 2.216183 -0.342623
v -0.266628 2.248006 -0.506644
v -0.243205 2.224583 -0.506644
v -0.285979 2.172463 -0.506644
v -0.243205 2.224583 -0.491960
v -0.285979 2.172463 -0.491960
v -0.317762 2.112999 -0.491960
v -0.337335 2.048478 -0.491960
v -0.317762 2.112999 -0.506644
v -0.337335 2.048478 -0.506644
v -0.343944 1.981378 -0.506644
v -0.337335 1.914278 -0.506644
v -0.377070 1.981378 -0.506644
v -0.343944 1.981378 -0.491960
v -0.337335 1.914278 -0.491960
v -0.317762 1.849756 -0.491960
v -0.285979 1.790293 -0.491960
v -0.317762 1.849756 -0.506644
v -0.285979 1.790293 -0.506644
v -0.243205 1.738173 -0.506644
v -0.191085 1.695399 -0.506644
v -0.266628 1.714749 -0.506644
v -0.243205 1.738173 -0.491960
v -0.191085 1.695399 -0.491960
v -0.131622 1.663615 -0.491960
v -0.067100 1.644043 -0.491960
v -0.131622 1.663615 -0.506644
v -0.067100 1.644043 -0.506644
v 0.000000 1.637434 -0.506644
v 0.067100 1.644043 -0.506644
v 0.000000 1.604308 -0.506644
v 0.000000 1.637434 -0.491960
v 0.067100 1.644043 -0.491960
v 0.131622 1.663615 -0.491960
v 0.191085 1.695399 -0.491960
v 0.131622 1.663615 -0.506644
v 0.191085 1.695399 -0.506644
v 0.243205 1.738173 -0.506644
v 0.285979 1.790293 -0.506644
v 0.266628 1.714749 -0.506644
v 0.243205 1.738173 -0.491960
v 0.285979 1.790293 -0.491960
v 0.317762 1.849756 -0.491960
v 0.337335 1.914278 -0.491960
v 0.317762 1.849756 -0.506644
v 0.337335 1.914278 -0.506644
v 0.343944 1.981378 -0.506644
v 0.337335 2.048478 -0.506644
v 0.377070 1.981378 -0.506644
v 0.343944 1.981378 -0.491960
v 0.337335 2.048478 -0.491960
v 0.317762 2.112999 -0.491960
v 0.285979 2.172463 -0.491960
v 0.317762 2.112999 -0.506644
v 0.285979 2.172463 -0.506644
v 0.243205 2.224583 -0.506644
v 0.191085 2.267356 -0.506644
v 0.266628 2.248006 -0.506644
v 0.243205 2.224583 -0.491960
v 0.191085 2.267356 -0.491960
v 0.131622 2.299140 -0.491960
v 0.131622 2.299140 -0.506644
v 0.000000 1.981378 1.023657
v 0.008212 1.861593 0.955406
v -0.047432 1.879241 0.940887
v -0.078894 1.890870 0.955406
v -0.105761 1.942696 0.940887
v -0.119785 1.973166 0.955406
v -0.102137 2.028810 0.940888
v -0.090508 2.060272 0.955406
v -0.038682 2.087139 0.940887
v -0.008212 2.101163 0.955406
v 0.047432 2.083515 0.940887
v 0.078894 2.071886 0.955406
v 0.105761 2.020060 0.940887
v 0.119785 1.989590 0.955406
v 0.102137 1.933946 0.940887
v 0.090508 1.902484 0.955406
v 0.038682 1.875617 0.940888
v -0.132343 1.824570 0.861596
v -0.269924 1.914037 0.785492
v -0.054638 1.757609 0.882327
v -0.196863 1.861784 0.882327
v -0.204461 1.964079 0.861596
v -0.321492 2.028339 0.805375
v -0.356099 2.157746 0.726695
v -0.238483 2.124626 0.785492
v -0.222196 2.226785 0.712785
v -0.194123 2.241914 0.805375
v -0.223769 2.036016 0.882327
v -0.127089 2.357889 0.726695
v -0.067341 2.251302 0.785492
v -0.156808 2.113722 0.861596
v 0.016413 2.312024 0.712785
v 0.046961 2.302871 0.805375
v -0.119594 2.178241 0.882327
v 0.176368 2.337477 0.726695
v 0.143248 2.219861 0.785492
v -0.017299 2.185839 0.861596
v 0.245407 2.203574 0.712785
v 0.260536 2.175501 0.805375
v 0.054638 2.205147 0.882327
v 0.376511 2.108467 0.726695
v 0.269924 2.048720 0.785492
v 0.132343 2.138186 0.861596
v 0.330646 1.964965 0.712785
v 0.321492 1.934417 0.805375
v 0.196863 2.100972 0.882327
v 0.356099 1.805010 0.726695
v 0.238483 1.838131 0.785492
v 0.204461 1.998677 0.861596
v 0.222196 1.735971 0.712785
v 0.194123 1.720842 0.805375
v 0.223769 1.926740 0.882327
v 0.127089 1.604867 0.726695
v 0.067342 1.711454 0.785492
v 0.156808 1.849035 0.861596
v -0.016413 1.650732 0.712785
v -0.046961 1.659886 0.805375
v 0.119594 1.784515 0.882327
v -0.176368 1.625279 0.726695
v -0.143247 1.742895 0.785492
v 0.017299 1.776917 0.861596
v -0.245407 1.759182 0.712785
v -0.260536 1.787255 0.805375
v -0.376511 1.854289 0.726695
v -0.440771 2.024822 0.648705
v -0.330646 1.997791 0.712785
v -0.327467 2.138362 0.643738
v -0.286558 2.221602 0.578866
v -0.280953 2.323769 0.648705
v -0.183742 2.401372 0.573981
v -0.120550 2.323937 0.643738
v -0.032763 2.353869 0.578866
v 0.043444 2.422149 0.648705
v 0.167055 2.408284 0.573981
v 0.156984 2.308845 0.643738
v 0.240224 2.267936 0.578866
v 0.342391 2.262331 0.648705
v 0.419994 2.165120 0.573981
v 0.342559 2.101928 0.643738
v 0.372491 2.014141 0.578866
v 0.440771 1.937934 0.648705
v 0.426906 1.814322 0.573981
v 0.327467 1.824394 0.643738
v 0.286558 1.741154 0.578866
v 0.280953 1.638987 0.648705
v 0.183742 1.561383 0.573981
v 0.120550 1.638819 0.643738
v 0.032763 1.608887 0.578866
v -0.043444 1.540607 0.648705
v -0.167056 1.554472 0.573981
v -0.156984 1.653911 0.643738
v -0.240224 1.694820 0.578866
v -0.342391 1.700425 0.648705
v -0.419994 1.797636 0.573981
v -0.342559 1.860828 0.643738
v -0.372491 1.948615 0.578866
v -0.426906 2.148434 0.573981
v -0.055548 0.096765 0.040358
v 0.021218 0.096766 0.065301
v -0.055548 0.096765 -0.040358
v -0.061114 0.096765 0.044402
v -0.055548 0.106171 0.040358
v 0.021218 0.106172 0.065301
v -0.055548 0.106171 -0.040358
v -0.055548 0.102485 0.040358
v 0.021218 0.102485 0.065301
v -0.055548 0.102485 -0.040358
v 0.021218 0.102485 -0.065301
v 0.068663 0.102486 -0.000000
v 0.021218 0.106172 -0.065301
v 0.068663 0.106172 -0.000000
v 0.021218 0.096766 -0.065301
v 0.068663 0.096766 -0.000000
v 0.023344 0.096766 -0.071844
v -0.061114 0.096765 -0.044402
v 0.075542 0.096766 -0.000000
v 0.023344 0.096766 -0.071844
v -0.061114 0.096765 -0.044402
v 0.075542 0.096766 -0.000000
v 0.023344 0.096766 -0.071844
v 0.023344 0.096766 -0.071844
v 0.037770 0.172308 -0.116247
v -0.061114 0.096766 -0.044403
v 0.023344 0.096766 -0.071844
v 0.037770 0.172308 -0.116247
v -0.061114 0.096766 -0.044403
v 0.018729 0.101744 -0.072962
v 0.031841 0.170406 -0.113321
v -0.058038 0.101744 -0.048020
v 0.021329 0.105951 -0.064961
v 0.034441 0.174613 -0.105319
v -0.055438 0.105951 -0.040019
v 0.020310 0.104302 -0.068096
v 0.033422 0.172964 -0.108455
v -0.056457 0.104302 -0.043154
v -0.090788 0.172964 -0.068097
v -0.035239 0.215401 -0.108455
v -0.089769 0.174613 -0.064961
v -0.034220 0.217049 -0.105319
v -0.092369 0.170406 -0.072962
v -0.036820 0.212843 -0.113320
v -0.098885 0.172308 -0.071845
v -0.037771 0.218996 -0.116247
v -0.098885 0.172308 -0.071845
v -0.037771 0.218996 -0.116247
v -0.098886 0.172308 -0.071843
v -0.098886 0.172309 -0.071844
v -0.037771 0.218997 -0.116246
v -0.122229 0.218997 -0.000000
v -0.098886 0.172309 -0.071844
v -0.037771 0.218997 -0.116246
v -0.122229 0.218997 -0.000000
v -0.096397 0.178463 -0.070036
v -0.040848 0.220899 -0.110394
v -0.117615 0.220899 -0.004735
v -0.089591 0.174256 -0.065091
v -0.034042 0.216692 -0.105449
v -0.110808 0.216692 0.000210
v -0.092258 0.175905 -0.067029
v -0.036709 0.218341 -0.107387
v -0.113476 0.218341 -0.001728
v -0.071040 0.287003 -0.001727
v -0.023596 0.287003 -0.067029
v -0.068373 0.285354 0.000211
v -0.020928 0.285354 -0.065091
v -0.075179 0.289561 -0.004734
v -0.027735 0.289561 -0.070036
v -0.075542 0.294539 -0.000000
v -0.023344 0.294539 -0.071844
v -0.075542 0.294539 -0.000000
v -0.023344 0.294539 -0.071844
v -0.075542 0.294539 -0.000000
v -0.075542 0.294539 -0.000000
v -0.023344 0.294539 0.071844
v -0.023344 0.294539 -0.071844
v -0.075542 0.294539 -0.000000
v -0.023344 0.294539 0.071844
v -0.023344 0.294539 -0.071844
v -0.068663 0.294539 -0.000000
v -0.021218 0.294539 0.065301
v -0.021218 0.294539 -0.065301
v -0.068663 0.285133 -0.000000
v -0.021218 0.285133 0.065301
v -0.021218 0.285133 -0.065301
v -0.068663 0.288819 -0.000000
v -0.021218 0.288820 0.065301
v -0.021218 0.288820 -0.065301
v 0.055548 0.288820 -0.040358
v 0.055548 0.288820 0.040358
v 0.055548 0.285134 -0.040358
v 0.055548 0.285134 0.040358
v 0.055548 0.294540 -0.040358
v 0.055548 0.294540 0.040358
v 0.061114 0.294540 -0.044402
v 0.061114 0.294540 0.044402
v 0.061114 0.294540 -0.044402
v 0.061114 0.294540 0.044402
v 0.061115 0.294539 -0.044402
v 0.061114 0.294539 -0.044403
v 0.098885 0.218997 -0.071845
v -0.023344 0.294539 -0.071844
v 0.061114 0.294539 -0.044403
v 0.098885 0.218997 -0.071845
v -0.023344 0.294539 -0.071844
v 0.058038 0.289561 -0.048020
v 0.092369 0.220899 -0.072962
v -0.018729 0.289561 -0.072962
v 0.055438 0.285354 -0.040019
v 0.089769 0.216692 -0.064961
v -0.021329 0.285354 -0.064961
v 0.056457 0.287003 -0.043154
v 0.090788 0.218341 -0.068097
v -0.020310 0.287003 -0.068096
v -0.033422 0.218341 -0.108455
v 0.035239 0.175904 -0.108455
v -0.034441 0.216692 -0.105319
v 0.034220 0.174256 -0.105319
v -0.031841 0.220899 -0.113321
v 0.036820 0.178462 -0.113320
v -0.037770 0.218997 -0.116247
v 0.037771 0.172309 -0.116247
v -0.037770 0.218997 -0.116247
v 0.037771 0.172309 -0.116247
v 0.037771 0.172308 -0.116246
v 0.098886 0.218995 -0.071844
v 0.037771 0.172308 -0.116246
v 0.023344 0.096766 -0.071844
v 0.098886 0.218995 -0.071844
v 0.040848 0.170406 -0.110394
v 0.027735 0.101744 -0.070036
v 0.096397 0.212842 -0.070036
v 0.034042 0.174613 -0.105449
v 0.020928 0.105951 -0.065091
v 0.089591 0.217049 -0.065091
v 0.036709 0.172964 -0.107387
v 0.023596 0.104302 -0.067029
v 0.092258 0.215400 -0.067029
v 0.113476 0.172964 -0.001728
v 0.071040 0.104302 -0.001727
v 0.110808 0.174613 0.000210
v 0.068373 0.105951 0.000211
v 0.117615 0.170406 -0.004735
v 0.075179 0.101744 -0.004734
v 0.122230 0.172308 -0.000000
v 0.075542 0.096766 -0.000000
v 0.122230 0.172308 -0.000000
v 0.075542 0.096766 -0.000000
v 0.122230 0.172308 -0.000000
v 0.122230 0.172308 -0.000000
v 0.098886 0.218997 0.071843
v 0.098886 0.218997 -0.071843
v 0.122230 0.172308 -0.000000
v 0.098886 0.218997 0.071843
v 0.098886 0.218997 -0.071843
v 0.119153 0.178462 -0.000000
v 0.097936 0.220899 0.065300
v 0.097936 0.220899 -0.065300
v 0.110740 0.174255 -0.000000
v 0.089522 0.216692 0.065300
v 0.089522 0.216692 -0.065300
v 0.114037 0.175904 -0.000000
v 0.092820 0.218341 0.065300
v 0.092820 0.218341 -0.065300
v 0.058488 0.287003 -0.040358
v 0.058488 0.287003 0.040358
v 0.055191 0.285354 -0.040358
v 0.055191 0.285354 0.040358
v 0.063604 0.289561 -0.040358
v 0.063604 0.289561 0.040358
v 0.061115 0.294539 -0.044402
v 0.061115 0.294539 0.044402
v 0.061115 0.294539 0.044402
v 0.061114 0.294539 0.044403
v 0.098885 0.218997 0.071845
v -0.023344 0.294539 0.071844
v 0.061114 0.294539 0.044403
v 0.098885 0.218997 0.071845
v -0.023344 0.294539 0.071844
v 0.058038 0.289561 0.048020
v 0.092369 0.220899 0.072962
v -0.018729 0.289561 0.072962
v 0.055438 0.285354 0.040019
v 0.089769 0.216692 0.064961
v -0.021329 0.285354 0.064961
v 0.056457 0.287003 0.043154
v 0.090788 0.218341 0.068097
v -0.020310 0.287003 0.068097
v -0.033422 0.218341 0.108455
v 0.035239 0.175904 0.108455
v -0.034441 0.216692 0.105319
v 0.034220 0.174256 0.105319
v -0.031841 0.220899 0.113321
v 0.036820 0.178462 0.113321
v -0.037770 0.218997 0.116247
v 0.037771 0.172309 0.116247
v -0.037770 0.218997 0.116247
v 0.037771 0.172309 0.116247
v -0.037771 0.218996 0.116247
v -0.037771 0.218997 0.116246
v -0.098886 0.172309 0.071844
v -0.023344 0.294539 0.071844
v -0.037771 0.218997 0.116246
v -0.098886 0.172309 0.071844
v -0.023344 0.294539 0.071844
v -0.040848 0.220899 0.110394
v -0.096397 0.178463 0.070036
v -0.027735 0.289561 0.070036
v -0.034042 0.216692 0.105449
v -0.089591 0.174256 0.065091
v -0.020928 0.285354 0.065091
v -0.036709 0.218341 0.107387
v -0.092258 0.175905 0.067029
v -0.023596 0.287003 0.067029
v -0.071040 0.287003 0.001727
v -0.113476 0.218341 0.001728
v -0.068373 0.285354 -0.000211
v -0.110808 0.216692 -0.000210
v -0.075179 0.289561 0.004734
v -0.117615 0.220899 0.004735
v -0.075542 0.294539 -0.000000
v -0.122229 0.218997 -0.000000
v -0.122229 0.218997 -0.000000
v -0.122230 0.218996 -0.000000
v -0.098886 0.172308 0.071843
v -0.122230 0.218996 -0.000000
v -0.098886 0.172308 0.071843
v -0.098886 0.172308 -0.071843
v -0.119153 0.212843 -0.000000
v -0.097935 0.170406 0.065300
v -0.097935 0.170406 -0.065300
v -0.110740 0.217050 -0.000000
v -0.089522 0.174613 0.065300
v -0.089522 0.174613 -0.065300
v -0.114037 0.215401 -0.000000
v -0.092820 0.172964 0.065300
v -0.092820 0.172964 -0.065300
v -0.058488 0.104302 -0.040358
v -0.058488 0.104302 0.040358
v -0.055191 0.105951 -0.040358
v -0.055191 0.105951 0.040358
v -0.063604 0.101744 -0.040358
v -0.063604 0.101744 0.040358
v -0.061115 0.096766 -0.044402
v -0.061115 0.096766 0.044402
v -0.061115 0.096766 -0.044402
v -0.061115 0.096766 0.044402
v -0.061114 0.096765 0.044402
v -0.061114 0.096766 0.044403
v -0.098885 0.172308 0.071845
v 0.023344 0.096766 0.071844
v -0.061114 0.096766 0.044403
v -0.098885 0.172308 0.071845
v 0.023344 0.096766 0.071844
v -0.058038 0.101744 0.048020
v -0.092369 0.170406 0.072962
v 0.018729 0.101744 0.072962
v -0.055438 0.105951 0.040019
v -0.089769 0.174613 0.064961
v 0.021329 0.105951 0.064961
v -0.056457 0.104302 0.043154
v -0.090788 0.172964 0.068097
v 0.020310 0.104302 0.068097
v 0.033422 0.172964 0.108455
v -0.035239 0.215401 0.108455
v 0.034441 0.174613 0.105319
v -0.034220 0.217049 0.105319
v 0.031841 0.170406 0.113321
v -0.036820 0.212843 0.113321
v 0.037770 0.172308 0.116247
v -0.037771 0.218996 0.116247
v 0.037770 0.172308 0.116247
v 0.037771 0.172308 0.116246
v 0.098886 0.218995 0.071844
v 0.023344 0.096766 0.071844
v 0.037771 0.172308 0.116246
v 0.098886 0.218995 0.071844
v 0.023344 0.096766 0.071844
v 0.040848 0.170406 0.110394
v 0.096397 0.212842 0.070036
v 0.027735 0.101744 0.070036
v 0.034042 0.174613 0.105449
v 0.089591 0.217049 0.065091
v 0.020928 0.105951 0.065091
v 0.036709 0.172964 0.107387
v 0.092258 0.215400 0.067029
v 0.023596 0.104302 0.067029
v 0.071040 0.104302 0.001727
v 0.113476 0.172964 0.001728
v 0.068373 0.105951 -0.000211
v 0.110808 0.174613 -0.000210
v 0.075179 0.101744 0.004734
v 0.117615 0.170406 0.004735
v 0.075542 0.096766 -0.000000
v 0.122230 0.172308 -0.000000
v 0.075542 0.096766 -0.000000
v 0.023344 0.096766 0.071844
v 0.023344 0.096766 0.071844
vn -0.5897 -0.6898 -0.4199
vn -0.5896 -0.6901 -0.4197
vn -0.5904 -0.6883 -0.4215
vn 0.5904 -0.6883 -0.4216
vn 0.5896 -0.6901 -0.4197
vn 0.5897 -0.6898 -0.4199
vn 0.0708 -0.9048 -0.4200
vn 0.0711 -0.9049 -0.4197
vn 0.0693 -0.9041 -0.4216
vn 0.9041 -0.0693 -0.4217
vn 0.9049 -0.0711 -0.4197
vn 0.9048 -0.0709 -0.4200
vn 0.6898 -0.5897 -0.4199
vn 0.6901 -0.5896 -0.4197
vn 0.6883 -0.5903 -0.4216
vn 0.6883 0.5904 -0.4215
vn 0.6901 0.5896 -0.4197
vn 0.6898 0.5897 -0.4199
vn 0.9048 0.0709 -0.4200
vn 0.9049 0.0711 -0.4197
vn 0.9041 0.0694 -0.4216
vn 0.0693 0.9041 -0.4216
vn 0.0711 0.9049 -0.4197
vn 0.0709 0.9048 -0.4199
vn 0.5897 0.6899 -0.4199
vn 0.5896 0.6901 -0.4197
vn 0.5904 0.6883 -0.4216
vn -0.5903 0.6883 -0.4216
vn -0.5896 0.6901 -0.4197
vn -0.5897 0.6898 -0.4199
vn -0.0709 0.9048 -0.4200
vn -0.0710 0.9049 -0.4197
vn -0.0694 0.9041 -0.4217
vn -0.9041 0.0694 -0.4216
vn -0.9049 0.0711 -0.4197
vn -0.9048 0.0709 -0.4200
vn -0.6898 0.5897 -0.4199
vn -0.6901 0.5896 -0.4197
vn -0.6883 0.5904 -0.4215
vn -0.6883 -0.5903 -0.4216
vn -0.6901 -0.5896 -0.4197
vn -0.6898 -0.5897 -0.4199
vn -0.9048 -0.0709 -0.4200
vn -0.9049 -0.0711 -0.4197
vn -0.9041 -0.0694 -0.4217
vn -0.0693 -0.9041 -0.4216
vn -0.0711 -0.9049 -0.4197
vn -0.0708 -0.9048 -0.4200
vn -0.6248 -0.6717 -0.3980
vn -0.6244 -0.6737 -0.3953
vn -0.0349 -0.9179 -0.3953
vn -0.0332 -0.9168 -0.3980
vn -0.6531 -0.6653 -0.3618
vn -0.0087 -0.9322 -0.3618
vn 0.6244 -0.6737 -0.3953
vn 0.6248 -0.6717 -0.3980
vn 0.6531 -0.6653 -0.3618
vn -0.6766 -0.6698 -0.3059
vn 0.6766 -0.6698 -0.3059
vn 0.0087 -0.9322 -0.3618
vn -0.0048 -0.9521 -0.3059
vn 0.9322 -0.0087 -0.3618
vn 0.9521 0.0047 -0.3059
vn 0.6653 -0.6531 -0.3618
vn 0.6699 -0.6766 -0.3059
vn 0.6653 0.6531 -0.3618
vn 0.6699 0.6766 -0.3059
vn 0.9322 0.0087 -0.3618
vn 0.9521 -0.0047 -0.3059
vn 0.0087 0.9322 -0.3618
vn -0.0047 0.9521 -0.3059
vn 0.6531 0.6653 -0.3618
vn 0.6766 0.6698 -0.3059
vn -0.6531 0.6653 -0.3618
vn -0.6766 0.6698 -0.3059
vn -0.0087 0.9322 -0.3618
vn 0.0047 0.9521 -0.3059
vn -0.9322 0.0087 -0.3618
vn -0.9521 -0.0047 -0.3059
vn -0.6653 0.6531 -0.3618
vn -0.6699 0.6766 -0.3059
vn -0.6653 -0.6531 -0.3618
vn -0.6698 -0.6766 -0.3059
vn -0.9322 -0.0087 -0.3618
vn -0.9521 0.0048 -0.3059
vn 0.0048 -0.9521 -0.3059
vn 0.0110 -0.9692 -0.2461
vn -0.9754 0.0078 -0.2202
vn -0.6953 -0.6842 -0.2202
vn -0.6989 -0.7091 -0.0928
vn -0.7003 -0.7082 -0.0894
vn -0.7006 -0.7080 -0.0886
vn -0.0078 -0.9960 -0.0894
vn -0.0056 -0.9957 -0.0927
vn -0.0052 -0.9956 -0.0932
vn 0.6953 -0.6842 -0.2202
vn 0.7006 -0.7080 -0.0886
vn -0.0110 -0.9692 -0.2461
vn 0.0052 -0.9956 -0.0932
vn 0.9754 0.0078 -0.2201
vn 0.9961 -0.0053 -0.0886
vn 0.6775 -0.6931 -0.2461
vn 0.7077 -0.7003 -0.0932
vn 0.6775 0.6931 -0.2461
vn 0.7097 0.6988 -0.0894
vn 0.7080 0.7001 -0.0926
vn 0.7077 0.7003 -0.0932
vn 0.9754 -0.0078 -0.2201
vn 0.9957 0.0074 -0.0927
vn 0.9960 0.0057 -0.0893
vn 0.9961 0.0053 -0.0886
vn -0.0110 0.9692 -0.2461
vn 0.0078 0.9960 -0.0894
vn 0.0056 0.9957 -0.0927
vn 0.0052 0.9956 -0.0932
vn 0.6953 0.6842 -0.2202
vn 0.6989 0.7091 -0.0928
vn 0.7004 0.7082 -0.0894
vn 0.7006 0.7080 -0.0886
vn -0.6953 0.6842 -0.2202
vn -0.7006 0.7080 -0.0886
vn 0.0110 0.9692 -0.2461
vn -0.0053 0.9956 -0.0932
vn -0.9754 -0.0078 -0.2201
vn -0.9961 0.0053 -0.0886
vn -0.6775 0.6931 -0.2461
vn -0.7077 0.7003 -0.0932
vn -0.6775 -0.6931 -0.2461
vn -0.7097 -0.6988 -0.0894
vn -0.7080 -0.7001 -0.0926
vn -0.7077 -0.7003 -0.0932
vn -0.9957 -0.0074 -0.0928
vn -0.9960 -0.0057 -0.0893
vn -0.9961 -0.0053 -0.0886
vn -0.9168 -0.0332 -0.3980
vn -0.9179 -0.0349 -0.3953
vn -0.6737 -0.6244 -0.3953
vn -0.6717 -0.6248 -0.3980
vn -0.6717 0.6248 -0.3980
vn -0.6737 0.6244 -0.3953
vn -0.9179 0.0349 -0.3953
vn -0.9168 0.0332 -0.3980
vn -0.0332 0.9168 -0.3980
vn -0.0349 0.9179 -0.3953
vn -0.6244 0.6737 -0.3953
vn -0.6248 0.6717 -0.3980
vn 0.6248 0.6717 -0.3980
vn 0.6244 0.6737 -0.3953
vn 0.0349 0.9179 -0.3953
vn 0.0332 0.9168 -0.3980
vn 0.9168 0.0332 -0.3980
vn 0.9179 0.0349 -0.3953
vn 0.6737 0.6244 -0.3953
vn 0.6717 0.6248 -0.3980
vn 0.6717 -0.6248 -0.3980
vn 0.6737 -0.6244 -0.3953
vn 0.9179 -0.0349 -0.3953
vn 0.9168 -0.0332 -0.3980
vn 0.0332 -0.9168 -0.3980
vn 0.0349 -0.9179 -0.3953
vn -0.5904 -0.6881 -0.4218
vn -0.0691 -0.9040 -0.4218
vn -0.6240 -0.6757 -0.3925
vn -0.0366 -0.9190 -0.3925
vn 0.5904 -0.6881 -0.4218
vn 0.6240 -0.6757 -0.3925
vn -0.6528 -0.6770 -0.3399
vn 0.6528 -0.6770 -0.3399
vn 0.0366 -0.9190 -0.3925
vn 0.0171 -0.9403 -0.3399
vn 0.9190 -0.0366 -0.3925
vn 0.9403 -0.0171 -0.3399
vn 0.6757 -0.6240 -0.3925
vn 0.6770 -0.6528 -0.3399
vn 0.6757 0.6240 -0.3925
vn 0.6770 0.6528 -0.3399
vn 0.9190 0.0366 -0.3925
vn 0.9403 0.0171 -0.3399
vn 0.0366 0.9190 -0.3925
vn 0.0171 0.9403 -0.3399
vn 0.6240 0.6757 -0.3925
vn 0.6528 0.6770 -0.3399
vn -0.6240 0.6757 -0.3925
vn -0.6528 0.6770 -0.3399
vn -0.0366 0.9190 -0.3925
vn -0.0171 0.9403 -0.3399
vn -0.9190 0.0366 -0.3925
vn -0.9403 0.0171 -0.3399
vn -0.6757 0.6240 -0.3925
vn -0.6770 0.6528 -0.3399
vn -0.6757 -0.6240 -0.3925
vn -0.6770 -0.6528 -0.3399
vn -0.9190 -0.0366 -0.3925
vn -0.9403 -0.0171 -0.3399
vn -0.0171 -0.9403 -0.3399
vn -0.0140 -0.9749 -0.2221
vn -0.9681 -0.0077 -0.2506
vn -0.6791 -0.6900 -0.2506
vn -0.6986 -0.7094 -0.0934
vn -0.0083 -0.9960 -0.0887
vn 0.6791 -0.6900 -0.2506
vn 0.6986 -0.7094 -0.0934
vn 0.0140 -0.9749 -0.2221
vn 0.0083 -0.9960 -0.0887
vn 0.9681 -0.0077 -0.2506
vn 0.9956 -0.0077 -0.0934
vn 0.6993 -0.6795 -0.2221
vn 0.7101 -0.6985 -0.0887
vn 0.6993 0.6794 -0.2221
vn 0.7101 0.6984 -0.0887
vn 0.9681 0.0077 -0.2506
vn 0.9956 0.0077 -0.0934
vn 0.0140 0.9749 -0.2221
vn 0.0083 0.9960 -0.0887
vn 0.6791 0.6900 -0.2506
vn 0.6986 0.7094 -0.0934
vn -0.6791 0.6900 -0.2506
vn -0.6986 0.7094 -0.0934
vn -0.0140 0.9749 -0.2221
vn -0.0083 0.9960 -0.0887
vn -0.9681 0.0077 -0.2506
vn -0.9956 0.0077 -0.0934
vn -0.6993 0.6794 -0.2221
vn -0.7101 0.6984 -0.0887
vn -0.6993 -0.6795 -0.2221
vn -0.7101 -0.6985 -0.0887
vn -0.9956 -0.0077 -0.0934
vn -0.9040 -0.0691 -0.4218
vn -0.6881 -0.5904 -0.4218
vn -0.6881 0.5904 -0.4218
vn -0.9040 0.0691 -0.4218
vn -0.0691 0.9040 -0.4218
vn -0.5904 0.6881 -0.4218
vn 0.5904 0.6881 -0.4218
vn 0.0691 0.9040 -0.4218
vn 0.9040 0.0691 -0.4218
vn 0.6881 0.5904 -0.4218
vn 0.6881 -0.5904 -0.4218
vn 0.9040 -0.0691 -0.4218
vn 0.0691 -0.9040 -0.4218
vn 0.3973 0.3035 0.8660
vn 0.6071 -0.7947 -0.0000
vn -0.7946 -0.6071 -0.0000
vn 0.8507 -0.5257 -0.0000
vn 0.7236 -0.4472 -0.5257
vn 0.7236 -0.4472 -0.5258
vn 0.4253 -0.8506 -0.3090
vn -0.0000 -1.0000 -0.0000
vn 0.4253 -0.8506 0.3090
vn 0.3973 0.3035 -0.8660
vn -0.1625 -0.8506 0.5000
vn 0.9464 0.3036 0.1102
vn -0.7009 0.3035 0.6455
vn 0.1876 -0.7947 0.5774
vn -0.2456 -0.6071 -0.7557
vn -0.2456 -0.6071 -0.7558
vn 0.7236 -0.4472 0.5258
vn 0.2629 -0.5257 0.8090
vn 0.5878 -0.0000 0.8090
vn 0.0580 0.9823 0.1784
vn -0.8526 -0.4911 0.1784
vn 0.3035 -0.1876 0.9342
vn 0.7947 -0.4911 -0.3568
vn -0.0000 -0.0000 1.0000
vn 0.2764 0.4472 0.8507
vn 0.6882 0.5257 0.5000
vn 0.4332 0.4911 -0.7558
vn 0.4331 0.4911 -0.7558
vn 0.1517 -0.9823 0.1102
vn 0.1517 -0.9823 0.1103
vn 0.7946 0.1876 0.5774
vn -0.5849 0.4911 0.6455
vn 0.8944 0.4472 -0.0000
vn 0.9511 -0.0000 0.3090
vn 0.9510 -0.0000 0.3090
vn 0.9511 -0.0000 -0.3090
vn -0.0938 -0.4911 -0.8660
vn -0.0938 -0.4911 0.8660
vn 0.9822 -0.1876 -0.0000
vn 0.1876 0.9823 -0.0000
vn 0.6882 0.5257 -0.5000
vn -0.5849 0.4911 -0.6455
vn 0.1517 -0.9823 -0.1102
vn 0.1517 -0.9823 -0.1103
vn 0.7946 0.1876 -0.5774
vn 0.4332 0.4911 0.7558
vn 0.4331 0.4911 0.7558
vn 0.2764 0.4472 -0.8507
vn 0.5878 -0.0000 -0.8090
vn -0.0000 -0.0000 -1.0000
vn -0.8526 -0.4911 -0.1784
vn 0.7947 -0.4911 0.3568
vn 0.3035 -0.1876 -0.9342
vn 0.0580 0.9823 -0.1784
vn 0.2629 -0.5257 -0.8090
vn -0.2764 -0.4472 -0.8507
vn -0.2764 -0.4472 -0.8506
vn -0.5878 -0.0000 -0.8090
vn 0.8526 0.4911 -0.1784
vn -0.7947 0.4911 0.3568
vn -0.3035 0.1876 -0.9342
vn -0.0580 -0.9823 -0.1784
vn -0.0580 -0.9822 -0.1784
vn -0.2629 0.5257 -0.8090
vn -0.7236 0.4472 -0.5257
vn -0.9511 -0.0000 -0.3090
vn -0.4332 -0.4911 0.7558
vn -0.4331 -0.4911 0.7558
vn 0.5849 -0.4911 -0.6455
vn -0.7947 -0.1876 -0.5774
vn -0.1517 0.9823 -0.1103
vn -0.1517 0.9823 -0.1102
vn -0.6882 -0.5257 -0.5000
vn -0.8944 -0.4472 -0.0000
vn -0.9511 -0.0000 0.3090
vn 0.0938 0.4911 -0.8660
vn 0.0938 0.4911 0.8660
vn -0.9822 0.1876 -0.0000
vn -0.1876 -0.9823 -0.0000
vn -0.8507 0.5257 -0.0000
vn -0.7236 0.4472 0.5257
vn -0.7236 0.4472 0.5258
vn -0.5878 -0.0000 0.8090
vn 0.5849 -0.4911 0.6455
vn -0.4332 -0.4911 -0.7558
vn -0.4331 -0.4911 -0.7558
vn -0.7947 -0.1876 0.5774
vn -0.1517 0.9823 0.1103
vn -0.1517 0.9823 0.1102
vn -0.6882 -0.5257 0.5000
vn -0.2764 -0.4472 0.8507
vn -0.7947 0.4911 -0.3568
vn 0.8526 0.4911 0.1784
vn -0.3035 0.1876 0.9342
vn -0.0580 -0.9823 0.1784
vn -0.0580 -0.9822 0.1784
vn -0.8305 0.3035 -0.4671
vn -0.8305 0.3036 -0.4671
vn 0.6429 -0.6071 -0.4671
vn -0.4911 -0.7947 0.3568
vn 0.1876 0.3035 0.9342
vn -0.5257 -0.8507 -0.0000
vn -0.2629 0.5257 0.8090
vn -0.4253 0.8507 0.3090
vn -0.4253 0.8506 0.3090
vn 0.2456 0.6071 -0.7557
vn 0.2456 0.6071 -0.7558
vn 0.2455 0.6071 -0.7557
vn 0.7009 -0.3035 0.6455
vn -0.1876 0.7946 0.5774
vn -0.9464 -0.3036 0.1102
vn -0.0000 1.0000 -0.0000
vn 0.1625 0.8507 0.5000
vn 0.1625 0.8506 0.5000
vn 0.5257 0.8507 -0.0000
vn 0.8305 -0.3035 -0.4671
vn 0.8305 -0.3036 -0.4671
vn -0.1876 -0.3035 0.9342
vn 0.4911 0.7947 0.3568
vn -0.6429 0.6071 -0.4671
vn 0.1625 0.8506 -0.5000
vn -0.1876 -0.3035 -0.9342
vn 0.8305 -0.3035 0.4671
vn 0.8305 -0.3036 0.4671
vn 0.4911 0.7947 -0.3568
vn -0.6429 0.6071 0.4671
vn -0.4253 0.8506 -0.3090
vn -0.4253 0.8507 -0.3090
vn 0.7009 -0.3035 -0.6455
vn 0.7008 -0.3035 -0.6455
vn -0.9464 -0.3036 -0.1102
vn -0.1876 0.7947 -0.5774
vn 0.2456 0.6070 0.7558
vn 0.2456 0.6071 0.7558
vn -0.3973 -0.3036 -0.8660
vn -0.3973 -0.3035 -0.8660
vn -0.3973 -0.3035 0.8660
vn -0.6071 0.7947 -0.0000
vn 0.7946 0.6071 -0.0000
vn 0.1876 0.3035 -0.9342
vn 0.6429 -0.6071 0.4671
vn -0.4911 -0.7947 -0.3568
vn -0.8305 0.3035 0.4671
vn -0.8305 0.3036 0.4671
vn -0.1625 -0.8506 -0.5000
vn 0.9464 0.3036 -0.1102
vn -0.2456 -0.6071 0.7558
vn 0.1876 -0.7947 -0.5774
vn -0.7009 0.3035 -0.6455
vn -0.7008 0.3035 -0.6455
vn 0.7236 -0.4472 0.5257
vn 0.2764 0.4472 0.8506
vn 0.9510 -0.0000 -0.3090
vn 0.2764 0.4472 -0.8506
vn -0.7236 0.4472 -0.5258
vn -0.2764 -0.4472 0.8506
vn -0.5649 -0.4407 0.6976
vn -0.0852 -0.9335 0.3483
vn -0.0856 -0.9335 0.3482
vn -0.0851 -0.9335 0.3483
vn 0.6832 0.0737 0.7265
vn -0.2778 0.9606 0.0132
vn -0.2777 0.9606 0.0132
vn -0.2773 0.9607 0.0130
vn 0.2164 0.8728 0.4374
vn -0.2781 0.9605 0.0131
vn -0.2776 0.9606 0.0131
vn -0.5650 -0.4407 0.6975
vn 0.1686 -0.9802 0.1034
vn 0.1686 -0.9802 0.1035
vn 0.1683 -0.9803 0.1035
vn 0.1686 -0.9803 0.1033
vn -0.6771 -0.1292 0.7245
vn -0.6772 -0.1292 0.7243
vn -0.6775 -0.1293 0.7241
vn -0.6772 -0.1292 0.7244
vn -0.7092 0.0690 0.7016
vn -0.7093 0.0690 0.7015
vn -0.7092 0.0690 0.7017
vn -0.3221 0.9446 0.0628
vn -0.3219 0.9447 0.0630
vn -0.3224 0.9445 0.0630
vn -0.3226 0.9444 0.0630
vn -0.3227 0.9444 0.0630
vn 0.2363 -0.9712 0.0314
vn 0.2364 -0.9711 0.0316
vn 0.2368 -0.9710 0.0316
vn 0.2366 -0.9711 0.0316
vn 0.2364 -0.9712 0.0316
vn -0.4856 0.8347 0.2596
vn -0.4860 0.8345 0.2597
vn -0.4854 0.8348 0.2599
vn -0.4852 0.8350 0.2597
vn -0.4855 0.8348 0.2598
vn 0.1962 -0.9777 0.0748
vn 0.1964 -0.9777 0.0748
vn 0.1966 -0.9776 0.0747
vn 0.1957 -0.9778 0.0749
vn 0.1959 -0.9778 0.0748
vn -0.7137 0.2409 0.6577
vn -0.7136 0.2410 0.6578
vn -0.7135 0.2410 0.6579
vn -0.1630 0.9805 -0.1097
vn -0.1625 0.9806 -0.1094
vn -0.1626 0.9806 -0.1099
vn -0.1629 0.9806 -0.1093
vn -0.1623 0.9807 -0.1092
vn -0.3622 -0.7345 0.5739
vn -0.3619 -0.7344 0.5742
vn -0.3624 -0.7344 0.5738
vn -0.3620 -0.7345 0.5739
vn -0.3615 -0.7345 0.5743
vn -0.7033 0.3572 0.6146
vn -0.7033 0.3572 0.6147
vn -0.7035 0.3571 0.6145
vn 0.1468 0.9035 -0.4026
vn 0.1468 0.9036 -0.4024
vn 0.1470 0.9036 -0.4024
vn 0.1470 0.9035 -0.4025
vn 0.1469 0.9036 -0.4025
vn -0.5103 -0.5398 0.6695
vn -0.5101 -0.5396 0.6698
vn -0.5103 -0.5396 0.6697
vn -0.6911 0.4279 0.5825
vn -0.6910 0.4279 0.5826
vn -0.6909 0.4278 0.5828
vn -0.6559 0.5560 0.5105
vn -0.6558 0.5560 0.5106
vn -0.6557 0.5561 0.5106
vn -0.6558 0.5561 0.5106
vn -0.6555 0.5562 0.5108
vn 0.3294 0.7674 -0.5501
vn 0.3295 0.7675 -0.5499
vn 0.3294 0.7676 -0.5498
vn 0.3294 0.7675 -0.5500
vn 0.3297 0.7675 -0.5498
vn -0.4536 -0.6243 0.6360
vn -0.4532 -0.6244 0.6362
vn -0.4537 -0.6243 0.6360
vn -0.4537 -0.6243 0.6359
vn -0.4535 -0.6244 0.6360
vn -0.6986 0.3875 0.6015
vn -0.6987 0.3875 0.6014
vn -0.6985 0.3876 0.6015
vn -0.6742 0.4973 0.5460
vn -0.6741 0.4975 0.5460
vn -0.6742 0.4975 0.5459
vn -0.6739 0.4976 0.5461
vn -0.6741 0.4975 0.5459
vn -0.6718 0.5005 0.5461
vn -0.6743 0.4972 0.5460
vn -0.6735 0.4977 0.5466
vn -0.6726 0.5030 0.5427
vn -0.6718 0.5021 0.5446
vn -0.6728 0.5031 0.5425
vn -0.1404 0.9813 -0.1317
vn -0.1401 0.9813 -0.1319
vn -0.1409 0.9812 -0.1319
vn -0.1411 0.9812 -0.1319
vn -0.1409 0.9812 -0.1318
vn 0.0170 -0.9673 0.2532
vn 0.0176 -0.9672 0.2535
vn 0.0171 -0.9672 0.2533
vn 0.0166 -0.9672 0.2535
vn 0.0172 -0.9672 0.2535
vn -0.1465 0.9812 -0.1259
vn -0.1469 0.9811 -0.1258
vn -0.1464 0.9812 -0.1257
vn -0.1465 0.9812 -0.1257
vn -0.1469 0.9811 -0.1257
vn -0.1226 -0.9164 0.3809
vn -0.1224 -0.9164 0.3811
vn -0.1225 -0.9164 0.3810
vn -0.1220 -0.9164 0.3811
vn -0.1092 0.9805 -0.1634
vn -0.1089 0.9805 -0.1636
vn -0.1082 0.9806 -0.1637
vn -0.1093 0.9804 -0.1637
vn -0.1094 0.9805 -0.1634
vn -0.0422 -0.9501 0.3091
vn -0.0419 -0.9501 0.3091
vn -0.0425 -0.9501 0.3091
vn -0.0423 -0.9501 0.3091
vn -0.0423 -0.9501 0.3092
vn -0.6479 0.5780 0.4961
vn -0.6474 0.5785 0.4963
vn -0.6478 0.5782 0.4960
vn -0.6474 0.5783 0.4964
vn -0.6472 0.5781 0.4968
vn -0.5027 0.8172 0.2820
vn -0.5026 0.8173 0.2818
vn -0.5026 0.8173 0.2817
vn -0.5031 0.8170 0.2817
vn 0.0849 0.9336 -0.3481
vn 0.0854 0.9336 -0.3481
vn 0.0853 0.9335 -0.3482
vn 0.0855 0.9335 -0.3482
vn 0.0854 0.9336 -0.3480
vn 0.0852 0.9335 -0.3482
vn 0.0850 0.9335 -0.3484
vn 0.0855 0.9336 -0.3480
vn 0.0851 0.9335 -0.3484
vn 0.0853 0.9335 -0.3483
vn 0.0851 0.9335 -0.3482
vn 0.6085 0.3440 -0.7151
vn 0.6085 0.3441 -0.7151
vn 0.6088 0.3440 -0.7148
vn 0.6758 0.1349 -0.7247
vn 0.6758 0.1349 -0.7246
vn 0.6757 0.1349 -0.7248
vn 0.6525 0.2208 -0.7249
vn 0.6525 0.2206 -0.7250
vn 0.6526 0.2208 -0.7248
vn 0.6526 0.2207 -0.7249
vn 0.6722 0.1493 -0.7252
vn 0.6722 0.1493 -0.7251
vn 0.6724 0.1493 -0.7250
vn 0.6723 0.1493 -0.7251
vn 0.1097 -0.9805 0.1632
vn 0.1098 -0.9805 0.1632
vn 0.1098 -0.9805 0.1633
vn 0.1094 -0.9805 0.1632
vn 0.1099 -0.9804 0.1635
vn 0.0051 0.9617 -0.2741
vn 0.0048 0.9616 -0.2743
vn 0.0051 0.9617 -0.2742
vn 0.0050 0.9617 -0.2742
vn 0.6741 0.1545 -0.7223
vn 0.6725 0.1493 -0.7249
vn 0.6717 0.1578 -0.7238
vn 0.6719 0.1495 -0.7254
vn 0.6727 0.1493 -0.7247
vn 0.6702 0.1587 -0.7250
vn 0.6699 0.1587 -0.7253
vn 0.6699 0.1588 -0.7253
vn 0.7090 -0.0645 -0.7023
vn 0.7088 -0.0645 -0.7024
vn 0.7090 -0.0645 -0.7022
vn 0.7147 -0.1751 -0.6772
vn 0.7148 -0.1750 -0.6770
vn 0.7146 -0.1751 -0.6772
vn 0.7148 -0.1751 -0.6771
vn 0.7149 -0.1750 -0.6770
vn -0.2226 -0.8562 0.4662
vn -0.2229 -0.8560 0.4665
vn -0.2225 -0.8561 0.4665
vn -0.2230 -0.8560 0.4665
vn -0.2234 -0.8557 0.4667
vn 0.3669 0.7293 -0.5775
vn 0.3672 0.7292 -0.5774
vn 0.3668 0.7294 -0.5774
vn 0.3670 0.7293 -0.5775
vn -0.2215 -0.8572 0.4649
vn -0.2216 -0.8572 0.4649
vn -0.2213 -0.8572 0.4650
vn -0.2211 -0.8572 0.4650
vn -0.2212 -0.8572 0.4650
vn 0.4879 0.5747 -0.6570
vn 0.4879 0.5746 -0.6571
vn 0.4875 0.5749 -0.6571
vn 0.4880 0.5748 -0.6569
vn 0.4881 0.5747 -0.6569
vn 0.6709 0.1549 -0.7252
vn 0.6708 0.1549 -0.7253
vn 0.7106 -0.0839 -0.6986
vn 0.7105 -0.0839 -0.6987
vn 0.7108 -0.0838 -0.6984
vn 0.1384 -0.9812 0.1342
vn 0.1383 -0.9813 0.1340
vn 0.1375 -0.9814 0.1341
vn 0.1387 -0.9812 0.1341
vn 0.1387 -0.9812 0.1342
vn 0.0026 0.9624 -0.2715
vn 0.0019 0.9623 -0.2719
vn 0.0014 0.9624 -0.2718
vn 0.0025 0.9624 -0.2717
vn 0.0028 0.9623 -0.2720
vn 0.7140 -0.2281 -0.6619
vn 0.7141 -0.2282 -0.6619
vn 0.7139 -0.2282 -0.6620
vn 0.7145 -0.2280 -0.6614
vn 0.6052 -0.6719 -0.4270
vn 0.6052 -0.6720 -0.4267
vn 0.6052 -0.6720 -0.4269
vn 0.6052 -0.6720 -0.4268
vn 0.6053 -0.6720 -0.4267
vn 0.6921 0.0585 -0.7195
vn 0.6919 0.0586 -0.7196
vn 0.6920 0.0586 -0.7195
vn 0.6901 -0.4322 -0.5805
vn 0.6902 -0.4322 -0.5804
vn 0.6902 -0.4321 -0.5804
vn 0.6901 -0.4322 -0.5804
vn 0.6903 -0.4322 -0.5803
vn 0.2287 -0.9726 0.0408
vn 0.2283 -0.9727 0.0406
vn 0.2294 -0.9725 0.0410
vn 0.2282 -0.9728 0.0405
vn 0.2280 -0.9728 0.0402
vn -0.1295 0.9812 -0.1433
vn -0.1294 0.9812 -0.1434
vn -0.1296 0.9812 -0.1433
vn -0.1295 0.9812 -0.1432
vn 0.2548 -0.9669 0.0117
vn 0.2548 -0.9669 0.0119
vn 0.2553 -0.9668 0.0118
vn 0.2547 -0.9669 0.0118
vn 0.2545 -0.9670 0.0119
vn 0.2166 0.8604 -0.4613
vn 0.2167 0.8604 -0.4612
vn 0.2164 0.8604 -0.4614
vn 0.2164 0.8606 -0.4611
vn 0.2167 0.8605 -0.4611
vn 0.6782 -0.4836 -0.5533
vn 0.6782 -0.4835 -0.5534
vn 0.6779 -0.4836 -0.5537
vn 0.6781 -0.4836 -0.5535
vn 0.5524 -0.7569 -0.3493
vn 0.5524 -0.7568 -0.3494
vn 0.5525 -0.7568 -0.3494
vn 0.5524 -0.7568 -0.3493
vn -0.0396 -0.9511 0.3065
vn -0.0396 -0.9510 0.3065
vn -0.0400 -0.9510 0.3065
vn -0.0398 -0.9510 0.3066
vn -0.0395 -0.9510 0.3068
vn 0.1318 0.9116 -0.3894
vn 0.1316 0.9116 -0.3893
vn 0.1317 0.9116 -0.3895
vn 0.1319 0.9117 -0.3892
vn 0.5524 -0.7568 -0.3495
vn 0.5523 -0.7569 -0.3495
vn 0.5526 -0.7568 -0.3492
vn 0.5522 -0.7569 -0.3494
vn -0.0852 -0.9335 0.3482
vn -0.0853 -0.9335 0.3483
vn -0.0855 -0.9335 0.3481
vn -0.0855 -0.9336 0.3481
vn 0.7095 -0.3023 -0.6366
vn 0.7097 -0.3022 -0.6364
vn 0.7096 -0.3022 -0.6365
vn -0.0853 -0.9335 0.3482
vn -0.0854 -0.9334 0.3484
vn -0.0854 -0.9335 0.3482
vn -0.7096 0.3023 0.6365
vn -0.7096 0.3022 0.6365
vn -0.7097 0.3022 0.6364
vn -0.0852 -0.9336 0.3482
vn -0.0850 -0.9336 0.3482
vn -0.7047 -0.3089 -0.6388
vn -0.8669 -0.1028 -0.4878
vn -0.8615 -0.3307 -0.3854
vn -0.8625 -0.3310 -0.3828
vn -0.8610 -0.3305 -0.3865
vn -0.6519 0.6334 -0.4169
vn -0.8690 -0.1012 -0.4844
vn -0.4839 -0.4929 -0.7231
vn -0.4817 -0.4930 -0.7245
vn -0.4850 -0.4927 -0.7225
vn -0.4749 -0.2690 -0.8379
vn -0.7045 -0.3089 -0.6389
vn -0.5440 -0.6780 -0.4943
vn -0.6993 -0.1929 -0.6883
vn -0.6994 -0.1929 -0.6882
vn -0.6994 -0.1927 -0.6882
vn -0.5248 -0.2550 -0.8121
vn -0.5569 -0.2452 -0.7935
vn -0.5478 -0.2794 -0.7885
vn -0.8204 -0.1626 -0.5483
vn -0.8394 -0.1210 -0.5299
vn -0.8056 -0.2124 -0.5531
vn -0.7912 -0.4656 -0.3966
vn -0.7910 -0.4697 -0.3921
vn -0.7895 -0.4679 -0.3971
vn -0.7772 -0.1835 -0.6018
vn -0.7771 -0.1816 -0.6026
vn -0.7767 -0.1766 -0.6046
vn -0.8013 -0.1456 -0.5803
vn -0.8022 -0.1475 -0.5785
vn -0.8024 -0.1440 -0.5792
vn -0.7997 -0.1464 -0.5823
vn -0.8006 -0.1482 -0.5806
vn -0.7438 -0.0308 -0.6677
vn -0.5812 -0.2416 -0.7771
vn -0.5798 -0.2390 -0.7790
vn -0.5791 -0.2380 -0.7797
vn -0.5834 -0.2408 -0.7757
vn -0.5816 -0.2398 -0.7774
vn -0.6152 -0.2300 -0.7540
vn -0.6757 -0.1104 -0.7289
vn -0.5854 -0.2381 -0.7750
vn -0.5816 -0.2435 -0.7761
vn -0.5840 -0.2390 -0.7757
vn -0.5853 -0.2403 -0.7744
vn -0.4611 0.7541 -0.4676
vn -0.5858 -0.2358 -0.7754
vn -0.7977 -0.1461 -0.5851
vn -0.7976 -0.1453 -0.5855
vn -0.7975 -0.1453 -0.5856
vn -0.7990 -0.1491 -0.5826
vn -0.8233 0.1039 -0.5581
vn -0.8934 -0.0971 -0.4386
vn -0.8934 -0.0971 -0.4387
vn -0.7858 -0.2714 -0.5558
vn -0.7859 -0.2714 -0.5556
vn -0.7929 -0.1479 -0.5911
vn -0.7679 -0.1656 -0.6189
vn -0.7669 -0.1643 -0.6204
vn -0.7693 -0.1669 -0.6167
vn -0.7881 -0.1523 -0.5964
vn -0.7881 -0.1523 -0.5965
vn -0.7892 -0.1534 -0.5947
vn -0.5980 -0.2339 -0.7666
vn -0.5976 -0.2314 -0.7676
vn -0.5971 -0.2320 -0.7679
vn -0.5919 -0.2336 -0.7714
vn -0.6264 -0.2266 -0.7459
vn -0.6202 -0.2267 -0.7509
vn -0.6199 -0.2262 -0.7514
vn -0.3248 -0.6650 -0.6725
vn -0.3249 -0.6649 -0.6725
vn -0.3250 -0.6650 -0.6724
vn -0.5997 -0.2309 -0.7662
vn -0.5997 -0.2318 -0.7659
vn -0.6268 -0.2390 -0.7416
vn -0.6269 -0.2383 -0.7418
vn -0.6179 -0.1918 -0.7625
vn -0.6174 -0.1897 -0.7634
vn -0.6171 -0.1870 -0.7643
vn -0.6018 -0.2297 -0.7649
vn -0.6236 -0.2176 -0.7508
vn -0.6256 -0.2200 -0.7485
vn -0.6259 -0.2199 -0.7482
vn -0.5984 -0.2299 -0.7675
vn -0.6004 -0.2306 -0.7657
vn -0.6005 -0.2307 -0.7656
vn -0.7810 -0.1130 -0.6142
vn -0.7875 -0.1507 -0.5976
vn -0.7861 -0.1499 -0.5996
vn -0.7863 -0.1510 -0.5992
vn -0.7934 -0.0992 -0.6005
vn -0.7679 -0.1587 -0.6206
vn -0.7680 -0.1586 -0.6205
vn -0.7645 -0.1571 -0.6251
vn -0.5979 0.1493 -0.7875
vn -0.7792 -0.0822 -0.6214
vn -0.7634 -0.1063 -0.6371
vn -0.7633 -0.1062 -0.6372
vn -0.7815 -0.0786 -0.6190
vn -0.5955 -0.2325 -0.7690
vn -0.5988 -0.2313 -0.7668
vn -0.5987 -0.2307 -0.7670
vn -0.5008 -0.1367 -0.8547
vn -0.5006 -0.1370 -0.8548
vn -0.5136 0.5089 -0.6908
vn -0.5903 -0.2303 -0.7736
vn -0.5899 -0.2318 -0.7735
vn -0.5921 -0.2336 -0.7713
vn -0.6193 -0.2204 -0.7535
vn -0.6044 -0.2181 -0.7662
vn -0.5883 -0.2349 -0.7738
vn -0.5882 -0.2340 -0.7741
vn -0.3098 0.1594 -0.9373
vn -0.5532 -0.0485 -0.8316
vn -0.7943 -0.1337 -0.5926
vn -0.7945 -0.1362 -0.5917
vn -0.7941 -0.1457 -0.5901
vn -0.7682 0.0427 -0.6388
vn -0.7670 -0.1308 -0.6282
vn -0.2010 0.4607 -0.8645
vn -0.7856 0.3378 -0.5184
vn -0.7854 0.3380 -0.5186
vn -0.7855 0.3379 -0.5185
vn -0.7708 0.0570 -0.6345
vn -0.7849 -0.1459 -0.6021
vn -0.7834 -0.1437 -0.6047
vn -0.7824 -0.1421 -0.6063
vn -0.8127 -0.1361 -0.5666
vn -0.8120 -0.1338 -0.5681
vn -0.8122 -0.1358 -0.5673
vn -0.5614 -0.2375 -0.7927
vn -0.5647 -0.2420 -0.7890
vn -0.5650 -0.2426 -0.7886
vn -0.5435 -0.0398 -0.8385
vn -0.3227 0.2993 -0.8979
vn -0.3277 0.1317 -0.9356
vn -0.3277 0.1317 -0.9355
vn -0.4171 -0.1346 -0.8989
vn -0.5615 -0.2436 -0.7908
vn -0.5611 -0.2412 -0.7918
vn -0.5566 -0.2417 -0.7948
vn -0.5583 -0.2441 -0.7929
vn -0.5586 -0.2447 -0.7925
vn -0.6130 -0.2234 -0.7579
vn -0.8181 -0.1318 -0.5598
vn -0.8191 -0.1312 -0.5585
vn -0.8155 -0.1337 -0.5631
vn -0.8235 -0.0248 -0.5668
vn -0.7763 -0.1308 -0.6166
vn -0.7770 -0.1301 -0.6159
vn -0.7931 -0.1147 -0.5983
vn -0.8220 -0.1289 -0.5548
vn -0.8197 -0.1245 -0.5592
vn -0.8218 -0.1613 -0.5464
vn -0.5657 0.6130 -0.5516
vn -0.5552 -0.2475 -0.7941
vn -0.5552 -0.2464 -0.7944
vn -0.5485 -0.1088 -0.8290
vn -0.5973 -0.2253 -0.7697
vn -0.5971 -0.2236 -0.7703
vn -0.5964 -0.2161 -0.7731
vn -0.5629 -0.1600 -0.8109
vn -0.5666 -0.1627 -0.8077
vn -0.5390 -0.2671 -0.7988
vn -0.5127 -0.5167 -0.6857
vn -0.5287 0.0233 -0.8485
vn -0.7495 0.2881 -0.5960
vn -0.8231 -0.1424 -0.5498
vn -0.4143 0.8219 -0.3908
vn -0.9978 0.0547 0.0381
vn -0.6829 0.5711 -0.4555
vn -0.6826 0.5714 -0.4556
vn -0.6830 0.5709 -0.4556
vn -0.7420 0.3508 -0.5713
vn -0.4745 0.7145 -0.5140
vn -0.8428 0.0121 -0.5381
vn -0.4891 -0.2777 -0.8269
vn -0.4899 -0.2673 -0.8298
vn -0.4899 -0.2769 -0.8266
vn -0.5106 0.0433 -0.8587
vn -0.5800 -0.1657 -0.7976
vn -0.6994 -0.1926 -0.6882
vn -0.6994 -0.1928 -0.6882
vn -0.5776 -0.1535 -0.8018
vn -0.5773 -0.1552 -0.8016
vn -0.5779 -0.1522 -0.8018
vn -0.4802 -0.1281 -0.8678
vn -0.4639 -0.2749 -0.8422
vn -0.5671 -0.2371 -0.7888
vn -0.8694 -0.0809 -0.4875
vn -0.8551 -0.0110 -0.5183
vn -0.8007 -0.0902 -0.5923
vn -0.9465 0.2943 -0.1323
vn -0.8111 0.0407 -0.5835
vn -0.8439 0.0999 -0.5271
vn -0.8422 0.0998 -0.5299
vn -0.8441 0.1002 -0.5268
vn -0.4272 -0.0767 -0.9009
vn -0.4302 -0.0777 -0.8994
vn -0.4265 -0.0766 -0.9012
vn -0.5041 -0.0903 -0.8589
vn -0.7694 -0.1563 -0.6193
vn -0.7638 -0.1514 -0.6275
vn -0.7630 -0.1507 -0.6286
vn -0.7942 -0.1438 -0.5904
vn -0.7927 -0.1468 -0.5917
vn -0.7151 0.1270 -0.6874
vn -0.7894 -0.1738 -0.5888
vn -0.7888 -0.1746 -0.5893
vn -0.7957 -0.1724 -0.5806
vn -0.4783 -0.2682 -0.8362
vn -0.4787 -0.2681 -0.8360
vn 0.4787 0.2680 0.8360
vn 0.4789 0.2679 0.8360
vn 0.8669 0.1027 0.4877
vn 0.8669 0.1028 0.4877
vn 0.4389 0.0278 0.8981
vn 0.4416 0.0286 0.8968
vn 0.4425 0.0288 0.8963
vn 0.8199 -0.1343 0.5565
vn 0.8187 -0.1339 0.5584
vn 0.8181 -0.1337 0.5593
vn 0.8689 0.1015 0.4845
vn 0.4748 0.2692 0.8379
vn 0.6469 -0.3497 0.6777
vn 0.6995 0.1928 0.6881
vn 0.8394 0.1211 0.5298
vn 0.8181 0.1339 0.5593
vn 0.8228 0.0983 0.5598
vn 0.5540 0.2164 0.8039
vn 0.5507 0.2163 0.8062
vn 0.5537 0.2157 0.8043
vn 0.5249 0.2551 0.8120
vn 0.5501 0.2169 0.8064
vn 0.4864 -0.1172 0.8658
vn 0.4903 -0.1128 0.8642
vn 0.4904 -0.1125 0.8642
vn 0.6122 0.1996 0.7651
vn 0.5794 0.2334 0.7809
vn 0.5805 0.2354 0.7795
vn 0.5791 0.2368 0.7801
vn 0.5815 0.2328 0.7795
vn 0.5827 0.2346 0.7781
vn 0.6350 0.3493 0.6890
vn 0.8020 0.1418 0.5803
vn 0.8008 0.1393 0.5826
vn 0.8023 0.1428 0.5796
vn 0.8005 0.1412 0.5824
vn 0.7990 0.1404 0.5847
vn 0.7747 0.1530 0.6135
vn 0.7168 0.2736 0.6414
vn 0.8005 0.1372 0.5835
vn 0.7978 0.1430 0.5857
vn 0.7987 0.1420 0.5847
vn 0.7975 0.1411 0.5866
vn 0.2367 0.9465 0.2192
vn 0.7976 0.1456 0.5854
vn 0.5856 0.2357 0.7756
vn 0.5854 0.2351 0.7759
vn 0.5857 0.2356 0.7755
vn 0.5838 0.2322 0.7780
vn 0.4915 0.4662 0.7356
vn 0.4290 0.2675 0.8628
vn 0.4291 0.2675 0.8628
vn 0.5912 0.1083 0.7992
vn 0.5913 0.1083 0.7991
vn 0.5920 0.2337 0.7713
vn 0.6253 0.2190 0.7490
vn 0.6238 0.2181 0.7505
vn 0.6221 0.2167 0.7524
vn 0.5983 0.2299 0.7676
vn 0.5982 0.2299 0.7677
vn 0.5968 0.2288 0.7691
vn 0.7878 0.1492 0.5976
vn 0.7884 0.1485 0.5970
vn 0.7889 0.1502 0.5959
vn 0.7929 0.1481 0.5911
vn 0.7710 0.1570 0.6172
vn 0.8198 -0.3495 0.4537
vn 0.8199 -0.3493 0.4536
vn 0.8198 -0.3494 0.4536
vn 0.7869 0.1504 0.5985
vn 0.7869 0.1510 0.5983
vn 0.7648 0.1453 0.6276
vn 0.7647 0.1444 0.6280
vn 0.7651 0.1479 0.6267
vn 0.7725 0.1934 0.6048
vn 0.7725 0.1917 0.6054
vn 0.7728 0.1963 0.6036
vn 0.7853 0.1520 0.6001
vn 0.7663 0.1639 0.6212
vn 0.7680 0.1660 0.6185
vn 0.7661 0.1638 0.6215
vn 0.7865 0.1517 0.5986
vn 0.7866 0.1514 0.5986
vn 0.7864 0.1516 0.5988
vn 0.6048 0.2689 0.7496
vn 0.6003 0.2326 0.7652
vn 0.5991 0.2313 0.7665
vn 0.6006 0.2314 0.7654
vn 0.5879 0.2814 0.7584
vn 0.6239 0.2243 0.7486
vn 0.6240 0.2244 0.7485
vn 0.6276 0.2267 0.7448
vn 0.7050 0.5083 0.4945
vn 0.6032 0.2990 0.7394
vn 0.6256 0.2765 0.7295
vn 0.6255 0.2767 0.7295
vn 0.6255 0.2766 0.7295
vn 0.6005 0.3023 0.7403
vn 0.7900 0.1494 0.5946
vn 0.7876 0.1516 0.5972
vn 0.7876 0.1509 0.5975
vn 0.8490 0.2352 0.4732
vn 0.8487 0.2354 0.4735
vn 0.8489 0.2353 0.4733
vn 0.5168 0.7929 0.3228
vn 0.7928 0.1482 0.5911
vn 0.7940 0.1512 0.5888
vn 0.7927 0.1481 0.5913
vn 0.7715 0.1630 0.6150
vn 0.7834 0.1645 0.5993
vn 0.7956 0.1476 0.5876
vn 0.7956 0.1466 0.5878
vn 0.8527 0.4800 0.2061
vn 0.8016 0.3251 0.5017
vn 0.5892 0.2453 0.7698
vn 0.5894 0.2476 0.7690
vn 0.5904 0.2358 0.7719
vn 0.5873 0.4165 0.6940
vn 0.6235 0.2525 0.7399
vn 0.7037 0.7101 0.0255
vn 0.3910 0.6623 0.6391
vn 0.3909 0.6626 0.6389
vn 0.5791 0.4292 0.6932
vn 0.6039 0.2388 0.7605
vn 0.6020 0.2361 0.7628
vn 0.6051 0.2403 0.7590
vn 0.5652 0.2453 0.7876
vn 0.5646 0.2435 0.7886
vn 0.5652 0.2439 0.7881
vn 0.8127 0.1378 0.5662
vn 0.8151 0.1420 0.5617
vn 0.8124 0.1371 0.5668
vn 0.8062 0.3322 0.4896
vn 0.7765 0.6027 0.1837
vn 0.8581 0.4585 0.2311
vn 0.8581 0.4583 0.2316
vn 0.8581 0.4585 0.2312
vn 0.8927 0.2265 0.3895
vn 0.8151 0.1383 0.5626
vn 0.8147 0.1359 0.5638
vn 0.8172 0.1350 0.5604
vn 0.8184 0.1373 0.5580
vn 0.8169 0.1346 0.5608
vn 0.7766 0.1597 0.6094
vn 0.5587 0.2467 0.7918
vn 0.5567 0.2473 0.7931
vn 0.5610 0.2456 0.7906
vn 0.5339 0.3495 0.7699
vn 0.6122 0.2519 0.7495
vn 0.6112 0.2526 0.7501
vn 0.5897 0.2666 0.7623
vn 0.5542 0.2542 0.7926
vn 0.5511 0.2498 0.7962
vn 0.5519 0.2171 0.8051
vn 0.3535 0.8664 0.3527
vn 0.8192 0.1325 0.5579
vn 0.8192 0.1313 0.5583
vn 0.8156 0.2673 0.5131
vn 0.7890 0.1586 0.5935
vn 0.7889 0.1568 0.5942
vn 0.7896 0.1661 0.5907
vn 0.8116 0.2188 0.5417
vn 0.8079 0.1398 0.5725
vn 0.8294 0.1099 0.5477
vn 0.7886 -0.1582 0.5942
vn 0.7991 0.3896 0.4578
vn 0.4797 0.6269 0.6139
vn 0.5498 0.2358 0.8013
vn 0.1452 0.9764 0.1601
vn -0.0727 0.3095 0.9481
vn 0.2701 0.8336 0.4818
vn 0.2698 0.8334 0.4823
vn 0.2697 0.8336 0.4821
vn 0.4396 0.6764 0.5910
vn 0.2918 0.9259 0.2401
vn 0.4967 0.3814 0.7797
vn 0.8604 0.1052 0.4986
vn 0.8604 0.0944 0.5007
vn 0.8608 0.0947 0.5001
vn 0.8041 0.4052 0.4349
vn 0.7999 0.2145 0.5604
vn 0.6994 0.1928 0.6882
vn 0.8012 0.2248 0.5545
vn 0.8006 0.2269 0.5546
vn 0.8005 0.2280 0.5542
vn 0.8680 0.1390 0.4768
vn 0.8749 0.0940 0.4751
vn 0.8111 0.1427 0.5672
vn 0.4724 0.2889 0.8327
vn 0.4833 0.3579 0.7990
vn 0.5772 0.2896 0.7635
vn 0.0274 0.5630 0.8260
vn 0.5333 0.4112 0.7392
vn 0.4650 0.4602 0.7563
vn 0.4624 0.4600 0.7580
vn 0.4617 0.4603 0.7583
vn 0.8775 0.2828 0.3873
vn 0.8788 0.2832 0.3842
vn 0.8791 0.2833 0.3833
vn 0.8404 0.2804 0.4639
vn 0.6284 0.2325 0.7424
vn 0.6217 0.2275 0.7495
vn 0.6295 0.2332 0.7412
vn 0.5904 0.2380 0.7712
vn 0.5921 0.2350 0.7709
vn 0.6120 0.4929 0.6185
vn 0.5973 0.2074 0.7747
vn 0.5966 0.2066 0.7755
vn 0.5883 0.2078 0.7815
vn -0.0859 -0.9335 0.3481
vn 0.6139 0.1296 0.7787
vn 0.4903 -0.1126 0.8643
vn -0.2781 0.9605 0.0130
vn -0.5648 -0.4407 0.6977
vn 0.1685 -0.9803 0.1033
vn -0.7094 0.0690 0.7015
vn -0.3218 0.9447 0.0630
vn 0.2369 -0.9710 0.0316
vn -0.4859 0.8346 0.2596
vn 0.1956 -0.9778 0.0748
vn -0.7137 0.2410 0.6577
vn -0.1631 0.9805 -0.1092
vn -0.3613 -0.7346 0.5743
vn -0.7030 0.3573 0.6149
vn 0.1466 0.9036 -0.4024
vn -0.5097 -0.5396 0.6701
vn -0.6910 0.4280 0.5825
vn -0.6557 0.5561 0.5107
vn -0.4533 -0.6245 0.6360
vn -0.6990 0.3872 0.6012
vn -0.6723 0.5033 0.5428
vn -0.1398 0.9814 -0.1319
vn 0.0179 -0.9672 0.2535
vn -0.1473 0.9811 -0.1257
vn -0.1219 -0.9165 0.3811
vn -0.1090 0.9805 -0.1637
vn -0.0409 -0.9500 0.3095
vn -0.6473 0.5784 0.4965
vn -0.5027 0.8172 0.2818
vn 0.0846 0.9335 -0.3483
vn 0.6086 0.3440 -0.7150
vn 0.6757 0.1349 -0.7247
vn 0.6523 0.2207 -0.7251
vn 0.1093 -0.9805 0.1630
vn 0.0049 0.9617 -0.2742
vn 0.0046 0.9616 -0.2744
vn 0.6723 0.1494 -0.7250
vn 0.7089 -0.0645 -0.7023
vn 0.7150 -0.1750 -0.6769
vn -0.2231 -0.8560 0.4663
vn 0.3665 0.7293 -0.5777
vn -0.2218 -0.8571 0.4649
vn 0.4880 0.5747 -0.6569
vn 0.6708 0.1549 -0.7252
vn 0.7104 -0.0840 -0.6988
vn 0.1384 -0.9813 0.1341
vn 0.0015 0.9624 -0.2718
vn 0.6052 -0.6721 -0.4267
vn 0.2289 -0.9726 0.0405
vn -0.1290 0.9812 -0.1436
vn 0.2164 0.8605 -0.4611
vn 0.6780 -0.4836 -0.5535
vn 0.5525 -0.7568 -0.3493
vn 0.1317 0.9116 -0.3894
vn 0.5521 -0.7570 -0.3495
vn -0.0858 -0.9335 0.3481
vn 0.7094 -0.3023 -0.6367
vn -0.0854 -0.9335 0.3483
vn -0.7095 0.3023 0.6366
vn -0.7713 -0.2520 -0.5845
vn -0.8627 -0.3311 -0.3823
vn -0.7911 -0.4658 -0.3964
vn -0.7934 -0.5135 -0.3270
vn -0.4813 -0.4931 -0.7247
vn -0.5099 -0.6341 -0.5813
vn -0.6008 -0.3128 -0.7357
vn -0.6996 -0.1927 -0.6881
vn -0.5543 -0.3430 -0.7584
vn -0.5488 -0.5737 -0.6080
vn -0.5811 -0.2624 -0.7704
vn -0.6193 -0.2922 -0.7287
vn -0.8024 -0.1430 -0.5795
vn -0.7913 -0.4705 -0.3905
vn -0.7766 -0.1751 -0.6052
vn -0.5315 -0.6417 -0.5529
vn -0.7691 -0.1650 -0.6175
vn -0.8934 -0.0970 -0.4387
vn -0.6221 -0.2439 -0.7440
vn -0.4105 -0.7301 -0.5463
vn -0.3252 -0.6652 -0.6722
vn -0.5978 -0.3676 -0.7124
vn -0.7969 -0.2828 -0.5338
vn -0.7857 -0.2714 -0.5559
vn -0.3502 -0.8032 -0.4818
vn -0.4252 -0.7600 -0.4916
vn -0.7929 -0.2788 -0.5418
vn -0.7665 -0.1643 -0.6209
vn -0.7870 -0.1513 -0.5981
vn -0.6032 -0.3594 -0.7120
vn -0.0950 -0.9611 -0.2594
vn -0.6039 -0.2531 -0.7558
vn -0.6170 -0.1850 -0.7649
vn -0.6288 -0.2655 -0.7308
vn -0.5964 -0.1912 -0.7796
vn -0.6214 -0.2154 -0.7533
vn -0.7864 -0.1516 -0.5989
vn -0.7875 -0.1509 -0.5975
vn -0.7684 -0.3727 -0.5202
vn -0.7680 -0.1593 -0.6203
vn -0.7900 -0.1494 -0.5946
vn -0.8105 -0.3299 -0.4840
vn -0.7928 -0.1481 -0.5912
vn -0.5837 -0.1601 -0.7960
vn -0.5875 -0.1612 -0.7930
vn -0.3706 -0.8537 -0.3659
vn -0.5005 -0.1370 -0.8548
vn -0.6027 -0.2019 -0.7720
vn -0.5547 -0.1587 -0.8168
vn -0.5802 -0.2236 -0.7832
vn -0.3278 0.1317 -0.9355
vn -0.5735 -0.2397 -0.7833
vn -0.8006 -0.1438 -0.5816
vn -0.8061 -0.1409 -0.5748
vn -0.7848 -0.1402 -0.6037
vn -0.7857 0.3377 -0.5183
vn -0.7690 -0.6243 0.1375
vn -0.8123 -0.1374 -0.5668
vn -0.7862 -0.1477 -0.6000
vn -0.8128 -0.1370 -0.5662
vn -0.5340 -0.2417 -0.8102
vn -0.6743 -0.7056 -0.2177
vn -0.7340 -0.4334 -0.5228
vn -0.5372 -0.1601 -0.8281
vn -0.5963 -0.2148 -0.7735
vn -0.8153 -0.1356 -0.5630
vn -0.7954 -0.1416 -0.5894
vn -0.7650 -0.1127 -0.6341
vn -0.8031 -0.1327 -0.5809
vn -0.8224 -0.1293 -0.5540
vn -0.8211 -0.1845 -0.5401
vn -0.9970 -0.0123 0.0758
vn -0.5469 -0.2389 -0.8024
vn -0.5427 -0.1942 -0.8172
vn -0.5695 -0.2010 -0.7970
vn -0.5620 -0.1159 -0.8190
vn -0.5549 -0.2461 -0.7947
vn -0.5383 -0.2513 -0.8044
vn -0.6995 -0.1928 -0.6881
vn -0.5170 -0.2573 -0.8164
vn -0.8329 -0.1249 -0.5391
vn -0.8214 -0.1157 -0.5584
vn -0.6833 0.5704 -0.4558
vn -0.3586 -0.9209 -0.1527
vn -0.6461 -0.6766 -0.3531
vn -0.8470 -0.1163 -0.5188
vn -0.9092 0.3977 -0.1230
vn -0.8588 -0.0959 -0.5033
vn -0.4799 -0.1799 -0.8587
vn -0.4901 -0.2652 -0.8303
vn -0.5775 -0.1873 -0.7947
vn -0.5319 0.1918 -0.8248
vn -0.5771 -0.1567 -0.8015
vn -0.4658 -0.2335 -0.8535
vn -0.4531 -0.2666 -0.8507
vn -0.5146 -0.1543 -0.8435
vn -0.8800 -0.0903 -0.4663
vn -0.8693 -0.1383 -0.4745
vn -0.8368 -0.1072 -0.5369
vn -0.6043 -0.6895 -0.3993
vn -0.7988 0.0289 -0.6009
vn -0.8415 0.0997 -0.5309
vn -0.4312 -0.0781 -0.8989
vn -0.5245 -0.0880 -0.8468
vn -0.7697 -0.1566 -0.6189
vn -0.7963 -0.1728 -0.5797
vn -0.7852 -0.1520 -0.6003
vn -0.4787 -0.2680 -0.8360
vn 0.8670 0.1027 0.4877
vn 0.4387 0.0277 0.8982
vn 0.8204 -0.1343 0.5558
vn 0.7195 -0.2953 0.6286
vn 0.4358 -0.1743 0.8830
vn 0.7795 0.0679 0.6227
vn 0.8106 0.0334 0.5846
vn 0.7281 -0.2218 0.6486
vn 0.7998 0.1184 0.5885
vn 0.7670 0.0898 0.6353
vn 0.5791 0.2380 0.7798
vn 0.4856 -0.1187 0.8661
vn 0.6093 0.1751 0.7734
vn 0.6940 -0.3039 0.6527
vn 0.6223 0.2185 0.7517
vn 0.4291 0.2675 0.8627
vn 0.7685 0.1396 0.6244
vn 0.7141 -0.4197 0.5603
vn 0.8197 -0.3497 0.4538
vn 0.7721 0.0101 0.6355
vn 0.5731 0.0951 0.8139
vn 0.5914 0.1083 0.7991
vn 0.6729 -0.5211 0.5251
vn 0.6690 -0.4587 0.5848
vn 0.5793 0.0997 0.8090
vn 0.6255 0.2195 0.7487
vn 0.5996 0.2310 0.7662
vn 0.7694 0.0187 0.6385
vn 0.7651 0.1485 0.6266
vn 0.5065 -0.7955 0.3326
vn 0.7829 0.1294 0.6085
vn 0.7728 0.1983 0.6029
vn 0.7618 0.1178 0.6371
vn 0.7894 0.1909 0.5835
vn 0.7699 0.1681 0.6157
vn 0.6006 0.2307 0.7656
vn 0.5989 0.2313 0.7667
vn 0.5848 0.0007 0.8112
vn 0.6236 0.2244 0.7489
vn 0.6254 0.2766 0.7296
vn 0.5956 0.2323 0.7690
vn 0.5378 0.0417 0.8421
vn 0.5919 0.2338 0.7714
vn 0.7969 0.2205 0.5624
vn 0.7942 0.2195 0.5667
vn 0.5748 -0.5932 0.5637
vn 0.7846 0.1805 0.5931
vn 0.8171 0.2193 0.5331
vn 0.8017 0.1573 0.5766
vn 0.8580 0.4588 0.2311
vn 0.8063 0.1407 0.5745
vn 0.5815 0.2372 0.7782
vn 0.5734 0.2398 0.7834
vn 0.6019 0.2420 0.7610
vn 0.3908 0.6624 0.6391
vn 0.0193 -0.4073 0.9131
vn 0.5651 0.2425 0.7886
vn 0.6008 0.2347 0.7642
vn 0.5644 0.2428 0.7890
vn 0.8123 0.1372 0.5668
vn 0.8338 0.1355 0.5352
vn 0.3855 -0.4137 0.8247
vn 0.6044 -0.0645 0.7940
vn 0.8287 0.2165 0.5161
vn 0.7897 0.1674 0.5902
vn 0.5616 0.2436 0.7908
vn 0.5884 0.2398 0.7722
vn 0.6242 0.2704 0.7330
vn 0.5776 0.2477 0.7779
vn 0.5505 0.2490 0.7968
vn 0.5521 0.1941 0.8109
vn -0.0912 0.2374 0.9671
vn 0.8251 0.1394 0.5475
vn 0.8274 0.1838 0.5306
vn 0.8092 0.1791 0.5595
vn 0.8075 0.2616 0.5287
vn 0.8150 0.2179 0.5370
vn 0.8304 0.1269 0.5425
vn 0.6993 0.1931 0.6883
vn 0.8440 0.1181 0.5233
vn 0.5348 0.2520 0.8065
vn 0.5511 0.2624 0.7921
vn 0.2693 0.8336 0.4823
vn 0.3878 -0.7150 0.5816
vn 0.5084 -0.3579 0.7832
vn 0.5121 0.2586 0.8191
vn -0.0088 0.6460 0.7633
vn 0.4916 0.2766 0.8257
vn 0.8649 0.1908 0.4643
vn 0.8604 0.1073 0.4982
vn 0.8031 0.1936 0.5635
vn 0.7307 0.5400 0.4176
vn 0.8015 0.2236 0.5546
vn 0.8664 0.2437 0.4358
vn 0.8811 0.1011 0.4620
vn 0.8425 0.2196 0.4919
vn 0.4541 0.2775 0.8467
vn 0.4755 0.2327 0.8484
vn 0.5278 0.2690 0.8057
vn 0.5573 -0.3692 0.7437
vn 0.5530 0.4019 0.7299
vn 0.4659 0.4603 0.7557
vn 0.8769 0.2826 0.3888
vn 0.8277 0.2848 0.4836
vn 0.6214 0.2268 0.7499
vn 0.5875 0.2089 0.7818
vn 0.6021 0.2301 0.7646
vn 0.0813 -0.5587 -0.8253
vn 0.0813 -0.5587 -0.8254
vn -0.0813 -0.5587 -0.8254
vn -0.0813 -0.5587 -0.8253
vn -0.0389 0.9181 -0.3945
vn 0.0389 0.9181 -0.3945
vn -0.0195 0.9800 -0.1981
vn 0.0195 0.9800 -0.1981
vn -0.0832 0.5287 -0.8447
vn -0.0832 0.5287 -0.8448
vn 0.0832 0.5287 -0.8447
vn 0.0832 0.5287 -0.8448
vn 0.0482 -0.8706 -0.4896
vn 0.0482 -0.8706 -0.4895
vn 0.0482 -0.8707 -0.4895
vn -0.0482 -0.8706 -0.4896
vn -0.0482 -0.8706 -0.4895
vn -0.0949 0.2488 -0.9639
vn -0.0950 0.2488 -0.9639
vn 0.0950 0.2488 -0.9639
vn 0.0949 0.2488 -0.9639
vn -0.2812 0.2488 -0.9269
vn -0.1428 -0.8706 -0.4708
vn -0.4566 0.2488 -0.8542
vn -0.2320 -0.8706 -0.4339
vn -0.2320 -0.8705 -0.4340
vn -0.4001 0.5286 -0.7486
vn -0.4002 0.5286 -0.7487
vn -0.2464 0.5286 -0.8123
vn -0.2464 0.5287 -0.8123
vn -0.5385 0.5286 -0.6562
vn -0.3122 -0.8705 -0.3804
vn -0.3121 -0.8706 -0.3804
vn -0.6562 0.5287 -0.5385
vn -0.6562 0.5286 -0.5385
vn -0.3803 -0.8706 -0.3122
vn -0.3803 -0.8706 -0.3121
vn -0.6144 0.2488 -0.7487
vn -0.7487 0.2488 -0.6144
vn -0.4339 -0.8706 -0.2319
vn -0.8542 0.2488 -0.4566
vn -0.4708 -0.8706 -0.1428
vn -0.9269 0.2488 -0.2812
vn -0.4896 -0.8706 -0.0482
vn -0.9639 0.2488 -0.0949
vn -0.4896 -0.8706 0.0482
vn -0.9639 0.2488 0.0949
vn -0.4708 -0.8706 0.1428
vn -0.9269 0.2488 0.2812
vn -0.4339 -0.8706 0.2319
vn -0.8542 0.2488 0.4566
vn -0.3803 -0.8706 0.3122
vn -0.3803 -0.8706 0.3121
vn -0.7487 0.2488 0.6144
vn -0.3122 -0.8705 0.3804
vn -0.3121 -0.8706 0.3804
vn -0.3121 -0.8706 0.3803
vn -0.6144 0.2488 0.7487
vn -0.2320 -0.8706 0.4339
vn -0.2320 -0.8705 0.4340
vn -0.2318 -0.8707 0.4338
vn -0.4566 0.2488 0.8542
vn -0.1428 -0.8706 0.4708
vn -0.2812 0.2488 0.9269
vn -0.0482 -0.8706 0.4896
vn -0.0482 -0.8706 0.4895
vn -0.0482 -0.8707 0.4895
vn -0.0950 0.2488 0.9639
vn -0.0949 0.2488 0.9639
vn 0.0482 -0.8706 0.4896
vn 0.0482 -0.8706 0.4895
vn 0.0949 0.2488 0.9639
vn 0.0950 0.2488 0.9639
vn 0.1428 -0.8706 0.4709
vn 0.1428 -0.8706 0.4708
vn 0.2812 0.2488 0.9269
vn 0.2319 -0.8706 0.4340
vn 0.2319 -0.8706 0.4339
vn 0.4566 0.2488 0.8542
vn 0.3121 -0.8706 0.3803
vn 0.6144 0.2488 0.7487
vn 0.7487 0.2488 0.6144
vn 0.3803 -0.8706 0.3122
vn 0.3803 -0.8706 0.3121
vn 0.6562 0.5286 0.5385
vn 0.5385 0.5286 0.6562
vn 0.7486 0.5286 0.4001
vn 0.4339 -0.8706 0.2320
vn 0.4339 -0.8706 0.2319
vn 0.8123 0.5287 0.2464
vn 0.4708 -0.8706 0.1428
vn 0.8542 0.2488 0.4566
vn 0.9269 0.2488 0.2812
vn 0.9639 0.2488 0.0949
vn 0.4896 -0.8706 0.0482
vn 0.9639 0.2488 -0.0949
vn 0.4896 -0.8706 -0.0482
vn 0.8447 0.5287 -0.0832
vn 0.8447 0.5287 0.0832
vn 0.8123 0.5287 -0.2464
vn 0.4708 -0.8706 -0.1428
vn 0.4707 -0.8706 -0.1428
vn 0.7486 0.5286 -0.4001
vn 0.4339 -0.8706 -0.2319
vn 0.9269 0.2488 -0.2812
vn 0.9269 0.2487 -0.2812
vn 0.8542 0.2488 -0.4566
vn 0.7487 0.2488 -0.6144
vn 0.7487 0.2488 -0.6145
vn 0.3803 -0.8706 -0.3121
vn 0.6144 0.2488 -0.7487
vn 0.3121 -0.8706 -0.3803
vn 0.3121 -0.8706 -0.3804
vn 0.5385 0.5287 -0.6561
vn 0.5385 0.5286 -0.6562
vn 0.6562 0.5286 -0.5385
vn 0.4002 0.5286 -0.7486
vn 0.4001 0.5287 -0.7486
vn 0.2319 -0.8706 -0.4340
vn 0.2319 -0.8706 -0.4339
vn 0.2464 0.5287 -0.8123
vn 0.2464 0.5286 -0.8123
vn 0.1428 -0.8706 -0.4708
vn 0.4566 0.2488 -0.8542
vn 0.2812 0.2488 -0.9269
vn -0.2319 0.8706 0.4339
vn -0.2319 0.8706 0.4340
vn -0.1428 0.8706 0.4709
vn 0.4708 -0.0524 -0.8807
vn 0.2899 -0.0524 -0.9556
vn 0.0979 -0.0524 -0.9938
vn -0.0482 0.8706 0.4896
vn -0.0482 0.8705 0.4897
vn -0.0979 -0.0524 -0.9938
vn 0.0482 0.8706 0.4896
vn 0.0482 0.8705 0.4897
vn 0.0482 0.8705 0.4898
vn -0.0968 -0.1601 -0.9823
vn -0.0967 -0.1601 -0.9823
vn 0.0967 -0.1601 -0.9823
vn 0.0968 -0.1601 -0.9823
vn 0.0913 -0.3632 -0.9272
vn -0.0913 -0.3632 -0.9272
vn -0.0979 -0.0336 -0.9946
vn -0.0980 -0.0336 -0.9946
vn 0.0980 -0.0336 -0.9946
vn 0.0979 -0.0336 -0.9946
vn -0.2705 -0.3632 -0.8916
vn -0.2901 -0.0336 -0.9564
vn -0.4392 -0.3632 -0.8217
vn -0.4711 -0.0336 -0.8814
vn -0.5911 -0.3632 -0.7202
vn -0.6340 -0.0336 -0.7726
vn -0.7202 -0.3632 -0.5911
vn -0.7726 -0.0337 -0.6340
vn -0.7726 -0.0336 -0.6340
vn -0.8217 -0.3632 -0.4392
vn -0.8814 -0.0336 -0.4711
vn -0.8814 -0.0336 -0.4712
vn -0.8916 -0.3632 -0.2704
vn -0.8916 -0.3632 -0.2705
vn -0.9564 -0.0336 -0.2901
vn -0.9272 -0.3632 -0.0913
vn -0.9946 -0.0336 -0.0980
vn -0.9272 -0.3632 0.0913
vn -0.9946 -0.0336 0.0980
vn -0.8916 -0.3632 0.2705
vn -0.8916 -0.3632 0.2704
vn -0.9564 -0.0336 0.2901
vn -0.8217 -0.3632 0.4392
vn -0.8814 -0.0336 0.4711
vn -0.8814 -0.0336 0.4712
vn -0.7202 -0.3632 0.5911
vn -0.7726 -0.0336 0.6340
vn -0.7726 -0.0337 0.6340
vn -0.5911 -0.3632 0.7202
vn -0.6340 -0.0336 0.7726
vn -0.4392 -0.3632 0.8217
vn -0.4711 -0.0336 0.8814
vn -0.2705 -0.3632 0.8916
vn -0.2901 -0.0336 0.9564
vn -0.0913 -0.3632 0.9272
vn -0.0980 -0.0336 0.9946
vn -0.0979 -0.0336 0.9946
vn 0.0913 -0.3632 0.9272
vn 0.0979 -0.0336 0.9946
vn 0.0980 -0.0336 0.9946
vn 0.2705 -0.3632 0.8916
vn 0.2901 -0.0336 0.9564
vn 0.4392 -0.3632 0.8217
vn 0.4711 -0.0336 0.8814
vn 0.5911 -0.3632 0.7202
vn 0.6340 -0.0336 0.7726
vn 0.7202 -0.3632 0.5911
vn 0.7726 -0.0336 0.6340
vn 0.8217 -0.3632 0.4392
vn 0.8814 -0.0336 0.4711
vn 0.8916 -0.3632 0.2705
vn 0.9564 -0.0336 0.2901
vn 0.9272 -0.3632 0.0913
vn 0.9946 -0.0336 0.0980
vn 0.9946 -0.0337 0.0979
vn 0.9272 -0.3632 -0.0913
vn 0.9946 -0.0336 -0.0980
vn 0.9946 -0.0337 -0.0979
vn 0.8916 -0.3632 -0.2705
vn 0.9564 -0.0336 -0.2901
vn 0.8217 -0.3632 -0.4392
vn 0.8814 -0.0336 -0.4711
vn 0.7202 -0.3632 -0.5911
vn 0.7726 -0.0336 -0.6340
vn 0.5911 -0.3632 -0.7202
vn 0.6340 -0.0337 -0.7726
vn 0.6340 -0.0336 -0.7726
vn 0.4392 -0.3632 -0.8217
vn 0.4711 -0.0336 -0.8814
vn 0.4712 -0.0337 -0.8814
vn 0.2705 -0.3632 -0.8916
vn 0.2901 -0.0336 -0.9564
vn 0.4085 0.4991 -0.7642
vn 0.2516 0.4991 -0.8292
vn 0.2515 0.4991 -0.8292
vn 0.0849 0.4991 -0.8624
vn 0.0439 0.8943 -0.4454
vn 0.0439 0.8943 -0.4453
vn 0.1299 0.8943 -0.4282
vn -0.0439 0.8943 -0.4453
vn -0.0439 0.8943 -0.4454
vn -0.0849 0.4991 -0.8624
vn -0.2515 0.4991 -0.8292
vn -0.2515 0.4991 -0.8293
vn -0.1299 0.8943 -0.4283
vn -0.4085 0.4991 -0.7642
vn -0.2110 0.8943 -0.3947
vn -0.5497 0.4991 -0.6698
vn -0.5497 0.4991 -0.6699
vn -0.2839 0.8943 -0.3459
vn -0.6698 0.4991 -0.5497
vn -0.6698 0.4991 -0.5498
vn -0.3459 0.8943 -0.2839
vn -0.7642 0.4991 -0.4085
vn -0.3947 0.8943 -0.2110
vn -0.3947 0.8943 -0.2109
vn -0.8292 0.4991 -0.2515
vn -0.8292 0.4991 -0.2516
vn -0.4283 0.8943 -0.1299
vn -0.8624 0.4991 -0.0849
vn -0.4454 0.8943 -0.0439
vn -0.8624 0.4991 0.0849
vn -0.4453 0.8943 0.0439
vn -0.4454 0.8943 0.0439
vn -0.8292 0.4991 0.2515
vn -0.8292 0.4991 0.2516
vn -0.4282 0.8943 0.1299
vn -0.4283 0.8943 0.1299
vn -0.7642 0.4991 0.4085
vn -0.3947 0.8943 0.2109
vn -0.3947 0.8943 0.2110
vn -0.6698 0.4991 0.5498
vn -0.6698 0.4991 0.5497
vn -0.3459 0.8943 0.2839
vn -0.5497 0.4991 0.6698
vn -0.2839 0.8943 0.3460
vn -0.4085 0.4991 0.7642
vn -0.2110 0.8943 0.3947
vn -0.2515 0.4991 0.8293
vn -0.2515 0.4991 0.8292
vn -0.1299 0.8943 0.4282
vn -0.0849 0.4991 0.8624
vn -0.0439 0.8943 0.4453
vn 0.0849 0.4991 0.8624
vn 0.0439 0.8943 0.4454
vn 0.0439 0.8943 0.4453
vn 0.2515 0.4991 0.8292
vn 0.2515 0.4991 0.8293
vn 0.1299 0.8943 0.4282
vn 0.4085 0.4991 0.7642
vn 0.2110 0.8943 0.3947
vn 0.2110 0.8943 0.3946
vn 0.5497 0.4991 0.6698
vn 0.2839 0.8943 0.3460
vn 0.2839 0.8943 0.3459
vn 0.6698 0.4991 0.5497
vn 0.6698 0.4991 0.5498
vn 0.3460 0.8943 0.2839
vn 0.7642 0.4991 0.4085
vn 0.3947 0.8943 0.2110
vn 0.8292 0.4991 0.2515
vn 0.4283 0.8943 0.1299
vn 0.8624 0.4991 0.0849
vn 0.8624 0.4991 0.0850
vn 0.4454 0.8943 0.0439
vn 0.8624 0.4991 -0.0850
vn 0.8624 0.4991 -0.0849
vn 0.4454 0.8943 -0.0439
vn 0.8292 0.4991 -0.2515
vn 0.4282 0.8943 -0.1299
vn 0.4283 0.8943 -0.1299
vn 0.7642 0.4991 -0.4085
vn 0.3947 0.8943 -0.2110
vn 0.6698 0.4991 -0.5497
vn 0.3460 0.8943 -0.2839
vn 0.5497 0.4991 -0.6698
vn 0.5497 0.4991 -0.6699
vn 0.2839 0.8943 -0.3460
vn 0.2839 0.8943 -0.3459
vn 0.2110 0.8943 -0.3947
vn 0.2110 0.8943 -0.3946
vn 0.2865 -0.1601 -0.9446
vn 0.2866 -0.1601 -0.9446
vn 0.4653 -0.1601 -0.8705
vn 0.6262 -0.1601 -0.7630
vn 0.6335 -0.0524 -0.7720
vn 0.6335 -0.0524 -0.7719
vn 0.6335 -0.0523 -0.7720
vn 0.7720 -0.0524 -0.6335
vn 0.7719 -0.0524 -0.6335
vn 0.7630 -0.1601 -0.6262
vn 0.8807 -0.0524 -0.4707
vn 0.8705 -0.1601 -0.4653
vn 0.9556 -0.0524 -0.2899
vn 0.9446 -0.1601 -0.2865
vn 0.9446 -0.1601 -0.2866
vn 0.9938 -0.0524 -0.0979
vn 0.9823 -0.1601 -0.0967
vn 0.9823 -0.1601 -0.0968
vn 0.9938 -0.0524 0.0979
vn 0.9823 -0.1601 0.0968
vn 0.9823 -0.1601 0.0967
vn 0.9556 -0.0524 0.2899
vn 0.9446 -0.1601 0.2865
vn 0.9446 -0.1601 0.2866
vn 0.8807 -0.0524 0.4707
vn 0.8705 -0.1601 0.4653
vn 0.7719 -0.0524 0.6335
vn 0.7720 -0.0524 0.6335
vn 0.7630 -0.1601 0.6262
vn 0.6335 -0.0524 0.7719
vn 0.6335 -0.0524 0.7720
vn 0.6262 -0.1601 0.7630
vn 0.4707 -0.0524 0.8807
vn 0.4653 -0.1601 0.8705
vn 0.2899 -0.0524 0.9556
vn 0.2865 -0.1601 0.9446
vn 0.2866 -0.1601 0.9446
vn 0.0979 -0.0524 0.9938
vn 0.0968 -0.1601 0.9823
vn 0.0967 -0.1601 0.9823
vn -0.0979 -0.0524 0.9938
vn -0.0967 -0.1601 0.9823
vn -0.0968 -0.1601 0.9823
vn -0.2899 -0.0524 0.9556
vn -0.2865 -0.1601 0.9446
vn -0.2866 -0.1601 0.9446
vn -0.4707 -0.0524 0.8807
vn -0.4708 -0.0524 0.8807
vn -0.4707 -0.0523 0.8807
vn -0.4653 -0.1601 0.8705
vn -0.6335 -0.0523 0.7720
vn -0.6262 -0.1601 0.7630
vn -0.7720 -0.0524 0.6335
vn -0.7630 -0.1601 0.6262
vn -0.8807 -0.0524 0.4708
vn -0.8705 -0.1601 0.4653
vn -0.9556 -0.0524 0.2899
vn -0.9446 -0.1601 0.2865
vn -0.9446 -0.1601 0.2866
vn -0.9938 -0.0524 0.0979
vn -0.9823 -0.1601 0.0967
vn -0.9938 -0.0524 -0.0979
vn -0.9823 -0.1601 -0.0967
vn -0.9556 -0.0524 -0.2899
vn -0.9446 -0.1601 -0.2865
vn -0.9446 -0.1601 -0.2866
vn -0.8807 -0.0524 -0.4708
vn -0.8705 -0.1601 -0.4653
vn -0.7720 -0.0524 -0.6335
vn -0.7630 -0.1601 -0.6262
vn -0.6335 -0.0524 -0.7720
vn -0.6262 -0.1601 -0.7630
vn -0.4708 -0.0524 -0.8807
vn -0.4653 -0.1601 -0.8705
vn -0.2899 -0.0524 -0.9556
vn -0.2865 -0.1601 -0.9446
vn -0.2866 -0.1601 -0.9446
vn 0.1428 0.8706 0.4709
vn 0.1428 0.8705 0.4709
vn 0.2320 0.8706 0.4339
vn 0.2319 0.8706 0.4339
vn 0.3121 0.8706 0.3803
vn 0.3121 0.8706 0.3804
vn 0.3121 0.8705 0.3804
vn 0.3804 0.8706 0.3121
vn 0.3803 0.8706 0.3121
vn 0.3803 0.8706 0.3122
vn 0.4339 0.8706 0.2319
vn 0.4339 0.8706 0.2320
vn 0.4709 0.8706 0.1428
vn 0.4709 0.8706 0.1429
vn 0.4897 0.8706 0.0482
vn 0.4897 0.8705 0.0482
vn 0.4894 0.8707 0.0482
vn 0.4897 0.8706 -0.0482
vn 0.4897 0.8705 -0.0482
vn 0.4709 0.8706 -0.1428
vn 0.4709 0.8706 -0.1429
vn 0.4339 0.8706 -0.2319
vn 0.4339 0.8706 -0.2320
vn 0.3804 0.8706 -0.3121
vn 0.3803 0.8706 -0.3121
vn 0.3122 0.8706 -0.3803
vn 0.3121 0.8705 -0.3804
vn 0.2320 0.8706 -0.4340
vn 0.2320 0.8705 -0.4340
vn 0.2320 0.8706 -0.4339
vn 0.1428 0.8706 -0.4709
vn 0.1428 0.8705 -0.4709
vn 0.0482 0.8706 -0.4896
vn 0.0482 0.8705 -0.4897
vn -0.0482 0.8706 -0.4896
vn -0.0482 0.8705 -0.4897
vn -0.1428 0.8706 -0.4709
vn -0.2319 0.8706 -0.4339
vn -0.2320 0.8705 -0.4340
vn -0.3122 0.8706 -0.3803
vn -0.3121 0.8705 -0.3804
vn -0.3120 0.8707 -0.3801
vn -0.3804 0.8706 -0.3121
vn -0.3804 0.8705 -0.3122
vn -0.3802 0.8707 -0.3120
vn -0.4340 0.8706 -0.2320
vn -0.4339 0.8706 -0.2319
vn -0.4708 0.8706 -0.1428
vn -0.4896 0.8706 -0.0482
vn -0.4896 0.8706 0.0482
vn -0.4708 0.8706 0.1428
vn -0.4340 0.8706 0.2320
vn -0.4339 0.8706 0.2319
vn -0.3804 0.8706 0.3121
vn -0.3804 0.8705 0.3122
vn -0.3122 0.8706 0.3803
vn -0.3122 0.8706 0.3804
vn 0.0938 0.9800 -0.1755
vn 0.0578 0.9800 -0.1905
vn 0.1869 0.9181 -0.3496
vn 0.1151 0.9181 -0.3794
vn 0.2515 0.9181 -0.3065
vn 0.1263 0.9800 -0.1539
vn 0.3064 0.9181 -0.2515
vn 0.3065 0.9181 -0.2515
vn 0.1539 0.9800 -0.1263
vn 0.3496 0.9181 -0.1869
vn 0.1755 0.9800 -0.0938
vn 0.3794 0.9181 -0.1151
vn 0.1905 0.9800 -0.0578
vn 0.3945 0.9181 -0.0389
vn 0.1981 0.9800 -0.0195
vn 0.3945 0.9181 0.0389
vn 0.1981 0.9800 0.0195
vn 0.3794 0.9181 0.1151
vn 0.1905 0.9800 0.0578
vn 0.3496 0.9181 0.1869
vn 0.1755 0.9800 0.0938
vn 0.3064 0.9181 0.2515
vn 0.1539 0.9800 0.1263
vn 0.2515 0.9181 0.3064
vn 0.1263 0.9800 0.1539
vn 0.1263 0.9800 0.1538
vn 0.1869 0.9181 0.3496
vn 0.0938 0.9800 0.1755
vn 0.1151 0.9181 0.3794
vn 0.0578 0.9800 0.1905
vn 0.0389 0.9181 0.3945
vn 0.0195 0.9800 0.1981
vn -0.0389 0.9181 0.3945
vn -0.0195 0.9800 0.1981
vn -0.1151 0.9181 0.3794
vn -0.0578 0.9800 0.1905
vn -0.1869 0.9181 0.3496
vn -0.0938 0.9800 0.1755
vn -0.2515 0.9181 0.3065
vn -0.2515 0.9181 0.3064
vn -0.1263 0.9800 0.1539
vn -0.3065 0.9181 0.2515
vn -0.1539 0.9800 0.1263
vn -0.3496 0.9181 0.1869
vn -0.1755 0.9800 0.0938
vn -0.3794 0.9181 0.1151
vn -0.1905 0.9800 0.0578
vn -0.3945 0.9181 0.0389
vn -0.1981 0.9800 0.0195
vn -0.3945 0.9181 -0.0389
vn -0.1981 0.9800 -0.0195
vn -0.3794 0.9181 -0.1151
vn -0.1905 0.9800 -0.0578
vn -0.3496 0.9181 -0.1869
vn -0.1755 0.9800 -0.0938
vn -0.3065 0.9181 -0.2515
vn -0.1539 0.9800 -0.1263
vn -0.2515 0.9181 -0.3065
vn -0.1263 0.9800 -0.1539
vn -0.1869 0.9181 -0.3496
vn -0.0938 0.9800 -0.1755
vn -0.1151 0.9181 -0.3794
vn -0.0578 0.9800 -0.1905
vn -0.2408 -0.5587 -0.7936
vn -0.2407 -0.5587 -0.7936
vn -0.3910 -0.5587 -0.7314
vn -0.3909 -0.5587 -0.7314
vn -0.5261 -0.5587 -0.6411
vn -0.6411 -0.5587 -0.5261
vn -0.7314 -0.5587 -0.3910
vn -0.7936 -0.5588 -0.2407
vn -0.7936 -0.5587 -0.2408
vn -0.8254 -0.5587 -0.0813
vn -0.8253 -0.5588 -0.0813
vn -0.8253 -0.5588 0.0813
vn -0.8254 -0.5587 0.0813
vn -0.7936 -0.5587 0.2408
vn -0.7936 -0.5588 0.2407
vn -0.7314 -0.5587 0.3909
vn -0.7314 -0.5587 0.3910
vn -0.6411 -0.5587 0.5261
vn -0.5261 -0.5587 0.6411
vn -0.3910 -0.5587 0.7314
vn -0.2407 -0.5587 0.7937
vn -0.2407 -0.5587 0.7936
vn -0.0813 -0.5587 0.8253
vn -0.0813 -0.5587 0.8254
vn 0.0813 -0.5587 0.8254
vn 0.0813 -0.5587 0.8253
vn 0.2407 -0.5587 0.7937
vn 0.2407 -0.5587 0.7936
vn 0.3910 -0.5587 0.7314
vn 0.5261 -0.5587 0.6411
vn 0.6411 -0.5587 0.5261
vn 0.7314 -0.5587 0.3910
vn 0.7937 -0.5587 0.2408
vn 0.7937 -0.5587 0.2407
vn 0.8254 -0.5587 0.0813
vn 0.8253 -0.5587 0.0813
vn 0.8254 -0.5587 -0.0813
vn 0.8253 -0.5587 -0.0813
vn 0.7936 -0.5587 -0.2407
vn 0.7937 -0.5587 -0.2408
vn 0.7314 -0.5587 -0.3909
vn 0.7314 -0.5587 -0.3910
vn 0.6411 -0.5587 -0.5261
vn 0.5261 -0.5587 -0.6411
vn 0.3910 -0.5587 -0.7314
vn 0.2408 -0.5587 -0.7936
vn -0.7486 0.5287 -0.4001
vn -0.8123 0.5286 -0.2464
vn -0.8123 0.5287 -0.2464
vn -0.8448 0.5286 -0.0832
vn -0.8448 0.5286 0.0832
vn -0.8123 0.5286 0.2464
vn -0.8123 0.5287 0.2464
vn -0.7486 0.5287 0.4001
vn -0.6562 0.5286 0.5385
vn -0.6562 0.5287 0.5385
vn -0.5385 0.5286 0.6562
vn -0.4002 0.5286 0.7486
vn -0.4001 0.5286 0.7486
vn -0.2464 0.5287 0.8123
vn -0.2464 0.5286 0.8123
vn -0.0832 0.5287 0.8447
vn -0.0832 0.5287 0.8448
vn 0.0832 0.5287 0.8447
vn 0.0832 0.5287 0.8448
vn 0.2464 0.5286 0.8123
vn 0.2464 0.5287 0.8123
vn 0.4001 0.5286 0.7486
vn 0.4002 0.5286 0.7486
vn 0.0813 -0.5588 -0.8253
vn -0.0813 -0.5588 -0.8253
vn -0.0482 -0.8707 -0.4895
vn -0.2318 -0.8707 -0.4338
vn -0.2464 0.5286 -0.8124
vn -0.3121 -0.8706 -0.3803
vn 0.0482 -0.8707 0.4895
vn 0.8542 0.2487 -0.4566
vn 0.3803 -0.8706 -0.3122
vn 0.2464 0.5286 -0.8124
vn -0.4712 -0.0336 -0.8814
vn -0.8814 -0.0337 -0.4711
vn -0.8814 -0.0337 0.4711
vn -0.6341 -0.0336 0.7726
vn 0.6341 -0.0336 0.7726
vn 0.7726 -0.0337 -0.6340
vn -0.2110 0.8943 -0.3946
vn -0.8624 0.4991 -0.0850
vn -0.4453 0.8943 -0.0438
vn -0.8624 0.4991 0.0850
vn -0.2516 0.4991 0.8292
vn 0.8292 0.4991 0.2516
vn 0.4282 0.8943 0.1299
vn 0.4454 0.8943 -0.0438
vn 0.8292 0.4991 -0.2516
vn 0.4283 0.8943 -0.1300
vn 0.3459 0.8943 -0.2839
vn -0.0000 1.0000 0.0001
vn -0.0000 1.0000 -0.0001
vn 0.7719 -0.0523 -0.6335
vn 0.8807 -0.0524 -0.4708
vn 0.8807 -0.0524 0.4708
vn 0.7719 -0.0523 0.6335
vn 0.4708 -0.0524 0.8807
vn -0.7719 -0.0523 0.6335
vn -0.7719 -0.0523 -0.6335
vn 0.3121 0.8706 0.3802
vn 0.4894 0.8707 -0.0482
vn 0.3803 0.8706 -0.3122
vn 0.3120 0.8707 -0.3801
vn 0.0482 0.8705 -0.4898
vn -0.4709 0.8706 -0.1428
vn -0.3802 0.8707 0.3120
vn -0.3121 0.8706 0.3804
vn 0.1263 0.9800 -0.1538
vn 0.1151 0.9181 0.3793
vn -0.2515 0.9181 -0.3064
vn -0.2407 -0.5587 -0.7937
vn -0.3910 -0.5588 -0.7314
vn -0.7314 -0.5587 -0.3909
vn -0.0813 -0.5588 0.8253
vn 0.0813 -0.5588 0.8253
vn 0.7936 -0.5587 0.2407
vn -0.7486 0.5286 -0.4001
vn -0.8447 0.5287 -0.0832
vn -0.8447 0.5287 0.0832
vn -0.7486 0.5286 0.4001
vn 0.2464 0.5285 0.8124
vn 0.6282 -0.5712 -0.5283
vn 0.6687 -0.5715 -0.4756
vn 0.6657 -0.5778 -0.4722
vn 0.6652 -0.5772 -0.4736
vn 0.7841 -0.5269 -0.3280
vn 0.7433 -0.5479 -0.3839
vn 0.6314 -0.6154 -0.4718
vn 0.7474 -0.5714 -0.3391
vn 0.4791 0.2992 0.8252
vn 0.4755 0.3002 0.8269
vn 0.4834 0.3067 0.8199
vn 0.4819 0.3087 0.8200
vn 0.4842 0.3076 0.8191
vn 0.9384 -0.2915 0.1855
vn 0.9094 -0.3984 -0.1190
vn 0.3741 0.3424 0.8619
vn 0.9077 -0.1442 0.3942
vn 0.2801 0.4910 0.8249
vn 0.7914 0.0033 0.6114
vn 0.7066 0.4106 0.5763
vn 0.4699 0.0009 0.8827
vn 0.7356 0.2943 0.6102
vn 0.2379 -0.1488 0.9598
vn 0.7250 0.3104 0.6148
vn 0.7246 0.3090 0.6160
vn 0.7330 0.3038 0.6086
vn 0.0313 -0.2805 0.9593
vn 0.7576 0.3357 0.5598
vn 0.7571 0.3355 0.5606
vn 0.7510 0.3431 0.5642
vn 0.1708 -0.2336 0.9572
vn 0.1716 -0.2304 0.9578
vn 0.1711 -0.2330 0.9573
vn 0.7691 0.3736 0.5186
vn 0.2486 -0.2002 0.9477
vn 0.8431 0.3308 0.4239
vn 0.2333 -0.1083 0.9664
vn 0.9001 0.1186 0.4193
vn 0.2615 0.2176 0.9404
vn 0.8615 -0.0721 0.5026
vn 0.2386 0.3860 0.8911
vn 0.8241 -0.0988 0.5578
vn 0.1980 0.5821 0.7886
vn 0.6807 -0.1580 0.7153
vn 0.3031 0.8131 0.4970
vn 0.4794 -0.0831 0.8737
vn 0.5805 0.8142 -0.0098
vn 0.5047 -0.1324 0.8531
vn 0.4206 0.9020 -0.0970
vn 0.7499 -0.1027 0.6535
vn -0.0299 0.8875 0.4597
vn 0.7932 -0.1128 0.5984
vn -0.1138 0.8091 0.5765
vn 0.5838 -0.1905 0.7893
vn 0.4322 0.8140 0.3880
vn 0.3898 -0.1265 0.9122
vn 0.7393 0.5860 0.3318
vn 0.3217 -0.0941 0.9421
vn 0.8351 0.3903 0.3875
vn 0.2397 0.1107 0.9645
vn 0.8814 0.2221 0.4170
vn 0.3414 0.3029 0.8898
vn 0.9022 -0.1056 0.4182
vn 0.4288 0.3379 0.8378
vn 0.4266 0.3416 0.8374
vn 0.4258 0.3326 0.8415
vn 0.9171 -0.2275 0.3273
vn 0.9176 -0.2240 0.3284
vn 0.9176 -0.2248 0.3279
vn 0.7194 0.0395 0.6934
vn 0.7226 0.0455 0.6898
vn 0.7193 0.0388 0.6936
vn 0.7251 0.0822 0.6838
vn 0.6598 0.0595 0.7491
vn 0.6603 0.0606 0.7486
vn 0.6597 0.0591 0.7492
vn 0.6543 0.1258 0.7457
vn 0.6528 0.1242 0.7473
vn 0.6604 0.1189 0.7414
vn 0.7572 0.0637 0.6500
vn 0.7585 0.0597 0.6490
vn 0.7583 0.0605 0.6491
vn 0.6562 0.1160 0.7457
vn 0.6614 0.1200 0.7404
vn 0.7067 0.0724 0.7038
vn 0.6871 0.1008 0.7196
vn 0.6241 0.1159 0.7727
vn 0.6192 0.1188 0.7762
vn 0.6237 0.1251 0.7716
vn 0.6159 0.0919 0.7824
vn 0.5136 0.0628 0.8558
vn 0.5123 0.0588 0.8568
vn 0.5132 0.0618 0.8560
vn 0.5482 0.0598 0.8342
vn 0.5670 0.0746 0.8203
vn 0.6262 0.1241 0.7698
vn 0.6277 0.1221 0.7688
vn 0.6274 0.0592 0.7764
vn 0.6268 0.0605 0.7768
vn 0.6267 0.0607 0.7769
vn 0.5625 0.0383 0.8259
vn 0.5583 0.0441 0.8285
vn 0.5579 0.0445 0.8287
vn 0.5678 0.1650 0.8064
vn 0.6267 0.1341 0.7677
vn 0.6196 0.0576 0.7828
vn 0.5540 0.1588 0.8172
vn 0.5563 0.3063 0.7725
vn 0.5499 0.3021 0.7787
vn 0.5571 0.3069 0.7717
vn 0.6231 0.2524 0.7403
vn 0.6202 0.2565 0.7414
vn 0.6193 0.2543 0.7428
vn 0.6186 0.4871 0.6166
vn 0.5998 0.4501 0.6616
vn 0.5000 0.4863 0.7166
vn 0.6247 0.2565 0.7375
vn 0.6263 0.2544 0.7369
vn 0.6729 0.3030 0.6749
vn 0.6656 0.3071 0.6802
vn 0.6647 0.3077 0.6808
vn 0.5481 0.4498 0.7052
vn 0.7113 0.1599 0.6844
vn 0.6674 0.0579 0.7425
vn 0.6983 0.1661 0.6963
vn 0.6505 0.1343 0.7475
vn 0.7516 -0.5903 -0.2943
vn 0.8442 -0.4155 -0.3387
vn 0.6102 -0.4933 -0.6199
vn 0.5958 -0.6483 -0.4741
vn -0.8810 -0.0769 -0.4668
vn -0.8176 -0.0481 -0.5738
vn -0.0531 -0.5636 -0.8244
vn -0.0515 -0.5661 -0.8227
vn -0.0528 -0.5641 -0.8240
vn -0.1734 -0.4817 -0.8590
vn -0.7940 -0.0920 -0.6009
vn -0.7913 -0.0931 -0.6043
vn -0.7888 -0.0873 -0.6084
vn 0.1036 -0.5833 -0.8056
vn -0.7530 -0.1232 -0.6464
vn -0.7524 -0.1241 -0.6470
vn -0.7596 -0.1266 -0.6379
vn 0.4130 -0.5721 -0.7086
vn -0.7589 -0.1390 -0.6362
vn -0.1396 -0.5099 -0.8488
vn -0.7657 -0.0148 -0.6430
vn -0.4082 -0.4158 -0.8127
vn -0.3683 0.0993 -0.9244
vn -0.6595 -0.4595 -0.5949
vn -0.4144 -0.0736 -0.9071
vn -0.7382 -0.6701 -0.0769
vn -0.6635 -0.3615 -0.6551
vn -0.6521 -0.3352 -0.6800
vn -0.7119 -0.3667 -0.5990
vn -0.7122 -0.3701 -0.5965
vn -0.7120 -0.3694 -0.5972
vn -0.6256 -0.3214 -0.7109
vn -0.6305 -0.3183 -0.7079
vn -0.6319 -0.3172 -0.7072
vn -0.5894 -0.3178 -0.7427
vn -0.5933 -0.3211 -0.7382
vn -0.5885 -0.3169 -0.7438
vn -0.5583 -0.3346 -0.7591
vn -0.4656 -0.3684 -0.8047
vn -0.4680 -0.3648 -0.8049
vn -0.4661 -0.3676 -0.8047
vn -0.5317 -0.3605 -0.7664
vn -0.5980 -0.3130 -0.7379
vn -0.5953 -0.3123 -0.7404
vn -0.5114 -0.3501 -0.7847
vn -0.5801 -0.3730 -0.7241
vn -0.5803 -0.3741 -0.7234
vn -0.5803 -0.3745 -0.7232
vn -0.5075 -0.3847 -0.7710
vn -0.5100 -0.3903 -0.7665
vn -0.5101 -0.3910 -0.7661
vn -0.6013 -0.3038 -0.7390
vn -0.5520 -0.2711 -0.7885
vn -0.5720 -0.3754 -0.7293
vn -0.5365 -0.2764 -0.7974
vn -0.2957 -0.0051 -0.9553
vn -0.2671 -0.1795 -0.9468
vn -0.8754 -0.2835 -0.3914
vn -0.7804 -0.4712 -0.4111
vn -0.7343 -0.5027 -0.4562
vn -0.3175 0.2165 -0.9232
vn -0.5726 -0.5658 -0.5933
vn -0.4978 0.4889 -0.7164
vn -0.3935 -0.4919 -0.7766
vn -0.7836 0.5752 -0.2347
vn -0.4045 -0.5370 -0.7403
vn -0.6825 0.6594 -0.3154
vn -0.6572 -0.5159 -0.5495
vn -0.2020 0.6629 -0.7210
vn -0.6987 -0.5197 -0.4917
vn -0.1048 0.5802 -0.8077
vn -0.5406 0.1265 -0.8317
vn -0.5683 0.0545 -0.8210
vn -0.6329 -0.1867 -0.7514
vn -0.6358 -0.1826 -0.7500
vn -0.6326 -0.1841 -0.7523
vn -0.6922 -0.1300 -0.7099
vn -0.6982 -0.1341 -0.7032
vn -0.6996 -0.1352 -0.7016
vn -0.7013 0.0663 -0.7097
vn -0.6311 -0.1826 -0.7539
vn -0.6296 -0.1848 -0.7546
vn -0.6703 0.0238 -0.7417
vn -0.5827 -0.1294 -0.8023
vn -0.5751 -0.1334 -0.8071
vn -0.5837 -0.1289 -0.8017
vn -0.6278 -0.4173 -0.6571
vn -0.6654 0.5469 -0.5081
vn -0.8752 0.2201 -0.4308
vn -0.4666 -0.5914 -0.6576
vn -0.2932 -0.5178 -0.8037
vn -0.2363 -0.4786 -0.8456
vn -0.9349 -0.0068 -0.3549
vn -0.2153 -0.2776 -0.9363
vn -0.9062 -0.2025 -0.3712
vn -0.7275 -0.3176 -0.6081
vn -0.6940 -0.2953 -0.6566
vn -0.6279 -0.3166 -0.7110
vn -0.6126 -0.3743 -0.6961
vn -0.6134 -0.3732 -0.6961
vn -0.6126 -0.3744 -0.6961
vn -0.6670 -0.3916 -0.6339
vn -0.6719 -0.3861 -0.6321
vn -0.6664 -0.3921 -0.6341
vn -0.6271 -0.3122 -0.7137
vn -0.6245 -0.3132 -0.7155
vn -0.6848 -0.3514 -0.6384
vn -0.8137 -0.4863 -0.3186
vn -0.7977 -0.5714 -0.1927
vn -0.7990 -0.5689 -0.1948
vn -0.7988 -0.5694 -0.1941
vn -0.3702 -0.1087 -0.9226
vn -0.4600 -0.0816 -0.8842
vn -0.4659 -0.0818 -0.8811
vn -0.4581 -0.0844 -0.8849
vn -0.5006 -0.1243 -0.8567
vn -0.5014 -0.1296 -0.8554
vn -0.5106 -0.1223 -0.8511
vn -0.8066 -0.5899 -0.0373
vn -0.5099 -0.1214 -0.8516
vn -0.5119 -0.1231 -0.8502
vn -0.7628 -0.5807 0.2844
vn -0.5939 -0.5896 0.5474
vn -0.5902 -0.6271 0.5083
vn -0.4257 -0.5733 0.7001
vn -0.4735 -0.5511 0.6871
vn -0.5759 -0.5800 0.5762
vn -0.5743 -0.5858 0.5718
vn -0.5767 -0.5809 0.5745
vn -0.5112 -0.5440 0.6653
vn -0.3033 -0.6344 0.7110
vn -0.5233 -0.7720 0.3608
vn 0.7808 -0.6234 -0.0401
vn 0.4224 -0.7189 -0.5521
vn -0.3882 -0.5941 0.7046
vn -0.5816 -0.6574 0.4792
vn -0.4851 -0.4251 0.7641
vn -0.6987 -0.5041 0.5077
vn -0.6332 0.1561 0.7581
vn -0.8865 0.0591 0.4589
vn -0.8180 0.4733 0.3268
vn -0.6052 0.5575 0.5683
vn -0.5134 0.7602 0.3981
vn -0.6949 0.6932 0.1913
vn -0.1779 0.9840 0.0065
vn -0.1749 0.9846 0.0075
vn -0.1742 0.9847 0.0075
vn -0.3151 0.9361 -0.1565
vn -0.3156 0.9354 -0.1597
vn -0.3149 0.9362 -0.1559
vn 0.3407 0.8360 -0.4302
vn 0.2395 0.8055 -0.5421
vn 0.2436 0.8919 -0.3811
vn 0.1540 0.8679 -0.4722
vn -0.4240 0.8871 0.1826
vn -0.4985 0.8632 0.0791
vn -0.4883 0.8300 0.2697
vn -0.5814 0.7995 0.1509
vn 0.0283 0.9860 -0.1641
vn 0.0278 0.9855 -0.1673
vn 0.0284 0.9862 -0.1632
vn -0.1095 0.9376 -0.3301
vn -0.1125 0.9369 -0.3311
vn -0.1131 0.9367 -0.3313
vn 0.4864 0.7643 -0.4234
vn 0.2835 0.6999 -0.6555
vn 0.4224 0.4824 -0.7674
vn 0.6841 0.5582 -0.4696
vn 0.5801 0.0725 -0.8113
vn 0.8650 0.1622 -0.4748
vn 0.6697 -0.5709 -0.4749
vn 0.6438 -0.5807 -0.4983
vn 0.7462 -0.5350 -0.3961
vn 0.7616 -0.5422 -0.3551
vn 0.6052 -0.6184 -0.5013
vn 0.7662 -0.5647 -0.3065
vn 0.4217 0.3333 0.8432
vn 0.9169 -0.2282 0.3273
vn 0.9428 -0.2741 0.1895
vn 0.4755 0.2927 0.8296
vn 0.8938 -0.3706 0.2524
vn 0.4462 0.4088 0.7961
vn 0.7335 -0.0367 0.6786
vn 0.7621 0.4946 0.4178
vn 0.5464 -0.0378 0.8367
vn 0.7839 0.3453 0.5159
vn 0.1020 -0.3763 0.9209
vn 0.7238 0.3090 0.6169
vn -0.2665 -0.4070 0.8737
vn 0.7329 0.3018 0.6098
vn 0.0280 -0.2981 0.9541
vn 0.7509 0.3439 0.5638
vn 0.1715 -0.2297 0.9580
vn 0.8173 0.3063 0.4881
vn 0.2620 -0.1102 0.9588
vn 0.9096 0.1156 0.3992
vn 0.2139 0.1893 0.9583
vn 0.8757 -0.0902 0.4744
vn 0.1381 0.3684 0.9194
vn 0.8350 -0.1230 0.5363
vn 0.1594 0.5818 0.7976
vn 0.6820 -0.1897 0.7063
vn 0.1855 0.8443 0.5027
vn 0.4579 -0.1152 0.8815
vn 0.5670 0.8233 -0.0246
vn 0.5193 -0.1042 0.8482
vn 0.4507 0.8910 0.0541
vn 0.7576 -0.1311 0.6394
vn -0.1737 0.8977 0.4048
vn 0.7817 -0.0809 0.6184
vn -0.1261 0.8183 0.5608
vn 0.5924 -0.1589 0.7899
vn 0.4572 0.8464 0.2732
vn 0.4122 -0.1018 0.9054
vn 0.7546 0.5861 0.2950
vn 0.3514 -0.0755 0.9332
vn 0.8800 0.3737 0.2930
vn 0.2614 0.1139 0.9585
vn 0.9074 0.1941 0.3727
vn 0.2741 0.3267 0.9045
vn 0.9144 -0.1034 0.3913
vn 0.3791 0.3708 0.8478
vn 0.8943 -0.1955 0.4025
vn 0.7230 0.0456 0.6894
vn 0.7130 0.0756 0.6971
vn 0.6603 0.0609 0.7485
vn 0.6516 0.1223 0.7486
vn 0.7299 0.0611 0.6808
vn 0.7569 0.0645 0.6503
vn 0.6673 0.0923 0.7391
vn 0.6179 0.1197 0.7771
vn 0.5933 0.1002 0.7988
vn 0.5747 0.0715 0.8152
vn 0.5120 0.0579 0.8570
vn 0.5517 0.0809 0.8301
vn 0.6275 0.0589 0.7764
vn 0.5629 0.0377 0.8257
vn 0.5514 0.1401 0.8224
vn 0.6223 0.1205 0.7735
vn 0.5995 0.0118 0.8003
vn 0.5050 0.1133 0.8556
vn 0.5483 0.3012 0.7801
vn 0.6219 0.2595 0.7389
vn 0.6314 0.5365 0.5599
vn 0.6354 0.4752 0.6086
vn 0.4413 0.5354 0.7201
vn 0.6745 0.3021 0.6737
vn 0.4893 0.4741 0.7319
vn 0.7579 0.1151 0.6422
vn 0.6883 0.0124 0.7253
vn 0.7170 0.1414 0.6826
vn 0.6572 0.1208 0.7440
vn 0.7647 -0.5857 -0.2686
vn 0.8382 -0.4156 -0.3530
vn 0.6218 -0.4944 -0.6074
vn 0.5755 -0.6490 -0.4976
vn -0.8462 -0.1123 -0.5209
vn -0.7899 -0.0837 -0.6074
vn -0.1355 -0.5556 -0.8203
vn -0.1461 -0.4743 -0.8682
vn -0.7583 -0.1315 -0.6385
vn -0.0511 -0.5667 -0.8223
vn -0.7515 -0.1246 -0.6479
vn 0.0960 -0.5701 -0.8159
vn -0.8240 -0.0767 -0.5614
vn 0.0538 -0.6644 -0.7454
vn -0.8504 0.0959 -0.5173
vn -0.4724 -0.4580 -0.7531
vn -0.5053 -0.0131 -0.8628
vn -0.7292 -0.4184 -0.5415
vn -0.4985 -0.1371 -0.8560
vn -0.8091 -0.5148 -0.2835
vn -0.7120 -0.3658 -0.5994
vn -0.6297 -0.3437 -0.6967
vn -0.6836 -0.3709 -0.6286
vn -0.5783 -0.3433 -0.7401
vn -0.5018 -0.3696 -0.7820
vn -0.4685 -0.3639 -0.8050
vn -0.5989 -0.3149 -0.7363
vn -0.5248 -0.3571 -0.7727
vn -0.5800 -0.3727 -0.7243
vn -0.5071 -0.3844 -0.7714
vn -0.5929 -0.3163 -0.7405
vn -0.5285 -0.2940 -0.7964
vn -0.5390 -0.4167 -0.7320
vn -0.4747 -0.3159 -0.8215
vn -0.1930 -0.0014 -0.9812
vn -0.2124 -0.1974 -0.9570
vn -0.8846 -0.2824 -0.3712
vn -0.7899 -0.4828 -0.3780
vn -0.7386 -0.5210 -0.4278
vn -0.2799 0.2244 -0.9334
vn -0.5650 -0.5922 -0.5745
vn -0.3940 0.5487 -0.7374
vn -0.3630 -0.5172 -0.7751
vn -0.7829 0.5862 -0.2083
vn -0.4269 -0.5140 -0.7440
vn -0.6640 0.7263 -0.1774
vn -0.6574 -0.5388 -0.5268
vn -0.0697 0.7306 -0.6792
vn -0.6956 -0.4941 -0.5216
vn -0.0791 0.5914 -0.8025
vn -0.5828 0.0670 -0.8099
vn -0.6189 0.0243 -0.7851
vn -0.6368 -0.1850 -0.7486
vn -0.6913 -0.1297 -0.7108
vn -0.7303 0.1252 -0.6716
vn -0.7145 0.0533 -0.6976
vn -0.5733 -0.1343 -0.8083
vn -0.6198 -0.3757 -0.6890
vn -0.6268 0.4880 -0.6074
vn -0.8587 0.2125 -0.4664
vn -0.4841 -0.5652 -0.6680
vn -0.3221 -0.4999 -0.8040
vn -0.2703 -0.4675 -0.8416
vn -0.8921 -0.0093 -0.4517
vn -0.2372 -0.2789 -0.9306
vn -0.8870 -0.1840 -0.4236
vn -0.6937 -0.2775 -0.6646
vn -0.6825 -0.2721 -0.6783
vn -0.6252 -0.3036 -0.7190
vn -0.6136 -0.3730 -0.6959
vn -0.6722 -0.3856 -0.6320
vn -0.6227 -0.3151 -0.7162
vn -0.6707 -0.3582 -0.6495
vn -0.8273 -0.4792 -0.2932
vn -0.7813 -0.5602 -0.2752
vn -0.3121 -0.0730 -0.9473
vn -0.4278 -0.0449 -0.9027
vn -0.4583 -0.0895 -0.8843
vn -0.7973 -0.5721 -0.1924
vn -0.8157 -0.5766 -0.0467
vn -0.5723 -0.5867 0.5729
vn -0.5657 -0.6241 0.5390
vn -0.4549 -0.5801 0.6757
vn -0.4986 -0.5568 0.6644
vn -0.6213 -0.5802 0.5267
vn -0.4503 -0.5359 0.7142
vn -0.1654 -0.6302 0.7586
vn -0.6087 -0.7268 0.3182
vn 0.7572 -0.6267 -0.1842
vn 0.4499 -0.7651 -0.4606
vn -0.4110 -0.5986 0.6876
vn -0.5620 -0.6567 0.5029
vn -0.4718 -0.4249 0.7725
vn -0.7094 -0.5028 0.4940
vn -0.6144 0.1515 0.7743
vn -0.8977 0.0618 0.4363
vn -0.8314 0.4733 0.2912
vn -0.5825 0.5490 0.5994
vn -0.5054 0.7571 0.4139
vn -0.6996 0.6928 0.1746
vn -0.1785 0.9839 0.0060
vn -0.3156 0.9352 -0.1604
vn 0.3281 0.8371 -0.4377
vn 0.2528 0.8059 -0.5353
vn 0.2224 0.8927 -0.3920
vn 0.1762 0.8693 -0.4619
vn -0.4312 0.8880 0.1599
vn -0.4923 0.8644 0.1023
vn -0.4935 0.8312 0.2561
vn -0.5768 0.8000 0.1653
vn 0.0276 0.9854 -0.1679
vn -0.1088 0.9377 -0.3299
vn 0.4721 0.7673 -0.4340
vn 0.2993 0.7003 -0.6480
vn 0.4553 0.4825 -0.7483
vn 0.6569 0.5666 -0.4973
vn 0.6003 0.0699 -0.7967
vn 0.8523 0.1670 -0.4958
vn 0.1040 -0.0000 -0.9946
vn -0.1040 -0.0000 -0.9946
vn 0.3076 -0.0000 -0.9515
vn 0.4979 -0.0000 -0.8672
vn 0.6672 -0.0000 -0.7448
vn 0.8076 -0.0000 -0.5898
vn 0.9128 -0.0000 -0.4085
vn 0.9779 -0.0000 -0.2090
vn 1.0000 -0.0000 -0.0000
vn 0.9779 -0.0000 0.2089
vn 0.9128 -0.0000 0.4085
vn 0.8076 -0.0000 0.5898
vn 0.6671 -0.0000 0.7449
vn 0.4981 -0.0000 0.8671
vn 0.3076 -0.0000 0.9515
vn 0.1040 -0.0000 0.9946
vn -0.1040 -0.0000 0.9946
vn -0.3076 -0.0000 0.9515
vn -0.4981 -0.0000 0.8671
vn -0.6671 -0.0000 0.7449
vn -0.8076 -0.0000 0.5898
vn -0.9128 -0.0000 0.4085
vn -0.9779 -0.0000 0.2089
vn -1.0000 -0.0000 -0.0000
vn -0.9779 -0.0000 -0.2090
vn -0.9128 -0.0000 -0.4085
vn -0.8076 -0.0000 -0.5898
vn -0.6672 -0.0000 -0.7448
vn -0.4979 -0.0000 -0.8672
vn -0.3076 -0.0000 -0.9515
vn -0.4980 -0.0000 -0.8672
vn -0.6672 -0.0000 -0.7449
vn -0.9779 -0.0000 -0.2089
vn -0.6672 -0.0000 0.7448
vn -0.4980 -0.0000 0.8672
vn -0.3075 -0.0000 0.9515
vn -0.1041 -0.0000 0.9946
vn 0.1041 -0.0000 0.9946
vn 0.3075 -0.0000 0.9515
vn 0.4980 -0.0000 0.8672
vn 0.6672 -0.0000 0.7448
vn 0.8075 -0.0000 0.5898
vn 0.9779 -0.0000 -0.2089
vn 0.4980 -0.0000 -0.8672
vn 0.3075 -0.0000 -0.9515
vn 0.1041 -0.0000 -0.9946
vn -0.1041 -0.0000 -0.9946
vn -0.3075 -0.0000 -0.9515
vn -0.0001 1.0000 -0.0000
vn -0.8075 -0.0000 0.5898
vn 0.6672 -0.0000 -0.7449
vn 0.0001 1.0000 -0.0000
vn -0.1032 -0.1236 -0.9870
vn 0.1032 -0.1236 -0.9870
vn -0.3053 -0.1236 -0.9442
vn -0.3052 -0.1236 -0.9442
vn -0.2897 0.3363 -0.8961
vn -0.2896 0.3363 -0.8961
vn -0.0979 0.3362 -0.9367
vn -0.4689 0.3365 -0.8166
vn -0.4690 0.3365 -0.8166
vn -0.4941 -0.1237 -0.8605
vn -0.4942 -0.1237 -0.8605
vn -0.6282 0.3368 -0.7013
vn -0.6621 -0.1238 -0.7391
vn -0.7603 0.3372 -0.5553
vn -0.7603 0.3372 -0.5552
vn -0.8013 -0.1240 -0.5852
vn -0.8592 0.3374 -0.3845
vn -0.8592 0.3374 -0.3846
vn -0.9057 -0.1241 -0.4053
vn -0.9057 -0.1241 -0.4054
vn -0.9205 0.3376 -0.1967
vn -0.9704 -0.1242 -0.2073
vn -0.9413 0.3377 -0.0000
vn -0.9923 -0.1242 -0.0000
vn -0.9205 0.3376 0.1967
vn -0.9704 -0.1242 0.2073
vn -0.8592 0.3374 0.3845
vn -0.8592 0.3374 0.3846
vn -0.9057 -0.1241 0.4053
vn -0.9057 -0.1241 0.4054
vn -0.7603 0.3372 0.5553
vn -0.7603 0.3372 0.5552
vn -0.8013 -0.1240 0.5852
vn -0.6282 0.3368 0.7014
vn -0.6282 0.3368 0.7013
vn -0.6620 -0.1238 0.7392
vn -0.6621 -0.1239 0.7391
vn -0.6624 -0.1237 0.7389
vn -0.4690 0.3365 0.8166
vn -0.4942 -0.1237 0.8605
vn -0.2897 0.3363 0.8961
vn -0.3053 -0.1236 0.9442
vn -0.0979 0.3362 0.9367
vn -0.1032 -0.1236 0.9870
vn 0.0979 0.3362 0.9367
vn 0.1032 -0.1236 0.9870
vn 0.2897 0.3363 0.8961
vn 0.3053 -0.1236 0.9442
vn 0.4690 0.3365 0.8166
vn 0.4942 -0.1237 0.8605
vn 0.6282 0.3368 0.7013
vn 0.6282 0.3368 0.7014
vn 0.6621 -0.1239 0.7391
vn 0.6620 -0.1238 0.7392
vn 0.6624 -0.1237 0.7389
vn 0.7603 0.3372 0.5552
vn 0.7603 0.3372 0.5553
vn 0.8013 -0.1240 0.5852
vn 0.8592 0.3374 0.3846
vn 0.8592 0.3374 0.3845
vn 0.9057 -0.1241 0.4054
vn 0.9057 -0.1241 0.4053
vn 0.9205 0.3376 0.1967
vn 0.9704 -0.1242 0.2073
vn 0.9413 0.3377 -0.0000
vn 0.9923 -0.1242 -0.0000
vn 0.9205 0.3376 -0.1967
vn 0.9704 -0.1242 -0.2073
vn 0.8592 0.3374 -0.3846
vn 0.8592 0.3374 -0.3845
vn 0.9057 -0.1241 -0.4054
vn 0.9057 -0.1241 -0.4053
vn 0.7603 0.3372 -0.5553
vn 0.8013 -0.1240 -0.5852
vn 0.6282 0.3368 -0.7013
vn 0.6621 -0.1238 -0.7391
vn 0.4690 0.3365 -0.8166
vn 0.4689 0.3365 -0.8166
vn 0.4942 -0.1237 -0.8605
vn 0.4941 -0.1237 -0.8605
vn 0.2896 0.3363 -0.8961
vn 0.2897 0.3363 -0.8961
vn 0.3052 -0.1236 -0.9442
vn 0.3053 -0.1236 -0.9442
vn 0.0979 0.3362 -0.9367
vn -0.6673 -0.0000 0.7448
vn 0.6673 -0.0000 0.7448
vn -0.8075 -0.0000 -0.5898
vn 0.8075 -0.0000 -0.5898
vn -0.2892 0.3363 0.8962
vn 0.2892 0.3363 0.8962
vn -0.0000 1.0000 0.0002
vn -0.0980 0.9952 -0.0000
vn 0.0980 0.9952 -0.0000
vn 0.2903 0.9569 -0.0000
vn 0.4714 0.8819 -0.0000
vn -0.3821 -0.7148 -0.5857
vn -0.2353 -0.7756 -0.5857
vn -0.0794 -0.8066 -0.5857
vn -0.2903 0.9569 -0.0000
vn 0.0794 -0.8066 -0.5857
vn 0.2353 -0.7756 -0.5857
vn 0.3821 -0.7148 -0.5857
vn 0.5142 -0.6265 -0.5857
vn -0.4714 0.8819 -0.0000
vn -0.6344 0.7730 -0.0000
vn -0.7730 0.6344 -0.0000
vn -0.8819 0.4714 -0.0000
vn 0.6265 -0.5142 -0.5857
vn 0.6266 -0.5142 -0.5857
vn 0.7148 -0.3821 -0.5857
vn 0.7756 -0.2353 -0.5857
vn 0.8066 -0.0794 -0.5857
vn -0.9569 0.2903 -0.0000
vn -0.9952 0.0980 -0.0000
vn -0.9952 -0.0980 -0.0000
vn -0.9569 -0.2903 -0.0000
vn 0.8066 0.0794 -0.5857
vn 0.7756 0.2353 -0.5857
vn 0.7148 0.3821 -0.5857
vn 0.6266 0.5142 -0.5857
vn -0.8819 -0.4714 -0.0000
vn -0.7730 -0.6344 -0.0000
vn -0.6344 -0.7730 -0.0000
vn -0.4714 -0.8819 -0.0000
vn 0.5142 0.6266 -0.5857
vn 0.5142 0.6265 -0.5857
vn 0.3821 0.7148 -0.5857
vn 0.2353 0.7756 -0.5857
vn 0.0794 0.8066 -0.5857
vn 0.0795 0.8066 -0.5857
vn -0.2903 -0.9569 -0.0000
vn -0.0980 -0.9952 -0.0000
vn 0.0980 -0.9952 -0.0000
vn 0.2903 -0.9569 -0.0000
vn -0.0795 0.8066 -0.5857
vn -0.0794 0.8066 -0.5857
vn -0.2353 0.7756 -0.5857
vn -0.3821 0.7148 -0.5857
vn -0.5142 0.6265 -0.5857
vn -0.5142 0.6266 -0.5857
vn 0.4714 -0.8819 -0.0000
vn 0.6344 -0.7730 -0.0000
vn 0.7730 -0.6344 -0.0000
vn 0.8819 -0.4714 -0.0000
vn -0.6266 0.5142 -0.5857
vn -0.7148 0.3821 -0.5857
vn -0.7756 0.2353 -0.5857
vn -0.8066 0.0794 -0.5857
vn 0.9569 -0.2903 -0.0000
vn 0.9952 -0.0980 -0.0000
vn 0.9952 0.0980 -0.0000
vn 0.9569 0.2903 -0.0000
vn -0.8066 -0.0794 -0.5857
vn -0.7756 -0.2353 -0.5857
vn -0.7148 -0.3821 -0.5857
vn -0.6266 -0.5142 -0.5857
vn -0.6265 -0.5142 -0.5857
vn 0.8819 0.4714 -0.0000
vn 0.7730 0.6344 -0.0000
vn 0.6344 0.7730 -0.0000
vn -0.5142 -0.6265 -0.5857
vn -0.0795 -0.8066 -0.5857
vn 0.0795 -0.8066 -0.5857
vn 0.8066 -0.0795 -0.5857
vn -0.8066 -0.0795 -0.5857
vn -0.4088 0.7647 0.4981
vn -0.2517 0.8298 0.4981
vn -0.0850 0.8630 0.4981
vn -0.0850 0.8629 0.4981
vn 0.0850 0.8629 0.4981
vn 0.0850 0.8630 0.4981
vn 0.2517 0.8298 0.4981
vn 0.4088 0.7647 0.4981
vn 0.5501 0.6703 0.4981
vn 0.6703 0.5501 0.4981
vn 0.7647 0.4088 0.4981
vn 0.8298 0.2517 0.4981
vn 0.8629 0.0850 0.4981
vn 0.8629 -0.0850 0.4981
vn 0.8298 -0.2517 0.4981
vn 0.7647 -0.4088 0.4981
vn 0.6703 -0.5501 0.4981
vn 0.5501 -0.6703 0.4981
vn 0.4088 -0.7647 0.4981
vn 0.2517 -0.8298 0.4981
vn 0.0850 -0.8629 0.4981
vn -0.0850 -0.8629 0.4981
vn -0.0850 -0.8630 0.4981
vn -0.2517 -0.8298 0.4981
vn -0.4088 -0.7647 0.4981
vn -0.5501 -0.6703 0.4981
vn -0.6703 -0.5501 0.4981
vn -0.7647 -0.4088 0.4981
vn -0.8298 -0.2517 0.4981
vn -0.8629 -0.0850 0.4981
vn -0.8630 0.0850 0.4981
vn -0.8629 0.0850 0.4981
vn -0.8298 0.2517 0.4981
vn -0.7647 0.4088 0.4981
vn -0.6703 0.5501 0.4981
vn -0.5501 0.6703 0.4981
vn 0.8630 0.0850 0.4981
vn 0.5362 -0.3898 0.7487
vn -0.3609 -0.4802 0.7994
vn 0.1035 -0.6548 0.7487
vn -0.5948 -0.0844 0.7994
vn -0.3898 -0.5362 0.7487
vn -0.4803 0.3609 0.7994
vn -0.6548 -0.1035 0.7487
vn -0.0844 0.5948 0.7994
vn -0.5362 0.3898 0.7487
vn 0.3609 0.4802 0.7994
vn -0.1035 0.6548 0.7487
vn 0.5948 0.0844 0.7994
vn 0.3898 0.5362 0.7487
vn 0.4802 -0.3609 0.7994
vn 0.6548 0.1035 0.7487
vn 0.0844 -0.5948 0.7994
vn -0.2255 -0.7424 0.6309
vn -0.3771 -0.1549 0.9131
vn -0.8160 -0.4345 0.3812
vn -0.4257 0.1093 0.8982
vn -0.3762 0.1571 0.9131
vn -0.1484 0.3211 0.9353
vn -0.9740 -0.1682 0.1518
vn -0.2227 0.5886 0.7771
vn -0.7273 0.1620 0.6669
vn -0.8077 0.5698 0.1518
vn 0.1093 0.4258 0.8982
vn 0.2587 0.5737 0.7771
vn -0.4345 0.8160 0.3812
vn -0.1682 0.9740 0.1518
vn 0.3784 0.2237 0.8982
vn 0.5886 0.2227 0.7771
vn 0.2698 0.8842 0.3812
vn 0.5698 0.8077 0.1518
vn 0.4258 -0.1093 0.8982
vn 0.4528 -0.2283 0.8619
vn 0.8160 0.4345 0.3812
vn 0.9740 0.1682 0.1518
vn 0.1484 -0.3211 0.9353
vn 0.2227 -0.5886 0.7771
vn 0.7273 -0.1620 0.6669
vn 0.8077 -0.5698 0.1518
vn -0.1093 -0.4257 0.8982
vn -0.2587 -0.5737 0.7771
vn 0.4345 -0.8160 0.3812
vn 0.1682 -0.9740 0.1518
vn -0.3784 -0.2237 0.8982
vn -0.5886 -0.2227 0.7771
vn -0.2698 -0.8842 0.3812
vn -0.5698 -0.8077 0.1518
vn -0.4528 0.2283 0.8619
vn -0.2736 0.3128 0.9095
vn -0.8033 -0.4700 -0.3658
vn -0.8939 0.2137 0.3939
vn -0.7384 0.4077 -0.5372
vn -0.3752 0.6775 0.6327
vn 0.0250 0.5616 0.8270
vn 0.2137 0.7443 0.6327
vn -0.4700 0.8033 -0.3658
vn -0.2338 0.8104 -0.5372
vn 0.4148 0.3794 0.8270
vn 0.6775 0.3752 0.6327
vn 0.2357 0.9004 -0.3658
vn 0.4077 0.7384 -0.5372
vn 0.5616 -0.0250 0.8270
vn 0.5771 -0.1556 0.8017
vn 0.8033 0.4700 -0.3658
vn 0.8104 0.2338 -0.5372
vn 0.2736 -0.3128 0.9095
vn 0.3752 -0.6775 0.6327
vn 0.8939 -0.2137 0.3939
vn 0.7384 -0.4077 -0.5372
vn -0.0250 -0.5616 0.8270
vn -0.2137 -0.7443 0.6327
vn 0.4700 -0.8033 -0.3658
vn 0.2338 -0.8104 -0.5372
vn -0.4148 -0.3794 0.8270
vn -0.6775 -0.3752 0.6327
vn -0.2357 -0.9004 -0.3658
vn -0.4077 -0.7384 -0.5372
vn -0.5616 0.0250 0.8270
vn -0.5771 0.1556 0.8017
vn -0.8104 -0.2338 -0.5372
vn 0.3655 -0.6844 0.6309
vn -0.1571 -0.3762 0.9131
vn 0.6607 -0.1444 0.7367
vn 0.1183 -0.3498 0.9293
vn 0.6844 0.3655 0.6309
vn 0.3762 -0.1571 0.9131
vn 0.2255 0.7424 0.6309
vn 0.3771 0.1549 0.9131
vn -0.3655 0.6844 0.6309
vn 0.1571 0.3762 0.9131
vn -0.6607 0.1444 0.7367
vn -0.1183 0.3498 0.9293
vn -0.6844 -0.3655 0.6309
vn 0.3493 -0.9234 -0.1589
vn -0.0351 -0.4218 0.9060
vn -0.5155 -0.8539 -0.0718
vn -0.3641 -0.1373 0.9212
vn -0.3231 -0.2734 0.9060
vn -0.8916 0.0254 0.4522
vn -0.8717 -0.4331 0.2291
vn -0.3016 0.4352 0.8484
vn -0.8464 -0.0752 -0.5273
vn -0.9227 0.3101 0.2291
vn -0.1373 0.3641 0.9212
vn 0.0945 0.5209 0.8484
vn -0.8538 0.5156 -0.0718
vn -0.4331 0.8717 0.2291
vn 0.1604 0.3545 0.9212
vn 0.4352 0.3016 0.8484
vn -0.2392 0.9683 -0.0718
vn 0.3101 0.9227 0.2291
vn 0.3641 0.1373 0.9212
vn 0.7367 -0.0512 0.6743
vn 0.5155 0.8539 -0.0718
vn 0.8717 0.4331 0.2291
vn 0.8916 -0.0254 0.4522
vn 0.3016 -0.4352 0.8484
vn 0.8464 0.0752 -0.5273
vn 0.9227 -0.3101 0.2291
vn 0.1373 -0.3641 0.9212
vn -0.0945 -0.5209 0.8484
vn 0.8539 -0.5155 -0.0718
vn 0.4331 -0.8717 0.2291
vn -0.1604 -0.3545 0.9212
vn -0.4352 -0.3016 0.8484
vn 0.2392 -0.9683 -0.0718
vn -0.3101 -0.9227 0.2291
vn -0.7367 0.0512 0.6743
vn -0.7621 0.2992 0.5741
vn -0.5811 -0.7575 -0.2975
vn -0.6724 -0.0427 -0.7389
vn -0.9300 0.2408 -0.2776
vn -0.4646 0.4957 0.7338
vn -0.1561 0.4770 0.8650
vn 0.0220 0.6790 0.7338
vn -0.7575 0.5811 -0.2975
vn -0.4874 0.8279 -0.2776
vn 0.2269 0.4476 0.8650
vn 0.4957 0.4646 0.7338
vn -0.1247 0.9465 -0.2975
vn 0.2408 0.9300 -0.2776
vn 0.4770 0.1561 0.8650
vn 0.9014 -0.0125 0.4328
vn 0.5811 0.7575 -0.2975
vn 0.8279 0.4874 -0.2776
vn 0.7621 -0.2992 0.5741
vn 0.4646 -0.4957 0.7338
vn 0.6724 0.0427 -0.7389
vn 0.9300 -0.2408 -0.2776
vn 0.1561 -0.4770 0.8650
vn -0.0220 -0.6790 0.7338
vn 0.7575 -0.5811 -0.2975
vn 0.4874 -0.8279 -0.2776
vn -0.2269 -0.4476 0.8650
vn -0.4957 -0.4646 0.7338
vn 0.1247 -0.9465 -0.2975
vn -0.2408 -0.9300 -0.2776
vn -0.4770 -0.1561 0.8650
vn -0.9014 0.0125 0.4328
vn -0.8279 -0.4874 -0.2776
vn 0.9000 -0.4060 -0.1589
vn 0.2734 -0.3231 0.9060
vn 0.8622 0.1693 -0.4774
vn 0.5620 0.4800 -0.6736
vn 0.4060 0.9000 -0.1589
vn 0.3231 0.2734 0.9060
vn -0.3493 0.9234 -0.1589
vn 0.0352 0.4218 0.9060
vn -0.9000 0.4060 -0.1589
vn -0.2734 0.3231 0.9060
vn -0.8622 -0.1693 -0.4774
vn -0.5619 -0.4800 -0.6736
vn -0.4060 -0.9000 -0.1589
vn 0.3090 -0.0000 -0.9511
vn -0.3090 -0.0000 0.9511
vn -0.3090 -0.0000 -0.9511
vn 0.8090 -0.0000 -0.5878
vn 0.3090 -0.0000 0.9511
vn -0.8090 -0.0000 0.5878
vn -0.1719 -0.8582 -0.4837
vn 0.2900 -0.9214 -0.2587
vn 0.2900 -0.9214 -0.2588
vn 0.2596 -0.5225 -0.8121
vn 0.2596 -0.5226 -0.8121
vn -0.2764 -0.4473 -0.8506
vn -0.9472 0.2764 0.1625
vn -0.1382 0.8944 -0.4254
vn 0.9472 -0.2764 -0.1625
vn 0.1382 -0.8943 0.4255
vn -0.8618 -0.2764 0.4254
vn -0.8618 -0.2763 0.4255
vn -0.6708 0.7237 -0.1623
vn -0.6708 0.7236 -0.1625
vn 0.8618 0.2764 -0.4254
vn 0.6708 -0.7236 0.1625
vn 0.6708 -0.7236 0.1624
vn -0.2764 -0.4470 -0.8507
vn -0.0001 1.0000 -0.0001
vn -0.6693 -0.5372 -0.5133
vn -0.6008 -0.0069 -0.7994
vn -0.6008 -0.0068 -0.7994
vn -0.8059 -0.1942 -0.5593
vn -0.9518 -0.0099 -0.3065
vn -0.9518 -0.0099 -0.3064
vn -0.9518 -0.0100 -0.3065
vn -0.7236 0.4471 -0.5258
vn -0.7237 0.4472 -0.5256
vn -0.0528 0.7236 0.6882
vn 0.6382 0.7236 -0.2629
vn 0.6382 0.7236 -0.2628
vn 0.0527 -0.7236 -0.6882
vn -0.6383 -0.7235 0.2628
vn -0.6382 -0.7236 0.2629
vn -0.4471 0.2763 0.8507
vn -0.4472 0.2764 0.8506
vn 0.3618 0.8944 0.2629
vn 0.3619 0.8944 0.2629
vn 0.4472 -0.2764 -0.8507
vn -0.3618 -0.8944 -0.2629
vn -0.7236 0.4473 -0.5258
vn -0.2868 0.9232 -0.2560
vn -0.2867 0.9232 -0.2559
vn -0.3943 0.8870 0.2403
vn 0.8090 -0.0000 0.5878
vn -0.8090 -0.0000 -0.5878
vn -0.0000 -0.0000 -0.0000
vn 0.5690 0.8223 -0.0000
vn 0.5691 0.8223 -0.0000
vn 0.0912 0.9012 -0.4236
vn 0.0912 0.9012 -0.4237
vn 0.4879 0.7915 -0.3679
vn 0.4879 0.7916 -0.3679
vn 0.6870 0.5246 -0.5028
vn 0.2764 0.4473 -0.8506
vn -0.8618 -0.2764 -0.4254
vn 0.1382 -0.8944 -0.4254
vn 0.8618 0.2764 0.4254
vn 0.8618 0.2763 0.4255
vn -0.1382 0.8943 0.4255
vn -0.9472 0.2764 -0.1625
vn -0.4473 -0.7237 -0.5256
vn -0.4472 -0.7236 -0.5258
vn 0.4472 0.7236 0.5257
vn 0.9472 -0.2764 0.1625
vn 0.2764 0.4470 -0.8507
vn -0.0026 0.0132 -0.9999
vn -0.1929 0.5317 -0.8247
vn -0.2935 0.1683 -0.9410
vn 0.5672 0.0125 -0.8235
vn 0.2959 -0.1825 -0.9376
vn 0.0001 1.0000 -0.0001
vn 0.7236 -0.4473 -0.5258
vn 0.6708 0.2764 0.6882
vn 0.0528 -0.7236 0.6882
vn -0.6709 -0.2763 -0.6881
vn -0.6708 -0.2764 -0.6882
vn -0.0527 0.7236 -0.6882
vn 0.6383 0.7235 0.2628
vn 0.6382 0.7236 0.2629
vn 0.4471 -0.2763 0.8507
vn 0.4472 -0.2764 0.8506
vn -0.6382 -0.7236 -0.2629
vn -0.6382 -0.7236 -0.2628
vn -0.4472 0.2764 -0.8507
vn 0.7237 -0.4472 -0.5257
vn 0.9531 0.0039 -0.3027
vn 0.8506 -0.5257 -0.0000
vn 0.8507 -0.5256 -0.0000
vn 0.9447 0.0111 0.3278
vn 0.9447 0.0110 0.3277
vn 0.8944 0.4472 0.0001
vn 0.8944 0.4472 -0.0001
vn -0.3618 0.7236 -0.5878
vn -0.3618 0.7236 0.5878
vn 0.3619 -0.7236 0.5878
vn 0.3618 -0.7236 0.5878
vn 0.3619 -0.7236 -0.5878
vn 0.3618 -0.7236 -0.5878
vn -0.1382 0.2764 -0.9511
vn -0.4473 0.8944 -0.0000
vn 0.1382 -0.2764 0.9511
vn 0.4473 -0.8944 -0.0000
vn 0.6988 0.5156 0.4958
vn 0.4206 0.8235 0.3808
vn 0.4206 0.8235 0.3807
vn 0.1388 0.9055 0.4009
vn 0.2764 0.4473 0.8506
vn 0.1382 -0.8944 0.4254
vn 0.8618 0.2763 -0.4255
vn -0.1382 0.8943 -0.4255
vn -0.4473 -0.7237 0.5256
vn -0.4472 -0.7236 0.5258
vn 0.4472 0.7236 -0.5257
vn -0.2626 0.5270 0.8083
vn -0.0000 0.0106 0.9999
vn -0.2838 0.1763 0.9425
vn -0.5701 -0.0127 0.8215
vn -0.5701 -0.0128 0.8215
vn -0.7236 0.4471 0.5258
vn -0.7236 0.4473 0.5258
vn -0.0528 0.7236 -0.6882
vn 0.0527 -0.7236 0.6882
vn 0.6709 0.2763 0.6881
vn 0.3618 0.8944 -0.2629
vn 0.3619 0.8944 -0.2629
vn -0.4471 0.2763 -0.8507
vn -0.4472 0.2764 -0.8506
vn 0.4472 -0.2764 0.8507
vn -0.3618 -0.8944 0.2629
vn -0.7237 0.4472 0.5256
vn -0.9548 0.0013 0.2974
vn -0.9547 0.0013 0.2974
vn -0.9850 0.1724 -0.0000
vn -0.9851 0.1723 -0.0000
vn -0.8944 -0.4473 -0.0000
vn -0.3619 0.7236 0.5878
vn -0.3619 0.7236 -0.5878
vn 0.1382 -0.2764 -0.9511
vn -0.1382 0.2764 0.9511
vn -0.4489 -0.8936 -0.0000
vn -0.4489 -0.8936 -0.0002
vn -0.5582 -0.7624 -0.3274
vn -0.5582 -0.7624 -0.3273
vn -0.7017 -0.5173 0.4899
vn -0.4107 -0.8372 0.3612
vn -0.1672 -0.8597 0.4827
vn -0.2764 -0.4473 0.8506
vn -0.1382 0.8944 0.4254
vn -0.8618 -0.2763 -0.4255
vn 0.1382 -0.8943 -0.4255
vn 0.4473 0.7237 0.5256
vn 0.4472 0.7236 0.5258
vn -0.4472 -0.7236 -0.5257
vn 0.2636 -0.5213 0.8116
vn 0.2940 -0.1756 0.9395
vn 0.5699 -0.0000 0.8217
vn 0.7236 -0.4473 0.5258
vn 0.0528 -0.7236 -0.6882
vn 0.6708 0.2764 -0.6882
vn -0.0527 0.7236 0.6882
vn -0.6709 -0.2763 0.6881
vn -0.6708 -0.2764 0.6882
vn -0.3619 -0.8944 -0.2629
vn 0.4471 -0.2763 -0.8507
vn 0.4472 -0.2764 -0.8506
vn -0.4472 0.2764 0.8507
vn 0.7237 -0.4472 0.5257
vn -0.0077 -0.9643 0.2647
vn -0.0079 -0.9643 0.2646
vn -0.6382 -0.7236 0.2628
vn 0.6383 0.7235 -0.2628
vn 0.7782 0.1952 0.5969
vn 0.6708 -0.7236 -0.1625
vn 0.6708 -0.7236 -0.1624
vn -0.6708 0.7237 0.1623
vn -0.6708 0.7236 0.1625
vn -0.7941 -0.1859 0.5787
vn -0.7941 -0.1860 0.5787
vn 0.6382 0.7236 0.2628
vn -0.6383 -0.7235 -0.2628
vn -0.6708 0.7236 -0.1624
vn 0.6708 -0.7237 0.1623
vn 0.7760 0.2083 -0.5953
vn 0.7761 0.2083 -0.5953
vn -0.3619 -0.8944 0.2629
vn -0.3616 -0.8945 0.2629
vn -0.6708 0.7236 0.1624
vn 0.6708 -0.7237 -0.1623
vn 0.6709 0.2763 -0.6881
vn -0.4472 -0.7236 0.5257
vn 0.4473 0.7237 -0.5256
vn 0.4472 0.7236 -0.5258
vn -0.0000 -0.9062 -0.4229
vn -0.7407 -0.6718 -0.0000
vn -0.7408 -0.6718 -0.0000
vn 0.2664 -0.5252 -0.8082
vn -0.7001 -0.5145 -0.4951
vn -0.6995 -0.5156 -0.4948
vn -0.5701 -0.0127 -0.8215
vn -0.5701 -0.0128 -0.8215
vn -0.9565 -0.0039 -0.2916
vn -0.9565 -0.0040 -0.2916
vn -0.8506 0.5258 -0.0000
vn -0.9238 0.3378 -0.1802
vn 0.9162 0.3448 0.2043
vn 0.9162 0.3447 0.2044
vn 0.5017 0.8650 -0.0000
vn 0.1846 0.8440 -0.5035
vn 0.1846 0.8440 -0.5036
vn 0.6988 0.5156 -0.4958
vn 0.0026 -0.0026 -1.0000
vn -0.2641 0.5190 -0.8130
vn 0.6001 0.0087 -0.7999
vn 0.9605 0.0094 -0.2780
vn 0.9606 0.0094 -0.2779
vn 0.9502 -0.0011 0.3117
vn 0.6805 0.5285 0.5075
vn 0.6806 0.5285 0.5075
vn 0.1773 0.8457 0.5034
vn 0.1773 0.8457 0.5033
vn -0.2307 0.5300 0.8160
vn -0.0000 -0.0126 0.9999
vn -0.6004 -0.0011 0.7997
vn -0.9614 -0.0089 0.2752
vn -0.9613 -0.0090 0.2752
vn -0.9613 -0.0089 0.2752
vn -0.5580 -0.8298 -0.0000
vn -0.6774 -0.5364 0.5034
vn 0.0119 -0.9133 0.4071
vn 0.0118 -0.9133 0.4071
vn 0.2598 -0.5217 0.8126
vn 0.6009 0.0177 0.7991
vn -0.5547 0.5567 0.6184
vn -0.5263 0.5356 0.6604
vn 0.8160 -0.5637 0.1279
vn 0.7517 -0.5007 0.4292
vn 0.7538 -0.5006 0.4256
vn 0.7499 -0.5033 0.4295
vn -0.3744 0.4205 0.8264
vn 0.0137 0.1691 0.9855
vn 0.7152 -0.4672 0.5197
vn 0.7145 -0.4698 0.5184
vn 0.7175 -0.4648 0.5189
vn -0.2554 0.3753 0.8910
vn -0.2556 0.3826 0.8879
vn -0.2547 0.3813 0.8887
vn 0.3308 0.0278 0.9433
vn 0.3065 -0.0293 0.9514
vn -0.1323 0.3344 0.9331
vn -0.1329 0.3280 0.9353
vn -0.1324 0.3293 0.9349
vn 0.3714 -0.0759 0.9254
vn 0.4999 -0.1487 0.8532
vn 0.5051 -0.1436 0.8510
vn 0.4993 -0.1493 0.8535
vn 0.4866 -0.1268 0.8644
vn 0.5560 -0.1186 0.8227
vn 0.5507 -0.1483 0.8214
vn 0.5460 -0.1443 0.8252
vn 0.5471 -0.1420 0.8249
vn 0.5043 -0.1158 0.8557
vn 0.5038 -0.1168 0.8559
vn 0.5045 -0.1155 0.8557
vn 0.5506 -0.1153 0.8268
vn 0.5509 -0.1162 0.8264
vn 0.5510 -0.1165 0.8263
vn 0.5039 -0.1611 0.8486
vn 0.5452 -0.1608 0.8227
vn 0.3986 -0.0824 0.9134
vn 0.3959 -0.0860 0.9143
vn 0.3986 -0.0817 0.9135
vn 0.4060 -0.2149 0.8882
vn -0.0579 0.1452 0.9877
vn -0.0522 0.1459 0.9879
vn -0.0506 0.1462 0.9880
vn -0.0574 -0.2363 0.9700
vn 0.7971 -0.4454 0.4079
vn 0.8911 -0.1402 0.4316
vn 0.8903 -0.1405 0.4333
vn 0.8915 -0.1400 0.4308
vn 0.8523 0.0417 0.5214
vn -0.0767 -0.5793 0.8115
vn 0.7731 0.1169 0.6234
vn -0.0511 -0.7234 0.6885
vn 0.4004 -0.3710 0.8379
vn 0.4038 -0.4234 0.8110
vn 0.5497 -0.2856 0.7850
vn 0.4946 -0.3548 0.7934
vn 0.5002 -0.3497 0.7922
vn 0.4938 -0.3532 0.7946
vn 0.4702 -0.2863 0.8348
vn 0.5029 -0.3548 0.7881
vn 0.5042 -0.3530 0.7881
vn 0.5844 -0.3688 0.7228
vn 0.5597 -0.4215 0.7135
vn 0.7728 -0.5693 0.2803
vn 0.6535 -0.7152 0.2479
vn 0.2566 0.0720 0.9638
vn 0.1314 0.0094 0.9913
vn 0.4865 0.0908 0.8689
vn 0.2674 -0.9343 0.2359
vn 0.6932 0.0019 0.7208
vn -0.3082 -0.8758 0.3716
vn 0.3945 -0.6023 0.6939
vn 0.3272 -0.6428 0.6927
vn -0.2418 -0.9269 0.2871
vn 0.4903 -0.6410 0.5905
vn 0.3796 -0.9196 -0.1014
vn 0.4614 -0.6015 0.6522
vn 0.4836 -0.8666 -0.1235
vn 0.1108 -0.9361 0.3339
vn 0.5791 0.2055 0.7889
vn 0.2689 0.1311 0.9542
vn -0.2166 -0.9677 -0.1289
vn -0.2189 -0.9670 -0.1302
vn -0.2159 -0.9678 -0.1295
vn 0.3340 -0.8256 -0.4549
vn 0.3268 -0.8258 -0.4595
vn 0.3351 -0.8256 -0.4539
vn -0.3008 -0.9176 -0.2600
vn -0.3007 -0.9168 -0.2629
vn -0.3001 -0.9169 -0.2632
vn 0.2729 -0.7933 -0.5443
vn 0.2805 -0.7937 -0.5398
vn 0.2714 -0.7932 -0.5451
vn -0.3656 0.6551 -0.6611
vn -0.6004 0.5692 -0.5617
vn -0.5103 -0.5606 -0.6522
vn 0.0546 -0.6168 -0.7852
vn -0.4962 -0.0226 -0.8679
vn -0.4441 -0.0760 -0.8928
vn -0.0613 -0.6992 -0.7123
vn -0.6459 -0.1551 -0.7475
vn -0.6018 -0.7056 -0.3741
vn -0.5138 0.2630 -0.8166
vn -0.5186 0.2576 -0.8153
vn -0.5195 0.2594 -0.8141
vn -0.5104 0.2578 -0.8204
vn -0.5139 0.2613 -0.8171
vn -0.4106 0.5021 -0.7611
vn -0.4635 0.3268 -0.8236
vn -0.4059 0.2506 -0.8789
vn -0.4272 0.1917 -0.8836
vn 0.0032 -0.0824 -0.9966
vn -0.0609 -0.2628 -0.9629
vn -0.7567 0.5473 -0.3576
vn -0.6507 0.6370 -0.4134
vn -0.4261 0.7355 -0.5268
vn -0.2404 -0.6113 -0.7540
vn -0.1552 0.6681 -0.7277
vn -0.7195 -0.6257 -0.3013
vn -0.6237 -0.0630 -0.7791
vn -0.3057 0.5899 -0.7474
vn -0.3023 0.5943 -0.7453
vn -0.3078 0.5869 -0.7489
vn -0.5946 -0.8040 0.0077
vn -0.5953 -0.8035 -0.0011
vn -0.5955 -0.8034 -0.0026
vn -0.5079 -0.8588 -0.0672
vn 0.1764 -0.8507 -0.4952
vn -0.5485 0.5941 -0.5884
vn 0.2343 -0.8762 -0.4211
vn -0.4663 -0.8845 0.0169
vn 0.4055 0.0082 0.9141
vn 0.6489 0.0240 0.7605
vn -0.5421 -0.8361 0.0839
vn -0.5411 -0.8359 0.0925
vn -0.5409 -0.8358 0.0938
vn -0.0052 -0.9645 -0.2641
vn -0.0055 -0.9652 -0.2613
vn -0.0055 -0.9654 -0.2609
vn -0.0868 -0.9153 -0.3934
vn -0.0894 -0.9145 -0.3945
vn -0.0862 -0.9153 -0.3935
vn 0.4614 -0.7653 -0.4488
vn 0.3579 -0.6949 -0.6237
vn 0.6674 -0.5721 -0.4767
vn 0.6717 -0.5709 -0.4722
vn 0.6663 -0.5723 -0.4780
vn 0.5374 -0.4899 -0.6865
vn 0.5323 -0.4904 -0.6901
vn 0.5383 -0.4898 -0.6858
vn 0.8830 -0.1570 -0.4423
vn 0.7439 -0.0620 -0.6654
vn -0.8535 0.3665 -0.3704
vn -0.8542 0.3666 -0.3686
vn -0.8547 0.3663 -0.3678
vn 0.7450 0.5205 -0.4173
vn 0.7442 0.5204 -0.4189
vn 0.7452 0.5205 -0.4169
vn -0.8565 0.0787 -0.5101
vn 0.1248 0.2603 -0.9574
vn 0.1789 0.5991 -0.7804
vn 0.1736 0.6015 -0.7798
vn 0.1724 0.6020 -0.7796
vn -0.3337 0.4307 -0.8385
vn -0.3285 0.5114 -0.7941
vn -0.3269 0.5081 -0.7969
vn -0.3288 0.5118 -0.7937
vn -0.5488 0.3053 -0.7782
vn -0.4442 0.4862 -0.7526
vn -0.4441 0.4853 -0.7532
vn -0.4442 0.4864 -0.7524
vn -0.4989 0.4451 -0.7436
vn -0.4911 0.4847 -0.7238
vn -0.4905 0.4856 -0.7236
vn -0.4903 0.4859 -0.7235
vn -0.4955 0.4618 -0.7357
vn -0.5008 0.4564 -0.7354
vn -0.5014 0.4558 -0.7354
vn -0.4498 0.4569 -0.7674
vn -0.4510 0.4592 -0.7653
vn -0.4494 0.4564 -0.7679
vn -0.4299 0.4761 -0.7671
vn -0.5097 0.4752 -0.7172
vn -0.2225 0.5463 -0.8075
vn -0.3002 0.5145 -0.8032
vn 0.4285 0.6833 -0.5912
vn 0.3012 0.7031 -0.6442
vn 0.2995 0.6990 -0.6494
vn 0.2998 0.6998 -0.6484
vn -0.7759 0.0917 -0.6242
vn -0.7760 0.0904 -0.6242
vn -0.7778 0.0960 -0.6211
vn -0.7990 0.0280 -0.6006
vn -0.8299 0.0283 -0.5573
vn -0.8304 0.0303 -0.5564
vn -0.8280 0.0253 -0.5601
vn 0.4248 0.6701 -0.6087
vn -0.9325 -0.1529 -0.3273
vn 0.2980 0.7638 -0.5726
vn -0.2295 0.5959 -0.7696
vn -0.3524 0.5408 -0.7638
vn -0.2846 0.6195 -0.7316
vn -0.5419 0.5385 -0.6453
vn -0.6381 0.5608 -0.5276
vn -0.8430 -0.2945 -0.4501
vn -0.1411 -0.2232 -0.9645
vn -0.1449 0.0347 -0.9888
vn -0.1440 0.0362 -0.9889
vn -0.1393 0.0391 -0.9895
vn -0.7461 0.6282 -0.2208
vn -0.2173 0.1014 -0.9708
vn -0.2192 0.1023 -0.9703
vn -0.2232 0.0986 -0.9698
vn -0.7186 0.6569 0.2283
vn -0.1745 0.0538 -0.9832
vn -0.7305 0.6697 0.1334
vn -0.1354 -0.0161 -0.9907
vn -0.7266 0.6870 -0.0074
vn -0.7226 0.6912 -0.0040
vn -0.7258 0.6879 -0.0070
vn -0.0159 0.0454 -0.9988
vn -0.7872 0.5902 -0.1789
vn -0.7900 0.5877 -0.1745
vn -0.7864 0.5909 -0.1800
vn 0.0346 0.3769 -0.9256
vn 0.0362 0.3769 -0.9255
vn 0.0334 0.3768 -0.9257
vn -0.8980 0.2254 -0.3779
vn -0.0413 0.5464 -0.8365
vn -0.8806 -0.0934 -0.4646
vn -0.1444 0.6203 -0.7709
vn -0.8124 -0.2631 -0.5204
vn -0.6058 0.2375 -0.7594
vn -0.5985 0.1824 -0.7801
vn -0.8441 -0.5060 0.1775
vn -0.8451 -0.5064 0.1713
vn -0.8453 -0.5066 0.1700
vn -0.7057 -0.7074 0.0396
vn -0.7064 -0.7072 0.0293
vn -0.7067 -0.7070 0.0275
vn -0.7110 -0.5882 0.3852
vn -0.7088 -0.5871 0.3911
vn -0.7083 -0.5869 0.3923
vn -0.5894 -0.7760 0.2246
vn -0.9296 -0.0850 0.3586
vn -0.7699 -0.1711 0.6148
vn -0.7099 0.5033 0.4926
vn -0.7110 0.5032 0.4912
vn -0.7112 0.5032 0.4909
vn -0.5907 0.4307 0.6823
vn -0.5894 0.4308 0.6834
vn -0.5890 0.4307 0.6838
vn -0.4873 0.6029 0.6317
vn -0.5609 0.6539 0.5077
vn -0.5221 0.5825 0.6229
vn -0.5776 0.6220 0.5288
vn -0.6030 0.5808 0.5469
vn -0.5997 0.5872 0.5437
vn -0.5989 0.5864 0.5455
vn 0.7199 -0.5154 0.4649
vn -0.5956 0.3904 -0.7020
vn -0.5817 0.5050 -0.6377
vn -0.5786 0.5083 -0.6378
vn -0.5783 0.5090 -0.6376
vn -0.5996 0.5110 -0.6159
vn -0.6378 0.5415 -0.5476
vn -0.6015 0.5914 -0.5372
vn -0.6364 0.5833 0.5048
vn -0.5724 0.7405 0.3522
vn -0.2735 0.6352 0.7222
vn 0.5545 0.7891 -0.2645
vn 0.7615 0.6467 -0.0442
vn -0.0473 -0.6909 0.7214
vn 0.6480 -0.7336 0.2047
vn 0.7291 0.0015 0.6844
vn 0.2959 -0.0038 0.9552
vn 0.4319 -0.0502 0.9005
vn 0.5821 -0.0321 0.8125
vn 0.7359 0.0376 0.6760
vn 0.8771 0.1790 0.4457
vn 0.9071 0.3876 0.1640
vn 0.9042 0.3948 0.1631
vn 0.9067 0.3888 0.1636
vn 0.1572 -0.4711 0.8679
vn 0.1573 -0.4716 0.8677
vn 0.1612 -0.4761 0.8645
vn 0.0669 -0.5135 0.8555
vn 0.0667 -0.5122 0.8563
vn 0.0625 -0.5088 0.8586
vn 0.1017 -0.5034 0.8580
vn 0.8909 0.3474 0.2926
vn 0.8932 0.3410 0.2930
vn 0.8914 0.3463 0.2923
vn 0.0434 -0.5524 0.8324
vn 0.8721 0.3151 0.3744
vn 0.6789 -0.0274 0.7337
vn 0.6507 -0.0623 0.7568
vn 0.9109 0.1566 0.3818
vn 0.9086 0.1572 0.3870
vn 0.9114 0.1565 0.3805
vn 0.6484 -0.0793 0.7571
vn 0.6505 -0.0828 0.7550
vn 0.6507 -0.0832 0.7548
vn 0.6245 -0.2124 0.7516
vn 0.9121 -0.2688 0.3096
vn -0.0531 -0.4718 0.8801
vn 0.0006 -0.1507 0.9886
vn 0.0025 -0.1510 0.9885
vn 0.0030 -0.1508 0.9886
vn 0.8646 0.4478 -0.2278
vn 0.8650 0.4478 -0.2262
vn 0.8645 0.4478 -0.2286
vn 0.7766 0.6149 -0.1368
vn 0.6818 0.6703 -0.2932
vn 0.7868 0.5936 -0.1692
vn 0.7061 0.6407 -0.3015
vn 0.7948 0.5698 -0.2088
vn 0.7344 0.6052 -0.3072
vn 0.7453 0.5963 -0.2982
vn 0.7410 0.6013 -0.2990
vn 0.7436 0.5977 -0.2996
vn 0.7948 0.5593 -0.2357
vn -0.5451 0.5540 0.6293
vn -0.5690 0.5433 0.6174
vn 0.7485 -0.5053 0.4294
vn 0.7195 -0.4648 0.5161
vn -0.2563 0.3740 0.8913
vn -0.1057 0.4191 0.9018
vn 0.7352 -0.4961 0.4620
vn -0.1330 0.3357 0.9325
vn 0.2853 0.0322 0.9579
vn 0.3631 -0.0310 0.9312
vn -0.0502 0.3043 0.9513
vn 0.3967 -0.0654 0.9156
vn 0.5046 -0.1426 0.8515
vn 0.4984 -0.1191 0.8588
vn 0.5662 -0.1259 0.8146
vn 0.5515 -0.1486 0.8208
vn 0.5037 -0.1170 0.8559
vn 0.5506 -0.1150 0.8268
vn 0.5487 -0.3063 0.7779
vn 0.4644 -0.3074 0.8306
vn 0.3955 -0.0865 0.9144
vn 0.3758 -0.1715 0.9107
vn -0.0589 0.1452 0.9876
vn -0.1161 -0.2807 0.9527
vn 0.8227 -0.4615 0.3321
vn 0.8898 -0.1406 0.4341
vn 0.8338 0.0178 0.5518
vn -0.1090 -0.5687 0.8153
vn 0.7529 0.0776 0.6535
vn -0.0982 -0.7170 0.6901
vn 0.3881 -0.3594 0.8486
vn 0.3908 -0.4157 0.8213
vn 0.4764 -0.0971 0.8738
vn 0.5011 -0.3517 0.7907
vn 0.5788 -0.0959 0.8098
vn 0.5991 -0.3570 0.7167
vn 0.5744 -0.4136 0.7064
vn 0.7902 -0.5582 0.2529
vn 0.6755 -0.7080 0.2060
vn 0.2201 0.1105 0.9692
vn 0.0947 0.0328 0.9950
vn 0.4524 0.2041 0.8681
vn 0.3090 -0.9436 0.1190
vn 0.7269 0.1345 0.6734
vn -0.3156 -0.8807 0.3532
vn 0.3143 -0.6301 0.7101
vn 0.2491 -0.6962 0.6732
vn -0.2781 -0.9458 0.1677
vn 0.5079 -0.6930 0.5116
vn 0.2883 -0.9392 -0.1867
vn 0.5116 -0.6277 0.5867
vn 0.4706 -0.8714 -0.1386
vn -0.0120 -0.9473 0.3200
vn 0.5666 0.0921 0.8188
vn 0.3572 -0.0001 0.9340
vn -0.2191 -0.9669 -0.1306
vn 0.3254 -0.8260 -0.4602
vn -0.3005 -0.9178 -0.2597
vn 0.2817 -0.7937 -0.5391
vn -0.2995 0.7370 -0.6059
vn -0.5977 0.6630 -0.4508
vn -0.5623 -0.6149 -0.5529
vn 0.0774 -0.6253 -0.7765
vn -0.4265 -0.0606 -0.9024
vn -0.3868 -0.1521 -0.9095
vn 0.0476 -0.7492 -0.6606
vn -0.6071 -0.0780 -0.7908
vn -0.6021 -0.7569 -0.2542
vn -0.5091 0.2593 -0.8207
vn -0.5430 0.3261 -0.7738
vn -0.5131 0.5010 -0.6970
vn -0.4217 0.2395 -0.8746
vn -0.4426 0.1842 -0.8776
vn -0.0310 -0.0834 -0.9960
vn -0.1079 -0.2549 -0.9609
vn -0.7433 0.5382 -0.3974
vn -0.6405 0.6144 -0.4607
vn -0.4454 0.6543 -0.6111
vn -0.3537 -0.5587 -0.7501
vn -0.2516 0.5730 -0.7800
vn -0.7215 -0.6347 -0.2767
vn -0.5629 -0.0235 -0.8262
vn -0.3004 0.5971 -0.7438
vn -0.5946 -0.8040 0.0092
vn -0.5074 -0.8604 -0.0480
vn 0.1936 -0.8521 -0.4862
vn -0.5474 0.5844 -0.5990
vn 0.2176 -0.8760 -0.4305
vn -0.4674 -0.8840 -0.0022
vn 0.3994 0.0212 0.9165
vn 0.6442 0.0112 0.7648
vn -0.5423 -0.8361 0.0826
vn -0.0051 -0.9643 -0.2647
vn -0.0897 -0.9144 -0.3949
vn 0.4729 -0.7636 -0.4396
vn 0.3457 -0.6945 -0.6310
vn 0.6726 -0.5707 -0.4712
vn 0.5313 -0.4904 -0.6908
vn 0.8923 -0.1515 -0.4253
vn 0.7306 -0.0656 -0.6796
vn -0.8531 0.3664 -0.3714
vn 0.7440 0.5203 -0.4193
vn -0.8918 0.0352 -0.4511
vn 0.0491 0.2365 -0.9704
vn 0.1799 0.5986 -0.7806
vn -0.3771 0.3930 -0.8386
vn -0.3268 0.5077 -0.7971
vn -0.4577 0.4455 -0.7694
vn -0.4440 0.4851 -0.7534
vn -0.4646 0.3063 -0.8308
vn -0.4912 0.4845 -0.7238
vn -0.4952 0.4617 -0.7359
vn -0.4527 0.4623 -0.7624
vn -0.4393 0.4831 -0.7574
vn -0.4968 0.4825 -0.7214
vn -0.2786 0.5514 -0.7864
vn -0.3221 0.5256 -0.7874
vn 0.3016 0.7038 -0.6432
vn 0.2153 0.7121 -0.6682
vn -0.8084 0.0468 -0.5868
vn -0.8311 -0.0241 -0.5556
vn -0.7796 0.0947 -0.6191
vn 0.5086 0.6713 -0.5391
vn -0.8262 0.0267 -0.5627
vn 0.1174 0.6384 -0.7607
vn -0.1835 0.5934 -0.7837
vn -0.3912 0.5564 -0.7331
vn -0.2049 0.5657 -0.7987
vn -0.4973 0.5552 -0.6666
vn -0.5434 0.6165 -0.5698
vn -0.8016 -0.2310 -0.5514
vn -0.0308 -0.2849 -0.9581
vn 0.1162 -0.1406 -0.9832
vn -0.6578 0.7527 0.0254
vn -0.1375 0.0384 -0.9898
vn -0.7443 0.6564 0.1227
vn -0.2228 0.0967 -0.9701
vn -0.7221 0.6918 -0.0032
vn -0.1907 0.0350 -0.9810
vn -0.7070 0.7013 -0.0913
vn -0.0849 0.0877 -0.9925
vn -0.7907 0.5872 -0.1734
vn 0.0371 0.3769 -0.9255
vn -0.9198 0.2480 -0.3040
vn 0.0009 0.5565 -0.8308
vn -0.8959 -0.0929 -0.4344
vn -0.0978 0.6433 -0.7594
vn -0.8347 -0.2719 -0.4790
vn -0.6168 0.2478 -0.7471
vn -0.6108 0.1896 -0.7687
vn -0.8438 -0.5061 0.1786
vn -0.7057 -0.7073 0.0415
vn -0.7115 -0.5886 0.3840
vn -0.5924 -0.7776 0.2105
vn -0.9228 -0.0819 0.3765
vn -0.7814 -0.1764 0.5986
vn -0.7094 0.5034 0.4932
vn -0.5910 0.4306 0.6821
vn -0.4731 0.6003 0.6448
vn -0.5732 0.6556 0.4916
vn -0.5065 0.5785 0.6394
vn -0.5909 0.6253 0.5097
vn -0.6078 0.5894 0.5321
vn 0.7388 -0.5444 0.3972
vn -0.6152 0.4275 -0.6624
vn -0.5822 0.5048 -0.6373
vn -0.5759 0.5226 -0.6286
vn -0.5945 0.5478 -0.5886
vn -0.6343 0.5881 -0.5018
vn -0.6042 0.5804 0.5459
vn -0.4939 0.7766 0.3912
vn -0.3837 0.6333 0.6721
vn 0.5546 0.7539 -0.3522
vn 0.7583 0.6474 0.0769
vn -0.0871 -0.7423 0.6644
vn 0.6810 -0.6823 0.2659
vn 0.6524 0.0531 0.7560
vn 0.3936 0.0500 0.9179
vn 0.4762 -0.0335 0.8787
vn 0.6217 -0.0479 0.7818
vn 0.7029 0.0323 0.7106
vn 0.8500 0.4302 0.3040
vn 0.8997 0.4355 0.0295
vn 0.0610 -0.5088 0.8587
vn -0.2326 -0.5760 0.7837
vn 0.1616 -0.4763 0.8643
vn 0.9036 0.3959 0.1633
vn 0.1117 -0.5227 0.8452
vn 0.8934 0.3401 0.2935
vn 0.7217 -0.0246 0.6918
vn 0.6708 -0.0724 0.7381
vn 0.9080 0.1574 0.3883
vn 0.6481 -0.0788 0.7574
vn 0.6572 -0.1682 0.7347
vn 0.9012 -0.2249 0.3704
vn 0.0253 -0.4545 0.8904
vn -0.0000 -0.1504 0.9886
vn 0.8652 0.4478 -0.2256
vn 0.7711 0.6175 -0.1551
vn 0.6907 0.6686 -0.2754
vn 0.7786 0.5978 -0.1908
vn 0.7177 0.6371 -0.2811
vn 0.7891 0.5725 -0.2224
vn 0.7415 0.6028 -0.2946
vn 0.7223 0.5993 -0.3453
vn 0.8150 0.5513 -0.1783
vn -0.4596 -0.0261 -0.8878
vn -0.8958 -0.4086 -0.1747
vn -0.8959 -0.4086 -0.1746
vn -0.8959 -0.4085 -0.1746
vn -0.2598 0.8009 -0.5394
vn -0.2603 0.8009 -0.5392
vn -0.2599 0.8011 -0.5392
vn -0.3005 -0.6419 0.7054
vn 0.4785 0.8391 0.2588
vn 0.4785 0.8391 0.2587
vn -0.8754 0.4793 0.0635
vn -0.1779 -0.1971 -0.9641
vn -0.5750 -0.4456 0.6861
vn -0.3602 0.4377 0.8238
vn -0.3601 0.4377 0.8238
vn -0.3598 0.4375 0.8241
vn 0.2603 -0.8008 0.5394
vn 0.2601 -0.8011 0.5391
vn -0.4311 0.3086 -0.8479
vn -0.4311 0.3083 -0.8480
vn -0.4311 0.3087 -0.8479
vn 0.9847 -0.1723 0.0263
vn 0.9847 -0.1722 0.0264
vn -0.1591 -0.9510 -0.2651
vn -0.5536 -0.1365 0.8215
vn -0.5537 -0.1364 0.8215
vn 0.8752 -0.4795 -0.0637
vn 0.3602 -0.4377 -0.8238
vn 0.3604 -0.4375 -0.8238
vn 0.8959 0.4085 0.1746
vn 0.8959 0.4085 0.1748
vn 0.8959 0.4085 0.1745
vn -0.6905 -0.1852 -0.6992
vn -0.6907 -0.1852 -0.6991
vn -0.0346 0.8511 0.5239
vn -0.0345 0.8513 0.5236
vn 0.5750 0.4456 -0.6862
vn 0.7251 -0.6659 0.1753
vn 0.7250 -0.6660 0.1755
vn 0.1590 0.9510 0.2651
vn -0.7723 -0.4818 0.4139
vn -0.7724 -0.4819 0.4138
vn -0.7723 -0.4819 0.4139
vn 0.7660 -0.5176 -0.3812
vn 0.7660 -0.5176 -0.3811
vn 0.7660 -0.5176 -0.3813
vn 0.4595 0.0261 0.8878
vn 0.0064 0.9994 -0.0326
vn 0.0063 0.9994 -0.0327
vn 0.0062 0.9994 -0.0327
vn -0.8960 -0.4084 -0.1745
vn -0.2598 0.8009 -0.5395
vn 0.4782 0.8393 0.2588
vn -0.3603 0.4377 0.8238
vn 0.2602 -0.8011 0.5391
vn 0.9846 -0.1726 0.0262
vn -0.5535 -0.1366 0.8215
vn -0.6905 -0.1851 -0.6993
vn 0.7250 -0.6660 0.1753
vn -0.7725 -0.4818 0.4138
vt 0.024506 0.888457
vt 0.024506 0.887606
vt 0.024775 0.888255
vt 0.910586 0.784122
vt 0.910765 0.783444
vt 0.910879 0.784287
vt 0.909476 0.859712
vt 0.909363 0.860555
vt 0.909183 0.859876
vt 0.252022 0.916351
vt 0.251842 0.917030
vt 0.251729 0.916187
vt 0.408911 0.891015
vt 0.408910 0.891867
vt 0.408642 0.891217
vt 0.898647 0.425401
vt 0.898378 0.426050
vt 0.898378 0.425200
vt 0.081979 0.897539
vt 0.081979 0.898390
vt 0.081710 0.897741
vt 0.799704 0.247748
vt 0.799704 0.248450
vt 0.799379 0.247664
vt 0.914659 0.179021
vt 0.914545 0.179865
vt 0.914366 0.179185
vt 0.883429 0.712568
vt 0.883429 0.713271
vt 0.883103 0.712484
vt 0.849042 0.247663
vt 0.848716 0.248450
vt 0.848716 0.247747
vt 0.914367 0.099097
vt 0.914546 0.098418
vt 0.914660 0.099262
vt 0.903179 0.238238
vt 0.903293 0.237394
vt 0.903473 0.238073
vt 0.320562 0.896603
vt 0.320742 0.895924
vt 0.320856 0.896768
vt 0.577257 0.904193
vt 0.577370 0.903349
vt 0.577550 0.904028
vt 0.742439 0.238096
vt 0.742439 0.237394
vt 0.742764 0.238180
vt 0.025358 0.889664
vt 0.024506 0.890089
vt 0.742439 0.239621
vt 0.743389 0.239688
vt 0.026133 0.891535
vt 0.024506 0.892069
vt 0.742439 0.241646
vt 0.744147 0.241517
vt 0.910195 0.785597
vt 0.911097 0.785905
vt 0.909677 0.787554
vt 0.911361 0.787867
vt 0.026994 0.893613
vt 0.024506 0.894127
vt 0.909101 0.789729
vt 0.911636 0.789906
vt 0.909694 0.858094
vt 0.908274 0.856444
vt 0.909958 0.856131
vt 0.907698 0.854269
vt 0.910232 0.854092
vt 0.252931 0.912919
vt 0.251511 0.914569
vt 0.251247 0.912607
vt 0.253507 0.910744
vt 0.250972 0.910567
vt 0.408911 0.889383
vt 0.407283 0.887938
vt 0.408911 0.887403
vt 0.406422 0.885859
vt 0.408910 0.885345
vt 0.900005 0.422121
vt 0.898378 0.423567
vt 0.898378 0.421587
vt 0.900866 0.420043
vt 0.898378 0.419530
vt 0.081979 0.895907
vt 0.080352 0.894461
vt 0.081979 0.893927
vt 0.079491 0.892382
vt 0.081979 0.891869
vt 0.799704 0.244197
vt 0.798754 0.246155
vt 0.797996 0.244326
vt 0.799704 0.241947
vt 0.797209 0.242425
vt 0.914877 0.177403
vt 0.913457 0.175753
vt 0.915141 0.175441
vt 0.912881 0.173579
vt 0.915415 0.173402
vt 0.883429 0.709018
vt 0.882478 0.710977
vt 0.881721 0.709148
vt 0.883429 0.706768
vt 0.880933 0.707246
vt 0.849666 0.246155
vt 0.848716 0.244197
vt 0.850424 0.244326
vt 0.848716 0.241947
vt 0.851211 0.242425
vt 0.913458 0.102529
vt 0.914878 0.100879
vt 0.915142 0.102842
vt 0.912882 0.104704
vt 0.915416 0.104881
vt 0.902962 0.239855
vt 0.904382 0.241505
vt 0.902698 0.241818
vt 0.904958 0.243680
vt 0.902423 0.243857
vt 0.319653 0.900035
vt 0.321074 0.898385
vt 0.321338 0.900348
vt 0.319077 0.902210
vt 0.321612 0.902386
vt 0.577039 0.905811
vt 0.578459 0.907460
vt 0.576775 0.907773
vt 0.579035 0.909635
vt 0.576500 0.909812
vt 0.742439 0.243897
vt 0.744934 0.243418
vt 0.745749 0.245386
vt 0.742439 0.246065
vt 0.579591 0.911732
vt 0.576217 0.911922
vt 0.027824 0.895617
vt 0.024506 0.896256
vt 0.028737 0.897821
vt 0.024506 0.898390
vt 0.746566 0.247357
vt 0.742439 0.248450
vt 0.908546 0.791826
vt 0.911920 0.792017
vt 0.907936 0.794132
vt 0.912205 0.794132
vt 0.910517 0.851982
vt 0.907142 0.852172
vt 0.910801 0.849867
vt 0.906532 0.849867
vt 0.254062 0.908648
vt 0.250688 0.908456
vt 0.254673 0.906342
vt 0.250404 0.906342
vt 0.408910 0.883215
vt 0.405592 0.883855
vt 0.408911 0.881082
vt 0.404679 0.881651
vt 0.898378 0.417400
vt 0.901696 0.418039
vt 0.898378 0.415266
vt 0.902609 0.415836
vt 0.078661 0.890378
vt 0.081979 0.889739
vt 0.077748 0.888175
vt 0.081979 0.887605
vt 0.796394 0.240457
vt 0.799704 0.239778
vt 0.795577 0.238486
vt 0.799704 0.237393
vt 0.912325 0.171482
vt 0.915699 0.171291
vt 0.911715 0.169177
vt 0.915984 0.169177
vt 0.883429 0.704600
vt 0.880118 0.705278
vt 0.883429 0.702215
vt 0.879302 0.703307
vt 0.852026 0.240458
vt 0.848716 0.239778
vt 0.852843 0.238486
vt 0.848716 0.237393
vt 0.912326 0.106801
vt 0.915700 0.106991
vt 0.911716 0.109106
vt 0.915985 0.109106
vt 0.902139 0.245967
vt 0.905513 0.245777
vt 0.901854 0.248082
vt 0.906124 0.248082
vt 0.321896 0.904497
vt 0.318522 0.904307
vt 0.322181 0.906612
vt 0.317911 0.906612
vt 0.580201 0.914037
vt 0.575932 0.914037
vt 0.577940 0.905502
vt 0.320172 0.898077
vt 0.903863 0.239548
vt 0.913976 0.100571
vt 0.848716 0.246222
vt 0.883429 0.711043
vt 0.913975 0.177711
vt 0.799704 0.246222
vt 0.081127 0.896332
vt 0.899230 0.423993
vt 0.408058 0.889808
vt 0.252412 0.914877
vt 0.908792 0.858402
vt 0.421939 0.304742
vt 0.345895 0.257679
vt 0.346569 0.164662
vt 0.421569 0.211716
vt 0.342481 0.166382
vt 0.341831 0.255900
vt 0.345339 0.262196
vt 0.341686 0.262168
vt 0.340145 0.258657
vt 0.420882 0.306542
vt 0.420565 0.494394
vt 0.423287 0.495991
vt 0.423282 0.496451
vt 0.422256 0.116890
vt 0.423286 0.118706
vt 0.343332 0.539441
vt 0.420539 0.498010
vt 0.344362 0.541257
vt 0.346079 0.160138
vt 0.346713 0.072544
vt 0.346078 0.160139
vt 0.340834 0.163600
vt 0.342425 0.160112
vt 0.263833 0.118397
vt 0.342538 0.072514
vt 0.342539 0.072514
vt 0.266104 0.115307
vt 0.266104 0.115306
vt 0.264300 0.112130
vt 0.260350 0.116958
vt 0.260646 0.112105
vt 0.263613 0.206956
vt 0.259960 0.206929
vt 0.340834 0.163601
vt 0.265418 0.210134
vt 0.259664 0.211785
vt 0.263145 0.213223
vt 0.342480 0.166383
vt 0.258995 0.304128
vt 0.262497 0.302740
vt 0.340146 0.258657
vt 0.263146 0.213223
vt 0.264725 0.305865
vt 0.259221 0.308987
vt 0.262875 0.309015
vt 0.341144 0.350727
vt 0.339459 0.353483
vt 0.264724 0.305864
vt 0.341144 0.350725
vt 0.341686 0.262169
vt 0.345207 0.352506
vt 0.344653 0.357021
vt 0.340999 0.356995
vt 0.261811 0.397567
vt 0.264037 0.400689
vt 0.262874 0.309014
vt 0.261811 0.397566
vt 0.258308 0.398954
vt 0.258533 0.403814
vt 0.262187 0.403840
vt 0.340458 0.445551
vt 0.338772 0.448309
vt 0.340457 0.445551
vt 0.344521 0.447331
vt 0.343966 0.451848
vt 0.340313 0.451822
vt 0.261552 0.491434
vt 0.263356 0.494611
vt 0.338772 0.448308
vt 0.257899 0.491408
vt 0.257881 0.493889
vt 0.261198 0.495836
vt 0.339678 0.539416
vt 0.339660 0.541897
vt 0.263357 0.494611
vt 0.339678 0.539415
vt 0.340312 0.451821
vt 0.341618 0.542815
vt 0.340477 0.068883
vt 0.264935 0.024536
vt 0.419507 0.496194
vt 0.419508 0.496194
vt 0.180778 0.448857
vt 0.181835 0.447057
vt 0.260760 0.024506
vt 0.260646 0.112104
vt 0.260759 0.024506
vt 0.184583 0.067753
vt 0.178060 0.446799
vt 0.180804 0.445241
vt 0.183526 0.069554
vt 0.182839 0.164380
vt 0.260351 0.116959
vt 0.183896 0.162579
vt 0.182522 0.352231
vt 0.181491 0.350416
vt 0.258995 0.304129
vt 0.183209 0.257405
vt 0.259221 0.308988
vt 0.257899 0.491407
vt 0.258534 0.403813
vt 0.181836 0.447057
vt 0.344653 0.357022
vt 0.420195 0.401368
vt 0.420194 0.401368
vt 0.421252 0.399567
vt 0.345340 0.262196
vt 0.178056 0.447260
vt 0.805959 0.310906
vt 0.807787 0.308638
vt 0.807833 0.308726
vt 0.810304 0.308461
vt 0.809032 0.312050
vt 0.810407 0.308509
vt 0.807512 0.311766
vt 0.805894 0.310918
vt 0.580422 0.764507
vt 0.578884 0.765381
vt 0.578818 0.765369
vt 0.580784 0.767559
vt 0.580738 0.767648
vt 0.578739 0.764925
vt 0.580440 0.764501
vt 0.805776 0.311275
vt 0.807495 0.311760
vt 0.576645 0.759848
vt 0.578703 0.764996
vt 0.803844 0.316451
vt 0.805812 0.311346
vt 0.576336 0.757909
vt 0.576753 0.759819
vt 0.803512 0.318321
vt 0.803736 0.316422
vt 0.579305 0.756227
vt 0.576417 0.757947
vt 0.806413 0.320036
vt 0.803431 0.318359
vt 0.577036 0.757043
vt 0.579318 0.756222
vt 0.804118 0.319205
vt 0.806400 0.320032
vt 0.578065 0.755997
vt 0.577022 0.757053
vt 0.805187 0.320281
vt 0.804132 0.319216
vt 0.575970 0.756612
vt 0.578091 0.755977
vt 0.803027 0.319594
vt 0.805160 0.320260
vt 0.575984 0.750104
vt 0.575932 0.756663
vt 0.803149 0.326100
vt 0.803066 0.319645
vt 0.577340 0.749748
vt 0.576053 0.750156
vt 0.804483 0.326504
vt 0.803080 0.326153
vt 0.575932 0.749045
vt 0.577387 0.749753
vt 0.803107 0.327251
vt 0.804435 0.326509
vt 0.576622 0.743923
vt 0.576012 0.749004
vt 0.803759 0.332275
vt 0.803027 0.327210
vt 0.577492 0.744086
vt 0.576666 0.743980
vt 0.804547 0.332187
vt 0.803714 0.332333
vt 0.576786 0.743523
vt 0.577454 0.744068
vt 0.803966 0.332762
vt 0.804585 0.332169
vt 0.577270 0.741047
vt 0.576873 0.743493
vt 0.804470 0.335177
vt 0.803879 0.332732
vt 0.578786 0.737079
vt 0.577379 0.741078
vt 0.805904 0.339106
vt 0.804360 0.335208
vt 0.581524 0.738232
vt 0.578817 0.737149
vt 0.808594 0.338038
vt 0.805873 0.339176
vt 0.579434 0.736428
vt 0.581506 0.738219
vt 0.806608 0.339859
vt 0.808611 0.338025
vt 0.579448 0.736111
vt 0.579519 0.736393
vt 0.806643 0.340124
vt 0.806523 0.339824
vt 0.579562 0.735724
vt 0.579554 0.736127
vt 0.806754 0.340494
vt 0.806537 0.340140
vt 0.580171 0.733923
vt 0.579666 0.735757
vt 0.807359 0.342289
vt 0.806650 0.340527
vt 0.580701 0.732487
vt 0.580275 0.733960
vt 0.807846 0.343690
vt 0.807256 0.342325
vt 0.582975 0.731943
vt 0.580764 0.732557
vt 0.810076 0.344286
vt 0.807783 0.343760
vt 0.581753 0.731702
vt 0.582998 0.731963
vt 0.808840 0.344549
vt 0.810053 0.344306
vt 0.582626 0.731598
vt 0.581759 0.731703
vt 0.809727 0.344652
vt 0.808833 0.344551
vt 0.581973 0.731386
vt 0.582647 0.731598
vt 0.809066 0.344864
vt 0.809706 0.344653
vt 0.583683 0.731121
vt 0.581984 0.731388
vt 0.810748 0.345110
vt 0.809054 0.344865
vt 0.581589 0.730904
vt 0.583667 0.731138
vt 0.808738 0.345369
vt 0.810763 0.345126
vt 0.583089 0.727724
vt 0.581641 0.730876
vt 0.810259 0.348436
vt 0.808686 0.345341
vt 0.585960 0.724965
vt 0.583175 0.727786
vt 0.813060 0.351141
vt 0.810174 0.348497
vt 0.586001 0.725058
vt 0.586616 0.724900
vt 0.586627 0.725148
vt 0.813670 0.351294
vt 0.813678 0.351051
vt 0.814351 0.351306
vt 0.814297 0.350901
vt 0.587318 0.724874
vt 0.587260 0.725307
vt 0.814932 0.350883
vt 0.815003 0.351115
vt 0.587910 0.725324
vt 0.587987 0.725088
vt 0.815550 0.350809
vt 0.815612 0.350887
vt 0.588535 0.725406
vt 0.588598 0.725327
vt 0.817646 0.347603
vt 0.817554 0.347560
vt 0.590530 0.728699
vt 0.590623 0.728656
vt 0.818031 0.346425
vt 0.817940 0.346394
vt 0.590909 0.729876
vt 0.591001 0.729846
vt 0.818193 0.345953
vt 0.818107 0.345932
vt 0.591072 0.730344
vt 0.591160 0.730323
vt 0.818256 0.345538
vt 0.818206 0.345564
vt 0.591168 0.730714
vt 0.591219 0.730742
vt 0.816950 0.345142
vt 0.816793 0.345106
vt 0.589898 0.731129
vt 0.589740 0.731161
vt 0.818462 0.345039
vt 0.818504 0.345106
vt 0.591407 0.731236
vt 0.591448 0.731170
vt 0.818834 0.344631
vt 0.818744 0.344573
vt 0.591687 0.731703
vt 0.591777 0.731646
vt 0.819101 0.344201
vt 0.819004 0.344162
vt 0.591945 0.732115
vt 0.592042 0.732076
vt 0.819684 0.341459
vt 0.819578 0.341443
vt 0.592508 0.734838
vt 0.592614 0.734823
vt 0.820102 0.336525
vt 0.820062 0.336570
vt 0.592975 0.739714
vt 0.593014 0.739759
vt 0.818540 0.336901
vt 0.818558 0.336895
vt 0.591471 0.739383
vt 0.591453 0.739377
vt 0.820870 0.335687
vt 0.820860 0.335689
vt 0.593768 0.740594
vt 0.593777 0.740596
vt 0.818893 0.336095
vt 0.818922 0.336084
vt 0.591832 0.740192
vt 0.591802 0.740182
vt 0.820173 0.335131
vt 0.820088 0.335063
vt 0.592994 0.741214
vt 0.593079 0.741147
vt 0.820591 0.334233
vt 0.820483 0.334200
vt 0.593386 0.742078
vt 0.593494 0.742044
vt 0.821097 0.331119
vt 0.821028 0.331163
vt 0.593925 0.745112
vt 0.593994 0.745155
vt 0.818772 0.330453
vt 0.818752 0.330450
vt 0.591650 0.745819
vt 0.591670 0.745816
vt 0.821472 0.330520
vt 0.821417 0.330464
vt 0.594310 0.745807
vt 0.594365 0.745751
vt 0.821518 0.325836
vt 0.821416 0.325858
vt 0.594305 0.750405
vt 0.594407 0.750428
vt 0.821341 0.325486
vt 0.821230 0.325499
vt 0.594119 0.750763
vt 0.594229 0.750776
vt 0.821423 0.325149
vt 0.821319 0.325150
vt 0.594207 0.751111
vt 0.594311 0.751112
vt 0.820803 0.322330
vt 0.820726 0.322394
vt 0.593613 0.753861
vt 0.593690 0.753925
vt 0.817882 0.321130
vt 0.817861 0.321129
vt 0.590752 0.755122
vt 0.590774 0.755121
vt 0.820450 0.321343
vt 0.820458 0.321345
vt 0.593340 0.754904
vt 0.593332 0.754906
vt 0.818942 0.320809
vt 0.818902 0.320807
vt 0.591788 0.755440
vt 0.591828 0.755438
vt 0.820729 0.320251
vt 0.820663 0.320218
vt 0.593543 0.756025
vt 0.593609 0.755991
vt 0.819074 0.315140
vt 0.818979 0.315192
vt 0.591872 0.761036
vt 0.591967 0.761087
vt 0.816503 0.311966
vt 0.816463 0.312047
vt 0.589371 0.764173
vt 0.589412 0.764254
vt 0.814531 0.312015
vt 0.814400 0.312031
vt 0.587444 0.764208
vt 0.587315 0.764191
vt 0.816343 0.311722
vt 0.816392 0.311739
vt 0.589238 0.764481
vt 0.589286 0.764465
vt 0.814212 0.308386
vt 0.814169 0.308466
vt 0.587109 0.767719
vt 0.587152 0.767798
vt 0.584712 0.767796
vt 0.584613 0.767743
vt 0.811646 0.308460
vt 0.811745 0.308399
vt 0.811163 0.297886
vt 0.584847 0.778121
vt 0.810277 0.297727
vt 0.811058 0.298012
vt 0.810314 0.298117
vt 0.584116 0.778501
vt 0.584102 0.778110
vt 0.809568 0.298149
vt 0.809444 0.298060
vt 0.583354 0.778171
vt 0.583241 0.778290
vt 0.583273 0.767814
vt 0.583375 0.767757
vt 0.581964 0.764208
vt 0.583997 0.767751
vt 0.584159 0.763994
vt 0.584151 0.764253
vt 0.586278 0.764448
vt 0.587405 0.763924
vt 0.586858 0.764189
vt 0.584169 0.763729
vt 0.584396 0.760340
vt 0.588197 0.760641
vt 0.580547 0.760072
vt 0.580871 0.763514
vt 0.581421 0.763854
vt 0.580580 0.758439
vt 0.580621 0.756798
vt 0.584517 0.758712
vt 0.584642 0.757074
vt 0.588423 0.759043
vt 0.588915 0.755791
vt 0.588661 0.757431
vt 0.584768 0.755422
vt 0.584781 0.755214
vt 0.580629 0.755145
vt 0.580233 0.754658
vt 0.580432 0.754901
vt 0.584794 0.755005
vt 0.580457 0.750272
vt 0.585113 0.750609
vt 0.589359 0.755336
vt 0.589152 0.755583
vt 0.589768 0.750949
vt 0.585154 0.750033
vt 0.589918 0.750380
vt 0.589866 0.750151
vt 0.585170 0.749810
vt 0.590083 0.746415
vt 0.585440 0.746077
vt 0.580478 0.749469
vt 0.580393 0.749688
vt 0.580812 0.745759
vt 0.580971 0.745510
vt 0.581129 0.745262
vt 0.585458 0.745818
vt 0.585476 0.745560
vt 0.589957 0.746121
vt 0.589834 0.745827
vt 0.585731 0.741624
vt 0.589911 0.741889
vt 0.589838 0.739446
vt 0.585899 0.739176
vt 0.589633 0.739244
vt 0.581918 0.738908
vt 0.581534 0.741345
vt 0.582183 0.738708
vt 0.582438 0.738496
vt 0.585918 0.738995
vt 0.582519 0.738045
vt 0.585936 0.738815
vt 0.586090 0.736924
vt 0.589429 0.739041
vt 0.589361 0.737445
vt 0.589425 0.737615
vt 0.586106 0.736770
vt 0.586298 0.734453
vt 0.589442 0.734683
vt 0.583142 0.734159
vt 0.582626 0.737879
vt 0.583428 0.732337
vt 0.583427 0.732143
vt 0.586526 0.732108
vt 0.589418 0.731640
vt 0.589519 0.731864
vt 0.586550 0.731541
vt 0.586487 0.731911
vt 0.589481 0.731343
vt 0.589197 0.731129
vt 0.583715 0.731573
vt 0.583425 0.731738
vt 0.584005 0.731424
vt 0.586566 0.731363
vt 0.584310 0.730947
vt 0.586583 0.731184
vt 0.586638 0.730792
vt 0.588916 0.730922
vt 0.588794 0.730587
vt 0.588649 0.730340
vt 0.586883 0.728352
vt 0.586626 0.730490
vt 0.588740 0.728510
vt 0.585021 0.728059
vt 0.584482 0.730543
vt 0.811026 0.308484
vt 0.811212 0.311988
vt 0.813354 0.311776
vt 0.811225 0.312248
vt 0.814489 0.312301
vt 0.813939 0.312035
vt 0.811239 0.312513
vt 0.811482 0.315907
vt 0.815292 0.315594
vt 0.807633 0.316188
vt 0.807944 0.312748
vt 0.808492 0.312406
vt 0.807670 0.317820
vt 0.811607 0.317537
vt 0.807715 0.319459
vt 0.815521 0.317197
vt 0.811736 0.319177
vt 0.816019 0.320457
vt 0.815763 0.318813
vt 0.811865 0.320830
vt 0.811878 0.321039
vt 0.807724 0.321112
vt 0.807328 0.321598
vt 0.807527 0.321355
vt 0.811891 0.321248
vt 0.807553 0.325985
vt 0.816464 0.320914
vt 0.812211 0.325648
vt 0.816256 0.320666
vt 0.816872 0.325310
vt 0.812252 0.326225
vt 0.817022 0.325880
vt 0.816970 0.326109
vt 0.812268 0.326449
vt 0.817184 0.329851
vt 0.812535 0.330184
vt 0.807573 0.326787
vt 0.807489 0.326569
vt 0.807905 0.330499
vt 0.808064 0.330747
vt 0.808223 0.330996
vt 0.812553 0.330443
vt 0.817057 0.330145
vt 0.812571 0.330701
vt 0.816933 0.330440
vt 0.812822 0.334639
vt 0.817004 0.334381
vt 0.816925 0.336826
vt 0.812985 0.337087
vt 0.816719 0.337028
vt 0.809005 0.337350
vt 0.808624 0.334913
vt 0.809271 0.337550
vt 0.809525 0.337762
vt 0.813003 0.337269
vt 0.813021 0.337449
vt 0.809606 0.338213
vt 0.816514 0.337231
vt 0.813171 0.339339
vt 0.816441 0.338826
vt 0.816506 0.338656
vt 0.813187 0.339492
vt 0.813373 0.341807
vt 0.816514 0.341587
vt 0.810223 0.342093
vt 0.809713 0.338379
vt 0.810505 0.343913
vt 0.813594 0.344147
vt 0.810504 0.344107
vt 0.816475 0.344625
vt 0.816578 0.344402
vt 0.816535 0.344923
vt 0.813616 0.344711
vt 0.813554 0.344343
vt 0.816251 0.345134
vt 0.810794 0.344675
vt 0.810503 0.344510
vt 0.811084 0.344824
vt 0.813632 0.344888
vt 0.813648 0.345067
vt 0.811387 0.345298
vt 0.815970 0.345338
vt 0.813702 0.345457
vt 0.815846 0.345671
vt 0.813688 0.345758
vt 0.815699 0.345916
vt 0.813936 0.347879
vt 0.815777 0.347734
vt 0.812090 0.348166
vt 0.811558 0.345700
vt 0.813019 0.351233
vt 0.584966 0.778217
vt 0.607995 0.350229
vt 0.609360 0.360654
vt 0.600770 0.410402
vt 0.610470 0.382035
vt 0.611727 0.392622
vt 0.608689 0.391910
vt 0.613706 0.371646
vt 0.610682 0.372729
vt 0.621342 0.382505
vt 0.613537 0.382109
vt 0.621534 0.370274
vt 0.645486 0.385051
vt 0.619291 0.394463
vt 0.645585 0.368562
vt 0.650212 0.385488
vt 0.642600 0.401061
vt 0.551357 0.525037
vt 0.537115 0.528301
vt 0.536761 0.526274
vt 0.565628 0.528662
vt 0.551331 0.527105
vt 0.550814 0.550670
vt 0.579563 0.532872
vt 0.560549 0.551869
vt 0.566043 0.526612
vt 0.592621 0.539867
vt 0.569895 0.554869
vt 0.580371 0.530912
vt 0.636174 0.336575
vt 0.647259 0.350741
vt 0.642591 0.352111
vt 0.650383 0.368138
vt 0.626069 0.323013
vt 0.640424 0.334163
vt 0.593835 0.538068
vt 0.604324 0.549543
vt 0.612864 0.312647
vt 0.629568 0.319606
vt 0.605934 0.548093
vt 0.612659 0.562237
vt 0.578443 0.559736
vt 0.585785 0.566266
vt 0.614578 0.561220
vt 0.618170 0.575992
vt 0.591445 0.574265
vt 0.620206 0.575387
vt 0.620945 0.590280
vt 0.595307 0.583268
vt 0.623025 0.590074
vt 0.620966 0.604655
vt 0.597350 0.592853
vt 0.620236 0.619227
vt 0.623025 0.604846
vt 0.595691 0.612289
vt 0.618262 0.618656
vt 0.614872 0.632770
vt 0.592132 0.621405
vt 0.613041 0.631851
vt 0.607182 0.645089
vt 0.586992 0.629732
vt 0.605558 0.643853
vt 0.597332 0.655734
vt 0.580352 0.636916
vt 0.595966 0.654218
vt 0.585692 0.664385
vt 0.572502 0.642737
vt 0.584628 0.662642
vt 0.572632 0.670754
vt 0.563702 0.646978
vt 0.571910 0.668838
vt 0.558575 0.674612
vt 0.554257 0.649489
vt 0.558219 0.672586
vt 0.543975 0.675862
vt 0.544500 0.650236
vt 0.544003 0.673794
vt 0.529706 0.672247
vt 0.529280 0.674294
vt 0.515787 0.667972
vt 0.534766 0.649046
vt 0.514973 0.669934
vt 0.502690 0.661037
vt 0.525446 0.645987
vt 0.501480 0.662837
vt 0.490997 0.651348
vt 0.516888 0.641190
vt 0.482600 0.638699
vt 0.509556 0.634656
vt 0.489388 0.652803
vt 0.510906 0.461307
vt 0.493674 0.454333
vt 0.497224 0.450819
vt 0.482454 0.439568
vt 0.486813 0.437111
vt 0.526546 0.468063
vt 0.508361 0.465586
vt 0.480683 0.639716
vt 0.477088 0.624944
vt 0.543407 0.471080
vt 0.525102 0.472804
vt 0.475049 0.625537
vt 0.474382 0.610635
vt 0.503832 0.626678
vt 0.499965 0.617660
vt 0.474366 0.596248
vt 0.497988 0.608063
vt 0.472298 0.610832
vt 0.499638 0.588639
vt 0.477084 0.582236
vt 0.475108 0.581659
vt 0.472307 0.596051
vt 0.578390 0.472375
vt 0.560535 0.470755
vt 0.577059 0.467757
vt 0.542995 0.476026
vt 0.594510 0.465889
vt 0.592367 0.461637
vt 0.480441 0.568094
vt 0.609066 0.456829
vt 0.606261 0.453036
vt 0.488162 0.555786
vt 0.482270 0.569016
vt 0.503148 0.579512
vt 0.508308 0.571204
vt 0.489788 0.557024
vt 0.514927 0.564004
vt 0.499369 0.546641
vt 0.498004 0.545124
vt 0.522772 0.558153
vt 0.510693 0.538197
vt 0.509633 0.536453
vt 0.632742 0.432641
vt 0.618457 0.442252
vt 0.628950 0.429934
vt 0.621812 0.445555
vt 0.641337 0.418155
vt 0.637143 0.416170
vt 0.522703 0.530113
vt 0.647124 0.402289
vt 0.523421 0.532029
vt 0.531596 0.553918
vt 0.541051 0.551412
vt 0.532118 0.555333
vt 0.541300 0.552894
vt 0.553250 0.109315
vt 0.546837 0.100544
vt 0.553917 0.104649
vt 0.552888 0.114434
vt 0.543799 0.106272
vt 0.553034 0.119852
vt 0.541850 0.112850
vt 0.550777 0.552208
vt 0.541404 0.127452
vt 0.553864 0.125398
vt 0.560214 0.553367
vt 0.520802 0.129590
vt 0.541035 0.120000
vt 0.523210 0.107961
vt 0.521044 0.118537
vt 0.504392 0.101913
vt 0.500206 0.130718
vt 0.493886 0.130926
vt 0.501027 0.116000
vt 0.498625 0.099939
vt 0.502074 0.145616
vt 0.522537 0.140755
vt 0.495801 0.146977
vt 0.506603 0.160196
vt 0.526245 0.151653
vt 0.500572 0.162682
vt 0.513773 0.174002
vt 0.531915 0.161885
vt 0.508146 0.177594
vt 0.523427 0.186594
vt 0.539356 0.171102
vt 0.518440 0.191239
vt 0.535473 0.197416
vt 0.548482 0.178900
vt 0.531342 0.203039
vt 0.549634 0.206019
vt 0.558995 0.184932
vt 0.546566 0.212497
vt 0.565534 0.211951
vt 0.570556 0.188905
vt 0.563763 0.219086
vt 0.582798 0.190563
vt 0.582702 0.214717
vt 0.595183 0.189601
vt 0.600517 0.213834
vt 0.582458 0.222289
vt 0.607019 0.185998
vt 0.618173 0.209237
vt 0.602044 0.221535
vt 0.617607 0.179697
vt 0.634436 0.200768
vt 0.621694 0.216648
vt 0.626104 0.170799
vt 0.646315 0.186770
vt 0.640840 0.208805
vt 0.632288 0.160034
vt 0.654768 0.170614
vt 0.652787 0.191879
vt 0.635909 0.148187
vt 0.659475 0.153386
vt 0.661924 0.173786
vt 0.637062 0.135897
vt 0.660622 0.136030
vt 0.666932 0.154823
vt 0.658419 0.119215
vt 0.635772 0.123710
vt 0.665422 0.117660
vt 0.653157 0.103515
vt 0.632215 0.112100
vt 0.659540 0.100745
vt 0.645294 0.089354
vt 0.626641 0.101456
vt 0.650946 0.085512
vt 0.635147 0.077152
vt 0.619319 0.092148
vt 0.639892 0.072464
vt 0.623275 0.067105
vt 0.610615 0.084357
vt 0.627031 0.061764
vt 0.610062 0.059492
vt 0.600833 0.078336
vt 0.612771 0.053705
vt 0.595986 0.054323
vt 0.590369 0.074123
vt 0.597611 0.048218
vt 0.581478 0.051813
vt 0.579555 0.071862
vt 0.581955 0.045657
vt 0.568780 0.071642
vt 0.567023 0.051996
vt 0.558385 0.073349
vt 0.553056 0.054742
vt 0.566379 0.045953
vt 0.548746 0.077018
vt 0.540014 0.060012
vt 0.551348 0.049026
vt 0.540145 0.082464
vt 0.528286 0.067623
vt 0.537259 0.054731
vt 0.532884 0.089602
vt 0.518237 0.077321
vt 0.524618 0.063013
vt 0.527210 0.098220
vt 0.510221 0.088899
vt 0.513713 0.073465
vt 0.505012 0.085947
vt 0.498077 0.082008
vt 0.490930 0.097284
vt 0.486822 0.113864
vt 0.494924 0.115096
vt 0.474022 0.111758
vt 0.478854 0.092975
vt 0.485483 0.131135
vt 0.487454 0.148692
vt 0.472298 0.131315
vt 0.492518 0.165917
vt 0.474273 0.151151
vt 0.500643 0.182315
vt 0.479722 0.170708
vt 0.511747 0.197342
vt 0.488633 0.189409
vt 0.525720 0.210437
vt 0.500940 0.206670
vt 0.542320 0.221062
vt 0.516530 0.221883
vt 0.561229 0.228616
vt 0.535194 0.234434
vt 0.581977 0.232468
vt 0.580506 0.248716
vt 0.603897 0.231910
vt 0.606107 0.248716
vt 0.625973 0.226424
vt 0.632324 0.242564
vt 0.646412 0.215808
vt 0.656911 0.229084
vt 0.661464 0.198224
vt 0.675669 0.208276
vt 0.671653 0.177781
vt 0.687470 0.184046
vt 0.676973 0.156513
vt 0.693135 0.159049
vt 0.677753 0.135528
vt 0.667957 0.135897
vt 0.693427 0.134645
vt 0.674746 0.115413
vt 0.667968 0.096933
vt 0.689438 0.111634
vt 0.658418 0.080317
vt 0.681259 0.090690
vt 0.646131 0.066164
vt 0.670060 0.072004
vt 0.631947 0.054630
vt 0.655937 0.056206
vt 0.616306 0.046001
vt 0.639678 0.043371
vt 0.599714 0.040087
vt 0.621781 0.033775
vt 0.582555 0.037455
vt 0.602914 0.027298
vt 0.565498 0.037905
vt 0.564105 0.025174
vt 0.549066 0.041401
vt 0.545348 0.029296
vt 0.533581 0.047656
vt 0.527703 0.036505
vt 0.519710 0.056845
vt 0.511883 0.047012
vt 0.507645 0.068300
vt 0.498096 0.060071
vt 0.487111 0.075649
vt 0.179801 0.624000
vt 0.183225 0.615733
vt 0.236726 0.593572
vt 0.550965 0.095998
vt 0.554600 0.100608
vt 0.556335 0.093018
vt 0.558747 0.100873
vt 0.562590 0.091320
vt 0.563494 0.101243
vt 0.569432 0.090867
vt 0.568574 0.101962
vt 0.576579 0.091645
vt 0.573806 0.103271
vt 0.579009 0.105238
vt 0.583744 0.093682
vt 0.584003 0.107902
vt 0.590653 0.096912
vt 0.588628 0.111225
vt 0.597079 0.101240
vt 0.592721 0.115160
vt 0.602780 0.106605
vt 0.596141 0.119604
vt 0.607513 0.112877
vt 0.598774 0.124419
vt 0.611092 0.119839
vt 0.600519 0.129477
vt 0.613347 0.127259
vt 0.601311 0.134494
vt 0.614159 0.134861
vt 0.613450 0.142342
vt 0.601086 0.139312
vt 0.611216 0.149379
vt 0.599852 0.143738
vt 0.607503 0.155629
vt 0.597639 0.147653
vt 0.602464 0.160761
vt 0.594575 0.150813
vt 0.596324 0.164501
vt 0.590793 0.153075
vt 0.589391 0.166732
vt 0.586466 0.154347
vt 0.582015 0.167333
vt 0.581797 0.154574
vt 0.574565 0.166345
vt 0.576995 0.153746
vt 0.572260 0.151906
vt 0.567331 0.163884
vt 0.567781 0.149128
vt 0.560625 0.160029
vt 0.563720 0.145519
vt 0.554675 0.154990
vt 0.560209 0.141212
vt 0.549669 0.148972
vt 0.557413 0.136284
vt 0.545741 0.142206
vt 0.555298 0.130954
vt 0.542974 0.134944
vt 0.569248 0.556318
vt 0.577491 0.561037
vt 0.584552 0.567361
vt 0.590053 0.575061
vt 0.593830 0.583750
vt 0.595818 0.593031
vt 0.597489 0.602657
vt 0.595958 0.602531
vt 0.594227 0.611874
vt 0.590788 0.620734
vt 0.585786 0.628812
vt 0.579349 0.635796
vt 0.571730 0.641455
vt 0.563179 0.645567
vt 0.554007 0.648008
vt 0.544536 0.648697
vt 0.535105 0.647537
vt 0.526084 0.644565
vt 0.517839 0.639875
vt 0.510774 0.633561
vt 0.505239 0.625872
vt 0.501454 0.617182
vt 0.499512 0.607890
vt 0.497846 0.598262
vt 0.499379 0.598391
vt 0.501087 0.589047
vt 0.504498 0.580183
vt 0.509505 0.572112
vt 0.515935 0.565120
vt 0.523558 0.559448
vt 0.609139 0.416350
vt 0.615331 0.405987
vt 0.603053 0.411985
vt 0.608166 0.402738
vt 0.596112 0.419915
vt 0.601373 0.425198
vt 0.588048 0.426852
vt 0.592585 0.433053
vt 0.579097 0.432468
vt 0.582411 0.439410
vt 0.569589 0.436507
vt 0.571136 0.444069
vt 0.558175 0.438005
vt 0.558666 0.445918
vt 0.545974 0.446589
vt 0.546748 0.438661
vt 0.533156 0.445261
vt 0.535144 0.437506
vt 0.521405 0.441528
vt 0.524250 0.435043
vt 0.511596 0.436349
vt 0.512843 0.435032
vt 0.506291 0.426676
vt 0.512654 0.424175
vt 0.503560 0.414466
vt 0.511188 0.412636
vt 0.480341 0.420950
vt 0.501679 0.401659
vt 0.509862 0.400435
vt 0.477212 0.404100
vt 0.502359 0.389201
vt 0.510112 0.389727
vt 0.477672 0.387146
vt 0.511939 0.379121
vt 0.504301 0.377072
vt 0.515748 0.369056
vt 0.480682 0.370758
vt 0.508873 0.365832
vt 0.520718 0.359696
vt 0.486789 0.355439
vt 0.514625 0.355247
vt 0.527989 0.351915
vt 0.495008 0.341299
vt 0.522794 0.346441
vt 0.536477 0.345135
vt 0.505794 0.329085
vt 0.532020 0.338526
vt 0.545898 0.339698
vt 0.518204 0.318590
vt 0.542776 0.332621
vt 0.555807 0.336017
vt 0.532384 0.310657
vt 0.554215 0.328652
vt 0.566664 0.334499
vt 0.547879 0.305226
vt 0.566252 0.326849
vt 0.578526 0.326305
vt 0.577643 0.334118
vt 0.581005 0.302527
vt 0.590494 0.328442
vt 0.588435 0.335662
vt 0.597327 0.306032
vt 0.601951 0.331530
vt 0.598783 0.338021
vt 0.611621 0.336871
vt 0.610366 0.337890
vt 0.616616 0.346277
vt 0.610461 0.348645
vt 0.619857 0.357813
vt 0.612349 0.359746
vt 0.605881 0.342408
vt 0.596422 0.340970
vt 0.587487 0.338538
vt 0.577244 0.337110
vt 0.566808 0.337527
vt 0.556183 0.338648
vt 0.547134 0.342522
vt 0.538200 0.347722
vt 0.530046 0.354082
vt 0.522914 0.361245
vt 0.518493 0.370283
vt 0.514929 0.379826
vt 0.513206 0.389820
vt 0.512999 0.399316
vt 0.514208 0.411779
vt 0.515257 0.422567
vt 0.517247 0.430579
vt 0.526313 0.432233
vt 0.536069 0.434429
vt 0.547215 0.435701
vt 0.558067 0.434917
vt 0.569392 0.433671
vt 0.577863 0.429744
vt 0.586309 0.424364
vt 0.594026 0.417809
vt 0.605373 0.401495
vt 0.615352 0.308459
vt 0.598828 0.301376
vt 0.564300 0.302555
vt 0.581511 0.297727
vt 0.546698 0.300594
vt 0.530434 0.306340
vt 0.515541 0.314725
vt 0.502488 0.325698
vt 0.491192 0.338544
vt 0.482490 0.353354
vt 0.476083 0.369441
vt 0.472807 0.386646
vt 0.472298 0.404488
vt 0.475517 0.422355
vt 0.561015 0.475662
vt 0.556655 0.243638
vt 0.583484 0.024506
vt 0.188196 0.608294
vt 0.194523 0.601967
vt 0.219004 0.591826
vt 0.201962 0.596996
vt 0.210228 0.593572
vt 0.227951 0.591826
vt 0.244993 0.596996
vt 0.252432 0.601966
vt 0.178056 0.632775
vt 0.258759 0.608293
vt 0.179802 0.650498
vt 0.263730 0.615732
vt 0.183226 0.658764
vt 0.267154 0.623998
vt 0.188197 0.666203
vt 0.268900 0.632774
vt 0.194524 0.672530
vt 0.268900 0.641721
vt 0.267154 0.650496
vt 0.201963 0.677501
vt 0.263730 0.658763
vt 0.210230 0.680925
vt 0.258760 0.666202
vt 0.219005 0.682670
vt 0.252433 0.672529
vt 0.227952 0.682670
vt 0.244994 0.677500
vt 0.236728 0.680924
vt 0.178056 0.641722
vt 0.563909 0.297727
vt 0.842926 0.785491
vt 0.841819 0.786478
vt 0.842107 0.785107
vt 0.842993 0.786639
vt 0.841803 0.789321
vt 0.776633 0.784400
vt 0.778252 0.785164
vt 0.777084 0.785201
vt 0.777990 0.784000
vt 0.780907 0.785199
vt 0.843260 0.789268
vt 0.841803 0.792984
vt 0.780834 0.783746
vt 0.784369 0.785444
vt 0.784287 0.785687
vt 0.780902 0.785404
vt 0.778271 0.785286
vt 0.881648 0.313953
vt 0.878638 0.312053
vt 0.881952 0.312898
vt 0.884620 0.313953
vt 0.884151 0.313246
vt 0.777119 0.785280
vt 0.885112 0.313265
vt 0.886137 0.313941
vt 0.776872 0.785284
vt 0.776913 0.785324
vt 0.885703 0.312983
vt 0.886548 0.313838
vt 0.776861 0.785521
vt 0.776793 0.785491
vt 0.886656 0.313428
vt 0.776984 0.786648
vt 0.776860 0.786640
vt 0.885992 0.312395
vt 0.886685 0.311911
vt 0.777337 0.789244
vt 0.777127 0.789269
vt 0.885661 0.309231
vt 0.886719 0.308940
vt 0.777914 0.792599
vt 0.777672 0.792708
vt 0.884855 0.305908
vt 0.886332 0.305239
vt 0.778529 0.795405
vt 0.778358 0.795635
vt 0.884002 0.303001
vt 0.885725 0.301930
vt 0.779507 0.797028
vt 0.779558 0.797170
vt 0.882702 0.301176
vt 0.884492 0.299624
vt 0.780850 0.797755
vt 0.780829 0.797611
vt 0.882752 0.298347
vt 0.782445 0.797645
vt 0.782435 0.797584
vt 0.881339 0.300349
vt 0.880554 0.297916
vt 0.783838 0.797378
vt 0.783854 0.797307
vt 0.879699 0.300267
vt 0.878571 0.297727
vt 0.784846 0.796707
vt 0.784856 0.796597
vt 0.878463 0.300109
vt 0.876885 0.298160
vt 0.785675 0.795175
vt 0.785842 0.795349
vt 0.877616 0.300006
vt 0.875251 0.299419
vt 0.786621 0.793564
vt 0.786916 0.793857
vt 0.875653 0.302817
vt 0.873769 0.300912
vt 0.788240 0.792669
vt 0.788070 0.792498
vt 0.872260 0.302376
vt 0.874089 0.304050
vt 0.789356 0.791643
vt 0.789259 0.791684
vt 0.872820 0.304748
vt 0.870982 0.303996
vt 0.789690 0.790647
vt 0.789785 0.790637
vt 0.872913 0.305596
vt 0.870530 0.305677
vt 0.789759 0.789361
vt 0.789835 0.789356
vt 0.873057 0.306833
vt 0.870696 0.307661
vt 0.789576 0.787923
vt 0.789719 0.787901
vt 0.873120 0.308474
vt 0.871102 0.309865
vt 0.788851 0.786781
vt 0.788988 0.786787
vt 0.873932 0.309847
vt 0.872359 0.311619
vt 0.787344 0.785827
vt 0.787162 0.786028
vt 0.874650 0.312878
vt 0.875741 0.311167
vt 0.877952 0.313523
vt 0.876173 0.308391
vt 0.877860 0.309735
vt 0.880228 0.310921
vt 0.878975 0.306177
vt 0.880456 0.307675
vt 0.882166 0.309405
vt 0.882948 0.312212
vt 0.884106 0.311368
vt 0.884963 0.310219
vt 0.883704 0.307485
vt 0.885983 0.311434
vt 0.882545 0.305104
vt 0.881221 0.303400
vt 0.880069 0.302564
vt 0.878013 0.305205
vt 0.878757 0.302139
vt 0.877097 0.304278
vt 0.877839 0.301836
vt 0.876494 0.303668
vt 0.876904 0.301268
vt 0.874647 0.304992
vt 0.874939 0.305913
vt 0.875350 0.307230
vt 0.784452 0.783444
vt 0.787950 0.783569
vt 0.844491 0.795634
vt 0.843660 0.799192
vt 0.842286 0.796527
vt 0.843805 0.792708
vt 0.845641 0.797028
vt 0.845691 0.797169
vt 0.844662 0.795405
vt 0.892774 0.642252
vt 0.895103 0.644490
vt 0.893627 0.645159
vt 0.891474 0.640427
vt 0.894497 0.641180
vt 0.844047 0.792599
vt 0.895491 0.648190
vt 0.894433 0.648482
vt 0.843470 0.789243
vt 0.895457 0.651162
vt 0.894755 0.650685
vt 0.843117 0.786648
vt 0.894764 0.651646
vt 0.895428 0.652679
vt 0.843005 0.785284
vt 0.842994 0.785521
vt 0.894475 0.652234
vt 0.895320 0.653089
vt 0.843253 0.785278
vt 0.843046 0.785324
vt 0.894909 0.653192
vt 0.893884 0.652516
vt 0.843217 0.785200
vt 0.844404 0.785285
vt 0.893392 0.653204
vt 0.892923 0.652497
vt 0.891720 0.651463
vt 0.892878 0.650619
vt 0.890724 0.652149
vt 0.889000 0.650171
vt 0.890938 0.648656
vt 0.893735 0.649470
vt 0.892475 0.646736
vt 0.889227 0.646926
vt 0.891317 0.644355
vt 0.887747 0.645428
vt 0.889993 0.642652
vt 0.888841 0.641815
vt 0.890111 0.639600
vt 0.886786 0.644456
vt 0.887529 0.641390
vt 0.888470 0.639518
vt 0.889325 0.637167
vt 0.891524 0.637598
vt 0.893264 0.638875
vt 0.846983 0.797754
vt 0.846962 0.797610
vt 0.848578 0.797644
vt 0.848568 0.797584
vt 0.849971 0.797377
vt 0.849987 0.797306
vt 0.887343 0.636978
vt 0.850980 0.796706
vt 0.850989 0.796597
vt 0.887235 0.639360
vt 0.885657 0.637411
vt 0.851808 0.795174
vt 0.851975 0.795348
vt 0.885676 0.640519
vt 0.886388 0.639257
vt 0.852754 0.793564
vt 0.853050 0.793856
vt 0.884425 0.642068
vt 0.884023 0.638670
vt 0.854373 0.792668
vt 0.854203 0.792497
vt 0.881032 0.641627
vt 0.882862 0.643301
vt 0.855489 0.791642
vt 0.855393 0.791683
vt 0.879754 0.643247
vt 0.881591 0.643999
vt 0.885266 0.642919
vt 0.883418 0.644242
vt 0.885869 0.643529
vt 0.883712 0.645164
vt 0.881685 0.644846
vt 0.886611 0.641086
vt 0.881829 0.646084
vt 0.879302 0.644928
vt 0.855823 0.790646
vt 0.855918 0.790636
vt 0.855892 0.789361
vt 0.855968 0.789355
vt 0.855710 0.787923
vt 0.855853 0.787900
vt 0.881893 0.647725
vt 0.879469 0.646912
vt 0.854984 0.786780
vt 0.855121 0.786786
vt 0.882703 0.649098
vt 0.879874 0.649116
vt 0.884122 0.646481
vt 0.884945 0.647642
vt 0.886633 0.648986
vt 0.884513 0.650418
vt 0.887410 0.651304
vt 0.883422 0.652129
vt 0.886724 0.652774
vt 0.853477 0.785827
vt 0.853295 0.786028
vt 0.850503 0.785443
vt 0.850420 0.785686
vt 0.847040 0.785199
vt 0.847035 0.785404
vt 0.890420 0.653204
vt 0.844385 0.785163
vt 0.846967 0.783746
vt 0.850585 0.783444
vt 0.775670 0.789321
vt 0.775670 0.792985
vt 0.775686 0.786478
vt 0.844123 0.783999
vt 0.775974 0.785108
vt 0.776240 0.784694
vt 0.842766 0.784399
vt 0.842373 0.784694
vt 0.776153 0.796528
vt 0.854083 0.783568
vt 0.777527 0.799192
vt 0.856780 0.784566
vt 0.779776 0.800459
vt 0.858227 0.786509
vt 0.858924 0.788806
vt 0.782343 0.800855
vt 0.784700 0.800483
vt 0.858922 0.790998
vt 0.786590 0.799580
vt 0.858394 0.792858
vt 0.788402 0.798094
vt 0.789875 0.796469
vt 0.857312 0.794772
vt 0.791179 0.794773
vt 0.854535 0.798094
vt 0.792261 0.792859
vt 0.852724 0.799579
vt 0.792789 0.790998
vt 0.850833 0.800482
vt 0.792791 0.788806
vt 0.848476 0.800854
vt 0.845909 0.800458
vt 0.792094 0.786510
vt 0.790647 0.784566
vt 0.882541 0.640163
vt 0.881131 0.650870
vt 0.856008 0.796469
vt 0.707768 0.593175
vt 0.698748 0.592004
vt 0.701511 0.582072
vt 0.705596 0.579842
vt 0.706562 0.581522
vt 0.705332 0.581205
vt 0.704045 0.579816
vt 0.704044 0.581192
vt 0.704037 0.578163
vt 0.705903 0.578198
vt 0.707075 0.580229
vt 0.707683 0.582130
vt 0.707682 0.578674
vt 0.708426 0.580962
vt 0.708649 0.583009
vt 0.709305 0.579552
vt 0.709587 0.582003
vt 0.709447 0.584095
vt 0.710698 0.580797
vt 0.710522 0.583309
vt 0.709999 0.585353
vt 0.711807 0.582358
vt 0.711182 0.584822
vt 0.710295 0.586725
vt 0.712597 0.584178
vt 0.711530 0.586474
vt 0.710313 0.588150
vt 0.713012 0.586163
vt 0.711548 0.588190
vt 0.710057 0.589565
vt 0.713032 0.588228
vt 0.711234 0.589895
vt 0.709532 0.590910
vt 0.712653 0.590277
vt 0.710600 0.591515
vt 0.708759 0.592129
vt 0.711890 0.592224
vt 0.709674 0.592982
vt 0.710780 0.593985
vt 0.708500 0.594236
vt 0.706641 0.594024
vt 0.709374 0.595487
vt 0.707138 0.595230
vt 0.705405 0.594598
vt 0.707736 0.596669
vt 0.705646 0.595909
vt 0.704115 0.594882
vt 0.705940 0.597475
vt 0.704090 0.596242
vt 0.702823 0.594861
vt 0.704066 0.597870
vt 0.702536 0.596218
vt 0.701587 0.594555
vt 0.702197 0.597840
vt 0.701053 0.595841
vt 0.700468 0.593960
vt 0.700415 0.597385
vt 0.699706 0.595123
vt 0.699507 0.593100
vt 0.698798 0.596525
vt 0.698553 0.594093
vt 0.697414 0.595294
vt 0.697639 0.592795
vt 0.698192 0.590755
vt 0.696321 0.593745
vt 0.696994 0.591292
vt 0.697899 0.589391
vt 0.695558 0.591942
vt 0.696655 0.589645
vt 0.697878 0.587964
vt 0.695158 0.589962
vt 0.696636 0.587923
vt 0.698129 0.586537
vt 0.695139 0.587888
vt 0.696938 0.586201
vt 0.698639 0.585174
vt 0.695501 0.585814
vt 0.697553 0.584562
vt 0.699393 0.583943
vt 0.696241 0.583843
vt 0.698468 0.583084
vt 0.700365 0.582890
vt 0.697349 0.582072
vt 0.699637 0.581825
vt 0.698746 0.580558
vt 0.700997 0.580836
vt 0.702753 0.581485
vt 0.700380 0.579375
vt 0.702489 0.580153
vt 0.702169 0.578562
vt 0.701780 0.576646
vt 0.699638 0.577620
vt 0.704021 0.576168
vt 0.703992 0.573777
vt 0.706268 0.576203
vt 0.701305 0.574342
vt 0.708402 0.576812
vt 0.709266 0.574531
vt 0.710357 0.577856
vt 0.711617 0.575805
vt 0.712034 0.579352
vt 0.713636 0.577613
vt 0.713361 0.581226
vt 0.715228 0.579869
vt 0.714296 0.583406
vt 0.716337 0.582483
vt 0.714792 0.585792
vt 0.716929 0.585350
vt 0.714814 0.588274
vt 0.716955 0.588330
vt 0.714357 0.590735
vt 0.716403 0.591285
vt 0.713440 0.593072
vt 0.715298 0.594087
vt 0.712105 0.595183
vt 0.713691 0.596617
vt 0.710414 0.596981
vt 0.711655 0.598769
vt 0.708443 0.598391
vt 0.709282 0.600452
vt 0.706281 0.599351
vt 0.706679 0.601595
vt 0.704026 0.599820
vt 0.703964 0.602151
vt 0.701778 0.599780
vt 0.701259 0.602099
vt 0.699637 0.599234
vt 0.698685 0.601442
vt 0.697696 0.598203
vt 0.696357 0.600207
vt 0.696039 0.596731
vt 0.694374 0.598446
vt 0.694733 0.594877
vt 0.692816 0.596230
vt 0.693827 0.592718
vt 0.691742 0.593644
vt 0.693356 0.590340
vt 0.691186 0.590791
vt 0.693335 0.587845
vt 0.691165 0.587791
vt 0.693769 0.585348
vt 0.691687 0.584789
vt 0.694675 0.582988
vt 0.692788 0.581959
vt 0.696000 0.580857
vt 0.694387 0.579403
vt 0.697684 0.579045
vt 0.696401 0.577220
vt 0.698738 0.575506
vt 0.697653 0.572966
vt 0.694846 0.575019
vt 0.700738 0.571577
vt 0.700064 0.568262
vt 0.703963 0.570911
vt 0.696351 0.569913
vt 0.703940 0.567483
vt 0.707191 0.570989
vt 0.706688 0.573839
vt 0.710291 0.571795
vt 0.711530 0.568485
vt 0.713123 0.573335
vt 0.714936 0.570369
vt 0.715554 0.575521
vt 0.717852 0.573009
vt 0.717471 0.578244
vt 0.720158 0.576293
vt 0.718790 0.581381
vt 0.721741 0.580066
vt 0.719495 0.584822
vt 0.722574 0.584194
vt 0.719523 0.588401
vt 0.722603 0.588488
vt 0.718856 0.591946
vt 0.721797 0.592740
vt 0.717524 0.595305
vt 0.720190 0.596764
vt 0.715587 0.598334
vt 0.717855 0.600391
vt 0.713134 0.600908
vt 0.714899 0.603467
vt 0.710276 0.602917
vt 0.711453 0.605864
vt 0.707140 0.604278
vt 0.707674 0.607484
vt 0.703870 0.604937
vt 0.703734 0.608261
vt 0.700615 0.604867
vt 0.699813 0.608167
vt 0.697520 0.604075
vt 0.696088 0.607209
vt 0.694725 0.602595
vt 0.692729 0.605433
vt 0.692351 0.600489
vt 0.689886 0.602914
vt 0.690496 0.597841
vt 0.687678 0.599753
vt 0.689225 0.594750
vt 0.686182 0.596066
vt 0.688573 0.591332
vt 0.685426 0.591979
vt 0.688551 0.587723
vt 0.685404 0.587639
vt 0.689189 0.584120
vt 0.686191 0.583319
vt 0.690515 0.580720
vt 0.687794 0.579237
vt 0.692440 0.577649
vt 0.690085 0.575527
vt 0.692981 0.572374
vt 0.685616 0.561722
vt 0.680742 0.566953
vt 0.691268 0.557660
vt 0.669106 0.482424
vt 0.664330 0.478441
vt 0.669067 0.478576
vt 0.669207 0.486348
vt 0.664275 0.482409
vt 0.663847 0.478437
vt 0.664301 0.486371
vt 0.663800 0.482410
vt 0.664294 0.490397
vt 0.663824 0.486374
vt 0.669317 0.490352
vt 0.669445 0.494425
vt 0.664366 0.494484
vt 0.663808 0.490402
vt 0.664422 0.498634
vt 0.663874 0.494492
vt 0.663996 0.502805
vt 0.664493 0.502800
vt 0.669694 0.502728
vt 0.669569 0.498561
vt 0.674161 0.579975
vt 0.672763 0.587186
vt 0.669823 0.506937
vt 0.672655 0.594360
vt 0.664633 0.511037
vt 0.664546 0.506946
vt 0.673579 0.600897
vt 0.675905 0.606903
vt 0.669566 0.511078
vt 0.664640 0.515082
vt 0.679542 0.612140
vt 0.669634 0.515071
vt 0.664634 0.519071
vt 0.684308 0.616372
vt 0.669729 0.519122
vt 0.664642 0.522980
vt 0.664163 0.519070
vt 0.664180 0.522980
vt 0.669190 0.526897
vt 0.669451 0.523114
vt 0.664167 0.526794
vt 0.664621 0.526803
vt 0.664539 0.530579
vt 0.664086 0.530568
vt 0.664472 0.534369
vt 0.669335 0.534458
vt 0.669242 0.530618
vt 0.696264 0.621091
vt 0.702892 0.621352
vt 0.709550 0.620165
vt 0.664454 0.538214
vt 0.715936 0.617572
vt 0.669157 0.542131
vt 0.669099 0.538307
vt 0.664016 0.534368
vt 0.664356 0.542103
vt 0.663991 0.538210
vt 0.669245 0.546046
vt 0.664350 0.546044
vt 0.663887 0.542097
vt 0.669335 0.550045
vt 0.664318 0.550062
vt 0.663875 0.546043
vt 0.664369 0.554144
vt 0.663833 0.550065
vt 0.669441 0.554116
vt 0.726766 0.608641
vt 0.730725 0.602673
vt 0.664391 0.558292
vt 0.733464 0.596022
vt 0.669642 0.562416
vt 0.669540 0.558249
vt 0.734857 0.588969
vt 0.734853 0.581825
vt 0.669752 0.566633
vt 0.664433 0.562457
vt 0.663936 0.562457
vt 0.663950 0.566611
vt 0.664444 0.566610
vt 0.663977 0.570738
vt 0.664472 0.570736
vt 0.663984 0.574862
vt 0.664478 0.574868
vt 0.669496 0.570792
vt 0.733523 0.574946
vt 0.730886 0.568607
vt 0.727083 0.563111
vt 0.669589 0.574871
vt 0.664422 0.579009
vt 0.722233 0.558681
vt 0.669696 0.579061
vt 0.664404 0.583135
vt 0.716572 0.555545
vt 0.669315 0.587173
vt 0.669446 0.583208
vt 0.663907 0.583129
vt 0.663845 0.587311
vt 0.664358 0.587321
vt 0.664252 0.591914
vt 0.669371 0.474682
vt 0.664465 0.469693
vt 0.669757 0.470784
vt 0.663869 0.474324
vt 0.664378 0.474330
vt 0.658777 0.474531
vt 0.663899 0.469686
vt 0.658944 0.478485
vt 0.659023 0.482356
vt 0.727697 0.473057
vt 0.722282 0.470679
vt 0.727773 0.472891
vt 0.732818 0.476479
vt 0.732925 0.476325
vt 0.737376 0.481155
vt 0.737511 0.481019
vt 0.658773 0.486326
vt 0.741149 0.486995
vt 0.741309 0.486887
vt 0.658846 0.490352
vt 0.658589 0.494498
vt 0.743874 0.493851
vt 0.744056 0.493778
vt 0.663925 0.498639
vt 0.658719 0.498711
vt 0.745326 0.501513
vt 0.745524 0.501482
vt 0.745291 0.509694
vt 0.745497 0.509709
vt 0.658845 0.502880
vt 0.743677 0.518109
vt 0.743882 0.518174
vt 0.658970 0.507019
vt 0.664054 0.506955
vt 0.664146 0.511043
vt 0.659100 0.511096
vt 0.664160 0.515081
vt 0.659203 0.515117
vt 0.659304 0.519092
vt 0.735399 0.534092
vt 0.740552 0.526477
vt 0.735571 0.534260
vt 0.728817 0.540860
vt 0.728959 0.541078
vt 0.720779 0.546212
vt 0.720876 0.546474
vt 0.659417 0.522987
vt 0.659514 0.526773
vt 0.711540 0.549615
vt 0.711577 0.549911
vt 0.659564 0.530468
vt 0.701641 0.550293
vt 0.701586 0.550600
vt 0.692485 0.546551
vt 0.692346 0.546822
vt 0.659310 0.534206
vt 0.684829 0.540352
vt 0.684641 0.540573
vt 0.659044 0.538092
vt 0.679001 0.532597
vt 0.678785 0.532761
vt 0.659096 0.541997
vt 0.675097 0.523874
vt 0.674863 0.523977
vt 0.658822 0.545963
vt 0.673144 0.514717
vt 0.672909 0.514763
vt 0.658875 0.549987
vt 0.673017 0.505578
vt 0.672789 0.505567
vt 0.658598 0.554125
vt 0.663877 0.554151
vt 0.674562 0.496878
vt 0.674351 0.496817
vt 0.663894 0.558293
vt 0.658700 0.558333
vt 0.658801 0.562495
vt 0.677590 0.488989
vt 0.677406 0.488886
vt 0.681822 0.482183
vt 0.681670 0.482046
vt 0.658900 0.566622
vt 0.686991 0.476669
vt 0.686876 0.476507
vt 0.658987 0.570679
vt 0.692804 0.472571
vt 0.692725 0.472393
vt 0.658732 0.574813
vt 0.698906 0.469909
vt 0.698861 0.469723
vt 0.663928 0.579001
vt 0.658839 0.578992
vt 0.705036 0.468644
vt 0.705025 0.468458
vt 0.658936 0.583059
vt 0.710983 0.468654
vt 0.711000 0.468476
vt 0.658923 0.587006
vt 0.716637 0.469661
vt 0.716669 0.469488
vt 0.663694 0.591897
vt 0.658531 0.590811
vt 0.722235 0.470851
vt 0.713207 0.487942
vt 0.715671 0.488708
vt 0.714756 0.495226
vt 0.717938 0.489983
vt 0.713483 0.494472
vt 0.715891 0.496225
vt 0.719934 0.491735
vt 0.716808 0.497474
vt 0.721584 0.493919
vt 0.717478 0.498920
vt 0.722806 0.496466
vt 0.717856 0.500505
vt 0.723541 0.499290
vt 0.717932 0.502176
vt 0.723737 0.502281
vt 0.717688 0.503851
vt 0.723357 0.505314
vt 0.717133 0.505454
vt 0.722389 0.508250
vt 0.716285 0.506916
vt 0.720865 0.510963
vt 0.740358 0.526359
vt 0.715151 0.508157
vt 0.718846 0.513310
vt 0.713808 0.509128
vt 0.716415 0.515159
vt 0.712302 0.509771
vt 0.713677 0.516396
vt 0.710717 0.510065
vt 0.710781 0.516945
vt 0.709121 0.509978
vt 0.707883 0.516777
vt 0.705101 0.515955
vt 0.702565 0.514451
vt 0.707592 0.509520
vt 0.700423 0.512352
vt 0.706210 0.508723
vt 0.698783 0.509762
vt 0.705031 0.507625
vt 0.697745 0.506856
vt 0.704164 0.506243
vt 0.697295 0.503759
vt 0.703579 0.504676
vt 0.697451 0.500634
vt 0.703311 0.502994
vt 0.698184 0.497627
vt 0.703367 0.501280
vt 0.699444 0.494870
vt 0.703740 0.499621
vt 0.701155 0.492471
vt 0.704405 0.498075
vt 0.703223 0.490513
vt 0.705339 0.496718
vt 0.705550 0.489057
vt 0.706494 0.495599
vt 0.708051 0.488136
vt 0.707788 0.494724
vt 0.710630 0.487764
vt 0.709193 0.494165
vt 0.710646 0.493931
vt 0.703915 0.553662
vt 0.707791 0.567599
vt 0.697460 0.554942
vt 0.721761 0.613677
vt 0.689971 0.619404
vt 0.676849 0.573114
vt 0.669646 0.591082
vt 0.658531 0.470591
vt 0.712093 0.494036
vt 0.710371 0.553862
vt 0.320628 0.625541
vt 0.321713 0.630992
vt 0.321712 0.630992
vt 0.317911 0.625809
vt 0.319099 0.631785
vt 0.320628 0.619982
vt 0.320629 0.619982
vt 0.323841 0.609395
vt 0.321712 0.614530
vt 0.370768 0.604777
vt 0.319100 0.613738
vt 0.317911 0.619714
vt 0.129045 0.542778
vt 0.101874 0.560649
vt 0.101874 0.542778
vt 0.129045 0.560649
vt 0.101874 0.578525
vt 0.129045 0.578525
vt 0.101874 0.596396
vt 0.319571 0.826339
vt 0.317912 0.829895
vt 0.317912 0.826176
vt 0.319570 0.829732
vt 0.318638 0.833542
vt 0.319570 0.826339
vt 0.320232 0.833058
vt 0.320232 0.833059
vt 0.328634 0.843295
vt 0.325813 0.841411
vt 0.352050 0.836192
vt 0.321530 0.836192
vt 0.321530 0.836191
vt 0.323415 0.839012
vt 0.323415 0.839011
vt 0.320061 0.836978
vt 0.101874 0.024506
vt 0.129045 0.042381
vt 0.101874 0.042381
vt 0.129045 0.060247
vt 0.101874 0.060247
vt 0.129045 0.078118
vt 0.101874 0.078118
vt 0.322127 0.840069
vt 0.129045 0.095990
vt 0.101874 0.095990
vt 0.324756 0.842699
vt 0.331767 0.844593
vt 0.335094 0.845255
vt 0.327848 0.844766
vt 0.331283 0.846187
vt 0.129045 0.113865
vt 0.101874 0.113865
vt 0.129045 0.131736
vt 0.101874 0.131736
vt 0.129045 0.149607
vt 0.101874 0.149607
vt 0.338485 0.845255
vt 0.334930 0.846913
vt 0.129045 0.167478
vt 0.101874 0.167478
vt 0.341812 0.844594
vt 0.338649 0.846913
vt 0.338486 0.845255
vt 0.341813 0.844593
vt 0.344946 0.843296
vt 0.347766 0.841411
vt 0.347766 0.841410
vt 0.345732 0.844766
vt 0.342297 0.846187
vt 0.348824 0.842700
vt 0.101874 0.185349
vt 0.129045 0.185349
vt 0.101874 0.203220
vt 0.129045 0.203220
vt 0.101874 0.221096
vt 0.351454 0.840070
vt 0.129045 0.221096
vt 0.101874 0.238966
vt 0.350166 0.839011
vt 0.353519 0.836978
vt 0.350166 0.839012
vt 0.352050 0.836191
vt 0.353348 0.833059
vt 0.354010 0.829731
vt 0.354010 0.829732
vt 0.354943 0.833542
vt 0.355668 0.829895
vt 0.129045 0.238966
vt 0.101874 0.256833
vt 0.129045 0.256833
vt 0.101874 0.274704
vt 0.129045 0.274704
vt 0.101874 0.292580
vt 0.355668 0.826176
vt 0.129045 0.292580
vt 0.101874 0.310450
vt 0.354010 0.826340
vt 0.354943 0.822529
vt 0.353348 0.823013
vt 0.353348 0.823012
vt 0.352050 0.819879
vt 0.350166 0.817059
vt 0.353519 0.819093
vt 0.129045 0.328321
vt 0.101874 0.328321
vt 0.129045 0.346193
vt 0.101874 0.346193
vt 0.129045 0.364064
vt 0.101874 0.364064
vt 0.347767 0.814659
vt 0.351454 0.816001
vt 0.129045 0.381935
vt 0.101874 0.381935
vt 0.344946 0.812775
vt 0.348824 0.813372
vt 0.341813 0.811478
vt 0.338486 0.810816
vt 0.345732 0.811306
vt 0.342297 0.809883
vt 0.129045 0.399810
vt 0.101874 0.399810
vt 0.129045 0.417677
vt 0.101874 0.417677
vt 0.129045 0.435552
vt 0.101874 0.435552
vt 0.335094 0.810816
vt 0.338649 0.809156
vt 0.129045 0.453423
vt 0.101874 0.453423
vt 0.331767 0.811478
vt 0.334930 0.809156
vt 0.335094 0.810815
vt 0.328634 0.812775
vt 0.325813 0.814659
vt 0.327848 0.811306
vt 0.331284 0.809883
vt 0.324756 0.813372
vt 0.101874 0.471294
vt 0.129045 0.471294
vt 0.101874 0.489165
vt 0.129045 0.489165
vt 0.101874 0.507036
vt 0.322127 0.816001
vt 0.129045 0.507036
vt 0.101874 0.524907
vt 0.323415 0.817059
vt 0.320061 0.819093
vt 0.321530 0.819879
vt 0.320232 0.823012
vt 0.318638 0.822529
vt 0.129045 0.524907
vt 0.330861 0.600843
vt 0.324818 0.603041
vt 0.326930 0.604773
vt 0.321432 0.608107
vt 0.330862 0.600844
vt 0.335480 0.597757
vt 0.335481 0.597756
vt 0.340618 0.595628
vt 0.340617 0.595628
vt 0.334193 0.595346
vt 0.329127 0.598732
vt 0.346069 0.594544
vt 0.346068 0.594543
vt 0.339824 0.593015
vt 0.351628 0.594544
vt 0.351895 0.591826
vt 0.345802 0.591826
vt 0.357079 0.595629
vt 0.362216 0.597757
vt 0.363503 0.595348
vt 0.357873 0.593017
vt 0.366836 0.600845
vt 0.368570 0.598734
vt 0.372878 0.603043
vt 0.373856 0.609399
vt 0.375981 0.614533
vt 0.378597 0.613742
vt 0.376264 0.608110
vt 0.377066 0.619984
vt 0.377067 0.619985
vt 0.379784 0.619718
vt 0.377066 0.625542
vt 0.377066 0.625543
vt 0.375981 0.630995
vt 0.375981 0.630996
vt 0.373854 0.636131
vt 0.373855 0.636129
vt 0.378597 0.631787
vt 0.379783 0.625812
vt 0.370766 0.640752
vt 0.376262 0.637417
vt 0.366836 0.644683
vt 0.366835 0.644683
vt 0.372877 0.642483
vt 0.362215 0.647770
vt 0.357077 0.649899
vt 0.357078 0.649897
vt 0.363500 0.650179
vt 0.368569 0.646794
vt 0.351625 0.650981
vt 0.351624 0.650981
vt 0.357870 0.652511
vt 0.346067 0.650981
vt 0.345800 0.653700
vt 0.351894 0.653700
vt 0.340616 0.649897
vt 0.335480 0.647770
vt 0.334192 0.650178
vt 0.339822 0.652511
vt 0.330857 0.644682
vt 0.330858 0.644682
vt 0.329126 0.646793
vt 0.326928 0.640751
vt 0.326927 0.640751
vt 0.324817 0.642482
vt 0.323839 0.636128
vt 0.321432 0.637415
vt 0.129045 0.596396
vt 0.129045 0.024506
vt 0.129045 0.310450
vt 0.030434 0.714576
vt 0.033522 0.719200
vt 0.030433 0.714576
vt 0.033522 0.719199
vt 0.028026 0.715864
vt 0.031409 0.720931
vt 0.028306 0.709440
vt 0.027225 0.698430
vt 0.027223 0.703988
vt 0.068812 0.676208
vt 0.024506 0.704257
vt 0.025695 0.710233
vt 0.052862 0.565317
vt 0.024508 0.583965
vt 0.024508 0.565317
vt 0.052862 0.583965
vt 0.024508 0.602617
vt 0.052862 0.602617
vt 0.024506 0.621266
vt 0.839669 0.454851
vt 0.844194 0.453205
vt 0.840967 0.456432
vt 0.842612 0.451907
vt 0.846729 0.449411
vt 0.844926 0.448446
vt 0.846518 0.432272
vt 0.847331 0.436355
vt 0.820033 0.418114
vt 0.846519 0.444600
vt 0.847331 0.440517
vt 0.848475 0.445194
vt 0.024506 0.024506
vt 0.052862 0.043158
vt 0.024508 0.043158
vt 0.052862 0.061806
vt 0.024508 0.061806
vt 0.052862 0.080450
vt 0.024508 0.080450
vt 0.849367 0.440718
vt 0.052862 0.099099
vt 0.024508 0.099099
vt 0.849366 0.436154
vt 0.844927 0.428424
vt 0.842613 0.424964
vt 0.842614 0.424964
vt 0.848476 0.431678
vt 0.846729 0.427462
vt 0.052862 0.117751
vt 0.024508 0.117751
vt 0.052862 0.136399
vt 0.024508 0.136399
vt 0.052862 0.155047
vt 0.024508 0.155047
vt 0.839670 0.422020
vt 0.844194 0.423666
vt 0.052858 0.173696
vt 0.024506 0.173696
vt 0.836207 0.419708
vt 0.840967 0.420439
vt 0.839669 0.422020
vt 0.832361 0.418115
vt 0.828278 0.417303
vt 0.832955 0.416157
vt 0.837171 0.417904
vt 0.828479 0.415267
vt 0.024508 0.192344
vt 0.052862 0.192344
vt 0.024508 0.210992
vt 0.052862 0.210992
vt 0.024508 0.229645
vt 0.823915 0.415266
vt 0.052862 0.229645
vt 0.024508 0.248293
vt 0.824115 0.417302
vt 0.819439 0.416158
vt 0.816187 0.419707
vt 0.812725 0.422020
vt 0.815221 0.417904
vt 0.811427 0.420438
vt 0.052862 0.248293
vt 0.024508 0.266941
vt 0.052862 0.266941
vt 0.024508 0.285589
vt 0.052862 0.285589
vt 0.024508 0.304237
vt 0.808200 0.423666
vt 0.052862 0.304237
vt 0.024506 0.322886
vt 0.809781 0.424964
vt 0.805664 0.427462
vt 0.807469 0.428427
vt 0.807468 0.428426
vt 0.805875 0.432272
vt 0.805063 0.436354
vt 0.803918 0.431679
vt 0.052862 0.341534
vt 0.024508 0.341534
vt 0.052862 0.360182
vt 0.024508 0.360182
vt 0.052862 0.378830
vt 0.024508 0.378830
vt 0.805063 0.440518
vt 0.803028 0.436153
vt 0.052862 0.397483
vt 0.024508 0.397483
vt 0.805875 0.444601
vt 0.803028 0.440718
vt 0.807469 0.448447
vt 0.809781 0.451908
vt 0.803917 0.445195
vt 0.805664 0.449411
vt 0.052862 0.416131
vt 0.024508 0.416131
vt 0.052862 0.434775
vt 0.024508 0.434775
vt 0.052862 0.453427
vt 0.024508 0.453427
vt 0.812726 0.454852
vt 0.808200 0.453206
vt 0.052858 0.472076
vt 0.024506 0.472076
vt 0.816187 0.457165
vt 0.811428 0.456433
vt 0.816186 0.457165
vt 0.820032 0.458758
vt 0.824116 0.459570
vt 0.819438 0.460716
vt 0.815222 0.458969
vt 0.823915 0.461605
vt 0.024508 0.490724
vt 0.052862 0.490724
vt 0.024508 0.509376
vt 0.052862 0.509376
vt 0.024508 0.528020
vt 0.828480 0.461605
vt 0.052862 0.528020
vt 0.024508 0.546669
vt 0.828278 0.459569
vt 0.832954 0.460715
vt 0.832362 0.458758
vt 0.836207 0.457165
vt 0.837171 0.458968
vt 0.052862 0.546669
vt 0.030436 0.687843
vt 0.025694 0.692186
vt 0.028311 0.692978
vt 0.024507 0.698162
vt 0.030438 0.687844
vt 0.033527 0.683222
vt 0.033526 0.683221
vt 0.037456 0.679292
vt 0.031415 0.681489
vt 0.028028 0.686555
vt 0.042079 0.676203
vt 0.042077 0.676203
vt 0.035724 0.677181
vt 0.047215 0.674078
vt 0.046424 0.671464
vt 0.040791 0.673796
vt 0.052667 0.672995
vt 0.058226 0.672994
vt 0.058225 0.672995
vt 0.058493 0.670277
vt 0.052399 0.670277
vt 0.063677 0.674080
vt 0.064469 0.671466
vt 0.070099 0.673799
vt 0.073435 0.679297
vt 0.077365 0.683227
vt 0.077364 0.683227
vt 0.079474 0.681496
vt 0.075165 0.677185
vt 0.080450 0.687850
vt 0.080452 0.687850
vt 0.082860 0.686563
vt 0.082577 0.692985
vt 0.082577 0.692986
vt 0.083661 0.698437
vt 0.083660 0.703997
vt 0.083661 0.703995
vt 0.086379 0.698169
vt 0.085193 0.692192
vt 0.082577 0.709446
vt 0.086379 0.704264
vt 0.080448 0.714583
vt 0.085189 0.710239
vt 0.077359 0.719204
vt 0.073427 0.723135
vt 0.073427 0.723134
vt 0.079470 0.720937
vt 0.082856 0.715871
vt 0.068806 0.726223
vt 0.075162 0.725246
vt 0.063670 0.728348
vt 0.064464 0.730962
vt 0.070092 0.728631
vt 0.058219 0.729432
vt 0.052659 0.729432
vt 0.052391 0.732149
vt 0.058486 0.732151
vt 0.047207 0.728346
vt 0.047208 0.728346
vt 0.046415 0.730961
vt 0.042074 0.726219
vt 0.042075 0.726219
vt 0.040785 0.728627
vt 0.037451 0.723130
vt 0.035718 0.725241
vt 0.052858 0.621266
vt 0.052858 0.024506
vt 0.052858 0.322886
vt 0.776075 0.925950
vt 0.775670 0.925478
vt 0.776111 0.925755
vt 0.576254 0.971608
vt 0.575932 0.971199
vt 0.576500 0.971454
vt 0.921780 0.024506
vt 0.922185 0.024978
vt 0.921743 0.024702
vt 0.962239 0.966935
vt 0.962561 0.967345
vt 0.961993 0.967090
vt 0.181326 0.912343
vt 0.181731 0.912816
vt 0.181289 0.912539
vt 0.968017 0.169177
vt 0.968339 0.169587
vt 0.967771 0.169332
vt 0.475568 0.906871
vt 0.475973 0.907344
vt 0.475531 0.907067
vt 0.964238 0.783444
vt 0.964560 0.783853
vt 0.963992 0.783599
vt 0.844508 0.915249
vt 0.844913 0.915721
vt 0.844472 0.915444
vt 0.968018 0.098418
vt 0.968340 0.098828
vt 0.967772 0.098573
vt 0.672441 0.927154
vt 0.672036 0.926682
vt 0.672478 0.926958
vt 0.472620 0.973513
vt 0.472298 0.973103
vt 0.472866 0.973358
vt 0.921842 0.534109
vt 0.921438 0.533637
vt 0.921879 0.533913
vt 0.971518 0.033065
vt 0.971196 0.032655
vt 0.971764 0.032910
vt 0.906937 0.918638
vt 0.906532 0.918165
vt 0.906973 0.918442
vt 0.250726 0.974600
vt 0.250404 0.974191
vt 0.250971 0.974445
vt 0.777260 0.925644
vt 0.777104 0.925133
vt 0.251870 0.974352
vt 0.251914 0.973664
vt 0.778315 0.924425
vt 0.777674 0.923532
vt 0.252948 0.973038
vt 0.252348 0.972111
vt 0.577399 0.971360
vt 0.577442 0.970672
vt 0.577876 0.969119
vt 0.578476 0.970046
vt 0.779197 0.922988
vt 0.777910 0.921830
vt 0.579275 0.968525
vt 0.578063 0.967443
vt 0.920594 0.024812
vt 0.920181 0.026924
vt 0.919540 0.026032
vt 0.918657 0.027469
vt 0.919945 0.028626
vt 0.960016 0.968497
vt 0.961051 0.967872
vt 0.960616 0.969424
vt 0.959218 0.970019
vt 0.960430 0.971101
vt 0.179086 0.913869
vt 0.180296 0.913161
vt 0.179727 0.914762
vt 0.178203 0.915307
vt 0.179490 0.916464
vt 0.965794 0.170739
vt 0.966829 0.170114
vt 0.966394 0.171667
vt 0.964996 0.172261
vt 0.966208 0.173343
vt 0.473328 0.908396
vt 0.474538 0.907688
vt 0.473969 0.909290
vt 0.472445 0.909835
vt 0.473732 0.910991
vt 0.962015 0.785006
vt 0.963050 0.784380
vt 0.962615 0.785933
vt 0.962429 0.787610
vt 0.961217 0.786527
vt 0.842268 0.916774
vt 0.843479 0.916066
vt 0.842910 0.917667
vt 0.841386 0.918212
vt 0.842673 0.919369
vt 0.966873 0.098667
vt 0.966395 0.100908
vt 0.965795 0.099980
vt 0.964996 0.101502
vt 0.966209 0.102584
vt 0.673627 0.926849
vt 0.674040 0.924736
vt 0.674681 0.925629
vt 0.675563 0.924191
vt 0.674276 0.923034
vt 0.474843 0.971951
vt 0.473808 0.972576
vt 0.474243 0.971024
vt 0.475642 0.970429
vt 0.474429 0.969347
vt 0.924082 0.532583
vt 0.922872 0.533292
vt 0.923441 0.531690
vt 0.924965 0.531145
vt 0.923678 0.529988
vt 0.973741 0.031503
vt 0.972706 0.032128
vt 0.973141 0.030575
vt 0.974540 0.029981
vt 0.973327 0.028899
vt 0.909177 0.917112
vt 0.907966 0.917820
vt 0.908536 0.916219
vt 0.910059 0.915674
vt 0.908772 0.914518
vt 0.252534 0.970434
vt 0.253747 0.971517
vt 0.251634 0.968177
vt 0.253733 0.968904
vt 0.910206 0.913248
vt 0.907874 0.912064
vt 0.777012 0.919377
vt 0.779344 0.920561
vt 0.779140 0.918105
vt 0.775670 0.916879
vt 0.253316 0.966100
vt 0.250404 0.966041
vt 0.579261 0.965913
vt 0.577162 0.965184
vt 0.578844 0.963107
vt 0.575932 0.963049
vt 0.918511 0.029895
vt 0.920843 0.031079
vt 0.918714 0.032352
vt 0.922185 0.033577
vt 0.959232 0.972631
vt 0.961331 0.973359
vt 0.959649 0.975436
vt 0.962561 0.975494
vt 0.178056 0.917734
vt 0.180388 0.918917
vt 0.178260 0.920189
vt 0.181731 0.921415
vt 0.965010 0.174874
vt 0.967109 0.175601
vt 0.968339 0.177737
vt 0.965427 0.177678
vt 0.472298 0.912261
vt 0.474630 0.913445
vt 0.472502 0.914717
vt 0.475973 0.915943
vt 0.963330 0.789867
vt 0.961231 0.789140
vt 0.961648 0.791945
vt 0.964560 0.792004
vt 0.843571 0.921822
vt 0.841239 0.920639
vt 0.841443 0.923095
vt 0.844913 0.924320
vt 0.965010 0.104114
vt 0.967109 0.104842
vt 0.965427 0.106919
vt 0.968340 0.106978
vt 0.675710 0.921764
vt 0.673378 0.920581
vt 0.675507 0.919308
vt 0.672036 0.918083
vt 0.475627 0.967817
vt 0.473528 0.967089
vt 0.475210 0.965012
vt 0.472298 0.964954
vt 0.925112 0.528719
vt 0.922780 0.527535
vt 0.924908 0.526263
vt 0.921438 0.525037
vt 0.974525 0.027368
vt 0.972427 0.026641
vt 0.971196 0.024506
vt 0.974109 0.024564
vt 0.910002 0.910792
vt 0.906532 0.909566
vt 0.908122 0.918331
vt 0.972663 0.032816
vt 0.923028 0.533802
vt 0.473765 0.973265
vt 0.673471 0.926337
vt 0.966830 0.099355
vt 0.843323 0.915555
vt 0.963093 0.783693
vt 0.474382 0.907177
vt 0.966872 0.169426
vt 0.180140 0.912650
vt 0.961094 0.967183
vt 0.920751 0.025323
vt 0.411759 0.818400
vt 0.409366 0.816672
vt 0.409494 0.816903
vt 0.411650 0.818294
vt 0.409621 0.815082
vt 0.409407 0.814925
vt 0.409626 0.817081
vt 0.938820 0.355326
vt 0.935731 0.359328
vt 0.938763 0.355151
vt 0.938811 0.363335
vt 0.935915 0.359328
vt 0.045370 0.781162
vt 0.079128 0.792129
vt 0.079128 0.827625
vt 0.943522 0.361831
vt 0.938753 0.363510
vt 0.943528 0.356875
vt 0.943678 0.361949
vt 0.411431 0.815007
vt 0.409840 0.815224
vt 0.411082 0.814797
vt 0.413360 0.817296
vt 0.410598 0.814589
vt 0.414634 0.818254
vt 0.413949 0.817720
vt 0.410090 0.814630
vt 0.415034 0.818734
vt 0.409596 0.814641
vt 0.409290 0.814843
vt 0.409202 0.814883
vt 0.409853 0.814531
vt 0.405709 0.817429
vt 0.405973 0.816957
vt 0.409077 0.814630
vt 0.409021 0.815012
vt 0.406398 0.816467
vt 0.408530 0.814773
vt 0.408797 0.815092
vt 0.406749 0.816091
vt 0.408099 0.814909
vt 0.027594 0.947577
vt 0.024506 0.951581
vt 0.027538 0.947401
vt 0.024690 0.951581
vt 0.027532 0.955760
vt 0.211815 0.789114
vt 0.178056 0.778145
vt 0.178056 0.742648
vt 0.032298 0.954076
vt 0.027590 0.955584
vt 0.032304 0.949124
vt 0.032454 0.954194
vt 0.408034 0.815620
vt 0.408606 0.815157
vt 0.407887 0.815293
vt 0.407364 0.816182
vt 0.407692 0.814880
vt 0.407085 0.816479
vt 0.407239 0.816333
vt 0.407476 0.814463
vt 0.406865 0.816543
vt 0.407543 0.814161
vt 0.409300 0.814746
vt 0.406710 0.816533
vt 0.407245 0.814379
vt 0.406524 0.816429
vt 0.406719 0.814449
vt 0.405090 0.810308
vt 0.404719 0.809156
vt 0.405509 0.810996
vt 0.406455 0.816261
vt 0.406314 0.814462
vt 0.406000 0.811922
vt 0.406044 0.814487
vt 0.406415 0.816097
vt 0.959813 0.851428
vt 0.959963 0.856503
vt 0.959813 0.856611
vt 0.964680 0.850042
vt 0.959968 0.851546
vt 0.742439 0.035472
vt 0.797061 0.053222
vt 0.776197 0.081938
vt 0.964738 0.849866
vt 0.967574 0.854050
vt 0.964724 0.858224
vt 0.967759 0.854051
vt 0.408052 0.814955
vt 0.406380 0.812674
vt 0.407722 0.816548
vt 0.408061 0.814726
vt 0.407983 0.815279
vt 0.407885 0.817376
vt 0.407801 0.816932
vt 0.407670 0.815615
vt 0.407905 0.817695
vt 0.405454 0.810116
vt 0.407352 0.815783
vt 0.407559 0.815824
vt 0.407811 0.817862
vt 0.408909 0.818058
vt 0.409103 0.818073
vt 0.407715 0.816118
vt 0.409385 0.817957
vt 0.407520 0.818044
vt 0.409532 0.817935
vt 0.407395 0.818252
vt 0.407912 0.816564
vt 0.408074 0.816950
vt 0.407347 0.818417
vt 0.932440 0.703835
vt 0.937326 0.702392
vt 0.932591 0.703945
vt 0.932590 0.708928
vt 0.932440 0.709037
vt 0.786271 0.525037
vt 0.807134 0.553754
vt 0.786272 0.582469
vt 0.937329 0.710451
vt 0.937387 0.710628
vt 0.940247 0.706420
vt 0.940433 0.706420
vt 0.408114 0.820829
vt 0.409997 0.819925
vt 0.410220 0.820141
vt 0.408146 0.820481
vt 0.410467 0.820378
vt 0.408085 0.821223
vt 0.408165 0.821429
vt 0.408101 0.821597
vt 0.410534 0.820533
vt 0.410675 0.820532
vt 0.408019 0.817846
vt 0.408253 0.821453
vt 0.407045 0.825365
vt 0.406890 0.824719
vt 0.408504 0.821392
vt 0.406667 0.824048
vt 0.408330 0.817983
vt 0.406540 0.823059
vt 0.408530 0.821256
vt 0.406464 0.822217
vt 0.408494 0.821114
vt 0.408564 0.818449
vt 0.408476 0.818227
vt 0.960046 0.245752
vt 0.962901 0.241576
vt 0.963085 0.241576
vt 0.960059 0.237393
vt 0.960001 0.237569
vt 0.720257 0.355160
vt 0.720257 0.297727
vt 0.754016 0.308695
vt 0.955135 0.238958
vt 0.955290 0.239075
vt 0.955135 0.244137
vt 0.955285 0.244028
vt 0.406705 0.817108
vt 0.405155 0.819280
vt 0.405115 0.818836
vt 0.406689 0.817427
vt 0.405134 0.818296
vt 0.406732 0.816772
vt 0.406766 0.816605
vt 0.405474 0.817598
vt 0.405438 0.817868
vt 0.409864 0.814583
vt 0.405514 0.817642
vt 0.406862 0.825073
vt 0.406986 0.825054
vt 0.405340 0.817682
vt 0.406879 0.825324
vt 0.409942 0.814478
vt 0.404679 0.817493
vt 0.410020 0.813848
vt 0.406203 0.825983
vt 0.959568 0.416879
vt 0.954712 0.415441
vt 0.954655 0.415266
vt 0.959568 0.422063
vt 0.959417 0.416987
vt 0.506056 0.782306
vt 0.472298 0.771336
vt 0.472298 0.735840
vt 0.954699 0.423449
vt 0.959412 0.421945
vt 0.954641 0.423625
vt 0.951805 0.419441
vt 0.416138 0.829625
vt 0.415588 0.819037
vt 0.416492 0.830119
vt 0.416281 0.829865
vt 0.415243 0.819004
vt 0.416397 0.830040
vt 0.415301 0.818906
vt 0.416039 0.829640
vt 0.416250 0.830793
vt 0.413165 0.823060
vt 0.413877 0.823134
vt 0.416469 0.832071
vt 0.407143 0.826054
vt 0.414247 0.823518
vt 0.415127 0.830478
vt 0.407789 0.826545
vt 0.414021 0.829128
vt 0.414413 0.823850
vt 0.943723 0.299347
vt 0.938837 0.297903
vt 0.938780 0.297727
vt 0.943573 0.304439
vt 0.943572 0.299456
vt 0.317911 0.731428
vt 0.372534 0.713678
vt 0.372534 0.749175
vt 0.943723 0.304548
vt 0.938834 0.305963
vt 0.935731 0.301932
vt 0.938776 0.306140
vt 0.407978 0.822328
vt 0.408379 0.826835
vt 0.411278 0.820776
vt 0.408073 0.822782
vt 0.407931 0.821864
vt 0.410991 0.820517
vt 0.410439 0.820604
vt 0.412502 0.822510
vt 0.410190 0.820773
vt 0.408997 0.818193
vt 0.408974 0.818463
vt 0.412108 0.821912
vt 0.410083 0.820826
vt 0.409099 0.818771
vt 0.411767 0.821407
vt 0.409230 0.819034
vt 0.410029 0.820829
vt 0.089258 0.949085
vt 0.084492 0.947401
vt 0.089414 0.948967
vt 0.081650 0.951580
vt 0.084550 0.947577
vt 0.692899 0.636978
vt 0.726658 0.683444
vt 0.692899 0.694412
vt 0.084554 0.955584
vt 0.081465 0.951581
vt 0.089263 0.954037
vt 0.084497 0.955760
vt 0.410366 0.818098
vt 0.410197 0.817848
vt 0.411953 0.819442
vt 0.409983 0.817577
vt 0.411696 0.819487
vt 0.411857 0.819453
vt 0.409762 0.817458
vt 0.411371 0.819618
vt 0.411209 0.819651
vt 0.409607 0.817503
vt 0.409724 0.817324
vt 0.408340 0.815064
vt 0.408796 0.814568
vt 0.409764 0.817024
vt 0.408650 0.817902
vt 0.409656 0.816670
vt 0.408405 0.817586
vt 0.408993 0.814192
vt 0.408928 0.814329
vt 0.409530 0.816362
vt 0.964073 0.909741
vt 0.959217 0.911179
vt 0.964129 0.909566
vt 0.959368 0.911287
vt 0.959217 0.916362
vt 0.776197 0.130950
vt 0.776197 0.188382
vt 0.742439 0.177413
vt 0.959373 0.916245
vt 0.964143 0.917924
vt 0.966979 0.913740
vt 0.964085 0.917748
vt 0.406633 0.815718
vt 0.406648 0.812705
vt 0.406498 0.815624
vt 0.408210 0.817292
vt 0.406257 0.811873
vt 0.406883 0.815825
vt 0.405784 0.810853
vt 0.408438 0.814892
vt 0.408088 0.815010
vt 0.407562 0.815015
vt 0.405148 0.810024
vt 0.407854 0.813673
vt 0.407186 0.814814
vt 0.405746 0.811122
vt 0.408010 0.813235
vt 0.406244 0.812012
vt 0.406945 0.814632
vt 0.952452 0.638593
vt 0.947598 0.637154
vt 0.947541 0.636978
vt 0.952297 0.643654
vt 0.952302 0.638702
vt 0.726658 0.772138
vt 0.705795 0.800855
vt 0.672036 0.789887
vt 0.952452 0.643772
vt 0.947586 0.645161
vt 0.944502 0.641154
vt 0.947528 0.645336
vt 0.409316 0.814364
vt 0.408104 0.812943
vt 0.408712 0.815767
vt 0.409266 0.814209
vt 0.409364 0.814534
vt 0.409043 0.816060
vt 0.409322 0.816233
vt 0.409405 0.816377
vt 0.409533 0.816246
vt 0.408508 0.815383
vt 0.409850 0.816122
vt 0.412123 0.818207
vt 0.412065 0.817988
vt 0.408780 0.815798
vt 0.410116 0.816130
vt 0.411828 0.817789
vt 0.409027 0.816145
vt 0.411606 0.817626
vt 0.410307 0.816175
vt 0.407718 0.949237
vt 0.404864 0.945061
vt 0.407775 0.949061
vt 0.407705 0.940878
vt 0.404679 0.945061
vt 0.699394 0.432888
vt 0.720259 0.404172
vt 0.754017 0.415138
vt 0.412630 0.942442
vt 0.407763 0.941054
vt 0.412630 0.947621
vt 0.412474 0.942560
vt 0.410718 0.818882
vt 0.410866 0.819170
vt 0.409155 0.817843
vt 0.411044 0.819493
vt 0.409346 0.817684
vt 0.409224 0.817783
vt 0.412236 0.818303
vt 0.411174 0.819782
vt 0.412776 0.822937
vt 0.412712 0.823126
vt 0.412273 0.823481
vt 0.411014 0.820071
vt 0.412480 0.818379
vt 0.411067 0.820418
vt 0.412793 0.818675
vt 0.412101 0.823853
vt 0.412139 0.823731
vt 0.411161 0.820719
vt 0.317911 0.962421
vt 0.318062 0.957346
vt 0.318067 0.962303
vt 0.317911 0.957237
vt 0.322767 0.955800
vt 0.809428 0.636978
vt 0.830290 0.665692
vt 0.809427 0.694410
vt 0.322823 0.955624
vt 0.325673 0.959799
vt 0.322837 0.963983
vt 0.325858 0.959799
vt 0.415959 0.820191
vt 0.413053 0.818983
vt 0.415331 0.825686
vt 0.415934 0.820741
vt 0.415878 0.819518
vt 0.415622 0.826967
vt 0.415935 0.828537
vt 0.415420 0.819135
vt 0.412083 0.818318
vt 0.322779 0.963807
vt 0.411897 0.818460
vt 0.412480 0.947513
vt 0.408410 0.815506
vt 0.944687 0.641154
vt 0.967164 0.913740
vt 0.089414 0.954146
vt 0.411533 0.821050
vt 0.935916 0.301932
vt 0.416492 0.818704
vt 0.951621 0.419441
vt 0.959989 0.245576
vt 0.409608 0.817948
vt 0.937383 0.702215
vt 0.964668 0.858049
vt 0.032454 0.949015
vt 0.943678 0.356767
vt 0.045370 0.838594
vt 0.024506 0.809878
vt 0.211816 0.731681
vt 0.232679 0.760398
vt 0.742439 0.070968
vt 0.776197 0.024506
vt 0.752512 0.571501
vt 0.752512 0.536006
vt 0.754016 0.344191
vt 0.699394 0.326444
vt 0.506057 0.724874
vt 0.526920 0.753591
vt 0.338776 0.760145
vt 0.338776 0.702712
vt 0.672036 0.665694
vt 0.726658 0.647948
vt 0.742439 0.141918
vt 0.797060 0.159665
vt 0.672036 0.754391
vt 0.705796 0.743423
vt 0.754017 0.450635
vt 0.720258 0.461605
vt 0.775669 0.683441
vt 0.775669 0.647946
vt 0.579174 0.827543
vt 0.583645 0.828855
vt 0.579257 0.828228
vt 0.576846 0.827512
vt 0.577108 0.828020
vt 0.579344 0.828547
vt 0.577260 0.828258
vt 0.583663 0.829174
vt 0.848948 0.024921
vt 0.852655 0.026286
vt 0.849476 0.025380
vt 0.848036 0.025244
vt 0.846812 0.024506
vt 0.589159 0.829758
vt 0.853250 0.025682
vt 0.857552 0.027562
vt 0.851017 0.026884
vt 0.854935 0.028897
vt 0.858687 0.026595
vt 0.862103 0.028664
vt 0.858565 0.030702
vt 0.854105 0.033903
vt 0.851718 0.031070
vt 0.849129 0.028001
vt 0.847712 0.029674
vt 0.849035 0.033872
vt 0.850196 0.037753
vt 0.856068 0.036235
vt 0.851500 0.040705
vt 0.862712 0.034510
vt 0.861251 0.032496
vt 0.853232 0.042496
vt 0.866823 0.032549
vt 0.865291 0.030178
vt 0.863675 0.027390
vt 0.867223 0.028875
vt 0.594340 0.829827
vt 0.597421 0.831295
vt 0.594123 0.830184
vt 0.599281 0.833513
vt 0.597640 0.831176
vt 0.599888 0.836603
vt 0.599046 0.833612
vt 0.869499 0.034996
vt 0.868991 0.031569
vt 0.599488 0.839437
vt 0.599580 0.836633
vt 0.869030 0.038198
vt 0.867289 0.035437
vt 0.867061 0.038069
vt 0.863376 0.036667
vt 0.857527 0.037968
vt 0.863711 0.038701
vt 0.858747 0.039416
vt 0.855247 0.043524
vt 0.857202 0.044204
vt 0.853344 0.047190
vt 0.850572 0.046213
vt 0.855999 0.047422
vt 0.852509 0.049313
vt 0.849209 0.048178
vt 0.855786 0.049407
vt 0.587950 0.851647
vt 0.584846 0.851749
vt 0.587901 0.851386
vt 0.584800 0.852135
vt 0.581632 0.851098
vt 0.589936 0.850155
vt 0.589903 0.849905
vt 0.858176 0.048207
vt 0.591267 0.847273
vt 0.591038 0.847004
vt 0.857548 0.047032
vt 0.859869 0.045476
vt 0.859826 0.040696
vt 0.858620 0.044664
vt 0.861685 0.042892
vt 0.863925 0.040169
vt 0.864515 0.041527
vt 0.866420 0.039516
vt 0.867461 0.040325
vt 0.598237 0.841285
vt 0.599252 0.839396
vt 0.595391 0.842445
vt 0.598020 0.841267
vt 0.599503 0.842486
vt 0.601212 0.840038
vt 0.596734 0.844207
vt 0.496099 0.846328
vt 0.496152 0.843269
vt 0.497837 0.845747
vt 0.492285 0.843067
vt 0.494868 0.844458
vt 0.495862 0.846366
vt 0.494650 0.844474
vt 0.492028 0.843258
vt 0.198973 0.849400
vt 0.199357 0.847177
vt 0.200913 0.849263
vt 0.195876 0.847342
vt 0.198335 0.847978
vt 0.195668 0.848791
vt 0.191823 0.846825
vt 0.192692 0.845801
vt 0.196455 0.846004
vt 0.190651 0.842880
vt 0.191897 0.842088
vt 0.190750 0.848096
vt 0.195345 0.850803
vt 0.189237 0.843325
vt 0.189536 0.849539
vt 0.187282 0.843986
vt 0.194701 0.852940
vt 0.185260 0.845001
vt 0.185425 0.840301
vt 0.188077 0.840105
vt 0.182633 0.841247
vt 0.184627 0.838165
vt 0.187895 0.838126
vt 0.481638 0.833391
vt 0.478491 0.834361
vt 0.478385 0.834104
vt 0.484737 0.833970
vt 0.481679 0.833782
vt 0.486687 0.835484
vt 0.484694 0.834217
vt 0.190254 0.839355
vt 0.189614 0.840514
vt 0.487969 0.838375
vt 0.486656 0.835729
vt 0.489587 0.841287
vt 0.487739 0.838641
vt 0.488085 0.834180
vt 0.489721 0.837347
vt 0.493396 0.841509
vt 0.489201 0.841650
vt 0.594434 0.845780
vt 0.595645 0.842639
vt 0.593011 0.848327
vt 0.592548 0.844013
vt 0.592928 0.844381
vt 0.591330 0.851490
vt 0.588674 0.853558
vt 0.584622 0.854338
vt 0.485479 0.832112
vt 0.580518 0.853170
vt 0.481553 0.831318
vt 0.577659 0.850554
vt 0.581505 0.851355
vt 0.475966 0.835912
vt 0.477471 0.832286
vt 0.476090 0.836141
vt 0.474675 0.839428
vt 0.474533 0.834801
vt 0.474970 0.839627
vt 0.180538 0.843169
vt 0.181291 0.839252
vt 0.178056 0.845245
vt 0.179574 0.846586
vt 0.183512 0.846786
vt 0.182188 0.849751
vt 0.188084 0.851271
vt 0.186131 0.853616
vt 0.193271 0.854947
vt 0.190627 0.856761
vt 0.187029 0.858625
vt 0.183754 0.856492
vt 0.181017 0.853671
vt 0.179698 0.857949
vt 0.181170 0.859644
vt 0.183119 0.860739
vt 0.178803 0.856407
vt 0.179239 0.851290
vt 0.178092 0.855914
vt 0.178086 0.850321
vt 0.473633 0.850131
vt 0.474539 0.844608
vt 0.473953 0.850112
vt 0.474204 0.844548
vt 0.473015 0.854531
vt 0.473335 0.854444
vt 0.178457 0.859783
vt 0.472806 0.856683
vt 0.473044 0.856530
vt 0.178586 0.861275
vt 0.178085 0.860401
vt 0.179090 0.862211
vt 0.178056 0.862677
vt 0.180110 0.862506
vt 0.178852 0.863330
vt 0.178186 0.863332
vt 0.472948 0.857204
vt 0.473108 0.857048
vt 0.473616 0.857134
vt 0.473460 0.857362
vt 0.475690 0.856859
vt 0.475598 0.857178
vt 0.181067 0.862808
vt 0.480026 0.856331
vt 0.479998 0.856650
vt 0.181589 0.862321
vt 0.185414 0.861894
vt 0.485544 0.855876
vt 0.485592 0.856224
vt 0.189674 0.859903
vt 0.184796 0.861302
vt 0.490548 0.855544
vt 0.490761 0.855905
vt 0.194160 0.858722
vt 0.190826 0.860838
vt 0.493907 0.854483
vt 0.494138 0.854608
vt 0.197284 0.857191
vt 0.195724 0.859945
vt 0.495579 0.852174
vt 0.495818 0.852274
vt 0.200915 0.855791
vt 0.199196 0.858455
vt 0.496465 0.849178
vt 0.496156 0.849145
vt 0.198773 0.854842
vt 0.201392 0.852414
vt 0.199213 0.851993
vt 0.498405 0.849314
vt 0.497547 0.853120
vt 0.601006 0.832690
vt 0.601821 0.836490
vt 0.495246 0.855971
vt 0.598739 0.829843
vt 0.491269 0.857510
vt 0.594833 0.828342
vt 0.589428 0.828134
vt 0.589225 0.829420
vt 0.485756 0.857527
vt 0.583756 0.827956
vt 0.480087 0.857549
vt 0.475504 0.857859
vt 0.473190 0.857859
vt 0.472567 0.857575
vt 0.576216 0.827781
vt 0.576587 0.828162
vt 0.472298 0.856944
vt 0.576429 0.828673
vt 0.575932 0.828404
vt 0.576743 0.828321
vt 0.576657 0.828830
vt 0.847065 0.025556
vt 0.846072 0.025131
vt 0.846184 0.024513
vt 0.846596 0.026461
vt 0.846487 0.027903
vt 0.846847 0.031188
vt 0.846124 0.027306
vt 0.846153 0.031673
vt 0.576614 0.830811
vt 0.577452 0.835245
vt 0.577133 0.835219
vt 0.576934 0.830902
vt 0.577910 0.840756
vt 0.577574 0.840808
vt 0.847280 0.036222
vt 0.846139 0.037175
vt 0.578225 0.845742
vt 0.577925 0.845933
vt 0.847588 0.040878
vt 0.846072 0.042193
vt 0.848512 0.044277
vt 0.846882 0.045940
vt 0.579264 0.849256
vt 0.579128 0.849481
vt 0.576374 0.846388
vt 0.576286 0.840981
vt 0.473136 0.838933
vt 0.576233 0.835310
vt 0.472919 0.844344
vt 0.575932 0.830716
vt 0.472733 0.850019
vt 0.472329 0.854615
vt 0.860701 0.041731
vt 0.193669 0.844659
vt 0.491110 0.839906
vt 0.178916 0.841474
vt 0.776478 0.866162
vt 0.777411 0.867076
vt 0.776532 0.867053
vt 0.775692 0.850031
vt 0.782574 0.860786
vt 0.775670 0.865231
vt 0.783619 0.860438
vt 0.776074 0.853573
vt 0.862704 0.117623
vt 0.846072 0.108021
vt 0.862704 0.098418
vt 0.776311 0.852294
vt 0.778004 0.851492
vt 0.781194 0.861501
vt 0.792047 0.864784
vt 0.790976 0.863916
vt 0.775670 0.849867
vt 0.792227 0.864774
vt 0.776374 0.867227
vt 0.846072 0.178779
vt 0.862704 0.169177
vt 0.862704 0.188382
vt 0.791596 0.866031
vt 0.781929 0.860129
vt 0.790305 0.866286
vt 0.782284 0.859081
vt 0.267036 0.838126
vt 0.267036 0.857331
vt 0.250404 0.847728
vt 0.778347 0.867868
vt 0.790310 0.861859
vt 0.780067 0.852163
vt 0.779798 0.862886
vt 0.688668 0.859469
vt 0.672036 0.869071
vt 0.672036 0.849866
s 1
usemtl Hunmmer
f 17/1/1 1/2/2 2/3/3
f 2/4/4 1/5/5 3/6/6
f 3/7/7 1/8/8 4/9/9
f 4/10/10 1/11/11 5/12/12
f 5/13/13 1/14/14 6/15/15
f 6/16/16 1/17/17 7/18/18
f 7/19/19 1/20/20 8/21/21
f 8/22/22 1/23/23 9/24/24
f 9/25/25 1/26/26 10/27/27
f 10/28/28 1/29/29 11/30/30
f 11/31/31 1/32/32 12/33/33
f 12/34/34 1/35/35 13/36/36
f 13/37/37 1/38/38 14/39/39
f 14/40/40 1/41/41 15/42/42
f 15/43/43 1/44/44 16/45/45
f 16/46/46 1/47/47 17/48/48
f 17/1/49 21/49/50 18/50/50
f 20/51/51 17/48/52 18/52/51
f 18/50/53 23/53/53 19/54/53
f 63/55/54 18/52/54 19/56/54
f 21/57/55 3/6/56 22/58/55
f 23/59/57 22/58/57 25/60/57
f 19/54/58 24/61/58 66/62/58
f 24/63/59 25/60/59 26/64/59
f 22/65/60 27/66/60 25/67/60
f 25/67/61 29/68/61 26/69/61
f 27/70/62 31/71/62 30/72/62
f 29/73/63 30/72/63 32/74/63
f 31/75/64 33/76/64 30/77/64
f 30/77/65 35/78/65 32/79/65
f 33/80/66 37/81/66 36/82/66
f 35/83/67 36/82/67 38/84/67
f 37/85/68 39/86/68 36/87/68
f 36/87/69 41/88/69 38/89/69
f 39/90/70 43/91/70 42/92/70
f 41/93/71 42/92/71 44/94/71
f 43/95/72 45/96/72 42/97/72
f 42/97/73 47/98/73 44/99/73
f 45/100/74 49/101/74 48/102/74
f 47/103/75 48/102/75 50/104/75
f 49/105/76 51/106/76 48/107/76
f 48/107/77 53/108/77 50/109/77
f 51/110/78 55/111/78 54/112/78
f 53/113/79 54/112/79 56/114/79
f 55/115/80 57/116/80 54/117/80
f 54/117/81 59/118/81 56/119/81
f 57/120/82 61/121/82 60/122/82
f 59/123/83 60/122/83 62/124/83
f 61/125/84 63/126/84 60/127/84
f 60/127/85 64/128/85 62/129/85
f 64/130/86 19/56/86 66/131/86
f 64/130/87 67/132/87 65/133/87
f 62/129/88 65/134/88 95/135/88
f 66/62/89 69/136/89 67/137/89
f 67/137/90 70/138/91 68/139/92
f 65/133/93 68/140/94 97/141/95
f 69/142/96 26/64/96 71/143/96
f 70/144/97 71/143/97 72/145/97
f 71/146/98 29/68/98 73/147/98
f 72/148/99 73/147/99 74/149/99
f 73/150/100 32/74/100 75/151/100
f 74/152/101 75/151/101 76/153/101
f 75/154/102 35/78/102 77/155/102
f 76/156/103 77/155/103 78/157/103
f 35/83/104 79/158/104 77/159/104
f 77/159/105 80/160/106 78/161/107
f 38/89/108 81/162/108 79/163/108
f 79/163/109 82/164/110 80/165/111
f 41/93/112 83/166/112 81/167/112
f 81/167/113 84/168/114 82/169/115
f 44/99/116 85/170/116 83/171/116
f 83/171/117 86/172/118 84/173/119
f 85/174/120 50/104/120 87/175/120
f 86/176/121 87/175/121 88/177/121
f 87/178/122 53/108/122 89/179/122
f 88/180/123 89/179/123 90/181/123
f 89/182/124 56/114/124 91/183/124
f 90/184/125 91/183/125 92/185/125
f 91/186/126 59/118/126 93/187/126
f 92/188/127 93/187/127 94/189/127
f 59/123/128 95/190/128 93/191/128
f 93/191/129 96/192/130 94/193/131
f 95/135/132 97/194/133 96/195/134
f 15/43/135 20/196/136 61/125/136
f 58/197/137 15/42/138 61/121/137
f 13/37/139 58/198/140 55/115/140
f 52/199/141 13/36/142 55/111/141
f 11/31/143 52/200/144 49/105/144
f 46/201/145 11/30/146 49/101/145
f 9/25/147 46/202/148 43/95/148
f 40/203/149 9/24/150 43/91/149
f 7/19/151 40/204/152 37/85/152
f 34/205/153 7/18/154 37/81/153
f 5/13/155 34/206/156 31/75/156
f 28/207/157 5/12/158 31/71/157
f 3/7/159 28/208/160 22/65/160
f 17/1/1 2/3/3 21/49/161
f 20/51/162 16/46/46 17/48/48
f 18/50/50 21/49/50 23/53/163
f 63/55/164 20/51/51 18/52/51
f 21/57/165 2/4/4 3/6/6
f 23/59/166 21/57/55 22/58/55
f 19/54/167 23/53/167 24/61/167
f 24/63/168 23/59/168 25/60/168
f 22/65/160 28/208/160 27/66/169
f 25/67/170 27/66/170 29/68/170
f 27/70/171 28/207/157 31/71/157
f 29/73/172 27/70/172 30/72/172
f 31/75/156 34/206/156 33/76/173
f 30/77/174 33/76/174 35/78/174
f 33/80/175 34/205/153 37/81/153
f 35/83/176 33/80/176 36/82/176
f 37/85/152 40/204/152 39/86/177
f 36/87/178 39/86/178 41/88/178
f 39/90/179 40/203/149 43/91/149
f 41/93/180 39/90/180 42/92/180
f 43/95/148 46/202/148 45/96/181
f 42/97/182 45/96/182 47/98/182
f 45/100/183 46/201/145 49/101/145
f 47/103/184 45/100/184 48/102/184
f 49/105/144 52/200/144 51/106/185
f 48/107/186 51/106/186 53/108/186
f 51/110/187 52/199/141 55/111/141
f 53/113/188 51/110/188 54/112/188
f 55/115/140 58/198/140 57/116/189
f 54/117/190 57/116/190 59/118/190
f 57/120/191 58/197/137 61/121/137
f 59/123/192 57/120/192 60/122/192
f 61/125/136 20/196/136 63/126/193
f 60/127/194 63/126/194 64/128/194
f 64/130/195 63/55/195 19/56/195
f 64/130/196 66/131/196 67/132/196
f 62/129/197 64/128/197 65/134/197
f 66/62/198 24/61/198 69/136/198
f 67/137/90 69/136/199 70/138/91
f 65/133/93 67/132/200 68/140/94
f 69/142/201 24/63/201 26/64/201
f 70/144/202 69/142/202 71/143/202
f 71/146/203 26/69/203 29/68/203
f 72/148/204 71/146/204 73/147/204
f 73/150/205 29/73/205 32/74/205
f 74/152/206 73/150/206 75/151/206
f 75/154/207 32/79/207 35/78/207
f 76/156/208 75/154/208 77/155/208
f 35/83/209 38/84/209 79/158/209
f 77/159/105 79/158/210 80/160/106
f 38/89/211 41/88/211 81/162/211
f 79/163/109 81/162/212 82/164/110
f 41/93/213 44/94/213 83/166/213
f 81/167/113 83/166/214 84/168/114
f 44/99/215 47/98/215 85/170/215
f 83/171/117 85/170/216 86/172/118
f 85/174/217 47/103/217 50/104/217
f 86/176/218 85/174/218 87/175/218
f 87/178/219 50/109/219 53/108/219
f 88/180/220 87/178/220 89/179/220
f 89/182/221 53/113/221 56/114/221
f 90/184/222 89/182/222 91/183/222
f 91/186/223 56/119/223 59/118/223
f 92/188/224 91/186/224 93/187/224
f 59/123/225 62/124/225 95/190/225
f 93/191/129 95/190/226 96/192/130
f 95/135/132 65/134/227 97/194/133
f 15/43/43 16/45/45 20/196/228
f 58/197/229 14/40/40 15/42/42
f 13/37/37 14/39/39 58/198/230
f 52/199/231 12/34/34 13/36/36
f 11/31/31 12/33/33 52/200/232
f 46/201/233 10/28/28 11/30/30
f 9/25/25 10/27/27 46/202/234
f 40/203/235 8/22/22 9/24/24
f 7/19/19 8/21/21 40/204/236
f 34/205/237 6/16/16 7/18/18
f 5/13/13 6/15/15 34/206/238
f 28/207/239 4/10/10 5/12/12
f 3/7/7 4/9/9 28/208/240
f 105/209/241 98/210/241 99/209/241
f 100/211/242 99/212/242 98/210/242
f 104/211/243 98/210/243 101/210/243
f 131/213/244 101/210/244 102/214/244
f 103/215/245 144/216/246 136/217/245
f 106/218/247 101/210/247 105/209/247
f 210/219/248 106/220/248 105/221/248
f 104/211/249 107/222/249 105/223/249
f 105/223/250 100/211/250 104/211/250
f 177/224/251 107/225/251 109/226/251
f 107/225/252 113/226/252 109/226/252
f 107/222/253 112/227/253 111/222/253
f 111/222/254 112/227/254 113/228/254
f 110/229/255 113/228/256 112/227/255
f 115/230/257 114/231/257 110/229/257
f 114/231/258 109/228/258 110/229/258
f 122/232/259 114/231/259 115/230/259
f 114/231/260 120/233/260 116/234/260
f 114/231/261 119/235/261 118/231/261
f 120/233/262 118/231/262 119/235/262
f 116/234/263 119/235/263 117/236/263
f 121/237/264 116/234/264 117/236/264
f 117/236/265 123/238/265 187/239/265
f 123/238/266 124/240/266 128/241/266
f 122/232/267 126/242/268 125/232/267
f 124/240/269 125/232/270 127/240/269
f 126/242/271 127/240/271 125/232/271
f 124/240/272 126/242/272 115/230/272
f 129/243/273 135/244/273 128/241/273
f 124/240/274 131/213/274 129/243/275
f 130/245/276 102/214/276 136/217/276
f 131/213/277 132/243/277 129/243/277
f 102/214/278 132/243/278 133/214/278
f 134/246/279 133/214/279 132/243/279
f 102/214/280 134/246/280 131/213/280
f 141/247/281 130/245/281 137/248/281
f 130/245/282 139/249/282 138/250/282
f 130/245/283 140/248/284 137/248/284
f 139/249/285 140/248/285 138/250/285
f 137/248/286 139/249/287 136/217/287
f 142/251/288 202/252/288 141/247/288
f 137/248/289 144/216/289 142/251/289
f 143/253/290 145/254/290 150/255/290
f 144/216/291 146/256/291 142/251/291
f 145/254/292 146/256/292 148/257/292
f 147/258/293 148/257/293 146/256/293
f 144/216/294 148/257/294 147/258/294
f 144/216/295 149/259/295 145/254/295
f 211/260/296 151/261/297 150/255/296
f 152/262/298 151/261/298 157/263/298
f 152/262/299 153/255/299 150/255/299
f 143/253/300 153/255/300 155/264/300
f 153/255/301 154/265/301 155/264/301
f 152/262/302 155/264/303 154/265/302
f 202/252/304 152/262/304 156/266/304
f 157/263/305 206/267/305 156/266/305
f 158/268/306 159/269/306 164/270/306
f 151/261/307 160/263/308 157/263/308
f 159/269/309 160/263/309 162/271/309
f 161/261/310 162/271/310 160/263/310
f 159/269/311 161/261/312 151/261/312
f 159/269/313 211/260/313 163/272/313
f 182/273/314 165/274/314 164/270/314
f 166/275/315 165/274/315 171/276/315
f 166/275/316 167/277/316 164/270/316
f 158/268/317 167/277/317 169/268/317
f 167/277/318 168/275/318 169/268/318
f 158/268/319 168/275/319 166/275/319
f 206/267/320 166/275/320 170/278/320
f 171/276/321 186/279/322 170/278/321
f 172/280/323 173/281/323 178/282/323
f 165/274/324 174/283/324 171/276/324
f 173/281/325 174/283/326 176/284/325
f 175/285/327 176/284/327 174/283/327
f 165/274/328 176/284/329 175/285/328
f 165/274/330 177/224/330 173/281/330
f 109/226/331 116/286/331 178/282/331
f 121/237/332 179/287/332 178/287/332
f 172/280/333 179/282/333 181/280/333
f 179/287/334 180/237/334 181/288/334
f 172/288/335 180/237/336 121/237/336
f 108/289/337 183/224/338 185/290/337
f 182/273/339 183/224/339 177/224/339
f 185/290/340 183/224/340 184/273/340
f 108/289/341 184/273/341 182/273/341
f 210/219/342 182/273/342 163/272/342
f 187/239/343 172/288/343 121/237/343
f 170/278/344 188/291/345 192/292/345
f 186/293/346 190/294/347 189/295/348
f 188/291/349 189/279/349 191/291/349
f 189/295/350 190/294/350 191/296/350
f 188/296/351 190/294/351 187/239/351
f 194/297/352 198/298/352 192/292/352
f 188/296/353 123/238/354 193/299/353
f 194/300/355 128/241/355 135/244/355
f 193/299/356 196/301/357 195/299/356
f 193/302/358 197/241/358 128/241/358
f 196/301/359 197/241/359 195/302/359
f 128/241/360 196/301/360 123/238/360
f 141/247/361 198/303/361 194/304/361
f 194/300/362 200/244/362 199/300/362
f 194/304/363 201/305/364 141/247/364
f 200/244/365 201/305/365 199/306/365
f 135/244/366 201/305/366 200/244/366
f 198/298/367 206/267/368 192/292/367
f 198/298/369 204/266/370 156/266/370
f 198/303/371 205/307/371 203/303/371
f 205/307/372 204/266/372 203/303/372
f 156/266/373 205/307/374 202/252/374
f 192/292/375 208/308/376 170/278/376
f 192/292/377 209/309/377 207/310/377
f 209/309/378 208/308/378 207/310/378
f 170/278/379 209/309/379 206/267/379
f 210/219/380 212/272/380 214/219/380
f 163/272/381 213/311/381 212/272/381
f 214/312/382 212/272/382 213/311/382
f 210/313/383 213/311/384 211/260/384
f 106/314/385 211/260/385 149/259/385
f 106/314/386 215/259/386 216/314/386
f 103/215/387 215/259/387 149/259/387
f 216/218/388 215/259/388 217/315/388
f 106/218/389 217/315/390 103/215/390
f 105/209/241 101/210/241 98/210/241
f 104/211/243 100/211/243 98/210/243
f 131/213/244 104/211/244 101/210/244
f 136/217/245 102/214/245 101/210/245
f 101/210/245 103/215/245 136/217/245
f 106/218/247 103/215/247 101/210/247
f 107/225/248 108/289/248 105/221/248
f 108/289/248 210/219/248 105/221/248
f 104/211/249 110/229/249 107/222/249
f 105/223/250 99/223/250 100/211/250
f 177/224/251 108/289/251 107/225/251
f 107/225/252 111/225/252 113/226/252
f 107/222/253 110/229/253 112/227/253
f 110/229/255 109/228/256 113/228/256
f 110/229/257 104/211/391 115/230/257
f 104/211/391 131/213/391 115/230/257
f 114/231/258 116/234/258 109/228/258
f 122/232/259 117/236/259 114/231/259
f 114/231/260 118/231/260 120/233/260
f 114/231/261 117/236/261 119/235/261
f 116/234/263 120/233/263 119/235/263
f 121/237/264 178/287/264 116/234/264
f 187/239/265 121/237/265 117/236/265
f 117/236/265 122/232/392 123/238/265
f 123/238/266 122/232/266 124/240/266
f 122/232/267 115/230/268 126/242/268
f 124/240/269 122/232/270 125/232/270
f 124/240/272 127/240/272 126/242/272
f 128/241/273 124/240/273 129/243/273
f 129/243/273 130/245/273 135/244/273
f 124/240/274 115/230/274 131/213/274
f 130/245/276 129/243/393 102/214/276
f 131/213/277 134/246/277 132/243/277
f 102/214/278 129/243/278 132/243/278
f 102/214/280 133/214/280 134/246/280
f 141/247/281 135/244/281 130/245/281
f 130/245/282 136/217/282 139/249/282
f 130/245/283 138/250/283 140/248/284
f 137/248/286 140/248/286 139/249/287
f 141/247/288 137/248/394 142/251/288
f 142/251/288 143/253/288 202/252/288
f 137/248/289 136/217/289 144/216/289
f 143/253/290 142/251/290 145/254/290
f 144/216/291 147/258/291 146/256/291
f 145/254/292 142/251/292 146/256/292
f 144/216/294 145/254/294 148/257/294
f 144/216/295 103/215/295 149/259/295
f 145/254/296 149/259/296 150/255/296
f 149/259/296 211/260/296 150/255/296
f 152/262/298 150/255/298 151/261/298
f 152/262/299 154/265/299 153/255/299
f 143/253/300 150/255/300 153/255/300
f 152/262/302 143/253/303 155/264/303
f 202/252/304 143/253/304 152/262/304
f 156/266/305 152/262/395 157/263/305
f 157/263/305 158/268/305 206/267/305
f 158/268/306 157/263/306 159/269/306
f 151/261/307 161/261/307 160/263/308
f 159/269/309 157/263/309 160/263/309
f 159/269/311 162/271/311 161/261/312
f 159/269/313 151/261/313 211/260/313
f 159/269/314 163/272/314 164/270/314
f 163/272/314 182/273/314 164/270/314
f 166/275/315 164/270/315 165/274/315
f 166/275/316 168/275/316 167/277/316
f 158/268/317 164/270/317 167/277/317
f 158/268/319 169/268/319 168/275/319
f 206/267/320 158/268/320 166/275/320
f 170/278/321 166/275/321 171/276/321
f 171/276/321 172/280/322 186/279/322
f 172/280/323 171/276/323 173/281/323
f 165/274/324 175/285/324 174/283/324
f 173/281/325 171/276/326 174/283/326
f 165/274/328 173/281/329 176/284/329
f 165/274/330 182/273/330 177/224/330
f 173/281/396 177/224/396 178/282/331
f 177/224/396 109/226/331 178/282/331
f 121/237/332 180/237/332 179/287/332
f 172/280/333 178/282/333 179/282/333
f 172/288/335 181/288/335 180/237/336
f 108/289/337 177/224/338 183/224/338
f 182/273/339 184/273/339 183/224/339
f 108/289/341 185/290/341 184/273/341
f 210/219/342 108/289/342 182/273/342
f 187/239/343 186/293/343 172/288/343
f 170/278/344 186/279/344 188/291/345
f 186/293/346 187/239/347 190/294/347
f 188/291/349 186/279/349 189/279/349
f 188/296/351 191/296/351 190/294/351
f 192/292/352 188/291/352 193/316/352
f 193/316/352 194/297/352 192/292/352
f 188/296/353 187/239/354 123/238/354
f 194/300/355 193/302/355 128/241/355
f 193/299/356 123/238/357 196/301/357
f 193/302/358 195/302/358 197/241/358
f 128/241/360 197/241/360 196/301/360
f 141/247/361 202/252/361 198/303/361
f 194/300/362 135/244/362 200/244/362
f 194/304/363 199/304/363 201/305/364
f 135/244/366 141/247/366 201/305/366
f 198/298/367 156/266/368 206/267/368
f 198/298/369 203/298/369 204/266/370
f 198/303/371 202/252/371 205/307/371
f 156/266/373 204/266/373 205/307/374
f 192/292/375 207/310/375 208/308/376
f 192/292/377 206/267/377 209/309/377
f 170/278/379 208/308/379 209/309/379
f 210/219/380 163/272/380 212/272/380
f 163/272/381 211/260/381 213/311/381
f 210/313/383 214/312/383 213/311/384
f 106/314/385 210/313/385 211/260/385
f 106/314/386 149/259/386 215/259/386
f 103/215/387 217/315/387 215/259/387
f 106/218/389 216/218/389 217/315/390
f 221/317/397 219/318/397 218/319/397
f 432/320/398 218/319/399 219/318/400
f 223/321/401 218/319/401 220/322/401
f 222/323/402 224/324/403 221/317/404
f 223/321/405 222/323/405 221/317/405
f 226/325/406 225/326/407 224/327/403
f 224/327/408 434/328/397 219/329/397
f 226/325/409 229/330/410 227/331/411
f 222/323/412 228/332/412 226/333/409
f 231/334/413 229/330/414 228/335/415
f 233/336/416 228/332/415 230/337/413
f 234/338/417 232/339/418 231/334/417
f 236/340/419 231/341/417 233/336/417
f 237/342/420 235/343/421 234/338/422
f 239/344/423 234/345/422 236/340/424
f 237/342/425 241/346/426 238/347/427
f 239/344/428 240/348/429 237/349/425
f 243/350/430 241/346/431 240/351/432
f 245/352/433 240/348/432 242/353/434
f 243/350/435 247/354/436 244/355/437
f 245/352/438 246/356/439 243/357/435
f 249/358/440 247/354/441 246/359/442
f 251/360/441 246/356/442 248/361/441
f 252/362/443 250/363/444 249/358/445
f 254/364/446 249/365/445 251/360/447
f 255/366/448 253/367/449 252/362/450
f 257/368/451 252/369/450 254/364/452
f 258/370/453 256/371/453 255/366/454
f 260/372/453 255/373/454 257/368/455
f 258/370/456 262/374/457 259/375/458
f 260/372/459 261/376/460 258/377/456
f 264/378/461 262/374/462 261/379/462
f 266/380/463 261/376/462 263/381/463
f 267/382/464 265/383/464 264/378/464
f 269/384/465 264/385/464 266/380/466
f 270/386/467 268/387/468 267/382/469
f 272/388/470 267/389/469 269/384/471
f 270/386/472 274/390/473 271/391/474
f 272/388/475 273/392/476 270/393/472
f 276/394/477 274/390/478 273/395/479
f 278/396/480 273/392/479 275/397/481
f 279/398/482 277/399/483 276/394/482
f 281/400/484 276/401/482 278/396/483
f 282/402/485 280/403/486 279/398/487
f 284/404/488 279/405/487 281/400/489
f 285/406/490 283/407/491 282/402/485
f 287/408/492 282/409/485 284/404/488
f 288/410/493 286/411/494 285/406/490
f 290/412/495 285/413/490 287/408/492
f 291/414/496 289/415/497 288/410/498
f 293/416/499 288/417/498 290/412/500
f 294/418/501 292/419/502 291/414/503
f 296/420/504 291/421/503 293/416/505
f 297/422/506 295/423/507 294/418/508
f 299/424/509 294/425/508 296/420/510
f 300/426/511 298/427/512 297/422/513
f 302/428/512 297/429/513 299/424/514
f 300/426/515 304/430/516 301/431/517
f 302/428/518 303/432/519 300/433/515
f 306/434/520 304/430/521 303/435/522
f 308/436/523 303/432/522 305/437/524
f 309/438/525 307/439/526 306/434/527
f 311/440/528 306/441/527 308/436/529
f 312/442/530 310/443/531 309/438/531
f 314/444/532 309/445/531 311/440/533
f 313/446/534 315/447/535 317/448/536
f 315/449/535 314/444/537 316/450/538
f 318/451/539 316/450/538 319/452/538
f 317/448/536 318/453/539 320/454/540
f 318/451/539 322/455/541 321/456/542
f 323/457/543 318/453/539 321/458/542
f 321/456/542 325/459/542 324/460/538
f 326/461/544 321/458/542 324/462/538
f 327/463/545 325/459/545 328/464/546
f 329/465/545 324/462/547 327/466/545
f 330/467/548 328/464/549 331/468/548
f 332/469/549 327/466/550 330/470/548
f 333/471/551 331/468/552 334/472/553
f 335/473/551 330/470/554 333/474/551
f 336/475/555 334/472/556 337/476/555
f 338/477/557 333/474/558 336/478/555
f 339/479/559 337/476/560 340/480/561
f 338/477/562 339/481/559 341/482/563
f 339/479/564 343/483/565 342/484/566
f 344/485/567 339/481/564 342/486/566
f 345/487/568 343/483/569 346/488/570
f 347/489/571 342/486/572 345/490/568
f 348/491/573 346/488/570 349/492/574
f 350/493/575 345/490/568 348/494/573
f 351/495/576 349/492/577 352/496/578
f 353/497/576 348/494/577 351/498/576
f 354/499/579 352/496/580 355/500/581
f 356/501/582 351/498/583 354/502/579
f 354/499/584 358/503/585 357/504/586
f 356/501/587 357/505/586 359/506/588
f 360/507/589 358/503/590 361/508/591
f 362/509/592 357/505/590 360/510/589
f 360/507/593 364/511/594 363/512/595
f 362/509/596 363/513/595 365/514/597
f 366/515/598 364/511/599 367/516/600
f 368/517/601 363/513/602 366/518/598
f 369/519/603 367/516/603 370/520/603
f 371/521/604 366/518/603 369/522/603
f 372/523/605 370/520/606 373/524/606
f 374/525/605 369/522/607 372/526/605
f 375/527/608 373/524/609 376/528/610
f 377/529/611 372/526/612 375/530/608
f 378/531/613 376/528/614 379/532/615
f 380/533/616 375/530/617 378/534/613
f 381/535/618 379/532/619 382/536/620
f 383/537/619 378/534/621 381/538/618
f 384/539/622 382/536/623 385/540/624
f 386/541/625 381/538/626 384/542/622
f 387/543/627 385/540/628 388/544/629
f 389/545/628 384/542/629 387/546/627
f 390/547/630 388/544/631 391/548/632
f 392/549/633 387/546/634 390/550/630
f 393/551/635 391/548/636 394/552/637
f 395/553/638 390/550/639 393/554/635
f 393/551/640 397/555/641 396/556/642
f 395/553/643 396/557/642 398/558/643
f 399/559/644 397/555/645 400/560/646
f 401/561/647 396/557/648 399/562/644
f 402/563/649 400/560/650 403/564/651
f 404/565/652 399/562/653 402/566/649
f 405/567/654 403/564/655 406/568/655
f 407/569/656 402/566/657 405/570/654
f 408/571/658 406/568/658 409/572/659
f 410/573/660 405/570/661 408/574/658
f 411/575/662 409/572/663 412/576/664
f 410/573/665 411/577/662 413/578/666
f 411/575/667 415/579/668 414/580/669
f 416/581/670 411/577/667 414/582/669
f 417/583/671 415/579/672 419/584/673
f 418/585/671 414/582/674 417/586/671
f 418/585/675 420/587/676 422/588/398
f 417/583/677 421/589/678 420/590/676
f 421/589/679 423/591/680 420/590/681
f 420/587/681 425/592/679 422/588/679
f 426/593/682 424/594/682 427/595/675
f 425/592/676 426/596/682 428/597/683
f 426/593/682 430/598/682 429/599/684
f 431/600/400 426/596/682 429/601/684
f 220/322/685 429/599/686 430/598/687
f 432/602/685 431/600/685 429/601/686
f 433/603/688 219/329/400 434/328/689
f 434/328/690 436/604/690 433/603/690
f 433/603/691 428/597/691 431/600/691
f 436/604/692 435/605/693 433/603/694
f 227/331/695 436/604/695 225/326/695
f 436/604/696 439/606/696 438/607/696
f 438/607/697 422/588/698 435/605/699
f 439/606/700 440/608/700 438/607/700
f 440/608/701 418/585/701 422/588/701
f 440/608/702 413/578/702 416/581/702
f 442/609/703 413/578/704 441/610/705
f 444/611/706 441/610/706 439/606/706
f 445/612/707 442/609/707 444/611/707
f 443/613/708 410/573/708 442/609/708
f 447/614/709 444/611/709 446/615/709
f 437/616/710 444/611/710 439/606/710
f 232/339/711 446/615/711 229/330/711
f 227/331/712 446/615/713 437/616/714
f 235/343/715 447/614/716 232/339/717
f 448/617/718 445/612/719 447/614/720
f 449/618/721 450/619/722 448/617/718
f 238/347/723 448/617/723 235/343/723
f 450/619/724 443/613/725 445/612/726
f 451/620/727 452/621/728 450/619/724
f 452/621/729 407/569/729 443/613/729
f 452/621/730 401/561/730 404/565/730
f 454/622/731 401/561/732 453/623/733
f 456/624/734 453/623/733 451/620/727
f 454/622/735 395/553/735 398/558/735
f 457/625/736 454/622/731 456/624/734
f 458/626/737 457/625/738 456/624/739
f 458/626/737 451/620/740 449/618/721
f 244/355/741 458/626/741 241/346/741
f 238/347/742 458/626/742 449/618/743
f 244/355/744 460/627/745 459/628/744
f 459/628/746 462/629/746 457/625/746
f 250/363/747 460/627/748 247/354/749
f 461/630/750 462/629/751 460/627/752
f 463/631/753 464/632/754 462/629/755
f 462/629/756 455/633/756 457/625/756
f 465/634/757 392/549/758 464/632/759
f 464/632/760 395/553/761 455/633/762
f 467/635/763 465/634/764 463/631/753
f 466/636/765 389/545/766 465/634/757
f 468/637/767 386/541/768 466/636/769
f 470/638/770 466/636/770 467/635/770
f 469/639/771 383/537/772 468/637/773
f 471/640/774 468/637/775 470/638/776
f 472/641/777 467/635/777 473/642/777
f 474/643/778 470/638/779 472/641/780
f 253/367/781 472/641/781 473/642/781
f 259/375/782 472/641/783 256/371/784
f 262/374/785 474/643/785 259/375/785
f 475/644/786 471/640/786 474/643/786
f 262/374/787 476/645/787 475/644/788
f 476/645/789 477/646/789 475/644/789
f 478/647/790 479/648/790 477/646/790
f 477/646/791 469/639/792 471/640/774
f 480/649/793 377/529/794 479/648/794
f 469/639/795 377/529/795 380/533/795
f 482/650/796 480/649/797 478/647/798
f 481/651/799 374/525/799 480/649/799
f 483/652/800 371/521/800 481/651/800
f 485/653/801 481/651/802 482/650/796
f 483/652/803 365/514/803 368/517/803
f 485/653/804 484/654/804 483/652/804
f 487/655/805 482/650/806 488/656/807
f 489/657/808 485/653/808 487/655/808
f 271/391/809 488/656/809 268/387/809
f 274/390/810 487/655/810 271/391/810
f 274/390/811 490/658/812 489/657/813
f 490/658/814 486/659/814 489/657/814
f 280/403/815 490/658/816 277/399/817
f 491/660/818 492/661/819 490/658/820
f 493/662/821 494/663/822 492/661/823
f 486/659/824 494/663/824 484/654/824
f 494/663/825 359/506/825 362/509/825
f 494/663/826 365/514/827 484/654/827
f 496/664/828 359/506/828 495/665/828
f 498/666/829 495/665/830 493/662/821
f 499/667/831 496/664/832 498/666/833
f 497/668/834 356/501/834 496/664/834
f 501/669/835 498/666/836 500/670/837
f 500/670/838 493/662/838 491/660/838
f 286/411/839 500/670/839 283/407/839
f 283/407/840 491/660/840 280/403/840
f 289/415/841 501/669/841 286/411/841
f 502/671/842 499/667/843 501/669/835
f 503/672/844 504/673/844 502/671/844
f 292/419/845 502/671/845 289/415/845
f 504/673/846 497/668/847 499/667/831
f 504/673/848 507/674/848 506/675/848
f 506/675/849 353/497/850 497/668/851
f 506/675/852 347/489/852 350/493/852
f 507/674/853 344/485/853 347/489/853
f 510/676/854 507/674/854 505/677/854
f 508/678/855 341/482/855 344/485/855
f 510/676/856 509/679/856 508/678/856
f 513/680/857 510/676/857 512/681/857
f 512/681/858 505/677/858 503/672/858
f 298/427/859 512/681/859 295/423/859
f 292/419/860 512/681/860 503/672/860
f 298/427/861 514/682/862 513/680/863
f 514/682/864 511/683/864 513/680/864
f 304/430/865 514/682/865 301/431/865
f 515/684/866 516/685/866 514/682/866
f 517/686/867 518/687/868 516/685/869
f 511/683/870 518/687/870 509/679/870
f 518/687/871 335/473/871 338/477/871
f 518/687/872 341/482/873 509/679/704
f 519/688/874 332/469/875 335/473/876
f 517/686/877 520/689/877 519/688/877
f 523/690/878 520/689/878 522/691/878
f 521/692/879 332/469/879 520/689/879
f 525/693/880 522/691/880 524/694/880
f 524/694/881 517/686/881 515/684/881
f 310/443/882 524/694/882 307/439/882
f 304/430/883 524/694/883 515/684/883
f 313/446/884 525/693/884 310/443/884
f 317/448/885 523/690/886 525/693/887
f 320/454/888 521/692/889 523/690/890
f 521/692/891 326/461/891 329/465/891
f 268/387/892 476/645/893 265/383/894
f 488/656/807 478/647/895 476/645/896
f 253/367/897 461/630/897 250/363/897
f 473/642/898 463/631/899 461/630/900
f 435/605/901 425/592/902 428/597/902
f 220/322/903 427/595/903 526/695/904
f 526/695/905 424/594/906 421/589/905
f 526/695/907 223/321/908 220/322/909
f 421/589/910 527/696/911 526/695/912
f 529/697/913 528/698/913 527/696/913
f 528/698/914 223/321/914 527/696/914
f 419/584/401 529/697/401 421/589/401
f 412/576/915 529/697/915 415/579/915
f 412/576/916 531/699/916 530/700/916
f 530/700/917 533/701/917 528/698/917
f 531/699/918 534/702/918 533/701/918
f 409/572/919 532/703/919 531/699/919
f 533/701/920 536/704/921 535/705/922
f 533/701/923 537/706/923 528/698/923
f 536/704/921 230/337/924 535/705/922
f 535/705/925 222/323/926 537/706/927
f 536/704/928 236/340/928 233/336/928
f 534/702/929 538/707/930 536/704/931
f 540/708/932 539/709/933 538/707/930
f 538/707/934 239/344/934 236/340/934
f 532/703/935 540/708/936 534/702/937
f 542/710/938 541/711/939 540/708/936
f 406/568/940 542/710/940 532/703/940
f 400/560/941 542/710/941 403/564/941
f 400/560/942 544/712/943 543/713/944
f 543/713/944 546/714/945 541/711/939
f 394/552/946 544/712/946 397/555/946
f 544/712/943 547/715/947 546/714/945
f 547/715/948 548/716/949 546/714/950
f 541/711/951 548/716/949 539/709/933
f 548/716/952 245/352/952 242/353/952
f 548/716/953 239/344/953 539/709/954
f 550/717/955 245/352/956 549/718/956
f 552/719/957 549/718/957 547/715/957
f 550/717/958 251/360/959 248/361/960
f 552/719/961 551/720/962 550/717/963
f 554/721/964 553/722/965 552/719/966
f 545/723/967 552/719/967 547/715/967
f 391/548/968 555/724/968 554/721/968
f 394/552/969 554/721/970 545/723/971
f 555/724/972 557/725/973 553/722/965
f 388/544/974 556/726/975 555/724/976
f 385/540/977 558/727/978 556/726/979
f 556/726/980 560/728/980 557/725/980
f 382/536/981 559/729/982 558/727/983
f 558/727/984 561/730/985 560/728/986
f 557/725/987 562/731/987 563/732/987
f 560/728/988 564/733/989 562/731/990
f 562/731/991 254/364/991 563/732/991
f 562/731/992 260/372/993 257/368/994
f 564/733/995 263/381/995 260/372/995
f 561/730/996 565/734/996 564/733/996
f 566/735/997 263/381/998 565/734/999
f 567/736/1000 566/735/1000 565/734/1000
f 569/737/1001 568/738/1001 567/736/1001
f 559/729/1002 567/736/1003 561/730/985
f 376/528/1004 570/739/1005 569/737/1006
f 376/528/1007 559/729/1007 379/532/1007
f 570/739/1008 572/740/1009 568/738/1010
f 373/524/1011 571/741/1011 570/739/1011
f 370/520/1012 573/742/1012 571/741/1012
f 571/741/1013 575/743/1014 572/740/1009
f 364/511/1015 573/742/1015 367/516/1015
f 574/744/1016 575/743/1016 573/742/1016
f 572/740/1017 577/745/1018 578/746/1019
f 575/743/1020 579/747/1020 577/745/1020
f 578/746/1021 272/388/1021 269/384/1021
f 577/745/1022 275/397/1022 272/388/1022
f 580/748/1023 275/397/1023 579/747/1024
f 576/749/1025 580/748/1025 579/747/1025
f 580/748/1026 281/400/1027 278/396/1028
f 582/750/1029 581/751/1030 580/748/1031
f 584/752/1032 583/753/1033 582/750/1034
f 584/752/1035 576/749/1035 574/744/1035
f 358/503/1036 584/752/1036 361/508/1036
f 364/511/1037 584/752/1038 574/744/1039
f 358/503/1040 586/754/1040 585/755/1040
f 585/755/1041 588/756/1042 583/753/1033
f 586/754/1043 589/757/1044 588/756/1045
f 355/500/1046 587/758/1046 586/754/1046
f 588/756/1047 591/759/1048 590/760/1049
f 583/753/1050 590/760/1050 581/751/1050
f 590/760/1051 287/408/1051 284/404/1051
f 581/751/1052 284/404/1052 281/400/1052
f 591/759/1053 290/412/1053 287/408/1053
f 589/757/1054 592/761/1055 591/759/1048
f 594/762/1056 593/763/1056 592/761/1056
f 592/761/1057 293/416/1057 290/412/1057
f 587/758/1058 594/762/1059 589/757/1044
f 597/764/1060 594/762/1060 596/765/1060
f 352/496/1061 596/765/1062 587/758/1063
f 346/488/1064 596/765/1064 349/492/1064
f 346/488/1065 598/766/1065 597/764/1065
f 597/764/1066 600/767/1066 595/768/1066
f 340/480/1067 598/766/1067 343/483/1067
f 599/769/1068 600/767/1068 598/766/1068
f 600/767/1069 603/770/1069 602/771/1069
f 595/768/1070 602/771/1070 593/763/1070
f 602/771/1071 299/424/1071 296/420/1071
f 602/771/1072 293/416/1072 593/763/1072
f 604/772/1073 299/424/1074 603/770/1075
f 601/773/1076 604/772/1076 603/770/1076
f 604/772/1077 305/437/1077 302/428/1077
f 606/774/1078 605/775/1078 604/772/1078
f 608/776/1079 607/777/1080 606/774/1081
f 608/776/1082 601/773/1082 599/769/1082
f 334/472/1083 608/776/1083 337/476/1083
f 340/480/1084 608/776/1084 599/769/1084
f 331/468/1085 609/778/1086 334/472/1087
f 609/778/1088 612/779/1088 607/777/1088
f 610/780/1089 613/781/1089 612/779/1089
f 331/468/1090 611/782/1090 610/780/1090
f 612/779/1091 615/783/1091 614/784/1091
f 607/777/1092 614/784/1092 605/775/1092
f 614/784/1093 311/440/1093 308/436/1093
f 614/784/1094 305/437/1094 605/775/1094
f 615/783/1095 314/444/1095 311/440/1095
f 613/781/1096 316/450/1097 615/783/1098
f 611/782/1099 319/452/1100 613/781/1101
f 325/459/1102 611/782/1102 328/464/1102
f 566/735/1103 269/384/1104 266/380/1105
f 568/738/1106 578/746/1019 566/735/1107
f 551/720/1108 254/364/1108 251/360/1108
f 553/722/1109 563/732/1110 551/720/1111
f 221/317/397 224/324/408 219/318/397
f 432/320/398 220/322/1112 218/319/399
f 223/321/1113 221/317/1113 218/319/1113
f 222/323/402 226/333/406 224/324/403
f 223/321/1114 537/706/927 222/323/926
f 226/325/406 227/331/1115 225/326/407
f 224/327/408 225/326/1116 434/328/397
f 226/325/409 228/335/412 229/330/410
f 222/323/412 230/337/1117 228/332/412
f 231/334/413 232/339/414 229/330/414
f 233/336/416 231/341/413 228/332/415
f 234/338/417 235/343/1118 232/339/418
f 236/340/419 234/345/417 231/341/417
f 237/342/420 238/347/1119 235/343/421
f 239/344/423 237/349/420 234/345/422
f 237/342/425 240/351/429 241/346/426
f 239/344/428 242/353/1120 240/348/429
f 243/350/430 244/355/1121 241/346/431
f 245/352/433 243/357/430 240/348/432
f 243/350/435 246/359/439 247/354/436
f 245/352/438 248/361/1122 246/356/439
f 249/358/440 250/363/1123 247/354/441
f 251/360/441 249/365/440 246/356/442
f 252/362/443 253/367/1124 250/363/444
f 254/364/446 252/369/443 249/365/445
f 255/366/448 256/371/1125 253/367/449
f 257/368/451 255/373/448 252/369/450
f 258/370/453 259/375/1126 256/371/453
f 260/372/453 258/377/453 255/373/454
f 258/370/456 261/379/460 262/374/457
f 260/372/459 263/381/1127 261/376/460
f 264/378/461 265/383/1128 262/374/462
f 266/380/463 264/385/461 261/376/462
f 267/382/464 268/387/1129 265/383/464
f 269/384/465 267/389/464 264/385/464
f 270/386/467 271/391/1130 268/387/468
f 272/388/470 270/393/467 267/389/469
f 270/386/472 273/395/476 274/390/473
f 272/388/475 275/397/473 273/392/476
f 276/394/477 277/399/1131 274/390/478
f 278/396/480 276/401/477 273/392/479
f 279/398/482 280/403/1132 277/399/483
f 281/400/484 279/405/482 276/401/482
f 282/402/485 283/407/491 280/403/486
f 284/404/488 282/409/485 279/405/487
f 285/406/490 286/411/494 283/407/491
f 287/408/492 285/413/490 282/409/485
f 288/410/493 289/415/1133 286/411/494
f 290/412/495 288/417/493 285/413/490
f 291/414/496 292/419/1134 289/415/497
f 293/416/499 291/421/496 288/417/498
f 294/418/501 295/423/1135 292/419/502
f 296/420/504 294/425/501 291/421/503
f 297/422/506 298/427/1136 295/423/507
f 299/424/509 297/429/506 294/425/508
f 300/426/511 301/431/1137 298/427/512
f 302/428/512 300/433/511 297/429/513
f 300/426/515 303/435/519 304/430/516
f 302/428/518 305/437/1138 303/432/519
f 306/434/520 307/439/1139 304/430/521
f 308/436/523 306/441/520 303/432/522
f 309/438/525 310/443/1140 307/439/526
f 311/440/528 309/445/525 306/441/527
f 312/442/530 313/446/1141 310/443/531
f 314/444/532 312/785/530 309/445/531
f 313/446/534 312/442/1142 315/447/535
f 315/449/535 312/785/1142 314/444/537
f 318/451/539 315/449/535 316/450/538
f 317/448/536 315/447/535 318/453/539
f 318/451/539 319/452/538 322/455/541
f 323/457/543 320/454/540 318/453/539
f 321/456/542 322/455/541 325/459/542
f 326/461/544 323/457/543 321/458/542
f 327/463/545 324/460/547 325/459/545
f 329/465/545 326/461/1143 324/462/547
f 330/467/548 327/463/550 328/464/549
f 332/469/549 329/465/1144 327/466/550
f 333/471/551 330/467/554 331/468/552
f 335/473/551 332/469/1145 330/470/554
f 336/475/555 333/471/558 334/472/556
f 338/477/557 335/473/558 333/474/558
f 339/479/559 336/475/1146 337/476/560
f 338/477/562 336/478/1146 339/481/559
f 339/479/564 340/480/1147 343/483/565
f 344/485/567 341/482/1148 339/481/564
f 345/487/568 342/484/572 343/483/569
f 347/489/571 344/485/1149 342/486/572
f 348/491/573 345/487/568 346/488/570
f 350/493/575 347/489/571 345/490/568
f 351/495/576 348/491/577 349/492/577
f 353/497/576 350/493/1150 348/494/577
f 354/499/579 351/495/583 352/496/580
f 356/501/582 353/497/1151 351/498/583
f 354/499/584 355/500/1152 358/503/585
f 356/501/587 354/502/584 357/505/586
f 360/507/589 357/504/590 358/503/590
f 362/509/592 359/506/1153 357/505/590
f 360/507/593 361/508/1154 364/511/594
f 362/509/596 360/510/593 363/513/595
f 366/515/598 363/512/602 364/511/599
f 368/517/601 365/514/1155 363/513/602
f 369/519/603 366/515/603 367/516/603
f 371/521/604 368/517/1156 366/518/603
f 372/523/605 369/519/607 370/520/606
f 374/525/605 371/521/1157 369/522/607
f 375/527/608 372/523/612 373/524/609
f 377/529/611 374/525/1158 372/526/612
f 378/531/613 375/527/617 376/528/614
f 380/533/616 377/529/1159 375/530/617
f 381/535/618 378/531/621 379/532/619
f 383/537/619 380/533/620 378/534/621
f 384/539/622 381/535/626 382/536/623
f 386/541/625 383/537/1160 381/538/626
f 387/543/627 384/539/629 385/540/628
f 389/545/628 386/541/628 384/542/629
f 390/547/630 387/543/634 388/544/631
f 392/549/633 389/545/634 387/546/634
f 393/551/635 390/547/639 391/548/636
f 395/553/638 392/549/1161 390/550/639
f 393/551/640 394/552/1162 397/555/641
f 395/553/643 393/554/640 396/557/642
f 399/559/644 396/556/648 397/555/645
f 401/561/647 398/558/647 396/557/648
f 402/563/649 399/559/653 400/560/650
f 404/565/652 401/561/1163 399/562/653
f 405/567/654 402/563/657 403/564/655
f 407/569/656 404/565/1164 402/566/657
f 408/571/658 405/567/661 406/568/658
f 410/573/660 407/569/1165 405/570/661
f 411/575/662 408/571/665 409/572/663
f 410/573/665 408/574/665 411/577/662
f 411/575/667 412/576/670 415/579/668
f 416/581/670 413/578/1166 411/577/667
f 417/583/671 414/580/674 415/579/672
f 418/585/671 416/581/1167 414/582/674
f 418/585/675 417/586/677 420/587/676
f 417/583/677 419/584/1168 421/589/678
f 421/589/679 424/594/1169 423/591/680
f 420/587/681 423/786/680 425/592/679
f 426/593/682 423/591/1170 424/594/682
f 425/592/676 423/786/1170 426/596/682
f 426/593/682 427/595/675 430/598/682
f 431/600/400 428/597/683 426/596/682
f 220/322/685 432/320/685 429/599/686
f 432/602/685 433/603/1171 431/600/685
f 433/603/688 432/602/398 219/329/400
f 434/328/1172 225/326/1172 436/604/1172
f 433/603/691 435/605/691 428/597/691
f 436/604/692 438/607/1173 435/605/693
f 227/331/712 437/616/714 436/604/1174
f 436/604/1175 437/616/1175 439/606/1175
f 438/607/697 440/608/1176 422/588/698
f 439/606/1177 441/610/1177 440/608/1177
f 440/608/1178 416/581/1178 418/585/1178
f 440/608/1179 441/610/705 413/578/704
f 442/609/1180 410/573/1180 413/578/1180
f 444/611/1181 442/609/1181 441/610/1181
f 445/612/1182 443/613/1182 442/609/1182
f 443/613/1183 407/569/1183 410/573/1183
f 447/614/720 445/612/719 444/611/1184
f 437/616/714 446/615/713 444/611/1185
f 232/339/717 447/614/716 446/615/1186
f 227/331/1187 229/330/1187 446/615/1187
f 235/343/1188 448/617/1188 447/614/1188
f 448/617/718 450/619/722 445/612/719
f 449/618/721 451/620/740 450/619/722
f 238/347/742 449/618/743 448/617/1189
f 450/619/724 452/621/728 443/613/725
f 451/620/727 453/623/733 452/621/728
f 452/621/1190 404/565/1190 407/569/1190
f 452/621/728 453/623/733 401/561/732
f 454/622/1191 398/558/1191 401/561/1191
f 456/624/734 454/622/731 453/623/733
f 454/622/1192 455/633/762 395/553/761
f 457/625/1193 455/633/1193 454/622/1193
f 458/626/1194 459/628/1194 457/625/1194
f 458/626/737 456/624/739 451/620/740
f 244/355/744 459/628/744 458/626/1195
f 238/347/1196 241/346/1196 458/626/1196
f 244/355/1197 247/354/1197 460/627/1197
f 459/628/1198 460/627/1198 462/629/1198
f 250/363/747 461/630/1199 460/627/748
f 461/630/750 463/631/1200 462/629/751
f 463/631/753 465/634/764 464/632/754
f 462/629/1201 464/632/1201 455/633/1201
f 465/634/757 389/545/766 392/549/758
f 464/632/1202 392/549/1202 395/553/1202
f 467/635/1203 466/636/1203 465/634/1203
f 466/636/769 386/541/768 389/545/1204
f 468/637/1205 383/537/1205 386/541/1205
f 470/638/1206 468/637/1206 466/636/1206
f 469/639/771 380/533/1207 383/537/772
f 471/640/774 469/639/792 468/637/775
f 472/641/780 470/638/779 467/635/1208
f 474/643/778 471/640/1209 470/638/779
f 253/367/1210 256/371/1210 472/641/1210
f 259/375/782 474/643/1211 472/641/783
f 262/374/787 475/644/788 474/643/788
f 475/644/1212 477/646/1212 471/640/1212
f 262/374/1213 265/383/1213 476/645/1213
f 476/645/896 478/647/895 477/646/1214
f 478/647/1215 480/649/1215 479/648/1215
f 477/646/1216 479/648/1216 469/639/1216
f 480/649/1217 374/525/1217 377/529/1217
f 469/639/1218 479/648/794 377/529/794
f 482/650/796 481/651/802 480/649/797
f 481/651/1219 371/521/1219 374/525/1219
f 483/652/1220 368/517/1220 371/521/1220
f 485/653/1221 483/652/1221 481/651/1221
f 483/652/1222 484/654/827 365/514/827
f 485/653/1223 486/659/1223 484/654/1223
f 487/655/1224 485/653/1224 482/650/1224
f 489/657/1225 486/659/1225 485/653/1225
f 271/391/1226 487/655/1226 488/656/1226
f 274/390/811 489/657/813 487/655/1227
f 274/390/1228 277/399/1228 490/658/1228
f 490/658/820 492/661/819 486/659/1229
f 280/403/815 491/660/1230 490/658/816
f 491/660/818 493/662/1231 492/661/819
f 493/662/821 495/665/830 494/663/822
f 486/659/823 492/661/823 494/663/822
f 494/663/1232 495/665/1232 359/506/1232
f 494/663/1233 362/509/1233 365/514/1233
f 496/664/1234 356/501/1234 359/506/1234
f 498/666/1235 496/664/1235 495/665/1235
f 499/667/831 497/668/847 496/664/832
f 497/668/851 353/497/850 356/501/1236
f 501/669/835 499/667/843 498/666/836
f 500/670/837 498/666/836 493/662/1237
f 286/411/1238 501/669/1238 500/670/1238
f 283/407/1239 500/670/1239 491/660/1239
f 289/415/1240 502/671/1240 501/669/1240
f 502/671/842 504/673/1241 499/667/843
f 503/672/1242 505/677/1242 504/673/1242
f 292/419/1243 503/672/1243 502/671/1243
f 504/673/1244 506/675/1244 497/668/1244
f 504/673/1245 505/677/1245 507/674/1245
f 506/675/1246 350/493/1246 353/497/1246
f 506/675/1247 507/674/1247 347/489/1247
f 507/674/1248 508/678/1248 344/485/1248
f 510/676/1249 508/678/1249 507/674/1249
f 508/678/1250 509/679/704 341/482/873
f 510/676/1251 511/683/1251 509/679/1251
f 513/680/1252 511/683/1252 510/676/1252
f 512/681/1253 510/676/1253 505/677/1253
f 298/427/861 513/680/863 512/681/1254
f 292/419/1255 295/423/1255 512/681/1255
f 298/427/1256 301/431/1256 514/682/1256
f 514/682/1257 516/685/1257 511/683/1257
f 304/430/1258 515/684/1258 514/682/1258
f 515/684/1259 517/686/1259 516/685/1259
f 517/686/1260 519/688/1260 518/687/1260
f 511/683/1261 516/685/869 518/687/868
f 518/687/1262 519/688/1262 335/473/1262
f 518/687/1263 338/477/1263 341/482/1263
f 519/688/874 520/689/1264 332/469/875
f 517/686/1265 522/691/1265 520/689/1265
f 523/690/1266 521/692/1266 520/689/1266
f 521/692/1267 329/465/1267 332/469/1267
f 525/693/1268 523/690/1268 522/691/1268
f 524/694/1269 522/691/1269 517/686/1269
f 310/443/1270 525/693/1270 524/694/1270
f 304/430/1271 307/439/1271 524/694/1271
f 313/446/1272 317/448/1272 525/693/1272
f 317/448/885 320/454/1273 523/690/886
f 320/454/888 323/457/1274 521/692/889
f 521/692/1275 323/457/1275 326/461/1275
f 268/387/892 488/656/1276 476/645/893
f 488/656/807 482/650/806 478/647/895
f 253/367/1277 473/642/898 461/630/900
f 473/642/1278 467/635/1278 463/631/1278
f 435/605/901 422/588/1279 425/592/902
f 220/322/903 430/598/903 427/595/903
f 526/695/905 427/595/1280 424/594/906
f 526/695/907 527/696/1281 223/321/908
f 421/589/910 529/697/1282 527/696/911
f 529/697/1283 530/700/1283 528/698/1283
f 528/698/1284 537/706/1284 223/321/1284
f 419/584/1285 415/579/1285 529/697/1285
f 412/576/916 530/700/916 529/697/916
f 412/576/1286 409/572/1286 531/699/1286
f 530/700/1287 531/699/1287 533/701/1287
f 531/699/1288 532/703/1288 534/702/1288
f 409/572/1289 406/568/1289 532/703/1289
f 533/701/1290 534/702/929 536/704/931
f 533/701/1291 535/705/925 537/706/927
f 536/704/1292 233/336/1292 230/337/1292
f 535/705/1293 230/337/1293 222/323/1293
f 536/704/1294 538/707/1294 236/340/1294
f 534/702/929 540/708/932 538/707/930
f 540/708/932 541/711/951 539/709/933
f 538/707/1295 539/709/954 239/344/953
f 532/703/935 542/710/938 540/708/936
f 542/710/938 543/713/944 541/711/939
f 406/568/1296 403/564/1296 542/710/1296
f 400/560/942 543/713/944 542/710/938
f 400/560/1297 397/555/1297 544/712/1297
f 543/713/944 544/712/943 546/714/945
f 394/552/969 545/723/971 544/712/1298
f 544/712/1299 545/723/1299 547/715/1299
f 547/715/1300 549/718/1300 548/716/1300
f 541/711/951 546/714/950 548/716/949
f 548/716/1301 549/718/956 245/352/956
f 548/716/1302 242/353/1302 239/344/1302
f 550/717/1303 248/361/1303 245/352/1303
f 552/719/1304 550/717/1304 549/718/1304
f 550/717/958 551/720/1305 251/360/959
f 552/719/961 553/722/1306 551/720/962
f 554/721/964 555/724/972 553/722/965
f 545/723/1307 554/721/1307 552/719/1307
f 391/548/1308 388/544/974 555/724/976
f 394/552/1309 391/548/1309 554/721/1309
f 555/724/1310 556/726/1310 557/725/1310
f 388/544/1311 385/540/977 556/726/979
f 385/540/1312 382/536/1312 558/727/1312
f 556/726/1313 558/727/1313 560/728/1313
f 382/536/981 379/532/1314 559/729/982
f 558/727/984 559/729/1002 561/730/985
f 557/725/1315 560/728/988 562/731/990
f 560/728/988 561/730/1316 564/733/989
f 562/731/1317 257/368/1317 254/364/1317
f 562/731/992 564/733/1318 260/372/993
f 564/733/1319 565/734/999 263/381/998
f 561/730/1320 567/736/1320 565/734/1320
f 566/735/1321 266/380/1321 263/381/1321
f 567/736/1322 568/738/1106 566/735/1107
f 569/737/1323 570/739/1323 568/738/1323
f 559/729/1324 569/737/1324 567/736/1324
f 376/528/1325 373/524/1325 570/739/1325
f 376/528/1004 569/737/1006 559/729/1006
f 570/739/1008 571/741/1013 572/740/1009
f 373/524/1326 370/520/1326 571/741/1326
f 370/520/1327 367/516/1327 573/742/1327
f 571/741/1328 573/742/1328 575/743/1328
f 364/511/1037 574/744/1039 573/742/1329
f 574/744/1330 576/749/1330 575/743/1330
f 572/740/1331 575/743/1331 577/745/1331
f 575/743/1332 576/749/1332 579/747/1332
f 578/746/1333 577/745/1333 272/388/1333
f 577/745/1334 579/747/1024 275/397/1023
f 580/748/1335 278/396/1335 275/397/1335
f 576/749/1336 582/750/1029 580/748/1031
f 580/748/1026 581/751/1337 281/400/1027
f 582/750/1029 583/753/1338 581/751/1030
f 584/752/1032 585/755/1041 583/753/1033
f 584/752/1032 582/750/1034 576/749/1339
f 358/503/1340 585/755/1340 584/752/1340
f 364/511/1341 361/508/1341 584/752/1341
f 358/503/1342 355/500/1342 586/754/1342
f 585/755/1343 586/754/1343 588/756/1343
f 586/754/1043 587/758/1058 589/757/1044
f 355/500/1344 352/496/1061 587/758/1063
f 588/756/1047 589/757/1054 591/759/1048
f 583/753/1345 588/756/1047 590/760/1049
f 590/760/1346 591/759/1346 287/408/1346
f 581/751/1347 590/760/1347 284/404/1347
f 591/759/1348 592/761/1348 290/412/1348
f 589/757/1054 594/762/1349 592/761/1055
f 594/762/1350 595/768/1350 593/763/1350
f 592/761/1351 593/763/1351 293/416/1351
f 587/758/1352 596/765/1352 594/762/1352
f 597/764/1353 595/768/1353 594/762/1353
f 352/496/1354 349/492/1354 596/765/1354
f 346/488/1355 597/764/1355 596/765/1355
f 346/488/1356 343/483/1356 598/766/1356
f 597/764/1357 598/766/1357 600/767/1357
f 340/480/1084 599/769/1084 598/766/1358
f 599/769/1359 601/773/1359 600/767/1359
f 600/767/1360 601/773/1360 603/770/1360
f 595/768/1361 600/767/1361 602/771/1361
f 602/771/1362 603/770/1075 299/424/1074
f 602/771/1363 296/420/1363 293/416/1363
f 604/772/1364 302/428/1364 299/424/1364
f 601/773/1365 606/774/1365 604/772/1365
f 604/772/1366 605/775/1366 305/437/1366
f 606/774/1367 607/777/1367 605/775/1367
f 608/776/1368 609/778/1368 607/777/1368
f 608/776/1079 606/774/1081 601/773/1369
f 334/472/1370 609/778/1370 608/776/1370
f 340/480/1371 337/476/1371 608/776/1371
f 331/468/1085 610/780/1372 609/778/1086
f 609/778/1373 610/780/1373 612/779/1373
f 610/780/1374 611/782/1374 613/781/1374
f 331/468/1375 328/464/1375 611/782/1375
f 612/779/1376 613/781/1376 615/783/1376
f 607/777/1377 612/779/1377 614/784/1377
f 614/784/1378 615/783/1378 311/440/1378
f 614/784/1379 308/436/1379 305/437/1379
f 615/783/1380 316/450/1380 314/444/1380
f 613/781/1096 319/452/1381 316/450/1097
f 611/782/1099 322/455/1382 319/452/1100
f 325/459/1383 322/455/1383 611/782/1383
f 566/735/1103 578/746/1384 269/384/1104
f 568/738/1106 572/740/1017 578/746/1019
f 551/720/1111 563/732/1110 254/364/1385
f 553/722/1386 557/725/1386 563/732/1386
f 1246/787/248 1245/788/248 1272/789/248
f 826/790/1387 831/791/1388 827/792/1388
f 830/793/1389 826/790/1390 828/794/1389
f 830/793/1391 832/795/1391 829/796/1391
f 832/795/1392 831/791/1392 829/796/1392
f 833/797/1393 835/798/1393 832/795/1393
f 835/798/1394 834/799/1394 832/795/1394
f 836/800/1395 838/801/1395 835/798/1396
f 838/801/1397 837/802/1397 835/798/1398
f 838/803/1399 843/804/1400 839/805/1401
f 838/803/1402 844/806/1403 841/807/1402
f 844/806/1404 842/808/1405 841/807/1404
f 842/808/1406 843/804/1407 841/807/1407
f 846/809/1408 845/810/1408 844/806/1408
f 840/811/1409 846/809/1409 844/806/1409
f 848/812/1410 847/813/1410 846/809/1410
f 849/814/1411 848/812/1412 846/809/1411
f 852/815/1413 849/816/1413 850/817/1414
f 850/817/1415 840/818/1416 836/800/1416
f 854/819/1417 851/820/1417 852/815/1417
f 851/821/1418 856/822/1419 848/812/1418
f 1238/823/1420 853/824/1421 854/819/1421
f 853/825/1422 858/826/1423 856/822/1422
f 856/822/1424 1167/827/1424 848/812/1424
f 858/826/1425 857/828/1425 856/822/1425
f 855/829/1426 860/830/1426 858/826/1426
f 860/830/1427 859/831/1427 858/826/1427
f 861/832/1428 863/833/1428 860/830/1428
f 863/833/1429 862/834/1429 860/830/1429
f 864/835/1430 866/836/1430 863/833/1430
f 866/836/1431 865/837/1431 863/833/1431
f 870/838/1432 866/836/1432 867/839/1432
f 871/840/1433 866/836/1433 869/841/1433
f 873/842/1434 869/841/1434 870/838/1434
f 874/843/1435 869/841/1435 872/844/1435
f 876/845/1436 872/844/1436 873/842/1436
f 877/846/1437 872/844/1437 875/847/1437
f 879/848/1438 875/847/1439 876/845/1439
f 880/849/1440 875/847/1440 878/850/1440
f 882/851/1441 878/850/1442 879/848/1443
f 883/852/1444 878/850/1444 881/853/1444
f 885/854/1445 881/853/1446 882/851/1447
f 886/855/1448 881/853/1448 884/856/1448
f 888/857/1449 884/856/1449 885/854/1449
f 889/858/1450 884/856/1450 887/859/1450
f 891/860/1451 887/859/1452 888/857/1453
f 892/861/1454 887/859/1455 890/862/1455
f 891/860/1456 893/863/1457 890/862/1456
f 893/863/1458 892/861/1459 890/862/1458
f 894/864/1460 896/865/1461 893/863/1460
f 896/865/1462 895/866/1462 893/863/1462
f 897/867/1463 899/868/1464 896/865/1463
f 899/868/1465 898/869/1465 896/865/1465
f 900/870/1466 902/871/1466 899/868/1466
f 902/871/1467 901/872/1467 899/868/1467
f 904/873/1468 903/874/1468 902/871/1468
f 905/875/1469 904/873/1470 902/871/1469
f 908/876/1471 905/877/1471 906/878/1471
f 906/878/1472 900/879/1472 1196/880/1472
f 910/881/1473 907/882/1473 908/876/1473
f 907/883/1474 912/884/1475 904/873/1474
f 1187/885/1476 909/886/1476 910/881/1476
f 909/887/1477 914/888/1477 912/884/1477
f 912/884/1478 1168/889/1478 904/873/1478
f 914/888/1479 913/890/1479 912/884/1479
f 916/891/1480 915/892/1480 914/888/1480
f 911/893/1481 916/891/1481 914/888/1481
f 1169/894/1482 916/891/1482 918/895/1482
f 921/896/1483 916/891/1483 919/897/1483
f 921/898/1484 920/899/1484 922/900/1484
f 920/899/1485 911/901/1485 1187/885/1485
f 923/902/1486 922/900/1486 924/903/1486
f 923/904/1487 918/895/1487 921/896/1488
f 925/905/1489 924/903/1489 1178/906/1489
f 925/907/1490 926/908/1490 923/904/1490
f 927/909/1491 918/895/1491 926/908/1492
f 929/910/1493 926/908/1493 928/911/1493
f 931/912/1494 928/911/1494 930/913/1495
f 933/914/1496 928/911/1496 925/907/1496
f 941/915/1497 930/913/1497 932/916/1497
f 935/917/1498 930/913/1498 933/914/1499
f 935/918/1500 934/919/1501 936/920/1500
f 933/921/1502 1178/906/1502 934/919/1502
f 937/922/1503 936/920/1504 938/923/1503
f 937/924/1505 932/916/1506 935/917/1506
f 839/925/1507 938/923/1508 837/802/1507
f 839/805/1509 939/926/1509 937/924/1509
f 940/927/1510 932/916/1510 939/926/1510
f 942/928/1511 939/926/1511 843/804/1511
f 943/929/1512 941/915/1513 940/927/1512
f 946/930/1514 940/927/1514 942/928/1514
f 943/931/1515 1112/932/1515 945/933/1515
f 946/934/1516 944/935/1516 943/931/1516
f 948/936/1517 947/937/1517 946/934/1517
f 948/938/1518 942/928/1519 842/808/1518
f 951/939/1520 948/936/1520 949/940/1520
f 948/938/1521 845/810/1522 949/941/1523
f 954/942/1524 950/943/1525 951/939/1525
f 950/943/1526 953/944/1527 947/937/1526
f 952/945/1528 957/946/1528 953/944/1528
f 958/947/1529 952/945/1529 954/942/1529
f 959/948/1530 955/949/1531 958/947/1530
f 955/949/1532 1048/950/1533 957/946/1533
f 960/951/1534 954/942/1534 961/952/1534
f 962/953/1535 958/947/1535 960/951/1535
f 963/954/1536 961/952/1536 964/955/1536
f 965/956/1537 960/951/1537 963/954/1537
f 966/957/1538 964/955/1538 967/958/1538
f 968/959/1539 963/954/1539 966/957/1539
f 969/960/1540 967/958/1540 970/961/1540
f 971/962/1541 966/957/1542 969/960/1541
f 972/963/1543 970/961/1543 973/964/1543
f 974/965/1544 969/960/1544 972/963/1545
f 975/966/1546 973/964/1547 976/967/1547
f 977/968/1548 972/963/1548 975/966/1548
f 978/969/1549 976/967/1549 979/970/1549
f 980/971/1550 975/966/1550 978/969/1550
f 982/972/1551 978/969/1551 979/970/1551
f 981/973/1552 980/971/1552 978/969/1552
f 985/974/1553 981/973/1554 982/972/1553
f 984/975/1555 983/976/1555 981/973/1555
f 988/977/1556 984/975/1556 985/974/1556
f 987/978/1557 986/979/1557 984/975/1558
f 991/980/1559 987/978/1559 988/977/1559
f 990/981/1560 989/982/1561 987/978/1561
f 994/983/1562 990/981/1562 991/980/1562
f 993/984/1563 992/985/1563 990/981/1563
f 997/986/1564 993/984/1564 994/983/1564
f 996/987/1565 995/988/1565 993/984/1565
f 1000/989/1566 996/987/1566 997/986/1566
f 999/990/1567 998/991/1567 996/987/1567
f 1003/992/1568 999/990/1568 1000/989/1568
f 1002/993/1569 1001/994/1570 999/990/1570
f 1005/995/1571 1003/992/1571 1006/996/1571
f 1007/997/1572 1002/993/1573 1005/995/1572
f 1008/998/1574 1006/996/1574 1009/999/1574
f 1010/1000/1575 1005/995/1575 1008/998/1575
f 1011/1001/1576 1009/999/1576 1012/1002/1576
f 1013/1003/1577 1008/998/1577 1011/1001/1577
f 1014/1004/1578 1012/1002/1578 1015/1005/1578
f 1016/1006/1579 1011/1001/1579 1014/1004/1579
f 1017/1007/1580 1015/1005/1580 1018/1008/1580
f 1019/1009/1581 1014/1004/1581 1017/1007/1581
f 1020/1010/1582 1018/1008/1582 1021/1011/1582
f 1022/1012/1583 1017/1007/1583 1020/1010/1583
f 1023/1013/1584 1021/1011/1584 1024/1014/1584
f 1025/1015/1585 1020/1010/1585 1023/1013/1585
f 1026/1016/1586 1024/1014/1586 1027/1017/1586
f 1028/1018/1587 1023/1013/1587 1026/1016/1588
f 1030/1019/1589 1026/1016/1589 1027/1017/1589
f 1029/1020/1590 1028/1018/1590 1026/1016/1591
f 1033/1021/1592 1029/1020/1592 1030/1019/1592
f 1032/1022/1593 1031/1023/1593 1029/1020/1593
f 1036/1024/1594 1032/1022/1594 1033/1021/1594
f 1035/1025/1595 1034/1026/1595 1032/1022/1595
f 1039/1027/1596 1035/1025/1596 1036/1024/1596
f 1038/1028/1597 1037/1029/1597 1035/1025/1597
f 1042/1030/1598 1038/1028/1598 1039/1027/1598
f 1041/1031/1599 1040/1032/1599 1038/1028/1600
f 1045/1033/1601 1041/1031/1601 1042/1030/1601
f 1044/1034/1602 1043/1035/1602 1041/1031/1603
f 953/944/1604 1044/1034/1604 1045/1033/1604
f 957/946/1605 1046/1036/1605 1044/1034/1605
f 1047/1037/1606 1043/1035/1606 1046/1036/1606
f 1049/1038/1607 1046/1036/1607 1048/950/1608
f 1051/1039/1609 1048/950/1609 956/1040/1609
f 1052/1041/1610 1049/1038/1610 1051/1039/1611
f 1050/1042/1612 1047/1037/1612 1049/1038/1612
f 1053/1043/1613 1052/1041/1614 1051/1039/1614
f 959/948/1615 1051/1039/1615 956/1040/1615
f 962/953/1616 1053/1043/1616 959/948/1617
f 1055/1044/1618 1054/1045/1618 1053/1043/1618
f 965/956/1619 1055/1044/1619 962/953/1619
f 1057/1046/1620 1056/1047/1620 1055/1044/1620
f 968/959/1621 1057/1046/1621 965/956/1622
f 1059/1048/1623 1058/1049/1623 1057/1046/1623
f 971/962/1624 1059/1048/1624 968/959/1625
f 1061/1050/1626 1060/1051/1626 1059/1048/1626
f 974/965/1627 1061/1050/1627 971/962/1627
f 1063/1052/1628 1062/1053/1629 1061/1050/1629
f 977/968/1630 1063/1052/1630 974/965/1631
f 1065/1054/1632 1064/1055/1632 1063/1052/1632
f 980/971/1633 1065/1054/1633 977/968/1633
f 1067/1056/1634 1066/1057/1634 1065/1054/1634
f 1069/1058/1635 980/971/1635 983/976/1635
f 1070/1059/1636 1067/1056/1636 1069/1058/1637
f 1071/1060/1638 983/976/1638 986/979/1639
f 1072/1061/1640 1069/1058/1640 1071/1060/1641
f 1073/1062/1642 986/979/1642 989/982/1642
f 1074/1063/1643 1071/1060/1644 1073/1062/1643
f 1075/1064/1645 989/982/1646 992/985/1645
f 1076/1065/1647 1073/1062/1647 1075/1064/1647
f 1077/1066/1648 992/985/1648 995/988/1648
f 1078/1067/1649 1075/1064/1649 1077/1066/1649
f 1079/1068/1650 995/988/1650 998/991/1650
f 1080/1069/1651 1077/1066/1651 1079/1068/1651
f 1081/1070/1652 998/991/1653 1001/994/1652
f 1082/1071/1654 1079/1068/1654 1081/1070/1654
f 1083/1072/1655 1001/994/1655 1004/1073/1655
f 1084/1074/1656 1081/1070/1656 1083/1072/1656
f 1007/997/1657 1083/1072/1657 1004/1073/1657
f 1085/1075/1658 1084/1074/1658 1083/1072/1659
f 1010/1000/1660 1085/1075/1660 1007/997/1661
f 1087/1076/1662 1086/1077/1662 1085/1075/1662
f 1013/1003/1663 1087/1076/1663 1010/1000/1663
f 1089/1078/1664 1088/1079/1664 1087/1076/1665
f 1016/1006/1666 1089/1078/1666 1013/1003/1666
f 1091/1080/1667 1090/1081/1668 1089/1078/1668
f 1019/1009/1669 1091/1080/1669 1016/1006/1670
f 1093/1082/1671 1092/1083/1671 1091/1080/1671
f 1022/1012/1672 1093/1082/1672 1019/1009/1672
f 1095/1084/1673 1094/1085/1673 1093/1082/1673
f 1025/1015/1674 1095/1084/1674 1022/1012/1674
f 1097/1086/1675 1096/1087/1675 1095/1084/1675
f 1028/1018/1676 1097/1086/1676 1025/1015/1677
f 1099/1088/1678 1098/1089/1678 1097/1086/1678
f 1101/1090/1679 1028/1018/1680 1031/1023/1679
f 1102/1091/1681 1099/1088/1681 1101/1090/1681
f 1103/1092/1682 1031/1023/1682 1034/1026/1682
f 1104/1093/1683 1101/1090/1684 1103/1092/1683
f 1105/1094/1685 1034/1026/1685 1037/1029/1685
f 1106/1095/1686 1103/1092/1686 1105/1094/1686
f 1107/1096/1687 1037/1029/1687 1040/1032/1687
f 1108/1097/1688 1105/1094/1688 1107/1096/1688
f 1109/1098/1689 1040/1032/1689 1043/1035/1690
f 1110/1099/1691 1107/1096/1691 1109/1098/1692
f 1111/1100/1693 1109/1098/1693 1047/1037/1694
f 1108/1101/352 1110/1102/352 1060/1103/352
f 947/937/1695 1045/1033/1695 944/935/1696
f 944/935/1697 1042/1030/1697 1112/932/1697
f 1112/932/1698 1039/1027/1698 1113/1104/1698
f 945/933/1699 1113/1104/1700 1114/1105/1701
f 1114/1105/1702 1115/1106/1703 1116/1107/1702
f 1113/1104/1704 1036/1024/1704 1115/1106/1704
f 1116/1107/1705 1117/1108/1705 1118/1109/1705
f 1115/1106/1706 1033/1021/1706 1117/1108/1706
f 1118/1109/1707 1119/1110/1707 1120/1111/1707
f 1117/1108/1708 1030/1019/1708 1119/1110/1709
f 1120/1111/1710 1121/1112/1710 1122/1113/1710
f 1119/1110/1711 1027/1017/1712 1121/1112/1711
f 1121/1112/1713 1124/1114/1713 1122/1113/1713
f 1027/1017/1714 1123/1115/1715 1121/1112/1715
f 1123/1115/1716 1126/1116/1716 1124/1114/1716
f 1024/1014/1717 1125/1117/1717 1123/1115/1718
f 1125/1117/1719 1128/1118/1719 1126/1116/1719
f 1021/1011/1720 1127/1119/1720 1125/1117/1720
f 1127/1119/1721 1130/1120/1722 1128/1118/1722
f 1018/1008/1723 1129/1121/1723 1127/1119/1723
f 1129/1121/1724 1132/1122/1725 1130/1120/1725
f 1015/1005/1726 1131/1123/1726 1129/1121/1726
f 1131/1123/1727 1134/1124/1727 1132/1122/1727
f 1012/1002/1728 1133/1125/1728 1131/1123/1728
f 1133/1125/1729 1136/1126/1729 1134/1124/1729
f 1009/999/1730 1135/1127/1730 1133/1125/1731
f 1135/1127/1732 1138/1128/1732 1136/1126/1732
f 1006/996/1733 1137/1129/1734 1135/1127/1734
f 1138/1128/1735 1139/1130/1735 1140/1131/1735
f 1137/1129/1736 1000/989/1737 1139/1130/1736
f 1140/1131/1738 1141/1132/1738 1142/1133/1738
f 1139/1130/1739 997/986/1739 1141/1132/1740
f 1142/1133/1741 1143/1134/1742 1144/1135/1743
f 1141/1132/1744 994/983/1744 1143/1134/1744
f 1144/1135/1745 1145/1136/1745 1146/1137/1745
f 1143/1134/1746 991/980/1746 1145/1136/1746
f 1146/1137/1747 1147/1138/1747 1148/1139/1747
f 1145/1136/1748 988/977/1748 1147/1138/1748
f 1148/1139/1749 1149/1140/1749 1150/1141/1749
f 1147/1138/1750 985/974/1750 1149/1140/1750
f 1150/1141/1751 1151/1142/1751 1152/1143/1751
f 1149/1140/1752 982/972/1752 1151/1142/1753
f 1152/1143/1754 1153/1144/1754 1154/1145/1754
f 1151/1142/1755 979/970/1755 1153/1144/1755
f 1153/1144/1756 1156/1146/1756 1154/1145/1756
f 979/970/1757 1155/1147/1757 1153/1144/1757
f 1155/1147/1758 1158/1148/1758 1156/1146/1758
f 976/967/1759 1157/1149/1759 1155/1147/1760
f 1157/1149/1761 1160/1150/1761 1158/1148/1761
f 973/964/1762 1159/1151/1762 1157/1149/1762
f 1159/1151/1763 1162/1152/1763 1160/1150/1763
f 970/961/1764 1161/1153/1764 1159/1151/1764
f 1161/1153/1765 1164/1154/1765 1162/1152/1765
f 967/958/1766 1163/1155/1766 1161/1153/1766
f 1163/1155/1767 1166/1156/1767 1164/1154/1767
f 964/955/1768 1165/1157/1768 1163/1155/1768
f 1165/1157/1769 949/940/1769 1166/1156/1769
f 961/952/1770 951/939/1770 1165/1157/1771
f 949/941/1772 847/813/1773 1166/1158/1773
f 1166/1158/1774 1167/827/1775 1164/1159/1775
f 1164/1159/1776 857/828/1777 1162/1160/1778
f 1162/1160/1779 859/831/1780 1160/1161/1781
f 1160/1161/1782 862/834/1783 1158/1162/1783
f 1158/1162/1784 865/837/1785 1156/1163/1785
f 1156/1163/1786 868/1164/1787 1154/1165/1788
f 1152/1166/1789 868/1164/1790 871/840/1789
f 1150/1167/1791 871/840/1792 874/843/1791
f 1148/1168/1793 874/843/1794 877/846/1793
f 1146/1169/1795 877/846/1796 880/849/1795
f 1144/1170/1797 880/849/1798 883/852/1797
f 1142/1171/1799 883/852/1800 886/855/1801
f 1140/1172/1802 886/855/1803 889/858/1802
f 1138/1173/1804 889/858/1805 892/861/1804
f 1138/1173/1806 895/866/1807 1136/1174/1807
f 1136/1174/1808 898/869/1808 1134/1175/1808
f 1134/1175/1809 901/872/1810 1132/1176/1810
f 1132/1176/1811 903/874/1812 1130/1177/1813
f 1130/1177/1814 1168/889/1815 1128/1178/1816
f 1128/1178/1817 913/890/1818 1126/1179/1818
f 1126/1179/1819 915/892/1819 1124/1180/1819
f 1124/1180/1820 917/1181/1820 1122/1182/1820
f 1120/1183/1821 917/1181/1821 1169/894/1821
f 1118/1184/1822 1169/894/1822 927/909/1822
f 1116/1185/1823 927/909/1824 929/910/1823
f 1114/1186/1825 929/910/1826 931/912/1825
f 945/1187/1827 931/912/1828 941/915/1827
f 938/923/1829 1172/1188/1829 1170/1189/1829
f 837/802/1830 1170/1189/1830 834/799/1830
f 1170/1189/1831 1173/1190/1831 1171/1191/1831
f 834/799/1832 1171/1191/1832 831/791/1832
f 1172/1188/1833 1175/1192/1833 1173/1190/1833
f 936/920/1834 1174/1193/1834 1172/1188/1834
f 1174/1193/1835 1177/1194/1835 1175/1192/1836
f 934/919/1837 1176/1195/1837 1174/1193/1837
f 1176/1195/1838 1180/1196/1838 1177/1194/1838
f 1178/906/1839 1179/1197/1839 1176/1195/1839
f 1179/1197/1840 1182/1198/1840 1180/1196/1840
f 924/903/1841 1181/1199/1841 1179/1197/1841
f 1181/1199/1842 1184/1200/1842 1182/1198/1842
f 922/900/1843 1183/1201/1843 1181/1199/1843
f 1184/1200/1844 1185/1202/1844 1186/1203/1844
f 1183/1201/1845 1187/885/1845 1185/1202/1845
f 1186/1203/1846 1188/1204/1846 1189/1205/1846
f 1185/1202/1847 910/881/1847 1188/1204/1847
f 1189/1205/1848 1190/1206/1848 1191/1207/1848
f 1188/1204/1849 908/876/1849 1190/1206/1849
f 1191/1207/1850 1192/1208/1850 1193/1209/1850
f 1190/1206/1851 906/878/1851 1192/1208/1851
f 1193/1209/1852 1194/1210/1852 1195/1211/1852
f 1192/1208/1853 1196/880/1854 1194/1210/1853
f 1195/1211/1855 1197/1212/1855 1198/1213/1855
f 1194/1210/1856 1199/1214/1856 1197/1212/1856
f 1198/1213/1857 1200/1215/1857 1201/1216/1857
f 1197/1212/1858 1202/1217/1858 1200/1215/1858
f 1201/1216/1859 1203/1218/1859 1204/1219/1859
f 1200/1215/1860 1205/1220/1860 1203/1218/1860
f 1203/1218/1861 1207/1221/1861 1204/1219/1861
f 1205/1220/1862 1206/1222/1862 1203/1218/1862
f 1206/1222/1863 1210/1223/1863 1207/1221/1863
f 1208/1224/1864 1209/1225/1864 1206/1222/1864
f 1209/1225/1865 1213/1226/1865 1210/1223/1865
f 1211/1227/1866 1212/1228/1866 1209/1225/1866
f 1212/1228/1867 1216/1229/1867 1213/1226/1868
f 1214/1230/1869 1215/1231/1869 1212/1228/1869
f 1215/1231/1870 1219/1232/1870 1216/1229/1870
f 1217/1233/1871 1218/1234/1871 1215/1231/1871
f 1218/1234/1872 1222/1235/1872 1219/1232/1872
f 1220/1236/1873 1221/1237/1873 1218/1234/1873
f 1221/1237/1874 1225/1238/1874 1222/1235/1874
f 1223/1239/1875 1224/1240/1875 1221/1237/1875
f 1224/1240/1876 1228/1241/1876 1225/1238/1876
f 1226/1242/1877 1227/1243/1877 1224/1240/1877
f 1228/1241/1878 1230/1244/1878 1231/1245/1878
f 1227/1243/1879 1232/1246/1879 1230/1244/1879
f 1231/1245/1880 1233/1247/1880 1234/1248/1880
f 1230/1244/1881 1235/1249/1881 1233/1247/1881
f 1234/1248/1882 1236/1250/1882 1237/1251/1882
f 1233/1247/1883 1238/823/1883 1236/1250/1883
f 1237/1251/1884 1239/1252/1884 1240/1253/1884
f 1236/1250/1885 854/819/1885 1239/1252/1885
f 1240/1253/1886 1241/1254/1886 1242/1255/1886
f 1239/1252/1887 852/815/1887 1241/1254/1887
f 1242/1255/1888 1243/1256/1888 1244/1257/1888
f 1241/1254/1889 850/817/1889 1243/1256/1889
f 1244/1257/1890 833/797/1890 830/793/1890
f 1243/1256/1891 836/800/1891 833/797/1891
f 1244/1257/1892 828/794/1893 1245/788/1892
f 1242/1255/1894 1245/788/1894 1246/787/1895
f 1240/1253/1896 1246/787/1896 1247/1258/1896
f 1237/1251/1897 1247/1258/1897 1248/1259/1897
f 1234/1248/1898 1248/1259/1898 1249/1260/1898
f 1231/1245/1899 1249/1260/1900 1250/1261/1899
f 1228/1241/1901 1250/1261/1902 1251/1262/1901
f 1252/1263/1903 1228/1241/1904 1251/1262/1904
f 1253/1264/1905 1225/1238/1906 1252/1263/1906
f 1254/1265/1907 1222/1235/1908 1253/1264/1908
f 1255/1266/1909 1219/1232/1909 1254/1265/1909
f 1256/1267/1910 1216/1229/1910 1255/1266/1910
f 1257/1268/1911 1213/1226/1911 1256/1267/1911
f 1258/1269/1912 1210/1223/1913 1257/1268/1913
f 1259/1270/1914 1207/1221/1915 1258/1269/1915
f 1201/1216/1916 1259/1270/1917 1260/1271/1916
f 1198/1213/1918 1260/1271/1919 1261/1272/1918
f 1195/1211/1920 1261/1272/1920 1262/1273/1920
f 1193/1209/1921 1262/1273/1921 1263/1274/1921
f 1191/1207/1922 1263/1274/1922 1264/1275/1922
f 1189/1205/1923 1264/1275/1923 1265/1276/1923
f 1186/1203/1924 1265/1276/1925 1266/1277/1924
f 1184/1200/1926 1266/1277/1926 1267/1278/1927
f 1268/1279/1928 1184/1200/1928 1267/1278/1929
f 1269/1280/1930 1182/1198/1930 1268/1279/1931
f 1270/1281/1932 1180/1196/1933 1269/1280/1933
f 1271/1282/1934 1177/1194/1934 1270/1281/1934
f 1272/789/1935 1175/1192/1935 1271/1282/1935
f 1273/1283/1936 1173/1190/1936 1272/789/1936
f 827/792/1937 1171/1191/1937 1273/1283/1937
f 1235/1249/1938 855/1284/1938 1238/823/1938
f 1232/1246/1939 861/1285/1939 1235/1249/1940
f 1229/1286/1941 864/1287/1941 1232/1246/1941
f 870/1288/1942 1229/1286/1942 1226/1242/1942
f 873/1289/1943 1226/1242/1943 1223/1239/1944
f 876/1290/1945 1223/1239/1945 1220/1236/1945
f 879/1291/1946 1220/1236/1947 1217/1233/1946
f 882/1292/1948 1217/1233/1948 1214/1230/1948
f 885/1293/1949 1214/1230/1950 1211/1227/1949
f 888/1294/1951 1211/1227/1952 1208/1224/1951
f 891/1295/1953 1208/1224/1953 1205/1220/1954
f 1202/1217/1955 891/1295/1955 1205/1220/1956
f 1199/1214/1957 894/1296/1958 1202/1217/1958
f 1196/880/1959 897/1297/1959 1199/1214/1960
f 828/794/248 826/790/248 827/792/248
f 827/792/248 1273/1283/248 828/794/248
f 1273/1283/248 1272/789/248 1245/788/248
f 828/794/248 1273/1283/248 1245/788/248
f 1272/789/248 1271/1282/248 1247/1258/248
f 1271/1282/248 1270/1281/248 1248/1259/248
f 1270/1281/248 1269/1280/248 1248/1259/248
f 1269/1280/248 1268/1279/248 1249/1260/248
f 1248/1259/248 1269/1280/248 1249/1260/248
f 1268/1279/248 1267/1278/248 1251/1262/248
f 1267/1278/248 1266/1277/248 1252/1263/248
f 1266/1277/248 1265/1276/248 1252/1263/248
f 1265/1276/248 1264/1275/248 1253/1264/248
f 1252/1263/248 1265/1276/248 1253/1264/248
f 1264/1275/248 1263/1274/248 1255/1266/248
f 1263/1274/248 1262/1273/248 1256/1267/248
f 1262/1273/248 1261/1272/248 1256/1267/248
f 1261/1272/248 1260/1271/248 1257/1268/248
f 1256/1267/248 1261/1272/248 1257/1268/248
f 1260/1271/248 1259/1270/248 1258/1269/248
f 1258/1269/248 1257/1268/248 1260/1271/248
f 1256/1267/248 1255/1266/248 1263/1274/248
f 1255/1266/248 1254/1265/248 1264/1275/248
f 1254/1265/248 1253/1264/248 1264/1275/248
f 1252/1263/248 1251/1262/248 1267/1278/248
f 1251/1262/248 1250/1261/248 1268/1279/248
f 1250/1261/248 1249/1260/248 1268/1279/248
f 1248/1259/248 1247/1258/248 1271/1282/248
f 1247/1258/248 1246/787/248 1272/789/248
f 826/790/1387 829/796/1961 831/791/1388
f 830/793/1389 829/796/1962 826/790/1390
f 830/793/1391 833/797/1391 832/795/1391
f 832/795/1392 834/799/1392 831/791/1392
f 833/797/1393 836/800/1393 835/798/1393
f 835/798/1394 837/802/1394 834/799/1394
f 836/800/1395 840/818/1395 838/801/1395
f 838/801/1397 839/925/1397 837/802/1397
f 838/803/1399 841/807/1399 843/804/1400
f 838/803/1402 840/811/1963 844/806/1403
f 844/806/1404 845/810/1405 842/808/1405
f 842/808/1406 942/928/1406 843/804/1407
f 846/809/1408 847/813/1408 845/810/1408
f 840/811/1409 849/814/1409 846/809/1409
f 848/812/1410 1167/827/1410 847/813/1410
f 849/814/1411 851/821/1964 848/812/1412
f 852/815/1413 851/820/1413 849/816/1413
f 850/817/1415 849/816/1965 840/818/1416
f 854/819/1417 853/824/1417 851/820/1417
f 851/821/1418 853/825/1966 856/822/1419
f 1238/823/1420 855/1284/1420 853/824/1421
f 853/825/1422 855/829/1423 858/826/1423
f 856/822/1424 857/828/1424 1167/827/1424
f 858/826/1425 859/831/1425 857/828/1425
f 855/829/1426 861/832/1426 860/830/1426
f 860/830/1427 862/834/1427 859/831/1427
f 861/832/1428 864/835/1428 863/833/1428
f 863/833/1429 865/837/1429 862/834/1429
f 864/835/1430 867/839/1430 866/836/1430
f 866/836/1431 868/1164/1431 865/837/1431
f 870/838/1432 869/841/1432 866/836/1432
f 871/840/1433 868/1164/1433 866/836/1433
f 873/842/1434 872/844/1434 869/841/1434
f 874/843/1435 871/840/1435 869/841/1435
f 876/845/1436 875/847/1436 872/844/1436
f 877/846/1437 874/843/1437 872/844/1437
f 879/848/1438 878/850/1438 875/847/1439
f 880/849/1440 877/846/1440 875/847/1440
f 882/851/1441 881/853/1441 878/850/1442
f 883/852/1444 880/849/1444 878/850/1444
f 885/854/1445 884/856/1445 881/853/1446
f 886/855/1448 883/852/1448 881/853/1448
f 888/857/1449 887/859/1449 884/856/1449
f 889/858/1450 886/855/1450 884/856/1450
f 891/860/1451 890/862/1451 887/859/1452
f 892/861/1454 889/858/1454 887/859/1455
f 891/860/1456 894/864/1967 893/863/1457
f 893/863/1458 895/866/1459 892/861/1459
f 894/864/1460 897/867/1461 896/865/1461
f 896/865/1462 898/869/1462 895/866/1462
f 897/867/1463 900/870/1464 899/868/1464
f 899/868/1465 901/872/1465 898/869/1465
f 900/870/1466 905/875/1466 902/871/1466
f 902/871/1467 903/874/1467 901/872/1467
f 904/873/1468 1168/889/1468 903/874/1468
f 905/875/1469 907/883/1470 904/873/1470
f 908/876/1471 907/882/1471 905/877/1471
f 906/878/1472 905/877/1472 900/879/1472
f 910/881/1473 909/886/1473 907/882/1473
f 907/883/1474 909/887/1475 912/884/1475
f 1187/885/1476 911/901/1476 909/886/1476
f 909/887/1477 911/893/1477 914/888/1477
f 912/884/1478 913/890/1478 1168/889/1478
f 914/888/1479 915/892/1479 913/890/1479
f 916/891/1480 917/1181/1480 915/892/1480
f 911/893/1481 919/897/1481 916/891/1481
f 1169/894/1482 917/1181/1482 916/891/1482
f 921/896/1483 918/895/1483 916/891/1483
f 921/898/1484 919/1298/1484 920/899/1484
f 920/899/1485 919/1298/1485 911/901/1485
f 923/902/1486 921/898/1486 922/900/1486
f 923/904/1487 926/908/1487 918/895/1487
f 925/905/1489 923/902/1489 924/903/1489
f 925/907/1490 928/911/1490 926/908/1490
f 927/909/1491 1169/894/1491 918/895/1491
f 929/910/1493 927/909/1968 926/908/1493
f 931/912/1494 929/910/1494 928/911/1494
f 933/914/1496 930/913/1969 928/911/1496
f 941/915/1497 931/912/1497 930/913/1497
f 935/917/1498 932/916/1498 930/913/1498
f 935/918/1500 933/921/1501 934/919/1501
f 933/921/1502 925/905/1502 1178/906/1502
f 937/922/1503 935/918/1504 936/920/1504
f 937/924/1505 939/926/1505 932/916/1506
f 839/925/1507 937/922/1970 938/923/1508
f 839/805/1509 843/804/1509 939/926/1509
f 940/927/1510 941/915/1510 932/916/1510
f 942/928/1511 940/927/1511 939/926/1511
f 943/929/1512 945/1187/1513 941/915/1513
f 946/930/1514 943/929/1514 940/927/1514
f 943/931/1515 944/935/1515 1112/932/1515
f 946/934/1516 947/937/1516 944/935/1516
f 948/936/1517 950/943/1517 947/937/1517
f 948/938/1518 946/930/1519 942/928/1519
f 951/939/1520 950/943/1520 948/936/1520
f 948/938/1521 842/808/1521 845/810/1522
f 954/942/1524 952/945/1524 950/943/1525
f 950/943/1526 952/945/1527 953/944/1527
f 952/945/1528 955/949/1528 957/946/1528
f 958/947/1529 955/949/1529 952/945/1529
f 959/948/1530 956/1040/1531 955/949/1531
f 955/949/1532 956/1040/1532 1048/950/1533
f 960/951/1534 958/947/1534 954/942/1534
f 962/953/1535 959/948/1535 958/947/1535
f 963/954/1536 960/951/1536 961/952/1536
f 965/956/1537 962/953/1971 960/951/1537
f 966/957/1538 963/954/1538 964/955/1538
f 968/959/1539 965/956/1539 963/954/1539
f 969/960/1540 966/957/1540 967/958/1540
f 971/962/1541 968/959/1542 966/957/1542
f 972/963/1543 969/960/1543 970/961/1543
f 974/965/1544 971/962/1972 969/960/1544
f 975/966/1546 972/963/1546 973/964/1547
f 977/968/1548 974/965/1548 972/963/1548
f 978/969/1549 975/966/1549 976/967/1549
f 980/971/1550 977/968/1550 975/966/1550
f 982/972/1551 981/973/1551 978/969/1551
f 981/973/1552 983/976/1552 980/971/1552
f 985/974/1553 984/975/1554 981/973/1554
f 984/975/1555 986/979/1555 983/976/1555
f 988/977/1556 987/978/1556 984/975/1556
f 987/978/1557 989/982/1973 986/979/1557
f 991/980/1559 990/981/1559 987/978/1559
f 990/981/1560 992/985/1560 989/982/1561
f 994/983/1562 993/984/1562 990/981/1562
f 993/984/1563 995/988/1974 992/985/1563
f 997/986/1564 996/987/1564 993/984/1564
f 996/987/1565 998/991/1565 995/988/1565
f 1000/989/1566 999/990/1566 996/987/1566
f 999/990/1567 1001/994/1567 998/991/1567
f 1003/992/1568 1002/993/1568 999/990/1568
f 1002/993/1569 1004/1073/1569 1001/994/1570
f 1005/995/1571 1002/993/1571 1003/992/1571
f 1007/997/1572 1004/1073/1573 1002/993/1573
f 1008/998/1574 1005/995/1574 1006/996/1574
f 1010/1000/1575 1007/997/1575 1005/995/1575
f 1011/1001/1576 1008/998/1576 1009/999/1576
f 1013/1003/1577 1010/1000/1577 1008/998/1577
f 1014/1004/1578 1011/1001/1578 1012/1002/1578
f 1016/1006/1579 1013/1003/1975 1011/1001/1579
f 1017/1007/1580 1014/1004/1580 1015/1005/1580
f 1019/1009/1581 1016/1006/1581 1014/1004/1581
f 1020/1010/1582 1017/1007/1582 1018/1008/1582
f 1022/1012/1583 1019/1009/1583 1017/1007/1583
f 1023/1013/1584 1020/1010/1584 1021/1011/1584
f 1025/1015/1585 1022/1012/1585 1020/1010/1585
f 1026/1016/1586 1023/1013/1586 1024/1014/1586
f 1028/1018/1587 1025/1015/1587 1023/1013/1587
f 1030/1019/1589 1029/1020/1589 1026/1016/1589
f 1029/1020/1590 1031/1023/1590 1028/1018/1590
f 1033/1021/1592 1032/1022/1592 1029/1020/1592
f 1032/1022/1593 1034/1026/1593 1031/1023/1593
f 1036/1024/1594 1035/1025/1594 1032/1022/1594
f 1035/1025/1595 1037/1029/1595 1034/1026/1595
f 1039/1027/1596 1038/1028/1596 1035/1025/1596
f 1038/1028/1597 1040/1032/1976 1037/1029/1597
f 1042/1030/1598 1041/1031/1598 1038/1028/1598
f 1041/1031/1599 1043/1035/1599 1040/1032/1599
f 1045/1033/1601 1044/1034/1601 1041/1031/1601
f 1044/1034/1602 1046/1036/1602 1043/1035/1602
f 953/944/1604 957/946/1604 1044/1034/1604
f 957/946/1605 1048/950/1605 1046/1036/1605
f 1047/1037/1606 1109/1098/1606 1043/1035/1606
f 1049/1038/1607 1047/1037/1607 1046/1036/1607
f 1051/1039/1609 1049/1038/1609 1048/950/1609
f 1052/1041/1610 1050/1042/1610 1049/1038/1610
f 1050/1042/1612 1111/1100/1612 1047/1037/1612
f 1053/1043/1613 1054/1045/1613 1052/1041/1614
f 959/948/1615 1053/1043/1615 1051/1039/1615
f 962/953/1616 1055/1044/1616 1053/1043/1616
f 1055/1044/1618 1056/1047/1618 1054/1045/1618
f 965/956/1619 1057/1046/1619 1055/1044/1619
f 1057/1046/1620 1058/1049/1977 1056/1047/1620
f 968/959/1621 1059/1048/1621 1057/1046/1621
f 1059/1048/1623 1060/1051/1623 1058/1049/1623
f 971/962/1624 1061/1050/1624 1059/1048/1624
f 1061/1050/1626 1062/1053/1626 1060/1051/1626
f 974/965/1627 1063/1052/1627 1061/1050/1627
f 1063/1052/1628 1064/1055/1628 1062/1053/1629
f 977/968/1630 1065/1054/1630 1063/1052/1630
f 1065/1054/1632 1066/1057/1632 1064/1055/1632
f 980/971/1633 1067/1056/1978 1065/1054/1633
f 1067/1056/1634 1068/1299/1979 1066/1057/1634
f 1069/1058/1635 1067/1056/1980 980/971/1635
f 1070/1059/1636 1068/1299/1636 1067/1056/1636
f 1071/1060/1638 1069/1058/1638 983/976/1638
f 1072/1061/1640 1070/1059/1640 1069/1058/1640
f 1073/1062/1642 1071/1060/1642 986/979/1642
f 1074/1063/1643 1072/1061/1644 1071/1060/1644
f 1075/1064/1645 1073/1062/1646 989/982/1646
f 1076/1065/1647 1074/1063/1647 1073/1062/1647
f 1077/1066/1648 1075/1064/1648 992/985/1648
f 1078/1067/1649 1076/1065/1649 1075/1064/1649
f 1079/1068/1650 1077/1066/1650 995/988/1650
f 1080/1069/1651 1078/1067/1651 1077/1066/1651
f 1081/1070/1652 1079/1068/1981 998/991/1653
f 1082/1071/1654 1080/1069/1654 1079/1068/1654
f 1083/1072/1655 1081/1070/1655 1001/994/1655
f 1084/1074/1656 1082/1071/1656 1081/1070/1656
f 1007/997/1657 1085/1075/1657 1083/1072/1657
f 1085/1075/1658 1086/1077/1658 1084/1074/1658
f 1010/1000/1660 1087/1076/1660 1085/1075/1660
f 1087/1076/1662 1088/1079/1662 1086/1077/1662
f 1013/1003/1663 1089/1078/1663 1087/1076/1663
f 1089/1078/1664 1090/1081/1664 1088/1079/1664
f 1016/1006/1666 1091/1080/1666 1089/1078/1666
f 1091/1080/1667 1092/1083/1667 1090/1081/1668
f 1019/1009/1669 1093/1082/1669 1091/1080/1669
f 1093/1082/1671 1094/1085/1671 1092/1083/1671
f 1022/1012/1672 1095/1084/1672 1093/1082/1672
f 1095/1084/1673 1096/1087/1673 1094/1085/1673
f 1025/1015/1674 1097/1086/1982 1095/1084/1674
f 1097/1086/1675 1098/1089/1983 1096/1087/1675
f 1028/1018/1676 1099/1088/1676 1097/1086/1676
f 1099/1088/1678 1100/1300/1678 1098/1089/1678
f 1101/1090/1679 1099/1088/1680 1028/1018/1680
f 1102/1091/1681 1100/1300/1984 1099/1088/1681
f 1103/1092/1682 1101/1090/1985 1031/1023/1682
f 1104/1093/1683 1102/1091/1986 1101/1090/1684
f 1105/1094/1685 1103/1092/1685 1034/1026/1685
f 1106/1095/1686 1104/1093/1686 1103/1092/1686
f 1107/1096/1687 1105/1094/1687 1037/1029/1687
f 1108/1097/1688 1106/1095/1987 1105/1094/1688
f 1109/1098/1689 1107/1096/1689 1040/1032/1689
f 1110/1099/1691 1108/1097/1691 1107/1096/1691
f 1111/1100/1693 1110/1099/1693 1109/1098/1693
f 1111/1301/352 1050/1302/352 1056/1303/1988
f 1050/1302/352 1052/1304/352 1054/1305/1989
f 1056/1303/1988 1050/1302/352 1054/1305/1989
f 1056/1303/1988 1058/1306/352 1111/1301/352
f 1058/1306/352 1060/1103/352 1110/1102/352
f 1111/1301/352 1058/1306/352 1110/1102/352
f 1060/1103/352 1062/1307/352 1108/1101/352
f 1062/1307/352 1064/1308/352 1106/1309/352
f 1108/1101/352 1062/1307/352 1106/1309/352
f 1064/1308/352 1066/1310/352 1102/1311/352
f 1066/1310/352 1068/1312/352 1100/1313/352
f 1068/1312/352 1070/1314/352 1098/1315/352
f 1070/1314/352 1072/1316/352 1096/1317/352
f 1072/1316/352 1074/1318/352 1096/1317/352
f 1074/1318/352 1076/1319/352 1094/1320/352
f 1096/1317/352 1074/1318/352 1094/1320/352
f 1076/1319/352 1078/1321/1988 1092/1322/352
f 1078/1321/1988 1080/1323/352 1090/1324/352
f 1092/1322/352 1078/1321/1988 1090/1324/352
f 1080/1323/352 1082/1325/352 1088/1326/352
f 1082/1325/352 1084/1327/352 1086/1328/352
f 1088/1326/352 1082/1325/352 1086/1328/352
f 1088/1326/352 1090/1324/352 1080/1323/352
f 1092/1322/352 1094/1320/352 1076/1319/352
f 1096/1317/352 1098/1315/352 1070/1314/352
f 1098/1315/352 1100/1313/352 1068/1312/352
f 1100/1313/352 1102/1311/352 1066/1310/352
f 1102/1311/352 1104/1329/352 1064/1308/352
f 1104/1329/352 1106/1309/352 1064/1308/352
f 947/937/1695 953/944/1695 1045/1033/1695
f 944/935/1697 1045/1033/1697 1042/1030/1697
f 1112/932/1698 1042/1030/1698 1039/1027/1698
f 945/933/1699 1112/932/1700 1113/1104/1700
f 1114/1105/1702 1113/1104/1990 1115/1106/1703
f 1113/1104/1704 1039/1027/1704 1036/1024/1704
f 1116/1107/1705 1115/1106/1991 1117/1108/1705
f 1115/1106/1706 1036/1024/1706 1033/1021/1706
f 1118/1109/1707 1117/1108/1707 1119/1110/1707
f 1117/1108/1708 1033/1021/1708 1030/1019/1708
f 1120/1111/1710 1119/1110/1710 1121/1112/1710
f 1119/1110/1711 1030/1019/1712 1027/1017/1712
f 1121/1112/1713 1123/1115/1713 1124/1114/1713
f 1027/1017/1714 1024/1014/1714 1123/1115/1715
f 1123/1115/1716 1125/1117/1716 1126/1116/1716
f 1024/1014/1717 1021/1011/1717 1125/1117/1717
f 1125/1117/1719 1127/1119/1992 1128/1118/1719
f 1021/1011/1720 1018/1008/1720 1127/1119/1720
f 1127/1119/1721 1129/1121/1993 1130/1120/1722
f 1018/1008/1723 1015/1005/1723 1129/1121/1723
f 1129/1121/1724 1131/1123/1724 1132/1122/1725
f 1015/1005/1726 1012/1002/1726 1131/1123/1726
f 1131/1123/1727 1133/1125/1994 1134/1124/1727
f 1012/1002/1728 1009/999/1728 1133/1125/1728
f 1133/1125/1729 1135/1127/1729 1136/1126/1729
f 1009/999/1730 1006/996/1730 1135/1127/1730
f 1135/1127/1732 1137/1129/1732 1138/1128/1732
f 1006/996/1733 1003/992/1733 1137/1129/1734
f 1138/1128/1735 1137/1129/1735 1139/1130/1735
f 1137/1129/1736 1003/992/1737 1000/989/1737
f 1140/1131/1738 1139/1130/1738 1141/1132/1738
f 1139/1130/1739 1000/989/1739 997/986/1739
f 1142/1133/1741 1141/1132/1742 1143/1134/1742
f 1141/1132/1744 997/986/1744 994/983/1744
f 1144/1135/1745 1143/1134/1745 1145/1136/1745
f 1143/1134/1746 994/983/1746 991/980/1746
f 1146/1137/1747 1145/1136/1995 1147/1138/1747
f 1145/1136/1748 991/980/1748 988/977/1748
f 1148/1139/1749 1147/1138/1749 1149/1140/1749
f 1147/1138/1750 988/977/1750 985/974/1750
f 1150/1141/1751 1149/1140/1751 1151/1142/1751
f 1149/1140/1752 985/974/1752 982/972/1752
f 1152/1143/1754 1151/1142/1754 1153/1144/1754
f 1151/1142/1755 982/972/1755 979/970/1755
f 1153/1144/1756 1155/1147/1756 1156/1146/1756
f 979/970/1757 976/967/1757 1155/1147/1757
f 1155/1147/1758 1157/1149/1758 1158/1148/1758
f 976/967/1759 973/964/1759 1157/1149/1759
f 1157/1149/1761 1159/1151/1761 1160/1150/1761
f 973/964/1762 970/961/1762 1159/1151/1762
f 1159/1151/1763 1161/1153/1996 1162/1152/1763
f 970/961/1764 967/958/1764 1161/1153/1764
f 1161/1153/1765 1163/1155/1765 1164/1154/1765
f 967/958/1766 964/955/1766 1163/1155/1766
f 1163/1155/1767 1165/1157/1767 1166/1156/1767
f 964/955/1768 961/952/1768 1165/1157/1768
f 1165/1157/1769 951/939/1769 949/940/1769
f 961/952/1770 954/942/1770 951/939/1770
f 949/941/1772 845/810/1772 847/813/1773
f 1166/1158/1774 847/813/1774 1167/827/1775
f 1164/1159/1776 1167/827/1997 857/828/1777
f 1162/1160/1779 857/828/1779 859/831/1780
f 1160/1161/1782 859/831/1782 862/834/1783
f 1158/1162/1784 862/834/1784 865/837/1785
f 1156/1163/1786 865/837/1786 868/1164/1787
f 1152/1166/1789 1154/1165/1998 868/1164/1790
f 1150/1167/1791 1152/1166/1792 871/840/1792
f 1148/1168/1793 1150/1167/1794 874/843/1794
f 1146/1169/1795 1148/1168/1999 877/846/1796
f 1144/1170/1797 1146/1169/2000 880/849/1798
f 1142/1171/1799 1144/1170/1800 883/852/1800
f 1140/1172/1802 1142/1171/1803 886/855/1803
f 1138/1173/1804 1140/1172/2001 889/858/1805
f 1138/1173/1806 892/861/1806 895/866/1807
f 1136/1174/1808 895/866/1808 898/869/1808
f 1134/1175/1809 898/869/1809 901/872/1810
f 1132/1176/1811 901/872/1811 903/874/1812
f 1130/1177/1814 903/874/1814 1168/889/1815
f 1128/1178/1817 1168/889/1817 913/890/1818
f 1126/1179/1819 913/890/2002 915/892/1819
f 1124/1180/1820 915/892/1820 917/1181/1820
f 1120/1183/1821 1122/1182/1821 917/1181/1821
f 1118/1184/1822 1120/1183/1822 1169/894/1822
f 1116/1185/1823 1118/1184/1824 927/909/1824
f 1114/1186/1825 1116/1185/2003 929/910/1826
f 945/1187/1827 1114/1186/2004 931/912/1828
f 938/923/1829 936/920/1829 1172/1188/1829
f 837/802/1830 938/923/1830 1170/1189/1830
f 1170/1189/1831 1172/1188/1831 1173/1190/1831
f 834/799/1832 1170/1189/1832 1171/1191/1832
f 1172/1188/1833 1174/1193/1833 1175/1192/1833
f 936/920/1834 934/919/2005 1174/1193/1834
f 1174/1193/1835 1176/1195/1835 1177/1194/1835
f 934/919/1837 1178/906/1837 1176/1195/1837
f 1176/1195/1838 1179/1197/1838 1180/1196/1838
f 1178/906/1839 924/903/1839 1179/1197/1839
f 1179/1197/1840 1181/1199/1840 1182/1198/1840
f 924/903/1841 922/900/1841 1181/1199/1841
f 1181/1199/1842 1183/1201/1842 1184/1200/1842
f 922/900/1843 920/899/1843 1183/1201/1843
f 1184/1200/1844 1183/1201/1844 1185/1202/1844
f 1183/1201/1845 920/899/1845 1187/885/1845
f 1186/1203/1846 1185/1202/1846 1188/1204/1846
f 1185/1202/1847 1187/885/1847 910/881/1847
f 1189/1205/1848 1188/1204/1848 1190/1206/1848
f 1188/1204/1849 910/881/1849 908/876/1849
f 1191/1207/1850 1190/1206/1850 1192/1208/1850
f 1190/1206/1851 908/876/1851 906/878/1851
f 1193/1209/1852 1192/1208/1852 1194/1210/1852
f 1192/1208/1853 906/878/1854 1196/880/1854
f 1195/1211/1855 1194/1210/1855 1197/1212/1855
f 1194/1210/1856 1196/880/1856 1199/1214/1856
f 1198/1213/1857 1197/1212/2006 1200/1215/1857
f 1197/1212/1858 1199/1214/1858 1202/1217/1858
f 1201/1216/1859 1200/1215/1859 1203/1218/1859
f 1200/1215/1860 1202/1217/1860 1205/1220/1860
f 1203/1218/1861 1206/1222/1861 1207/1221/1861
f 1205/1220/1862 1208/1224/1862 1206/1222/1862
f 1206/1222/1863 1209/1225/1863 1210/1223/1863
f 1208/1224/1864 1211/1227/1864 1209/1225/1864
f 1209/1225/1865 1212/1228/1865 1213/1226/1865
f 1211/1227/1866 1214/1230/1866 1212/1228/1866
f 1212/1228/1867 1215/1231/1867 1216/1229/1867
f 1214/1230/1869 1217/1233/1869 1215/1231/1869
f 1215/1231/1870 1218/1234/1870 1219/1232/1870
f 1217/1233/1871 1220/1236/1871 1218/1234/1871
f 1218/1234/1872 1221/1237/1872 1222/1235/1872
f 1220/1236/1873 1223/1239/1873 1221/1237/1873
f 1221/1237/1874 1224/1240/1874 1225/1238/1874
f 1223/1239/1875 1226/1242/1875 1224/1240/1875
f 1224/1240/1876 1227/1243/1876 1228/1241/1876
f 1226/1242/1877 1229/1286/1877 1227/1243/1877
f 1228/1241/1878 1227/1243/1878 1230/1244/1878
f 1227/1243/1879 1229/1286/1879 1232/1246/1879
f 1231/1245/1880 1230/1244/1880 1233/1247/1880
f 1230/1244/1881 1232/1246/1881 1235/1249/1881
f 1234/1248/1882 1233/1247/1882 1236/1250/1882
f 1233/1247/1883 1235/1249/1883 1238/823/1883
f 1237/1251/1884 1236/1250/1884 1239/1252/1884
f 1236/1250/1885 1238/823/1885 854/819/1885
f 1240/1253/1886 1239/1252/2007 1241/1254/1886
f 1239/1252/1887 854/819/1887 852/815/1887
f 1242/1255/1888 1241/1254/1888 1243/1256/1888
f 1241/1254/1889 852/815/1889 850/817/1889
f 1244/1257/1890 1243/1256/1890 833/797/1890
f 1243/1256/1891 850/817/1891 836/800/1891
f 1244/1257/1892 830/793/2008 828/794/1893
f 1242/1255/1894 1244/1257/2009 1245/788/1894
f 1240/1253/1896 1242/1255/1896 1246/787/1896
f 1237/1251/1897 1240/1253/1897 1247/1258/1897
f 1234/1248/1898 1237/1251/2010 1248/1259/1898
f 1231/1245/1899 1234/1248/1900 1249/1260/1900
f 1228/1241/1901 1231/1245/1902 1250/1261/1902
f 1252/1263/1903 1225/1238/1903 1228/1241/1904
f 1253/1264/1905 1222/1235/1905 1225/1238/1906
f 1254/1265/1907 1219/1232/1907 1222/1235/1908
f 1255/1266/1909 1216/1229/1909 1219/1232/1909
f 1256/1267/1910 1213/1226/1910 1216/1229/1910
f 1257/1268/1911 1210/1223/1911 1213/1226/1911
f 1258/1269/1912 1207/1221/1912 1210/1223/1913
f 1259/1270/1914 1204/1219/2011 1207/1221/1915
f 1201/1216/1916 1204/1219/2012 1259/1270/1917
f 1198/1213/1918 1201/1216/1919 1260/1271/1919
f 1195/1211/1920 1198/1213/1920 1261/1272/1920
f 1193/1209/1921 1195/1211/1921 1262/1273/1921
f 1191/1207/1922 1193/1209/1922 1263/1274/1922
f 1189/1205/1923 1191/1207/1923 1264/1275/1923
f 1186/1203/1924 1189/1205/2013 1265/1276/1925
f 1184/1200/1926 1186/1203/1926 1266/1277/1926
f 1268/1279/1928 1182/1198/1928 1184/1200/1928
f 1269/1280/1930 1180/1196/1930 1182/1198/1930
f 1270/1281/1932 1177/1194/1932 1180/1196/1933
f 1271/1282/1934 1175/1192/1934 1177/1194/1934
f 1272/789/1935 1173/1190/1935 1175/1192/1935
f 1273/1283/1936 1171/1191/1936 1173/1190/1936
f 827/792/1937 831/791/1937 1171/1191/1937
f 1235/1249/1938 861/1285/2014 855/1284/1938
f 1232/1246/1939 864/1287/1939 861/1285/1939
f 1229/1286/1941 867/1330/2015 864/1287/1941
f 870/1288/1942 867/1330/2016 1229/1286/1942
f 873/1289/1943 870/1288/1943 1226/1242/1943
f 876/1290/1945 873/1289/2017 1223/1239/1945
f 879/1291/1946 876/1290/1947 1220/1236/1947
f 882/1292/1948 879/1291/1948 1217/1233/1948
f 885/1293/1949 882/1292/1950 1214/1230/1950
f 888/1294/1951 885/1293/1952 1211/1227/1952
f 891/1295/1953 888/1294/1953 1208/1224/1953
f 1202/1217/1955 894/1296/1955 891/1295/1955
f 1199/1214/1957 897/1297/2018 894/1296/1958
f 1196/880/1959 900/879/1959 897/1297/1959
f 1388/1331/2019 1274/1332/2019 1277/1333/2019
f 1275/1334/2020 1278/1335/2021 1274/1332/2022
f 1277/1336/2023 1276/1337/2023 1289/1338/2023
f 1274/1339/2024 1281/1340/2024 1276/1337/2024
f 1280/1341/2025 1279/1342/2025 1278/1335/2025
f 1278/1343/2026 1282/1344/2026 1281/1340/2026
f 1281/1340/2027 1284/1345/2028 1283/1346/2029
f 1276/1337/2030 1283/1346/2029 1286/1347/2031
f 1283/1348/2032 1351/1349/2032 1285/1350/2032
f 1286/1351/2033 1285/1350/2033 1287/1352/2033
f 1289/1338/2034 1286/1347/2034 1288/1353/2034
f 1286/1351/2035 1290/1354/2035 1288/1355/2035
f 1292/1356/2036 1288/1353/2036 1291/1357/2036
f 1288/1355/2037 1293/1358/2037 1291/1359/2037
f 1292/1356/2038 1294/1360/2038 1295/1361/2038
f 1293/1358/2039 1294/1362/2039 1291/1359/2039
f 1295/1361/2040 1297/1363/2040 1298/1364/2040
f 1296/1365/2041 1297/1366/2041 1294/1362/2041
f 1298/1364/2042 1300/1367/2043 1301/1368/2044
f 1297/1366/2045 1302/1369/2045 1300/1370/2045
f 1301/1368/2046 1303/1371/2047 1304/1372/2048
f 1300/1370/2049 1305/1373/2050 1303/1374/2051
f 1304/1372/2052 1306/1375/2052 1307/1376/2052
f 1303/1374/2053 1308/1377/2053 1306/1378/2053
f 1307/1376/2054 1309/1379/2054 1310/1380/2054
f 1306/1378/2055 1311/1381/2055 1309/1382/2055
f 1313/1383/2056 1309/1379/2056 1312/1384/2056
f 1311/1381/2057 1312/1385/2057 1309/1382/2057
f 1316/1386/2058 1312/1384/2058 1315/1387/2058
f 1314/1388/2059 1315/1389/2059 1312/1385/2059
f 1319/1390/2060 1315/1387/2060 1318/1391/2060
f 1317/1392/2061 1318/1393/2061 1315/1389/2061
f 1322/1394/2062 1318/1391/2062 1321/1395/2062
f 1320/1396/2063 1321/1397/2063 1318/1393/2063
f 1322/1394/2064 1324/1398/2064 1325/1399/2064
f 1323/1400/2065 1324/1401/2065 1321/1397/2065
f 1325/1399/2066 1327/1402/2066 1328/1403/2066
f 1324/1401/2067 1329/1404/2067 1327/1405/2067
f 1331/1406/2068 1327/1402/2068 1330/1407/2068
f 1330/1408/2069 1329/1404/2069 1332/1409/2069
f 1334/1410/2070 1330/1407/2070 1333/1411/2070
f 1330/1408/2071 1335/1412/2071 1333/1413/2071
f 1334/1410/2072 1336/1414/2072 1337/1415/2072
f 1333/1413/2073 1338/1416/2073 1336/1417/2073
f 1337/1415/2074 1339/1418/2074 1340/1419/2074
f 1336/1417/2075 1341/1420/2075 1339/1421/2075
f 1340/1419/2076 1342/1422/2076 1343/1423/2076
f 1339/1421/2077 1344/1424/2077 1342/1425/2077
f 1343/1423/2078 1345/1426/2078 1346/1427/2078
f 1342/1425/2079 1347/1428/2079 1345/1429/2079
f 1349/1430/2080 1345/1426/2080 1348/1431/2080
f 1348/1432/2081 1347/1428/2081 1350/1433/2081
f 1282/1344/2082 1348/1431/2083 1284/1345/2084
f 1284/1434/2085 1350/1433/2086 1351/1349/2087
f 1350/1433/2088 1353/1435/2089 1352/1436/2090
f 1351/1349/2091 1352/1436/2091 1355/1437/2091
f 1352/1436/2092 1363/1438/2093 1354/1439/2094
f 1355/1437/2095 1354/1439/2096 1356/1440/2097
f 1285/1350/2098 1355/1437/2099 1357/1441/2100
f 1357/1441/2101 1356/1440/2097 1358/1442/2102
f 1287/1352/2103 1357/1441/2103 1290/1354/2103
f 1290/1354/2104 1358/1442/2104 1293/1358/2104
f 1359/1443/2105 1356/1440/2106 1360/1444/2107
f 1296/1365/2108 1358/1442/2108 1359/1443/2108
f 1299/1445/2109 1359/1443/2110 1302/1369/2111
f 1302/1369/2112 1360/1444/2112 1305/1373/2112
f 1305/1373/2113 1361/1446/2113 1308/1377/2113
f 1360/1444/2107 1354/1439/2114 1361/1446/2115
f 1361/1446/2116 1363/1438/2117 1362/1447/2118
f 1308/1377/2119 1362/1447/2120 1311/1381/2121
f 1362/1447/2122 1314/1388/2122 1311/1381/2122
f 1363/1438/2123 1364/1448/2123 1362/1447/2123
f 1365/1449/2124 1366/1450/2124 1364/1448/2124
f 1364/1448/2125 1317/1392/2125 1314/1388/2125
f 1366/1450/2126 1320/1396/2127 1317/1392/2128
f 1367/1451/2129 1368/1452/2130 1366/1450/2131
f 1369/1453/2132 1326/1454/2132 1368/1452/2132
f 1368/1452/2133 1323/1400/2133 1320/1396/2133
f 1332/1409/2134 1369/1453/2134 1370/1455/2134
f 1370/1455/2135 1367/1451/2129 1371/1456/2136
f 1338/1416/2137 1371/1456/2138 1341/1420/2139
f 1335/1412/2140 1370/1455/2140 1338/1416/2140
f 1341/1420/2141 1372/1457/2141 1344/1424/2141
f 1371/1456/2142 1365/1449/2142 1372/1457/2142
f 1344/1424/2143 1353/1435/2143 1347/1428/2143
f 1372/1457/2144 1363/1438/2144 1353/1435/2144
f 1279/1458/2145 1349/1430/2145 1282/1344/2145
f 1373/1459/2146 1346/1427/2146 1349/1430/2146
f 1375/1460/2147 1374/1461/2147 1373/1462/2147
f 1377/1463/2148 1373/1462/2148 1279/1342/2148
f 1375/1460/2149 1380/1464/2149 1376/1465/2149
f 1377/1463/2150 1378/1466/2150 1375/1460/2150
f 1379/1467/2151 1381/1468/2152 1382/1469/2153
f 1409/1470/2154 1378/1471/2154 1379/1467/2154
f 1280/1341/2155 1381/1472/2156 1377/1463/2157
f 1382/1469/2158 1383/1473/2158 1384/1474/2158
f 1275/1334/2159 1383/1475/2160 1280/1341/2161
f 1384/1474/2162 1385/1476/2162 1386/1477/2162
f 1388/1331/2163 1385/1478/2163 1275/1334/2163
f 1389/1479/2164 1385/1476/2164 1387/1480/2164
f 1391/1481/2165 1387/1482/2165 1388/1331/2165
f 1392/1483/2166 1387/1480/2166 1390/1484/2166
f 1391/1481/2167 1393/1485/2167 1390/1486/2167
f 1392/1483/2168 1393/1487/2168 1396/1488/2168
f 1394/1489/2169 1395/1490/2169 1393/1485/2169
f 1396/1488/2170 1395/1491/2170 1397/1492/2170
f 1397/1492/2171 1398/1493/2171 1396/1488/2171
f 1396/1488/2172 1401/1494/2172 1392/1483/2172
f 1399/1495/2173 1400/1496/2174 1398/1493/2175
f 1398/1493/2176 1402/1497/2177 1401/1494/2178
f 1402/1497/2179 1403/1498/2180 1401/1494/2181
f 1401/1494/2182 1389/1479/2182 1392/1483/2182
f 1404/1499/2183 1384/1474/2184 1403/1498/2185
f 1403/1498/2186 1386/1477/2186 1389/1479/2186
f 1406/1500/2187 1404/1499/2188 1402/1497/2179
f 1405/1501/2189 1382/1469/2189 1404/1499/2189
f 1408/1502/2190 1405/1501/2191 1406/1500/2192
f 1407/1503/2193 1379/1467/2194 1405/1501/2195
f 1408/1502/2196 1410/1504/2196 1407/1503/2196
f 1407/1503/2197 1413/1505/2197 1409/1470/2197
f 1411/1506/2198 1412/1507/2198 1410/1504/2198
f 1410/1504/2199 1414/1508/2199 1413/1505/2199
f 1413/1505/2200 1417/1509/2200 1415/1510/2200
f 1409/1470/2201 1415/1510/2201 1380/1511/2201
f 1416/1512/2202 1380/1464/2202 1415/1513/2202
f 1418/1514/2203 1415/1513/2203 1417/1515/2203
f 1420/1516/2204 1417/1515/2204 1419/1517/2204
f 1414/1508/2205 1419/1518/2205 1417/1509/2205
f 1423/1519/2206 1419/1517/2206 1422/1520/2206
f 1421/1521/2207 1422/1522/2207 1419/1518/2207
f 1423/1519/2208 1425/1523/2208 1426/1524/2208
f 1427/1525/2209 1422/1522/2209 1424/1526/2209
f 1426/1524/2210 1428/1527/2210 1429/1528/2210
f 1430/1529/2211 1425/1530/2211 1427/1525/2211
f 1432/1531/2212 1428/1527/2212 1431/1532/2212
f 1431/1533/2213 1430/1529/2213 1434/1534/2213
f 1476/1535/2214 1431/1532/2214 1433/1536/2214
f 1433/1537/2215 1434/1534/2215 1435/1538/2215
f 1439/1539/2216 1434/1534/2216 1430/1529/2216
f 1436/1540/2217 1435/1538/2217 1434/1534/2217
f 1440/1541/2218 1436/1540/2219 1439/1539/2220
f 1437/1542/2221 1438/1543/2222 1436/1540/2223
f 1439/1539/2224 1427/1525/2224 1441/1544/2224
f 1440/1541/2218 1441/1544/2225 1412/1507/2226
f 1441/1544/2227 1424/1526/2227 1421/1521/2227
f 1412/1507/2228 1421/1521/2229 1414/1508/2230
f 1411/1506/2231 1437/1542/2231 1440/1541/2231
f 1438/1543/2232 1433/1537/2232 1435/1538/2232
f 1442/1545/2233 1443/1546/2233 1438/1543/2233
f 1476/1535/2234 1443/1547/2234 1444/1548/2234
f 1444/1548/2235 1445/1549/2235 1446/1550/2235
f 1446/1550/2236 1447/1551/2236 1448/1552/2236
f 1450/1553/2237 1445/1554/2237 1442/1545/2237
f 1448/1552/2238 1449/1555/2238 1471/1556/2238
f 1451/1557/2239 1447/1558/2239 1450/1553/2239
f 1452/1559/2240 1442/1545/2240 1437/1542/2240
f 1453/1560/2241 1450/1553/2241 1452/1559/2241
f 1408/1502/2242 1452/1559/2242 1411/1506/2242
f 1454/1561/2243 1408/1502/2244 1406/1500/2245
f 1455/1562/2246 1453/1560/2247 1454/1561/2248
f 1400/1496/2249 1406/1500/2250 1402/1497/2177
f 1456/1563/2251 1454/1561/2251 1400/1496/2251
f 1457/1564/2252 1451/1557/2252 1455/1562/2252
f 1459/1565/2253 1455/1562/2254 1456/1563/2255
f 1458/1566/2256 1449/1555/2256 1457/1567/2256
f 1460/1568/2257 1457/1567/2258 1459/1569/2259
f 1462/1570/2260 1459/1569/2261 1461/1571/2262
f 1461/1572/2263 1456/1563/2263 1399/1495/2263
f 1463/1573/2264 1461/1571/2262 1395/1490/2265
f 1395/1491/2266 1399/1495/2266 1397/1492/2266
f 1463/1573/2267 1464/1574/2267 1462/1570/2267
f 1462/1570/2268 1465/1575/2268 1460/1568/2268
f 1464/1576/2269 1304/1372/2269 1465/1577/2269
f 1466/1578/2270 1301/1368/2270 1464/1576/2270
f 1394/1489/2271 1466/1579/2272 1463/1573/2273
f 1467/1580/2274 1298/1364/2274 1466/1578/2274
f 1468/1581/2275 1295/1361/2275 1467/1580/2275
f 1391/1481/2276 1467/1582/2276 1394/1489/2276
f 1468/1581/2277 1289/1338/2277 1292/1356/2277
f 1391/1481/2278 1277/1333/2278 1468/1583/2278
f 1465/1577/2279 1307/1376/2279 1469/1584/2279
f 1460/1568/2280 1469/1585/2280 1458/1566/2280
f 1469/1584/2281 1310/1380/2281 1470/1586/2281
f 1458/1566/2282 1470/1587/2282 1471/1556/2282
f 1470/1586/2283 1313/1383/2283 1472/1588/2283
f 1471/1556/2284 1472/1589/2284 1448/1552/2284
f 1448/1552/2285 1473/1590/2285 1446/1550/2285
f 1472/1588/2286 1316/1386/2286 1473/1591/2286
f 1473/1591/2287 1319/1390/2287 1474/1592/2287
f 1446/1550/2288 1474/1593/2288 1444/1548/2288
f 1319/1390/2289 1475/1594/2290 1474/1592/2291
f 1444/1548/2292 1475/1595/2293 1476/1535/2294
f 1322/1394/2295 1477/1596/2295 1475/1594/2295
f 1475/1595/2296 1432/1531/2296 1476/1535/2296
f 1325/1399/2297 1478/1597/2297 1477/1596/2297
f 1477/1598/2298 1429/1528/2298 1432/1531/2298
f 1478/1597/2299 1331/1406/2299 1479/1599/2299
f 1429/1528/2300 1479/1600/2300 1426/1524/2300
f 1479/1599/2301 1334/1410/2301 1480/1601/2301
f 1426/1524/2302 1480/1602/2302 1423/1519/2302
f 1480/1601/2303 1337/1415/2304 1481/1603/2305
f 1420/1516/2306 1480/1602/2307 1481/1604/2308
f 1482/1605/2309 1337/1415/2309 1340/1419/2309
f 1418/1514/2310 1481/1604/2310 1482/1606/2310
f 1416/1512/2311 1482/1606/2311 1483/1607/2311
f 1483/1608/2312 1340/1419/2312 1343/1423/2312
f 1376/1465/2313 1483/1607/2313 1374/1461/2313
f 1374/1609/2314 1343/1423/2314 1346/1427/2314
f 1388/1331/2315 1275/1334/2020 1274/1332/2022
f 1275/1334/2316 1280/1341/2316 1278/1335/2316
f 1277/1336/2317 1274/1339/2317 1276/1337/2317
f 1274/1339/2318 1278/1343/2318 1281/1340/2318
f 1280/1341/2319 1377/1463/2319 1279/1342/2319
f 1278/1343/2320 1279/1458/2320 1282/1344/2320
f 1281/1340/2321 1282/1344/2082 1284/1345/2084
f 1276/1337/2030 1281/1340/2027 1283/1346/2029
f 1283/1348/2322 1284/1434/2085 1351/1349/2087
f 1286/1351/2323 1283/1348/2323 1285/1350/2323
f 1289/1338/2324 1276/1337/2324 1286/1347/2324
f 1286/1351/2325 1287/1352/2325 1290/1354/2325
f 1292/1356/2326 1289/1338/2326 1288/1353/2326
f 1288/1355/2327 1290/1354/2327 1293/1358/2327
f 1292/1356/2328 1291/1357/2328 1294/1360/2328
f 1293/1358/2329 1296/1365/2329 1294/1362/2329
f 1295/1361/2330 1294/1360/2330 1297/1363/2330
f 1296/1365/2331 1299/1445/2331 1297/1366/2331
f 1298/1364/2042 1297/1363/2332 1300/1367/2043
f 1297/1366/2333 1299/1445/2333 1302/1369/2333
f 1301/1368/2044 1300/1367/2043 1303/1371/2334
f 1300/1370/2335 1302/1369/2335 1305/1373/2335
f 1304/1372/2048 1303/1371/2047 1306/1375/2336
f 1303/1374/2051 1305/1373/2050 1308/1377/2337
f 1307/1376/2338 1306/1375/2338 1309/1379/2338
f 1306/1378/2339 1308/1377/2339 1311/1381/2339
f 1313/1383/2340 1310/1380/2340 1309/1379/2340
f 1311/1381/2341 1314/1388/2341 1312/1385/2341
f 1316/1386/2342 1313/1383/2342 1312/1384/2342
f 1314/1388/2343 1317/1392/2343 1315/1389/2343
f 1319/1390/2344 1316/1386/2344 1315/1387/2344
f 1317/1392/2345 1320/1396/2345 1318/1393/2345
f 1322/1394/2346 1319/1390/2346 1318/1391/2346
f 1320/1396/2347 1323/1400/2347 1321/1397/2347
f 1322/1394/2348 1321/1395/2348 1324/1398/2348
f 1323/1400/2349 1326/1454/2349 1324/1401/2349
f 1325/1399/2350 1324/1398/2350 1327/1402/2350
f 1324/1401/2351 1326/1454/2351 1329/1404/2351
f 1331/1406/2352 1328/1403/2352 1327/1402/2352
f 1330/1408/2353 1327/1405/2353 1329/1404/2353
f 1334/1410/2354 1331/1406/2354 1330/1407/2354
f 1330/1408/2355 1332/1409/2355 1335/1412/2355
f 1334/1410/2356 1333/1411/2356 1336/1414/2356
f 1333/1413/2357 1335/1412/2357 1338/1416/2357
f 1337/1415/2358 1336/1414/2358 1339/1418/2358
f 1336/1417/2359 1338/1416/2359 1341/1420/2359
f 1340/1419/2360 1339/1418/2360 1342/1422/2360
f 1339/1421/2361 1341/1420/2361 1344/1424/2361
f 1343/1423/2362 1342/1422/2362 1345/1426/2362
f 1342/1425/2363 1344/1424/2363 1347/1428/2363
f 1349/1430/2364 1346/1427/2364 1345/1426/2364
f 1348/1432/2365 1345/1429/2365 1347/1428/2365
f 1282/1344/2366 1349/1430/2366 1348/1431/2366
f 1284/1434/2367 1348/1432/2367 1350/1433/2367
f 1350/1433/2088 1347/1428/2368 1353/1435/2089
f 1351/1349/2369 1350/1433/2369 1352/1436/2369
f 1352/1436/2092 1353/1435/2370 1363/1438/2093
f 1355/1437/2095 1352/1436/2371 1354/1439/2096
f 1285/1350/2372 1351/1349/2372 1355/1437/2372
f 1357/1441/2101 1355/1437/2095 1356/1440/2097
f 1287/1352/2373 1285/1350/2098 1357/1441/2100
f 1290/1354/2374 1357/1441/2374 1358/1442/2374
f 1359/1443/2105 1358/1442/2375 1356/1440/2106
f 1296/1365/2376 1293/1358/2376 1358/1442/2376
f 1299/1445/2377 1296/1365/2377 1359/1443/2377
f 1302/1369/2111 1359/1443/2110 1360/1444/2378
f 1305/1373/2379 1360/1444/2379 1361/1446/2379
f 1360/1444/2107 1356/1440/2106 1354/1439/2114
f 1361/1446/2116 1354/1439/2380 1363/1438/2117
f 1308/1377/2119 1361/1446/2381 1362/1447/2120
f 1362/1447/2382 1364/1448/2382 1314/1388/2382
f 1363/1438/2383 1365/1449/2383 1364/1448/2383
f 1365/1449/2384 1367/1451/2384 1366/1450/2384
f 1364/1448/2385 1366/1450/2385 1317/1392/2385
f 1366/1450/2126 1368/1452/2386 1320/1396/2127
f 1367/1451/2129 1369/1453/2387 1368/1452/2130
f 1369/1453/2388 1329/1404/2388 1326/1454/2388
f 1368/1452/2389 1326/1454/2389 1323/1400/2389
f 1332/1409/2390 1329/1404/2390 1369/1453/2390
f 1370/1455/2135 1369/1453/2387 1367/1451/2129
f 1338/1416/2137 1370/1455/2391 1371/1456/2138
f 1335/1412/2392 1332/1409/2392 1370/1455/2392
f 1341/1420/2393 1371/1456/2393 1372/1457/2393
f 1371/1456/2394 1367/1451/2394 1365/1449/2394
f 1344/1424/2395 1372/1457/2395 1353/1435/2395
f 1372/1457/2396 1365/1449/2396 1363/1438/2396
f 1279/1458/2397 1373/1459/2397 1349/1430/2397
f 1373/1459/2398 1374/1609/2398 1346/1427/2398
f 1375/1460/2399 1376/1465/2399 1374/1461/2399
f 1377/1463/2400 1375/1460/2400 1373/1462/2400
f 1375/1460/2401 1378/1466/2401 1380/1464/2401
f 1377/1463/2157 1381/1472/2156 1378/1466/2402
f 1379/1467/2403 1378/1471/2403 1381/1468/2403
f 1409/1470/2404 1380/1511/2404 1378/1471/2404
f 1280/1341/2161 1383/1475/2160 1381/1472/2405
f 1382/1469/2153 1381/1468/2152 1383/1473/2406
f 1275/1334/2159 1385/1478/2407 1383/1475/2160
f 1384/1474/2408 1383/1473/2408 1385/1476/2408
f 1388/1331/2409 1387/1482/2409 1385/1478/2409
f 1389/1479/2410 1386/1477/2410 1385/1476/2410
f 1391/1481/2411 1390/1486/2411 1387/1482/2411
f 1392/1483/2412 1389/1479/2412 1387/1480/2412
f 1391/1481/2413 1394/1489/2413 1393/1485/2413
f 1392/1483/2414 1390/1484/2414 1393/1487/2414
f 1394/1489/2415 1463/1573/2415 1395/1490/2415
f 1396/1488/2416 1393/1487/2416 1395/1491/2416
f 1397/1492/2417 1399/1495/2173 1398/1493/2175
f 1396/1488/2418 1398/1493/2418 1401/1494/2418
f 1399/1495/2419 1456/1563/2419 1400/1496/2419
f 1398/1493/2176 1400/1496/2249 1402/1497/2177
f 1402/1497/2179 1404/1499/2188 1403/1498/2180
f 1401/1494/2420 1403/1498/2420 1389/1479/2420
f 1404/1499/2421 1382/1469/2421 1384/1474/2421
f 1403/1498/2185 1384/1474/2184 1386/1477/2422
f 1406/1500/2187 1405/1501/2423 1404/1499/2188
f 1405/1501/2424 1379/1467/2424 1382/1469/2424
f 1408/1502/2190 1407/1503/2425 1405/1501/2191
f 1407/1503/2193 1409/1470/2426 1379/1467/2194
f 1408/1502/2427 1411/1506/2427 1410/1504/2427
f 1407/1503/2428 1410/1504/2428 1413/1505/2428
f 1411/1506/2429 1440/1541/2429 1412/1507/2429
f 1410/1504/2430 1412/1507/2430 1414/1508/2430
f 1413/1505/2431 1414/1508/2431 1417/1509/2431
f 1409/1470/2432 1413/1505/2432 1415/1510/2432
f 1416/1512/2433 1376/1465/2433 1380/1464/2433
f 1418/1514/2434 1416/1512/2434 1415/1513/2434
f 1420/1516/2435 1418/1514/2435 1417/1515/2435
f 1414/1508/2436 1421/1521/2436 1419/1518/2436
f 1423/1519/2437 1420/1516/2437 1419/1517/2437
f 1421/1521/2438 1424/1526/2438 1422/1522/2438
f 1423/1519/2439 1422/1520/2439 1425/1523/2439
f 1427/1525/2440 1425/1530/2440 1422/1522/2440
f 1426/1524/2441 1425/1523/2441 1428/1527/2441
f 1430/1529/2442 1428/1610/2442 1425/1530/2442
f 1432/1531/2443 1429/1528/2443 1428/1527/2443
f 1431/1533/2444 1428/1610/2444 1430/1529/2444
f 1476/1535/2445 1432/1531/2445 1431/1532/2445
f 1433/1537/2446 1431/1533/2446 1434/1534/2446
f 1439/1539/2447 1436/1540/2447 1434/1534/2447
f 1436/1540/2448 1438/1543/2448 1435/1538/2448
f 1440/1541/2218 1437/1542/2449 1436/1540/2219
f 1437/1542/2221 1442/1545/2450 1438/1543/2222
f 1439/1539/2451 1430/1529/2451 1427/1525/2451
f 1440/1541/2218 1439/1539/2220 1441/1544/2225
f 1441/1544/2452 1427/1525/2452 1424/1526/2452
f 1412/1507/2228 1441/1544/2453 1421/1521/2229
f 1411/1506/2454 1452/1559/2454 1437/1542/2454
f 1438/1543/2455 1443/1546/2455 1433/1537/2455
f 1442/1545/2456 1445/1554/2456 1443/1546/2456
f 1476/1535/2457 1433/1536/2457 1443/1547/2457
f 1444/1548/2458 1443/1547/2458 1445/1549/2458
f 1446/1550/2459 1445/1549/2459 1447/1551/2459
f 1450/1553/2460 1447/1558/2460 1445/1554/2460
f 1448/1552/2461 1447/1551/2461 1449/1555/2461
f 1451/1557/2462 1449/1611/2462 1447/1558/2462
f 1452/1559/2463 1450/1553/2463 1442/1545/2463
f 1453/1560/2464 1451/1557/2464 1450/1553/2464
f 1408/1502/2465 1453/1560/2465 1452/1559/2465
f 1454/1561/2243 1453/1560/2466 1408/1502/2244
f 1455/1562/2246 1451/1557/2467 1453/1560/2247
f 1400/1496/2249 1454/1561/2468 1406/1500/2250
f 1456/1563/2469 1455/1562/2469 1454/1561/2469
f 1457/1564/2470 1449/1611/2470 1451/1557/2470
f 1459/1565/2471 1457/1564/2471 1455/1562/2471
f 1458/1566/2472 1471/1556/2472 1449/1555/2472
f 1460/1568/2473 1458/1566/2473 1457/1567/2473
f 1462/1570/2474 1460/1568/2257 1459/1569/2259
f 1461/1572/2475 1459/1565/2253 1456/1563/2255
f 1463/1573/2264 1462/1570/2260 1461/1571/2262
f 1395/1491/2476 1461/1572/2476 1399/1495/2476
f 1463/1573/2273 1466/1579/2272 1464/1574/2477
f 1462/1570/2478 1464/1574/2478 1465/1575/2478
f 1464/1576/2479 1301/1368/2479 1304/1372/2479
f 1466/1578/2480 1298/1364/2480 1301/1368/2480
f 1394/1489/2481 1467/1582/2481 1466/1579/2481
f 1467/1580/2482 1295/1361/2482 1298/1364/2482
f 1468/1581/2483 1292/1356/2483 1295/1361/2483
f 1391/1481/2484 1468/1583/2484 1467/1582/2484
f 1468/1581/2485 1277/1336/2485 1289/1338/2485
f 1391/1481/2486 1388/1331/2486 1277/1333/2486
f 1465/1577/2487 1304/1372/2487 1307/1376/2487
f 1460/1568/2488 1465/1575/2488 1469/1585/2488
f 1469/1584/2489 1307/1376/2489 1310/1380/2489
f 1458/1566/2490 1469/1585/2490 1470/1587/2490
f 1470/1586/2491 1310/1380/2491 1313/1383/2491
f 1471/1556/2492 1470/1587/2492 1472/1589/2492
f 1448/1552/2493 1472/1589/2493 1473/1590/2493
f 1472/1588/2494 1313/1383/2494 1316/1386/2494
f 1473/1591/2495 1316/1386/2495 1319/1390/2495
f 1446/1550/2496 1473/1590/2496 1474/1593/2496
f 1319/1390/2289 1322/1394/2497 1475/1594/2290
f 1444/1548/2292 1474/1593/2498 1475/1595/2293
f 1322/1394/2499 1325/1399/2499 1477/1596/2499
f 1475/1595/2500 1477/1598/2500 1432/1531/2500
f 1325/1399/2501 1328/1403/2501 1478/1597/2501
f 1477/1598/2502 1478/1612/2502 1429/1528/2502
f 1478/1597/2503 1328/1403/2503 1331/1406/2503
f 1429/1528/2504 1478/1612/2504 1479/1600/2504
f 1479/1599/2505 1331/1406/2505 1334/1410/2505
f 1426/1524/2506 1479/1600/2506 1480/1602/2506
f 1480/1601/2303 1334/1410/2507 1337/1415/2304
f 1420/1516/2306 1423/1519/2508 1480/1602/2307
f 1482/1605/2509 1481/1603/2509 1337/1415/2509
f 1418/1514/2510 1420/1516/2510 1481/1604/2510
f 1416/1512/2511 1418/1514/2511 1482/1606/2511
f 1483/1608/2512 1482/1605/2512 1340/1419/2512
f 1376/1465/2513 1416/1512/2513 1483/1607/2513
f 1374/1609/2514 1483/1608/2514 1343/1423/2514
f 1544/1613/248 1568/1614/248 1592/1615/248
f 1511/1616/2515 1509/1617/2515 1508/1618/2515
f 1513/1619/2516 1508/1618/2516 1510/1620/2516
f 1598/1621/2516 1511/1616/2516 1513/1619/2516
f 1512/1622/2515 1514/1623/2515 1511/1616/2515
f 1514/1623/2517 1517/1624/2517 1509/1617/2517
f 1515/1625/2517 1516/1626/2517 1514/1623/2517
f 1516/1626/2518 1520/1627/2518 1517/1624/2518
f 1518/1628/2518 1519/1629/2518 1516/1626/2518
f 1519/1629/2519 1523/1630/2519 1520/1627/2519
f 1521/1631/2519 1522/1632/2519 1519/1629/2519
f 1522/1632/2520 1526/1633/2520 1523/1630/2520
f 1524/1634/2520 1525/1635/2520 1522/1632/2520
f 1525/1635/2521 1529/1636/2521 1526/1633/2521
f 1527/1637/2521 1528/1638/2521 1525/1635/2521
f 1528/1638/2522 1532/1639/2522 1529/1636/2522
f 1530/1640/2522 1531/1641/2522 1528/1638/2522
f 1531/1641/2523 1535/1642/2523 1532/1639/2523
f 1533/1643/2523 1534/1644/2523 1531/1641/2523
f 1534/1644/2524 1538/1645/2524 1535/1642/2524
f 1536/1646/2524 1537/1647/2524 1534/1644/2524
f 1537/1647/2525 1541/1648/2525 1538/1645/2525
f 1539/1649/2525 1540/1650/2525 1537/1647/2525
f 1540/1650/2526 1544/1613/2526 1541/1648/2526
f 1542/1651/2526 1543/1652/2526 1540/1650/2526
f 1543/1652/2527 1547/1653/2527 1544/1613/2527
f 1545/1654/2527 1546/1655/2527 1543/1652/2527
f 1546/1655/2528 1550/1656/2528 1547/1653/2528
f 1548/1657/2528 1549/1658/2528 1546/1655/2528
f 1549/1658/2529 1553/1659/2529 1550/1656/2529
f 1551/1660/2529 1552/1661/2529 1549/1658/2529
f 1552/1661/2530 1556/1662/2530 1553/1659/2530
f 1554/1663/2530 1555/1664/2530 1552/1661/2530
f 1555/1664/2531 1559/1665/2531 1556/1662/2531
f 1557/1666/2531 1558/1667/2531 1555/1664/2531
f 1558/1667/2532 1562/1668/2532 1559/1665/2532
f 1560/1669/2532 1561/1670/2532 1558/1667/2532
f 1561/1670/2533 1565/1671/2533 1562/1668/2533
f 1563/1672/2533 1564/1673/2533 1561/1670/2533
f 1564/1673/2534 1568/1614/2534 1565/1671/2534
f 1566/1674/2534 1567/1675/2534 1564/1673/2534
f 1567/1675/2535 1571/1676/2535 1568/1614/2535
f 1569/1677/2535 1570/1678/2535 1567/1675/2535
f 1570/1678/2536 1574/1679/2536 1571/1676/2536
f 1572/1680/2536 1573/1681/2536 1570/1678/2536
f 1573/1681/2537 1577/1682/2537 1574/1679/2537
f 1575/1683/2537 1576/1684/2537 1573/1681/2537
f 1576/1684/2538 1580/1685/2538 1577/1682/2538
f 1578/1686/2538 1579/1687/2538 1576/1684/2538
f 1579/1687/2539 1583/1688/2539 1580/1685/2539
f 1581/1689/2539 1582/1690/2539 1579/1687/2539
f 1582/1690/2540 1586/1691/2540 1583/1688/2540
f 1584/1692/2540 1585/1693/2540 1582/1690/2540
f 1585/1693/2541 1589/1694/2541 1586/1691/2541
f 1587/1695/2541 1588/1696/2541 1585/1693/2541
f 1588/1696/2542 1592/1615/2542 1589/1694/2542
f 1590/1697/2542 1591/1698/2542 1588/1696/2542
f 1591/1698/2543 1595/1699/2543 1592/1615/2543
f 1593/1700/2543 1594/1701/2543 1591/1698/2543
f 1594/1701/2544 1510/1620/2544 1595/1699/2544
f 1596/1702/2544 1513/1619/2544 1594/1701/2544
f 1597/1703/2544 1598/1621/2544 1596/1702/2544
f 1655/1704/2543 1596/1702/2543 1593/1700/2543
f 1599/1705/2516 1512/1622/2516 1598/1621/2516
f 1600/1706/2516 1601/1707/2516 1599/1705/2516
f 1658/1708/2544 1599/1705/2544 1597/1703/2544
f 1512/1622/2515 1603/1709/2515 1515/1625/2515
f 1601/1707/2515 1604/1710/2515 1603/1709/2515
f 1604/1710/2517 1605/1711/2517 1603/1709/2517
f 1603/1709/2517 1518/1628/2517 1515/1625/2517
f 1606/1712/2518 1607/1713/2518 1605/1711/2518
f 1605/1711/2518 1521/1631/2518 1518/1628/2518
f 1608/1714/2519 1609/1715/2519 1607/1713/2519
f 1607/1713/2519 1524/1634/2519 1521/1631/2519
f 1610/1716/2520 1611/1717/2520 1609/1715/2520
f 1609/1715/2520 1527/1637/2520 1524/1634/2520
f 1612/1718/2521 1613/1719/2521 1611/1717/2521
f 1611/1717/2521 1530/1640/2521 1527/1637/2521
f 1614/1720/2522 1615/1721/2522 1613/1719/2522
f 1613/1719/2522 1533/1643/2522 1530/1640/2522
f 1616/1722/2523 1617/1723/2523 1615/1721/2523
f 1615/1721/2523 1536/1646/2523 1533/1643/2523
f 1618/1724/2524 1619/1725/2524 1617/1723/2524
f 1617/1723/2524 1539/1649/2524 1536/1646/2524
f 1620/1726/2525 1621/1727/2525 1619/1725/2525
f 1619/1725/2525 1542/1651/2525 1539/1649/2525
f 1622/1728/2526 1623/1729/2526 1621/1727/2526
f 1621/1727/2526 1545/1654/2526 1542/1651/2526
f 1624/1730/2527 1625/1731/2527 1623/1729/2527
f 1623/1729/2527 1548/1657/2527 1545/1654/2527
f 1626/1732/2528 1627/1733/2528 1625/1731/2528
f 1625/1731/2528 1551/1660/2528 1548/1657/2528
f 1628/1734/2529 1629/1735/2529 1627/1733/2529
f 1627/1733/2529 1554/1663/2529 1551/1660/2529
f 1630/1736/2530 1631/1737/2530 1629/1735/2530
f 1629/1735/2530 1557/1666/2530 1554/1663/2530
f 1632/1738/2531 1633/1739/2531 1631/1737/2531
f 1631/1737/2531 1560/1669/2531 1557/1666/2531
f 1634/1740/2532 1635/1741/2532 1633/1739/2532
f 1633/1739/2532 1563/1672/2532 1560/1669/2532
f 1636/1742/2533 1637/1743/2533 1635/1741/2533
f 1635/1741/2533 1566/1674/2533 1563/1672/2533
f 1638/1744/2534 1639/1745/2534 1637/1743/2534
f 1637/1743/2534 1569/1677/2534 1566/1674/2534
f 1640/1746/2535 1641/1747/2535 1639/1745/2535
f 1639/1745/2535 1572/1680/2535 1569/1677/2535
f 1642/1748/2536 1643/1749/2536 1641/1747/2536
f 1641/1747/2536 1575/1683/2536 1572/1680/2536
f 1644/1750/2537 1645/1751/2537 1643/1749/2537
f 1643/1749/2537 1578/1686/2537 1575/1683/2537
f 1646/1752/2538 1647/1753/2538 1645/1751/2538
f 1645/1751/2538 1581/1689/2538 1578/1686/2538
f 1648/1754/2539 1649/1755/2539 1647/1753/2539
f 1647/1753/2539 1584/1692/2539 1581/1689/2539
f 1650/1756/2540 1651/1757/2540 1649/1755/2540
f 1649/1755/2540 1587/1695/2540 1584/1692/2540
f 1652/1758/2541 1653/1759/2541 1651/1757/2541
f 1651/1757/2541 1590/1697/2541 1587/1695/2541
f 1654/1760/2542 1655/1704/2542 1653/1759/2542
f 1653/1759/2542 1593/1700/2542 1590/1697/2542
f 1656/1761/2543 1597/1703/2543 1655/1704/2543
f 1657/1762/2543 1658/1708/2543 1656/1761/2543
f 1715/1763/2542 1656/1761/2542 1654/1760/2542
f 1659/1764/2544 1600/1706/2544 1658/1708/2544
f 1660/1765/2544 1661/1766/2544 1659/1764/2544
f 1718/1767/2543 1659/1764/2543 1657/1762/2543
f 1662/1768/2516 1663/1769/2516 1661/1766/2516
f 1661/1766/2516 1602/1770/2516 1600/1706/2516
f 1602/1770/2515 1665/1771/2515 1604/1710/2515
f 1663/1769/2515 1666/1772/2515 1665/1771/2515
f 1666/1772/2517 1667/1773/2517 1665/1771/2517
f 1665/1771/2517 1606/1712/2517 1604/1710/2517
f 1668/1774/2518 1669/1775/2518 1667/1773/2518
f 1667/1773/2518 1608/1714/2518 1606/1712/2518
f 1670/1776/2519 1671/1777/2519 1669/1775/2519
f 1669/1775/2519 1610/1716/2519 1608/1714/2519
f 1672/1778/2520 1673/1779/2520 1671/1777/2520
f 1671/1777/2520 1612/1718/2520 1610/1716/2520
f 1674/1780/2521 1675/1781/2521 1673/1779/2521
f 1673/1779/2521 1614/1720/2521 1612/1718/2521
f 1676/1782/2522 1677/1783/2522 1675/1781/2522
f 1675/1781/2522 1616/1722/2522 1614/1720/2522
f 1678/1784/2523 1679/1785/2523 1677/1783/2523
f 1677/1783/2523 1618/1724/2523 1616/1722/2523
f 1680/1786/2524 1681/1787/2524 1679/1785/2524
f 1679/1785/2524 1620/1726/2524 1618/1724/2524
f 1682/1788/2525 1683/1789/2525 1681/1787/2525
f 1681/1787/2525 1622/1728/2525 1620/1726/2525
f 1684/1790/2526 1685/1791/2526 1683/1789/2526
f 1683/1789/2526 1624/1730/2526 1622/1728/2526
f 1686/1792/2527 1687/1793/2527 1685/1791/2527
f 1685/1791/2527 1626/1732/2527 1624/1730/2527
f 1688/1794/2528 1689/1795/2528 1687/1793/2528
f 1687/1793/2528 1628/1734/2528 1626/1732/2528
f 1690/1796/2529 1691/1797/2529 1689/1795/2529
f 1689/1795/2529 1630/1736/2529 1628/1734/2529
f 1692/1798/2530 1693/1799/2530 1691/1797/2530
f 1691/1797/2530 1632/1738/2530 1630/1736/2530
f 1694/1800/2531 1695/1801/2531 1693/1799/2531
f 1693/1799/2531 1634/1740/2531 1632/1738/2531
f 1696/1802/2532 1697/1803/2532 1695/1801/2532
f 1695/1801/2532 1636/1742/2532 1634/1740/2532
f 1698/1804/2533 1699/1805/2533 1697/1803/2533
f 1697/1803/2533 1638/1744/2533 1636/1742/2533
f 1700/1806/2534 1701/1807/2534 1699/1805/2534
f 1699/1805/2534 1640/1746/2534 1638/1744/2534
f 1702/1808/2535 1703/1809/2535 1701/1807/2535
f 1701/1807/2535 1642/1748/2535 1640/1746/2535
f 1704/1810/2536 1705/1811/2536 1703/1809/2536
f 1703/1809/2536 1644/1750/2536 1642/1748/2536
f 1706/1812/2537 1707/1813/2537 1705/1811/2537
f 1705/1811/2537 1646/1752/2537 1644/1750/2537
f 1708/1814/2538 1709/1815/2538 1707/1813/2538
f 1707/1813/2538 1648/1754/2538 1646/1752/2538
f 1710/1816/2539 1711/1817/2539 1709/1815/2539
f 1709/1815/2539 1650/1756/2539 1648/1754/2539
f 1712/1818/2540 1713/1819/2540 1711/1817/2540
f 1711/1817/2540 1652/1758/2540 1650/1756/2540
f 1714/1820/2541 1715/1763/2541 1713/1819/2541
f 1713/1819/2541 1654/1760/2541 1652/1758/2541
f 1716/1821/2542 1657/1762/2542 1715/1763/2542
f 1717/1822/2542 1718/1767/2542 1716/1821/2542
f 1727/1823/2541 1716/1821/2541 1714/1820/2541
f 1719/1824/2543 1660/1765/2543 1718/1767/2543
f 1719/1825/248 1723/1826/248 1720/1827/248
f 1717/1828/248 1721/1829/248 1719/1825/248
f 1721/1829/2545 1799/1830/2545 1723/1826/2545
f 1724/1831/2546 1722/1832/2546 1721/1829/2546
f 1726/1833/2541 1725/1834/2541 1724/1831/2541
f 1727/1835/248 1724/1831/248 1717/1828/248
f 1730/1836/248 1726/1833/248 1727/1835/248
f 1729/1837/2540 1728/1838/2540 1726/1833/2540
f 1730/1836/248 1732/1839/248 1729/1837/248
f 1732/1839/2547 1731/1840/2547 1729/1837/2547
f 1815/1841/2538 1732/1839/2538 1734/1842/2538
f 1736/1843/248 1732/1839/248 1735/1844/248
f 1735/1845/2539 1712/1818/2539 1710/1816/2539
f 1736/1846/2538 1710/1816/2538 1708/1814/2538
f 1737/1847/248 1734/1842/248 1736/1843/248
f 1737/1848/2537 1708/1814/2537 1706/1812/2537
f 1737/1847/248 1740/1849/248 1738/1850/248
f 1739/1851/2536 1706/1812/2536 1704/1810/2536
f 1741/1852/2535 1704/1810/2535 1702/1808/2535
f 1739/1853/248 1742/1854/248 1740/1849/248
f 1743/1855/2534 1702/1808/2534 1700/1806/2534
f 1741/1856/248 1745/1857/248 1742/1854/248
f 1744/1858/2533 1700/1806/2533 1698/1804/2533
f 1743/1859/248 1747/1860/248 1745/1857/248
f 1746/1861/2548 1742/1854/2548 1745/1857/2548
f 1748/1862/2549 1745/1857/2549 1747/1860/2549
f 1750/1863/248 1747/1860/248 1744/1864/248
f 1751/1865/2550 1747/1860/2550 1749/1866/2550
f 1750/1863/248 1752/1867/248 1749/1866/248
f 1753/1868/2551 1749/1866/2551 1752/1867/2551
f 1754/1869/2552 1753/1868/2552 1752/1867/2552
f 1756/1870/248 1752/1867/248 1755/1871/248
f 1755/1872/2531 1696/1802/2531 1694/1800/2531
f 1756/1873/2530 1694/1800/2530 1692/1798/2530
f 1757/1874/2529 1692/1798/2529 1690/1796/2529
f 1756/1870/248 1759/1875/248 1754/1869/248
f 1758/1876/2528 1690/1796/2528 1688/1794/2528
f 1758/1877/248 1759/1875/248 1757/1878/248
f 1759/1875/2553 1833/1879/2553 1754/1869/2553
f 1761/1880/2554 1760/1881/2554 1759/1875/2554
f 1764/1882/248 1761/1880/248 1758/1877/248
f 1763/1883/2555 1762/1884/2555 1761/1880/2555
f 1769/1885/248 1763/1883/248 1764/1882/248
f 1766/1886/2556 1765/1887/2556 1763/1883/2556
f 1768/1888/2525 1767/1889/2525 1766/1886/2525
f 1770/1890/248 1766/1886/248 1769/1885/248
f 1769/1891/2526 1686/1792/2526 1684/1790/2526
f 1770/1892/2525 1684/1790/2525 1682/1788/2525
f 1770/1890/248 1772/1893/248 1768/1888/248
f 1771/1894/2524 1682/1788/2524 1680/1786/2524
f 1773/1895/248 1772/1893/248 1771/1896/248
f 1773/1897/2523 1680/1786/2523 1678/1784/2523
f 1774/1898/2522 1678/1784/2522 1676/1782/2522
f 1774/1899/248 1775/1900/248 1773/1895/248
f 1776/1901/2523 1772/1893/2523 1775/1900/2523
f 1778/1902/2557 1775/1900/2557 1777/1903/2557
f 1780/1904/2521 1777/1903/2521 1779/1905/2521
f 1774/1899/248 1779/1905/248 1777/1903/248
f 1855/1906/2520 1779/1905/2520 1781/1907/2520
f 1782/1908/248 1781/1907/248 1779/1905/248
f 1782/1909/2521 1676/1782/2521 1674/1780/2521
f 1783/1910/2520 1674/1780/2520 1672/1778/2520
f 1784/1911/2519 1672/1778/2519 1670/1776/2519
f 1783/1912/248 1785/1913/248 1781/1907/248
f 1786/1914/2518 1670/1776/2518 1668/1774/2518
f 1784/1915/248 1788/1916/248 1785/1913/248
f 1787/1917/2517 1668/1774/2517 1666/1772/2517
f 1787/1918/248 1788/1916/248 1786/1919/248
f 1789/1920/2558 1785/1913/2558 1788/1916/2558
f 1791/1921/2559 1788/1916/2559 1790/1922/2559
f 1792/1923/2560 1791/1921/2560 1790/1922/2560
f 1787/1918/248 1792/1923/248 1790/1922/248
f 1796/1924/248 1792/1925/248 1793/1926/248
f 1797/1927/2561 1792/1925/2561 1795/1928/2561
f 1796/1924/248 1723/1826/248 1795/1928/248
f 1723/1826/2562 1797/1927/2562 1795/1928/2562
f 1798/1929/352 1794/1930/1988 1797/1927/2563
f 1798/1929/352 1799/1830/352 1800/1931/352
f 1802/1932/352 1799/1830/352 1722/1832/352
f 1801/1933/2544 1798/1934/2544 1800/1935/2544
f 1803/1936/2543 1800/1935/2543 1802/1937/2545
f 1805/1938/2546 1802/1937/2546 1804/1939/2542
f 1804/1940/352 1722/1832/352 1725/1834/352
f 1807/1941/2541 1804/1939/2541 1806/1942/2541
f 1804/1940/352 1728/1838/352 1806/1943/352
f 1808/1944/352 1728/1838/352 1731/1840/352
f 1809/1945/2540 1806/1942/2540 1808/1946/2540
f 1808/1944/352 1733/1947/352 1810/1948/352
f 1811/1949/2539 1808/1946/2539 1810/1950/2539
f 1813/1951/2538 1810/1950/2538 1812/1952/2538
f 1810/1948/352 1815/1841/352 1812/1953/352
f 1885/1954/2537 1812/1952/2537 1814/1955/2537
f 1814/1956/352 1815/1841/352 1816/1957/352
f 1816/1957/2537 1734/1842/2537 1738/1850/2537
f 1817/1958/2536 1738/1850/2536 1740/1849/2536
f 1814/1956/352 1817/1958/352 1818/1959/352
f 1818/1959/352 1819/1960/352 1820/1961/352
f 1819/1960/2564 1740/1849/2564 1742/1854/2564
f 1820/1961/352 1746/1861/352 1822/1962/352
f 1821/1963/2535 1818/1964/2535 1820/1965/2535
f 1823/1966/2534 1820/1965/2534 1822/1967/2534
f 1825/1968/2533 1822/1967/2533 1824/1969/2533
f 1822/1962/352 1748/1862/352 1824/1970/352
f 1824/1970/352 1751/1865/352 1826/1971/352
f 1827/1972/2532 1824/1969/2532 1826/1973/2532
f 1826/1971/352 1753/1868/352 1828/1974/352
f 1829/1975/2531 1826/1973/2531 1828/1976/2531
f 1831/1977/2530 1828/1976/2530 1830/1978/2530
f 1830/1979/352 1753/1868/352 1833/1879/352
f 1834/1980/2529 1830/1978/2529 1832/1981/2529
f 1830/1979/352 1760/1881/352 1832/1982/352
f 1836/1983/2528 1832/1981/2528 1835/1984/2528
f 1835/1985/352 1760/1881/352 1762/1884/352
f 1838/1986/2527 1835/1984/2527 1837/1987/2527
f 1837/1988/352 1762/1884/352 1765/1887/352
f 1840/1989/2526 1837/1987/2526 1839/1990/2526
f 1839/1991/352 1765/1887/352 1767/1889/352
f 1842/1992/2525 1839/1990/2525 1841/1993/2525
f 1841/1994/352 1767/1889/352 1844/1995/352
f 1846/1996/2524 1841/1993/2524 1843/1997/2524
f 1841/1994/352 1845/1998/352 1843/1999/352
f 1772/1893/2524 1844/1995/2524 1768/1888/2524
f 1843/1999/352 1776/1901/352 1847/2000/352
f 1848/2001/2523 1843/1997/2523 1847/2002/2523
f 1850/2003/2522 1847/2002/2522 1849/2004/2522
f 1849/2005/352 1776/1901/352 1778/1902/352
f 1852/2006/2521 1849/2004/2521 1851/2007/2521
f 1849/2005/352 1780/1904/352 1851/2008/352
f 1854/2009/2520 1851/2007/2520 1853/2010/2520
f 1851/2008/352 1855/1906/352 1853/2011/352
f 1857/2012/2565 1853/2010/2565 1856/2013/2519
f 1853/2011/352 1858/2014/352 1856/2015/352
f 1860/2016/2518 1856/2013/2518 1859/2017/2558
f 1856/2015/352 1789/1920/352 1859/2018/352
f 1862/2019/2517 1859/2017/2517 1861/2020/2517
f 1859/2018/352 1791/1921/2566 1861/2021/352
f 1864/2022/2515 1861/2020/2515 1863/2023/2515
f 1861/2021/352 1794/2024/1988 1863/2025/1988
f 1866/2026/2516 1863/2023/2516 1798/1934/2516
f 1866/2026/2567 1865/2027/2567 1864/2022/2567
f 1865/2027/2568 1862/2019/2568 1864/2022/2568
f 1801/1933/2569 1867/2028/2570 1866/2026/2569
f 1870/2029/2571 1867/2028/2572 1869/2030/2572
f 1868/2031/2573 1865/2027/2573 1867/2028/2573
f 1872/2032/2574 1869/2030/2575 1871/2033/2575
f 1803/1936/2576 1869/2030/2577 1801/1933/2576
f 1874/2034/2578 1871/2033/2578 1873/2035/2578
f 1805/1938/2579 1871/2033/2579 1803/1936/2579
f 1876/2036/2580 1873/2035/2581 1875/2037/2581
f 1807/1941/2582 1873/2035/2582 1805/1938/2582
f 1878/2038/2583 1875/2037/2584 1877/2039/2584
f 1809/1945/2585 1875/2037/2586 1807/1941/2585
f 1880/2040/2587 1877/2039/2587 1879/2041/2587
f 1811/1949/2588 1877/2039/2588 1809/1945/2588
f 1882/2042/2589 1879/2041/2589 1881/2043/2589
f 1813/1951/2590 1879/2041/2590 1811/1949/2590
f 1884/2044/2591 1881/2043/2591 1883/2045/2591
f 1885/1954/2592 1881/2043/2592 1813/1951/2592
f 1887/2046/2593 1883/2045/2594 1886/2047/2594
f 1888/2048/2595 1883/2045/2596 1885/1954/2595
f 1890/2049/2597 1886/2047/2598 1889/2050/2598
f 1821/1963/2599 1886/2047/2599 1888/2048/2599
f 1892/2051/2600 1889/2050/2601 1891/2052/2601
f 1823/1966/2602 1889/2050/2603 1821/1963/2604
f 1894/2053/2605 1891/2052/2605 1893/2054/2605
f 1825/1968/2606 1891/2052/2606 1823/1966/2606
f 1896/2055/2607 1893/2054/2607 1895/2056/2607
f 1827/1972/2608 1893/2054/2608 1825/1968/2608
f 1898/2057/2609 1895/2056/2609 1897/2058/2609
f 1829/1975/2610 1895/2056/2610 1827/1972/2610
f 1899/2059/2611 1898/2057/2611 1897/2058/2611
f 1899/2059/2612 1829/1975/2612 1831/1977/2612
f 1901/2060/2613 1900/2061/2613 1899/2059/2613
f 1901/2060/2614 1831/1977/2614 1834/1980/2614
f 1903/2062/2615 1902/2063/2615 1901/2060/2615
f 1903/2062/2616 1834/1980/2616 1836/1983/2616
f 1905/2064/2617 1904/2065/2618 1903/2062/2617
f 1905/2064/2619 1836/1983/2620 1838/1986/2621
f 1907/2066/2622 1906/2067/2623 1905/2064/2622
f 1907/2066/2624 1838/1986/2624 1840/1989/2624
f 1909/2068/2625 1908/2069/2626 1907/2066/2625
f 1909/2068/2627 1840/1989/2628 1842/1992/2628
f 1911/2070/2629 1910/2071/2629 1909/2068/2629
f 1911/2070/2630 1842/1992/2630 1846/1996/2630
f 1913/2072/2631 1912/2073/2631 1911/2070/2631
f 1913/2072/2632 1846/1996/2632 1848/2001/2632
f 1915/2074/2633 1914/2075/2633 1913/2072/2633
f 1915/2074/2634 1848/2001/2634 1850/2003/2634
f 1917/2076/2635 1916/2077/2636 1915/2074/2635
f 1917/2076/2637 1850/2003/2638 1852/2006/2638
f 1919/2078/2639 1918/2079/2639 1917/2076/2639
f 1919/2078/2640 1852/2006/2640 1854/2009/2640
f 1921/2080/2641 1920/2081/2641 1919/2078/2641
f 1921/2080/2642 1854/2009/2642 1857/2012/2642
f 1923/2082/2643 1922/2083/2644 1921/2080/2643
f 1923/2082/2645 1857/2012/2646 1860/2016/2646
f 1925/2084/2647 1924/2085/2648 1923/2082/2647
f 1925/2084/2649 1860/2016/2650 1862/2019/2650
f 1865/2027/2651 1926/2086/2651 1925/2084/2651
f 1887/2046/352 1904/2065/352 1920/2081/352
f 1888/2048/2536 1814/1955/2536 1818/1964/2536
f 1858/2014/2565 1781/1907/2565 1785/1913/2565
f 1796/2087/2516 1664/2088/2516 1662/1768/2516
f 1720/2089/2544 1662/1768/2544 1660/1765/2544
f 1664/2088/2515 1787/1917/2515 1666/1772/2515
f 1764/2090/2527 1688/1794/2527 1686/1792/2527
f 1750/2091/2532 1698/1804/2532 1696/1802/2532
f 1730/2092/2540 1714/1820/2540 1712/1818/2540
f 1510/1620/248 1508/1618/248 1520/1627/248
f 1508/1618/248 1509/1617/248 1520/1627/248
f 1509/1617/248 1517/1624/248 1520/1627/248
f 1520/1627/248 1523/1630/248 1526/1633/248
f 1526/1633/248 1529/1636/248 1532/1639/248
f 1532/1639/248 1535/1642/248 1538/1645/248
f 1538/1645/248 1541/1648/248 1532/1639/248
f 1541/1648/248 1544/1613/248 1532/1639/248
f 1544/1613/248 1547/1653/248 1550/1656/248
f 1550/1656/248 1553/1659/248 1556/1662/248
f 1556/1662/248 1559/1665/248 1562/1668/248
f 1562/1668/248 1565/1671/248 1568/1614/248
f 1568/1614/248 1571/1676/248 1580/1685/248
f 1571/1676/248 1574/1679/248 1580/1685/248
f 1574/1679/248 1577/1682/248 1580/1685/248
f 1580/1685/248 1583/1688/248 1586/1691/248
f 1586/1691/248 1589/1694/248 1592/1615/248
f 1592/1615/248 1595/1699/248 1520/1627/248
f 1595/1699/248 1510/1620/248 1520/1627/248
f 1520/1627/248 1526/1633/248 1544/1613/248
f 1526/1633/248 1532/1639/248 1544/1613/248
f 1544/1613/248 1550/1656/248 1556/1662/248
f 1556/1662/248 1562/1668/248 1568/1614/248
f 1580/1685/248 1586/1691/248 1568/1614/248
f 1586/1691/248 1592/1615/248 1568/1614/248
f 1544/1613/248 1556/1662/248 1568/1614/248
f 1592/1615/248 1520/1627/248 1544/1613/248
f 1511/1616/2515 1514/1623/2515 1509/1617/2515
f 1513/1619/2516 1511/1616/2516 1508/1618/2516
f 1598/1621/2516 1512/1622/2516 1511/1616/2516
f 1512/1622/2515 1515/1625/2515 1514/1623/2515
f 1514/1623/2517 1516/1626/2517 1517/1624/2517
f 1515/1625/2517 1518/1628/2517 1516/1626/2517
f 1516/1626/2518 1519/1629/2518 1520/1627/2518
f 1518/1628/2518 1521/1631/2518 1519/1629/2518
f 1519/1629/2519 1522/1632/2519 1523/1630/2519
f 1521/1631/2519 1524/1634/2519 1522/1632/2519
f 1522/1632/2520 1525/1635/2520 1526/1633/2520
f 1524/1634/2520 1527/1637/2520 1525/1635/2520
f 1525/1635/2521 1528/1638/2521 1529/1636/2521
f 1527/1637/2521 1530/1640/2521 1528/1638/2521
f 1528/1638/2522 1531/1641/2522 1532/1639/2522
f 1530/1640/2522 1533/1643/2522 1531/1641/2522
f 1531/1641/2523 1534/1644/2523 1535/1642/2523
f 1533/1643/2523 1536/1646/2523 1534/1644/2523
f 1534/1644/2524 1537/1647/2524 1538/1645/2524
f 1536/1646/2524 1539/1649/2524 1537/1647/2524
f 1537/1647/2525 1540/1650/2525 1541/1648/2525
f 1539/1649/2525 1542/1651/2525 1540/1650/2525
f 1540/1650/2526 1543/1652/2526 1544/1613/2526
f 1542/1651/2526 1545/1654/2526 1543/1652/2526
f 1543/1652/2527 1546/1655/2527 1547/1653/2527
f 1545/1654/2527 1548/1657/2527 1546/1655/2527
f 1546/1655/2528 1549/1658/2528 1550/1656/2528
f 1548/1657/2528 1551/1660/2528 1549/1658/2528
f 1549/1658/2529 1552/1661/2529 1553/1659/2529
f 1551/1660/2529 1554/1663/2529 1552/1661/2529
f 1552/1661/2530 1555/1664/2530 1556/1662/2530
f 1554/1663/2530 1557/1666/2530 1555/1664/2530
f 1555/1664/2531 1558/1667/2531 1559/1665/2531
f 1557/1666/2531 1560/1669/2531 1558/1667/2531
f 1558/1667/2532 1561/1670/2532 1562/1668/2532
f 1560/1669/2532 1563/1672/2532 1561/1670/2532
f 1561/1670/2533 1564/1673/2533 1565/1671/2533
f 1563/1672/2533 1566/1674/2533 1564/1673/2533
f 1564/1673/2534 1567/1675/2534 1568/1614/2534
f 1566/1674/2534 1569/1677/2534 1567/1675/2534
f 1567/1675/2535 1570/1678/2535 1571/1676/2535
f 1569/1677/2535 1572/1680/2535 1570/1678/2535
f 1570/1678/2536 1573/1681/2536 1574/1679/2536
f 1572/1680/2536 1575/1683/2536 1573/1681/2536
f 1573/1681/2537 1576/1684/2537 1577/1682/2537
f 1575/1683/2537 1578/1686/2537 1576/1684/2537
f 1576/1684/2538 1579/1687/2538 1580/1685/2538
f 1578/1686/2538 1581/1689/2538 1579/1687/2538
f 1579/1687/2539 1582/1690/2539 1583/1688/2539
f 1581/1689/2539 1584/1692/2539 1582/1690/2539
f 1582/1690/2540 1585/1693/2540 1586/1691/2540
f 1584/1692/2540 1587/1695/2540 1585/1693/2540
f 1585/1693/2541 1588/1696/2541 1589/1694/2541
f 1587/1695/2541 1590/1697/2541 1588/1696/2541
f 1588/1696/2542 1591/1698/2542 1592/1615/2542
f 1590/1697/2542 1593/1700/2542 1591/1698/2542
f 1591/1698/2543 1594/1701/2543 1595/1699/2543
f 1593/1700/2543 1596/1702/2543 1594/1701/2543
f 1594/1701/2544 1513/1619/2544 1510/1620/2544
f 1596/1702/2544 1598/1621/2544 1513/1619/2544
f 1597/1703/2544 1599/1705/2544 1598/1621/2544
f 1655/1704/2543 1597/1703/2543 1596/1702/2543
f 1599/1705/2516 1601/1707/2516 1512/1622/2516
f 1600/1706/2516 1602/1770/2516 1601/1707/2516
f 1658/1708/2544 1600/1706/2544 1599/1705/2544
f 1512/1622/2515 1601/1707/2515 1603/1709/2515
f 1601/1707/2515 1602/1770/2515 1604/1710/2515
f 1604/1710/2517 1606/1712/2517 1605/1711/2517
f 1603/1709/2517 1605/1711/2517 1518/1628/2517
f 1606/1712/2518 1608/1714/2518 1607/1713/2518
f 1605/1711/2518 1607/1713/2518 1521/1631/2518
f 1608/1714/2519 1610/1716/2519 1609/1715/2519
f 1607/1713/2519 1609/1715/2519 1524/1634/2519
f 1610/1716/2520 1612/1718/2520 1611/1717/2520
f 1609/1715/2520 1611/1717/2520 1527/1637/2520
f 1612/1718/2521 1614/1720/2521 1613/1719/2521
f 1611/1717/2521 1613/1719/2521 1530/1640/2521
f 1614/1720/2522 1616/1722/2522 1615/1721/2522
f 1613/1719/2522 1615/1721/2522 1533/1643/2522
f 1616/1722/2523 1618/1724/2523 1617/1723/2523
f 1615/1721/2523 1617/1723/2523 1536/1646/2523
f 1618/1724/2524 1620/1726/2524 1619/1725/2524
f 1617/1723/2524 1619/1725/2524 1539/1649/2524
f 1620/1726/2525 1622/1728/2525 1621/1727/2525
f 1619/1725/2525 1621/1727/2525 1542/1651/2525
f 1622/1728/2526 1624/1730/2526 1623/1729/2526
f 1621/1727/2526 1623/1729/2526 1545/1654/2526
f 1624/1730/2527 1626/1732/2527 1625/1731/2527
f 1623/1729/2527 1625/1731/2527 1548/1657/2527
f 1626/1732/2528 1628/1734/2528 1627/1733/2528
f 1625/1731/2528 1627/1733/2528 1551/1660/2528
f 1628/1734/2529 1630/1736/2529 1629/1735/2529
f 1627/1733/2529 1629/1735/2529 1554/1663/2529
f 1630/1736/2530 1632/1738/2530 1631/1737/2530
f 1629/1735/2530 1631/1737/2530 1557/1666/2530
f 1632/1738/2531 1634/1740/2531 1633/1739/2531
f 1631/1737/2531 1633/1739/2531 1560/1669/2531
f 1634/1740/2532 1636/1742/2532 1635/1741/2532
f 1633/1739/2532 1635/1741/2532 1563/1672/2532
f 1636/1742/2533 1638/1744/2533 1637/1743/2533
f 1635/1741/2533 1637/1743/2533 1566/1674/2533
f 1638/1744/2534 1640/1746/2534 1639/1745/2534
f 1637/1743/2534 1639/1745/2534 1569/1677/2534
f 1640/1746/2535 1642/1748/2535 1641/1747/2535
f 1639/1745/2535 1641/1747/2535 1572/1680/2535
f 1642/1748/2536 1644/1750/2536 1643/1749/2536
f 1641/1747/2536 1643/1749/2536 1575/1683/2536
f 1644/1750/2537 1646/1752/2537 1645/1751/2537
f 1643/1749/2537 1645/1751/2537 1578/1686/2537
f 1646/1752/2538 1648/1754/2538 1647/1753/2538
f 1645/1751/2538 1647/1753/2538 1581/1689/2538
f 1648/1754/2539 1650/1756/2539 1649/1755/2539
f 1647/1753/2539 1649/1755/2539 1584/1692/2539
f 1650/1756/2540 1652/1758/2540 1651/1757/2540
f 1649/1755/2540 1651/1757/2540 1587/1695/2540
f 1652/1758/2541 1654/1760/2541 1653/1759/2541
f 1651/1757/2541 1653/1759/2541 1590/1697/2541
f 1654/1760/2542 1656/1761/2542 1655/1704/2542
f 1653/1759/2542 1655/1704/2542 1593/1700/2542
f 1656/1761/2543 1658/1708/2543 1597/1703/2543
f 1657/1762/2543 1659/1764/2543 1658/1708/2543
f 1715/1763/2542 1657/1762/2542 1656/1761/2542
f 1659/1764/2544 1661/1766/2544 1600/1706/2544
f 1660/1765/2544 1662/1768/2544 1661/1766/2544
f 1718/1767/2543 1660/1765/2543 1659/1764/2543
f 1662/1768/2516 1664/2088/2516 1663/1769/2516
f 1661/1766/2516 1663/1769/2516 1602/1770/2516
f 1602/1770/2515 1663/1769/2515 1665/1771/2515
f 1663/1769/2515 1664/2088/2515 1666/1772/2515
f 1666/1772/2517 1668/1774/2517 1667/1773/2517
f 1665/1771/2517 1667/1773/2517 1606/1712/2517
f 1668/1774/2518 1670/1776/2518 1669/1775/2518
f 1667/1773/2518 1669/1775/2518 1608/1714/2518
f 1670/1776/2519 1672/1778/2519 1671/1777/2519
f 1669/1775/2519 1671/1777/2519 1610/1716/2519
f 1672/1778/2520 1674/1780/2520 1673/1779/2520
f 1671/1777/2520 1673/1779/2520 1612/1718/2520
f 1674/1780/2521 1676/1782/2521 1675/1781/2521
f 1673/1779/2521 1675/1781/2521 1614/1720/2521
f 1676/1782/2522 1678/1784/2522 1677/1783/2522
f 1675/1781/2522 1677/1783/2522 1616/1722/2522
f 1678/1784/2523 1680/1786/2523 1679/1785/2523
f 1677/1783/2523 1679/1785/2523 1618/1724/2523
f 1680/1786/2524 1682/1788/2524 1681/1787/2524
f 1679/1785/2524 1681/1787/2524 1620/1726/2524
f 1682/1788/2525 1684/1790/2525 1683/1789/2525
f 1681/1787/2525 1683/1789/2525 1622/1728/2525
f 1684/1790/2526 1686/1792/2526 1685/1791/2526
f 1683/1789/2526 1685/1791/2526 1624/1730/2526
f 1686/1792/2527 1688/1794/2527 1687/1793/2527
f 1685/1791/2527 1687/1793/2527 1626/1732/2527
f 1688/1794/2528 1690/1796/2528 1689/1795/2528
f 1687/1793/2528 1689/1795/2528 1628/1734/2528
f 1690/1796/2529 1692/1798/2529 1691/1797/2529
f 1689/1795/2529 1691/1797/2529 1630/1736/2529
f 1692/1798/2530 1694/1800/2530 1693/1799/2530
f 1691/1797/2530 1693/1799/2530 1632/1738/2530
f 1694/1800/2531 1696/1802/2531 1695/1801/2531
f 1693/1799/2531 1695/1801/2531 1634/1740/2531
f 1696/1802/2532 1698/1804/2532 1697/1803/2532
f 1695/1801/2532 1697/1803/2532 1636/1742/2532
f 1698/1804/2533 1700/1806/2533 1699/1805/2533
f 1697/1803/2533 1699/1805/2533 1638/1744/2533
f 1700/1806/2534 1702/1808/2534 1701/1807/2534
f 1699/1805/2534 1701/1807/2534 1640/1746/2534
f 1702/1808/2535 1704/1810/2535 1703/1809/2535
f 1701/1807/2535 1703/1809/2535 1642/1748/2535
f 1704/1810/2536 1706/1812/2536 1705/1811/2536
f 1703/1809/2536 1705/1811/2536 1644/1750/2536
f 1706/1812/2537 1708/1814/2537 1707/1813/2537
f 1705/1811/2537 1707/1813/2537 1646/1752/2537
f 1708/1814/2538 1710/1816/2538 1709/1815/2538
f 1707/1813/2538 1709/1815/2538 1648/1754/2538
f 1710/1816/2539 1712/1818/2539 1711/1817/2539
f 1709/1815/2539 1711/1817/2539 1650/1756/2539
f 1712/1818/2540 1714/1820/2540 1713/1819/2540
f 1711/1817/2540 1713/1819/2540 1652/1758/2540
f 1714/1820/2541 1716/1821/2541 1715/1763/2541
f 1713/1819/2541 1715/1763/2541 1654/1760/2541
f 1716/1821/2542 1718/1767/2542 1657/1762/2542
f 1717/1822/2542 1719/1824/2542 1718/1767/2542
f 1727/1823/2541 1717/1822/2541 1716/1821/2541
f 1719/1824/2543 1720/2089/2543 1660/1765/2543
f 1719/1825/248 1721/1829/248 1723/1826/248
f 1717/1828/248 1724/1831/248 1721/1829/248
f 1721/1829/2545 1722/1832/2545 1799/1830/2545
f 1724/1831/2546 1725/1834/2546 1722/1832/2546
f 1726/1833/2541 1728/1838/2541 1725/1834/2541
f 1727/1835/248 1726/1833/248 1724/1831/248
f 1730/1836/248 1729/1837/248 1726/1833/248
f 1729/1837/2540 1731/1840/2540 1728/1838/2540
f 1730/1836/248 1735/1844/248 1732/1839/248
f 1732/1839/2547 1733/1947/2547 1731/1840/2547
f 1815/1841/2538 1733/1947/2538 1732/1839/2538
f 1736/1843/248 1734/1842/248 1732/1839/248
f 1735/1845/2539 1730/2092/2539 1712/1818/2539
f 1736/1846/2538 1735/1845/2538 1710/1816/2538
f 1737/1847/248 1738/1850/248 1734/1842/248
f 1737/1848/2537 1736/1846/2537 1708/1814/2537
f 1737/1847/248 1739/1853/248 1740/1849/248
f 1739/1851/2536 1737/1848/2536 1706/1812/2536
f 1741/1852/2535 1739/1851/2535 1704/1810/2535
f 1739/1853/248 1741/1856/248 1742/1854/248
f 1743/1855/2534 1741/1852/2534 1702/1808/2534
f 1741/1856/248 1743/1859/248 1745/1857/248
f 1744/1858/2533 1743/1855/2533 1700/1806/2533
f 1743/1859/248 1744/1864/248 1747/1860/248
f 1746/1861/2548 1819/1960/2652 1742/1854/2548
f 1748/1862/2549 1746/1861/2549 1745/1857/2549
f 1750/1863/248 1749/1866/248 1747/1860/248
f 1751/1865/2550 1748/1862/2550 1747/1860/2550
f 1750/1863/248 1755/1871/248 1752/1867/248
f 1753/1868/2551 1751/1865/2551 1749/1866/2551
f 1754/1869/2552 1833/1879/2552 1753/1868/2552
f 1756/1870/248 1754/1869/248 1752/1867/248
f 1755/1872/2531 1750/2091/2531 1696/1802/2531
f 1756/1873/2530 1755/1872/2530 1694/1800/2530
f 1757/1874/2529 1756/1873/2529 1692/1798/2529
f 1756/1870/248 1757/1878/248 1759/1875/248
f 1758/1876/2528 1757/1874/2528 1690/1796/2528
f 1758/1877/248 1761/1880/248 1759/1875/248
f 1759/1875/2553 1760/1881/2553 1833/1879/2553
f 1761/1880/2554 1762/1884/2554 1760/1881/2554
f 1764/1882/248 1763/1883/248 1761/1880/248
f 1763/1883/2555 1765/1887/2653 1762/1884/2555
f 1769/1885/248 1766/1886/248 1763/1883/248
f 1766/1886/2556 1767/1889/2556 1765/1887/2556
f 1768/1888/2525 1844/1995/2525 1767/1889/2525
f 1770/1890/248 1768/1888/248 1766/1886/248
f 1769/1891/2526 1764/2090/2526 1686/1792/2526
f 1770/1892/2525 1769/1891/2525 1684/1790/2525
f 1770/1890/248 1771/1896/248 1772/1893/248
f 1771/1894/2524 1770/1892/2524 1682/1788/2524
f 1773/1895/248 1775/1900/248 1772/1893/248
f 1773/1897/2523 1771/1894/2523 1680/1786/2523
f 1774/1898/2522 1773/1897/2522 1678/1784/2522
f 1774/1899/248 1777/1903/248 1775/1900/248
f 1776/1901/2523 1845/1998/2523 1772/1893/2523
f 1778/1902/2557 1776/1901/2557 1775/1900/2557
f 1780/1904/2521 1778/1902/2521 1777/1903/2521
f 1774/1899/248 1782/1908/248 1779/1905/248
f 1855/1906/2520 1780/1904/2520 1779/1905/2520
f 1782/1908/248 1783/1912/248 1781/1907/248
f 1782/1909/2521 1774/1898/2521 1676/1782/2521
f 1783/1910/2520 1782/1909/2520 1674/1780/2520
f 1784/1911/2519 1783/1910/2519 1672/1778/2519
f 1783/1912/248 1784/1915/248 1785/1913/248
f 1786/1914/2518 1784/1911/2518 1670/1776/2518
f 1784/1915/248 1786/1919/248 1788/1916/248
f 1787/1917/2517 1786/1914/2517 1668/1774/2517
f 1787/1918/248 1790/1922/248 1788/1916/248
f 1789/1920/2558 1858/2014/2558 1785/1913/2558
f 1791/1921/2559 1789/1920/2559 1788/1916/2559
f 1792/1923/2560 1794/2024/2560 1791/1921/2560
f 1787/1918/248 1793/2093/248 1792/1923/248
f 1796/1924/248 1795/1928/248 1792/1925/248
f 1797/1927/2561 1794/1930/2561 1792/1925/2561
f 1796/1924/248 1720/1827/248 1723/1826/248
f 1723/1826/2562 1799/1830/2562 1797/1927/2562
f 1798/1929/352 1863/2094/1988 1794/1930/1988
f 1798/1929/352 1797/1927/2563 1799/1830/352
f 1802/1932/352 1800/1931/352 1799/1830/352
f 1801/1933/2544 1866/2026/2544 1798/1934/2544
f 1803/1936/2543 1801/1933/2543 1800/1935/2543
f 1805/1938/2546 1803/1936/2546 1802/1937/2546
f 1804/1940/352 1802/1932/352 1722/1832/352
f 1807/1941/2541 1805/1938/2654 1804/1939/2541
f 1804/1940/352 1725/1834/352 1728/1838/352
f 1808/1944/352 1806/1943/352 1728/1838/352
f 1809/1945/2540 1807/1941/2540 1806/1942/2540
f 1808/1944/352 1731/1840/352 1733/1947/352
f 1811/1949/2539 1809/1945/2539 1808/1946/2539
f 1813/1951/2538 1811/1949/2538 1810/1950/2538
f 1810/1948/352 1733/1947/352 1815/1841/352
f 1885/1954/2537 1813/1951/2537 1812/1952/2537
f 1814/1956/352 1812/1953/352 1815/1841/352
f 1816/1957/2537 1815/1841/2537 1734/1842/2537
f 1817/1958/2536 1816/1957/2536 1738/1850/2536
f 1814/1956/352 1816/1957/352 1817/1958/352
f 1818/1959/352 1817/1958/352 1819/1960/352
f 1819/1960/2564 1817/1958/2564 1740/1849/2564
f 1820/1961/352 1819/1960/352 1746/1861/352
f 1821/1963/2535 1888/2048/2564 1818/1964/2535
f 1823/1966/2534 1821/1963/2534 1820/1965/2534
f 1825/1968/2533 1823/1966/2533 1822/1967/2533
f 1822/1962/352 1746/1861/352 1748/1862/352
f 1824/1970/352 1748/1862/352 1751/1865/352
f 1827/1972/2532 1825/1968/2532 1824/1969/2532
f 1826/1971/352 1751/1865/352 1753/1868/352
f 1829/1975/2531 1827/1972/2531 1826/1973/2531
f 1831/1977/2530 1829/1975/2530 1828/1976/2530
f 1830/1979/352 1828/1974/352 1753/1868/352
f 1834/1980/2529 1831/1977/2529 1830/1978/2529
f 1830/1979/352 1833/1879/352 1760/1881/352
f 1836/1983/2528 1834/1980/2528 1832/1981/2528
f 1835/1985/352 1832/1982/352 1760/1881/352
f 1838/1986/2527 1836/1983/2527 1835/1984/2527
f 1837/1988/352 1835/1985/352 1762/1884/352
f 1840/1989/2526 1838/1986/2556 1837/1987/2526
f 1839/1991/352 1837/1988/352 1765/1887/352
f 1842/1992/2525 1840/1989/2525 1839/1990/2525
f 1841/1994/352 1839/1991/352 1767/1889/352
f 1846/1996/2524 1842/1992/2524 1841/1993/2524
f 1841/1994/352 1844/1995/352 1845/1998/352
f 1772/1893/2524 1845/1998/2524 1844/1995/2524
f 1843/1999/352 1845/1998/352 1776/1901/352
f 1848/2001/2523 1846/1996/2523 1843/1997/2523
f 1850/2003/2522 1848/2001/2522 1847/2002/2522
f 1849/2005/352 1847/2000/352 1776/1901/352
f 1852/2006/2521 1850/2003/2521 1849/2004/2521
f 1849/2005/352 1778/1902/352 1780/1904/352
f 1854/2009/2520 1852/2006/2655 1851/2007/2520
f 1851/2008/352 1780/1904/352 1855/1906/352
f 1857/2012/2565 1854/2009/2565 1853/2010/2565
f 1853/2011/352 1855/1906/352 1858/2014/352
f 1860/2016/2518 1857/2012/2518 1856/2013/2518
f 1856/2015/352 1858/2014/352 1789/1920/352
f 1862/2019/2517 1860/2016/2517 1859/2017/2517
f 1859/2018/352 1789/1920/352 1791/1921/2566
f 1864/2022/2515 1862/2019/2515 1861/2020/2515
f 1861/2021/352 1791/1921/2566 1794/2024/1988
f 1866/2026/2516 1864/2022/2516 1863/2023/2516
f 1866/2026/2567 1867/2028/2567 1865/2027/2567
f 1865/2027/2568 1925/2084/2568 1862/2019/2568
f 1801/1933/2569 1869/2030/2570 1867/2028/2570
f 1870/2029/2571 1868/2031/2571 1867/2028/2572
f 1868/2031/2573 1927/2095/2573 1865/2027/2573
f 1872/2032/2574 1870/2029/2574 1869/2030/2575
f 1803/1936/2576 1871/2033/2577 1869/2030/2577
f 1874/2034/2578 1872/2032/2578 1871/2033/2578
f 1805/1938/2579 1873/2035/2579 1871/2033/2579
f 1876/2036/2580 1874/2034/2580 1873/2035/2581
f 1807/1941/2582 1875/2037/2582 1873/2035/2582
f 1878/2038/2583 1876/2036/2583 1875/2037/2584
f 1809/1945/2585 1877/2039/2586 1875/2037/2586
f 1880/2040/2587 1878/2038/2587 1877/2039/2587
f 1811/1949/2588 1879/2041/2588 1877/2039/2588
f 1882/2042/2589 1880/2040/2589 1879/2041/2589
f 1813/1951/2590 1881/2043/2590 1879/2041/2590
f 1884/2044/2591 1882/2042/2591 1881/2043/2591
f 1885/1954/2592 1883/2045/2592 1881/2043/2592
f 1887/2046/2593 1884/2044/2593 1883/2045/2594
f 1888/2048/2595 1886/2047/2596 1883/2045/2596
f 1890/2049/2597 1887/2046/2597 1886/2047/2598
f 1821/1963/2599 1889/2050/2599 1886/2047/2599
f 1892/2051/2600 1890/2049/2600 1889/2050/2601
f 1823/1966/2602 1891/2052/2603 1889/2050/2603
f 1894/2053/2605 1892/2051/2605 1891/2052/2605
f 1825/1968/2606 1893/2054/2606 1891/2052/2606
f 1896/2055/2607 1894/2053/2656 1893/2054/2607
f 1827/1972/2608 1895/2056/2608 1893/2054/2608
f 1898/2057/2609 1896/2055/2609 1895/2056/2609
f 1829/1975/2610 1897/2058/2610 1895/2056/2610
f 1899/2059/2611 1900/2061/2611 1898/2057/2611
f 1899/2059/2612 1897/2058/2612 1829/1975/2612
f 1901/2060/2613 1902/2063/2657 1900/2061/2613
f 1901/2060/2614 1899/2059/2614 1831/1977/2614
f 1903/2062/2615 1904/2065/2615 1902/2063/2615
f 1903/2062/2616 1901/2060/2616 1834/1980/2616
f 1905/2064/2617 1906/2067/2618 1904/2065/2618
f 1905/2064/2619 1903/2062/2619 1836/1983/2620
f 1907/2066/2622 1908/2069/2623 1906/2067/2623
f 1907/2066/2624 1905/2064/2624 1838/1986/2624
f 1909/2068/2625 1910/2071/2626 1908/2069/2626
f 1909/2068/2627 1907/2066/2627 1840/1989/2628
f 1911/2070/2629 1912/2073/2629 1910/2071/2629
f 1911/2070/2630 1909/2068/2630 1842/1992/2630
f 1913/2072/2631 1914/2075/2631 1912/2073/2631
f 1913/2072/2632 1911/2070/2632 1846/1996/2632
f 1915/2074/2633 1916/2077/2633 1914/2075/2633
f 1915/2074/2634 1913/2072/2634 1848/2001/2634
f 1917/2076/2635 1918/2079/2636 1916/2077/2636
f 1917/2076/2637 1915/2074/2637 1850/2003/2638
f 1919/2078/2639 1920/2081/2639 1918/2079/2639
f 1919/2078/2640 1917/2076/2640 1852/2006/2640
f 1921/2080/2641 1922/2083/2641 1920/2081/2641
f 1921/2080/2642 1919/2078/2642 1854/2009/2642
f 1923/2082/2643 1924/2085/2644 1922/2083/2644
f 1923/2082/2645 1921/2080/2645 1857/2012/2646
f 1925/2084/2647 1926/2086/2648 1924/2085/2648
f 1925/2084/2649 1923/2082/2649 1860/2016/2650
f 1865/2027/2651 1927/2095/2651 1926/2086/2651
f 1924/2085/352 1926/2086/2658 1927/2095/352
f 1927/2095/352 1868/2031/2658 1870/2029/352
f 1870/2029/352 1872/2032/1989 1874/2034/352
f 1874/2034/352 1876/2036/352 1878/2038/352
f 1878/2038/352 1880/2040/352 1882/2042/352
f 1882/2042/352 1884/2044/352 1878/2038/352
f 1884/2044/352 1887/2046/352 1878/2038/352
f 1887/2046/352 1890/2049/1989 1892/2051/352
f 1892/2051/352 1894/2053/2658 1896/2055/352
f 1896/2055/352 1898/2057/352 1904/2065/352
f 1898/2057/352 1900/2061/1989 1904/2065/352
f 1900/2061/1989 1902/2063/2658 1904/2065/352
f 1904/2065/352 1906/2067/1989 1908/2069/352
f 1908/2069/352 1910/2071/352 1912/2073/352
f 1912/2073/352 1914/2075/352 1916/2077/352
f 1916/2077/352 1918/2079/352 1912/2073/352
f 1918/2079/352 1920/2081/352 1912/2073/352
f 1920/2081/352 1922/2083/352 1924/2085/352
f 1924/2085/352 1927/2095/352 1870/2029/352
f 1870/2029/352 1874/2034/352 1887/2046/352
f 1874/2034/352 1878/2038/352 1887/2046/352
f 1887/2046/352 1892/2051/352 1904/2065/352
f 1892/2051/352 1896/2055/352 1904/2065/352
f 1904/2065/352 1908/2069/352 1920/2081/352
f 1908/2069/352 1912/2073/352 1920/2081/352
f 1920/2081/352 1924/2085/352 1870/2029/352
f 1920/2081/352 1870/2029/352 1887/2046/352
f 1888/2048/2536 1885/1954/2536 1814/1955/2536
f 1858/2014/2565 1855/1906/2565 1781/1907/2565
f 1796/2087/2516 1793/2096/2516 1664/2088/2516
f 1720/2089/2544 1796/2087/2544 1662/1768/2544
f 1664/2088/2515 1793/2096/2515 1787/1917/2515
f 1764/2090/2527 1758/1876/2527 1688/1794/2527
f 1750/2091/2532 1744/1858/2532 1698/1804/2532
f 1730/2092/2540 1727/1823/2540 1714/1820/2540
f 1928/2097/2659 1933/2098/2659 1932/2097/2659
f 1929/2099/264 1931/2100/264 1956/2101/264
f 1930/2102/2660 1932/2097/2660 1934/2103/2660
f 1930/2102/264 1931/2100/264 1928/2097/264
f 1936/2104/264 1935/2105/264 2081/2106/264
f 1937/2105/2661 1934/2103/2661 1935/2105/2661
f 1938/2104/2662 1935/2105/2662 1936/2104/2662
f 1938/2104/264 1939/2107/264 1937/2105/264
f 1937/2105/264 1942/2108/264 1930/2102/264
f 2058/2109/2663 1939/2110/2663 1940/2111/2663
f 1941/2112/2664 1942/2113/2664 1939/2110/2664
f 1943/2114/2665 1931/2115/2665 1942/2113/2665
f 1946/2116/290 1943/2117/290 1941/2118/290
f 1945/2119/290 1944/2120/290 1943/2117/290
f 1945/2119/2661 1949/2121/2661 1948/2119/2661
f 1947/2122/2660 1948/2119/2660 1950/2123/2660
f 1965/2124/290 1964/2125/290 1995/2126/290
f 1953/2127/2659 1950/2123/2659 1951/2128/2659
f 1954/2129/2666 1951/2128/2666 1952/2130/2666
f 1953/2127/290 1944/2120/290 1947/2122/290
f 1954/2129/290 1955/2131/290 1953/2127/290
f 1931/2132/2667 1955/2133/2667 1956/2134/2667
f 1956/2134/2668 1957/2135/2668 1958/2136/2668
f 1958/2136/2669 1959/2137/2669 1960/2138/2669
f 1962/2125/290 1957/2139/290 1954/2129/290
f 1960/2138/2670 1961/2140/2670 2115/2141/2670
f 1963/2124/290 1959/2142/290 1962/2125/290
f 1962/2125/2671 1952/2130/2671 1964/2125/2671
f 1963/2124/2672 1964/2125/2672 1965/2124/2672
f 1968/2143/2673 1965/2124/2673 1966/2143/2673
f 1969/2144/2674 1966/2143/2674 1967/2144/2674
f 1968/2143/290 1961/2145/290 1963/2124/290
f 1969/2144/290 1970/2146/290 1968/2143/290
f 2115/2141/2675 1970/2147/2676 1971/2148/2675
f 1971/2148/2677 1972/2149/2677 1973/2150/2677
f 1973/2150/2678 1974/2151/2678 1975/2152/2678
f 1977/2153/290 1972/2154/290 1969/2144/290
f 1975/2152/2679 1976/2155/2679 2106/2156/2679
f 1978/2157/290 1974/2158/290 1977/2153/290
f 1977/2153/2680 1967/2144/2680 1979/2159/2680
f 1977/2153/2681 1980/2160/2681 1978/2157/2681
f 1978/2157/2682 1981/2161/2682 1983/2161/2682
f 1984/2162/2683 1981/2161/2683 1982/2163/2683
f 1978/2157/290 1985/2164/290 1976/2165/290
f 1983/2161/290 1987/2166/290 1985/2164/290
f 1976/2155/2684 1986/2167/2684 2106/2156/2684
f 1985/2168/2685 1988/2169/2685 1986/2167/2685
f 1987/2170/2686 1990/2171/2686 1988/2169/2686
f 1984/2162/290 1989/2172/290 1987/2166/290
f 1989/2173/2687 2097/2174/2687 1990/2171/2687
f 1992/2175/290 1991/2176/290 1989/2172/290
f 1984/2162/2688 1994/2177/2688 1992/2175/2688
f 1992/2175/2689 1995/2126/2689 1993/2178/2689
f 1993/2178/2690 1996/2179/2690 1998/2179/2690
f 1998/2179/2691 1997/2180/2691 1999/2181/2691
f 1993/2178/290 2000/2182/290 1991/2176/290
f 1998/2179/290 2002/2183/290 2000/2182/290
f 1991/2184/2692 2001/2185/2693 2097/2174/2693
f 2000/2186/2694 2003/2187/2694 2001/2185/2694
f 2002/2188/2695 2005/2189/2695 2003/2187/2695
f 1999/2181/290 2004/2190/290 2002/2183/290
f 2004/2191/2696 2088/2192/2697 2005/2189/2697
f 2007/2193/290 2006/2194/290 2004/2190/290
f 1999/2181/2698 2009/2193/2698 2007/2193/2698
f 2007/2193/2699 2010/2195/2699 2008/2196/2699
f 2008/2196/2700 2011/2197/2700 2013/2197/2700
f 2013/2197/2701 2012/2198/2701 2014/2198/2701
f 2013/2197/290 2006/2194/290 2008/2196/290
f 2014/2198/290 2015/2199/290 2013/2197/290
f 2088/2192/2702 2015/2200/2703 2016/2201/2702
f 2016/2201/2704 2017/2202/2704 2018/2203/2704
f 2018/2203/2705 2019/2204/2705 2020/2205/2705
f 2022/2206/290 2017/2207/290 2014/2198/290
f 2020/2205/2706 2021/2208/2707 2079/2209/2706
f 2023/2210/290 2019/2211/290 2022/2206/290
f 2014/2198/2708 2024/2206/2708 2022/2206/2708
f 2022/2206/2709 2025/2210/2709 2023/2210/2709
f 2023/2210/2710 2026/2212/2710 2028/2212/2710
f 2028/2212/2711 2027/2213/2711 2029/2213/2711
f 2028/2212/290 2021/2214/290 2023/2210/290
f 2029/2213/290 2030/2215/290 2028/2212/290
f 2079/2209/2712 2030/2216/2712 2031/2217/2712
f 2031/2217/2713 2032/2218/2713 2033/2219/2713
f 2033/2219/2714 2034/2220/2714 2035/2221/2714
f 2037/2222/290 2032/2223/290 2029/2213/290
f 2035/2221/2715 2036/2224/2715 2070/2225/2715
f 2038/2226/290 2034/2227/290 2037/2222/290
f 2029/2213/2716 2039/2228/2716 2037/2222/2716
f 2037/2222/2717 2040/2226/2717 2038/2226/2717
f 2038/2226/2718 2041/2229/2718 2043/2229/2718
f 2044/2230/2719 2041/2229/2719 2042/2230/2719
f 2038/2226/290 2045/2231/290 2036/2232/290
f 2043/2229/290 2047/2233/290 2045/2231/290
f 2036/2224/2720 2046/2234/2720 2070/2225/2720
f 2045/2235/2721 2048/2236/2721 2046/2234/2721
f 2047/2237/2722 2050/2238/2722 2048/2236/2722
f 2044/2230/290 2049/2239/290 2047/2233/290
f 2049/2240/2723 2059/2241/2724 2050/2238/2724
f 2052/2242/290 2051/2243/290 2049/2239/290
f 2052/2242/2725 2042/2230/2725 2054/2242/2725
f 2053/2244/2726 2054/2242/2726 2055/2244/2726
f 2057/2245/2727 2055/2244/2727 2056/2245/2727
f 1946/2116/2662 2056/2245/2662 1949/2121/2662
f 2053/2244/290 2058/2246/290 2051/2243/290
f 2057/2245/290 1941/2118/290 2058/2246/290
f 2051/2247/2728 1940/2111/2728 2059/2241/2728
f 2061/2248/264 2059/2249/264 2060/2250/264
f 2060/2250/264 1940/2251/264 1938/2104/264
f 2061/2248/2726 2062/2250/2726 2063/2252/2726
f 2060/2250/2727 1936/2104/2727 2062/2250/2727
f 2066/2253/2725 2063/2252/2725 2064/2254/2725
f 2066/2253/2719 2065/2255/2719 2067/2256/2719
f 2067/2256/264 2048/2257/264 2066/2253/264
f 2066/2253/264 2050/2258/264 2061/2248/264
f 2067/2256/2718 2071/2259/2718 2068/2260/2718
f 2068/2260/264 2046/2261/264 2067/2256/264
f 2068/2260/2717 2072/2262/2717 2069/2262/2717
f 2068/2260/264 2035/2263/264 2070/2264/264
f 2069/2262/2716 2073/2265/2716 2075/2265/2716
f 2075/2265/2711 2074/2266/2711 2076/2266/2711
f 2075/2265/264 2031/2267/264 2033/2268/264
f 2069/2262/264 2033/2268/264 2035/2263/264
f 2076/2266/2710 2080/2269/2710 2077/2269/2710
f 2076/2266/264 2079/2270/264 2031/2267/264
f 2077/2269/2709 2081/2106/2709 2078/2106/2709
f 2077/2269/264 2020/2271/264 2079/2270/264
f 2078/2106/2708 2082/2272/2708 2084/2272/2708
f 2084/2272/2701 2083/2273/2701 2085/2273/2701
f 2084/2272/264 2016/2274/264 2018/2275/264
f 2078/2106/264 2018/2275/264 2020/2271/264
f 2085/2273/2700 2089/2276/2700 2086/2277/2700
f 2085/2273/264 2088/2278/264 2016/2274/264
f 2086/2277/2699 2090/2279/2699 2087/2280/2699
f 2087/2280/264 2088/2278/264 2086/2277/264
f 2093/2281/2698 2090/2279/2698 2091/2282/2698
f 2093/2281/2691 2092/2283/2691 2094/2284/2691
f 2094/2284/264 2003/2285/264 2093/2281/264
f 2093/2281/264 2005/2286/264 2087/2280/264
f 2094/2284/2690 2098/2287/2690 2095/2287/2690
f 2095/2287/264 2001/2288/264 2094/2284/264
f 2095/2287/2689 2099/2289/2689 2096/2290/2689
f 2096/2290/264 2097/2291/264 2095/2287/264
f 2096/2290/2688 2100/2292/2688 2102/2292/2688
f 2102/2292/2683 2101/2293/2683 2103/2294/2683
f 2103/2294/264 1988/2295/264 2102/2292/264
f 2102/2292/264 1990/2296/264 2096/2290/264
f 2104/2297/2682 2101/2293/2682 2107/2298/2682
f 2104/2297/264 1986/2299/264 2103/2294/264
f 2105/2300/2681 2107/2298/2681 2108/2300/2681
f 2104/2297/264 1975/2301/264 2106/2302/264
f 2111/2303/2680 2108/2300/2680 2109/2303/2680
f 2112/2304/2674 2109/2303/2674 2110/2304/2674
f 2111/2303/264 1971/2305/264 1973/2306/264
f 2105/2300/264 1973/2306/264 1975/2301/264
f 2112/2304/2673 2116/2307/2673 2113/2308/2673
f 2112/2304/264 2115/2309/264 1971/2305/264
f 2114/2310/2672 2116/2307/2672 2117/2311/2672
f 2113/2308/264 1960/2312/264 2115/2309/264
f 2119/2313/2671 2117/2311/2671 2118/2313/2671
f 1929/2099/2666 2118/2313/2666 1933/2098/2666
f 2119/2313/264 1956/2101/264 1958/2314/264
f 2114/2310/264 1958/2314/264 1960/2312/264
f 1928/2097/2659 1929/2099/2659 1933/2098/2659
f 1929/2099/264 1928/2097/264 1931/2100/264
f 1930/2102/2660 1928/2097/2660 1932/2097/2660
f 1930/2102/264 1942/2108/264 1931/2100/264
f 1934/2103/264 1932/2097/264 2089/2276/264
f 1932/2097/264 1933/2098/264 2090/2279/264
f 1933/2098/264 2118/2313/264 2090/2279/264
f 2118/2313/264 2117/2311/264 2091/2282/264
f 2090/2279/264 2118/2313/264 2091/2282/264
f 2117/2311/264 2116/2307/264 2098/2287/264
f 2116/2307/264 2110/2304/264 2099/2289/264
f 2110/2304/264 2109/2303/264 2099/2289/264
f 2109/2303/264 2108/2300/264 2100/2292/264
f 2099/2289/264 2109/2303/264 2100/2292/264
f 2108/2300/264 2107/2298/264 2101/2293/264
f 2101/2293/264 2100/2292/264 2108/2300/264
f 2099/2289/264 2098/2287/264 2116/2307/264
f 2098/2287/264 2092/2283/264 2117/2311/264
f 2092/2283/264 2091/2282/264 2117/2311/264
f 2090/2279/264 2089/2276/264 1932/2097/264
f 2089/2276/264 2083/2273/264 1934/2103/264
f 2083/2273/264 2082/2272/264 1934/2103/264
f 2082/2272/264 2081/2106/264 1935/2105/264
f 1934/2103/264 2082/2272/264 1935/2105/264
f 2081/2106/264 2080/2269/264 2062/2250/264
f 2080/2269/264 2074/2266/264 2063/2252/264
f 2074/2266/264 2073/2265/264 2063/2252/264
f 2073/2265/264 2072/2262/264 2064/2254/264
f 2063/2252/264 2073/2265/264 2064/2254/264
f 2072/2262/264 2071/2259/264 2065/2255/264
f 2065/2255/264 2064/2254/264 2072/2262/264
f 2063/2252/264 2062/2250/264 2080/2269/264
f 2062/2250/264 1936/2104/264 2081/2106/264
f 1937/2105/2661 1930/2102/2661 1934/2103/2661
f 1938/2104/2662 1937/2105/2662 1935/2105/2662
f 1938/2104/264 1940/2251/264 1939/2107/264
f 1937/2105/264 1939/2107/264 1942/2108/264
f 2058/2109/2663 1941/2112/2663 1939/2110/2663
f 1941/2112/2664 1943/2114/2664 1942/2113/2664
f 1943/2114/2665 1944/2315/2729 1931/2115/2665
f 1946/2116/290 1945/2119/290 1943/2117/290
f 1945/2119/290 1947/2122/290 1944/2120/290
f 1945/2119/2661 1946/2116/2661 1949/2121/2661
f 1947/2122/2660 1945/2119/2660 1948/2119/2660
f 1952/2130/290 1951/2128/290 2009/2193/290
f 1951/2128/290 1950/2123/290 2010/2195/290
f 1950/2123/290 1948/2119/290 2011/2197/290
f 1948/2119/290 1949/2121/290 2012/2198/290
f 1949/2121/290 2056/2245/290 2012/2198/290
f 2056/2245/290 2055/2244/290 2024/2206/290
f 2012/2198/290 2056/2245/290 2024/2206/290
f 2055/2244/290 2054/2242/290 2025/2210/290
f 2054/2242/290 2042/2230/290 2026/2212/290
f 2025/2210/290 2054/2242/290 2026/2212/290
f 2042/2230/290 2041/2229/290 2027/2213/290
f 2041/2229/290 2040/2226/290 2039/2228/290
f 2027/2213/290 2041/2229/290 2039/2228/290
f 2027/2213/290 2026/2212/290 2042/2230/290
f 2025/2210/290 2024/2206/290 2055/2244/290
f 2012/2198/290 2011/2197/290 1948/2119/290
f 2011/2197/290 2010/2195/290 1950/2123/290
f 2010/2195/290 2009/2193/290 1951/2128/290
f 2009/2193/290 1997/2180/290 1952/2130/290
f 1997/2180/290 1996/2179/290 1952/2130/290
f 1996/2179/290 1995/2126/290 1964/2125/290
f 1952/2130/290 1996/2179/290 1964/2125/290
f 1995/2126/290 1994/2177/290 1965/2124/290
f 1994/2177/290 1982/2163/290 1966/2143/290
f 1965/2124/290 1994/2177/290 1966/2143/290
f 1982/2163/290 1981/2161/290 1967/2144/290
f 1981/2161/290 1980/2160/290 1979/2159/290
f 1967/2144/290 1981/2161/290 1979/2159/290
f 1967/2144/290 1966/2143/290 1982/2163/290
f 1953/2127/2659 1947/2122/2659 1950/2123/2659
f 1954/2129/2666 1953/2127/2666 1951/2128/2666
f 1953/2127/290 1955/2131/290 1944/2120/290
f 1954/2129/290 1957/2139/290 1955/2131/290
f 1931/2132/2667 1944/2316/2730 1955/2133/2667
f 1956/2134/2668 1955/2133/2668 1957/2135/2668
f 1958/2136/2669 1957/2135/2669 1959/2137/2669
f 1962/2125/290 1959/2142/290 1957/2139/290
f 1960/2138/2670 1959/2137/2670 1961/2140/2670
f 1963/2124/290 1961/2145/290 1959/2142/290
f 1962/2125/2671 1954/2129/2671 1952/2130/2671
f 1963/2124/2672 1962/2125/2672 1964/2125/2672
f 1968/2143/2673 1963/2124/2673 1965/2124/2673
f 1969/2144/2674 1968/2143/2674 1966/2143/2674
f 1968/2143/290 1970/2146/290 1961/2145/290
f 1969/2144/290 1972/2154/290 1970/2146/290
f 2115/2141/2675 1961/2140/2676 1970/2147/2676
f 1971/2148/2677 1970/2147/2677 1972/2149/2677
f 1973/2150/2678 1972/2149/2678 1974/2151/2678
f 1977/2153/290 1974/2158/290 1972/2154/290
f 1975/2152/2679 1974/2151/2731 1976/2155/2679
f 1978/2157/290 1976/2165/290 1974/2158/290
f 1977/2153/2680 1969/2144/2680 1967/2144/2680
f 1977/2153/2681 1979/2159/2681 1980/2160/2681
f 1978/2157/2682 1980/2160/2682 1981/2161/2682
f 1984/2162/2683 1983/2161/2683 1981/2161/2683
f 1978/2157/290 1983/2161/290 1985/2164/290
f 1983/2161/290 1984/2162/290 1987/2166/290
f 1976/2155/2684 1985/2168/2684 1986/2167/2684
f 1985/2168/2685 1987/2170/2685 1988/2169/2685
f 1987/2170/2686 1989/2173/2686 1990/2171/2686
f 1984/2162/290 1992/2175/290 1989/2172/290
f 1989/2173/2687 1991/2184/2687 2097/2174/2687
f 1992/2175/290 1993/2178/290 1991/2176/290
f 1984/2162/2688 1982/2163/2688 1994/2177/2688
f 1992/2175/2689 1994/2177/2689 1995/2126/2689
f 1993/2178/2690 1995/2126/2690 1996/2179/2690
f 1998/2179/2691 1996/2179/2691 1997/2180/2691
f 1993/2178/290 1998/2179/290 2000/2182/290
f 1998/2179/290 1999/2181/290 2002/2183/290
f 1991/2184/2692 2000/2186/2692 2001/2185/2693
f 2000/2186/2694 2002/2188/2694 2003/2187/2694
f 2002/2188/2695 2004/2191/2695 2005/2189/2695
f 1999/2181/290 2007/2193/290 2004/2190/290
f 2004/2191/2696 2006/2317/2696 2088/2192/2697
f 2007/2193/290 2008/2196/290 2006/2194/290
f 1999/2181/2698 1997/2180/2698 2009/2193/2698
f 2007/2193/2699 2009/2193/2699 2010/2195/2699
f 2008/2196/2700 2010/2195/2700 2011/2197/2700
f 2013/2197/2701 2011/2197/2701 2012/2198/2701
f 2013/2197/290 2015/2199/290 2006/2194/290
f 2014/2198/290 2017/2207/290 2015/2199/290
f 2088/2192/2702 2006/2317/2703 2015/2200/2703
f 2016/2201/2704 2015/2200/2704 2017/2202/2704
f 2018/2203/2705 2017/2202/2705 2019/2204/2705
f 2022/2206/290 2019/2211/290 2017/2207/290
f 2020/2205/2706 2019/2204/2707 2021/2208/2707
f 2023/2210/290 2021/2214/290 2019/2211/290
f 2014/2198/2708 2012/2198/2708 2024/2206/2708
f 2022/2206/2709 2024/2206/2709 2025/2210/2709
f 2023/2210/2710 2025/2210/2710 2026/2212/2710
f 2028/2212/2711 2026/2212/2711 2027/2213/2711
f 2028/2212/290 2030/2215/290 2021/2214/290
f 2029/2213/290 2032/2223/290 2030/2215/290
f 2079/2209/2712 2021/2208/2712 2030/2216/2712
f 2031/2217/2713 2030/2216/2713 2032/2218/2713
f 2033/2219/2714 2032/2218/2714 2034/2220/2714
f 2037/2222/290 2034/2227/290 2032/2223/290
f 2035/2221/2715 2034/2220/2715 2036/2224/2715
f 2038/2226/290 2036/2232/290 2034/2227/290
f 2029/2213/2716 2027/2213/2716 2039/2228/2716
f 2037/2222/2717 2039/2228/2717 2040/2226/2717
f 2038/2226/2718 2040/2226/2718 2041/2229/2718
f 2044/2230/2719 2043/2229/2719 2041/2229/2719
f 2038/2226/290 2043/2229/290 2045/2231/290
f 2043/2229/290 2044/2230/290 2047/2233/290
f 2036/2224/2720 2045/2235/2732 2046/2234/2720
f 2045/2235/2721 2047/2237/2721 2048/2236/2721
f 2047/2237/2722 2049/2240/2722 2050/2238/2722
f 2044/2230/290 2052/2242/290 2049/2239/290
f 2049/2240/2723 2051/2247/2723 2059/2241/2724
f 2052/2242/290 2053/2244/290 2051/2243/290
f 2052/2242/2725 2044/2230/2725 2042/2230/2725
f 2053/2244/2726 2052/2242/2726 2054/2242/2726
f 2057/2245/2727 2053/2244/2727 2055/2244/2727
f 1946/2116/2662 2057/2245/2662 2056/2245/2662
f 2053/2244/290 2057/2245/290 2058/2246/290
f 2057/2245/290 1946/2116/290 1941/2118/290
f 2051/2247/2728 2058/2109/2728 1940/2111/2728
f 2061/2248/264 2050/2258/264 2059/2249/264
f 2060/2250/264 2059/2249/264 1940/2251/264
f 2061/2248/2726 2060/2250/2726 2062/2250/2726
f 2060/2250/2727 1938/2104/2727 1936/2104/2727
f 2066/2253/2725 2061/2248/2725 2063/2252/2725
f 2066/2253/2719 2064/2254/2719 2065/2255/2719
f 2067/2256/264 2046/2261/264 2048/2257/264
f 2066/2253/264 2048/2257/264 2050/2258/264
f 2067/2256/2718 2065/2255/2718 2071/2259/2718
f 2068/2260/264 2070/2264/264 2046/2261/264
f 2068/2260/2717 2071/2259/2717 2072/2262/2717
f 2068/2260/264 2069/2262/264 2035/2263/264
f 2069/2262/2716 2072/2262/2716 2073/2265/2716
f 2075/2265/2711 2073/2265/2711 2074/2266/2711
f 2075/2265/264 2076/2266/264 2031/2267/264
f 2069/2262/264 2075/2265/264 2033/2268/264
f 2076/2266/2710 2074/2266/2710 2080/2269/2710
f 2076/2266/264 2077/2269/264 2079/2270/264
f 2077/2269/2709 2080/2269/2709 2081/2106/2709
f 2077/2269/264 2078/2106/264 2020/2271/264
f 2078/2106/2708 2081/2106/2708 2082/2272/2708
f 2084/2272/2701 2082/2272/2701 2083/2273/2701
f 2084/2272/264 2085/2273/264 2016/2274/264
f 2078/2106/264 2084/2272/264 2018/2275/264
f 2085/2273/2700 2083/2273/2700 2089/2276/2700
f 2085/2273/264 2086/2277/264 2088/2278/264
f 2086/2277/2699 2089/2276/2699 2090/2279/2699
f 2087/2280/264 2005/2286/264 2088/2278/264
f 2093/2281/2698 2087/2280/2698 2090/2279/2698
f 2093/2281/2691 2091/2282/2691 2092/2283/2691
f 2094/2284/264 2001/2288/264 2003/2285/264
f 2093/2281/264 2003/2285/264 2005/2286/264
f 2094/2284/2690 2092/2283/2690 2098/2287/2690
f 2095/2287/264 2097/2291/264 2001/2288/264
f 2095/2287/2689 2098/2287/2689 2099/2289/2689
f 2096/2290/264 1990/2296/264 2097/2291/264
f 2096/2290/2688 2099/2289/2688 2100/2292/2688
f 2102/2292/2683 2100/2292/2683 2101/2293/2683
f 2103/2294/264 1986/2299/264 1988/2295/264
f 2102/2292/264 1988/2295/264 1990/2296/264
f 2104/2297/2682 2103/2294/2682 2101/2293/2682
f 2104/2297/264 2106/2302/264 1986/2299/264
f 2105/2300/2681 2104/2297/2681 2107/2298/2681
f 2104/2297/264 2105/2300/264 1975/2301/264
f 2111/2303/2680 2105/2300/2680 2108/2300/2680
f 2112/2304/2674 2111/2303/2674 2109/2303/2674
f 2111/2303/264 2112/2304/264 1971/2305/264
f 2105/2300/264 2111/2303/264 1973/2306/264
f 2112/2304/2673 2110/2304/2673 2116/2307/2673
f 2112/2304/264 2113/2308/264 2115/2309/264
f 2114/2310/2672 2113/2308/2672 2116/2307/2672
f 2113/2308/264 2114/2310/264 1960/2312/264
f 2119/2313/2671 2114/2310/2671 2117/2311/2671
f 1929/2099/2666 2119/2313/2666 2118/2313/2666
f 2119/2313/264 1929/2099/264 1956/2101/264
f 2114/2310/264 2119/2313/264 1958/2314/264
f 2120/2318/2699 2125/2319/2699 2124/2320/2699
f 2121/2321/290 2123/2322/290 2148/2323/290
f 2122/2324/2700 2124/2320/2700 2126/2324/2700
f 2122/2324/290 2123/2322/290 2120/2318/290
f 2128/2325/290 2127/2326/290 2273/2327/290
f 2129/2326/2701 2126/2324/2701 2127/2326/2701
f 2130/2325/2708 2127/2326/2708 2128/2325/2708
f 2130/2325/290 2131/2328/290 2129/2326/290
f 2129/2326/290 2134/2329/290 2122/2324/290
f 2250/2330/2733 2131/2331/2733 2132/2332/2733
f 2133/2333/2734 2134/2334/2734 2131/2331/2734
f 2135/2335/2735 2123/2336/2736 2134/2334/2736
f 2138/2337/264 2135/2338/264 2133/2339/264
f 2137/2340/264 2136/2341/264 2135/2338/264
f 2137/2340/2701 2141/2337/2701 2140/2340/2701
f 2139/2342/2700 2140/2340/2700 2142/2342/2700
f 2157/2343/264 2156/2344/264 2187/2345/264
f 2145/2346/2699 2142/2342/2699 2143/2346/2699
f 2146/2347/2698 2143/2346/2698 2144/2347/2698
f 2145/2346/264 2136/2341/264 2139/2342/264
f 2146/2347/264 2147/2348/264 2145/2346/264
f 2123/2349/2737 2147/2350/2738 2148/2351/2737
f 2148/2351/2739 2149/2352/2739 2150/2353/2739
f 2150/2353/2740 2151/2354/2740 2152/2355/2740
f 2154/2344/264 2149/2356/264 2146/2347/264
f 2152/2355/2741 2153/2357/2741 2307/2358/2741
f 2155/2343/264 2151/2359/264 2154/2344/264
f 2154/2344/2691 2144/2347/2691 2156/2344/2691
f 2155/2343/2690 2156/2344/2690 2157/2343/2690
f 2160/2360/2689 2157/2343/2689 2158/2360/2689
f 2161/2361/2688 2158/2360/2688 2159/2362/2688
f 2160/2360/264 2153/2363/264 2155/2343/264
f 2161/2361/264 2162/2364/264 2160/2360/264
f 2307/2358/2742 2162/2365/2742 2163/2366/2742
f 2163/2366/2743 2164/2367/2743 2165/2368/2743
f 2165/2368/2744 2166/2369/2744 2167/2370/2744
f 2169/2371/264 2164/2372/264 2161/2361/264
f 2167/2370/2745 2168/2373/2745 2298/2374/2745
f 2170/2375/264 2166/2376/264 2169/2371/264
f 2169/2371/2683 2159/2362/2683 2171/2377/2683
f 2169/2371/2682 2172/2375/2682 2170/2375/2682
f 2170/2375/2681 2173/2378/2681 2175/2378/2681
f 2175/2378/2680 2174/2379/2680 2176/2379/2680
f 2170/2375/264 2177/2380/264 2168/2381/264
f 2175/2378/264 2179/2382/264 2177/2380/264
f 2168/2373/2746 2178/2383/2746 2298/2374/2746
f 2177/2384/2747 2180/2385/2747 2178/2383/2747
f 2179/2386/2748 2182/2387/2748 2180/2385/2748
f 2176/2379/264 2181/2388/264 2179/2382/264
f 2181/2389/2749 2289/2390/2749 2182/2387/2749
f 2184/2391/264 2183/2392/264 2181/2388/264
f 2176/2379/2674 2186/2391/2674 2184/2391/2674
f 2184/2391/2673 2187/2345/2673 2185/2345/2673
f 2185/2345/2672 2188/2393/2672 2190/2393/2672
f 2190/2393/2671 2189/2394/2671 2191/2394/2671
f 2185/2345/264 2192/2395/264 2183/2392/264
f 2190/2393/264 2194/2396/264 2192/2395/264
f 2183/2397/2750 2193/2398/2750 2289/2390/2750
f 2192/2399/2751 2195/2400/2751 2193/2398/2751
f 2194/2401/2752 2197/2402/2752 2195/2400/2752
f 2191/2394/264 2196/2403/264 2194/2396/264
f 2196/2404/2753 2280/2405/2753 2197/2402/2753
f 2199/2406/264 2198/2407/264 2196/2403/264
f 2191/2394/2666 2201/2406/2666 2199/2406/2666
f 2199/2406/2659 2202/2408/2659 2200/2409/2659
f 2200/2409/2660 2203/2410/2660 2205/2410/2660
f 2205/2410/2661 2204/2411/2661 2206/2411/2661
f 2205/2410/264 2198/2407/264 2200/2409/264
f 2206/2411/264 2207/2412/264 2205/2410/264
f 2280/2405/2754 2207/2413/2754 2208/2414/2755
f 2208/2414/2756 2209/2415/2756 2210/2416/2756
f 2210/2416/2757 2211/2417/2757 2212/2418/2757
f 2214/2419/264 2209/2420/264 2206/2411/264
f 2212/2418/2758 2213/2421/2758 2271/2422/2758
f 2215/2423/264 2211/2424/264 2214/2419/264
f 2206/2411/2662 2216/2419/2662 2214/2419/2662
f 2214/2419/2727 2217/2423/2727 2215/2423/2727
f 2215/2423/2726 2218/2425/2726 2220/2425/2726
f 2220/2425/2725 2219/2426/2725 2221/2426/2725
f 2220/2425/264 2213/2427/264 2215/2423/264
f 2221/2426/264 2222/2428/264 2220/2425/264
f 2271/2422/2759 2222/2429/2759 2223/2430/2759
f 2223/2430/2760 2224/2431/2760 2225/2432/2760
f 2225/2432/2761 2226/2433/2761 2227/2434/2761
f 2229/2435/264 2224/2436/264 2221/2426/264
f 2227/2434/2762 2228/2437/2762 2262/2438/2762
f 2230/2439/264 2226/2440/264 2229/2435/264
f 2221/2426/2719 2231/2435/2719 2229/2435/2719
f 2229/2435/2718 2232/2441/2718 2230/2439/2718
f 2235/2442/2717 2232/2441/2717 2233/2442/2717
f 2236/2443/2716 2233/2442/2716 2234/2443/2716
f 2230/2439/264 2237/2444/264 2228/2445/264
f 2235/2442/264 2239/2446/264 2237/2444/264
f 2228/2437/2763 2238/2447/2764 2262/2438/2764
f 2237/2448/2765 2240/2449/2765 2238/2447/2765
f 2239/2450/2766 2242/2451/2766 2240/2449/2766
f 2236/2443/264 2241/2452/264 2239/2446/264
f 2241/2453/2767 2251/2454/2767 2242/2451/2767
f 2244/2455/264 2243/2456/264 2241/2452/264
f 2244/2455/2711 2234/2443/2711 2246/2455/2711
f 2245/2457/2710 2246/2455/2710 2247/2457/2710
f 2249/2458/2709 2247/2457/2709 2248/2458/2709
f 2138/2337/2708 2248/2458/2708 2141/2337/2708
f 2245/2457/264 2250/2459/264 2243/2456/264
f 2249/2458/264 2133/2339/264 2250/2459/264
f 2243/2460/2768 2132/2332/2768 2251/2454/2768
f 2253/2461/290 2251/2462/290 2252/2463/290
f 2252/2463/290 2132/2464/290 2130/2325/290
f 2253/2461/2710 2254/2463/2710 2255/2465/2710
f 2252/2463/2709 2128/2325/2709 2254/2463/2709
f 2258/2466/2711 2255/2465/2711 2256/2467/2711
f 2258/2466/2716 2257/2468/2716 2259/2468/2716
f 2259/2468/290 2240/2469/290 2258/2466/290
f 2258/2466/290 2242/2470/290 2253/2461/290
f 2259/2468/2717 2263/2471/2717 2260/2472/2717
f 2260/2472/290 2238/2473/290 2259/2468/290
f 2260/2472/2718 2264/2474/2718 2261/2474/2718
f 2260/2472/290 2227/2475/290 2262/2476/290
f 2261/2474/2719 2265/2477/2719 2267/2477/2719
f 2267/2477/2725 2266/2478/2725 2268/2479/2725
f 2267/2477/290 2223/2480/290 2225/2481/290
f 2261/2474/290 2225/2481/290 2227/2475/290
f 2268/2479/2726 2272/2482/2726 2269/2482/2726
f 2268/2479/290 2271/2483/290 2223/2480/290
f 2269/2482/2727 2273/2327/2727 2270/2327/2727
f 2269/2482/290 2212/2484/290 2271/2483/290
f 2270/2327/2662 2274/2485/2662 2276/2485/2662
f 2276/2485/2661 2275/2486/2661 2277/2487/2661
f 2276/2485/290 2208/2488/290 2210/2489/290
f 2270/2327/290 2210/2489/290 2212/2484/290
f 2277/2487/2660 2281/2490/2660 2278/2491/2660
f 2277/2487/290 2280/2492/290 2208/2488/290
f 2278/2491/2659 2282/2493/2659 2279/2494/2659
f 2279/2494/290 2280/2492/290 2278/2491/290
f 2279/2494/2666 2283/2495/2666 2285/2495/2666
f 2285/2495/2671 2284/2496/2671 2286/2497/2671
f 2286/2497/290 2195/2498/290 2285/2495/290
f 2285/2495/290 2197/2499/290 2279/2494/290
f 2286/2497/2672 2290/2500/2672 2287/2500/2672
f 2287/2500/290 2193/2501/290 2286/2497/290
f 2287/2500/2673 2291/2502/2673 2288/2502/2673
f 2288/2502/290 2289/2503/290 2287/2500/290
f 2288/2502/2674 2292/2504/2674 2294/2504/2674
f 2294/2504/2680 2293/2505/2680 2295/2506/2680
f 2295/2506/290 2180/2507/290 2294/2504/290
f 2294/2504/290 2182/2508/290 2288/2502/290
f 2295/2506/2681 2299/2509/2681 2296/2509/2681
f 2296/2509/290 2178/2510/290 2295/2506/290
f 2297/2511/2682 2299/2509/2682 2300/2511/2682
f 2296/2509/290 2167/2512/290 2298/2513/290
f 2303/2514/2683 2300/2511/2683 2301/2514/2683
f 2304/2515/2688 2301/2514/2688 2302/2515/2688
f 2303/2514/290 2163/2516/290 2165/2517/290
f 2297/2511/290 2165/2517/290 2167/2512/290
f 2304/2515/2689 2308/2518/2689 2305/2519/2689
f 2304/2515/290 2307/2520/290 2163/2516/290
f 2306/2521/2690 2308/2518/2690 2309/2522/2690
f 2305/2519/290 2152/2523/290 2307/2520/290
f 2311/2524/2691 2309/2522/2691 2310/2524/2691
f 2121/2321/2698 2310/2524/2698 2125/2319/2698
f 2311/2524/290 2148/2323/290 2150/2525/290
f 2306/2521/290 2150/2525/290 2152/2523/290
f 2120/2318/2699 2121/2321/2699 2125/2319/2699
f 2121/2321/290 2120/2318/290 2123/2322/290
f 2122/2324/2700 2120/2318/2700 2124/2320/2700
f 2122/2324/290 2134/2329/290 2123/2322/290
f 2126/2324/290 2124/2320/290 2281/2490/290
f 2124/2320/290 2125/2319/290 2282/2493/290
f 2125/2319/290 2310/2524/290 2282/2493/290
f 2310/2524/290 2309/2522/290 2283/2495/290
f 2282/2493/290 2310/2524/290 2283/2495/290
f 2309/2522/290 2308/2518/290 2290/2500/290
f 2308/2518/290 2302/2515/290 2291/2502/290
f 2302/2515/290 2301/2514/290 2291/2502/290
f 2301/2514/290 2300/2511/290 2292/2504/290
f 2291/2502/290 2301/2514/290 2292/2504/290
f 2300/2511/290 2299/2509/290 2293/2505/290
f 2293/2505/290 2292/2504/290 2300/2511/290
f 2291/2502/290 2290/2500/290 2308/2518/290
f 2290/2500/290 2284/2496/290 2309/2522/290
f 2284/2496/290 2283/2495/290 2309/2522/290
f 2282/2493/290 2281/2490/290 2124/2320/290
f 2281/2490/290 2275/2486/290 2126/2324/290
f 2275/2486/290 2274/2485/290 2126/2324/290
f 2274/2485/290 2273/2327/290 2127/2326/290
f 2126/2324/290 2274/2485/290 2127/2326/290
f 2273/2327/290 2272/2482/290 2254/2463/290
f 2272/2482/290 2266/2478/290 2255/2465/290
f 2266/2478/290 2265/2477/290 2255/2465/290
f 2265/2477/290 2264/2474/290 2256/2467/290
f 2255/2465/290 2265/2477/290 2256/2467/290
f 2264/2474/290 2263/2471/290 2257/2468/290
f 2257/2468/290 2256/2467/290 2264/2474/290
f 2255/2465/290 2254/2463/290 2272/2482/290
f 2254/2463/290 2128/2325/290 2273/2327/290
f 2129/2326/2701 2122/2324/2701 2126/2324/2701
f 2130/2325/2708 2129/2326/2708 2127/2326/2708
f 2130/2325/290 2132/2464/290 2131/2328/290
f 2129/2326/290 2131/2328/290 2134/2329/290
f 2250/2330/2733 2133/2333/2733 2131/2331/2733
f 2133/2333/2734 2135/2335/2734 2134/2334/2734
f 2135/2335/2735 2136/2526/2735 2123/2336/2736
f 2138/2337/264 2137/2340/264 2135/2338/264
f 2137/2340/264 2139/2342/264 2136/2341/264
f 2137/2340/2701 2138/2337/2701 2141/2337/2701
f 2139/2342/2700 2137/2340/2700 2140/2340/2700
f 2144/2347/264 2143/2346/264 2201/2406/264
f 2143/2346/264 2142/2342/264 2202/2408/264
f 2142/2342/264 2140/2340/264 2203/2410/264
f 2140/2340/264 2141/2337/264 2204/2411/264
f 2141/2337/264 2248/2458/264 2204/2411/264
f 2248/2458/264 2247/2457/264 2216/2419/264
f 2204/2411/264 2248/2458/264 2216/2419/264
f 2247/2457/264 2246/2455/264 2217/2423/264
f 2246/2455/264 2234/2443/264 2218/2425/264
f 2217/2423/264 2246/2455/264 2218/2425/264
f 2234/2443/264 2233/2442/264 2219/2426/264
f 2233/2442/264 2232/2441/264 2231/2435/264
f 2219/2426/264 2233/2442/264 2231/2435/264
f 2219/2426/264 2218/2425/264 2234/2443/264
f 2217/2423/264 2216/2419/264 2247/2457/264
f 2204/2411/264 2203/2410/264 2140/2340/264
f 2203/2410/264 2202/2408/264 2142/2342/264
f 2202/2408/264 2201/2406/264 2143/2346/264
f 2201/2406/264 2189/2394/264 2144/2347/264
f 2189/2394/264 2188/2393/264 2144/2347/264
f 2188/2393/264 2187/2345/264 2156/2344/264
f 2144/2347/264 2188/2393/264 2156/2344/264
f 2187/2345/264 2186/2391/264 2157/2343/264
f 2186/2391/264 2174/2379/264 2158/2360/264
f 2157/2343/264 2186/2391/264 2158/2360/264
f 2174/2379/264 2173/2378/264 2159/2362/264
f 2173/2378/264 2172/2375/264 2171/2377/264
f 2159/2362/264 2173/2378/264 2171/2377/264
f 2159/2362/264 2158/2360/264 2174/2379/264
f 2145/2346/2699 2139/2342/2699 2142/2342/2699
f 2146/2347/2698 2145/2346/2698 2143/2346/2698
f 2145/2346/264 2147/2348/264 2136/2341/264
f 2146/2347/264 2149/2356/264 2147/2348/264
f 2123/2349/2737 2136/2527/2738 2147/2350/2738
f 2148/2351/2739 2147/2350/2739 2149/2352/2739
f 2150/2353/2740 2149/2352/2740 2151/2354/2740
f 2154/2344/264 2151/2359/264 2149/2356/264
f 2152/2355/2741 2151/2354/2741 2153/2357/2741
f 2155/2343/264 2153/2363/264 2151/2359/264
f 2154/2344/2691 2146/2347/2691 2144/2347/2691
f 2155/2343/2690 2154/2344/2690 2156/2344/2690
f 2160/2360/2689 2155/2343/2689 2157/2343/2689
f 2161/2361/2688 2160/2360/2688 2158/2360/2688
f 2160/2360/264 2162/2364/264 2153/2363/264
f 2161/2361/264 2164/2372/264 2162/2364/264
f 2307/2358/2742 2153/2357/2742 2162/2365/2742
f 2163/2366/2743 2162/2365/2743 2164/2367/2743
f 2165/2368/2744 2164/2367/2744 2166/2369/2744
f 2169/2371/264 2166/2376/264 2164/2372/264
f 2167/2370/2745 2166/2369/2769 2168/2373/2745
f 2170/2375/264 2168/2381/264 2166/2376/264
f 2169/2371/2683 2161/2361/2683 2159/2362/2683
f 2169/2371/2682 2171/2377/2682 2172/2375/2682
f 2170/2375/2681 2172/2375/2681 2173/2378/2681
f 2175/2378/2680 2173/2378/2680 2174/2379/2680
f 2170/2375/264 2175/2378/264 2177/2380/264
f 2175/2378/264 2176/2379/264 2179/2382/264
f 2168/2373/2746 2177/2384/2746 2178/2383/2746
f 2177/2384/2747 2179/2386/2747 2180/2385/2747
f 2179/2386/2748 2181/2389/2748 2182/2387/2748
f 2176/2379/264 2184/2391/264 2181/2388/264
f 2181/2389/2749 2183/2397/2749 2289/2390/2749
f 2184/2391/264 2185/2345/264 2183/2392/264
f 2176/2379/2674 2174/2379/2674 2186/2391/2674
f 2184/2391/2673 2186/2391/2673 2187/2345/2673
f 2185/2345/2672 2187/2345/2672 2188/2393/2672
f 2190/2393/2671 2188/2393/2671 2189/2394/2671
f 2185/2345/264 2190/2393/264 2192/2395/264
f 2190/2393/264 2191/2394/264 2194/2396/264
f 2183/2397/2750 2192/2399/2750 2193/2398/2750
f 2192/2399/2751 2194/2401/2751 2195/2400/2751
f 2194/2401/2752 2196/2404/2752 2197/2402/2752
f 2191/2394/264 2199/2406/264 2196/2403/264
f 2196/2404/2753 2198/2528/2753 2280/2405/2753
f 2199/2406/264 2200/2409/264 2198/2407/264
f 2191/2394/2666 2189/2394/2666 2201/2406/2666
f 2199/2406/2659 2201/2406/2659 2202/2408/2659
f 2200/2409/2660 2202/2408/2660 2203/2410/2660
f 2205/2410/2661 2203/2410/2661 2204/2411/2661
f 2205/2410/264 2207/2412/264 2198/2407/264
f 2206/2411/264 2209/2420/264 2207/2412/264
f 2280/2405/2754 2198/2528/2754 2207/2413/2754
f 2208/2414/2756 2207/2413/2756 2209/2415/2756
f 2210/2416/2757 2209/2415/2757 2211/2417/2757
f 2214/2419/264 2211/2424/264 2209/2420/264
f 2212/2418/2758 2211/2417/2758 2213/2421/2758
f 2215/2423/264 2213/2427/264 2211/2424/264
f 2206/2411/2662 2204/2411/2662 2216/2419/2662
f 2214/2419/2727 2216/2419/2727 2217/2423/2727
f 2215/2423/2726 2217/2423/2726 2218/2425/2726
f 2220/2425/2725 2218/2425/2725 2219/2426/2725
f 2220/2425/264 2222/2428/264 2213/2427/264
f 2221/2426/264 2224/2436/264 2222/2428/264
f 2271/2422/2759 2213/2421/2759 2222/2429/2759
f 2223/2430/2760 2222/2429/2760 2224/2431/2760
f 2225/2432/2761 2224/2431/2761 2226/2433/2761
f 2229/2435/264 2226/2440/264 2224/2436/264
f 2227/2434/2762 2226/2433/2762 2228/2437/2762
f 2230/2439/264 2228/2445/264 2226/2440/264
f 2221/2426/2719 2219/2426/2719 2231/2435/2719
f 2229/2435/2718 2231/2435/2718 2232/2441/2718
f 2235/2442/2717 2230/2439/2717 2232/2441/2717
f 2236/2443/2716 2235/2442/2716 2233/2442/2716
f 2230/2439/264 2235/2442/264 2237/2444/264
f 2235/2442/264 2236/2443/264 2239/2446/264
f 2228/2437/2763 2237/2448/2763 2238/2447/2764
f 2237/2448/2765 2239/2450/2765 2240/2449/2765
f 2239/2450/2766 2241/2453/2766 2242/2451/2766
f 2236/2443/264 2244/2455/264 2241/2452/264
f 2241/2453/2767 2243/2460/2767 2251/2454/2767
f 2244/2455/264 2245/2457/264 2243/2456/264
f 2244/2455/2711 2236/2443/2711 2234/2443/2711
f 2245/2457/2710 2244/2455/2710 2246/2455/2710
f 2249/2458/2709 2245/2457/2709 2247/2457/2709
f 2138/2337/2708 2249/2458/2708 2248/2458/2708
f 2245/2457/264 2249/2458/264 2250/2459/264
f 2249/2458/264 2138/2337/264 2133/2339/264
f 2243/2460/2768 2250/2330/2768 2132/2332/2768
f 2253/2461/290 2242/2470/290 2251/2462/290
f 2252/2463/290 2251/2462/290 2132/2464/290
f 2253/2461/2710 2252/2463/2710 2254/2463/2710
f 2252/2463/2709 2130/2325/2709 2128/2325/2709
f 2258/2466/2711 2253/2461/2711 2255/2465/2711
f 2258/2466/2716 2256/2467/2716 2257/2468/2716
f 2259/2468/290 2238/2473/290 2240/2469/290
f 2258/2466/290 2240/2469/290 2242/2470/290
f 2259/2468/2717 2257/2468/2717 2263/2471/2717
f 2260/2472/290 2262/2476/290 2238/2473/290
f 2260/2472/2718 2263/2471/2718 2264/2474/2718
f 2260/2472/290 2261/2474/290 2227/2475/290
f 2261/2474/2719 2264/2474/2719 2265/2477/2719
f 2267/2477/2725 2265/2477/2725 2266/2478/2725
f 2267/2477/290 2268/2479/290 2223/2480/290
f 2261/2474/290 2267/2477/290 2225/2481/290
f 2268/2479/2726 2266/2478/2726 2272/2482/2726
f 2268/2479/290 2269/2482/290 2271/2483/290
f 2269/2482/2727 2272/2482/2727 2273/2327/2727
f 2269/2482/290 2270/2327/290 2212/2484/290
f 2270/2327/2662 2273/2327/2662 2274/2485/2662
f 2276/2485/2661 2274/2485/2661 2275/2486/2661
f 2276/2485/290 2277/2487/290 2208/2488/290
f 2270/2327/290 2276/2485/290 2210/2489/290
f 2277/2487/2660 2275/2486/2660 2281/2490/2660
f 2277/2487/290 2278/2491/290 2280/2492/290
f 2278/2491/2659 2281/2490/2659 2282/2493/2659
f 2279/2494/290 2197/2499/290 2280/2492/290
f 2279/2494/2666 2282/2493/2666 2283/2495/2666
f 2285/2495/2671 2283/2495/2671 2284/2496/2671
f 2286/2497/290 2193/2501/290 2195/2498/290
f 2285/2495/290 2195/2498/290 2197/2499/290
f 2286/2497/2672 2284/2496/2672 2290/2500/2672
f 2287/2500/290 2289/2503/290 2193/2501/290
f 2287/2500/2673 2290/2500/2673 2291/2502/2673
f 2288/2502/290 2182/2508/290 2289/2503/290
f 2288/2502/2674 2291/2502/2674 2292/2504/2674
f 2294/2504/2680 2292/2504/2680 2293/2505/2680
f 2295/2506/290 2178/2510/290 2180/2507/290
f 2294/2504/290 2180/2507/290 2182/2508/290
f 2295/2506/2681 2293/2505/2681 2299/2509/2681
f 2296/2509/290 2298/2513/290 2178/2510/290
f 2297/2511/2682 2296/2509/2682 2299/2509/2682
f 2296/2509/290 2297/2511/290 2167/2512/290
f 2303/2514/2683 2297/2511/2683 2300/2511/2683
f 2304/2515/2688 2303/2514/2688 2301/2514/2688
f 2303/2514/290 2304/2515/290 2163/2516/290
f 2297/2511/290 2303/2514/290 2165/2517/290
f 2304/2515/2689 2302/2515/2689 2308/2518/2689
f 2304/2515/290 2305/2519/290 2307/2520/290
f 2306/2521/2690 2305/2519/2690 2308/2518/2690
f 2305/2519/290 2306/2521/290 2152/2523/290
f 2311/2524/2691 2306/2521/2691 2309/2522/2691
f 2121/2321/2698 2311/2524/2698 2310/2524/2698
f 2311/2524/290 2121/2321/290 2148/2323/290
f 2306/2521/290 2311/2524/290 2150/2525/290
f 2328/2529/2770 2312/2530/2770 2313/2531/2770
f 2313/2532/2771 2312/2533/2771 2314/2534/2771
f 2314/2535/2772 2312/2536/2772 2315/2537/2772
f 2315/2538/2773 2312/2539/2773 2316/2540/2773
f 2316/2541/2774 2312/2542/2774 2317/2543/2774
f 2317/2544/2775 2312/2545/2775 2318/2546/2775
f 2318/2547/2776 2312/2548/2776 2319/2549/2776
f 2319/2550/2777 2312/2551/2777 2320/2552/2777
f 2320/2553/2778 2312/2554/2778 2321/2555/2778
f 2321/2556/2779 2312/2557/2779 2322/2558/2779
f 2322/2559/2780 2312/2560/2780 2323/2561/2780
f 2323/2562/2781 2312/2563/2781 2324/2564/2781
f 2324/2565/2782 2312/2566/2782 2325/2567/2782
f 2325/2568/2783 2312/2569/2783 2326/2570/2783
f 2326/2571/2784 2312/2572/2784 2327/2573/2784
f 2327/2574/2785 2312/2575/2785 2328/2576/2785
f 2329/2577/2786 2313/2531/2786 2332/2578/2786
f 2331/2579/2787 2328/2576/2787 2329/2580/2787
f 2330/2581/2788 2332/2578/2788 2334/2582/2788
f 2374/2583/2789 2329/2580/2789 2330/2584/2789
f 2332/2585/2790 2314/2534/2790 2333/2586/2790
f 2332/2585/2791 2336/2587/2791 2334/2588/2791
f 2377/2589/2792 2334/2582/2792 2335/2590/2792
f 2335/2591/2793 2336/2587/2793 2337/2592/2793
f 2333/2593/2794 2338/2594/2794 2336/2595/2794
f 2337/2596/2795 2338/2594/2795 2340/2597/2795
f 2338/2598/2796 2342/2599/2796 2341/2600/2796
f 2340/2601/2797 2341/2600/2797 2343/2602/2797
f 2341/2603/2798 2345/2604/2798 2344/2605/2798
f 2343/2606/2799 2344/2605/2799 2346/2607/2799
f 2344/2608/2800 2348/2609/2800 2347/2610/2800
f 2346/2611/2801 2347/2610/2801 2349/2612/2801
f 2347/2613/2802 2351/2614/2802 2350/2615/2802
f 2349/2616/2803 2350/2615/2803 2352/2617/2803
f 2350/2618/2804 2354/2619/2804 2353/2620/2804
f 2350/2618/2805 2355/2621/2805 2352/2622/2805
f 2353/2623/2806 2357/2624/2806 2356/2625/2806
f 2355/2626/2807 2356/2625/2807 2358/2627/2807
f 2357/2628/2808 2359/2629/2808 2356/2630/2808
f 2358/2631/2809 2359/2629/2809 2361/2632/2809
f 2360/2633/2810 2362/2634/2810 2359/2635/2810
f 2361/2636/2811 2362/2634/2811 2364/2637/2811
f 2362/2638/2812 2366/2639/2812 2365/2640/2812
f 2364/2641/2813 2365/2640/2813 2367/2642/2813
f 2365/2643/2814 2369/2644/2814 2368/2645/2814
f 2367/2646/2815 2368/2645/2815 2370/2647/2815
f 2368/2648/2816 2372/2649/2816 2371/2650/2816
f 2370/2651/2817 2371/2650/2817 2373/2652/2817
f 2371/2653/2818 2331/2654/2818 2374/2655/2818
f 2373/2656/2819 2374/2655/2819 2375/2657/2819
f 2374/2583/2820 2377/2658/2820 2375/2659/2820
f 2375/2659/2821 2378/2660/2821 2376/2661/2821
f 2406/2662/2822 2375/2657/2822 2376/2663/2822
f 2377/2589/2823 2380/2664/2823 2378/2665/2823
f 2379/2666/2824 2380/2664/2824 2381/2667/2824
f 2408/2668/2825 2378/2660/2825 2379/2669/2825
f 2380/2670/2826 2337/2592/2826 2382/2671/2826
f 2381/2672/2827 2382/2671/2827 2383/2673/2827
f 2382/2674/2828 2340/2597/2828 2384/2675/2828
f 2383/2676/2829 2384/2675/2829 2385/2677/2829
f 2384/2678/2830 2343/2602/2830 2386/2679/2830
f 2385/2680/2831 2386/2679/2831 2387/2681/2831
f 2386/2682/2832 2346/2607/2832 2388/2683/2832
f 2387/2684/2833 2388/2683/2833 2389/2685/2833
f 2388/2686/2834 2349/2612/2834 2390/2687/2834
f 2388/2686/2835 2391/2688/2835 2389/2689/2835
f 2390/2690/2836 2352/2617/2836 2392/2691/2836
f 2391/2692/2837 2392/2691/2837 2393/2693/2837
f 2352/2622/2838 2394/2694/2838 2392/2695/2838
f 2393/2696/2839 2394/2694/2839 2395/2697/2839
f 2355/2626/2840 2396/2698/2840 2394/2699/2840
f 2395/2700/2841 2396/2698/2841 2397/2701/2841
f 2396/2702/2842 2361/2632/2842 2398/2703/2842
f 2397/2704/2843 2398/2703/2843 2399/2705/2843
f 2398/2706/2844 2364/2637/2844 2400/2707/2844
f 2399/2708/2845 2400/2707/2845 2401/2709/2845
f 2400/2710/2846 2367/2642/2846 2402/2711/2846
f 2401/2712/2847 2402/2711/2847 2403/2713/2847
f 2402/2714/2848 2370/2647/2848 2404/2715/2848
f 2403/2716/2849 2404/2715/2849 2405/2717/2849
f 2404/2718/2850 2373/2652/2850 2406/2719/2850
f 2404/2718/2851 2407/2720/2851 2405/2721/2851
f 2407/2722/2852 2376/2663/2852 2408/2723/2852
f 2372/2724/2853 2327/2573/2853 2331/2654/2853
f 2369/2725/2854 2326/2570/2854 2372/2649/2854
f 2324/2565/2855 2369/2644/2855 2366/2726/2855
f 2323/2562/2856 2366/2639/2856 2363/2727/2856
f 2360/2633/2857 2323/2561/2857 2363/2728/2857
f 2357/2628/2858 2322/2558/2858 2360/2729/2858
f 2354/2730/2859 2321/2555/2859 2357/2624/2859
f 2351/2731/2860 2320/2552/2860 2354/2619/2860
f 2348/2732/2861 2319/2549/2861 2351/2614/2861
f 2345/2733/2862 2318/2546/2862 2348/2609/2862
f 2316/2541/2863 2345/2604/2863 2342/2734/2863
f 2315/2538/2864 2342/2599/2864 2339/2735/2864
f 2333/2593/2865 2315/2537/2865 2339/2736/2865
f 2329/2577/2866 2328/2529/2866 2313/2531/2866
f 2331/2579/2867 2327/2574/2867 2328/2576/2867
f 2330/2581/2868 2329/2577/2868 2332/2578/2868
f 2374/2583/2869 2331/2579/2869 2329/2580/2869
f 2332/2585/2870 2313/2532/2870 2314/2534/2870
f 2332/2585/2871 2333/2586/2871 2336/2587/2871
f 2377/2589/2872 2330/2581/2872 2334/2582/2872
f 2335/2591/2873 2334/2588/2873 2336/2587/2873
f 2333/2593/2874 2339/2736/2874 2338/2594/2874
f 2337/2596/2875 2336/2595/2875 2338/2594/2875
f 2338/2598/2876 2339/2735/2876 2342/2599/2876
f 2340/2601/2877 2338/2598/2877 2341/2600/2877
f 2341/2603/2878 2342/2734/2878 2345/2604/2878
f 2343/2606/2879 2341/2603/2879 2344/2605/2879
f 2344/2608/2880 2345/2733/2880 2348/2609/2880
f 2346/2611/2881 2344/2608/2881 2347/2610/2881
f 2347/2613/2882 2348/2732/2882 2351/2614/2882
f 2349/2616/2883 2347/2613/2883 2350/2615/2883
f 2350/2618/2884 2351/2731/2884 2354/2619/2884
f 2350/2618/2885 2353/2620/2885 2355/2621/2885
f 2353/2623/2886 2354/2730/2886 2357/2624/2886
f 2355/2626/2887 2353/2623/2887 2356/2625/2887
f 2357/2628/2888 2360/2729/2888 2359/2629/2888
f 2358/2631/2889 2356/2630/2889 2359/2629/2889
f 2360/2633/2890 2363/2728/2890 2362/2634/2890
f 2361/2636/2891 2359/2635/2891 2362/2634/2891
f 2362/2638/2892 2363/2727/2892 2366/2639/2892
f 2364/2641/2893 2362/2638/2893 2365/2640/2893
f 2365/2643/2894 2366/2726/2894 2369/2644/2894
f 2367/2646/2895 2365/2643/2895 2368/2645/2895
f 2368/2648/2896 2369/2725/2896 2372/2649/2896
f 2370/2651/2897 2368/2648/2897 2371/2650/2897
f 2371/2653/2898 2372/2724/2898 2331/2654/2898
f 2373/2656/2899 2371/2653/2899 2374/2655/2899
f 2374/2583/2900 2330/2584/2900 2377/2658/2900
f 2375/2659/2901 2377/2658/2901 2378/2660/2901
f 2406/2662/2902 2373/2656/2902 2375/2657/2902
f 2377/2589/2903 2335/2590/2903 2380/2664/2903
f 2379/2666/2904 2378/2665/2904 2380/2664/2904
f 2408/2668/2905 2376/2661/2905 2378/2660/2905
f 2380/2670/2906 2335/2591/2906 2337/2592/2906
f 2381/2672/2907 2380/2670/2907 2382/2671/2907
f 2382/2674/2908 2337/2596/2908 2340/2597/2908
f 2383/2676/2909 2382/2674/2909 2384/2675/2909
f 2384/2678/2910 2340/2601/2910 2343/2602/2910
f 2385/2680/2911 2384/2678/2911 2386/2679/2911
f 2386/2682/2912 2343/2606/2912 2346/2607/2912
f 2387/2684/2913 2386/2682/2913 2388/2683/2913
f 2388/2686/2914 2346/2611/2914 2349/2612/2914
f 2388/2686/2915 2390/2687/2915 2391/2688/2915
f 2390/2690/2916 2349/2616/2916 2352/2617/2916
f 2391/2692/2917 2390/2690/2917 2392/2691/2917
f 2352/2622/2918 2355/2621/2918 2394/2694/2918
f 2393/2696/2919 2392/2695/2919 2394/2694/2919
f 2355/2626/2920 2358/2627/2920 2396/2698/2920
f 2395/2700/2921 2394/2699/2921 2396/2698/2921
f 2396/2702/2922 2358/2631/2922 2361/2632/2922
f 2397/2704/2923 2396/2702/2923 2398/2703/2923
f 2398/2706/2924 2361/2636/2924 2364/2637/2924
f 2399/2708/2925 2398/2706/2925 2400/2707/2925
f 2400/2710/2926 2364/2641/2926 2367/2642/2926
f 2401/2712/2927 2400/2710/2927 2402/2711/2927
f 2402/2714/2928 2367/2646/2928 2370/2647/2928
f 2403/2716/2929 2402/2714/2929 2404/2715/2929
f 2404/2718/2930 2370/2651/2930 2373/2652/2930
f 2404/2718/2931 2406/2719/2931 2407/2720/2931
f 2407/2722/2932 2406/2662/2932 2376/2663/2932
f 2372/2724/2933 2326/2571/2933 2327/2573/2933
f 2369/2725/2934 2325/2568/2934 2326/2570/2934
f 2324/2565/2935 2325/2567/2935 2369/2644/2935
f 2323/2562/2936 2324/2564/2936 2366/2639/2936
f 2360/2633/2937 2322/2559/2937 2323/2561/2937
f 2357/2628/2938 2321/2556/2938 2322/2558/2938
f 2354/2730/2939 2320/2553/2939 2321/2555/2939
f 2351/2731/2940 2319/2550/2940 2320/2552/2940
f 2348/2732/2941 2318/2547/2941 2319/2549/2941
f 2345/2733/2942 2317/2544/2942 2318/2546/2942
f 2316/2541/2943 2317/2543/2943 2345/2604/2943
f 2315/2538/2944 2316/2540/2944 2342/2599/2944
f 2333/2593/2945 2314/2535/2945 2315/2537/2945
f 2410/2737/248 2412/2738/248 2409/2739/248
f 2409/2739/2946 2414/2740/2946 2410/2737/2946
f 2411/2741/248 2412/2738/248 2426/2742/248
f 2411/2741/2523 2413/2743/2523 2409/2739/2523
f 2414/2744/2947 2416/2745/2947 2417/2746/2947
f 2415/2747/2538 2416/2745/2538 2413/2748/2538
f 2418/2749/248 2419/2750/248 2420/2751/248
f 2421/2752/2948 2418/2753/2948 2415/2747/2948
f 2422/2754/2949 2419/2755/2949 2421/2752/2949
f 2411/2741/2950 2421/2756/2950 2415/2757/2950
f 2423/2758/2951 2422/2759/2951 2421/2756/2951
f 2423/2758/248 2426/2742/248 2425/2760/248
f 2423/2758/248 2427/2761/248 2424/2762/248
s 0
f 2426/2742/2563 2428/2763/264 2425/2760/2563
f 2425/2760/352 2430/2764/290 2427/2761/352
s 1
f 2432/2765/2952 2429/2766/2952 2434/2767/2952
s 0
f 2431/2768/2953 2430/2764/2954 2428/2763/290
f 2428/2763/290 2432/2765/290 2431/2768/290
f 2433/2769/2955 2431/2768/290 2432/2765/2956
f 2436/2770/2566 2432/2765/290 2435/2771/2566
f 2435/2771/352 2434/2767/290 2437/2772/352
s 1
f 2439/2773/296 2435/2771/2957 2438/2774/2957
f 2440/2775/2957 2435/2771/2957 2437/2772/2957
f 2438/2774/2958 2442/2776/2958 2439/2773/2958
f 2440/2775/2959 2441/2777/2959 2438/2774/2959
f 2442/2778/2960 2444/2779/2960 2445/2780/2960
f 2441/2781/2961 2446/2782/2961 2444/2779/2961
f 2446/2783/296 2447/2784/296 2448/2785/296
f 2449/2786/2962 2446/2782/2963 2443/2787/2963
f 2450/2788/2964 2447/2789/2965 2449/2786/2965
f 2440/2775/2966 2449/2790/2966 2443/2791/2966
f 2451/2792/2967 2450/2793/2968 2449/2790/2967
f 2451/2792/296 2437/2772/2957 2453/2794/296
f 2451/2792/296 2454/2795/2969 2452/2796/2969
s 0
f 2437/2772/352 2455/2797/264 2453/2794/2563
f 2453/2794/2563 2456/2798/290 2454/2795/2970
s 1
f 2457/2799/2971 2434/2767/2971 2656/2800/2971
f 2459/2801/2972 2455/2797/2973 2458/2802/2972
f 2455/2797/2974 2457/2799/2974 2458/2802/2974
s 0
f 2462/2803/352 2458/2802/290 2461/2804/352
s 1
f 2460/2805/2975 2457/2799/2976 2634/2806/2977
s 0
f 2461/2804/352 2460/2805/290 2463/2807/2563
s 1
f 2465/2808/395 2461/2804/2978 2464/2809/2978
f 2466/2810/2979 2461/2804/2978 2463/2807/2979
f 2465/2808/2980 2467/2811/2980 2468/2812/2980
f 2466/2810/2981 2467/2811/2982 2464/2809/2982
f 2467/2813/2983 2471/2814/2983 2468/2815/2983
f 2467/2813/2984 2472/2816/2985 2470/2817/2984
f 2470/2818/305 2473/2819/305 2474/2820/305
f 2469/2821/2986 2473/2822/2987 2472/2816/2986
f 2476/2823/2988 2473/2822/2989 2475/2824/2989
f 2477/2825/2990 2469/2826/2990 2466/2810/2990
f 2477/2825/2991 2476/2827/2991 2475/2828/2991
f 2466/2810/2979 2479/2829/305 2477/2825/305
f 2477/2825/305 2480/2830/2992 2478/2831/2992
s 0
f 2463/2807/352 2481/2832/290 2479/2829/2563
f 2479/2829/352 2482/2833/290 2480/2830/352
f 2481/2832/320 2633/2834/320 2483/2835/290
f 2482/2833/2993 2484/2836/2994 2486/2837/290
f 2481/2832/290 2483/2835/290 2484/2836/290
f 2484/2836/2995 2612/2838/264 2485/2839/2995
f 2487/2840/352 2485/2839/290 2488/2841/352
f 2489/2842/352 2484/2836/290 2487/2840/352
s 1
f 2491/2843/352 2487/2840/352 2488/2841/352
f 2492/2844/352 2487/2840/352 2490/2845/352
f 2491/2843/2949 2493/2846/2949 2490/2845/2949
f 2492/2844/2996 2493/2846/2996 2495/2847/2996
f 2493/2848/2951 2497/2849/2951 2496/2850/2951
f 2493/2848/2997 2498/2851/2997 2495/2852/2997
f 2499/2853/352 2498/2854/352 2496/2855/352
f 2495/2852/2946 2499/2856/2946 2501/2857/2946
f 2501/2857/2523 2500/2858/2523 2502/2859/2523
f 2503/2860/2538 2502/2861/2538 2504/2862/2538
f 2503/2860/2947 2495/2847/2947 2501/2863/2947
f 2503/2860/352 2506/2864/352 2505/2865/352
f 2492/2844/352 2505/2865/352 2489/2842/352
s 0
f 2506/2864/2998 2507/2866/2998 2505/2865/2998
f 2505/2865/352 2486/2837/264 2489/2842/352
s 1
f 2509/2867/2999 2508/2868/3000 2583/2869/3000
s 0
f 2507/2866/3001 2512/2870/290 2486/2837/3002
f 2509/2867/3003 2510/2871/3004 2507/2866/3004
s 1
f 2510/2871/3005 2562/2872/3005 2511/2873/3005
s 0
f 2513/2874/2563 2511/2873/264 2514/2875/352
f 2515/2876/352 2510/2871/290 2513/2874/352
s 1
f 2517/2877/288 2513/2874/3006 2514/2875/288
f 2516/2878/3006 2515/2876/3006 2513/2874/3006
f 2516/2878/3007 2520/2879/3007 2519/2880/3007
f 2516/2878/3008 2521/2881/3008 2518/2882/3008
f 2520/2883/3009 2522/2884/3010 2519/2885/3010
f 2521/2886/3011 2522/2884/3011 2524/2887/3011
f 2526/2888/288 2524/2889/288 2522/2890/288
f 2527/2891/3012 2524/2887/3012 2525/2892/3012
f 2528/2893/3013 2525/2892/3014 2526/2894/3013
f 2529/2895/3015 2528/2896/3015 2530/2897/3015
f 2518/2882/3016 2527/2898/3016 2529/2895/3016
f 2529/2895/288 2532/2899/3017 2531/2900/288
f 2529/2895/288 2515/2876/3006 2518/2882/3006
s 0
f 2532/2899/352 2533/2901/290 2531/2900/352
f 2531/2900/352 2512/2870/290 2515/2876/2566
s 1
f 2533/2901/3018 2433/2769/3018 2456/2798/3018
f 2482/2833/3019 2533/2901/3019 2459/2801/3019
s 0
f 2456/2798/3020 2459/2801/3020 2533/2901/3020
s 1
f 2511/2873/3021 2535/2902/3021 2534/2903/3021
s 0
f 2514/2875/352 2534/2903/290 2532/2899/1989
f 2535/2902/3022 2433/2769/3022 2534/2903/3022
f 2538/2904/352 2535/2902/290 2537/2905/3023
f 2537/2905/2563 2536/2906/290 2539/2907/2563
s 1
f 2540/2908/246 2538/2904/3024 2537/2905/246
f 2540/2908/246 2539/2907/245 2542/2909/245
f 2541/2910/3025 2543/2911/3025 2544/2912/3025
f 2540/2908/3026 2545/2913/3026 2543/2911/3026
f 2543/2914/3027 2547/2915/3028 2544/2916/3028
f 2545/2917/3029 2546/2918/3029 2543/2914/3029
f 2547/2919/245 2546/2920/245 2548/2921/245
f 2545/2917/3030 2549/2922/3031 2548/2923/3030
f 2551/2924/3032 2550/2925/3033 2549/2922/3032
f 2553/2926/3034 2545/2913/3035 2542/2909/3035
f 2554/2927/3036 2551/2928/3036 2553/2926/3036
f 2553/2926/3037 2539/2907/245 2555/2929/3037
f 2553/2926/3037 2556/2930/245 2554/2927/245
s 0
f 2539/2907/2563 2557/2931/290 2555/2929/352
f 2555/2929/2566 2558/2932/290 2556/2930/352
s 1
f 2562/2872/3038 2557/2931/3038 2536/2906/3038
s 0
f 2559/2933/3039 2558/2932/3040 2557/2931/290
f 2559/2933/290 2557/2931/290 2560/2934/290
f 2561/2935/3041 2559/2933/264 2560/2934/3042
f 2564/2936/2563 2560/2934/290 2563/2937/1989
f 2563/2937/352 2562/2872/290 2565/2938/2970
s 1
f 2567/2939/3043 2563/2937/273 2566/2940/273
f 2568/2941/3044 2563/2937/273 2565/2938/3044
f 2567/2939/3045 2569/2942/3045 2570/2943/3045
f 2568/2941/3046 2569/2942/3046 2566/2940/3046
f 2569/2944/3047 2573/2945/3048 2570/2946/3048
f 2569/2944/3049 2574/2947/3050 2572/2948/3049
f 2572/2949/273 2575/2950/273 2576/2951/273
f 2571/2952/3051 2575/2953/3051 2574/2947/3051
f 2578/2954/3052 2575/2953/3052 2577/2955/3052
f 2579/2956/3053 2571/2957/3053 2568/2941/3053
f 2580/2958/3054 2577/2959/3054 2579/2956/3054
f 2568/2941/3044 2581/2960/273 2579/2956/273
f 2579/2956/273 2582/2961/273 2580/2958/273
s 0
f 2565/2938/352 2509/2867/290 2581/2960/2563
f 2581/2960/2998 2583/2869/2998 2582/2961/2998
f 2582/2961/2563 2561/2935/290 2564/2936/352
s 1
f 2567/2939/3043 2582/2961/273 2564/2936/3043
f 2584/2962/3055 2561/2935/3055 2583/2869/3055
s 0
f 2584/2962/3056 2583/2869/3057 2508/2868/3057
f 2588/2963/352 2584/2962/264 2587/2964/2563
f 2586/2965/3058 2508/2868/3058 2485/2839/264
f 2587/2964/352 2586/2965/290 2589/2966/352
s 1
f 2591/2967/265 2587/2964/3059 2590/2968/3059
f 2590/2968/3059 2589/2966/3059 2592/2969/3059
f 2590/2968/2962 2594/2970/2962 2591/2967/2962
f 2590/2968/3060 2595/2971/3060 2593/2972/3060
f 2594/2973/2966 2596/2974/3061 2597/2975/2966
f 2595/2976/2959 2596/2974/3062 2593/2977/3062
f 2600/2978/265 2596/2979/265 2598/2980/265
f 2601/2981/2958 2598/2982/2958 2595/2976/2958
f 2602/2983/3063 2599/2984/3064 2601/2981/3064
f 2592/2969/2960 2601/2985/2960 2595/2971/2960
f 2603/2986/3065 2602/2987/3065 2601/2985/3065
f 2603/2986/265 2589/2966/3059 2605/2988/265
f 2603/2986/265 2606/2989/392 2604/2990/392
s 0
f 2589/2966/2566 2607/2991/290 2605/2988/2566
f 2605/2988/2563 2608/2992/290 2606/2989/352
f 2612/2838/3066 2607/2991/3066 2586/2965/264
s 1
f 2607/2991/3067 2682/2993/3067 2608/2992/3067
s 0
f 2609/2994/3068 2607/2991/3068 2610/2995/3068
s 1
f 2610/2995/3069 2660/2996/3070 2609/2994/3070
s 0
f 2614/2997/2563 2610/2995/290 2613/2998/2563
f 2613/2998/352 2612/2838/290 2615/2999/3023
s 1
f 2616/3000/322 2614/2997/3071 2613/2998/322
f 2616/3000/322 2615/2999/3072 2618/3001/3072
f 2616/3000/3073 2620/3002/3073 2617/3003/3073
f 2618/3001/3028 2619/3004/3028 2616/3000/3028
f 2620/3005/3074 2622/3006/3074 2623/3007/3074
f 2619/3008/3075 2624/3009/3025 2622/3006/3075
f 2623/3010/321 2624/3011/321 2625/3012/321
f 2621/3013/3076 2625/3014/3077 2624/3009/3076
f 2628/3015/3078 2625/3014/3079 2627/3016/3079
f 2629/3017/3080 2628/3018/3080 2627/3019/3080
f 2629/3017/3081 2621/3020/3081 2618/3001/3081
f 2630/3021/3082 2631/3022/321 2632/3023/3082
f 2629/3017/321 2615/2999/3072 2631/3022/321
s 0
f 2631/3022/2566 2633/2834/290 2632/3023/352
f 2615/2999/352 2483/2835/290 2631/3022/352
f 2632/3023/2563 2611/3024/290 2614/2997/352
s 1
f 2630/3021/3082 2614/2997/3071 2617/3003/3071
f 2633/2834/3083 2635/3025/3084 2611/3024/3084
s 0
f 2634/2806/3085 2633/2834/290 2460/2805/3086
f 2637/3026/352 2634/2806/290 2636/3027/2563
f 2636/3027/2563 2457/2799/290 2638/3028/352
s 1
f 2640/3029/314 2636/3027/3087 2639/3030/3087
f 2641/3031/314 2636/3027/3087 2638/3028/314
f 2640/3029/3050 2642/3032/3050 2643/3033/3050
f 2641/3031/3048 2642/3032/3048 2639/3030/3048
f 2642/3034/3088 2646/3035/3046 2643/3036/3046
f 2642/3034/3089 2647/3037/3045 2645/3038/3089
f 2649/3039/314 2646/3040/314 2645/3041/314
f 2644/3042/3090 2648/3043/3090 2647/3037/3090
f 2651/3044/3054 2648/3043/3054 2650/3045/3054
f 2652/3046/3091 2644/3047/3091 2641/3031/3091
f 2653/3048/3052 2650/3049/3052 2652/3046/3052
f 2641/3031/314 2654/3050/314 2652/3046/314
f 2652/3046/314 2655/3051/314 2653/3048/314
s 0
f 2638/3028/2563 2656/2800/290 2654/3050/352
f 2654/3050/2998 2657/3052/2998 2655/3051/2998
s 1
f 2656/2800/3092 2658/3053/3093 2657/3052/3092
s 0
f 2429/2766/3094 2656/2800/3095 2434/2767/3095
s 1
f 2635/3025/3096 2659/3054/3096 2660/2996/3096
s 0
f 2655/3051/352 2635/3025/290 2637/3026/2563
f 2658/3053/3097 2659/3054/3097 2657/3052/3097
f 2663/3055/2563 2659/3054/264 2662/3056/352
s 1
f 2658/3053/3098 2661/3057/3098 2659/3054/3098
s 0
f 2662/3056/352 2661/3057/290 2664/3058/352
s 1
f 2666/3059/331 2662/3056/3099 2665/3060/3099
f 2665/3060/3099 2664/3058/3099 2667/3061/3099
f 2665/3060/3009 2669/3062/3009 2666/3059/3009
f 2665/3060/3100 2670/3063/3100 2668/3064/3100
f 2669/3065/3007 2671/3066/3101 2672/3067/3007
f 2670/3068/3008 2671/3066/3102 2668/3069/3102
f 2673/3070/331 2674/3071/396 2675/3072/331
f 2676/3073/3016 2673/3074/3016 2670/3068/3016
f 2677/3075/3103 2674/3076/3104 2676/3073/3104
f 2667/3061/3012 2676/3077/3012 2670/3063/3012
f 2678/3078/3105 2677/3079/3105 2676/3077/3105
f 2678/3078/331 2664/3058/3099 2680/3080/331
f 2678/3078/331 2681/3081/396 2679/3082/396
s 0
f 2664/3058/352 2682/2993/290 2680/3080/2566
f 2680/3080/352 2609/2994/290 2681/3081/352
s 1
f 2682/2993/3106 2685/3083/3106 2683/3084/3106
s 0
f 2682/2993/3107 2683/3084/3107 2608/2992/3107
s 1
f 2585/3085/3108 2683/3084/3108 2684/3086/3108
s 0
f 2687/3087/352 2683/3084/290 2686/3088/352
f 2686/3088/2566 2685/3083/290 2688/3089/1989
s 1
f 2689/3090/257 2687/3087/391 2686/3088/257
f 2689/3090/257 2688/3089/3109 2691/3091/3109
f 2689/3090/3110 2693/3092/3110 2690/3093/3110
f 2691/3091/3111 2692/3094/3111 2689/3090/3111
f 2693/3095/3112 2695/3096/3112 2696/3097/3112
f 2692/3098/3113 2697/3099/3114 2695/3096/3113
f 2696/3100/391 2695/3101/391 2697/3102/391
f 2694/3103/2991 2698/3104/3115 2697/3099/2991
f 2701/3105/3116 2698/3104/3117 2700/3106/3117
f 2702/3107/2988 2694/3108/2988 2691/3091/2988
f 2702/3107/3118 2701/3109/3118 2700/3110/3118
f 2702/3107/391 2688/3089/3109 2704/3111/391
f 2703/3112/3119 2704/3111/391 2705/3113/3119
s 0
f 2688/3089/352 2706/3114/290 2704/3111/352
f 2704/3111/352 2559/2933/290 2705/3113/2563
f 2430/2764/3120 2685/3083/264 2707/3115/3121
f 2706/3114/290 2430/2764/290 2558/2932/290
f 2705/3113/352 2684/3086/290 2687/3087/2566
s 1
f 2703/3112/3119 2687/3087/391 2690/3093/391
f 2703/3112/2985 2693/3092/3122 2701/3109/2985
f 2693/3095/3123 2699/3116/2981 2701/3105/2981
s 0
f 2707/3115/264 2685/3083/264 2661/3057/264
f 2708/3117/352 2658/3053/264 2412/2738/352
f 2427/2761/352 2707/3115/290 2708/3117/352
s 1
f 2410/2737/248 2427/2761/248 2708/3117/248
f 2684/3086/3124 2561/2935/3124 2585/3085/3124
s 0
f 2681/3081/352 2660/2996/290 2663/3055/1989
s 1
f 2666/3059/331 2681/3081/396 2663/3055/331
f 2666/3059/3125 2677/3079/3126 2679/3082/3126
f 2677/3075/3127 2672/3067/3128 2675/3118/3127
f 2635/3025/3129 2660/2996/3130 2611/3024/3129
s 0
f 2412/2738/2998 2429/2766/2998 2426/2742/2998
s 1
f 2640/3029/314 2655/3051/314 2637/3026/314
f 2653/3048/3051 2643/3033/3051 2651/3119/3051
f 2643/3036/3053 2649/3120/3053 2651/3044/3053
f 2630/3021/3031 2620/3002/3131 2628/3018/3031
f 2620/3005/3132 2626/3121/3034 2628/3015/3034
s 0
f 2612/2838/264 2586/2965/264 2485/2839/264
f 2606/2989/2563 2585/3085/290 2588/2963/2970
s 1
f 2591/2967/265 2606/2989/392 2588/2963/265
f 2591/2967/2965 2602/2987/3133 2604/2990/3133
f 2602/2983/3134 2597/2975/2967 2600/3122/3134
f 2580/2958/3090 2570/2943/3090 2578/3123/3090
f 2570/2946/3091 2576/3124/3091 2578/2954/3091
f 2536/2906/3135 2511/2873/3136 2562/2872/3136
s 0
f 2556/2930/352 2431/2768/290 2538/2904/352
s 1
f 2554/2927/245 2538/2904/3024 2541/2910/3024
f 2554/2927/3076 2544/2912/3076 2552/3125/3076
f 2544/2916/3081 2550/2925/3137 2552/3126/3138
f 2517/2877/288 2532/2899/3017 2530/2897/3006
f 2517/2877/3128 2528/2896/3139 2520/2879/3128
f 2528/2893/3140 2523/3127/3125 2520/2883/3125
s 0
f 2512/2870/290 2482/2833/290 2486/2837/290
f 2488/2841/2563 2508/2868/264 2506/2864/2563
s 1
f 2491/2843/352 2506/2864/352 2504/2862/352
f 2504/2862/2948 2494/3128/2948 2491/2843/2948
f 2494/3129/2950 2500/2858/2950 2497/2849/2950
s 0
f 2480/2830/2566 2459/2801/290 2462/2803/1989
s 1
f 2465/2808/395 2480/2830/2992 2462/2803/395
f 2478/2831/3114 2468/2812/3114 2476/2827/3114
f 2468/2815/3141 2474/3130/3111 2476/2823/3111
s 0
f 2454/2795/2563 2433/2769/290 2436/2770/352
s 1
f 2439/2773/296 2454/2795/2969 2436/2770/296
f 2439/2773/3142 2450/2793/3142 2452/2796/3142
f 2450/2788/3143 2445/2780/3144 2448/3131/3143
f 2410/2737/2997 2422/2759/2997 2424/2762/2997
f 2422/2754/2996 2417/2746/2996 2420/3132/2996
f 2410/2737/248 2708/3117/248 2412/2738/248
f 2409/2739/2946 2413/2743/2946 2414/2740/2946
f 2411/2741/248 2409/2739/248 2412/2738/248
f 2411/2741/2523 2415/2757/2523 2413/2743/2523
f 2414/2744/2947 2413/2748/2947 2416/2745/2947
f 2415/2747/2538 2418/2753/2538 2416/2745/2538
f 2417/3133/248 2416/3134/248 2420/2751/248
f 2416/3134/248 2418/2749/248 2420/2751/248
f 2421/2752/2948 2419/2755/2948 2418/2753/2948
f 2422/2754/2949 2420/3132/2949 2419/2755/2949
f 2411/2741/2950 2423/2758/2950 2421/2756/2950
f 2423/2758/2951 2424/2762/2951 2422/2759/2951
f 2423/2758/248 2411/2741/248 2426/2742/248
f 2423/2758/248 2425/2760/248 2427/2761/248
s 0
f 2426/2742/290 2429/2766/352 2428/2763/352
f 2425/2760/290 2428/2763/352 2430/2764/352
f 2432/2765/290 2428/2763/3145 2429/2766/3145
f 2431/2768/3146 2558/2932/290 2430/2764/3147
s 1
f 2433/2769/3148 2535/2902/3148 2431/2768/3148
s 0
f 2436/2770/290 2433/2769/3023 2432/2765/352
f 2435/2771/264 2432/2765/352 2434/2767/352
s 1
f 2439/2773/296 2436/2770/296 2435/2771/2957
f 2440/2775/2957 2438/2774/2957 2435/2771/2957
f 2438/2774/2958 2441/2777/2958 2442/2776/2958
f 2440/2775/2959 2443/2791/2959 2441/2777/2959
f 2442/2778/2960 2441/2781/2960 2444/2779/2960
f 2441/2781/2961 2443/2787/2961 2446/2782/2961
f 2445/3135/297 2444/3136/296 2448/2785/296
f 2444/3136/296 2446/2783/296 2448/2785/296
f 2449/2786/2962 2447/2789/2962 2446/2782/2963
f 2450/2788/2964 2448/3131/2964 2447/2789/2965
f 2440/2775/2966 2451/2792/2966 2449/2790/2966
f 2451/2792/2967 2452/2796/2968 2450/2793/2968
f 2451/2792/296 2440/2775/2957 2437/2772/2957
f 2451/2792/296 2453/2794/296 2454/2795/2969
s 0
f 2437/2772/290 2434/2767/352 2455/2797/2563
f 2453/2794/290 2455/2797/352 2456/2798/352
s 1
f 2457/2799/3149 2455/2797/3150 2434/2767/3150
f 2459/2801/3151 2456/2798/3152 2455/2797/3152
s 0
f 2462/2803/290 2459/2801/2970 2458/2802/2563
s 1
f 2460/2805/3153 2458/2802/3153 2457/2799/3154
s 0
f 2461/2804/290 2458/2802/352 2460/2805/2563
s 1
f 2465/2808/395 2462/2803/395 2461/2804/2978
f 2466/2810/2979 2464/2809/2978 2461/2804/2978
f 2465/2808/2980 2464/2809/2980 2467/2811/2980
f 2466/2810/2981 2469/2826/2981 2467/2811/2982
f 2467/2813/2983 2470/2817/2983 2471/2814/2983
f 2467/2813/2984 2469/2821/2985 2472/2816/2985
f 2474/2820/305 2471/3137/305 2470/2818/305
f 2470/2818/305 2472/3138/305 2473/2819/305
f 2469/2821/2986 2475/2824/2987 2473/2822/2987
f 2476/2823/2988 2474/3130/2988 2473/2822/2989
f 2477/2825/2990 2475/2828/2990 2469/2826/2990
f 2477/2825/2991 2478/2831/2991 2476/2827/2991
f 2466/2810/2979 2463/2807/2979 2479/2829/305
f 2477/2825/305 2479/2829/305 2480/2830/2992
s 0
f 2463/2807/290 2460/2805/352 2481/2832/2566
f 2479/2829/290 2481/2832/352 2482/2833/352
f 2481/2832/3155 2460/2805/290 2633/2834/320
f 2482/2833/3156 2481/2832/290 2484/2836/3156
f 2484/2836/264 2483/2835/3157 2612/2838/3158
f 2487/2840/290 2484/2836/352 2485/2839/352
f 2489/2842/290 2486/2837/352 2484/2836/352
s 1
f 2491/2843/352 2490/2845/352 2487/2840/352
f 2492/2844/352 2489/2842/352 2487/2840/352
f 2491/2843/2949 2494/3128/2949 2493/2846/2949
f 2492/2844/2996 2490/2845/2996 2493/2846/2996
f 2493/2848/2951 2494/3129/2951 2497/2849/2951
f 2493/2848/2997 2496/2850/2997 2498/2851/2997
f 2496/2855/352 2497/3139/352 2500/3140/352
f 2500/3140/352 2499/2853/352 2496/2855/352
f 2495/2852/2946 2498/2851/2946 2499/2856/2946
f 2501/2857/2523 2499/2856/2523 2500/2858/2523
f 2503/2860/2538 2501/2863/2538 2502/2861/2538
f 2503/2860/2947 2492/2844/2947 2495/2847/2947
f 2503/2860/352 2504/2862/352 2506/2864/352
f 2492/2844/352 2503/2860/352 2505/2865/352
s 0
f 2506/2864/2998 2508/2868/2998 2507/2866/2998
f 2505/2865/290 2507/2866/2563 2486/2837/2563
s 1
f 2509/2867/3159 2507/2866/3159 2508/2868/3159
f 2507/2866/3160 2510/2871/3161 2512/2870/3161
f 2510/2871/3162 2509/2867/3162 2562/2872/3162
s 0
f 2513/2874/290 2510/2871/2563 2511/2873/352
f 2515/2876/264 2512/2870/352 2510/2871/352
s 1
f 2517/2877/288 2516/2878/3006 2513/2874/3006
f 2516/2878/3006 2518/2882/3006 2515/2876/3006
f 2516/2878/3007 2517/2877/3007 2520/2879/3007
f 2516/2878/3008 2519/2880/3008 2521/2881/3008
f 2520/2883/3009 2523/3127/3009 2522/2884/3010
f 2521/2886/3011 2519/2885/3011 2522/2884/3011
f 2522/2890/288 2523/3141/288 2526/2888/288
f 2526/2888/288 2525/3142/394 2524/2889/288
f 2527/2891/3012 2521/2886/3012 2524/2887/3012
f 2528/2893/3013 2527/2891/3014 2525/2892/3014
f 2529/2895/3015 2527/2898/3015 2528/2896/3015
f 2518/2882/3016 2521/2881/3016 2527/2898/3016
f 2529/2895/288 2530/2897/3006 2532/2899/3017
f 2529/2895/288 2531/2900/288 2515/2876/3006
s 0
f 2532/2899/290 2534/2903/352 2533/2901/2563
f 2531/2900/290 2533/2901/3023 2512/2870/2566
s 1
f 2533/2901/3163 2534/2903/3163 2433/2769/3163
s 0
f 2482/2833/290 2512/2870/3164 2533/2901/3164
s 1
f 2511/2873/3165 2536/2906/3165 2535/2902/3165
s 0
f 2514/2875/290 2511/2873/2563 2534/2903/2563
f 2538/2904/290 2431/2768/352 2535/2902/2566
f 2537/2905/290 2535/2902/1989 2536/2906/352
s 1
f 2540/2908/246 2541/2910/3024 2538/2904/3024
f 2540/2908/246 2537/2905/246 2539/2907/245
f 2541/2910/3025 2540/2908/3025 2543/2911/3025
f 2540/2908/3026 2542/2909/3026 2545/2913/3026
f 2543/2914/3027 2546/2918/3027 2547/2915/3028
f 2545/2917/3029 2548/2923/3029 2546/2918/3029
f 2548/2921/245 2549/3143/245 2550/3144/245
f 2550/3144/245 2547/2919/245 2548/2921/245
f 2545/2917/3030 2551/2924/3031 2549/2922/3031
f 2551/2924/3032 2552/3126/3033 2550/2925/3033
f 2553/2926/3034 2551/2928/3034 2545/2913/3035
f 2554/2927/3036 2552/3125/3036 2551/2928/3036
f 2553/2926/3037 2542/2909/245 2539/2907/245
f 2553/2926/3037 2555/2929/3037 2556/2930/245
s 0
f 2539/2907/290 2536/2906/2566 2557/2931/352
f 2555/2929/290 2557/2931/2563 2558/2932/352
f 2562/2872/3166 2560/2934/290 2557/2931/3167
f 2559/2933/244 2706/3114/290 2558/2932/244
s 1
f 2561/2935/3168 2684/3086/3168 2559/2933/3168
s 0
f 2564/2936/290 2561/2935/2563 2560/2934/352
f 2563/2937/290 2560/2934/352 2562/2872/2563
s 1
f 2567/2939/3043 2564/2936/3043 2563/2937/273
f 2568/2941/3044 2566/2940/273 2563/2937/273
f 2567/2939/3045 2566/2940/3045 2569/2942/3045
f 2568/2941/3046 2571/2957/3046 2569/2942/3046
f 2569/2944/3047 2572/2948/3047 2573/2945/3048
f 2569/2944/3049 2571/2952/3050 2574/2947/3050
f 2576/2951/273 2573/3145/273 2572/2949/273
f 2572/2949/273 2574/3146/273 2575/2950/273
f 2571/2952/3051 2577/2955/3051 2575/2953/3051
f 2578/2954/3052 2576/3124/3052 2575/2953/3052
f 2579/2956/3053 2577/2959/3053 2571/2957/3053
f 2580/2958/3054 2578/3123/3054 2577/2959/3054
f 2568/2941/3044 2565/2938/3044 2581/2960/273
f 2579/2956/273 2581/2960/273 2582/2961/273
s 0
f 2565/2938/264 2562/2872/352 2509/2867/2563
f 2581/2960/2998 2509/2867/2998 2583/2869/2998
f 2582/2961/264 2583/2869/2563 2561/2935/352
s 1
f 2567/2939/3043 2580/2958/273 2582/2961/273
f 2584/2962/3169 2585/3085/3169 2561/2935/3170
s 0
f 2588/2963/290 2585/3085/352 2584/2962/2563
s 1
f 2586/2965/3171 2584/2962/3172 2508/2868/3172
s 0
f 2587/2964/264 2584/2962/352 2586/2965/352
s 1
f 2591/2967/265 2588/2963/265 2587/2964/3059
f 2590/2968/3059 2587/2964/3059 2589/2966/3059
f 2590/2968/2962 2593/2972/2962 2594/2970/2962
f 2590/2968/3060 2592/2969/3060 2595/2971/3060
f 2594/2973/2966 2593/2977/3061 2596/2974/3061
f 2595/2976/2959 2598/2982/2959 2596/2974/3062
f 2598/2980/265 2599/3147/392 2600/2978/265
f 2600/2978/265 2597/3148/265 2596/2979/265
f 2601/2981/2958 2599/2984/2958 2598/2982/2958
f 2602/2983/3063 2600/3122/3063 2599/2984/3064
f 2592/2969/2960 2603/2986/2960 2601/2985/2960
f 2603/2986/3065 2604/2990/3065 2602/2987/3065
f 2603/2986/265 2592/2969/3059 2589/2966/3059
f 2603/2986/265 2605/2988/265 2606/2989/392
s 0
f 2589/2966/290 2586/2965/3023 2607/2991/352
f 2605/2988/290 2607/2991/352 2608/2992/352
s 1
f 2612/2838/3173 2610/2995/3173 2607/2991/3173
f 2607/2991/3174 2609/2994/3174 2682/2993/3174
f 2610/2995/3175 2611/3024/3175 2660/2996/3175
s 0
f 2614/2997/290 2611/3024/1989 2610/2995/352
f 2613/2998/290 2610/2995/352 2612/2838/2566
s 1
f 2616/3000/322 2617/3003/3071 2614/2997/3071
f 2616/3000/322 2613/2998/322 2615/2999/3072
f 2616/3000/3073 2619/3004/3073 2620/3002/3073
f 2618/3001/3028 2621/3020/3028 2619/3004/3028
f 2620/3005/3074 2619/3008/3074 2622/3006/3074
f 2619/3008/3075 2621/3013/3025 2624/3009/3025
f 2625/3012/321 2626/3149/321 2623/3010/321
f 2623/3010/321 2622/3150/321 2624/3011/321
f 2621/3013/3076 2627/3016/3077 2625/3014/3077
f 2628/3015/3078 2626/3121/3078 2625/3014/3079
f 2629/3017/3080 2630/3021/3080 2628/3018/3080
f 2629/3017/3081 2627/3019/3081 2621/3020/3081
f 2630/3021/3082 2629/3017/321 2631/3022/321
f 2629/3017/321 2618/3001/3072 2615/2999/3072
s 0
f 2631/3022/290 2483/2835/2563 2633/2834/352
f 2615/2999/290 2612/2838/352 2483/2835/352
f 2632/3023/290 2633/2834/2563 2611/3024/352
s 1
f 2630/3021/3082 2632/3023/3082 2614/2997/3071
f 2633/2834/3176 2634/2806/3177 2635/3025/3178
s 0
f 2637/3026/290 2635/3025/352 2634/2806/2563
f 2636/3027/290 2634/2806/2563 2457/2799/352
s 1
f 2640/3029/314 2637/3026/314 2636/3027/3087
f 2641/3031/314 2639/3030/3087 2636/3027/3087
f 2640/3029/3050 2639/3030/3050 2642/3032/3050
f 2641/3031/3048 2644/3047/3048 2642/3032/3048
f 2642/3034/3088 2645/3038/3088 2646/3035/3046
f 2642/3034/3089 2644/3042/3045 2647/3037/3045
f 2647/3151/314 2648/3152/314 2645/3041/314
f 2648/3152/314 2649/3039/314 2645/3041/314
f 2644/3042/3090 2650/3045/3090 2648/3043/3090
f 2651/3044/3054 2649/3120/3054 2648/3043/3054
f 2652/3046/3091 2650/3049/3091 2644/3047/3091
f 2653/3048/3052 2651/3119/3052 2650/3049/3052
f 2641/3031/314 2638/3028/314 2654/3050/314
f 2652/3046/314 2654/3050/314 2655/3051/314
s 0
f 2638/3028/264 2457/2799/2563 2656/2800/352
f 2654/3050/2998 2656/2800/2998 2657/3052/2998
s 1
f 2656/2800/3179 2429/2766/3179 2658/3053/3179
f 2635/3025/3180 2657/3052/3180 2659/3054/3180
s 0
f 2655/3051/264 2657/3052/352 2635/3025/2563
f 2663/3055/290 2660/2996/2563 2659/3054/352
f 2658/3053/3181 2707/3115/264 2661/3057/3182
f 2662/3056/264 2659/3054/352 2661/3057/352
s 1
f 2666/3059/331 2663/3055/331 2662/3056/3099
f 2665/3060/3099 2662/3056/3099 2664/3058/3099
f 2665/3060/3009 2668/3064/3009 2669/3062/3009
f 2665/3060/3100 2667/3061/3100 2670/3063/3100
f 2669/3065/3007 2668/3069/3101 2671/3066/3101
f 2670/3068/3008 2673/3074/3008 2671/3066/3102
f 2672/3153/331 2671/3154/331 2675/3072/331
f 2671/3154/331 2673/3070/331 2675/3072/331
f 2676/3073/3016 2674/3076/3016 2673/3074/3016
f 2677/3075/3103 2675/3118/3103 2674/3076/3104
f 2667/3061/3012 2678/3078/3012 2676/3077/3012
f 2678/3078/3105 2679/3082/3105 2677/3079/3105
f 2678/3078/331 2667/3061/3099 2664/3058/3099
f 2678/3078/331 2680/3080/331 2681/3081/396
s 0
f 2664/3058/290 2661/3057/3023 2682/2993/2566
f 2680/3080/290 2682/2993/352 2609/2994/2563
f 2682/2993/3183 2661/3057/264 2685/3083/3183
s 1
f 2585/3085/3184 2608/2992/3184 2683/3084/3184
s 0
f 2687/3087/290 2684/3086/2970 2683/3084/2563
f 2686/3088/290 2683/3084/2566 2685/3083/352
s 1
f 2689/3090/257 2690/3093/391 2687/3087/391
f 2689/3090/257 2686/3088/257 2688/3089/3109
f 2689/3090/3110 2692/3094/3110 2693/3092/3110
f 2691/3091/3111 2694/3108/3111 2692/3094/3111
f 2693/3095/3112 2692/3098/3112 2695/3096/3112
f 2692/3098/3113 2694/3103/3114 2697/3099/3114
f 2697/3102/391 2698/3155/391 2696/3100/391
f 2698/3155/391 2699/3156/391 2696/3100/391
f 2694/3103/2991 2700/3106/3115 2698/3104/3115
f 2701/3105/3116 2699/3116/3116 2698/3104/3117
f 2702/3107/2988 2700/3110/2988 2694/3108/2988
f 2702/3107/3118 2703/3112/3118 2701/3109/3118
f 2702/3107/391 2691/3091/3109 2688/3089/3109
f 2703/3112/3119 2702/3107/391 2704/3111/391
s 0
f 2688/3089/290 2685/3083/352 2706/3114/352
f 2704/3111/290 2706/3114/352 2559/2933/2566
f 2430/2764/290 2706/3114/248 2685/3083/248
f 2705/3113/290 2559/2933/352 2684/3086/2563
s 1
f 2703/3112/3119 2705/3113/3119 2687/3087/391
f 2703/3112/2985 2690/3093/3122 2693/3092/3122
f 2693/3095/3123 2696/3097/3123 2699/3116/2981
s 0
f 2708/3117/290 2707/3115/2563 2658/3053/2563
f 2427/2761/290 2430/2764/352 2707/3115/352
s 1
f 2410/2737/248 2424/2762/248 2427/2761/248
s 0
f 2681/3081/290 2609/2994/2563 2660/2996/2563
s 1
f 2666/3059/331 2679/3082/396 2681/3081/396
f 2666/3059/3125 2669/3062/3125 2677/3079/3126
f 2677/3075/3127 2669/3065/3128 2672/3067/3128
s 0
f 2412/2738/2998 2658/3053/2998 2429/2766/2998
s 1
f 2640/3029/314 2653/3048/314 2655/3051/314
f 2653/3048/3051 2640/3029/3051 2643/3033/3051
f 2643/3036/3053 2646/3035/3053 2649/3120/3053
f 2630/3021/3031 2617/3003/3131 2620/3002/3131
f 2620/3005/3132 2623/3007/3132 2626/3121/3034
s 0
f 2606/2989/290 2608/2992/352 2585/3085/352
s 1
f 2591/2967/265 2604/2990/392 2606/2989/392
f 2591/2967/2965 2594/2970/2965 2602/2987/3133
f 2602/2983/3134 2594/2973/2967 2597/2975/2967
f 2580/2958/3090 2567/2939/3090 2570/2943/3090
f 2570/2946/3091 2573/2945/3091 2576/3124/3091
s 0
f 2556/2930/290 2558/2932/352 2431/2768/352
s 1
f 2554/2927/245 2556/2930/245 2538/2904/3024
f 2554/2927/3076 2541/2910/3076 2544/2912/3076
f 2544/2916/3081 2547/2915/3081 2550/2925/3137
f 2517/2877/288 2514/2875/288 2532/2899/3017
f 2517/2877/3128 2530/2897/3139 2528/2896/3139
f 2528/2893/3140 2526/2894/3140 2523/3127/3125
s 0
f 2488/2841/290 2485/2839/352 2508/2868/352
s 1
f 2491/2843/352 2488/2841/352 2506/2864/352
f 2504/2862/2948 2502/2861/2948 2494/3128/2948
f 2494/3129/2950 2502/2859/2950 2500/2858/2950
s 0
f 2480/2830/290 2482/2833/2566 2459/2801/352
s 1
f 2465/2808/395 2478/2831/2992 2480/2830/2992
f 2478/2831/3114 2465/2808/3114 2468/2812/3114
f 2468/2815/3141 2471/2814/3141 2474/3130/3111
s 0
f 2454/2795/290 2456/2798/352 2433/2769/352
s 1
f 2439/2773/296 2452/2796/2969 2454/2795/2969
f 2439/2773/3142 2442/2776/3142 2450/2793/3142
f 2450/2788/3143 2442/2778/3144 2445/2780/3144
f 2410/2737/2997 2414/2740/2997 2422/2759/2997
f 2422/2754/2996 2414/2744/2996 2417/2746/2996
usemtl Player
f 617/3157/3185 619/3158/3185 616/3159/3185
f 795/3160/3186 616/3159/3186 618/3161/3186
f 618/3161/3187 620/3162/3187 622/3163/3187
f 616/3159/3188 623/3164/3189 620/3162/3190
f 620/3165/3191 625/3166/3191 621/3167/3191
f 620/3165/3192 804/3168/3192 622/3169/3192
f 619/3158/3193 624/3170/3194 623/3164/3195
f 623/3171/3196 627/3172/3197 625/3166/3198
f 621/3167/3199 626/3173/3199 804/3168/3199
f 625/3166/3200 629/3174/3200 626/3173/3200
f 624/3175/3201 628/3176/3202 627/3172/3203
f 627/3172/3204 630/3177/3204 629/3174/3204
f 629/3174/3205 634/3178/3206 631/3179/3207
f 626/3173/3208 631/3179/3208 632/3180/3208
f 805/3181/3209 631/3179/3209 633/3182/3209
f 633/3182/3210 634/3178/3211 635/3183/3212
f 630/3177/3213 636/3184/3214 634/3178/3215
f 635/3183/3216 636/3184/3217 638/3185/3218
f 640/3186/3219 636/3184/3219 639/3187/3219
f 636/3184/3220 658/3188/3220 638/3185/3220
f 628/3176/3221 639/3187/3222 630/3177/3223
f 642/3189/3224 639/3187/3224 641/3190/3224
f 645/3191/3225 641/3190/3226 628/3176/3227
f 643/3192/3228 642/3189/3228 641/3190/3228
f 789/3193/3229 643/3194/3229 645/3195/3229
f 647/3196/3230 643/3194/3231 644/3197/3232
f 649/3198/3233 646/3199/3233 647/3196/3233
f 648/3200/3234 642/3189/3234 646/3201/3234
f 680/3202/3235 648/3203/3235 649/3198/3235
f 650/3204/3236 651/3205/3236 648/3200/3236
f 651/3205/3237 640/3186/3237 642/3189/3237
f 652/3206/3238 653/3207/3238 651/3205/3238
f 653/3207/3239 637/3208/3239 640/3186/3239
f 654/3209/3240 655/3210/3241 653/3207/3242
f 637/3208/3243 657/3211/3243 658/3188/3243
f 655/3210/3241 659/3212/3244 657/3211/3245
f 658/3188/3246 660/3213/3246 661/3214/3246
f 657/3211/3247 662/3215/3247 660/3213/3247
f 661/3214/3248 663/3216/3248 665/3217/3248
f 660/3213/3249 666/3218/3249 663/3216/3249
f 667/3219/3250 663/3220/3250 666/3221/3250
f 664/3222/3251 665/3223/3251 663/3220/3251
f 669/3224/3252 666/3221/3252 668/3225/3252
f 662/3215/3253 668/3226/3253 666/3218/3253
f 722/3227/3254 668/3225/3254 670/3228/3254
f 671/3229/3255 670/3230/3255 668/3226/3255
f 659/3212/3256 671/3229/3256 662/3215/3256
f 656/3231/3257 672/3232/3257 659/3212/3257
f 672/3232/3258 674/3233/3258 670/3230/3258
f 675/3234/3259 656/3231/3259 654/3209/3259
f 674/3233/3260 675/3234/3260 676/3235/3260
f 677/3236/3261 654/3209/3261 652/3206/3261
f 676/3235/3262 677/3236/3262 678/3237/3262
f 678/3237/3263 652/3206/3263 650/3204/3263
f 679/3238/3264 650/3239/3264 680/3202/3264
f 679/3238/3265 676/3240/3265 678/3241/3265
f 682/3242/3266 680/3202/3267 683/3243/3268
f 684/3244/3269 679/3238/3270 682/3242/3271
f 686/3245/3272 682/3246/3273 683/3247/3274
f 687/3248/3275 682/3246/3276 685/3249/3277
f 685/3249/3278 689/3250/3278 688/3251/3278
f 687/3248/3279 688/3251/3279 690/3252/3279
f 692/3253/3280 688/3254/3280 689/3255/3280
f 693/3256/3281 688/3254/3281 691/3257/3281
f 694/3258/3282 691/3257/3282 692/3253/3282
f 698/3259/3283 693/3256/3283 694/3258/3283
f 695/3260/3284 690/3261/3284 693/3256/3284
f 698/3259/3285 696/3262/3285 695/3260/3285
f 715/3263/3286 695/3260/3286 696/3262/3286
f 700/3264/3287 694/3258/3288 702/3265/3289
f 700/3264/3287 699/3266/3290 698/3259/3291
f 701/3267/3292 703/3268/3292 700/3264/3292
f 701/3267/3293 702/3265/3293 793/3269/3293
f 704/3270/3294 705/3271/3294 703/3268/3294
f 703/3268/3295 707/3272/3295 699/3266/3295
f 706/3273/3296 708/3274/3296 705/3271/3296
f 705/3271/3297 711/3275/3297 707/3272/3297
f 709/3276/3298 710/3277/3298 729/3278/3298
f 712/3279/3299 708/3280/3299 709/3276/3299
f 714/3281/3300 711/3282/3300 712/3279/3300
f 707/3272/3301 713/3283/3301 716/3284/3301
f 717/3285/3302 713/3286/3302 714/3281/3302
f 713/3283/3303 696/3262/3303 716/3284/3303
f 699/3266/3304 716/3284/3304 696/3262/3304
f 719/3287/3305 715/3288/3306 717/3285/3307
f 723/3289/3308 717/3285/3309 714/3281/3310
f 718/3290/3311 719/3287/3311 717/3285/3311
f 719/3287/3312 684/3291/3312 687/3248/3312
f 687/3248/3313 697/3292/3313 719/3287/3313
f 720/3293/3314 681/3294/3314 684/3244/3314
f 722/3227/3315 720/3293/3315 718/3295/3315
f 681/3294/3316 674/3296/3316 676/3240/3316
f 722/3227/3317 674/3296/3317 721/3297/3317
f 669/3224/3318 718/3295/3319 723/3298/3320
f 667/3219/3321 723/3298/3322 724/3299/3323
f 712/3279/3324 723/3289/3325 714/3281/3326
f 725/3300/3327 667/3219/3327 724/3299/3327
f 709/3276/3328 724/3301/3328 712/3279/3328
f 726/3302/3329 664/3222/3330 725/3300/3331
f 729/3278/3332 725/3303/3333 709/3276/3334
f 728/3304/3335 727/3305/3335 726/3302/3335
f 730/3306/3336 726/3307/3336 729/3278/3336
f 730/3306/3337 710/3277/3338 732/3308/3339
f 731/3309/3340 728/3310/3341 730/3306/3342
f 731/3309/3343 732/3308/3343 733/3311/3343
f 734/3312/3344 710/3313/3344 706/3273/3344
f 733/3314/3345 734/3312/3346 735/3315/3347
f 736/3316/3348 706/3273/3348 704/3270/3348
f 735/3315/3349 736/3316/3350 737/3317/3351
f 738/3318/3352 704/3270/3352 701/3267/3352
f 737/3317/3353 738/3318/3354 740/3319/3355
f 738/3318/3356 793/3269/3356 739/3320/3356
f 738/3318/3357 741/3321/3358 740/3319/3359
f 740/3319/3360 744/3322/3361 742/3323/3362
f 745/3324/3363 740/3319/3364 742/3323/3365
f 746/3325/3366 742/3323/3366 743/3326/3366
f 742/3323/3367 794/3327/3367 743/3326/3367
f 748/3328/3368 745/3324/3368 746/3325/3368
f 747/3329/3369 737/3317/3369 745/3324/3369
f 751/3330/3370 747/3329/3370 748/3328/3370
f 749/3331/3371 735/3315/3372 747/3329/3373
f 752/3332/3374 749/3333/3375 751/3334/3376
f 750/3335/3377 733/3311/3377 749/3333/3377
f 754/3336/3378 751/3334/3379 753/3337/3380
f 756/3338/3381 751/3330/3381 748/3328/3381
f 825/3339/3382 753/3337/3382 755/3340/3382
f 757/3341/3383 753/3342/3383 756/3338/3383
f 756/3338/3384 746/3325/3384 757/3341/3384
f 757/3341/3385 743/3326/3385 758/3343/3385
f 758/3343/3386 755/3344/3386 757/3341/3386
f 743/3326/3387 759/3345/3387 758/3343/3387
f 758/3343/3388 762/3346/3388 760/3347/3388
f 761/3348/3389 755/3340/3389 760/3349/3389
f 761/3348/3390 762/3350/3390 763/3351/3390
f 763/3351/3391 764/3352/3392 765/3353/3393
f 759/3345/3394 764/3354/3394 762/3346/3394
f 765/3353/3395 767/3355/3396 768/3356/3397
f 766/3357/3398 767/3358/3398 764/3354/3398
f 768/3356/3399 770/3359/3399 771/3360/3399
f 772/3361/3400 767/3358/3400 769/3362/3400
f 771/3360/3401 773/3363/3401 774/3364/3401
f 775/3365/3402 770/3366/3403 772/3361/3404
f 774/3364/3405 776/3367/3405 777/3368/3405
f 778/3369/3406 773/3370/3407 775/3365/3408
f 777/3368/3409 779/3371/3410 780/3372/3411
f 778/3369/3412 779/3373/3412 776/3374/3412
f 783/3375/3413 779/3371/3413 782/3376/3413
f 781/3377/3414 782/3378/3414 779/3373/3414
f 686/3245/3415 782/3376/3415 689/3250/3415
f 784/3379/3416 689/3255/3416 782/3378/3416
f 793/3269/3417 784/3379/3417 781/3377/3417
f 702/3265/3418 692/3253/3418 784/3379/3418
f 780/3372/3419 785/3380/3420 786/3381/3421
f 783/3375/3422 683/3247/3423 785/3380/3424
f 786/3382/3425 649/3198/3426 647/3196/3427
f 785/3383/3428 680/3202/3428 649/3198/3428
f 777/3368/3429 786/3381/3429 787/3384/3429
f 787/3385/3430 647/3196/3430 644/3197/3430
f 774/3364/3431 787/3384/3432 788/3386/3433
f 788/3387/3434 644/3197/3435 789/3193/3436
f 790/3388/3437 789/3193/3437 791/3389/3437
f 771/3360/3438 788/3386/3438 790/3390/3438
f 792/3391/3439 791/3389/3439 619/3158/3439
f 768/3356/3440 790/3390/3440 792/3392/3440
f 765/3353/3441 792/3392/3442 617/3393/3443
f 791/3389/3444 645/3195/3444 624/3170/3444
f 739/3320/3445 781/3377/3445 778/3369/3445
f 739/3320/3446 775/3365/3447 741/3321/3448
f 741/3321/3449 772/3361/3449 744/3322/3449
f 744/3322/3450 769/3362/3450 794/3327/3450
f 794/3327/3451 766/3357/3451 759/3345/3451
f 763/3351/3452 617/3393/3452 795/3394/3452
f 761/3348/3453 795/3394/3453 796/3395/3453
f 796/3396/3454 618/3161/3454 798/3397/3454
f 761/3348/3455 797/3398/3455 825/3339/3455
f 796/3396/3456 799/3399/3456 797/3400/3456
f 799/3399/3457 800/3401/3457 801/3402/3457
f 618/3161/3458 800/3401/3458 798/3397/3458
f 802/3403/3459 801/3404/3459 800/3405/3459
f 622/3169/3460 802/3403/3460 800/3405/3460
f 804/3168/3461 632/3180/3461 802/3403/3461
f 803/3406/3462 632/3180/3462 805/3181/3462
f 806/3407/3463 805/3181/3463 807/3408/3463
f 803/3406/3464 808/3409/3464 801/3404/3464
f 808/3409/3465 807/3408/3466 810/3410/3467
f 809/3411/3468 810/3412/3469 811/3413/3470
f 799/3399/3471 808/3414/3472 809/3411/3473
f 811/3413/3474 812/3415/3474 813/3416/3474
f 810/3410/3475 815/3417/3476 812/3418/3477
f 813/3416/3478 814/3419/3478 820/3420/3478
f 812/3418/3479 816/3421/3479 814/3422/3479
f 807/3408/3480 633/3182/3480 815/3417/3480
f 815/3417/3481 635/3183/3481 816/3421/3481
f 814/3422/3482 817/3423/3483 818/3424/3484
f 816/3421/3485 638/3185/3486 817/3423/3487
f 638/3185/3488 661/3214/3488 817/3423/3488
f 818/3424/3489 661/3214/3489 665/3217/3489
f 820/3420/3490 818/3425/3490 819/3426/3490
f 727/3305/3491 818/3425/3492 665/3223/3493
f 821/3427/3494 819/3426/3495 728/3304/3496
f 822/3428/3497 820/3420/3497 821/3427/3497
f 750/3335/3498 821/3429/3498 731/3309/3498
f 823/3430/3499 813/3416/3499 822/3428/3499
f 752/3332/3500 822/3431/3500 750/3335/3500
f 824/3432/3501 811/3413/3501 823/3430/3501
f 754/3336/3502 823/3433/3502 752/3332/3502
f 825/3339/3503 824/3434/3504 754/3336/3505
f 797/3400/3506 809/3411/3506 824/3432/3506
f 617/3157/3507 792/3391/3507 619/3158/3507
f 795/3160/3508 617/3157/3508 616/3159/3508
f 618/3161/3509 616/3159/3188 620/3162/3190
f 616/3159/3510 619/3158/3193 623/3164/3195
f 620/3165/3511 623/3171/3196 625/3166/3198
f 620/3165/3512 621/3167/3512 804/3168/3512
f 619/3158/3513 791/3389/3513 624/3170/3513
f 623/3171/3514 624/3175/3201 627/3172/3203
f 621/3167/3515 625/3166/3515 626/3173/3515
f 625/3166/3516 627/3172/3516 629/3174/3516
f 624/3175/3517 645/3191/3517 628/3176/3517
f 627/3172/3518 628/3176/3518 630/3177/3518
f 629/3174/3205 630/3177/3519 634/3178/3206
f 626/3173/3520 629/3174/3520 631/3179/3520
f 805/3181/3521 632/3180/3521 631/3179/3521
f 633/3182/3210 631/3179/3522 634/3178/3211
f 630/3177/3213 639/3187/3523 636/3184/3214
f 635/3183/3216 634/3178/3524 636/3184/3217
f 640/3186/3525 637/3208/3525 636/3184/3525
f 636/3184/3526 637/3208/3526 658/3188/3526
f 628/3176/3221 641/3190/3527 639/3187/3222
f 642/3189/3528 640/3186/3528 639/3187/3528
f 645/3191/3225 643/3192/3529 641/3190/3226
f 643/3192/3530 646/3201/3530 642/3189/3530
f 789/3193/3531 644/3197/3531 643/3194/3531
f 647/3196/3230 646/3199/3532 643/3194/3231
f 649/3198/3533 648/3203/3533 646/3199/3533
f 648/3200/3534 651/3205/3534 642/3189/3534
f 680/3202/3535 650/3239/3535 648/3203/3535
f 650/3204/3536 652/3206/3536 651/3205/3536
f 651/3205/3537 653/3207/3537 640/3186/3537
f 652/3206/3538 654/3209/3538 653/3207/3538
f 653/3207/3539 655/3210/3539 637/3208/3539
f 654/3209/3240 656/3231/3540 655/3210/3241
f 637/3208/3541 655/3210/3541 657/3211/3541
f 655/3210/3241 656/3231/3540 659/3212/3244
f 658/3188/3542 657/3211/3542 660/3213/3542
f 657/3211/3543 659/3212/3543 662/3215/3543
f 661/3214/3544 660/3213/3544 663/3216/3544
f 660/3213/3545 662/3215/3545 666/3218/3545
f 667/3219/3546 664/3222/3546 663/3220/3546
f 664/3222/3547 727/3305/3547 665/3223/3547
f 669/3224/3548 667/3219/3548 666/3221/3548
f 662/3215/3549 671/3229/3549 668/3226/3549
f 722/3227/3550 669/3224/3550 668/3225/3550
f 671/3229/3551 672/3232/3551 670/3230/3551
f 659/3212/3552 672/3232/3552 671/3229/3552
f 656/3231/3553 673/3435/3553 672/3232/3553
f 672/3232/3554 673/3435/3554 674/3233/3554
f 675/3234/3555 673/3435/3555 656/3231/3555
f 674/3233/3556 673/3435/3556 675/3234/3556
f 677/3236/3557 675/3234/3557 654/3209/3557
f 676/3235/3558 675/3234/3558 677/3236/3558
f 678/3237/3559 677/3236/3559 652/3206/3559
f 679/3238/3560 678/3241/3560 650/3239/3560
f 679/3238/3561 681/3294/3561 676/3240/3561
f 682/3242/3266 679/3238/3562 680/3202/3267
f 684/3244/3269 681/3294/3563 679/3238/3270
f 686/3245/3272 685/3249/3564 682/3246/3273
f 687/3248/3275 684/3291/3565 682/3246/3276
f 685/3249/3566 686/3245/3566 689/3250/3566
f 687/3248/3567 685/3249/3567 688/3251/3567
f 692/3253/3568 691/3257/3568 688/3254/3568
f 693/3256/3569 690/3261/3569 688/3254/3569
f 694/3258/3570 693/3256/3570 691/3257/3570
f 698/3259/3571 695/3260/3571 693/3256/3571
f 695/3260/3572 697/3436/3572 690/3261/3572
f 698/3259/3573 699/3266/3573 696/3262/3573
f 715/3263/3574 697/3436/3574 695/3260/3574
f 700/3264/3287 698/3259/3291 694/3258/3288
f 700/3264/3287 703/3268/3575 699/3266/3290
f 701/3267/3576 704/3270/3576 703/3268/3576
f 701/3267/3577 700/3264/3577 702/3265/3577
f 704/3270/3578 706/3273/3578 705/3271/3578
f 703/3268/3579 705/3271/3579 707/3272/3579
f 706/3273/3580 710/3313/3580 708/3274/3580
f 705/3271/3581 708/3274/3581 711/3275/3581
f 709/3276/3582 708/3280/3582 710/3277/3582
f 712/3279/3583 711/3282/3583 708/3280/3583
f 714/3281/3584 713/3286/3584 711/3282/3584
f 707/3272/3585 711/3275/3585 713/3283/3585
f 717/3285/3586 715/3288/3586 713/3286/3586
f 713/3283/3587 715/3263/3587 696/3262/3587
f 699/3266/3588 707/3272/3588 716/3284/3588
f 719/3287/3305 697/3292/3589 715/3288/3306
f 723/3289/3308 718/3290/3590 717/3285/3309
f 718/3290/3591 720/3437/3591 719/3287/3591
f 719/3287/3592 720/3437/3592 684/3291/3592
f 687/3248/3593 690/3252/3593 697/3292/3593
f 720/3293/3594 721/3297/3594 681/3294/3594
f 722/3227/3595 721/3297/3595 720/3293/3595
f 681/3294/3596 721/3297/3596 674/3296/3596
f 722/3227/3597 670/3228/3597 674/3296/3597
f 669/3224/3318 722/3227/3598 718/3295/3319
f 667/3219/3321 669/3224/3599 723/3298/3322
f 712/3279/3324 724/3301/3600 723/3289/3325
f 725/3300/3601 664/3222/3601 667/3219/3601
f 709/3276/3602 725/3303/3602 724/3301/3602
f 726/3302/3329 727/3305/3603 664/3222/3330
f 729/3278/3332 726/3307/3604 725/3303/3333
f 728/3304/3605 819/3426/3605 727/3305/3605
f 730/3306/3606 728/3310/3606 726/3307/3606
f 730/3306/3337 729/3278/3607 710/3277/3338
f 731/3309/3340 821/3429/3608 728/3310/3341
f 731/3309/3609 730/3306/3609 732/3308/3609
f 734/3312/3610 732/3438/3610 710/3313/3610
f 733/3314/3345 732/3438/3611 734/3312/3346
f 736/3316/3612 734/3312/3612 706/3273/3612
f 735/3315/3349 734/3312/3613 736/3316/3350
f 738/3318/3614 736/3316/3614 704/3270/3614
f 737/3317/3353 736/3316/3615 738/3318/3354
f 738/3318/3616 701/3267/3616 793/3269/3616
f 738/3318/3357 739/3320/3617 741/3321/3358
f 740/3319/3360 741/3321/3618 744/3322/3361
f 745/3324/3363 737/3317/3619 740/3319/3364
f 746/3325/3620 745/3324/3620 742/3323/3620
f 742/3323/3621 744/3322/3621 794/3327/3621
f 748/3328/3622 747/3329/3622 745/3324/3622
f 747/3329/3623 735/3315/3623 737/3317/3623
f 751/3330/3624 749/3331/3371 747/3329/3373
f 749/3331/3625 733/3314/3625 735/3315/3625
f 752/3332/3626 750/3335/3626 749/3333/3626
f 750/3335/3627 731/3309/3627 733/3311/3627
f 754/3336/3628 752/3332/3374 751/3334/3376
f 756/3338/3629 753/3342/3629 751/3330/3629
f 825/3339/3630 754/3336/3378 753/3337/3380
f 757/3341/3631 755/3344/3631 753/3342/3631
f 756/3338/3632 748/3328/3632 746/3325/3632
f 757/3341/3633 746/3325/3633 743/3326/3633
f 758/3343/3634 760/3347/3634 755/3344/3634
f 743/3326/3635 794/3327/3635 759/3345/3635
f 758/3343/3636 759/3345/3636 762/3346/3636
f 761/3348/3637 825/3339/3637 755/3340/3637
f 761/3348/3638 760/3349/3638 762/3350/3638
f 763/3351/3639 762/3350/3639 764/3352/3639
f 759/3345/3640 766/3357/3640 764/3354/3640
f 765/3353/3393 764/3352/3392 767/3355/3641
f 766/3357/3642 769/3362/3642 767/3358/3642
f 768/3356/3397 767/3355/3396 770/3359/3643
f 772/3361/3404 770/3366/3403 767/3358/3644
f 771/3360/3645 770/3359/3645 773/3363/3645
f 775/3365/3646 773/3370/3646 770/3366/3646
f 774/3364/3647 773/3363/3647 776/3367/3647
f 778/3369/3406 776/3374/3648 773/3370/3407
f 777/3368/3409 776/3367/3649 779/3371/3410
f 778/3369/3650 781/3377/3650 779/3373/3650
f 783/3375/3651 780/3372/3651 779/3371/3651
f 781/3377/3652 784/3379/3652 782/3378/3652
f 686/3245/3653 783/3375/3653 782/3376/3653
f 784/3379/3654 692/3253/3654 689/3255/3654
f 793/3269/3655 702/3265/3655 784/3379/3655
f 702/3265/3656 694/3258/3656 692/3253/3656
f 780/3372/3419 783/3375/3657 785/3380/3420
f 783/3375/3422 686/3245/3658 683/3247/3423
f 786/3382/3425 785/3383/3659 649/3198/3426
f 785/3383/3660 683/3243/3660 680/3202/3660
f 777/3368/3661 780/3372/3661 786/3381/3661
f 787/3385/3662 786/3382/3662 647/3196/3662
f 774/3364/3431 777/3368/3663 787/3384/3432
f 788/3387/3434 787/3385/3664 644/3197/3435
f 790/3388/3665 788/3387/3665 789/3193/3665
f 771/3360/3666 774/3364/3666 788/3386/3666
f 792/3391/3667 790/3388/3667 791/3389/3667
f 768/3356/3668 771/3360/3668 790/3390/3668
f 765/3353/3669 768/3356/3669 792/3392/3669
f 791/3389/3670 789/3193/3670 645/3195/3670
f 739/3320/3671 793/3269/3671 781/3377/3671
f 739/3320/3446 778/3369/3672 775/3365/3447
f 741/3321/3673 775/3365/3673 772/3361/3673
f 744/3322/3674 772/3361/3674 769/3362/3674
f 794/3327/3675 769/3362/3675 766/3357/3675
f 763/3351/3676 765/3353/3441 617/3393/3443
f 761/3348/3677 763/3351/3677 795/3394/3677
f 796/3396/3678 795/3160/3678 618/3161/3678
f 761/3348/3679 796/3395/3679 797/3398/3679
f 796/3396/3680 798/3397/3680 799/3399/3680
f 799/3399/3681 798/3397/3681 800/3401/3681
f 618/3161/3682 622/3163/3682 800/3401/3682
f 802/3403/3683 803/3406/3683 801/3404/3683
f 622/3169/3684 804/3168/3684 802/3403/3684
f 804/3168/3685 626/3173/3685 632/3180/3685
f 803/3406/3686 802/3403/3686 632/3180/3686
f 806/3407/3687 803/3406/3687 805/3181/3687
f 803/3406/3688 806/3407/3688 808/3409/3688
f 808/3409/3689 806/3407/3689 807/3408/3689
f 809/3411/3473 808/3414/3472 810/3412/3690
f 799/3399/3691 801/3402/3691 808/3414/3691
f 811/3413/3470 810/3412/3469 812/3415/3692
f 810/3410/3467 807/3408/3466 815/3417/3693
f 813/3416/3694 812/3415/3694 814/3419/3694
f 812/3418/3477 815/3417/3476 816/3421/3695
f 807/3408/3696 805/3181/3696 633/3182/3696
f 815/3417/3697 633/3182/3697 635/3183/3697
f 814/3422/3482 816/3421/3698 817/3423/3483
f 816/3421/3485 635/3183/3699 638/3185/3486
f 638/3185/3700 658/3188/3700 661/3214/3700
f 818/3424/3701 817/3423/3701 661/3214/3701
f 820/3420/3702 814/3419/3702 818/3425/3702
f 727/3305/3491 819/3426/3703 818/3425/3492
f 821/3427/3494 820/3420/3704 819/3426/3495
f 822/3428/3705 813/3416/3705 820/3420/3705
f 750/3335/3706 822/3431/3706 821/3429/3706
f 823/3430/3707 811/3413/3707 813/3416/3707
f 752/3332/3708 823/3433/3708 822/3431/3708
f 824/3432/3709 809/3411/3709 811/3413/3709
f 754/3336/3505 824/3434/3504 823/3433/3710
f 825/3339/3711 797/3398/3711 824/3434/3711
f 797/3400/3712 799/3399/3712 809/3411/3712
f 1484/3439/3713 1486/3440/3713 1485/3441/3713
f 1493/3442/3714 1484/3439/3715 1485/3441/3716
f 1487/3443/3717 1486/3440/3718 1484/3439/3719
f 1487/3443/3720 1489/3444/3720 1490/3445/3720
f 1484/3439/3721 1491/3446/3722 1489/3444/3721
f 1490/3447/3723 1489/3448/3723 1491/3449/3723
f 1487/3443/3724 1491/3446/3724 1488/3450/3724
f 1488/3450/3725 1493/3442/3725 1492/3451/3725
f 1487/3443/3726 1492/3451/3727 1504/3452/3728
f 1492/3451/3729 1494/3453/3730 1498/3454/3730
f 1494/3453/3731 1495/3455/3732 1496/3456/3733
f 1493/3442/3734 1497/3457/3735 1495/3455/3734
f 1496/3458/3736 1495/3459/3736 1497/3460/3736
f 1494/3453/3737 1497/3457/3737 1485/3441/3738
f 1498/3454/3739 1494/3453/3739 1499/3461/3739
f 1486/3440/3740 1494/3453/3741 1485/3441/3740
f 1498/3454/3742 1500/3462/3743 1504/3452/3744
f 1500/3462/3745 1501/3463/3746 1502/3464/3745
f 1486/3440/3747 1501/3463/3748 1499/3461/3748
f 1502/3465/3749 1501/3466/3749 1503/3467/3749
f 1500/3462/3750 1503/3468/3751 1486/3440/3751
f 1487/3443/3752 1504/3452/3752 1500/3462/3752
f 1504/3452/3753 1506/3469/3754 1498/3454/3755
f 1504/3452/3756 1507/3470/3757 1505/3471/3758
f 1506/3472/3759 1505/3473/3759 1507/3474/3759
f 1498/3454/3760 1507/3470/3761 1492/3451/3762
f 1493/3442/3714 1488/3450/3763 1484/3439/3715
f 1487/3443/3717 1500/3462/3764 1486/3440/3718
f 1487/3443/3720 1484/3439/3720 1489/3444/3720
f 1484/3439/3721 1488/3450/3765 1491/3446/3722
f 1487/3443/3724 1490/3445/3724 1491/3446/3724
f 1487/3443/3726 1488/3450/3766 1492/3451/3727
f 1492/3451/3729 1493/3442/3767 1494/3453/3730
f 1494/3453/3731 1493/3442/3732 1495/3455/3732
f 1493/3442/3734 1485/3441/3768 1497/3457/3735
f 1494/3453/3737 1496/3456/3769 1497/3457/3737
f 1486/3440/3740 1499/3461/3741 1494/3453/3741
f 1498/3454/3742 1499/3461/3742 1500/3462/3743
f 1500/3462/3745 1499/3461/3770 1501/3463/3746
f 1486/3440/3747 1503/3468/3747 1501/3463/3748
f 1500/3462/3750 1502/3464/3771 1503/3468/3751
f 1504/3452/3753 1505/3471/3772 1506/3469/3754
f 1504/3452/3756 1492/3451/3756 1507/3470/3757
f 1498/3454/3760 1506/3469/3760 1507/3470/3761
