# Blender 5.2.0 LTS
# www.blender.org
mtllib player_head.mtl
o ICO球.008
v -0.169180 1.011641 0.311056
v -0.169250 1.011085 0.308964
v -0.181135 1.014004 0.311056
v -0.168989 1.013160 0.312587
v -0.154081 1.010809 0.311056
v -0.154075 1.010248 0.308964
v -0.180732 1.015481 0.312587
v -0.191900 1.019393 0.312587
v -0.180182 1.017500 0.313148
v -0.191076 1.021316 0.313148
v -0.201274 1.026540 0.313148
v -0.190251 1.023238 0.312587
v -0.200199 1.028334 0.312587
v -0.199413 1.029648 0.311056
v -0.209343 1.034664 0.312587
v -0.189647 1.024646 0.311056
v -0.179230 1.020995 0.311056
v -0.189427 1.025161 0.308964
v -0.179082 1.021536 0.308964
v -0.168206 1.019387 0.308964
v -0.179230 1.020995 0.306872
v -0.168276 1.018831 0.306872
v -0.213666 1.146431 0.308964
v -0.218988 1.143347 0.308964
v -0.223293 1.139426 0.308964
v -0.226905 1.134470 0.308964
v -0.223710 1.139800 0.306872
v -0.223710 1.139800 0.311056
v -0.219320 1.143799 0.306872
v -0.227383 1.134764 0.311056
v -0.230557 1.128510 0.311056
v -0.228688 1.135565 0.312587
v -0.231958 1.129127 0.312587
v -0.234848 1.121415 0.312587
v -0.233873 1.129970 0.313148
v -0.230471 1.136660 0.313148
v -0.232253 1.137755 0.312587
v -0.226406 1.142221 0.313148
v -0.227962 1.143619 0.312587
v -0.222697 1.148410 0.312587
v -0.229101 1.144643 0.311056
v -0.223602 1.149645 0.311056
v -0.216934 1.153521 0.311056
v -0.223933 1.150097 0.308964
v -0.217169 1.154030 0.308964
v -0.216934 1.153521 0.306872
v -0.209154 1.156854 0.308964
v -0.209007 1.156313 0.306872
v -0.208606 1.154835 0.305340
v -0.199671 1.158134 0.306872
v -0.199457 1.156618 0.305340
v -0.199164 1.154546 0.304780
v -0.188631 1.157580 0.305340
v -0.188519 1.155491 0.304780
v -0.188408 1.153402 0.305340
v -0.175904 1.155718 0.304780
v -0.198872 1.152475 0.305340
v -0.175915 1.153626 0.305340
v -0.161192 1.153207 0.305340
v -0.175923 1.152095 0.306872
v -0.188326 1.151873 0.306872
v -0.188297 1.151313 0.308964
v -0.198658 1.150959 0.306872
v -0.139993 1.019122 0.306872
v -0.154154 1.018055 0.306872
v -0.198579 1.150403 0.308964
v -0.206962 1.148778 0.308964
v -0.198658 1.150959 0.311056
v -0.207109 1.149319 0.311056
v -0.154160 1.018616 0.308964
v -0.154154 1.018055 0.311056
v -0.140070 1.019677 0.308964
v -0.168276 1.018831 0.311056
v -0.168467 1.017312 0.312587
v -0.179632 1.019518 0.312587
v -0.168728 1.015236 0.313148
v -0.154117 1.014432 0.313148
v -0.154096 1.012340 0.312587
v -0.139208 1.013461 0.312587
v -0.138998 1.011944 0.311056
v -0.138921 1.011389 0.308964
v -0.124201 1.014950 0.311056
v -0.124056 1.014409 0.308964
v -0.124202 1.014950 0.306872
v -0.109753 1.019218 0.308964
v -0.109965 1.019737 0.306872
v -0.096562 1.026218 0.306872
v -0.110543 1.021155 0.305340
v -0.097318 1.027550 0.305340
v -0.098351 1.029369 0.304780
v -0.085201 1.035532 0.305340
v -0.086473 1.037193 0.304780
v -0.075977 1.046473 0.304780
v -0.087744 1.038854 0.305340
v -0.099384 1.031188 0.305340
v -0.077479 1.047929 0.305340
v -0.078579 1.048994 0.306872
v -0.068860 1.058315 0.305340
v -0.088675 1.040070 0.306872
v -0.100140 1.032520 0.306872
v -0.089016 1.040516 0.308964
v -0.133953 1.149990 0.306872
v -0.123805 1.149227 0.306872
v -0.100417 1.033008 0.308964
v -0.100140 1.032520 0.311056
v -0.112914 1.026965 0.308964
v -0.112702 1.026446 0.311056
v -0.144157 1.150119 0.308964
v -0.133993 1.149431 0.308964
v -0.133953 1.149990 0.311056
v -0.123853 1.148669 0.308964
v -0.144121 1.150679 0.311056
v -0.161259 1.151677 0.311056
v -0.144025 1.152207 0.312587
v -0.161192 1.153206 0.312587
v -0.175915 1.153626 0.312587
v -0.161102 1.155297 0.313148
v -0.175904 1.155718 0.313148
v -0.188519 1.155491 0.313148
v -0.175893 1.157810 0.312587
v -0.188631 1.157580 0.312587
v -0.188712 1.159109 0.311056
v -0.199457 1.156618 0.312587
v -0.175885 1.159341 0.311056
v -0.199165 1.154546 0.313148
v -0.208058 1.152816 0.313148
v -0.198872 1.152475 0.312587
v -0.188408 1.153402 0.312587
v -0.188326 1.151873 0.311056
v -0.175923 1.152095 0.311056
v -0.175926 1.151534 0.308964
v -0.161283 1.151117 0.308964
v -0.161259 1.151677 0.306872
v -0.144121 1.150679 0.306872
v -0.126227 1.022490 0.308964
v -0.126081 1.021949 0.311056
v -0.126081 1.021949 0.306872
v -0.139993 1.019122 0.311056
v -0.112702 1.026446 0.306872
v -0.112124 1.025028 0.305340
v -0.125684 1.020470 0.305340
v -0.111334 1.023092 0.304780
v -0.125141 1.018450 0.304780
v -0.124599 1.016429 0.305340
v -0.139208 1.013461 0.305340
v -0.138998 1.011944 0.306872
v -0.154081 1.010809 0.306872
v -0.154096 1.012340 0.305340
v -0.169180 1.011641 0.306872
v -0.168989 1.013160 0.305340
v -0.181135 1.014004 0.306872
v -0.181282 1.013463 0.308964
v -0.192725 1.017471 0.308964
v -0.192504 1.017986 0.311056
v -0.203135 1.023431 0.311056
v -0.202349 1.024745 0.312587
v -0.211942 1.031386 0.312587
v -0.210642 1.033025 0.313148
v -0.219046 1.040628 0.313148
v -0.217545 1.042085 0.312587
v -0.216447 1.043152 0.311056
v -0.224673 1.050451 0.312587
v -0.208391 1.035864 0.311056
v -0.208043 1.036304 0.308964
v -0.199125 1.030129 0.308964
v -0.199413 1.029648 0.306872
v -0.189647 1.024646 0.306872
v -0.230043 1.128284 0.308964
v -0.232865 1.120748 0.308964
v -0.233396 1.120927 0.311056
v -0.235495 1.111944 0.308964
v -0.233396 1.120927 0.306872
v -0.236040 1.112076 0.311056
v -0.230557 1.128510 0.306872
v -0.227383 1.134764 0.306872
v -0.231958 1.129127 0.305340
v -0.228688 1.135565 0.305340
v -0.230471 1.136660 0.304780
v -0.224849 1.140823 0.305340
v -0.226406 1.142221 0.304780
v -0.221461 1.146722 0.304780
v -0.227962 1.143619 0.305340
v -0.222697 1.148410 0.305340
v -0.223602 1.149645 0.306872
v -0.216293 1.152130 0.305340
v -0.229101 1.144643 0.306872
v -0.215417 1.150230 0.304780
v -0.208058 1.152816 0.304780
v -0.214542 1.148331 0.305340
v -0.220224 1.145034 0.305340
v -0.207510 1.150797 0.305340
v -0.213900 1.146940 0.306872
v -0.207109 1.149319 0.306872
v -0.233558 1.138557 0.306872
v -0.229518 1.145017 0.308964
v -0.234036 1.138850 0.308964
v -0.233558 1.138557 0.311056
v -0.237702 1.131655 0.308964
v -0.237189 1.131429 0.311056
v -0.240265 1.123236 0.311056
v -0.235788 1.130813 0.312587
v -0.238814 1.122748 0.312587
v -0.241595 1.113418 0.312587
v -0.236831 1.122082 0.313148
v -0.239562 1.112927 0.313148
v -0.241678 1.101571 0.313148
v -0.237529 1.112436 0.312587
v -0.239597 1.101359 0.312587
v -0.238074 1.101204 0.311056
v -0.239800 1.090443 0.312587
v -0.238283 1.079755 0.312587
v -0.241888 1.090315 0.313148
v -0.238272 1.090536 0.311056
v -0.236787 1.080085 0.311056
v -0.237712 1.090571 0.308964
v -0.237516 1.101147 0.308964
v -0.238074 1.101204 0.306872
v -0.236040 1.112076 0.306872
v -0.216044 1.043542 0.308964
v -0.222994 1.051700 0.308964
v -0.228761 1.060628 0.308964
v -0.223444 1.051365 0.311056
v -0.223444 1.051365 0.306872
v -0.229251 1.060357 0.311056
v -0.216446 1.043152 0.306872
v -0.208391 1.035864 0.306872
v -0.217545 1.042085 0.305340
v -0.209343 1.034664 0.305340
v -0.210642 1.033025 0.304780
v -0.200199 1.028334 0.305340
v -0.201274 1.026540 0.304780
v -0.191076 1.021316 0.304780
v -0.202349 1.024745 0.305340
v -0.191900 1.019393 0.305340
v -0.192504 1.017986 0.306872
v -0.180732 1.015481 0.305340
v -0.203135 1.023431 0.306872
v -0.203423 1.022950 0.308964
v -0.212894 1.030186 0.306872
v -0.213242 1.029747 0.308964
v -0.212894 1.030186 0.311056
v -0.222049 1.037714 0.308964
v -0.221646 1.038104 0.311056
v -0.229259 1.047040 0.311056
v -0.220547 1.039171 0.312587
v -0.228030 1.047954 0.312587
v -0.234254 1.057592 0.312587
v -0.226351 1.049203 0.313148
v -0.232423 1.058604 0.313148
v -0.230592 1.059616 0.312587
v -0.237126 1.068686 0.313148
v -0.235171 1.069432 0.312587
v -0.233740 1.069978 0.311056
v -0.240326 1.079305 0.313148
v -0.242369 1.078855 0.312587
v -0.243976 1.090187 0.312587
v -0.243760 1.101782 0.312587
v -0.245505 1.090093 0.311056
v -0.245283 1.101938 0.311056
v -0.245841 1.101994 0.308964
v -0.243084 1.113778 0.311056
v -0.243629 1.113910 0.308964
v -0.243084 1.113778 0.306872
v -0.240797 1.123415 0.308964
v -0.240265 1.123236 0.306872
v -0.238814 1.122748 0.305340
v -0.237189 1.131429 0.306872
v -0.235788 1.130813 0.305340
v -0.233873 1.129970 0.304780
v -0.232253 1.137755 0.305340
v -0.236831 1.122082 0.304780
v -0.234848 1.121415 0.305340
v -0.239562 1.112927 0.304780
v -0.237529 1.112436 0.305340
v -0.239597 1.101359 0.305340
v -0.241678 1.101571 0.304780
v -0.239800 1.090443 0.305340
v -0.238272 1.090537 0.306872
v -0.236787 1.080085 0.306872
v -0.229251 1.060357 0.306872
v -0.236240 1.080205 0.308964
v -0.233217 1.070178 0.308964
v -0.233740 1.069978 0.306872
v -0.235171 1.069432 0.305340
v -0.238283 1.079755 0.305340
v -0.230592 1.059616 0.305340
v -0.232423 1.058604 0.304780
v -0.224673 1.050451 0.305340
v -0.226351 1.049203 0.304780
v -0.219046 1.040628 0.304780
v -0.228030 1.047954 0.305340
v -0.220548 1.039171 0.305340
v -0.221646 1.038104 0.306872
v -0.211942 1.031386 0.305340
v -0.229259 1.047040 0.306872
v -0.229708 1.046706 0.308964
v -0.235594 1.056851 0.306872
v -0.236084 1.056580 0.308964
v -0.235594 1.056851 0.311056
v -0.241035 1.067195 0.308964
v -0.240511 1.067394 0.311056
v -0.243864 1.078526 0.311056
v -0.239080 1.067940 0.312587
v -0.244412 1.078405 0.308964
v -0.243864 1.078526 0.306872
v -0.246064 1.090059 0.308964
v -0.245505 1.090093 0.306872
v -0.243976 1.090187 0.305340
v -0.245283 1.101938 0.306872
v -0.243760 1.101783 0.305340
v -0.241595 1.113418 0.305340
v -0.241888 1.090315 0.304780
v -0.240326 1.079305 0.304780
v -0.237126 1.068686 0.304780
v -0.242369 1.078855 0.305340
v -0.239080 1.067940 0.305340
v -0.240511 1.067394 0.306872
v -0.234254 1.057592 0.305340
v -0.180182 1.017500 0.304780
v -0.168728 1.015236 0.304780
v -0.179632 1.019518 0.305340
v -0.190251 1.023238 0.305340
v -0.168467 1.017312 0.305340
v -0.154139 1.016524 0.305340
v -0.154117 1.014432 0.304780
v -0.139496 1.015533 0.304780
v -0.139783 1.017605 0.305340
v -0.139783 1.017605 0.312587
v -0.154139 1.016524 0.312587
v -0.125684 1.020470 0.312587
v -0.139496 1.015533 0.313148
v -0.125141 1.018450 0.313148
v -0.124599 1.016429 0.312587
v -0.110543 1.021155 0.312587
v -0.109965 1.019737 0.311056
v -0.096562 1.026218 0.311056
v -0.096285 1.025731 0.308964
v -0.083930 1.033870 0.308964
v -0.084271 1.034316 0.306872
v -0.073375 1.043951 0.306872
v -0.074475 1.045017 0.305340
v -0.065427 1.055923 0.305340
v -0.067143 1.057119 0.304780
v -0.060249 1.069041 0.304780
v -0.062148 1.069920 0.305340
v -0.057603 1.082663 0.305340
v -0.063538 1.070563 0.306872
v -0.070116 1.059190 0.306872
v -0.070576 1.059510 0.308964
v -0.104267 1.146964 0.306872
v -0.095190 1.145213 0.306872
v -0.078982 1.049384 0.308964
v -0.078579 1.048994 0.311056
v -0.088675 1.040070 0.311056
v -0.104357 1.146411 0.308964
v -0.113922 1.147704 0.308964
v -0.113858 1.148261 0.306872
v -0.113858 1.148261 0.311056
v -0.123805 1.149227 0.311056
v -0.123673 1.150753 0.312587
v -0.133843 1.151518 0.312587
v -0.133694 1.153604 0.313148
v -0.143894 1.154295 0.313148
v -0.143762 1.156383 0.312587
v -0.161011 1.157387 0.312587
v -0.160945 1.158916 0.311056
v -0.143666 1.157911 0.311056
v -0.133436 1.157219 0.311056
v -0.143631 1.158471 0.308964
v -0.133396 1.157778 0.308964
v -0.133436 1.157219 0.306872
v -0.123134 1.157006 0.308964
v -0.123182 1.156447 0.306872
v -0.123314 1.154922 0.305340
v -0.113021 1.155459 0.306872
v -0.113198 1.153938 0.305340
v -0.113439 1.151860 0.304780
v -0.103342 1.152604 0.305340
v -0.103680 1.150539 0.304780
v -0.094364 1.148741 0.304780
v -0.104019 1.148475 0.305340
v -0.094841 1.146705 0.305340
v -0.086302 1.144348 0.305340
v -0.078556 1.141292 0.305340
v -0.086788 1.142896 0.306872
v -0.085639 1.146333 0.304780
v -0.077653 1.143179 0.304780
v -0.084975 1.148316 0.305340
v -0.093887 1.150778 0.305340
v -0.093538 1.152269 0.306872
v -0.103094 1.154115 0.306872
v -0.103003 1.154668 0.308964
v -0.112956 1.156016 0.308964
v -0.113021 1.155459 0.311056
v -0.123182 1.156447 0.311056
v -0.123314 1.154922 0.312587
v -0.133545 1.155691 0.312587
v -0.123494 1.152837 0.313148
v -0.113439 1.151860 0.313148
v -0.113681 1.149782 0.312587
v -0.104019 1.148475 0.312587
v -0.104267 1.146964 0.311056
v -0.095190 1.145213 0.311056
v -0.095318 1.144668 0.308964
v -0.086966 1.142365 0.308964
v -0.064047 1.070798 0.308964
v -0.059632 1.083174 0.308964
v -0.063538 1.070563 0.311056
v -0.064047 1.070798 0.308964
v -0.059088 1.083037 0.306872
v -0.070116 1.059190 0.311056
v -0.068860 1.058314 0.312587
v -0.077479 1.047929 0.312587
v -0.075977 1.046473 0.313148
v -0.087744 1.038854 0.312587
v -0.086473 1.037193 0.313148
v -0.098351 1.029369 0.313148
v -0.085201 1.035532 0.312587
v -0.097318 1.027550 0.312587
v -0.084271 1.034316 0.311056
v -0.074475 1.045017 0.312587
v -0.073375 1.043951 0.311056
v -0.064170 1.055048 0.311056
v -0.072973 1.043561 0.308964
v -0.063710 1.054727 0.308964
v -0.064170 1.055048 0.306872
v -0.056452 1.067284 0.308964
v -0.056961 1.067520 0.306872
v -0.052062 1.081264 0.306872
v -0.058351 1.068163 0.305340
v -0.053547 1.081638 0.305340
v -0.055575 1.082150 0.304780
v -0.051310 1.096239 0.305340
v -0.053398 1.096357 0.304780
v -0.055487 1.096474 0.305340
v -0.053998 1.111570 0.304780
v -0.056071 1.111290 0.305340
v -0.058040 1.119759 0.305340
v -0.057589 1.111085 0.306872
v -0.057016 1.096560 0.306872
v -0.057576 1.096592 0.308964
v -0.079217 1.139911 0.306872
v -0.072616 1.136168 0.306872
v -0.067087 1.131576 0.306872
v -0.067489 1.131185 0.308964
v -0.065990 1.132645 0.305340
v -0.062691 1.126005 0.306872
v -0.072935 1.135707 0.308964
v -0.061390 1.126813 0.305340
v -0.059613 1.127916 0.304780
v -0.064492 1.134104 0.304780
v -0.070554 1.139148 0.304780
v -0.062993 1.135564 0.305340
v -0.069364 1.140868 0.305340
v -0.068493 1.142128 0.306872
v -0.076750 1.145066 0.305340
v -0.076089 1.146447 0.306872
v -0.084490 1.149769 0.306872
v -0.075847 1.146953 0.308964
v -0.084312 1.150300 0.308964
v -0.084490 1.149769 0.311056
v -0.093410 1.152815 0.308964
v -0.093538 1.152269 0.311056
v -0.103094 1.154115 0.311056
v -0.093887 1.150778 0.312587
v -0.103342 1.152604 0.312587
v -0.113198 1.153938 0.312587
v -0.103680 1.150539 0.313148
v -0.094364 1.148741 0.313148
v -0.094841 1.146705 0.312587
v -0.085639 1.146333 0.313148
v -0.086302 1.144349 0.312587
v -0.078556 1.141292 0.312587
v -0.086788 1.142896 0.311056
v -0.079217 1.139911 0.311056
v -0.079459 1.139405 0.308964
v -0.072616 1.136168 0.311056
v -0.067087 1.131576 0.311056
v -0.071745 1.137427 0.312587
v -0.065990 1.132645 0.312587
v -0.070554 1.139148 0.313148
v -0.077653 1.143179 0.313148
v -0.076750 1.145066 0.312587
v -0.084975 1.148316 0.312587
v -0.076089 1.146447 0.311056
v -0.068493 1.142128 0.311056
v -0.068174 1.142588 0.308964
v -0.061495 1.137024 0.308964
v -0.061896 1.136633 0.306872
v -0.056534 1.129827 0.306872
v -0.057835 1.129019 0.305340
v -0.054091 1.121139 0.305340
v -0.056065 1.120449 0.304780
v -0.051925 1.111849 0.305340
v -0.050407 1.112054 0.306872
v -0.049781 1.096153 0.306872
v -0.049221 1.096121 0.308964
v -0.051518 1.081126 0.308964
v -0.052062 1.081264 0.311056
v -0.036147 1.088918 0.313174
v -0.056961 1.067520 0.311056
v -0.058351 1.068163 0.312587
v -0.065427 1.055923 0.312587
v -0.067143 1.057119 0.313148
v -0.060249 1.069041 0.313148
v -0.062148 1.069920 0.312587
v -0.055575 1.082150 0.313148
v -0.057603 1.082663 0.312587
v -0.055487 1.096474 0.312587
v -0.059088 1.083037 0.311056
v -0.057016 1.096560 0.311056
v -0.057589 1.111085 0.311056
v -0.058145 1.111010 0.308964
v -0.060015 1.119069 0.308964
v -0.059486 1.119254 0.306872
v -0.063167 1.125710 0.308964
v -0.062691 1.126005 0.311056
v -0.059486 1.119254 0.311056
v -0.061390 1.126813 0.312587
v -0.058040 1.119759 0.312587
v -0.059613 1.127916 0.313148
v -0.064492 1.134104 0.313148
v -0.062993 1.135564 0.312587
v -0.069364 1.140868 0.312587
v -0.061896 1.136633 0.311056
v -0.056534 1.129827 0.311056
v -0.056058 1.130123 0.308964
v -0.052116 1.121829 0.308964
v -0.052645 1.121644 0.306872
v -0.049852 1.112129 0.308964
v -0.050407 1.112054 0.311056
v -0.049781 1.096153 0.311056
v -0.034410 1.099456 0.314730
v -0.051310 1.096239 0.312587
v -0.053547 1.081638 0.312587
v -0.036691 1.089014 0.314730
v -0.033850 1.099434 0.313174
v -0.021512 1.100795 0.315330
v -0.023809 1.092873 0.315330
v -0.024353 1.092946 0.316579
v -0.010645 1.095921 0.316387
v -0.011172 1.095804 0.317357
v -0.009538 1.099347 0.316387
v -0.010073 1.099206 0.317357
v -0.022072 1.100811 0.316579
v -0.053398 1.096356 0.313148
v -0.053998 1.111570 0.313148
v -0.056071 1.111290 0.312587
v -0.056065 1.120449 0.313148
v -0.051925 1.111849 0.312587
v -0.054091 1.121139 0.312587
v -0.052645 1.121644 0.311056
v -0.057835 1.129019 0.312587
v -0.071745 1.137427 0.305340
v -0.111334 1.023092 0.313148
v -0.112124 1.025028 0.312587
v -0.099384 1.031188 0.312587
v -0.070576 1.059510 0.308964
v -0.113681 1.149782 0.305340
v -0.123673 1.150753 0.305340
v -0.123494 1.152837 0.304780
v -0.133694 1.153604 0.304780
v -0.133545 1.155691 0.305340
v -0.143762 1.156383 0.305340
v -0.143666 1.157911 0.306872
v -0.160945 1.158917 0.306872
v -0.160921 1.159477 0.308964
v -0.175882 1.159902 0.308964
v -0.175885 1.159341 0.306872
v -0.188742 1.159669 0.308964
v -0.188712 1.159109 0.306872
v -0.199750 1.158689 0.308964
v -0.199671 1.158134 0.311056
v -0.209007 1.156313 0.311056
v -0.208606 1.154835 0.312587
v -0.216293 1.152130 0.312587
v -0.215417 1.150230 0.313148
v -0.221461 1.146722 0.313148
v -0.214542 1.148331 0.312587
v -0.207510 1.150797 0.312587
v -0.220224 1.145034 0.312587
v -0.213900 1.146940 0.311056
v -0.219320 1.143799 0.311056
v -0.224849 1.140823 0.312587
v -0.175893 1.157810 0.305340
v -0.161011 1.157387 0.305340
v -0.161102 1.155297 0.304780
v -0.143894 1.154295 0.304780
v -0.144025 1.152207 0.305340
v -0.133843 1.151518 0.305340
v 0.008217 0.758662 0.011310
v 0.013296 0.758662 -0.004320
v -0.008217 0.758662 0.011310
v 0.261505 0.923261 0.093607
v 0.008217 0.923261 0.277635
v 0.005276 0.765212 0.007262
v 0.266583 0.923261 0.077977
v -0.008217 0.923261 0.277635
v 0.258564 0.929810 0.089559
v 0.005276 0.929810 0.273587
v -0.261505 0.923261 0.093607
v -0.005276 0.929810 0.273587
v -0.013295 0.937240 0.284625
v -0.266583 0.937240 0.100597
v -0.258564 0.929810 0.089559
v -0.005276 0.765212 0.007262
v -0.274800 0.945881 0.089287
v -0.169834 1.203567 0.233760
v -0.261825 0.938786 0.094047
v -0.178052 1.212207 0.222450
v -0.008537 0.938787 0.278076
v -0.165076 1.205113 0.227211
v -0.274800 1.212207 -0.075307
v -0.170352 1.210661 0.219948
v -0.169835 1.226187 0.219780
v -0.266583 1.226187 -0.077977
v -0.267101 1.210661 -0.077809
v -0.267101 0.944335 0.086785
v -0.013295 1.390785 0.004320
v -0.261825 1.219638 -0.079523
v -0.261505 1.226187 -0.093607
v -0.008217 1.390785 -0.011310
v -0.005276 1.384236 -0.007262
v -0.008217 1.226187 -0.277635
v 0.008217 1.390785 -0.011310
v -0.258564 1.219638 -0.089559
v -0.005276 1.219638 -0.273587
v 0.008217 1.226187 -0.277635
v 0.013296 1.212207 -0.284625
v 0.261505 1.226187 -0.093607
v 0.005276 1.219638 -0.273587
v 0.266584 1.212207 -0.100597
v 0.258564 1.219638 -0.089559
v 0.005276 1.384236 -0.007262
v 0.274801 1.203567 -0.089287
v 0.261825 1.210661 -0.094047
v 0.169835 0.945881 -0.233760
v 0.178052 0.937240 -0.222450
v 0.008537 1.210661 -0.278076
v 0.165076 0.944334 -0.227211
v 0.170353 0.938787 -0.219948
v 0.169835 0.923261 -0.219780
v 0.274800 0.937240 0.075307
v 0.267101 1.205113 -0.086785
v 0.267101 0.938787 0.077809
v 0.274801 0.945881 0.089287
v 0.274801 1.212207 -0.075307
v 0.178052 1.212207 0.222450
v 0.267101 1.210661 -0.077809
v 0.266584 1.226187 -0.077977
v 0.169835 1.226187 0.219780
v 0.170352 1.210661 0.219948
v 0.267101 0.944335 0.086785
v 0.013296 1.390785 0.004320
v 0.165076 1.219638 0.218234
v 0.156539 1.226187 0.229440
v 0.156539 1.212207 0.238080
v 0.169835 1.203567 0.233760
v -0.156539 1.212207 0.238080
v 0.156539 1.210661 0.229984
v 0.000000 0.945881 0.288945
v 0.013296 0.937240 0.284625
v 0.266583 0.937240 0.100597
v 0.008537 0.938787 0.278076
v 0.261825 0.938787 0.094047
v 0.165076 1.205113 0.227211
v 0.000000 0.944335 0.280850
v -0.156539 1.210661 0.229984
v -0.156539 1.226187 0.229440
v 0.000000 1.390785 0.013980
v -0.156539 1.219638 0.224437
v 0.156539 1.219638 0.224437
v 0.000000 1.384236 0.008977
v 0.008537 1.384236 0.002774
v 0.261825 1.219638 -0.079523
v 0.156539 0.923261 -0.229440
v 0.165076 0.929810 -0.218234
v 0.000000 0.758663 -0.013980
v 0.261825 0.929810 0.079523
v 0.008537 0.765212 -0.002774
v 0.000000 0.765212 -0.008977
v -0.156539 0.923261 -0.229440
v -0.013295 0.758663 -0.004320
v 0.156539 0.929810 -0.224437
v -0.156539 0.929810 -0.224437
v -0.169834 0.923261 -0.219780
v -0.008537 0.765212 -0.002774
v -0.266583 0.923261 0.077977
v -0.165076 0.929810 -0.218234
v -0.261825 0.929810 0.079523
v -0.274800 0.937240 0.075307
v -0.274800 1.203567 -0.089287
v -0.267101 0.938787 0.077809
v -0.178052 0.937240 -0.222450
v -0.267101 1.205113 -0.086785
v -0.170352 0.938787 -0.219948
v -0.169835 0.945881 -0.233760
v -0.156539 0.937240 -0.238080
v -0.266583 1.212207 -0.100597
v -0.013295 1.212207 -0.284625
v -0.261825 1.210661 -0.094047
v -0.165076 0.944334 -0.227211
v -0.008537 1.210661 -0.278076
v 0.000000 1.203567 -0.288945
v 0.156539 0.937240 -0.238080
v 0.000000 1.205113 -0.280850
v -0.156539 0.938787 -0.229984
v 0.156539 0.938787 -0.229984
v -0.008537 1.384236 0.002774
v -0.165076 1.219638 0.218234
v -0.095374 1.336789 -0.210603
v -0.094758 1.335558 -0.210886
v -0.094126 1.336760 -0.211249
v -0.079842 1.361322 -0.181655
v -0.098275 1.326256 -0.171084
v -0.094598 1.336364 -0.210660
v -0.097658 1.325025 -0.171367
v -0.097126 1.325866 -0.170375
v -0.061242 1.324180 -0.190190
v -0.097517 1.325869 -0.171132
v -0.094617 1.336402 -0.210651
v -0.061101 1.325023 -0.189955
v -0.060710 1.325020 -0.189197
v -0.060611 1.325381 -0.190552
v -0.078594 1.361293 -0.182300
v -0.061121 1.324986 -0.189943
v -0.094636 1.336365 -0.210640
v -0.079104 1.360898 -0.181691
v -0.078693 1.360932 -0.180946
v -0.079101 1.360909 -0.181733
v -0.061117 1.324997 -0.189985
v -0.097533 1.325843 -0.171162
v -0.079065 1.360897 -0.181711
v -0.097498 1.325831 -0.171141
v 0.132778 1.317840 0.154819
v 0.131715 1.317868 0.153286
v 0.133985 1.318662 0.155982
v 0.130206 1.311199 0.158941
v 0.138260 1.331126 0.146292
v 0.129317 1.311525 0.157532
v 0.131251 1.312201 0.159828
v 0.130835 1.312653 0.159829
v 0.130101 1.310669 0.161259
v 0.129909 1.311154 0.161035
v 0.129881 1.316103 0.161045
v 0.128551 1.312637 0.161757
v 0.128484 1.312181 0.162163
v 0.127794 1.311182 0.160977
v 0.124180 1.318591 0.164260
v 0.123243 1.317771 0.162869
v 0.113805 1.330949 0.166937
v 0.121910 1.317798 0.161564
v 0.126550 1.311505 0.159867
v 0.126820 1.312032 0.159701
v 0.128156 1.309989 0.158950
v 0.128192 1.310554 0.158997
v 0.129104 1.312048 0.157773
v 0.126810 1.315029 0.157399
v 0.124189 1.316431 0.159221
v 0.124230 1.326051 0.154437
v 0.129034 1.316466 0.155130
v 0.129848 1.327496 0.149378
v 0.131053 1.320137 0.152004
v 0.131347 1.318347 0.153621
v 0.136402 1.331099 0.145305
v 0.136780 1.330635 0.144952
v 0.143392 1.346108 0.133845
v 0.145563 1.346893 0.135499
v 0.143062 1.346602 0.134207
v 0.149558 1.360274 0.123875
v 0.138929 1.344924 0.135620
v 0.143803 1.358461 0.126053
v 0.132815 1.355407 0.134927
v 0.145379 1.369956 0.119289
v 0.132472 1.366392 0.129549
v 0.115401 1.364279 0.144307
v 0.129972 1.375500 0.127845
v 0.113609 1.372446 0.142253
v 0.111724 1.378711 0.140075
v 0.096635 1.375258 0.155989
v 0.125345 1.382833 0.127700
v 0.097206 1.382630 0.151455
v 0.097973 1.366143 0.158675
v 0.085664 1.369524 0.169702
v 0.103310 1.355194 0.159836
v 0.092693 1.358092 0.169202
v 0.103056 1.344665 0.165905
v 0.089565 1.359840 0.174522
v 0.100956 1.346298 0.169754
v 0.100548 1.345798 0.170016
v 0.113144 1.330930 0.164940
v 0.112737 1.330461 0.165250
v 0.122297 1.318281 0.161261
v 0.101808 1.346576 0.172439
v 0.090604 1.360295 0.177834
v 0.104030 1.347016 0.174151
v 0.115297 1.331356 0.168291
v 0.115544 1.331769 0.167790
v 0.124412 1.319021 0.163772
v 0.104224 1.347440 0.173635
v 0.108725 1.346647 0.172638
v 0.093618 1.361257 0.179334
v 0.099748 1.360559 0.177579
v 0.111563 1.358080 0.169637
v 0.094644 1.372663 0.180366
v 0.108507 1.369826 0.171185
v 0.126161 1.368041 0.157084
v 0.108227 1.379312 0.169755
v 0.125455 1.376588 0.156321
v 0.141565 1.379553 0.141611
v 0.125372 1.383483 0.156282
v 0.110564 1.387300 0.167318
v 0.138703 1.387504 0.143563
v 0.143007 1.370075 0.142059
v 0.141068 1.358293 0.144728
v 0.154359 1.373095 0.129953
v 0.150858 1.360928 0.134431
v 0.153610 1.361691 0.128687
v 0.144599 1.346907 0.142353
v 0.146330 1.347745 0.138088
v 0.138802 1.331938 0.148155
v 0.146875 1.347326 0.137981
v 0.139341 1.331530 0.147993
v 0.133462 1.319086 0.156132
v 0.134422 1.321315 0.156005
v 0.132079 1.317531 0.158746
v 0.134599 1.329157 0.155020
v 0.129072 1.327744 0.160187
v 0.127845 1.342680 0.158861
v 0.123040 1.329073 0.164779
v 0.127233 1.317496 0.162837
v 0.124107 1.321240 0.164713
v 0.118064 1.331384 0.167595
v 0.117179 1.344180 0.167260
v 0.126648 1.356558 0.157562
v 0.137900 1.344330 0.149767
v 0.138191 1.331530 0.150603
v 0.154183 1.361312 0.128596
v 0.152645 1.360743 0.125458
v 0.156030 1.373075 0.118976
v 0.149868 1.359804 0.123471
v 0.152563 1.371891 0.116392
v 0.152254 1.372149 0.116933
v 0.149139 1.383534 0.115654
v 0.142325 1.380565 0.117778
v 0.149395 1.383602 0.115032
v 0.141882 1.393640 0.117847
v 0.142016 1.393963 0.117222
v 0.135660 1.389758 0.119076
v 0.134156 1.400955 0.122219
v 0.134093 1.401505 0.121715
v 0.137897 1.403254 0.125361
v 0.126776 1.402740 0.127638
v 0.127137 1.402114 0.127887
v 0.130184 1.404491 0.131492
v 0.120241 1.396635 0.134814
v 0.123550 1.398170 0.138939
v 0.116705 1.393423 0.146101
v 0.127147 1.399049 0.143015
v 0.133565 1.405114 0.135700
v 0.133581 1.404367 0.135538
v 0.141000 1.403919 0.129916
v 0.140692 1.403240 0.129980
v 0.140481 1.400506 0.135952
v 0.148436 1.395932 0.125630
v 0.135402 1.402356 0.138720
v 0.147048 1.393739 0.132598
v 0.152204 1.384019 0.129510
v 0.154809 1.385517 0.122388
v 0.155428 1.385711 0.122196
v 0.157408 1.373951 0.123054
v 0.158052 1.373810 0.122909
v 0.153093 1.384992 0.117941
v 0.146038 1.395636 0.120748
v 0.148961 1.396391 0.125470
v 0.130718 1.397200 0.145191
v 0.127302 1.398360 0.142730
v 0.134590 1.393535 0.144977
v 0.124411 1.388947 0.155190
v 0.122841 1.392702 0.153362
v 0.120153 1.393614 0.150187
v 0.113426 1.397074 0.159789
v 0.112597 1.393376 0.163544
v 0.102653 1.400232 0.167887
v 0.106218 1.402145 0.163357
v 0.103370 1.404148 0.161043
v 0.096708 1.402922 0.167112
v 0.111563 1.398246 0.156016
v 0.111865 1.398939 0.155917
v 0.120217 1.394378 0.150268
v 0.108457 1.398060 0.151681
v 0.103526 1.404896 0.161060
v 0.099950 1.404272 0.157016
v 0.096587 1.403598 0.167410
v 0.092623 1.402926 0.163582
v 0.086775 1.395207 0.170780
v 0.089681 1.401184 0.159209
v 0.083988 1.393543 0.166211
v 0.090933 1.395971 0.174459
v 0.096737 1.402523 0.152998
v 0.096927 1.401895 0.153391
v 0.104958 1.396524 0.147716
v 0.090172 1.400637 0.159352
v 0.091439 1.396311 0.154569
v 0.084628 1.393226 0.166182
v 0.095908 1.398540 0.151114
v 0.086916 1.389405 0.160227
v 0.084597 1.380147 0.166514
v 0.081335 1.383044 0.172896
v 0.080679 1.383105 0.173044
v 0.082170 1.371642 0.176100
v 0.081587 1.371378 0.176313
v 0.083543 1.372551 0.180172
v 0.089120 1.359364 0.174757
v 0.082914 1.384485 0.177188
v 0.086711 1.385214 0.180208
v 0.087075 1.373297 0.182830
v 0.087324 1.373444 0.182220
v 0.093435 1.360873 0.179881
v 0.087006 1.385026 0.179629
v 0.094476 1.383601 0.178245
v 0.091183 1.395518 0.173965
v 0.098303 1.393386 0.173750
v 0.102170 1.393139 0.146422
v 0.104993 1.395948 0.148215
v 0.099495 1.388795 0.147986
v 0.111037 1.384271 0.139308
v 0.111384 1.388696 0.139757
v 0.113545 1.391303 0.142340
v 0.119462 1.393264 0.131824
v 0.121489 1.388954 0.129418
v 0.129266 1.396585 0.122634
v 0.125091 1.398751 0.126476
v 0.120732 1.396062 0.134928
v 0.113271 1.391950 0.142021
v 0.120738 1.320062 0.160712
v 0.113963 1.329951 0.162726
v 0.118289 1.327412 0.159137
v 0.110558 1.341865 0.159397
v 0.121092 1.340319 0.150842
v 0.131279 1.342015 0.141904
v 0.118226 1.353614 0.147561
v 0.134090 1.330096 0.145734
v 0.129231 1.309646 0.160220
v 0.000000 1.254559 -0.322857
v 0.062986 1.254559 -0.316653
v -0.062986 1.254559 -0.316653
v 0.000000 1.271585 -0.334382
v 0.065235 1.271585 -0.327957
v -0.316653 1.254559 -0.062986
v -0.322857 1.254559 -0.000000
v -0.316653 1.254559 0.062986
v -0.334382 1.271585 -0.000000
v -0.327957 1.271585 0.065235
v -0.287032 1.289516 0.057094
v -0.308929 1.271585 0.127963
v -0.292655 1.289516 -0.000000
v -0.197265 1.308797 -0.000000
v -0.287032 1.289516 -0.057094
v -0.193475 1.308797 -0.038485
v -0.182249 1.308797 -0.075490
v -0.187808 1.318029 -0.037357
v -0.176912 1.318029 -0.073279
v -0.181350 1.320731 -0.075118
v -0.159216 1.318029 -0.106385
v -0.192520 1.320731 -0.038295
v -0.174557 1.391697 -0.034722
v -0.196292 1.320731 -0.000000
v -0.164429 1.391697 -0.068109
v -0.159991 1.388996 -0.066270
v -0.147982 1.391697 -0.098879
v -0.143988 1.388996 -0.096210
v -0.147171 1.461662 -0.098337
v -0.122452 1.388996 -0.122452
v -0.125159 1.461662 -0.125159
v -0.134915 1.546313 -0.134915
v -0.098337 1.461662 -0.147171
v -0.096210 1.388996 -0.143988
v -0.066270 1.388996 -0.159991
v -0.098879 1.391697 -0.147983
v -0.068109 1.391697 -0.164429
v -0.075118 1.320731 -0.181350
v -0.034721 1.391697 -0.174557
v -0.038294 1.320731 -0.192520
v 0.000000 1.320731 -0.196292
v -0.037357 1.318029 -0.187809
v -0.073279 1.318029 -0.176912
v -0.075490 1.308797 -0.182249
v -0.106385 1.318029 -0.159216
v -0.038484 1.308797 -0.193475
v 0.000000 1.308797 -0.197265
v -0.057094 1.289516 -0.287032
v 0.000000 1.289516 -0.292655
v 0.057094 1.289516 -0.287032
v 0.111994 1.289516 -0.270378
v 0.038485 1.308797 -0.193475
v 0.127963 1.271585 -0.308929
v 0.123552 1.254559 -0.298281
v 0.185773 1.271585 -0.278028
v 0.162591 1.289516 -0.243334
v 0.179370 1.254559 -0.268446
v 0.236444 1.271585 -0.236444
v 0.228294 1.254559 -0.228294
v 0.268446 1.254559 -0.179370
v -0.268445 1.254559 0.179370
v -0.228294 1.254559 0.228294
v -0.179369 1.254559 0.268446
v -0.236444 1.271585 0.236444
v -0.278028 1.271585 0.185773
v -0.243334 1.289516 0.162591
v -0.270378 1.289516 0.111994
v -0.182249 1.308797 0.075490
v -0.193475 1.308797 0.038485
v -0.187808 1.318029 0.037358
v -0.191488 1.318029 -0.000000
v -0.192520 1.320731 0.038295
v -0.174557 1.391697 0.034722
v -0.181350 1.320731 0.075118
v -0.177977 1.391697 -0.000000
v -0.173173 1.388996 -0.000000
v -0.169845 1.388996 -0.033784
v -0.173600 1.461662 -0.034531
v -0.163528 1.461662 -0.067736
v -0.176274 1.546313 -0.073015
v -0.158643 1.546313 -0.106002
v -0.178125 1.606138 -0.119020
v -0.197922 1.606137 -0.081982
v -0.198467 1.623590 -0.082208
v -0.210113 1.606137 -0.041794
v -0.178616 1.623590 -0.119347
v -0.169863 1.641778 -0.113499
v -0.151900 1.623590 -0.151900
v -0.144457 1.641778 -0.144457
v -0.113499 1.641778 -0.169864
v -0.127021 1.654058 -0.127021
v -0.119347 1.623590 -0.178616
v -0.119019 1.606138 -0.178126
v -0.082208 1.623590 -0.198467
v -0.081982 1.606137 -0.197923
v -0.041794 1.606137 -0.210113
v -0.073015 1.546313 -0.176275
v -0.106002 1.546313 -0.158643
v -0.067735 1.461662 -0.163528
v -0.034531 1.461662 -0.173600
v -0.033784 1.388996 -0.169846
v 0.000000 1.388996 -0.173173
v 0.000000 1.391697 -0.177977
v 0.034722 1.391697 -0.174557
v 0.038295 1.320731 -0.192520
v 0.075118 1.320731 -0.181350
v 0.037358 1.318029 -0.187809
v 0.000000 1.318029 -0.191488
v 0.073280 1.318029 -0.176912
v 0.075490 1.308797 -0.182249
v 0.109595 1.308797 -0.164020
v 0.106385 1.318029 -0.159216
v 0.139488 1.308797 -0.139488
v 0.206939 1.289516 -0.206938
v 0.243334 1.289516 -0.162590
v 0.278029 1.271585 -0.185773
v 0.308929 1.271585 -0.127962
v 0.270378 1.289516 -0.111994
v 0.298281 1.254559 -0.123552
v 0.316653 1.254559 -0.062986
v -0.123552 1.254559 0.298281
v -0.062986 1.254559 0.316653
v -0.127962 1.271585 0.308929
v -0.185773 1.271585 0.278029
v -0.162590 1.289516 0.243334
v -0.111994 1.289516 0.270378
v -0.057094 1.289516 0.287032
v -0.075490 1.308797 0.182249
v -0.038484 1.308797 0.193475
v -0.037357 1.318029 0.187809
v 0.000000 1.308797 0.197265
v 0.000000 1.318029 0.191488
v 0.000000 1.320731 0.196292
v 0.037358 1.318029 0.187809
v -0.038295 1.320731 0.192520
v -0.075118 1.320731 0.181350
v -0.034721 1.391697 0.174557
v -0.068109 1.391697 0.164429
v -0.066270 1.388996 0.159991
v -0.098879 1.391697 0.147983
v -0.033784 1.388996 0.169846
v -0.034531 1.461662 0.173601
v 0.000000 1.388996 0.173173
v -0.067735 1.461662 0.163528
v -0.073015 1.546313 0.176275
v -0.098337 1.461662 0.147171
v -0.106002 1.546313 0.158643
v -0.119020 1.606138 0.178126
v -0.134915 1.546313 0.134915
v -0.151483 1.606138 0.151483
v -0.178125 1.606137 0.119020
v -0.151900 1.623590 0.151901
v -0.178616 1.623590 0.119347
v -0.169863 1.641778 0.113499
v -0.198467 1.623590 0.082208
v -0.188742 1.641778 0.078180
v -0.200368 1.641778 0.039856
v -0.165961 1.654058 0.068743
v -0.176183 1.654058 0.035045
v -0.179635 1.654058 -0.000000
v 0.068744 1.654058 -0.165961
v 0.035045 1.654058 -0.176183
v 0.039856 1.641778 -0.200368
v 0.000000 1.654058 -0.179635
v 0.078180 1.641778 -0.188742
v 0.082208 1.623590 -0.198467
v 0.113499 1.641778 -0.169864
v 0.119348 1.623590 -0.178616
v 0.119020 1.606137 -0.178125
v 0.151901 1.623590 -0.151900
v 0.151484 1.606137 -0.151483
v 0.178126 1.606138 -0.119020
v 0.134915 1.546313 -0.134915
v 0.158643 1.546313 -0.106002
v 0.147172 1.461662 -0.098337
v 0.176275 1.546313 -0.073015
v 0.163528 1.461662 -0.067735
v 0.159991 1.388996 -0.066270
v 0.173601 1.461662 -0.034531
v 0.169846 1.388996 -0.033784
v 0.173173 1.388996 -0.000000
v 0.174558 1.391697 -0.034722
v 0.164430 1.391697 -0.068109
v 0.181350 1.320731 -0.075118
v 0.147983 1.391697 -0.098879
v 0.192521 1.320731 -0.038295
v 0.196292 1.320731 -0.000000
v 0.187809 1.318029 -0.037357
v 0.191488 1.318029 -0.000000
v 0.197265 1.308797 -0.000000
v 0.187809 1.318029 0.037358
v 0.193475 1.308797 -0.038484
v 0.287032 1.289516 -0.057094
v 0.182250 1.308797 -0.075490
v 0.176912 1.318029 -0.073279
v 0.164020 1.308797 -0.109595
v 0.159217 1.318029 -0.106385
v 0.163211 1.320731 -0.109054
v 0.135403 1.318029 -0.135402
v 0.138800 1.320731 -0.138799
v 0.125849 1.391697 -0.125849
v 0.109054 1.320731 -0.163211
v 0.098879 1.391697 -0.147982
v 0.068109 1.391697 -0.164429
v 0.096210 1.388996 -0.143988
v 0.066271 1.388996 -0.159991
v 0.067736 1.461662 -0.163528
v 0.033785 1.388996 -0.169846
v 0.034531 1.461662 -0.173600
v 0.000000 1.461662 -0.177001
v 0.037223 1.546313 -0.187132
v 0.000000 1.546313 -0.190798
v -0.037223 1.546313 -0.187132
v 0.000000 1.606137 -0.214230
v 0.041794 1.606137 -0.210113
v 0.081982 1.606138 -0.197922
v 0.041909 1.623590 -0.210692
v 0.000000 1.623590 -0.214820
v 0.073016 1.546313 -0.176275
v 0.106002 1.546313 -0.158643
v 0.098337 1.461662 -0.147171
v 0.125159 1.461662 -0.125159
v 0.122452 1.388996 -0.122452
v 0.143988 1.388996 -0.096210
v 0.000000 1.641778 -0.204293
v -0.041909 1.623590 -0.210692
v -0.039855 1.641778 -0.200368
v -0.035045 1.654058 -0.176183
v -0.078179 1.641778 -0.188742
v -0.068743 1.654058 -0.165961
v -0.099800 1.654058 -0.149361
v -0.165961 1.654058 -0.068743
v -0.149361 1.654058 -0.099800
v -0.188742 1.641778 -0.078180
v -0.200368 1.641778 -0.039856
v -0.210692 1.623590 -0.041909
v -0.214819 1.623590 -0.000000
v -0.214230 1.606137 -0.000000
v -0.190798 1.546313 -0.000000
v -0.210113 1.606137 0.041794
v -0.187132 1.546313 -0.037223
v -0.187132 1.546313 0.037223
v -0.173600 1.461662 0.034531
v -0.176275 1.546313 0.073015
v -0.163528 1.461662 0.067736
v -0.147171 1.461662 0.098337
v -0.159991 1.388996 0.066270
v -0.143988 1.388996 0.096210
v -0.122452 1.388996 0.122452
v -0.147982 1.391697 0.098879
v -0.163211 1.320731 0.109054
v -0.125849 1.391697 0.125849
v -0.164429 1.391697 0.068109
v -0.138799 1.320731 0.138800
v -0.135402 1.318029 0.135403
v -0.109054 1.320731 0.163211
v -0.106385 1.318029 0.159217
v -0.109595 1.308797 0.164020
v -0.073279 1.318029 0.176912
v -0.139487 1.308797 0.139488
v -0.206938 1.289516 0.206938
v -0.164020 1.308797 0.109595
v -0.159216 1.318029 0.106385
v -0.176912 1.318029 0.073279
v -0.169845 1.388996 0.033784
v -0.177001 1.461662 -0.000000
v -0.096210 1.388996 0.143988
v -0.125159 1.461662 0.125159
v -0.158643 1.546313 0.106002
v -0.197922 1.606138 0.081982
v -0.210692 1.623590 0.041909
v -0.204293 1.641778 -0.000000
v -0.176183 1.654058 -0.035045
v 0.327957 1.271585 -0.065235
v 0.292655 1.289516 -0.000000
v 0.334382 1.271585 -0.000000
v 0.287032 1.289516 0.057094
v 0.193475 1.308797 0.038485
v 0.182250 1.308797 0.075490
v 0.176912 1.318029 0.073279
v 0.159217 1.318029 0.106385
v 0.181350 1.320731 0.075118
v 0.192521 1.320731 0.038295
v 0.174558 1.391697 0.034722
v 0.177977 1.391697 -0.000000
v 0.169846 1.388996 0.033784
v 0.173601 1.461662 0.034531
v 0.159991 1.388996 0.066271
v 0.177002 1.461662 -0.000000
v 0.190799 1.546313 -0.000000
v 0.187132 1.546313 -0.037223
v 0.210114 1.606137 -0.041794
v 0.197923 1.606137 -0.081982
v 0.198468 1.623590 -0.082208
v 0.178616 1.623590 -0.119347
v 0.169864 1.641778 -0.113499
v 0.144457 1.641778 -0.144457
v 0.127021 1.654058 -0.127021
v 0.099800 1.654058 -0.149361
v -0.149361 1.654058 0.099800
v -0.127021 1.654058 0.127021
v -0.144457 1.641778 0.144457
v -0.113499 1.641778 0.169864
v -0.119347 1.623590 0.178616
v -0.099800 1.654058 0.149361
v -0.068743 1.654058 0.165961
v 0.149361 1.654058 -0.099800
v 0.165961 1.654058 -0.068743
v 0.188743 1.641778 -0.078180
v 0.176184 1.654058 -0.035045
v 0.200368 1.641778 -0.039856
v 0.179635 1.654058 -0.000000
v -0.035045 1.654058 0.176183
v -0.039855 1.641778 0.200368
v 0.000000 1.654058 0.179635
v -0.078179 1.641778 0.188742
v -0.082208 1.623590 0.198468
v -0.081982 1.606137 0.197923
v -0.041909 1.623590 0.210692
v -0.041794 1.606137 0.210114
v -0.037223 1.546313 0.187132
v 0.000000 1.606137 0.214230
v 0.000000 1.546313 0.190798
v 0.000000 1.461662 0.177002
v 0.037223 1.546313 0.187132
v 0.034531 1.461662 0.173601
v 0.067736 1.461662 0.163528
v 0.033785 1.388996 0.169846
v 0.066271 1.388996 0.159991
v 0.068109 1.391697 0.164429
v 0.096210 1.388996 0.143988
v 0.034722 1.391697 0.174557
v 0.038295 1.320731 0.192521
v 0.000000 1.391697 0.177977
v 0.075118 1.320731 0.181350
v 0.073279 1.318029 0.176912
v 0.075490 1.308797 0.182249
v 0.106385 1.318029 0.159217
v 0.038485 1.308797 0.193475
v 0.057094 1.289516 0.287032
v 0.000000 1.289516 0.292655
v 0.000000 1.271585 0.334382
v -0.065235 1.271585 0.327957
v 0.000000 1.254559 0.322857
v 0.062986 1.254559 0.316653
v 0.322857 1.254559 -0.000000
v 0.316653 1.254559 0.062986
v 0.298281 1.254559 0.123552
v 0.327957 1.271585 0.065235
v 0.308929 1.271585 0.127963
v 0.270378 1.289516 0.111994
v 0.243334 1.289516 0.162591
v 0.164020 1.308797 0.109595
v 0.139488 1.308797 0.139488
v 0.135403 1.318029 0.135403
v 0.138800 1.320731 0.138800
v 0.109054 1.320731 0.163211
v 0.163211 1.320731 0.109054
v 0.109595 1.308797 0.164020
v 0.162591 1.289516 0.243334
v 0.111994 1.289516 0.270378
v 0.127963 1.271585 0.308929
v 0.065235 1.271585 0.327957
v 0.123552 1.254559 0.298281
v 0.179370 1.254559 0.268446
v 0.268446 1.254559 0.179370
v 0.228294 1.254559 0.228294
v 0.278029 1.271585 0.185773
v 0.236444 1.271585 0.236444
v 0.206939 1.289516 0.206939
v 0.185773 1.271585 0.278029
v 0.147983 1.391697 0.098879
v 0.125849 1.391697 0.125849
v 0.122452 1.388996 0.122452
v 0.098879 1.391697 0.147983
v 0.125159 1.461662 0.125159
v 0.143988 1.388996 0.096210
v 0.147172 1.461662 0.098337
v 0.098337 1.461662 0.147171
v 0.106002 1.546313 0.158643
v 0.073016 1.546313 0.176275
v 0.081982 1.606137 0.197923
v 0.041794 1.606137 0.210114
v 0.041909 1.623590 0.210692
v 0.000000 1.623590 0.214820
v 0.000000 1.641778 0.204293
v 0.039856 1.641778 0.200368
v 0.035045 1.654058 0.176183
v 0.078180 1.641778 0.188742
v 0.068744 1.654058 0.165961
v 0.099800 1.654058 0.149361
v 0.165961 1.654058 0.068743
v 0.149361 1.654058 0.099800
v 0.169864 1.641778 0.113499
v 0.127021 1.654058 0.127021
v 0.188743 1.641778 0.078180
v 0.198468 1.623590 0.082208
v 0.200368 1.641778 0.039856
v 0.210692 1.623590 0.041909
v 0.210114 1.606137 0.041794
v 0.214820 1.623590 -0.000000
v 0.197923 1.606138 0.081982
v 0.178126 1.606137 0.119020
v 0.176275 1.546313 0.073015
v 0.158643 1.546313 0.106002
v 0.134915 1.546313 0.134915
v 0.151484 1.606137 0.151483
v 0.119020 1.606137 0.178126
v 0.119348 1.623590 0.178616
v 0.082208 1.623590 0.198468
v 0.113499 1.641778 0.169864
v 0.144457 1.641778 0.144457
v 0.151901 1.623590 0.151901
v 0.178616 1.623590 0.119347
v 0.163528 1.461662 0.067736
v 0.187132 1.546313 0.037223
v 0.214230 1.606137 -0.000000
v 0.210692 1.623590 -0.041909
v 0.204293 1.641778 -0.000000
v 0.176184 1.654058 0.035045
v 0.164430 1.391697 0.068109
v -0.151483 1.606138 -0.151483
v -0.298281 1.254559 0.123552
v -0.111994 1.289516 -0.270378
v -0.065234 1.271585 -0.327957
v -0.127962 1.271585 -0.308929
v -0.123552 1.254559 -0.298281
v -0.179369 1.254559 -0.268446
v -0.298281 1.254559 -0.123552
v -0.268445 1.254559 -0.179370
v -0.228294 1.254559 -0.228294
v -0.278028 1.271585 -0.185773
v -0.308929 1.271585 -0.127962
v -0.270378 1.289516 -0.111994
v -0.327957 1.271585 -0.065235
v -0.243334 1.289516 -0.162590
v -0.164020 1.308797 -0.109595
v -0.206938 1.289516 -0.206938
v -0.139487 1.308797 -0.139488
v -0.135402 1.318029 -0.135402
v -0.109595 1.308797 -0.164020
v -0.162590 1.289516 -0.243334
v -0.185773 1.271585 -0.278029
v -0.236444 1.271585 -0.236444
v -0.138799 1.320731 -0.138799
v -0.109054 1.320731 -0.163211
v -0.163211 1.320731 -0.109054
v -0.125849 1.391697 -0.125849
v -0.073101 1.404617 -0.163798
v -0.073690 1.405286 -0.164930
v -0.070272 1.408231 -0.164475
v -0.078797 1.397370 -0.162384
v -0.073092 1.404183 -0.164324
v -0.070701 1.408965 -0.165412
v -0.070458 1.407845 -0.164989
v -0.069489 1.408696 -0.165286
v -0.071259 1.405005 -0.164491
v -0.069467 1.405832 -0.165304
v -0.069587 1.399079 -0.165622
v -0.067938 1.405044 -0.166567
v -0.068784 1.407865 -0.166036
v -0.066972 1.404255 -0.168151
v -0.068410 1.408252 -0.165640
v -0.066503 1.404694 -0.167925
v -0.067274 1.405361 -0.168943
v -0.062617 1.397560 -0.172503
v -0.069077 1.408984 -0.166428
v -0.069751 1.409827 -0.165682
v -0.069625 1.408987 -0.167568
v -0.070423 1.409820 -0.166757
v -0.070300 1.409186 -0.166573
v -0.071487 1.408965 -0.166404
v -0.071278 1.408340 -0.166290
v -0.072957 1.406031 -0.167186
v -0.074238 1.404876 -0.166144
v -0.071165 1.406859 -0.168000
v -0.069636 1.406070 -0.169263
v -0.073064 1.401182 -0.171143
v -0.069603 1.408360 -0.167337
v -0.068119 1.404948 -0.169972
v -0.067939 1.405562 -0.170205
v -0.064532 1.398717 -0.175543
v -0.063440 1.398117 -0.174116
v -0.058353 1.389529 -0.180590
v -0.057316 1.388818 -0.178262
v -0.057903 1.388566 -0.178340
v -0.052215 1.381096 -0.183652
v -0.063143 1.397181 -0.172613
v -0.063469 1.397202 -0.170859
v -0.058921 1.388688 -0.175384
v -0.054533 1.380966 -0.179793
v -0.063356 1.389897 -0.171235
v -0.061014 1.382144 -0.174125
v -0.070641 1.382886 -0.167612
v -0.059732 1.375587 -0.175904
v -0.070086 1.390647 -0.166579
v -0.077205 1.389735 -0.162574
v -0.073626 1.398298 -0.163463
v -0.065865 1.398389 -0.168316
v -0.066330 1.402923 -0.168061
v -0.076940 1.397044 -0.162434
v -0.073269 1.402842 -0.163721
v -0.078660 1.396999 -0.162909
v -0.082855 1.388407 -0.160415
v -0.085956 1.388237 -0.160796
v -0.088608 1.380566 -0.158482
v -0.080696 1.381913 -0.161815
v -0.082746 1.375317 -0.161510
v -0.070981 1.376481 -0.168276
v -0.071718 1.371953 -0.169539
v -0.060502 1.370276 -0.176430
v -0.062923 1.366020 -0.176527
v -0.053416 1.368109 -0.183265
v -0.052178 1.374223 -0.182566
v -0.050264 1.374295 -0.187179
v -0.052874 1.380996 -0.183684
v -0.049562 1.374185 -0.187196
v -0.051176 1.367531 -0.188209
v -0.051024 1.375249 -0.190644
v -0.053437 1.381993 -0.186556
v -0.055496 1.383080 -0.188861
v -0.059973 1.390424 -0.182481
v -0.060273 1.389998 -0.182103
v -0.055821 1.382777 -0.188362
v -0.064815 1.398192 -0.175268
v -0.066401 1.398974 -0.175513
v -0.068295 1.404111 -0.171180
v -0.069271 1.400448 -0.173724
v -0.068311 1.392892 -0.179102
v -0.075149 1.393707 -0.174616
v -0.067225 1.385899 -0.183986
v -0.063144 1.391241 -0.182089
v -0.059815 1.384159 -0.188178
v -0.058504 1.378046 -0.192609
v -0.053783 1.376423 -0.192766
v -0.053463 1.376543 -0.193389
v -0.055747 1.370224 -0.194377
v -0.060197 1.364532 -0.193762
v -0.055488 1.370138 -0.195056
v -0.060435 1.372352 -0.194409
v -0.064282 1.367114 -0.193988
v -0.068785 1.375283 -0.189580
v -0.067189 1.380095 -0.187743
v -0.078604 1.381089 -0.180377
v -0.076989 1.386723 -0.177689
v -0.086908 1.385668 -0.171676
v -0.082159 1.392730 -0.170440
v -0.087078 1.390960 -0.167121
v -0.077032 1.400357 -0.168871
v -0.079871 1.398816 -0.167088
v -0.080331 1.398010 -0.165564
v -0.075234 1.404029 -0.166841
v -0.088326 1.389669 -0.164558
v -0.088804 1.390086 -0.164450
v -0.095779 1.382308 -0.163372
v -0.080712 1.398528 -0.165424
v -0.079897 1.397924 -0.163824
v -0.074537 1.405485 -0.166079
v -0.087798 1.389184 -0.162175
v -0.095186 1.381504 -0.160446
v -0.086147 1.388480 -0.160231
v -0.093094 1.380617 -0.158086
v -0.097324 1.373625 -0.157325
v -0.092833 1.380527 -0.158694
v -0.097004 1.373747 -0.157948
v -0.092018 1.373755 -0.157650
v -0.092002 1.367657 -0.159134
v -0.082793 1.370015 -0.162489
v -0.081749 1.365799 -0.164753
v -0.071886 1.368056 -0.169881
v -0.072496 1.364902 -0.170914
v -0.065680 1.362547 -0.176320
v -0.068179 1.360722 -0.176833
v -0.061626 1.359038 -0.181671
v -0.057257 1.362867 -0.182835
v -0.073453 1.363044 -0.172480
v -0.075094 1.363062 -0.175104
v -0.079635 1.360588 -0.169668
v -0.080298 1.362376 -0.167178
v -0.086823 1.358742 -0.165912
v -0.089846 1.362485 -0.162453
v -0.094477 1.361706 -0.163616
v -0.097090 1.367325 -0.159851
v -0.097417 1.366989 -0.159289
v -0.094767 1.361203 -0.163161
v -0.097380 1.362251 -0.166395
v -0.090878 1.357078 -0.167211
v -0.100095 1.368104 -0.162456
v -0.101730 1.369596 -0.166136
v -0.099802 1.374677 -0.160137
v -0.101225 1.375983 -0.163518
v -0.100523 1.375874 -0.163534
v -0.096375 1.382600 -0.163295
v -0.101007 1.369693 -0.166071
v -0.099021 1.371900 -0.170277
v -0.098411 1.364084 -0.169862
v -0.098344 1.377579 -0.167693
v -0.090204 1.379825 -0.173350
v -0.093890 1.383759 -0.166868
v -0.091076 1.375022 -0.175639
v -0.079338 1.376559 -0.181636
v -0.090031 1.370806 -0.177902
v -0.080353 1.373174 -0.183322
v -0.080785 1.369913 -0.184075
v -0.071205 1.371027 -0.189676
v -0.073793 1.367452 -0.189200
v -0.068545 1.363220 -0.192656
v -0.075155 1.364939 -0.187907
v -0.071358 1.361919 -0.190703
v -0.070039 1.359764 -0.189377
v -0.065324 1.360434 -0.192099
v -0.070193 1.359243 -0.189823
v -0.074378 1.363037 -0.185570
v -0.065280 1.360021 -0.192711
v -0.074654 1.362536 -0.185849
v -0.072603 1.361058 -0.182455
v -0.079394 1.365034 -0.181942
v -0.068071 1.357659 -0.186604
v -0.062895 1.358431 -0.189571
v -0.065978 1.356695 -0.183131
v -0.066105 1.357386 -0.183131
v -0.070366 1.359943 -0.179040
v -0.060992 1.357429 -0.185902
v -0.061385 1.358052 -0.185844
v -0.056263 1.362154 -0.187515
v -0.064991 1.358071 -0.180596
v -0.070304 1.360574 -0.179102
v -0.075081 1.362427 -0.175095
v -0.077261 1.363588 -0.178558
v -0.080650 1.359823 -0.172609
v -0.080743 1.360451 -0.172573
v -0.086149 1.357151 -0.170596
v -0.084368 1.357844 -0.168477
v -0.086192 1.356457 -0.170488
v -0.090664 1.357709 -0.167533
v -0.088416 1.357420 -0.173880
v -0.082760 1.360939 -0.176103
v -0.084938 1.362415 -0.179417
v -0.090408 1.359006 -0.177181
v -0.084817 1.362914 -0.179041
v -0.090083 1.359529 -0.176842
v -0.094604 1.360090 -0.173787
v -0.090734 1.361692 -0.178585
v -0.086611 1.364805 -0.180743
v -0.088411 1.367280 -0.180058
v -0.080548 1.367333 -0.183744
v -0.079196 1.365541 -0.181615
v -0.093743 1.362925 -0.176897
v -0.096871 1.366732 -0.173607
v -0.095167 1.359670 -0.174020
v -0.099080 1.363810 -0.170008
v -0.093360 1.358073 -0.170517
v -0.055718 1.361661 -0.187583
v -0.051830 1.367856 -0.188157
v -0.057500 1.362719 -0.191336
v -0.052870 1.368658 -0.191991
v -0.060031 1.364268 -0.194430
v -0.069201 1.409081 -0.164818
v 0.140896 1.326429 0.136277
v 0.140659 1.326364 0.136044
v 0.146522 1.324033 0.131231
v 0.137015 1.334201 0.138044
v 0.136778 1.334136 0.137811
v 0.144752 1.335443 0.131737
v 0.150543 1.333877 0.128958
v 0.143596 1.336707 0.132558
v 0.140638 1.335303 0.134054
v 0.147726 1.323705 0.130647
v 0.150611 1.334620 0.128681
v 0.155058 1.331825 0.122277
v 0.150679 1.335362 0.128404
v 0.153766 1.331604 0.123652
v 0.148402 1.323232 0.129544
v 0.159772 1.328746 0.116443
v 0.154028 1.320836 0.124498
v 0.155979 1.331433 0.121450
v 0.154826 1.331115 0.120315
v 0.159971 1.329517 0.116026
v 0.156349 1.332047 0.120902
v 0.158454 1.341164 0.116210
v 0.151559 1.345001 0.124809
v 0.142097 1.348130 0.130882
v 0.151979 1.349600 0.123093
v 0.142440 1.337971 0.133379
v 0.142365 1.352794 0.129303
v 0.142633 1.357458 0.127724
v 0.132489 1.357078 0.136235
v 0.133001 1.351361 0.137315
v 0.139099 1.359833 0.128745
v 0.138862 1.359767 0.128512
v 0.134024 1.358774 0.134199
v 0.132252 1.357013 0.136002
v 0.133787 1.358709 0.133966
v 0.142901 1.362122 0.126145
v 0.152819 1.358798 0.119662
v 0.142497 1.362893 0.126339
v 0.152872 1.359375 0.119447
v 0.152399 1.354199 0.121378
v 0.136494 1.361204 0.131008
v 0.136257 1.361139 0.130774
v 0.131916 1.360656 0.135814
v 0.131679 1.360590 0.135581
v 0.142093 1.363665 0.126533
v 0.142980 1.375976 0.122182
v 0.152925 1.359952 0.119232
v 0.132674 1.379131 0.129868
v 0.132437 1.379066 0.129635
v 0.135622 1.379282 0.126829
v 0.135385 1.379216 0.126596
v 0.142897 1.377656 0.121796
v 0.132706 1.382362 0.128930
v 0.132469 1.382296 0.128697
v 0.143100 1.378194 0.121439
v 0.154240 1.374350 0.113861
v 0.144194 1.388495 0.117441
v 0.154185 1.373749 0.114085
v 0.162905 1.369134 0.103848
v 0.154040 1.372166 0.114676
v 0.162533 1.367648 0.104644
v 0.162813 1.369798 0.103757
v 0.163611 1.380225 0.100024
v 0.171304 1.365785 0.094347
v 0.170836 1.364906 0.095068
v 0.155186 1.384714 0.109996
v 0.155251 1.385417 0.109733
v 0.144554 1.389073 0.116913
v 0.163380 1.381054 0.100027
v 0.163148 1.381884 0.100030
v 0.165994 1.380461 0.095631
v 0.165757 1.380395 0.095398
v 0.171708 1.378928 0.090253
v 0.171053 1.380471 0.090486
v 0.170816 1.380406 0.090253
v 0.170337 1.389570 0.088665
v 0.170100 1.389505 0.088432
v 0.169391 1.392292 0.088372
v 0.169863 1.389439 0.088199
v 0.169154 1.392227 0.088138
v 0.161683 1.399377 0.091824
v 0.166674 1.396005 0.089601
v 0.161546 1.392339 0.093934
v 0.160840 1.381248 0.097759
v 0.151441 1.395742 0.100584
v 0.170579 1.380341 0.090020
v 0.165520 1.380330 0.095165
v 0.161072 1.380418 0.097756
v 0.171234 1.378798 0.089787
v 0.171471 1.378863 0.090020
v 0.161303 1.379588 0.097753
v 0.160505 1.369162 0.101486
v 0.150311 1.383370 0.105199
v 0.170830 1.365654 0.093880
v 0.171067 1.365720 0.094114
v 0.170362 1.364775 0.094602
v 0.170599 1.364840 0.094835
v 0.160598 1.368498 0.101578
v 0.170559 1.363697 0.094704
v 0.170796 1.363762 0.094937
v 0.171033 1.363828 0.095170
v 0.169230 1.356325 0.098613
v 0.168993 1.356260 0.098380
v 0.158881 1.354895 0.107134
v 0.162674 1.355060 0.105137
v 0.160225 1.367012 0.102373
v 0.149165 1.370822 0.109879
v 0.149310 1.372405 0.109289
v 0.149365 1.373006 0.109064
v 0.140589 1.377020 0.119526
v 0.140792 1.377558 0.119169
v 0.140673 1.375340 0.119911
v 0.139785 1.363029 0.124262
v 0.132200 1.379000 0.129402
v 0.148049 1.358608 0.114435
v 0.135148 1.379151 0.126363
v 0.132232 1.382231 0.128464
v 0.134169 1.396137 0.122600
v 0.134406 1.396202 0.122833
v 0.141886 1.387859 0.115170
v 0.142246 1.388437 0.114643
v 0.135963 1.395155 0.121051
v 0.136200 1.395221 0.121285
v 0.134648 1.397309 0.121785
v 0.142606 1.389014 0.114115
v 0.143904 1.399853 0.109760
v 0.150440 1.384777 0.104674
v 0.150375 1.384073 0.104936
v 0.145015 1.406476 0.106774
v 0.135999 1.403863 0.118574
v 0.139583 1.414057 0.112076
v 0.139820 1.414122 0.112310
v 0.145214 1.408627 0.107874
v 0.145451 1.408692 0.108107
v 0.145688 1.408758 0.108341
v 0.140715 1.415184 0.111102
v 0.140478 1.415119 0.110869
v 0.146080 1.407046 0.105533
v 0.140617 1.415949 0.110495
v 0.140854 1.416014 0.110729
v 0.146225 1.408293 0.105035
v 0.146429 1.408670 0.104723
v 0.152645 1.408921 0.095668
v 0.152155 1.403558 0.097669
v 0.152110 1.403065 0.097852
v 0.160798 1.400777 0.092330
v 0.161004 1.404881 0.090971
v 0.160882 1.405396 0.090951
v 0.166004 1.398308 0.089636
v 0.166241 1.398373 0.089869
v 0.170987 1.392974 0.086067
v 0.169396 1.395912 0.086860
v 0.169633 1.395977 0.087093
v 0.171224 1.393039 0.086300
v 0.171461 1.393105 0.086533
v 0.166911 1.396070 0.089834
v 0.167148 1.396135 0.090067
v 0.169628 1.392358 0.088605
v 0.163991 1.400013 0.094094
v 0.163854 1.392975 0.096205
v 0.156316 1.397086 0.105381
v 0.156940 1.403917 0.102833
v 0.146211 1.400489 0.112030
v 0.155315 1.386121 0.109471
v 0.147323 1.407113 0.109045
v 0.147855 1.407398 0.108424
v 0.140057 1.414187 0.112543
v 0.136473 1.403993 0.119041
v 0.136236 1.403928 0.118808
v 0.134884 1.397374 0.122018
v 0.135121 1.397440 0.122251
v 0.136436 1.395286 0.121518
v 0.134642 1.396267 0.123066
v 0.144914 1.389651 0.116385
v 0.148387 1.407682 0.107804
v 0.156985 1.404409 0.102649
v 0.157030 1.404902 0.102465
v 0.163548 1.400713 0.094348
v 0.163106 1.401413 0.094601
v 0.163312 1.405517 0.093242
v 0.166478 1.398438 0.090102
v 0.169870 1.396043 0.087326
v 0.163190 1.406032 0.093221
v 0.163759 1.414111 0.090379
v 0.157561 1.410712 0.100298
v 0.157520 1.410265 0.100465
v 0.169714 1.410932 0.083313
v 0.169477 1.410866 0.083080
v 0.168902 1.419673 0.081690
v 0.168665 1.419608 0.081457
v 0.168281 1.421101 0.081429
v 0.168428 1.419542 0.081223
v 0.168044 1.421036 0.081195
v 0.161582 1.422687 0.085396
v 0.167583 1.422876 0.081148
v 0.161894 1.421942 0.085287
v 0.153978 1.422895 0.090398
v 0.161452 1.413475 0.088109
v 0.153296 1.416048 0.093010
v 0.169241 1.410801 0.082847
v 0.152686 1.409368 0.095501
v 0.147708 1.419329 0.100437
v 0.142307 1.421984 0.107086
v 0.148448 1.424577 0.098214
v 0.140913 1.417006 0.109898
v 0.143435 1.425913 0.104840
v 0.143671 1.425978 0.105073
v 0.148540 1.425946 0.099642
v 0.148777 1.426012 0.099875
v 0.149014 1.426077 0.100108
v 0.144207 1.427071 0.104223
v 0.143970 1.427005 0.103990
v 0.148484 1.426291 0.097697
v 0.146992 1.427062 0.100903
v 0.147229 1.427127 0.101136
v 0.147466 1.427192 0.101369
v 0.144979 1.428248 0.103109
v 0.144742 1.428183 0.102876
v 0.149949 1.426752 0.096079
v 0.150269 1.427874 0.097344
v 0.150506 1.427940 0.097577
v 0.150743 1.428005 0.097811
v 0.145784 1.429564 0.101922
v 0.145547 1.429498 0.101689
v 0.151013 1.428936 0.094386
v 0.148881 1.438245 0.095849
v 0.149118 1.438310 0.096083
v 0.149355 1.438376 0.096316
v 0.155461 1.445088 0.087738
v 0.155698 1.445153 0.087971
v 0.157348 1.444641 0.087002
v 0.156839 1.444500 0.086501
v 0.154405 1.436868 0.093511
v 0.153321 1.429572 0.096657
v 0.159822 1.435462 0.091066
v 0.159178 1.428991 0.093533
v 0.159147 1.444170 0.086179
v 0.158217 1.443913 0.085265
v 0.160105 1.443467 0.084529
v 0.162671 1.433347 0.086096
v 0.162285 1.427720 0.088065
v 0.165887 1.431334 0.081487
v 0.161211 1.442805 0.083025
v 0.160974 1.442739 0.082792
v 0.159596 1.443326 0.084028
v 0.159087 1.443186 0.083528
v 0.160737 1.442674 0.082559
v 0.165413 1.431204 0.081020
v 0.165650 1.431269 0.081253
v 0.160363 1.432711 0.083825
v 0.159977 1.427083 0.085795
v 0.154946 1.434118 0.086270
v 0.166385 1.427141 0.081170
v 0.157288 1.443657 0.084350
v 0.156330 1.444360 0.086001
v 0.152097 1.436232 0.091240
v 0.154303 1.427647 0.088736
v 0.155224 1.445022 0.087505
v 0.154315 1.426729 0.088981
v 0.154169 1.425605 0.089445
v 0.160217 1.426246 0.085785
v 0.150613 1.427957 0.095067
v 0.160385 1.425159 0.085919
v 0.161022 1.424345 0.085500
v 0.167301 1.423866 0.081157
v 0.154121 1.425083 0.089640
v 0.166922 1.425384 0.081118
v 0.162205 1.423841 0.084439
v 0.163358 1.424160 0.085574
v 0.161659 1.423531 0.085081
v 0.154073 1.424560 0.089835
v 0.153904 1.423502 0.090303
v 0.149217 1.426521 0.096888
v 0.148433 1.425068 0.098092
v 0.167538 1.423931 0.081390
v 0.164512 1.424478 0.086710
v 0.167820 1.422941 0.081381
v 0.167775 1.423996 0.081624
v 0.168057 1.423007 0.081614
v 0.163967 1.424167 0.087351
v 0.168518 1.421166 0.081662
v 0.163889 1.423323 0.087666
v 0.164202 1.422579 0.087557
v 0.158780 1.424846 0.095100
v 0.158853 1.424239 0.095195
v 0.158949 1.425904 0.094631
v 0.158996 1.426427 0.094436
v 0.150792 1.426927 0.099968
v 0.163330 1.424982 0.087771
v 0.151525 1.427157 0.099159
v 0.152257 1.427388 0.098349
v 0.152921 1.428593 0.097337
v 0.159044 1.426949 0.094242
v 0.145216 1.428313 0.103342
v 0.159191 1.428073 0.093778
v 0.162693 1.425796 0.088190
v 0.162525 1.426882 0.088056
v 0.167395 1.425515 0.081584
v 0.167158 1.425450 0.081351
v 0.166859 1.427272 0.081637
v 0.166622 1.427207 0.081404
v 0.144444 1.427136 0.104456
v 0.150741 1.425704 0.100363
v 0.150756 1.425213 0.100485
v 0.150015 1.419965 0.102708
v 0.143908 1.426044 0.105306
v 0.158171 1.417392 0.097807
v 0.142781 1.422115 0.107553
v 0.142544 1.422049 0.107320
v 0.141150 1.417072 0.110131
v 0.141387 1.417137 0.110364
v 0.148736 1.409307 0.106994
v 0.141091 1.416079 0.110962
v 0.148533 1.408929 0.107306
v 0.140952 1.415249 0.111335
v 0.146021 1.429629 0.102155
v 0.161240 1.400077 0.092077
v 0.152065 1.402573 0.098036
v 0.145547 1.406761 0.106154
v 0.147997 1.358031 0.114650
v 0.140189 1.362257 0.124068
v 0.158372 1.354513 0.107758
v 0.157863 1.354130 0.108383
v 0.157290 1.349596 0.110235
v 0.147944 1.357454 0.114865
v 0.168422 1.354969 0.099321
v 0.164992 1.354111 0.103048
v 0.165229 1.354176 0.103281
v 0.168965 1.351360 0.099781
v 0.168659 1.355035 0.099554
v 0.169202 1.351425 0.100014
v 0.156718 1.345062 0.112087
v 0.147104 1.348256 0.118296
v 0.156146 1.340527 0.113939
v 0.147524 1.352855 0.116581
v 0.165241 1.337297 0.107505
v 0.165478 1.337362 0.107738
v 0.159497 1.329386 0.115559
v 0.159734 1.329452 0.115793
v 0.154042 1.331410 0.118632
v 0.153672 1.330796 0.119180
v 0.152750 1.331189 0.120007
v 0.159299 1.328615 0.115977
v 0.151458 1.330968 0.121381
v 0.145668 1.332533 0.124161
v 0.147928 1.323101 0.129078
v 0.146724 1.323429 0.129662
v 0.145736 1.333276 0.123884
v 0.153554 1.320705 0.124032
v 0.153791 1.320770 0.124265
v 0.159535 1.328681 0.116210
v 0.148165 1.323166 0.129311
v 0.146610 1.306136 0.135663
v 0.146373 1.306071 0.135430
v 0.145169 1.306399 0.136014
v 0.145669 1.306537 0.136507
v 0.146170 1.306674 0.136999
v 0.144729 1.306937 0.137350
v 0.146847 1.306201 0.135897
v 0.144966 1.307002 0.137583
v 0.144492 1.306872 0.137117
v 0.146048 1.323902 0.130765
v 0.146285 1.323967 0.130998
v 0.140422 1.326298 0.135811
v 0.136541 1.334070 0.137578
v 0.142445 1.334807 0.129467
v 0.141289 1.336071 0.130287
v 0.140164 1.335172 0.133588
v 0.140401 1.335237 0.133821
v 0.136358 1.334932 0.137523
v 0.140133 1.337335 0.131108
v 0.145803 1.334019 0.123607
v 0.139789 1.347494 0.128611
v 0.146684 1.343657 0.120012
v 0.140057 1.352158 0.127032
v 0.140325 1.356822 0.125453
v 0.132015 1.356947 0.135768
v 0.132528 1.351230 0.136849
v 0.138625 1.359702 0.128278
v 0.133550 1.358644 0.133732
v 0.140593 1.361485 0.123874
v 0.136020 1.361073 0.130541
v 0.131442 1.360525 0.135348
v 0.132764 1.351295 0.137082
v 0.136595 1.334998 0.137756
v 0.136832 1.335063 0.137989
v 0.165715 1.337427 0.107971
v 0.169439 1.351490 0.100247
v 0.159026 1.345698 0.114358
v 0.159598 1.350232 0.112506
v 0.165466 1.354241 0.103514
v 0.168896 1.355100 0.099787
v 0.160170 1.354766 0.110654
v 0.160680 1.355149 0.110029
v 0.163148 1.355191 0.105604
v 0.162911 1.355125 0.105371
v 0.169466 1.356391 0.098846
v 0.161189 1.355532 0.109404
vn -0.1084 -0.8621 0.4950
vn -0.1248 -0.9922 -0.0000
vn 0.0100 -0.9999 -0.0000
vn -0.2284 -0.8383 0.4950
vn -0.1337 -0.4908 0.8609
vn -0.0635 -0.5047 0.8610
vn 0.0087 -0.8686 0.4955
vn -0.0044 -0.0103 0.9999
vn -0.2004 -0.4672 0.8611
vn -0.0031 -0.0112 0.9999
vn 0.2526 0.4220 0.8707
vn -0.0056 -0.0093 0.9999
vn 0.1937 0.4517 0.8709
vn 0.3403 0.7932 0.5050
vn 0.4434 0.7406 0.5048
vn 0.3057 0.3854 0.8706
vn 0.3808 0.8878 0.2586
vn 0.2269 0.8327 0.5052
vn 0.2540 0.9319 0.2590
vn -0.0000 -0.0000 1.0000
vn 0.2540 0.9319 -0.2590
vn 0.3809 0.8877 -0.2586
vn 0.2539 0.9319 -0.2591
vn 0.1204 0.9584 0.2587
vn 0.1204 0.9584 -0.2587
vn 0.5706 -0.7794 0.2589
vn 0.6415 -0.5754 0.5073
vn 0.7191 -0.6449 0.2590
vn 0.5706 -0.7793 -0.2589
vn 0.5706 -0.7793 -0.2590
vn 0.7192 -0.6448 -0.2587
vn 0.7354 -0.4508 0.5060
vn 0.8236 -0.5048 0.2587
vn 0.8236 -0.5047 -0.2587
vn 0.7907 -0.3474 0.5042
vn 0.4515 -0.1985 0.8699
vn 0.4177 -0.2562 0.8717
vn -0.0113 0.0070 0.9999
vn 0.4699 -0.1580 0.8685
vn -0.0084 0.0038 1.0000
vn -0.0124 0.0111 0.9999
vn -0.4342 0.2671 0.8603
vn -0.3809 0.3424 0.8589
vn -0.3032 0.4137 0.8584
vn -0.5144 0.7020 0.4926
vn -0.6469 0.5817 0.4931
vn -0.3646 0.7896 0.4935
vn -0.4193 0.9079 -0.0000
vn -0.5910 0.8066 -0.0000
vn -0.3646 0.7897 -0.4934
vn -0.2281 0.8385 -0.4949
vn -0.2626 0.9649 -0.0000
vn -0.1335 0.4910 -0.8608
vn -0.0710 0.5014 -0.8623
vn -0.1217 0.8596 -0.4962
vn -0.0269 0.5036 -0.8635
vn -0.0012 0.0084 -1.0000
vn -0.0003 0.0058 -1.0000
vn 0.0263 -0.4950 -0.8685
vn 0.0689 -0.4888 -0.8697
vn -0.0026 -0.4972 -0.8677
vn -0.0000 0.0038 -1.0000
vn -0.0216 -0.4977 -0.8671
vn -0.0037 -0.7073 -0.7069
vn 0.0375 -0.7063 -0.7069
vn 0.0512 -0.9645 -0.2590
vn 0.0513 -0.9645 -0.2590
vn 0.1347 -0.9565 -0.2589
vn -0.0051 -0.9659 -0.2590
vn 0.0987 -0.7004 -0.7069
vn 0.1347 -0.9564 -0.2592
vn -0.0000 -0.0000 -1.0000
vn 0.0512 -0.9645 0.2590
vn 0.1205 -0.8553 0.5039
vn 0.1347 -0.9565 0.2588
vn 0.2255 -0.8330 0.5053
vn 0.2522 -0.9324 0.2588
vn 0.2522 -0.9325 -0.2585
vn -0.1327 0.9568 0.2587
vn -0.0098 0.9658 0.2590
vn -0.0088 0.8632 0.5048
vn 0.1076 0.8564 0.5050
vn -0.1327 0.9568 -0.2587
vn -0.0098 0.9658 -0.2590
vn -0.0098 0.9658 -0.2589
vn 0.0613 0.4875 0.8710
vn 0.1292 0.4740 0.8710
vn -0.0014 -0.0115 0.9999
vn 0.0001 -0.0107 0.9999
vn 0.0051 -0.5080 0.8613
vn 0.1193 -0.8603 0.4956
vn 0.0697 -0.5029 0.8615
vn 0.1374 -0.9905 -0.0000
vn 0.2594 -0.9658 -0.0001
vn 0.2253 -0.8388 0.4956
vn 0.2253 -0.8389 -0.4955
vn 0.3281 -0.8042 -0.4955
vn 0.3778 -0.9259 -0.0000
vn 0.4290 -0.7555 -0.4952
vn 0.2509 -0.4418 -0.8613
vn 0.1918 -0.4701 -0.8615
vn 0.3092 -0.4039 -0.8610
vn 0.0054 -0.0095 -0.9999
vn 0.0071 -0.0092 -0.9999
vn -0.2428 0.4276 -0.8708
vn 0.0091 -0.0088 -0.9999
vn -0.3521 0.3413 -0.8715
vn -0.2985 0.3900 -0.8711
vn -0.4016 0.2798 -0.8720
vn -0.5076 0.4921 -0.7072
vn -0.4297 0.5617 -0.7070
vn -0.5869 0.7671 -0.2591
vn -0.4769 0.8399 -0.2591
vn -0.4769 0.8400 -0.2588
vn -0.3492 0.6150 -0.7070
vn -0.6935 0.6723 -0.2590
vn -0.3648 0.8944 -0.2588
vn -0.5869 0.7671 0.2589
vn -0.4769 0.8400 0.2587
vn -0.4262 0.7508 0.5046
vn -0.3261 0.7994 0.5046
vn -0.3648 0.8944 0.2588
vn -0.0688 -0.9635 0.2588
vn -0.0617 -0.8636 0.5004
vn -0.0544 -0.8641 0.5004
vn -0.0829 -0.9623 0.2590
vn -0.0607 -0.9640 0.2590
vn -0.0688 -0.9635 -0.2588
vn -0.0688 -0.9635 -0.2587
vn -0.0607 -0.9639 -0.2591
vn -0.0829 -0.9623 -0.2589
vn -0.0829 -0.9624 -0.2586
vn -0.0314 -0.4985 0.8663
vn -0.0375 -0.8646 0.5010
vn -0.0216 -0.4978 0.8670
vn -0.0026 -0.4972 0.8676
vn -0.0000 0.0038 1.0000
vn 0.0001 0.0025 1.0000
vn 0.0026 0.5030 0.8643
vn -0.0003 0.0058 1.0000
vn -0.0269 0.5037 0.8635
vn -0.0709 0.5014 0.8623
vn -0.0463 0.8662 0.4975
vn 0.0045 0.8669 0.4984
vn -0.0012 0.0084 1.0000
vn 0.0263 -0.4950 0.8685
vn -0.0032 0.0116 0.9999
vn 0.0689 -0.4888 0.8697
vn 0.0459 -0.8633 0.5026
vn -0.0046 -0.8650 0.5017
vn -0.0419 -0.9650 0.2589
vn -0.0051 -0.9659 0.2590
vn -0.0418 -0.9650 -0.2588
vn -0.2505 0.9329 0.2588
vn -0.2239 0.8339 0.5045
vn -0.1186 0.8552 0.5045
vn -0.3649 0.8944 -0.2588
vn -0.2505 0.9329 -0.2587
vn -0.1859 0.4557 -0.8705
vn -0.1834 0.6830 -0.7070
vn -0.2671 0.6549 -0.7069
vn -0.1277 0.4754 -0.8704
vn 0.0039 -0.0095 -0.9999
vn 0.1317 -0.4902 -0.8616
vn 0.0026 -0.0098 -0.9999
vn 0.1193 -0.8604 -0.4955
vn 0.0697 -0.5028 -0.8616
vn 0.0087 -0.8686 -0.4954
vn 0.0051 -0.5080 -0.8614
vn -0.1084 -0.8622 -0.4949
vn -0.0634 -0.5046 -0.8610
vn -0.2285 -0.8384 -0.4949
vn -0.2629 -0.9648 -0.0000
vn -0.3941 -0.9191 -0.0000
vn -0.3424 -0.7984 0.4952
vn -0.2610 -0.4360 0.8613
vn -0.4462 -0.7453 0.4954
vn -0.0066 -0.0084 0.9999
vn -0.3156 -0.3980 0.8614
vn 0.3530 0.3427 0.8706
vn -0.0077 -0.0075 0.9999
vn 0.3946 0.2935 0.8707
vn 0.5364 0.6763 0.5049
vn 0.6194 0.6013 0.5048
vn 0.6002 0.7568 0.2590
vn 0.4962 0.8287 0.2589
vn 0.3808 0.8878 -0.2586
vn 0.4962 0.8287 -0.2589
vn 0.6002 0.7568 -0.2586
vn 0.9156 -0.3078 0.2587
vn 0.8195 -0.2755 0.5025
vn 0.8395 -0.2033 0.5039
vn 0.8843 -0.3884 0.2592
vn 0.9388 -0.2274 0.2589
vn 0.9156 -0.3078 -0.2587
vn 0.9387 -0.2274 -0.2589
vn 0.8842 -0.3885 -0.2592
vn 0.8843 -0.3885 -0.2592
vn 0.4176 -0.2562 -0.8718
vn 0.6030 -0.3698 -0.7069
vn 0.6473 -0.2845 -0.7071
vn 0.8235 -0.5047 -0.2591
vn 0.4514 -0.1985 -0.8700
vn 0.6703 -0.2254 -0.7070
vn -0.0113 0.0070 -0.9999
vn -0.0123 0.0111 -0.9999
vn 0.3627 -0.3255 -0.8732
vn -0.3031 0.4137 -0.8585
vn -0.0103 0.0141 -0.9998
vn -0.3809 0.3424 -0.8589
vn -0.6470 0.5818 -0.4928
vn -0.5144 0.7021 -0.4925
vn -0.2143 0.4643 -0.8593
vn -0.0065 0.0140 -0.9999
vn -0.0032 0.0116 -0.9999
vn 0.2042 -0.4434 -0.8728
vn 0.2876 -0.3926 -0.8736
vn 0.4180 -0.5706 -0.7069
vn 0.5264 -0.4722 -0.7071
vn 0.1283 -0.4738 -0.8712
vn 0.2955 -0.6424 -0.7071
vn 0.1848 -0.6826 -0.7070
vn 0.2523 -0.9324 -0.2589
vn 0.4036 -0.8776 -0.2587
vn 0.4036 -0.8776 -0.2586
vn -0.7404 0.4555 -0.4943
vn -0.8516 0.5241 -0.0000
vn -0.7436 0.6687 0.0001
vn -0.9150 0.4034 -0.0000
vn -0.7946 0.3502 0.4960
vn -0.7403 0.4555 0.4945
vn -0.4640 0.2044 0.8619
vn -0.8221 0.2765 0.4977
vn -0.4781 0.1608 0.8635
vn -0.4923 0.1188 0.8623
vn -0.0085 0.0020 1.0000
vn -0.0054 0.0018 1.0000
vn 0.4796 -0.1160 0.8698
vn -0.0135 0.0014 0.9999
vn 0.4867 -0.0497 0.8721
vn 0.8580 -0.0876 0.5061
vn 0.4892 0.0300 0.8716
vn 0.8610 0.0528 0.5059
vn 0.4790 0.1056 0.8714
vn -0.0131 -0.0008 0.9999
vn 0.9609 -0.0982 0.2590
vn 0.9641 0.0592 0.2590
vn 0.8426 0.1857 0.5055
vn 0.9609 -0.0981 -0.2590
vn 0.9641 0.0591 -0.2590
vn 0.9388 -0.2274 -0.2589
vn 0.7751 0.5765 -0.2587
vn 0.8454 0.4674 -0.2586
vn 0.7751 0.5765 -0.2585
vn 0.7750 0.5764 0.2590
vn 0.8453 0.4673 0.2591
vn 0.7554 0.4176 0.5050
vn 0.6931 0.6728 -0.2587
vn 0.6931 0.6728 0.2586
vn 0.6926 0.5151 0.5049
vn 0.6003 0.7568 -0.2585
vn 0.3056 0.3854 -0.8707
vn 0.5074 0.4926 -0.7070
vn 0.4394 0.5541 -0.7070
vn 0.3529 0.3426 -0.8707
vn 0.5674 0.4221 -0.7070
vn -0.0066 -0.0083 -0.9999
vn -0.0055 -0.0093 -0.9999
vn 0.2526 0.4219 -0.8707
vn -0.2610 -0.4359 -0.8613
vn -0.0044 -0.0103 -0.9999
vn -0.2004 -0.4672 -0.8611
vn -0.3425 -0.7985 -0.4950
vn -0.1337 -0.4908 -0.8610
vn -0.4462 -0.7454 -0.4952
vn -0.5136 -0.8580 -0.0000
vn -0.5398 -0.6807 -0.4953
vn -0.6213 -0.7836 -0.0000
vn -0.7176 -0.6965 -0.0000
vn -0.5397 -0.6806 0.4955
vn -0.6232 -0.6050 0.4956
vn -0.4076 -0.3032 0.8613
vn -0.6971 -0.5184 0.4952
vn -0.3645 -0.3538 0.8614
vn -0.0099 -0.0055 0.9999
vn -0.4450 -0.2459 0.8611
vn -0.0090 -0.0066 0.9999
vn 0.4301 0.2377 0.8709
vn 0.4587 0.1751 0.8712
vn -0.0111 -0.0042 0.9999
vn -0.0122 -0.0027 0.9999
vn 0.8063 0.3078 0.5052
vn -0.4974 -0.1096 0.8605
vn -0.5087 -0.0311 0.8604
vn -0.5075 0.0515 0.8601
vn -0.8649 0.0878 0.4943
vn -0.8676 -0.0531 0.4944
vn -0.8439 0.2036 0.4964
vn -0.9949 0.1010 -0.0000
vn -0.9721 0.2344 -0.0000
vn -0.8440 0.2035 -0.4963
vn -0.8222 0.2765 -0.4975
vn -0.9478 0.3188 -0.0000
vn -0.4780 0.1607 -0.8635
vn -0.4639 0.2044 -0.8620
vn -0.7945 0.3501 -0.4962
vn -0.4342 0.2670 -0.8603
vn -0.0084 0.0038 -1.0000
vn -0.0054 0.0018 -1.0000
vn 0.4698 -0.1580 -0.8685
vn 0.4795 -0.1161 -0.8698
vn -0.0084 0.0020 -1.0000
vn 0.6873 -0.1664 -0.7071
vn 0.4871 -0.0496 -0.8719
vn 0.7037 -0.0717 -0.7069
vn -0.0135 0.0014 -0.9999
vn 0.4891 0.0300 -0.8717
vn 0.7060 0.0433 -0.7068
vn 0.6906 0.1522 -0.7071
vn 0.9433 0.2080 -0.2586
vn 0.9433 0.2079 -0.2586
vn 0.9433 0.2079 0.2586
vn 0.9025 0.3445 0.2585
vn 0.9025 0.3445 -0.2586
vn 0.8454 0.4674 -0.2585
vn 0.4789 0.1055 -0.8715
vn 0.6607 0.2522 -0.7070
vn 0.4300 0.2377 -0.8710
vn 0.6188 0.3421 -0.7071
vn 0.4587 0.1751 -0.8712
vn -0.0086 -0.0064 -0.9999
vn -0.0099 -0.0054 -0.9999
vn 0.3945 0.2935 -0.8708
vn -0.4076 -0.3032 -0.8614
vn -0.0076 -0.0074 -0.9999
vn -0.3645 -0.3538 -0.8614
vn -0.6233 -0.6050 -0.4953
vn -0.3156 -0.3980 -0.8614
vn -0.6971 -0.5183 -0.4954
vn -0.8024 -0.5968 -0.0001
vn -0.7603 -0.4201 -0.4953
vn -0.8752 -0.4837 0.0001
vn -0.9343 -0.3565 -0.0000
vn -0.7604 -0.4202 0.4951
vn -0.8118 -0.3097 0.4950
vn -0.8487 -0.1869 0.4948
vn -0.9766 -0.2150 -0.0000
vn -0.4754 -0.1814 0.8609
vn -0.8488 -0.1869 -0.4946
vn -0.8677 -0.0531 -0.4943
vn -0.9981 -0.0610 -0.0000
vn -0.5087 -0.0311 -0.8604
vn -0.5075 0.0516 -0.8601
vn -0.8649 0.0879 -0.4941
vn -0.4923 0.1188 -0.8623
vn -0.0131 -0.0008 -0.9999
vn -0.0122 -0.0027 -0.9999
vn -0.4974 -0.1095 -0.8606
vn -0.0111 -0.0042 -0.9999
vn -0.8119 -0.3098 -0.4949
vn -0.4753 -0.1814 -0.8609
vn -0.4450 -0.2459 -0.8611
vn -0.0032 -0.0115 -0.9999
vn -0.0014 -0.0114 -0.9999
vn 0.1292 0.4739 -0.8710
vn 0.1937 0.4516 -0.8709
vn 0.3633 0.6068 -0.7069
vn 0.2787 0.6499 -0.7071
vn 0.0613 0.4874 -0.8710
vn 0.1860 0.6825 -0.7068
vn -0.0050 0.4919 -0.8707
vn 0.0882 0.7018 -0.7069
vn 0.0001 -0.0107 -0.9999
vn 0.0014 -0.0102 -0.9999
vn -0.0676 0.4875 -0.8705
vn -0.0972 0.7005 -0.7070
vn -0.0072 0.7073 -0.7069
vn -0.0050 0.4919 0.8706
vn -0.0676 0.4876 0.8705
vn -0.1277 0.4755 0.8704
vn 0.0014 -0.0102 0.9999
vn 0.0026 -0.0098 0.9999
vn 0.1317 -0.4902 0.8616
vn 0.3281 -0.8042 0.4956
vn 0.1918 -0.4701 0.8615
vn 0.4289 -0.7553 0.4954
vn 0.4938 -0.8696 0.0001
vn 0.5281 -0.6900 -0.4950
vn 0.6078 -0.7941 -0.0000
vn 0.6240 -0.6047 -0.4949
vn 0.3658 -0.3545 -0.8605
vn 0.4187 -0.2916 -0.8600
vn 0.0114 -0.0079 -0.9999
vn 0.0136 -0.0063 -0.9999
vn -0.4433 0.2052 -0.8726
vn -0.4732 0.1195 -0.8728
vn -0.6418 0.2971 -0.7070
vn -0.5801 0.4042 -0.7072
vn -0.7925 0.5522 -0.2587
vn -0.6935 0.6723 -0.2589
vn -0.8766 0.4057 -0.2589
vn -0.7925 0.5523 -0.2587
vn -0.7925 0.5523 0.2587
vn -0.6935 0.6723 0.2590
vn -0.6195 0.6005 0.5056
vn -0.5243 0.6853 0.5053
vn -0.1114 -0.9595 -0.2588
vn -0.1115 -0.9595 -0.2588
vn -0.1562 -0.9532 -0.2587
vn -0.1114 -0.9595 0.2589
vn -0.0743 -0.8624 0.5008
vn -0.0998 -0.8594 0.5014
vn -0.1562 -0.9532 0.2590
vn -0.1562 -0.9533 -0.2587
vn -0.0428 -0.4968 0.8668
vn -0.0356 -0.4982 0.8663
vn -0.0000 0.0006 1.0000
vn 0.0001 0.0008 1.0000
vn 0.0314 0.4997 0.8656
vn 0.0217 0.5015 0.8649
vn 0.0375 0.8658 0.4990
vn 0.0544 0.8645 0.4998
vn 0.0617 0.8639 0.4998
vn 0.0713 0.9975 -0.0000
vn 0.0628 0.9980 -0.0000
vn 0.0617 0.8640 -0.4997
vn 0.0745 0.8633 -0.4991
vn 0.0859 0.9963 -0.0000
vn 0.0431 0.4995 -0.8652
vn 0.0580 0.4990 -0.8647
vn 0.1001 0.8610 -0.4986
vn 0.0815 0.4968 -0.8640
vn 0.0004 0.0031 -1.0000
vn 0.0008 0.0045 -1.0000
vn 0.0015 0.0062 -1.0000
vn -0.1128 -0.4820 -0.8689
vn -0.0803 -0.4900 -0.8680
vn -0.1611 -0.6885 -0.7071
vn -0.1144 -0.6980 -0.7069
vn -0.1563 -0.4679 -0.8699
vn -0.2119 -0.4432 -0.8710
vn -0.2241 -0.6709 -0.7069
vn 0.0028 0.0084 -1.0000
vn 0.0050 0.0104 -0.9999
vn 0.1607 0.4803 -0.8622
vn 0.1152 0.4915 -0.8632
vn 0.1405 0.8558 -0.4979
vn 0.1980 0.8448 -0.4971
vn 0.1155 0.9933 -0.0000
vn 0.1620 0.9868 -0.0000
vn 0.0744 0.8632 0.4993
vn 0.1001 0.8610 0.4987
vn 0.0431 0.4996 0.8652
vn 0.0357 0.4992 0.8658
vn 0.0001 0.0017 1.0000
vn -0.0574 -0.4944 0.8673
vn 0.0004 0.0031 1.0000
vn -0.1399 -0.8535 0.5020
vn -0.0803 -0.4900 0.8680
vn -0.2200 -0.9406 0.2586
vn -0.1969 -0.8416 0.5029
vn -0.3060 -0.9162 0.2586
vn -0.2200 -0.9405 -0.2589
vn -0.2200 -0.9406 -0.2586
vn -0.3060 -0.9163 -0.2586
vn -0.9366 0.2365 -0.2587
vn -0.8765 0.4058 -0.2589
vn -0.9365 0.2365 -0.2590
vn -0.9365 0.2365 0.2590
vn -0.8766 0.4058 0.2589
vn -0.7824 0.3621 0.5067
vn -0.7076 0.4931 0.5061
vn -0.0001 1.0000 -0.0000
vn -0.3522 0.3413 0.8715
vn -0.4016 0.2798 0.8720
vn 0.0091 -0.0088 0.9999
vn 0.0071 -0.0092 0.9999
vn -0.2985 0.3901 0.8710
vn 0.0054 -0.0095 0.9999
vn 0.3092 -0.4040 0.8609
vn 0.2509 -0.4418 0.8613
vn 0.5281 -0.6899 0.4952
vn 0.6242 -0.6048 0.4946
vn 0.3658 -0.3545 0.8605
vn 0.7182 -0.6958 -0.0000
vn 0.7134 -0.4968 0.4942
vn 0.8206 -0.5715 -0.0000
vn 0.7135 -0.4968 -0.4941
vn 0.7893 -0.3651 -0.4937
vn 0.9076 -0.4198 -0.0000
vn 0.8434 -0.2128 -0.4934
vn 0.4960 -0.1252 -0.8592
vn 0.4638 -0.2146 -0.8595
vn 0.5108 -0.0288 -0.8592
vn 0.0152 -0.0038 -0.9999
vn 0.0158 -0.0009 -0.9999
vn -0.4872 0.0275 -0.8729
vn -0.4837 -0.0652 -0.8728
vn 0.0154 0.0021 -0.9999
vn -0.7061 0.0398 -0.7070
vn -0.4592 -0.1603 -0.8737
vn -0.7009 -0.0944 -0.7070
vn -0.9572 -0.1289 -0.2590
vn -0.9644 0.0544 -0.2590
vn -0.9644 0.0543 -0.2590
vn -0.6857 0.1732 -0.7069
vn -0.6915 -0.6744 -0.2589
vn -0.6914 -0.6745 -0.2589
vn -0.5489 -0.7948 -0.2588
vn -0.8206 -0.5096 -0.2586
vn -0.3485 -0.3398 -0.8735
vn -0.5063 -0.4937 -0.7070
vn -0.4021 -0.5821 -0.7068
vn -0.5489 -0.7948 -0.2589
vn -0.4128 -0.2563 -0.8740
vn -0.6008 -0.3731 -0.7070
vn 0.0156 0.0097 -0.9998
vn 0.0123 0.0119 -0.9999
vn 0.0084 0.0120 -0.9999
vn 0.2908 0.4199 -0.8597
vn 0.3673 0.3575 -0.8586
vn 0.3754 0.7836 -0.4950
vn 0.4952 0.7150 -0.4936
vn 0.2197 0.4587 -0.8610
vn 0.2756 0.8234 -0.4961
vn 0.3175 0.9483 0.0001
vn 0.4321 0.9018 -0.0000
vn 0.2282 0.9736 -0.0000
vn 0.1980 0.8447 0.4973
vn 0.2756 0.8233 0.4962
vn 0.1152 0.4916 0.8632
vn 0.1405 0.8557 0.4980
vn 0.0815 0.4969 0.8640
vn 0.0015 0.0062 1.0000
vn 0.0580 0.4990 0.8647
vn 0.0008 0.0045 1.0000
vn 0.0028 0.0084 1.0000
vn -0.1128 -0.4821 0.8688
vn -0.1563 -0.4679 0.8698
vn -0.3721 -0.7787 0.5051
vn -0.2119 -0.4433 0.8710
vn -0.2736 -0.8193 0.5039
vn -0.4163 -0.8716 0.2590
vn -0.5489 -0.7948 0.2589
vn -0.4901 -0.7095 0.5064
vn -0.6914 -0.6745 0.2590
vn -0.6167 -0.6015 0.5078
vn -0.2780 -0.4023 0.8723
vn -0.3486 -0.3399 0.8735
vn 0.0084 0.0120 0.9999
vn 0.0050 0.0104 0.9999
vn 0.1608 0.4804 0.8622
vn 0.2197 0.4588 0.8609
vn 0.3754 0.7835 0.4951
vn 0.4951 0.7149 0.4937
vn 0.5695 0.8220 0.0001
vn 0.6237 0.6070 -0.4926
vn 0.7167 0.6974 -0.0000
vn 0.4363 0.2708 -0.8581
vn 0.7397 0.4590 -0.4921
vn 0.4842 0.1693 -0.8584
vn 0.0167 0.0059 -0.9998
vn 0.5069 0.0684 -0.8593
vn 0.8621 0.1165 -0.4932
vn 0.8685 -0.0490 -0.4933
vn 0.8677 0.2446 -0.4328
vn 0.8763 -0.4464 -0.1812
vn 0.6605 -0.4081 0.6303
vn 0.4230 -0.6979 -0.5779
vn 0.7892 -0.3651 0.4938
vn 0.4639 -0.2146 0.8595
vn 0.4187 -0.2916 0.8600
vn 0.0114 -0.0079 0.9999
vn 0.0137 -0.0063 0.9999
vn -0.4733 0.1195 0.8728
vn -0.4434 0.2052 0.8725
vn 0.0152 -0.0038 0.9999
vn -0.8357 0.2110 0.5071
vn -0.4872 0.0275 0.8728
vn -0.8605 0.0485 0.5071
vn -0.8542 -0.1149 0.5070
vn -0.9573 -0.1288 0.2587
vn -0.9644 0.0543 0.2590
vn -0.9572 -0.1288 -0.2590
vn -0.9120 -0.3181 -0.2588
vn -0.9121 -0.3181 -0.2588
vn -0.9120 -0.3182 0.2588
vn -0.7317 -0.4543 0.5082
vn -0.8207 -0.5095 0.2586
vn -0.8133 -0.2839 0.5079
vn -0.4128 -0.2563 0.8740
vn -0.4593 -0.1604 0.8737
vn 0.0157 0.0097 0.9998
vn 0.0123 0.0119 0.9999
vn 0.3674 0.3576 0.8586
vn 0.2908 0.4200 0.8597
vn 0.6236 0.6069 0.4927
vn 0.7396 0.4590 0.4923
vn 0.8496 0.5274 -0.0000
vn 0.8215 0.2873 -0.4924
vn 0.9439 0.3302 -0.0000
vn 0.9910 0.1339 -0.0000
vn 0.8620 0.1165 0.4934
vn 0.5345 0.2856 0.7955
vn 0.0723 -0.5772 0.8134
vn 0.4961 -0.1252 0.8592
vn -0.2397 0.7272 0.6432
vn 0.0460 0.6906 -0.7218
vn 0.5109 -0.0288 0.8592
vn 0.1049 0.7274 -0.6781
vn 0.2867 -0.7396 -0.6090
vn 0.0768 -0.6024 0.7945
vn 0.6826 -0.5769 -0.4485
vn 0.3773 -0.6061 0.7002
vn 0.8210 0.4497 -0.3517
vn -0.0784 0.7371 0.6713
vn 0.5023 0.4209 0.7554
vn 0.0158 -0.0009 0.9999
vn 0.0155 0.0021 0.9999
vn -0.4838 -0.0651 0.8728
vn 0.0167 0.0059 0.9998
vn 0.5069 0.0685 0.8593
vn 0.8215 0.2873 0.4926
vn 0.4843 0.1693 0.8584
vn 0.4363 0.2708 0.8581
vn -0.6677 -0.2330 -0.7070
vn -0.4164 -0.8716 -0.2587
vn -0.2779 -0.4022 -0.8724
vn -0.3050 -0.6382 -0.7068
vn 0.0039 -0.0096 0.9999
vn -0.1859 0.4558 0.8705
vn -0.2428 0.4277 0.8707
vn -0.0000 1.0000 -0.0000
vn -0.0816 -0.7026 -0.7069
vn -0.0574 -0.4943 -0.8674
vn 0.0001 0.0017 -1.0000
vn -0.0607 -0.7046 -0.7070
vn -0.0428 -0.4967 -0.8668
vn -0.0000 0.0006 -1.0000
vn 0.0356 0.4991 -0.8658
vn 0.0544 0.8646 -0.4996
vn 0.0315 0.4996 -0.8657
vn 0.0375 0.8659 -0.4989
vn 0.0433 0.9991 0.0002
vn 0.0051 1.0000 -0.0000
vn -0.0534 0.9986 -0.0000
vn 0.0045 0.8670 -0.4983
vn -0.1403 0.9901 -0.0000
vn -0.0463 0.8663 -0.4974
vn -0.1217 0.8595 0.4964
vn -0.2281 0.8384 0.4950
vn -0.1335 0.4911 0.8608
vn -0.0065 0.0140 0.9999
vn -0.2143 0.4643 0.8593
vn 0.1284 -0.4739 0.8712
vn 0.2042 -0.4434 0.8728
vn -0.0104 0.0141 0.9998
vn 0.3604 -0.7832 0.5066
vn 0.2875 -0.3927 0.8736
vn 0.4036 -0.8776 0.2587
vn 0.5089 -0.6951 0.5078
vn 0.3628 -0.3256 0.8732
vn 0.0026 0.5029 -0.8644
vn 0.0217 0.5014 -0.8650
vn 0.0001 0.0025 -1.0000
vn -0.0000 0.0008 -1.0000
vn -0.0314 -0.4985 -0.8663
vn -0.0356 -0.4982 -0.8663
vn -0.0444 -0.7059 -0.7069
vn -0.0306 -0.7066 -0.7070
vn -0.0504 -0.7053 -0.7071
vn -0.0000 -1.0000 -0.0000
vn 0.5000 -0.8506 0.1625
vn 0.5000 -0.8506 0.1624
vn -0.0000 -0.8506 0.5257
vn -0.4671 0.3035 0.8305
vn -0.4671 0.3036 0.8305
vn 0.9342 0.3035 -0.1876
vn 0.3568 -0.7947 0.4911
vn -0.4671 -0.6071 -0.6429
vn -0.0000 -0.4472 0.8944
vn 0.4671 -0.6071 -0.6429
vn -0.5000 -0.5257 0.6882
vn -0.9342 0.3035 -0.1876
vn -0.9342 0.3036 -0.1876
vn 0.4671 0.3035 0.8305
vn 0.4671 0.3036 0.8305
vn -0.3568 -0.7947 0.4911
vn -0.8507 -0.4472 0.2764
vn -0.8090 -0.0000 0.5878
vn -0.1103 0.9823 0.1517
vn -0.1103 0.9822 0.1519
vn 0.7558 -0.4911 0.4331
vn -0.5774 -0.1876 0.7946
vn -0.6455 -0.4911 -0.5849
vn -0.6455 -0.4911 -0.5850
vn -0.5257 0.4472 0.7236
vn -0.1784 -0.9823 0.0580
vn -0.8090 0.5257 0.2629
vn -0.1784 0.4911 -0.8526
vn -0.1785 0.4911 -0.8526
vn 0.3569 0.4911 0.7946
vn -0.9342 0.1876 0.3035
vn -0.1103 -0.3035 0.9464
vn -0.5000 0.8506 -0.1624
vn -0.5000 0.8506 -0.1625
vn 0.7557 0.6071 -0.2456
vn 0.7558 0.6071 -0.2456
vn -0.8507 0.4472 -0.2764
vn 0.4671 -0.3036 -0.8305
vn -0.9342 -0.3035 0.1876
vn -0.9342 -0.3036 0.1876
vn -0.0000 0.8507 -0.5257
vn -0.0000 0.4472 -0.8944
vn 0.5000 0.5257 -0.6882
vn -0.4671 0.6071 0.6428
vn -0.4671 0.6071 0.6429
vn 0.9342 -0.3036 0.1876
vn 0.9342 -0.3035 0.1876
vn 0.3568 0.7947 -0.4911
vn -0.4671 -0.3036 -0.8305
vn 0.8090 -0.0000 -0.5878
vn 0.8507 0.4472 -0.2764
vn 0.8506 0.4472 -0.2764
vn 0.1102 -0.9823 -0.1517
vn 0.1103 -0.9823 -0.1517
vn -0.7557 0.4911 -0.4332
vn -0.7558 0.4911 -0.4332
vn 0.5774 0.1876 -0.7946
vn 0.6457 0.4912 0.5847
vn 0.6455 0.4911 0.5850
vn 0.6454 0.4911 0.5850
vn 0.1784 -0.4911 0.8526
vn 0.1785 0.9822 -0.0580
vn 0.1782 0.9823 -0.0580
vn 0.5257 -0.4472 -0.7236
vn 0.8090 -0.5257 -0.2629
vn 0.8090 -0.5258 -0.2629
vn 0.9342 -0.1876 -0.3035
vn -0.3568 -0.4911 -0.7947
vn -0.3569 -0.4911 -0.7946
vn -0.3566 -0.4911 -0.7948
vn 1.0000 -0.0000 -0.0000
vn 0.8506 -0.4472 0.2764
vn 1.0000 -0.0000 -0.0001
vn 0.1784 -0.9823 0.0580
vn 0.8090 0.5257 0.2629
vn -0.3568 0.4911 0.7947
vn 0.1784 0.4911 -0.8526
vn 0.9342 0.1876 0.3035
vn 0.5257 0.4472 0.7236
vn 0.6455 -0.3036 -0.7009
vn 0.3090 0.8506 0.4253
vn -0.7557 0.6071 -0.2456
vn 0.3090 -0.0000 0.9511
vn -0.0000 -0.9823 0.1876
vn -0.0000 0.5257 0.8507
vn -0.8660 0.4911 -0.0938
vn 0.5000 -0.5258 0.6882
vn 0.5000 -0.5257 0.6882
vn 0.1103 0.9822 0.1519
vn 0.6454 -0.4911 -0.5850
vn 0.6455 -0.4911 -0.5850
vn 0.5774 -0.1876 0.7946
vn -0.7558 -0.4911 0.4331
vn -0.7557 -0.4911 0.4332
vn 0.8090 -0.0000 0.5878
vn 0.8660 0.4911 -0.0938
vn -0.3090 -0.0000 0.9511
vn -0.0000 0.1876 0.9822
vn -0.3090 0.8506 0.4253
vn -0.0000 0.6071 -0.7947
vn -0.0000 0.6071 -0.7946
vn 0.8660 -0.3035 0.3973
vn -0.0000 0.7947 0.6071
vn -0.8660 -0.3035 0.3973
vn 0.5774 0.7947 0.1876
vn 0.1103 -0.3035 0.9464
vn 0.5000 0.8506 -0.1625
vn 0.5000 0.8507 -0.1625
vn 0.3090 -0.8506 -0.4254
vn 0.3090 -0.8506 -0.4253
vn 0.6455 0.3036 0.7009
vn -0.7557 -0.6071 0.2456
vn -0.7558 -0.6071 0.2456
vn 0.5774 -0.7947 -0.1876
vn 0.1103 0.3035 -0.9464
vn -0.8660 0.3035 -0.3973
vn 0.8660 0.3035 -0.3973
vn -0.3090 -0.8507 -0.4253
vn -0.3090 -0.8506 -0.4253
vn -0.0000 -1.0000 -0.0001
vn -0.0000 -0.6071 0.7947
vn -0.0000 -0.7947 -0.6071
vn -0.6455 0.3035 0.7009
vn -0.1103 0.3035 -0.9464
vn -0.5000 -0.8506 0.1624
vn -0.5000 -0.8506 0.1627
vn -0.5774 -0.7947 -0.1876
vn 0.7558 -0.6070 0.2456
vn 0.7558 -0.6071 0.2456
vn -0.8090 -0.5258 -0.2629
vn -0.8090 -0.5257 -0.2629
vn -0.8506 -0.4472 0.2764
vn 0.3569 -0.4911 -0.7946
vn -1.0000 -0.0000 -0.0000
vn -0.1782 0.9823 -0.0580
vn -0.1785 0.9822 -0.0580
vn 0.3565 -0.4911 -0.7948
vn -0.9342 -0.1876 -0.3035
vn -0.1785 -0.4911 0.8526
vn -0.1784 -0.4911 0.8526
vn -0.5257 -0.4472 -0.7236
vn -0.8090 -0.0000 -0.5878
vn -0.5000 0.5257 -0.6882
vn -0.1103 -0.9823 -0.1517
vn -0.1102 -0.9823 -0.1517
vn 0.7558 0.4911 -0.4331
vn 0.7558 0.4911 -0.4332
vn -0.5774 0.1876 -0.7946
vn -0.6455 0.4911 0.5849
vn -0.6454 0.4911 0.5850
vn -0.3090 -0.0000 -0.9511
vn 0.3090 -0.0000 -0.9511
vn -0.8660 -0.4911 0.0938
vn 0.8660 -0.4911 0.0938
vn -0.0000 -0.1876 -0.9822
vn -0.0000 0.9822 -0.1877
vn -0.0000 -0.5258 -0.8506
vn 0.5258 -0.4472 -0.7236
vn -0.3568 0.7947 -0.4911
vn 0.4671 0.6071 0.6428
vn 0.4671 0.6071 0.6429
vn -0.5774 0.7947 0.1876
vn -0.6455 -0.3035 -0.7009
vn -0.6455 -0.3036 -0.7009
vn -0.4594 -0.0261 -0.8879
vn -0.8960 -0.4084 -0.1745
vn -0.8958 -0.4087 -0.1746
vn -0.8960 -0.4083 -0.1746
vn -0.2601 0.8010 -0.5393
vn -0.2604 0.8010 -0.5391
vn -0.3004 -0.6420 0.7054
vn -0.3000 -0.6424 0.7052
vn -0.8959 -0.4085 -0.1746
vn 0.4781 0.8393 0.2588
vn 0.4782 0.8392 0.2588
vn -0.5747 -0.4458 0.6863
vn 0.2602 -0.8009 0.5393
vn 0.2601 -0.8010 0.5392
vn -0.4312 0.3085 -0.8479
vn -0.4312 0.3082 -0.8480
vn 0.9848 -0.1719 0.0265
vn 0.9847 -0.1722 0.0264
vn 0.9848 -0.1719 0.0264
vn -0.1591 -0.9510 -0.2651
vn -0.5537 -0.1364 0.8215
vn -0.5536 -0.1363 0.8216
vn 0.8753 -0.4794 -0.0633
vn 0.3602 -0.4376 -0.8239
vn 0.3602 -0.4376 -0.8238
vn 0.3600 -0.4380 -0.8237
vn 0.8959 0.4085 0.1747
vn 0.8959 0.4086 0.1744
vn -0.6907 -0.1852 -0.6991
vn -0.6908 -0.1854 -0.6989
vn -0.0346 0.8511 0.5239
vn -0.0345 0.8512 0.5238
vn 0.5750 0.4456 -0.6861
vn 0.7253 -0.6658 0.1751
vn 0.7251 -0.6660 0.1753
vn 0.7253 -0.6658 0.1750
vn 0.7252 -0.6659 0.1753
vn -0.6907 -0.1852 -0.6990
vn 0.1590 0.9511 0.2650
vn 0.8959 0.4084 0.1749
vn -0.3603 0.4377 0.8238
vn -0.3602 0.4377 0.8238
vn -0.7723 -0.4819 0.4139
vn -0.7723 -0.4819 0.4140
vn -0.7723 -0.4819 0.4138
vn 0.7661 -0.5176 -0.3810
vn 0.7660 -0.5176 -0.3813
vn 0.7660 -0.5176 -0.3812
vn 0.4595 0.0261 0.8878
vn 0.0064 0.9994 -0.0326
vn 0.0064 0.9994 -0.0327
vn -0.3599 0.4376 0.8240
vn -0.8754 0.4793 0.0635
vn -0.1779 -0.1971 -0.9641
vn -0.1774 -0.1973 -0.9641
vn -0.1784 -0.1968 -0.9641
vn -0.1781 -0.1970 -0.9641
vn 0.6697 -0.5710 -0.4748
vn 0.6686 -0.5716 -0.4757
vn 0.6651 -0.5771 -0.4739
vn 0.6655 -0.5778 -0.4725
vn 0.7430 -0.5503 -0.3810
vn 0.7442 -0.5452 -0.3860
vn 0.7439 -0.5450 -0.3868
vn 0.7425 -0.5509 -0.3811
vn 0.7852 -0.5163 -0.3418
vn 0.6281 -0.5712 -0.5284
vn 0.4275 0.3916 0.8148
vn 0.3808 0.3487 0.8564
vn 0.7378 -0.6645 -0.1185
vn 0.3305 0.4998 0.8006
vn 0.7916 0.0035 0.6110
vn 0.7295 0.5029 0.4636
vn 0.4702 0.0009 0.8826
vn 0.7282 0.3938 0.5610
vn 0.7774 0.3514 0.5217
vn -0.2350 -0.6713 0.7029
vn -0.4643 -0.5253 0.7131
vn -0.5015 -0.5541 0.6645
vn -0.5003 -0.5540 0.6654
vn -0.4953 -0.5588 0.6652
vn -0.5746 -0.5806 0.5768
vn -0.5717 -0.5862 0.5740
vn -0.5725 -0.5868 0.5726
vn -0.4956 -0.5599 0.6639
vn -0.5759 -0.5800 0.5762
vn -0.6213 -0.5803 0.5266
vn -0.4816 -0.0293 -0.8759
vn -0.4229 -0.0680 -0.9036
vn -0.5231 -0.7722 0.3607
vn -0.4201 0.1007 -0.9019
vn -0.4080 -0.4160 -0.8127
vn -0.7824 -0.0315 -0.6220
vn -0.8195 0.0978 -0.5647
vn -0.7292 -0.4183 -0.5415
vn -0.6521 -0.3354 -0.6799
vn -0.6594 -0.4593 -0.5952
vn -0.5583 -0.3347 -0.7592
vn -0.4720 -0.4580 -0.7533
vn -0.1395 -0.5100 -0.8488
vn -0.5782 -0.3433 -0.7401
vn -0.5317 -0.3605 -0.7664
vn 0.0541 -0.6645 -0.7454
vn 0.3260 -0.6037 -0.7275
vn -0.7518 -0.1249 -0.6475
vn -0.7531 -0.1229 -0.6463
vn -0.7560 -0.1211 -0.6433
vn -0.7515 -0.1247 -0.6479
vn -0.7620 -0.1448 -0.6312
vn 0.6438 -0.5807 -0.4983
vn 0.6316 -0.6154 -0.4716
vn -0.7581 -0.1316 -0.6387
vn 0.6054 -0.6184 -0.5011
vn -0.7941 -0.0918 -0.6007
vn -0.7903 -0.0919 -0.6058
vn -0.7893 -0.0898 -0.6073
vn -0.1354 -0.5556 -0.8204
vn -0.7898 -0.0840 -0.6076
vn -0.0527 -0.5641 -0.8240
vn -0.0514 -0.5661 -0.8227
vn -0.0510 -0.5667 -0.8223
vn -0.0531 -0.5635 -0.8244
vn -0.1734 -0.4817 -0.8590
vn -0.5248 -0.3571 -0.7727
vn -0.5075 -0.3847 -0.7710
vn -0.5099 -0.3903 -0.7666
vn -0.5101 -0.3910 -0.7661
vn -0.5071 -0.3844 -0.7714
vn -0.5800 -0.3730 -0.7242
vn -0.5800 -0.3727 -0.7243
vn -0.5802 -0.3741 -0.7234
vn -0.5977 -0.3164 -0.7367
vn -0.5429 -0.2961 -0.7859
vn -0.5973 -0.3029 -0.7426
vn -0.5721 -0.3754 -0.7293
vn -0.5390 -0.4167 -0.7320
vn -0.6277 -0.4173 -0.6571
vn -0.6293 -0.3032 -0.7156
vn -0.6198 -0.3757 -0.6890
vn -0.6233 -0.3166 -0.7150
vn -0.6811 -0.2972 -0.6692
vn -0.6127 -0.3743 -0.6961
vn -0.6136 -0.3729 -0.6960
vn -0.6134 -0.3732 -0.6961
vn -0.6670 -0.3916 -0.6338
vn -0.6722 -0.3856 -0.6321
vn -0.6719 -0.3861 -0.6320
vn -0.6664 -0.3921 -0.6341
vn -0.6707 -0.3582 -0.6495
vn -0.8136 -0.4863 -0.3186
vn -0.7976 -0.5716 -0.1927
vn -0.7990 -0.5689 -0.1946
vn -0.7987 -0.5695 -0.1942
vn -0.7813 -0.5602 -0.2753
vn -0.4662 -0.0829 -0.8808
vn -0.4657 -0.0816 -0.8812
vn -0.4594 -0.0900 -0.8837
vn -0.4584 -0.0894 -0.8843
vn -0.7973 -0.5721 -0.1923
vn -0.5111 -0.1225 -0.8507
vn -0.5014 -0.1297 -0.8554
vn -0.5034 -0.1201 -0.8557
vn -0.5100 -0.1213 -0.8516
vn -0.5943 -0.5897 0.5468
vn -0.5116 -0.1229 -0.8504
vn -0.5656 -0.6241 0.5390
vn -0.5903 -0.6271 0.5083
vn -0.4521 -0.5844 0.6738
vn -0.5619 -0.6567 0.5030
vn -0.4085 -0.6031 0.6852
vn -0.4276 -0.5702 0.7015
vn 0.7243 0.3085 0.6166
vn 0.7258 0.3112 0.6135
vn 0.7328 0.3018 0.6099
vn 0.7250 0.3106 0.6147
vn -0.4752 -0.5480 0.6884
vn 0.7577 0.3357 0.5597
vn 0.7570 0.3405 0.5578
vn 0.7545 0.3438 0.5590
vn 0.7240 0.3090 0.6168
vn 0.1706 -0.2338 0.9572
vn 0.1712 -0.2302 0.9580
vn 0.1707 -0.2328 0.9574
vn 0.7509 0.3438 0.5639
vn 0.1715 -0.2295 0.9581
vn 0.2485 -0.2001 0.9477
vn 0.2619 -0.1103 0.9588
vn 0.5625 0.0383 0.8259
vn 0.5629 0.0376 0.8257
vn 0.5583 0.0441 0.8284
vn 0.5671 0.0746 0.8203
vn 0.5579 0.0444 0.8287
vn 0.6274 0.0592 0.7764
vn 0.6268 0.0606 0.7768
vn 0.6267 0.0607 0.7769
vn 0.5664 0.1392 0.8123
vn 0.6270 0.1205 0.7697
vn 0.6225 0.1343 0.7710
vn 0.6196 0.0576 0.7828
vn 0.6545 0.1347 0.7439
vn 0.6673 0.0579 0.7425
vn 0.6883 0.0124 0.7253
vn 0.5995 0.0117 0.8003
vn 0.6526 0.1207 0.7480
vn 0.6599 0.0594 0.7490
vn 0.6603 0.0609 0.7485
vn 0.6603 0.0605 0.7486
vn 0.7196 0.0394 0.6933
vn 0.7228 0.0452 0.6896
vn 0.7192 0.0388 0.6937
vn 0.7046 0.1401 0.6957
vn 0.7230 0.0457 0.6894
vn 0.8943 -0.1955 0.4025
vn 0.9022 -0.1057 0.4182
vn 0.7129 0.0757 0.6972
vn 0.9171 -0.2275 0.3273
vn 0.9176 -0.2241 0.3284
vn 0.9175 -0.2248 0.3280
vn 0.9169 -0.2282 0.3273
vn 0.4838 0.3065 0.8197
vn 0.4757 0.3000 0.8269
vn 0.4826 0.3072 0.8202
vn 0.4277 0.3403 0.8374
vn 0.4269 0.3416 0.8373
vn 0.4234 0.3328 0.8426
vn 0.4217 0.3333 0.8432
vn 0.7629 -0.5391 -0.3568
vn 0.7451 -0.5757 -0.3368
vn 0.7680 -0.5615 -0.3080
vn 0.4819 0.3088 0.8200
vn 0.4840 0.3072 0.8194
vn 0.9176 -0.3968 -0.0251
vn 0.4715 0.2867 0.8340
vn 0.8938 -0.3706 0.2524
vn 0.9075 -0.1438 0.3946
vn 0.7335 -0.0364 0.6787
vn 0.6673 0.0922 0.7390
vn 0.7065 0.0725 0.7040
vn 0.6871 0.1008 0.7195
vn 0.6562 0.1160 0.7456
vn 0.6604 0.1189 0.7415
vn 0.6614 0.1201 0.7403
vn 0.6240 0.1158 0.7728
vn 0.6179 0.1198 0.7771
vn 0.6192 0.1187 0.7762
vn 0.5932 0.1001 0.7988
vn 0.6159 0.0918 0.7825
vn 0.5464 -0.0378 0.8367
vn 0.2376 -0.1489 0.9599
vn 0.5748 0.0714 0.8152
vn 0.1017 -0.3766 0.9208
vn -0.1751 -0.4047 0.8975
vn 0.0361 -0.2531 0.9668
vn 0.5135 0.0627 0.8558
vn 0.5125 0.0587 0.8567
vn 0.5134 0.0617 0.8560
vn 0.0283 -0.2979 0.9542
vn 0.5119 0.0578 0.8571
vn 0.5481 0.0598 0.8342
vn 0.6234 0.1249 0.7719
vn 0.5517 0.0809 0.8301
vn 0.6262 0.1241 0.7698
vn 0.6277 0.1221 0.7688
vn 0.6550 0.1253 0.7451
vn 0.6516 0.1223 0.7486
vn 0.6528 0.1243 0.7473
vn 0.6597 0.0592 0.7492
vn 0.6275 0.0589 0.7764
vn 0.7251 0.0822 0.6837
vn 0.7299 0.0611 0.6808
vn 0.7572 0.0636 0.6501
vn 0.7585 0.0596 0.6489
vn 0.7582 0.0605 0.6492
vn 0.9491 -0.2467 0.1957
vn 0.9384 -0.2915 0.1857
vn 0.7569 0.0646 0.6503
vn 0.7669 -0.5821 -0.2703
vn 0.3793 0.3707 0.8478
vn 0.7490 -0.5947 -0.2921
vn 0.8459 -0.4109 -0.3401
vn 0.6103 -0.4933 -0.6198
vn 0.5957 -0.6483 -0.4742
vn 0.5755 -0.6490 -0.4976
vn 0.6217 -0.4944 -0.6075
vn -0.8810 -0.0770 -0.4669
vn -0.8177 -0.0480 -0.5737
vn -0.8464 -0.1121 -0.5206
vn -0.1462 -0.4743 -0.8681
vn -0.8845 -0.2837 -0.3704
vn -0.2672 -0.1795 -0.9468
vn -0.2123 -0.1974 -0.9571
vn -0.2956 -0.0050 -0.9553
vn -0.7889 -0.4846 -0.3779
vn -0.8758 -0.2824 -0.3914
vn -0.7386 -0.5210 -0.4279
vn -0.7816 -0.4699 -0.4102
vn -0.1930 -0.0014 -0.9812
vn -0.3175 0.2165 -0.9232
vn -0.7343 -0.5027 -0.4561
vn -0.5650 -0.5920 -0.5747
vn 0.2992 0.7003 -0.6481
vn -0.1112 0.9366 -0.3322
vn -0.1106 0.9378 -0.3291
vn -0.1114 0.9363 -0.3329
vn -0.3655 -0.5179 -0.7734
vn -0.5725 -0.5659 -0.5933
vn -0.1106 0.9381 -0.3284
vn -0.5846 0.7963 0.1552
vn -0.5735 0.8032 0.1611
vn -0.5054 0.8586 0.0860
vn -0.4241 0.8871 0.1825
vn -0.4883 0.8300 0.2695
vn -0.4935 0.8312 0.2562
vn 0.5924 -0.1587 0.7899
vn 0.7915 -0.1133 0.6005
vn 0.0265 0.9857 -0.1662
vn 0.0257 0.9857 -0.1666
vn 0.0295 0.9859 -0.1649
vn 0.0304 0.9859 -0.1646
vn 0.5835 -0.1903 0.7895
vn 0.3890 0.8629 0.3227
vn 0.4121 -0.1020 0.9054
vn 0.7546 0.5861 0.2950
vn 0.4914 0.7852 0.3768
vn 0.7393 0.5860 0.3317
vn 0.8801 0.3738 0.2929
vn 0.7578 0.1151 0.6422
vn 0.6729 0.3030 0.6748
vn 0.6656 0.3071 0.6802
vn 0.6647 0.3076 0.6808
vn 0.7113 0.1599 0.6844
vn 0.7102 0.1637 0.6848
vn 0.7117 0.1603 0.6839
vn 0.9074 0.1941 0.3727
vn 0.8351 0.3904 0.3876
vn 0.7089 0.1676 0.6851
vn 0.3223 -0.0960 0.9418
vn 0.2612 0.1150 0.9584
vn 0.8813 0.2221 0.4171
vn 0.2399 0.1094 0.9646
vn 0.2740 0.3267 0.9045
vn 0.8369 -0.4192 -0.3519
vn 0.8628 0.1713 -0.4756
vn 0.8540 0.1586 -0.4955
vn 0.4224 0.4823 -0.7674
vn 0.6753 0.5708 -0.4670
vn 0.5804 0.0726 -0.8111
vn 0.6004 0.0699 -0.7966
vn 0.4810 0.7690 -0.4211
vn 0.2835 0.6999 -0.6555
vn 0.4553 0.4824 -0.7483
vn 0.6643 0.5555 -0.5001
vn 0.3504 -0.0740 0.9337
vn 0.3898 -0.1265 0.9122
vn 0.4773 0.7626 -0.4365
vn 0.9144 -0.1035 0.3913
vn 0.3416 0.3029 0.8897
vn -0.1138 0.8091 0.5765
vn 0.5481 0.4498 0.7052
vn 0.4893 0.4742 0.7320
vn 0.4891 0.4740 0.7321
vn 0.4892 0.4740 0.7321
vn -0.1261 0.8183 0.5608
vn 0.6247 0.2565 0.7375
vn 0.6223 0.2572 0.7393
vn 0.6232 0.2524 0.7402
vn 0.4645 0.5370 0.7042
vn 0.6745 0.3021 0.6736
vn 0.4890 0.4739 0.7323
vn 0.6263 0.2544 0.7369
vn -0.1333 0.9169 0.3762
vn 0.3854 0.9207 -0.0618
vn 0.6117 0.5381 0.5799
vn 0.6357 0.4752 0.6083
vn 0.6358 0.4751 0.6083
vn 0.5562 0.3065 0.7725
vn 0.5483 0.3011 0.7802
vn 0.5498 0.3022 0.7787
vn 0.6202 0.2565 0.7414
vn 0.6192 0.2543 0.7429
vn 0.6356 0.4753 0.6084
vn 0.5994 0.4502 0.6619
vn 0.5805 0.8142 -0.0098
vn 0.2456 0.8619 0.4437
vn 0.5672 0.8233 -0.0243
vn 0.2825 0.7837 0.5533
vn 0.4775 -0.0823 0.8748
vn 0.5179 -0.1035 0.8491
vn 0.4896 0.8715 0.0290
vn 0.5068 -0.1323 0.8519
vn 0.7560 -0.1307 0.6414
vn -0.4312 0.8880 0.1599
vn 0.2224 0.8927 -0.3920
vn 0.7511 -0.1018 0.6523
vn 0.3281 0.8371 -0.4377
vn 0.2436 0.8919 -0.3811
vn 0.4601 -0.1160 0.8802
vn 0.6808 -0.1582 0.7152
vn 0.3406 0.8360 -0.4302
vn -0.1768 0.9842 0.0052
vn -0.1760 0.9844 0.0085
vn -0.1768 0.9842 0.0045
vn -0.1757 0.9844 0.0091
vn 0.6820 -0.1896 0.7063
vn -0.6997 0.6928 0.1745
vn -0.5020 0.7619 0.4092
vn -0.3137 0.9363 -0.1577
vn -0.3131 0.9366 -0.1573
vn -0.3166 0.9352 -0.1587
vn -0.5169 0.7554 0.4027
vn -0.3173 0.9349 -0.1589
vn -0.6949 0.6932 0.1914
vn 0.2443 0.8023 -0.5446
vn -0.4841 -0.5652 -0.6679
vn -0.6969 -0.5203 -0.4936
vn 0.2483 0.8092 -0.5326
vn -0.4665 -0.5914 -0.6577
vn -0.8751 0.2201 -0.4309
vn -0.6758 0.4486 -0.5848
vn -0.3225 -0.4997 -0.8039
vn -0.8587 0.2126 -0.4663
vn -0.6025 0.5654 -0.5634
vn -0.6921 -0.1301 -0.7100
vn -0.6913 -0.1296 -0.7108
vn -0.6982 -0.1342 -0.7033
vn -0.9349 -0.0068 -0.3548
vn -0.6942 -0.2701 -0.6672
vn -0.6943 -0.2771 -0.6642
vn -0.6938 -0.2775 -0.6646
vn -0.7275 -0.3176 -0.6081
vn -0.8921 -0.0094 -0.4517
vn -0.9062 -0.2024 -0.3713
vn -0.6936 -0.2701 -0.6678
vn -0.2360 -0.4806 -0.8446
vn -0.2368 -0.2778 -0.9310
vn -0.8870 -0.1840 -0.4235
vn -0.2145 -0.2788 -0.9361
vn -0.8977 0.0618 0.4362
vn -0.6989 -0.5040 0.5074
vn -0.3119 -0.0729 -0.9473
vn -0.8867 0.0592 0.4585
vn -0.6149 0.1606 0.7720
vn -0.8315 0.4733 0.2909
vn -0.5783 0.5618 0.5915
vn -0.6329 0.1479 0.7600
vn 0.9098 0.1142 0.3989
vn 0.8431 0.3310 0.4238
vn -0.4837 -0.4287 0.7630
vn 0.9000 0.1197 0.4191
vn 0.2614 0.2176 0.9404
vn 0.8752 -0.0920 0.4750
vn 0.2137 0.1891 0.9584
vn 0.2387 0.3860 0.8911
vn 0.8350 -0.1233 0.5363
vn 0.8622 -0.0704 0.5016
vn 0.1381 0.3684 0.9194
vn 0.1981 0.5821 0.7886
vn 0.8242 -0.0988 0.5577
vn 0.5051 0.1133 0.8556
vn 0.5571 0.3069 0.7717
vn 0.1593 0.5818 0.7976
vn 0.5546 0.1625 0.8161
vn 0.5541 0.1587 0.8172
vn 0.5536 0.1591 0.8175
vn 0.5551 0.1666 0.8149
vn 0.8173 0.3065 0.4879
vn 0.7691 0.3735 0.5187
vn -0.3902 -0.5905 0.7064
vn -0.4737 -0.4205 0.7738
vn 0.2332 -0.1084 0.9664
vn -0.6091 0.5463 0.5749
vn -0.4279 -0.0450 -0.9027
vn -0.3704 -0.1087 -0.9225
vn -0.7092 -0.5028 0.4942
vn -0.5816 -0.6575 0.4791
vn -0.8273 -0.4792 -0.2932
vn -0.2697 -0.4661 -0.8426
vn -0.8181 0.4732 0.3267
vn -0.5682 0.0542 -0.8211
vn -0.5683 0.0544 -0.8210
vn -0.5681 0.0542 -0.8211
vn -0.0851 0.5954 -0.7989
vn -0.6190 0.0242 -0.7850
vn -0.0936 0.5784 -0.8104
vn -0.5680 0.0541 -0.8212
vn -0.6331 -0.1868 -0.7512
vn -0.6367 -0.1848 -0.7486
vn -0.6358 -0.1826 -0.7500
vn -0.6995 -0.1351 -0.7017
vn -0.6342 -0.1796 -0.7520
vn -0.5638 0.1270 -0.8161
vn -0.6340 0.7419 -0.2183
vn -0.1151 0.7457 -0.6563
vn -0.7110 0.1260 -0.6918
vn -0.7148 0.0531 -0.6973
vn -0.7147 0.0532 -0.6974
vn -0.6312 -0.1826 -0.7538
vn -0.7146 0.0533 -0.6975
vn -0.5827 -0.1293 -0.8023
vn -0.5733 -0.1343 -0.8083
vn -0.5751 -0.1333 -0.8072
vn -0.6703 0.0237 -0.7417
vn -0.6296 -0.1848 -0.7546
vn -0.4591 0.5664 -0.6844
vn -0.7881 0.5734 -0.2240
vn -0.7784 0.5903 -0.2136
vn -0.4669 0.4502 -0.7612
vn -0.3917 -0.4909 -0.7782
vn -0.4254 -0.5134 -0.7453
vn -0.7152 0.6389 -0.2833
vn -0.4067 -0.5369 -0.7391
vn -0.6558 -0.5391 -0.5285
vn -0.4857 0.8689 0.0951
vn 0.1678 0.8737 -0.4567
vn -0.6593 -0.5148 -0.5481
vn -0.2798 0.2244 -0.9335
vn -0.5837 -0.1289 -0.8017
vn -0.1646 0.6429 -0.7480
vn -0.6973 -0.4930 -0.5203
vn -0.2934 -0.5178 -0.8036
vn 0.1623 0.8634 -0.4777
vn -0.0610 0.8675 0.4936
vn 0.7830 -0.0800 0.6168
vn -0.5395 -0.2690 -0.7979
vn -0.5365 -0.2764 -0.7974
vn -0.5382 -0.2726 -0.7975
vn -0.4748 -0.3158 -0.8215
vn -0.5398 -0.2690 -0.7977
vn 0.7407 0.2887 0.6067
vn -0.8091 -0.5148 -0.2835
vn -0.4934 -0.1429 -0.8580
vn -0.7668 -0.6116 0.1947
vn -0.7381 -0.6703 -0.0766
vn -0.6634 -0.3614 -0.6552
vn -0.7120 -0.3657 -0.5995
vn -0.7119 -0.3666 -0.5989
vn -0.7120 -0.3694 -0.5972
vn -0.8292 -0.5556 -0.0611
vn -0.6298 -0.3437 -0.6966
vn -0.7121 -0.3702 -0.5965
vn -0.6255 -0.3213 -0.7110
vn -0.6273 -0.3124 -0.7134
vn -0.6306 -0.3182 -0.7079
vn -0.6320 -0.3172 -0.7071
vn -0.5894 -0.3179 -0.7426
vn -0.5933 -0.3209 -0.7382
vn -0.5884 -0.3168 -0.7439
vn -0.5956 -0.3121 -0.7402
vn -0.5979 -0.3130 -0.7379
vn -0.6245 -0.3132 -0.7155
vn -0.5989 -0.3149 -0.7363
vn -0.5803 -0.3744 -0.7232
vn -0.6227 -0.3150 -0.7162
vn -0.6125 -0.3746 -0.6961
vn -0.4655 -0.3684 -0.8047
vn -0.4680 -0.3649 -0.8049
vn -0.4662 -0.3677 -0.8047
vn -0.5018 -0.3696 -0.7820
vn -0.5115 -0.3502 -0.7847
vn 0.0839 -0.5491 -0.8315
vn 0.1036 -0.5833 -0.8056
vn -0.4685 -0.3640 -0.8050
vn -0.6849 -0.3514 -0.6383
vn -0.6837 -0.3710 -0.6285
vn -0.8066 -0.5899 -0.0373
vn -0.8191 -0.0713 -0.5691
vn -0.6087 -0.7266 0.3187
vn 0.4222 -0.7194 -0.5516
vn 0.4496 -0.7652 -0.4608
vn -0.2261 -0.5931 0.7728
vn 0.8048 -0.5855 -0.0974
vn 0.0813 -0.5587 -0.8254
vn -0.0813 -0.5587 -0.8254
vn -0.8254 -0.5587 -0.0813
vn -0.8254 -0.5587 0.0813
vn -0.3945 0.9181 0.0389
vn -0.3794 0.9181 0.1151
vn -0.7936 -0.5587 0.2407
vn -0.1981 0.9800 0.0195
vn -0.3945 0.9181 -0.0389
vn -0.1981 0.9800 -0.0195
vn -0.1905 0.9800 -0.0578
vn -0.8123 0.5287 -0.2464
vn -0.8123 0.5286 -0.2464
vn -0.8448 0.5286 -0.0832
vn -0.8447 0.5287 -0.0832
vn -0.4339 -0.8706 -0.2319
vn -0.4708 -0.8706 -0.1428
vn -0.7486 0.5286 -0.4002
vn -0.7486 0.5287 -0.4001
vn -0.9269 0.2488 -0.2812
vn -0.4896 -0.8706 -0.0482
vn -0.4897 -0.8706 -0.0482
vn -0.9639 0.2488 -0.0949
vn -0.8542 0.2488 -0.4566
vn 0.4707 0.8707 0.1428
vn 0.4338 0.8706 0.2319
vn 0.4338 0.8707 0.2319
vn -0.7720 -0.0524 -0.6335
vn -0.8807 -0.0524 -0.4707
vn -0.8807 -0.0524 -0.4708
vn 0.3802 0.8707 0.3121
vn 0.3803 0.8706 0.3121
vn -0.7630 -0.1601 -0.6262
vn -0.6335 -0.0524 -0.7720
vn -0.6262 -0.1601 -0.7630
vn -0.4707 -0.0524 -0.8807
vn 0.2318 0.8707 0.4338
vn 0.2319 0.8707 0.4338
vn 0.3121 0.8707 0.3802
vn 0.3120 0.8707 0.3802
vn -0.4566 0.2488 -0.8542
vn -0.2812 0.2488 -0.9269
vn -0.2811 0.2488 -0.9269
vn 0.1428 0.8706 0.4708
vn 0.1428 0.8706 0.4707
vn -0.0482 -0.8706 -0.4897
vn -0.0949 0.2488 -0.9639
vn -0.1428 -0.8706 -0.4708
vn -0.1428 -0.8705 -0.4709
vn -0.2319 -0.8706 -0.4339
vn -0.4001 0.5287 -0.7486
vn -0.4002 0.5286 -0.7486
vn -0.2464 0.5286 -0.8123
vn -0.0195 0.9800 -0.1981
vn -0.0832 0.5286 -0.8448
vn -0.0578 0.9800 -0.1905
vn -0.0389 0.9181 -0.3945
vn 0.0389 0.9181 -0.3945
vn 0.0195 0.9800 -0.1981
vn 0.1151 0.9181 -0.3794
vn 0.1151 0.9181 -0.3793
vn 0.0578 0.9800 -0.1905
vn 0.1869 0.9181 -0.3496
vn 0.3910 -0.5587 -0.7314
vn 0.2407 -0.5587 -0.7936
vn 0.2515 0.9181 -0.3064
vn 0.5262 -0.5587 -0.6411
vn 0.5261 -0.5587 -0.6411
vn 0.6411 -0.5587 -0.5261
vn -0.6411 -0.5587 0.5261
vn -0.5261 -0.5587 0.6411
vn -0.3496 0.9181 0.1869
vn -0.3064 0.9181 0.2515
vn -0.7314 -0.5587 0.3910
vn -0.1755 0.9800 0.0938
vn -0.3793 0.9181 0.1151
vn -0.1905 0.9800 0.0578
vn -0.8447 0.5287 0.0832
vn -0.8448 0.5286 0.0832
vn -0.8123 0.5286 0.2464
vn -0.8123 0.5287 0.2464
vn -0.4897 -0.8706 0.0482
vn -0.4896 -0.8706 0.0482
vn -0.9639 0.2488 0.0949
vn -0.4708 -0.8706 0.1428
vn -0.9269 0.2488 0.2812
vn 0.4895 0.8707 -0.0482
vn 0.4895 0.8707 0.0482
vn -0.9556 -0.0524 -0.2899
vn -0.9938 -0.0524 -0.0979
vn -0.9446 -0.1601 -0.2865
vn -0.8705 -0.1601 -0.4653
vn -0.8706 -0.1601 -0.4653
vn -0.8217 -0.3632 -0.4392
vn -0.7202 -0.3632 -0.5911
vn -0.8814 -0.0336 -0.4711
vn -0.8916 -0.3632 -0.2705
vn -0.9564 -0.0336 -0.2901
vn -0.7726 -0.0336 -0.6340
vn -0.6698 0.4991 -0.5497
vn -0.7642 0.4991 -0.4085
vn -0.6699 0.4991 -0.5497
vn -0.5497 0.4991 -0.6698
vn -0.2839 0.8943 -0.3459
vn -0.3459 0.8943 -0.2839
vn -0.6340 -0.0336 -0.7726
vn -0.4711 -0.0336 -0.8814
vn -0.4085 0.4991 -0.7642
vn -0.2705 -0.3632 -0.8916
vn -0.2704 -0.3632 -0.8916
vn -0.2901 -0.0336 -0.9564
vn -0.4392 -0.3632 -0.8217
vn -0.5911 -0.3632 -0.7202
vn -0.4653 -0.1601 -0.8705
vn -0.2899 -0.0524 -0.9556
vn -0.2865 -0.1601 -0.9446
vn -0.2899 -0.0523 -0.9556
vn 0.0482 0.8706 0.4895
vn -0.0979 -0.0524 -0.9938
vn -0.0979 -0.0523 -0.9938
vn 0.0949 0.2488 -0.9639
vn -0.0482 0.8706 0.4895
vn -0.0482 0.8706 0.4896
vn -0.0482 0.8707 0.4895
vn 0.0482 -0.8706 -0.4896
vn 0.0482 -0.8706 -0.4897
vn 0.1428 -0.8706 -0.4709
vn 0.1428 -0.8705 -0.4709
vn 0.2812 0.2488 -0.9269
vn 0.0482 -0.8705 -0.4897
vn 0.0832 0.5286 -0.8448
vn 0.2464 0.5286 -0.8123
vn 0.4002 0.5286 -0.7486
vn 0.4002 0.5287 -0.7486
vn 0.0938 0.9800 -0.1755
vn 0.4001 0.5287 -0.7486
vn 0.5385 0.5287 -0.6562
vn 0.1263 0.9800 -0.1539
vn 0.3064 0.9181 -0.2515
vn 0.1539 0.9800 -0.1263
vn 0.3496 0.9181 -0.1869
vn 0.7314 -0.5587 -0.3910
vn 0.7937 -0.5587 -0.2407
vn 0.7936 -0.5587 -0.2407
vn -0.3910 -0.5587 0.7314
vn -0.2407 -0.5587 0.7936
vn -0.2407 -0.5587 0.7937
vn -0.1869 0.9181 0.3496
vn -0.2515 0.9181 0.3064
vn -0.1151 0.9181 0.3794
vn -0.1151 0.9181 0.3793
vn -0.0578 0.9800 0.1905
vn -0.0938 0.9800 0.1755
vn -0.0195 0.9800 0.1981
vn -0.2464 0.5286 0.8123
vn -0.0832 0.5286 0.8448
vn -0.0482 -0.8706 0.4896
vn -0.0482 -0.8705 0.4897
vn 0.0482 -0.8706 0.4896
vn 0.0482 -0.8706 0.4897
vn 0.0832 0.5286 0.8448
vn -0.1428 -0.8706 0.4709
vn -0.2812 0.2488 0.9269
vn -0.0949 0.2488 0.9639
vn -0.4566 0.2488 0.8542
vn 0.1428 0.8706 -0.4708
vn 0.1428 0.8707 -0.4707
vn 0.2319 0.8707 -0.4338
vn -0.2899 -0.0524 0.9556
vn -0.0979 -0.0524 0.9938
vn 0.0482 0.8707 -0.4895
vn 0.0482 0.8706 -0.4896
vn -0.2866 -0.1601 0.9446
vn -0.2865 -0.1601 0.9446
vn -0.4707 -0.0524 0.8807
vn -0.4653 -0.1601 0.8705
vn -0.5911 -0.3632 0.7202
vn -0.4392 -0.3632 0.8217
vn -0.6262 -0.1601 0.7630
vn -0.7202 -0.3632 0.5911
vn -0.7726 -0.0336 0.6340
vn -0.6340 -0.0336 0.7726
vn -0.6341 -0.0337 0.7726
vn -0.8814 -0.0336 0.4711
vn -0.7642 0.4991 0.4085
vn -0.6698 0.4991 0.5497
vn -0.8292 0.4991 0.2516
vn -0.4282 0.8943 0.1299
vn -0.3947 0.8943 0.2110
vn -0.4454 0.8943 0.0439
vn -0.4453 0.8943 0.0439
vn 0.0439 0.8943 -0.4454
vn 0.0439 0.8943 -0.4453
vn 0.1299 0.8943 -0.4282
vn 0.2516 0.4991 -0.8292
vn 0.4085 0.4991 -0.7642
vn 0.2110 0.8943 -0.3947
vn 0.4711 -0.0336 -0.8814
vn 0.4711 -0.0337 -0.8814
vn 0.6340 -0.0336 -0.7726
vn 0.6340 -0.0337 -0.7726
vn 0.5497 0.4991 -0.6698
vn 0.7202 -0.3632 -0.5911
vn 0.7726 -0.0336 -0.6340
vn 0.5911 -0.3632 -0.7202
vn 0.8217 -0.3632 -0.4392
vn 0.7630 -0.1601 -0.6262
vn 0.8705 -0.1601 -0.4653
vn 0.8706 -0.1601 -0.4653
vn 0.8807 -0.0524 -0.4707
vn 0.9556 -0.0524 -0.2899
vn 0.9446 -0.1601 -0.2865
vn 0.9446 -0.1601 -0.2866
vn 0.9938 -0.0524 -0.0979
vn -0.4895 0.8707 0.0482
vn -0.4707 0.8707 0.1428
vn -0.4706 0.8707 0.1428
vn -0.4710 0.8705 0.1428
vn 0.8542 0.2488 -0.4566
vn 0.9269 0.2488 -0.2812
vn -0.4338 0.8707 0.2319
vn -0.4337 0.8707 0.2319
vn 0.4897 -0.8706 -0.0482
vn 0.4896 -0.8706 -0.0482
vn 0.9639 0.2488 -0.0949
vn 0.4708 -0.8706 -0.1428
vn 0.4896 -0.8706 0.0482
vn 0.4897 -0.8706 0.0482
vn 0.8448 0.5286 0.0832
vn 0.8448 0.5286 -0.0832
vn 0.8123 0.5287 -0.2464
vn 0.8123 0.5286 -0.2464
vn 0.1981 0.9800 -0.0195
vn 0.1905 0.9800 -0.0578
vn 0.7486 0.5286 -0.4002
vn 0.7486 0.5287 -0.4001
vn 0.1755 0.9800 -0.0938
vn 0.4339 -0.8706 -0.2319
vn 0.4340 -0.8706 -0.2319
vn 0.3804 -0.8706 -0.3122
vn 0.3803 -0.8706 -0.3121
vn 0.6562 0.5287 -0.5385
vn 0.6562 0.5286 -0.5385
vn 0.7487 0.2488 -0.6145
vn 0.7487 0.2488 -0.6144
vn 0.6144 0.2488 -0.7487
vn 0.3121 -0.8706 -0.3803
vn 0.6145 0.2488 -0.7487
vn 0.4566 0.2488 -0.8542
vn -0.2319 0.8706 0.4339
vn -0.2319 0.8706 0.4338
vn -0.3121 0.8706 0.3802
vn -0.3121 0.8707 0.3802
vn -0.1428 0.8706 0.4708
vn -0.1428 0.8706 0.4707
vn 0.2899 -0.0524 -0.9556
vn 0.2899 -0.0523 -0.9556
vn 0.4708 -0.0524 -0.8807
vn 0.0979 -0.0523 -0.9938
vn 0.0979 -0.0524 -0.9938
vn 0.0967 -0.1601 -0.9823
vn 0.0968 -0.1601 -0.9823
vn 0.2865 -0.1601 -0.9446
vn -0.0967 -0.1601 -0.9823
vn -0.0968 -0.1601 -0.9823
vn 0.0913 -0.3632 -0.9272
vn -0.0913 -0.3632 -0.9272
vn 0.0980 -0.0336 -0.9946
vn 0.2705 -0.3632 -0.8916
vn 0.2901 -0.0336 -0.9564
vn 0.2704 -0.3632 -0.8916
vn 0.4392 -0.3632 -0.8217
vn 0.4653 -0.1601 -0.8705
vn 0.6262 -0.1601 -0.7630
vn 0.6335 -0.0524 -0.7720
vn 0.7719 -0.0524 -0.6335
vn 0.7720 -0.0524 -0.6335
vn -0.3802 0.8707 0.3120
vn -0.3120 0.8707 0.3802
vn -0.0980 -0.0336 -0.9946
vn 0.0849 0.4991 -0.8624
vn -0.0849 0.4991 -0.8624
vn -0.0439 0.8943 -0.4454
vn -0.0439 0.8943 -0.4453
vn -0.2516 0.4991 -0.8292
vn -0.1299 0.8943 -0.4282
vn -0.2109 0.8943 -0.3947
vn -0.2110 0.8943 -0.3947
vn -0.3947 0.8943 -0.2110
vn -0.8292 0.4991 -0.2516
vn -0.8292 0.4991 -0.2515
vn -0.4282 0.8943 -0.1299
vn -0.9946 -0.0336 -0.0980
vn -0.8624 0.4991 -0.0849
vn -0.9946 -0.0336 -0.0979
vn -0.9272 -0.3632 -0.0913
vn -0.9272 -0.3632 0.0913
vn -0.9946 -0.0336 0.0980
vn -0.8916 -0.3632 0.2705
vn -0.9823 -0.1601 0.0968
vn -0.9823 -0.1601 0.0967
vn -0.9446 -0.1601 0.2865
vn -0.8807 -0.0524 0.4707
vn -0.8807 -0.0524 0.4708
vn -0.8705 -0.1601 0.4653
vn -0.9556 -0.0524 0.2899
vn -0.7720 -0.0524 0.6335
vn 0.4338 0.8707 -0.2319
vn 0.4338 0.8706 -0.2319
vn 0.3802 0.8707 -0.3121
vn 0.3803 0.8706 -0.3121
vn -0.8542 0.2488 0.4566
vn -0.7487 0.2488 0.6144
vn -0.7487 0.2488 0.6145
vn -0.3803 -0.8706 0.3121
vn -0.3121 -0.8706 0.3803
vn -0.6145 0.2488 0.7487
vn -0.6144 0.2488 0.7487
vn -0.3122 -0.8706 0.3804
vn -0.2319 -0.8706 0.4340
vn -0.2319 -0.8706 0.4339
vn -0.4001 0.5286 0.7486
vn -0.5385 0.5286 0.6562
vn -0.1428 -0.8706 0.4708
vn -0.1263 0.9800 0.1539
vn -0.1539 0.9800 0.1263
vn -0.7486 0.5287 0.4001
vn -0.7486 0.5286 0.4001
vn -0.6562 0.5286 0.5385
vn -0.6562 0.5287 0.5385
vn -0.6561 0.5287 0.5385
vn -0.4709 -0.8706 0.1428
vn -0.4339 -0.8706 0.2319
vn 0.4707 0.8707 -0.1428
vn 0.4707 0.8706 -0.1428
vn -0.9938 -0.0524 0.0979
vn -0.9823 -0.1601 -0.0968
vn -0.9823 -0.1601 -0.0967
vn 0.3120 0.8707 -0.3802
vn -0.6335 -0.0524 0.7720
vn -0.7630 -0.1601 0.6262
vn -0.8217 -0.3632 0.4392
vn -0.9564 -0.0336 0.2901
vn -0.9946 -0.0336 0.0979
vn -0.8624 0.4991 0.0849
vn -0.4454 0.8943 -0.0439
vn -0.4453 0.8943 -0.0439
vn -0.9446 -0.1601 -0.2866
vn -0.2515 0.4991 -0.8292
vn 0.2320 -0.8706 -0.4340
vn 0.2319 -0.8706 -0.4339
vn 0.4709 -0.8706 -0.1428
vn 0.3794 0.9181 -0.1151
vn 0.3945 0.9181 -0.0389
vn 0.3945 0.9181 0.0389
vn 0.1981 0.9800 0.0195
vn 0.1905 0.9800 0.0578
vn 0.8123 0.5286 0.2464
vn 0.8123 0.5287 0.2464
vn 0.4339 -0.8706 0.2319
vn 0.7486 0.5287 0.4001
vn 0.7486 0.5286 0.4002
vn 0.4708 -0.8706 0.1428
vn 0.9269 0.2488 0.2812
vn 0.9639 0.2488 0.0949
vn -0.4895 0.8707 -0.0482
vn 0.9938 -0.0524 0.0979
vn 0.9556 -0.0524 0.2899
vn -0.4707 0.8707 -0.1428
vn -0.4710 0.8705 -0.1428
vn 0.9823 -0.1601 -0.0968
vn 0.9823 -0.1601 0.0968
vn 0.8916 -0.3632 -0.2705
vn 0.9272 -0.3632 -0.0913
vn 0.9564 -0.0336 -0.2901
vn 0.8814 -0.0336 -0.4711
vn 0.6698 0.4991 -0.5497
vn 0.7642 0.4991 -0.4085
vn 0.3459 0.8943 -0.2839
vn 0.2839 0.8943 -0.3459
vn -0.3459 0.8943 0.2839
vn -0.5497 0.4991 0.6698
vn -0.2839 0.8943 0.3459
vn -0.2110 0.8943 0.3947
vn 0.4282 0.8943 -0.1299
vn 0.3947 0.8943 -0.2109
vn 0.3947 0.8943 -0.2110
vn 0.4454 0.8943 -0.0439
vn -0.0439 0.8943 0.4454
vn -0.0439 0.8943 0.4453
vn -0.1299 0.8943 0.4282
vn -0.4085 0.4991 0.7642
vn -0.2515 0.4991 0.8292
vn -0.4711 -0.0336 0.8814
vn -0.2901 -0.0336 0.9564
vn -0.2705 -0.3632 0.8916
vn -0.0913 -0.3632 0.9272
vn -0.0980 -0.0336 0.9946
vn 0.0913 -0.3632 0.9272
vn -0.0968 -0.1601 0.9823
vn -0.0967 -0.1601 0.9823
vn 0.0968 -0.1601 0.9823
vn 0.0967 -0.1601 0.9823
vn 0.2899 -0.0524 0.9556
vn 0.2865 -0.1601 0.9446
vn 0.2866 -0.1601 0.9446
vn 0.0979 -0.0524 0.9938
vn 0.4708 -0.0524 0.8807
vn -0.1428 0.8706 -0.4707
vn -0.1428 0.8706 -0.4708
vn -0.2318 0.8707 -0.4338
vn -0.2319 0.8706 -0.4338
vn 0.2812 0.2488 0.9269
vn 0.0949 0.2488 0.9639
vn -0.0482 0.8706 -0.4896
vn -0.0482 0.8707 -0.4895
vn 0.1428 -0.8706 0.4708
vn 0.2319 -0.8706 0.4339
vn 0.4001 0.5286 0.7486
vn 0.2464 0.5286 0.8123
vn 0.0578 0.9800 0.1905
vn 0.0195 0.9800 0.1981
vn 0.0389 0.9181 0.3945
vn -0.0389 0.9181 0.3945
vn -0.2408 -0.5587 0.7936
vn -0.0813 -0.5587 0.8254
vn 0.0813 -0.5587 0.8254
vn 0.7936 -0.5587 0.2407
vn 0.8254 -0.5587 0.0813
vn 0.3794 0.9181 0.1151
vn 0.3793 0.9181 0.1151
vn 0.3496 0.9181 0.1869
vn 0.1755 0.9800 0.0938
vn 0.6562 0.5286 0.5385
vn 0.1539 0.9800 0.1263
vn 0.3121 -0.8706 0.3803
vn 0.3121 -0.8706 0.3804
vn 0.3803 -0.8706 0.3121
vn 0.3804 -0.8706 0.3121
vn 0.5385 0.5286 0.6562
vn 0.1263 0.9800 0.1539
vn 0.0938 0.9800 0.1755
vn 0.1869 0.9181 0.3496
vn 0.1151 0.9181 0.3794
vn 0.1151 0.9181 0.3793
vn 0.2407 -0.5587 0.7936
vn 0.3910 -0.5587 0.7314
vn 0.6411 -0.5587 0.5261
vn 0.7314 -0.5587 0.3910
vn 0.3064 0.9181 0.2515
vn 0.2515 0.9181 0.3064
vn 0.5261 -0.5587 0.6411
vn 0.5262 -0.5587 0.6411
vn 0.7487 0.2488 0.6144
vn 0.7487 0.2488 0.6145
vn 0.4340 -0.8706 0.2319
vn 0.8542 0.2488 0.4566
vn 0.6145 0.2488 0.7487
vn 0.6144 0.2488 0.7487
vn -0.3802 0.8707 -0.3121
vn -0.3802 0.8707 -0.3120
vn -0.3121 0.8707 -0.3802
vn -0.3120 0.8707 -0.3802
vn 0.4566 0.2488 0.8542
vn 0.6335 -0.0524 0.7720
vn 0.7719 -0.0524 0.6335
vn 0.7720 -0.0524 0.6335
vn 0.6262 -0.1601 0.7630
vn 0.4653 -0.1601 0.8705
vn 0.2705 -0.3632 0.8916
vn 0.4392 -0.3632 0.8217
vn 0.2704 -0.3632 0.8916
vn 0.0980 -0.0336 0.9946
vn 0.2901 -0.0336 0.9564
vn 0.0849 0.4991 0.8624
vn -0.0849 0.4991 0.8624
vn 0.0439 0.8943 0.4454
vn 0.0439 0.8943 0.4453
vn 0.2515 0.4991 0.8292
vn 0.2516 0.4991 0.8292
vn 0.1299 0.8943 0.4282
vn 0.2110 0.8943 0.3947
vn 0.3459 0.8943 0.2839
vn 0.3947 0.8943 0.2110
vn 0.3947 0.8943 0.2109
vn 0.7642 0.4991 0.4085
vn 0.8292 0.4991 0.2515
vn 0.4282 0.8943 0.1299
vn 0.9946 -0.0336 0.0980
vn 0.9564 -0.0336 0.2901
vn 0.8624 0.4991 0.0849
vn 0.8217 -0.3632 0.4392
vn 0.8814 -0.0336 0.4711
vn 0.8916 -0.3632 0.2705
vn 0.7202 -0.3632 0.5911
vn 0.8705 -0.1601 0.4653
vn 0.7630 -0.1601 0.6262
vn 0.5911 -0.3632 0.7202
vn 0.4711 -0.0336 0.8814
vn 0.6340 -0.0336 0.7726
vn 0.4085 0.4991 0.7642
vn 0.5497 0.4991 0.6698
vn 0.2839 0.8943 0.3459
vn 0.6698 0.4991 0.5497
vn 0.7726 -0.0336 0.6340
vn 0.6340 -0.0337 0.7726
vn 0.9446 -0.1601 0.2865
vn 0.8706 -0.1601 0.4653
vn 0.9272 -0.3632 0.0913
vn 0.9446 -0.1601 0.2866
vn 0.9946 -0.0336 -0.0980
vn 0.8292 0.4991 -0.2515
vn 0.8624 0.4991 -0.0849
vn 0.4454 0.8943 0.0439
vn 0.8807 -0.0524 0.4707
vn 0.8807 -0.0524 0.4708
vn -0.4338 0.8707 -0.2319
vn 0.8254 -0.5587 -0.0813
vn -0.7937 -0.5587 0.2407
vn -0.1151 0.9181 -0.3794
vn -0.2407 -0.5587 -0.7937
vn -0.3909 -0.5587 -0.7314
vn -0.3910 -0.5587 -0.7314
vn -0.6411 -0.5587 -0.5261
vn -0.7314 -0.5587 -0.3910
vn -0.3496 0.9181 -0.1869
vn -0.3794 0.9181 -0.1151
vn -0.7936 -0.5587 -0.2407
vn -0.7937 -0.5587 -0.2408
vn -0.7937 -0.5587 -0.2407
vn -0.1755 0.9800 -0.0938
vn -0.3064 0.9181 -0.2515
vn -0.1539 0.9800 -0.1263
vn -0.6561 0.5287 -0.5385
vn -0.6562 0.5287 -0.5385
vn -0.5385 0.5287 -0.6561
vn -0.5385 0.5287 -0.6562
vn -0.1263 0.9800 -0.1539
vn -0.2515 0.9181 -0.3064
vn -0.1869 0.9181 -0.3496
vn -0.0938 0.9800 -0.1755
vn -0.5261 -0.5587 -0.6411
vn -0.3121 -0.8706 -0.3803
vn -0.3803 -0.8706 -0.3121
vn -0.7487 0.2488 -0.6145
vn -0.7487 0.2488 -0.6144
vn -0.6145 0.2488 -0.7487
vn -0.5691 0.5432 0.6173
vn -0.5551 0.5569 0.6179
vn 0.7917 -0.5904 0.1570
vn -0.5262 0.5356 0.6605
vn 0.7489 -0.5048 0.4293
vn 0.7738 -0.4820 0.4109
vn 0.0141 0.1688 0.9855
vn 0.6809 -0.6824 0.2659
vn 0.2960 -0.0037 0.9552
vn 0.3934 0.0500 0.9180
vn 0.7293 0.0013 0.6842
vn 0.6214 -0.0479 0.7821
vn 0.4317 -0.0501 0.9006
vn 0.6520 0.0532 0.7563
vn -0.0473 -0.6909 0.7214
vn 0.8771 0.1791 0.4456
vn 0.0386 -0.4907 0.8705
vn -0.1955 -0.6019 0.7743
vn 0.0665 -0.5130 0.8558
vn 0.7891 0.5726 -0.2225
vn 0.7949 0.5591 -0.2356
vn 0.8150 0.5514 -0.1784
vn 0.5546 0.7539 -0.3522
vn 0.7614 0.6468 -0.0442
vn 0.7222 0.5993 -0.3454
vn 0.5547 0.7890 -0.2643
vn -0.0310 -0.2847 -0.9581
vn -0.8161 -0.3016 -0.4929
vn -0.4940 0.7764 0.3914
vn -0.1408 -0.2231 -0.9646
vn -0.5719 0.7407 0.3524
vn -0.6379 0.5608 -0.5278
vn 0.1160 -0.1406 -0.9832
vn -0.5436 0.6163 -0.5698
vn -0.7461 0.6282 -0.2207
vn -0.2847 0.6195 -0.7316
vn -0.3523 0.5407 -0.7639
vn -0.5419 0.5385 -0.6452
vn -0.2048 0.5659 -0.7987
vn 0.1171 0.6384 -0.7607
vn -0.8452 0.0436 -0.5327
vn -0.8272 -0.2196 -0.5172
vn -0.9148 -0.1672 -0.3677
vn -0.8266 0.0269 -0.5621
vn 0.7443 0.5971 -0.2992
vn 0.7407 0.6021 -0.2979
vn 0.7414 0.6028 -0.2947
vn 0.7453 0.5963 -0.2982
vn 0.7343 0.6052 -0.3074
vn 0.7176 0.6371 -0.2812
vn 0.7868 0.5936 -0.1692
vn 0.7786 0.5978 -0.1908
vn 0.7948 0.5698 -0.2088
vn 0.1099 -0.5192 0.8476
vn 0.1036 -0.5062 0.8562
vn 0.7712 0.6175 -0.1549
vn 0.1593 -0.4740 0.8660
vn 0.1542 -0.4741 0.8669
vn 0.1518 -0.4705 0.8693
vn 0.1532 -0.4666 0.8711
vn 0.9071 0.3876 0.1640
vn 0.9041 0.3949 0.1633
vn 0.9066 0.3888 0.1639
vn 0.9036 0.3960 0.1632
vn 0.8909 0.3475 0.2924
vn 0.8931 0.3411 0.2933
vn 0.8913 0.3464 0.2925
vn 0.8935 0.3400 0.2934
vn 0.6789 -0.0273 0.7337
vn 0.6506 -0.0625 0.7569
vn 0.6707 -0.0725 0.7381
vn 0.5522 -0.1403 0.8218
vn 0.5462 -0.1488 0.8243
vn 0.5530 -0.1397 0.8214
vn 0.5505 -0.1164 0.8267
vn 0.5511 -0.1152 0.8265
vn 0.5503 -0.1167 0.8268
vn 0.6485 -0.0792 0.7571
vn 0.6481 -0.0788 0.7574
vn 0.6506 -0.0827 0.7549
vn 0.5528 -0.1392 0.8216
vn 0.4984 -0.1191 0.8587
vn 0.4998 -0.1485 0.8533
vn 0.5043 -0.1426 0.8517
vn 0.4993 -0.1493 0.8535
vn 0.5662 -0.1260 0.8146
vn 0.4866 -0.1269 0.8644
vn 0.5560 -0.1185 0.8227
vn 0.7027 0.0321 0.7108
vn 0.5821 -0.0322 0.8125
vn 0.7219 -0.0244 0.6916
vn 0.7360 0.0375 0.6760
vn 0.8500 0.4302 0.3040
vn 0.8997 0.4356 0.0292
vn 0.2853 0.0320 0.9579
vn 0.3065 -0.0293 0.9514
vn 0.4762 -0.0334 0.8787
vn 0.3309 0.0278 0.9433
vn -0.1057 0.4189 0.9018
vn -0.3745 0.4206 0.8264
vn -0.2560 0.3740 0.8914
vn -0.2560 0.3751 0.8909
vn -0.2555 0.3813 0.8884
vn -0.2552 0.3824 0.8881
vn 0.3631 -0.0310 0.9312
vn -0.1330 0.3357 0.9326
vn -0.1324 0.3344 0.9331
vn -0.1324 0.3293 0.9349
vn -0.1329 0.3280 0.9353
vn 0.3968 -0.0654 0.9156
vn 0.3714 -0.0760 0.9253
vn 0.5047 -0.1426 0.8514
vn 0.5043 -0.1157 0.8557
vn 0.5038 -0.1168 0.8559
vn 0.5045 -0.1155 0.8557
vn 0.5038 -0.1170 0.8559
vn 0.3984 -0.0822 0.9135
vn 0.3956 -0.0859 0.9144
vn 0.3987 -0.0817 0.9134
vn 0.5513 -0.1149 0.8264
vn 0.4644 -0.3073 0.8306
vn 0.4971 -0.3073 0.8115
vn 0.5451 -0.1608 0.8228
vn 0.5914 -0.3529 0.7250
vn 0.4701 -0.2864 0.8348
vn 0.6434 -0.2143 0.7349
vn 0.6351 -0.1668 0.7542
vn 0.9109 0.1566 0.3818
vn 0.9080 0.1574 0.3884
vn 0.9085 0.1573 0.3871
vn 0.6507 -0.0832 0.7548
vn 0.9012 -0.2248 0.3704
vn 0.9114 0.1565 0.3806
vn 0.8721 0.3152 0.3743
vn 0.0437 -0.5566 0.8297
vn -0.0544 -0.4783 0.8765
vn 0.0244 -0.4487 0.8934
vn 0.0009 -0.1507 0.9886
vn -0.0002 -0.1505 0.9886
vn 0.0027 -0.1509 0.9885
vn 0.8923 -0.1514 -0.4253
vn 0.8647 0.4476 -0.2279
vn 0.8651 0.4479 -0.2257
vn 0.8651 0.4477 -0.2263
vn 0.8645 0.4478 -0.2284
vn 0.7766 0.6149 -0.1369
vn 0.7450 0.5205 -0.4172
vn 0.7440 0.5203 -0.4192
vn 0.7442 0.5204 -0.4188
vn 0.6818 0.6702 -0.2930
vn 0.6908 0.6686 -0.2753
vn -0.8070 0.0439 -0.5889
vn -0.7991 0.0280 -0.6006
vn 0.7061 0.6406 -0.3017
vn -0.7777 0.0927 -0.6217
vn -0.7829 0.0948 -0.6148
vn -0.7812 0.0914 -0.6175
vn -0.8310 -0.0238 -0.5557
vn 0.4346 0.7066 -0.5583
vn -0.7825 0.0991 -0.6147
vn 0.5084 0.6714 -0.5392
vn 0.4244 0.6701 -0.6090
vn 0.2980 0.7639 -0.5725
vn -0.1835 0.5933 -0.7838
vn -0.2299 0.5957 -0.7696
vn -0.4242 0.4887 -0.7624
vn -0.2227 0.5464 -0.8074
vn -0.3912 0.5563 -0.7331
vn -0.4473 0.4638 -0.7647
vn -0.4463 0.4648 -0.7647
vn -0.4466 0.4646 -0.7647
vn -0.4419 0.4764 -0.7601
vn -0.3322 0.5048 -0.7967
vn -0.3320 0.5053 -0.7965
vn -0.3271 0.5105 -0.7952
vn -0.2812 0.5472 -0.7884
vn -0.2792 0.5504 -0.7868
vn -0.2819 0.5458 -0.7891
vn -0.2784 0.5515 -0.7864
vn -0.3248 0.5126 -0.7948
vn 0.1804 0.6019 -0.7779
vn 0.1721 0.5982 -0.7826
vn 0.1818 0.6025 -0.7772
vn 0.2073 0.6920 -0.6915
vn 0.1705 0.5976 -0.7835
vn -0.8917 0.0352 -0.4513
vn -0.8535 0.3664 -0.3705
vn -0.8542 0.3664 -0.3690
vn -0.8545 0.3664 -0.3682
vn 0.0491 0.2366 -0.9704
vn -0.8566 0.0788 -0.5100
vn -0.0310 -0.0834 -0.9960
vn -0.7542 0.5511 -0.3570
vn -0.8532 0.3664 -0.3713
vn 0.1247 0.2604 -0.9574
vn -0.4217 0.2394 -0.8745
vn 0.0031 -0.0824 -0.9966
vn -0.3772 0.3930 -0.8386
vn -0.3337 0.4308 -0.8385
vn -0.3245 0.5126 -0.7950
vn -0.4577 0.4455 -0.7694
vn -0.4446 0.4851 -0.7530
vn -0.4448 0.4847 -0.7531
vn -0.4438 0.4862 -0.7528
vn -0.4435 0.4863 -0.7529
vn -0.4912 0.4847 -0.7238
vn -0.4905 0.4855 -0.7236
vn -0.4903 0.4858 -0.7236
vn -0.4950 0.4610 -0.7365
vn -0.4952 0.4618 -0.7359
vn -0.5008 0.4562 -0.7356
vn -0.4547 0.4563 -0.7648
vn -0.5016 0.4557 -0.7353
vn -0.4969 0.4824 -0.7213
vn -0.5944 0.5478 -0.5888
vn -0.5995 0.5110 -0.6160
vn -0.6379 0.5415 -0.5477
vn -0.7444 0.6564 0.1224
vn -0.7041 0.6933 0.1539
vn -0.7367 0.6760 -0.0180
vn -0.6343 0.5880 -0.5018
vn -0.2232 0.0970 -0.9699
vn -0.1908 0.0352 -0.9810
vn -0.1748 0.0538 -0.9831
vn -0.7012 0.7128 0.0176
vn -0.2117 0.1057 -0.9716
vn -0.6077 0.5895 0.5321
vn -0.5775 0.6218 0.5290
vn -0.5909 0.6254 0.5096
vn -0.1444 0.0351 -0.9889
vn -0.1446 0.0350 -0.9889
vn -0.1447 0.0349 -0.9889
vn -0.4730 0.6003 0.6449
vn -0.5611 0.6540 0.5075
vn -0.5064 0.5784 0.6395
vn -0.4871 0.6027 0.6320
vn -0.5907 0.4307 0.6824
vn -0.5894 0.4307 0.6835
vn -0.5891 0.4307 0.6837
vn 0.7229 -0.5120 0.4640
vn 0.8000 -0.4395 0.4085
vn 0.7361 -0.5485 0.3967
vn 0.8199 -0.4681 0.3296
vn -0.0580 0.1453 0.9877
vn -0.0593 0.1451 0.9876
vn -0.0523 0.1460 0.9879
vn -0.0503 0.3042 0.9513
vn -0.0509 0.1462 0.9879
vn 0.3952 -0.0862 0.9145
vn 0.4030 -0.1696 0.8993
vn 0.3828 -0.2175 0.8979
vn -0.0576 -0.2362 0.9700
vn 0.5497 -0.1564 0.8206
vn 0.4935 -0.3134 0.8113
vn 0.3989 -0.3552 0.8454
vn 0.5464 -0.0966 0.8319
vn 0.4939 -0.3550 0.7937
vn 0.4945 -0.3533 0.7941
vn 0.5033 -0.3538 0.7883
vn 0.5787 -0.0960 0.8099
vn 0.5028 -0.3549 0.7882
vn 0.5041 -0.3532 0.7881
vn 0.5683 -0.4081 0.7145
vn 0.3355 -0.6509 0.6810
vn 0.3121 -0.6277 0.7131
vn 0.5633 -0.4273 0.7072
vn 0.2804 -0.6990 0.6579
vn -0.2782 -0.9458 0.1675
vn 0.4806 -0.6966 0.5327
vn 0.2882 -0.9392 -0.1867
vn 0.5151 -0.6254 0.5862
vn 0.4946 -0.3530 0.7942
vn 0.4005 -0.4100 0.8194
vn 0.4765 -0.6491 0.5930
vn 0.3963 -0.4295 0.8115
vn -0.1032 -0.5864 0.8035
vn -0.0597 -0.7030 0.7086
vn 0.3922 -0.3754 0.8398
vn -0.0794 -0.5616 0.8236
vn 0.8911 -0.1402 0.4316
vn 0.8900 -0.1405 0.4339
vn 0.8903 -0.1404 0.4332
vn -0.1159 -0.2808 0.9527
vn 0.8523 0.0414 0.5214
vn 0.8336 0.0177 0.5521
vn 0.7732 0.1171 0.6233
vn -0.7110 -0.5883 0.3853
vn -0.7114 -0.5885 0.3841
vn -0.7087 -0.5871 0.3911
vn -0.5893 -0.7761 0.2246
vn -0.7083 -0.5869 0.3923
vn -0.8440 -0.5061 0.1775
vn -0.8450 -0.5065 0.1713
vn -0.8452 -0.5066 0.1701
vn -0.9227 -0.0815 0.3769
vn -0.7814 -0.1764 0.5986
vn -0.9297 -0.0850 0.3584
vn 0.0344 0.3768 -0.9256
vn 0.0371 0.3769 -0.9255
vn 0.0357 0.3768 -0.9256
vn -0.0158 0.0452 -0.9989
vn -0.7100 0.5033 0.4925
vn -0.7095 0.5034 0.4931
vn -0.7110 0.5032 0.4912
vn 0.0333 0.3768 -0.9257
vn -0.8979 0.2255 -0.3780
vn -0.0002 0.5599 -0.8286
vn -0.9198 0.2480 -0.3042
vn -0.8805 -0.0934 -0.4648
vn -0.7885 0.5906 -0.1719
vn -0.7884 0.5910 -0.1708
vn -0.7890 0.5870 -0.1814
vn -0.6154 0.3860 -0.6872
vn -0.5820 0.5052 -0.6372
vn -0.5822 0.5047 -0.6374
vn -0.5788 0.5085 -0.6375
vn -0.5921 0.4318 -0.6805
vn -0.6076 0.2534 -0.7527
vn -0.4524 0.4493 -0.7704
vn -0.4446 0.5026 -0.7414
vn -0.5209 0.2998 -0.7992
vn -0.5100 0.2588 -0.8203
vn -0.5105 0.2577 -0.8204
vn -0.5187 0.2594 -0.8146
vn -0.5193 0.2576 -0.8149
vn -0.4107 0.5022 -0.7610
vn -0.5092 0.2593 -0.8207
vn -0.6070 -0.0779 -0.7908
vn -0.4273 0.1917 -0.8836
vn -0.5629 -0.0233 -0.8262
vn -0.6237 -0.0628 -0.7791
vn -0.7195 -0.6257 -0.3014
vn -0.2407 -0.6112 -0.7540
vn -0.3536 -0.5588 -0.7501
vn -0.4113 0.7414 -0.5303
vn -0.4582 0.6520 -0.6041
vn -0.1550 0.6682 -0.7276
vn -0.7215 -0.6347 -0.2766
vn -0.2520 0.5731 -0.7798
vn -0.3057 0.5897 -0.7475
vn -0.3024 0.5942 -0.7453
vn -0.3081 0.5868 -0.7489
vn -0.5945 -0.8041 0.0077
vn -0.5952 -0.8036 -0.0011
vn -0.5955 -0.8034 -0.0028
vn -0.5946 -0.8040 0.0092
vn -0.5079 -0.8588 -0.0671
vn -0.5422 -0.8361 0.0839
vn -0.5412 -0.8358 0.0924
vn -0.5409 -0.8358 0.0939
vn -0.0867 -0.9151 -0.3939
vn -0.0899 -0.9144 -0.3947
vn -0.0894 -0.9144 -0.3949
vn -0.0066 -0.9647 -0.2634
vn -0.0039 -0.9650 -0.2622
vn -0.0071 -0.9646 -0.2635
vn -0.0864 -0.9153 -0.3935
vn 0.7273 0.1347 0.6730
vn 0.4866 0.0907 0.8689
vn -0.5423 -0.8361 0.0827
vn -0.0034 -0.9651 -0.2617
vn 0.4526 0.2042 0.8680
vn 0.2566 0.0722 0.9638
vn 0.6520 -0.7286 0.2098
vn 0.3368 -0.9119 0.2346
vn 0.2273 -0.9606 0.1598
vn -0.3079 -0.8757 0.3720
vn 0.3938 -0.5605 0.7286
vn -0.3157 -0.8808 0.3530
vn 0.6932 0.0017 0.7207
vn -0.2419 -0.9269 0.2870
vn 0.6458 0.0145 0.7633
vn 0.6451 0.0109 0.7641
vn 0.6471 0.0207 0.7622
vn 0.6479 0.0240 0.7614
vn -0.4675 -0.8840 -0.0020
vn 0.2174 -0.8760 -0.4306
vn 0.4035 0.0117 0.9149
vn 0.4018 0.0173 0.9156
vn 0.4045 0.0080 0.9145
vn 0.4006 0.0212 0.9160
vn 0.4705 -0.8714 -0.1387
vn 0.3796 -0.9196 -0.1015
vn 0.3447 -0.0024 0.9387
vn 0.4838 -0.8664 -0.1233
vn 0.4922 -0.5595 0.6669
vn -0.0122 -0.9473 0.3201
vn 0.5667 0.0917 0.8188
vn 0.2847 0.1297 0.9498
vn 0.1108 -0.9360 0.3340
vn -0.0845 -0.7374 0.6702
vn 0.7529 0.0776 0.6535
vn 0.5791 0.2055 0.7889
vn -0.2164 -0.9677 -0.1293
vn -0.2194 -0.9668 -0.1306
vn -0.2190 -0.9670 -0.1302
vn 0.3337 -0.8258 -0.4546
vn 0.3255 -0.8259 -0.4603
vn 0.3266 -0.8261 -0.4592
vn 0.3351 -0.8255 -0.4541
vn 0.2731 -0.7932 -0.5442
vn 0.2821 -0.7938 -0.5389
vn 0.2807 -0.7936 -0.5398
vn 0.1935 -0.8522 -0.4861
vn 0.2340 -0.8762 -0.4212
vn 0.1763 -0.8507 -0.4952
vn -0.5976 0.6631 -0.4507
vn 0.2716 -0.7932 -0.5450
vn -0.5481 0.5869 -0.5960
vn -0.5485 0.5840 -0.5984
vn -0.5477 0.5914 -0.5919
vn -0.6003 0.5689 -0.5621
vn -0.3656 0.6550 -0.6613
vn -0.4861 -0.6324 -0.6032
vn 0.0776 -0.6253 -0.7765
vn 0.0540 -0.6167 -0.7853
vn -0.4266 -0.0605 -0.9024
vn -0.4440 -0.0762 -0.8928
vn -0.0611 -0.6991 -0.7124
vn -0.3870 -0.1520 -0.9095
vn -0.6459 -0.1552 -0.7474
vn -0.6019 -0.7055 -0.3740
vn -0.6022 -0.7567 -0.2545
vn 0.0475 -0.7491 -0.6607
vn -0.3003 0.5971 -0.7438
vn -0.5475 0.5939 -0.5895
vn -0.5187 0.2597 -0.8145
vn -0.6026 0.1962 -0.7736
vn -0.6041 0.1754 -0.7774
vn -0.4962 -0.0225 -0.8679
vn -0.8960 -0.0930 -0.4342
vn -0.8125 -0.2632 -0.5202
vn -0.6126 0.2320 -0.7556
vn -0.8347 -0.2719 -0.4790
vn -0.5699 -0.5226 -0.6341
vn -0.1002 0.6471 -0.7558
vn -0.2997 0.7369 -0.6059
vn -0.1408 0.6171 -0.7742
vn -0.0395 0.5432 -0.8387
vn -0.8438 -0.5060 0.1787
vn -0.7059 -0.7072 0.0396
vn -0.7057 -0.7073 0.0416
vn -0.7066 -0.7070 0.0293
vn -0.7067 -0.7070 0.0274
vn -0.3018 -0.9168 -0.2617
vn -0.2987 -0.9180 -0.2608
vn -0.2992 -0.9179 -0.2605
vn -0.2161 -0.9678 -0.1293
vn -0.5923 -0.7777 0.2106
vn -0.3020 -0.9166 -0.2621
vn -0.5074 -0.8604 -0.0478
vn -0.4661 -0.8846 0.0173
vn 0.6752 -0.6942 0.2494
vn 0.7774 -0.5759 0.2529
vn 0.2201 0.1106 0.9692
vn 0.1314 0.0094 0.9913
vn 0.0036 -0.1510 0.9885
vn 0.9121 -0.2688 0.3096
vn 0.0952 0.0324 0.9949
vn 0.7846 -0.5517 0.2829
vn 0.4729 -0.7635 -0.4397
vn 0.6673 -0.5722 -0.4768
vn 0.6716 -0.5710 -0.4721
vn 0.6665 -0.5723 -0.4778
vn 0.6725 -0.5706 -0.4713
vn 0.5375 -0.4898 -0.6865
vn 0.5314 -0.4905 -0.6907
vn 0.5324 -0.4902 -0.6901
vn 0.8830 -0.1569 -0.4423
vn 0.7304 -0.0656 -0.6799
vn 0.7439 -0.0620 -0.6654
vn 0.3564 -0.6948 -0.6247
vn 0.3458 -0.6947 -0.6307
vn 0.3474 -0.6946 -0.6299
vn 0.4616 -0.7654 -0.4484
vn 0.5384 -0.4898 -0.6857
vn -0.7460 0.5350 -0.3966
vn -0.6465 0.6408 -0.4140
vn -0.6449 0.6113 -0.4588
vn 0.3579 -0.6949 -0.6237
vn -0.1080 -0.2549 -0.9609
vn -0.0608 -0.2628 -0.9629
vn -0.4425 0.1842 -0.8776
vn -0.5430 0.3262 -0.7738
vn -0.4058 0.2506 -0.8789
vn -0.5174 0.3059 -0.7992
vn -0.5489 0.3052 -0.7782
vn -0.7241 0.6811 -0.1085
vn -0.7891 0.5864 -0.1830
vn -0.5758 0.5227 -0.6287
vn -0.5783 0.5089 -0.6377
vn -0.4913 0.4845 -0.7238
vn -0.0852 0.0878 -0.9925
vn -0.1356 -0.0157 -0.9906
vn -0.5733 0.6556 0.4914
vn -0.7115 0.5032 0.4905
vn -0.5912 0.4306 0.6820
vn -0.7701 -0.1711 0.6146
vn 0.8916 -0.1399 0.4306
vn 0.5896 -0.3733 0.7162
vn -0.5221 0.5825 0.6229
vn 0.7169 -0.4674 0.5173
vn 0.7235 -0.4599 0.5147
vn 0.7170 -0.4667 0.5177
vn 0.7330 -0.4988 0.4625
vn -0.1447 0.0345 -0.9889
vn -0.6042 0.5805 0.5459
vn -0.6037 0.5808 0.5461
vn -0.5992 0.5868 0.5447
vn -0.5996 0.5872 0.5438
vn -0.5449 0.5540 0.6294
vn -0.6579 0.7527 0.0255
vn -0.7186 0.6569 0.2282
vn -0.6014 0.5914 -0.5372
vn -0.4972 0.5551 -0.6668
vn -0.5095 0.4754 -0.7172
vn 0.7452 0.5205 -0.4168
vn 0.2947 0.6881 -0.6631
vn 0.3108 0.7247 -0.6151
vn 0.7240 -0.4600 0.5140
vn -0.6366 0.5833 0.5044
vn -0.3836 0.6334 0.6721
vn 0.7582 0.6476 0.0766
vn -0.2735 0.6353 0.7222
vn -0.0875 -0.7422 0.6645
vn 0.6479 -0.7337 0.2048
vn -0.5648 -0.4407 0.6977
vn -0.5649 -0.4407 0.6976
vn -0.0852 -0.9335 0.3482
vn -0.0852 -0.9336 0.3481
vn 0.6831 0.0737 0.7266
vn 0.6139 0.1295 0.7786
vn -0.5650 -0.4407 0.6975
vn 0.2164 0.8728 0.4375
vn 0.4391 0.0277 0.8980
vn 0.4385 0.0277 0.8983
vn 0.4416 0.0286 0.8968
vn 0.4750 0.2690 0.8379
vn 0.4359 -0.1747 0.8829
vn 0.4905 -0.1127 0.8641
vn 0.4903 -0.1124 0.8643
vn 0.4426 0.0289 0.8963
vn 0.8689 0.1014 0.4845
vn 0.7195 -0.2954 0.6286
vn 0.8393 0.1210 0.5300
vn 0.5247 0.2551 0.8122
vn 0.8192 -0.1323 0.5581
vn 0.8202 -0.1348 0.5560
vn 0.8199 -0.1348 0.5565
vn 0.8189 -0.1315 0.5586
vn 0.6995 0.1928 0.6881
vn 0.6994 0.1929 0.6882
vn 0.7796 0.0679 0.6226
vn 0.6470 -0.3495 0.6777
vn 0.1318 0.9116 -0.3893
vn 0.1318 0.9116 -0.3894
vn 0.1319 0.9116 -0.3892
vn -0.0394 -0.9509 0.3069
vn -0.0396 -0.9510 0.3067
vn 0.6996 0.1929 0.6881
vn 0.8106 0.0334 0.5846
vn 0.7283 -0.2215 0.6484
vn 0.7998 0.1182 0.5885
vn 0.8226 0.0983 0.5601
vn 0.8181 0.1339 0.5592
vn 0.5569 0.2452 0.7936
vn 0.5767 0.2133 0.7886
vn 0.5790 0.2327 0.7814
vn 0.5804 0.2354 0.7795
vn 0.5786 0.2315 0.7821
vn 0.5815 0.2328 0.7795
vn 0.8019 0.1419 0.5803
vn 0.8007 0.1393 0.5826
vn 0.8023 0.1430 0.5795
vn 0.6143 0.2212 0.7575
vn 0.4290 0.2674 0.8628
vn 0.5827 0.2346 0.7781
vn 0.6195 0.1994 0.7592
vn 0.6351 0.3493 0.6890
vn -0.3223 0.9445 0.0630
vn -0.3225 0.9445 0.0630
vn -0.3227 0.9444 0.0627
vn 0.2364 -0.9711 0.0317
vn 0.2365 -0.9711 0.0317
vn 0.2368 -0.9710 0.0319
vn 0.6728 -0.5214 0.5249
vn 0.2362 -0.9712 0.0317
vn -0.3221 0.9446 0.0630
vn 0.5838 0.2322 0.7780
vn 0.5859 0.2358 0.7753
vn 0.5855 0.2351 0.7758
vn 0.5911 0.1086 0.7993
vn 0.5911 0.1086 0.7992
vn 0.5729 0.0949 0.8141
vn 0.4915 0.4663 0.7355
vn -0.4856 0.8347 0.2597
vn -0.4860 0.8346 0.2593
vn -0.4855 0.8348 0.2598
vn 0.1957 -0.9778 0.0749
vn 0.1958 -0.9778 0.0749
vn 0.1961 -0.9777 0.0750
vn 0.5912 0.1085 0.7992
vn 0.6691 -0.4583 0.5850
vn -0.4855 0.8348 0.2597
vn 0.5794 0.0995 0.8089
vn 0.6252 0.2192 0.7491
vn 0.6255 0.2195 0.7487
vn 0.6239 0.2181 0.7505
vn 0.5983 0.2300 0.7676
vn 0.5997 0.2310 0.7661
vn 0.5968 0.2288 0.7691
vn 0.6221 0.2166 0.7524
vn -0.7137 0.2410 0.6577
vn -0.7135 0.2410 0.6579
vn -0.1631 0.9805 -0.1094
vn -0.1629 0.9806 -0.1093
vn -0.1630 0.9806 -0.1093
vn 0.6120 0.4932 0.6182
vn -0.3623 -0.7344 0.5739
vn 0.5875 0.2087 0.7818
vn 0.5875 0.2816 0.7586
vn 0.5849 0.0005 0.8111
vn -0.3622 -0.7345 0.5739
vn 0.6005 0.2305 0.7657
vn 0.5999 0.2327 0.7654
vn 0.6006 0.2315 0.7653
vn 0.5992 0.2313 0.7665
vn 0.6050 0.2690 0.7494
vn 0.6269 0.2231 0.7465
vn 0.6270 0.2232 0.7464
vn 0.6272 0.2230 0.7462
vn 0.7829 0.1294 0.6085
vn 0.7880 0.1910 0.5853
vn 0.7864 0.1517 0.5988
vn 0.7864 0.1514 0.5989
vn 0.7864 0.1513 0.5989
vn 0.5997 0.2072 0.7730
vn 0.5996 0.2312 0.7662
vn 0.5996 0.2311 0.7662
vn 0.7869 0.1504 0.5985
vn 0.7870 0.1512 0.5981
vn 0.7880 0.1483 0.5976
vn 0.7726 0.1935 0.6046
vn 0.7725 0.1916 0.6054
vn 0.7728 0.1960 0.6036
vn 0.7878 0.1533 0.5966
vn 0.7877 0.1532 0.5967
vn 0.7663 0.1639 0.6212
vn 0.7680 0.1660 0.6185
vn 0.7661 0.1638 0.6214
vn 0.7618 0.1172 0.6372
vn 0.5989 0.2313 0.7667
vn 0.6037 0.2989 0.7391
vn 0.7901 0.1494 0.5945
vn 0.5956 0.2326 0.7688
vn 0.7917 0.2187 0.5705
vn 0.7944 0.2195 0.5664
vn 0.8490 0.2352 0.4731
vn 0.8490 0.2354 0.4731
vn 0.8490 0.2353 0.4730
vn 0.8489 0.2353 0.4732
vn 0.0023 0.9623 -0.2719
vn 0.0021 0.9623 -0.2719
vn 0.0022 0.9623 -0.2719
vn 0.1385 -0.9812 0.1342
vn 0.1384 -0.9813 0.1341
vn 0.1383 -0.9813 0.1341
vn 0.5166 0.7930 0.3228
vn 0.5744 -0.5936 0.5636
vn 0.7103 -0.0840 -0.6989
vn 0.7105 -0.0839 -0.6987
vn 0.7104 -0.0839 -0.6988
vn 0.7703 0.1829 0.6109
vn 0.7102 -0.0840 -0.6990
vn 0.6709 0.1549 -0.7252
vn 0.6713 0.1551 -0.7248
vn 0.6705 0.1548 -0.7256
vn 0.7104 -0.0840 -0.6988
vn 0.6708 0.1549 -0.7252
vn 0.4883 0.5746 -0.6568
vn 0.4883 0.5748 -0.6567
vn 0.4881 0.5747 -0.6569
vn -0.5900 -0.2213 -0.7765
vn -0.5921 -0.2233 -0.7743
vn -0.5931 -0.2206 -0.7743
vn -0.3095 0.1598 -0.9374
vn -0.5988 -0.1691 -0.7829
vn -0.5881 -0.2300 -0.7754
vn -0.5879 -0.2300 -0.7756
vn -0.5919 -0.2338 -0.7713
vn -0.6193 -0.2205 -0.7535
vn -0.6027 -0.2019 -0.7720
vn -0.5871 -0.2220 -0.7785
vn 0.1384 -0.9812 0.1342
vn 0.1388 -0.9812 0.1341
vn -0.3703 -0.8538 -0.3659
vn 0.0021 0.9623 -0.2720
vn -0.5007 -0.1367 -0.8547
vn -0.5006 -0.1366 -0.8548
vn -0.5006 -0.1365 -0.8548
vn -0.5006 -0.1368 -0.8548
vn -0.5134 0.5091 -0.6908
vn 0.0018 0.9623 -0.2719
vn -0.5988 -0.2290 -0.7675
vn -0.5987 -0.2290 -0.7675
vn -0.6004 -0.2307 -0.7657
vn -0.6236 -0.2177 -0.7508
vn -0.6259 -0.2195 -0.7484
vn -0.6259 -0.2200 -0.7482
vn -0.5910 -0.1621 -0.7902
vn -0.6214 -0.2155 -0.7533
vn 0.6054 -0.6719 -0.4267
vn 0.6053 -0.6719 -0.4268
vn 0.7141 -0.2281 -0.6619
vn 0.7142 -0.2281 -0.6618
vn 0.7141 -0.2281 -0.6618
vn -0.6286 -0.2656 -0.7310
vn 0.6920 0.0586 -0.7195
vn 0.6919 0.0586 -0.7196
vn 0.6052 -0.6719 -0.4270
vn -0.6173 -0.1870 -0.7642
vn -0.6177 -0.1898 -0.7632
vn -0.6169 -0.1851 -0.7649
vn -0.6179 -0.1918 -0.7625
vn 0.6903 -0.4322 -0.5802
vn 0.6901 -0.4323 -0.5805
vn 0.6902 -0.4322 -0.5803
vn 0.6903 -0.4323 -0.5802
vn 0.6901 -0.4323 -0.5804
vn 0.2282 -0.9728 0.0406
vn 0.2280 -0.9728 0.0406
vn 0.2283 -0.9727 0.0407
vn -0.0947 -0.9612 -0.2593
vn -0.6251 -0.2266 -0.7470
vn -0.6203 -0.2266 -0.7509
vn -0.6199 -0.2265 -0.7513
vn -0.6269 -0.2383 -0.7418
vn -0.5985 -0.2340 -0.7662
vn -0.5997 -0.2319 -0.7659
vn -0.5985 -0.2330 -0.7665
vn -0.6039 -0.2529 -0.7559
vn -0.6270 -0.2393 -0.7414
vn -0.5996 -0.2307 -0.7664
vn -0.5979 -0.1911 -0.7785
vn -0.7863 -0.1510 -0.5991
vn -0.7867 -0.1496 -0.5989
vn -0.7864 -0.1516 -0.5989
vn -0.6005 -0.2308 -0.7656
vn -0.6005 -0.2307 -0.7656
vn -0.7870 -0.1749 -0.5916
vn -0.7809 -0.1130 -0.6144
vn -0.7869 -0.1512 -0.5982
vn -0.7870 -0.1509 -0.5982
vn -0.7870 -0.1510 -0.5982
vn -0.7679 -0.1655 -0.6188
vn -0.7665 -0.1642 -0.6209
vn -0.7668 -0.1645 -0.6205
vn -0.7881 -0.1522 -0.5965
vn -0.7892 -0.1533 -0.5947
vn -0.7962 -0.1727 -0.5798
vn -0.7151 0.1270 -0.6874
vn -0.1631 0.9805 -0.1095
vn -0.1629 0.9806 -0.1094
vn -0.3621 -0.7345 0.5739
vn -0.7934 -0.0991 -0.6006
vn -0.7684 -0.3725 -0.5203
vn -0.7035 0.3571 0.6145
vn -0.7034 0.3571 0.6146
vn -0.7032 0.3572 0.6148
vn -0.7651 -0.1605 -0.6236
vn -0.7650 -0.1606 -0.6236
vn -0.7650 -0.1609 -0.6236
vn -0.7667 -0.1558 -0.6228
vn -0.7875 -0.1507 -0.5976
vn -0.7635 -0.1064 -0.6370
vn -0.7635 -0.1065 -0.6369
vn -0.7634 -0.1062 -0.6371
vn -0.7793 -0.0821 -0.6213
vn -0.7875 -0.1509 -0.5975
vn -0.5980 0.1492 -0.7875
vn 0.1470 0.9035 -0.4025
vn 0.1468 0.9035 -0.4026
vn 0.1470 0.9036 -0.4024
vn -0.5103 -0.5396 0.6697
vn -0.5104 -0.5397 0.6695
vn -0.7634 -0.1061 -0.6372
vn -0.8104 -0.3300 -0.4841
vn -0.7814 -0.0788 -0.6190
vn -0.7940 -0.1458 -0.5902
vn -0.7953 -0.1461 -0.5884
vn -0.7926 -0.1468 -0.5918
vn -0.7658 -0.1583 -0.6233
vn -0.7682 -0.1482 -0.6228
vn -0.7659 -0.1586 -0.6231
vn -0.7927 -0.1483 -0.5913
vn -0.7901 -0.1496 -0.5944
vn -0.5919 -0.2337 -0.7714
vn -0.5920 -0.2336 -0.7713
vn -0.5955 -0.2324 -0.7690
vn -0.5875 -0.1614 -0.7930
vn -0.7945 -0.1362 -0.5918
vn -0.7849 -0.1404 -0.6034
vn -0.7944 -0.1339 -0.5925
vn -0.7686 -0.1466 -0.6227
vn -0.7669 -0.1309 -0.6283
vn -0.6557 0.5561 0.5108
vn -0.6557 0.5561 0.5107
vn 0.3294 0.7675 -0.5500
vn 0.3295 0.7674 -0.5500
vn 0.3295 0.7675 -0.5499
vn -0.2009 0.4607 -0.8645
vn 0.3298 0.7674 -0.5499
vn 0.3296 0.7674 -0.5499
vn -0.4535 -0.6244 0.6360
vn -0.4537 -0.6244 0.6359
vn -0.4536 -0.6243 0.6360
vn -0.4537 -0.6242 0.6360
vn -0.6986 0.3876 0.6015
vn -0.6984 0.3876 0.6017
vn -0.6985 0.3875 0.6016
vn -0.7689 -0.6244 0.1375
vn -0.7849 -0.1462 -0.6021
vn -0.7838 -0.1436 -0.6042
vn -0.7856 -0.1479 -0.6008
vn -0.7830 -0.1417 -0.6057
vn -0.6986 0.3875 0.6016
vn -0.8127 -0.1364 -0.5665
vn -0.8122 -0.1338 -0.5678
vn -0.8122 -0.1359 -0.5673
vn -0.7666 -0.1105 -0.6325
vn -0.7666 -0.1104 -0.6325
vn -0.8237 -0.0248 -0.5664
vn -0.8128 -0.1370 -0.5662
vn -0.8124 -0.1371 -0.5668
vn -0.5641 -0.2364 -0.7911
vn -0.5619 -0.2436 -0.7905
vn -0.5622 -0.2421 -0.7908
vn -0.5652 -0.2425 -0.7885
vn -0.5649 -0.2401 -0.7895
vn -0.5339 -0.2415 -0.8103
vn -0.4171 -0.1347 -0.8988
vn -0.5414 -0.1610 -0.8252
vn 0.3670 0.7293 -0.5773
vn 0.3672 0.7293 -0.5773
vn 0.3670 0.7293 -0.5775
vn -0.2228 -0.8561 0.4664
vn -0.2228 -0.8560 0.4665
vn -0.2230 -0.8560 0.4664
vn -0.3227 0.2993 -0.8979
vn 0.3670 0.7294 -0.5774
vn -0.7340 -0.4334 -0.5228
vn -0.2229 -0.8560 0.4664
vn 0.3671 0.7293 -0.5774
vn -0.2212 -0.8572 0.4651
vn -0.2211 -0.8572 0.4652
vn -0.2211 -0.8572 0.4651
vn -0.2214 -0.8572 0.4649
vn -0.2213 -0.8572 0.4650
vn 0.4881 0.5746 -0.6569
vn 0.4878 0.5747 -0.6570
vn -0.2212 -0.8571 0.4652
vn 0.6708 0.1549 -0.7253
vn 0.7921 0.1612 0.5887
vn 0.7945 0.1602 0.5858
vn 0.7937 0.1622 0.5863
vn 0.8526 0.4801 0.2063
vn 0.7863 0.2125 0.5801
vn 0.7960 0.1514 0.5861
vn 0.7968 0.1587 0.5830
vn 0.7829 0.1577 0.6019
vn 0.5815 0.2372 0.7782
vn 0.8006 0.1438 0.5817
vn 0.5903 0.2381 0.7712
vn 0.5892 0.2453 0.7698
vn 0.5904 0.2358 0.7719
vn 0.5894 0.2476 0.7690
vn 0.7928 0.1482 0.5912
vn 0.7928 0.1481 0.5912
vn 0.5869 0.4169 0.6941
vn 0.6019 0.2419 0.7611
vn 0.3912 0.6623 0.6390
vn 0.3911 0.6622 0.6392
vn 0.3911 0.6622 0.6391
vn 0.7036 0.7101 0.0254
vn -0.6558 0.5560 0.5107
vn 0.3295 0.7675 -0.5498
vn 0.6235 0.2524 0.7399
vn -0.6558 0.5560 0.5106
vn -0.6911 0.4279 0.5825
vn -0.6912 0.4278 0.5824
vn -0.6912 0.4278 0.5825
vn -0.5103 -0.5397 0.6695
vn -0.5102 -0.5395 0.6698
vn 0.1471 0.9035 -0.4025
vn 0.6257 0.2768 0.7294
vn 0.6255 0.2763 0.7297
vn 0.6255 0.2764 0.7297
vn 0.6255 0.2767 0.7295
vn 0.5373 0.0414 0.8423
vn 0.7050 0.5084 0.4946
vn 0.1471 0.9036 -0.4024
vn 0.6003 0.3024 0.7404
vn 0.5921 0.2350 0.7708
vn 0.6228 0.2353 0.7462
vn 0.6255 0.2253 0.7469
vn 0.6262 0.2250 0.7465
vn 0.5919 0.2338 0.7714
vn -0.7032 0.3572 0.6147
vn 0.6250 0.2278 0.7466
vn -0.7031 0.3572 0.6149
vn 0.6224 0.2370 0.7460
vn 0.3911 0.6621 0.6392
vn 0.5788 0.4291 0.6934
vn 0.5740 0.2398 0.7830
vn 0.8060 0.1405 0.5749
vn 0.8126 0.1396 0.5658
vn 0.8136 0.1426 0.5637
vn 0.8123 0.1374 0.5669
vn 0.5653 0.2423 0.7885
vn 0.5654 0.2456 0.7874
vn 0.5653 0.2440 0.7879
vn 0.8063 0.3321 0.4895
vn 0.8144 0.1375 0.5638
vn 0.8337 0.1354 0.5353
vn 0.8581 0.4586 0.2311
vn 0.8581 0.4585 0.2312
vn 0.8581 0.4584 0.2314
vn 0.3855 -0.4135 0.8249
vn 0.7765 0.6028 0.1834
vn -0.2231 -0.8560 0.4663
vn 0.8926 0.2265 0.3898
vn 0.6043 -0.0645 0.7941
vn 0.8260 0.2161 0.5206
vn 0.7886 0.1539 0.5954
vn 0.8192 0.1318 0.5581
vn 0.8185 0.1377 0.5578
vn 0.8172 0.1359 0.5602
vn 0.8170 0.1346 0.5607
vn 0.7825 0.1697 0.5991
vn 0.7147 -0.1751 -0.6771
vn 0.7146 -0.1751 -0.6773
vn 0.7090 -0.0645 -0.7022
vn 0.7087 -0.0646 -0.7026
vn 0.7907 0.1820 0.5845
vn 0.7085 -0.0647 -0.7027
vn 0.6687 0.1568 -0.7268
vn 0.6684 0.1527 -0.7279
vn 0.6699 0.1587 -0.7252
vn 0.6697 0.1586 -0.7255
vn 0.7089 -0.0645 -0.7023
vn 0.6698 0.1588 -0.7253
vn 0.6724 0.1493 -0.7250
vn -0.5620 -0.1159 -0.8190
vn -0.5667 -0.1626 -0.8077
vn -0.5631 -0.1599 -0.8108
vn -0.5468 -0.2389 -0.8024
vn -0.5484 -0.1087 -0.8291
vn -0.5737 -0.2319 -0.7855
vn -0.5976 -0.2282 -0.7686
vn -0.5561 -0.2417 -0.7952
vn -0.5551 -0.2470 -0.7943
vn -0.5583 -0.2434 -0.7931
vn -0.5551 -0.2466 -0.7944
vn -0.5552 -0.2476 -0.7940
vn -0.5947 -0.2000 -0.7787
vn -0.5587 -0.2448 -0.7924
vn -0.8181 -0.1318 -0.5598
vn -0.8196 -0.1245 -0.5592
vn -0.8192 -0.1313 -0.5583
vn -0.8154 -0.1337 -0.5633
vn -0.8151 -0.1357 -0.5632
vn -0.7859 -0.1472 -0.6006
vn -0.7931 -0.1157 -0.5980
vn -0.7930 -0.1152 -0.5982
vn -0.7930 -0.1151 -0.5982
vn -0.7930 -0.1144 -0.5984
vn -0.8221 -0.1286 -0.5546
vn -0.8031 -0.1328 -0.5808
vn -0.6726 0.5032 0.5426
vn -0.6725 0.5032 0.5427
vn -0.6717 0.5028 0.5441
vn -0.1406 0.9812 -0.1319
vn -0.1409 0.9812 -0.1320
vn -0.1407 0.9812 -0.1319
vn -0.5655 0.6133 -0.5515
vn -0.1404 0.9813 -0.1319
vn -0.1405 0.9812 -0.1319
vn 0.0171 -0.9672 0.2536
vn 0.0174 -0.9672 0.2536
vn 0.0171 -0.9672 0.2535
vn 0.0170 -0.9672 0.2536
vn -0.1466 0.9812 -0.1258
vn -0.1467 0.9812 -0.1258
vn -0.1470 0.9811 -0.1260
vn -0.3589 -0.9207 -0.1530
vn -0.4142 0.8220 -0.3907
vn -0.1461 0.9813 -0.1254
vn -0.1466 0.9812 -0.1257
vn -0.1224 -0.9164 0.3811
vn -0.1225 -0.9164 0.3810
vn -0.1224 -0.9164 0.3810
vn -0.1226 -0.9164 0.3811
vn -0.1094 0.9804 -0.1639
vn -0.1091 0.9805 -0.1636
vn -0.1093 0.9804 -0.1637
vn -0.6464 -0.6765 -0.3529
vn -0.4745 0.7148 -0.5138
vn -0.1092 0.9804 -0.1637
vn -0.1094 0.9804 -0.1637
vn -0.0424 -0.9501 0.3091
vn -0.0426 -0.9501 0.3091
vn -0.0424 -0.9501 0.3092
vn -0.0423 -0.9501 0.3091
vn -0.6477 0.5781 0.4963
vn -0.6477 0.5782 0.4963
vn -0.6044 -0.6893 -0.3993
vn -0.8006 -0.0903 -0.5923
vn -0.6476 0.5782 0.4964
vn -0.6478 0.5781 0.4961
vn -0.5026 0.8173 0.2818
vn -0.5029 0.8172 0.2816
vn -0.5025 0.8174 0.2817
vn 0.0852 0.9335 -0.3482
vn 0.0854 0.9336 -0.3481
vn 0.0853 0.9335 -0.3482
vn 0.5532 0.4017 0.7298
vn 0.0852 0.9335 -0.3483
vn 0.5334 0.4111 0.7393
vn 0.5278 0.2690 0.8056
vn 0.4724 0.2889 0.8327
vn 0.4542 0.2776 0.8466
vn 0.4623 0.4606 0.7577
vn 0.4650 0.4584 0.7573
vn 0.4617 0.4611 0.7578
vn 0.4662 0.4576 0.7572
vn 0.0851 0.9335 -0.3483
vn 0.8775 0.2828 0.3873
vn 0.8787 0.2833 0.3842
vn 0.8791 0.2833 0.3834
vn 0.8769 0.2826 0.3888
vn 0.8811 0.1012 0.4620
vn 0.8387 0.1277 0.5294
vn 0.8403 0.2804 0.4639
vn 0.8278 0.2847 0.4834
vn 0.6086 0.3440 -0.7150
vn 0.6086 0.3440 -0.7151
vn 0.0849 0.9335 -0.3485
vn 0.0851 0.9335 -0.3482
vn 0.0854 0.9336 -0.3480
vn 0.6085 0.3440 -0.7151
vn 0.6086 0.3441 -0.7150
vn -0.5040 -0.0902 -0.8590
vn -0.5246 -0.0879 -0.8468
vn -0.4532 -0.2667 -0.8506
vn -0.5671 -0.2372 -0.7887
vn -0.4271 -0.0768 -0.9010
vn -0.4302 -0.0777 -0.8994
vn -0.4266 -0.0766 -0.9012
vn -0.5145 -0.1542 -0.8435
vn -0.4311 -0.0780 -0.8989
vn 0.0853 0.9335 -0.3483
vn 0.0854 0.9335 -0.3482
vn -0.8427 0.0980 -0.5294
vn -0.8437 0.1008 -0.5273
vn -0.8439 0.1012 -0.5268
vn -0.8424 0.0970 -0.5301
vn -0.8367 -0.1072 -0.5370
vn -0.8693 -0.0811 -0.4877
vn -0.8110 0.0405 -0.5836
vn -0.8801 -0.0902 -0.4661
vn -0.7991 0.0291 -0.6005
vn 0.0850 0.9335 -0.3483
vn -0.5025 0.8174 0.2818
vn -0.4655 -0.2338 -0.8536
vn -0.4639 -0.2749 -0.8422
vn -0.8693 -0.1383 -0.4745
vn -0.8589 -0.0961 -0.5031
vn -0.4889 -0.2776 -0.8270
vn -0.4896 -0.2672 -0.8300
vn -0.4884 -0.2769 -0.8275
vn -0.4797 -0.1800 -0.8587
vn -0.4803 -0.1279 -0.8677
vn -0.8553 -0.0109 -0.5181
vn -0.4900 -0.2651 -0.8304
vn -0.5773 -0.1872 -0.7948
vn -0.6994 -0.1932 -0.6881
vn -0.6994 -0.1931 -0.6881
vn -0.6994 -0.1928 -0.6882
vn -0.5106 0.0430 -0.8588
vn -0.5320 0.1918 -0.8247
vn -0.5801 -0.1658 -0.7975
vn 0.0050 0.9616 -0.2742
vn 0.0047 0.9616 -0.2744
vn 0.0049 0.9616 -0.2743
vn 0.1096 -0.9805 0.1631
vn 0.1097 -0.9805 0.1629
vn 0.1097 -0.9805 0.1632
vn -0.5123 -0.5169 -0.6858
vn -0.5549 -0.2460 -0.7947
vn -0.5382 -0.2511 -0.8045
vn -0.5285 0.0235 -0.8486
vn -0.8330 -0.1250 -0.5390
vn -0.5172 -0.2572 -0.8163
vn -0.8214 -0.1158 -0.5584
vn -0.7494 0.2884 -0.5960
vn -0.5389 -0.2673 -0.7988
vn -0.6831 0.5709 -0.4554
vn -0.6831 0.5710 -0.4554
vn -0.6830 0.5710 -0.4554
vn -0.7419 0.3505 -0.5716
vn -0.5428 -0.1940 -0.8171
vn -0.8206 -0.1846 -0.5409
vn -0.8225 -0.1610 -0.5455
vn -0.8232 -0.1428 -0.5496
vn -0.9971 -0.0122 0.0758
vn -0.9978 0.0544 0.0380
vn 0.1099 -0.9805 0.1632
vn 0.1098 -0.9805 0.1633
vn 0.0049 0.9617 -0.2742
vn 0.0048 0.9616 -0.2743
vn 0.1099 -0.9805 0.1631
vn 0.0050 0.9616 -0.2743
vn 0.6719 0.1494 -0.7254
vn 0.6721 0.1494 -0.7252
vn 0.6726 0.1495 -0.7248
vn 0.8195 0.1332 0.5574
vn 0.7886 -0.1581 0.5943
vn 0.8093 0.2165 0.5460
vn 0.8075 0.2617 0.5286
vn 0.8156 0.2673 0.5132
vn 0.8306 0.1262 0.5424
vn 0.8273 0.1835 0.5310
vn 0.8296 0.1102 0.5474
vn 0.7992 0.3895 0.4578
vn 0.5346 0.2522 0.8066
vn 0.8440 0.1182 0.5232
vn 0.5511 0.2626 0.7920
vn 0.4798 0.6272 0.6135
vn 0.2695 0.8337 0.4821
vn 0.2696 0.8337 0.4820
vn 0.2696 0.8337 0.4819
vn 0.2698 0.8336 0.4819
vn 0.4396 0.6764 0.5910
vn -0.0086 0.6460 0.7633
vn 0.4965 0.3812 0.7798
vn 0.5124 0.2586 0.8189
vn 0.5083 -0.3581 0.7832
vn 0.2918 0.9259 0.2399
vn -0.1225 -0.9164 0.3811
vn -0.1095 0.9804 -0.1637
vn 0.4916 0.2766 0.8257
vn 0.8604 0.1049 0.4987
vn 0.8604 0.0947 0.5008
vn 0.8608 0.0946 0.5002
vn 0.8604 0.1074 0.4982
vn 0.8032 0.1938 0.5633
vn 0.8649 0.1906 0.4643
vn 0.6994 0.1928 0.6883
vn 0.6993 0.1928 0.6883
vn 0.6994 0.1928 0.6882
vn 0.8041 0.4053 0.4350
vn 0.7309 0.5396 0.4178
vn 0.8000 0.2145 0.5603
vn 0.6722 0.1492 -0.7252
vn 0.6723 0.1493 -0.7250
vn 0.6524 0.2208 -0.7250
vn 0.6526 0.2209 -0.7247
vn 0.8019 0.2269 0.5528
vn 0.8007 0.2267 0.5545
vn 0.8005 0.2275 0.5544
vn 0.6524 0.2209 -0.7249
vn 0.6756 0.1347 -0.7248
vn 0.6758 0.1349 -0.7246
vn 0.6759 0.1349 -0.7245
vn 0.6758 0.1348 -0.7247
vn 0.6524 0.2208 -0.7249
vn 0.8027 0.2146 0.5564
vn 0.8031 0.2127 0.5566
vn 0.6525 0.2209 -0.7249
vn 0.8595 0.2414 0.4505
vn 0.4755 0.2326 0.8484
vn 0.8746 0.1356 0.4654
vn 0.4832 0.3581 0.7989
vn 0.0275 0.5629 0.8261
vn 0.6995 0.1927 0.6882
vn 0.3876 -0.7151 0.5817
vn 0.1454 0.9763 0.1600
vn -0.0728 0.3095 0.9481
vn 0.5498 0.2359 0.8013
vn 0.5506 0.2175 0.8059
vn -0.0912 0.2373 0.9671
vn 0.5776 0.2479 0.7777
vn 0.5543 0.2542 0.7926
vn 0.5510 0.2498 0.7962
vn 0.5568 0.2473 0.7930
vn 0.3534 0.8664 0.3528
vn 0.5505 0.2491 0.7968
vn 0.5527 0.1943 0.8104
vn 0.5553 0.2470 0.7941
vn 0.8193 0.1322 0.5579
vn 0.8192 0.1314 0.5583
vn -0.6714 0.5008 0.5463
vn 0.5898 0.2662 0.7625
vn 0.5898 0.2668 0.7622
vn 0.5898 0.2660 0.7625
vn -0.6738 0.4975 0.5464
vn -0.6743 0.4972 0.5460
vn -0.6743 0.4973 0.5459
vn -0.6742 0.4973 0.5460
vn -0.6744 0.4973 0.5458
vn 0.6123 0.2522 0.7493
vn 0.6009 0.2351 0.7640
vn 0.5897 0.2655 0.7627
vn -0.6743 0.4974 0.5458
vn -0.6986 0.3875 0.6015
vn 0.6036 0.2390 0.7606
vn 0.6044 0.2408 0.7594
vn 0.6021 0.2360 0.7628
vn 0.6221 0.2723 0.7340
vn -0.6985 0.3876 0.6016
vn -0.4539 -0.6244 0.6356
vn 0.0194 -0.4071 0.9132
vn 0.6013 0.2342 0.7639
vn 0.5648 0.2437 0.7885
vn 0.5341 0.3495 0.7698
vn 0.5645 0.2427 0.7890
vn 0.5614 0.2441 0.7907
vn 0.5608 0.2457 0.7907
vn 0.8251 0.1393 0.5475
vn 0.8064 0.1486 0.5724
vn 0.8116 0.2189 0.5417
vn 0.6721 0.1492 -0.7253
vn -0.5776 -0.1532 -0.8018
vn -0.5772 -0.1555 -0.8017
vn -0.5778 -0.1523 -0.8018
vn -0.8471 -0.1159 -0.5187
vn -0.9092 0.3978 -0.1228
vn -0.8427 0.0124 -0.5382
vn -0.9465 0.2944 -0.1323
vn -0.5770 -0.1564 -0.8016
vn 0.8748 0.0941 0.4752
vn 0.5573 -0.3691 0.7438
vn 0.5773 0.2896 0.7635
vn -0.0425 -0.9500 0.3092
vn -0.6477 0.5781 0.4962
vn -0.7763 -0.1309 -0.6166
vn -0.8224 -0.1294 -0.5540
vn 0.7146 -0.1751 -0.6772
vn 0.7144 -0.1751 -0.6775
vn 0.7089 -0.0646 -0.7024
vn -0.6056 -0.2130 -0.7667
vn 0.8146 0.1359 0.5639
vn 0.8580 0.4587 0.2311
vn 0.8017 0.3251 0.5016
vn 0.7929 0.1480 0.5912
vn -0.6743 -0.7056 -0.2177
vn -0.3277 0.1317 -0.9356
vn -0.3276 0.1317 -0.9356
vn -0.3276 0.1316 -0.9356
vn -0.5434 -0.0399 -0.8385
vn -0.3274 0.1317 -0.9357
vn -0.5534 -0.0485 -0.8315
vn -0.5738 -0.2397 -0.7831
vn -0.5815 -0.2372 -0.7782
vn -0.8006 -0.1438 -0.5817
vn -0.8063 -0.1407 -0.5745
vn -0.7680 0.0430 -0.6390
vn -0.7853 0.3380 -0.5187
vn -0.7856 0.3378 -0.5184
vn -0.7854 0.3378 -0.5186
vn -0.7855 0.3379 -0.5185
vn -0.7706 0.0570 -0.6348
vn -0.7931 -0.2787 -0.5416
vn -0.5971 -0.2319 -0.7679
vn -0.7930 -0.1480 -0.5910
vn -0.6032 -0.3595 -0.7120
vn -0.3251 -0.6652 -0.6722
vn -0.5979 -0.3675 -0.7124
vn -0.3250 -0.6652 -0.6722
vn -0.5854 -0.2399 -0.7744
vn -0.5853 -0.2381 -0.7750
vn -0.5840 -0.2391 -0.7757
vn -0.5815 -0.2436 -0.7762
vn -0.5857 -0.2357 -0.7755
vn -0.4109 -0.7299 -0.5462
vn -0.4613 0.7540 -0.4677
vn 0.2163 0.8606 -0.4611
vn 0.2169 0.8605 -0.4610
vn 0.2165 0.8605 -0.4612
vn 0.2548 -0.9669 0.0119
vn 0.2549 -0.9669 0.0120
vn 0.2549 -0.9669 0.0119
vn -0.5816 -0.2398 -0.7773
vn -0.6757 -0.1102 -0.7289
vn 0.2167 0.8606 -0.4609
vn 0.2548 -0.9669 0.0118
vn -0.5812 -0.2417 -0.7771
vn -0.5797 -0.2390 -0.7790
vn -0.5834 -0.2408 -0.7756
vn -0.6152 -0.2303 -0.7540
vn -0.6221 -0.2439 -0.7440
vn 0.5524 -0.7568 -0.3494
vn 0.5522 -0.7569 -0.3495
vn 0.6779 -0.4836 -0.5537
vn 0.6778 -0.4837 -0.5538
vn -0.6193 -0.2922 -0.7287
vn -0.0396 -0.9510 0.3065
vn 0.5524 -0.7569 -0.3493
vn -0.5543 -0.3427 -0.7585
vn -0.5479 -0.2795 -0.7885
vn -0.0395 -0.9510 0.3068
vn 0.1316 0.9116 -0.3894
vn -0.6994 -0.1926 -0.6882
vn -0.6995 -0.1928 -0.6882
vn -0.6995 -0.1926 -0.6882
vn -0.6995 -0.1927 -0.6882
vn -0.5442 -0.6779 -0.4943
vn -0.4817 -0.4933 -0.7243
vn -0.4812 -0.4936 -0.7244
vn -0.4839 -0.4915 -0.7241
vn -0.4750 -0.2689 -0.8379
vn -0.7046 -0.3089 -0.6389
vn -0.4848 -0.4907 -0.7240
vn -0.5100 -0.6342 -0.5811
vn -0.6009 -0.3127 -0.7356
vn -0.0851 -0.9336 0.3481
vn -0.0854 -0.9335 0.3481
vn 0.5524 -0.7568 -0.3493
vn 0.1319 0.9116 -0.3893
vn -0.0853 -0.9335 0.3482
vn 0.7098 -0.3022 -0.6364
vn 0.7098 -0.3022 -0.6363
vn 0.7094 -0.3023 -0.6367
vn -0.0851 -0.9335 0.3482
vn 0.7094 -0.3023 -0.6366
vn 0.7095 -0.3022 -0.6366
vn -0.0852 -0.9335 0.3483
vn -0.0854 -0.9335 0.3483
vn -0.4786 -0.2681 -0.8361
vn -0.4786 -0.2682 -0.8361
vn -0.0850 -0.9335 0.3484
vn -0.0854 -0.9335 0.3482
vn -0.0854 -0.9336 0.3481
vn -0.0850 -0.9335 0.3482
vn -0.7094 0.3023 0.6367
vn -0.7095 0.3023 0.6366
vn -0.7095 0.3022 0.6366
vn -0.8671 -0.1026 -0.4875
vn -0.8668 -0.1028 -0.4879
vn -0.8668 -0.1028 -0.4880
vn -0.7098 0.3022 0.6363
vn -0.0853 -0.9335 0.3483
vn -0.7046 -0.3088 -0.6389
vn -0.7713 -0.2523 -0.5844
vn -0.5650 -0.4407 0.6976
vn -0.8615 -0.3307 -0.3853
vn -0.8624 -0.3315 -0.3826
vn -0.8610 -0.3305 -0.3865
vn -0.7910 -0.4660 -0.3965
vn -0.7909 -0.4659 -0.3967
vn -0.7909 -0.4658 -0.3968
vn -0.7934 -0.5136 -0.3268
vn -0.8628 -0.3310 -0.3822
vn -0.8689 -0.1011 -0.4845
vn -0.6519 0.6335 -0.4168
vn -0.2777 0.9606 0.0131
vn -0.2778 0.9605 0.0132
vn 0.1686 -0.9802 0.1034
vn 0.1687 -0.9802 0.1033
vn 0.1687 -0.9803 0.1032
vn -0.7913 -0.4695 -0.3916
vn -0.5317 -0.6415 -0.5529
vn -0.7915 -0.4703 -0.3902
vn -0.8181 -0.1338 -0.5593
vn -0.8043 -0.1674 -0.5702
vn -0.8228 -0.1618 -0.5448
vn -0.5568 -0.2451 -0.7936
vn -0.8013 -0.1456 -0.5803
vn -0.8025 -0.1482 -0.5780
vn -0.8029 -0.1493 -0.5772
vn -0.8006 -0.1483 -0.5806
vn -0.5791 -0.2376 -0.7799
vn -0.5812 -0.2624 -0.7703
vn -0.7756 -0.1620 -0.6101
vn -0.8934 -0.0972 -0.4386
vn -0.8934 -0.0971 -0.4386
vn -0.7997 -0.1465 -0.5823
vn -0.7714 -0.1844 -0.6090
vn -0.7438 -0.0309 -0.6677
vn -0.3224 0.9445 0.0630
vn 0.2367 -0.9711 0.0317
vn 0.2366 -0.9711 0.0317
vn -0.3503 -0.8033 -0.4816
vn -0.7977 -0.1462 -0.5851
vn -0.7975 -0.1458 -0.5855
vn -0.7990 -0.1491 -0.5826
vn -0.7975 -0.1456 -0.5855
vn -0.7859 -0.2713 -0.5557
vn -0.7857 -0.2715 -0.5558
vn -0.7969 -0.2829 -0.5338
vn -0.8231 0.1037 -0.5583
vn -0.4858 0.8346 0.2597
vn -0.4855 0.8348 0.2595
vn 0.1959 -0.9778 0.0749
vn -0.7859 -0.2713 -0.5556
vn -0.4250 -0.7602 -0.4915
vn -0.7134 0.2410 0.6580
vn -0.7137 0.2409 0.6577
vn -0.7136 0.2410 0.6578
vn -0.7693 -0.1669 -0.6167
vn -0.6769 -0.1291 0.7247
vn -0.6773 -0.1292 0.7243
vn -0.6772 -0.1292 0.7244
vn -0.7095 0.0690 0.7014
vn -0.7093 0.0690 0.7015
vn -0.7094 0.0690 0.7014
vn -0.7786 -0.2075 -0.5922
vn -0.6771 -0.1292 0.7244
vn 0.1686 -0.9803 0.1034
vn 0.1684 -0.9803 0.1033
vn 0.1684 -0.9803 0.1032
vn 0.6940 -0.3036 0.6528
vn 0.5504 0.2168 0.8063
vn 0.6092 0.1752 0.7734
vn -0.7091 0.0690 0.7017
vn -0.7092 0.0690 0.7016
vn -0.5487 -0.5738 -0.6080
vn -0.8393 -0.1210 -0.5300
vn -0.5247 -0.2551 -0.8122
vn -0.2777 0.9606 0.0130
vn -0.8669 -0.1028 -0.4877
vn -0.7094 0.3023 0.6366
vn 0.4786 0.2681 0.8361
vn 0.7096 -0.3022 -0.6365
vn 0.8669 0.1028 0.4878
vn 0.8666 0.1029 0.4882
vn 0.8667 0.1029 0.4882
vn 0.8671 0.1026 0.4874
vn 0.5523 -0.7569 -0.3493
vn 0.5526 -0.7568 -0.3492
vn 0.6780 -0.4836 -0.5535
vn 0.6780 -0.4836 -0.5536
vn 0.7671 0.0899 0.6352
vn 0.7745 0.1527 0.6139
vn 0.7686 0.1394 0.6244
vn 0.8005 0.1411 0.5825
vn 0.7991 0.1403 0.5846
vn 0.8004 0.1374 0.5835
vn 0.7987 0.1422 0.5846
vn 0.7168 0.2737 0.6413
vn 0.2169 0.8604 -0.4612
vn 0.2167 0.8604 -0.4612
vn 0.2547 -0.9669 0.0118
vn 0.2550 -0.9669 0.0118
vn 0.7977 0.1432 0.5859
vn 0.7140 -0.4199 0.5603
vn 0.7975 0.1411 0.5866
vn 0.8195 -0.3497 0.4540
vn 0.8195 -0.3497 0.4539
vn 0.7720 0.0100 0.6355
vn 0.7974 0.1456 0.5857
vn 0.2367 0.9465 0.2191
vn -0.1298 0.9811 -0.1432
vn -0.1299 0.9811 -0.1433
vn -0.1297 0.9811 -0.1433
vn 0.2283 -0.9728 0.0407
vn 0.5068 -0.7953 0.3325
vn 0.7693 0.0187 0.6386
vn 0.7878 0.1492 0.5976
vn 0.7889 0.1502 0.5958
vn 0.7710 0.1570 0.6172
vn 0.7651 0.1485 0.6266
vn 0.7648 0.1453 0.6277
vn 0.7650 0.1482 0.6268
vn -0.1292 0.9812 -0.1433
vn -0.1294 0.9812 -0.1433
vn 0.7930 0.1475 0.5911
vn -0.1295 0.9812 -0.1433
vn 0.7647 0.1442 0.6280
vn 0.7729 0.1983 0.6027
vn 0.6917 0.0585 -0.7198
vn 0.6052 -0.6719 -0.4269
vn 0.7140 -0.2281 -0.6619
vn 0.7140 -0.2282 -0.6620
vn 0.7140 -0.2281 -0.6620
vn 0.7699 0.1681 0.6157
vn 0.5917 0.2338 0.7715
vn 0.4857 -0.1181 0.8661
vn 0.4865 -0.1171 0.8658
vn -0.2775 0.9606 0.0132
vt 0.428163 0.040834
vt 0.429572 0.039807
vt 0.430673 0.046078
vt 0.426444 0.036096
vt 0.425208 0.037150
vt 0.426830 0.041778
vt 0.429174 0.047044
vt 0.421699 0.033833
vt 0.422614 0.032965
vt 0.424160 0.037896
vt 0.417649 0.030800
vt 0.418322 0.030314
vt 0.420853 0.034218
vt 0.419590 0.034092
vt 0.416473 0.030791
vt 0.413730 0.028016
vt 0.417571 0.033574
vt 0.421956 0.037922
vt 0.420096 0.037284
vt 0.352654 0.382870
vt 0.412595 0.386236
vt 0.354832 0.386979
vt 0.435255 0.202406
vt 0.431707 0.205416
vt 0.433840 0.201270
vt 0.421844 0.041469
vt 0.436778 0.197772
vt 0.435250 0.196687
vt 0.351186 0.378320
vt 0.415700 0.380973
vt 0.414374 0.383773
vt 0.365038 0.036568
vt 0.364944 0.034891
vt 0.367082 0.034317
vt 0.370726 0.203346
vt 0.371728 0.202225
vt 0.373503 0.204709
vt 0.410280 0.388533
vt 0.367400 0.032704
vt 0.369672 0.032260
vt 0.372717 0.205896
vt 0.375821 0.207029
vt 0.370543 0.030602
vt 0.369251 0.030593
vt 0.366015 0.032799
vt 0.365310 0.032401
vt 0.373261 0.028471
vt 0.368722 0.030099
vt 0.362617 0.034870
vt 0.364843 0.031514
vt 0.361945 0.034130
vt 0.359745 0.037019
vt 0.358867 0.036092
vt 0.361280 0.033050
vt 0.357168 0.039451
vt 0.356043 0.038457
vt 0.357950 0.035009
vt 0.354945 0.037487
vt 0.353529 0.041281
vt 0.354820 0.042245
vt 0.352387 0.040523
vt 0.351437 0.044701
vt 0.352735 0.045499
vt 0.351085 0.049438
vt 0.350377 0.044278
vt 0.349945 0.048968
vt 0.348948 0.048980
vt 0.349348 0.044346
vt 0.349132 0.054327
vt 0.350121 0.054348
vt 0.349921 0.060468
vt 0.348002 0.054796
vt 0.347743 0.049476
vt 0.367400 0.188232
vt 0.368978 0.187351
vt 0.369027 0.192082
vt 0.367719 0.182641
vt 0.348032 0.044885
vt 0.367534 0.193004
vt 0.419039 0.460236
vt 0.418979 0.455967
vt 0.479823 0.458959
vt 0.419297 0.450951
vt 0.479823 0.453131
vt 0.417169 0.368988
vt 0.417103 0.373698
vt 0.350281 0.372166
vt 0.361750 0.050280
vt 0.360248 0.046811
vt 0.361836 0.045899
vt 0.416611 0.377660
vt 0.360737 0.043077
vt 0.362431 0.042215
vt 0.369506 0.196067
vt 0.423169 0.053129
vt 0.422980 0.047164
vt 0.424507 0.047959
vt 0.423525 0.042195
vt 0.350281 0.365738
vt 0.437702 0.185032
vt 0.436077 0.190499
vt 0.435989 0.184049
vt 0.437702 0.191533
vt 0.424765 0.042543
vt 0.423227 0.038163
vt 0.425731 0.042399
vt 0.426677 0.048384
vt 0.427791 0.047887
vt 0.429212 0.053479
vt 0.427790 0.054229
vt 0.430796 0.052562
vt 0.429968 0.059160
vt 0.428295 0.060026
vt 0.431586 0.058317
vt 0.429933 0.064895
vt 0.428174 0.065734
vt 0.427350 0.071308
vt 0.429002 0.070629
vt 0.431408 0.064258
vt 0.425760 0.076708
vt 0.430226 0.070299
vt 0.427157 0.076304
vt 0.431186 0.070439
vt 0.423246 0.081929
vt 0.424333 0.081902
vt 0.428153 0.076356
vt 0.419370 0.086960
vt 0.425158 0.082386
vt 0.429053 0.076897
vt 0.429196 0.159211
vt 0.432510 0.165357
vt 0.430553 0.164544
vt 0.432167 0.071045
vt 0.472203 0.429874
vt 0.475186 0.435429
vt 0.421646 0.434336
vt 0.425182 0.153500
vt 0.427155 0.158467
vt 0.422327 0.430350
vt 0.468561 0.424698
vt 0.433191 0.170930
vt 0.355395 0.346215
vt 0.358683 0.340091
vt 0.414215 0.345042
vt 0.415117 0.076662
vt 0.418378 0.071142
vt 0.419366 0.072117
vt 0.421977 0.066207
vt 0.352873 0.352623
vt 0.414934 0.349478
vt 0.420849 0.065268
vt 0.365701 0.072403
vt 0.364418 0.073392
vt 0.363230 0.069323
vt 0.367029 0.076408
vt 0.364564 0.068334
vt 0.370401 0.164216
vt 0.372105 0.163405
vt 0.371311 0.167825
vt 0.371239 0.159819
vt 0.413460 0.340628
vt 0.372955 0.159017
vt 0.361991 0.070220
vt 0.361703 0.062413
vt 0.360404 0.063292
vt 0.359385 0.057259
vt 0.358302 0.057775
vt 0.359344 0.063841
vt 0.357337 0.057819
vt 0.357766 0.052506
vt 0.356794 0.052497
vt 0.356750 0.047860
vt 0.355603 0.052020
vt 0.356128 0.057388
vt 0.357723 0.047949
vt 0.358866 0.052041
vt 0.358172 0.044009
vt 0.358835 0.047564
vt 0.360239 0.051226
vt 0.360721 0.056403
vt 0.363106 0.061435
vt 0.362172 0.055436
vt 0.368468 0.176143
vt 0.370139 0.175312
vt 0.369354 0.181789
vt 0.369620 0.168644
vt 0.416818 0.363443
vt 0.351156 0.359177
vt 0.416066 0.356974
vt 0.422450 0.059214
vt 0.423714 0.060110
vt 0.424561 0.053978
vt 0.435067 0.171804
vt 0.435015 0.177479
vt 0.436811 0.178409
vt 0.433483 0.064239
vt 0.436170 0.058613
vt 0.434566 0.064910
vt 0.477473 0.441240
vt 0.479030 0.447183
vt 0.419976 0.445106
vt 0.420997 0.438339
vt 0.434960 0.057882
vt 0.432514 0.064009
vt 0.432915 0.057729
vt 0.433945 0.057564
vt 0.432287 0.051722
vt 0.433497 0.051188
vt 0.432053 0.045242
vt 0.433171 0.044763
vt 0.430845 0.038966
vt 0.431893 0.038532
vt 0.428822 0.034139
vt 0.427707 0.034999
vt 0.424619 0.030634
vt 0.423636 0.031805
vt 0.418973 0.029350
vt 0.419608 0.028115
vt 0.414145 0.027463
vt 0.414426 0.026457
vt 0.409394 0.025926
vt 0.409534 0.025356
vt 0.405018 0.024513
vt 0.412732 0.028111
vt 0.408643 0.026096
vt 0.410646 0.027932
vt 0.414363 0.030428
vt 0.433006 0.206597
vt 0.430099 0.210312
vt 0.428920 0.209091
vt 0.425550 0.212251
vt 0.357650 0.390613
vt 0.407338 0.390789
vt 0.361035 0.393733
vt 0.403716 0.393092
vt 0.376769 0.028376
vt 0.374431 0.028562
vt 0.379024 0.026598
vt 0.372899 0.030288
vt 0.399461 0.395484
vt 0.381197 0.026552
vt 0.382062 0.212921
vt 0.382426 0.211639
vt 0.386731 0.214059
vt 0.378322 0.210573
vt 0.378777 0.209310
vt 0.359029 0.028235
vt 0.355729 0.029093
vt 0.359134 0.026375
vt 0.375225 0.208263
vt 0.427981 0.475871
vt 0.425298 0.473813
vt 0.475690 0.472409
vt 0.363101 0.025657
vt 0.364055 0.023647
vt 0.473130 0.475710
vt 0.431269 0.477961
vt 0.361640 0.027719
vt 0.358013 0.030398
vt 0.355947 0.030907
vt 0.356223 0.033426
vt 0.355162 0.033324
vt 0.359258 0.030386
vt 0.360003 0.030915
vt 0.357074 0.034037
vt 0.353959 0.036793
vt 0.352978 0.036557
vt 0.351393 0.040176
vt 0.351691 0.036833
vt 0.353559 0.033735
vt 0.351436 0.034539
vt 0.353294 0.031782
vt 0.350281 0.040331
vt 0.349950 0.037534
vt 0.348798 0.040939
vt 0.368134 0.197045
vt 0.370408 0.199403
vt 0.369202 0.200450
vt 0.419487 0.463839
vt 0.479002 0.464542
vt 0.420320 0.466868
vt 0.477669 0.468676
vt 0.421539 0.469440
vt 0.363775 0.028126
vt 0.364128 0.029085
vt 0.360630 0.031883
vt 0.368484 0.026594
vt 0.368441 0.027852
vt 0.364455 0.030315
vt 0.368497 0.029120
vt 0.373307 0.025625
vt 0.372981 0.026905
vt 0.378365 0.024846
vt 0.377964 0.025856
vt 0.372923 0.027924
vt 0.378054 0.026435
vt 0.383975 0.024051
vt 0.383746 0.024621
vt 0.384378 0.024840
vt 0.388817 0.023637
vt 0.389136 0.023873
vt 0.393164 0.023268
vt 0.389192 0.023111
vt 0.386172 0.024978
vt 0.390382 0.024208
vt 0.393260 0.023508
vt 0.391979 0.217806
vt 0.392064 0.216484
vt 0.397348 0.218057
vt 0.386473 0.215359
vt 0.394197 0.397882
vt 0.388975 0.399435
vt 0.369206 0.398263
vt 0.364913 0.396296
vt 0.373835 0.399596
vt 0.418131 0.218166
vt 0.412681 0.218214
vt 0.417355 0.216854
vt 0.402959 0.024929
vt 0.399607 0.024283
vt 0.400610 0.023906
vt 0.422591 0.216138
vt 0.421670 0.214852
vt 0.406729 0.026112
vt 0.404527 0.024720
vt 0.426604 0.213506
vt 0.419911 0.023090
vt 0.417884 0.020822
vt 0.424292 0.023539
vt 0.470056 0.478543
vt 0.466534 0.480871
vt 0.435128 0.480131
vt 0.413307 0.020904
vt 0.410956 0.019053
vt 0.462635 0.482658
vt 0.439910 0.482309
vt 0.416627 0.022887
vt 0.422828 0.025765
vt 0.425727 0.026255
vt 0.421233 0.025657
vt 0.427710 0.029531
vt 0.426313 0.029369
vt 0.425467 0.029750
vt 0.429788 0.033740
vt 0.420575 0.026025
vt 0.420131 0.026906
vt 0.414544 0.023244
vt 0.414545 0.024059
vt 0.408823 0.022218
vt 0.414563 0.025221
vt 0.409213 0.023238
vt 0.404775 0.023073
vt 0.404438 0.022072
vt 0.409469 0.024380
vt 0.400849 0.023175
vt 0.400772 0.022354
vt 0.404977 0.023969
vt 0.400882 0.023683
vt 0.397041 0.023305
vt 0.397151 0.022807
vt 0.393446 0.022772
vt 0.396952 0.023543
vt 0.393945 0.021984
vt 0.389937 0.022274
vt 0.384714 0.023116
vt 0.385777 0.022060
vt 0.390863 0.021371
vt 0.379127 0.023630
vt 0.386899 0.021153
vt 0.380033 0.022512
vt 0.380684 0.021732
vt 0.374073 0.023492
vt 0.373773 0.024391
vt 0.373704 0.023071
vt 0.367899 0.025214
vt 0.368437 0.025652
vt 0.363124 0.027657
vt 0.366212 0.025248
vt 0.371952 0.023011
vt 0.368543 0.023204
vt 0.375635 0.021082
vt 0.378974 0.021183
vt 0.370986 0.021121
vt 0.383966 0.019584
vt 0.379767 0.019108
vt 0.386627 0.020012
vt 0.390184 0.019046
vt 0.387334 0.018091
vt 0.397465 0.219397
vt 0.444662 0.483722
vt 0.393439 0.017768
vt 0.402594 0.218849
vt 0.402883 0.220197
vt 0.458428 0.483869
vt 0.449374 0.484433
vt 0.393761 0.023966
vt 0.383794 0.400216
vt 0.378724 0.400258
vt 0.396648 0.024019
vt 0.407730 0.218893
vt 0.413306 0.219548
vt 0.408193 0.220244
vt 0.394639 0.018948
vt 0.398956 0.017796
vt 0.453985 0.484471
vt 0.402224 0.019197
vt 0.404561 0.018157
vt 0.398329 0.018999
vt 0.404821 0.020205
vt 0.400896 0.019845
vt 0.407148 0.019712
vt 0.403791 0.020471
vt 0.410199 0.021084
vt 0.408751 0.021249
vt 0.408531 0.021538
vt 0.414971 0.022904
vt 0.403695 0.020696
vt 0.404016 0.021227
vt 0.400278 0.020325
vt 0.400438 0.020750
vt 0.397665 0.020531
vt 0.400632 0.021467
vt 0.397530 0.021191
vt 0.394527 0.021155
vt 0.395041 0.020503
vt 0.397337 0.022021
vt 0.395368 0.020130
vt 0.392365 0.020208
vt 0.391756 0.020643
vt 0.392449 0.020010
vt 0.387763 0.020283
vt 0.387702 0.020564
vt 0.380550 0.021358
vt 0.391791 0.019690
vt 0.395229 0.019652
vt 0.395448 0.019974
vt 0.397957 0.019683
vt 0.397737 0.020139
vt 0.397792 0.019965
vt 0.400319 0.020150
vt 0.430987 0.033886
vt 0.432956 0.038616
vt 0.432800 0.034517
vt 0.430031 0.030153
vt 0.429389 0.027043
vt 0.432904 0.031087
vt 0.434409 0.039186
vt 0.435045 0.035467
vt 0.435398 0.045256
vt 0.436223 0.040089
vt 0.434167 0.044768
vt 0.434487 0.051107
vt 0.435586 0.051511
vt 0.436948 0.052299
vt 0.436948 0.046098
vt 0.423175 0.471706
vt 0.425703 0.048409
vt 0.425705 0.054521
vt 0.424793 0.060743
vt 0.426673 0.054611
vt 0.425737 0.060947
vt 0.426842 0.060681
vt 0.426414 0.066541
vt 0.424944 0.067098
vt 0.423583 0.072874
vt 0.425433 0.072133
vt 0.423876 0.077417
vt 0.421757 0.078213
vt 0.419358 0.083090
vt 0.421578 0.082387
vt 0.416051 0.087482
vt 0.418118 0.087034
vt 0.411330 0.091304
vt 0.412793 0.091251
vt 0.404757 0.094379
vt 0.413357 0.091651
vt 0.420090 0.087398
vt 0.420514 0.148354
vt 0.423046 0.152837
vt 0.464298 0.420020
vt 0.423994 0.422776
vt 0.415250 0.143883
vt 0.418267 0.147792
vt 0.425080 0.419345
vt 0.459445 0.415952
vt 0.406411 0.085917
vt 0.411095 0.081648
vt 0.411701 0.082675
vt 0.415941 0.077666
vt 0.362695 0.334389
vt 0.367388 0.329239
vt 0.411617 0.332251
vt 0.412614 0.336335
vt 0.372172 0.155549
vt 0.373916 0.154766
vt 0.373249 0.151497
vt 0.368575 0.080217
vt 0.365806 0.077393
vt 0.367463 0.081205
vt 0.370491 0.083732
vt 0.375038 0.150743
vt 0.364677 0.078297
vt 0.363228 0.074292
vt 0.362236 0.074867
vt 0.360967 0.070789
vt 0.360028 0.070891
vt 0.358391 0.063921
vt 0.357171 0.063523
vt 0.358795 0.070515
vt 0.360047 0.074617
vt 0.358361 0.073891
vt 0.357155 0.069774
vt 0.356478 0.073001
vt 0.357861 0.077104
vt 0.359804 0.077977
vt 0.356066 0.076301
vt 0.357613 0.080324
vt 0.359516 0.081120
vt 0.359571 0.084212
vt 0.356162 0.079810
vt 0.357965 0.083689
vt 0.360463 0.087376
vt 0.359289 0.087283
vt 0.356893 0.083608
vt 0.358430 0.087727
vt 0.355957 0.084045
vt 0.362754 0.090631
vt 0.367430 0.093417
vt 0.362030 0.091080
vt 0.364084 0.090716
vt 0.368965 0.093453
vt 0.366359 0.091154
vt 0.362344 0.087886
vt 0.361696 0.084990
vt 0.364830 0.088598
vt 0.361578 0.081967
vt 0.363981 0.085782
vt 0.361536 0.078679
vt 0.363401 0.082626
vt 0.362811 0.079016
vt 0.361303 0.074979
vt 0.363729 0.078885
vt 0.366445 0.082127
vt 0.365582 0.082746
vt 0.369561 0.084728
vt 0.368741 0.085679
vt 0.372851 0.086833
vt 0.372209 0.087830
vt 0.375610 0.089396
vt 0.410419 0.328463
vt 0.374529 0.147747
vt 0.376389 0.147035
vt 0.376059 0.144381
vt 0.408969 0.325059
vt 0.372727 0.324764
vt 0.378024 0.143730
vt 0.409431 0.140177
vt 0.412870 0.143455
vt 0.378682 0.321080
vt 0.406902 0.139946
vt 0.396394 0.091687
vt 0.401341 0.089294
vt 0.401215 0.090258
vt 0.406702 0.086941
vt 0.595932 0.472021
vt 0.595945 0.476413
vt 0.595932 0.476416
vt 0.412224 0.083637
vt 0.406857 0.087944
vt 0.412742 0.084300
vt 0.417410 0.079101
vt 0.416690 0.078552
vt 0.421087 0.073354
vt 0.418344 0.079201
vt 0.422109 0.073326
vt 0.419803 0.078868
vt 0.414898 0.084342
vt 0.413506 0.084533
vt 0.416966 0.083812
vt 0.408616 0.088987
vt 0.410708 0.088642
vt 0.413388 0.088089
vt 0.405800 0.091975
vt 0.403040 0.092255
vt 0.397549 0.094444
vt 0.400525 0.094400
vt 0.408823 0.091612
vt 0.394364 0.095746
vt 0.403180 0.094341
vt 0.396317 0.096036
vt 0.397653 0.096247
vt 0.391035 0.097050
vt 0.390313 0.096601
vt 0.397904 0.096553
vt 0.387146 0.097144
vt 0.391102 0.097375
vt 0.395187 0.135480
vt 0.402924 0.137289
vt 0.400432 0.137407
vt 0.441568 0.408492
vt 0.448067 0.410078
vt 0.432108 0.409749
vt 0.405179 0.094728
vt 0.454030 0.412603
vt 0.427982 0.413585
vt 0.429874 0.411398
vt 0.382638 0.137111
vt 0.385195 0.137076
vt 0.382387 0.138648
vt 0.386331 0.135818
vt 0.378479 0.096590
vt 0.378267 0.097002
vt 0.372558 0.095853
vt 0.379991 0.139052
vt 0.383285 0.097056
vt 0.383186 0.097450
vt 0.434741 0.408678
vt 0.384223 0.096547
vt 0.380095 0.096290
vt 0.374638 0.095337
vt 0.377446 0.095273
vt 0.382278 0.095857
vt 0.374821 0.093946
vt 0.380236 0.095109
vt 0.371647 0.093710
vt 0.369277 0.091700
vt 0.372119 0.092139
vt 0.377536 0.094055
vt 0.367423 0.089267
vt 0.369524 0.089706
vt 0.374188 0.092367
vt 0.370773 0.089808
vt 0.365947 0.086361
vt 0.367263 0.086575
vt 0.371343 0.089509
vt 0.364702 0.082917
vt 0.368047 0.086344
vt 0.375419 0.092009
vt 0.371727 0.088802
vt 0.375352 0.091308
vt 0.378709 0.092200
vt 0.379177 0.093039
vt 0.375367 0.090361
vt 0.378556 0.091334
vt 0.381280 0.092616
vt 0.381776 0.093346
vt 0.383675 0.093360
vt 0.384232 0.093946
vt 0.382524 0.094017
vt 0.384872 0.094454
vt 0.383213 0.094470
vt 0.379695 0.093650
vt 0.375201 0.092348
vt 0.379852 0.093961
vt 0.379228 0.094059
vt 0.383276 0.094800
vt 0.382215 0.094927
vt 0.383999 0.095430
vt 0.385063 0.095143
vt 0.385289 0.095930
vt 0.386062 0.095447
vt 0.387325 0.095937
vt 0.387215 0.096584
vt 0.389507 0.096010
vt 0.388927 0.095498
vt 0.392769 0.095420
vt 0.392061 0.095139
vt 0.395005 0.094461
vt 0.394074 0.094477
vt 0.388884 0.095794
vt 0.401154 0.092389
vt 0.400433 0.092323
vt 0.407441 0.089028
vt 0.407006 0.088686
vt 0.400495 0.091945
vt 0.395145 0.093319
vt 0.400868 0.091217
vt 0.394400 0.093938
vt 0.395885 0.092510
vt 0.391224 0.094229
vt 0.391694 0.093675
vt 0.388555 0.094168
vt 0.388733 0.093734
vt 0.392146 0.093077
vt 0.385240 0.318304
vt 0.392391 0.316559
vt 0.402715 0.317927
vt 0.393786 0.136043
vt 0.396445 0.316275
vt 0.399846 0.316760
vt 0.390452 0.135308
vt 0.390681 0.135992
vt 0.387140 0.093814
vt 0.385924 0.094195
vt 0.385583 0.093711
vt 0.388099 0.136267
vt 0.387200 0.094259
vt 0.386298 0.094615
vt 0.387289 0.094650
vt 0.386577 0.094870
vt 0.385401 0.094774
vt 0.385673 0.094920
vt 0.383546 0.094694
vt 0.385587 0.094996
vt 0.386698 0.095029
vt 0.386501 0.095161
vt 0.387399 0.095445
vt 0.387395 0.095157
vt 0.388446 0.095165
vt 0.388139 0.095016
vt 0.391344 0.094931
vt 0.389033 0.095964
vt 0.393949 0.094300
vt 0.388072 0.096284
vt 0.388448 0.096239
vt 0.390953 0.094823
vt 0.387507 0.097450
vt 0.387469 0.096982
vt 0.387726 0.097075
vt 0.386974 0.098588
vt 0.387041 0.098644
vt 0.387036 0.098868
vt 0.387222 0.097508
vt 0.386870 0.098944
vt 0.390941 0.094618
vt 0.388203 0.094854
vt 0.388387 0.094580
vt 0.387336 0.094890
vt 0.388073 0.094973
vt 0.387372 0.095030
vt 0.387355 0.094991
vt 0.386715 0.094979
vt 0.387123 0.097513
vt 0.437860 0.408233
vt 0.377873 0.141471
vt 0.379997 0.140910
vt 0.407225 0.322123
vt 0.405154 0.319728
vt 0.372928 0.095424
vt 0.366883 0.093860
vt 0.426396 0.416256
vt 0.423870 0.067246
vt 0.422972 0.066928
vt 0.420257 0.072921
vt 0.595945 0.472019
vt 0.354173 0.080182
vt 0.355143 0.079745
vt 0.354689 0.075796
vt 0.352701 0.076187
vt 0.353691 0.075744
vt 0.353399 0.071684
vt 0.354739 0.072190
vt 0.355328 0.068870
vt 0.353639 0.068049
vt 0.353805 0.061843
vt 0.355573 0.062761
vt 0.354575 0.056602
vt 0.354115 0.051201
vt 0.352881 0.055670
vt 0.354192 0.046455
vt 0.352523 0.050257
vt 0.355590 0.047316
vt 0.356101 0.043164
vt 0.357211 0.043804
vt 0.359110 0.040585
vt 0.358191 0.040222
vt 0.359282 0.043738
vt 0.360189 0.040470
vt 0.360572 0.037572
vt 0.361673 0.039934
vt 0.361572 0.037642
vt 0.363494 0.039147
vt 0.363061 0.037257
vt 0.363488 0.035122
vt 0.351333 0.054843
vt 0.352177 0.061016
vt 0.350908 0.060509
vt 0.352330 0.067540
vt 0.351340 0.067493
vt 0.352407 0.071637
vt 0.350298 0.067939
vt 0.348844 0.060920
vt 0.351392 0.072083
vt 0.423093 0.426471
vt 0.103420 0.070700
vt 0.104525 0.072656
vt 0.103386 0.074592
vt 0.172959 0.031335
vt 0.172790 0.118047
vt 0.174063 0.033295
vt 0.174063 0.033291
vt 0.173389 0.113190
vt 0.173393 0.113190
vt 0.104529 0.072656
vt 0.177154 0.119970
vt 0.172655 0.200872
vt 0.172651 0.200872
vt 0.176581 0.200901
vt 0.103787 0.160334
vt 0.178229 0.204679
vt 0.249349 0.164416
vt 0.177154 0.119966
vt 0.246958 0.161051
vt 0.246958 0.161059
vt 0.253114 0.162923
vt 0.248210 0.245347
vt 0.252140 0.245385
vt 0.249349 0.164412
vt 0.322239 0.206020
vt 0.252140 0.245381
vt 0.323340 0.207972
vt 0.252380 0.250605
vt 0.327038 0.118127
vt 0.327034 0.118625
vt 0.324082 0.120294
vt 0.252376 0.250605
vt 0.321898 0.379432
vt 0.251659 0.335614
vt 0.321898 0.379436
vt 0.251664 0.335610
vt 0.251335 0.340838
vt 0.320755 0.381371
vt 0.247405 0.340809
vt 0.247177 0.421736
vt 0.250917 0.423296
vt 0.250922 0.423296
vt 0.251339 0.340834
vt 0.321156 0.467114
vt 0.244732 0.425058
vt 0.175033 0.384040
vt 0.247409 0.340796
vt 0.176749 0.380283
vt 0.244732 0.425063
vt 0.175033 0.384032
vt 0.174919 0.463939
vt 0.171108 0.384002
vt 0.170429 0.463901
vt 0.246667 0.428478
vt 0.175910 0.029665
vt 0.177133 0.467843
vt 0.178014 0.030656
vt 0.245992 0.508381
vt 0.250483 0.508419
vt 0.250597 0.428508
vt 0.250011 0.073036
vt 0.253578 0.075136
vt 0.249627 0.077767
vt 0.324116 0.116407
vt 0.253553 0.077801
vt 0.250483 0.508423
vt 0.247688 0.074356
vt 0.177314 0.113223
vt 0.248952 0.157669
vt 0.249627 0.077771
vt 0.178967 0.117001
vt 0.177985 0.033321
vt 0.177989 0.033325
vt 0.247688 0.074347
vt 0.178971 0.117001
vt 0.252878 0.157703
vt 0.322973 0.118346
vt 0.253553 0.077805
vt 0.322977 0.118338
vt 0.250597 0.428512
vt 0.320017 0.469053
vt 0.100464 0.421415
vt 0.170585 0.379141
vt 0.101573 0.423363
vt 0.171103 0.383998
vt 0.170585 0.379137
vt 0.100464 0.421411
vt 0.101911 0.249943
vt 0.171306 0.293403
vt 0.101911 0.249947
vt 0.103049 0.248012
vt 0.100464 0.072871
vt 0.100469 0.072374
vt 0.102311 0.335690
vt 0.171913 0.288549
vt 0.171913 0.288541
vt 0.102653 0.162265
vt 0.172048 0.205725
vt 0.172052 0.205733
vt 0.176416 0.207643
vt 0.246220 0.248729
vt 0.175838 0.288579
vt 0.175834 0.288583
vt 0.175678 0.295317
vt 0.248611 0.252098
vt 0.177491 0.292361
vt 0.247919 0.334062
vt 0.248611 0.252094
vt 0.177491 0.292357
vt 0.245474 0.337381
vt 0.174982 0.377290
vt 0.245470 0.337381
vt 0.175674 0.295321
vt 0.174987 0.377286
vt 0.321497 0.293698
vt 0.253114 0.162927
vt 0.018568 0.847445
vt 0.019894 0.848743
vt 0.018645 0.848710
vt 0.017452 0.824530
vt 0.027228 0.839808
vt 0.017420 0.846122
vt 0.018331 0.827745
vt 0.020736 0.826606
vt 0.040685 0.845487
vt 0.017420 0.824297
vt 0.018421 0.848958
vt 0.342951 0.958729
vt 0.366577 0.972369
vt 0.342951 0.986010
vt 0.040941 0.845473
vt 0.039163 0.844254
vt 0.040043 0.847258
vt 0.026312 0.838874
vt 0.038210 0.847621
vt 0.021223 0.849868
vt 0.334559 0.957893
vt 0.334559 0.985174
vt 0.310933 0.971533
vt 0.026815 0.837386
vt 0.025268 0.840824
vt 0.023284 0.842791
vt 0.298345 0.986896
vt 0.274719 0.973256
vt 0.298345 0.959615
vt 0.038216 0.841333
vt 0.023667 0.827560
vt 0.395337 0.988667
vt 0.368056 0.988667
vt 0.381697 0.965041
vt 0.028713 0.839314
vt 0.017994 0.829562
vt 0.878019 0.018215
vt 0.876387 0.018309
vt 0.876617 0.016642
vt 0.872579 0.016619
vt 0.842960 0.104525
vt 0.843333 0.106179
vt 0.841673 0.106231
vt 0.847000 0.104165
vt 0.841033 0.105093
vt 0.878564 0.017051
vt 0.841724 0.106343
vt 0.841431 0.106406
vt 0.841371 0.106349
vt 0.016983 0.628592
vt 0.018344 0.627975
vt 0.017130 0.629176
vt 0.841260 0.106643
vt 0.017712 0.629330
vt 0.841356 0.106686
vt 0.841355 0.108276
vt 0.840096 0.106099
vt 0.839688 0.108046
vt 0.878484 0.020287
vt 0.880138 0.019914
vt 0.880498 0.023955
vt 0.839664 0.112084
vt 0.878431 0.018628
vt 0.879570 0.017987
vt 0.878321 0.018678
vt 0.878257 0.018385
vt 0.878313 0.018326
vt 0.685729 0.896490
vt 0.685113 0.897852
vt 0.684529 0.897704
vt 0.877977 0.018311
vt 0.684375 0.897122
vt 0.685319 0.895656
vt 0.687998 0.894196
vt 0.686568 0.896891
vt 0.687268 0.897868
vt 0.689643 0.895395
vt 0.687934 0.896863
vt 0.691489 0.897868
vt 0.872653 0.018689
vt 0.876375 0.018485
vt 0.872689 0.018987
vt 0.867375 0.016619
vt 0.867922 0.019806
vt 0.867767 0.019463
vt 0.699881 0.893911
vt 0.701430 0.896342
vt 0.696739 0.897257
vt 0.863936 0.020681
vt 0.695765 0.895170
vt 0.702451 0.892036
vt 0.696869 0.891876
vt 0.699267 0.889968
vt 0.695287 0.886822
vt 0.696652 0.885441
vt 0.700436 0.888318
vt 0.701019 0.886448
vt 0.697954 0.884125
vt 0.695596 0.881086
vt 0.692096 0.882878
vt 0.693732 0.881691
vt 0.689992 0.879718
vt 0.690216 0.885298
vt 0.688146 0.882310
vt 0.686934 0.886440
vt 0.685698 0.880788
vt 0.684836 0.885490
vt 0.878087 0.028977
vt 0.877256 0.032943
vt 0.877742 0.028860
vt 0.878434 0.024059
vt 0.684286 0.890746
vt 0.878143 0.024051
vt 0.878311 0.020313
vt 0.880927 0.029094
vt 0.841735 0.112009
vt 0.839664 0.117288
vt 0.880750 0.034063
vt 0.842508 0.116896
vt 0.840351 0.122321
vt 0.842032 0.111974
vt 0.842852 0.116741
vt 0.841531 0.108287
vt 0.024088 0.629419
vt 0.028395 0.626771
vt 0.029345 0.628868
vt 0.843726 0.120727
vt 0.032524 0.625559
vt 0.034046 0.628007
vt 0.035116 0.623713
vt 0.029536 0.623489
vt 0.031956 0.621609
vt 0.028012 0.618418
vt 0.033144 0.619973
vt 0.029393 0.617053
vt 0.033748 0.618109
vt 0.024867 0.614438
vt 0.026516 0.613269
vt 0.028387 0.612686
vt 0.030710 0.615751
vt 0.022959 0.616835
vt 0.020923 0.613824
vt 0.022799 0.611254
vt 0.017578 0.616966
vt 0.018493 0.612274
vt 0.019665 0.617939
vt 0.016967 0.622216
vt 0.847104 0.106228
vt 0.851905 0.106921
vt 0.847096 0.106520
vt 0.852022 0.106576
vt 0.855989 0.107407
vt 0.852139 0.103736
vt 0.843359 0.106352
vt 0.017971 0.625771
vt 0.016967 0.626438
vt 0.017944 0.627136
vt 0.019440 0.624062
vt 0.020639 0.625708
vt 0.023427 0.622951
vt 0.022270 0.626925
vt 0.019179 0.628386
vt 0.019867 0.629371
vt 0.020544 0.628374
vt 0.023674 0.627916
vt 0.026154 0.625135
vt 0.025885 0.620521
vt 0.021274 0.620199
vt 0.018465 0.622647
vt 0.857109 0.103913
vt 0.856248 0.107121
vt 0.860939 0.105329
vt 0.863610 0.020438
vt 0.858557 0.019257
vt 0.862342 0.017305
vt 0.861430 0.022141
vt 0.861630 0.022070
vt 0.704684 0.894553
vt 0.860803 0.023947
vt 0.706471 0.892060
vt 0.703603 0.890085
vt 0.707046 0.888930
vt 0.860598 0.023977
vt 0.860841 0.026228
vt 0.861134 0.028222
vt 0.860755 0.026243
vt 0.703693 0.887754
vt 0.707283 0.886111
vt 0.861235 0.028245
vt 0.862087 0.029654
vt 0.856724 0.029447
vt 0.864016 0.031069
vt 0.862243 0.029668
vt 0.858006 0.032132
vt 0.860116 0.034706
vt 0.862425 0.036798
vt 0.859843 0.122238
vt 0.857520 0.116840
vt 0.861695 0.119828
vt 0.859105 0.115382
vt 0.863233 0.117110
vt 0.858969 0.115441
vt 0.859580 0.113967
vt 0.863982 0.114467
vt 0.859715 0.113953
vt 0.028723 0.606422
vt 0.031111 0.607064
vt 0.030043 0.609674
vt 0.859678 0.112141
vt 0.028838 0.609808
vt 0.027080 0.610012
vt 0.025904 0.606659
vt 0.024749 0.610102
vt 0.022774 0.607234
vt 0.859622 0.110067
vt 0.859419 0.110098
vt 0.858583 0.108484
vt 0.020281 0.609020
vt 0.858389 0.108475
vt 0.862996 0.108090
vt 0.856194 0.026098
vt 0.856757 0.022452
vt 0.863986 0.111353
vt 0.859786 0.112134
vt 0.033412 0.608879
vt 0.029696 0.612270
vt 0.031033 0.611479
vt 0.031577 0.614894
vt 0.032785 0.613700
vt 0.035492 0.611024
vt 0.034986 0.615476
vt 0.034180 0.616804
vt 0.036631 0.617691
vt 0.036778 0.616488
vt 0.037612 0.613128
vt 0.039401 0.615450
vt 0.040016 0.617844
vt 0.854114 0.120647
vt 0.852713 0.122420
vt 0.853877 0.120399
vt 0.855641 0.118527
vt 0.855220 0.118112
vt 0.857279 0.116596
vt 0.852700 0.122576
vt 0.857751 0.124547
vt 0.851290 0.123428
vt 0.855177 0.126657
vt 0.852492 0.127939
vt 0.851267 0.123529
vt 0.872529 0.036740
vt 0.873310 0.040941
vt 0.870196 0.040937
vt 0.849288 0.123908
vt 0.849144 0.128468
vt 0.867553 0.040187
vt 0.869281 0.036060
vt 0.870709 0.036670
vt 0.864834 0.038650
vt 0.869222 0.035923
vt 0.870695 0.036534
vt 0.867823 0.034475
vt 0.694259 0.878427
vt 0.695860 0.874819
vt 0.696014 0.878203
vt 0.697217 0.878056
vt 0.872522 0.036633
vt 0.693044 0.875088
vt 0.698255 0.875434
vt 0.691929 0.878544
vt 0.689921 0.875699
vt 0.874596 0.036577
vt 0.874565 0.036374
vt 0.876179 0.035538
vt 0.687449 0.877514
vt 0.876188 0.035343
vt 0.879333 0.037894
vt 0.876572 0.039950
vt 0.877542 0.033203
vt 0.845187 0.123233
vt 0.845498 0.127906
vt 0.842302 0.126106
vt 0.847023 0.124065
vt 0.845116 0.123033
vt 0.846993 0.123860
vt 0.843483 0.121053
vt 0.039135 0.623784
vt 0.037320 0.626256
vt 0.849274 0.123822
vt 0.036291 0.621776
vt 0.039747 0.620661
vt 0.036407 0.619446
vt 0.696900 0.880655
vt 0.698228 0.879849
vt 0.700577 0.877222
vt 0.700005 0.882050
vt 0.698811 0.883258
vt 0.702227 0.883801
vt 0.702681 0.879343
vt 0.701435 0.885138
vt 0.704030 0.884792
vt 0.703897 0.885996
vt 0.706641 0.883724
vt 0.704826 0.881423
vt 0.864264 0.030831
vt 0.866135 0.032595
vt 0.866551 0.032175
vt 0.868067 0.034233
vt 0.684334 0.894968
vt 0.685331 0.894290
vt 0.686780 0.892564
vt 0.685789 0.891161
vt 0.688570 0.888680
vt 0.690754 0.891408
vt 0.693506 0.893561
vt 0.693184 0.888950
vt 0.691058 0.896369
vt 0.879151 0.017428
vt 0.840474 0.105512
vt 0.752926 0.581424
vt 0.750395 0.595451
vt 0.690902 0.518199
vt 0.754712 0.596463
vt 0.753226 0.568205
vt 0.705727 0.517606
vt 0.757282 0.581529
vt 0.690698 0.513897
vt 0.675809 0.519791
vt 0.675275 0.516053
vt 0.673013 0.505592
vt 0.690113 0.503031
vt 0.661198 0.521282
vt 0.687339 0.468520
vt 0.707548 0.502258
vt 0.711069 0.468480
vt 0.734255 0.473459
vt 0.736388 0.466845
vt 0.711788 0.461662
vt 0.963514 0.819719
vt 0.971509 0.839844
vt 0.968618 0.840704
vt 0.972559 0.861000
vt 0.759861 0.476906
vt 0.975514 0.860707
vt 0.936139 0.851040
vt 0.972589 0.881420
vt 0.939043 0.864655
vt 0.930654 0.838251
vt 0.934042 0.851725
vt 0.928676 0.839381
vt 0.624675 0.187989
vt 0.611827 0.201442
vt 0.604715 0.192895
vt 0.630444 0.193116
vt 0.920862 0.828443
vt 0.619688 0.181871
vt 0.579495 0.211237
vt 0.615715 0.174870
vt 0.599135 0.183283
vt 0.612711 0.167298
vt 0.910832 0.819460
vt 0.899122 0.812755
vt 0.900041 0.810698
vt 0.912184 0.817612
vt 0.913774 0.779451
vt 0.893980 0.773470
vt 0.886765 0.806437
vt 0.894569 0.770558
vt 0.873670 0.771258
vt 0.914923 0.776666
vt 0.934049 0.786831
vt 0.795476 0.513420
vt 0.805185 0.536970
vt 0.798555 0.538915
vt 0.802808 0.562285
vt 0.809623 0.561683
vt 0.802666 0.585708
vt 0.768370 0.582092
vt 0.768642 0.564717
vt 0.765455 0.599078
vt 0.759831 0.615448
vt 0.749652 0.610834
vt 0.798567 0.608450
vt 0.742389 0.623968
vt 0.745685 0.609068
vt 0.751035 0.630169
vt 0.732530 0.635234
vt 0.739146 0.621719
vt 0.729566 0.632242
vt 0.718604 0.641553
vt 0.638681 0.541716
vt 0.650264 0.532682
vt 0.647816 0.529006
vt 0.628550 0.551891
vt 0.635758 0.538638
vt 0.641485 0.519619
vt 0.656764 0.511229
vt 0.642002 0.480030
vt 0.664014 0.472314
vt 0.686785 0.461662
vt 0.662335 0.465735
vt 0.975514 0.881691
vt 0.968748 0.901309
vt 0.971552 0.902120
vt 0.939239 0.878582
vt 0.961332 0.920053
vt 0.936686 0.892264
vt 0.937064 0.878403
vt 0.936866 0.864908
vt 0.636807 0.197062
vt 0.629804 0.214077
vt 0.620279 0.208601
vt 0.643533 0.199675
vt 0.603029 0.235408
vt 0.590065 0.224331
vt 0.584550 0.261711
vt 0.567437 0.246337
vt 0.560353 0.252936
vt 0.604666 0.273932
vt 0.578681 0.269697
vt 0.545731 0.233552
vt 0.550846 0.261605
vt 0.535072 0.240259
vt 0.523531 0.216965
vt 0.534971 0.212370
vt 0.518012 0.250336
vt 0.543539 0.208838
vt 0.537105 0.188127
vt 0.528195 0.190059
vt 0.566173 0.181221
vt 0.534451 0.166963
vt 0.571441 0.196703
vt 0.595205 0.172967
vt 0.610675 0.159406
vt 0.592975 0.162324
vt 0.886289 0.808564
vt 0.872884 0.806918
vt 0.872936 0.804733
vt 0.609495 0.151529
vt 0.853476 0.772957
vt 0.859067 0.805787
vt 0.873707 0.768321
vt 0.852974 0.770078
vt 0.834024 0.778253
vt 0.809379 0.586329
vt 0.804994 0.610196
vt 0.796773 0.632733
vt 0.790815 0.629913
vt 0.833004 0.775531
vt 0.779176 0.649466
vt 0.784563 0.653311
vt 0.764271 0.666964
vt 0.740003 0.642737
vt 0.721074 0.645088
vt 0.727519 0.653897
vt 0.713067 0.662926
vt 0.706606 0.649196
vt 0.708359 0.653065
vt 0.694573 0.654775
vt 0.622269 0.564730
vt 0.625430 0.549690
vt 0.617207 0.578286
vt 0.618370 0.562987
vt 0.608604 0.558407
vt 0.616775 0.543371
vt 0.602110 0.574374
vt 0.568558 0.565404
vt 0.577232 0.543643
vt 0.564282 0.588684
vt 0.562025 0.563534
vt 0.557371 0.587974
vt 0.863221 0.982572
vt 0.863261 0.979634
vt 0.883455 0.977918
vt 0.842347 0.980344
vt 0.556648 0.613318
vt 0.883961 0.980797
vt 0.902903 0.972594
vt 0.891243 0.941542
vt 0.877827 0.945109
vt 0.903745 0.935517
vt 0.877472 0.943004
vt 0.890501 0.939537
vt 0.677755 0.179172
vt 0.695318 0.183476
vt 0.692145 0.193473
vt 0.678074 0.172327
vt 0.676002 0.185459
vt 0.864018 0.943983
vt 0.722078 0.208608
vt 0.686871 0.202351
vt 0.713294 0.223899
vt 0.742004 0.246588
vt 0.725130 0.266472
vt 0.701222 0.236540
vt 0.702027 0.278503
vt 0.707029 0.289030
vt 0.734227 0.277888
vt 0.679116 0.295971
vt 0.713107 0.302917
vt 0.681748 0.310710
vt 0.650609 0.311503
vt 0.648520 0.334583
vt 0.684887 0.334583
vt 0.614640 0.327370
vt 0.963501 0.316564
vt 0.954514 0.325552
vt 0.919738 0.210911
vt 0.970562 0.305997
vt 0.932203 0.213390
vt 0.497256 0.140031
vt 0.504121 0.113349
vt 0.521274 0.119470
vt 0.531427 0.097770
vt 0.515850 0.088736
vt 0.943946 0.218254
vt 0.541278 0.103366
vt 0.553639 0.085634
vt 0.545019 0.078298
vt 0.560065 0.091111
vt 0.574340 0.077336
vt 0.569130 0.070787
vt 0.591001 0.066524
vt 0.603404 0.090681
vt 0.591186 0.098418
vt 0.617097 0.085470
vt 0.614184 0.113410
vt 0.623070 0.110998
vt 0.624355 0.125093
vt 0.631570 0.126115
vt 0.632790 0.110354
vt 0.639003 0.127974
vt 0.799872 0.872522
vt 0.800239 0.858670
vt 0.802297 0.859249
vt 0.805225 0.845703
vt 0.807143 0.846657
vt 0.812555 0.833903
vt 0.775568 0.830794
vt 0.768200 0.849574
vt 0.761414 0.869198
vt 0.764340 0.869477
vt 0.765394 0.848754
vt 0.761402 0.890194
vt 0.681992 0.707453
vt 0.682673 0.714424
vt 0.657075 0.714940
vt 0.705464 0.703194
vt 0.707355 0.709755
vt 0.727210 0.694501
vt 0.697051 0.669545
vt 0.750931 0.687670
vt 0.730253 0.700541
vt 0.746947 0.682283
vt 0.772970 0.829485
vt 0.783937 0.812001
vt 0.786246 0.813759
vt 0.799857 0.799010
vt 0.769038 0.671656
vt 0.797917 0.796855
vt 0.821958 0.823674
vt 0.833102 0.815362
vt 0.814437 0.784537
vt 0.815943 0.787015
vt 0.845636 0.809348
vt 0.846378 0.811357
vt 0.834218 0.817203
vt 0.859421 0.807892
vt 0.593608 0.141581
vt 0.596376 0.132237
vt 0.609803 0.136560
vt 0.610749 0.129931
vt 0.609288 0.143832
vt 0.592451 0.151738
vt 0.564053 0.149660
vt 0.567129 0.134636
vt 0.563709 0.165362
vt 0.540398 0.126046
vt 0.535618 0.146056
vt 0.526949 0.144773
vt 0.548679 0.107559
vt 0.572812 0.120800
vt 0.532205 0.123241
vt 0.580872 0.108557
vt 0.600693 0.124100
vt 0.606556 0.117643
vt 0.611719 0.124192
vt 0.617610 0.124568
vt 0.814256 0.835193
vt 0.823389 0.825260
vt 0.525473 0.167260
vt 0.515439 0.143022
vt 0.513537 0.167556
vt 0.494808 0.167812
vt 0.516337 0.192497
vt 0.497613 0.195990
vt 0.505354 0.223770
vt 0.963501 0.234303
vt 0.970562 0.244870
vt 0.977906 0.269079
vt 0.954514 0.225315
vt 0.977906 0.281788
vt 0.535495 0.274855
vt 0.570694 0.280206
vt 0.557640 0.296466
vt 0.975426 0.256613
vt 0.600307 0.283133
vt 0.594275 0.295301
vt 0.627252 0.282358
vt 0.624736 0.292494
vt 0.617962 0.243976
vt 0.651776 0.251976
vt 0.634386 0.249621
vt 0.651640 0.286287
vt 0.669369 0.250609
vt 0.650664 0.218976
vt 0.661141 0.218123
vt 0.663133 0.198722
vt 0.670990 0.214954
vt 0.656987 0.200530
vt 0.668505 0.195509
vt 0.929721 0.904261
vt 0.924329 0.917043
vt 0.922614 0.915736
vt 0.913471 0.925656
vt 0.950701 0.937103
vt 0.931629 0.905214
vt 0.937075 0.951826
vt 0.914896 0.927248
vt 0.939016 0.953979
vt 0.922481 0.966269
vt 0.920970 0.963793
vt 0.903929 0.975315
vt 0.571126 0.540682
vt 0.583488 0.519643
vt 0.588909 0.523557
vt 0.599535 0.501395
vt 0.628379 0.530862
vt 0.604230 0.506207
vt 0.621859 0.491299
vt 0.639233 0.473897
vt 0.618077 0.485808
vt 0.963932 0.921358
vt 0.953008 0.938858
vt 0.934606 0.891675
vt 0.650354 0.200851
vt 0.640081 0.217573
vt 0.902647 0.933695
vt 0.672859 0.191020
vt 0.679712 0.209641
vt 0.686183 0.245491
vt 0.676947 0.285032
vt 0.651293 0.297043
vt 0.621137 0.306030
vt 0.584153 0.314295
vt 0.975426 0.294254
vt 0.694852 0.658803
vt 0.679337 0.672171
vt 0.678639 0.660931
vt 0.661307 0.673125
vt 0.657661 0.707914
vt 0.633709 0.703629
vt 0.631657 0.710363
vt 0.773313 0.931225
vt 0.765310 0.911084
vt 0.768206 0.910242
vt 0.607877 0.700111
vt 0.764362 0.889915
vt 0.797896 0.886261
vt 0.797693 0.872339
vt 0.800060 0.886016
vt 0.642942 0.111460
vt 0.653120 0.114352
vt 0.646393 0.130769
vt 0.653488 0.134553
vt 0.802819 0.899215
vt 0.631863 0.083045
vt 0.647169 0.083357
vt 0.609527 0.059038
vt 0.629367 0.055136
vt 0.607101 0.050917
vt 0.587086 0.059022
vt 0.562158 0.062025
vt 0.581861 0.048972
vt 0.551040 0.048057
vt 0.531455 0.066607
vt 0.907028 0.210911
vt 0.894562 0.213390
vt 0.943946 0.332613
vt 0.722130 0.325844
vt 0.742142 0.287837
vt 0.932203 0.337477
vt 0.757056 0.306696
vt 0.751197 0.253844
vt 0.783702 0.277137
vt 0.763523 0.262857
vt 0.800465 0.242718
vt 0.919738 0.339956
vt 0.907028 0.339956
vt 0.872252 0.225315
vt 0.882820 0.218254
vt 0.603859 0.040087
vt 0.598577 0.022891
vt 0.625222 0.017036
vt 0.573512 0.033132
vt 0.863264 0.234302
vt 0.627201 0.035120
vt 0.652751 0.016086
vt 0.856203 0.244870
vt 0.894562 0.337477
vt 0.808928 0.172542
vt 0.808512 0.207209
vt 0.785555 0.203607
vt 0.777997 0.233818
vt 0.882820 0.332613
vt 0.764176 0.228143
vt 0.754011 0.223637
vt 0.760698 0.199164
vt 0.771291 0.201206
vt 0.727222 0.191778
vt 0.728859 0.174320
vt 0.762327 0.174510
vt 0.727027 0.157009
vt 0.696325 0.172848
vt 0.695172 0.162050
vt 0.674471 0.158015
vt 0.691968 0.151509
vt 0.676950 0.165200
vt 0.670730 0.151176
vt 0.837806 0.938114
vt 0.850622 0.942336
vt 0.850139 0.944478
vt 0.826095 0.931451
vt 0.836899 0.940134
vt 0.842951 0.977436
vt 0.863967 0.946170
vt 0.822023 0.974151
vt 0.823180 0.971364
vt 0.802855 0.964070
vt 0.571076 0.663152
vt 0.561221 0.638700
vt 0.568074 0.636703
vt 0.563629 0.612767
vt 0.598385 0.609300
vt 0.599350 0.591603
vt 0.610365 0.592350
vt 0.612959 0.577284
vt 0.614759 0.592482
vt 0.678485 0.656545
vt 0.614465 0.605972
vt 0.663070 0.657657
vt 0.647237 0.655850
vt 0.662407 0.661863
vt 0.643099 0.671237
vt 0.645923 0.660223
vt 0.626407 0.665935
vt 0.611492 0.694032
vt 0.587013 0.684125
vt 0.592056 0.679134
vt 0.785678 0.949816
vt 0.787964 0.947750
vt 0.804574 0.961512
vt 0.776035 0.929780
vt 0.577267 0.659660
vt 0.604936 0.644837
vt 0.601057 0.627493
vt 0.611892 0.624893
vt 0.610008 0.607562
vt 0.616182 0.623676
vt 0.617673 0.639001
vt 0.633379 0.652731
vt 0.620499 0.650382
vt 0.630448 0.656723
vt 0.612473 0.658578
vt 0.614243 0.656707
vt 0.613976 0.641284
vt 0.814329 0.924037
vt 0.806196 0.912704
vt 0.816058 0.922482
vt 0.824743 0.933319
vt 0.665872 0.144863
vt 0.680161 0.132710
vt 0.686884 0.141620
vt 0.672062 0.125090
vt 0.808196 0.911559
vt 0.660058 0.139273
vt 0.714057 0.125396
vt 0.721974 0.140517
vt 0.751723 0.128322
vt 0.759198 0.150623
vt 0.772747 0.174320
vt 0.769146 0.148414
vt 0.782391 0.145223
vt 0.786662 0.173797
vt 0.803261 0.139855
vt 0.772763 0.118971
vt 0.791642 0.110103
vt 0.775734 0.083559
vt 0.863264 0.316564
vt 0.856203 0.305997
vt 0.848860 0.281788
vt 0.872252 0.325552
vt 0.848860 0.269078
vt 0.721594 0.058878
vt 0.732576 0.042885
vt 0.755672 0.061117
vt 0.699375 0.046621
vt 0.707153 0.029253
vt 0.851339 0.294254
vt 0.694353 0.057565
vt 0.672818 0.049771
vt 0.675806 0.038220
vt 0.650578 0.046132
vt 0.670510 0.058442
vt 0.690506 0.065785
vt 0.709275 0.076600
vt 0.691290 0.101107
vt 0.677395 0.092554
vt 0.703655 0.112174
vt 0.726140 0.090872
vt 0.740553 0.108205
vt 0.760791 0.124386
vt 0.748583 0.102747
vt 0.759196 0.095368
vt 0.741743 0.075263
vt 0.714610 0.069013
vt 0.732879 0.084212
vt 0.662531 0.086569
vt 0.662934 0.118942
vt 0.649900 0.054877
vt 0.628452 0.046552
vt 0.651430 0.034481
vt 0.680352 0.020052
vt 0.851339 0.256613
vt 0.800703 0.899894
vt 0.553724 0.228450
vt 0.662955 0.525295
vt 0.766260 0.547015
vt 0.757522 0.566666
vt 0.751349 0.551051
vt 0.755595 0.549762
vt 0.749409 0.536242
vt 0.732970 0.523089
vt 0.720278 0.519635
vt 0.746407 0.525133
vt 0.736324 0.518900
vt 0.721624 0.515549
vt 0.724549 0.505294
vt 0.740823 0.509680
vt 0.706293 0.513356
vt 0.756326 0.482856
vt 0.754561 0.517267
vt 0.775085 0.497581
vt 0.780055 0.492742
vt 0.789439 0.516847
vt 0.761656 0.530629
vt 0.752912 0.533992
vt 0.752777 0.518715
vt 0.951236 0.801072
vt 0.932324 0.789387
vt 0.960789 0.821164
vt 0.948948 0.803131
vt 0.922614 0.826888
vt 0.310583 0.018169
vt 0.310540 0.021475
vt 0.309567 0.021594
vt 0.308676 0.027826
vt 0.309524 0.018757
vt 0.309862 0.018540
vt 0.309114 0.021717
vt 0.017452 0.693316
vt 0.017911 0.694611
vt 0.016862 0.696349
vt 0.309434 0.018022
vt 0.018353 0.695991
vt 0.016872 0.697241
vt 0.017750 0.697400
vt 0.019639 0.696657
vt 0.021827 0.693058
vt 0.308934 0.017576
vt 0.308711 0.017900
vt 0.020839 0.697328
vt 0.305897 0.017839
vt 0.305768 0.018293
vt 0.299636 0.018576
vt 0.306032 0.016870
vt 0.309317 0.016870
vt 0.017484 0.532707
vt 0.016942 0.533235
vt 0.016561 0.532339
vt 0.310202 0.017273
vt 0.017282 0.531967
vt 0.016604 0.529030
vt 0.017711 0.532486
vt 0.018433 0.532608
vt 0.018210 0.532932
vt 0.017827 0.533638
vt 0.592341 0.870829
vt 0.593931 0.871168
vt 0.593933 0.872114
vt 0.021378 0.532217
vt 0.592760 0.869380
vt 0.593189 0.868021
vt 0.593002 0.872298
vt 0.591011 0.871546
vt 0.588694 0.867876
vt 0.589770 0.872257
vt 0.017579 0.528911
vt 0.018034 0.528787
vt 0.017621 0.531751
vt 0.018456 0.522659
vt 0.017178 0.522501
vt 0.017442 0.514439
vt 0.299506 0.017297
vt 0.291696 0.019202
vt 0.291450 0.017373
vt 0.284416 0.019701
vt 0.291770 0.019680
vt 0.299599 0.019029
vt 0.026354 0.696300
vt 0.027042 0.697286
vt 0.033505 0.695684
vt 0.034858 0.697305
vt 0.040119 0.695248
vt 0.030167 0.693192
vt 0.035679 0.691543
vt 0.026186 0.689381
vt 0.030211 0.685990
vt 0.039874 0.689690
vt 0.020240 0.690377
vt 0.023100 0.684811
vt 0.024203 0.695072
vt 0.021687 0.696811
vt 0.018103 0.692566
vt 0.019390 0.688050
vt 0.018533 0.687205
vt 0.021203 0.681094
vt 0.019829 0.679481
vt 0.022769 0.674629
vt 0.025664 0.679654
vt 0.033523 0.683201
vt 0.028212 0.675838
vt 0.035985 0.681129
vt 0.042417 0.687230
vt 0.047697 0.691008
vt 0.043878 0.684368
vt 0.044948 0.693935
vt 0.041987 0.697400
vt 0.047310 0.696251
vt 0.284687 0.020127
vt 0.279376 0.021409
vt 0.279695 0.021603
vt 0.276714 0.024787
vt 0.277852 0.019323
vt 0.283770 0.017498
vt 0.019938 0.507456
vt 0.017751 0.506754
vt 0.019736 0.500883
vt 0.019267 0.514729
vt 0.019744 0.514815
vt 0.018911 0.522633
vt 0.020356 0.507739
vt 0.584096 0.871237
vt 0.583395 0.872247
vt 0.575450 0.872256
vt 0.588892 0.871729
vt 0.586287 0.869967
vt 0.580210 0.868092
vt 0.584216 0.864205
vt 0.574641 0.866429
vt 0.570145 0.870142
vt 0.576828 0.870618
vt 0.565291 0.868773
vt 0.562884 0.871077
vt 0.568240 0.872298
vt 0.021770 0.502461
vt 0.021947 0.502787
vt 0.025357 0.500259
vt 0.559728 0.867703
vt 0.562561 0.865797
vt 0.558183 0.862965
vt 0.025207 0.499894
vt 0.029887 0.499436
vt 0.567894 0.862065
vt 0.561218 0.861830
vt 0.570429 0.864548
vt 0.576801 0.858053
vt 0.580132 0.860827
vt 0.584599 0.854442
vt 0.587246 0.859552
vt 0.590250 0.865106
vt 0.589062 0.855795
vt 0.591050 0.862725
vt 0.592497 0.867279
vt 0.591891 0.861847
vt 0.590390 0.854158
vt 0.027499 0.531920
vt 0.027538 0.531467
vt 0.035377 0.530821
vt 0.035445 0.531315
vt 0.042485 0.530350
vt 0.589122 0.847201
vt 0.021249 0.532670
vt 0.027625 0.533198
vt 0.035677 0.533167
vt 0.309700 0.036042
vt 0.309405 0.043719
vt 0.307295 0.043020
vt 0.043508 0.533142
vt 0.309953 0.027985
vt 0.307873 0.035753
vt 0.305379 0.047707
vt 0.307393 0.035660
vt 0.306788 0.042711
vt 0.305210 0.047395
vt 0.020959 0.672396
vt 0.023069 0.667355
vt 0.024919 0.670099
vt 0.031073 0.673763
vt 0.028288 0.667924
vt 0.034137 0.672820
vt 0.038042 0.679396
vt 0.039861 0.677862
vt 0.044843 0.681591
vt 0.049086 0.687070
vt 0.049415 0.683299
vt 0.045497 0.679576
vt 0.041331 0.676620
vt 0.042980 0.675223
vt 0.037027 0.672344
vt 0.039112 0.672040
vt 0.032389 0.667261
vt 0.036129 0.667586
vt 0.026896 0.664843
vt 0.031763 0.664122
vt 0.302058 0.050038
vt 0.301919 0.049705
vt 0.297670 0.050901
vt 0.297627 0.050463
vt 0.293643 0.050332
vt 0.303227 0.052489
vt 0.297830 0.053646
vt 0.049971 0.525704
vt 0.053646 0.521500
vt 0.052427 0.526906
vt 0.047585 0.529021
vt 0.307272 0.049268
vt 0.049159 0.530955
vt 0.047256 0.528843
vt 0.049632 0.525562
vt 0.042787 0.530863
vt 0.585210 0.844985
vt 0.583222 0.839826
vt 0.587005 0.842269
vt 0.050452 0.521259
vt 0.581873 0.842870
vt 0.578424 0.839148
vt 0.587385 0.849423
vt 0.579172 0.848654
vt 0.582022 0.850685
vt 0.576135 0.847739
vt 0.574339 0.855991
vt 0.572290 0.854267
vt 0.565512 0.856416
vt 0.570485 0.852742
vt 0.566452 0.859192
vt 0.564881 0.854408
vt 0.560939 0.858063
vt 0.561520 0.855880
vt 0.559873 0.854970
vt 0.558127 0.858322
vt 0.034230 0.499704
vt 0.036957 0.502201
vt 0.034170 0.500054
vt 0.037000 0.501853
vt 0.038821 0.505960
vt 0.563756 0.852636
vt 0.038495 0.506338
vt 0.041119 0.510097
vt 0.038986 0.500001
vt 0.041310 0.504500
vt 0.278418 0.036763
vt 0.281016 0.041132
vt 0.276522 0.038744
vt 0.035285 0.497064
vt 0.273585 0.034971
vt 0.282513 0.038654
vt 0.278774 0.036717
vt 0.276669 0.033873
vt 0.276299 0.033941
vt 0.276155 0.029532
vt 0.052101 0.688256
vt 0.052234 0.683602
vt 0.048861 0.681099
vt 0.050530 0.680207
vt 0.046650 0.677802
vt 0.282894 0.038329
vt 0.286621 0.041013
vt 0.287143 0.040473
vt 0.284633 0.043152
vt 0.289096 0.044873
vt 0.289371 0.044512
vt 0.041041 0.671202
vt 0.038184 0.668497
vt 0.291045 0.048247
vt 0.039333 0.667017
vt 0.291019 0.048555
vt 0.293702 0.049997
vt 0.036312 0.664788
vt 0.289312 0.050353
vt 0.286867 0.046420
vt 0.044953 0.512626
vt 0.046531 0.510412
vt 0.050446 0.512912
vt 0.043283 0.508136
vt 0.048621 0.514602
vt 0.048312 0.514624
vt 0.044587 0.512896
vt 0.050033 0.517313
vt 0.572122 0.843491
vt 0.570985 0.842039
vt 0.573949 0.839830
vt 0.571219 0.846985
vt 0.569318 0.846162
vt 0.573278 0.847280
vt 0.569030 0.851507
vt 0.567407 0.850120
vt 0.040571 0.510612
vt 0.577826 0.842245
vt 0.574142 0.842585
vt 0.050891 0.521307
vt 0.050371 0.517258
vt 0.052839 0.516432
vt 0.292790 0.052781
vt 0.050488 0.692944
vt 0.275606 0.029467
vt 0.277080 0.024967
vt 0.272477 0.029215
vt 0.274136 0.023384
vt 0.023908 0.497311
vt 0.029708 0.495936
vt 0.029829 0.498881
vt 0.308222 0.027852
vt 0.021114 0.533638
vt 0.309660 0.017801
vt 0.022912 0.333391
vt 0.020157 0.336504
vt 0.022846 0.333265
vt 0.026568 0.333083
vt 0.024616 0.338112
vt 0.020250 0.336487
vt 0.022456 0.337709
vt 0.027448 0.333046
vt 0.027712 0.338024
vt 0.027730 0.338393
vt 0.023847 0.338618
vt 0.030755 0.337723
vt 0.031585 0.338090
vt 0.027750 0.338770
vt 0.031912 0.333021
vt 0.028329 0.333012
vt 0.032240 0.338085
vt 0.035000 0.337647
vt 0.032427 0.338063
vt 0.035171 0.338108
vt 0.032367 0.338469
vt 0.033507 0.343147
vt 0.028095 0.343590
vt 0.023070 0.339103
vt 0.022627 0.343989
vt 0.022680 0.346308
vt 0.028273 0.345906
vt 0.017245 0.344364
vt 0.022744 0.348638
vt 0.020894 0.349457
vt 0.016774 0.347020
vt 0.020877 0.349450
vt 0.016659 0.347075
vt 0.017634 0.348276
vt 0.022758 0.350985
vt 0.017654 0.348292
vt 0.028456 0.348236
vt 0.028639 0.350585
vt 0.028658 0.350881
vt 0.022477 0.351330
vt 0.019153 0.349804
vt 0.019115 0.349775
vt 0.016085 0.348828
vt 0.022195 0.351675
vt 0.016140 0.348901
vt 0.028677 0.351179
vt 0.022514 0.357908
vt 0.016257 0.358071
vt 0.016160 0.358146
vt 0.018153 0.358644
vt 0.018086 0.358651
vt 0.016085 0.359648
vt 0.022423 0.358737
vt 0.022543 0.359047
vt 0.016198 0.359706
vt 0.029190 0.358248
vt 0.029212 0.358566
vt 0.023015 0.364319
vt 0.035752 0.356948
vt 0.035965 0.357758
vt 0.035891 0.358084
vt 0.029131 0.357429
vt 0.041943 0.357217
vt 0.036195 0.363399
vt 0.029592 0.363872
vt 0.042207 0.357727
vt 0.023240 0.364672
vt 0.036014 0.363817
vt 0.029617 0.364240
vt 0.035839 0.364235
vt 0.038423 0.364250
vt 0.038450 0.364255
vt 0.042209 0.364271
vt 0.041655 0.365263
vt 0.041754 0.365201
vt 0.041035 0.369624
vt 0.040881 0.369576
vt 0.040209 0.176231
vt 0.040113 0.176110
vt 0.041387 0.175519
vt 0.040441 0.370899
vt 0.041435 0.175673
vt 0.045807 0.174809
vt 0.038742 0.177923
vt 0.041167 0.180610
vt 0.037697 0.180714
vt 0.040790 0.186547
vt 0.046761 0.180720
vt 0.045745 0.174908
vt 0.046750 0.178139
vt 0.046745 0.178112
vt 0.046653 0.174283
vt 0.047595 0.180365
vt 0.047179 0.180545
vt 0.046732 0.174360
vt 0.047117 0.186962
vt 0.052903 0.180674
vt 0.053265 0.174369
vt 0.053773 0.174633
vt 0.053296 0.174224
vt 0.053791 0.174476
vt 0.054268 0.174360
vt 0.053228 0.180600
vt 0.054267 0.174507
vt 0.042100 0.357198
vt 0.042069 0.356721
vt 0.042217 0.356719
vt 0.041336 0.352715
vt 0.058173 0.175350
vt 0.058264 0.175242
vt 0.059965 0.179415
vt 0.060269 0.181393
vt 0.054036 0.180813
vt 0.053554 0.187426
vt 0.052736 0.187367
vt 0.051935 0.194010
vt 0.052418 0.187344
vt 0.053075 0.194039
vt 0.052246 0.194130
vt 0.052911 0.200295
vt 0.059306 0.194358
vt 0.059798 0.187879
vt 0.052337 0.198400
vt 0.052330 0.198467
vt 0.051274 0.200354
vt 0.051332 0.200467
vt 0.044056 0.199488
vt 0.046665 0.193536
vt 0.044137 0.199425
vt 0.044288 0.198251
vt 0.046311 0.193310
vt 0.044263 0.198306
vt 0.043445 0.199130
vt 0.045958 0.193085
vt 0.046749 0.186936
vt 0.040394 0.192510
vt 0.046382 0.186910
vt 0.034434 0.196369
vt 0.036932 0.191965
vt 0.040014 0.198412
vt 0.034334 0.196413
vt 0.035953 0.192549
vt 0.035972 0.192524
vt 0.024017 0.375011
vt 0.023993 0.375030
vt 0.020128 0.376645
vt 0.033359 0.195373
vt 0.021051 0.377565
vt 0.033409 0.195492
vt 0.032958 0.195473
vt 0.036347 0.191225
vt 0.035706 0.191110
vt 0.032981 0.195322
vt 0.036800 0.186257
vt 0.035470 0.190958
vt 0.034113 0.186038
vt 0.037055 0.186282
vt 0.035096 0.181300
vt 0.037121 0.181295
vt 0.037598 0.178420
vt 0.034854 0.181392
vt 0.037607 0.178394
vt 0.039330 0.175118
vt 0.038141 0.176202
vt 0.039327 0.175131
vt 0.038077 0.176257
vt 0.038147 0.373405
vt 0.041417 0.371692
vt 0.041431 0.371689
vt 0.038664 0.372254
vt 0.038757 0.177881
vt 0.038623 0.372268
vt 0.040320 0.370803
vt 0.035827 0.373307
vt 0.035939 0.369835
vt 0.029998 0.370201
vt 0.030231 0.373678
vt 0.024577 0.374052
vt 0.029643 0.364607
vt 0.024036 0.370590
vt 0.024954 0.374336
vt 0.020172 0.376546
vt 0.017979 0.371009
vt 0.018134 0.370965
vt 0.017295 0.367491
vt 0.039970 0.198567
vt 0.043488 0.199254
vt 0.018298 0.366692
vt 0.018243 0.366717
vt 0.017418 0.367534
vt 0.017061 0.366924
vt 0.023466 0.365026
vt 0.017124 0.366843
vt 0.025316 0.374636
vt 0.030257 0.373936
vt 0.035535 0.373594
vt 0.035244 0.373882
vt 0.030281 0.374192
vt 0.035232 0.375907
vt 0.038121 0.373413
vt 0.040284 0.372943
vt 0.035140 0.376148
vt 0.030494 0.376876
vt 0.039595 0.379866
vt 0.035243 0.380070
vt 0.030517 0.377094
vt 0.039746 0.379888
vt 0.038918 0.383784
vt 0.038780 0.383728
vt 0.026697 0.178087
vt 0.026616 0.177960
vt 0.027227 0.177583
vt 0.038539 0.384394
vt 0.027283 0.177721
vt 0.031129 0.176770
vt 0.026034 0.178485
vt 0.026926 0.181167
vt 0.026608 0.181311
vt 0.027272 0.185418
vt 0.030930 0.181275
vt 0.031150 0.176921
vt 0.033895 0.186015
vt 0.030603 0.185742
vt 0.030187 0.190225
vt 0.032456 0.195164
vt 0.029903 0.194299
vt 0.027910 0.193604
vt 0.027597 0.189819
vt 0.027811 0.193693
vt 0.027038 0.190463
vt 0.027066 0.190430
vt 0.026098 0.383904
vt 0.026065 0.383933
vt 0.022841 0.383157
vt 0.026698 0.192189
vt 0.024333 0.384281
vt 0.026695 0.192198
vt 0.026547 0.190959
vt 0.026747 0.189824
vt 0.026548 0.190928
vt 0.025603 0.384425
vt 0.025572 0.384425
vt 0.026250 0.191871
vt 0.024647 0.384727
vt 0.026247 0.191887
vt 0.025894 0.189479
vt 0.026300 0.188999
vt 0.025871 0.189457
vt 0.027075 0.385097
vt 0.027053 0.385074
vt 0.025522 0.192358
vt 0.024124 0.385402
vt 0.025562 0.192431
vt 0.021045 0.190300
vt 0.025049 0.188322
vt 0.021133 0.190179
vt 0.026358 0.389800
vt 0.026237 0.389887
vt 0.017126 0.186223
vt 0.030337 0.393642
vt 0.030278 0.393772
vt 0.031203 0.393859
vt 0.028959 0.389417
vt 0.031215 0.393514
vt 0.028203 0.385913
vt 0.031229 0.385995
vt 0.031581 0.389009
vt 0.032094 0.393301
vt 0.032170 0.393876
vt 0.032996 0.393276
vt 0.034196 0.388802
vt 0.034085 0.386220
vt 0.036721 0.388555
vt 0.033874 0.393170
vt 0.033963 0.393281
vt 0.033098 0.393605
vt 0.017636 0.183452
vt 0.016996 0.184294
vt 0.017300 0.183343
vt 0.017752 0.182565
vt 0.017641 0.182474
vt 0.022369 0.179599
vt 0.022162 0.182273
vt 0.022430 0.179730
vt 0.021938 0.184911
vt 0.024761 0.182403
vt 0.024103 0.179193
vt 0.017611 0.184376
vt 0.017386 0.185275
vt 0.021521 0.187556
vt 0.024973 0.185277
vt 0.017258 0.186164
vt 0.017033 0.185290
vt 0.025404 0.185259
vt 0.025623 0.188566
vt 0.025960 0.185337
vt 0.025588 0.182023
vt 0.025112 0.182196
vt 0.026214 0.185362
vt 0.024766 0.178960
vt 0.025927 0.180852
vt 0.025882 0.181624
vt 0.025293 0.178824
vt 0.025881 0.180629
vt 0.026185 0.181221
vt 0.026467 0.185384
vt 0.026512 0.189411
vt 0.026993 0.185474
vt 0.027322 0.189821
vt 0.025332 0.178752
vt 0.035863 0.385120
vt 0.037718 0.385682
vt 0.037647 0.385720
vt 0.035640 0.385070
vt 0.038011 0.384974
vt 0.025939 0.178426
vt 0.038070 0.385069
vt 0.038412 0.384312
vt 0.035274 0.384809
vt 0.035188 0.384387
vt 0.035335 0.384069
vt 0.031096 0.383707
vt 0.031127 0.384509
vt 0.031039 0.383985
vt 0.034870 0.385109
vt 0.031149 0.384760
vt 0.027117 0.384457
vt 0.026704 0.384223
vt 0.027530 0.384668
vt 0.027961 0.385343
vt 0.031173 0.385013
vt 0.024663 0.384725
vt 0.031248 0.385567
vt 0.034470 0.385399
vt 0.037506 0.386242
vt 0.034294 0.385872
vt 0.037629 0.386273
vt 0.037398 0.386943
vt 0.037268 0.386899
vt 0.024059 0.179062
vt 0.036851 0.388616
vt 0.024737 0.178836
vt 0.024342 0.384278
vt 0.026707 0.383649
vt 0.026708 0.383375
vt 0.026306 0.380790
vt 0.022931 0.383058
vt 0.030782 0.380382
vt 0.022092 0.381119
vt 0.022239 0.381067
vt 0.021231 0.378564
vt 0.029851 0.194446
vt 0.032409 0.195311
vt 0.021379 0.378518
vt 0.021070 0.378016
vt 0.025582 0.375513
vt 0.021221 0.377992
vt 0.025430 0.375277
vt 0.021171 0.377616
vt 0.024197 0.385442
vt 0.040340 0.372880
vt 0.037409 0.181004
vt 0.037313 0.186309
vt 0.036648 0.191587
vt 0.059651 0.194075
vt 0.060620 0.181688
vt 0.060095 0.187897
vt 0.060915 0.182024
vt 0.060391 0.187915
vt 0.063244 0.182385
vt 0.060416 0.177943
vt 0.059658 0.175750
vt 0.060414 0.177886
vt 0.061199 0.175357
vt 0.059655 0.175739
vt 0.065534 0.182724
vt 0.061247 0.175450
vt 0.065064 0.188273
vt 0.067805 0.183045
vt 0.062737 0.188094
vt 0.068365 0.177824
vt 0.072822 0.181376
vt 0.068438 0.177690
vt 0.072937 0.181319
vt 0.072871 0.184114
vt 0.072468 0.184169
vt 0.072848 0.184297
vt 0.073259 0.181566
vt 0.073213 0.185770
vt 0.072845 0.184947
vt 0.077905 0.189011
vt 0.072936 0.188793
vt 0.072567 0.188781
vt 0.077858 0.184591
vt 0.077893 0.188135
vt 0.077971 0.184529
vt 0.073236 0.181498
vt 0.035070 0.337670
vt 0.031974 0.332907
vt 0.028469 0.332925
vt 0.077968 0.187996
vt 0.027643 0.317992
vt 0.092635 0.187803
vt 0.092772 0.187634
vt 0.093175 0.188842
vt 0.092620 0.188862
vt 0.026383 0.317766
vt 0.027492 0.318170
vt 0.026436 0.318319
vt 0.025377 0.318366
vt 0.092707 0.189924
vt 0.092875 0.190085
vt 0.025200 0.318239
vt 0.077994 0.190040
vt 0.077913 0.189894
vt 0.026423 0.333014
vt 0.077631 0.193574
vt 0.077758 0.193640
vt 0.072872 0.191898
vt 0.074537 0.196274
vt 0.073288 0.194064
vt 0.072369 0.192671
vt 0.073297 0.194089
vt 0.073890 0.196480
vt 0.071885 0.193451
vt 0.072191 0.188767
vt 0.067378 0.188444
vt 0.066996 0.193912
vt 0.064676 0.193865
vt 0.066636 0.199301
vt 0.061528 0.195658
vt 0.062345 0.193806
vt 0.063978 0.199779
vt 0.061534 0.195676
vt 0.062693 0.198899
vt 0.059998 0.193795
vt 0.061179 0.197400
vt 0.061207 0.197438
vt 0.062081 0.200413
vt 0.062154 0.200467
vt 0.062708 0.198919
vt 0.073991 0.196531
vt 0.066678 0.199454
vt 0.019990 0.337011
vt 0.022432 0.337700
vt 0.020040 0.337112
vt 0.017092 0.344322
vt 0.063923 0.199894
vt 0.074520 0.196368
vt 0.035228 0.337993
vt 0.038880 0.342502
vt 0.038745 0.342575
vt 0.041137 0.349715
vt 0.033833 0.345424
vt 0.038636 0.350552
vt 0.034176 0.347720
vt 0.038693 0.350555
vt 0.040835 0.351313
vt 0.034540 0.350055
vt 0.037157 0.351009
vt 0.034877 0.350352
vt 0.037187 0.351011
vt 0.041227 0.352806
vt 0.035173 0.350704
vt 0.059963 0.179384
vt 0.040846 0.351316
vt 0.041231 0.349762
vt 0.052836 0.200393
vt 0.042352 0.357695
vt 0.042286 0.364350
s 1
usemtl Player.001
f 1/1/1 2/2/2 6/3/3
f 3/4/4 2/2/2 1/1/1
f 7/5/5 3/4/4 1/1/1
f 4/6/6 1/1/1 5/7/7
f 7/5/5 1/1/1 4/6/6
f 1/1/1 6/3/3 5/7/7
f 10/8/8 8/9/9 7/5/5
f 8/9/9 3/4/4 7/5/5
f 9/10/10 7/5/5 4/6/6
f 10/8/8 7/5/5 9/10/10
f 13/11/11 11/12/12 10/8/8
f 11/12/12 8/9/9 10/8/8
f 12/13/13 10/8/8 9/10/10
f 13/11/11 10/8/8 12/13/13
f 16/14/14 14/15/15 13/11/11
f 14/15/15 15/16/16 13/11/11
f 16/14/14 13/11/11 12/13/13
f 15/16/16 11/12/12 13/11/11
f 18/17/17 14/15/15 16/14/14
f 17/18/18 16/14/14 12/13/13
f 19/19/19 16/14/14 17/18/18
f 19/19/19 18/17/17 16/14/14
f 19/20/20 25/21/20 18/22/20
f 21/23/21 18/24/22 19/25/23
f 20/26/24 19/19/19 17/18/18
f 22/27/25 19/25/23 20/28/25
f 19/20/20 20/29/20 23/30/20
f 22/27/25 21/23/21 19/25/23
f 23/30/20 24/31/20 19/20/20
f 24/31/20 25/21/20 19/20/20
f 24/32/26 28/33/27 25/34/28
f 29/35/29 24/36/30 25/37/31
f 25/21/20 26/38/20 18/22/20
f 25/34/28 30/39/32 26/40/33
f 27/41/31 25/37/31 26/42/34
f 29/35/29 25/37/31 27/41/31
f 25/34/28 28/33/27 30/39/32
f 26/40/33 30/39/32 31/43/35
f 30/39/32 33/44/36 31/43/35
f 30/39/32 32/45/37 33/44/36
f 28/33/27 32/45/37 30/39/32
f 33/44/36 32/45/37 36/46/38
f 31/43/35 33/44/36 34/47/39
f 34/47/39 33/44/36 35/48/40
f 33/44/36 36/46/38 35/48/40
f 32/45/37 38/49/41 36/46/38
f 35/48/40 36/46/38 37/50/42
f 36/46/38 39/51/43 37/50/42
f 36/46/38 38/49/41 39/51/43
f 39/51/43 40/52/44 42/53/45
f 38/49/41 40/52/44 39/51/43
f 37/50/42 39/51/43 41/54/46
f 39/51/43 42/53/45 41/54/46
f 42/53/45 43/55/47 45/56/48
f 40/52/44 43/55/47 42/53/45
f 41/54/46 42/53/45 44/57/49
f 42/53/45 45/56/48 44/57/49
f 44/57/49 45/56/48 46/58/50
f 45/56/48 48/59/51 46/58/50
f 43/55/47 47/60/52 45/56/48
f 45/56/48 47/60/52 48/59/51
f 46/58/50 48/59/51 49/61/53
f 48/59/51 51/62/54 49/61/53
f 47/60/52 50/63/55 48/59/51
f 48/59/51 50/63/55 51/62/54
f 50/63/55 53/64/56 51/62/54
f 49/61/53 51/62/54 52/65/57
f 51/62/54 54/66/58 52/65/57
f 51/62/54 53/64/56 54/66/58
f 54/66/58 55/67/59 57/68/60
f 54/66/58 58/69/61 55/67/59
f 54/66/58 57/68/60 52/65/57
f 53/64/56 56/70/62 54/66/58
f 54/66/58 56/70/62 58/69/61
f 59/71/63 60/72/64 58/69/61
f 56/70/62 59/71/63 58/69/61
f 58/69/61 61/73/65 55/67/59
f 58/69/61 60/72/64 61/73/65
f 61/74/66 62/75/67 66/76/68
f 60/77/69 62/75/67 61/74/66
f 55/67/59 61/73/65 63/78/70
f 61/74/66 66/76/68 63/79/71
f 63/80/72 61/81/72 65/82/72
f 61/81/72 60/83/72 64/84/72
f 64/84/72 65/82/72 61/81/72
f 62/85/20 66/86/20 70/87/20
f 62/88/73 68/89/74 66/90/75
f 66/86/20 67/91/20 20/29/20
f 66/90/75 69/92/76 67/93/77
f 63/79/71 66/76/68 67/94/78
f 66/90/75 68/89/74 69/92/76
f 66/86/20 20/29/20 70/87/20
f 72/95/79 70/96/80 71/97/81
f 70/96/80 73/98/82 71/97/81
f 72/99/20 62/85/20 70/87/20
f 64/100/83 70/101/84 72/102/83
f 64/100/83 65/103/85 70/101/84
f 65/103/85 20/28/25 70/101/84
f 70/96/80 20/26/24 73/98/82
f 71/97/81 73/98/82 74/104/86
f 73/98/82 75/105/87 74/104/86
f 73/98/82 17/18/18 75/105/87
f 20/26/24 17/18/18 73/98/82
f 75/105/87 76/106/88 74/104/86
f 17/18/18 12/13/13 75/105/87
f 12/13/13 9/10/10 75/105/87
f 75/105/87 9/10/10 76/106/88
f 74/104/86 76/106/88 77/107/89
f 76/106/88 78/108/90 77/107/89
f 76/106/88 4/6/6 78/108/90
f 9/10/10 4/6/6 76/106/88
f 78/108/90 5/7/7 80/109/91
f 4/6/6 5/7/7 78/108/90
f 77/107/89 78/108/90 79/110/92
f 78/108/90 80/109/91 79/110/92
f 5/7/7 81/111/93 80/109/91
f 80/109/91 81/111/93 83/112/94
f 79/110/92 80/109/91 82/113/95
f 80/109/91 83/112/94 82/113/95
f 83/112/94 84/114/96 86/115/97
f 81/111/93 84/114/96 83/112/94
f 82/113/95 83/112/94 85/116/98
f 83/112/94 86/115/97 85/116/98
f 85/116/98 86/115/97 87/117/99
f 86/115/97 89/118/100 87/117/99
f 86/115/97 88/119/101 89/118/100
f 84/114/96 88/119/101 86/115/97
f 87/117/99 89/118/100 91/120/102
f 89/118/100 90/121/103 92/122/104
f 88/119/101 90/121/103 89/118/100
f 89/118/100 92/122/104 91/120/102
f 92/122/104 90/121/103 95/123/105
f 91/120/102 92/122/104 93/124/106
f 92/122/104 96/125/107 93/124/106
f 92/122/104 94/126/108 96/125/107
f 92/122/104 95/123/105 94/126/108
f 98/127/109 96/125/107 97/128/110
f 96/125/107 99/129/111 97/128/110
f 93/124/106 96/125/107 98/127/109
f 96/125/107 94/126/108 99/129/111
f 99/130/112 100/131/113 104/132/114
f 94/126/108 100/133/115 99/129/111
f 99/134/72 100/135/72 102/136/72
f 97/137/116 99/130/112 101/138/112
f 103/139/72 97/140/72 99/134/72
f 99/130/112 104/132/114 101/138/112
f 102/136/72 103/139/72 99/134/72
f 100/131/113 106/141/117 104/132/114
f 104/142/20 101/143/20 109/144/20
f 101/145/118 104/146/119 105/147/120
f 104/146/119 107/148/121 105/147/120
f 106/149/20 104/142/20 108/150/20
f 104/146/119 106/151/122 107/148/121
f 108/150/20 104/142/20 109/144/20
f 109/152/123 110/153/124 112/154/125
f 111/155/126 110/153/124 109/152/123
f 109/152/123 112/154/125 108/156/127
f 102/157/128 109/158/129 108/159/130
f 103/160/131 109/158/129 102/157/128
f 111/161/20 109/144/20 101/143/20
f 103/160/131 111/162/132 109/158/129
f 110/153/124 114/163/133 112/154/125
f 108/156/127 112/154/125 113/164/134
f 112/154/125 115/165/135 113/164/134
f 112/154/125 114/163/133 115/165/135
f 113/164/134 115/165/135 116/166/136
f 115/165/135 118/167/137 116/166/136
f 115/165/135 117/168/138 118/167/137
f 114/163/133 117/168/138 115/165/135
f 117/168/138 120/169/139 118/167/137
f 116/166/136 118/167/137 119/170/140
f 118/167/137 121/171/141 119/170/140
f 118/167/137 120/169/139 121/171/141
f 123/172/142 121/171/141 122/173/143
f 121/171/141 124/174/144 122/173/143
f 125/175/145 121/171/141 123/172/142
f 125/175/145 119/170/140 121/171/141
f 121/171/141 120/169/139 124/174/144
f 128/176/146 119/170/140 125/175/145
f 126/177/147 125/175/145 123/172/142
f 127/178/148 125/175/145 126/177/147
f 128/176/146 125/175/145 127/178/148
f 116/166/136 119/170/140 128/176/146
f 129/179/149 128/176/146 127/178/148
f 130/180/150 128/176/146 129/179/149
f 130/180/150 116/166/136 128/176/146
f 132/181/151 113/164/134 130/180/150
f 113/164/134 116/166/136 130/180/150
f 131/182/152 130/180/150 129/179/149
f 132/181/151 130/180/150 131/182/152
f 133/183/153 132/184/153 131/185/69
f 134/186/130 132/184/153 133/183/153
f 131/187/20 135/188/20 132/189/20
f 108/156/127 113/164/134 132/181/151
f 108/150/20 132/189/20 106/149/20
f 134/186/130 108/159/130 132/184/153
f 135/188/20 106/149/20 132/189/20
f 106/151/122 135/190/154 136/191/155
f 135/190/154 138/192/156 136/191/155
f 139/193/157 135/194/158 106/141/117
f 139/193/157 137/195/158 135/194/158
f 137/195/158 72/102/83 135/194/158
f 72/99/20 135/188/20 131/187/20
f 135/190/154 72/95/79 138/192/156
f 140/196/159 137/197/160 139/198/161
f 139/199/72 137/200/72 133/201/72
f 100/131/113 139/193/157 106/141/117
f 95/123/105 139/198/161 100/133/115
f 100/135/72 139/199/72 134/202/72
f 95/123/105 140/196/159 139/198/161
f 133/201/72 134/202/72 139/199/72
f 140/196/159 141/203/162 137/197/160
f 142/204/163 141/203/162 140/196/159
f 90/121/103 142/204/163 140/196/159
f 90/121/103 140/196/159 95/123/105
f 144/205/164 143/206/165 142/204/163
f 142/204/163 143/206/165 141/203/162
f 88/119/101 142/204/163 90/121/103
f 144/205/164 142/204/163 88/119/101
f 84/114/96 144/205/164 88/119/101
f 146/207/166 144/205/164 84/114/96
f 145/208/167 143/206/165 144/205/164
f 146/207/166 145/208/167 144/205/164
f 6/3/3 147/209/168 146/207/166
f 147/209/168 145/208/167 146/207/166
f 81/111/93 146/207/166 84/114/96
f 6/3/3 146/207/166 81/111/93
f 147/209/168 148/210/169 145/208/167
f 149/211/170 148/210/169 147/209/168
f 2/2/2 147/209/168 6/3/3
f 2/2/2 149/211/170 147/209/168
f 149/211/170 150/212/171 148/210/169
f 151/213/172 150/212/171 149/211/170
f 152/214/173 151/213/172 149/211/170
f 152/214/173 149/211/170 2/2/2
f 153/215/174 151/213/172 152/214/173
f 154/216/175 153/215/174 152/214/173
f 3/4/4 152/214/173 2/2/2
f 154/216/175 152/214/173 3/4/4
f 156/217/176 155/218/177 154/216/175
f 155/218/177 153/215/174 154/216/175
f 8/9/9 154/216/175 3/4/4
f 156/217/176 154/216/175 8/9/9
f 11/12/12 156/217/176 8/9/9
f 158/219/178 156/217/176 11/12/12
f 157/220/179 155/218/177 156/217/176
f 158/219/178 157/220/179 156/217/176
f 160/221/180 159/222/181 158/219/178
f 159/222/181 157/220/179 158/219/178
f 15/16/16 158/219/178 11/12/12
f 160/221/180 158/219/178 15/16/16
f 162/223/182 159/222/181 160/221/180
f 163/224/183 160/221/180 15/16/16
f 163/224/183 161/225/184 160/221/180
f 161/225/184 162/223/182 160/221/180
f 164/226/185 161/225/184 163/224/183
f 14/15/15 163/224/183 15/16/16
f 165/227/186 163/224/183 14/15/15
f 165/227/186 164/226/185 163/224/183
f 167/228/187 166/229/188 165/230/188
f 166/229/188 164/231/189 165/230/188
f 165/232/20 18/22/20 168/233/20
f 167/228/187 165/230/188 18/24/22
f 18/17/17 165/227/186 14/15/15
f 164/234/20 165/232/20 169/235/20
f 168/233/20 169/235/20 165/232/20
f 169/236/190 170/237/191 173/238/192
f 168/239/193 170/237/191 169/236/190
f 169/235/20 171/240/20 164/234/20
f 169/236/190 173/238/192 171/241/194
f 172/242/195 169/243/195 171/244/196
f 174/245/197 169/243/195 172/242/195
f 174/245/197 168/246/198 169/243/195
f 177/247/199 175/248/200 174/249/201
f 175/250/202 168/246/198 174/245/197
f 174/251/72 175/252/72 167/253/72
f 176/254/203 174/249/201 172/255/204
f 174/251/72 166/256/72 172/257/72
f 177/247/199 174/249/201 176/254/203
f 167/253/72 166/256/72 174/251/72
f 178/258/205 177/247/199 176/254/203
f 180/259/206 177/247/199 178/258/205
f 179/260/207 175/248/200 177/247/199
f 180/259/206 179/260/207 177/247/199
f 183/261/208 181/262/209 180/259/206
f 181/262/209 179/260/207 180/259/206
f 182/263/210 180/259/206 178/258/205
f 183/261/208 180/259/206 182/263/210
f 186/264/211 184/265/212 183/261/208
f 184/265/212 185/266/213 183/261/208
f 183/261/208 187/267/214 181/262/209
f 183/261/208 185/266/213 187/267/214
f 186/264/211 183/261/208 182/263/210
f 185/266/213 188/268/215 187/267/214
f 188/268/215 189/269/216 187/267/214
f 187/267/214 190/270/217 181/262/209
f 187/267/214 189/269/216 190/270/217
f 190/270/217 29/271/218 27/272/219
f 189/269/216 29/271/218 190/270/217
f 181/262/209 190/270/217 179/260/207
f 190/270/217 27/272/219 179/260/207
f 188/268/215 191/273/220 189/269/216
f 191/273/220 192/274/221 189/269/216
f 189/269/216 192/274/221 29/271/218
f 191/273/220 193/275/222 192/274/221
f 193/276/223 23/277/224 192/278/225
f 193/279/72 22/280/72 192/281/72
f 192/278/225 24/36/30 29/35/29
f 192/281/72 21/282/72 29/283/72
f 192/278/225 23/277/224 24/36/30
f 22/280/72 21/282/72 192/281/72
f 57/68/60 193/275/222 191/273/220
f 193/276/223 67/94/78 23/277/224
f 63/79/71 67/94/78 193/276/223
f 57/68/60 63/78/70 193/275/222
f 193/279/72 63/80/72 22/280/72
f 52/65/57 191/273/220 188/268/215
f 52/65/57 57/68/60 191/273/220
f 49/61/53 52/65/57 188/268/215
f 185/266/213 49/61/53 188/268/215
f 194/284/226 186/264/211 182/263/210
f 196/285/227 186/264/211 194/284/226
f 196/285/227 195/286/228 186/264/211
f 195/286/228 184/265/212 186/264/211
f 198/287/229 196/285/227 194/284/226
f 199/288/230 197/289/231 196/285/227
f 197/289/231 195/286/228 196/285/227
f 199/288/230 196/285/227 198/287/229
f 201/290/232 197/289/231 199/288/230
f 200/291/233 199/288/230 198/287/229
f 202/292/234 199/288/230 200/291/233
f 202/292/234 201/290/232 199/288/230
f 203/293/235 202/292/234 200/291/233
f 205/294/236 202/292/234 203/293/235
f 205/294/236 204/295/237 202/292/234
f 204/295/237 201/290/232 202/292/234
f 207/296/238 204/295/237 205/294/236
f 206/297/239 205/294/236 203/293/235
f 208/298/240 205/294/236 206/297/239
f 208/298/240 207/296/238 205/294/236
f 209/299/241 208/298/240 210/300/242
f 173/238/192 208/298/240 209/299/241
f 210/300/242 208/298/240 206/297/239
f 173/238/192 207/296/238 208/298/240
f 213/301/243 210/300/242 211/302/244
f 211/302/244 210/300/242 212/303/245
f 210/300/242 206/297/239 212/303/245
f 209/299/241 210/300/242 213/301/243
f 216/304/246 209/299/241 213/301/243
f 215/305/247 213/301/243 214/306/248
f 213/301/243 211/302/244 214/306/248
f 216/304/246 213/301/243 215/305/247
f 217/307/249 216/308/249 215/309/250
f 218/310/251 216/308/249 217/307/249
f 216/311/20 215/312/20 220/313/20
f 171/241/194 209/299/241 216/304/246
f 171/240/20 216/311/20 219/314/20
f 218/310/251 171/244/196 216/308/249
f 220/313/20 219/314/20 216/311/20
f 221/315/20 220/313/20 215/312/20
f 223/316/252 221/317/253 220/318/254
f 220/319/255 221/320/256 224/321/257
f 225/322/258 220/318/254 219/323/258
f 219/324/259 220/319/255 222/325/260
f 220/319/255 224/321/257 222/325/260
f 225/322/258 223/316/252 220/318/254
f 226/326/261 225/322/258 219/323/258
f 228/327/262 225/328/263 226/329/264
f 226/330/72 225/331/72 218/332/72
f 228/327/262 227/333/265 225/328/263
f 227/333/265 223/334/266 225/328/263
f 225/331/72 223/335/72 217/336/72
f 218/332/72 225/331/72 217/336/72
f 229/337/267 227/333/265 228/327/262
f 231/338/268 229/337/267 228/327/262
f 230/339/269 228/327/262 226/329/264
f 231/338/268 228/327/262 230/339/269
f 233/340/270 229/337/267 231/338/268
f 232/341/271 231/338/268 230/339/269
f 234/342/272 231/338/268 232/341/271
f 234/342/272 233/340/270 231/338/268
f 235/343/273 234/342/272 236/344/274
f 237/345/275 234/342/272 235/343/273
f 236/344/274 234/342/272 232/341/271
f 237/345/275 233/340/270 234/342/272
f 238/346/276 237/345/275 235/343/273
f 239/347/277 233/340/270 237/345/275
f 240/348/278 237/345/275 238/346/276
f 240/348/278 239/347/277 237/345/275
f 242/349/279 239/347/277 240/348/278
f 241/350/280 240/348/278 238/346/276
f 243/351/281 240/348/278 241/350/280
f 243/351/281 242/349/279 240/348/278
f 246/352/282 244/353/283 243/351/281
f 244/353/283 242/349/279 243/351/281
f 245/354/284 243/351/281 241/350/280
f 246/352/282 243/351/281 245/354/284
f 249/355/285 247/356/286 246/352/282
f 247/356/286 244/353/283 246/352/282
f 248/357/287 246/352/282 245/354/284
f 249/355/285 246/352/282 248/357/287
f 250/358/288 249/355/285 248/357/287
f 252/359/289 249/355/285 250/358/288
f 251/360/290 247/356/286 249/355/285
f 252/359/289 251/360/290 249/355/285
f 214/306/248 211/302/244 252/359/289
f 252/359/289 211/302/244 254/361/291
f 224/321/257 252/359/289 250/358/288
f 224/321/257 253/362/292 252/359/289
f 214/306/248 252/359/289 253/362/292
f 252/359/289 254/361/291 251/360/290
f 251/360/290 254/361/291 255/363/293
f 254/361/291 256/364/294 255/363/293
f 211/302/244 212/303/245 254/361/291
f 254/361/291 212/303/245 256/364/294
f 256/364/294 257/365/295 259/366/296
f 212/303/245 257/365/295 256/364/294
f 255/363/293 256/364/294 258/367/297
f 256/364/294 259/366/296 258/367/297
f 257/365/295 261/368/298 259/366/296
f 258/367/297 259/366/296 260/369/299
f 259/366/296 262/370/300 260/369/299
f 259/366/296 261/368/298 262/370/300
f 260/369/299 262/370/300 263/371/301
f 262/370/300 265/372/302 263/371/301
f 261/368/298 264/373/303 262/370/300
f 262/370/300 264/373/303 265/372/302
f 263/371/301 265/372/302 266/374/304
f 265/372/302 268/375/305 266/374/304
f 264/373/303 267/376/306 265/372/302
f 265/372/302 267/376/306 268/375/305
f 267/376/306 270/377/307 268/375/305
f 268/375/305 269/378/308 271/379/309
f 270/377/307 269/378/308 268/375/305
f 268/375/305 271/379/309 266/374/304
f 271/379/309 272/380/310 274/381/311
f 269/378/308 272/380/310 271/379/309
f 266/374/304 271/379/309 273/382/312
f 271/379/309 274/381/311 273/382/312
f 272/380/310 218/383/313 274/381/311
f 273/382/312 274/381/311 275/384/314
f 274/381/311 217/385/315 275/384/314
f 274/381/311 218/383/313 217/385/315
f 276/386/316 275/384/314 277/387/317
f 273/382/312 275/384/314 276/386/316
f 275/384/314 278/388/318 277/387/317
f 275/384/314 217/385/315 278/388/318
f 217/307/249 215/309/250 278/389/250
f 278/390/72 217/336/72 223/335/72
f 277/387/317 278/388/318 279/391/319
f 278/389/250 281/392/320 279/393/321
f 278/390/72 280/394/72 279/395/72
f 278/389/250 215/309/250 281/392/320
f 223/335/72 280/394/72 278/390/72
f 281/396/322 214/306/248 253/362/292
f 215/305/247 214/306/248 281/396/322
f 281/397/20 282/398/20 221/315/20
f 281/396/322 253/362/292 282/399/323
f 279/393/321 281/392/320 282/400/324
f 215/312/20 281/397/20 221/315/20
f 280/401/325 282/400/324 221/317/253
f 221/320/256 282/399/323 253/362/292
f 280/401/325 283/402/324 282/400/324
f 279/393/321 282/400/324 283/402/324
f 285/403/326 279/391/319 283/404/327
f 280/394/72 283/405/72 279/395/72
f 286/406/328 283/404/327 280/407/329
f 286/406/328 284/408/330 283/404/327
f 285/403/326 283/404/327 284/408/330
f 289/409/331 287/410/332 286/406/328
f 287/410/332 284/408/330 286/406/328
f 288/411/333 286/406/328 280/407/329
f 289/409/331 286/406/328 288/411/333
f 291/412/334 287/410/332 289/409/331
f 290/413/335 289/409/331 288/411/333
f 292/414/336 289/409/331 290/413/335
f 292/414/336 291/412/334 289/409/331
f 293/415/337 292/414/336 294/416/338
f 295/417/339 292/414/336 293/415/337
f 294/416/338 292/414/336 290/413/335
f 295/417/339 291/412/334 292/414/336
f 296/418/340 295/417/339 293/415/337
f 297/419/341 291/412/334 295/417/339
f 298/420/342 295/417/339 296/418/340
f 298/420/342 297/419/341 295/417/339
f 300/421/343 297/419/341 298/420/342
f 299/422/344 298/420/342 296/418/340
f 301/423/345 298/420/342 299/422/344
f 301/423/345 300/421/343 298/420/342
f 301/423/345 302/424/346 304/425/347
f 303/426/348 302/424/346 301/423/345
f 303/426/348 301/423/345 299/422/344
f 301/423/345 304/425/347 300/421/343
f 300/421/343 304/425/347 305/427/349
f 304/425/347 307/428/350 305/427/349
f 302/424/346 306/429/351 304/425/347
f 304/425/347 306/429/351 307/428/350
f 305/427/349 307/428/350 308/430/352
f 307/428/350 310/431/353 308/430/352
f 306/429/351 309/432/354 307/428/350
f 307/428/350 309/432/354 310/431/353
f 309/432/354 311/433/355 310/431/353
f 310/431/353 276/386/316 312/434/356
f 311/433/355 276/386/316 310/431/353
f 310/431/353 312/434/356 308/430/352
f 276/386/316 277/387/317 312/434/356
f 308/430/352 312/434/356 313/435/357
f 312/434/356 285/403/326 313/435/357
f 312/434/356 277/387/317 285/403/326
f 313/435/357 285/403/326 284/408/330
f 315/436/358 313/435/357 314/437/359
f 313/435/357 284/408/330 314/437/359
f 308/430/352 313/435/357 315/436/358
f 317/438/360 305/427/349 315/436/358
f 305/427/349 308/430/352 315/436/358
f 315/436/358 314/437/359 316/439/361
f 317/438/360 315/436/358 316/439/361
f 300/421/343 317/438/360 297/419/341
f 317/438/360 318/440/362 297/419/341
f 317/438/360 316/439/361 318/440/362
f 300/421/343 305/427/349 317/438/360
f 297/419/341 318/440/362 291/412/334
f 291/412/334 318/440/362 287/410/332
f 318/440/362 314/437/359 287/410/332
f 318/440/362 316/439/361 314/437/359
f 287/410/332 314/437/359 284/408/330
f 309/432/354 263/371/301 311/433/355
f 263/371/301 266/374/304 311/433/355
f 311/433/355 273/382/312 276/386/316
f 266/374/304 273/382/312 311/433/355
f 306/429/351 260/369/299 309/432/354
f 260/369/299 263/371/301 309/432/354
f 302/424/346 258/367/297 306/429/351
f 258/367/297 260/369/299 306/429/351
f 303/426/348 255/363/293 302/424/346
f 251/360/290 255/363/293 303/426/348
f 251/360/290 303/426/348 247/356/286
f 303/426/348 299/422/344 247/356/286
f 255/363/293 258/367/297 302/424/346
f 247/356/286 299/422/344 244/353/283
f 299/422/344 296/418/340 244/353/283
f 244/353/283 296/418/340 242/349/279
f 296/418/340 293/415/337 242/349/279
f 239/347/277 294/416/338 233/340/270
f 293/415/337 294/416/338 239/347/277
f 233/340/270 294/416/338 229/337/267
f 294/416/338 290/413/335 229/337/267
f 242/349/279 293/415/337 239/347/277
f 229/337/267 290/413/335 227/333/265
f 290/413/335 288/411/333 227/333/265
f 227/333/265 288/411/333 223/334/266
f 288/411/333 280/407/329 223/334/266
f 277/387/317 279/391/319 285/403/326
f 223/316/252 280/401/325 221/317/253
f 272/380/310 172/255/204 218/383/313
f 176/254/203 172/255/204 272/380/310
f 269/378/308 176/254/203 272/380/310
f 267/376/306 194/284/226 270/377/307
f 194/284/226 182/263/210 270/377/307
f 270/377/307 178/258/205 269/378/308
f 182/263/210 178/258/205 270/377/307
f 178/258/205 176/254/203 269/378/308
f 264/373/303 198/287/229 267/376/306
f 198/287/229 194/284/226 267/376/306
f 261/368/298 200/291/233 264/373/303
f 200/291/233 198/287/229 264/373/303
f 203/293/235 200/291/233 261/368/298
f 257/365/295 203/293/235 261/368/298
f 212/303/245 206/297/239 257/365/295
f 206/297/239 203/293/235 257/365/295
f 221/320/256 253/362/292 224/321/257
f 222/325/260 224/321/257 250/358/288
f 250/358/288 248/357/287 162/223/182
f 222/325/260 250/358/288 162/223/182
f 162/223/182 248/357/287 159/222/181
f 248/357/287 245/354/284 159/222/181
f 159/222/181 245/354/284 157/220/179
f 245/354/284 241/350/280 157/220/179
f 157/220/179 241/350/280 155/218/177
f 241/350/280 238/346/276 155/218/177
f 155/218/177 238/346/276 153/215/174
f 238/346/276 235/343/273 153/215/174
f 151/213/172 236/344/274 150/212/171
f 235/343/273 236/344/274 151/213/172
f 150/212/171 236/344/274 319/441/363
f 236/344/274 232/341/271 319/441/363
f 320/442/364 319/441/363 321/443/365
f 150/212/171 319/441/363 320/442/364
f 319/441/363 232/341/271 322/444/366
f 319/441/363 322/444/366 321/443/365
f 322/444/366 230/339/269 166/445/367
f 232/341/271 230/339/269 322/444/366
f 321/443/365 322/444/366 167/446/368
f 322/444/366 166/445/367 167/446/368
f 323/447/369 321/443/365 21/448/370
f 320/442/364 321/443/365 323/447/369
f 321/443/365 167/446/368 21/448/370
f 324/449/371 323/447/369 22/450/372
f 323/447/369 21/448/370 22/450/372
f 325/451/373 320/442/364 323/447/369
f 325/451/373 323/447/369 324/449/371
f 148/210/169 320/442/364 325/451/373
f 148/210/169 325/451/373 326/452/374
f 326/452/374 325/451/373 324/449/371
f 143/206/165 326/452/374 327/453/375
f 326/452/374 324/449/371 327/453/375
f 145/208/167 326/452/374 143/206/165
f 148/210/169 326/452/374 145/208/167
f 141/203/162 327/453/375 64/454/376
f 143/206/165 327/453/375 141/203/162
f 327/453/375 65/455/377 64/454/376
f 327/453/375 324/449/371 65/455/377
f 324/449/371 22/450/372 65/455/377
f 148/210/169 150/212/171 320/442/364
f 153/215/174 235/343/273 151/213/172
f 230/339/269 226/329/264 166/445/367
f 166/229/188 226/326/261 164/231/189
f 166/256/72 226/330/72 172/257/72
f 226/326/261 219/323/258 164/231/189
f 218/332/72 172/257/72 226/330/72
f 161/225/184 222/325/260 162/223/182
f 219/324/259 222/325/260 161/225/184
f 164/226/185 219/324/259 161/225/184
f 219/314/20 164/234/20 171/240/20
f 172/242/195 171/244/196 218/310/251
f 171/241/194 173/238/192 209/299/241
f 170/237/191 34/47/39 207/296/238
f 207/296/238 34/47/39 204/295/237
f 170/237/191 207/296/238 173/238/192
f 34/47/39 35/48/40 204/295/237
f 204/295/237 35/48/40 201/290/232
f 201/290/232 37/50/42 197/289/231
f 35/48/40 37/50/42 201/290/232
f 37/50/42 41/54/46 197/289/231
f 197/289/231 41/54/46 195/286/228
f 41/54/46 44/57/49 195/286/228
f 195/286/228 44/57/49 184/265/212
f 184/265/212 46/58/50 185/266/213
f 46/58/50 49/61/53 185/266/213
f 44/57/49 46/58/50 184/265/212
f 179/260/207 27/272/219 175/248/200
f 175/250/202 26/42/34 168/246/198
f 27/41/31 26/42/34 175/250/202
f 175/252/72 27/456/72 167/253/72
f 31/43/35 34/47/39 170/237/191
f 168/239/193 31/43/35 170/237/191
f 26/38/20 168/233/20 18/22/20
f 26/40/33 31/43/35 168/239/193
f 21/23/21 167/228/187 18/24/22
f 21/282/72 167/253/72 27/456/72
f 141/203/162 64/454/376 137/197/160
f 138/192/156 71/97/81 329/457/378
f 72/95/79 71/97/81 138/192/156
f 136/191/155 138/192/156 328/458/379
f 138/192/156 329/457/378 328/458/379
f 328/458/379 329/457/378 77/107/89
f 74/104/86 77/107/89 329/457/378
f 71/97/81 74/104/86 329/457/378
f 330/459/380 328/458/379 331/460/381
f 136/191/155 328/458/379 330/459/380
f 328/458/379 77/107/89 331/460/381
f 77/107/89 79/110/92 331/460/381
f 330/459/380 331/460/381 332/461/382
f 331/460/381 333/462/383 332/461/382
f 331/460/381 79/110/92 333/462/383
f 333/462/383 82/113/95 335/463/384
f 79/110/92 82/113/95 333/462/383
f 332/461/382 333/462/383 334/464/385
f 333/462/383 335/463/384 334/464/385
f 82/113/95 85/116/98 335/463/384
f 334/464/385 335/463/384 336/465/386
f 335/463/384 337/466/387 336/465/386
f 335/463/384 85/116/98 337/466/387
f 337/466/387 87/117/99 339/467/388
f 85/116/98 87/117/99 337/466/387
f 336/465/386 337/466/387 338/468/389
f 337/466/387 339/467/388 338/468/389
f 338/468/389 339/467/388 340/469/390
f 339/467/388 341/470/391 340/469/390
f 339/467/388 91/120/102 341/470/391
f 87/117/99 91/120/102 339/467/388
f 340/469/390 341/470/391 342/471/392
f 341/470/391 93/124/106 343/472/393
f 91/120/102 93/124/106 341/470/391
f 341/470/391 343/472/393 342/471/392
f 93/124/106 98/127/109 343/472/393
f 342/471/392 343/472/393 344/473/394
f 343/472/393 345/474/395 344/473/394
f 343/472/393 98/127/109 345/474/395
f 344/473/394 345/474/395 346/475/396
f 346/475/396 345/474/395 347/476/397
f 345/474/395 348/477/398 347/476/397
f 345/474/395 98/127/109 348/477/398
f 348/478/399 97/137/116 352/479/400
f 98/127/109 97/128/110 348/477/398
f 348/480/72 97/140/72 350/481/72
f 347/482/401 348/478/399 349/483/402
f 348/480/72 351/484/72 347/485/72
f 348/478/399 352/479/400 349/483/402
f 350/481/72 351/484/72 348/480/72
f 349/486/403 352/487/404 353/488/405
f 352/487/404 354/489/406 353/488/405
f 352/490/20 349/491/20 355/492/20
f 97/137/116 101/138/112 352/479/400
f 101/143/20 352/490/20 111/161/20
f 352/487/404 101/145/118 354/489/406
f 356/493/20 111/161/20 352/490/20
f 355/492/20 356/493/20 352/490/20
f 357/494/407 356/495/408 111/162/132
f 350/496/409 356/495/408 357/494/407
f 356/497/410 359/498/411 111/155/126
f 356/497/410 358/499/412 359/498/411
f 355/500/413 358/499/412 356/497/410
f 350/496/409 355/501/414 356/495/408
f 358/499/412 360/502/415 359/498/411
f 111/155/126 359/498/411 110/153/124
f 359/498/411 361/503/416 110/153/124
f 359/498/411 360/502/415 361/503/416
f 361/503/416 362/504/417 363/505/418
f 360/502/415 362/504/417 361/503/416
f 110/153/124 361/503/416 114/163/133
f 361/503/416 363/505/418 114/163/133
f 362/504/417 364/506/419 363/505/418
f 114/163/133 363/505/418 117/168/138
f 363/505/418 365/507/420 117/168/138
f 363/505/418 364/506/419 365/507/420
f 117/168/138 365/507/420 120/169/139
f 120/169/139 365/507/420 366/508/421
f 365/507/420 367/509/422 366/508/421
f 365/507/420 364/506/419 367/509/422
f 367/509/422 368/510/423 370/511/424
f 364/506/419 368/510/423 367/509/422
f 366/508/421 367/509/422 369/512/425
f 367/509/422 370/511/424 369/512/425
f 369/512/425 370/511/424 371/513/426
f 370/511/424 373/514/427 371/513/426
f 368/510/423 372/515/428 370/511/424
f 370/511/424 372/515/428 373/514/427
f 371/513/426 373/514/427 374/516/429
f 373/514/427 376/517/430 374/516/429
f 372/515/428 375/518/431 373/514/427
f 373/514/427 375/518/431 376/517/430
f 375/518/431 378/519/432 376/517/430
f 374/516/429 376/517/430 377/520/433
f 376/517/430 379/521/434 377/520/433
f 376/517/430 378/519/432 379/521/434
f 379/521/434 380/522/435 382/523/436
f 378/519/432 380/522/435 379/521/434
f 377/520/433 379/521/434 381/524/437
f 379/521/434 382/523/436 381/524/437
f 382/523/436 351/525/438 350/526/439
f 383/527/440 351/525/438 382/523/436
f 382/523/436 350/526/439 381/524/437
f 380/522/435 383/527/440 382/523/436
f 384/528/441 385/529/442 383/527/440
f 386/530/443 384/528/441 383/527/440
f 383/527/440 385/529/442 351/525/438
f 380/522/435 386/530/443 383/527/440
f 386/530/443 387/531/444 384/528/441
f 388/532/445 387/531/444 386/530/443
f 389/533/446 386/530/443 380/522/435
f 389/533/446 388/532/445 386/530/443
f 391/534/447 390/535/448 389/533/446
f 390/535/448 388/532/445 389/533/446
f 378/519/432 389/533/446 380/522/435
f 391/534/447 389/533/446 378/519/432
f 375/518/431 391/534/447 378/519/432
f 393/536/449 391/534/447 375/518/431
f 393/536/449 392/537/450 391/534/447
f 392/537/450 390/535/448 391/534/447
f 372/515/428 393/536/449 375/518/431
f 395/538/451 394/539/452 393/536/449
f 394/539/452 392/537/450 393/536/449
f 395/538/451 393/536/449 372/515/428
f 396/540/453 394/539/452 395/538/451
f 368/510/423 395/538/451 372/515/428
f 397/541/454 395/538/451 368/510/423
f 397/541/454 396/540/453 395/538/451
f 364/506/419 397/541/454 368/510/423
f 362/504/417 397/541/454 364/506/419
f 398/542/455 397/541/454 362/504/417
f 398/542/455 396/540/453 397/541/454
f 400/543/456 399/544/457 398/542/455
f 399/544/457 396/540/453 398/542/455
f 360/502/415 398/542/455 362/504/417
f 400/543/456 398/542/455 360/502/415
f 358/499/412 400/543/456 360/502/415
f 402/545/458 400/543/456 358/499/412
f 401/546/459 399/544/457 400/543/456
f 402/545/458 401/546/459 400/543/456
f 404/547/460 403/548/461 402/545/458
f 403/548/461 401/546/459 402/545/458
f 355/500/413 402/545/458 358/499/412
f 404/547/460 402/545/458 355/500/413
f 405/549/462 403/548/461 404/547/460
f 404/550/20 355/492/20 349/491/20
f 351/551/463 404/552/464 355/501/414
f 385/553/465 404/552/464 351/551/463
f 405/554/20 404/550/20 406/555/20
f 385/553/465 405/556/465 404/552/464
f 349/491/20 406/555/20 404/550/20
f 410/557/466 347/482/401 406/558/467
f 347/482/401 349/483/402 406/558/467
f 406/555/20 407/559/20 405/554/20
f 410/557/466 406/558/467 407/560/468
f 407/561/469 406/562/470 408/563/471
f 406/562/470 411/564/472 408/563/471
s 0
f 349/565/473 409/566/72 406/567/473
s 1
f 406/562/470 349/486/403 411/564/472
f 411/564/472 353/488/405 413/568/474
f 349/486/403 353/488/405 411/564/472
f 408/563/471 411/564/472 412/569/475
f 411/564/472 413/568/474 412/569/475
f 412/569/475 413/568/474 414/570/476
f 413/568/474 416/571/477 414/570/476
f 353/488/405 415/572/478 413/568/474
f 413/568/474 415/572/478 416/571/477
f 417/573/479 418/574/480 416/571/477
f 415/572/478 417/573/479 416/571/477
f 414/570/476 416/571/477 418/574/480
f 417/573/479 419/575/481 418/574/480
f 419/575/481 420/576/482 418/574/480
f 418/574/480 420/576/482 422/577/483
f 414/570/476 418/574/480 421/578/484
f 418/574/480 422/577/483 421/578/484
f 420/576/482 424/579/485 422/577/483
f 421/578/484 422/577/483 423/580/486
f 422/577/483 425/581/487 423/580/486
f 422/577/483 424/579/485 425/581/487
f 425/581/487 426/582/488 428/583/489
f 424/579/485 426/582/488 425/581/487
f 423/580/486 425/581/487 427/584/490
f 425/581/487 428/583/489 427/584/490
f 427/584/490 428/583/489 429/585/491
f 428/583/489 431/586/492 429/585/491
f 428/583/489 430/587/493 431/586/492
f 426/582/488 430/587/493 428/583/489
f 429/585/491 431/586/492 433/588/494
f 431/586/492 432/589/495 434/590/496
f 430/587/493 432/589/495 431/586/492
f 431/586/492 434/590/496 433/588/494
f 434/590/496 435/591/497 437/592/498
f 432/589/495 435/591/497 434/590/496
f 433/588/494 434/590/496 436/593/499
f 434/590/496 437/592/498 436/593/499
f 437/592/498 435/591/497 440/594/500
f 436/593/499 437/592/498 438/595/501
f 438/595/501 437/592/498 439/596/502
f 437/592/498 440/594/500 439/596/502
f 439/597/503 440/598/504 441/599/505
f 440/598/504 407/560/468 441/599/505
f 439/600/72 440/601/72 444/602/72
f 435/591/497 410/603/506 440/594/500
f 440/598/504 410/557/466 407/560/468
f 410/604/72 442/605/72 440/601/72
f 442/605/72 443/606/72 440/601/72
f 443/606/72 444/602/72 440/601/72
f 444/607/507 445/608/508 448/609/509
f 447/610/510 445/608/508 444/607/507
f 446/611/511 444/612/512 443/613/513
f 444/607/507 448/609/509 443/614/514
f 449/615/515 444/612/512 446/611/511
f 449/615/515 447/616/516 444/612/512
f 444/602/72 447/617/72 439/600/72
f 438/595/501 447/616/516 449/615/515
f 450/618/517 438/595/501 449/615/515
f 451/619/518 449/615/515 446/611/511
f 451/619/518 450/618/517 449/615/515
f 452/620/519 451/619/518 446/611/511
f 454/621/520 451/619/518 452/620/519
f 454/621/520 453/622/521 451/619/518
f 453/622/521 450/618/517 451/619/518
f 457/623/522 455/624/523 454/621/520
f 455/624/523 453/622/521 454/621/520
f 456/625/524 454/621/520 452/620/519
f 457/623/522 454/621/520 456/625/524
f 458/626/525 457/623/522 456/625/524
f 460/627/526 457/623/522 458/626/525
f 460/627/526 459/628/527 457/623/522
f 459/628/527 455/624/523 457/623/522
f 462/629/528 460/627/526 458/626/525
f 463/630/529 461/631/530 460/627/526
f 461/631/530 459/628/527 460/627/526
f 463/630/529 460/627/526 462/629/528
f 465/632/531 461/631/530 463/630/529
f 464/633/532 463/630/529 462/629/528
f 466/634/533 463/630/529 464/633/532
f 466/634/533 465/632/531 463/630/529
f 469/635/534 465/632/531 466/634/533
f 467/636/535 466/634/533 464/633/532
f 468/637/536 466/634/533 467/636/535
f 469/635/534 466/634/533 468/637/536
f 471/638/537 465/632/531 469/635/534
f 470/639/538 469/635/534 468/637/536
f 472/640/539 469/635/534 470/639/538
f 472/640/539 471/638/537 469/635/534
f 475/641/540 473/642/541 472/640/539
f 473/642/541 471/638/537 472/640/539
f 474/643/542 472/640/539 470/639/538
f 475/641/540 472/640/539 474/643/542
f 476/644/543 475/641/540 474/643/542
f 448/645/544 475/641/540 476/644/543
f 477/646/545 473/642/541 475/641/540
f 448/645/544 477/646/545 475/641/540
f 445/647/546 478/648/547 477/646/545
f 478/648/547 479/649/548 477/646/545
f 445/647/546 477/646/545 448/645/544
f 477/646/545 479/649/548 473/642/541
f 478/648/547 480/650/549 479/649/548
f 480/650/549 481/651/550 479/649/548
f 479/649/548 482/652/551 473/642/541
f 479/649/548 481/651/550 482/652/551
f 473/642/541 482/652/551 471/638/537
f 482/652/551 484/653/552 471/638/537
f 482/652/551 483/654/553 484/653/552
f 481/651/550 483/654/553 482/652/551
f 484/653/552 483/654/553 485/655/554
f 465/632/531 484/653/552 461/631/530
f 484/653/552 485/655/554 461/631/530
f 471/638/537 484/653/552 465/632/531
f 483/654/553 486/656/555 485/655/554
f 461/631/530 485/655/554 459/628/527
f 485/655/554 487/657/556 459/628/527
f 485/655/554 486/656/555 487/657/556
f 459/628/527 487/657/556 455/624/523
f 487/657/556 489/658/557 455/624/523
f 486/656/555 488/659/558 487/657/556
f 487/657/556 488/659/558 489/658/557
f 455/624/523 489/658/557 453/622/521
f 489/658/557 491/660/559 453/622/521
f 488/659/558 490/661/560 489/658/557
f 489/658/557 490/661/560 491/660/559
f 490/661/560 492/662/561 491/660/559
f 453/622/521 491/660/559 450/618/517
f 491/660/559 493/663/562 450/618/517
f 491/660/559 492/662/561 493/663/562
f 494/664/563 436/593/499 493/663/562
f 436/593/499 438/595/501 493/663/562
f 450/618/517 493/663/562 438/595/501
f 494/664/563 493/663/562 492/662/561
f 495/665/564 494/664/563 492/662/561
f 496/666/565 494/664/563 495/665/564
f 433/588/494 436/593/499 494/664/563
f 496/666/565 433/588/494 494/664/563
f 497/667/566 496/666/565 495/665/564
f 429/585/491 433/588/494 496/666/565
f 498/668/567 496/666/565 497/667/566
f 498/668/567 429/585/491 496/666/565
f 427/584/490 429/585/491 498/668/567
f 499/669/568 498/668/567 500/670/569
f 501/671/570 498/668/567 499/669/568
f 497/667/566 500/670/569 498/668/567
f 501/671/570 427/584/490 498/668/567
f 502/672/571 501/671/570 499/669/568
f 503/673/572 501/671/570 502/672/571
f 423/580/486 427/584/490 501/671/570
f 503/673/572 423/580/486 501/671/570
f 504/674/573 421/578/484 503/673/572
f 421/578/484 423/580/486 503/673/572
f 505/675/574 503/673/572 502/672/571
f 505/675/574 504/674/573 503/673/572
f 508/676/575 506/677/576 505/675/574
f 506/677/576 504/674/573 505/675/574
f 507/678/577 505/675/574 502/672/571
f 508/676/575 505/675/574 507/678/577
f 510/679/578 506/677/576 508/676/575
f 509/680/579 508/676/575 507/678/577
f 511/681/580 508/676/575 509/680/579
f 511/681/580 510/679/578 508/676/575
f 512/682/581 511/681/580 509/680/579
f 513/683/582 511/681/580 512/682/581
f 513/683/582 441/684/583 511/681/580
f 441/684/583 510/679/578 511/681/580
f 441/685/20 513/686/20 445/687/20
f 439/597/503 441/599/505 513/688/584
f 513/686/20 514/689/20 516/690/20
f 515/691/585 513/688/584 514/692/586
f 514/693/587 513/683/582 512/682/581
f 515/691/585 439/597/503 513/688/584
f 516/690/20 445/687/20 513/686/20
f 514/693/587 517/694/588 516/695/589
f 515/691/585 514/692/586 516/696/510
f 516/695/589 478/648/547 445/647/546
f 447/610/510 516/696/510 445/608/508
f 516/695/589 517/694/588 478/648/547
f 515/691/585 516/696/510 447/610/510
f 514/693/587 518/697/590 517/694/588
f 518/697/590 519/698/591 517/694/588
f 517/694/588 480/650/549 478/648/547
f 517/694/588 519/698/591 480/650/549
f 518/697/590 520/699/592 519/698/591
f 520/699/592 521/700/593 519/698/591
f 519/698/591 522/701/594 480/650/549
f 519/698/591 521/700/593 522/701/594
f 522/701/594 523/702/595 524/703/596
f 521/700/593 523/702/595 522/701/594
f 480/650/549 522/701/594 481/651/550
f 522/701/594 524/703/596 481/651/550
f 524/703/596 523/702/595 525/704/597
f 483/654/553 524/703/596 486/656/555
f 481/651/550 524/703/596 483/654/553
f 524/703/596 525/704/597 486/656/555
f 525/704/597 526/705/598 527/706/599
f 523/702/595 526/705/598 525/704/597
f 486/656/555 525/704/597 488/659/558
f 525/704/597 527/706/599 488/659/558
f 488/659/558 527/706/599 490/661/560
f 527/706/599 529/707/600 490/661/560
f 526/705/598 528/708/601 527/706/599
f 527/706/599 528/708/601 529/707/600
f 490/661/560 529/707/600 492/662/561
f 495/665/564 492/662/561 529/707/600
f 530/709/602 529/707/600 528/708/601
f 530/709/602 495/665/564 529/707/600
f 497/667/566 495/665/564 530/709/602
f 531/710/603 530/709/602 528/708/601
f 532/711/604 530/709/602 531/710/603
f 532/711/604 497/667/566 530/709/602
f 532/711/604 499/669/568 536/712/605
f 535/713/606 499/669/568 532/711/604
f 532/711/604 533/714/607 537/715/608
f 532/711/604 536/712/605 533/714/607
f 534/716/609 532/711/604 531/710/603
f 532/711/604 537/715/608 497/667/566
f 535/713/606 532/711/604 534/716/609
f 537/715/608 538/717/610 539/718/611
f 533/714/607 538/717/610 537/715/608
f 497/667/566 537/715/608 500/670/569
f 537/715/608 539/718/611 500/670/569
f 540/719/612 539/718/611 541/720/613
f 536/712/605 539/718/611 540/719/612
f 538/717/610 541/720/613 539/718/611
f 536/712/605 500/670/569 539/718/611
f 542/721/614 541/720/613 543/722/615
f 540/719/612 541/720/613 542/721/614
f 538/717/610 543/722/615 541/720/613
f 545/723/616 544/724/617 543/722/615
f 542/721/614 543/722/615 544/724/617
f 545/723/616 543/722/615 538/717/610
f 545/723/616 540/719/612 542/721/614
f 533/714/607 540/719/612 545/723/616
f 533/714/607 545/723/616 538/717/610
f 545/723/616 542/721/614 544/724/617
f 533/714/607 536/712/605 540/719/612
f 499/669/568 500/670/569 536/712/605
f 502/672/571 499/669/568 535/713/606
f 507/678/577 502/672/571 535/713/606
f 546/725/618 535/713/606 534/716/609
f 546/725/618 507/678/577 535/713/606
f 547/726/619 546/725/618 534/716/609
f 548/727/620 546/725/618 547/726/619
f 548/727/620 509/680/579 546/725/618
f 509/680/579 507/678/577 546/725/618
f 512/682/581 509/680/579 548/727/620
f 520/699/592 548/727/620 547/726/619
f 518/697/590 548/727/620 520/699/592
f 518/697/590 512/682/581 548/727/620
f 549/728/621 547/726/619 550/729/622
f 520/699/592 547/726/619 549/728/621
f 547/726/619 534/716/609 550/729/622
f 534/716/609 531/710/603 550/729/622
f 550/729/622 552/730/623 551/731/624
f 549/728/621 550/729/622 551/731/624
f 550/729/622 531/710/603 552/730/623
f 553/732/625 551/731/624 552/730/623
f 526/705/598 552/730/623 528/708/601
f 553/732/625 552/730/623 526/705/598
f 531/710/603 528/708/601 552/730/623
f 549/728/621 551/731/624 553/732/625
f 523/702/595 553/732/625 526/705/598
f 521/700/593 553/732/625 523/702/595
f 549/728/621 553/732/625 521/700/593
f 520/699/592 549/728/621 521/700/593
f 514/693/587 512/682/581 518/697/590
f 438/595/501 515/733/626 447/616/516
f 438/595/501 439/596/502 515/733/626
f 447/617/72 515/734/72 439/600/72
f 510/679/578 408/563/471 506/677/576
f 407/561/469 408/563/471 510/679/578
f 441/684/583 407/561/469 510/679/578
f 408/563/471 412/569/475 506/677/576
f 506/677/576 412/569/475 504/674/573
f 504/674/573 414/570/476 421/578/484
f 412/569/475 414/570/476 504/674/573
f 442/735/627 476/736/627 405/556/465
f 443/614/514 476/736/627 442/735/627
f 476/737/20 405/554/20 407/559/20
f 476/644/543 474/643/542 405/549/462
f 448/738/20 476/737/20 441/685/20
f 443/614/514 448/609/509 476/736/627
f 407/559/20 441/685/20 476/737/20
f 405/549/462 474/643/542 403/548/461
f 474/643/542 470/639/538 403/548/461
f 403/548/461 470/639/538 401/546/459
f 470/639/538 468/637/536 401/546/459
f 401/546/459 468/637/536 399/544/457
f 468/637/536 467/636/535 399/544/457
f 399/544/457 467/636/535 396/540/453
f 396/540/453 467/636/535 394/539/452
f 467/636/535 464/633/532 394/539/452
f 394/539/452 464/633/532 392/537/450
f 464/633/532 462/629/528 392/537/450
f 392/537/450 462/629/528 390/535/448
f 462/629/528 458/626/525 390/535/448
f 390/535/448 458/626/525 388/532/445
f 458/626/525 456/625/524 388/532/445
f 388/532/445 456/625/524 387/531/444
f 456/625/524 452/620/519 387/531/444
f 387/531/444 452/620/519 554/739/628
f 452/620/519 446/611/511 554/739/628
f 446/611/511 443/613/513 554/739/628
f 554/739/628 442/740/629 384/528/441
f 387/531/444 554/739/628 384/528/441
f 554/739/628 443/613/513 442/740/629
f 448/738/20 441/685/20 445/687/20
f 384/528/441 442/740/629 385/529/442
f 442/735/627 405/556/465 385/553/465
f 385/741/72 442/605/72 410/604/72
f 432/589/495 346/475/396 435/591/497
f 435/591/497 346/475/396 410/603/506
f 430/587/493 344/473/394 432/589/495
f 344/473/394 346/475/396 432/589/495
f 342/471/392 344/473/394 430/587/493
f 426/582/488 342/471/392 430/587/493
f 340/469/390 342/471/392 426/582/488
f 424/579/485 340/469/390 426/582/488
f 338/468/389 340/469/390 424/579/485
f 420/576/482 338/468/389 424/579/485
f 419/575/481 336/465/386 420/576/482
f 336/465/386 338/468/389 420/576/482
f 555/742/630 419/575/481 417/573/479
f 334/464/385 336/465/386 419/575/481
f 555/742/630 334/464/385 419/575/481
f 556/743/631 332/461/382 555/742/630
f 332/461/382 334/464/385 555/742/630
f 557/744/632 555/742/630 417/573/479
f 557/744/632 556/743/631 555/742/630
f 354/489/406 105/147/120 557/744/632
f 105/147/120 556/743/631 557/744/632
f 415/572/478 557/744/632 417/573/479
f 354/489/406 557/744/632 415/572/478
f 556/743/631 330/459/380 332/461/382
f 107/148/121 330/459/380 556/743/631
f 105/147/120 107/148/121 556/743/631
f 353/488/405 354/489/406 415/572/478
f 346/475/396 347/476/397 410/603/506
f 410/604/72 347/485/72 385/741/72
s 0
f 349/565/72 558/745/633 409/566/633
s 1
f 351/484/72 385/741/72 347/485/72
f 381/524/437 357/746/634 559/747/635
f 377/520/433 381/524/437 559/747/635
f 381/524/437 350/526/439 357/746/634
f 561/748/636 377/520/433 559/747/635
f 559/747/635 103/749/637 560/750/638
f 561/748/636 559/747/635 560/750/638
f 559/747/635 357/746/634 103/749/637
f 374/516/429 377/520/433 561/748/636
f 562/751/639 561/748/636 560/750/638
f 563/752/640 561/748/636 562/751/639
f 563/752/640 374/516/429 561/748/636
f 565/753/641 371/513/426 563/752/640
f 371/513/426 374/516/429 563/752/640
f 564/754/642 563/752/640 562/751/639
f 565/753/641 563/752/640 564/754/642
f 566/755/643 565/753/641 564/754/642
f 567/756/644 565/753/641 566/755/643
f 567/756/644 369/512/425 565/753/641
f 369/512/425 371/513/426 565/753/641
f 568/757/645 567/756/644 566/755/643
f 124/174/144 366/508/421 567/756/644
f 366/508/421 369/512/425 567/756/644
f 124/174/144 567/756/644 568/757/645
f 570/758/646 568/757/645 569/759/647
f 568/757/645 566/755/643 569/759/647
f 122/173/143 124/174/144 568/757/645
f 122/173/143 568/757/645 570/758/646
f 572/760/648 570/758/646 571/761/649
f 570/758/646 569/759/647 571/761/649
f 573/762/650 122/173/143 570/758/646
f 573/762/650 570/758/646 572/760/648
f 123/172/142 122/173/143 573/762/650
f 574/763/651 573/762/650 572/760/648
f 575/764/652 573/762/650 574/763/651
f 575/764/652 123/172/142 573/762/650
f 577/765/653 126/177/147 575/764/652
f 126/177/147 123/172/142 575/764/652
f 576/766/654 575/764/652 574/763/651
f 577/765/653 575/764/652 576/766/654
f 580/767/655 126/177/147 577/765/653
f 579/768/656 577/765/653 578/769/657
f 578/769/657 577/765/653 576/766/654
f 580/767/655 577/765/653 579/768/656
f 69/92/76 580/767/655 579/768/656
f 68/89/74 580/767/655 69/92/76
f 127/178/148 126/177/147 580/767/655
f 68/89/74 127/178/148 580/767/655
f 582/770/658 579/768/656 581/771/659
f 579/768/656 578/769/657 581/771/659
f 69/92/76 579/768/656 582/770/658
f 67/93/77 69/92/76 582/770/658
f 23/772/660 582/770/658 583/773/661
f 582/770/658 581/771/659 583/773/661
f 67/93/77 582/770/658 23/772/660
f 583/773/661 581/771/659 584/774/662
f 24/32/26 583/773/661 28/33/27
f 583/773/661 584/774/662 28/33/27
f 23/772/660 583/773/661 24/32/26
f 584/774/662 581/771/659 578/769/657
f 32/45/37 584/774/662 38/49/41
f 28/33/27 584/774/662 32/45/37
f 584/774/662 578/769/657 38/49/41
f 38/49/41 578/769/657 40/52/44
f 578/769/657 576/766/654 40/52/44
f 40/52/44 576/766/654 43/55/47
f 576/766/654 574/763/651 43/55/47
f 43/55/47 574/763/651 47/60/52
f 574/763/651 572/760/648 47/60/52
f 47/60/52 572/760/648 50/63/55
f 572/760/648 571/761/649 50/63/55
f 50/63/55 571/761/649 53/64/56
f 571/761/649 585/775/663 53/64/56
f 571/761/649 569/759/647 585/775/663
f 569/759/647 586/776/664 585/775/663
f 53/64/56 585/775/663 56/70/62
f 585/775/663 587/777/665 56/70/62
f 585/775/663 586/776/664 587/777/665
f 587/777/665 588/778/666 589/779/667
f 586/776/664 588/778/666 587/777/665
f 56/70/62 587/777/665 59/71/63
f 587/777/665 589/779/667 59/71/63
f 588/778/666 590/780/668 589/779/667
f 590/780/668 134/781/669 589/779/667
f 589/779/667 133/782/670 59/71/63
f 589/779/667 134/781/669 133/782/670
f 590/780/668 102/783/671 134/781/669
f 560/750/638 102/783/671 590/780/668
f 588/778/666 562/751/639 590/780/668
f 562/751/639 560/750/638 590/780/668
f 564/754/642 562/751/639 588/778/666
f 586/776/664 564/754/642 588/778/666
f 569/759/647 566/755/643 586/776/664
f 566/755/643 564/754/642 586/776/664
f 560/750/638 103/749/637 102/783/671
f 120/169/139 366/508/421 124/174/144
f 357/494/407 111/162/132 103/160/131
f 103/139/72 357/784/72 97/140/72
f 357/784/72 350/481/72 97/140/72
f 351/551/463 355/501/414 350/496/409
f 101/145/118 105/147/120 354/489/406
f 107/148/121 136/191/155 330/459/380
f 137/195/158 64/100/83 72/102/83
f 137/200/72 64/84/72 60/83/72
f 60/83/72 133/201/72 137/200/72
f 106/151/122 136/191/155 107/148/121
f 102/157/128 108/159/130 134/186/130
f 134/202/72 102/136/72 100/135/72
f 59/71/63 133/782/670 60/72/64
f 133/183/153 131/185/69 60/77/69
f 131/187/20 62/85/20 72/99/20
f 131/182/152 129/179/149 62/88/73
f 60/77/69 131/185/69 62/75/67
f 62/88/73 129/179/149 68/89/74
f 129/179/149 127/178/148 68/89/74
f 94/126/108 95/123/105 100/133/115
f 5/7/7 6/3/3 81/111/93
f 67/91/20 23/30/20 20/29/20
f 65/82/72 22/280/72 63/80/72
f 65/103/85 22/27/25 20/28/25
f 55/67/59 63/78/70 57/68/60
f 27/456/72 29/283/72 21/282/72
f 592/785/672 591/786/672 593/787/672
f 591/786/673 592/785/673 597/788/674
f 598/789/675 593/787/675 591/786/675
f 591/786/676 594/790/677 599/791/677
f 591/786/673 597/788/674 594/790/674
f 591/786/678 600/792/678 595/793/678
f 598/789/675 591/786/675 595/793/675
f 591/786/678 596/794/678 600/792/678
f 591/786/676 599/791/677 596/794/676
f 596/794/679 599/791/679 600/792/679
f 595/793/680 600/792/680 599/791/680
f 595/793/680 599/791/680 594/790/680
f 603/795/681 598/789/681 595/793/681
f 598/789/682 601/796/682 605/797/682
f 604/798/683 601/796/683 598/789/683
f 598/789/684 602/789/685 606/787/684
f 598/789/682 605/797/682 602/789/682
f 604/798/683 598/789/683 603/795/683
f 598/789/684 606/787/684 593/787/684
f 593/799/686 606/799/686 605/797/687
f 606/799/688 602/789/688 605/797/688
f 593/799/686 605/797/687 601/796/687
f 601/796/689 604/798/689 607/800/689
f 610/801/690 607/800/690 604/798/690
f 604/798/691 603/795/692 611/802/692
f 604/798/693 612/803/693 608/804/693
f 610/801/690 604/798/690 608/804/690
f 604/798/693 609/798/693 612/803/693
f 604/798/691 611/802/692 609/798/691
f 609/798/694 611/802/694 612/803/694
f 608/804/695 612/803/695 611/802/696
f 608/804/695 611/802/696 603/795/696
f 615/805/697 610/801/697 608/804/697
f 610/801/698 613/806/698 617/806/698
f 616/807/699 613/806/699 610/801/699
f 610/801/700 614/808/700 618/800/701
f 610/801/698 617/806/698 614/808/698
f 616/807/699 610/801/699 615/805/699
f 610/801/700 618/800/701 607/800/701
f 607/800/702 618/800/702 617/806/702
f 618/800/703 614/808/703 617/806/703
f 607/800/702 617/806/702 613/806/702
f 619/809/704 616/807/704 620/810/704
f 622/811/705 616/807/706 619/809/705
f 615/805/707 620/810/708 616/807/708
f 613/806/709 616/807/709 621/812/709
f 622/811/705 621/812/706 616/807/706
f 625/813/633 622/814/633 619/815/633
f 622/811/710 626/816/710 621/812/710
f 622/811/710 623/811/710 626/816/710
f 622/817/711 627/818/712 623/819/711
f 622/817/711 624/820/712 627/818/712
f 622/817/713 628/821/713 624/820/713
f 622/817/713 625/822/713 628/821/713
f 628/821/714 629/823/714 624/820/714
f 628/821/715 632/824/715 629/823/715
f 628/821/715 630/825/715 632/824/715
f 628/821/716 633/826/717 630/825/717
f 628/821/718 625/822/719 634/822/719
f 628/821/716 631/827/716 633/826/717
f 628/821/718 634/822/719 631/827/718
f 633/826/720 631/827/720 634/822/720
f 625/828/721 633/826/721 634/828/721
f 625/828/721 630/825/721 633/826/721
f 632/824/722 635/829/722 638/830/722
f 635/829/723 632/824/723 630/825/724
f 632/824/725 639/831/726 629/823/726
f 632/824/725 636/824/725 639/831/726
f 632/824/727 640/832/728 636/824/727
f 632/824/727 637/832/728 640/832/728
f 632/824/722 638/830/722 637/832/722
f 640/832/729 639/831/729 636/824/729
f 637/832/730 639/831/731 640/832/732
f 637/832/730 629/823/731 639/831/731
f 638/830/733 635/829/733 644/833/733
f 638/830/734 641/834/734 645/835/735
f 638/830/733 644/833/733 641/834/733
f 637/832/736 638/830/736 642/836/736
f 638/830/737 597/837/738 642/836/737
f 638/830/737 643/835/738 597/837/738
f 638/830/734 645/835/735 643/835/734
f 645/835/739 641/834/739 644/833/739
f 635/829/740 645/835/741 644/833/740
f 635/829/740 643/835/742 645/835/741
f 647/838/743 643/835/743 635/829/743
f 594/790/744 597/788/744 643/839/744
f 647/838/743 646/840/745 643/835/743
f 646/841/744 594/790/744 643/839/744
f 647/838/746 648/842/746 652/842/746
f 651/843/747 648/842/747 647/838/747
f 647/838/748 649/838/748 653/840/748
f 647/838/746 652/842/746 649/838/746
f 650/844/724 647/838/723 635/829/723
f 651/843/747 647/838/747 650/844/747
f 647/838/748 653/840/748 646/840/748
f 646/841/749 653/841/749 652/845/749
f 653/840/750 649/838/750 652/842/750
f 646/841/749 652/845/749 648/845/749
f 651/846/751 657/847/751 648/845/751
f 654/848/752 651/846/752 655/846/752
f 656/849/753 651/846/753 654/848/753
f 650/844/754 655/850/754 651/843/754
f 656/849/751 657/847/751 651/846/751
f 657/847/751 658/851/751 648/845/751
f 657/847/755 662/852/755 658/851/755
f 659/853/756 660/854/756 657/847/756
f 656/849/757 659/853/757 657/847/757
f 661/855/758 657/847/758 660/854/758
f 657/847/755 661/855/755 662/852/755
f 662/852/759 595/793/759 594/790/760
f 595/793/681 662/852/681 661/855/681
f 662/852/761 663/856/761 665/857/761
f 662/852/759 594/790/760 663/856/760
f 662/852/762 666/858/763 658/851/763
f 662/852/762 664/852/762 666/858/763
f 662/852/761 665/857/761 664/852/761
f 664/852/764 665/857/764 666/858/764
f 663/856/765 666/858/766 665/857/765
f 663/856/765 658/851/766 666/858/766
f 648/845/767 658/851/767 663/856/767
f 663/856/744 594/790/744 646/841/744
f 648/845/767 663/856/767 646/841/767
f 659/853/768 661/855/768 667/859/768
f 659/853/769 603/795/769 661/855/769
f 661/855/758 660/854/758 667/859/758
f 595/793/681 661/855/681 603/795/681
f 667/859/770 660/854/770 668/853/770
f 659/853/768 667/859/768 668/853/768
f 659/853/756 668/853/756 660/854/756
f 659/853/769 608/804/769 603/795/769
f 608/804/697 659/853/697 669/860/697
f 656/849/757 669/860/757 659/853/757
f 615/805/771 669/860/771 670/861/771
f 608/804/697 669/860/697 615/805/697
f 669/860/772 656/849/773 672/862/773
f 670/861/774 669/860/774 671/860/774
f 669/860/772 672/862/773 671/860/772
f 671/860/775 672/862/775 673/863/775
f 670/861/776 673/863/776 672/862/776
f 670/861/776 672/862/776 656/849/776
f 670/861/774 671/860/774 673/863/774
f 670/861/633 654/848/633 625/813/633
f 656/849/753 654/848/753 670/861/753
f 625/813/633 619/815/633 670/861/633
f 615/805/771 670/861/771 619/815/771
f 655/850/777 675/864/777 674/865/777
f 654/848/752 655/846/752 674/848/752
f 650/844/754 675/864/754 655/850/754
f 654/865/778 674/865/778 675/864/778
f 654/865/778 675/864/778 650/844/778
f 654/865/779 630/825/779 625/828/779
f 654/865/779 650/844/780 630/825/779
f 635/829/723 630/825/724 650/844/724
f 678/866/781 676/867/782 642/836/782
f 642/836/736 676/867/736 637/832/736
f 592/868/783 642/836/783 677/869/783
f 678/866/781 642/836/782 592/868/781
f 642/836/784 597/837/785 679/837/785
f 642/836/784 679/837/785 677/869/784
f 680/868/786 677/869/786 679/837/786
f 592/785/787 680/785/787 679/788/787
f 592/785/787 679/788/787 597/788/787
f 592/868/783 677/869/783 680/868/783
f 678/866/788 684/870/788 676/867/788
f 678/866/788 681/871/788 684/870/788
f 678/872/789 685/873/789 681/874/789
f 678/872/789 682/873/789 685/873/789
f 683/875/790 682/873/791 678/872/790
f 593/787/672 683/876/792 678/877/792
f 593/787/672 678/877/792 592/785/672
f 676/867/793 684/870/793 685/873/793
f 684/870/794 681/878/794 685/873/794
f 676/867/793 685/873/793 682/873/793
f 683/875/790 686/879/791 682/873/791
f 683/875/795 689/880/795 686/879/795
f 683/875/795 687/875/795 689/880/795
f 683/881/796 690/882/796 687/881/796
f 683/881/796 688/883/796 690/882/796
f 683/881/797 601/796/797 688/883/797
f 683/881/797 593/799/798 601/796/797
f 687/875/799 690/882/799 689/880/799
f 688/883/800 689/880/801 690/882/800
f 688/883/800 686/879/801 689/880/801
f 691/884/802 686/879/802 688/883/803
f 691/884/804 688/883/689 607/800/689
f 688/883/689 601/796/689 607/800/689
f 691/884/805 692/885/805 695/885/805
f 613/806/806 692/885/806 691/884/806
f 691/884/807 693/884/808 696/886/808
f 691/884/805 695/885/805 693/884/809
f 613/806/806 691/884/806 607/800/806
f 691/884/802 694/887/802 686/879/802
f 691/884/807 696/886/808 694/887/808
f 696/886/810 693/884/810 695/885/810
f 692/885/811 696/886/812 695/885/811
f 692/885/811 694/887/812 696/886/812
f 694/887/813 698/888/813 686/879/813
f 699/889/814 697/890/814 694/887/814
f 697/890/813 698/888/813 694/887/813
f 699/889/814 694/887/814 692/885/814
f 621/812/709 699/889/709 692/885/709
f 621/812/815 700/891/815 699/889/815
f 700/891/816 701/892/817 699/889/817
f 699/889/818 701/892/818 702/893/819
f 699/889/818 702/893/819 697/890/819
f 702/893/820 701/892/820 703/891/820
f 700/891/821 702/893/822 703/891/821
f 700/891/821 697/890/822 702/893/822
f 700/891/816 703/891/816 701/892/817
f 621/812/815 624/820/815 700/891/815
f 704/894/714 700/891/714 624/820/714
f 700/891/823 704/894/823 698/888/823
f 700/891/823 698/888/823 697/890/823
f 629/823/714 704/894/714 624/820/714
f 629/823/824 705/895/824 704/894/824
f 705/895/825 706/896/825 704/894/825
f 704/894/826 707/897/826 698/888/826
f 704/894/826 706/896/826 707/897/826
f 708/898/827 707/897/827 706/896/827
f 705/895/828 707/897/828 708/898/828
f 705/895/828 698/888/828 707/897/828
f 705/895/825 708/898/825 706/896/825
f 705/895/829 676/867/829 682/873/829
f 676/867/736 705/895/830 637/832/736
f 705/895/829 682/873/829 698/888/829
f 629/823/824 637/832/824 705/895/824
f 698/888/813 682/873/813 686/879/813
f 692/885/709 613/806/709 621/812/709
f 627/818/831 626/816/831 623/899/831
f 624/820/832 626/816/833 627/818/832
f 624/820/832 621/812/833 626/816/833
f 620/810/834 710/900/834 709/809/834
f 619/809/704 620/810/704 709/809/704
f 615/805/707 710/900/707 620/810/708
f 619/815/835 709/815/835 710/900/836
f 619/815/835 710/900/836 615/805/836
f 711/901/837 713/902/837 712/903/837
f 717/904/838 711/901/839 712/903/840
f 714/905/841 713/902/842 711/901/842
f 714/905/843 711/901/844 716/906/844
f 717/904/838 715/907/845 711/901/839
f 715/907/846 716/906/847 711/901/847
f 715/907/848 717/904/848 718/908/848
f 718/908/849 717/904/849 719/909/850
f 719/909/851 717/904/852 720/910/852
f 717/904/853 712/903/854 721/911/855
f 717/904/853 721/911/855 720/910/853
f 722/912/856 720/913/856 721/914/856
f 719/909/857 722/915/857 721/911/858
f 719/909/857 721/911/858 712/903/858
f 719/909/851 720/910/852 722/915/851
f 723/916/859 719/909/859 724/917/859
f 718/908/849 719/909/850 723/916/850
f 713/902/860 724/917/860 719/909/861
f 713/902/860 719/909/861 712/903/862
f 723/916/863 724/917/863 725/918/864
f 725/918/865 724/917/866 726/919/866
f 724/917/867 713/902/867 727/920/867
f 724/917/867 727/920/867 726/919/868
f 728/921/869 726/922/869 727/923/869
f 725/918/870 728/924/871 727/920/872
f 725/918/870 727/920/872 713/902/873
f 725/918/865 726/919/866 728/924/874
f 714/905/841 725/918/841 713/902/842
f 714/905/875 729/925/875 725/918/875
f 723/916/863 725/918/864 729/925/876
f 714/905/877 718/908/878 729/925/877
f 723/916/879 729/925/880 730/926/881
f 718/908/882 730/926/883 729/925/884
f 731/927/885 730/928/885 732/929/885
f 723/916/879 730/926/881 731/930/879
f 718/908/882 732/931/882 730/926/883
f 718/908/886 731/930/887 732/931/886
f 718/908/886 723/916/887 731/930/887
f 714/905/877 715/907/888 718/908/878
f 733/932/889 716/933/889 734/934/889
f 714/905/843 716/906/844 733/935/843
f 715/907/846 734/936/846 716/906/847
f 714/905/890 733/935/891 734/936/892
f 714/905/890 734/936/892 715/907/893
f 740/937/894 736/938/895 735/939/896
f 736/938/895 739/940/897 735/939/896
f 735/941/898 737/942/899 741/943/900
f 739/944/901 737/942/899 735/941/898
f 735/941/902 741/943/902 738/945/902
f 740/937/903 735/939/903 738/946/903
f 741/943/904 742/947/904 744/948/904
f 737/942/905 742/947/905 741/943/905
f 738/945/906 741/943/906 743/949/906
f 741/943/907 744/948/907 743/949/907
f 742/950/908 745/951/908 744/952/908
f 747/953/909 743/949/909 744/948/909
f 745/951/910 746/954/910 744/952/910
f 747/953/911 744/948/911 746/955/911
f 749/956/912 747/953/912 746/955/912
f 743/949/913 747/953/913 748/957/913
f 747/953/914 750/958/914 748/957/914
f 747/953/915 749/956/916 750/958/917
f 752/959/918 750/960/919 751/961/920
f 749/956/916 751/962/921 750/958/917
f 753/963/922 750/960/919 752/959/918
f 753/963/923 748/964/923 750/960/923
f 753/963/924 754/965/924 756/966/924
f 752/959/925 754/965/925 753/963/925
f 755/967/926 748/964/926 753/963/926
f 753/963/927 756/966/927 755/967/927
f 758/968/928 757/969/928 756/970/928
f 740/937/929 756/966/929 757/971/929
f 740/937/930 755/967/930 756/966/930
f 758/968/931 756/970/931 754/972/931
f 759/973/932 760/974/932 758/968/932
f 758/968/933 754/972/933 759/973/933
f 760/974/934 761/975/934 758/968/934
f 758/968/935 761/975/935 757/969/935
f 761/975/936 764/976/936 757/969/936
f 760/974/937 762/977/937 761/975/937
f 762/977/938 763/978/938 761/975/938
f 761/975/939 763/978/939 764/976/939
f 763/978/940 765/979/940 764/976/940
f 766/980/941 764/981/942 765/982/943
f 766/980/941 736/938/944 764/981/942
f 736/938/945 757/971/945 764/981/945
f 736/938/946 766/980/946 739/940/946
f 766/980/947 768/983/947 739/940/947
f 766/980/941 765/982/943 769/984/948
f 766/980/949 767/985/949 768/983/949
f 766/980/950 769/984/951 767/985/952
f 772/986/953 770/987/953 769/988/953
f 767/985/952 769/984/951 770/989/954
f 771/990/955 769/988/956 765/979/957
f 772/986/958 769/988/956 771/990/955
f 774/991/959 770/987/959 772/986/959
f 773/992/960 772/986/960 771/990/960
f 775/993/961 772/986/962 773/992/963
f 775/993/961 774/991/964 772/986/962
f 776/994/965 775/993/966 773/992/967
f 778/995/968 775/993/968 776/994/968
f 777/996/969 774/991/969 775/993/969
f 778/995/970 777/996/970 775/993/970
f 778/995/971 781/997/971 777/996/971
f 778/995/972 779/998/972 781/997/972
f 778/995/973 782/999/973 779/998/973
f 783/1000/974 780/1001/974 778/995/974
f 778/995/975 780/1001/975 782/999/975
f 783/1000/976 778/995/976 776/994/976
f 784/1002/977 780/1001/977 783/1000/977
f 785/1003/978 783/1000/979 776/994/980
f 786/1004/981 784/1002/982 783/1000/983
f 786/1004/981 783/1000/983 785/1003/984
f 787/1005/985 786/1004/985 785/1003/985
f 788/1006/986 784/1002/986 786/1004/986
f 789/1007/987 786/1004/988 787/1005/989
f 789/1007/990 788/1006/990 786/1004/990
f 790/1008/991 788/1009/992 789/1010/993
f 792/1011/994 790/1008/991 789/1010/993
f 791/1012/995 789/1007/987 787/1005/989
f 792/1011/996 789/1010/997 791/1013/998
f 792/1011/996 791/1013/998 793/1014/999
f 752/959/1000 751/961/1000 792/1011/1000
f 792/1011/996 793/1014/999 752/959/1001
f 792/1011/1002 751/961/1002 794/1015/1002
f 792/1011/1003 794/1015/1003 790/1008/1003
f 797/1016/1004 794/1017/1004 751/962/1004
f 790/1008/1005 794/1015/1005 795/1018/1005
f 796/1019/1006 795/1020/1006 794/1017/1006
f 797/1016/1007 796/1019/1007 794/1017/1007
f 797/1016/1008 798/1021/1009 800/1022/1010
f 797/1016/1008 799/1023/1011 798/1021/1009
f 749/956/1012 797/1016/1012 751/962/1012
f 797/1016/1013 800/1022/1014 796/1019/1015
f 797/1016/1008 749/956/1016 799/1023/1011
f 798/1024/1017 801/1025/1018 800/1026/1019
f 796/1019/1015 800/1022/1014 802/1027/1020
f 800/1026/1019 801/1025/1018 803/1028/1021
f 800/1026/1022 803/1028/1022 802/1029/1022
f 802/1029/1023 803/1028/1023 805/1030/1023
f 803/1028/1024 804/1031/1025 806/1032/1026
f 801/1025/1027 804/1031/1027 803/1028/1027
f 803/1028/1024 806/1032/1026 805/1030/1028
f 804/1031/1029 807/1033/1030 806/1032/1031
f 805/1030/1032 806/1032/1032 808/1034/1032
f 806/1032/1033 807/1033/1033 809/1035/1033
f 806/1032/1034 809/1035/1034 808/1034/1034
f 809/1035/1035 812/1036/1035 808/1034/1035
f 814/1037/1036 810/1038/1036 809/1035/1036
f 813/1039/1037 809/1035/1037 810/1038/1037
f 813/1039/1038 811/1040/1038 809/1035/1038
f 809/1035/1039 811/1040/1039 812/1036/1039
f 814/1037/1040 809/1035/1040 807/1033/1040
f 815/1041/1041 814/1037/1042 807/1033/1043
f 817/1042/1044 814/1037/1045 815/1041/1046
f 816/1043/1047 810/1038/1047 814/1037/1047
f 817/1042/1044 816/1043/1048 814/1037/1045
f 820/1044/1049 818/1045/1049 817/1042/1049
f 818/1045/1050 816/1043/1050 817/1042/1050
f 819/1046/1051 817/1042/1051 815/1041/1051
f 820/1044/1052 817/1042/1053 819/1046/1054
f 821/1047/1055 820/1044/1052 819/1046/1054
f 823/1048/1056 820/1049/1057 821/1050/1058
f 822/1051/1059 818/1052/1060 820/1049/1061
f 823/1048/1062 822/1051/1059 820/1049/1061
f 739/944/1063 823/1048/1063 737/942/1063
f 768/1053/1064 823/1048/1064 739/944/1064
f 768/1053/1065 822/1051/1065 823/1048/1065
f 823/1048/1056 824/1054/1066 737/942/1067
f 823/1048/1056 821/1050/1058 824/1054/1066
f 821/1047/1068 825/1055/1068 824/1056/1068
f 737/942/1069 824/1054/1069 742/947/1069
f 824/1056/1070 825/1055/1070 826/1057/1070
f 824/1056/1071 826/1057/1071 742/950/1071
f 742/950/1072 826/1057/1072 745/951/1072
f 826/1057/1073 827/1058/1073 828/1059/1073
f 825/1055/1074 827/1058/1074 826/1057/1074
f 826/1057/1075 828/1059/1075 745/951/1075
f 827/1058/1076 829/1060/1077 828/1059/1078
f 830/1061/1079 828/1059/1080 829/1060/1081
f 831/1062/1082 745/951/1082 828/1059/1082
f 831/1062/1083 828/1059/1083 830/1061/1083
f 745/951/1084 831/1062/1084 746/954/1084
f 831/1062/1085 799/1063/1085 746/954/1085
f 832/1064/1086 831/1062/1086 830/1061/1086
f 831/1062/1087 832/1064/1087 799/1063/1087
f 832/1064/1088 798/1024/1088 799/1063/1088
f 832/1064/1089 833/1065/1089 798/1024/1089
f 832/1064/1090 830/1061/1091 833/1065/1092
f 798/1024/1093 833/1065/1093 801/1025/1093
f 833/1065/1092 830/1061/1091 834/1066/1094
f 833/1065/1095 834/1066/1095 801/1025/1095
f 830/1061/1079 829/1060/1081 834/1066/1096
f 801/1025/1097 834/1066/1097 804/1031/1097
f 834/1066/1096 829/1060/1081 835/1067/1098
f 834/1066/1096 835/1067/1098 804/1031/1099
f 836/1068/1100 815/1041/1101 835/1067/1102
f 815/1041/1041 807/1033/1043 835/1067/1103
f 804/1031/1029 835/1067/1104 807/1033/1030
f 836/1068/1100 835/1067/1102 829/1060/1077
f 819/1046/1105 815/1041/1105 836/1068/1105
f 837/1069/1106 819/1046/1106 836/1068/1106
f 827/1058/1076 836/1068/1100 829/1060/1077
f 837/1069/1107 836/1068/1108 827/1058/1109
f 821/1047/1110 837/1069/1110 825/1055/1110
f 821/1047/1111 819/1046/1111 837/1069/1111
f 825/1055/1112 837/1069/1107 827/1058/1109
f 839/1070/1113 838/1071/1113 822/1051/1113
f 822/1051/1114 838/1071/1114 818/1052/1114
f 839/1070/1115 822/1051/1115 768/1053/1115
f 840/1072/1116 838/1071/1116 839/1070/1116
f 841/1073/1117 840/1074/1117 839/1075/1117
f 767/985/1118 839/1075/1118 768/983/1118
f 767/985/1119 841/1073/1119 839/1075/1119
f 841/1073/1120 842/1076/1120 840/1074/1120
f 841/1073/1121 843/1077/1121 842/1076/1121
f 767/985/1122 770/989/1122 841/1073/1122
f 841/1073/1123 770/989/1123 843/1077/1123
f 774/991/1124 843/1078/1124 770/987/1124
f 842/1076/1125 843/1077/1125 844/1079/1125
f 774/991/1126 844/1080/1126 843/1078/1126
f 774/991/1127 845/1081/1127 844/1080/1127
f 845/1081/1128 847/1082/1128 844/1080/1128
f 846/1083/1129 844/1079/1129 847/1084/1129
f 842/1076/1130 844/1079/1130 846/1083/1130
f 851/1085/1131 848/1086/1131 847/1084/1131
f 846/1083/1132 847/1084/1132 848/1086/1132
f 845/1081/1133 849/1087/1133 847/1082/1133
f 849/1087/1134 850/1088/1134 847/1082/1134
f 851/1085/1135 847/1084/1135 850/1089/1135
f 853/1090/1136 851/1085/1136 850/1089/1136
f 848/1086/1137 851/1085/1137 852/1091/1137
f 853/1090/1138 852/1091/1139 851/1085/1140
f 856/1092/1141 853/1090/1141 854/1093/1141
f 853/1090/1142 850/1089/1142 854/1093/1142
f 853/1090/1138 855/1094/1143 852/1091/1139
f 853/1090/1144 857/1095/1144 855/1094/1144
f 853/1090/1145 856/1092/1145 857/1095/1145
f 856/1092/1146 858/1096/1146 857/1095/1146
f 858/1097/1147 859/1098/1147 857/1099/1147
f 857/1099/1148 860/1100/1148 855/1101/1148
f 857/1099/1149 859/1098/1149 860/1100/1149
f 860/1100/1150 861/1102/1150 863/1103/1150
f 859/1098/1151 861/1102/1151 860/1100/1151
f 852/1104/1152 855/1101/1153 860/1100/1154
f 852/1104/1152 860/1100/1154 862/1105/1155
f 860/1100/1156 863/1103/1156 862/1105/1156
f 863/1106/1157 861/1107/1157 866/1108/1157
f 862/1105/1158 863/1103/1158 865/1109/1158
f 863/1106/1159 864/1110/1159 867/1111/1159
f 863/1106/1160 866/1108/1160 864/1110/1160
f 863/1106/1161 867/1111/1161 865/1112/1161
f 865/1112/1162 867/1111/1162 868/1113/1162
f 867/1111/1163 813/1039/1163 810/1038/1163
f 864/1110/1164 813/1039/1165 867/1111/1166
f 867/1111/1167 810/1038/1168 868/1113/1169
f 869/1114/1170 868/1113/1170 816/1043/1170
f 865/1112/1171 868/1113/1171 869/1114/1171
f 816/1043/1172 868/1113/1169 810/1038/1168
f 870/1115/1173 865/1109/1173 869/1116/1173
f 872/1117/1174 870/1115/1174 869/1116/1174
f 869/1114/1175 816/1043/1175 871/1118/1175
f 872/1117/1176 869/1116/1176 871/1119/1176
f 838/1071/1177 872/1117/1177 871/1119/1177
f 840/1072/1178 872/1117/1178 838/1071/1178
f 873/1120/1179 872/1117/1179 840/1072/1179
f 873/1120/1180 870/1115/1180 872/1117/1180
f 846/1083/1181 874/1121/1181 873/1122/1181
f 874/1123/1182 870/1115/1182 873/1120/1182
f 842/1076/1183 873/1122/1183 840/1074/1183
f 842/1076/1184 846/1083/1184 873/1122/1184
f 852/1104/1185 875/1124/1185 874/1123/1185
f 848/1086/1186 852/1091/1186 874/1121/1186
f 846/1083/1187 848/1086/1187 874/1121/1187
f 874/1123/1188 875/1124/1188 870/1115/1188
f 870/1115/1189 875/1124/1189 865/1109/1189
f 862/1105/1190 865/1109/1190 875/1124/1190
f 852/1104/1191 862/1105/1191 875/1124/1191
f 818/1045/1192 871/1118/1192 816/1043/1192
f 838/1071/1193 871/1119/1193 818/1052/1193
f 877/1125/1194 866/1108/1194 861/1107/1194
f 866/1108/1195 878/1126/1195 864/1110/1195
f 866/1108/1196 876/1127/1197 878/1126/1198
f 877/1125/1199 876/1127/1199 866/1108/1199
f 878/1126/1200 879/1128/1201 811/1040/1202
f 878/1126/1203 880/1129/1203 879/1128/1203
f 864/1110/1164 878/1126/1204 813/1039/1165
f 878/1126/1198 876/1127/1197 880/1129/1205
f 878/1126/1200 811/1040/1202 813/1039/1206
f 881/1130/1207 880/1129/1207 876/1127/1207
f 882/1131/1208 880/1129/1208 881/1130/1208
f 883/1132/1209 879/1128/1209 880/1129/1209
f 883/1132/1210 880/1129/1211 882/1131/1210
f 812/1036/1212 883/1132/1213 884/1133/1214
f 811/1040/1202 883/1132/1215 812/1036/1216
f 811/1040/1202 879/1128/1201 883/1132/1215
f 883/1132/1210 882/1131/1210 885/1134/1217
f 883/1132/1218 885/1134/1218 884/1133/1218
f 885/1134/1219 888/1135/1219 886/1136/1219
f 887/1137/1220 885/1134/1220 886/1136/1220
f 885/1134/1221 882/1131/1221 888/1135/1221
f 887/1137/1222 884/1133/1222 885/1134/1222
f 889/1138/1223 886/1139/1223 888/1140/1223
f 890/1141/1224 889/1138/1224 888/1140/1224
f 882/1131/1225 881/1130/1225 888/1135/1225
f 890/1141/1226 888/1140/1226 881/1142/1226
f 890/1141/1227 881/1142/1227 877/1143/1227
f 858/1097/1228 890/1141/1228 859/1098/1228
f 889/1138/1229 890/1141/1229 858/1097/1229
f 890/1141/1230 877/1143/1230 859/1098/1230
f 892/1144/1231 889/1138/1231 891/1145/1231
f 889/1138/1232 858/1097/1232 891/1145/1232
f 889/1138/1233 892/1144/1233 886/1139/1233
f 892/1144/1234 887/1146/1234 886/1139/1234
f 892/1144/1235 891/1145/1235 893/1147/1235
f 895/1148/1236 892/1144/1237 893/1147/1238
f 895/1148/1236 894/1149/1239 892/1144/1237
f 892/1144/1240 894/1149/1240 887/1146/1240
f 898/1150/1241 896/1151/1241 895/1152/1241
f 899/1153/1242 895/1148/1242 896/1154/1242
f 895/1152/1243 893/1155/1244 900/1156/1245
f 899/1153/1246 894/1149/1246 895/1148/1246
f 895/1152/1243 900/1156/1245 897/1157/1247
f 898/1150/1248 895/1152/1248 897/1157/1248
f 900/1156/1249 893/1155/1249 891/1158/1249
f 900/1156/1250 901/1159/1250 903/1160/1250
f 902/1161/1251 901/1159/1251 900/1156/1251
f 900/1156/1252 891/1158/1252 902/1161/1252
f 900/1156/1253 903/1160/1253 897/1157/1253
f 907/1162/1254 903/1163/1254 904/1164/1254
f 903/1163/1255 906/1165/1255 904/1164/1255
f 897/1157/1256 903/1160/1256 905/1166/1256
f 907/1162/1257 905/1167/1257 903/1163/1257
f 903/1163/1258 901/1168/1258 906/1165/1258
f 782/999/1259 907/1162/1260 904/1164/1261
f 908/1169/1262 905/1167/1262 907/1162/1262
f 780/1001/1263 908/1169/1264 907/1162/1265
f 780/1001/1266 907/1162/1266 782/999/1266
f 908/1169/1267 909/1170/1267 905/1167/1267
f 784/1002/1268 909/1170/1268 908/1169/1268
f 784/1002/1269 908/1169/1264 780/1001/1263
f 910/1171/1270 905/1166/1270 909/1172/1270
f 912/1173/1271 910/1171/1271 909/1172/1271
f 784/1002/1272 911/1174/1272 909/1170/1272
f 912/1173/1273 909/1172/1273 911/1175/1273
f 912/1173/1274 913/1176/1274 915/1177/1274
f 914/1178/1275 913/1176/1275 912/1173/1275
f 914/1178/1276 912/1173/1276 911/1175/1276
f 912/1173/1277 915/1177/1277 910/1171/1277
f 917/1179/1278 915/1180/1278 913/1181/1278
f 910/1171/1279 915/1177/1279 896/1151/1279
f 916/1182/1280 896/1154/1280 915/1180/1280
f 917/1179/1281 916/1182/1281 915/1180/1281
f 917/1179/1282 918/1183/1282 920/1184/1282
f 919/1185/1283 918/1183/1283 917/1179/1283
f 919/1185/1284 917/1179/1284 913/1181/1284
f 917/1179/1285 920/1184/1285 916/1182/1285
f 805/1030/1286 920/1186/1286 918/1187/1286
f 916/1182/1287 920/1184/1287 922/1188/1287
f 805/1030/1288 921/1189/1288 920/1186/1288
f 921/1189/1289 922/1190/1289 920/1186/1289
f 894/1149/1290 899/1153/1290 922/1188/1290
f 916/1182/1291 922/1188/1291 899/1153/1291
f 921/1189/1292 923/1191/1292 922/1190/1292
f 923/1191/1293 887/1137/1293 922/1190/1293
f 894/1149/1294 922/1188/1294 887/1146/1294
f 808/1034/1295 812/1036/1295 923/1191/1295
f 812/1036/1212 884/1133/1214 923/1191/1296
f 923/1191/1297 884/1133/1297 887/1137/1297
f 808/1034/1298 923/1191/1299 921/1189/1300
f 805/1030/1301 808/1034/1298 921/1189/1300
f 919/1185/1302 802/1027/1302 918/1183/1302
f 796/1019/1303 802/1027/1303 919/1185/1303
f 796/1019/1304 919/1185/1304 795/1020/1304
f 919/1185/1305 913/1181/1305 795/1020/1305
f 802/1029/1306 805/1030/1306 918/1187/1306
f 916/1182/1307 899/1153/1307 896/1154/1307
f 790/1008/1308 914/1178/1308 788/1009/1308
f 914/1178/1309 911/1175/1309 788/1009/1309
f 914/1178/1310 795/1018/1310 913/1176/1310
f 790/1008/1311 795/1018/1311 914/1178/1311
f 788/1006/1312 911/1174/1312 784/1002/1312
f 910/1171/1313 898/1150/1313 905/1166/1313
f 910/1171/1314 896/1151/1314 898/1150/1314
f 926/1192/1315 906/1165/1316 924/1193/1317
f 906/1165/1318 925/1194/1318 924/1193/1318
f 926/1192/1319 904/1164/1319 906/1165/1319
f 906/1165/1320 901/1168/1320 925/1194/1320
f 926/1192/1315 924/1193/1317 928/1195/1321
f 779/998/1322 782/999/1323 926/1192/1324
f 782/999/1259 904/1164/1261 926/1192/1325
f 779/998/1322 926/1192/1324 927/1196/1326
f 926/1192/1327 928/1195/1327 927/1196/1327
f 930/1197/1328 928/1195/1328 929/1198/1328
f 924/1193/1329 929/1198/1329 928/1195/1329
f 928/1195/1330 931/1199/1330 927/1196/1330
f 928/1195/1331 930/1197/1332 931/1199/1332
f 779/998/1322 927/1196/1326 931/1199/1333
f 931/1199/1332 930/1197/1332 933/1200/1334
f 781/997/1335 931/1199/1336 932/1201/1337
f 931/1199/1338 933/1200/1338 932/1201/1338
f 779/998/1322 931/1199/1333 781/997/1339
f 933/1200/1340 854/1202/1340 850/1088/1340
f 933/1200/1341 934/1203/1341 854/1202/1341
f 933/1200/1342 930/1197/1342 934/1203/1342
f 933/1200/1343 850/1088/1343 932/1201/1343
f 856/1092/1344 854/1093/1344 934/1204/1344
f 935/1205/1345 856/1092/1345 934/1204/1345
f 930/1197/1346 929/1198/1346 934/1203/1346
f 935/1205/1347 934/1204/1347 929/1206/1347
f 935/1205/1348 929/1206/1348 925/1207/1348
f 856/1092/1349 935/1205/1349 858/1096/1349
f 902/1161/1350 858/1096/1350 935/1205/1350
f 935/1205/1351 925/1207/1351 902/1161/1351
f 849/1087/1352 932/1201/1352 850/1088/1352
f 781/997/1335 932/1201/1337 849/1087/1353
f 924/1193/1354 925/1194/1354 929/1198/1354
f 902/1161/1355 925/1207/1355 901/1159/1355
f 897/1157/1356 905/1166/1356 898/1150/1356
f 902/1161/1357 891/1158/1357 858/1096/1357
f 881/1130/1358 876/1127/1358 877/1125/1358
f 859/1098/1359 877/1143/1359 861/1102/1359
f 777/996/1360 849/1087/1361 845/1081/1362
f 777/996/1363 781/997/1363 849/1087/1363
f 777/996/1360 845/1081/1362 774/991/1364
f 749/956/1365 746/955/1365 799/1023/1365
f 759/973/1366 754/972/1366 793/1208/1366
f 752/959/1367 793/1014/1367 754/965/1367
f 936/1209/1368 793/1208/1368 791/1012/1368
f 759/973/1369 793/1208/1369 936/1209/1369
f 936/1209/1370 938/1210/1370 759/973/1370
f 936/1209/1371 937/1211/1372 938/1210/1373
f 936/1209/1374 791/1012/1374 937/1211/1374
f 759/973/1375 938/1210/1375 760/974/1375
f 937/1211/1372 939/1212/1376 938/1210/1373
f 938/1210/1377 939/1212/1378 940/1213/1379
f 938/1210/1377 940/1213/1379 760/974/1380
f 940/1213/1381 762/977/1382 760/974/1383
f 940/1213/1381 941/1214/1384 762/977/1382
f 942/1215/1385 941/1214/1384 940/1213/1381
f 939/1212/1378 942/1215/1386 940/1213/1379
f 942/1215/1385 773/992/1387 941/1214/1384
f 776/994/965 773/992/967 942/1215/1388
f 939/1212/1378 785/1003/1389 942/1215/1386
f 785/1003/978 776/994/980 942/1215/1390
f 941/1214/1391 943/1216/1392 762/977/1393
f 941/1214/1394 771/990/1394 943/1216/1394
f 773/992/1395 771/990/1395 941/1214/1395
f 763/978/1396 943/1216/1396 765/979/1396
f 771/990/1397 765/979/1397 943/1216/1397
f 762/977/1393 943/1216/1392 763/978/1398
f 787/1005/1399 785/1003/1399 939/1212/1399
f 937/1211/1400 787/1005/1400 939/1212/1400
f 791/1012/1401 787/1005/1401 937/1211/1401
f 736/938/1402 740/937/1402 757/971/1402
f 755/967/1403 944/1217/1403 748/964/1403
f 755/967/1404 738/946/1404 944/1217/1404
f 755/967/1405 740/937/1405 738/946/1405
f 743/949/1406 748/957/1406 944/1218/1406
f 738/945/1407 743/949/1407 944/1218/1407
f 945/1219/672 946/1220/672 951/1221/672
f 945/1219/1408 949/1222/1408 946/1220/1408
f 947/1223/672 945/1219/672 950/1224/672
f 947/1223/1409 948/1225/1409 945/1219/1409
f 945/1219/1408 948/1225/1408 949/1222/1408
f 950/1224/672 945/1219/672 951/1221/672
f 953/1226/1410 950/1224/1410 951/1221/1410
f 952/1227/672 951/1221/672 946/1220/672
f 954/1228/1411 951/1221/1411 952/1227/1411
f 954/1228/1411 953/1226/1411 951/1221/1411
f 954/1228/1412 955/1229/1412 957/1230/1412
f 956/1231/1413 955/1229/1413 954/1228/1413
f 956/1231/1414 954/1228/1414 952/1227/1414
f 954/1228/1412 957/1230/1412 953/1226/1412
f 955/1229/1415 958/1232/1415 957/1230/1415
f 953/1226/1416 957/1230/1416 959/1233/1416
f 957/1230/1417 958/1232/1417 960/1234/1417
f 957/1230/1417 960/1234/1417 959/1233/1417
f 959/1233/1418 960/1234/1418 961/1235/1418
f 960/1234/1419 963/1236/1420 961/1235/1420
f 960/1234/1419 962/1237/1419 963/1236/1420
f 958/1232/1421 962/1237/1422 960/1234/1422
f 965/1238/1423 963/1239/1423 964/1240/1423
f 963/1239/1424 966/1241/1424 964/1240/1424
f 961/1235/1425 963/1236/1425 965/1242/1426
f 963/1239/1424 962/1243/1424 966/1241/1424
f 966/1241/1427 969/1244/1427 964/1240/1427
f 962/1243/1428 968/1245/1429 966/1241/1428
f 966/1241/1427 967/1246/1427 969/1244/1427
f 968/1245/1430 967/1246/1430 966/1241/1430
f 964/1240/1431 969/1244/1431 971/1247/1431
f 970/1248/1432 969/1244/1432 967/1246/1432
f 972/1249/1433 969/1244/1434 970/1248/1434
f 972/1249/1433 971/1247/1433 969/1244/1434
f 972/1250/1435 973/1251/1435 975/1252/1435
f 970/1253/1436 973/1251/1437 972/1250/1436
f 974/1254/1438 971/1247/1439 972/1249/1439
f 972/1250/1435 975/1252/1435 974/1255/1435
f 973/1251/1440 976/1256/1440 975/1252/1440
f 975/1252/1441 978/1257/1441 974/1255/1441
f 976/1256/1442 977/1258/1442 975/1252/1442
f 975/1252/1441 977/1258/1441 978/1257/1441
f 977/1258/1443 979/1259/1443 978/1257/1443
f 978/1260/1444 979/1261/1445 981/1262/1445
f 974/1254/1446 978/1260/1447 980/1263/1447
f 978/1260/1444 981/1262/1445 980/1263/1444
f 980/1263/1448 981/1262/1448 982/1264/1448
f 981/1262/1449 984/1265/1449 982/1264/1450
f 979/1261/1451 983/1266/1452 981/1262/1451
f 981/1262/1449 983/1266/1449 984/1265/1449
f 986/1267/1453 984/1265/1453 985/1268/1453
f 983/1266/1454 985/1268/1454 984/1265/1454
f 987/1269/1455 982/1264/1455 984/1265/1456
f 987/1269/1455 984/1265/1456 986/1267/1456
f 989/1270/1457 982/1264/1457 987/1269/1457
f 989/1271/1458 987/1272/1459 988/1273/1459
f 987/1272/1460 990/1274/1460 988/1273/1460
f 987/1272/1460 986/1275/1460 990/1274/1460
f 990/1274/1461 991/1276/1461 993/1277/1461
f 986/1275/1462 991/1276/1462 990/1274/1462
f 988/1273/1463 990/1274/1463 992/1278/1463
f 990/1274/1461 993/1277/1461 992/1278/1461
f 992/1278/1464 993/1277/1464 948/1225/1464
f 993/1277/1465 949/1222/1465 948/1225/1465
f 993/1277/1465 994/1279/1465 949/1222/1465
f 991/1276/1466 994/1279/1466 993/1277/1466
f 994/1279/1467 995/1280/1468 997/1281/1467
f 996/1282/1469 995/1280/1469 994/1279/1469
f 991/1276/1466 996/1282/1466 994/1279/1466
f 994/1279/1467 997/1281/1467 949/1222/1467
f 995/1280/1470 999/1283/1470 997/1281/1470
f 998/1284/1471 997/1281/1471 999/1283/1471
f 946/1220/1472 997/1281/1472 998/1284/1472
f 946/1220/1472 949/1222/1472 997/1281/1472
f 995/1280/1470 1000/1285/1470 999/1283/1470
f 1000/1285/1473 1002/1286/1473 999/1283/1473
f 998/1284/1471 999/1283/1471 1001/1287/1471
f 999/1283/1474 1003/1288/1475 1001/1287/1474
f 999/1283/1474 1002/1286/1475 1003/1288/1475
f 1003/1288/672 1004/1289/672 1006/1290/672
f 1002/1286/1476 1004/1289/1476 1003/1288/1476
f 1001/1287/672 1003/1288/672 1005/1291/672
f 1005/1291/672 1003/1288/672 1006/1290/672
f 1006/1290/1477 1009/1292/1477 1005/1291/1477
f 1007/1293/672 1006/1290/672 1004/1289/672
f 1007/1293/1478 1008/1294/1478 1006/1290/1478
f 1006/1290/1477 1008/1294/1477 1009/1292/1477
f 1009/1292/1479 1010/1295/1479 1011/1296/1479
f 1008/1294/1480 1010/1295/1480 1009/1292/1480
f 1005/1291/1481 1009/1292/1481 956/1231/1481
f 1009/1292/1479 1011/1296/1479 956/1231/1479
f 1010/1295/1482 1012/1297/1482 1011/1296/1482
f 956/1231/1413 1011/1296/1483 955/1229/1413
f 1011/1296/1484 1012/1297/1484 1013/1298/1484
f 1011/1296/1484 1013/1298/1484 955/1229/1484
f 955/1229/1415 1013/1298/1415 958/1232/1415
f 1013/1298/1485 1015/1299/1486 958/1232/1486
f 1013/1298/1485 1014/1300/1485 1015/1299/1486
f 1012/1297/1487 1014/1300/1488 1013/1298/1488
f 962/1243/1428 1015/1301/1429 968/1245/1429
f 1015/1301/1489 1016/1302/1490 968/1245/1489
f 958/1232/1421 1015/1299/1421 962/1237/1422
f 1015/1301/1489 1014/1303/1490 1016/1302/1490
f 1016/1302/1491 1019/1304/1491 968/1245/1491
f 1014/1303/1492 1018/1305/1492 1016/1302/1492
f 1016/1302/1491 1017/1306/1491 1019/1304/1491
f 1018/1305/1493 1017/1306/1493 1016/1302/1493
f 968/1245/1430 1019/1304/1430 967/1246/1430
f 1020/1307/1494 1019/1304/1494 1017/1306/1494
f 1021/1308/1495 1019/1304/1495 1020/1307/1495
f 1021/1308/1495 967/1246/1495 1019/1304/1495
f 1021/1309/1496 1022/1310/1496 1023/1311/1496
f 1020/1312/1497 1022/1310/1497 1021/1309/1497
f 970/1248/1432 967/1246/1432 1021/1308/1432
f 1021/1309/1496 1023/1311/1496 970/1253/1496
f 1022/1310/1498 1024/1313/1498 1023/1311/1498
f 970/1253/1436 1023/1311/1437 973/1251/1437
f 1023/1311/1499 1024/1313/1500 1025/1314/1500
f 1023/1311/1499 1025/1314/1500 973/1251/1499
f 1027/1315/1501 1026/1316/1501 1025/1314/1501
f 1026/1316/1502 976/1256/1502 1025/1314/1502
f 973/1251/1440 1025/1314/1440 976/1256/1440
f 1027/1315/1501 1025/1314/1501 1024/1313/1501
f 1027/1315/1503 1030/1317/1503 1026/1316/1503
f 1029/1318/1504 1027/1315/1504 1024/1313/1504
f 1027/1315/1503 1028/1319/1503 1030/1317/1503
f 1029/1318/1505 1028/1319/1505 1027/1315/1505
f 1026/1316/1506 1030/1317/1506 1032/1320/1506
f 1030/1317/1507 1031/1321/1507 1033/1322/1507
f 1028/1319/1508 1031/1321/1508 1030/1317/1508
f 1030/1317/1507 1033/1322/1507 1032/1320/1509
f 1033/1322/1510 1034/1323/1510 1036/1324/1510
f 1035/1325/1511 1034/1323/1511 1033/1322/1511
f 1033/1322/1510 1036/1324/1510 1032/1320/1510
f 1031/1321/1512 1035/1325/1512 1033/1322/1512
f 1032/1320/1513 1036/1324/1513 1037/1326/1513
f 1036/1324/1514 1039/1327/1514 1037/1326/1514
f 1034/1323/1515 1038/1328/1515 1036/1324/1515
f 1036/1324/1514 1038/1328/1514 1039/1327/1514
f 1041/1329/1516 1039/1327/1517 1040/1330/1517
f 1038/1328/1518 1040/1330/1518 1039/1327/1518
f 1042/1331/1519 1039/1327/1519 1041/1329/1519
f 1042/1331/1519 1037/1326/1519 1039/1327/1519
f 976/1256/1520 1037/1326/1520 1042/1331/1520
f 976/1256/1442 1042/1331/1442 977/1258/1442
f 1042/1331/1521 1043/1332/1521 977/1258/1521
f 1042/1331/1521 1041/1329/1521 1043/1332/1521
f 977/1258/1443 1043/1332/1443 979/1259/1443
f 1043/1332/1522 1045/1333/1522 979/1259/1522
f 1041/1329/1523 1044/1334/1523 1043/1332/1523
f 1043/1332/1522 1044/1334/1524 1045/1333/1522
f 1045/1335/1525 1046/1336/1525 1047/1337/1525
f 1044/1334/1526 1046/1338/1527 1045/1333/1527
f 979/1261/1451 1045/1335/1452 983/1266/1452
f 1045/1335/1525 1047/1337/1525 983/1266/1525
f 983/1266/1454 1047/1337/1454 985/1268/1454
f 1047/1337/1528 1049/1339/1528 985/1268/1528
f 1046/1336/1529 1048/1340/1530 1047/1337/1531
f 1047/1337/1528 1048/1340/1528 1049/1339/1528
f 1052/1341/1532 985/1268/1532 1049/1339/1533
f 1051/1342/1534 1049/1339/1535 1050/1343/1534
f 1048/1340/1536 1050/1343/1536 1049/1339/1536
f 1052/1341/1532 1049/1339/1533 1051/1342/1537
f 986/1275/1462 1052/1344/1462 991/1276/1462
f 1052/1344/1538 996/1282/1538 991/1276/1538
f 1052/1344/1538 1051/1345/1538 996/1282/1538
f 986/1267/1453 985/1268/1453 1052/1341/1453
f 1051/1345/1539 1053/1346/1539 1054/1347/1539
f 1051/1342/1534 1050/1343/1534 1053/1348/1534
f 1051/1345/1539 1054/1347/1539 996/1282/1539
f 1053/1346/1540 1055/1349/1541 1054/1347/1540
f 996/1282/1469 1054/1347/1469 995/1280/1469
f 1054/1347/1542 1000/1285/1542 995/1280/1542
f 1054/1347/1542 1055/1349/1542 1000/1285/1542
f 1053/1346/1540 1056/1350/1543 1055/1349/1541
f 1056/1350/1544 1057/1351/1544 1055/1349/1544
f 1055/1349/1545 1058/1352/1545 1000/1285/1545
f 1055/1349/1545 1057/1351/1545 1058/1352/1545
f 1000/1285/1473 1058/1352/1473 1002/1286/1473
f 1058/1352/1546 1060/1353/1546 1002/1286/1546
f 1057/1351/1547 1059/1354/1547 1058/1352/1547
f 1058/1352/1546 1059/1354/1546 1060/1353/1546
f 1060/1353/1548 1059/1354/1548 1062/1355/1548
f 1002/1286/1476 1060/1353/1476 1004/1289/1476
f 1060/1353/1549 1063/1356/1549 1004/1289/1549
f 1060/1353/1549 1061/1357/1549 1063/1356/1549
f 1060/1353/1548 1062/1355/1548 1061/1357/1548
f 1063/1356/672 1064/1358/672 1065/1359/672
f 1061/1357/1550 1064/1358/1551 1063/1356/1550
f 1004/1289/672 1063/1356/672 1007/1293/672
f 1007/1293/672 1063/1356/672 1065/1359/672
f 1065/1359/1552 1068/1360/1552 1007/1293/1552
f 1066/1361/672 1065/1359/672 1064/1358/672
f 1066/1361/1553 1067/1362/1554 1065/1359/1554
f 1065/1359/1552 1067/1362/1552 1068/1360/1552
f 1070/1363/1555 1069/1364/1555 1068/1360/1555
f 1069/1364/1556 1008/1294/1556 1068/1360/1556
f 1007/1293/1478 1068/1360/1478 1008/1294/1478
f 1070/1363/1555 1068/1360/1555 1067/1362/1555
f 1071/1365/1557 1070/1363/1558 1067/1362/1557
f 1073/1366/1559 1070/1363/1559 1071/1365/1559
f 1073/1366/1559 1072/1367/1559 1070/1363/1559
f 1072/1367/1560 1069/1364/1560 1070/1363/1560
f 1075/1368/1561 1073/1366/1561 1071/1365/1561
f 1074/1369/1562 1072/1367/1562 1073/1366/1562
f 1076/1370/1563 1074/1369/1563 1073/1366/1563
f 1076/1370/1563 1073/1366/1563 1075/1368/1563
f 1076/1371/1564 1077/1372/1564 1079/1373/1565
f 1078/1374/1566 1077/1372/1566 1076/1371/1567
f 1078/1375/1568 1076/1370/1568 1075/1368/1568
f 1076/1371/1564 1079/1373/1565 1074/1376/1565
f 1074/1376/1569 1079/1373/1569 1080/1377/1569
f 1079/1373/1570 1082/1378/1570 1080/1377/1570
f 1079/1373/1570 1081/1379/1570 1082/1378/1570
f 1077/1372/1571 1081/1379/1571 1079/1373/1571
f 1080/1377/1572 1082/1378/1572 1084/1380/1572
f 1085/1381/1573 1083/1382/1574 1082/1378/1574
f 1083/1382/1575 1084/1380/1575 1082/1378/1575
f 1085/1381/1573 1082/1378/1574 1081/1379/1573
f 1085/1383/1576 1086/1384/1576 1088/1385/1576
f 1087/1386/1577 1086/1384/1577 1085/1383/1577
f 1085/1383/1576 1088/1385/1576 1083/1387/1576
f 1087/1388/1578 1085/1381/1579 1081/1379/1579
f 1086/1384/1580 1089/1389/1581 1088/1385/1580
f 1083/1387/1582 1088/1385/1582 1090/1390/1582
f 1088/1385/1583 1089/1389/1583 1091/1391/1583
f 1088/1385/1583 1091/1391/1583 1090/1390/1583
f 1091/1391/1584 1092/1392/1584 1094/1393/1584
f 1089/1389/1585 1092/1392/1585 1091/1391/1585
f 1090/1390/1586 1091/1391/1586 1093/1394/1586
f 1091/1391/1584 1094/1393/1584 1093/1394/1584
f 1093/1394/1587 1094/1393/1587 1095/1395/1587
f 1094/1393/1588 1097/1396/1588 1095/1395/1588
f 1094/1393/1588 1096/1397/1588 1097/1396/1588
f 1092/1392/1589 1096/1397/1589 1094/1393/1590
f 1095/1395/1591 1097/1396/1591 1099/1398/1591
f 1097/1396/1592 1098/1399/1592 1100/1400/1592
f 1096/1397/1593 1098/1399/1593 1097/1396/1593
f 1097/1396/1592 1100/1400/1592 1099/1398/1592
f 1099/1398/1594 1100/1400/1594 1101/1401/1594
f 1100/1400/1595 1103/1402/1595 1101/1401/1595
f 1100/1400/1595 1102/1403/1595 1103/1402/1595
f 1098/1399/1596 1102/1403/1596 1100/1400/1596
f 1101/1401/1597 1103/1402/1598 1104/1404/1597
f 1103/1405/633 1102/1406/633 1105/1407/633
f 1104/1408/633 1103/1405/633 1106/1409/633
f 1105/1407/633 1106/1409/633 1103/1405/633
f 1108/1410/1599 1106/1411/1600 1107/1412/1599
f 1106/1411/1601 1109/1413/1601 1107/1412/1601
f 1106/1411/1601 1105/1414/1601 1109/1413/1601
f 1106/1409/633 1108/1415/633 1104/1408/633
f 1107/1412/1602 1109/1413/1602 1110/1416/1602
f 1109/1413/1603 1112/1417/1603 1110/1416/1603
f 1109/1413/1603 1111/1418/1603 1112/1417/1603
f 1105/1414/1604 1111/1418/1604 1109/1413/1604
f 1110/1416/1605 1112/1417/1606 1113/1419/1605
f 1112/1417/1607 1115/1420/1607 1113/1419/1608
f 1111/1418/1609 1114/1421/1609 1112/1417/1609
f 1112/1417/1607 1114/1421/1607 1115/1420/1607
f 1115/1420/1610 1116/1422/1610 1118/1423/1610
f 1114/1421/1611 1116/1422/1611 1115/1420/1611
f 1113/1419/1612 1115/1420/1612 1117/1424/1612
f 1115/1420/1610 1118/1423/1610 1117/1424/1610
f 1116/1422/1613 1120/1425/1613 1118/1423/1613
f 1117/1424/1614 1118/1423/1614 1119/1426/1614
f 1118/1423/1615 1121/1427/1616 1119/1426/1616
f 1118/1423/1615 1120/1425/1615 1121/1427/1616
f 1119/1426/1617 1121/1427/1617 1122/1428/1617
f 1121/1427/1618 1124/1429/1618 1122/1428/1618
f 1120/1425/1619 1123/1430/1620 1121/1427/1620
f 1121/1427/1618 1123/1430/1618 1124/1429/1618
f 1123/1430/1621 1125/1431/1621 1124/1429/1621
f 1125/1432/1622 1126/1433/1622 1124/1434/1622
f 1124/1434/1623 1127/1435/1623 1122/1436/1624
f 1124/1434/1623 1126/1433/1625 1127/1435/1623
f 1129/1437/1626 1127/1435/1626 1128/1438/1626
f 1127/1435/1627 1130/1439/1627 1128/1438/1627
f 1127/1435/1627 1126/1433/1627 1130/1439/1627
f 1122/1436/1628 1127/1435/1629 1129/1437/1628
f 1133/1440/1630 1130/1439/1631 1131/1441/1630
f 1126/1433/1632 1131/1441/1632 1130/1439/1632
f 1133/1440/1630 1132/1442/1631 1130/1439/1631
f 1132/1442/1633 1128/1438/1633 1130/1439/1633
f 1135/1443/1634 1133/1440/1635 1131/1441/1635
f 1134/1444/1636 1133/1445/1636 1135/1446/1636
f 1136/1447/1637 1133/1445/1637 1134/1444/1637
f 1136/1447/1637 1132/1448/1637 1133/1445/1637
f 1138/1449/1638 1132/1448/1639 1136/1447/1639
f 1137/1450/1640 1136/1447/1640 1134/1444/1640
f 1062/1355/1641 1136/1447/1641 1137/1450/1641
f 1062/1355/1641 1138/1449/1641 1136/1447/1641
f 1141/1451/1642 1139/1452/1643 1138/1449/1643
f 1138/1449/1638 1139/1452/1638 1132/1448/1639
f 1059/1354/1644 1138/1449/1644 1062/1355/1644
f 1059/1354/1644 1140/1453/1644 1138/1449/1644
f 1141/1451/1642 1138/1449/1643 1140/1453/1642
f 1139/1454/1645 1141/1455/1646 1142/1456/1646
f 1141/1455/1647 1144/1457/1648 1142/1456/1647
f 1143/1458/1649 1141/1451/1650 1140/1453/1650
f 1141/1455/1647 1143/1459/1648 1144/1457/1648
f 1145/1460/1651 1142/1456/1651 1144/1457/1652
f 1147/1461/1653 1145/1460/1653 1144/1457/1653
f 1056/1462/1654 1146/1463/1654 1144/1457/1654
f 1147/1461/1653 1144/1457/1653 1146/1463/1655
f 1056/1462/1654 1144/1457/1654 1143/1459/1654
f 1148/1464/1656 1147/1461/1656 1146/1463/1656
f 1150/1465/1657 1147/1461/1658 1148/1464/1657
f 1150/1465/1657 1149/1466/1658 1147/1461/1658
f 1149/1466/1659 1145/1460/1660 1147/1461/1659
f 1152/1467/1661 1150/1465/1662 1148/1464/1661
f 1153/1468/1663 1151/1469/1663 1150/1470/1664
f 1151/1469/1665 1149/1471/1665 1150/1470/1665
f 1153/1468/1663 1150/1470/1664 1152/1472/1664
f 1154/1473/1666 1153/1468/1666 1152/1472/1667
f 1156/1474/1668 1153/1468/1669 1154/1473/1669
f 1156/1474/1668 1155/1475/1668 1153/1468/1669
f 1155/1475/1670 1151/1469/1670 1153/1468/1670
f 1157/1476/1671 1156/1474/1671 1154/1473/1672
f 1156/1474/1673 1159/1477/1673 1155/1475/1673
f 1157/1476/1674 1158/1478/1674 1156/1474/1674
f 1156/1474/1673 1158/1478/1673 1159/1477/1673
f 1162/1479/1675 1159/1477/1675 1158/1478/1675
f 1159/1477/1676 1160/1480/1676 1163/1481/1676
f 1161/1482/1677 1160/1480/1677 1159/1477/1677
f 1162/1479/1675 1161/1482/1675 1159/1477/1675
f 1159/1477/1676 1163/1481/1676 1155/1475/1678
f 1160/1480/1679 1164/1483/1679 1163/1481/1679
f 1155/1475/1670 1163/1481/1670 1151/1469/1670
f 1163/1481/1680 1165/1484/1680 1151/1469/1680
f 1163/1481/1680 1164/1483/1680 1165/1484/1680
f 1164/1483/1681 1166/1485/1681 1165/1484/1681
f 1151/1469/1665 1165/1484/1665 1149/1471/1665
f 1165/1484/1682 1167/1486/1682 1149/1471/1682
f 1165/1484/1682 1166/1485/1682 1167/1486/1682
f 1166/1485/1683 1168/1487/1683 1167/1486/1684
f 1168/1488/1685 1145/1460/1685 1167/1489/1685
f 1149/1466/1659 1167/1489/1686 1145/1460/1660
f 1166/1485/1683 1119/1426/1683 1168/1487/1683
f 1119/1426/1617 1122/1428/1617 1168/1487/1617
f 1122/1436/1628 1129/1437/1628 1168/1488/1628
f 1168/1488/1685 1129/1437/1685 1145/1460/1685
f 1164/1483/1681 1117/1424/1681 1166/1485/1681
f 1117/1424/1614 1119/1426/1614 1166/1485/1614
f 1160/1480/1679 1113/1419/1679 1164/1483/1679
f 1113/1419/1612 1117/1424/1612 1164/1483/1612
f 1170/1490/1687 1162/1479/1687 1158/1478/1687
f 1169/1491/1688 1161/1482/1688 1162/1479/1688
f 1171/1492/1689 1169/1491/1689 1162/1479/1689
f 1171/1492/1689 1162/1479/1689 1170/1490/1689
f 1172/1493/1690 1169/1491/1690 1171/1492/1691
f 1173/1494/1692 1171/1492/1692 1170/1490/1692
f 1174/1495/1693 1172/1493/1693 1171/1492/1693
f 1174/1495/1693 1171/1492/1693 1173/1494/1693
f 1175/1496/1694 1174/1495/1695 1173/1494/1695
f 1174/1497/633 1175/1498/633 1177/1499/633
f 1172/1500/633 1174/1497/633 1176/1501/633
f 1177/1499/633 1176/1501/633 1174/1497/633
f 1031/1321/1512 1177/1502/1512 1035/1325/1512
f 1178/1503/1696 1177/1502/1696 1031/1321/1696
f 1178/1503/1696 1176/1504/1696 1177/1502/1696
f 1175/1498/633 1035/1505/633 1177/1499/633
f 1028/1319/1508 1178/1503/1508 1031/1321/1508
f 1180/1506/1697 1178/1503/1697 1028/1319/1698
f 1179/1507/1699 1176/1504/1699 1178/1503/1699
f 1180/1506/1697 1179/1507/1697 1178/1503/1697
f 1029/1318/1505 1180/1506/1505 1028/1319/1505
f 1182/1508/1700 1180/1506/1700 1029/1318/1700
f 1181/1509/1701 1179/1507/1701 1180/1506/1701
f 1182/1508/1700 1181/1509/1702 1180/1506/1700
f 1182/1508/1703 1029/1318/1703 1185/1510/1703
f 1186/1511/1704 1182/1508/1704 1183/1512/1704
f 1182/1508/1703 1185/1510/1703 1183/1512/1703
f 1184/1513/1705 1181/1509/1705 1182/1508/1705
f 1186/1511/1704 1184/1513/1704 1182/1508/1704
f 1188/1514/1706 1184/1513/1706 1186/1511/1706
f 1187/1515/1707 1186/1511/1708 1183/1512/1708
f 1189/1516/1709 1186/1511/1709 1187/1515/1709
f 1189/1516/1709 1188/1514/1709 1186/1511/1709
f 1192/1517/1710 1190/1518/1711 1189/1516/1711
f 1190/1518/1712 1188/1514/1712 1189/1516/1712
f 1191/1519/1713 1189/1516/1713 1187/1515/1713
f 1192/1517/1710 1189/1516/1711 1191/1519/1710
f 1193/1520/1714 1190/1518/1714 1192/1517/1714
f 1191/1521/1715 1194/1522/1716 1192/1523/1716
f 1193/1524/1717 1192/1523/1718 1194/1522/1718
f 1195/1525/1719 1194/1522/1719 1197/1526/1719
f 1198/1527/1720 1194/1522/1720 1195/1525/1721
f 1198/1527/1720 1196/1528/1720 1194/1522/1720
f 1193/1524/1717 1194/1522/1718 1196/1528/1717
f 1191/1521/1715 1197/1526/1715 1194/1522/1716
f 1199/1529/1722 1198/1527/1722 1195/1525/1722
f 1201/1530/1723 1198/1527/1723 1199/1529/1723
f 1200/1531/1724 1196/1528/1724 1198/1527/1725
f 1201/1530/1723 1200/1531/1726 1198/1527/1723
f 1203/1532/1727 1200/1531/1728 1201/1530/1728
f 1203/1533/1729 1201/1534/1729 1202/1535/1729
f 1202/1535/1730 1201/1534/1730 1199/1536/1730
f 1203/1532/1727 1080/1377/1727 1200/1531/1728
f 1074/1376/1569 1080/1377/1569 1203/1532/1731
f 1074/1369/1562 1203/1533/1562 1072/1367/1562
f 1203/1533/1729 1202/1535/1729 1072/1367/1729
f 1072/1367/1560 1202/1535/1560 1069/1364/1560
f 1202/1535/1732 1205/1537/1732 1069/1364/1732
f 1202/1535/1732 1204/1538/1732 1205/1537/1732
f 1202/1535/1730 1199/1536/1730 1204/1538/1730
f 1069/1364/1556 1205/1537/1556 1008/1294/1556
f 1008/1294/1480 1205/1537/1480 1010/1295/1480
f 1205/1537/1733 1204/1538/1733 1206/1539/1733
f 1205/1537/1733 1206/1539/1733 1010/1295/1733
f 1010/1295/1482 1206/1539/1482 1012/1297/1482
f 1206/1539/1734 1208/1540/1735 1012/1297/1735
f 1206/1539/1734 1207/1541/1734 1208/1540/1735
f 1204/1538/1736 1207/1541/1737 1206/1539/1738
f 1014/1303/1492 1208/1542/1739 1018/1305/1492
f 1208/1542/1740 1195/1525/1740 1018/1305/1740
f 1012/1297/1487 1208/1540/1487 1014/1300/1488
f 1208/1542/1740 1207/1543/1740 1195/1525/1740
f 1199/1529/1722 1195/1525/1722 1207/1543/1722
f 1204/1538/1736 1199/1536/1736 1207/1541/1737
f 1200/1531/1724 1084/1380/1724 1196/1528/1724
f 1080/1377/1572 1084/1380/1572 1200/1531/1572
f 1018/1305/1493 1197/1526/1493 1017/1306/1493
f 1195/1525/1719 1197/1526/1719 1018/1305/1719
f 1209/1544/1741 1197/1526/1741 1191/1521/1742
f 1209/1544/1741 1017/1306/1741 1197/1526/1741
f 1209/1545/1743 1187/1515/1743 1210/1546/1743
f 1191/1519/1713 1187/1515/1713 1209/1545/1713
f 1020/1307/1494 1017/1306/1494 1209/1544/1494
f 1209/1545/1743 1210/1546/1743 1020/1312/1743
f 1187/1515/1707 1183/1512/1708 1210/1546/1707
f 1020/1312/1497 1210/1546/1497 1022/1310/1497
f 1210/1546/1744 1183/1512/1745 1185/1510/1745
f 1210/1546/1744 1185/1510/1745 1022/1310/1744
f 1211/1547/1746 1193/1524/1746 1196/1528/1746
f 1211/1547/1746 1196/1528/1746 1084/1380/1746
f 1211/1548/1747 1090/1390/1747 1212/1549/1747
f 1083/1387/1582 1090/1390/1582 1211/1548/1582
f 1211/1548/1747 1212/1549/1747 1193/1520/1747
f 1083/1382/1575 1211/1547/1575 1084/1380/1575
f 1090/1390/1586 1093/1394/1586 1212/1549/1586
f 1193/1520/1714 1212/1549/1714 1190/1518/1714
f 1212/1549/1748 1093/1394/1748 1213/1550/1748
f 1212/1549/1748 1213/1550/1748 1190/1518/1748
f 1213/1550/1749 1095/1395/1749 1214/1551/1749
f 1093/1394/1587 1095/1395/1587 1213/1550/1587
f 1190/1518/1712 1213/1550/1712 1188/1514/1712
f 1213/1550/1749 1214/1551/1749 1188/1514/1749
f 1188/1514/1706 1214/1551/1706 1184/1513/1706
f 1214/1551/1750 1215/1552/1750 1184/1513/1750
f 1214/1551/1750 1099/1398/1750 1215/1552/1750
f 1095/1395/1591 1099/1398/1591 1214/1551/1591
f 1184/1513/1705 1215/1552/1751 1181/1509/1705
f 1215/1552/1752 1101/1401/1752 1216/1553/1752
f 1099/1398/1594 1101/1401/1594 1215/1552/1594
f 1215/1552/1752 1216/1553/1752 1181/1509/1752
f 1181/1509/1701 1216/1553/1701 1179/1507/1701
f 1216/1553/1753 1217/1554/1753 1179/1507/1754
f 1216/1553/1753 1104/1404/1753 1217/1554/1753
f 1101/1401/1597 1104/1404/1597 1216/1553/1597
f 1179/1507/1699 1217/1554/1699 1176/1504/1699
f 1217/1555/633 1104/1408/633 1108/1415/633
f 1176/1501/633 1217/1555/633 1172/1500/633
f 1108/1415/633 1172/1500/633 1217/1555/633
f 1029/1318/1504 1024/1313/1504 1185/1510/1504
f 1022/1310/1498 1185/1510/1755 1024/1313/1498
f 1035/1325/1511 1175/1496/1511 1034/1323/1511
f 1175/1496/1694 1173/1494/1695 1034/1323/1694
f 1034/1323/1515 1173/1494/1515 1038/1328/1515
f 1173/1494/1692 1170/1490/1692 1038/1328/1756
f 1172/1493/1690 1108/1410/1690 1169/1491/1690
f 1038/1328/1518 1170/1490/1518 1040/1330/1518
f 1170/1490/1687 1158/1478/1687 1040/1330/1687
f 1169/1491/1688 1107/1412/1688 1161/1482/1688
f 1108/1410/1599 1107/1412/1599 1169/1491/1599
f 1161/1482/1677 1110/1416/1677 1160/1480/1677
f 1107/1412/1602 1110/1416/1602 1161/1482/1602
f 1110/1416/1605 1113/1419/1605 1160/1480/1605
f 1157/1476/1674 1040/1330/1674 1158/1478/1674
f 1041/1329/1516 1040/1330/1517 1157/1476/1516
f 1041/1329/1523 1157/1476/1523 1044/1334/1523
f 1157/1476/1671 1154/1473/1672 1044/1334/1672
f 1044/1334/1526 1154/1473/1526 1046/1338/1527
f 1154/1473/1666 1152/1472/1667 1046/1338/1667
f 1046/1336/1529 1152/1467/1530 1048/1340/1530
f 1152/1467/1661 1148/1464/1661 1048/1340/1661
f 1048/1340/1536 1148/1464/1536 1050/1343/1536
f 1148/1464/1656 1146/1463/1656 1050/1343/1656
f 1053/1348/1757 1146/1463/1758 1056/1462/1758
f 1053/1348/1757 1050/1343/1757 1146/1463/1758
f 1145/1460/1651 1129/1437/1651 1142/1456/1651
f 1056/1350/1544 1143/1458/1544 1057/1351/1544
f 1143/1458/1649 1140/1453/1650 1057/1351/1649
f 1129/1437/1626 1128/1438/1626 1142/1456/1626
f 1139/1454/1645 1142/1456/1646 1128/1438/1645
f 1057/1351/1547 1140/1453/1547 1059/1354/1547
f 1132/1442/1633 1139/1454/1759 1128/1438/1633
f 1061/1357/1760 1062/1355/1760 1137/1450/1760
f 1218/1556/1761 1137/1450/1761 1219/1557/1761
f 1061/1357/1760 1137/1450/1760 1218/1556/1760
f 1137/1450/1640 1134/1444/1640 1219/1557/1640
f 1220/1558/1762 1219/1557/1762 1221/1559/1762
f 1218/1556/1761 1219/1557/1761 1220/1558/1761
f 1219/1557/1763 1134/1444/1763 1222/1560/1763
f 1219/1557/1763 1222/1560/1763 1221/1559/1763
f 1221/1559/1764 1222/1560/1764 1223/1561/1764
f 1222/1560/1765 1135/1446/1765 1224/1562/1766
f 1134/1444/1636 1135/1446/1636 1222/1560/1636
f 1222/1560/1765 1224/1562/1766 1223/1561/1766
f 1225/1563/1767 1224/1564/1767 1226/1565/1767
f 1223/1561/1768 1224/1562/1768 1225/1566/1769
f 1224/1564/1770 1135/1443/1770 1227/1567/1770
f 1224/1564/1770 1227/1567/1770 1226/1565/1770
f 1228/1568/1771 1226/1565/1771 1227/1567/1771
f 1229/1569/1772 1228/1568/1772 1227/1567/1772
f 1135/1443/1634 1131/1441/1635 1227/1567/1634
f 1229/1569/1772 1227/1567/1772 1131/1441/1772
f 1126/1433/1632 1229/1569/1632 1131/1441/1632
f 1125/1432/1622 1229/1569/1622 1126/1433/1622
f 1230/1570/1773 1229/1569/1773 1125/1432/1773
f 1230/1570/1773 1228/1568/1773 1229/1569/1773
f 1233/1571/1774 1231/1572/1774 1230/1573/1774
f 1231/1572/1775 1232/1574/1775 1230/1573/1775
f 1232/1575/1776 1228/1568/1776 1230/1570/1777
f 1233/1571/1774 1230/1573/1774 1125/1431/1774
f 1123/1430/1621 1233/1571/1621 1125/1431/1621
f 1235/1576/1778 1233/1571/1778 1123/1430/1778
f 1235/1576/1778 1234/1577/1778 1233/1571/1778
f 1234/1577/1779 1231/1572/1779 1233/1571/1779
f 1237/1578/1780 1236/1579/1780 1235/1576/1780
f 1236/1579/1781 1234/1577/1781 1235/1576/1781
f 1120/1425/1619 1235/1576/1619 1123/1430/1620
f 1237/1578/1780 1235/1576/1780 1120/1425/1780
f 1238/1580/1782 1236/1579/1782 1237/1578/1782
f 1116/1422/1613 1237/1578/1613 1120/1425/1613
f 1239/1581/1783 1238/1580/1783 1237/1578/1783
f 1239/1581/1783 1237/1578/1783 1116/1422/1783
f 1114/1421/1611 1239/1581/1611 1116/1422/1611
f 1241/1582/1784 1240/1583/1784 1239/1581/1784
f 1240/1583/1785 1238/1580/1785 1239/1581/1785
f 1241/1582/1784 1239/1581/1784 1114/1421/1784
f 1242/1584/1786 1240/1583/1786 1241/1582/1786
f 1111/1418/1609 1241/1582/1609 1114/1421/1609
f 1243/1585/1787 1242/1584/1787 1241/1582/1787
f 1243/1585/1787 1241/1582/1787 1111/1418/1787
f 1105/1414/1604 1243/1585/1604 1111/1418/1604
f 1243/1586/633 1105/1407/633 1102/1406/633
f 1242/1587/633 1243/1586/633 1244/1588/633
f 1102/1406/633 1244/1588/633 1243/1586/633
f 1098/1399/1596 1244/1589/1596 1102/1403/1596
f 1246/1590/1788 1244/1589/1788 1098/1399/1788
f 1244/1588/633 1245/1591/633 1242/1587/633
f 1246/1590/1788 1245/1592/1788 1244/1589/1788
f 1096/1397/1593 1246/1590/1593 1098/1399/1593
f 1248/1593/1789 1246/1590/1789 1096/1397/1789
f 1249/1594/1790 1245/1592/1790 1246/1590/1790
f 1248/1593/1789 1247/1595/1789 1246/1590/1789
f 1249/1594/1790 1246/1590/1790 1247/1595/1790
f 1250/1596/1791 1249/1594/1791 1247/1595/1791
f 1249/1597/633 1250/1598/633 1252/1599/633
f 1245/1591/633 1249/1597/633 1251/1600/633
f 1252/1599/633 1251/1600/633 1249/1597/633
f 1253/1601/1792 1252/1602/1792 1254/1603/1792
f 1240/1583/1793 1252/1602/1794 1253/1601/1794
f 1240/1583/1793 1251/1604/1793 1252/1602/1794
f 1254/1605/633 1252/1599/633 1250/1598/633
f 1255/1606/1795 1254/1603/1795 1256/1607/1795
f 1253/1601/1792 1254/1603/1792 1255/1606/1792
f 1256/1608/633 1254/1605/633 1257/1609/633
f 1250/1598/633 1257/1609/633 1254/1605/633
f 1259/1610/1796 1257/1611/1797 1258/1612/1796
f 1257/1611/1798 1260/1613/1798 1258/1612/1798
f 1257/1609/633 1259/1614/633 1256/1608/633
f 1257/1611/1798 1250/1596/1798 1260/1613/1798
f 1261/1615/1799 1260/1613/1799 1247/1595/1799
f 1250/1596/1791 1247/1595/1791 1260/1613/1791
f 1258/1612/1800 1260/1613/1800 1261/1615/1800
f 1262/1616/1801 1261/1615/1801 1248/1593/1801
f 1264/1617/1802 1261/1615/1802 1262/1616/1802
f 1264/1617/1802 1263/1618/1802 1261/1615/1802
f 1258/1612/1800 1261/1615/1800 1263/1618/1800
f 1261/1615/1799 1247/1595/1799 1248/1593/1799
f 1265/1619/1803 1264/1617/1803 1262/1616/1803
f 1267/1620/1804 1264/1617/1804 1265/1619/1804
f 1266/1621/1805 1263/1618/1805 1264/1617/1805
f 1267/1620/1804 1266/1621/1804 1264/1617/1804
f 1269/1622/1806 1266/1621/1806 1267/1620/1806
f 1268/1623/1807 1267/1620/1808 1265/1619/1808
f 1270/1624/1809 1267/1620/1810 1268/1623/1809
f 1270/1624/1809 1269/1622/1810 1267/1620/1810
f 1273/1625/1811 1271/1626/1811 1270/1624/1811
f 1271/1626/1812 1269/1622/1812 1270/1624/1813
f 1272/1627/1814 1270/1624/1814 1268/1623/1814
f 1273/1625/1811 1270/1624/1811 1272/1627/1811
f 1275/1628/1815 1271/1626/1815 1273/1625/1815
f 1273/1629/1816 1272/1630/1817 1276/1631/1817
f 1275/1632/1818 1273/1629/1819 1274/1633/1819
f 1273/1629/1816 1276/1631/1817 1274/1633/1816
f 1274/1633/1820 1276/1631/1820 1277/1634/1820
f 1277/1634/1821 1276/1631/1821 1278/1635/1821
f 1272/1630/1822 1278/1635/1823 1276/1631/1822
f 1077/1372/1571 1278/1635/1571 1081/1379/1571
f 1277/1634/1821 1278/1635/1821 1077/1372/1821
f 1272/1630/1822 1087/1388/1823 1278/1635/1823
f 1087/1388/1578 1081/1379/1579 1278/1635/1578
f 1078/1374/1566 1277/1634/1566 1077/1372/1566
f 1280/1636/1824 1277/1634/1824 1078/1374/1824
f 1280/1636/1824 1279/1637/1824 1277/1634/1824
f 1274/1633/1820 1277/1634/1820 1279/1637/1820
f 1282/1638/1825 1279/1637/1825 1280/1636/1825
f 1282/1639/1826 1280/1640/1826 1281/1641/1826
f 1280/1640/1827 1283/1642/1827 1281/1641/1827
f 1280/1640/1827 1078/1375/1827 1283/1642/1827
f 1281/1641/1828 1283/1642/1828 1284/1643/1828
f 1283/1642/1829 1285/1644/1829 1284/1643/1829
f 1283/1642/1829 1075/1368/1829 1285/1644/1829
f 1078/1375/1568 1075/1368/1568 1283/1642/1568
f 1284/1643/1830 1285/1644/1830 1286/1645/1830
f 1285/1644/1831 1287/1646/1831 1286/1645/1831
f 1075/1368/1561 1071/1365/1561 1285/1644/1561
f 1285/1644/1831 1071/1365/1831 1287/1646/1831
f 1071/1365/1557 1067/1362/1557 1287/1646/1557
f 1066/1361/1553 1287/1646/1832 1067/1362/1554
f 1288/1647/1833 1287/1646/1833 1066/1361/1833
f 1288/1647/1833 1286/1645/1833 1287/1646/1833
f 1066/1361/672 1290/1648/672 1288/1647/672
f 1289/1649/672 1288/1647/672 1291/1650/672
f 1289/1649/1834 1286/1645/1834 1288/1647/1834
f 1290/1648/672 1291/1650/672 1288/1647/672
f 1291/1650/672 1292/1651/672 1289/1649/672
f 1293/1652/1835 1292/1651/1835 1291/1650/1835
f 1220/1558/1836 1291/1650/1836 1290/1648/1836
f 1220/1558/1836 1293/1652/1836 1291/1650/1836
f 1293/1652/1837 1221/1559/1837 1295/1653/1837
f 1220/1558/1762 1221/1559/1762 1293/1652/1762
f 1293/1652/1835 1294/1654/1835 1292/1651/1835
f 1293/1652/1837 1295/1653/1837 1294/1654/1838
f 1221/1559/1764 1223/1561/1764 1295/1653/1764
f 1294/1654/1839 1295/1653/1839 1296/1655/1839
f 1295/1653/1840 1223/1561/1840 1297/1656/1840
f 1295/1653/1840 1297/1656/1840 1296/1655/1840
f 1297/1656/1841 1225/1566/1841 1299/1657/1841
f 1223/1561/1768 1225/1566/1769 1297/1656/1769
f 1296/1655/1842 1297/1656/1842 1298/1658/1842
f 1297/1656/1841 1299/1657/1841 1298/1658/1841
f 1299/1659/1843 1300/1660/1843 1301/1661/1844
f 1299/1659/1845 1302/1662/1846 1300/1660/1845
f 1299/1657/1847 1303/1663/1847 1298/1658/1847
f 1299/1659/1845 1225/1563/1846 1302/1662/1846
f 1299/1657/1847 1282/1639/1847 1303/1663/1847
f 1299/1659/1843 1301/1661/1844 1282/1638/1844
f 1298/1658/1848 1303/1663/1848 1304/1664/1848
f 1303/1663/1849 1305/1665/1849 1304/1664/1849
f 1303/1663/1849 1281/1641/1849 1305/1665/1849
f 1282/1639/1826 1281/1641/1826 1303/1663/1826
f 1304/1664/1850 1305/1665/1850 1306/1666/1850
f 1305/1665/1851 1307/1667/1851 1306/1666/1852
f 1281/1641/1828 1284/1643/1828 1305/1665/1828
f 1305/1665/1851 1284/1643/1851 1307/1667/1851
f 1284/1643/1830 1286/1645/1830 1307/1667/1830
f 1289/1649/1834 1307/1667/1834 1286/1645/1834
f 1308/1668/1853 1307/1667/1853 1289/1649/1853
f 1308/1668/1853 1306/1666/1853 1307/1667/1853
f 1289/1649/672 1292/1651/672 1308/1668/672
f 1309/1669/672 1308/1668/672 1310/1670/672
f 1309/1669/1854 1306/1666/1854 1308/1668/1854
f 1292/1651/672 1310/1670/672 1308/1668/672
f 1310/1670/672 1311/1671/672 1309/1669/672
f 1312/1672/1855 1311/1671/1855 1310/1670/1855
f 1294/1654/1856 1310/1670/1856 1292/1651/1856
f 1294/1654/1856 1312/1672/1856 1310/1670/1856
f 1312/1672/1857 1296/1655/1857 1314/1673/1857
f 1294/1654/1839 1296/1655/1839 1312/1672/1839
f 1312/1672/1855 1313/1674/1855 1311/1671/1855
f 1312/1672/1857 1314/1673/1857 1313/1674/1857
f 1296/1655/1842 1298/1658/1842 1314/1673/1842
f 1314/1673/1858 1315/1675/1858 1313/1674/1858
f 1298/1658/1848 1304/1664/1848 1314/1673/1848
f 1314/1673/1858 1304/1664/1858 1315/1675/1858
f 1304/1664/1850 1306/1666/1850 1315/1675/1850
f 1309/1669/1854 1315/1675/1854 1306/1666/1854
f 1311/1671/1859 1315/1675/1859 1309/1669/1860
f 1311/1671/1859 1313/1674/1859 1315/1675/1859
f 1302/1662/1861 1317/1676/1862 1300/1660/1861
f 1225/1563/1767 1226/1565/1767 1302/1662/1863
f 1226/1565/1864 1316/1677/1864 1302/1662/1864
f 1302/1662/1861 1316/1677/1862 1317/1676/1862
f 1317/1676/1865 1301/1661/1866 1300/1660/1866
f 1318/1678/1867 1317/1676/1867 1316/1677/1868
f 1318/1678/1869 1319/1679/1870 1317/1676/1869
f 1317/1676/1865 1319/1679/1865 1301/1661/1866
f 1319/1679/1871 1279/1637/1871 1301/1661/1871
f 1318/1678/1869 1275/1632/1870 1319/1679/1870
f 1275/1632/1818 1274/1633/1819 1319/1679/1818
f 1319/1679/1871 1274/1633/1871 1279/1637/1871
f 1318/1680/1872 1320/1681/1872 1323/1682/1872
f 1322/1683/1873 1320/1681/1873 1318/1680/1873
f 1318/1680/1872 1323/1682/1872 1275/1628/1872
f 1318/1678/1867 1316/1677/1868 1321/1684/1868
f 1322/1683/1873 1318/1680/1873 1321/1685/1874
f 1320/1681/1875 1324/1686/1875 1323/1682/1875
f 1275/1628/1815 1323/1682/1815 1271/1626/1815
f 1323/1682/1876 1324/1686/1876 1325/1687/1876
f 1323/1682/1876 1325/1687/1876 1271/1626/1876
f 1325/1687/1877 1326/1688/1877 1327/1689/1877
f 1324/1686/1878 1326/1688/1878 1325/1687/1878
f 1271/1626/1812 1325/1687/1812 1269/1622/1812
f 1325/1687/1877 1327/1689/1877 1269/1622/1879
f 1269/1622/1806 1327/1689/1806 1266/1621/1806
f 1327/1689/1880 1329/1690/1880 1266/1621/1880
f 1327/1689/1880 1328/1691/1880 1329/1690/1880
f 1326/1688/1881 1328/1691/1881 1327/1689/1881
f 1266/1621/1805 1329/1690/1805 1263/1618/1805
f 1331/1692/1882 1330/1693/1882 1329/1690/1882
f 1330/1693/1883 1263/1618/1883 1329/1690/1883
f 1331/1692/1882 1329/1690/1882 1328/1691/1882
f 1332/1694/1884 1330/1693/1884 1331/1692/1885
f 1333/1695/1886 1331/1692/1887 1328/1691/1886
f 1334/1696/1888 1332/1694/1888 1331/1692/1888
f 1334/1696/1888 1331/1692/1888 1333/1695/1888
f 1335/1697/1889 1334/1696/1889 1333/1695/1889
f 1334/1698/633 1335/1699/633 1337/1700/633
f 1332/1701/633 1334/1698/633 1336/1702/633
f 1337/1700/633 1336/1702/633 1334/1698/633
f 1338/1703/1890 1337/1704/1890 1339/1705/1890
f 1340/1706/1891 1337/1704/1891 1338/1703/1891
f 1340/1706/1891 1336/1707/1892 1337/1704/1891
f 1335/1699/633 1339/1708/633 1337/1700/633
f 1341/1709/1893 1340/1706/1893 1338/1703/1893
f 1343/1710/1894 1340/1706/1894 1341/1709/1894
f 1342/1711/1895 1336/1707/1895 1340/1706/1895
f 1343/1710/1894 1342/1711/1894 1340/1706/1894
f 1345/1712/1896 1343/1710/1896 1344/1713/1896
f 1343/1710/1897 1346/1714/1897 1344/1713/1897
f 1345/1712/1898 1342/1711/1898 1343/1710/1898
f 1343/1710/1897 1341/1709/1897 1346/1714/1897
f 1346/1714/1899 1347/1715/1899 1349/1716/1899
f 1341/1709/1900 1347/1715/1900 1346/1714/1900
f 1344/1713/1901 1346/1714/1901 1348/1717/1901
f 1346/1714/1899 1349/1716/1899 1348/1717/1899
f 1347/1715/1902 1350/1718/1902 1349/1716/1902
f 1348/1717/1903 1349/1716/1903 1322/1683/1903
f 1349/1716/1904 1320/1681/1904 1322/1683/1904
f 1349/1716/1904 1350/1718/1904 1320/1681/1904
f 1347/1715/1902 1351/1719/1902 1350/1718/1902
f 1350/1718/1905 1351/1719/1905 1352/1720/1905
f 1320/1681/1875 1350/1718/1875 1324/1686/1875
f 1350/1718/1905 1352/1720/1905 1324/1686/1905
f 1324/1686/1878 1352/1720/1878 1326/1688/1878
f 1352/1720/1906 1354/1721/1906 1326/1688/1906
f 1352/1720/1906 1353/1722/1906 1354/1721/1906
f 1351/1719/1907 1353/1722/1907 1352/1720/1907
f 1326/1688/1881 1354/1721/1881 1328/1691/1881
f 1355/1723/1908 1333/1695/1908 1354/1721/1908
f 1333/1695/1886 1328/1691/1886 1354/1721/1886
f 1355/1723/1908 1354/1721/1908 1353/1722/1908
f 1335/1697/1889 1333/1695/1889 1355/1723/1889
f 1356/1724/1909 1355/1723/1909 1353/1722/1909
f 1339/1705/1910 1335/1697/1910 1355/1723/1910
f 1339/1705/1910 1355/1723/1910 1356/1724/1910
f 1358/1725/1911 1356/1724/1911 1357/1726/1911
f 1356/1724/1909 1353/1722/1909 1357/1726/1909
f 1338/1703/1890 1339/1705/1890 1356/1724/1890
f 1358/1725/1911 1338/1703/1911 1356/1724/1911
f 1341/1709/1900 1358/1725/1900 1347/1715/1900
f 1358/1725/1912 1351/1719/1912 1347/1715/1912
f 1341/1709/1893 1338/1703/1893 1358/1725/1893
f 1358/1725/1912 1357/1726/1912 1351/1719/1912
f 1351/1719/1907 1357/1726/1913 1353/1722/1907
f 1360/1727/1914 1348/1717/1914 1359/1728/1914
f 1348/1717/1903 1322/1683/1903 1359/1728/1915
f 1344/1713/1901 1348/1717/1901 1360/1727/1901
f 1361/1729/1916 1344/1713/1916 1360/1727/1916
f 1234/1577/1779 1360/1727/1779 1231/1572/1779
f 1360/1727/1914 1359/1728/1914 1231/1572/1917
f 1361/1729/1916 1360/1727/1916 1234/1577/1916
f 1345/1712/1896 1344/1713/1896 1361/1729/1896
f 1236/1579/1781 1361/1729/1781 1234/1577/1781
f 1362/1730/1918 1345/1712/1918 1361/1729/1918
f 1362/1730/1918 1361/1729/1918 1236/1579/1918
f 1238/1580/1782 1362/1730/1782 1236/1579/1782
f 1253/1601/1919 1255/1606/1919 1362/1730/1919
f 1362/1730/1920 1255/1606/1920 1363/1731/1920
f 1253/1601/1919 1362/1730/1919 1238/1580/1919
f 1362/1730/1920 1363/1731/1920 1345/1712/1920
f 1345/1712/1898 1363/1731/1898 1342/1711/1898
f 1363/1731/1921 1364/1732/1921 1342/1711/1921
f 1363/1731/1921 1256/1607/1921 1364/1732/1921
f 1255/1606/1795 1256/1607/1795 1363/1731/1795
f 1342/1711/1895 1364/1732/1895 1336/1707/1895
f 1364/1733/633 1256/1608/633 1259/1614/633
f 1336/1702/633 1364/1733/633 1332/1701/633
f 1259/1614/633 1332/1701/633 1364/1733/633
f 1231/1572/1775 1359/1728/1775 1232/1574/1775
f 1359/1728/1922 1321/1685/1923 1232/1574/1923
f 1359/1728/1922 1322/1683/1922 1321/1685/1923
f 1332/1694/1884 1259/1610/1884 1330/1693/1884
f 1330/1693/1883 1258/1612/1883 1263/1618/1883
f 1259/1610/1796 1258/1612/1796 1330/1693/1796
f 1321/1684/1924 1365/1734/1924 1232/1575/1924
f 1321/1684/1924 1316/1677/1924 1365/1734/1924
f 1226/1565/1864 1365/1734/1864 1316/1677/1864
f 1228/1568/1771 1365/1734/1771 1226/1565/1771
f 1232/1575/1776 1365/1734/1776 1228/1568/1776
f 1282/1638/1825 1301/1661/1825 1279/1637/1825
f 1064/1358/672 1290/1648/672 1066/1361/672
f 1218/1556/1925 1290/1648/1925 1064/1358/1925
f 1218/1556/1925 1220/1558/1925 1290/1648/1925
f 1272/1627/1814 1268/1623/1814 1087/1386/1814
f 1087/1386/1577 1268/1623/1577 1086/1384/1577
f 1268/1623/1807 1265/1619/1808 1086/1384/1807
f 1086/1384/1580 1265/1619/1581 1089/1389/1581
f 1265/1619/1803 1262/1616/1803 1089/1389/1803
f 1089/1389/1585 1262/1616/1585 1092/1392/1585
f 1262/1616/1801 1248/1593/1801 1092/1392/1801
f 1240/1583/1785 1253/1601/1785 1238/1580/1785
f 1242/1584/1786 1251/1604/1786 1240/1583/1786
f 1251/1600/633 1242/1587/633 1245/1591/633
f 1092/1392/1589 1248/1593/1589 1096/1397/1589
f 1061/1357/1550 1218/1556/1551 1064/1358/1551
f 976/1256/1520 1366/1735/1520 1037/1326/1520
f 1032/1320/1513 1037/1326/1513 1366/1735/1513
f 1026/1316/1502 1366/1735/1502 976/1256/1502
f 1026/1316/1506 1032/1320/1506 1366/1735/1506
f 1005/1291/672 1367/1736/672 1001/1287/672
f 1005/1291/1481 956/1231/1481 1367/1736/1481
f 952/1227/672 998/1284/672 1367/1736/672
f 956/1231/1414 952/1227/1414 1367/1736/1926
f 998/1284/672 1001/1287/672 1367/1736/672
f 946/1220/672 998/1284/672 952/1227/672
f 1368/1737/1927 992/1278/1927 1369/1738/1927
f 988/1273/1463 992/1278/1463 1368/1737/1463
f 992/1278/1464 948/1225/1464 1369/1738/1464
f 947/1223/1409 1369/1738/1409 948/1225/1409
f 1371/1739/1928 1370/1740/1928 1369/1738/1928
f 1368/1737/1927 1369/1738/1927 1370/1740/1927
f 1371/1739/1928 1369/1738/1928 947/1223/1928
f 1372/1741/1929 1370/1740/1930 1371/1739/1930
f 1372/1741/672 1371/1739/672 1374/1742/672
f 947/1223/672 1373/1743/672 1371/1739/672
f 1373/1743/672 1374/1742/672 1371/1739/672
f 1374/1742/672 1375/1744/672 1372/1741/672
f 1376/1745/1931 1375/1744/1931 1374/1742/1931
f 1377/1746/1932 1374/1742/1932 1373/1743/1932
f 1377/1746/1932 1376/1745/1932 1374/1742/1932
f 1377/1746/1933 1378/1747/1933 1380/1748/1933
f 1379/1749/1934 1378/1747/1934 1377/1746/1934
f 1379/1749/1935 1377/1746/1936 1373/1743/1937
f 1377/1746/1933 1380/1748/1933 1376/1745/1933
f 1378/1747/1938 1381/1750/1938 1380/1748/1938
f 1376/1745/1939 1380/1748/1939 1382/1751/1939
f 1380/1748/1940 1381/1750/1940 1383/1752/1940
f 1380/1748/1940 1383/1752/1940 1382/1751/1940
f 1381/1750/1941 1384/1753/1942 1383/1752/1942
f 1384/1753/1943 1385/1754/1944 1383/1752/1943
f 1383/1752/1945 1386/1755/1945 1382/1751/1945
f 1383/1752/1945 1385/1754/1945 1386/1755/1945
f 1382/1751/1946 1386/1755/1946 1387/1756/1946
f 1386/1755/1947 1370/1740/1947 1387/1756/1947
f 1385/1754/1948 1368/1737/1948 1386/1755/1948
f 1386/1755/1947 1368/1737/1947 1370/1740/1947
f 1372/1741/1929 1387/1756/1929 1370/1740/1930
f 1375/1744/1949 1387/1756/1949 1372/1741/1949
f 1375/1744/1949 1388/1757/1949 1387/1756/1949
f 1382/1751/1946 1387/1756/1946 1388/1757/1946
f 1376/1745/1939 1382/1751/1939 1388/1757/1939
f 1376/1745/1931 1388/1757/1931 1375/1744/1931
f 1384/1753/1943 989/1271/1944 1385/1754/1944
f 989/1271/1458 988/1273/1459 1385/1754/1458
f 1385/1754/1948 988/1273/1948 1368/1737/1948
f 1384/1758/1950 1390/1759/1950 989/1270/1950
f 1384/1758/1951 965/1238/1951 1391/1760/1951
f 1381/1750/1941 965/1242/1941 1384/1753/1942
f 1384/1758/1950 1389/1761/1950 1390/1759/1950
f 1384/1758/1951 1391/1760/1951 1389/1761/1951
f 1391/1760/1952 1392/1762/1953 1389/1761/1952
f 965/1238/1423 964/1240/1423 1391/1760/1423
f 1391/1760/1952 971/1247/1953 1392/1762/1953
f 964/1240/1431 971/1247/1431 1391/1760/1431
f 1392/1762/1954 1390/1759/1954 1389/1761/1954
f 1392/1762/1954 980/1263/1954 1390/1759/1954
f 974/1254/1446 980/1263/1447 1392/1762/1446
f 974/1254/1438 1392/1762/1438 971/1247/1439
f 989/1270/1457 1390/1759/1457 982/1264/1457
f 980/1263/1448 982/1264/1448 1390/1759/1448
f 961/1235/1425 965/1242/1426 1381/1750/1426
f 1378/1747/1938 961/1235/1938 1381/1750/1938
f 1379/1749/1934 959/1233/1934 1378/1747/1934
f 953/1226/1416 959/1233/1416 1379/1749/1416
f 953/1226/1410 1379/1749/1410 950/1224/1410
f 1379/1749/1935 1373/1743/1937 950/1224/1935
f 959/1233/1418 961/1235/1418 1378/1747/1418
f 950/1224/672 1373/1743/672 947/1223/672
f 1398/1763/1955 1394/1764/1955 1393/1765/1955
f 1394/1764/1956 1396/1766/1956 1393/1765/1956
f 1393/1765/1957 1399/1767/1957 1395/1768/1957
f 1398/1763/1958 1393/1765/1958 1395/1768/1958
f 1396/1766/1959 1397/1769/1959 1393/1765/1959
f 1393/1765/1960 1397/1769/1960 1399/1767/1960
f 1397/1770/1961 1401/1771/1961 1399/1772/1961
f 1395/1768/1962 1399/1767/1962 1400/1773/1962
f 1399/1772/1963 1402/1774/1963 1400/1775/1963
f 1399/1772/1964 1401/1771/1964 1402/1774/1964
f 1402/1774/1965 1405/1776/1965 1400/1775/1965
f 1404/1777/1966 1402/1774/1966 1403/1778/1966
f 1401/1771/1967 1403/1778/1967 1402/1774/1967
f 1402/1774/1968 1404/1777/1968 1405/1776/1968
f 1407/1779/1969 1400/1773/1969 1405/1780/1969
f 1404/1777/1970 1406/1781/1970 1405/1776/1970
f 1408/1782/1971 1405/1780/1971 1406/1783/1971
f 1408/1782/1972 1407/1779/1972 1405/1780/1972
f 1410/1784/1973 1408/1782/1973 1406/1783/1973
f 1409/1785/1974 1408/1782/1974 1410/1784/1974
f 1411/1786/1975 1408/1782/1975 1409/1785/1975
f 1411/1786/1976 1407/1779/1976 1408/1782/1976
f 1414/1787/1977 1412/1788/1977 1411/1789/1977
f 1412/1790/1978 1407/1779/1978 1411/1786/1978
f 1413/1791/1979 1411/1789/1979 1409/1792/1979
f 1414/1787/1980 1411/1789/1980 1413/1791/1980
f 1414/1787/1981 1415/1793/1981 1417/1794/1981
f 1413/1791/1982 1415/1793/1982 1414/1787/1982
f 1414/1787/1983 1416/1795/1983 1398/1796/1983
f 1414/1787/1984 1417/1794/1984 1416/1795/1984
f 1414/1787/1985 1398/1796/1985 1412/1788/1985
f 1420/1797/1986 1417/1798/1986 1415/1799/1986
f 1416/1795/1987 1417/1794/1987 1419/1800/1987
f 1420/1797/1988 1418/1801/1988 1417/1798/1988
f 1418/1801/1989 1419/1802/1989 1417/1798/1989
f 1420/1797/1990 1423/1803/1990 1421/1804/1990
f 1421/1804/1991 1422/1805/1991 1420/1797/1991
f 1422/1805/1992 1418/1801/1992 1420/1797/1992
f 1420/1797/1993 1415/1799/1993 1423/1803/1993
f 1421/1804/1994 1423/1803/1994 1424/1806/1994
f 1425/1807/1995 1424/1808/1995 1423/1809/1995
f 1413/1791/1996 1423/1809/1996 1415/1793/1996
f 1425/1807/1997 1423/1809/1997 1413/1791/1997
f 1426/1810/1998 1424/1808/1998 1425/1807/1998
f 1425/1807/1999 1409/1792/2000 1427/1811/2001
f 1413/1791/2002 1409/1792/2000 1425/1807/1999
f 1425/1807/2003 1427/1811/2003 1426/1810/2003
f 1426/1810/2004 1427/1811/2004 1428/1812/2004
f 1427/1813/2005 1429/1814/2005 1428/1815/2005
f 1427/1813/2006 1410/1784/2006 1429/1814/2006
f 1409/1785/2007 1410/1784/2007 1427/1813/2007
f 1431/1816/2008 1429/1814/2008 1430/1817/2008
f 1429/1814/2009 1432/1818/2009 1430/1817/2009
f 1428/1815/2010 1429/1814/2010 1431/1816/2010
f 1429/1814/2011 1410/1784/2012 1432/1818/2013
f 1410/1784/2012 1406/1783/2014 1432/1818/2013
f 1406/1781/2015 1433/1819/2016 1432/1820/2017
f 1432/1820/2017 1433/1819/2016 1434/1821/2018
f 1432/1820/2019 1434/1821/2020 1430/1822/2021
f 1430/1822/2021 1434/1821/2020 1435/1823/2022
f 1433/1819/2023 1436/1824/2023 1434/1821/2023
f 1434/1821/2024 1437/1825/2024 1435/1823/2024
f 1434/1821/2025 1436/1824/2025 1437/1825/2025
f 1440/1826/2026 1438/1827/2027 1437/1825/2028
f 1438/1827/2029 1439/1828/2030 1437/1825/2031
f 1435/1823/2032 1437/1825/2033 1439/1828/2034
f 1440/1826/2026 1437/1825/2028 1436/1824/2035
f 1442/1829/2036 1441/1830/2036 1440/1826/2036
f 1441/1830/2037 1438/1827/2038 1440/1826/2039
f 1443/1831/2040 1403/1778/2040 1440/1826/2040
f 1442/1829/2041 1440/1826/2041 1403/1778/2041
f 1443/1831/2042 1440/1826/2042 1436/1824/2042
f 1444/1832/2043 1404/1777/2043 1443/1831/2043
f 1404/1777/2044 1403/1778/2044 1443/1831/2044
f 1433/1819/2045 1443/1831/2045 1436/1824/2045
f 1444/1832/2046 1443/1831/2046 1433/1819/2046
f 1404/1777/2047 1444/1832/2047 1406/1781/2047
f 1406/1781/2048 1444/1832/2048 1433/1819/2048
f 1446/1833/2049 1445/1834/2049 1442/1829/2049
f 1445/1834/2050 1441/1830/2050 1442/1829/2050
f 1401/1771/2051 1442/1829/2051 1403/1778/2051
f 1446/1833/2052 1442/1829/2052 1401/1771/2052
f 1397/1770/2053 1446/1833/2053 1401/1771/2053
f 1397/1770/2054 1445/1834/2054 1446/1833/2054
f 1397/1770/2055 1447/1835/2056 1445/1834/2057
f 1447/1835/2056 1448/1836/2058 1445/1834/2057
f 1445/1834/2059 1448/1836/2059 1441/1830/2059
f 1447/1835/2060 1449/1837/2061 1448/1836/2062
f 1449/1837/2061 1450/1838/2063 1448/1836/2062
f 1448/1836/2064 1450/1838/2064 1451/1839/2064
f 1448/1836/2065 1451/1839/2065 1441/1830/2065
f 1441/1830/2037 1451/1839/2066 1438/1827/2038
f 1451/1839/2067 1453/1840/2068 1438/1827/2069
f 1451/1839/2067 1452/1841/2070 1453/1840/2068
f 1450/1838/2071 1452/1841/2072 1451/1839/2073
f 1438/1827/2029 1453/1840/2074 1439/1828/2030
f 1453/1840/2075 1454/1842/2075 1455/1843/2075
f 1452/1841/2076 1454/1842/2076 1453/1840/2076
f 1453/1840/2077 1455/1843/2077 1439/1828/2077
f 1457/1844/2078 1455/1843/2078 1456/1845/2078
f 1454/1842/2079 1456/1845/2079 1455/1843/2079
f 1458/1846/2080 1455/1843/2080 1457/1844/2080
f 1458/1846/2081 1439/1828/2081 1455/1843/2081
f 1460/1847/2082 1435/1823/2083 1458/1846/2084
f 1435/1823/2032 1439/1828/2034 1458/1846/2085
f 1459/1848/2086 1458/1846/2086 1457/1844/2086
f 1460/1847/2082 1458/1846/2084 1459/1848/2087
f 1430/1822/2088 1435/1823/2088 1460/1847/2088
f 1431/1816/2089 1430/1817/2089 1460/1849/2089
f 1461/1850/2090 1460/1849/2090 1459/1851/2090
f 1461/1850/2091 1431/1816/2091 1460/1849/2091
f 1462/1852/2092 1461/1850/2093 1459/1851/2094
f 1463/1853/2095 1461/1850/2095 1462/1852/2095
f 1464/1854/2096 1431/1816/2097 1461/1850/2098
f 1464/1854/2096 1461/1850/2098 1463/1853/2099
f 1428/1815/2100 1431/1816/2100 1464/1854/2100
f 1465/1855/2101 1464/1856/2102 1463/1857/2103
f 1466/1858/2104 1464/1856/2104 1465/1855/2104
f 1466/1858/2105 1428/1812/2105 1464/1856/2105
f 1466/1858/2106 1467/1859/2106 1469/1860/2106
f 1466/1858/2107 1468/1861/2107 1467/1859/2107
f 1426/1810/2108 1428/1812/2108 1466/1858/2108
f 1466/1858/2109 1469/1860/2110 1426/1810/2111
f 1466/1858/2112 1465/1855/2112 1468/1861/2112
f 1470/1862/2113 1469/1863/2113 1467/1864/2113
f 1426/1810/2111 1469/1860/2110 1424/1808/2114
f 1471/1865/2115 1424/1806/2115 1469/1863/2115
f 1471/1865/2116 1469/1863/2116 1470/1862/2116
f 1421/1804/2117 1424/1806/2117 1471/1865/2117
f 1471/1865/2118 1470/1862/2118 1472/1866/2118
f 1471/1865/2119 1472/1866/2119 1421/1804/2119
f 1422/1805/2120 1472/1866/2120 1473/1867/2120
f 1470/1862/2121 1473/1867/2121 1472/1866/2121
f 1421/1804/2122 1472/1866/2122 1422/1805/2122
f 1474/1868/2123 1473/1867/2124 1475/1869/2125
f 1422/1805/2126 1473/1867/2126 1474/1868/2126
f 1473/1867/2127 1477/1870/2128 1475/1869/2129
f 1473/1867/2130 1476/1871/2131 1477/1870/2132
f 1470/1862/2133 1476/1871/2131 1473/1867/2130
f 1475/1869/2129 1477/1870/2128 1478/1872/2134
f 1477/1870/2135 1479/1873/2136 1478/1872/2137
f 1476/1871/2138 1468/1874/2138 1477/1870/2138
f 1477/1870/2135 1468/1874/2139 1479/1873/2136
f 1465/1855/2140 1480/1875/2140 1479/1876/2140
f 1480/1875/2141 1481/1877/2142 1479/1876/2143
f 1478/1872/2144 1479/1873/2144 1481/1878/2144
f 1465/1855/2145 1479/1876/2145 1468/1861/2145
f 1484/1879/2146 1481/1878/2146 1482/1880/2146
f 1483/1881/2147 1482/1882/2147 1481/1877/2147
f 1480/1875/2141 1483/1881/2148 1481/1877/2142
f 1478/1872/2149 1481/1878/2149 1484/1879/2149
f 1486/1883/2150 1484/1879/2150 1485/1884/2150
f 1484/1879/2151 1482/1880/2151 1485/1884/2151
f 1487/1885/2152 1478/1872/2152 1484/1879/2152
f 1487/1885/2153 1484/1879/2153 1486/1883/2153
f 1475/1869/2129 1478/1872/2134 1487/1885/2154
f 1488/1886/2155 1487/1885/2155 1486/1883/2155
f 1489/1887/2156 1475/1869/2157 1487/1885/2158
f 1489/1887/2156 1487/1885/2158 1488/1886/2159
f 1488/1886/2160 1490/1888/2161 1489/1887/2162
f 1489/1887/2163 1490/1888/2164 1491/1889/2165
f 1474/1868/2123 1475/1869/2125 1489/1887/2166
f 1489/1887/2163 1491/1889/2165 1474/1868/2167
f 1474/1868/2168 1491/1889/2168 1493/1890/2168
f 1491/1889/2169 1492/1891/2169 1494/1892/2169
f 1490/1888/2170 1492/1891/2170 1491/1889/2170
f 1491/1889/2171 1494/1892/2171 1493/1890/2171
f 1496/1893/2172 1494/1892/2172 1495/1894/2172
f 1494/1892/2173 1497/1895/2173 1495/1894/2173
f 1494/1892/2174 1492/1891/2174 1497/1895/2174
f 1493/1890/2175 1494/1892/2175 1496/1893/2175
f 1500/1896/2176 1495/1897/2176 1497/1898/2176
f 1498/1899/2177 1497/1898/2177 1499/1900/2177
f 1500/1896/2178 1497/1898/2178 1498/1899/2178
f 1492/1891/2179 1499/1901/2179 1497/1895/2179
f 1500/1896/2180 1419/1800/2180 1495/1897/2180
f 1502/1902/2181 1500/1896/2181 1501/1903/2181
f 1500/1896/2182 1503/1904/2182 1501/1903/2182
f 1500/1896/2183 1498/1899/2183 1503/1904/2183
f 1500/1896/2184 1502/1902/2185 1419/1800/2186
f 1503/1905/2187 1504/1906/2187 1506/1907/2187
f 1498/1899/2188 1504/1908/2188 1503/1904/2188
f 1501/1909/2189 1503/1905/2189 1505/1910/2189
f 1503/1905/2190 1506/1907/2190 1505/1910/2190
f 1504/1906/2191 1507/1911/2192 1506/1907/2193
f 1506/1907/2194 1449/1912/2194 1505/1910/2194
f 1507/1911/2195 1508/1913/2195 1506/1907/2195
f 1506/1907/2196 1508/1913/2196 1449/1912/2196
f 1507/1911/2197 1509/1914/2197 1508/1913/2197
f 1508/1915/2198 1509/1916/2199 1510/1917/2200
f 1449/1837/2201 1508/1915/2201 1450/1838/2201
f 1508/1915/2198 1510/1917/2200 1450/1838/2202
f 1450/1838/2071 1510/1917/2203 1452/1841/2072
f 1510/1917/2204 1512/1918/2204 1452/1841/2204
f 1510/1917/2205 1511/1919/2205 1512/1918/2205
f 1509/1916/2206 1511/1919/2206 1510/1917/2206
f 1452/1841/2207 1512/1918/2207 1454/1842/2207
f 1512/1918/2208 1513/1920/2208 1514/1921/2208
f 1511/1919/2209 1513/1920/2209 1512/1918/2209
f 1512/1918/2210 1514/1921/2210 1454/1842/2210
f 1513/1920/2211 1515/1922/2212 1514/1921/2213
f 1454/1842/2214 1514/1921/2214 1456/1845/2214
f 1514/1921/2213 1515/1922/2212 1516/1923/2215
f 1514/1921/2213 1516/1923/2215 1456/1845/2216
f 1519/1924/2217 1456/1845/2217 1516/1923/2217
f 1518/1925/2218 1516/1923/2218 1517/1926/2218
f 1516/1923/2219 1520/1927/2219 1517/1926/2219
f 1519/1924/2220 1516/1923/2220 1518/1925/2220
f 1516/1923/2221 1515/1922/2221 1520/1927/2221
f 1517/1926/2222 1520/1927/2222 1521/1928/2222
f 1523/1929/2223 1520/1927/2223 1515/1922/2223
f 1521/1928/2224 1520/1927/2224 1522/1930/2224
f 1523/1929/2225 1522/1930/2225 1520/1927/2225
f 1513/1920/2211 1523/1929/2226 1515/1922/2212
f 1525/1931/2227 1523/1929/2227 1513/1920/2227
f 1524/1932/2228 1522/1930/2228 1523/1929/2228
f 1525/1931/2229 1524/1932/2229 1523/1929/2229
f 1527/1933/2230 1526/1934/2230 1525/1931/2230
f 1526/1934/2231 1524/1932/2231 1525/1931/2231
f 1511/1919/2232 1525/1931/2232 1513/1920/2232
f 1527/1933/2233 1525/1931/2233 1511/1919/2233
f 1528/1935/2234 1527/1936/2235 1509/1914/2236
f 1509/1916/2237 1527/1933/2237 1511/1919/2237
f 1529/1937/2238 1527/1936/2238 1528/1935/2238
f 1529/1937/2239 1526/1938/2239 1527/1936/2239
f 1531/1939/2240 1526/1938/2240 1529/1937/2240
f 1532/1940/2241 1530/1941/2242 1529/1937/2243
f 1530/1941/2244 1531/1939/2244 1529/1937/2244
f 1532/1940/2241 1529/1937/2243 1528/1935/2245
f 1533/1942/2246 1530/1943/2247 1532/1944/2248
f 1535/1945/2249 1533/1942/2249 1532/1944/2249
f 1534/1946/2250 1532/1940/2250 1528/1935/2250
f 1535/1945/2251 1532/1944/2251 1534/1947/2251
f 1535/1945/2252 1536/1948/2253 1538/1949/2254
f 1537/1950/2255 1536/1948/2255 1535/1945/2255
f 1537/1950/2256 1535/1945/2257 1534/1947/2258
f 1535/1945/2252 1538/1949/2254 1533/1942/2259
f 1541/1951/2260 1538/1952/2260 1536/1953/2260
f 1533/1942/2261 1538/1949/2261 1540/1954/2261
f 1541/1951/2262 1539/1955/2262 1538/1952/2262
f 1539/1955/2263 1540/1956/2263 1538/1952/2263
f 1543/1957/2264 1541/1951/2265 1536/1953/2266
f 1544/1958/2267 1539/1955/2267 1541/1951/2267
f 1542/1959/2268 1541/1951/2269 1543/1957/2270
f 1544/1958/2271 1541/1951/2271 1542/1959/2271
f 1546/1960/2272 1539/1955/2272 1544/1958/2272
f 1545/1961/2273 1544/1958/2273 1542/1959/2273
f 1547/1962/2274 1544/1958/2274 1545/1961/2274
f 1547/1962/2275 1546/1960/2275 1544/1958/2275
f 1547/1962/2276 1550/1963/2277 1548/1964/2278
f 1548/1964/2278 1546/1960/2279 1547/1962/2276
f 1545/1961/2280 1549/1965/2280 1547/1962/2280
f 1547/1962/2276 1549/1965/2281 1550/1963/2277
f 1548/1964/2282 1550/1963/2282 1552/1966/2282
f 1549/1965/2283 1551/1967/2283 1550/1963/2283
f 1550/1963/2284 1551/1967/2284 1553/1968/2284
f 1550/1963/2285 1553/1968/2285 1552/1966/2285
f 1554/1969/2286 1552/1966/2286 1553/1968/2286
f 1551/1967/2287 1554/1969/2287 1553/1968/2287
f 1551/1967/2288 1555/1970/2288 1554/1969/2288
f 1558/1971/2289 1554/1972/2289 1555/1973/2289
f 1558/1971/2290 1556/1974/2290 1554/1972/2290
f 1559/1975/2291 1554/1972/2291 1556/1974/2291
f 1554/1969/2292 1557/1976/2292 1552/1966/2292
f 1559/1975/2293 1557/1977/2293 1554/1972/2293
f 1561/1978/2294 1557/1977/2295 1559/1975/2296
f 1562/1979/2297 1559/1975/2298 1556/1974/2299
f 1562/1979/2297 1560/1980/2300 1559/1975/2298
f 1560/1980/2301 1561/1978/2301 1559/1975/2301
f 1564/1981/2302 1560/1982/2303 1562/1983/2304
f 1558/1971/2305 1563/1984/2306 1562/1979/2307
f 1563/1985/2308 1564/1981/2309 1562/1983/2310
f 1558/1971/2305 1562/1979/2307 1556/1974/2311
f 1566/1986/2312 1564/1981/2312 1565/1987/2312
f 1564/1981/2313 1568/1988/2313 1565/1987/2313
f 1564/1981/2302 1566/1986/2314 1560/1982/2303
f 1563/1985/2308 1567/1989/2315 1564/1981/2309
f 1564/1981/2316 1567/1989/2316 1568/1988/2316
f 1567/1989/2317 1569/1990/2317 1568/1988/2317
f 1569/1991/2318 1518/1925/2318 1568/1992/2318
f 1568/1992/2319 1518/1925/2319 1570/1993/2319
f 1568/1992/2320 1570/1993/2320 1565/1994/2320
f 1570/1993/2321 1571/1995/2321 1565/1994/2321
f 1518/1925/2322 1517/1926/2322 1570/1993/2322
f 1570/1993/2323 1517/1926/2323 1571/1995/2323
f 1566/1986/2324 1565/1987/2324 1571/1996/2324
f 1517/1926/2325 1521/1928/2325 1571/1995/2325
f 1572/1997/2326 1566/1986/2327 1571/1996/2328
f 1572/1997/2326 1571/1996/2328 1521/1998/2329
f 1566/1986/2330 1572/1997/2330 1573/1999/2330
f 1573/1999/2331 1572/1997/2331 1574/2000/2331
f 1572/1997/2332 1575/2001/2333 1574/2000/2334
f 1572/1997/2332 1521/1998/2335 1575/2001/2333
f 1575/2002/2336 1522/1930/2336 1577/2003/2336
f 1521/1928/2337 1522/1930/2337 1575/2002/2337
f 1574/2000/2338 1575/2001/2338 1576/2004/2338
f 1575/2002/2339 1577/2003/2339 1576/2005/2339
f 1524/1932/2340 1577/2003/2340 1522/1930/2340
f 1576/2005/2341 1577/2003/2341 1524/1932/2341
f 1578/2006/2342 1576/2004/2342 1579/2007/2342
f 1574/2000/2343 1576/2004/2343 1578/2006/2343
f 1576/2005/2344 1524/1932/2344 1579/2008/2344
f 1526/1934/2345 1579/2008/2345 1524/1932/2345
f 1531/1939/2346 1579/2007/2346 1526/1938/2346
f 1578/2006/2347 1579/2007/2347 1531/1939/2347
f 1580/2009/2348 1578/2006/2349 1531/1939/2350
f 1581/2010/2351 1574/2000/2352 1578/2006/2353
f 1581/2010/2351 1578/2006/2353 1580/2009/2354
f 1582/2011/2355 1581/2012/2356 1580/2013/2357
f 1561/1978/2358 1573/2014/2358 1581/2012/2358
f 1573/1999/2359 1574/2000/2359 1581/2010/2359
f 1561/1978/2360 1581/2012/2360 1582/2011/2360
f 1582/2011/2361 1583/2015/2361 1585/2016/2361
f 1582/2011/2355 1580/2013/2357 1583/2015/2362
f 1561/1978/2363 1582/2011/2364 1584/2017/2365
f 1582/2011/2366 1585/2016/2366 1584/2017/2366
f 1583/2015/2367 1586/2018/2367 1585/2016/2367
f 1587/2019/2368 1585/2020/2368 1586/2021/2368
f 1588/2022/2369 1584/2023/2369 1585/2020/2369
f 1588/2022/2370 1585/2020/2370 1587/2019/2370
f 1589/2024/2371 1588/2022/2371 1587/2019/2371
f 1548/1964/2372 1588/2022/2372 1589/2024/2372
f 1590/2025/2373 1584/2023/2373 1588/2022/2373
f 1548/1964/2374 1590/2025/2374 1588/2022/2374
f 1548/1964/2375 1552/1966/2375 1590/2025/2375
f 1557/1976/2376 1590/2025/2376 1552/1966/2376
f 1557/1976/2377 1591/2026/2377 1590/2025/2377
f 1590/2025/2378 1591/2026/2378 1584/2023/2378
f 1561/1978/2294 1591/2027/2379 1557/1977/2295
f 1561/1978/2363 1584/2017/2365 1591/2027/2380
f 1548/1964/2278 1589/2024/2381 1546/1960/2279
f 1589/2024/2382 1593/2028/2382 1546/1960/2382
f 1589/2024/2383 1592/2029/2383 1593/2028/2383
f 1589/2024/2384 1587/2019/2384 1592/2029/2384
f 1539/1955/2385 1593/2028/2385 1540/1956/2385
f 1593/2028/2386 1586/2021/2386 1540/1956/2386
f 1546/1960/2387 1593/2028/2387 1539/1955/2387
f 1593/2028/2388 1592/2029/2388 1586/2021/2388
f 1587/2019/2389 1586/2021/2389 1592/2029/2389
f 1595/2030/2390 1540/1954/2390 1586/2018/2390
f 1583/2015/2391 1594/2031/2391 1586/2018/2391
f 1595/2030/2392 1586/2018/2392 1594/2031/2392
f 1533/1942/2393 1540/1954/2393 1595/2030/2393
f 1533/1942/2246 1595/2030/2394 1530/1943/2247
f 1595/2030/2395 1594/2031/2396 1596/2032/2397
f 1595/2030/2395 1596/2032/2397 1530/1943/2398
f 1583/2015/2399 1580/2013/2400 1596/2032/2401
f 1580/2009/2348 1531/1939/2350 1596/2033/2402
f 1530/1941/2403 1596/2033/2403 1531/1939/2403
f 1583/2015/2399 1596/2032/2401 1594/2031/2404
f 1560/1980/2405 1573/2014/2405 1561/1978/2405
f 1566/1986/2406 1573/1999/2406 1560/1982/2406
f 1569/1991/2407 1519/1924/2407 1518/1925/2407
f 1598/2034/2408 1519/1924/2408 1569/1991/2408
f 1567/1989/2409 1597/2035/2409 1569/1990/2409
f 1597/2035/2410 1598/2036/2410 1569/1990/2410
f 1462/1852/2092 1459/1851/2094 1598/2036/2411
f 1459/1848/2412 1457/1844/2412 1598/2034/2412
f 1597/2035/2413 1462/1852/2413 1598/2036/2413
f 1598/2034/2414 1457/1844/2414 1519/1924/2414
f 1599/2037/2415 1597/2035/2415 1567/1989/2415
f 1600/2038/2416 1597/2035/2417 1599/2037/2418
f 1600/2038/2416 1462/1852/2419 1597/2035/2417
f 1483/1881/2420 1600/2039/2421 1599/2040/2422
f 1463/1853/2423 1462/1852/2423 1600/2038/2423
f 1480/1875/2424 1463/1857/2424 1600/2039/2424
f 1480/1875/2425 1600/2039/2425 1483/1881/2425
f 1601/2041/2426 1599/2040/2427 1563/1984/2428
f 1599/2037/2429 1567/1989/2429 1563/1985/2429
f 1483/1881/2420 1599/2040/2422 1601/2041/2430
f 1483/1881/2431 1601/2041/2431 1482/1882/2431
f 1601/2041/2432 1555/1973/2432 1482/1882/2432
f 1601/2041/2433 1558/1971/2433 1555/1973/2433
f 1601/2041/2426 1563/1984/2428 1558/1971/2434
f 1485/1884/2435 1482/1880/2435 1555/1970/2435
f 1485/1884/2436 1555/1970/2436 1551/1967/2436
f 1549/1965/2437 1485/1884/2437 1551/1967/2437
f 1545/1961/2438 1486/1883/2438 1549/1965/2438
f 1486/1883/2439 1485/1884/2439 1549/1965/2439
f 1545/1961/2440 1542/1959/2440 1488/1886/2440
f 1488/1886/2441 1486/1883/2441 1545/1961/2441
f 1492/1891/2442 1543/1957/2442 1499/1901/2442
f 1543/1957/2264 1536/1953/2266 1499/1901/2443
f 1490/1888/2444 1543/1957/2444 1492/1891/2444
f 1542/1959/2268 1543/1957/2270 1490/1888/2445
f 1488/1886/2160 1542/1959/2446 1490/1888/2161
f 1537/1950/2447 1499/1900/2447 1536/1948/2447
f 1498/1899/2448 1499/1900/2448 1537/1950/2448
f 1498/1899/2449 1537/1950/2449 1504/1908/2449
f 1537/1950/2256 1534/1947/2258 1504/1908/2450
f 1504/1906/2191 1534/1946/2451 1507/1911/2192
f 1534/1946/2452 1528/1935/2452 1507/1911/2452
f 1528/1935/2234 1509/1914/2236 1507/1911/2453
f 1457/1844/2454 1456/1845/2454 1519/1924/2454
f 1501/1909/2455 1505/1910/2455 1396/1766/2455
f 1505/1910/2456 1447/2042/2457 1396/1766/2458
f 1505/1910/2459 1449/1912/2459 1447/2042/2459
f 1416/1795/2460 1419/1800/2186 1502/1902/2185
f 1416/1795/2461 1502/1902/2462 1394/2043/2463
f 1502/1902/2462 1501/1903/2464 1394/2043/2463
f 1394/1764/2465 1501/1909/2465 1396/1766/2465
f 1418/1801/2466 1496/1893/2466 1419/1802/2466
f 1496/1893/2467 1495/1894/2467 1419/1802/2467
f 1493/1890/2468 1496/1893/2468 1418/1801/2468
f 1422/1805/2469 1493/1890/2469 1418/1801/2469
f 1474/1868/2470 1493/1890/2470 1422/1805/2470
f 1465/1855/2101 1463/1857/2103 1480/1875/2471
f 1470/1862/2472 1467/1864/2472 1476/1871/2472
f 1476/1871/2473 1467/1864/2473 1468/1874/2473
f 1396/1766/2458 1447/2042/2457 1397/1769/2474
f 1416/1795/2475 1394/2043/2475 1398/1796/2475
f 1412/1790/2476 1398/1763/2476 1395/1768/2476
f 1412/1790/2477 1602/2044/2477 1407/1779/2477
f 1412/1790/2478 1395/1768/2478 1602/2044/2478
f 1407/1779/2479 1602/2044/2479 1400/1773/2479
f 1395/1768/2480 1400/1773/2480 1602/2044/2480
f 1603/2045/2481 1607/2046/2481 1604/2047/2482
f 1604/2047/2483 1605/2048/2483 1603/2045/2484
f 1608/2049/2485 1603/2045/2485 1605/2048/2485
f 1608/2049/2486 1606/2050/2486 1603/2045/2486
f 1603/2045/2481 1606/2050/2487 1607/2046/2481
f 1608/2049/2488 1611/2051/2488 1606/2050/2488
f 1612/2052/2489 1609/2053/2490 1608/2049/2491
f 1613/2054/2492 1608/2049/2492 1609/2053/2492
f 1613/2054/2493 1610/2055/2493 1608/2049/2493
f 1608/2049/2494 1610/2055/2495 1611/2051/2494
f 1612/2052/2489 1608/2049/2491 1605/2048/2496
f 1616/2056/2497 1613/2054/2497 1609/2053/2497
f 1616/2056/2498 1614/2057/2498 1613/2054/2498
f 1614/2057/2499 1615/2058/2499 1613/2054/2499
f 1615/2058/2500 1610/2055/2500 1613/2054/2500
f 1616/2056/2501 1609/2053/2502 1612/2052/2503
f 1619/2059/2485 1616/2056/2485 1617/2060/2485
f 1616/2056/2501 1612/2052/2503 1617/2060/2504
f 1620/2061/2505 1614/2057/2505 1616/2056/2506
f 1619/2059/2507 1618/2062/2507 1616/2056/2507
f 1620/2061/2508 1616/2056/2508 1618/2062/2508
f 1621/2063/2509 1620/2061/2510 1618/2062/2511
f 1621/2063/2512 1622/2064/2513 1620/2061/2513
f 1620/2061/2505 1623/2065/2514 1614/2057/2505
f 1620/2061/2515 1622/2064/2515 1623/2065/2515
f 1614/2057/2516 1623/2065/2516 1615/2058/2516
f 1623/2065/2517 1624/2066/2517 1625/2067/2517
f 1622/2064/2518 1624/2066/2518 1623/2065/2518
f 1623/2065/2519 1625/2067/2519 1615/2058/2519
f 1625/2067/2520 1628/2068/2520 1615/2058/2520
f 1625/2067/2521 1626/2069/2521 1628/2068/2521
f 1625/2067/2522 1629/2070/2523 1626/2069/2524
f 1625/2067/2522 1627/2071/2525 1629/2070/2523
f 1624/2066/2526 1627/2071/2527 1625/2067/2528
f 1629/2070/2529 1632/2072/2529 1626/2069/2529
f 1629/2070/2530 1630/2073/2530 1633/2074/2530
f 1627/2071/2525 1630/2073/2531 1629/2070/2523
f 1629/2070/2532 1631/2075/2532 1632/2072/2532
f 1629/2070/2533 1633/2074/2533 1631/2075/2533
f 1633/2074/2534 1634/2076/2535 1636/2077/2536
f 1633/2074/2537 1637/2078/2538 1634/2076/2539
f 1638/2079/2530 1633/2074/2530 1630/2073/2530
f 1638/2079/2540 1635/2080/2540 1633/2074/2540
f 1633/2074/2537 1635/2080/2541 1637/2078/2538
f 1633/2074/2534 1636/2077/2536 1631/2075/2542
f 1642/2081/2543 1639/2082/2544 1638/2079/2545
f 1641/2083/2544 1638/2079/2545 1639/2082/2544
f 1638/2079/2546 1640/2084/2546 1643/2085/2547
f 1641/2083/2548 1640/2084/2548 1638/2079/2548
f 1638/2079/2549 1643/2085/2549 1635/2080/2549
f 1642/2081/2543 1638/2079/2545 1630/2073/2531
f 1643/2085/2550 1644/2086/2551 1637/2078/2552
f 1643/2085/2553 1646/2087/2554 1644/2086/2555
f 1647/2088/2556 1643/2085/2547 1640/2084/2546
f 1647/2088/2557 1645/2089/2557 1643/2085/2557
f 1643/2085/2553 1645/2089/2553 1646/2087/2554
f 1643/2085/2550 1637/2078/2552 1635/2080/2558
f 1649/2090/2559 1647/2088/2559 1640/2084/2559
f 1647/2088/2560 1648/2091/2561 1650/2092/2562
f 1649/2090/2563 1648/2091/2564 1647/2088/2565
f 1647/2088/2560 1650/2092/2562 1645/2089/2566
f 1645/2089/2567 1650/2092/2567 1651/2093/2568
f 1652/2094/2569 1651/2093/2570 1650/2092/2571
f 1648/2091/2572 1652/2094/2572 1650/2092/2572
f 1652/2094/2569 1653/2095/2570 1651/2093/2570
f 1652/2094/2573 1656/2096/2573 1653/2095/2573
f 1648/2091/2574 1654/2097/2574 1652/2094/2574
f 1657/2098/2575 1652/2094/2575 1654/2097/2575
f 1657/2098/2576 1655/2099/2576 1652/2094/2576
f 1652/2094/2573 1655/2099/2577 1656/2096/2573
f 1660/2100/2578 1658/2101/2579 1657/2098/2580
f 1658/2101/2579 1659/2102/2581 1657/2098/2580
f 1660/2100/2582 1657/2098/2582 1654/2097/2582
f 1659/2102/2583 1655/2099/2584 1657/2098/2585
f 1663/2103/2586 1661/2104/2586 1660/2100/2586
f 1664/2105/2587 1660/2100/2587 1661/2104/2587
f 1664/2105/2588 1658/2101/2589 1660/2100/2590
f 1660/2100/2591 1654/2097/2591 1648/2091/2591
f 1660/2100/2592 1648/2091/2564 1662/2106/2593
f 1663/2103/2594 1660/2100/2595 1662/2106/2596
f 1667/2107/2597 1664/2105/2598 1661/2104/2599
f 1664/2105/2588 1665/2108/2600 1668/2109/2601
f 1666/2110/2602 1665/2108/2603 1664/2105/2604
f 1667/2107/2605 1666/2110/2605 1664/2105/2605
f 1664/2105/2588 1668/2109/2601 1658/2101/2589
f 1658/2101/2579 1668/2109/2606 1659/2102/2581
f 1668/2109/2607 1670/2111/2607 1659/2102/2607
f 1671/2112/2608 1669/2113/2608 1668/2109/2608
f 1668/2109/2609 1669/2113/2609 1670/2111/2609
f 1671/2112/2610 1668/2109/2610 1665/2108/2610
f 1672/2114/2611 1669/2113/2611 1671/2112/2611
f 1673/2115/2612 1672/2114/2613 1671/2112/2614
f 1673/2115/2612 1671/2112/2614 1665/2108/2615
f 1674/2116/2616 1673/2115/2617 1675/2117/2618
f 1674/2116/2619 1676/2118/2620 1673/2115/2621
f 1673/2115/2622 1665/2108/2622 1675/2117/2622
f 1673/2115/2623 1676/2118/2623 1672/2114/2623
f 1674/2116/2619 1677/2119/2619 1676/2118/2620
f 1679/2120/2624 1676/2118/2625 1677/2119/2626
f 1678/2121/2627 1672/2114/2627 1676/2118/2627
f 1679/2120/2624 1678/2121/2628 1676/2118/2625
f 1682/2122/2629 1680/2123/2630 1679/2124/2631
f 1680/2125/2630 1678/2121/2629 1679/2120/2631
f 1681/2126/2632 1679/2124/2624 1677/2127/2626
f 1682/2122/2629 1679/2124/2631 1681/2126/2633
f 1684/2128/2634 1680/2123/2635 1682/2122/2636
f 1685/2129/2637 1683/2130/2638 1682/2122/2639
f 1683/2130/2640 1684/2128/2640 1682/2122/2640
f 1685/2129/2641 1682/2122/2641 1681/2126/2641
f 1687/2131/2642 1685/2129/2643 1686/2132/2644
f 1685/2129/2645 1688/2133/2645 1686/2132/2645
f 1685/2129/2646 1681/2126/2646 1688/2133/2646
f 1687/2131/2647 1683/2130/2638 1685/2129/2637
f 1689/2134/2648 1688/2133/2649 1677/2127/2619
f 1681/2126/2632 1677/2127/2626 1688/2133/2628
f 1686/2132/2650 1688/2133/2650 1689/2134/2650
f 1689/2134/2651 1674/2135/2616 1692/2136/2651
f 1689/2134/2648 1677/2127/2619 1674/2135/2619
f 1693/2137/2652 1690/2138/2653 1689/2134/2654
f 1686/2132/2655 1689/2134/2654 1690/2138/2653
f 1693/2137/2656 1689/2134/2656 1691/2139/2656
f 1689/2134/2651 1692/2136/2651 1691/2139/2657
f 1695/2140/2658 1693/2137/2659 1694/2141/2660
f 1693/2137/2661 1696/2142/2662 1694/2141/2663
f 1695/2140/2664 1690/2138/2664 1693/2137/2664
f 1693/2137/2661 1691/2139/2665 1696/2142/2662
f 1698/2143/2666 1696/2142/2667 1697/2144/2666
f 1691/2139/2668 1697/2144/2669 1696/2142/2670
f 1694/2141/2671 1696/2142/2671 1698/2143/2671
f 1698/2143/2672 1699/2145/2673 1702/2146/2673
f 1698/2143/2666 1697/2144/2666 1699/2145/2674
f 1700/2147/2675 1698/2143/2676 1701/2148/2677
f 1694/2141/2678 1698/2143/2676 1700/2147/2675
f 1698/2143/2672 1702/2146/2673 1701/2148/2673
f 1699/2149/2673 1703/2150/2673 1702/2151/2673
f 1704/2152/2679 1702/2151/2680 1703/2150/2681
f 1705/2153/2682 1701/2148/2683 1702/2146/2680
f 1705/2153/2682 1702/2146/2680 1704/2154/2679
f 1707/2155/2684 1705/2153/2685 1704/2154/2686
f 1706/2156/2687 1705/2153/2687 1707/2155/2687
f 1708/2157/2688 1705/2153/2689 1706/2156/2690
f 1708/2157/2688 1701/2148/2691 1705/2153/2689
f 1709/2158/2692 1708/2157/2693 1706/2156/2694
f 1710/2159/2695 1700/2147/2695 1708/2157/2695
f 1700/2147/2696 1701/2148/2691 1708/2157/2688
f 1710/2159/2697 1708/2157/2693 1709/2158/2692
f 1710/2159/2698 1694/2141/2698 1700/2147/2698
f 1713/2160/2699 1711/2161/2700 1710/2159/2701
f 1710/2159/2702 1711/2161/2703 1694/2141/2660
f 1714/2162/2704 1712/2163/2704 1710/2159/2704
f 1713/2160/2705 1710/2159/2705 1712/2163/2705
f 1714/2162/2706 1710/2159/2707 1709/2158/2708
f 1716/2164/2709 1714/2162/2710 1715/2165/2711
f 1714/2162/2706 1717/2166/2712 1715/2165/2713
f 1718/2167/2714 1712/2163/2714 1714/2162/2714
f 1714/2162/2706 1709/2158/2708 1717/2166/2712
f 1718/2167/2715 1714/2162/2715 1716/2164/2715
f 1653/2168/2570 1718/2167/2716 1716/2164/2717
f 1653/2168/2573 1719/2169/2573 1718/2167/2718
f 1718/2167/2719 1713/2160/2719 1712/2163/2719
f 1718/2167/2720 1719/2169/2720 1713/2160/2720
f 1653/2168/2573 1656/2170/2573 1719/2169/2573
f 1721/2171/2721 1719/2169/2722 1656/2170/2723
f 1719/2169/2724 1722/2172/2725 1713/2160/2726
f 1719/2169/2724 1720/2173/2727 1722/2172/2725
f 1721/2171/2721 1720/2173/2722 1719/2169/2722
f 1722/2172/2728 1711/2161/2700 1713/2160/2699
f 1724/2174/2729 1723/2175/2730 1722/2172/2731
f 1723/2175/2732 1695/2140/2732 1722/2172/2732
f 1722/2172/2728 1695/2140/2733 1711/2161/2700
f 1724/2174/2734 1722/2172/2734 1720/2173/2734
f 1725/2176/2735 1724/2174/2736 1720/2173/2737
f 1725/2176/2738 1726/2177/2738 1724/2174/2739
f 1724/2174/2729 1727/2178/2740 1723/2175/2730
f 1724/2174/2741 1726/2177/2741 1727/2178/2741
f 1727/2178/2742 1730/2179/2742 1723/2175/2742
f 1728/2180/2743 1729/2181/2744 1727/2178/2745
f 1726/2177/2746 1728/2180/2747 1727/2178/2748
f 1727/2178/2745 1729/2181/2744 1730/2179/2749
f 1723/2175/2750 1730/2179/2750 1695/2140/2750
f 1730/2179/2751 1729/2181/2752 1686/2132/2644
f 1695/2140/2753 1730/2179/2753 1690/2138/2753
f 1730/2179/2754 1686/2132/2754 1690/2138/2754
f 1687/2131/2642 1686/2132/2644 1729/2181/2752
f 1728/2180/2743 1687/2131/2755 1729/2181/2744
f 1733/2182/2756 1731/2183/2756 1728/2180/2756
f 1731/2183/2757 1687/2131/2755 1728/2180/2743
f 1726/2177/2746 1732/2184/2758 1728/2180/2747
f 1733/2182/2759 1728/2180/2759 1732/2184/2759
f 1734/2185/2760 1733/2182/2761 1732/2184/2761
f 1736/2186/2762 1733/2182/2763 1734/2185/2764
f 1735/2187/2765 1731/2183/2765 1733/2182/2765
f 1736/2186/2762 1735/2187/2766 1733/2182/2763
f 1737/2188/2767 1736/2189/2762 1734/2190/2764
f 1736/2186/2768 1739/2191/2769 1735/2187/2770
f 1737/2188/2771 1738/2192/2770 1736/2189/2768
f 1736/2186/2768 1738/2193/2770 1739/2191/2769
f 1742/2194/2772 1739/2191/2773 1738/2193/2774
f 1735/2187/2775 1739/2191/2775 1740/2195/2775
f 1739/2191/2776 1743/2196/2777 1740/2195/2778
f 1739/2191/2776 1741/2197/2779 1743/2196/2777
f 1742/2194/2772 1741/2197/2780 1739/2191/2773
f 1743/2196/2781 1746/2198/2782 1740/2195/2783
f 1741/2197/2784 1744/2199/2785 1743/2196/2784
f 1744/2199/2786 1745/2200/2786 1743/2196/2786
f 1743/2196/2781 1745/2200/2787 1746/2198/2782
f 1740/2195/2783 1746/2198/2782 1747/2201/2788
f 1746/2198/2789 1745/2200/2790 1749/2202/2791
f 1747/2201/2792 1746/2198/2789 1748/2203/2793
f 1746/2198/2789 1749/2202/2791 1748/2203/2793
f 1748/2203/2794 1749/2202/2794 1751/2204/2794
f 1750/2205/2795 1751/2204/2795 1749/2202/2795
f 1745/2200/2796 1750/2205/2796 1749/2202/2796
f 1751/2204/2797 1752/2206/2798 1756/2207/2799
f 1751/2204/2800 1755/2208/2801 1752/2206/2802
f 1748/2203/2803 1751/2204/2803 1753/2209/2803
f 1751/2204/2797 1756/2207/2799 1753/2209/2804
f 1750/2205/2805 1754/2210/2805 1751/2204/2805
f 1751/2204/2800 1754/2210/2806 1755/2208/2801
f 1752/2211/2798 1757/2212/2807 1756/2213/2799
f 1758/2214/2808 1756/2213/2809 1757/2212/2810
f 1684/2128/2811 1753/2209/2812 1756/2207/2809
f 1684/2128/2811 1756/2207/2809 1758/2215/2808
f 1758/2214/2813 1759/2216/2636 1760/2217/2814
f 1758/2214/2808 1757/2212/2810 1759/2216/2815
f 1684/2128/2634 1758/2215/2813 1680/2123/2635
f 1758/2214/2813 1760/2217/2814 1680/2125/2635
f 1680/2125/2630 1760/2217/2816 1678/2121/2629
f 1760/2217/2817 1761/2218/2818 1762/2219/2819
f 1759/2216/2820 1761/2218/2820 1760/2217/2820
f 1760/2217/2821 1762/2219/2821 1678/2121/2821
f 1672/2114/2822 1762/2219/2819 1763/2220/2823
f 1678/2121/2824 1762/2219/2824 1672/2114/2824
f 1761/2218/2818 1763/2220/2823 1762/2219/2819
f 1763/2220/2825 1764/2221/2825 1767/2222/2825
f 1761/2218/2826 1764/2221/2826 1763/2220/2826
f 1766/2223/2827 1763/2220/2828 1765/2224/2829
f 1763/2220/2828 1767/2222/2830 1765/2224/2829
f 1672/2114/2831 1763/2220/2831 1766/2223/2832
f 1764/2221/2833 1768/2225/2833 1767/2222/2833
f 1765/2224/2834 1767/2222/2834 1769/2226/2834
f 1767/2222/2835 1768/2225/2836 1737/2188/2837
f 1767/2222/2838 1737/2188/2838 1769/2226/2838
f 1769/2226/2839 1734/2190/2760 1771/2227/2761
f 1737/2188/2767 1734/2190/2764 1769/2226/2840
f 1765/2224/2841 1769/2226/2841 1770/2228/2841
f 1769/2226/2839 1771/2227/2761 1770/2228/2842
f 1770/2228/2843 1771/2227/2844 1772/2229/2843
f 1771/2230/2844 1726/2177/2845 1772/2231/2843
f 1771/2230/2844 1732/2184/2843 1726/2177/2845
f 1734/2185/2760 1732/2184/2761 1771/2230/2761
f 1725/2176/2738 1772/2231/2846 1726/2177/2738
f 1774/2232/2738 1772/2229/2846 1725/2233/2738
f 1774/2232/2738 1773/2234/2847 1772/2229/2846
f 1770/2228/2843 1772/2229/2843 1773/2234/2843
f 1774/2232/2848 1725/2233/2735 1721/2235/2848
f 1659/2102/2849 1670/2111/2850 1774/2232/2851
f 1776/2236/2852 1774/2232/2851 1670/2111/2850
f 1776/2236/2853 1773/2234/2853 1774/2232/2853
f 1659/2102/2854 1774/2232/2854 1775/2237/2854
f 1774/2232/2848 1721/2235/2848 1775/2237/2855
f 1669/2113/2856 1776/2236/2856 1670/2111/2856
f 1766/2223/2827 1765/2224/2829 1776/2236/2857
f 1765/2224/2858 1773/2234/2859 1776/2236/2860
f 1669/2113/2861 1766/2223/2827 1776/2236/2857
f 1775/2237/2862 1721/2235/2721 1656/2096/2723
f 1659/2102/2583 1775/2237/2863 1655/2099/2584
f 1775/2237/2862 1656/2096/2723 1655/2099/2864
f 1765/2224/2858 1770/2228/2865 1773/2234/2859
f 1777/2238/2866 1737/2188/2837 1768/2225/2836
f 1778/2239/2867 1777/2238/2867 1768/2225/2867
f 1764/2221/2868 1778/2239/2868 1768/2225/2868
f 1780/2240/2869 1778/2239/2869 1764/2221/2869
f 1781/2241/2870 1779/2242/2871 1778/2239/2872
f 1778/2239/2873 1779/2242/2874 1777/2238/2875
f 1781/2241/2876 1778/2239/2876 1780/2240/2876
f 1782/2243/2877 1779/2242/2871 1781/2241/2870
f 1783/2244/2878 1782/2243/2878 1781/2241/2878
f 1759/2216/2879 1781/2241/2880 1780/2240/2881
f 1759/2216/2882 1757/2212/2882 1781/2241/2882
f 1783/2244/2883 1781/2241/2883 1757/2212/2883
f 1752/2211/2798 1783/2244/2798 1757/2212/2807
f 1752/2211/2802 1784/2245/2884 1783/2244/2884
f 1783/2244/2885 1785/2246/2885 1782/2243/2885
f 1783/2244/2886 1784/2245/2886 1785/2246/2886
f 1785/2246/2887 1788/2247/2887 1782/2243/2887
f 1789/2248/2888 1786/2249/2888 1785/2246/2888
f 1786/2249/2889 1787/2250/2890 1785/2246/2891
f 1785/2246/2891 1787/2250/2890 1788/2247/2892
f 1789/2248/2893 1785/2246/2893 1784/2245/2893
f 1790/2251/2894 1789/2248/2895 1784/2245/2895
f 1792/2252/2896 1789/2248/2897 1790/2251/2896
f 1791/2253/2898 1786/2249/2898 1789/2248/2898
f 1792/2252/2896 1791/2253/2899 1789/2248/2897
f 1795/2254/2900 1793/2255/2901 1792/2256/2902
f 1793/2257/2901 1791/2253/2903 1792/2252/2902
f 1794/2258/2904 1792/2256/2896 1790/2259/2896
f 1795/2254/2900 1792/2256/2902 1794/2258/2905
f 1797/2260/2906 1793/2255/2901 1795/2254/2900
f 1798/2261/2907 1796/2262/2907 1795/2254/2907
f 1796/2262/2908 1797/2260/2908 1795/2254/2908
f 1798/2261/2909 1795/2254/2909 1794/2258/2909
f 1799/2263/2910 1798/2261/2910 1800/2264/2910
f 1799/2263/2911 1796/2262/2911 1798/2261/2911
f 1800/2264/2912 1798/2261/2912 1794/2258/2912
f 1750/2205/2913 1800/2264/2913 1802/2265/2913
f 1803/2266/2914 1800/2264/2915 1750/2205/2916
f 1803/2266/2914 1801/2267/2917 1800/2264/2915
f 1799/2263/2918 1800/2264/2915 1801/2267/2917
f 1800/2264/2919 1794/2258/2919 1802/2265/2919
f 1745/2200/2920 1803/2266/2914 1750/2205/2916
f 1804/2268/2921 1801/2267/2922 1803/2266/2923
f 1744/2199/2924 1803/2266/2923 1745/2200/2925
f 1804/2268/2921 1803/2266/2923 1744/2199/2924
f 1807/2269/2926 1804/2268/2926 1744/2199/2926
f 1807/2269/2927 1805/2270/2928 1804/2268/2929
f 1808/2271/2930 1804/2268/2929 1805/2270/2928
f 1806/2272/2931 1801/2267/2922 1804/2268/2921
f 1808/2271/2932 1806/2272/2932 1804/2268/2932
f 1809/2273/2933 1808/2271/2934 1805/2270/2935
f 1811/2274/2936 1808/2271/2937 1809/2273/2938
f 1810/2275/2939 1806/2272/2939 1808/2271/2939
f 1811/2274/2936 1810/2275/2940 1808/2271/2937
f 1812/2276/2941 1811/2277/2936 1809/2278/2938
f 1811/2274/2942 1814/2279/2942 1810/2275/2943
f 1812/2276/2944 1813/2280/2945 1811/2277/2942
f 1811/2274/2942 1813/2281/2945 1814/2279/2942
f 1817/2282/2946 1814/2279/2947 1813/2281/2948
f 1810/2275/2949 1814/2279/2949 1815/2283/2949
f 1816/2284/2950 1815/2283/2950 1814/2279/2950
f 1817/2282/2946 1816/2284/2951 1814/2279/2947
f 1818/2285/2952 1817/2286/2946 1813/2280/2948
f 1817/2282/2953 1820/2287/2954 1816/2284/2955
f 1818/2285/2956 1819/2288/2954 1817/2286/2953
f 1817/2282/2953 1819/2289/2954 1820/2287/2954
f 1823/2290/2957 1820/2287/2958 1819/2289/2959
f 1816/2284/2960 1820/2287/2960 1821/2291/2960
f 1822/2292/2961 1821/2291/2961 1820/2287/2961
f 1823/2290/2957 1822/2292/2962 1820/2287/2958
f 1824/2293/2963 1823/2294/2957 1819/2288/2959
f 1823/2290/2964 1826/2295/2964 1822/2292/2965
f 1824/2293/2966 1825/2296/2967 1823/2294/2964
f 1823/2290/2964 1825/2297/2967 1826/2295/2964
f 1829/2298/2968 1826/2295/2969 1825/2297/2968
f 1822/2292/2970 1826/2295/2970 1827/2299/2970
f 1828/2300/2971 1827/2299/2971 1826/2295/2971
f 1829/2298/2968 1828/2300/2972 1826/2295/2969
f 1830/2301/2973 1829/2302/2968 1825/2296/2968
f 1831/2303/2974 1828/2300/2974 1829/2298/2975
f 1832/2304/2974 1829/2302/2975 1830/2301/2976
f 1832/2304/2974 1831/2305/2974 1829/2302/2975
f 1834/2306/2977 1831/2305/2978 1832/2304/2979
f 1835/2307/2980 1833/2308/2980 1832/2304/2980
f 1834/2306/2977 1832/2304/2979 1833/2308/2981
f 1835/2307/2982 1832/2304/2982 1830/2301/2982
f 1836/2309/2983 1835/2307/2983 1830/2301/2983
f 1838/2310/2984 1835/2307/2984 1836/2309/2984
f 1838/2310/2985 1837/2311/2985 1835/2307/2985
f 1839/2312/2986 1835/2307/2987 1837/2311/2988
f 1839/2312/2986 1833/2308/2989 1835/2307/2987
f 1840/2313/2990 1839/2312/2977 1841/2314/2977
f 1840/2313/2990 1833/2308/2981 1839/2312/2977
f 1842/2315/2991 1839/2312/2992 1837/2311/2993
f 1842/2315/2991 1841/2314/2994 1839/2312/2992
f 1843/2316/2995 1842/2315/2995 1837/2311/2995
f 1844/2317/2996 1842/2315/2996 1843/2316/2996
f 1845/2318/2997 1842/2315/2997 1844/2317/2997
f 1845/2318/2998 1841/2314/2998 1842/2315/2998
f 1846/2319/2999 1845/2318/3000 1844/2317/2999
f 1847/2320/3001 1845/2318/2981 1846/2319/3002
f 1847/2320/3001 1841/2314/2977 1845/2318/2981
f 1848/2321/2979 1840/2322/2990 1847/2323/3001
f 1840/2313/2990 1841/2314/2977 1847/2320/3001
f 1849/2324/3003 1848/2321/2979 1847/2323/3001
f 1849/2324/3003 1847/2323/3001 1846/2325/3002
f 1849/2324/3004 1846/2325/2999 1851/2326/3005
f 1852/2327/3006 1849/2324/3006 1850/2328/3006
f 1849/2324/3004 1851/2326/3005 1850/2328/3005
f 1852/2327/3007 1848/2321/3007 1849/2324/3007
f 1854/2329/3008 1852/2327/3008 1853/2330/3008
f 1852/2327/3009 1855/2331/3009 1853/2330/3009
f 1856/2332/3010 1852/2327/3011 1854/2329/3012
f 1852/2327/3013 1850/2328/3013 1855/2331/3013
f 1856/2332/3010 1848/2321/3014 1852/2327/3011
f 1848/2321/2979 1856/2332/3015 1840/2322/2990
f 1857/2333/3016 1840/2322/2990 1856/2332/3015
f 1858/2334/3017 1856/2332/3018 1854/2329/3019
f 1858/2334/3017 1857/2333/3020 1856/2332/3018
f 1828/2300/3021 1858/2334/3021 1827/2299/3021
f 1858/2334/3022 1859/2335/3022 1827/2299/3022
f 1860/2336/3023 1858/2334/3023 1828/2300/3023
f 1858/2334/3024 1854/2329/3024 1859/2335/3024
f 1860/2336/3025 1857/2333/3025 1858/2334/3025
f 1860/2336/3026 1831/2303/2978 1834/2337/2977
f 1831/2303/2974 1860/2336/3027 1828/2300/2974
f 1860/2336/3026 1834/2337/2977 1857/2333/3016
f 1861/2338/3028 1859/2335/3028 1853/2330/3028
f 1854/2329/3029 1853/2330/3029 1859/2335/3029
f 1827/2299/3030 1859/2335/3030 1861/2338/3030
f 1864/2339/3031 1861/2338/3031 1862/2340/3031
f 1861/2338/3032 1865/2341/3033 1862/2340/3034
f 1861/2338/3035 1863/2342/3035 1865/2341/3035
f 1861/2338/3036 1853/2330/3036 1863/2342/3036
f 1827/2299/3037 1861/2338/3037 1864/2339/3037
f 1868/2343/3038 1862/2340/3034 1865/2341/3033
f 1865/2341/3039 1863/2342/3039 1869/2344/3039
f 1865/2341/3040 1870/2345/3041 1866/2346/3042
f 1868/2343/3043 1865/2341/3043 1866/2346/3043
f 1865/2341/3044 1867/2347/3044 1870/2345/3044
f 1865/2341/3045 1869/2344/3045 1867/2347/3045
f 1797/2260/3046 1870/2345/3047 1871/2348/3048
f 1867/2347/3049 1871/2348/3050 1870/2345/3051
f 1872/2349/3041 1866/2346/3042 1870/2345/3041
f 1872/2349/3052 1870/2345/3052 1797/2260/3052
f 1796/2262/3053 1872/2349/3053 1797/2260/3053
f 1873/2350/3054 1872/2349/3054 1796/2262/3054
f 1873/2350/3055 1866/2346/3055 1872/2349/3055
f 1875/2351/3056 1868/2343/3056 1873/2350/3056
f 1873/2350/3057 1868/2343/3057 1866/2346/3057
f 1815/2283/3058 1873/2350/3058 1874/2352/3058
f 1875/2351/3059 1873/2350/3059 1815/2283/3059
f 1873/2350/3060 1796/2262/3060 1874/2352/3060
f 1816/2284/3061 1875/2351/3062 1815/2283/3063
f 1816/2284/3061 1821/2291/3061 1875/2351/3062
f 1821/2291/3064 1868/2343/3064 1875/2351/3064
f 1799/2263/3065 1874/2352/3065 1796/2262/3065
f 1806/2272/3066 1874/2352/3066 1799/2263/3066
f 1806/2272/3067 1876/2353/3067 1874/2352/3067
f 1815/2283/3068 1874/2352/3068 1876/2353/3068
f 1810/2275/3069 1876/2353/3069 1806/2272/3069
f 1810/2275/3070 1815/2283/3070 1876/2353/3070
f 1867/2347/3049 1877/2354/3071 1871/2348/3050
f 1871/2355/3050 1877/2356/3071 1880/2357/3072
f 1871/2355/3048 1878/2358/3073 1881/2359/3074
f 1871/2355/3050 1880/2357/3072 1878/2358/3075
f 1797/2260/3046 1871/2348/3048 1879/2360/3076
f 1871/2355/3048 1881/2359/3074 1879/2361/3076
f 1879/2361/3077 1881/2359/3078 1883/2362/3079
f 1881/2359/3080 1882/2363/3080 1884/2364/3080
f 1878/2358/3081 1882/2363/3081 1881/2359/3081
f 1881/2359/3082 1884/2364/3082 1883/2362/3082
f 1883/2362/3083 1884/2364/3083 1885/2365/3083
f 1884/2364/3084 1887/2366/3084 1885/2365/3084
f 1884/2364/3085 1882/2363/3085 1888/2367/3085
f 1884/2364/3086 1886/2368/3086 1887/2366/3086
f 1884/2364/3087 1888/2367/3087 1886/2368/3087
f 1891/2369/3088 1888/2367/3088 1882/2363/3088
f 1888/2367/3089 1889/2370/3089 1892/2371/3089
f 1891/2369/3090 1889/2370/3090 1888/2367/3090
f 1886/2368/3091 1888/2367/3091 1890/2372/3091
f 1888/2367/3092 1892/2371/3092 1890/2372/3092
f 1890/2372/3093 1892/2371/3094 1818/2285/3095
f 1893/2373/3096 1818/2285/3095 1892/2371/3094
f 1889/2370/3097 1893/2373/3097 1892/2371/3097
f 1893/2373/3098 1894/2374/3098 1824/2293/3098
f 1895/2375/3099 1894/2374/3099 1893/2373/3099
f 1889/2370/3100 1895/2375/3100 1893/2373/3100
f 1893/2373/3101 1896/2376/3101 1818/2285/3101
f 1893/2373/3102 1824/2293/3102 1896/2376/3102
f 1818/2285/2956 1896/2376/3103 1819/2288/2954
f 1824/2293/2963 1819/2288/2959 1896/2376/3104
f 1895/2375/3105 1897/2377/3105 1894/2374/3105
f 1898/2378/3106 1897/2377/3107 1895/2375/3108
f 1898/2378/3106 1895/2375/3108 1889/2370/3109
f 1900/2379/3110 1899/2380/3110 1898/2378/3110
f 1898/2378/3111 1899/2380/3111 1897/2377/3111
f 1878/2358/3112 1898/2378/3113 1891/2369/3114
f 1898/2378/3115 1889/2370/3115 1891/2369/3115
f 1878/2358/3116 1880/2357/3116 1898/2378/3116
f 1900/2379/3117 1898/2378/3117 1880/2357/3117
f 1901/2381/2906 1900/2379/3118 1880/2357/3119
f 1903/2382/3120 1900/2379/3120 1901/2381/3121
f 1902/2383/3122 1899/2380/3123 1900/2379/3124
f 1903/2382/3120 1902/2383/3125 1900/2379/3120
f 1850/2328/3126 1851/2326/3127 1903/2384/3128
f 1851/2385/3127 1902/2383/3129 1903/2382/3128
f 1855/2331/3130 1903/2384/3120 1901/2386/3121
f 1850/2328/3126 1903/2384/3128 1855/2331/3128
f 1902/2383/3122 1843/2316/3131 1899/2380/3123
f 1844/2317/3132 1843/2316/3131 1902/2383/3122
f 1851/2385/3127 1844/2317/3127 1902/2383/3129
f 1869/2344/3119 1901/2386/2906 1877/2354/3119
f 1855/2331/3130 1901/2386/3121 1869/2344/3133
f 1901/2381/2906 1880/2357/3119 1877/2356/3119
f 1843/2316/3134 1897/2377/3134 1899/2380/3134
f 1897/2377/3135 1838/2310/3135 1836/2309/3135
f 1843/2316/3136 1838/2310/3136 1897/2377/3136
f 1897/2377/3137 1836/2309/3137 1894/2374/3137
f 1836/2309/3138 1824/2293/3138 1894/2374/3138
f 1878/2358/3112 1891/2369/3114 1882/2363/3139
f 1890/2372/3140 1904/2387/3140 1812/2276/3140
f 1890/2372/3141 1818/2285/3141 1904/2387/3141
f 1890/2372/3142 1812/2276/3142 1905/2388/3142
f 1886/2368/3143 1890/2372/3143 1905/2388/3143
f 1886/2368/3144 1905/2388/3144 1906/2389/3144
f 1906/2389/3145 1905/2388/3145 1812/2276/3145
f 1907/2390/3146 1906/2389/3146 1908/2391/3146
f 1909/2392/3147 1906/2389/3148 1907/2390/3149
f 1906/2389/3150 1812/2276/3150 1908/2391/3150
f 1909/2392/3147 1887/2366/3151 1906/2389/3148
f 1886/2368/3152 1906/2389/3152 1887/2366/3152
f 1787/2250/3153 1909/2392/3147 1907/2390/3149
f 1786/2249/2889 1909/2392/3154 1787/2250/2890
f 1786/2249/2889 1887/2366/3155 1909/2392/3154
f 1908/2391/2933 1809/2278/2933 1911/2393/3156
f 1812/2276/2941 1809/2278/2938 1908/2391/2936
f 1907/2390/3157 1908/2391/3158 1910/2394/3159
f 1908/2391/2933 1911/2393/3156 1910/2394/3160
f 1910/2394/3160 1911/2393/3156 1912/2395/3161
f 1911/2396/3156 1807/2269/3162 1912/2397/3161
f 1911/2396/3156 1805/2270/2935 1807/2269/3162
f 1809/2273/2933 1805/2270/2935 1911/2396/3156
f 1913/2398/3163 1912/2395/3161 1742/2399/3161
f 1912/2397/3161 1741/2197/3164 1742/2194/3161
f 1912/2397/3161 1807/2269/3162 1741/2197/3164
f 1910/2394/3160 1912/2395/3161 1913/2398/3163
f 1914/2400/3165 1913/2398/3165 1915/2401/3165
f 1907/2390/3166 1913/2398/3166 1914/2400/3166
f 1907/2390/3157 1910/2394/3159 1913/2398/3167
f 1913/2398/3163 1742/2399/3161 1915/2401/3168
f 1915/2401/3169 1742/2399/2772 1738/2192/2774
f 1916/2402/3170 1915/2401/3171 1917/2403/3172
f 1914/2400/3173 1915/2401/3173 1916/2402/3173
f 1915/2401/3169 1738/2192/2774 1917/2403/3174
f 1737/2188/2771 1917/2403/3175 1738/2192/2770
f 1777/2238/3176 1917/2403/3176 1737/2188/3176
f 1916/2402/3170 1917/2403/3172 1777/2238/3177
f 1779/2242/2874 1916/2402/3178 1777/2238/2875
f 1788/2247/3179 1914/2400/3179 1916/2402/3179
f 1779/2242/2874 1788/2247/3180 1916/2402/3178
f 1788/2247/3181 1787/2250/3153 1914/2400/3182
f 1787/2250/3153 1907/2390/3149 1914/2400/3182
f 1812/2276/2944 1904/2387/2942 1813/2280/2945
f 1818/2285/2952 1813/2280/2948 1904/2387/2952
f 1786/2249/3183 1885/2365/3183 1887/2366/3183
f 1791/2253/3184 1885/2365/3184 1786/2249/3184
f 1883/2362/3185 1885/2365/3185 1791/2253/3185
f 1793/2257/2901 1883/2362/3079 1791/2253/2903
f 1879/2361/3077 1883/2362/3079 1793/2257/2901
f 1797/2260/2906 1879/2360/3077 1793/2255/2901
f 1869/2344/3119 1877/2354/3119 1867/2347/3186
f 1863/2342/3187 1855/2331/3188 1869/2344/3189
f 1821/2291/3190 1862/2340/3190 1868/2343/3190
f 1822/2292/3191 1864/2339/3191 1821/2291/3191
f 1864/2339/3192 1862/2340/3192 1821/2291/3192
f 1822/2292/3193 1827/2299/3193 1864/2339/3193
f 1863/2342/3187 1853/2330/3194 1855/2331/3188
f 1857/2333/3016 1834/2337/2977 1840/2322/2990
f 1846/2319/2999 1844/2317/2999 1851/2385/3005
f 1843/2316/3195 1837/2311/3195 1838/2310/3195
f 1840/2313/2990 1834/2306/2977 1833/2308/2981
f 1836/2309/3196 1918/2404/3196 1824/2293/3196
f 1836/2309/3197 1830/2301/3197 1918/2404/3197
f 1824/2293/2966 1918/2404/3198 1825/2296/2967
f 1830/2301/2973 1825/2296/2968 1918/2404/3199
f 1741/2197/3200 1807/2269/3200 1744/2199/3200
f 1806/2272/2931 1799/2263/3201 1801/2267/2922
f 1802/2265/3202 1790/2259/2894 1755/2208/3203
f 1794/2258/2904 1790/2259/2896 1802/2265/3204
f 1750/2205/3205 1802/2265/3205 1754/2210/3205
f 1802/2265/3202 1755/2208/3203 1754/2210/2895
f 1790/2251/2894 1784/2245/2895 1755/2405/3203
f 1782/2243/2877 1788/2247/3206 1779/2242/2871
f 1752/2211/2802 1755/2405/2801 1784/2245/2884
f 1759/2216/2879 1780/2240/2881 1761/2218/3207
f 1780/2240/3208 1764/2221/3208 1761/2218/3208
f 1672/2114/2831 1766/2223/2832 1669/2113/3209
f 1748/2203/3210 1753/2209/3210 1684/2128/3210
f 1748/2203/3211 1684/2128/3212 1919/2406/3213
f 1747/2201/3214 1748/2203/3214 1919/2406/3214
f 1683/2130/3215 1919/2406/3213 1684/2128/3212
f 1920/2407/3216 1919/2406/3216 1683/2130/3216
f 1920/2407/3217 1747/2201/3217 1919/2406/3217
f 1687/2131/3218 1920/2407/3218 1683/2130/3218
f 1731/2183/3219 1920/2407/3219 1687/2131/3219
f 1921/2408/3220 1747/2201/3220 1920/2407/3220
f 1921/2408/3221 1920/2407/3221 1731/2183/3221
f 1735/2187/3222 1921/2408/3223 1731/2183/3224
f 1735/2187/3222 1740/2195/3225 1921/2408/3223
f 1740/2195/3226 1747/2201/3226 1921/2408/3226
f 1725/2176/2735 1720/2173/2737 1721/2171/2848
f 1923/2409/3227 1715/2165/3227 1717/2166/3227
f 1709/2158/2692 1706/2156/2694 1717/2166/3228
f 1717/2166/2751 1924/2410/2751 1922/2411/2751
f 1923/2409/3229 1717/2166/3229 1922/2411/3229
f 1717/2166/3230 1706/2156/3230 1924/2410/3230
f 1925/2412/3231 1924/2410/3231 1707/2155/3231
f 1922/2411/3232 1924/2410/3232 1925/2412/3232
f 1706/2156/3233 1707/2155/3231 1924/2410/3231
f 1927/2413/3234 1925/2412/3235 1926/2414/3236
f 1925/2412/3235 1929/2415/3237 1926/2414/3236
f 1922/2411/3238 1925/2412/3235 1927/2413/3234
f 1925/2412/3239 1928/2416/3239 1929/2415/3239
f 1925/2412/3240 1707/2155/3240 1928/2416/3240
f 1929/2415/3241 1930/2417/3242 1933/2418/3243
f 1929/2415/3244 1932/2419/3245 1930/2417/3246
f 1934/2420/3247 1926/2414/3236 1929/2415/3237
f 1934/2420/3248 1929/2415/3248 1931/2421/3248
f 1929/2415/3241 1933/2418/3243 1931/2421/3249
f 1929/2415/3244 1928/2416/3250 1932/2419/3245
f 1935/2422/3251 1934/2420/3247 1936/2423/3252
f 1937/2424/3253 1934/2420/3247 1935/2422/3251
f 1934/2420/3254 1938/2425/3254 1936/2423/3254
f 1937/2424/3253 1926/2414/3236 1934/2420/3247
f 1934/2420/3255 1931/2421/3255 1938/2425/3255
f 1940/2426/3256 1938/2425/3256 1939/2427/3257
f 1938/2425/3258 1933/2418/3258 1939/2427/3259
f 1936/2423/3260 1938/2425/3260 1940/2426/3260
f 1938/2425/3258 1931/2421/3258 1933/2418/3258
f 1940/2426/2513 1941/2428/3261 1621/2429/2512
f 1940/2426/3256 1939/2427/3257 1941/2428/3262
f 1942/2430/3263 1940/2426/3263 1943/2431/3263
f 1936/2423/3264 1940/2426/3264 1942/2430/3264
f 1940/2426/2513 1621/2429/2512 1943/2431/3265
f 1945/2432/3266 1943/2431/3266 1621/2429/2509
f 1946/2433/3267 1944/2434/3268 1943/2431/3269
f 1942/2430/3270 1943/2431/3269 1944/2434/3268
f 1946/2433/3271 1943/2431/3271 1945/2432/3271
f 1949/2435/3272 1947/2436/3273 1946/2433/3274
f 1950/2437/3275 1946/2433/3275 1947/2436/3275
f 1946/2433/3276 1951/2438/3276 1948/2439/3276
f 1949/2435/3272 1946/2433/3274 1948/2439/3277
f 1950/2437/3278 1944/2434/3278 1946/2433/3278
f 1946/2433/3279 1945/2432/3279 1951/2438/3279
f 1948/2439/2483 1951/2438/3280 1952/2440/3281
f 1951/2438/3282 1953/2441/3282 1952/2440/3256
f 1951/2438/3282 1945/2432/3262 1953/2441/3282
f 1945/2432/3266 1621/2429/2509 1953/2441/3283
f 1621/2063/2509 1618/2062/2511 1953/2442/3283
f 1952/2443/3256 1953/2442/3282 1618/2062/3257
f 1954/2444/3284 1952/2443/3281 1619/2059/2483
f 1952/2443/3256 1618/2062/3257 1619/2059/3262
f 1948/2439/2483 1952/2440/3281 1954/2445/3284
f 1617/2060/3285 1955/2446/3286 1954/2444/3287
f 1954/2444/3284 1619/2059/2483 1617/2060/3288
f 1954/2445/3287 1956/2447/3289 1948/2439/3290
f 1954/2445/3287 1955/2448/3286 1956/2447/3289
f 1956/2447/3291 1955/2448/3292 1958/2449/3291
f 1949/2435/3293 1956/2447/3294 1957/2450/3294
f 1956/2447/3291 1958/2449/3291 1957/2450/3295
f 1949/2435/3293 1948/2439/3293 1956/2447/3294
f 1958/2451/3291 1955/2446/3292 1961/2452/3296
f 1958/2451/3291 1959/2453/3297 1962/2454/3281
f 1958/2451/3291 1961/2452/3296 1959/2453/3297
f 1963/2455/3298 1957/2450/3295 1958/2449/3291
f 1963/2455/3298 1958/2449/3291 1960/2456/2483
f 1958/2451/3291 1962/2454/3281 1960/2457/2483
f 1965/2458/3299 1963/2455/3300 1960/2456/3300
f 1965/2458/3299 1964/2459/3301 1963/2455/3300
f 1964/2459/3302 1957/2450/3303 1963/2455/3304
f 1605/2048/3305 1965/2460/3299 1960/2457/3300
f 1604/2047/2483 1965/2460/3306 1605/2048/2483
f 1966/2461/3284 1964/2459/3296 1965/2458/3306
f 1966/2461/3284 1965/2458/3306 1604/2462/2483
f 1966/2461/3307 1968/2463/3307 1964/2459/3307
f 1966/2461/3308 1967/2464/3308 1968/2463/3308
f 1604/2462/2482 1967/2464/3309 1966/2461/3309
f 1968/2463/3310 1949/2435/3311 1964/2459/3312
f 1970/2465/3313 1969/2466/3314 1968/2463/3315
f 1968/2463/3316 1969/2466/3316 1950/2437/3316
f 1968/2463/3310 1947/2436/3317 1949/2435/3311
f 1968/2463/3318 1950/2437/3318 1947/2436/3318
f 1970/2465/3319 1968/2463/3319 1967/2464/3319
f 1971/2467/3320 1970/2465/3321 1967/2464/3320
f 1971/2467/3322 1972/2468/3323 1970/2465/3324
f 1970/2465/3313 1973/2469/3325 1969/2466/3314
f 1970/2465/3326 1972/2468/3326 1973/2469/3326
f 1969/2466/3314 1973/2469/3325 1974/2470/3327
f 1973/2469/3328 1976/2471/3328 1974/2470/3328
f 1973/2469/3329 1975/2472/3329 1976/2471/3329
f 1972/2468/3330 1975/2472/3330 1973/2469/3330
f 1976/2471/3331 1942/2430/3331 1974/2470/3331
f 1977/2473/3332 1976/2471/3333 1975/2472/3334
f 1977/2473/3332 1935/2422/3335 1976/2471/3333
f 1935/2422/3251 1936/2423/3252 1976/2471/3336
f 1976/2471/3337 1936/2423/3337 1942/2430/3337
f 1980/2474/3338 1977/2473/3338 1975/2472/3338
f 1981/2475/3339 1978/2476/3339 1977/2473/3340
f 1978/2476/3341 1935/2422/3335 1977/2473/3332
f 1980/2474/3342 1979/2477/3342 1977/2473/3342
f 1981/2475/3343 1977/2473/3343 1979/2477/3343
f 1634/2478/2535 1981/2475/2535 1979/2477/3344
f 1634/2478/2539 1982/2479/3345 1981/2475/3346
f 1981/2475/3339 1983/2480/3339 1978/2476/3339
f 1981/2475/3347 1982/2479/3347 1983/2480/3347
f 1983/2480/3348 1927/2413/3349 1937/2424/3350
f 1983/2480/3348 1922/2411/3351 1927/2413/3349
f 1984/2481/3352 1923/2409/3352 1983/2480/3353
f 1983/2480/3354 1923/2409/3354 1922/2411/3354
f 1984/2481/3355 1983/2480/3355 1982/2479/3355
f 1983/2480/3348 1937/2424/3350 1978/2476/3341
f 1644/2482/2551 1984/2481/3356 1982/2479/3357
f 1644/2482/2555 1985/2483/3358 1984/2481/3358
f 1984/2481/3352 1715/2165/3359 1923/2409/3352
f 1984/2481/3360 1985/2483/3360 1715/2165/3360
f 1644/2482/2555 1646/2484/2554 1985/2483/3358
f 1646/2484/3361 1716/2164/3362 1985/2483/3363
f 1716/2164/2709 1715/2165/2711 1985/2483/3364
f 1634/2478/2539 1637/2485/2538 1982/2479/3345
f 1644/2482/2551 1982/2479/3357 1637/2485/2552
f 1987/2486/3365 1986/2487/3366 1980/2474/3367
f 1986/2487/3368 1979/2477/3369 1980/2474/3370
f 1972/2468/3371 1980/2474/3371 1975/2472/3371
f 1987/2486/3365 1980/2474/3367 1972/2468/3372
f 1971/2467/3322 1987/2486/3373 1972/2468/3323
f 1611/2051/3374 1987/2488/3373 1971/2489/3322
f 1611/2051/3374 1988/2490/3375 1987/2488/3373
f 1988/2490/3367 1986/2491/3366 1987/2488/3365
f 1628/2068/3376 1988/2490/3376 1611/2051/3376
f 1626/2069/3377 1988/2490/3377 1628/2068/3377
f 1626/2069/3378 1632/2072/3378 1988/2490/3378
f 1988/2490/3367 1632/2072/3367 1986/2491/3366
f 1632/2072/3379 1636/2077/3380 1986/2491/3368
f 1986/2487/3368 1636/2492/3380 1979/2477/3369
f 1634/2478/2535 1979/2477/3344 1636/2492/2536
f 1978/2476/3341 1937/2424/3350 1935/2422/3335
f 1974/2470/3381 1942/2430/3381 1944/2434/3381
f 1969/2466/3382 1974/2470/3382 1950/2437/3382
f 1974/2470/3383 1944/2434/3383 1950/2437/3383
f 1611/2051/3320 1971/2489/3320 1607/2046/3384
f 1971/2467/3320 1967/2464/3320 1607/2493/3384
f 1604/2462/2482 1607/2493/2481 1967/2464/3309
f 1964/2459/3302 1949/2435/3385 1957/2450/3303
f 1605/2048/3305 1960/2457/3300 1962/2454/3386
f 1605/2048/3387 1962/2454/3387 1959/2453/3387
f 1617/2060/3285 1961/2452/3388 1955/2446/3286
f 1612/2052/3389 1959/2453/3390 1961/2452/3391
f 1612/2052/3389 1961/2452/3391 1617/2060/3392
f 1605/2048/3387 1959/2453/3387 1612/2052/3387
f 1941/2494/3262 1939/2495/3257 1989/2496/3393
f 1621/2063/2512 1941/2494/3261 1622/2064/2513
f 1941/2494/3262 1989/2496/3393 1622/2064/3394
f 1939/2495/3259 1990/2497/3395 1989/2496/3396
f 1622/2064/3397 1989/2496/3397 1624/2066/3397
f 1989/2496/3398 1991/2498/3398 1624/2066/3398
f 1989/2496/3399 1990/2497/3399 1991/2498/3399
f 1624/2066/2526 1991/2498/3400 1627/2071/2527
f 1991/2498/3400 1642/2081/3401 1627/2071/2527
f 1993/2499/3402 1992/2500/3403 1991/2498/3400
f 1991/2498/3400 1992/2500/3403 1642/2081/3401
f 1993/2499/3404 1991/2498/3404 1990/2497/3404
f 1930/2501/3242 1993/2499/3405 1990/2497/3406
f 1930/2501/3246 1994/2502/3407 1993/2499/3408
f 1993/2499/3402 1995/2503/3409 1992/2500/3403
f 1993/2499/3410 1994/2502/3410 1995/2503/3410
f 1992/2500/3403 1995/2503/3409 1639/2082/3411
f 1997/2504/3412 1996/2505/3413 1995/2503/3412
f 1995/2503/3414 1996/2505/3414 1641/2083/3414
f 1995/2503/3409 1641/2083/3415 1639/2082/3411
f 1997/2504/3416 1995/2503/3416 1994/2502/3416
f 1998/2506/3417 1997/2504/3418 1994/2502/3419
f 1998/2506/3420 1999/2507/2684 1997/2504/2684
f 1997/2504/3412 2000/2508/3413 1996/2505/3413
f 1997/2504/3421 1999/2507/3421 2000/2508/3421
f 1996/2505/3422 2000/2508/3422 1649/2090/3422
f 2000/2508/3423 1662/2106/2596 1649/2090/3424
f 2000/2508/3423 1663/2103/2594 1662/2106/2596
f 1999/2507/3425 1663/2103/3425 2000/2508/3425
f 1998/2506/3420 1704/2152/2686 1999/2507/2684
f 1704/2152/2679 1703/2150/2681 1999/2507/2681
f 1999/2507/3426 1703/2150/3427 1663/2103/3428
f 1707/2155/2684 1704/2154/2686 1998/2509/3420
f 1707/2155/3429 1998/2509/3417 1932/2419/3430
f 1998/2506/3417 1994/2502/3419 1932/2510/3430
f 1996/2505/3431 1649/2090/3431 1641/2083/3431
f 1930/2501/3246 1932/2510/3245 1994/2502/3407
f 1992/2500/3403 1639/2082/3411 1642/2081/3401
f 1939/2495/3259 1933/2511/3258 1990/2497/3395
f 1930/2501/3242 1990/2497/3406 1933/2511/3243
f 1927/2413/3234 1926/2414/3236 1937/2424/3253
f 1707/2155/3429 1932/2419/3430 1928/2416/3432
f 1646/2484/3361 1651/2512/2568 1716/2164/3362
f 1653/2168/2570 1716/2164/2717 1651/2512/2570
f 1695/2140/2658 1694/2141/2660 1711/2161/2703
f 1703/2150/3427 1661/2104/3433 1663/2103/3428
f 1703/2150/3434 1667/2107/2597 1661/2104/2599
f 1699/2149/2673 1667/2107/3435 1703/2150/2673
f 1699/2149/2674 1697/2513/2666 1666/2110/2674
f 1699/2149/2674 1666/2110/2674 1667/2107/3436
f 1691/2139/2668 1692/2136/3437 1697/2144/2669
f 1692/2514/3437 1666/2110/3438 1697/2513/2669
f 1674/2116/2616 1675/2117/2618 1692/2514/2651
f 1692/2514/3437 1675/2117/3439 1666/2110/3438
f 1666/2110/2602 1675/2117/3440 1665/2108/2603
f 1649/2090/2563 1662/2106/2593 1648/2091/2564
f 1645/2089/2567 1651/2093/2568 1646/2087/3361
f 1649/2090/3441 1640/2084/3441 1641/2083/3441
f 1627/2071/2525 1642/2081/2543 1630/2073/2531
f 1632/2072/3379 1631/2075/3380 1636/2077/3380
f 1615/2058/3442 1628/2068/3443 1610/2055/2495
f 1628/2068/3443 1611/2051/2494 1610/2055/2495
f 1611/2051/3320 1607/2046/3384 1606/2050/3444
