# Blender 5.2.1 LTS
# www.blender.org
mtllib playerNew_left.mtl
o ICO球.024
v 1.332217 1.307111 0.090914
v 1.332217 1.298815 0.090914
v 1.339451 1.307111 0.058518
v 1.347708 1.307111 0.096011
v 1.318801 1.307111 0.121276
v 1.318801 1.298815 0.121276
v 1.333000 1.307111 0.129297
v 1.299720 1.307111 0.148437
v 1.299720 1.298815 0.148437
v 1.275707 1.307111 0.171353
v 1.312081 1.307111 0.159074
v 1.285755 1.307111 0.184198
v 1.312081 1.266416 0.159074
v 1.285755 1.266416 0.184198
v 1.333000 1.266416 0.129297
v 1.299720 1.266416 0.148437
v 1.318801 1.266416 0.121276
v 1.299720 1.274712 0.148437
v 1.275707 1.266416 0.171353
v 1.275707 1.274712 0.171353
v 1.247684 1.266416 0.189145
v 1.216729 1.266416 0.201128
v 1.255033 1.266416 0.203703
v 1.247684 1.274712 0.189145
v 1.216729 1.274712 0.201128
v 1.184030 1.274712 0.206842
v 1.150846 1.274712 0.206066
v 1.184030 1.266416 0.206842
v 1.150846 1.266416 0.206066
v 1.185249 1.266416 0.223104
v 1.148869 1.266416 0.222254
v 1.185249 1.307111 0.223104
v 1.221097 1.266416 0.216840
v 1.221097 1.307111 0.216840
v 1.255033 1.307111 0.203703
v 1.216729 1.307111 0.201128
v 1.247684 1.307111 0.189145
v 1.216729 1.298815 0.201128
v 1.184030 1.307111 0.206842
v 1.184030 1.298815 0.206842
v 1.150846 1.307111 0.206066
v 1.150846 1.298815 0.206066
v 1.148869 1.307111 0.222254
v 1.118450 1.307111 0.198832
v 1.118450 1.298815 0.198832
v 1.113353 1.307111 0.214323
v 1.088089 1.307111 0.185416
v 1.088089 1.298815 0.185416
v 1.080067 1.307111 0.199615
v 1.060927 1.307111 0.166335
v 1.060927 1.298815 0.166335
v 1.038010 1.307111 0.142321
v 1.050290 1.307111 0.178696
v 1.025166 1.307111 0.152370
v 1.050290 1.266416 0.178696
v 1.060927 1.266416 0.166335
v 1.025166 1.266416 0.152370
v 1.080067 1.266416 0.199615
v 1.088089 1.266416 0.185416
v 1.113353 1.266416 0.214323
v 1.118450 1.266416 0.198832
v 1.118450 1.274712 0.198832
v 1.088089 1.274712 0.185416
v 1.060927 1.274712 0.166335
v 1.038010 1.274712 0.142321
v 1.020219 1.274712 0.114299
v 1.038010 1.266416 0.142321
v 1.020219 1.266416 0.114299
v 1.008236 1.266416 0.083343
v 1.005661 1.266416 0.121648
v 0.992524 1.266416 0.087711
v 1.005661 1.307111 0.121648
v 0.992524 1.307111 0.087711
v 1.020219 1.307111 0.114299
v 1.020219 1.298815 0.114299
v 1.008236 1.307111 0.083343
v 1.008236 1.298815 0.083343
v 1.002523 1.307111 0.050645
v 1.002523 1.298815 0.050645
v 1.003298 1.307111 0.017461
v 0.986260 1.307111 0.051864
v 0.987110 1.307111 0.015483
v 0.986260 1.266416 0.051864
v 1.002523 1.266416 0.050645
v 0.987110 1.266416 0.015483
v 1.003298 1.266416 0.017461
v 0.995041 1.266416 -0.020032
v 1.009749 1.266416 -0.053319
v 0.995041 1.307111 -0.020032
v 1.010533 1.266416 -0.014935
v 1.023948 1.266416 -0.045297
v 1.010533 1.274712 -0.014935
v 1.003298 1.274712 0.017461
v 1.023948 1.274712 -0.045297
v 1.043029 1.274712 -0.072458
v 1.067042 1.274712 -0.095375
v 1.043029 1.266416 -0.072458
v 1.067043 1.266416 -0.095375
v 1.030668 1.266416 -0.083096
v 1.056994 1.266416 -0.108219
v 1.030668 1.307111 -0.083096
v 1.056994 1.307111 -0.108220
v 1.009749 1.307111 -0.053319
v 1.043029 1.307111 -0.072458
v 1.043029 1.298815 -0.072458
v 1.023948 1.307111 -0.045297
v 1.067042 1.307111 -0.095375
v 1.067042 1.298815 -0.095375
v 1.095065 1.307111 -0.113167
v 1.095065 1.298815 -0.113167
v 1.087716 1.307111 -0.127725
v 1.126021 1.307111 -0.125149
v 1.126021 1.298815 -0.125149
v 1.121653 1.307111 -0.140862
v 1.158719 1.307111 -0.130863
v 1.158719 1.298815 -0.130863
v 1.191904 1.307111 -0.130087
v 1.157500 1.307111 -0.147125
v 1.193881 1.307111 -0.146275
v 1.157500 1.266416 -0.147125
v 1.158719 1.266416 -0.130862
v 1.193881 1.266416 -0.146275
v 1.121653 1.266416 -0.140862
v 1.126021 1.266416 -0.125149
v 1.087716 1.266416 -0.127725
v 1.095065 1.266416 -0.113167
v 1.095065 1.274712 -0.113167
v 1.126021 1.274712 -0.125149
v 1.158719 1.274712 -0.130862
v 1.191904 1.274712 -0.130087
v 1.224299 1.274712 -0.122853
v 1.191904 1.266416 -0.130087
v 1.224299 1.266416 -0.122853
v 1.254661 1.266416 -0.109437
v 1.229396 1.266416 -0.138344
v 1.262682 1.266416 -0.123636
v 1.229396 1.307111 -0.138344
v 1.262682 1.307111 -0.123636
v 1.224299 1.307111 -0.122853
v 1.224299 1.298815 -0.122853
v 1.254661 1.307111 -0.109437
v 1.254661 1.298815 -0.109437
v 1.281822 1.307111 -0.090356
v 1.281822 1.298815 -0.090356
v 1.304739 1.307111 -0.066343
v 1.292459 1.307111 -0.102717
v 1.317584 1.307111 -0.076391
v 1.292460 1.266416 -0.102717
v 1.281822 1.266416 -0.090356
v 1.317584 1.266416 -0.076391
v 1.304739 1.266416 -0.066343
v 1.337089 1.266416 -0.045669
v 1.350226 1.266416 -0.011733
v 1.337089 1.307111 -0.045670
v 1.322531 1.266416 -0.038320
v 1.334513 1.266416 -0.007365
v 1.322530 1.274712 -0.038320
v 1.304739 1.274712 -0.066343
v 1.334513 1.274712 -0.007365
v 1.340227 1.274712 0.025334
v 1.339451 1.274712 0.058518
v 1.340227 1.266416 0.025334
v 1.339451 1.266416 0.058518
v 1.356489 1.266416 0.024115
v 1.355639 1.266416 0.060496
v 1.356489 1.307111 0.024115
v 1.355639 1.307111 0.060496
v 1.350225 1.307111 -0.011733
v 1.340227 1.307111 0.025334
v 1.340227 1.298815 0.025334
v 1.334513 1.307111 -0.007365
v 1.334513 1.298815 -0.007365
v 1.322530 1.307111 -0.038320
v 1.322530 1.298815 -0.038320
v 1.304739 1.298815 -0.066343
v 1.339451 1.298815 0.058518
v 1.347708 1.266416 0.096011
v 1.332217 1.266416 0.090914
v 1.332217 1.274712 0.090914
v 1.318801 1.274712 0.121276
v 1.281822 1.274712 -0.090356
v 1.254661 1.274712 -0.109437
v 1.191904 1.298815 -0.130087
v 1.023948 1.298815 -0.045297
v 1.010533 1.307111 -0.014935
v 1.010533 1.298815 -0.014935
v 1.003298 1.298815 0.017461
v 1.002523 1.274712 0.050645
v 1.008236 1.274712 0.083343
v 1.038010 1.298815 0.142321
v 1.247684 1.298815 0.189145
v 1.275707 1.298815 0.171353
v 1.165419 1.258874 -0.185004
v 1.165419 1.250578 -0.185004
v 1.133298 1.258874 -0.176634
v 1.162874 1.258874 -0.201112
v 1.198556 1.258874 -0.186946
v 1.198556 1.250578 -0.186946
v 1.199202 1.258874 -0.203242
v 1.231435 1.258874 -0.182387
v 1.231435 1.250578 -0.182387
v 1.262792 1.258874 -0.171500
v 1.235248 1.258874 -0.198243
v 1.269625 1.258874 -0.186308
v 1.235248 1.218179 -0.198243
v 1.269625 1.218179 -0.186308
v 1.199202 1.218179 -0.203242
v 1.231435 1.218179 -0.182387
v 1.198556 1.218179 -0.186946
v 1.231435 1.226474 -0.182387
v 1.262792 1.218179 -0.171500
v 1.262792 1.226474 -0.171500
v 1.291424 1.218179 -0.154706
v 1.316228 1.218179 -0.132648
v 1.301014 1.218179 -0.167896
v 1.291424 1.226474 -0.154706
v 1.316228 1.226474 -0.132648
v 1.336254 1.226474 -0.106175
v 1.350729 1.226474 -0.076304
v 1.336254 1.218179 -0.106175
v 1.350729 1.218179 -0.076304
v 1.350161 1.218179 -0.114691
v 1.366031 1.218179 -0.081943
v 1.350161 1.258874 -0.114691
v 1.328208 1.218179 -0.143714
v 1.328208 1.258874 -0.143714
v 1.301014 1.258874 -0.167896
v 1.316228 1.258874 -0.132648
v 1.291424 1.258874 -0.154706
v 1.316229 1.250578 -0.132648
v 1.336254 1.258874 -0.106175
v 1.336254 1.250578 -0.106175
v 1.350729 1.258874 -0.076304
v 1.350729 1.250578 -0.076304
v 1.366031 1.258874 -0.081943
v 1.359099 1.258874 -0.044183
v 1.359099 1.250578 -0.044183
v 1.375207 1.258874 -0.046728
v 1.361041 1.258874 -0.011046
v 1.361041 1.250578 -0.011046
v 1.377337 1.258874 -0.010400
v 1.356482 1.258874 0.021833
v 1.356482 1.250578 0.021833
v 1.345595 1.258874 0.053191
v 1.372338 1.258874 0.025645
v 1.360403 1.258874 0.060024
v 1.372338 1.218179 0.025645
v 1.356482 1.218179 0.021833
v 1.360403 1.218179 0.060024
v 1.377337 1.218179 -0.010400
v 1.361041 1.218179 -0.011046
v 1.375207 1.218179 -0.046728
v 1.359099 1.218179 -0.044183
v 1.359099 1.226474 -0.044183
v 1.361041 1.226474 -0.011046
v 1.356482 1.226474 0.021833
v 1.345595 1.226474 0.053191
v 1.328801 1.226474 0.081822
v 1.345595 1.218179 0.053191
v 1.328801 1.218179 0.081822
v 1.306743 1.218179 0.106627
v 1.341991 1.218179 0.091412
v 1.317809 1.218179 0.118606
v 1.341991 1.258874 0.091412
v 1.317809 1.258874 0.118606
v 1.328801 1.258874 0.081822
v 1.328801 1.250578 0.081822
v 1.306743 1.258874 0.106627
v 1.306743 1.250578 0.106627
v 1.280270 1.258874 0.126652
v 1.280270 1.250578 0.126652
v 1.250399 1.258874 0.141127
v 1.288786 1.258874 0.140560
v 1.256038 1.258874 0.156429
v 1.288786 1.218179 0.140560
v 1.280270 1.218179 0.126652
v 1.256038 1.218179 0.156429
v 1.250399 1.218179 0.141127
v 1.220823 1.218179 0.165605
v 1.184495 1.218179 0.167735
v 1.220823 1.258874 0.165605
v 1.218278 1.218179 0.149497
v 1.185141 1.218179 0.151439
v 1.218278 1.226474 0.149497
v 1.250399 1.226474 0.141127
v 1.185141 1.226474 0.151439
v 1.152262 1.226474 0.146880
v 1.120905 1.226474 0.135993
v 1.152262 1.218179 0.146880
v 1.120904 1.218179 0.135993
v 1.148449 1.218179 0.162736
v 1.114072 1.218179 0.150801
v 1.148449 1.258874 0.162736
v 1.114071 1.258874 0.150801
v 1.184495 1.258874 0.167735
v 1.152262 1.258874 0.146880
v 1.152262 1.250578 0.146880
v 1.185141 1.258874 0.151439
v 1.120905 1.258874 0.135993
v 1.120905 1.250578 0.135993
v 1.092273 1.258874 0.119199
v 1.092273 1.250578 0.119199
v 1.082683 1.258874 0.132389
v 1.067468 1.258874 0.097141
v 1.067468 1.250578 0.097141
v 1.055489 1.258874 0.108207
v 1.047443 1.258874 0.070668
v 1.047443 1.250578 0.070668
v 1.032968 1.258874 0.040797
v 1.033535 1.258874 0.079184
v 1.017666 1.258874 0.046436
v 1.033535 1.218179 0.079184
v 1.047443 1.218179 0.070668
v 1.017666 1.218179 0.046436
v 1.055489 1.218179 0.108207
v 1.067468 1.218179 0.097141
v 1.082683 1.218179 0.132389
v 1.092273 1.218179 0.119199
v 1.092273 1.226474 0.119199
v 1.067468 1.226474 0.097141
v 1.047443 1.226474 0.070668
v 1.032968 1.226474 0.040797
v 1.024598 1.226474 0.008676
v 1.032968 1.218179 0.040797
v 1.024598 1.218179 0.008676
v 1.022655 1.218179 -0.024461
v 1.008490 1.218179 0.011221
v 1.006360 1.218179 -0.025107
v 1.008490 1.258874 0.011221
v 1.006360 1.258874 -0.025107
v 1.024598 1.258874 0.008676
v 1.024598 1.250578 0.008676
v 1.022655 1.258874 -0.024461
v 1.022656 1.250578 -0.024461
v 1.027215 1.258874 -0.057340
v 1.027215 1.250578 -0.057340
v 1.038102 1.258874 -0.088698
v 1.011359 1.258874 -0.061153
v 1.023294 1.258874 -0.095531
v 1.011359 1.218179 -0.061153
v 1.027215 1.218179 -0.057340
v 1.023294 1.218179 -0.095531
v 1.038102 1.218179 -0.088698
v 1.041706 1.218179 -0.126920
v 1.065888 1.218179 -0.154113
v 1.041706 1.258874 -0.126920
v 1.054896 1.218179 -0.117329
v 1.076954 1.218179 -0.142134
v 1.054896 1.226474 -0.117329
v 1.038102 1.226474 -0.088698
v 1.076954 1.226474 -0.142134
v 1.103427 1.226474 -0.162159
v 1.133298 1.226474 -0.176634
v 1.103427 1.218179 -0.162159
v 1.133298 1.218179 -0.176634
v 1.094911 1.218179 -0.176067
v 1.127659 1.218179 -0.191937
v 1.094911 1.258874 -0.176067
v 1.127659 1.258874 -0.191937
v 1.065888 1.258874 -0.154113
v 1.103427 1.258874 -0.162159
v 1.103427 1.250578 -0.162159
v 1.076954 1.258874 -0.142134
v 1.076954 1.250578 -0.142134
v 1.054896 1.258874 -0.117329
v 1.054896 1.250578 -0.117329
v 1.038102 1.250578 -0.088698
v 1.133298 1.250578 -0.176634
v 1.162874 1.218179 -0.201112
v 1.165419 1.218179 -0.185004
v 1.165419 1.226474 -0.185004
v 1.198556 1.226474 -0.186946
v 1.027215 1.226474 -0.057340
v 1.022655 1.226474 -0.024461
v 1.032968 1.250578 0.040797
v 1.185141 1.250578 0.151439
v 1.218278 1.258874 0.149497
v 1.218278 1.250578 0.149497
v 1.250399 1.250578 0.141127
v 1.280270 1.226474 0.126652
v 1.306743 1.226474 0.106627
v 1.345595 1.250578 0.053191
v 1.291424 1.250578 -0.154706
v 1.262792 1.250578 -0.171500
v 1.360406 0.780478 0.097383
v 1.355177 0.772467 0.093488
v 1.372289 0.791244 0.059290
v 1.376264 0.768341 0.101059
v 1.342195 0.774555 0.134009
v 1.336967 0.766544 0.130114
v 1.356300 0.761847 0.141213
v 1.318357 0.773703 0.167761
v 1.313128 0.765691 0.163866
v 1.289807 0.777954 0.197341
v 1.330166 0.760913 0.178216
v 1.298866 0.765573 0.210645
v 1.304516 0.721612 0.159107
v 1.273216 0.726273 0.191537
v 1.330651 0.722547 0.122105
v 1.292708 0.734402 0.148653
v 1.316546 0.735255 0.114901
v 1.297936 0.742414 0.152548
v 1.264158 0.738653 0.178233
v 1.269386 0.746664 0.182128
v 1.231993 0.747844 0.202506
v 1.197450 0.761621 0.220537
v 1.237954 0.736349 0.218147
v 1.237222 0.755855 0.206401
v 1.202678 0.769632 0.224432
v 1.167084 0.787467 0.235530
v 1.131807 0.808674 0.239267
v 1.161855 0.779456 0.231635
v 1.126578 0.800662 0.235372
v 1.161061 0.771005 0.250081
v 1.122386 0.794254 0.254179
v 1.186710 0.810306 0.269189
v 1.200084 0.751453 0.237915
v 1.225733 0.790753 0.257023
v 1.263603 0.775649 0.237255
v 1.223099 0.800921 0.239645
v 1.257642 0.787144 0.221614
v 1.217870 0.792910 0.235750
v 1.187505 0.818756 0.250743
v 1.182276 0.810745 0.246848
v 1.152227 0.839963 0.254480
v 1.146999 0.831951 0.250585
v 1.148035 0.833555 0.273287
v 1.118622 0.863726 0.250714
v 1.113393 0.855715 0.246819
v 1.111194 0.859607 0.269158
v 1.087981 0.889133 0.239587
v 1.082753 0.881122 0.235692
v 1.077602 0.887461 0.256960
v 1.061481 0.915208 0.221530
v 1.056253 0.907196 0.217635
v 1.040141 0.940948 0.197235
v 1.048550 0.916047 0.237163
v 1.025155 0.944266 0.210528
v 1.022901 0.876746 0.218055
v 1.035832 0.875908 0.202422
v 0.999505 0.904966 0.191420
v 1.051952 0.848161 0.237852
v 1.062332 0.849833 0.220480
v 1.085545 0.820306 0.250049
v 1.092973 0.824426 0.231606
v 1.098201 0.832437 0.235501
v 1.067561 0.857844 0.224375
v 1.041061 0.883919 0.206317
v 1.019721 0.909659 0.182022
v 1.004361 0.934075 0.152423
v 1.014492 0.901648 0.178127
v 0.999133 0.926063 0.148527
v 0.990343 0.948217 0.114762
v 0.982666 0.931733 0.158970
v 0.973030 0.956021 0.121952
v 1.008315 0.971033 0.178078
v 0.998679 0.995321 0.141060
v 1.024782 0.965364 0.167636
v 1.019553 0.957352 0.163740
v 1.015992 0.987518 0.133870
v 1.010763 0.979506 0.129974
v 1.014110 1.006558 0.097235
v 1.008881 0.998547 0.093339
v 1.019209 1.021753 0.059139
v 0.996616 1.016195 0.100897
v 1.002206 1.032853 0.059131
v 0.970967 0.976895 0.081789
v 0.988461 0.967258 0.078127
v 0.976557 0.993553 0.040023
v 0.993560 0.982453 0.040031
v 0.989584 1.005356 -0.001738
v 1.009548 1.011849 -0.041893
v 1.015233 1.044656 0.017370
v 1.005442 0.993219 0.001937
v 1.023653 0.999142 -0.034689
v 1.010671 1.001230 0.005833
v 0.998788 0.990464 0.043926
v 1.028881 1.007153 -0.030793
v 1.052719 1.008005 -0.064546
v 1.081270 1.003755 -0.094126
v 1.047491 0.999994 -0.068441
v 1.076041 0.995743 -0.098021
v 1.035682 1.012784 -0.078895
v 1.066982 1.008124 -0.111324
v 1.061331 1.052084 -0.059787
v 1.092631 1.047424 -0.092217
v 1.035197 1.051150 -0.022785
v 1.073140 1.039294 -0.049333
v 1.067912 1.031283 -0.053228
v 1.049302 1.038442 -0.015580
v 1.101690 1.035044 -0.078913
v 1.096461 1.027032 -0.082808
v 1.133855 1.025853 -0.103186
v 1.128626 1.017842 -0.107081
v 1.127894 1.037348 -0.118827
v 1.168398 1.012076 -0.121217
v 1.163170 1.004064 -0.125112
v 1.165764 1.022244 -0.138595
v 1.203993 0.994241 -0.132315
v 1.198764 0.986229 -0.136210
v 1.239270 0.973034 -0.136052
v 1.204786 1.002692 -0.150761
v 1.243462 0.979442 -0.154858
v 1.179137 0.963391 -0.169869
v 1.178344 0.954940 -0.151422
v 1.217813 0.940142 -0.173967
v 1.140115 0.982944 -0.157703
v 1.142749 0.972775 -0.140325
v 1.102245 0.998048 -0.137935
v 1.108206 0.986553 -0.122294
v 1.113434 0.994564 -0.118399
v 1.147978 0.980786 -0.136430
v 1.183572 0.962952 -0.147527
v 1.218849 0.941745 -0.151265
v 1.252454 0.917982 -0.147498
v 1.213621 0.933734 -0.155160
v 1.247226 0.909970 -0.151393
v 1.277867 0.884563 -0.140268
v 1.254654 0.914090 -0.169837
v 1.288246 0.886236 -0.157640
v 1.280303 0.953390 -0.150729
v 1.313895 0.925536 -0.138531
v 1.272875 0.949271 -0.132285
v 1.267646 0.941259 -0.136180
v 1.303516 0.923864 -0.121159
v 1.298287 0.915852 -0.125054
v 1.330016 0.897789 -0.103101
v 1.324787 0.889777 -0.106997
v 1.351355 0.872049 -0.078806
v 1.342947 0.896950 -0.118734
v 1.366342 0.868731 -0.092099
v 1.317298 0.857650 -0.137843
v 1.304367 0.858489 -0.122210
v 1.340693 0.829431 -0.111207
v 1.325706 0.832749 -0.097914
v 1.357533 0.802663 -0.078757
v 1.367169 0.778376 -0.041739
v 1.383182 0.841964 -0.059650
v 1.341066 0.808333 -0.068315
v 1.349856 0.786179 -0.034549
v 1.346295 0.816344 -0.064420
v 1.330935 0.840760 -0.094019
v 1.355084 0.794190 -0.030654
v 1.356966 0.775150 0.005981
v 1.351868 0.759955 0.044077
v 1.351738 0.767139 0.002086
v 1.346639 0.751944 0.040181
v 1.369232 0.757502 -0.001576
v 1.363642 0.740843 0.040189
v 1.394881 0.796802 0.017532
v 1.389292 0.780143 0.059297
v 1.392818 0.817676 -0.022631
v 1.377387 0.806439 0.021194
v 1.372158 0.798428 0.017299
v 1.375505 0.825480 -0.015441
v 1.370276 0.817468 -0.019337
v 1.366715 0.847633 -0.049207
v 1.361487 0.839622 -0.053102
v 1.346127 0.864038 -0.082701
v 1.367060 0.783233 0.055394
v 1.350615 0.729040 0.081951
v 1.334756 0.741178 0.078275
v 1.339985 0.749189 0.082170
v 1.321774 0.743266 0.118796
v 1.309595 0.866500 -0.118314
v 1.283095 0.892575 -0.136372
v 1.234041 0.965023 -0.139947
v 1.044073 1.030431 -0.019476
v 1.031091 1.032519 0.021046
v 1.025863 1.024508 0.017150
v 1.013980 1.013741 0.055244
v 0.993689 0.975269 0.082022
v 0.995571 0.956229 0.118657
v 1.034913 0.932937 0.193339
v 1.252413 0.779133 0.217719
v 1.284578 0.769942 0.193446
v 1.207098 1.218089 -0.173389
v 1.207098 1.209793 -0.173389
v 1.174977 1.218089 -0.165020
v 1.204553 1.218089 -0.189498
v 1.240235 1.218089 -0.175332
v 1.240235 1.209793 -0.175332
v 1.240881 1.218089 -0.191627
v 1.273114 1.218089 -0.170772
v 1.273114 1.209793 -0.170772
v 1.304471 1.218089 -0.159886
v 1.276927 1.218089 -0.186628
v 1.311304 1.218089 -0.174693
v 1.276927 1.177394 -0.186628
v 1.311304 1.177394 -0.174693
v 1.240881 1.177394 -0.191627
v 1.273114 1.177394 -0.170772
v 1.240235 1.177394 -0.175332
v 1.273114 1.185689 -0.170772
v 1.304471 1.177394 -0.159886
v 1.304471 1.185689 -0.159886
v 1.333103 1.177394 -0.143091
v 1.357907 1.177394 -0.121034
v 1.342693 1.177394 -0.156281
v 1.333103 1.185689 -0.143091
v 1.357907 1.185689 -0.121034
v 1.377933 1.185689 -0.094561
v 1.392408 1.185689 -0.064690
v 1.377933 1.177394 -0.094561
v 1.392408 1.177394 -0.064690
v 1.391840 1.177394 -0.103076
v 1.407710 1.177394 -0.070329
v 1.391840 1.218089 -0.103076
v 1.369887 1.177394 -0.132099
v 1.369887 1.218089 -0.132099
v 1.342693 1.218089 -0.156281
v 1.357907 1.218089 -0.121034
v 1.333103 1.218089 -0.143091
v 1.357908 1.209793 -0.121034
v 1.377933 1.218089 -0.094561
v 1.377933 1.209793 -0.094561
v 1.392408 1.218089 -0.064689
v 1.392408 1.209793 -0.064690
v 1.407710 1.218089 -0.070329
v 1.400778 1.218089 -0.032568
v 1.400778 1.209793 -0.032568
v 1.416886 1.218089 -0.035114
v 1.402720 1.218089 0.000568
v 1.402720 1.209793 0.000568
v 1.419016 1.218089 0.001215
v 1.398161 1.218089 0.033447
v 1.398161 1.209793 0.033447
v 1.387274 1.218089 0.064805
v 1.414017 1.218089 0.037260
v 1.402082 1.218089 0.071638
v 1.414017 1.177394 0.037260
v 1.398161 1.177394 0.033447
v 1.402082 1.177394 0.071638
v 1.419016 1.177394 0.001215
v 1.402720 1.177394 0.000568
v 1.416886 1.177394 -0.035114
v 1.400778 1.177394 -0.032568
v 1.400778 1.185689 -0.032568
v 1.402720 1.185689 0.000568
v 1.398161 1.185689 0.033447
v 1.387274 1.185689 0.064805
v 1.370480 1.185689 0.093436
v 1.387274 1.177394 0.064805
v 1.370480 1.177394 0.093436
v 1.348422 1.177394 0.118241
v 1.383670 1.177394 0.103027
v 1.359488 1.177394 0.130221
v 1.383670 1.218089 0.103027
v 1.359488 1.218089 0.130221
v 1.370480 1.218089 0.093436
v 1.370480 1.209793 0.093436
v 1.348422 1.218089 0.118241
v 1.348422 1.209793 0.118241
v 1.321949 1.218089 0.138266
v 1.321949 1.209793 0.138266
v 1.292078 1.218089 0.152741
v 1.330465 1.218089 0.152174
v 1.297717 1.218089 0.168044
v 1.330465 1.177394 0.152174
v 1.321949 1.177394 0.138266
v 1.297717 1.177394 0.168044
v 1.292078 1.177394 0.152741
v 1.262502 1.177394 0.177220
v 1.226174 1.177394 0.179349
v 1.262502 1.218089 0.177220
v 1.259957 1.177394 0.161112
v 1.226820 1.177394 0.163054
v 1.259957 1.185689 0.161112
v 1.292078 1.185689 0.152741
v 1.226820 1.185689 0.163054
v 1.193941 1.185689 0.158494
v 1.162583 1.185689 0.147608
v 1.193941 1.177394 0.158494
v 1.162583 1.177394 0.147608
v 1.190128 1.177394 0.174351
v 1.155751 1.177394 0.162416
v 1.190128 1.218089 0.174351
v 1.155750 1.218089 0.162416
v 1.226174 1.218089 0.179349
v 1.193941 1.218089 0.158494
v 1.193941 1.209793 0.158494
v 1.226820 1.218089 0.163054
v 1.162583 1.218089 0.147608
v 1.162583 1.209793 0.147608
v 1.133952 1.218089 0.130813
v 1.133952 1.209793 0.130813
v 1.124362 1.218089 0.144004
v 1.109147 1.218089 0.108755
v 1.109147 1.209793 0.108755
v 1.097168 1.218089 0.119821
v 1.089122 1.218089 0.082282
v 1.089122 1.209793 0.082282
v 1.074647 1.218089 0.052411
v 1.075214 1.218089 0.090799
v 1.059345 1.218089 0.058050
v 1.075214 1.177394 0.090799
v 1.089122 1.177394 0.082282
v 1.059345 1.177394 0.058050
v 1.097168 1.177394 0.119821
v 1.109147 1.177394 0.108755
v 1.124362 1.177394 0.144004
v 1.133952 1.177394 0.130813
v 1.133952 1.185689 0.130813
v 1.109147 1.185689 0.108755
v 1.089122 1.185689 0.082282
v 1.074647 1.185689 0.052411
v 1.066277 1.185689 0.020290
v 1.074647 1.177394 0.052411
v 1.066277 1.177394 0.020290
v 1.064334 1.177394 -0.012846
v 1.050169 1.177394 0.022836
v 1.048039 1.177394 -0.013492
v 1.050169 1.218089 0.022836
v 1.048039 1.218089 -0.013492
v 1.066277 1.218089 0.020290
v 1.066277 1.209793 0.020290
v 1.064334 1.218089 -0.012846
v 1.064335 1.209793 -0.012846
v 1.068894 1.218089 -0.045726
v 1.068894 1.209793 -0.045726
v 1.079781 1.218089 -0.077083
v 1.053038 1.218089 -0.049538
v 1.064973 1.218089 -0.083916
v 1.053038 1.177394 -0.049538
v 1.068894 1.177394 -0.045726
v 1.064973 1.177394 -0.083916
v 1.079781 1.177394 -0.077083
v 1.083385 1.177394 -0.115305
v 1.107567 1.177394 -0.142499
v 1.083385 1.218089 -0.115305
v 1.096575 1.177394 -0.105715
v 1.118633 1.177394 -0.130519
v 1.096575 1.185689 -0.105714
v 1.079781 1.185689 -0.077083
v 1.118633 1.185689 -0.130519
v 1.145106 1.185689 -0.150544
v 1.174977 1.185689 -0.165020
v 1.145106 1.177394 -0.150544
v 1.174977 1.177394 -0.165020
v 1.136590 1.177394 -0.164452
v 1.169338 1.177394 -0.180322
v 1.136590 1.218089 -0.164452
v 1.169338 1.218089 -0.180322
v 1.107567 1.218089 -0.142498
v 1.145106 1.218089 -0.150544
v 1.145106 1.209793 -0.150544
v 1.118633 1.218089 -0.130519
v 1.118633 1.209793 -0.130519
v 1.096575 1.218089 -0.105714
v 1.096575 1.209793 -0.105714
v 1.079781 1.209793 -0.077083
v 1.174977 1.209793 -0.165020
v 1.204553 1.177394 -0.189498
v 1.207098 1.177394 -0.173389
v 1.207098 1.185689 -0.173389
v 1.240235 1.185689 -0.175332
v 1.068894 1.185689 -0.045726
v 1.064334 1.185689 -0.012846
v 1.074647 1.209793 0.052411
v 1.226820 1.209793 0.163054
v 1.259957 1.218089 0.161112
v 1.259957 1.209793 0.161112
v 1.292078 1.209793 0.152741
v 1.321949 1.185689 0.138266
v 1.348422 1.185689 0.118241
v 1.387274 1.209793 0.064805
v 1.333103 1.209793 -0.143091
v 1.304471 1.209793 -0.159886
v 1.115750 1.172749 -0.199953
v 1.115750 1.164453 -0.199953
v 1.083629 1.172749 -0.191584
v 1.113204 1.172749 -0.216062
v 1.148887 1.172749 -0.201896
v 1.148887 1.164453 -0.201896
v 1.149533 1.172749 -0.218192
v 1.181766 1.172749 -0.197336
v 1.181766 1.164453 -0.197336
v 1.213123 1.172749 -0.186450
v 1.185578 1.172749 -0.213193
v 1.219956 1.172749 -0.201258
v 1.185578 1.132054 -0.213193
v 1.219956 1.132054 -0.201258
v 1.149533 1.132054 -0.218192
v 1.181766 1.132054 -0.197336
v 1.148887 1.132054 -0.201896
v 1.181766 1.140349 -0.197336
v 1.213123 1.132054 -0.186450
v 1.213123 1.140349 -0.186450
v 1.241755 1.132054 -0.169656
v 1.266559 1.132054 -0.147598
v 1.251345 1.132054 -0.182846
v 1.241755 1.140349 -0.169656
v 1.266559 1.140349 -0.147598
v 1.286584 1.140349 -0.121125
v 1.301060 1.140349 -0.091254
v 1.286584 1.132054 -0.121125
v 1.301060 1.132054 -0.091254
v 1.300492 1.132054 -0.129641
v 1.316362 1.132054 -0.096893
v 1.300492 1.172749 -0.129641
v 1.278539 1.132054 -0.158664
v 1.278539 1.172749 -0.158664
v 1.251345 1.172749 -0.182846
v 1.266559 1.172749 -0.147598
v 1.241755 1.172749 -0.169655
v 1.266559 1.164453 -0.147598
v 1.286584 1.172749 -0.121125
v 1.286584 1.164453 -0.121125
v 1.301060 1.172749 -0.091253
v 1.301060 1.164453 -0.091254
v 1.316362 1.172749 -0.096893
v 1.309430 1.172749 -0.059133
v 1.309430 1.164453 -0.059133
v 1.325538 1.172749 -0.061678
v 1.311372 1.172749 -0.025996
v 1.311372 1.164453 -0.025996
v 1.327667 1.172749 -0.025350
v 1.306813 1.172749 0.006883
v 1.306813 1.164453 0.006883
v 1.295926 1.172749 0.038241
v 1.322669 1.172749 0.010696
v 1.310734 1.172749 0.045074
v 1.322669 1.132054 0.010696
v 1.306813 1.132054 0.006883
v 1.310734 1.132054 0.045074
v 1.327667 1.132054 -0.025350
v 1.311372 1.132054 -0.025996
v 1.325538 1.132054 -0.061678
v 1.309430 1.132054 -0.059133
v 1.309430 1.140349 -0.059133
v 1.311372 1.140349 -0.025996
v 1.306813 1.140349 0.006883
v 1.295926 1.140349 0.038241
v 1.279131 1.140349 0.066872
v 1.295926 1.132054 0.038241
v 1.279131 1.132054 0.066872
v 1.257074 1.132054 0.091677
v 1.292322 1.132054 0.076463
v 1.268139 1.132054 0.103656
v 1.292322 1.172749 0.076463
v 1.268139 1.172749 0.103656
v 1.279131 1.172749 0.066872
v 1.279131 1.164453 0.066872
v 1.257074 1.172749 0.091677
v 1.257074 1.164453 0.091677
v 1.230601 1.172749 0.111702
v 1.230601 1.164453 0.111702
v 1.200730 1.172749 0.126177
v 1.239117 1.172749 0.125610
v 1.206369 1.172749 0.141479
v 1.239117 1.132054 0.125610
v 1.230601 1.132054 0.111702
v 1.206369 1.132054 0.141479
v 1.200730 1.132054 0.126177
v 1.171154 1.132054 0.150655
v 1.134826 1.132054 0.152785
v 1.171154 1.172749 0.150655
v 1.168608 1.132054 0.134547
v 1.135472 1.132054 0.136490
v 1.168608 1.140349 0.134547
v 1.200730 1.140349 0.126177
v 1.135472 1.140349 0.136490
v 1.102593 1.140349 0.131930
v 1.071235 1.140349 0.121044
v 1.102593 1.132054 0.131930
v 1.071235 1.132054 0.121043
v 1.098780 1.132054 0.147786
v 1.064402 1.132054 0.135851
v 1.098780 1.172749 0.147786
v 1.064402 1.172749 0.135852
v 1.134826 1.172749 0.152785
v 1.102593 1.172749 0.131930
v 1.102593 1.164453 0.131930
v 1.135472 1.172749 0.136490
v 1.071235 1.172749 0.121044
v 1.071235 1.164453 0.121044
v 1.042604 1.172749 0.104249
v 1.042604 1.164453 0.104249
v 1.033013 1.172749 0.117439
v 1.017799 1.172749 0.082191
v 1.017799 1.164453 0.082191
v 1.005819 1.172749 0.093257
v 0.997774 1.172749 0.055718
v 0.997774 1.164453 0.055718
v 0.983299 1.172749 0.025847
v 0.983866 1.172749 0.064234
v 0.967996 1.172749 0.031486
v 0.983866 1.132054 0.064234
v 0.997774 1.132054 0.055718
v 0.967996 1.132054 0.031486
v 1.005819 1.132054 0.093257
v 1.017799 1.132054 0.082191
v 1.033013 1.132054 0.117439
v 1.042604 1.132054 0.104249
v 1.042604 1.140349 0.104249
v 1.017799 1.140349 0.082191
v 0.997774 1.140349 0.055718
v 0.983299 1.140349 0.025847
v 0.974929 1.140349 -0.006274
v 0.983299 1.132054 0.025847
v 0.974929 1.132054 -0.006274
v 0.972986 1.132054 -0.039411
v 0.958820 1.132054 -0.003728
v 0.956691 1.132054 -0.040057
v 0.958820 1.172749 -0.003728
v 0.956691 1.172749 -0.040057
v 0.974929 1.172749 -0.006274
v 0.974929 1.164453 -0.006274
v 0.972986 1.172749 -0.039411
v 0.972986 1.164453 -0.039411
v 0.977546 1.172749 -0.072290
v 0.977546 1.164453 -0.072290
v 0.988432 1.172749 -0.103647
v 0.961690 1.172749 -0.076102
v 0.973625 1.172749 -0.110480
v 0.961690 1.132054 -0.076103
v 0.977546 1.132054 -0.072290
v 0.973625 1.132054 -0.110480
v 0.988432 1.132054 -0.103647
v 0.992037 1.132054 -0.141869
v 1.016219 1.132054 -0.169063
v 0.992037 1.172749 -0.141869
v 1.005227 1.132054 -0.132279
v 1.027285 1.132054 -0.157083
v 1.005227 1.140349 -0.132279
v 0.988432 1.140349 -0.103647
v 1.027285 1.140349 -0.157083
v 1.053758 1.140349 -0.177108
v 1.083629 1.140349 -0.191584
v 1.053758 1.132054 -0.177108
v 1.083629 1.132054 -0.191584
v 1.045242 1.132054 -0.191016
v 1.077990 1.132054 -0.206886
v 1.045242 1.172749 -0.191016
v 1.077990 1.172749 -0.206886
v 1.016219 1.172749 -0.169063
v 1.053758 1.172749 -0.177108
v 1.053758 1.164453 -0.177108
v 1.027285 1.172749 -0.157083
v 1.027285 1.164453 -0.157083
v 1.005227 1.172749 -0.132279
v 1.005227 1.164453 -0.132279
v 0.988432 1.164453 -0.103647
v 1.083629 1.164453 -0.191584
v 1.113204 1.132054 -0.216062
v 1.115750 1.132054 -0.199953
v 1.115750 1.140349 -0.199953
v 1.148887 1.140349 -0.201896
v 0.977546 1.140349 -0.072290
v 0.972986 1.140349 -0.039411
v 0.983299 1.164453 0.025847
v 1.135472 1.164453 0.136490
v 1.168608 1.172749 0.134547
v 1.168608 1.164453 0.134547
v 1.200730 1.164453 0.126177
v 1.230601 1.140349 0.111702
v 1.257074 1.140349 0.091677
v 1.295926 1.164453 0.038241
v 1.241755 1.164453 -0.169655
v 1.213123 1.164453 -0.186450
v 1.062187 0.965445 -0.036038
v 1.061776 0.965816 -0.036745
v 1.053831 0.962883 -0.019068
v 1.062895 0.969788 -0.035245
v 1.057325 0.965668 -0.029878
v 1.253264 0.743094 0.121673
v 1.240551 0.746547 0.133246
v 1.251848 0.741693 0.124550
v 1.255863 0.746866 0.120746
v 1.250005 0.743290 0.125729
v 1.252738 0.741578 0.123587
v 1.258236 0.745881 0.110546
v 1.249884 0.747095 0.128409
v 1.058298 0.969964 -0.029353
v 1.266231 0.735550 0.113909
v 1.261220 0.746684 0.113858
v 1.313378 0.743415 0.040912
v 1.071476 0.962505 -0.042149
v 1.066645 0.965039 -0.045994
v 1.069737 0.969403 -0.043818
v 1.098502 0.960826 -0.075611
v 1.093295 0.963454 -0.079265
v 1.106033 0.963188 -0.090970
v 1.097080 0.967783 -0.077940
v 1.318427 0.744724 0.040321
v 1.105856 0.963548 -0.092371
v 1.108381 0.967524 -0.092712
v 1.097816 0.966546 -0.079747
v 1.324372 0.739593 0.025131
v 1.321733 0.733909 0.026555
v 1.324627 0.743543 0.027163
v 1.320657 0.741163 0.028582
v 1.328252 0.734281 0.025285
v 1.323074 0.740294 0.017470
v 1.324698 0.743723 0.027535
v 1.104500 0.967345 -0.087531
v 1.333460 0.728417 0.018307
v 1.329280 0.741327 0.014779
v 1.354769 0.729208 -0.037963
v 1.108821 0.958959 -0.091696
v 1.101283 0.952202 -0.107687
v 1.109992 0.965169 -0.098770
v 1.109147 0.946728 -0.114277
v 1.107495 0.942234 -0.119181
v 1.098476 0.949210 -0.113133
v 1.110511 0.952326 -0.122949
v 1.360654 0.731478 -0.044195
v 1.097908 0.955585 -0.121595
v 1.059810 0.904446 -0.141435
v 1.066546 0.897250 -0.145089
v 1.071729 0.901901 -0.144663
v 1.059193 0.909972 -0.150440
v 1.055591 0.898945 -0.141152
v 1.044448 0.885955 -0.138652
v 1.029895 0.888671 -0.132419
v 1.052103 0.905769 -0.148434
v 1.097986 0.959826 -0.114250
v 1.028627 0.886806 -0.131101
v 1.031393 0.894331 -0.140856
v 1.040653 0.886641 -0.141088
v 1.096230 0.966611 -0.082791
v 1.096669 0.971238 -0.092223
v 1.100428 0.971268 -0.097315
v 1.035152 0.894361 -0.145949
v 1.029847 0.889795 -0.126576
v 1.038904 0.889804 -0.141411
v 1.031860 0.885493 -0.125518
v 1.039364 0.886001 -0.144446
v 1.311695 0.617303 0.001080
v 1.315386 0.619365 0.002277
v 1.302316 0.615998 0.009768
v 1.314584 0.613416 -0.003865
v 1.317793 0.610794 0.002807
v 1.321401 0.618343 -0.005809
v 1.319209 0.623927 -0.007801
v 1.315235 0.613604 -0.004357
v 1.035527 0.886114 -0.139188
v 1.332593 0.617836 -0.005912
v 1.324030 0.618648 -0.011924
v 1.351261 0.649141 -0.045416
v 1.354810 0.655320 -0.049249
v 1.363880 0.636684 -0.040820
v 1.355513 0.648422 -0.054033
v 1.067474 0.901263 -0.154660
v 1.045018 0.888206 -0.147637
v 1.367734 0.642893 -0.044413
v 1.367823 0.635651 -0.049149
v 1.390649 0.605713 -0.027281
v 1.392715 0.606005 -0.035845
v 1.398673 0.591680 -0.023239
v 1.397826 0.606418 -0.030460
v 1.357562 0.605446 -0.003155
v 1.354620 0.601453 -0.001083
v 1.367349 0.592657 0.003762
v 1.352040 0.609981 0.000167
v 1.347698 0.606189 0.007767
v 1.366397 0.592675 0.007027
v 1.393387 0.626040 0.032224
v 1.331364 0.619433 -0.006541
v 1.333274 0.611938 0.000205
v 1.334805 0.724026 0.017390
v 1.337169 0.719745 0.025432
v 1.393288 0.623212 0.041229
v 1.397460 0.626612 0.028990
v 1.400490 0.610252 0.033726
v 1.398499 0.607513 0.043379
v 1.402312 0.613876 0.031802
v 1.415599 0.531585 0.050404
v 1.416470 0.526340 0.059395
v 1.422070 0.530623 0.047216
v 1.420741 0.524641 0.045959
v 1.383602 0.512605 0.022037
v 1.376822 0.511546 0.028902
v 1.384705 0.510473 0.017877
v 1.386208 0.508748 0.019617
v 1.384591 0.503152 0.023474
v 1.417743 0.507368 -0.006165
v 1.422796 0.502932 -0.011529
v 1.422485 0.513482 -0.011050
v 1.415406 0.510333 -0.008552
v 1.440486 0.519165 0.009123
v 1.448897 0.512671 0.008545
v 1.442015 0.524648 0.000968
v 1.442120 0.525294 0.009884
v 1.450805 0.519819 0.009374
v 1.423400 0.607589 -0.004587
v 1.431961 0.604941 -0.007422
v 1.424790 0.602198 -0.011444
v 1.418458 0.620013 -0.007875
v 1.426687 0.618152 -0.010808
v 1.419894 0.617441 -0.014901
v 1.364512 0.717272 -0.034365
v 1.369566 0.707808 -0.039390
v 1.371228 0.718452 -0.039780
v 1.339836 0.727674 0.018494
v 1.400883 0.623310 0.035672
v 1.358446 0.724182 -0.043615
v 1.376382 0.708454 -0.047053
v 1.372138 0.643258 -0.053616
v 1.427942 0.616356 -0.020788
v 1.402270 0.606852 -0.039690
v 1.364236 0.726171 -0.051760
v 1.108604 0.947672 -0.128194
v 1.359465 0.655968 -0.058538
v 1.073171 0.906009 -0.154293
v 1.432876 0.600639 -0.017808
v 1.407209 0.591089 -0.025240
v 1.410846 0.592419 -0.034751
v 1.428817 0.511246 -0.018735
v 1.450847 0.519467 -0.001792
v 1.406327 0.610066 0.038202
v 1.425172 0.524944 0.054998
v 1.423637 0.517721 0.053504
v 1.418789 0.507715 -0.015262
v 1.380000 0.507939 0.020275
v 1.399881 0.593121 -0.032113
v 1.361093 0.593344 0.003424
v 1.358851 0.592719 0.012886
v 1.336644 0.611043 -0.006902
v 1.319370 0.612709 0.001650
v 1.324200 0.614288 -0.000775
v 1.330050 0.731343 0.033142
v 1.330508 0.729971 0.024755
v 1.308651 0.603204 0.022252
v 1.304141 0.611583 0.006377
v 1.236875 0.618732 0.093456
v 1.251200 0.605198 0.096349
v 1.228737 0.616125 0.108606
v 1.235570 0.613883 0.094567
v 1.004797 0.887365 -0.092029
v 1.003199 0.891366 -0.093310
v 0.990164 0.892611 -0.080202
v 1.000609 0.887878 -0.095398
v 1.028033 0.886252 -0.129620
v 0.991445 0.889060 -0.078933
v 0.989169 0.888440 -0.080932
v 0.994954 0.892370 -0.086237
v 0.987084 0.887757 -0.068866
v 0.996424 0.888856 -0.085371
v 0.993741 0.888265 -0.086792
v 1.229771 0.616987 0.106013
v 1.216637 0.620438 0.117496
v 1.226944 0.617516 0.110305
v 1.229356 0.614093 0.102557
v 1.224235 0.614290 0.109120
v 1.223979 0.615050 0.123161
v 1.235330 0.611770 0.107270
v 1.233186 0.616037 0.104607
v 1.244174 0.611257 0.100909
v 1.230172 0.611967 0.113881
v 1.254344 0.737306 0.132132
v 1.260336 0.737077 0.124453
v 1.242646 0.605235 0.107669
v 1.263738 0.727501 0.117719
v 1.282016 0.573707 0.107072
v 1.275856 0.571806 0.114045
v 1.293455 0.557568 0.111170
v 1.284835 0.572041 0.101470
v 1.328559 0.593987 0.141460
v 1.327404 0.591026 0.150949
v 1.334823 0.594747 0.138208
v 1.334296 0.577710 0.142650
v 1.331711 0.574910 0.152383
v 1.338883 0.583184 0.139915
v 1.352361 0.480889 0.152359
v 1.352554 0.475605 0.161529
v 1.360524 0.480070 0.149552
v 1.359101 0.474518 0.148145
v 1.323267 0.464425 0.126889
v 1.317264 0.462437 0.134388
v 1.324938 0.461804 0.121146
v 1.327379 0.459210 0.122907
v 1.324707 0.454121 0.127909
v 1.346138 0.458660 0.098816
v 1.350231 0.453374 0.095085
v 1.343874 0.461273 0.096783
v 1.349139 0.463710 0.093636
v 1.378791 0.473966 0.122835
v 1.386870 0.467045 0.123264
v 1.380634 0.479507 0.123703
v 1.381368 0.480070 0.115068
v 1.390163 0.474501 0.113162
v 1.369856 0.576739 0.096896
v 1.378574 0.573542 0.092112
v 1.368456 0.582265 0.101981
v 1.367273 0.592771 0.091788
v 1.328725 0.556783 0.065595
v 1.332682 0.556418 0.056816
v 1.323666 0.555880 0.068306
v 1.323071 0.572576 0.054172
v 1.328490 0.569889 0.046850
v 1.317881 0.571423 0.058444
v 1.311897 0.608171 0.014896
v 1.318026 0.603094 0.010075
v 1.324512 0.724148 0.041161
v 1.319569 0.733021 0.047027
v 1.333148 0.721147 0.038634
v 1.376061 0.589649 0.088314
v 1.326668 0.732111 0.045896
v 1.365784 0.593696 0.098512
v 1.373973 0.589985 0.098479
v 1.336799 0.591069 0.146298
v 1.269539 0.734066 0.119323
v 1.319041 0.569795 0.052069
v 1.278691 0.570998 0.104009
v 1.311365 0.598800 0.018135
v 1.248213 0.600901 0.099325
v 1.323003 0.556989 0.060804
v 1.294747 0.556618 0.105557
v 1.287307 0.558033 0.106711
v 1.319913 0.459173 0.124650
v 1.346013 0.458409 0.091085
v 1.354875 0.461334 0.086022
v 1.376790 0.578012 0.102055
v 1.341005 0.579059 0.148077
v 1.389019 0.473501 0.124268
v 1.363001 0.474262 0.157729
v 1.361346 0.467792 0.156088
v 1.285817 0.557786 0.117086
v 1.264711 0.723470 0.126567
v 1.219680 0.609426 0.134256
v 1.230328 0.607704 0.122409
v 1.248049 0.729203 0.137349
v 1.229406 0.590200 0.165096
v 1.235586 0.585911 0.159291
v 1.223042 0.589692 0.169441
v 1.234089 0.574981 0.178966
v 1.274115 0.610314 0.203977
v 1.282979 0.606693 0.201048
v 1.275749 0.594378 0.210357
v 1.272399 0.611441 0.210949
v 1.280564 0.607448 0.211245
v 1.274472 0.599864 0.215518
v 1.235336 0.613670 0.258224
v 1.245142 0.736282 0.141228
v 1.251144 0.734763 0.143111
v 1.181753 0.738891 0.222700
v 1.183773 0.738174 0.228716
v 1.179603 0.730393 0.227752
v 1.174840 0.749795 0.216895
v 1.177139 0.750779 0.220797
v 1.160502 0.756432 0.225332
v 1.033358 0.962072 0.009811
v 1.018597 0.966287 0.021074
v 1.029412 0.964668 0.004534
v 1.031625 0.969006 0.008027
v 1.051874 0.969782 -0.020439
v 1.244485 0.747373 0.135262
v 1.019376 0.966122 0.019334
v 1.025432 0.972773 0.000965
v 1.049064 0.965422 -0.022992
v 0.965958 0.891055 -0.042763
v 0.954301 0.889410 -0.029233
v 0.967256 0.886724 -0.040684
v 0.960155 0.895867 -0.047669
v 0.985586 0.891747 -0.070275
v 0.979436 0.896634 -0.074760
v 1.044712 0.973541 -0.026127
v 0.953403 0.892554 -0.031129
v 0.962421 0.887480 -0.043450
v 1.141155 0.622816 0.215221
v 1.153061 0.612167 0.220152
v 1.117182 0.649583 0.204999
v 1.137344 0.618865 0.219317
v 1.217973 0.614613 0.117068
v 0.982720 0.888259 -0.071987
v 1.136690 0.627187 0.220696
v 1.113056 0.646182 0.208230
v 1.118376 0.648433 0.202077
v 1.102499 0.663648 0.207155
v 1.120648 0.648844 0.210728
v 1.113188 0.645397 0.208920
v 0.960557 0.888771 -0.040949
v 0.959703 0.889684 -0.039239
v 0.954867 0.889321 -0.023076
v 0.953846 0.888247 -0.032955
v 0.950243 0.888882 -0.029388
v 0.952240 0.899540 -0.013806
v 0.946772 0.891976 -0.022026
v 0.952309 0.893035 -0.012629
v 0.953506 0.897958 -0.007905
v 0.955222 0.899407 -0.020456
v 0.943484 0.897878 -0.011323
v 1.039517 0.704602 0.234263
v 1.044446 0.691002 0.248177
v 1.034239 0.710686 0.237398
v 1.032454 0.704418 0.237574
v 1.098547 0.659955 0.210794
v 1.039449 0.697861 0.250864
v 1.025909 0.712313 0.242441
v 1.044103 0.743544 0.255305
v 1.049016 0.747520 0.255380
v 1.047827 0.729018 0.264995
v 1.036195 0.746637 0.261695
v 0.979211 0.928135 0.012564
v 0.984855 0.934047 0.001829
v 0.983686 0.932567 0.014615
v 0.970798 0.934437 0.014252
v 0.944604 0.902996 -0.005757
v 0.975375 0.938955 0.016354
v 1.020337 0.961883 0.023122
v 1.029258 0.967629 0.011230
v 0.976738 0.929234 0.005790
v 1.013543 0.968833 0.024828
v 1.136240 0.768363 0.233030
v 1.133133 0.770991 0.239586
v 1.137810 0.756865 0.243050
v 1.147026 0.766108 0.228473
v 1.146220 0.767291 0.235043
v 1.147167 0.759438 0.233910
v 1.148317 0.758005 0.241282
v 1.136196 0.756026 0.243104
v 1.165988 0.747422 0.228654
v 1.166584 0.746126 0.236344
v 1.131511 0.624386 0.228754
v 1.116852 0.644628 0.218645
v 1.140986 0.751201 0.249196
v 1.107458 0.659397 0.219985
v 1.140756 0.668510 0.301273
v 1.147577 0.663646 0.304772
v 1.138584 0.654156 0.307740
v 1.139776 0.668676 0.302142
v 1.109568 0.651306 0.249800
v 1.117580 0.645876 0.245833
v 1.101756 0.647091 0.254186
v 1.110533 0.638969 0.265771
v 1.118243 0.635284 0.259664
v 1.103926 0.634349 0.268193
v 1.118890 0.570874 0.290261
v 1.126573 0.567250 0.284086
v 1.110516 0.568553 0.289446
v 1.112910 0.563492 0.295716
v 1.139522 0.583239 0.313209
v 1.146146 0.576164 0.317202
v 1.136514 0.583348 0.317179
v 1.127976 0.572566 0.310412
v 1.133975 0.564722 0.314389
v 1.100624 0.561867 0.303251
v 1.100252 0.555846 0.311896
v 1.091513 0.567213 0.305764
v 1.099879 0.569067 0.310557
v 1.091668 0.560988 0.300624
v 1.094824 0.553374 0.302711
v 1.089189 0.561879 0.300601
v 1.089496 0.562426 0.298190
v 1.087660 0.558724 0.297773
v 1.068205 0.623136 0.291873
v 1.062426 0.625602 0.288631
v 1.067343 0.621970 0.295413
v 1.061809 0.638352 0.286957
v 1.057064 0.639656 0.283450
v 1.061295 0.637433 0.287968
v 1.053090 0.639204 0.291000
v 1.071342 0.644624 0.302878
v 1.065061 0.644715 0.311476
v 1.075263 0.629534 0.305242
v 1.077641 0.647380 0.305692
v 1.072233 0.647247 0.314704
v 1.082616 0.633279 0.309002
v 1.053389 0.735605 0.264980
v 1.046700 0.737807 0.272608
v 1.136108 0.757138 0.251015
v 1.144262 0.664144 0.308428
v 1.077436 0.632417 0.318216
v 1.140881 0.652451 0.306008
v 1.142856 0.647903 0.314392
v 1.142397 0.576256 0.322180
v 1.098163 0.564468 0.320012
v 1.068995 0.629170 0.313838
v 1.059059 0.624645 0.297025
v 1.089745 0.562110 0.314813
v 1.083810 0.559407 0.304771
v 1.040356 0.730877 0.272353
v 1.031260 0.699359 0.254570
v 1.108278 0.641745 0.249692
v 1.038586 0.690379 0.249172
v 1.104219 0.651979 0.223530
v 1.104864 0.658298 0.219284
v 1.108504 0.633114 0.259862
v 1.116985 0.564886 0.282971
v 1.120102 0.558404 0.290916
v 1.146987 0.648376 0.308299
v 1.112977 0.651317 0.223838
v 1.161909 0.757473 0.230125
v 1.022634 0.969756 0.018923
v 1.019471 0.970394 0.022081
v 1.041877 0.750660 0.262202
v 1.026032 0.969419 0.008727
v 0.971825 0.936916 0.000282
v 0.976931 0.941152 0.001604
v 0.946442 0.907010 -0.018630
v 0.946837 0.905697 -0.020817
v 1.017162 0.973188 0.011408
v 1.013643 0.973944 0.014937
v 0.951886 0.896281 -0.037226
v 0.948366 0.897037 -0.033697
v 1.148246 0.615770 0.224877
v 1.143988 0.611973 0.232798
v 1.179322 0.593640 0.228105
v 1.174491 0.590339 0.235760
v 1.192946 0.577795 0.231167
v 1.182257 0.592087 0.221245
v 1.229165 0.613121 0.261373
v 1.227818 0.610456 0.270839
v 1.234224 0.597193 0.263242
v 1.231722 0.594325 0.272976
v 1.239070 0.602210 0.260521
v 1.251298 0.508068 0.271541
v 1.251448 0.502816 0.280728
v 1.259562 0.507066 0.268711
v 1.258146 0.501488 0.267284
v 1.221350 0.491293 0.245444
v 1.215323 0.489337 0.252945
v 1.223127 0.488503 0.239534
v 1.225637 0.485837 0.241345
v 1.222859 0.480811 0.246451
v 1.249793 0.484146 0.210736
v 1.253803 0.478757 0.207213
v 1.247600 0.486700 0.208716
v 1.252779 0.488972 0.205669
v 1.283241 0.499706 0.235480
v 1.291273 0.492738 0.236032
v 1.285118 0.505234 0.236303
v 1.285884 0.505618 0.227714
v 1.294660 0.499976 0.225919
v 1.258534 0.486497 0.198135
v 1.284555 0.590788 0.205987
v 1.238664 0.573665 0.170693
v 1.293463 0.499185 0.236992
v 1.261964 0.501275 0.276933
v 1.282748 0.595476 0.215858
v 1.241061 0.598243 0.268718
v 1.260329 0.494792 0.275270
v 1.249628 0.483782 0.203159
v 1.229110 0.574451 0.181586
v 1.228958 0.574453 0.174613
v 1.194290 0.576894 0.225608
v 1.187374 0.577213 0.227344
v 1.218038 0.485878 0.243215
v 1.185825 0.577200 0.237677
v 1.177954 0.728321 0.237112
v 1.177673 0.588934 0.225026
v 1.225257 0.586009 0.164704
v 1.150484 0.607159 0.224439
v 1.222553 0.603216 0.133031
v 1.237101 0.610345 0.266307
v 1.256607 0.724686 0.136960
v 0.990456 0.896630 -0.089546
v 0.985897 0.896804 -0.083701
v 1.055733 0.973536 -0.040912
v 1.051173 0.973711 -0.035068
v 1.056725 0.965982 -0.030278
v 0.997334 0.896244 -0.098167
v 1.023909 0.894661 -0.131332
v 1.062611 0.973150 -0.049533
v 1.089185 0.971568 -0.082699
vn -0.9760 -0.0000 -0.2179
vn -0.9147 -0.0000 -0.4042
vn -0.0000 1.0000 -0.0000
vn -0.8183 -0.0000 -0.5748
vn -0.6904 -0.0000 -0.7234
vn 0.6904 -0.0000 0.7234
vn 0.8183 -0.0000 0.5748
vn -0.0000 -1.0000 -0.0000
vn -0.5360 -0.0000 -0.8442
vn -0.3610 -0.0000 -0.9326
vn -0.1721 -0.0000 -0.9851
vn 0.0234 -0.0000 -0.9997
vn -0.0234 -0.0000 0.9997
vn 0.1721 -0.0000 0.9851
vn 0.3610 -0.0000 0.9326
vn 0.2179 -0.0000 -0.9760
vn 0.4042 -0.0000 -0.9147
vn 0.5748 -0.0000 -0.8183
vn 0.7234 -0.0000 -0.6904
vn -0.7234 -0.0000 0.6904
vn -0.5748 -0.0000 0.8183
vn -0.4042 -0.0000 0.9147
vn -0.2179 -0.0000 0.9760
vn 0.8442 -0.0000 -0.5360
vn 0.9326 -0.0000 -0.3610
vn -0.9326 -0.0000 0.3610
vn -0.8442 -0.0000 0.5360
vn 0.9851 -0.0000 -0.1721
vn 0.9997 -0.0000 0.0234
vn -0.9997 -0.0000 -0.0234
vn -0.9851 -0.0000 0.1721
vn 0.9147 -0.0000 0.4041
vn 0.9760 -0.0000 0.2180
vn 0.6904 0.0001 0.7234
vn 0.5360 -0.0000 0.8442
vn 0.5360 0.0001 0.8442
vn -0.0233 -0.0000 0.9997
vn -0.9326 -0.0001 0.3610
vn -0.8442 -0.0001 0.5360
vn 0.9760 -0.0000 0.2179
vn 0.9147 -0.0000 0.4042
vn 0.0585 -0.0000 0.9983
vn 0.2522 -0.0000 0.9677
vn -0.1373 -0.0000 0.9905
vn -0.3280 -0.0000 0.9447
vn 0.3280 -0.0000 -0.9447
vn 0.1374 -0.0000 -0.9905
vn -0.5059 -0.0000 0.8626
vn -0.6645 -0.0000 0.7473
vn -0.7975 -0.0000 0.6033
vn -0.8999 -0.0000 0.4361
vn 0.8999 -0.0000 -0.4361
vn 0.7975 -0.0000 -0.6033
vn 0.6645 -0.0000 -0.7473
vn -0.6645 -0.0001 0.7473
vn -0.7975 -0.0001 0.6033
vn -0.9677 -0.0000 0.2522
vn -0.9983 -0.0000 0.0585
vn -0.9905 -0.0000 -0.1373
vn -0.9447 -0.0000 -0.3280
vn 0.9447 -0.0000 0.3280
vn 0.9905 -0.0000 0.1374
vn 0.9983 -0.0000 -0.0585
vn 0.9677 -0.0000 -0.2521
vn -0.8626 -0.0000 -0.5059
vn -0.8626 -0.0000 -0.5060
vn -0.7473 -0.0000 -0.6645
vn 0.7473 -0.0000 0.6645
vn 0.8626 -0.0000 0.5060
vn -0.6033 -0.0000 -0.7975
vn -0.4361 -0.0000 -0.8999
vn 0.4361 -0.0000 0.8999
vn 0.6033 -0.0000 0.7975
vn -0.0585 -0.0000 -0.9983
vn -0.2522 -0.0000 -0.9677
vn 0.1373 -0.0000 -0.9905
vn -0.1374 -0.0000 0.9905
vn 0.5059 -0.0000 -0.8626
vn -0.5060 -0.0000 0.8626
vn 0.5059 -0.0001 -0.8626
vn 0.9677 -0.0000 -0.2522
vn 0.9983 0.0001 -0.0585
vn 0.9905 0.0001 0.1374
vn 0.9905 -0.0000 0.1373
vn -0.9905 -0.0000 -0.1374
vn 0.8626 -0.0000 0.5059
vn -0.2521 -0.0000 -0.9677
vn 0.5060 -0.0000 -0.8626
vn -0.7414 0.6147 -0.2692
vn -0.7414 0.6148 -0.2692
vn -0.8131 0.5750 -0.0911
vn 0.5062 0.7756 0.3771
vn -0.6412 0.6309 -0.4369
vn -0.5163 0.6228 -0.5879
vn -0.5163 0.6228 -0.5878
vn 0.5163 -0.6228 0.5878
vn 0.6412 -0.6309 0.4369
vn -0.5062 -0.7756 -0.3771
vn -0.6412 0.6308 -0.4369
vn -0.5164 0.6227 -0.5879
vn -0.3716 0.5908 -0.7162
vn -0.3716 0.5907 -0.7162
vn -0.2127 0.5360 -0.8170
vn -0.0455 0.4607 -0.8864
vn 0.1234 0.3676 -0.9218
vn 0.1233 0.3676 -0.9218
vn -0.1233 -0.3677 0.9217
vn 0.0455 -0.4607 0.8864
vn 0.2127 -0.5360 0.8170
vn 0.2875 0.2605 -0.9217
vn 0.4406 0.1433 -0.8862
vn 0.5768 0.0206 -0.8166
vn 0.6908 -0.1028 -0.7157
vn -0.6908 0.1028 0.7157
vn -0.6908 0.1029 0.7157
vn -0.5768 -0.0206 0.8166
vn -0.4406 -0.1433 0.8862
vn -0.2875 -0.2605 0.9217
vn 0.5768 0.0206 -0.8167
vn 0.6908 -0.1029 -0.7157
vn 0.7782 -0.2224 -0.5873
vn 0.7783 -0.2223 -0.5872
vn 0.8358 -0.3333 -0.4363
vn -0.8358 0.3334 0.4363
vn -0.7782 0.2224 0.5873
vn 0.7783 -0.2223 -0.5873
vn 0.7783 -0.2224 -0.5873
vn 0.8612 -0.4315 -0.2685
vn 0.8535 -0.5131 -0.0904
vn 0.8536 -0.5131 -0.0904
vn -0.8535 0.5131 0.0904
vn -0.8536 0.5131 0.0904
vn -0.8612 0.4315 0.2685
vn 0.7413 -0.6148 0.2692
vn 0.7414 -0.6147 0.2692
vn 0.8131 -0.5750 0.0911
vn 0.5163 -0.6228 0.5879
vn 0.6411 -0.6309 0.4369
vn 0.3717 -0.5908 0.7162
vn 0.3716 -0.5908 0.7162
vn 0.0456 -0.4606 0.8864
vn -0.1233 -0.3676 0.9218
vn -0.1234 -0.3676 0.9218
vn 0.1234 0.3677 -0.9217
vn 0.3717 -0.5907 0.7162
vn -0.4406 -0.1434 0.8862
vn -0.2875 -0.2604 0.9217
vn -0.5768 -0.0207 0.8166
vn 0.8358 -0.3334 -0.4363
vn -0.8358 0.3333 0.4363
vn -0.8535 0.5131 0.0905
vn -0.8612 0.4316 0.2685
vn -0.7783 0.2223 0.5873
vn 0.8131 -0.5750 0.0912
vn -0.7413 0.6148 -0.2692
vn -0.3717 0.5907 -0.7162
vn 0.2521 -0.0000 0.9677
vn -0.8999 -0.0001 0.4361
vn -0.9677 -0.0000 0.2521
vn 0.3279 -0.0000 -0.9447
vn 0.5060 -0.0000 -0.8625
vn 0.7473 -0.0001 0.6645
vn 0.8626 -0.0001 0.5059
vn -0.8625 -0.0000 -0.5060
vn 0.3280 0.0001 -0.9447
vn -0.3279 -0.0000 0.9447
vn -0.5060 -0.0000 0.8625
vn 0.5060 0.0001 -0.8626
vn 0.5060 0.0001 -0.8625
vn 0.2717 0.9222 0.2751
vn 0.2718 0.9222 0.2751
vn -0.3465 -0.9057 -0.2440
vn -0.3464 -0.9058 -0.2441
vn -0.3465 -0.9058 -0.2440
vn 0.5490 0.7431 0.3825
vn 0.5493 0.7431 0.3822
vn 0.5492 0.7431 0.3823
vn -0.4663 0.2042 0.8608
vn -0.4663 0.2042 0.8607
vn 0.7598 -0.2400 0.6043
vn 0.7620 0.4490 0.4667
vn 0.7620 0.4489 0.4667
vn -0.7212 -0.4329 -0.5409
vn -0.7209 -0.4321 -0.5419
vn -0.7211 -0.4327 -0.5412
vn -0.7226 0.3713 -0.5831
vn -0.7226 0.3712 -0.5831
vn 0.6529 0.4494 0.6098
vn 0.6529 0.4493 0.6098
vn 0.5254 0.7440 0.4128
vn 0.5252 0.7440 0.4130
vn 0.7383 0.1796 -0.6501
vn 0.7382 0.1796 -0.6502
vn 0.7383 0.1796 -0.6502
vn -0.5378 -0.7436 -0.3974
vn 0.6160 0.6349 0.4663
vn -0.6679 -0.0505 0.7425
vn -0.6679 -0.0504 0.7426
vn 0.1923 -0.9645 0.1808
vn 0.1924 -0.9645 0.1808
vn 0.3520 0.9209 0.1676
vn 0.3519 0.9209 0.1676
vn 0.3521 0.9209 0.1676
vn 0.3179 0.9244 0.2105
vn 0.3181 0.9244 0.2106
vn 0.3178 0.9245 0.2105
vn -0.7417 -0.3367 -0.5802
vn -0.7417 -0.3366 -0.5802
vn 0.2642 0.9269 0.2665
vn 0.5886 0.7445 0.3152
vn 0.1157 -0.3756 -0.9195
vn 0.5375 0.7438 0.3974
vn -0.3067 -0.9513 0.0306
vn -0.3066 -0.9513 0.0307
vn -0.3991 0.0935 0.9122
vn -0.3991 0.0935 0.9121
vn 0.7643 -0.2197 0.6063
vn 0.8996 0.3723 0.2282
vn 0.8996 0.3722 0.2283
vn 0.8996 0.3723 0.2283
vn -0.4464 -0.3016 0.8425
vn -0.4465 -0.3016 0.8424
vn -0.5296 0.4575 -0.7143
vn -0.5296 0.4574 -0.7143
vn 0.7593 0.6422 0.1056
vn 0.7593 0.6421 0.1055
vn 0.7593 0.6421 0.1056
vn 0.6752 0.7267 0.1266
vn -0.3392 -0.6655 -0.6649
vn -0.3391 -0.6655 -0.6649
vn -0.5544 -0.7402 -0.3803
vn -0.5543 -0.7402 -0.3805
vn -0.5543 -0.7403 -0.3804
vn 0.7077 0.6498 0.2771
vn 0.7077 0.6499 0.2771
vn 0.2974 0.6455 0.7035
vn 0.5144 -0.7475 0.4204
vn 0.5144 -0.7475 0.4203
vn 0.5144 -0.7474 0.4203
vn 0.2350 0.8763 -0.4206
vn 0.2350 0.8762 -0.4207
vn 0.1918 0.8552 -0.4815
vn -0.9909 0.1101 -0.0770
vn -0.9909 0.1101 -0.0769
vn 0.0931 0.7182 -0.6895
vn 0.6670 0.6124 -0.4243
vn 0.6670 0.6124 -0.4244
vn -0.4327 -0.6932 -0.5764
vn 0.6741 0.7364 0.0575
vn 0.6740 0.7364 0.0576
vn 0.6740 0.7365 0.0576
vn -0.0896 0.5869 -0.8047
vn -0.0895 0.5869 -0.8047
vn 0.8084 -0.4595 -0.3679
vn 0.9727 0.0206 -0.2310
vn 0.9727 0.0206 -0.2311
vn -0.1899 0.2973 -0.9357
vn -0.3187 0.1233 -0.9398
vn 0.4412 -0.6581 -0.6102
vn 0.4412 -0.6580 -0.6102
vn -0.3797 0.0804 -0.9216
vn -0.3797 0.0803 -0.9216
vn -0.4644 0.7217 -0.5134
vn -0.7451 0.2447 0.6205
vn -0.5480 0.7269 -0.4139
vn -0.4763 -0.6760 -0.5623
vn -0.4763 -0.6759 -0.5624
vn 0.8083 -0.5439 -0.2255
vn 0.5619 0.6616 0.4965
vn -0.5931 -0.7009 -0.3962
vn -0.5931 -0.7009 -0.3961
vn 0.5546 -0.7269 0.4050
vn 0.5546 -0.7269 0.4051
vn -0.6310 0.0451 0.7745
vn -0.6310 0.0452 0.7744
vn -0.6310 0.0451 0.7744
vn -0.7531 -0.4705 -0.4599
vn -0.7530 -0.4706 -0.4599
vn -0.4837 0.7255 -0.4896
vn -0.4836 0.7255 -0.4896
vn -0.4793 -0.7301 -0.4871
vn -0.4794 -0.7301 -0.4870
vn -0.7456 -0.6079 0.2729
vn -0.7456 -0.6079 0.2730
vn 0.7331 -0.3045 0.6082
vn -0.1608 -0.8021 -0.5751
vn -0.1609 -0.8021 -0.5751
vn 0.5518 0.2050 0.8084
vn 0.5518 0.2049 0.8084
vn -0.6873 -0.7250 0.0456
vn -0.6874 -0.7248 0.0458
vn -0.6873 -0.7249 0.0457
vn -0.3521 -0.4269 -0.8330
vn -0.3522 -0.4269 -0.8329
vn -0.2847 -0.6466 -0.7077
vn -0.2847 -0.6467 -0.7076
vn -0.2848 -0.6467 -0.7076
vn 0.5970 0.7537 0.2746
vn 0.5970 0.7537 0.2747
vn 0.5708 0.7500 0.3342
vn -0.3087 -0.6691 -0.6761
vn -0.3086 -0.6691 -0.6761
vn 0.7999 -0.0584 0.5972
vn 0.8000 -0.0585 0.5972
vn -0.6631 -0.7416 -0.1014
vn -0.6631 -0.7416 -0.1013
vn -0.1196 -0.4569 -0.8814
vn 0.0386 -0.3280 -0.9439
vn 0.0385 -0.3280 -0.9439
vn 0.5663 0.7675 0.3003
vn 0.5663 0.7676 0.3003
vn -0.2281 -0.5959 -0.7700
vn -0.2281 -0.5959 -0.7699
vn -0.4000 0.8777 0.2640
vn -0.1967 -0.5077 -0.8388
vn -0.7696 -0.0265 -0.6380
vn -0.7696 -0.0264 -0.6379
vn 0.6936 0.6870 0.2166
vn 0.3974 -0.8192 0.4134
vn 0.3975 -0.8192 0.4134
vn -0.2790 -0.4354 -0.8559
vn -0.2790 -0.4350 -0.8561
vn -0.5051 -0.5920 -0.6281
vn -0.5050 -0.5920 -0.6281
vn -0.1542 0.0829 0.9846
vn -0.7053 -0.6708 -0.2294
vn -0.7052 -0.6708 -0.2294
vn -0.4545 -0.7267 0.5151
vn -0.4546 -0.7266 0.5151
vn -0.0822 -0.7764 -0.6248
vn -0.0822 -0.7765 -0.6248
vn 0.4821 -0.8506 -0.2102
vn 0.4821 -0.8505 -0.2102
vn -0.5616 -0.1590 0.8120
vn -0.5615 -0.1590 0.8120
vn 0.3399 -0.2426 0.9086
vn 0.3400 -0.2426 0.9086
vn -0.9658 -0.0264 0.2581
vn 0.2686 0.2824 0.9209
vn 0.2685 0.2823 0.9210
vn 0.2685 0.2824 0.9210
vn 0.8497 0.5172 0.1028
vn 0.8497 0.5172 0.1027
vn -0.5320 -0.1781 0.8278
vn -0.5323 -0.1781 0.8276
vn 0.4812 0.3248 0.8142
vn 0.4812 0.3249 0.8142
vn 0.9603 0.2308 0.1565
vn -0.3614 0.9304 -0.0606
vn -0.3615 0.9304 -0.0605
vn 0.4429 0.2651 0.8565
vn 0.5160 -0.8445 -0.1434
vn 0.5160 -0.8445 -0.1435
vn 0.3925 -0.2718 0.8787
vn -0.2566 -0.6428 0.7218
vn -0.6270 -0.2769 -0.7281
vn -0.6271 -0.2769 -0.7281
vn -0.7961 -0.5977 0.0952
vn -0.7962 -0.5975 0.0950
vn -0.7963 -0.5974 0.0949
vn -0.9517 -0.2376 -0.1946
vn -0.6507 0.4739 0.5932
vn -0.6507 0.4739 0.5933
vn -0.6507 0.4740 0.5932
vn -0.6544 -0.1118 -0.7479
vn -0.6544 -0.1118 -0.7478
vn -0.6544 -0.1117 -0.7478
vn -0.4221 -0.7686 -0.4807
vn 0.2239 0.6638 -0.7136
vn 0.2240 0.6638 -0.7136
vn 0.0030 -0.6256 -0.7801
vn 0.6096 -0.7148 -0.3426
vn 0.6096 -0.7149 -0.3426
vn 0.6607 0.6990 0.2736
vn 0.9660 -0.2584 0.0074
vn 0.8273 -0.2833 0.4851
vn 0.8273 -0.2832 0.4851
vn -0.5913 -0.7735 -0.2281
vn -0.5912 -0.7736 -0.2281
vn -0.2920 -0.2385 -0.9262
vn -0.2919 -0.2385 -0.9262
vn 0.9758 0.2187 -0.0042
vn 0.4268 0.8965 0.1184
vn 0.4268 0.8966 0.1184
vn 0.4269 0.8965 0.1184
vn 0.9422 0.3350 -0.0003
vn 0.9422 0.3349 -0.0003
vn 0.8185 0.4150 0.3973
vn 0.8185 0.4149 0.3973
vn -0.4483 -0.4629 -0.7647
vn -0.4482 -0.4629 -0.7647
vn -0.3810 -0.9208 -0.0840
vn -0.3809 -0.9208 -0.0840
vn 0.8753 0.4834 -0.0114
vn 0.8143 0.5703 -0.1080
vn -0.1320 0.9591 -0.2503
vn -0.1321 0.9591 -0.2504
vn 0.7769 0.5217 0.3525
vn -0.6260 -0.2814 0.7273
vn -0.6260 -0.2813 0.7273
vn 0.4099 0.0558 -0.9104
vn -0.8318 0.0876 -0.5481
vn -0.8318 0.0877 -0.5481
vn 0.5898 0.5044 0.6306
vn 0.5897 0.5047 0.6305
vn 0.5897 0.5047 0.6306
vn 0.5321 0.0744 -0.8434
vn 0.5321 0.0745 -0.8434
vn 0.2356 -0.9429 0.2353
vn -0.6551 -0.6728 -0.3437
vn -0.6552 -0.6728 -0.3436
vn -0.6551 -0.6728 -0.3436
vn 0.8602 -0.0967 0.5007
vn 0.4751 0.7217 0.5034
vn 0.3972 0.1245 -0.9092
vn -0.5395 -0.7589 -0.3647
vn -0.7967 0.5752 0.1855
vn -0.7968 0.5751 0.1855
vn 0.5801 0.0400 -0.8136
vn 0.5800 0.0400 -0.8136
vn -0.2828 0.9331 -0.2223
vn 0.5370 0.2627 0.8017
vn 0.5369 0.2627 0.8017
vn -0.8400 -0.2659 -0.4730
vn -0.2364 -0.2195 -0.9465
vn -0.2370 -0.2197 -0.9463
vn 0.6141 -0.0197 -0.7890
vn -0.0116 -0.8232 0.5677
vn -0.0116 -0.8231 0.5677
vn 0.8508 0.2765 0.4469
vn -0.9194 -0.1405 0.3674
vn -0.9194 -0.1405 0.3673
vn 0.1917 -0.9575 0.2153
vn 0.1917 -0.9576 0.2153
vn 0.9342 0.2482 0.2565
vn 0.9342 0.2482 0.2564
vn 0.5187 -0.6230 0.5854
vn 0.5187 -0.6231 0.5854
vn -0.6488 -0.2830 -0.7064
vn 0.1466 0.9784 0.1457
vn 0.1467 0.9784 0.1457
vn 0.1462 0.2102 0.9667
vn 0.1463 0.2103 0.9666
vn -0.6141 0.0197 0.7890
vn -0.3748 -0.7037 -0.6036
vn 0.9974 -0.0683 -0.0231
vn 0.9974 -0.0684 -0.0231
vn 0.9972 -0.0704 -0.0238
vn -0.8541 -0.5167 0.0587
vn -0.8541 -0.5168 0.0586
vn -0.8541 -0.5168 0.0587
vn -0.8867 0.1690 -0.4304
vn -0.6402 -0.4146 0.6467
vn -0.6401 -0.4146 0.6468
vn -0.6402 -0.4146 0.6468
vn 0.1546 -0.2170 0.9638
vn 0.1547 -0.2170 0.9638
vn -0.5739 -0.6993 -0.4261
vn -0.5742 -0.6990 -0.4262
vn -0.5741 -0.6992 -0.4261
vn 0.7328 0.5135 -0.4463
vn 0.7328 0.5135 -0.4464
vn 0.7328 0.5136 -0.4463
vn 0.7826 -0.1070 0.6133
vn -0.5419 -0.8059 -0.2384
vn -0.5420 -0.8059 -0.2384
vn -0.5476 -0.7404 -0.3898
vn -0.4878 0.1723 0.8558
vn -0.6472 -0.4718 -0.5988
vn -0.7037 -0.4588 -0.5425
vn 0.1173 0.9922 0.0431
vn 0.1174 0.9922 0.0430
vn -0.5402 -0.7406 -0.3997
vn -0.5397 -0.7406 -0.4002
vn -0.5401 -0.7406 -0.3998
vn -0.7138 -0.4421 -0.5432
vn -0.7137 -0.4421 -0.5432
vn 0.3605 -0.2981 -0.8839
vn 0.3604 -0.2981 -0.8839
vn 0.7466 -0.2920 0.5978
vn -0.7143 -0.5437 -0.4406
vn -0.5282 -0.7411 -0.4144
vn -0.5283 -0.7411 -0.4144
vn -0.7443 -0.1932 0.6393
vn -0.7443 -0.1933 0.6393
vn -0.3319 -0.8695 -0.3658
vn -0.3319 -0.8695 -0.3657
vn 0.0763 -0.7304 0.6787
vn 0.0764 -0.7303 0.6788
vn -0.5529 0.7712 -0.3156
vn -0.5529 0.7711 -0.3156
vn 0.5405 0.7404 0.3996
vn 0.5405 0.7404 0.3995
vn 0.9680 -0.2144 0.1302
vn 0.9680 -0.2145 0.1302
vn 0.0949 -0.1431 0.9851
vn 0.0950 -0.1431 0.9851
vn 0.2250 -0.4322 -0.8733
vn 0.2251 -0.4321 -0.8733
vn 0.2250 -0.4322 -0.8732
vn 0.2568 -0.1820 0.9492
vn 0.9852 -0.1713 -0.0024
vn 0.9852 -0.1714 -0.0023
vn 0.9852 -0.1714 -0.0024
vn -0.7630 0.2348 -0.6023
vn -0.7629 0.2348 -0.6023
vn -0.4530 -0.8282 -0.3299
vn -0.4530 -0.8282 -0.3301
vn -0.6881 -0.7152 -0.1230
vn -0.6881 -0.7152 -0.1229
vn -0.9839 0.1639 0.0706
vn -0.4936 -0.6046 -0.6252
vn -0.4936 -0.6046 -0.6251
vn 0.4215 -0.9033 -0.0795
vn -0.7986 -0.5810 -0.1572
vn -0.5475 -0.1560 0.8221
vn 0.8737 0.4516 0.1808
vn 0.8737 0.4516 0.1809
vn 0.3691 0.2238 0.9020
vn 0.3692 0.2238 0.9020
vn 0.3691 0.2237 0.9021
vn 0.3678 0.3311 0.8690
vn 0.3678 0.3310 0.8690
vn 0.9548 0.2097 0.2105
vn 0.9549 0.2097 0.2104
vn -0.3464 0.9353 -0.0720
vn -0.3464 0.9353 -0.0719
vn 0.3445 0.1580 0.9254
vn 0.3446 0.1580 0.9254
vn 0.5279 -0.8304 -0.1782
vn 0.5279 -0.8304 -0.1783
vn 0.2826 -0.3030 0.9101
vn -0.2153 -0.6903 0.6907
vn -0.6399 -0.3296 -0.6942
vn -0.7524 -0.6539 0.0795
vn -0.9358 -0.3225 -0.1424
vn -0.6404 0.5777 0.5061
vn -0.6404 0.5777 0.5062
vn -0.7783 -0.1804 -0.6015
vn -0.7783 -0.1802 -0.6014
vn -0.7783 -0.1803 -0.6014
vn -0.5234 -0.7574 -0.3903
vn -0.5235 -0.7573 -0.3904
vn 0.3441 0.5492 -0.7616
vn 0.3441 0.5491 -0.7616
vn -0.1235 -0.6738 -0.7285
vn 0.6000 -0.7155 -0.3580
vn 0.5999 -0.7155 -0.3579
vn 0.5731 0.6974 0.4302
vn 0.5731 0.6975 0.4302
vn 0.5731 0.6975 0.4301
vn 0.9444 -0.3234 0.0592
vn 0.7395 -0.3372 0.5826
vn 0.4444 0.2262 0.8668
vn 0.4443 0.2262 0.8669
vn -0.0630 -0.8115 0.5809
vn -0.0631 -0.8115 0.5810
vn 0.9851 0.1377 0.1034
vn -0.1216 0.9262 -0.3568
vn -0.1215 0.9262 -0.3569
vn 0.9683 0.2215 0.1159
vn 0.9682 0.2215 0.1159
vn 0.6705 -0.1979 -0.7150
vn 0.6705 -0.1978 -0.7150
vn -0.8372 -0.3237 -0.4409
vn -0.8372 -0.3237 -0.4408
vn -0.3586 -0.6105 -0.7061
vn -0.3780 -0.3410 -0.8607
vn -0.3781 -0.3410 -0.8607
vn -0.7385 -0.5910 -0.3245
vn -0.7386 -0.5910 -0.3245
vn -0.0117 -0.8869 0.4617
vn -0.0118 -0.8869 0.4618
vn -0.2770 -0.7528 -0.5972
vn 0.9967 -0.0750 -0.0318
vn 0.9967 -0.0750 -0.0317
vn -0.3172 0.2518 -0.9143
vn -0.3173 0.2518 -0.9143
vn 0.9124 0.3677 0.1799
vn 0.9123 0.3678 0.1799
vn 0.4268 0.4405 0.7898
vn 0.7971 -0.0572 -0.6011
vn -0.1879 -0.3949 -0.8993
vn -0.1878 -0.3949 -0.8993
vn 0.1796 0.9776 0.1101
vn -0.4009 -0.8687 -0.2909
vn 0.7440 0.3465 0.5714
vn 0.7441 0.3462 0.5714
vn 0.7439 0.3466 0.5714
vn 0.7143 0.4392 0.5449
vn 0.7146 0.4390 0.5446
vn 0.7146 0.4390 0.5447
vn -0.8972 -0.3932 0.2008
vn -0.8973 -0.3932 0.2007
vn 0.9148 0.3872 0.1151
vn 0.9148 0.3873 0.1152
vn 0.3007 -0.9203 0.2501
vn 0.3008 -0.9203 0.2501
vn -0.6603 -0.5601 -0.5002
vn -0.5916 -0.6733 -0.4435
vn -0.5914 -0.6739 -0.4429
vn -0.5915 -0.6736 -0.4432
vn -0.7841 0.1048 -0.6117
vn 0.2783 0.4175 0.8650
vn 0.9678 0.2397 0.0764
vn 0.9678 0.2397 0.0763
vn 0.1982 0.9711 0.1332
vn 0.1982 0.9711 0.1331
vn 0.3156 0.2603 0.9125
vn -0.7437 -0.3488 -0.5703
vn 0.6530 -0.5507 0.5200
vn 0.6531 -0.5505 0.5200
vn 0.6530 -0.5506 0.5200
vn 0.6282 -0.0907 -0.7728
vn -0.0962 -0.2172 -0.9714
vn 0.4299 0.8462 0.3149
vn 0.4300 0.8461 0.3149
vn 0.4300 0.8462 0.3149
vn 0.7730 0.2171 0.5961
vn -0.5187 -0.7626 -0.3865
vn -0.5186 -0.7628 -0.3863
vn -0.5187 -0.7627 -0.3864
vn -0.9692 -0.1888 0.1580
vn -0.9692 -0.1888 0.1581
vn 0.2134 -0.9588 0.1877
vn -0.5967 -0.0515 0.8008
vn -0.4663 -0.1068 0.8781
vn -0.4663 -0.1068 0.8782
vn -0.1932 -0.8588 -0.4745
vn -0.1931 -0.8588 -0.4745
vn 0.0189 0.1193 -0.9927
vn 0.0191 0.1193 -0.9927
vn -0.7275 -0.6291 -0.2737
vn -0.7275 -0.6292 -0.2737
vn -0.1150 -0.8268 0.5507
vn -0.3390 -0.6773 -0.6529
vn -0.3390 -0.6773 -0.6530
vn -0.3389 -0.6773 -0.6530
vn 0.6808 -0.2971 -0.6695
vn 0.6807 -0.2971 -0.6696
vn 0.6807 -0.2972 -0.6696
vn 0.3846 0.5098 0.7695
vn 0.3847 0.5098 0.7695
vn 0.9727 0.1861 0.1385
vn 0.9727 0.1862 0.1385
vn 0.9379 0.3013 0.1717
vn 0.9379 0.3013 0.1718
vn -0.0562 -0.4886 -0.8707
vn -0.0563 -0.4886 -0.8707
vn -0.0561 -0.4886 -0.8707
vn -0.4075 -0.8702 -0.2771
vn -0.4075 -0.8702 -0.2770
vn 0.7434 0.3562 0.5661
vn 0.7434 0.3564 0.5660
vn 0.7434 0.3565 0.5660
vn 0.1738 0.9796 0.1007
vn 0.1738 0.9796 0.1008
vn 0.6185 0.6364 0.4609
vn 0.6185 0.6363 0.4610
vn -0.9256 -0.3481 0.1487
vn 0.5517 0.5287 0.6450
vn 0.5517 0.5287 0.6451
vn 0.3842 0.4006 0.8318
vn 0.3843 0.4006 0.8318
vn -0.8574 -0.0749 0.5092
vn 0.1418 -0.9785 0.1500
vn 0.1417 -0.9785 0.1499
vn 0.1417 -0.9785 0.1500
vn 0.5419 0.7442 0.3904
vn 0.5419 0.7443 0.3905
vn 0.3687 0.9171 0.1514
vn 0.3687 0.9171 0.1513
vn 0.2959 0.9255 0.2362
vn 0.2960 0.9255 0.2363
vn 0.2960 0.9255 0.2362
vn -0.7653 -0.3302 -0.5526
vn -0.7653 -0.3301 -0.5526
vn 0.5379 0.7441 0.3962
vn 0.5380 0.7441 0.3961
vn 0.5723 -0.0783 -0.8163
vn -0.5454 0.7295 -0.4127
vn -0.6251 0.0378 0.7796
vn -0.6252 0.0379 0.7795
vn -0.6252 0.0378 0.7796
vn 0.6728 0.5500 0.4949
vn 0.6727 0.5501 0.4948
vn -0.6630 -0.3273 -0.6733
vn -0.6630 -0.3272 -0.6733
vn -0.7176 -0.4602 -0.5227
vn -0.7177 -0.4602 -0.5227
vn -0.4272 -0.8430 -0.3269
vn -0.4997 0.7271 -0.4708
vn 0.5925 0.0065 -0.8056
vn 0.5925 0.0064 -0.8055
vn -0.5694 0.7265 -0.3846
vn -0.5694 0.7265 -0.3847
vn -0.6152 -0.7205 -0.3200
vn -0.6153 -0.7205 -0.3200
vn -0.1244 0.6493 0.7503
vn -0.1245 0.6492 0.7503
vn 0.0795 0.9929 0.0880
vn -0.7076 -0.7050 -0.0490
vn -0.7075 -0.7050 -0.0490
vn -0.5292 -0.7543 -0.3885
vn 0.7884 0.0310 0.6144
vn 0.7884 0.0309 0.6144
vn -0.5411 -0.7409 -0.3979
vn 0.6870 0.0899 -0.7210
vn 0.6870 0.0899 -0.7211
vn -0.8305 -0.3107 0.4624
vn -0.8305 -0.3107 0.4623
vn 0.1200 -0.6507 -0.7498
vn -0.7754 0.1702 -0.6081
vn -0.7754 0.1702 -0.6082
vn -0.5887 -0.8072 0.0428
vn -0.7102 -0.6736 -0.2049
vn -0.7103 -0.6735 -0.2047
vn -0.7102 -0.6735 -0.2048
vn 0.3984 0.7667 0.5034
vn 0.3983 0.7667 0.5035
vn -0.9578 -0.0165 -0.2869
vn -0.9578 -0.0165 -0.2870
vn -0.7259 -0.5889 -0.3555
vn -0.7258 -0.5889 -0.3555
vn 0.7299 -0.2018 0.6531
vn 0.5646 0.7385 0.3685
vn 0.5647 0.7385 0.3684
vn -0.9946 0.0082 0.1034
vn -0.9946 0.0081 0.1035
vn 0.3498 0.8855 -0.3059
vn -0.1801 -0.7553 -0.6301
vn -0.1802 -0.7553 -0.6301
vn -0.9436 0.3180 -0.0923
vn -0.9287 -0.3693 0.0350
vn 0.3723 0.7945 0.4797
vn 0.3724 0.7945 0.4797
vn -0.8099 -0.5424 -0.2236
vn -0.8099 -0.5424 -0.2235
vn -0.5930 -0.7210 -0.3585
vn 0.4785 0.1809 0.8593
vn 0.4784 0.1809 0.8593
vn -0.6592 -0.6958 -0.2851
vn -0.6592 -0.6958 -0.2852
vn -0.9093 0.0525 0.4128
vn 0.3784 -0.5323 0.7572
vn 0.3784 -0.5324 0.7572
vn -0.4762 -0.7666 -0.4307
vn -0.4437 0.4355 0.7832
vn -0.4437 0.4356 0.7832
vn -0.4439 0.4357 0.7831
vn -0.6134 0.5390 0.5772
vn -0.6134 0.5390 0.5773
vn 0.5954 0.7080 0.3796
vn 0.5955 0.7080 0.3796
vn -0.7075 0.7065 0.0171
vn -0.7508 0.6599 -0.0287
vn 0.1173 0.4743 -0.8725
vn -0.8732 0.2266 0.4315
vn -0.8731 0.2267 0.4316
vn -0.8732 0.2267 0.4315
vn -0.6935 0.6558 0.2983
vn -0.6935 0.6558 0.2984
vn -0.6262 -0.6912 -0.3607
vn -0.6261 -0.6913 -0.3607
vn 0.0115 0.2622 -0.9649
vn 0.0115 0.2623 -0.9649
vn -0.5927 0.7857 0.1768
vn -0.5927 0.7858 0.1769
vn 0.3170 0.7764 0.5446
vn 0.3171 0.7764 0.5446
vn 0.7540 0.6352 0.1672
vn 0.3184 -0.7573 0.5703
vn 0.3184 -0.7572 0.5703
vn 0.4722 0.5586 0.6819
vn 0.4723 0.5585 0.6818
vn 0.4723 0.5586 0.6819
vn 0.0376 0.6474 0.7612
vn -0.7160 -0.6628 -0.2192
vn -0.7160 -0.6628 -0.2191
vn -0.5084 -0.8396 0.1912
vn -0.5084 -0.8396 0.1913
vn 0.5360 0.5501 0.6404
vn -0.9622 0.2633 -0.0692
vn -0.9622 0.2633 -0.0693
vn 0.5561 0.8267 0.0853
vn 0.5153 -0.3154 0.7969
vn 0.5153 -0.3155 0.7968
vn 0.9424 -0.2639 0.2056
vn 0.9424 -0.2639 0.2055
vn -0.1398 -0.0096 0.9901
vn -0.2157 -0.0642 0.9744
vn -0.2157 -0.0642 0.9743
vn -0.5088 -0.6457 -0.5694
vn -0.5088 -0.6457 -0.5695
vn 0.6830 -0.0171 -0.7302
vn -0.2458 0.5171 0.8199
vn -0.2458 0.5170 0.8199
vn 0.8859 -0.2342 -0.4003
vn 0.8860 -0.2342 -0.4003
vn 0.8859 -0.2341 -0.4004
vn -0.4842 -0.7204 0.4965
vn -0.4843 -0.7204 0.4965
vn -0.6947 -0.2084 -0.6884
vn -0.6947 -0.2084 -0.6885
vn -0.6948 -0.2084 -0.6884
vn 0.8363 -0.3744 -0.4004
vn -0.7039 -0.7042 -0.0927
vn 0.1555 -0.7496 -0.6434
vn 0.1556 -0.7496 -0.6434
vn 0.3641 -0.8940 -0.2610
vn -0.6790 -0.3205 -0.6604
vn -0.6791 -0.3205 -0.6604
vn 0.3257 0.8251 -0.4617
vn 0.0461 -0.3190 -0.9466
vn 0.0459 -0.3184 -0.9469
vn -0.4324 -0.6954 0.5740
vn -0.4325 -0.6953 0.5740
vn -0.4324 -0.6953 0.5741
vn 0.2589 -0.7009 -0.6646
vn 0.6769 -0.6934 -0.2470
vn -0.2112 0.0975 0.9726
vn -0.2113 0.0975 0.9726
vn 0.5511 -0.7108 0.4371
vn 0.9501 0.0138 0.3117
vn 0.9501 0.0137 0.3117
vn 0.5239 0.5745 -0.6289
vn 0.5240 0.5744 -0.6289
vn -0.3036 0.5711 0.7626
vn -0.3036 0.5711 0.7627
vn 0.0832 -0.6363 0.7670
vn -0.6366 0.3925 0.6638
vn -0.2285 -0.7050 0.6714
vn -0.1761 -0.6293 0.7569
vn -0.1761 -0.6294 0.7569
vn -0.3277 -0.0658 -0.9425
vn -0.3278 -0.0657 -0.9425
vn -0.3256 -0.9123 -0.2484
vn -0.0255 -0.8074 -0.5895
vn 0.4665 -0.4298 0.7731
vn -0.4266 -0.0461 0.9033
vn -0.4265 -0.0461 0.9033
vn -0.8966 -0.3464 -0.2758
vn -0.1479 0.9817 0.1198
vn -0.1479 0.9817 0.1197
vn -0.7504 -0.4851 -0.4489
vn -0.7504 -0.4852 -0.4489
vn -0.3734 -0.5957 -0.7111
vn 0.4409 -0.7579 0.4808
vn -0.1629 0.5312 0.8315
vn -0.1628 0.5312 0.8315
vn -0.7853 -0.5089 -0.3527
vn -0.7852 -0.5090 -0.3526
vn -0.7852 -0.5090 -0.3527
vn 0.1016 -0.9548 0.2795
vn 0.1017 -0.9548 0.2795
vn -0.4061 -0.5785 -0.7074
vn -0.7897 -0.0616 0.6104
vn -0.7897 -0.0617 0.6104
vn 0.7036 0.4480 0.5517
vn 0.7036 0.4480 0.5516
vn -0.4479 0.0372 0.8933
vn -0.4479 0.0371 0.8933
vn -0.4216 0.2765 0.8636
vn 0.2454 -0.9313 -0.2692
vn 0.2454 -0.9313 -0.2691
vn -0.7523 -0.4376 -0.4925
vn -0.0230 0.2258 0.9739
vn -0.0230 0.2259 0.9739
vn -0.2874 0.9100 -0.2990
vn -0.2874 0.9099 -0.2991
vn 0.0428 0.4822 0.8750
vn 0.9730 -0.0840 -0.2151
vn 0.9730 -0.0840 -0.2152
vn -0.2493 0.9375 0.2428
vn -0.8777 -0.2625 -0.4010
vn -0.4466 -0.1037 0.8887
vn 0.8152 -0.1047 -0.5696
vn 0.8152 -0.1047 -0.5697
vn -0.0019 0.0682 0.9977
vn 0.2961 -0.6992 -0.6508
vn 0.2961 -0.6991 -0.6508
vn -0.1008 0.9297 -0.3543
vn -0.1009 0.9297 -0.3542
vn 0.8502 0.2485 0.4642
vn -0.8056 -0.2414 0.5411
vn 0.7127 -0.7013 -0.0165
vn 0.7127 -0.7012 -0.0165
vn -0.3818 -0.2342 -0.8941
vn -0.3819 -0.2342 -0.8940
vn -0.8677 -0.0195 0.4967
vn -0.4246 0.5020 -0.7534
vn -0.4247 0.5020 -0.7534
vn -0.4844 -0.6997 -0.5251
vn -0.4803 -0.1956 -0.8550
vn -0.4802 -0.1956 -0.8551
vn 0.8852 0.4430 0.1418
vn -0.4329 -0.3101 -0.8464
vn -0.4329 -0.3101 -0.8465
vn 0.8130 0.2633 0.5194
vn 0.8129 0.2633 0.5194
vn 0.2449 -0.9628 0.1144
vn 0.8670 -0.0709 -0.4933
vn 0.9127 -0.1913 -0.3611
vn 0.9127 -0.1913 -0.3610
vn 0.5853 0.7317 0.3494
vn 0.6532 -0.3411 0.6760
vn 0.6532 -0.3410 0.6761
vn 0.8751 0.1355 -0.4645
vn 0.8751 0.1356 -0.4645
vn 0.8751 0.1355 -0.4646
vn -0.2013 0.7091 0.6758
vn -0.2012 0.7091 0.6758
vn -0.5517 0.7189 -0.4227
vn 0.6511 -0.0559 -0.7569
vn 0.0389 -0.3317 -0.9426
vn 0.4636 -0.7199 0.5166
vn 0.4636 -0.7198 0.5167
vn 0.6645 0.7352 0.1336
vn 0.6645 0.7353 0.1336
vn 0.6645 0.7353 0.1337
vn -0.2962 -0.3213 0.8995
vn -0.1037 -0.9474 -0.3027
vn -0.1036 -0.9475 -0.3026
vn -0.1036 -0.9474 -0.3027
vn -0.0582 -0.4881 0.8708
vn -0.0583 -0.4881 0.8708
vn -0.5054 -0.7094 -0.4913
vn 0.4157 -0.7113 0.5668
vn 0.4156 -0.7113 0.5669
vn 0.6276 0.6740 0.3897
vn 0.6011 -0.0044 -0.7992
vn -0.5727 -0.8196 -0.0183
vn -0.9352 0.2716 -0.2274
vn -0.9351 0.2716 -0.2275
vn -0.4365 -0.6950 -0.5714
vn -0.4364 -0.6950 -0.5714
vn 0.4394 -0.8857 -0.1501
vn -0.7488 -0.6500 -0.1296
vn -0.5223 -0.1776 0.8341
vn -0.5223 -0.1777 0.8341
vn -0.5223 -0.1777 0.8340
vn 0.8649 0.4366 0.2475
vn 0.8650 0.4366 0.2474
vn 0.8649 0.4366 0.2476
vn 0.3536 0.2506 0.9012
vn 0.9542 0.2131 0.2101
vn 0.9542 0.2131 0.2100
vn -0.3716 0.9281 -0.0223
vn 0.3452 0.1532 0.9259
vn 0.3451 0.1532 0.9260
vn 0.3452 0.1532 0.9260
vn 0.5244 -0.8333 -0.1752
vn 0.5244 -0.8332 -0.1752
vn 0.2756 -0.3033 0.9122
vn -0.2213 -0.6860 0.6931
vn -0.6567 -0.3327 -0.6768
vn -0.7528 -0.6531 0.0820
vn -0.9326 -0.3291 -0.1479
vn -0.6381 0.5878 0.4973
vn -0.6381 0.5879 0.4973
vn -0.7766 -0.1832 -0.6028
vn -0.7765 -0.1838 -0.6027
vn -0.5327 -0.7569 -0.3786
vn -0.5323 -0.7573 -0.3783
vn -0.5319 -0.7577 -0.3781
vn 0.3574 0.5328 -0.7671
vn 0.3575 0.5327 -0.7671
vn -0.1266 -0.6800 -0.7222
vn 0.5946 -0.7256 -0.3464
vn 0.5946 -0.7256 -0.3463
vn 0.5809 0.6970 0.4205
vn 0.5808 0.6970 0.4205
vn 0.9415 -0.3299 0.0692
vn 0.7300 -0.3365 0.5948
vn 0.7299 -0.3369 0.5947
vn -0.0725 -0.8057 0.5879
vn -0.0726 -0.8056 0.5879
vn -0.0726 -0.8057 0.5879
vn 0.4273 0.2297 0.8744
vn 0.4272 0.2298 0.8745
vn 0.9864 0.1321 0.0976
vn 0.9864 0.1321 0.0975
vn 0.6296 -0.0991 -0.7706
vn -0.0611 0.9070 -0.4166
vn -0.0610 0.9070 -0.4166
vn -0.8250 -0.3277 -0.4605
vn -0.5282 -0.7617 -0.3752
vn -0.5281 -0.7618 -0.3752
vn -0.0793 -0.2222 -0.9718
vn -0.0795 -0.2222 -0.9717
vn 0.7720 0.2170 0.5974
vn 0.7720 0.2170 0.5975
vn 0.4385 0.8467 0.3012
vn 0.4386 0.8467 0.3013
vn 0.4386 0.8467 0.3012
vn -0.9700 -0.1968 0.1425
vn 0.1985 -0.9581 0.2067
vn -0.3820 -0.3471 -0.8565
vn -0.3821 -0.3471 -0.8565
vn 0.6457 -0.5394 0.5404
vn 0.6457 -0.5395 0.5404
vn 0.9667 0.2399 0.0889
vn 0.0537 0.9985 -0.0113
vn -0.6279 -0.6250 -0.4638
vn 0.3536 0.2658 0.8968
vn 0.3536 0.2657 0.8968
vn 0.3536 0.2658 0.8969
vn -0.7447 -0.3489 -0.5690
vn -0.5943 -0.0602 0.8020
vn -0.4132 0.0014 0.9106
vn -0.4132 0.0015 0.9106
vn 0.3213 0.5081 0.7991
vn 0.7318 -0.3365 0.5927
vn -0.5151 -0.7726 -0.3712
vn -0.5151 -0.7725 -0.3713
vn -0.7775 -0.1846 -0.6012
vn -0.7775 -0.1845 -0.6012
vn 0.9116 0.3891 0.1323
vn 0.9116 0.3892 0.1323
vn 0.7099 0.4536 0.5388
vn 0.7098 0.4535 0.5389
vn 0.7098 0.4536 0.5389
vn 0.8110 -0.2107 -0.5457
vn 0.8111 -0.2107 -0.5457
vn -0.5846 -0.0164 0.8112
vn -0.5846 -0.0164 0.8111
vn -0.5846 -0.0165 0.8112
vn 0.5857 0.6847 0.4338
vn 0.5310 -0.7265 0.4361
vn 0.5312 -0.7265 0.4359
vn -0.5811 -0.6881 -0.4346
vn 0.6234 -0.0351 -0.7811
vn 0.6235 -0.0352 -0.7811
vn 0.6235 -0.0352 -0.7810
vn -0.5708 0.7289 -0.3781
vn -0.6215 0.0324 0.7828
vn -0.6214 0.0324 0.7828
vn -0.6215 0.0325 0.7828
vn -0.4398 -0.8419 -0.3125
vn -0.4405 -0.8415 -0.3129
vn -0.4403 -0.8416 -0.3128
vn -0.5194 0.7259 -0.4508
vn 0.6641 0.5505 0.5058
vn 0.6640 0.5508 0.5057
vn 0.6642 0.5505 0.5058
vn 0.6141 -0.0222 -0.7889
vn 0.6141 -0.0223 -0.7889
vn -0.3716 0.5908 -0.7161
vn -0.5061 -0.7757 -0.3771
vn -0.5063 -0.7755 -0.3772
vn -0.5062 -0.7756 -0.3772
vn -0.5063 -0.7755 -0.3771
vn -0.5062 -0.7757 -0.3770
vn -0.5062 -0.7757 -0.3769
vn 0.1234 0.3676 -0.9217
vn 0.6411 -0.6310 0.4369
vn 0.2126 -0.5360 0.8170
vn 0.0456 -0.4607 0.8864
vn -0.5768 -0.0206 0.8167
vn -0.8535 0.5132 0.0904
vn 0.5061 0.7756 0.3772
vn 0.5063 0.7756 0.3770
vn 0.5062 0.7756 0.3770
vn 0.5062 0.7756 0.3772
vn 0.5063 0.7755 0.3771
vn 0.5062 0.7757 0.3770
vn -0.9677 -0.0001 0.2522
vn 0.2717 0.9222 0.2752
vn -0.7211 -0.4328 -0.5410
vn 0.1156 -0.3756 -0.9195
vn -0.3991 0.0934 0.9122
vn 0.7643 -0.2198 0.6063
vn 0.7592 0.6422 0.1056
vn 0.6753 0.7266 0.1266
vn -0.3391 -0.6654 -0.6650
vn -0.5545 -0.7402 -0.3803
vn 0.2975 0.6455 0.7035
vn 0.5143 -0.7475 0.4204
vn 0.2350 0.8763 -0.4207
vn 0.6740 0.7364 0.0575
vn -0.4644 0.7217 -0.5133
vn -0.7451 0.2447 0.6204
vn 0.5619 0.6616 0.4966
vn -0.6874 -0.7249 0.0456
vn -0.3521 -0.4269 -0.8329
vn -0.2281 -0.5960 -0.7699
vn -0.7052 -0.6708 -0.2295
vn -0.4545 -0.7266 0.5152
vn -0.3615 0.9304 -0.0606
vn -0.9517 -0.2377 -0.1946
vn -0.3810 -0.9207 -0.0840
vn -0.1320 0.9591 -0.2504
vn -0.5395 -0.7589 -0.3646
vn 0.5370 0.2627 0.8016
vn 0.5188 -0.6231 0.5854
vn 0.1466 0.9784 0.1456
vn -0.8541 -0.5167 0.0586
vn 0.7328 0.5136 -0.4464
vn -0.5420 -0.8059 -0.2383
vn -0.5399 -0.7406 -0.4000
vn 0.3604 -0.2980 -0.8839
vn -0.7462 -0.1911 0.6377
vn -0.5528 0.7712 -0.3156
vn 0.9680 -0.2148 0.1302
vn 0.2249 -0.4322 -0.8733
vn -0.4530 -0.8282 -0.3300
vn 0.4215 -0.9033 -0.0794
vn -0.3465 0.9353 -0.0719
vn -0.2153 -0.6903 0.6908
vn -0.7783 -0.1803 -0.6015
vn 0.4443 0.2262 0.8668
vn 0.6706 -0.1979 -0.7150
vn -0.2770 -0.7528 -0.5971
vn 0.7441 0.3463 0.5714
vn 0.7145 0.4391 0.5447
vn -0.8972 -0.3933 0.2008
vn -0.5915 -0.6736 -0.4431
vn -0.0961 -0.2172 -0.9714
vn -0.5186 -0.7627 -0.3863
vn 0.0190 0.1193 -0.9927
vn 0.6807 -0.2972 -0.6695
vn 0.7435 0.3558 0.5663
vn 0.1739 0.9796 0.1008
vn 0.6185 0.6364 0.4610
vn 0.5722 -0.0783 -0.8163
vn -0.6253 0.0379 0.7795
vn 0.6728 0.5499 0.4949
vn -0.7176 -0.4603 -0.5226
vn -0.1245 0.6493 0.7503
vn -0.7076 -0.7049 -0.0490
vn -0.7258 -0.5890 -0.3554
vn -0.9946 0.0081 0.1033
vn -0.9286 -0.3693 0.0349
vn 0.4785 0.1809 0.8592
vn -0.6135 0.5389 0.5772
vn -0.5928 0.7857 0.1768
vn 0.5152 -0.3154 0.7969
vn -0.1398 -0.0095 0.9901
vn -0.2156 -0.0642 0.9744
vn 0.8363 -0.3745 -0.4004
vn 0.3256 0.8251 -0.4617
vn 0.0460 -0.3184 -0.9469
vn -0.4324 -0.6953 0.5740
vn 0.0832 -0.6363 0.7669
vn -0.6366 0.3926 0.6638
vn -0.1480 0.9817 0.1198
vn 0.4408 -0.7579 0.4808
vn -0.1629 0.5312 0.8314
vn -0.7852 -0.5089 -0.3527
vn 0.7128 -0.7012 -0.0164
vn -0.4844 -0.6998 -0.5251
vn 0.8852 0.4430 0.1417
vn -0.2012 0.7091 0.6757
vn -0.5517 0.7190 -0.4228
vn 0.0388 -0.3317 -0.9426
vn 0.8649 0.4366 0.2474
vn -0.7766 -0.1831 -0.6028
vn -0.5324 -0.7572 -0.3784
vn 0.7298 -0.3374 0.5946
vn -0.0726 -0.8056 0.5880
vn -0.5282 -0.7618 -0.3752
vn -0.0794 -0.2222 -0.9718
vn -0.9700 -0.1968 0.1426
vn 0.3537 0.2658 0.8968
vn -0.7446 -0.3489 -0.5690
vn 0.8111 -0.2106 -0.5457
vn 0.6235 -0.0351 -0.7811
vn -0.4400 -0.8418 -0.3126
vn 0.6639 0.5509 0.5057
vt 0.135712 0.904296
vt 0.136952 0.904049
vt 0.136953 0.904051
vt 0.138219 0.904051
vt 0.138217 0.904051
vt 0.135532 0.903701
vt 0.138276 0.903431
vt 0.136890 0.903431
vt 0.139456 0.904296
vt 0.139455 0.904296
vt 0.139636 0.903701
vt 0.140624 0.904779
vt 0.140624 0.904780
vt 0.848736 0.213092
vt 0.851123 0.211533
vt 0.851123 0.213092
vt 0.848736 0.211533
vt 0.851123 0.209960
vt 0.476072 0.919709
vt 0.474700 0.920207
vt 0.475680 0.919228
vt 0.474478 0.921651
vt 0.475179 0.920602
vt 0.474478 0.921654
vt 0.475178 0.920605
vt 0.477125 0.919006
vt 0.476074 0.919708
vt 0.476833 0.918458
vt 0.478293 0.918519
vt 0.478112 0.917927
vt 0.486586 0.924057
vt 0.480803 0.931109
vt 0.473746 0.925325
vt 0.479533 0.918275
vt 0.478292 0.918522
vt 0.480797 0.918274
vt 0.479533 0.918273
vt 0.480859 0.917656
vt 0.479471 0.917657
vt 0.848736 0.219343
vt 0.851123 0.217784
vt 0.851123 0.219343
vt 0.848736 0.217784
vt 0.851123 0.216218
vt 0.848736 0.216218
vt 0.851123 0.214652
vt 0.143272 0.907429
vt 0.143051 0.905983
vt 0.142571 0.906378
vt 0.142070 0.905003
vt 0.141675 0.905482
vt 0.142571 0.906379
vt 0.143272 0.907428
vt 0.143755 0.908597
vt 0.143754 0.908597
vt 0.144351 0.908417
vt 0.143819 0.907136
vt 0.144003 0.909837
vt 0.144620 0.909776
vt 0.144000 0.911100
vt 0.144003 0.911101
vt 0.144620 0.911162
vt 0.143755 0.912341
vt 0.143754 0.912341
vt 0.143272 0.913509
vt 0.143819 0.913802
vt 0.144351 0.912521
vt 0.848736 0.225601
vt 0.851123 0.224035
vt 0.851123 0.225601
vt 0.848736 0.224035
vt 0.851123 0.222468
vt 0.484257 0.919706
vt 0.485631 0.920206
vt 0.485152 0.920600
vt 0.483498 0.918456
vt 0.484652 0.919227
vt 0.848736 0.222468
vt 0.851123 0.220909
vt 0.482038 0.918519
vt 0.483206 0.919003
vt 0.848736 0.220909
vt 0.482217 0.917927
vt 0.480799 0.918274
vt 0.483205 0.919004
vt 0.484259 0.919708
vt 0.485853 0.921651
vt 0.486402 0.921359
vt 0.486340 0.922819
vt 0.486931 0.922641
vt 0.848736 0.228726
vt 0.851123 0.227152
vt 0.851123 0.228726
vt 0.848736 0.227152
vt 0.141674 0.915454
vt 0.143049 0.914954
vt 0.142571 0.914561
vt 0.142569 0.914561
vt 0.140622 0.916158
vt 0.140624 0.916158
vt 0.142069 0.915935
vt 0.139455 0.916640
vt 0.139454 0.916641
vt 0.140915 0.916705
vt 0.848736 0.231851
vt 0.851123 0.230278
vt 0.851123 0.231851
vt 0.848736 0.230278
vt 0.486585 0.925325
vt 0.487203 0.923999
vt 0.487203 0.925386
vt 0.486585 0.924060
vt 0.486339 0.926565
vt 0.486934 0.926746
vt 0.848743 0.233410
vt 0.851123 0.233410
vt 0.848743 0.234976
vt 0.851123 0.234976
vt 0.485855 0.927734
vt 0.486402 0.928026
vt 0.486339 0.926564
vt 0.486586 0.925325
vt 0.485155 0.928782
vt 0.484259 0.929679
vt 0.484653 0.930158
vt 0.484259 0.929677
vt 0.485633 0.929178
vt 0.848736 0.238102
vt 0.851123 0.236535
vt 0.851123 0.238102
vt 0.848736 0.236535
vt 0.134541 0.916158
vt 0.135530 0.917235
vt 0.135710 0.916641
vt 0.136890 0.917506
vt 0.136950 0.916888
vt 0.135709 0.916641
vt 0.134542 0.916158
vt 0.133491 0.915454
vt 0.134249 0.916705
vt 0.132595 0.914560
vt 0.132597 0.914561
vt 0.133096 0.915935
vt 0.131894 0.913509
vt 0.131893 0.913509
vt 0.132118 0.914954
vt 0.131409 0.912341
vt 0.130816 0.912521
vt 0.131345 0.913801
vt 0.848736 0.244352
vt 0.851123 0.242785
vt 0.851123 0.244352
vt 0.848736 0.242785
vt 0.851123 0.241227
vt 0.479536 0.931111
vt 0.480859 0.931730
vt 0.479475 0.931731
vt 0.482039 0.930863
vt 0.480801 0.931110
vt 0.848736 0.241227
vt 0.851123 0.239667
vt 0.483500 0.930929
vt 0.482220 0.931459
vt 0.848736 0.239667
vt 0.483208 0.930381
vt 0.483206 0.930383
vt 0.482039 0.930866
vt 0.478296 0.930864
vt 0.479535 0.931113
vt 0.478114 0.931460
vt 0.476834 0.930931
vt 0.477128 0.930384
vt 0.478295 0.930866
vt 0.848743 0.247477
vt 0.851123 0.245918
vt 0.851123 0.247477
vt 0.848736 0.245918
vt 0.131163 0.911100
vt 0.130546 0.909776
vt 0.130546 0.911162
vt 0.131165 0.911101
vt 0.131165 0.909837
vt 0.131165 0.909835
vt 0.131411 0.908595
vt 0.131409 0.908595
vt 0.130816 0.908416
vt 0.131893 0.907426
vt 0.131893 0.907427
vt 0.851123 0.250602
vt 0.848736 0.249044
vt 0.851123 0.249044
vt 0.475179 0.928787
vt 0.475680 0.930162
vt 0.474700 0.929180
vt 0.476074 0.929682
vt 0.474478 0.927733
vt 0.473932 0.928027
vt 0.851123 0.252169
vt 0.848736 0.250602
vt 0.851123 0.253727
vt 0.848736 0.252169
vt 0.473996 0.926564
vt 0.473400 0.926748
vt 0.473995 0.926566
vt 0.474478 0.927734
vt 0.475181 0.928785
vt 0.473748 0.925325
vt 0.473746 0.924063
vt 0.473129 0.925387
vt 0.473129 0.924001
vt 0.848736 0.256853
vt 0.851123 0.255293
vt 0.851123 0.256853
vt 0.848736 0.253727
vt 0.134250 0.904232
vt 0.134543 0.904779
vt 0.133098 0.905002
vt 0.133493 0.905482
vt 0.134544 0.904780
vt 0.132597 0.906376
vt 0.132118 0.905982
vt 0.131346 0.907135
vt 0.136953 0.916889
vt 0.848743 0.258419
vt 0.851123 0.258419
vt 0.473994 0.922822
vt 0.473399 0.922641
vt 0.848736 0.209960
vt 0.851123 0.208401
vt 0.473931 0.921361
vt 0.473994 0.922820
vt 0.473747 0.924063
vt 0.476074 0.929680
vt 0.477127 0.930381
vt 0.138217 0.916889
vt 0.138276 0.917506
vt 0.138216 0.916889
vt 0.139636 0.917235
vt 0.486338 0.922820
vt 0.141676 0.905484
vt 0.140918 0.904233
vt 0.848736 0.214652
vt 0.888502 0.652744
vt 0.889768 0.652744
vt 0.889766 0.652744
vt 0.887261 0.652990
vt 0.888501 0.652743
vt 0.887081 0.652395
vt 0.888439 0.652124
vt 0.891005 0.652990
vt 0.891003 0.652990
vt 0.889825 0.652124
vt 0.892172 0.653473
vt 0.892172 0.653474
vt 0.892467 0.652925
vt 0.891185 0.652395
vt 0.473018 0.813180
vt 0.474585 0.815561
vt 0.473018 0.815561
vt 0.474585 0.813180
vt 0.476160 0.815561
vt 0.245210 0.932457
vt 0.245710 0.931083
vt 0.246104 0.931564
vt 0.243961 0.933217
vt 0.244732 0.932063
vt 0.244509 0.933508
vt 0.244509 0.933505
vt 0.245209 0.932459
vt 0.247155 0.930860
vt 0.246105 0.931562
vt 0.246864 0.930314
vt 0.248326 0.930375
vt 0.247156 0.930860
vt 0.248143 0.929782
vt 0.250833 0.942963
vt 0.246105 0.941535
vt 0.243780 0.937179
vt 0.249564 0.930129
vt 0.248324 0.930377
vt 0.250828 0.930129
vt 0.249564 0.930128
vt 0.250890 0.929511
vt 0.249502 0.929513
vt 0.466750 0.813180
vt 0.468317 0.815561
vt 0.466750 0.815561
vt 0.468317 0.813180
vt 0.469884 0.815561
vt 0.469884 0.813180
vt 0.471451 0.815561
vt 0.894119 0.655072
vt 0.895368 0.655829
vt 0.894600 0.654676
vt 0.893223 0.654177
vt 0.893618 0.653695
vt 0.893225 0.654177
vt 0.894820 0.656122
vt 0.895304 0.657289
vt 0.895302 0.657291
vt 0.895900 0.657109
vt 0.895552 0.658529
vt 0.895549 0.659793
vt 0.895552 0.659794
vt 0.896168 0.658468
vt 0.895304 0.661035
vt 0.895302 0.661035
vt 0.895900 0.661215
vt 0.896169 0.659855
vt 0.894821 0.662203
vt 0.894820 0.662203
vt 0.895368 0.662495
vt 0.460483 0.813180
vt 0.462057 0.815561
vt 0.460483 0.815561
vt 0.462057 0.813180
vt 0.463616 0.815561
vt 0.253237 0.930859
vt 0.254682 0.931081
vt 0.254288 0.931562
vt 0.255661 0.932061
vt 0.255183 0.932455
vt 0.463616 0.813180
vt 0.465183 0.815561
vt 0.252249 0.929782
vt 0.253529 0.930312
vt 0.465183 0.813180
vt 0.252068 0.930375
vt 0.252069 0.930374
vt 0.250830 0.930128
vt 0.254290 0.931562
vt 0.255885 0.933506
vt 0.256434 0.933214
vt 0.256371 0.934673
vt 0.255885 0.933505
vt 0.256962 0.934495
vt 0.457349 0.813180
vt 0.458923 0.815561
vt 0.457349 0.815561
vt 0.458923 0.813180
vt 0.894119 0.663254
vt 0.893618 0.664628
vt 0.894598 0.663649
vt 0.893223 0.664147
vt 0.894118 0.663254
vt 0.892171 0.664850
vt 0.892172 0.664850
vt 0.892463 0.665399
vt 0.891004 0.665333
vt 0.891003 0.665334
vt 0.891185 0.665928
vt 0.454222 0.813180
vt 0.455789 0.815561
vt 0.454222 0.815561
vt 0.455789 0.813180
vt 0.257234 0.935854
vt 0.256616 0.935914
vt 0.257234 0.937240
vt 0.256616 0.937179
vt 0.256370 0.938420
vt 0.256964 0.938601
vt 0.452655 0.813180
vt 0.452655 0.815561
vt 0.255885 0.939589
vt 0.256434 0.939882
vt 0.451088 0.813180
vt 0.451088 0.815561
vt 0.256616 0.937180
vt 0.255186 0.940637
vt 0.254290 0.941533
vt 0.254684 0.942012
vt 0.254289 0.941532
vt 0.255664 0.941034
vt 0.447954 0.813180
vt 0.449521 0.815561
vt 0.447954 0.815561
vt 0.449521 0.813180
vt 0.886090 0.664851
vt 0.887079 0.665928
vt 0.887259 0.665334
vt 0.888439 0.666198
vt 0.888499 0.665580
vt 0.886091 0.664850
vt 0.887257 0.665334
vt 0.885040 0.664146
vt 0.885798 0.665398
vt 0.884144 0.663253
vt 0.884146 0.663254
vt 0.883667 0.663647
vt 0.884645 0.664628
vt 0.883443 0.662202
vt 0.883442 0.662203
vt 0.882894 0.662494
vt 0.882958 0.661034
vt 0.882365 0.661214
vt 0.441694 0.813180
vt 0.443246 0.815561
vt 0.441694 0.815561
vt 0.443246 0.813180
vt 0.444820 0.815561
vt 0.252071 0.942718
vt 0.250890 0.943585
vt 0.250832 0.942964
vt 0.249506 0.943585
vt 0.249566 0.942966
vt 0.444820 0.813180
vt 0.446387 0.815561
vt 0.253238 0.942236
vt 0.252251 0.943314
vt 0.446387 0.813180
vt 0.253531 0.942784
vt 0.253237 0.942238
vt 0.252070 0.942720
vt 0.248327 0.942719
vt 0.249566 0.942967
vt 0.248144 0.943314
vt 0.247159 0.942239
vt 0.248326 0.942722
vt 0.246864 0.942786
vt 0.438552 0.813180
vt 0.440119 0.815561
vt 0.438552 0.815561
vt 0.440119 0.813180
vt 0.882714 0.658528
vt 0.882095 0.659855
vt 0.882712 0.659793
vt 0.882714 0.658529
vt 0.882713 0.659794
vt 0.882958 0.657288
vt 0.882960 0.657289
vt 0.882095 0.658468
vt 0.883442 0.656120
vt 0.882365 0.657109
vt 0.435426 0.813180
vt 0.436985 0.815561
vt 0.435426 0.815561
vt 0.436985 0.813180
vt 0.246106 0.941536
vt 0.245711 0.942016
vt 0.245211 0.940642
vt 0.244732 0.941035
vt 0.244510 0.939588
vt 0.243963 0.939882
vt 0.433851 0.813180
vt 0.433851 0.815561
vt 0.243431 0.938602
vt 0.244026 0.938419
vt 0.432292 0.813180
vt 0.432292 0.815561
vt 0.244510 0.939589
vt 0.245212 0.940640
vt 0.243778 0.937180
vt 0.244026 0.938420
vt 0.243778 0.935918
vt 0.243161 0.937241
vt 0.243161 0.935857
vt 0.429158 0.813180
vt 0.430725 0.815561
vt 0.429158 0.815561
vt 0.430725 0.813180
vt 0.885799 0.652924
vt 0.886091 0.653473
vt 0.885042 0.654176
vt 0.884647 0.653695
vt 0.886093 0.653474
vt 0.884146 0.655069
vt 0.883667 0.654675
vt 0.882895 0.655828
vt 0.888502 0.665581
vt 0.427591 0.813180
vt 0.427591 0.815561
vt 0.244025 0.934676
vt 0.243431 0.934495
vt 0.476160 0.813180
vt 0.477719 0.815561
vt 0.244026 0.934675
vt 0.243778 0.935917
vt 0.247158 0.942236
vt 0.889766 0.665580
vt 0.889824 0.666199
vt 0.889764 0.665580
vt 0.256619 0.935912
vt 0.256369 0.934675
vt 0.471451 0.813180
vt 0.643201 0.927758
vt 0.641936 0.927758
vt 0.643203 0.927759
vt 0.640696 0.928005
vt 0.641937 0.927759
vt 0.641874 0.927140
vt 0.640516 0.927411
vt 0.644438 0.928006
vt 0.644440 0.928005
vt 0.643260 0.927140
vt 0.645608 0.928489
vt 0.645608 0.928487
vt 0.644620 0.927411
vt 0.682411 0.560688
vt 0.680844 0.563069
vt 0.680844 0.560688
vt 0.679270 0.560688
vt 0.941535 0.774680
vt 0.942784 0.773924
vt 0.942015 0.775076
vt 0.942238 0.773631
vt 0.943315 0.772641
vt 0.942720 0.772463
vt 0.942719 0.772465
vt 0.942237 0.773628
vt 0.940641 0.775576
vt 0.941534 0.774682
vt 0.941033 0.776056
vt 0.939589 0.776278
vt 0.940640 0.775576
vt 0.939590 0.776281
vt 0.939882 0.776826
vt 0.930374 0.772466
vt 0.934673 0.764422
vt 0.942720 0.768719
vt 0.938420 0.776765
vt 0.938421 0.776762
vt 0.937180 0.777010
vt 0.937182 0.777009
vt 0.938602 0.777355
vt 0.937242 0.777628
vt 0.688680 0.563069
vt 0.687113 0.560688
vt 0.688680 0.560688
vt 0.685546 0.563069
vt 0.685546 0.560688
vt 0.683979 0.563069
vt 0.683979 0.560688
vt 0.648256 0.931137
vt 0.648035 0.929692
vt 0.647555 0.930087
vt 0.647053 0.928710
vt 0.646659 0.929190
vt 0.646660 0.929192
vt 0.648256 0.931136
vt 0.648739 0.932304
vt 0.648738 0.932306
vt 0.648804 0.930844
vt 0.648987 0.933545
vt 0.649335 0.932125
vt 0.648987 0.934808
vt 0.648983 0.934807
vt 0.649604 0.934870
vt 0.649604 0.933484
vt 0.648739 0.936050
vt 0.648738 0.936050
vt 0.649335 0.936230
vt 0.648256 0.937217
vt 0.648256 0.937218
vt 0.648804 0.937510
vt 0.694948 0.563069
vt 0.693373 0.560688
vt 0.694948 0.560688
vt 0.691814 0.563069
vt 0.691814 0.560688
vt 0.934678 0.776763
vt 0.933216 0.776827
vt 0.933508 0.776280
vt 0.932064 0.776057
vt 0.932456 0.775578
vt 0.690247 0.563069
vt 0.690247 0.560688
vt 0.935856 0.777627
vt 0.934497 0.777356
vt 0.935917 0.777011
vt 0.934677 0.776764
vt 0.933506 0.776279
vt 0.931565 0.774684
vt 0.931082 0.775077
vt 0.931564 0.774683
vt 0.930860 0.773633
vt 0.930314 0.773923
vt 0.698082 0.563069
vt 0.696508 0.560688
vt 0.698082 0.560688
vt 0.646658 0.939163
vt 0.648034 0.938664
vt 0.647555 0.938269
vt 0.647553 0.938270
vt 0.645608 0.939866
vt 0.645606 0.939866
vt 0.647053 0.939642
vt 0.644438 0.940348
vt 0.644440 0.940348
vt 0.644620 0.940943
vt 0.645899 0.940413
vt 0.701209 0.560688
vt 0.699642 0.563069
vt 0.699642 0.560688
vt 0.930376 0.772464
vt 0.929781 0.772644
vt 0.929511 0.771284
vt 0.930129 0.771223
vt 0.930129 0.769959
vt 0.929511 0.769897
vt 0.702775 0.563069
vt 0.702775 0.560688
vt 0.929782 0.768538
vt 0.930376 0.768718
vt 0.704343 0.560688
vt 0.930130 0.769959
vt 0.930859 0.767553
vt 0.931563 0.766501
vt 0.931082 0.766106
vt 0.930311 0.767257
vt 0.707477 0.563069
vt 0.705910 0.560688
vt 0.707477 0.560688
vt 0.705910 0.563069
vt 0.639525 0.939866
vt 0.640514 0.940943
vt 0.640694 0.940348
vt 0.641874 0.941214
vt 0.641934 0.940595
vt 0.639526 0.939866
vt 0.641937 0.940595
vt 0.640693 0.940348
vt 0.638476 0.939162
vt 0.638475 0.939162
vt 0.639233 0.940412
vt 0.637579 0.938268
vt 0.637581 0.938269
vt 0.638081 0.939642
vt 0.636877 0.937218
vt 0.636878 0.937216
vt 0.636329 0.937509
vt 0.637102 0.938663
vt 0.636393 0.936050
vt 0.635800 0.936229
vt 0.713737 0.560688
vt 0.712170 0.563069
vt 0.712170 0.560688
vt 0.710611 0.563069
vt 0.710611 0.560688
vt 0.933508 0.764904
vt 0.934496 0.763824
vt 0.934674 0.764421
vt 0.935915 0.764173
vt 0.935853 0.763554
vt 0.709044 0.560688
vt 0.932456 0.765605
vt 0.933214 0.764356
vt 0.709044 0.563069
vt 0.932062 0.765125
vt 0.933507 0.764903
vt 0.932456 0.765604
vt 0.931562 0.766499
vt 0.935915 0.764171
vt 0.937180 0.764170
vt 0.937242 0.763554
vt 0.937179 0.764173
vt 0.938419 0.764419
vt 0.938600 0.763823
vt 0.938419 0.764416
vt 0.716871 0.563069
vt 0.715312 0.560688
vt 0.716871 0.560688
vt 0.713737 0.563069
vt 0.636147 0.934808
vt 0.635530 0.933484
vt 0.635530 0.934869
vt 0.636149 0.933544
vt 0.636148 0.934809
vt 0.636149 0.933545
vt 0.636394 0.932303
vt 0.636395 0.932304
vt 0.635800 0.932123
vt 0.636877 0.931134
vt 0.636877 0.931135
vt 0.636330 0.930844
vt 0.720005 0.563069
vt 0.718446 0.560688
vt 0.720005 0.560688
vt 0.718446 0.563069
vt 0.939882 0.764352
vt 0.939588 0.764900
vt 0.941034 0.765124
vt 0.940641 0.765603
vt 0.941534 0.766500
vt 0.942013 0.766105
vt 0.721580 0.560688
vt 0.942236 0.767552
vt 0.942784 0.767256
vt 0.723140 0.560688
vt 0.721580 0.563069
vt 0.942236 0.767550
vt 0.941533 0.766499
vt 0.940640 0.765605
vt 0.942967 0.769956
vt 0.943314 0.768538
vt 0.943584 0.769896
vt 0.726274 0.560688
vt 0.724707 0.563069
vt 0.724707 0.560688
vt 0.639234 0.927940
vt 0.639526 0.928487
vt 0.638082 0.928710
vt 0.638477 0.929190
vt 0.640696 0.928004
vt 0.639528 0.928489
vt 0.637581 0.930085
vt 0.637102 0.929690
vt 0.727841 0.560688
vt 0.726274 0.563069
vt 0.942967 0.771223
vt 0.943585 0.771284
vt 0.679270 0.563069
vt 0.677710 0.560688
vt 0.942967 0.769957
vt 0.939590 0.764901
vt 0.643200 0.940596
vt 0.643260 0.941214
vt 0.643201 0.940596
vt 0.930860 0.773631
vt 0.645902 0.927941
vt 0.682411 0.563069
vt 0.584981 0.932748
vt 0.586221 0.932500
vt 0.586223 0.932501
vt 0.587488 0.932501
vt 0.587487 0.932500
vt 0.584801 0.932152
vt 0.586160 0.931882
vt 0.588725 0.932748
vt 0.588724 0.932748
vt 0.587546 0.931882
vt 0.589893 0.933230
vt 0.589893 0.933231
vt 0.588905 0.932152
vt 0.827405 0.776067
vt 0.829786 0.774500
vt 0.829786 0.776067
vt 0.827405 0.774500
vt 0.829786 0.772926
vt 0.946681 0.153937
vt 0.945308 0.154435
vt 0.946287 0.153456
vt 0.945787 0.154830
vt 0.944538 0.155588
vt 0.945085 0.155881
vt 0.945086 0.155878
vt 0.945787 0.154832
vt 0.947732 0.153234
vt 0.946683 0.153935
vt 0.947441 0.152685
vt 0.948901 0.152747
vt 0.948720 0.152155
vt 0.947734 0.153234
vt 0.955761 0.163010
vt 0.951411 0.165336
vt 0.944355 0.159552
vt 0.950141 0.152503
vt 0.948901 0.152749
vt 0.951406 0.152503
vt 0.950141 0.152502
vt 0.950079 0.151886
vt 0.951467 0.151884
vt 0.827405 0.782328
vt 0.829786 0.780769
vt 0.829786 0.782328
vt 0.827405 0.780769
vt 0.829786 0.779201
vt 0.827405 0.779201
vt 0.829786 0.777634
vt 0.592542 0.935879
vt 0.592321 0.934434
vt 0.591840 0.934829
vt 0.591339 0.933453
vt 0.590944 0.933932
vt 0.590946 0.933934
vt 0.592541 0.935878
vt 0.593025 0.937047
vt 0.593023 0.937048
vt 0.593621 0.936867
vt 0.593089 0.935587
vt 0.593273 0.938287
vt 0.593272 0.938287
vt 0.593889 0.938226
vt 0.593270 0.939551
vt 0.593272 0.939551
vt 0.593025 0.940792
vt 0.593023 0.940792
vt 0.593889 0.939613
vt 0.592541 0.941960
vt 0.593621 0.940972
vt 0.827405 0.788603
vt 0.829786 0.787029
vt 0.829786 0.788603
vt 0.827405 0.787029
vt 0.829786 0.785461
vt 0.955761 0.154827
vt 0.955259 0.153454
vt 0.956238 0.154434
vt 0.954865 0.153933
vt 0.954106 0.152685
vt 0.827405 0.785461
vt 0.829786 0.783902
vt 0.953813 0.153231
vt 0.952824 0.152155
vt 0.827405 0.783902
vt 0.952645 0.152747
vt 0.952646 0.152747
vt 0.951406 0.152502
vt 0.954867 0.153935
vt 0.956462 0.155878
vt 0.955760 0.154828
vt 0.957010 0.155587
vt 0.956947 0.157046
vt 0.957538 0.156868
vt 0.827405 0.791730
vt 0.829786 0.790155
vt 0.829786 0.791730
vt 0.827405 0.790155
vt 0.590944 0.943905
vt 0.592319 0.943405
vt 0.591840 0.943012
vt 0.593089 0.942253
vt 0.591839 0.943012
vt 0.589891 0.944609
vt 0.589893 0.944609
vt 0.591339 0.944386
vt 0.588725 0.945091
vt 0.588724 0.945092
vt 0.590184 0.945156
vt 0.827405 0.794864
vt 0.829786 0.793289
vt 0.829786 0.794864
vt 0.827405 0.793289
vt 0.957193 0.159552
vt 0.957810 0.158227
vt 0.957810 0.159613
vt 0.957193 0.158287
vt 0.956946 0.160792
vt 0.957541 0.160973
vt 0.827401 0.796423
vt 0.829786 0.796423
vt 0.827401 0.797998
vt 0.829786 0.797998
vt 0.957010 0.162254
vt 0.956461 0.161961
vt 0.956947 0.160792
vt 0.957192 0.159552
vt 0.956462 0.161961
vt 0.954867 0.163905
vt 0.955261 0.164385
vt 0.956241 0.163406
vt 0.827405 0.801124
vt 0.829786 0.799558
vt 0.829786 0.801124
vt 0.827405 0.799558
vt 0.583810 0.944609
vt 0.584800 0.945685
vt 0.584980 0.945091
vt 0.586160 0.945956
vt 0.586220 0.945339
vt 0.584978 0.945091
vt 0.583812 0.944609
vt 0.582761 0.943904
vt 0.582366 0.944386
vt 0.583519 0.945156
vt 0.581865 0.943010
vt 0.581866 0.943012
vt 0.581388 0.943405
vt 0.581164 0.941958
vt 0.581162 0.941960
vt 0.580615 0.942252
vt 0.580679 0.940791
vt 0.580086 0.940972
vt 0.827405 0.807385
vt 0.829786 0.805825
vt 0.829786 0.807385
vt 0.827405 0.805825
vt 0.829786 0.804258
vt 0.951409 0.165337
vt 0.950084 0.165958
vt 0.950142 0.165338
vt 0.952647 0.165090
vt 0.951467 0.165958
vt 0.827405 0.804258
vt 0.829786 0.802691
vt 0.953815 0.164609
vt 0.952828 0.165686
vt 0.827405 0.802691
vt 0.954108 0.165157
vt 0.953814 0.164610
vt 0.954868 0.163906
vt 0.952647 0.165093
vt 0.948904 0.165091
vt 0.950143 0.165340
vt 0.948721 0.165687
vt 0.947442 0.165159
vt 0.947736 0.164611
vt 0.948904 0.165095
vt 0.827401 0.810519
vt 0.829786 0.808959
vt 0.829786 0.810519
vt 0.827405 0.808959
vt 0.580433 0.939551
vt 0.579816 0.938226
vt 0.579816 0.939612
vt 0.580434 0.939551
vt 0.580434 0.938287
vt 0.580679 0.937046
vt 0.580680 0.937047
vt 0.580086 0.936866
vt 0.581162 0.935878
vt 0.580616 0.935586
vt 0.827405 0.813653
vt 0.829786 0.812093
vt 0.829786 0.813653
vt 0.827405 0.812093
vt 0.946683 0.163909
vt 0.945308 0.163408
vt 0.945787 0.163014
vt 0.946288 0.164389
vt 0.945086 0.161961
vt 0.944540 0.162254
vt 0.827405 0.815227
vt 0.829786 0.815227
vt 0.829786 0.816787
vt 0.944007 0.160975
vt 0.944604 0.160792
vt 0.944602 0.160793
vt 0.945788 0.163013
vt 0.944354 0.158290
vt 0.943738 0.159614
vt 0.943738 0.158230
vt 0.827405 0.819920
vt 0.829786 0.818353
vt 0.829786 0.819920
vt 0.827405 0.816787
vt 0.583519 0.932682
vt 0.583812 0.933230
vt 0.582763 0.933932
vt 0.582368 0.933453
vt 0.583814 0.933231
vt 0.581866 0.934826
vt 0.581388 0.934432
vt 0.581867 0.934826
vt 0.586223 0.945340
vt 0.827401 0.821488
vt 0.829786 0.821488
vt 0.944603 0.157049
vt 0.944007 0.156868
vt 0.827405 0.772926
vt 0.829786 0.771366
vt 0.944602 0.157048
vt 0.946683 0.163908
vt 0.947735 0.164609
vt 0.587487 0.945339
vt 0.587545 0.945956
vt 0.587485 0.945339
vt 0.588905 0.945685
vt 0.957195 0.158285
vt 0.956947 0.157048
vt 0.590188 0.932683
vt 0.827405 0.777634
vt 0.944161 0.622170
vt 0.945400 0.621923
vt 0.945402 0.621924
vt 0.946667 0.621925
vt 0.946666 0.621923
vt 0.945339 0.621305
vt 0.943981 0.621575
vt 0.947904 0.622169
vt 0.947903 0.622171
vt 0.948084 0.621575
vt 0.946725 0.621305
vt 0.949072 0.622653
vt 0.949072 0.622654
vt 0.949367 0.622107
vt 0.834528 0.647280
vt 0.832143 0.648840
vt 0.832143 0.647280
vt 0.834528 0.648840
vt 0.832143 0.650415
vt 0.922976 0.287884
vt 0.923734 0.286634
vt 0.924026 0.287184
vt 0.922083 0.288776
vt 0.922582 0.287404
vt 0.922082 0.288778
vt 0.922974 0.287887
vt 0.925195 0.286699
vt 0.924028 0.287182
vt 0.925015 0.286106
vt 0.926374 0.285834
vt 0.926437 0.286451
vt 0.925196 0.286699
vt 0.933487 0.293503
vt 0.926435 0.299287
vt 0.920649 0.292236
vt 0.927700 0.286453
vt 0.926435 0.286453
vt 0.928941 0.286700
vt 0.927702 0.286451
vt 0.927759 0.285836
vt 0.929121 0.286105
vt 0.834528 0.641025
vt 0.832143 0.642585
vt 0.832143 0.641025
vt 0.834528 0.642585
vt 0.832143 0.644152
vt 0.834528 0.644152
vt 0.832143 0.645720
vt 0.951720 0.625303
vt 0.951500 0.623858
vt 0.951019 0.624252
vt 0.950123 0.623356
vt 0.950518 0.622876
vt 0.951020 0.624252
vt 0.951720 0.625302
vt 0.952204 0.626470
vt 0.952202 0.626471
vt 0.952799 0.626291
vt 0.952268 0.625010
vt 0.952451 0.627711
vt 0.952451 0.627710
vt 0.953068 0.627650
vt 0.952449 0.628973
vt 0.952451 0.628973
vt 0.953068 0.629036
vt 0.952204 0.630215
vt 0.952202 0.630215
vt 0.951720 0.631383
vt 0.951720 0.631384
vt 0.952799 0.630395
vt 0.834528 0.634763
vt 0.832143 0.636330
vt 0.832143 0.634763
vt 0.834528 0.636330
vt 0.832143 0.637898
vt 0.932755 0.289832
vt 0.932533 0.288387
vt 0.933302 0.289539
vt 0.932053 0.288781
vt 0.931553 0.287407
vt 0.834528 0.637898
vt 0.832143 0.639458
vt 0.930108 0.287183
vt 0.931159 0.287886
vt 0.834528 0.639458
vt 0.930400 0.286636
vt 0.930108 0.287182
vt 0.928941 0.286699
vt 0.932054 0.288782
vt 0.933238 0.291000
vt 0.932756 0.289832
vt 0.933833 0.290821
vt 0.933485 0.292240
vt 0.934102 0.292180
vt 0.933239 0.290999
vt 0.834528 0.631636
vt 0.832143 0.633211
vt 0.832143 0.631636
vt 0.834528 0.633211
vt 0.950122 0.633328
vt 0.951498 0.632828
vt 0.951019 0.632434
vt 0.952268 0.631676
vt 0.951018 0.632436
vt 0.949071 0.634031
vt 0.949072 0.634031
vt 0.950517 0.633809
vt 0.947904 0.634513
vt 0.947903 0.634513
vt 0.948084 0.635109
vt 0.949363 0.634579
vt 0.834528 0.628508
vt 0.832143 0.630083
vt 0.832143 0.628508
vt 0.834528 0.630083
vt 0.933485 0.293505
vt 0.933831 0.294926
vt 0.933237 0.294745
vt 0.934102 0.293566
vt 0.933302 0.296207
vt 0.932753 0.295913
vt 0.834528 0.626949
vt 0.832146 0.626949
vt 0.834528 0.625381
vt 0.832146 0.625381
vt 0.932050 0.296965
vt 0.932530 0.297360
vt 0.931159 0.297857
vt 0.930105 0.298560
vt 0.930398 0.299107
vt 0.930105 0.298559
vt 0.931551 0.298339
vt 0.834528 0.622254
vt 0.832143 0.623821
vt 0.832143 0.622254
vt 0.834528 0.623821
vt 0.942989 0.634031
vt 0.943979 0.635109
vt 0.944159 0.634513
vt 0.945339 0.635379
vt 0.945399 0.634760
vt 0.944157 0.634515
vt 0.942991 0.634031
vt 0.941940 0.633328
vt 0.942698 0.634578
vt 0.941044 0.632433
vt 0.941046 0.632434
vt 0.941545 0.633809
vt 0.940343 0.631383
vt 0.940341 0.631383
vt 0.940567 0.632828
vt 0.939858 0.630214
vt 0.939794 0.631675
vt 0.834528 0.615999
vt 0.832143 0.617566
vt 0.832143 0.615999
vt 0.834528 0.617566
vt 0.832143 0.619127
vt 0.925192 0.299041
vt 0.926370 0.299908
vt 0.925013 0.299638
vt 0.926434 0.299288
vt 0.927758 0.299908
vt 0.834528 0.619127
vt 0.832143 0.620686
vt 0.927698 0.299288
vt 0.929117 0.299638
vt 0.928937 0.299044
vt 0.928936 0.299046
vt 0.927696 0.299290
vt 0.924026 0.298558
vt 0.925192 0.299043
vt 0.923730 0.299105
vt 0.922578 0.298337
vt 0.922972 0.297858
vt 0.924025 0.298560
vt 0.834528 0.612872
vt 0.832143 0.614432
vt 0.832146 0.612872
vt 0.834528 0.614432
vt 0.939612 0.628973
vt 0.938995 0.627650
vt 0.938995 0.629034
vt 0.939265 0.630394
vt 0.939613 0.628974
vt 0.939613 0.627710
vt 0.939613 0.627709
vt 0.939860 0.626470
vt 0.939858 0.626469
vt 0.939265 0.626289
vt 0.940341 0.625300
vt 0.940341 0.625301
vt 0.939795 0.625009
vt 0.832143 0.609744
vt 0.834528 0.611305
vt 0.832143 0.611305
vt 0.921376 0.295911
vt 0.921597 0.297356
vt 0.920829 0.296203
vt 0.922079 0.296964
vt 0.920895 0.294740
vt 0.920300 0.294922
vt 0.834528 0.608177
vt 0.832143 0.608177
vt 0.834528 0.606617
vt 0.832143 0.606617
vt 0.920029 0.293563
vt 0.920650 0.293499
vt 0.920894 0.294741
vt 0.921377 0.295910
vt 0.920647 0.292236
vt 0.920647 0.293501
vt 0.920894 0.290998
vt 0.920029 0.292176
vt 0.920301 0.290818
vt 0.834528 0.603490
vt 0.832146 0.605050
vt 0.832143 0.603490
vt 0.834528 0.605050
vt 0.942698 0.622106
vt 0.942991 0.622652
vt 0.941547 0.622876
vt 0.941942 0.623356
vt 0.942993 0.622654
vt 0.944161 0.622169
vt 0.941046 0.624250
vt 0.940567 0.623856
vt 0.945402 0.634761
vt 0.834528 0.601922
vt 0.832146 0.601922
vt 0.920831 0.289535
vt 0.921379 0.289829
vt 0.834528 0.650415
vt 0.832146 0.651974
vt 0.921602 0.288385
vt 0.921379 0.289828
vt 0.922078 0.296962
vt 0.922974 0.297856
vt 0.946666 0.634761
vt 0.946724 0.635379
vt 0.946664 0.634761
vt 0.933485 0.292241
vt 0.950125 0.623357
vt 0.834528 0.645720
vt 0.521837 0.774028
vt 0.512063 0.760669
vt 0.521837 0.769960
vt 0.521837 0.772487
vt 0.505674 0.758705
vt 0.511396 0.706330
vt 0.504670 0.714762
vt 0.503489 0.750599
vt 0.507695 0.758705
vt 0.508036 0.704456
vt 0.522174 0.692016
vt 0.521837 0.696380
vt 0.505168 0.709003
vt 0.521837 0.693385
vt 0.498607 0.714732
vt 0.510226 0.709003
vt 0.511054 0.756834
vt 0.499781 0.750599
vt 0.511737 0.712148
vt 0.511737 0.706682
vt 0.514264 0.709183
vt 0.509214 0.714732
vt 0.521837 0.767080
vt 0.521837 0.763069
vt 0.505172 0.750599
vt 0.512243 0.754165
vt 0.516446 0.754345
vt 0.521837 0.759357
vt 0.508876 0.750599
vt 0.521837 0.761082
vt 0.512749 0.714762
vt 0.516956 0.709682
vt 0.511062 0.750626
vt 0.513754 0.750569
vt 0.523187 0.706330
vt 0.514264 0.712538
vt 0.522343 0.703447
vt 0.512243 0.714702
vt 0.523025 0.708171
vt 0.518133 0.711320
vt 0.517630 0.752946
vt 0.514766 0.754637
vt 0.519812 0.714762
vt 0.519812 0.713719
vt 0.515782 0.714762
vt 0.517462 0.712385
vt 0.519989 0.714732
vt 0.524705 0.755440
vt 0.520495 0.751638
vt 0.515947 0.750599
vt 0.522174 0.750716
vt 0.524368 0.753505
vt 0.520322 0.751432
vt 0.556857 0.750716
vt 0.524195 0.753629
vt 0.556692 0.752736
vt 0.556692 0.752620
vt 0.559219 0.750716
vt 0.557701 0.753332
vt 0.555178 0.754993
vt 0.563422 0.750716
vt 0.562252 0.756122
vt 0.567966 0.750716
vt 0.561067 0.755795
vt 0.557360 0.761052
vt 0.557371 0.758349
vt 0.521672 0.761202
vt 0.521668 0.759357
vt 0.570163 0.750716
vt 0.563264 0.758169
vt 0.567805 0.714762
vt 0.566451 0.750716
vt 0.566286 0.750749
vt 0.567808 0.750926
vt 0.560393 0.709566
vt 0.562923 0.707901
vt 0.566627 0.714766
vt 0.567636 0.714522
vt 0.563264 0.713720
vt 0.559043 0.710218
vt 0.560059 0.708201
vt 0.563264 0.714762
vt 0.566455 0.714556
vt 0.558882 0.714762
vt 0.563426 0.714522
vt 0.563426 0.750716
vt 0.555519 0.713719
vt 0.559043 0.713720
vt 0.556527 0.714766
vt 0.558874 0.714556
vt 0.559047 0.750749
vt 0.555178 0.713719
vt 0.563426 0.713693
vt 0.559047 0.713723
vt 0.559043 0.713719
vt 0.563264 0.713719
vt 0.559219 0.713693
vt 0.553659 0.713720
vt 0.563088 0.713719
vt 0.559043 0.710660
vt 0.559553 0.710660
vt 0.556692 0.708171
vt 0.556182 0.708201
vt 0.522343 0.708171
vt 0.522515 0.708170
vt 0.523516 0.708171
vt 0.522845 0.708171
vt 0.517968 0.711320
vt 0.523693 0.708201
vt 0.523187 0.708171
vt 0.555508 0.708201
vt 0.518639 0.710660
vt 0.554840 0.708201
vt 0.523187 0.708170
vt 0.523187 0.709183
vt 0.557198 0.709566
vt 0.562252 0.712891
vt 0.558211 0.710518
vt 0.555672 0.709183
vt 0.557360 0.713367
vt 0.557198 0.713397
vt 0.523696 0.713187
vt 0.523861 0.713067
vt 0.555009 0.713719
vt 0.524705 0.713719
vt 0.523187 0.709179
vt 0.520322 0.713397
vt 0.516116 0.713693
vt 0.520319 0.713067
vt 0.519820 0.713693
vt 0.519651 0.713719
vt 0.525717 0.713720
vt 0.524368 0.713693
vt 0.519812 0.713693
vt 0.519989 0.713693
vt 0.519985 0.713723
vt 0.523516 0.713720
vt 0.522343 0.714766
vt 0.515782 0.713693
vt 0.555676 0.713693
vt 0.523520 0.713723
vt 0.524026 0.713723
vt 0.555178 0.713693
vt 0.556520 0.714522
vt 0.522515 0.714732
vt 0.557026 0.750716
vt 0.522515 0.751105
vt 0.524697 0.713723
vt 0.554840 0.713720
vt 0.553491 0.713723
vt 0.563257 0.713693
vt 0.522347 0.703627
vt 0.556692 0.704489
vt 0.523187 0.706506
vt 0.556692 0.706836
vt 0.569484 0.714762
vt 0.574373 0.713720
vt 0.574373 0.714766
vt 0.569488 0.714556
vt 0.574369 0.714762
vt 0.564944 0.699619
vt 0.564427 0.704456
vt 0.574201 0.750716
vt 0.579592 0.714762
vt 0.579423 0.750716
vt 0.574032 0.750749
vt 0.561574 0.763069
vt 0.568472 0.761884
vt 0.569994 0.750926
vt 0.575370 0.750716
vt 0.579251 0.750926
vt 0.579588 0.714556
vt 0.575374 0.750716
vt 0.564603 0.761704
vt 0.580765 0.750716
vt 0.565109 0.766784
vt 0.575209 0.714766
vt 0.580432 0.714766
vt 0.565439 0.704456
vt 0.567130 0.701280
vt 0.575209 0.714556
vt 0.521668 0.696384
vt 0.557363 0.697066
vt 0.557363 0.692492
vt 0.522174 0.697182
vt 0.521668 0.693174
vt 0.564277 0.704456
vt 0.522347 0.697539
vt 0.557026 0.697539
vt 0.556692 0.697572
vt 0.522343 0.697212
vt 0.522347 0.697572
vt 0.562743 0.703447
vt 0.574201 0.713719
vt 0.523516 0.697182
vt 0.523693 0.697539
vt 0.523355 0.697182
vt 0.555676 0.697572
vt 0.513746 0.704996
vt 0.555178 0.697572
vt 0.523352 0.697572
vt 0.523187 0.698400
vt 0.563426 0.704283
vt 0.573867 0.713720
vt 0.562919 0.704489
vt 0.555676 0.698401
vt 0.561735 0.706952
vt 0.555676 0.702082
vt 0.523187 0.702109
vt 0.523014 0.702112
vt 0.569994 0.713720
vt 0.561244 0.707511
vt 0.523355 0.703155
vt 0.523014 0.698401
vt 0.515771 0.707159
vt 0.523693 0.702825
vt 0.523352 0.702794
vt 0.555178 0.702794
vt 0.523516 0.703155
vt 0.514087 0.709003
vt 0.555676 0.702794
vt 0.522343 0.703155
vt 0.513079 0.710012
vt 0.560734 0.706952
vt 0.569484 0.713719
vt 0.570163 0.713693
vt 0.556861 0.702825
vt 0.557198 0.702794
vt 0.562923 0.708171
vt 0.569484 0.713720
vt 0.522174 0.703155
vt 0.522347 0.702825
vt 0.522347 0.702794
vt 0.509217 0.713693
vt 0.504670 0.713693
vt 0.505003 0.713693
vt 0.509041 0.713723
vt 0.569653 0.713693
vt 0.574032 0.713693
vt 0.574369 0.713693
vt 0.569653 0.713723
vt 0.569994 0.713693
vt 0.569822 0.713723
vt 0.573867 0.713693
vt 0.509045 0.713723
vt 0.505003 0.713720
vt 0.508872 0.713693
vt 0.505003 0.713723
vt 0.566789 0.701280
vt 0.580604 0.713720
vt 0.522347 0.692136
vt 0.557367 0.692136
vt 0.556857 0.692166
vt 0.522343 0.692016
vt 0.580600 0.713720
vt 0.566286 0.701280
vt 0.523516 0.692016
vt 0.522347 0.692166
vt 0.507872 0.704456
vt 0.508201 0.704456
vt 0.498604 0.713693
vt 0.494225 0.713720
vt 0.494056 0.713723
vt 0.494056 0.713693
vt 0.494056 0.714762
vt 0.506012 0.707159
vt 0.494225 0.713723
vt 0.520487 0.686108
vt 0.520491 0.684240
vt 0.521837 0.685391
vt 0.522343 0.686790
vt 0.520491 0.686790
vt 0.520993 0.686790
vt 0.494056 0.714732
vt 0.494570 0.750599
vt 0.498607 0.714762
vt 0.491867 0.714908
vt 0.490018 0.750599
vt 0.521837 0.782219
vt 0.520491 0.778215
vt 0.521672 0.778035
vt 0.497933 0.750569
vt 0.557367 0.777679
vt 0.521672 0.774174
vt 0.584473 0.751282
vt 0.588177 0.750716
vt 0.587334 0.751432
vt 0.557363 0.777709
vt 0.557363 0.774174
vt 0.584799 0.750716
vt 0.587506 0.716247
vt 0.585144 0.714556
vt 0.584638 0.750749
vt 0.580765 0.750749
vt 0.585140 0.714762
vt 0.584979 0.713720
vt 0.585313 0.713723
vt 0.580263 0.714762
vt 0.588170 0.715887
vt 0.586321 0.714256
vt 0.590029 0.713723
vt 0.588181 0.750716
vt 0.587671 0.716246
vt 0.588177 0.715740
vt 0.591206 0.714938
vt 0.590873 0.713723
vt 0.587161 0.750716
vt 0.591878 0.750626
vt 0.587169 0.750716
vt 0.588177 0.751282
vt 0.593565 0.751105
vt 0.595585 0.751432
vt 0.591709 0.750599
vt 0.594911 0.750600
vt 0.591210 0.714908
vt 0.596256 0.750419
vt 0.596260 0.714702
vt 0.595747 0.714732
vt 0.595413 0.750569
vt 0.595919 0.714766
vt 0.596256 0.713723
vt 0.595919 0.713720
vt 0.524866 0.827381
vt 0.555676 0.826196
vt 0.554671 0.827381
vt 0.523355 0.826163
vt 0.523359 0.826196
vt 0.555672 0.790175
vt 0.520491 0.827381
vt 0.520491 0.826196
vt 0.523187 0.790205
vt 0.523014 0.790329
vt 0.520491 0.789976
vt 0.528068 0.787325
vt 0.555849 0.790329
vt 0.531944 0.787325
vt 0.482947 0.714878
vt 0.482947 0.750599
vt 0.482944 0.714908
vt 0.487829 0.750599
vt 0.520487 0.784270
vt 0.521672 0.781245
vt 0.488001 0.750599
vt 0.489343 0.714908
vt 0.491870 0.750569
vt 0.487829 0.714908
vt 0.488001 0.714878
vt 0.521837 0.681387
vt 0.522508 0.681594
vt 0.520487 0.681924
vt 0.487829 0.713723
vt 0.491702 0.750626
vt 0.489512 0.714878
vt 0.521837 0.682602
vt 0.521837 0.682396
vt 0.557363 0.682396
vt 0.557367 0.682396
vt 0.521672 0.685429
vt 0.556861 0.681357
vt 0.557360 0.685571
vt 0.557371 0.685631
vt 0.522343 0.681594
vt 0.522677 0.681237
vt 0.520487 0.681387
vt 0.556182 0.681357
vt 0.556351 0.681387
vt 0.487495 0.713720
vt 0.488166 0.713723
vt 0.487829 0.713720
vt 0.555178 0.681387
vt 0.524195 0.681387
vt 0.556857 0.681387
vt 0.591206 0.713720
vt 0.591041 0.713720
vt 0.555178 0.681594
vt 0.554840 0.681357
vt 0.554671 0.681387
vt 0.523516 0.681594
vt 0.591878 0.713720
vt 0.591210 0.713723
vt 0.528570 0.680232
vt 0.523693 0.681387
vt 0.520487 0.681237
vt 0.551470 0.680229
vt 0.528582 0.680259
vt 0.531266 0.676843
vt 0.520487 0.676843
vt 0.548947 0.676843
vt 0.529583 0.827381
vt 0.522174 0.827381
vt 0.541197 0.827381
vt 0.549786 0.827415
vt 0.555684 0.827381
vt 0.594404 0.713723
vt 0.595413 0.713723
vt 0.595585 0.713723
vt 0.551635 0.827381
vt 0.591548 0.713723
vt 0.553153 0.827381
vt 0.557026 0.827381
vt 0.595747 0.713693
vt 0.595750 0.713723
vt 0.553153 0.827415
vt 0.524705 0.827381
vt 0.524870 0.827381
vt 0.527401 0.827381
vt 0.525207 0.827381
vt 0.488001 0.713693
vt 0.482947 0.713720
vt 0.482944 0.713693
vt 0.482947 0.713723
vt 0.487495 0.713693
vt 0.483120 0.713723
vt 0.483285 0.713693
vt 0.483285 0.713723
vt 0.487495 0.713723
vt 0.551807 0.827415
vt 0.527566 0.827381
vt 0.529414 0.827381
vt 0.554840 0.827415
vt 0.591375 0.713723
vt 0.591210 0.713693
vt 0.591709 0.713723
vt 0.557367 0.780442
vt 0.531944 0.787149
vt 0.555178 0.787149
vt 0.527899 0.787299
vt 0.555508 0.786467
vt 0.555511 0.786467
vt 0.520491 0.782459
vt 0.521672 0.782253
vt 0.557367 0.782253
vt 0.557363 0.780442
vt 0.522515 0.686764
vt 0.557367 0.686764
vt 0.557198 0.686790
vt 0.556861 0.686764
vt 0.557026 0.686790
vt 0.522343 0.686764
vt 0.522347 0.686790
vt 0.584799 0.713720
vt 0.555676 0.686790
vt 0.523516 0.686790
vt 0.523520 0.686790
vt 0.523355 0.686790
vt 0.555672 0.686790
vt 0.509214 0.698400
vt 0.555343 0.686790
vt 0.523187 0.687446
vt 0.555508 0.686764
vt 0.584803 0.713720
vt 0.584807 0.713723
vt 0.556017 0.687446
vt 0.564273 0.698907
vt 0.556017 0.691334
vt 0.580765 0.713720
vt 0.523187 0.691510
vt 0.523014 0.691334
vt 0.564606 0.700095
vt 0.523355 0.692016
vt 0.523014 0.687446
vt 0.510387 0.701460
vt 0.555508 0.692136
vt 0.523693 0.692136
vt 0.523352 0.692316
vt 0.555676 0.692136
vt 0.494393 0.713693
vt 0.498266 0.713723
vt 0.498266 0.713720
vt 0.580765 0.713693
vt 0.584979 0.713693
vt 0.580432 0.713693
vt 0.585148 0.713723
vt 0.585144 0.713723
vt 0.580432 0.713723
vt 0.557360 0.768625
vt 0.521672 0.769960
vt 0.557363 0.772483
vt 0.521672 0.772483
vt 0.521668 0.767111
vt 0.557367 0.763039
vt 0.557371 0.767110
vt 0.521668 0.763039
vt 0.848743 0.255293
vt 0.848743 0.208401
vt 0.477719 0.813180
vt 0.687113 0.563069
vt 0.693373 0.563069
vt 0.696508 0.563069
vt 0.701209 0.563069
vt 0.704343 0.563069
vt 0.715312 0.563069
vt 0.723140 0.563069
vt 0.727841 0.563069
vt 0.677710 0.563069
vt 0.827401 0.818353
vt 0.827401 0.771366
vt 0.834528 0.620686
vt 0.834528 0.609744
vt 0.834528 0.651974
vt 0.520487 0.782429
vt 0.521672 0.681387
vt 0.488001 0.713723
vt 0.554334 0.827381
s 1
usemtl player.006
f 3/1/1 2/2/1 1/3/1
f 1/3/2 6/4/2 5/5/2
f 1/3/3 167/6/3 3/1/3
f 1/3/3 7/7/3 4/8/3
f 5/5/4 9/9/4 8/10/4
f 5/5/3 11/11/3 7/7/3
f 8/10/5 192/12/5 10/13/5
f 10/13/3 11/11/3 8/10/3
f 14/14/6 11/15/6 12/16/6
f 13/17/7 7/18/7 11/15/7
f 19/19/8 13/20/8 14/21/8
f 17/22/8 13/20/8 16/23/8
f 16/23/4 180/24/4 17/22/4
f 19/19/5 18/25/5 16/23/5
f 21/26/9 20/27/9 19/19/9
f 21/26/8 14/21/8 23/28/8
f 22/29/8 23/28/8 33/30/8
f 22/29/10 24/26/10 21/26/10
f 188/31/8 129/32/8 160/33/8
f 28/34/11 25/35/11 22/29/11
f 29/36/12 26/37/12 28/34/12
f 28/34/8 31/38/8 29/36/8
f 28/34/8 33/30/8 30/39/8
f 31/40/13 32/41/13 43/42/13
f 30/43/14 34/44/14 32/41/14
f 33/45/15 35/46/15 34/44/15
f 39/47/3 34/48/3 36/49/3
f 36/49/3 35/50/3 37/51/3
f 37/51/10 38/52/10 36/49/10
f 36/49/11 40/53/11 39/47/11
f 39/47/12 42/54/12 41/55/12
f 39/47/3 43/56/3 32/57/3
f 41/55/16 45/58/16 44/58/16
f 41/55/3 46/59/3 43/56/3
f 44/58/17 48/60/17 47/61/17
f 44/58/3 49/62/3 46/59/3
f 47/61/18 51/63/18 50/64/18
f 50/64/3 49/62/3 47/61/3
f 50/64/19 190/65/19 52/65/19
f 50/64/3 54/66/3 53/67/3
f 57/68/20 53/69/20 54/70/20
f 55/71/21 49/72/21 53/69/21
f 56/73/8 57/74/8 67/75/8
f 56/73/8 58/76/8 55/77/8
f 58/78/22 46/79/22 49/72/22
f 61/80/8 58/76/8 59/81/8
f 60/82/23 43/42/23 46/79/23
f 29/36/8 60/83/8 61/80/8
f 59/81/17 62/80/17 61/80/17
f 61/80/16 27/84/16 29/36/16
f 56/73/18 63/85/18 59/81/18
f 67/75/19 64/86/19 56/73/19
f 68/87/24 65/75/24 67/75/24
f 67/75/8 70/88/8 68/87/8
f 69/89/8 70/88/8 71/90/8
f 69/89/25 66/87/25 68/87/25
f 71/91/26 72/92/26 73/93/26
f 70/94/27 54/70/27 72/92/27
f 76/95/3 72/96/3 74/97/3
f 52/65/3 72/96/3 54/66/3
f 52/65/24 75/98/24 74/97/24
f 74/97/25 77/95/25 76/95/25
f 76/95/28 79/99/28 78/100/28
f 78/100/3 73/101/3 76/95/3
f 78/100/29 187/102/29 80/103/29
f 80/103/3 81/104/3 78/100/3
f 85/105/30 81/106/30 82/107/30
f 83/108/31 73/93/31 81/106/31
f 86/109/8 83/110/8 85/111/8
f 84/112/8 71/90/8 83/110/8
f 90/113/8 85/111/8 87/114/8
f 87/115/1 82/107/1 89/116/1
f 88/117/2 89/116/2 103/118/2
f 91/119/8 87/114/8 88/120/8
f 91/119/32 92/121/32 90/113/32
f 90/113/33 93/122/33 86/109/33
f 97/123/7 94/119/7 91/119/7
f 97/123/6 96/124/34 95/123/6
f 97/123/8 100/125/8 98/126/8
f 97/123/8 88/120/8 99/127/8
f 100/128/5 101/129/5 102/130/5
f 99/131/4 103/118/4 101/129/4
f 107/132/3 101/133/3 104/134/3
f 104/134/3 103/135/3 106/136/3
f 106/136/7 105/137/7 104/134/7
f 104/134/6 108/138/6 107/132/6
f 107/132/35 110/139/35 109/139/35
f 109/139/3 102/140/3 107/132/3
f 109/139/15 113/141/15 112/142/15
f 112/142/3 111/143/3 109/139/3
f 112/142/14 116/144/14 115/145/14
f 115/145/3 114/146/3 112/142/3
f 115/145/13 183/147/13 117/147/13
f 115/145/3 119/148/3 118/149/3
f 122/150/12 118/151/12 119/152/12
f 120/153/11 114/154/11 118/151/11
f 132/155/8 120/156/8 122/157/8
f 124/158/8 120/156/8 121/159/8
f 123/160/10 111/161/10 114/154/10
f 124/158/8 125/162/8 123/163/8
f 125/164/9 102/130/9 111/161/9
f 126/165/8 100/125/8 125/162/8
f 124/158/15 127/166/15 126/165/15
f 98/126/35 127/166/35 96/124/36
f 121/159/14 128/167/14 124/158/14
f 132/155/37 129/32/37 121/159/37
f 133/168/23 130/169/23 132/155/23
f 132/155/8 135/170/8 133/168/8
f 133/168/8 136/171/8 134/172/8
f 134/172/22 131/173/22 133/168/22
f 136/174/17 137/175/17 138/176/17
f 135/177/16 119/152/16 137/175/16
f 139/178/3 138/179/3 137/180/3
f 117/147/3 137/180/3 119/148/3
f 117/147/23 140/181/23 139/178/23
f 139/178/22 142/182/22 141/183/22
f 141/183/21 144/184/21 143/185/21
f 141/183/3 146/186/3 138/179/3
f 143/185/20 175/187/20 145/188/20
f 145/188/3 146/186/3 143/185/3
f 147/189/19 148/190/19 146/191/19
f 146/191/18 136/174/18 138/176/18
f 151/192/8 148/193/8 150/194/8
f 149/195/8 136/171/8 148/193/8
f 155/196/8 150/194/8 152/197/8
f 154/198/24 150/199/24 147/189/24
f 168/200/25 152/201/25 154/198/25
f 156/202/8 152/197/8 153/203/8
f 155/196/38 159/204/26 157/205/38
f 151/192/27 157/205/39 158/206/27
f 162/207/31 159/204/31 156/202/31
f 163/208/30 160/33/30 162/207/30
f 163/208/8 164/209/8 165/210/8
f 162/207/8 153/203/8 164/209/8
f 165/211/29 166/212/29 167/213/29
f 166/212/28 153/214/28 168/200/28
f 3/1/3 166/215/3 169/216/3
f 169/216/3 168/217/3 171/218/3
f 171/218/31 170/219/31 169/216/31
f 169/216/30 176/1/30 3/1/30
f 173/220/26 172/218/26 171/218/26
f 173/220/3 168/217/3 154/221/3
f 145/188/27 174/220/27 173/220/27
f 173/220/3 147/222/3 145/188/3
f 142/182/3 184/223/3 48/60/3
f 177/224/40 167/213/40 4/225/40
f 178/226/8 165/210/8 177/227/8
f 15/228/41 4/229/41 7/18/41
f 178/226/8 15/230/8 17/22/8
f 17/22/2 179/231/2 178/226/2
f 178/226/1 161/232/1 163/208/1
f 151/192/20 181/233/20 149/195/20
f 149/195/21 182/234/21 134/172/21
f 185/235/32 184/223/32 106/136/32
f 106/136/3 89/236/3 185/235/3
f 80/103/33 186/237/33 185/235/33
f 185/235/3 82/238/3 80/103/3
f 86/109/29 188/31/29 84/112/29
f 84/112/28 189/239/28 69/89/28
f 10/13/9 191/240/9 37/51/9
f 37/51/3 12/241/3 10/13/3
f 23/242/35 12/16/35 35/46/35
f 193/243/42 198/244/42 197/245/42
f 195/246/43 194/247/43 193/243/43
f 193/243/3 359/248/3 195/246/3
f 197/245/3 196/249/3 193/243/3
f 197/245/44 201/250/44 200/251/44
f 200/251/3 199/252/3 197/245/3
f 200/251/45 384/253/45 202/254/45
f 200/251/3 204/255/3 203/256/3
f 206/257/46 203/258/46 204/259/46
f 205/260/47 199/261/47 203/258/47
f 208/262/8 206/263/8 211/264/8
f 208/262/8 207/265/8 205/266/8
f 208/262/44 372/267/44 209/268/44
f 211/264/45 210/269/45 208/262/45
f 213/270/48 212/271/48 211/264/48
f 213/270/8 206/263/8 215/272/8
f 214/273/49 216/274/49 213/270/49
f 213/270/8 225/275/8 214/273/8
f 321/276/8 373/277/8 352/278/8
f 220/279/50 217/280/50 214/273/50
f 221/281/51 218/282/51 220/279/51
f 220/279/8 223/283/8 221/281/8
f 214/273/8 222/284/8 220/279/8
f 223/285/52 224/286/52 235/287/52
f 222/288/53 226/289/53 224/286/53
f 225/290/54 227/291/54 226/289/54
f 228/292/3 224/293/3 226/294/3
f 229/295/3 226/294/3 227/296/3
f 228/292/55 383/297/49 230/292/55
f 231/298/50 230/292/56 232/298/50
f 231/298/51 234/299/51 233/300/51
f 231/298/3 235/301/3 224/293/3
f 233/300/57 237/302/57 236/302/57
f 236/302/3 235/301/3 233/300/3
f 236/302/58 240/303/58 239/304/58
f 239/304/3 238/305/3 236/302/3
f 239/304/59 243/306/59 242/307/59
f 239/304/3 245/308/3 241/309/3
f 242/307/60 382/310/60 244/311/60
f 242/307/3 246/312/3 245/308/3
f 249/313/61 245/314/61 246/315/61
f 247/316/62 241/317/62 245/314/62
f 251/318/8 247/319/8 248/320/8
f 248/320/8 249/321/8 259/322/8
f 250/323/63 238/324/63 241/317/63
f 251/318/8 252/325/8 250/326/8
f 252/327/64 235/287/64 238/324/64
f 253/328/8 223/283/8 252/325/8
f 251/318/58 254/329/58 253/328/58
f 253/328/57 219/330/57 221/281/57
f 248/320/59 255/318/59 251/318/59
f 259/322/60 256/331/60 248/320/60
f 260/332/65 257/322/65 259/322/66
f 260/332/8 249/321/8 262/333/8
f 261/334/67 258/335/67 260/332/67
f 260/332/8 263/336/8 261/334/8
f 263/337/68 264/338/68 265/339/68
f 262/340/69 246/315/69 264/338/69
f 266/341/3 265/342/3 264/343/3
f 266/341/3 246/312/3 244/311/3
f 266/341/67 269/344/67 268/344/67
f 244/311/65 267/345/65 266/341/65
f 268/344/70 271/346/70 270/347/70
f 268/344/3 273/348/3 265/342/3
f 270/347/71 379/349/71 272/350/71
f 270/347/3 274/351/3 273/348/3
f 277/352/72 273/353/72 274/354/72
f 275/355/73 265/339/73 273/353/73
f 261/334/8 275/356/8 276/357/8
f 276/357/8 277/358/8 278/359/8
f 282/360/8 277/358/8 279/361/8
f 279/362/43 274/354/43 281/363/43
f 283/364/8 279/361/8 280/365/8
f 280/366/42 281/363/42 295/367/42
f 283/364/74 284/360/74 282/360/74
f 282/360/75 285/368/75 278/359/75
f 289/369/76 286/364/76 283/364/76
f 289/369/46 288/370/46 287/369/46
f 289/369/8 292/371/8 290/372/8
f 289/369/8 280/365/8 291/373/8
f 292/374/45 293/375/45 294/376/45
f 291/377/77 295/367/77 293/375/77
f 299/378/3 293/379/3 296/380/3
f 296/380/3 295/381/3 298/382/3
f 296/380/46 300/383/46 299/378/46
f 298/382/76 297/384/76 296/380/76
f 299/378/78 302/385/78 301/385/78
f 301/385/3 294/386/3 299/378/3
f 301/385/54 305/387/54 304/388/54
f 301/385/3 306/389/3 303/390/3
f 304/388/53 308/391/53 307/392/53
f 304/388/3 310/393/3 306/389/3
f 307/392/52 375/394/52 309/394/52
f 307/392/3 311/395/3 310/393/3
f 314/396/51 310/397/51 311/398/51
f 312/399/50 306/400/50 310/397/50
f 316/401/8 312/402/8 313/403/8
f 313/403/8 314/404/8 324/405/8
f 315/406/49 303/407/49 306/400/49
f 318/408/8 315/409/8 316/401/8
f 317/410/79 294/376/79 303/407/79
f 290/372/8 317/411/8 318/408/8
f 316/401/54 319/412/54 318/408/54
f 290/372/80 319/412/78 288/370/80
f 313/403/53 320/413/53 316/401/53
f 324/405/52 321/276/52 313/403/52
f 325/414/81 322/415/81 324/405/81
f 325/414/8 314/404/8 327/416/8
f 326/417/63 323/418/63 325/414/63
f 326/417/8 327/416/8 328/419/8
f 328/420/58 329/421/58 330/422/58
f 327/423/57 311/398/57 329/421/57
f 333/424/3 329/425/3 331/426/3
f 331/426/3 311/395/3 309/394/3
f 331/426/63 334/427/82 333/424/82
f 309/394/81 332/428/81 331/426/81
f 335/429/62 334/427/83 336/430/84
f 335/429/3 330/431/3 333/424/3
f 335/429/61 367/432/61 337/432/61
f 337/432/3 338/433/3 335/429/3
f 342/434/60 338/435/60 339/436/60
f 340/437/85 330/422/85 338/435/85
f 341/438/8 328/419/8 340/439/8
f 343/440/8 340/439/8 342/441/8
f 347/442/8 342/441/8 344/443/8
f 344/444/66 339/436/66 346/445/66
f 347/442/8 345/446/8 348/447/8
f 345/448/67 346/445/67 360/449/67
f 348/447/68 349/450/68 347/442/68
f 347/442/86 350/451/86 343/440/69
f 354/452/73 351/453/73 348/447/73
f 355/454/72 352/278/72 354/452/72
f 355/454/8 356/455/8 357/456/8
f 348/447/8 356/455/8 354/452/8
f 357/457/71 358/458/71 359/459/71
f 356/460/70 360/449/70 358/458/70
f 195/246/3 358/461/3 361/462/3
f 363/463/3 358/461/3 360/464/3
f 361/462/72 368/246/72 195/246/72
f 363/463/73 362/465/73 361/462/73
f 365/466/68 364/463/68 363/463/68
f 363/463/3 346/467/3 365/466/3
f 337/432/86 366/466/86 365/466/86
f 365/466/3 339/468/3 337/432/3
f 376/469/3 240/303/3 198/244/3
f 369/470/87 359/459/87 196/471/87
f 370/472/8 357/456/8 369/473/8
f 209/268/8 369/473/8 207/265/8
f 207/474/74 196/475/74 199/261/74
f 209/268/42 371/476/42 370/472/42
f 370/472/43 353/477/43 355/454/43
f 343/440/61 373/277/61 341/438/61
f 341/438/62 374/478/62 326/417/62
f 377/479/74 376/469/74 298/382/74
f 298/382/3 281/480/3 377/479/3
f 272/350/75 378/481/75 377/479/75
f 377/479/3 274/351/3 272/350/3
f 278/359/71 380/482/71 276/357/71
f 276/357/70 381/483/70 261/334/70
f 202/254/48 383/297/48 229/295/48
f 229/295/3 204/255/3 202/254/3
f 215/484/88 204/259/88 227/291/88
f 389/485/89 386/486/90 390/487/89
f 387/488/91 386/486/91 385/489/91
f 387/488/92 388/490/92 551/491/92
f 389/485/92 388/490/92 385/489/92
f 392/492/93 390/487/93 393/493/93
f 392/492/92 391/494/92 389/485/92
f 394/495/94 393/493/94 576/496/95
f 394/495/92 395/497/92 392/492/92
f 396/498/96 397/499/96 395/500/96
f 397/499/97 391/501/97 395/500/97
f 403/502/98 397/503/98 398/504/98
f 400/505/98 399/506/98 397/503/98
f 400/505/99 564/507/93 401/508/93
f 403/502/95 402/509/100 400/505/100
f 405/510/101 404/511/102 403/502/102
f 405/510/98 398/504/98 407/512/98
f 405/510/103 409/513/103 408/514/103
f 406/515/98 407/512/98 417/516/98
f 572/517/98 513/518/98 544/519/98
f 406/515/104 410/520/104 409/513/104
f 412/521/105 411/522/106 410/520/105
f 413/523/98 414/524/98 415/525/98
f 412/521/98 417/516/98 414/524/98
f 415/526/107 416/527/107 427/528/107
f 416/527/108 417/529/108 418/530/108
f 418/530/109 407/531/109 419/532/109
f 423/533/92 418/534/92 420/535/92
f 420/535/92 419/536/92 421/537/92
f 420/535/103 575/538/103 422/535/103
f 423/533/104 422/535/104 424/539/104
f 423/533/105 426/540/105 425/541/105
f 425/541/92 416/542/92 423/533/92
f 425/541/110 429/543/110 428/543/110
f 428/543/92 427/544/92 425/541/92
f 431/545/111 429/543/111 432/546/111
f 428/543/92 433/547/92 430/548/92
f 431/545/112 435/549/112 434/550/112
f 431/545/92 437/551/92 433/547/92
f 434/550/113 574/552/113 436/553/113
f 434/550/92 438/554/92 437/551/92
f 441/555/114 437/556/114 438/557/115
f 437/556/116 442/558/116 433/559/116
f 443/560/98 439/561/98 440/562/98
f 440/562/98 441/563/98 451/564/98
f 433/559/117 444/565/117 430/566/117
f 443/560/98 444/567/98 442/568/98
f 444/565/118 427/528/118 430/566/118
f 445/569/98 415/525/98 444/567/98
f 445/569/111 447/570/111 446/569/111
f 445/569/110 411/522/110 413/523/110
f 443/560/119 448/571/119 447/570/119
f 440/562/120 449/564/120 448/571/120
f 451/564/121 450/572/122 449/564/121
f 451/564/98 454/573/98 452/574/98
f 453/575/123 450/572/123 452/574/123
f 453/575/98 454/573/98 455/576/98
f 455/577/124 456/578/124 457/579/124
f 456/578/125 441/555/125 438/557/125
f 460/580/92 456/581/92 458/582/92
f 436/553/92 456/581/92 438/554/92
f 460/580/123 459/583/123 461/580/123
f 458/582/126 574/552/122 459/583/127
f 462/584/128 461/580/128 463/585/128
f 462/584/92 457/586/92 460/580/92
f 464/587/129 463/585/129 571/588/130
f 462/584/92 466/589/92 465/590/92
f 466/591/131 467/592/132 465/593/131
f 467/592/133 457/579/133 465/593/133
f 468/594/98 455/576/98 467/595/98
f 468/594/98 469/596/98 470/597/98
f 474/598/98 469/596/98 471/599/98
f 471/600/91 466/591/91 473/601/91
f 474/598/98 472/602/98 475/603/98
f 487/604/89 471/600/89 473/601/89
f 474/598/134 478/603/135 476/605/134
f 470/597/136 476/605/136 477/597/136
f 475/603/97 479/606/97 478/603/97
f 482/607/137 479/606/96 481/606/96
f 481/606/98 484/608/98 482/607/98
f 475/603/98 483/609/98 481/606/98
f 484/610/95 485/611/95 486/612/95
f 483/613/93 487/604/93 485/611/93
f 491/614/92 485/615/92 488/616/92
f 488/616/92 487/617/92 490/618/92
f 488/616/96 492/619/96 491/614/96
f 488/616/97 568/620/138 489/621/97
f 491/614/139 494/622/140 493/623/140
f 493/623/92 486/624/92 491/614/92
f 493/623/109 497/625/109 496/626/109
f 496/626/92 495/627/92 493/623/92
f 499/628/141 497/625/141 500/629/141
f 496/626/92 502/630/92 498/631/92
f 499/628/142 567/632/143 501/632/143
f 499/628/92 503/633/92 502/630/92
f 503/634/144 504/635/144 502/636/105
f 502/636/104 507/637/104 498/638/104
f 508/639/98 504/640/98 505/641/98
f 516/642/98 504/640/98 506/643/98
f 507/637/103 495/644/103 498/638/103
f 510/645/98 507/646/98 508/639/98
f 509/647/102 486/612/102 495/644/101
f 510/645/98 484/608/98 509/648/98
f 510/645/109 512/649/109 511/650/109
f 482/607/145 511/650/145 480/651/145
f 505/641/108 512/649/108 508/639/108
f 505/641/142 514/652/107 513/518/142
f 516/642/118 515/653/118 514/652/118
f 516/642/98 519/654/98 517/655/98
f 517/655/117 566/656/146 515/653/117
f 517/655/98 520/657/98 518/658/98
f 520/659/111 521/660/111 522/661/111
f 521/660/110 506/662/110 503/634/110
f 523/663/92 522/664/92 521/665/92
f 523/663/92 503/633/92 501/632/92
f 525/666/117 524/667/117 526/668/117
f 501/632/118 524/667/118 523/663/147
f 527/669/148 526/668/116 528/670/148
f 525/666/92 530/671/92 522/664/92
f 527/669/114 559/672/114 529/673/114
f 527/669/92 531/674/92 530/671/92
f 534/675/113 530/676/113 531/677/113
f 532/678/112 522/661/112 530/676/112
f 518/658/98 532/679/98 533/680/98
f 533/680/98 534/681/98 535/682/98
f 539/683/98 534/681/98 536/684/98
f 538/685/121 534/675/121 531/677/121
f 540/686/98 536/684/98 537/687/98
f 552/688/149 536/689/149 538/685/149
f 539/683/124 543/690/150 541/691/124
f 539/683/125 542/692/125 535/682/125
f 546/519/133 543/690/133 540/686/133
f 547/693/131 544/519/132 546/519/132
f 547/693/98 548/694/98 549/695/98
f 546/519/98 537/687/98 548/694/98
f 551/696/129 548/697/129 550/698/130
f 548/697/128 552/688/128 550/698/128
f 387/488/92 550/699/92 553/700/92
f 553/700/92 552/701/92 555/702/92
f 553/700/151 560/703/131 387/488/131
f 555/702/133 554/704/133 553/700/152
f 557/705/150 556/702/150 555/702/150
f 557/705/92 552/701/92 538/706/92
f 557/705/125 559/672/153 558/705/125
f 557/705/92 531/674/92 529/673/92
f 526/668/92 568/620/92 432/546/92
f 388/707/136 549/708/136 551/696/154
f 562/709/98 549/695/98 561/710/98
f 562/709/98 399/506/98 401/508/98
f 399/711/135 388/712/135 391/501/135
f 562/709/155 564/507/89 563/709/155
f 562/709/91 545/713/91 547/693/91
f 535/682/115 565/714/114 533/680/114
f 533/680/148 566/656/148 518/658/148
f 490/618/134 570/715/135 568/620/134
f 490/618/92 473/716/92 569/717/92
f 569/717/136 571/588/136 570/715/136
f 569/717/92 466/589/92 464/587/92
f 470/597/130 572/517/130 468/594/130
f 468/594/128 573/718/128 453/575/128
f 421/537/101 576/496/156 575/538/101
f 421/537/92 396/719/92 394/495/92
f 419/532/140 398/720/140 396/498/140
f 579/721/157 578/722/157 577/723/157
f 577/723/42 582/724/42 581/725/42
f 577/723/3 743/726/3 579/721/3
f 581/725/3 580/727/3 577/723/3
f 581/725/77 585/728/77 584/729/77
f 584/729/3 583/730/3 581/725/3
f 584/729/45 768/731/45 586/732/45
f 586/732/3 587/733/3 584/729/3
f 590/734/46 587/735/46 588/736/46
f 589/737/47 583/738/47 587/735/47
f 595/739/8 589/740/8 590/741/8
f 592/742/8 591/743/8 589/740/8
f 592/742/77 756/744/77 593/745/77
f 595/739/45 594/746/45 592/742/45
f 597/747/79 596/748/79 595/739/79
f 597/747/8 590/741/8 599/749/8
f 598/750/8 599/749/8 609/751/8
f 598/750/49 600/752/49 597/747/49
f 671/753/8 705/754/8 736/755/8
f 604/756/50 601/757/50 598/750/50
f 605/758/51 602/759/51 604/756/51
f 605/758/8 606/760/8 607/761/8
f 604/756/8 609/751/8 606/760/8
f 607/762/52 608/763/52 619/764/52
f 606/765/53 610/766/53 608/763/53
f 609/767/54 611/768/54 610/766/54
f 615/769/3 610/770/3 612/771/3
f 612/771/3 611/772/3 613/773/3
f 612/771/55 767/774/49 614/771/55
f 615/769/50 614/771/56 616/775/50
f 615/769/51 618/776/51 617/777/158
f 615/769/3 619/778/3 608/779/3
f 617/777/57 621/780/57 620/781/57
f 617/777/3 622/782/3 619/778/3
f 620/781/58 624/783/58 623/784/58
f 623/784/3 622/782/3 620/781/3
f 623/784/59 627/785/59 626/786/59
f 626/786/3 625/787/3 623/784/3
f 626/786/60 766/788/60 628/788/60
f 628/788/3 629/789/3 626/786/3
f 633/790/61 629/791/61 630/792/61
f 631/793/62 625/794/62 629/791/62
f 643/795/8 631/796/8 633/797/8
f 632/798/8 634/799/8 631/796/8
f 634/800/63 622/801/63 625/794/63
f 635/802/8 636/803/8 634/799/8
f 636/804/81 619/764/81 622/801/81
f 605/758/8 636/803/8 637/805/8
f 635/802/58 638/806/58 637/805/58
f 637/805/57 603/807/159 605/758/159
f 632/798/59 639/802/59 635/802/59
f 643/795/60 640/808/60 632/798/60
f 644/809/66 641/810/65 643/795/65
f 644/809/8 633/797/8 646/811/8
f 645/812/8 646/811/8 647/813/8
f 645/812/67 642/809/67 644/809/67
f 647/814/68 648/815/68 649/816/68
f 646/817/69 630/792/69 648/815/69
f 652/818/3 648/819/3 650/820/3
f 650/820/3 630/821/3 628/788/3
f 628/788/66 651/822/65 650/820/65
f 650/820/67 653/818/67 652/818/67
f 652/818/70 655/823/70 654/824/70
f 654/824/3 649/825/3 652/818/3
f 654/824/71 763/826/71 656/827/71
f 656/827/3 657/828/3 654/824/3
f 661/829/72 657/830/72 658/831/72
f 659/832/73 649/816/73 657/830/73
f 662/833/8 659/834/8 661/835/8
f 660/836/8 647/813/8 659/834/8
f 666/837/8 661/835/8 663/838/8
f 663/839/43 658/831/43 665/840/43
f 664/841/42 665/840/42 679/842/42
f 666/837/8 664/843/8 667/844/8
f 667/844/74 668/845/74 666/837/74
f 666/837/75 669/846/75 662/833/75
f 673/753/47 670/847/47 667/844/47
f 674/848/46 671/753/46 673/753/46
f 673/753/8 676/849/8 674/848/8
f 673/753/8 664/843/8 675/850/8
f 676/851/45 677/852/45 678/853/45
f 675/854/44 679/842/44 677/852/44
f 683/855/3 677/856/3 680/857/3
f 680/857/3 679/858/3 682/859/3
f 682/859/47 681/860/47 680/857/47
f 680/857/160 684/861/46 683/855/46
f 683/855/88 686/862/88 685/862/88
f 683/855/3 687/863/3 678/864/3
f 685/862/54 689/865/54 688/866/54
f 685/862/3 690/867/3 687/863/3
f 688/866/53 692/868/53 691/869/53
f 688/866/3 694/870/3 690/867/3
f 691/869/52 759/871/52 693/871/52
f 691/869/3 695/872/3 694/870/3
f 698/873/51 694/874/51 695/875/51
f 696/876/50 690/877/50 694/874/50
f 697/878/8 698/879/8 708/880/8
f 700/881/8 696/882/8 697/878/8
f 699/883/49 687/884/49 690/877/49
f 702/885/8 699/886/8 700/881/8
f 701/887/79 678/853/79 687/884/79
f 674/848/8 701/888/8 702/885/8
f 700/881/54 703/889/54 702/885/54
f 702/885/88 672/890/161 674/848/161
f 697/878/53 704/891/53 700/881/53
f 708/880/52 705/754/52 697/878/52
f 709/892/81 706/893/81 708/880/81
f 708/880/8 711/894/8 709/892/8
f 709/892/8 712/895/8 710/896/8
f 710/896/63 707/897/63 709/892/63
f 712/898/58 713/899/58 714/900/58
f 711/901/57 695/875/57 713/899/57
f 715/902/3 714/903/3 713/904/3
f 693/871/3 713/904/3 695/872/3
f 693/871/81 716/905/81 715/902/81
f 715/902/63 718/906/82 717/906/82
f 719/907/84 718/906/83 720/908/84
f 717/906/3 722/909/3 714/903/3
f 719/907/61 751/910/61 721/910/61
f 719/907/3 723/911/3 722/909/3
f 726/912/60 722/913/60 723/914/60
f 724/915/85 714/900/85 722/913/85
f 725/916/8 726/917/8 727/918/8
f 710/896/8 724/919/8 725/916/8
f 731/920/8 726/917/8 728/921/8
f 728/922/66 723/914/66 730/923/66
f 744/924/67 728/922/67 730/923/67
f 731/920/8 729/925/8 732/926/8
f 731/920/162 735/927/68 733/920/162
f 727/918/86 733/920/163 734/928/86
f 738/755/73 735/927/73 732/926/73
f 739/929/72 736/755/72 738/755/72
f 739/929/8 740/930/8 741/931/8
f 738/755/8 729/925/8 740/930/8
f 741/932/71 742/933/71 743/934/71
f 742/933/70 729/935/70 744/924/70
f 579/721/3 742/936/3 745/937/3
f 747/938/3 742/936/3 744/939/3
f 747/938/73 746/940/73 745/937/73
f 745/937/72 752/721/72 579/721/72
f 749/941/68 748/938/68 747/938/68
f 749/941/3 744/939/3 730/942/3
f 721/910/86 750/943/86 749/941/86
f 749/941/3 723/911/3 721/910/3
f 718/906/3 760/944/3 624/783/3
f 753/945/75 743/934/75 580/946/75
f 754/947/8 741/931/8 753/948/8
f 591/949/74 580/950/74 583/738/74
f 593/745/8 753/948/8 591/743/8
f 593/745/42 755/951/42 754/947/42
f 754/947/157 737/929/157 739/929/157
f 727/918/61 757/952/61 725/916/61
f 725/916/62 758/953/62 710/896/62
f 761/954/74 760/944/74 682/859/74
f 761/954/3 679/858/3 665/955/3
f 656/827/75 762/956/75 761/954/75
f 761/954/3 658/957/3 656/827/3
f 662/833/71 764/958/71 660/836/71
f 660/836/70 765/959/70 645/812/70
f 586/732/79 767/774/79 613/773/79
f 613/773/3 588/960/3 586/732/3
f 599/961/88 588/736/88 611/768/88
f 771/962/157 770/963/157 769/964/157
f 769/964/42 774/965/42 773/966/42
f 771/962/3 772/967/3 935/968/3
f 773/966/3 772/967/3 769/964/3
f 773/966/77 777/969/77 776/970/77
f 773/966/3 779/971/3 775/972/3
f 776/970/45 960/973/45 778/974/45
f 776/970/3 780/975/3 779/971/3
f 782/976/46 779/977/46 780/978/46
f 781/979/47 775/980/47 779/977/47
f 784/981/8 782/982/8 787/983/8
f 785/984/8 781/985/8 784/981/8
f 784/981/77 948/986/77 785/984/77
f 787/983/45 786/987/45 784/981/45
f 789/988/48 788/989/48 787/983/48
f 789/988/8 782/982/8 791/990/8
f 789/988/8 801/991/8 790/992/8
f 790/992/49 792/993/49 789/988/49
f 956/994/8 897/995/8 928/996/8
f 796/997/50 793/998/50 790/992/50
f 797/999/51 794/1000/51 796/997/51
f 797/999/8 798/1001/8 799/1002/8
f 796/997/8 801/991/8 798/1001/8
f 799/1003/52 800/1004/52 811/1005/52
f 798/1006/53 802/1007/53 800/1004/53
f 801/1008/54 803/1009/54 802/1007/54
f 807/1010/3 802/1011/3 804/1012/3
f 805/1013/3 802/1011/3 803/1014/3
f 805/1013/49 806/1015/49 804/1012/49
f 804/1012/50 808/1016/50 807/1010/50
f 807/1010/51 810/1017/158 809/1018/158
f 807/1010/3 811/1019/3 800/1020/3
f 809/1018/57 813/1021/57 812/1022/57
f 809/1018/3 814/1023/3 811/1019/3
f 812/1022/58 816/1024/58 815/1025/58
f 812/1022/3 817/1026/3 814/1023/3
f 815/1025/59 819/1027/59 818/1028/59
f 818/1028/3 817/1026/3 815/1025/3
f 818/1028/60 958/1029/60 820/1030/60
f 820/1030/3 821/1031/3 818/1028/3
f 825/1032/61 821/1033/61 822/1034/61
f 823/1035/84 817/1036/84 821/1033/84
f 835/1037/8 823/1038/8 825/1039/8
f 824/1040/8 826/1041/8 823/1038/8
f 826/1042/63 814/1043/63 817/1036/63
f 829/1044/8 826/1041/8 827/1045/8
f 828/1046/81 811/1005/81 814/1043/81
f 829/1044/8 799/1002/8 828/1047/8
f 827/1045/58 830/1048/58 829/1044/58
f 829/1044/57 795/1049/57 797/999/57
f 824/1040/59 831/1045/59 827/1045/59
f 835/1037/60 832/1050/60 824/1040/60
f 836/1051/66 833/1052/66 835/1037/66
f 836/1051/8 825/1039/8 838/1053/8
f 837/1054/8 838/1053/8 839/1055/8
f 837/1054/67 834/1056/67 836/1051/67
f 839/1057/68 840/1058/68 841/1059/68
f 838/1060/69 822/1034/69 840/1058/69
f 844/1061/3 840/1062/3 842/1063/3
f 842/1063/3 822/1064/3 820/1030/3
f 820/1030/164 843/1065/66 842/1063/66
f 842/1063/67 845/1061/67 844/1061/67
f 844/1061/70 847/1066/70 846/1067/70
f 846/1067/3 841/1068/3 844/1061/3
f 846/1067/71 955/1069/71 848/1070/71
f 846/1067/3 850/1071/3 849/1072/3
f 853/1073/72 849/1074/72 850/1075/72
f 851/1076/73 841/1059/73 849/1074/73
f 852/1077/8 853/1078/8 854/1079/8
f 852/1077/8 839/1055/8 851/1080/8
f 854/1079/8 855/1081/8 858/1082/8
f 855/1083/43 850/1075/43 857/1084/43
f 856/1085/42 857/1084/42 871/1086/42
f 859/1087/8 855/1081/8 856/1088/8
f 859/1087/74 860/1082/74 858/1082/74
f 858/1082/87 861/1079/87 854/1079/87
f 865/1089/47 862/1087/47 859/1087/47
f 865/1089/46 864/1090/165 863/1089/46
f 865/1089/8 868/1091/8 866/1092/8
f 865/1089/8 856/1088/8 867/1093/8
f 868/1094/45 869/1095/45 870/1096/166
f 867/1097/77 871/1086/77 869/1095/77
f 875/1098/3 869/1099/3 872/1100/3
f 872/1100/3 871/1101/3 874/1102/3
f 874/1102/47 873/1103/47 872/1100/47
f 872/1100/46 876/1104/46 875/1098/46
f 875/1098/88 878/1105/88 877/1105/88
f 877/1105/3 870/1106/3 875/1098/3
f 877/1105/54 881/1107/54 880/1108/54
f 880/1108/3 879/1109/3 877/1105/3
f 880/1108/53 884/1110/53 883/1111/53
f 883/1111/3 882/1112/3 880/1108/3
f 883/1111/52 951/1113/52 885/1113/52
f 885/1113/3 886/1114/3 883/1111/3
f 890/1115/51 886/1116/51 887/1117/51
f 888/1118/50 882/1119/50 886/1116/50
f 900/1120/8 888/1121/8 890/1122/8
f 889/1123/8 891/1124/8 888/1121/8
f 891/1125/49 879/1126/49 882/1119/49
f 892/1127/8 893/1128/8 891/1124/8
f 879/1126/79 868/1094/79 870/1096/167
f 894/1129/8 868/1091/8 893/1128/8
f 892/1127/54 895/1130/54 894/1129/54
f 866/1092/168 895/1130/88 864/1090/169
f 889/1123/53 896/1131/53 892/1127/53
f 900/1120/52 897/995/52 889/1123/52
f 901/1132/81 898/1133/81 900/1120/81
f 901/1132/8 890/1122/8 903/1134/8
f 901/1132/8 904/1135/8 902/1136/8
f 902/1136/63 899/1137/63 901/1132/63
f 904/1138/58 905/1139/58 906/1140/58
f 903/1141/57 887/1117/57 905/1139/57
f 907/1142/3 906/1143/3 905/1144/3
f 907/1142/3 887/1145/3 885/1113/3
f 885/1113/81 908/1146/81 907/1142/81
f 907/1142/63 910/1147/63 909/1148/63
f 909/1148/62 912/1149/62 911/1150/62
f 909/1148/3 914/1151/3 906/1143/3
f 911/1150/61 943/1152/61 913/1153/61
f 911/1150/3 915/1154/3 914/1151/3
f 915/1155/60 916/1156/60 914/1157/60
f 914/1157/85 904/1138/85 906/1140/85
f 919/1158/8 916/1159/8 918/1160/8
f 917/1161/8 904/1135/8 916/1159/8
f 923/1162/8 918/1160/8 920/1163/8
f 920/1164/66 915/1155/66 922/1165/66
f 921/1166/67 922/1165/67 936/1167/67
f 923/1162/8 921/1168/8 924/1169/8
f 924/1169/68 925/1170/68 923/1162/68
f 923/1162/69 926/1171/69 919/1158/69
f 930/1172/73 927/1173/73 924/1169/73
f 931/1174/72 928/996/72 930/1172/72
f 931/1174/8 932/1175/8 933/1176/8
f 930/1172/8 921/1168/8 932/1175/8
f 933/1177/71 934/1178/71 935/1179/71
f 932/1180/70 936/1167/70 934/1178/70
f 771/962/3 934/1181/3 937/1182/3
f 937/1182/3 936/1183/3 939/1184/3
f 939/1184/73 938/1185/73 937/1182/73
f 937/1182/72 944/1186/72 771/962/72
f 941/1187/68 940/1184/68 939/1184/68
f 941/1187/3 936/1183/3 922/1188/3
f 913/1153/69 942/1187/69 941/1187/69
f 941/1187/3 915/1154/3 913/1153/3
f 952/1189/3 816/1024/3 774/965/3
f 945/1190/75 935/1179/75 772/1191/75
f 931/1174/8 945/1192/8 946/1193/8
f 783/1194/74 772/1195/74 775/980/74
f 785/984/8 945/1192/8 783/1196/8
f 785/984/42 947/1197/42 946/1193/42
f 946/1193/157 929/1174/157 931/1174/157
f 919/1158/61 949/1198/61 917/1161/61
f 917/1161/62 950/1199/62 902/1136/62
f 953/1200/74 952/1189/74 874/1102/74
f 874/1102/3 857/1201/3 953/1200/3
f 848/1070/87 954/1202/87 953/1200/87
f 848/1070/3 857/1201/3 850/1071/3
f 854/1079/71 956/994/71 852/1077/71
f 852/1077/70 957/1203/70 837/1054/70
f 778/974/79 959/1204/79 805/1013/79
f 778/974/3 803/1014/3 780/975/3
f 791/1205/88 780/978/88 803/1009/88
f 1251/1206/170 961/1207/171 962/1208/171
f 961/1207/172 1452/1209/173 962/1208/174
f 963/1210/175 966/1211/176 961/1207/177
f 969/1212/178 961/1207/179 966/1211/178
f 964/1213/180 965/1214/180 961/1207/180
f 1235/1215/181 1223/1216/182 968/1217/181
f 970/1218/183 968/1217/184 971/1219/185
f 969/1212/186 970/1218/187 973/1220/187
f 972/1221/188 970/1218/189 971/1219/189
f 970/1218/190 978/1222/191 965/1214/190
f 973/1220/192 965/1214/193 974/1223/194
f 974/1223/195 969/1212/195 973/1220/195
f 977/1224/196 975/1225/196 1196/1226/196
f 976/1212/197 978/1222/198 972/1221/197
f 976/1212/199 977/1224/200 985/1227/200
f 965/1214/201 979/1228/202 1452/1209/203
f 978/1222/204 982/1229/205 979/1228/206
f 980/1230/207 981/1231/208 978/1222/207
f 982/1229/209 983/1232/209 986/1233/209
f 977/1224/210 983/1232/210 981/1231/210
f 985/1227/211 981/1231/211 984/1234/211
f 984/1234/212 976/1212/212 985/1227/212
f 983/1232/213 1021/1235/214 986/1233/213
f 991/1236/215 983/1232/216 989/1237/216
f 996/1238/217 983/1232/217 987/1239/217
f 1196/1226/218 990/1240/219 977/1224/220
f 992/1241/221 990/1240/221 993/1242/222
f 991/1236/223 992/1241/223 995/1243/224
f 993/1242/225 1061/1244/226 997/1245/227
f 992/1241/228 1000/1246/228 988/1247/228
f 996/1238/229 992/1241/230 988/1247/230
f 996/1238/231 991/1236/232 995/1243/233
f 999/1248/234 997/1245/235 1092/1249/234
f 998/1250/236 1000/1246/236 994/1251/236
f 998/1250/237 999/1248/238 1007/1252/239
f 1021/1235/240 1000/1246/241 1001/1253/241
f 1003/1254/242 1001/1253/242 1000/1246/242
f 1002/1255/243 1003/1254/244 1000/1246/244
f 1003/1254/245 1004/1256/245 1005/1257/245
f 999/1248/246 1004/1256/247 1003/1254/247
f 1007/1252/248 1003/1254/248 1006/1258/248
f 1006/1258/249 998/1250/250 1007/1252/251
f 1011/1259/252 1005/1257/253 1004/1256/252
f 1008/1260/254 1009/1261/254 1012/1262/254
f 1017/1253/255 1005/1257/256 1008/1260/255
f 1009/1261/257 1011/1259/257 1010/1263/257
f 1010/1263/258 1013/1264/258 1009/1261/258
f 1016/1265/259 1009/1261/259 1013/1264/260
f 1014/1266/261 1015/1267/262 1013/1264/261
f 1013/1264/263 1021/1235/263 1001/1253/263
f 1017/1253/264 1013/1264/264 1001/1253/264
f 1016/1265/265 1008/1260/265 1012/1262/265
f 1018/1268/266 1020/1269/267 1015/1267/266
f 1019/1270/268 1021/1235/268 1015/1267/268
f 1019/1270/269 1020/1269/269 1024/1271/269
f 1022/1272/270 986/1233/270 1021/1235/271
f 1024/1271/272 1022/1272/273 1019/1270/272
f 1023/1273/274 1020/1269/275 986/1233/276
f 1020/1269/277 1027/1274/278 1025/1275/278
f 986/1233/279 1025/1275/279 982/1229/280
f 1029/1276/281 1027/1274/282 1026/1277/281
f 1028/1278/283 1029/1276/283 1026/1277/284
f 1037/1279/285 1026/1277/285 1018/1268/285
f 1029/1276/286 1030/1280/287 1193/1281/287
f 1033/1282/288 1030/1280/288 1029/1276/289
f 1032/1283/290 1033/1282/291 1029/1276/292
f 1038/1284/293 1059/1285/293 1034/1286/294
f 1035/1287/295 1018/1268/296 1014/1266/297
f 1036/1288/298 1018/1268/299 1033/1282/298
f 1028/1278/300 1036/1288/300 1032/1283/300
f 1040/1289/301 1038/1284/302 1035/1287/302
f 1039/1290/303 1040/1289/304 1035/1287/303
f 1045/1291/305 1035/1287/306 1014/1266/305
f 1040/1289/307 1046/1292/307 1042/1293/307
f 1010/1263/308 1041/1294/309 1040/1289/309
f 1043/1295/310 1010/1263/310 1040/1289/311
f 1044/1296/312 1039/1290/313 1045/1291/312
f 1045/1291/314 1010/1263/314 1044/1296/314
f 1051/1297/315 1042/1293/315 1046/1292/315
f 1119/1298/316 1042/1293/317 1047/1299/317
f 1049/1299/318 1042/1293/318 1048/1300/318
f 1053/1298/319 1048/1300/319 1052/1301/320
f 1050/1302/321 1051/1297/321 1107/1303/322
f 1048/1300/323 1054/1304/324 1052/1301/324
f 1119/1298/325 1052/1301/325 1038/1284/325
f 1057/1305/326 1052/1301/327 1054/1304/326
f 1055/1306/328 1038/1284/329 1052/1301/328
f 1060/1307/330 1055/1306/331 1056/1308/331
f 1056/1308/332 1058/1309/332 1063/1310/333
f 1058/1309/334 1057/1305/334 1065/1311/335
f 1034/1286/336 1061/1244/337 993/1242/337
f 1062/1312/338 1059/1285/338 1060/1307/338
f 1064/1313/339 1061/1244/340 1058/1309/341
f 1062/1312/342 1058/1309/342 1061/1244/343
f 1062/1312/344 1056/1308/345 1063/1310/345
f 1067/1245/346 1058/1309/347 1065/1311/346
f 1066/1314/348 1068/1315/348 1065/1311/348
f 1118/1316/349 1065/1311/350 1057/1305/349
f 1070/1317/351 1065/1311/351 1068/1315/351
f 1073/1318/352 1068/1315/353 1069/1319/353
f 1070/1317/354 1068/1315/354 1071/1320/354
f 1072/1321/355 1071/1320/355 1068/1315/355
f 1118/1316/356 1072/1321/357 1073/1318/357
f 1074/1322/358 1075/1323/359 1072/1321/360
f 1072/1321/361 1054/1304/361 1074/1322/361
f 1076/1324/362 1071/1320/363 1075/1323/364
f 1076/1324/365 1077/1325/366 1078/1326/367
f 1080/1300/368 1075/1323/368 1074/1322/368
f 1078/1326/369 1081/1327/370 1082/1328/370
f 1079/1329/371 1077/1325/371 1080/1300/371
f 1081/1327/372 1079/1329/373 1083/1330/373
f 1113/1331/374 1081/1327/374 1071/1320/374
f 1083/1330/375 1084/1332/375 1081/1327/375
f 1084/1332/376 1071/1320/377 1081/1327/377
f 1112/1333/378 1084/1332/378 1085/1334/379
f 1087/1335/380 1084/1332/381 1086/1336/380
f 1088/1337/382 1084/1332/382 1083/1330/382
f 1111/1333/383 1086/1336/384 1067/1245/385
f 1091/1338/386 1086/1336/387 1088/1337/387
f 1089/1339/388 1067/1245/388 1086/1336/389
f 1094/1340/390 1089/1339/391 1092/1249/390
f 1096/1333/392 1089/1339/393 1090/1341/393
f 1093/1342/394 1089/1339/394 1091/1338/394
f 1092/1249/395 1097/1343/395 999/1248/395
f 1095/1344/396 1092/1249/397 997/1245/396
f 1094/1340/398 1096/1333/398 1090/1341/398
f 1095/1344/399 1064/1313/399 1096/1333/400
f 1093/1342/401 1041/1294/401 1097/1343/401
f 1099/1345/402 1093/1342/403 1098/1346/403
f 1098/1346/404 1091/1338/405 1100/1347/406
f 1099/1345/407 1100/1347/408 1101/1348/408
f 1101/1348/409 1091/1338/409 1051/1297/409
f 1101/1348/410 1046/1292/411 1099/1345/412
f 1104/1349/413 1097/1343/413 1041/1294/413
f 1102/1350/414 1004/1256/414 1097/1343/414
f 1105/1351/415 1102/1350/415 1104/1349/415
f 1104/1349/416 1011/1259/416 1105/1351/416
f 1105/1351/417 1004/1256/417 1103/1352/418
f 1107/1303/419 1091/1338/419 1088/1337/420
f 1106/1337/421 1107/1303/421 1088/1337/421
f 1106/1337/422 1083/1330/422 1110/1353/423
f 1109/1354/424 1107/1303/424 1108/1355/424
f 1079/1329/425 1050/1302/426 1107/1303/426
f 1108/1355/427 1110/1353/427 1109/1354/427
f 1109/1354/428 1083/1330/429 1079/1329/428
f 1087/1335/430 1112/1333/430 1085/1334/430
f 1111/1333/431 1070/1317/431 1112/1333/432
f 1078/1326/433 1113/1331/433 1076/1324/434
f 1114/1299/435 1050/1302/436 1080/1300/435
f 1115/1356/437 1080/1300/438 1074/1322/437
f 1116/1299/439 1115/1356/439 1117/1356/439
f 1117/1356/440 1050/1302/441 1116/1299/441
f 1117/1356/442 1074/1322/443 1054/1304/442
f 1066/1314/444 1073/1318/444 1069/1319/444
f 1047/1299/445 1053/1298/445 1119/1298/445
f 1122/1357/446 1034/1286/447 993/1242/448
f 1120/1358/449 1030/1280/450 1034/1286/451
f 1120/1358/452 1123/1359/452 1121/1360/452
f 1123/1359/453 993/1242/454 990/1240/455
f 1123/1359/456 1030/1280/457 1121/1360/457
f 1031/1361/458 1127/1362/459 1126/1363/460
f 1125/1364/461 1027/1274/462 1031/1361/463
f 1129/1365/464 1031/1361/464 1126/1363/464
f 1148/1366/465 1126/1363/466 1149/1367/466
f 1130/1368/467 1128/1369/467 1132/1370/467
f 1129/1365/468 1130/1368/468 1133/1371/468
f 1131/1372/469 1132/1370/469 1135/1373/469
f 1130/1368/470 1025/1275/470 1027/1274/470
f 1133/1371/471 1027/1274/472 1134/1374/471
f 1134/1374/473 1129/1365/474 1133/1371/475
f 1137/1375/476 1135/1373/477 1132/1370/476
f 1136/1376/478 1128/1369/479 1145/1377/479
f 1140/1378/480 1132/1370/480 1136/1376/480
f 1139/1379/481 1138/1380/481 1256/1381/481
f 1141/1382/482 1138/1380/483 1137/1375/483
f 1140/1378/484 1141/1382/485 1137/1375/484
f 1142/1383/486 1143/1384/487 1146/1385/486
f 1141/1382/488 1148/1366/489 1143/1384/488
f 1144/1386/490 1128/1369/490 1141/1382/491
f 1140/1378/492 1145/1377/493 1144/1386/493
f 1223/1216/494 1143/1384/495 968/1217/494
f 1152/1387/496 1143/1384/497 1147/1388/497
f 1150/1389/498 1143/1384/499 1148/1366/500
f 1148/1366/501 1154/1390/501 971/1219/501
f 1151/1391/502 1148/1366/503 971/1219/504
f 1150/1389/505 1152/1387/506 1147/1388/505
f 1152/1387/507 971/1219/508 968/1217/508
f 1127/1362/509 1155/1392/510 1149/1367/510
f 1220/1393/511 1149/1367/511 1153/1394/511
f 1153/1394/512 1155/1392/513 1156/1395/513
f 1156/1395/514 1159/1396/514 1160/1397/514
f 1157/1398/515 1158/1399/515 1209/1399/515
f 1159/1396/516 1157/1398/516 1162/1400/516
f 1220/1393/517 1159/1396/518 1154/1390/518
f 1164/1225/519 1159/1396/520 1162/1400/521
f 1161/1225/522 1154/1390/523 1159/1396/522
f 1163/1401/524 1165/1402/525 1162/1400/524
f 1219/1403/526 1162/1400/527 1157/1398/526
f 1167/1404/528 1162/1400/529 1165/1402/529
f 1170/1405/530 1165/1402/531 1166/1406/531
f 1167/1404/532 1165/1402/532 1168/1407/532
f 1169/1408/533 1168/1407/533 1165/1402/533
f 1170/1405/534 1157/1398/534 1169/1408/534
f 1171/1409/535 1172/1410/535 1169/1408/535
f 1209/1399/536 1169/1408/536 1157/1398/536
f 1173/1411/537 1168/1407/538 1172/1410/537
f 1173/1411/539 1174/1412/540 1175/1413/541
f 1171/1409/542 1174/1412/543 1172/1410/542
f 1175/1413/544 1178/1414/545 1179/1415/545
f 1176/1416/546 1177/1417/546 1174/1412/546
f 1178/1414/547 1177/1417/548 1181/1418/548
f 1179/1415/549 1168/1407/550 1218/1419/551
f 1180/1420/552 1178/1414/552 1181/1418/552
f 1167/1404/553 1178/1414/553 1180/1420/553
f 1184/1421/554 1181/1418/555 1182/1422/555
f 1213/1423/556 1181/1418/557 1177/1417/556
f 1180/1420/558 1183/1424/558 1185/1425/558
f 1188/1426/559 1183/1424/560 1184/1421/560
f 1185/1425/561 1186/1427/561 1200/1428/562
f 1187/1429/563 1186/1427/564 1183/1424/564
f 1213/1423/565 1187/1429/565 1188/1426/566
f 1192/1430/567 1187/1429/567 1189/1431/567
f 1189/1431/568 1177/1417/569 1176/1416/568
f 1191/1432/570 1193/1281/571 1194/1433/570
f 1191/1432/572 1186/1427/573 1190/1434/572
f 1124/1435/574 1190/1434/574 1192/1430/574
f 1195/1436/575 1030/1280/576 990/1240/575
f 1197/1437/577 1193/1281/578 1195/1436/577
f 1200/1428/579 1195/1436/580 1196/1226/580
f 1197/1437/581 1186/1427/581 1198/1438/581
f 1194/1433/582 1198/1438/582 1191/1432/582
f 1199/1439/583 1200/1428/584 1196/1226/583
f 1203/1440/585 1196/1226/585 975/1225/585
f 1202/1441/586 1200/1428/586 1201/1442/586
f 1200/1428/587 1164/1225/588 1185/1425/589
f 1199/1439/590 1202/1441/591 1201/1442/592
f 1203/1440/593 1161/1225/594 1202/1441/594
f 1204/1443/595 1124/1435/596 1192/1430/595
f 1205/1444/597 1192/1430/598 1158/1399/597
f 1158/1399/599 1189/1431/599 1209/1399/599
f 1207/1445/600 1204/1443/601 1205/1444/602
f 1207/1445/603 1124/1435/603 1206/1446/603
f 1205/1444/604 1127/1362/604 1207/1445/604
f 1212/1447/605 1189/1431/606 1176/1416/605
f 1210/1444/607 1189/1431/608 1208/1448/607
f 1211/1449/609 1209/1399/609 1210/1444/609
f 1210/1444/610 1212/1447/610 1211/1449/610
f 1211/1449/611 1176/1416/612 1171/1409/613
f 1188/1426/614 1182/1422/614 1213/1423/614
f 1214/1450/615 1180/1420/615 1185/1425/615
f 1215/1451/616 1185/1425/617 1164/1225/618
f 1215/1451/619 1216/1452/619 1214/1450/619
f 1216/1452/620 1167/1404/621 1180/1420/622
f 1215/1451/623 1167/1404/624 1217/1453/624
f 1175/1413/625 1218/1419/625 1173/1411/625
f 1219/1403/626 1166/1406/626 1163/1401/626
f 1153/1394/627 1160/1397/628 1220/1393/628
f 1224/1454/629 1221/1455/630 1146/1385/630
f 1447/1456/631 1146/1385/632 1223/1216/631
f 1222/1457/633 1224/1454/634 1146/1385/633
f 1225/1458/635 1228/1459/635 1224/1454/635
f 1226/1460/636 1227/1461/637 1435/1455/638
f 1227/1461/639 1228/1459/640 1230/1462/641
f 1447/1456/642 1228/1459/643 1229/1463/643
f 1233/1464/644 1228/1459/645 1231/1465/644
f 1223/1216/646 1231/1465/647 1228/1459/647
f 1236/1466/648 1231/1465/649 1235/1215/650
f 1232/1466/651 1234/1467/652 1231/1465/651
f 1234/1467/653 1233/1464/654 1231/1465/655
f 1236/1466/656 1237/1468/657 1238/1469/656
f 1240/1470/658 1235/1215/659 967/1471/659
f 1238/1469/660 1234/1467/660 1446/1472/660
f 1240/1473/661 1242/1474/661 1313/1475/662
f 1239/1476/663 1234/1477/664 1237/1478/663
f 1241/1479/665 1243/1480/665 1240/1470/665
f 1248/1481/666 1240/1470/667 967/1471/668
f 1242/1482/669 1243/1480/670 1244/1483/670
f 1249/1484/671 1243/1485/672 1245/1486/672
f 963/1210/673 1245/1486/674 1243/1485/675
f 1246/1480/676 963/1210/677 1243/1480/676
f 1246/1480/678 1248/1481/679 1247/1487/678
f 1248/1481/680 963/1210/680 1247/1487/680
f 1252/1488/681 1249/1484/681 1245/1486/681
f 1250/1486/682 1252/1488/683 1245/1486/684
f 1250/1486/685 1251/1206/686 1258/1489/686
f 1252/1490/687 1259/1491/687 1253/1492/688
f 1138/1380/689 1252/1490/690 1256/1381/689
f 1255/1493/691 1256/1381/691 1252/1488/691
f 962/1208/692 1256/1381/692 1251/1206/692
f 1258/1489/693 1256/1381/694 1257/1494/694
f 1250/1486/695 1257/1494/696 1255/1493/696
f 1254/1495/697 1263/1496/698 1259/1491/697
f 1264/1497/699 1254/1495/700 1260/1498/700
f 1266/1499/701 1254/1495/701 1138/1380/701
f 1261/1500/702 1262/1501/703 1397/1502/703
f 1261/1500/704 1221/1455/704 1262/1501/704
f 1265/1503/705 1261/1500/706 1264/1497/706
f 1260/1498/707 1265/1503/707 1264/1497/707
f 1265/1503/708 1138/1380/709 1142/1383/708
f 1269/1504/710 1267/1505/711 1271/1506/711
f 1277/1507/712 1263/1496/712 1268/1508/712
f 1268/1508/713 1269/1504/714 1272/1509/713
f 1270/1510/715 1271/1506/715 1318/1511/715
f 1273/1512/716 1270/1510/717 1275/1513/718
f 1276/1514/719 1269/1504/720 1273/1512/719
f 1274/1515/721 1275/1513/721 1278/1516/722
f 1259/1491/723 1274/1515/724 1253/1492/723
f 1276/1514/725 1259/1491/725 1277/1507/725
f 1276/1514/726 1268/1508/727 1272/1509/726
f 1275/1513/728 1282/1517/729 1278/1516/728
f 1279/1518/730 1280/1519/730 1275/1513/730
f 1288/1520/731 1275/1513/732 1270/1510/731
f 1280/1519/733 1281/1521/733 1282/1517/733
f 1280/1519/734 1286/1522/734 1281/1521/734
f 1287/1523/735 1280/1519/736 1283/1524/736
f 1284/1525/737 1289/1526/738 1286/1522/738
f 1270/1510/739 1285/1527/739 1284/1525/739
f 1288/1520/740 1284/1525/741 1287/1523/741
f 1279/1518/742 1287/1523/743 1283/1524/743
f 1293/1528/744 1286/1529/744 1289/1530/744
f 1290/1529/745 1291/1531/746 1294/1532/746
f 1290/1529/747 1281/1533/747 1286/1529/747
f 1360/1534/748 1291/1531/749 1293/1528/750
f 1292/1535/751 1295/1536/751 1291/1531/752
f 1294/1532/753 1295/1536/754 1298/1537/754
f 1297/1538/755 1296/1539/755 1295/1536/755
f 1296/1539/756 1281/1533/756 1295/1536/756
f 1298/1537/757 1281/1533/757 1299/1540/757
f 1294/1532/758 1299/1540/759 1290/1529/760
f 1297/1538/761 1303/1541/762 1296/1539/761
f 1387/1542/763 1297/1543/764 1292/1544/763
f 1304/1545/765 1297/1543/766 1300/1543/766
f 1301/1546/767 1388/1547/768 1303/1541/767
f 1301/1548/769 1308/1549/770 1302/1550/769
f 1306/1551/771 1301/1548/771 1304/1545/771
f 1306/1551/772 1292/1544/773 1305/1552/773
f 1307/1553/774 1312/1554/775 1308/1555/776
f 1292/1544/777 1307/1556/777 1305/1552/777
f 1385/1557/778 1308/1549/779 1309/1558/779
f 1384/1482/780 1308/1549/780 1242/1482/781
f 1242/1474/782 1310/1559/782 1313/1475/782
f 1311/1560/783 1271/1561/784 1316/1562/784
f 1314/1563/785 1310/1559/785 1311/1560/785
f 1318/1564/786 1310/1559/787 1312/1554/787
f 1314/1563/788 1267/1565/788 1313/1475/789
f 1267/1565/790 1239/1476/790 1313/1475/790
f 1314/1563/791 1316/1562/792 1315/1566/792
f 1316/1562/793 1267/1565/794 1315/1566/793
f 1317/1554/795 1318/1564/795 1312/1554/795
f 1317/1554/796 1319/1567/797 1320/1568/797
f 1319/1567/798 1307/1553/799 1322/1569/800
f 1324/1570/801 1319/1567/802 1323/1571/801
f 1365/1572/803 1319/1573/804 1322/1574/805
f 1326/1575/806 1319/1567/806 1321/1576/806
f 1383/1577/807 1323/1571/807 1318/1564/807
f 1325/1578/808 1326/1511/809 1328/1578/808
f 1378/1579/810 1323/1511/810 1325/1578/810
f 1327/1580/811 1329/1581/812 1326/1575/812
f 1327/1580/813 1321/1576/813 1382/1576/813
f 1329/1511/814 1328/1578/815 1326/1511/815
f 1330/1582/816 1333/1583/817 1329/1581/818
f 1331/1584/819 1329/1511/819 1332/1585/819
f 1336/1586/820 1329/1581/820 1333/1583/820
f 1382/1576/821 1333/1583/821 1334/1587/822
f 1335/1588/823 1336/1586/823 1333/1583/823
f 1333/1573/824 1365/1572/825 1335/1572/824
f 1381/1589/826 1336/1586/827 1337/1590/827
f 1339/1591/828 1336/1586/829 1338/1591/829
f 1341/1592/830 1336/1586/830 1335/1588/830
f 1343/1593/831 1338/1591/831 1342/1593/831
f 1340/1594/832 1338/1595/832 1341/1534/832
f 1342/1596/833 1340/1594/833 1344/1597/834
f 1343/1593/835 1332/1589/836 1381/1589/836
f 1344/1597/837 1345/1598/837 1342/1596/837
f 1331/1584/838 1342/1599/838 1345/1600/838
f 1346/1600/839 1331/1584/839 1345/1600/839
f 1348/1527/840 1345/1600/841 1347/1601/840
f 1349/1602/842 1345/1598/842 1344/1597/842
f 1348/1527/843 1328/1578/844 1379/1603/843
f 1352/1604/845 1347/1605/845 1349/1602/846
f 1350/1527/847 1328/1578/847 1347/1601/847
f 1351/1606/848 1325/1578/848 1350/1527/848
f 1351/1606/849 1285/1527/850 1376/1607/850
f 1350/1527/851 1289/1526/852 1285/1527/853
f 1353/1608/854 1354/1609/855 1355/1610/855
f 1353/1608/856 1289/1530/856 1352/1604/856
f 1356/1611/857 1352/1604/857 1349/1602/858
f 1373/1612/859 1354/1609/860 1293/1528/860
f 1359/1534/861 1354/1609/861 1356/1611/862
f 1293/1528/863 1357/1534/863 1360/1534/863
f 1363/1613/864 1357/1614/865 1322/1574/864
f 1361/1615/866 1357/1614/866 1358/1616/866
f 1357/1614/867 1365/1572/868 1322/1574/867
f 1362/1613/869 1360/1616/870 1361/1615/870
f 1361/1615/871 1363/1613/871 1362/1613/871
f 1362/1613/872 1322/1574/873 1307/1556/873
f 1366/1617/874 1359/1618/874 1364/1619/874
f 1364/1619/875 1341/1620/875 1368/1620/875
f 1356/1611/876 1341/1534/876 1359/1534/876
f 1366/1617/877 1335/1572/878 1365/1572/877
f 1364/1619/879 1367/1621/879 1366/1617/879
f 1368/1620/880 1335/1572/881 1367/1621/881
f 1370/1622/882 1356/1611/883 1349/1602/882
f 1369/1623/884 1340/1594/884 1356/1611/884
f 1369/1623/885 1372/1597/885 1371/1624/885
f 1372/1597/886 1340/1594/887 1371/1624/887
f 1372/1597/888 1349/1602/888 1344/1597/889
f 1374/1625/890 1355/1610/890 1373/1612/890
f 1374/1625/891 1293/1528/892 1289/1530/892
f 1376/1607/893 1375/1626/893 1351/1606/893
f 1377/1627/894 1285/1527/895 1378/1579/894
f 1377/1627/896 1325/1578/896 1375/1626/896
f 1348/1527/897 1380/1628/898 1346/1600/897
f 1379/1603/899 1331/1584/900 1380/1628/899
f 1381/1589/901 1339/1591/901 1343/1593/901
f 1327/1580/902 1334/1587/902 1330/1582/902
f 1317/1554/903 1324/1570/904 1383/1577/904
f 1386/1483/905 1309/1558/905 1384/1482/905
f 1385/1557/906 1244/1483/907 1302/1550/907
f 1386/1483/908 1242/1482/909 1244/1483/910
f 1300/1543/911 1306/1551/912 1304/1545/912
f 1274/1629/913 1303/1541/913 1388/1547/913
f 1389/1630/914 1278/1631/914 1391/1631/914
f 1390/1632/915 1303/1541/915 1389/1630/915
f 1392/1633/916 1389/1630/917 1391/1631/916
f 1392/1633/918 1278/1631/919 1282/1634/920
f 1390/1632/921 1282/1634/921 1296/1539/921
f 1302/1635/922 1249/1484/923 1388/1547/924
f 1393/1547/925 1274/1629/926 1388/1547/925
f 1393/1547/927 1249/1484/927 1394/1636/927
f 1393/1547/928 1396/1637/929 1395/1638/929
f 1395/1638/930 1253/1637/930 1274/1629/930
f 1394/1636/931 1253/1637/931 1396/1637/931
f 1399/1502/932 1262/1501/932 1402/1501/932
f 1441/1639/933 1397/1640/933 1398/1641/934
f 1400/1642/935 1397/1640/935 1399/1643/936
f 1400/1642/937 1403/1644/937 1404/1645/937
f 1401/1502/938 1402/1501/938 1437/1646/938
f 1403/1644/939 1401/1647/940 1405/1648/941
f 1441/1639/942 1403/1644/943 1239/1476/944
f 1407/1477/945 1403/1644/945 1405/1648/945
f 1406/1649/946 1408/1650/947 1405/1648/946
f 1440/1651/948 1405/1648/948 1401/1647/948
f 1410/1652/949 1405/1648/950 1408/1650/951
f 1413/1653/952 1408/1650/953 1409/1650/953
f 1410/1652/954 1408/1650/954 1411/1654/954
f 1412/1655/955 1411/1654/955 1408/1650/955
f 1440/1651/956 1412/1655/956 1413/1653/956
f 1414/1656/957 1415/1657/957 1412/1502/957
f 1412/1502/958 1437/1646/958 1414/1656/958
f 1416/1658/959 1411/1654/959 1415/1658/960
f 1416/1658/961 1417/1659/962 1418/1660/962
f 1419/1661/963 1415/1657/964 1414/1656/965
f 1418/1660/966 1421/1662/967 1422/1663/967
f 1419/1661/968 1420/1664/968 1417/1659/968
f 1421/1662/969 1420/1664/970 1424/1665/970
f 1433/1666/971 1421/1662/972 1411/1654/972
f 1423/1667/973 1421/1662/973 1424/1665/973
f 1423/1667/974 1411/1654/975 1421/1662/975
f 1426/1668/976 1424/1665/977 1420/1664/978
f 1427/1669/979 1424/1665/980 1425/1670/980
f 1423/1667/981 1230/1462/981 1233/1464/982
f 1427/1669/983 1426/1668/983 1428/1671/983
f 1428/1671/984 1230/1462/985 1427/1669/985
f 1428/1671/986 1420/1664/986 1227/1461/986
f 1430/1672/987 1423/1667/988 1429/1673/988
f 1431/1674/989 1423/1667/990 1233/1464/989
f 1431/1674/991 1430/1672/992 1429/1673/992
f 1431/1674/993 1407/1472/994 1432/1472/995
f 1432/1472/996 1410/1652/996 1430/1672/996
f 1422/1663/997 1416/1658/997 1418/1660/997
f 1420/1664/998 1435/1455/999 1227/1461/999
f 1434/1675/1000 1414/1656/1000 1439/1676/1001
f 1434/1675/1002 1435/1455/1002 1419/1661/1002
f 1436/1677/1003 1437/1646/1003 1435/1455/1003
f 1402/1501/1004 1435/1455/1004 1437/1646/1004
f 1439/1676/1005 1437/1646/1006 1438/1678/1007
f 1436/1677/1008 1439/1676/1008 1438/1678/1008
f 1406/1649/1009 1413/1653/1009 1409/1650/1009
f 1398/1641/1010 1404/1645/1010 1441/1639/1011
f 1442/1679/1012 1262/1501/1012 1444/1679/1012
f 1443/1460/1013 1402/1501/1013 1442/1679/1013
f 1444/1679/1014 1443/1460/1015 1442/1679/1014
f 1445/1680/1016 1262/1501/1017 1221/1455/1016
f 1443/1460/1018 1221/1455/1019 1226/1460/1018
f 1238/1469/1020 1232/1466/1021 1236/1466/1022
f 1222/1457/1023 1229/1463/1024 1225/1458/1023
f 1448/1681/1025 962/1208/1026 1450/1682/1027
f 1448/1681/1028 1135/1373/1028 1139/1379/1028
f 1450/1682/1029 1449/1683/1030 1448/1681/1030
f 1450/1682/1031 1452/1209/1031 1451/1684/1031
f 1449/1683/1032 1452/1209/1033 1135/1373/1034
f 1131/1372/1035 1452/1209/1035 979/1228/1035
f 1455/1685/1036 1131/1372/1037 979/1228/1038
f 1454/1686/1039 1131/1372/1040 1453/1687/1041
f 1455/1685/1042 1454/1686/1042 1453/1687/1042
f 1456/1688/1043 979/1228/1044 982/1229/1045
f 1456/1688/1046 1025/1275/1047 1454/1686/1047
f 3/1/1 176/1/1 2/2/1
f 1/3/2 2/2/2 6/4/2
f 1/3/3 4/8/3 167/6/3
f 1/3/3 5/5/3 7/7/3
f 5/5/4 6/4/4 9/9/4
f 5/5/3 8/10/3 11/11/3
f 8/10/5 9/9/5 192/12/5
f 10/13/3 12/241/3 11/11/3
f 14/14/6 13/17/6 11/15/6
f 13/17/7 15/228/7 7/18/7
f 19/19/8 16/23/8 13/20/8
f 17/22/8 15/230/8 13/20/8
f 16/23/4 18/25/4 180/24/4
f 19/19/5 20/27/5 18/25/5
f 21/26/9 24/26/9 20/27/9
f 21/26/8 19/19/8 14/21/8
f 22/29/8 21/26/8 23/28/8
f 22/29/10 25/35/10 24/26/10
f 160/33/8 161/232/8 18/25/8
f 161/232/8 179/231/8 18/25/8
f 179/231/8 180/24/8 18/25/8
f 18/25/8 20/27/8 26/37/8
f 20/27/8 24/26/8 26/37/8
f 24/26/8 25/35/8 26/37/8
f 26/37/8 27/84/8 62/80/8
f 62/80/8 63/85/8 26/37/8
f 63/85/8 64/86/8 26/37/8
f 64/86/8 65/75/8 188/31/8
f 65/75/8 66/87/8 188/31/8
f 66/87/8 189/239/8 188/31/8
f 188/31/8 93/122/8 92/121/8
f 92/121/8 94/119/8 95/123/8
f 95/123/8 96/124/8 127/166/8
f 127/166/8 128/167/8 95/123/8
f 128/167/8 129/32/8 95/123/8
f 129/32/8 130/169/8 131/173/8
f 131/173/8 182/234/8 129/32/8
f 182/234/8 181/233/8 129/32/8
f 181/233/8 158/206/8 157/205/8
f 157/205/8 159/204/8 160/33/8
f 188/31/8 92/121/8 129/32/8
f 92/121/8 95/123/8 129/32/8
f 181/233/8 157/205/8 129/32/8
f 157/205/8 160/33/8 129/32/8
f 160/33/8 18/25/8 188/31/8
f 18/25/8 26/37/8 188/31/8
f 26/37/8 64/86/8 188/31/8
f 28/34/11 26/37/11 25/35/11
f 29/36/12 27/84/12 26/37/12
f 28/34/8 30/39/8 31/38/8
f 28/34/8 22/29/8 33/30/8
f 31/40/13 30/43/13 32/41/13
f 30/43/14 33/45/14 34/44/14
f 33/45/15 23/242/15 35/46/15
f 39/47/3 32/57/3 34/48/3
f 36/49/3 34/48/3 35/50/3
f 37/51/10 191/240/10 38/52/10
f 36/49/11 38/52/11 40/53/11
f 39/47/12 40/53/12 42/54/12
f 39/47/3 41/55/3 43/56/3
f 41/55/16 42/54/16 45/58/16
f 41/55/3 44/58/3 46/59/3
f 44/58/17 45/58/17 48/60/17
f 44/58/3 47/61/3 49/62/3
f 47/61/18 48/60/18 51/63/18
f 50/64/3 53/67/3 49/62/3
f 50/64/19 51/63/19 190/65/19
f 50/64/3 52/65/3 54/66/3
f 57/68/20 55/71/20 53/69/20
f 55/71/21 58/78/21 49/72/21
f 56/73/8 55/77/8 57/74/8
f 56/73/8 59/81/8 58/76/8
f 58/78/22 60/82/22 46/79/22
f 61/80/8 60/83/8 58/76/8
f 60/82/23 31/40/23 43/42/23
f 29/36/8 31/38/8 60/83/8
f 59/81/17 63/85/17 62/80/17
f 61/80/16 62/80/16 27/84/16
f 56/73/18 64/86/18 63/85/18
f 67/75/19 65/75/19 64/86/19
f 68/87/24 66/87/24 65/75/24
f 67/75/8 57/74/8 70/88/8
f 69/89/8 68/87/8 70/88/8
f 69/89/25 189/239/25 66/87/25
f 71/91/26 70/94/26 72/92/26
f 70/94/27 57/68/27 54/70/27
f 76/95/3 73/101/3 72/96/3
f 52/65/3 74/97/3 72/96/3
f 52/65/24 190/65/24 75/98/24
f 74/97/25 75/98/25 77/95/25
f 76/95/28 77/95/28 79/99/28
f 78/100/3 81/104/3 73/101/3
f 78/100/29 79/99/29 187/102/29
f 80/103/3 82/238/3 81/104/3
f 85/105/30 83/108/30 81/106/30
f 83/108/31 71/91/31 73/93/31
f 86/109/8 84/112/8 83/110/8
f 84/112/8 69/89/8 71/90/8
f 90/113/8 86/109/8 85/111/8
f 87/115/1 85/105/1 82/107/1
f 88/117/2 87/115/2 89/116/2
f 91/119/8 90/113/8 87/114/8
f 91/119/32 94/119/32 92/121/32
f 90/113/33 92/121/33 93/122/33
f 97/123/7 95/123/7 94/119/7
f 97/123/6 98/126/34 96/124/34
f 97/123/8 99/127/8 100/125/8
f 97/123/8 91/119/8 88/120/8
f 100/128/5 99/131/5 101/129/5
f 99/131/4 88/117/4 103/118/4
f 107/132/3 102/140/3 101/133/3
f 104/134/3 101/133/3 103/135/3
f 106/136/7 184/223/7 105/137/7
f 104/134/6 105/137/6 108/138/6
f 107/132/35 108/138/35 110/139/35
f 109/139/3 111/143/3 102/140/3
f 109/139/15 110/139/15 113/141/15
f 112/142/3 114/146/3 111/143/3
f 112/142/14 113/141/14 116/144/14
f 115/145/3 118/149/3 114/146/3
f 115/145/13 116/144/13 183/147/13
f 115/145/3 117/147/3 119/148/3
f 122/150/12 120/153/12 118/151/12
f 120/153/11 123/160/11 114/154/11
f 132/155/8 121/159/8 120/156/8
f 124/158/8 123/163/8 120/156/8
f 123/160/10 125/164/10 111/161/10
f 124/158/8 126/165/8 125/162/8
f 125/164/9 100/128/9 102/130/9
f 126/165/8 98/126/8 100/125/8
f 124/158/15 128/167/15 127/166/15
f 98/126/35 126/165/35 127/166/35
f 121/159/14 129/32/14 128/167/14
f 132/155/37 130/169/37 129/32/37
f 133/168/23 131/173/23 130/169/23
f 132/155/8 122/157/8 135/170/8
f 133/168/8 135/170/8 136/171/8
f 134/172/22 182/234/22 131/173/22
f 136/174/17 135/177/17 137/175/17
f 135/177/16 122/150/16 119/152/16
f 139/178/3 141/183/3 138/179/3
f 117/147/3 139/178/3 137/180/3
f 117/147/23 183/147/23 140/181/23
f 139/178/22 140/181/22 142/182/22
f 141/183/21 142/182/21 144/184/21
f 141/183/3 143/185/3 146/186/3
f 143/185/20 144/184/20 175/187/20
f 145/188/3 147/222/3 146/186/3
f 147/189/19 150/199/19 148/190/19
f 146/191/18 148/190/18 136/174/18
f 151/192/8 149/195/8 148/193/8
f 149/195/8 134/172/8 136/171/8
f 155/196/8 151/192/8 150/194/8
f 154/198/24 152/201/24 150/199/24
f 168/200/25 153/214/25 152/201/25
f 156/202/8 155/196/8 152/197/8
f 155/196/38 156/202/26 159/204/26
f 151/192/27 155/196/39 157/205/39
f 162/207/31 160/33/31 159/204/31
f 163/208/30 161/232/30 160/33/30
f 163/208/8 162/207/8 164/209/8
f 162/207/8 156/202/8 153/203/8
f 165/211/29 164/1689/29 166/212/29
f 166/212/28 164/1689/28 153/214/28
f 3/1/3 167/6/3 166/215/3
f 169/216/3 166/215/3 168/217/3
f 171/218/31 172/218/31 170/219/31
f 169/216/30 170/219/30 176/1/30
f 173/220/26 174/220/26 172/218/26
f 173/220/3 171/218/3 168/217/3
f 145/188/27 175/187/27 174/220/27
f 173/220/3 154/221/3 147/222/3
f 6/4/3 2/2/3 176/1/3
f 176/1/3 170/219/3 172/218/3
f 172/218/3 174/220/3 142/182/3
f 174/220/3 175/187/3 142/182/3
f 175/187/3 144/184/3 142/182/3
f 142/182/3 140/181/3 183/147/3
f 183/147/3 116/144/3 113/141/3
f 113/141/3 110/139/3 108/138/3
f 108/138/3 105/137/3 113/141/3
f 105/137/3 184/223/3 113/141/3
f 184/223/3 186/237/3 77/95/3
f 186/237/3 187/102/3 77/95/3
f 187/102/3 79/99/3 77/95/3
f 77/95/3 75/98/3 48/60/3
f 75/98/3 190/65/3 48/60/3
f 190/65/3 51/63/3 48/60/3
f 48/60/3 45/58/3 42/54/3
f 42/54/3 40/53/3 38/52/3
f 38/52/3 191/240/3 192/12/3
f 192/12/3 9/9/3 6/4/3
f 6/4/3 176/1/3 142/182/3
f 176/1/3 172/218/3 142/182/3
f 142/182/3 183/147/3 113/141/3
f 48/60/3 42/54/3 38/52/3
f 38/52/3 192/12/3 48/60/3
f 192/12/3 6/4/3 48/60/3
f 142/182/3 113/141/3 184/223/3
f 184/223/3 77/95/3 48/60/3
f 6/4/3 142/182/3 48/60/3
f 177/224/40 165/211/40 167/213/40
f 178/226/8 163/208/8 165/210/8
f 15/228/41 177/1690/41 4/229/41
f 178/226/8 177/227/8 15/230/8
f 17/22/2 180/24/2 179/231/2
f 178/226/1 179/231/1 161/232/1
f 151/192/20 158/206/20 181/233/20
f 149/195/21 181/233/21 182/234/21
f 185/235/32 186/237/41 184/223/32
f 106/136/3 103/135/3 89/236/3
f 80/103/33 187/102/33 186/237/33
f 185/235/3 89/236/3 82/238/3
f 86/109/29 93/122/29 188/31/29
f 84/112/28 188/31/28 189/239/28
f 10/13/9 192/12/9 191/240/9
f 37/51/3 35/50/3 12/241/3
f 23/242/35 14/14/35 12/16/35
f 193/243/42 194/247/42 198/244/42
f 195/246/43 368/246/43 194/247/43
f 193/243/3 196/249/3 359/248/3
f 197/245/3 199/252/3 196/249/3
f 197/245/44 198/244/44 201/250/44
f 200/251/3 203/256/3 199/252/3
f 200/251/45 201/250/45 384/253/45
f 200/251/3 202/254/3 204/255/3
f 206/257/46 205/260/46 203/258/46
f 205/260/47 207/474/47 199/261/47
f 208/262/8 205/266/8 206/263/8
f 208/262/8 209/268/8 207/265/8
f 208/262/44 210/269/44 372/267/44
f 211/264/45 212/271/45 210/269/45
f 213/270/48 216/274/48 212/271/48
f 213/270/8 211/264/8 206/263/8
f 214/273/49 217/280/49 216/274/49
f 213/270/8 215/272/8 225/275/8
f 352/278/8 353/477/8 371/476/8
f 371/476/8 372/267/8 352/278/8
f 372/267/8 210/269/8 352/278/8
f 210/269/8 212/271/8 218/282/8
f 212/271/8 216/274/8 218/282/8
f 216/274/8 217/280/8 218/282/8
f 218/282/8 219/330/8 254/329/8
f 254/329/8 255/318/8 218/282/8
f 255/318/8 256/331/8 218/282/8
f 256/331/8 257/322/8 380/482/8
f 257/322/8 258/335/8 380/482/8
f 258/335/8 381/483/8 380/482/8
f 380/482/8 285/368/8 284/360/8
f 284/360/8 286/364/8 380/482/8
f 286/364/8 287/369/8 380/482/8
f 287/369/8 288/370/8 321/276/8
f 288/370/8 319/412/8 321/276/8
f 319/412/8 320/413/8 321/276/8
f 321/276/8 322/415/8 373/277/8
f 322/415/8 323/418/8 373/277/8
f 323/418/8 374/478/8 373/277/8
f 373/277/8 350/451/8 352/278/8
f 350/451/8 349/450/8 352/278/8
f 349/450/8 351/453/8 352/278/8
f 352/278/8 210/269/8 218/282/8
f 218/282/8 256/331/8 352/278/8
f 256/331/8 380/482/8 352/278/8
f 380/482/8 287/369/8 352/278/8
f 287/369/8 321/276/8 352/278/8
f 220/279/50 218/282/50 217/280/50
f 221/281/51 219/330/51 218/282/51
f 220/279/8 222/284/8 223/283/8
f 214/273/8 225/275/8 222/284/8
f 223/285/52 222/288/52 224/286/52
f 222/288/53 225/290/53 226/289/53
f 225/290/54 215/484/54 227/291/54
f 228/292/3 231/298/3 224/293/3
f 229/295/3 228/292/3 226/294/3
f 228/292/55 229/295/49 383/297/49
f 231/298/50 228/292/56 230/292/56
f 231/298/51 232/298/51 234/299/51
f 231/298/3 233/300/3 235/301/3
f 233/300/57 234/299/57 237/302/57
f 236/302/3 238/305/3 235/301/3
f 236/302/58 237/302/58 240/303/58
f 239/304/3 241/309/3 238/305/3
f 239/304/59 240/303/59 243/306/59
f 239/304/3 242/307/3 245/308/3
f 242/307/60 243/306/60 382/310/60
f 242/307/3 244/311/3 246/312/3
f 249/313/61 247/316/61 245/314/61
f 247/316/62 250/323/62 241/317/62
f 251/318/8 250/326/8 247/319/8
f 248/320/8 247/319/8 249/321/8
f 250/323/63 252/327/63 238/324/63
f 251/318/8 253/328/8 252/325/8
f 252/327/64 223/285/64 235/287/64
f 253/328/8 221/281/8 223/283/8
f 251/318/58 255/318/58 254/329/58
f 253/328/57 254/329/57 219/330/57
f 248/320/59 256/331/59 255/318/59
f 259/322/60 257/322/60 256/331/60
f 260/332/65 258/335/65 257/322/65
f 260/332/8 259/322/8 249/321/8
f 261/334/67 381/483/67 258/335/67
f 260/332/8 262/333/8 263/336/8
f 263/337/68 262/340/68 264/338/68
f 262/340/69 249/313/69 246/315/69
f 266/341/3 268/344/3 265/342/3
f 266/341/3 264/343/3 246/312/3
f 266/341/67 267/345/67 269/344/67
f 244/311/65 382/310/65 267/345/65
f 268/344/70 269/344/70 271/346/70
f 268/344/3 270/347/3 273/348/3
f 270/347/71 271/346/71 379/349/71
f 270/347/3 272/350/3 274/351/3
f 277/352/72 275/355/72 273/353/72
f 275/355/73 263/337/73 265/339/73
f 261/334/8 263/336/8 275/356/8
f 276/357/8 275/356/8 277/358/8
f 282/360/8 278/359/8 277/358/8
f 279/362/43 277/352/43 274/354/43
f 283/364/8 282/360/8 279/361/8
f 280/366/42 279/362/42 281/363/42
f 283/364/74 286/364/74 284/360/74
f 282/360/75 284/360/75 285/368/75
f 289/369/76 287/369/76 286/364/76
f 289/369/46 290/372/46 288/370/46
f 289/369/8 291/373/8 292/371/8
f 289/369/8 283/364/8 280/365/8
f 292/374/45 291/377/45 293/375/45
f 291/377/77 280/366/77 295/367/77
f 299/378/3 294/386/3 293/379/3
f 296/380/3 293/379/3 295/381/3
f 296/380/46 297/384/46 300/383/46
f 298/382/76 376/469/76 297/384/76
f 299/378/78 300/383/78 302/385/78
f 301/385/3 303/390/3 294/386/3
f 301/385/54 302/385/54 305/387/54
f 301/385/3 304/388/3 306/389/3
f 304/388/53 305/387/53 308/391/53
f 304/388/3 307/392/3 310/393/3
f 307/392/52 308/391/52 375/394/52
f 307/392/3 309/394/3 311/395/3
f 314/396/51 312/399/51 310/397/51
f 312/399/50 315/406/50 306/400/50
f 316/401/8 315/409/8 312/402/8
f 313/403/8 312/402/8 314/404/8
f 315/406/49 317/410/49 303/407/49
f 318/408/8 317/411/8 315/409/8
f 317/410/79 292/374/79 294/376/79
f 290/372/8 292/371/8 317/411/8
f 316/401/54 320/413/54 319/412/54
f 290/372/80 318/408/78 319/412/78
f 313/403/53 321/276/53 320/413/53
f 324/405/52 322/415/52 321/276/52
f 325/414/81 323/418/81 322/415/81
f 325/414/8 324/405/8 314/404/8
f 326/417/63 374/478/63 323/418/63
f 326/417/8 325/414/8 327/416/8
f 328/420/58 327/423/58 329/421/58
f 327/423/57 314/396/57 311/398/57
f 333/424/3 330/431/3 329/425/3
f 331/426/3 329/425/3 311/395/3
f 331/426/63 332/428/63 334/427/82
f 309/394/81 375/394/81 332/428/81
f 335/429/62 333/424/83 334/427/83
f 335/429/3 338/433/3 330/431/3
f 335/429/61 336/430/61 367/432/61
f 337/432/3 339/468/3 338/433/3
f 342/434/60 340/437/60 338/435/60
f 340/437/85 328/420/85 330/422/85
f 341/438/8 326/417/8 328/419/8
f 343/440/8 341/438/8 340/439/8
f 347/442/8 343/440/8 342/441/8
f 344/444/66 342/434/66 339/436/66
f 347/442/8 344/443/8 345/446/8
f 345/448/67 344/444/67 346/445/67
f 348/447/68 351/453/68 349/450/68
f 347/442/86 349/450/86 350/451/86
f 354/452/73 352/278/73 351/453/73
f 355/454/72 353/477/72 352/278/72
f 355/454/8 354/452/8 356/455/8
f 348/447/8 345/446/8 356/455/8
f 357/457/71 356/460/71 358/458/71
f 356/460/70 345/448/70 360/449/70
f 195/246/3 359/248/3 358/461/3
f 363/463/3 361/462/3 358/461/3
f 361/462/72 362/465/72 368/246/72
f 363/463/73 364/463/73 362/465/73
f 365/466/68 366/466/68 364/463/68
f 363/463/3 360/464/3 346/467/3
f 337/432/86 367/432/86 366/466/86
f 365/466/3 346/467/3 339/468/3
f 198/244/3 194/247/3 368/246/3
f 368/246/3 362/465/3 364/463/3
f 364/463/3 366/466/3 367/432/3
f 367/432/3 336/430/3 334/427/3
f 334/427/3 332/428/3 375/394/3
f 375/394/3 308/391/3 305/387/3
f 305/387/3 302/385/3 300/383/3
f 300/383/3 297/384/3 376/469/3
f 376/469/3 378/481/3 379/349/3
f 379/349/3 271/346/3 269/344/3
f 269/344/3 267/345/3 382/310/3
f 382/310/3 243/306/3 240/303/3
f 240/303/3 237/302/3 234/299/3
f 234/299/3 232/298/3 230/292/3
f 230/292/3 383/297/3 384/253/3
f 384/253/3 201/250/3 198/244/3
f 198/244/3 368/246/3 364/463/3
f 364/463/3 367/432/3 198/244/3
f 367/432/3 334/427/3 198/244/3
f 334/427/3 375/394/3 305/387/3
f 305/387/3 300/383/3 334/427/3
f 300/383/3 376/469/3 334/427/3
f 376/469/3 379/349/3 269/344/3
f 269/344/3 382/310/3 376/469/3
f 382/310/3 240/303/3 376/469/3
f 240/303/3 234/299/3 230/292/3
f 230/292/3 384/253/3 240/303/3
f 384/253/3 198/244/3 240/303/3
f 198/244/3 334/427/3 376/469/3
f 369/470/87 357/457/87 359/459/87
f 370/472/8 355/454/8 357/456/8
f 209/268/8 370/472/8 369/473/8
f 207/474/74 369/1691/74 196/475/74
f 209/268/42 372/267/42 371/476/42
f 370/472/43 371/476/43 353/477/43
f 343/440/61 350/451/61 373/277/61
f 341/438/62 373/277/62 374/478/62
f 377/479/74 378/481/74 376/469/74
f 298/382/3 295/381/3 281/480/3
f 272/350/75 379/349/75 378/481/75
f 377/479/3 281/480/3 274/351/3
f 278/359/71 285/368/71 380/482/71
f 276/357/70 380/482/70 381/483/70
f 202/254/48 384/253/48 383/297/48
f 229/295/3 227/296/3 204/255/3
f 215/484/88 206/257/88 204/259/88
f 389/485/89 385/489/155 386/486/90
f 387/488/91 560/703/91 386/486/91
f 387/488/92 385/489/92 388/490/92
f 389/485/92 391/494/92 388/490/92
f 392/492/93 389/485/93 390/487/93
f 392/492/92 395/497/92 391/494/92
f 394/495/94 392/492/94 393/493/94
f 394/495/92 396/719/92 395/497/92
f 396/498/96 398/720/96 397/499/96
f 397/499/97 399/711/97 391/501/97
f 403/502/98 400/505/98 397/503/98
f 400/505/98 401/508/98 399/506/98
f 400/505/99 402/509/99 564/507/93
f 403/502/95 404/511/95 402/509/100
f 405/510/101 408/514/1048 404/511/102
f 405/510/98 403/502/98 398/504/98
f 405/510/103 406/515/103 409/513/103
f 406/515/98 405/510/98 407/512/98
f 544/519/98 545/713/1049 563/709/98
f 563/709/98 564/507/98 544/519/98
f 564/507/98 402/509/98 544/519/98
f 402/509/98 404/511/1050 408/514/98
f 408/514/98 409/513/98 402/509/98
f 409/513/98 410/520/98 402/509/98
f 410/520/98 411/522/98 448/571/98
f 411/522/98 446/569/1051 448/571/98
f 446/569/1051 447/570/98 448/571/98
f 448/571/98 449/564/98 450/572/98
f 450/572/98 573/718/98 572/517/98
f 572/517/98 477/597/98 476/605/98
f 476/605/98 478/603/1052 479/606/98
f 479/606/98 480/651/1051 513/518/98
f 480/651/1051 511/650/1053 513/518/98
f 511/650/1053 512/649/98 513/518/98
f 513/518/98 514/652/1054 515/653/98
f 515/653/98 566/656/98 513/518/98
f 566/656/98 565/714/98 513/518/98
f 565/714/98 542/692/98 541/691/98
f 541/691/98 543/690/98 565/714/98
f 543/690/98 544/519/98 565/714/98
f 448/571/98 450/572/98 572/517/98
f 572/517/98 476/605/98 513/518/98
f 476/605/98 479/606/98 513/518/98
f 544/519/98 402/509/98 410/520/98
f 410/520/98 448/571/98 544/519/98
f 448/571/98 572/517/98 544/519/98
f 513/518/98 565/714/98 544/519/98
f 406/515/104 412/521/104 410/520/104
f 412/521/105 413/523/106 411/522/106
f 413/523/98 412/521/98 414/524/98
f 412/521/98 406/515/98 417/516/98
f 415/526/107 414/1692/107 416/527/107
f 416/527/108 414/1692/108 417/529/108
f 418/530/109 417/529/109 407/531/109
f 423/533/92 416/542/92 418/534/92
f 420/535/92 418/534/92 419/536/92
f 420/535/103 421/537/103 575/538/103
f 423/533/104 420/535/104 422/535/104
f 423/533/105 424/539/1055 426/540/105
f 425/541/92 427/544/92 416/542/92
f 425/541/110 426/540/110 429/543/110
f 428/543/92 430/548/92 427/544/92
f 431/545/111 428/543/111 429/543/111
f 428/543/92 431/545/92 433/547/92
f 431/545/112 432/546/112 435/549/112
f 431/545/92 434/550/92 437/551/92
f 434/550/113 435/549/113 574/552/113
f 434/550/92 436/553/92 438/554/92
f 441/555/114 439/1693/114 437/556/114
f 437/556/116 439/1693/116 442/558/116
f 443/560/98 442/568/98 439/561/98
f 440/562/98 439/561/98 441/563/98
f 433/559/117 442/558/117 444/565/117
f 443/560/98 445/569/98 444/567/98
f 444/565/118 415/526/118 427/528/118
f 445/569/98 413/523/98 415/525/98
f 445/569/111 443/560/111 447/570/111
f 445/569/110 446/569/110 411/522/110
f 443/560/119 440/562/119 448/571/119
f 440/562/120 451/564/120 449/564/120
f 451/564/121 452/574/122 450/572/122
f 451/564/98 441/563/98 454/573/98
f 453/575/123 573/718/123 450/572/123
f 453/575/98 452/574/98 454/573/98
f 455/577/124 454/1694/150 456/578/124
f 456/578/125 454/1694/125 441/555/125
f 460/580/92 457/586/92 456/581/92
f 436/553/92 458/582/92 456/581/92
f 460/580/123 458/582/123 459/583/123
f 458/582/126 436/553/122 574/552/122
f 462/584/128 460/580/128 461/580/128
f 462/584/92 465/590/92 457/586/92
f 464/587/129 462/584/129 463/585/129
f 462/584/92 464/587/92 466/589/92
f 466/591/131 469/1695/132 467/592/132
f 467/592/133 455/577/133 457/579/133
f 468/594/98 453/575/98 455/576/98
f 468/594/98 467/595/98 469/596/98
f 474/598/98 470/597/98 469/596/98
f 471/600/91 469/1695/91 466/591/91
f 474/598/98 471/599/98 472/602/98
f 487/604/89 472/1696/89 471/600/89
f 474/598/134 475/603/135 478/603/135
f 470/597/136 474/598/136 476/605/136
f 475/603/97 481/606/97 479/606/97
f 482/607/137 480/651/137 479/606/96
f 481/606/98 483/609/98 484/608/98
f 475/603/98 472/602/98 483/609/98
f 484/610/95 483/613/95 485/611/95
f 483/613/93 472/1696/93 487/604/93
f 491/614/92 486/624/92 485/615/92
f 488/616/92 485/615/92 487/617/92
f 488/616/96 489/621/96 492/619/96
f 488/616/97 490/618/1056 568/620/138
f 491/614/139 492/619/145 494/622/140
f 493/623/92 495/627/92 486/624/92
f 493/623/109 494/622/1057 497/625/109
f 496/626/92 498/631/92 495/627/92
f 499/628/141 496/626/141 497/625/141
f 496/626/92 499/628/92 502/630/92
f 499/628/142 500/629/142 567/632/143
f 499/628/92 501/632/92 503/633/92
f 503/634/144 506/662/144 504/635/144
f 502/636/104 504/635/104 507/637/104
f 508/639/98 507/646/98 504/640/98
f 516/642/98 505/641/98 504/640/98
f 507/637/103 509/647/103 495/644/103
f 510/645/98 509/648/98 507/646/98
f 509/647/102 484/610/156 486/612/102
f 510/645/98 482/607/98 484/608/98
f 510/645/109 508/639/1057 512/649/109
f 482/607/145 510/645/145 511/650/145
f 505/641/108 513/518/1058 512/649/108
f 505/641/142 516/642/107 514/652/107
f 516/642/118 517/655/118 515/653/118
f 516/642/98 506/643/98 519/654/98
f 517/655/117 518/658/146 566/656/146
f 517/655/98 519/654/98 520/657/98
f 520/659/111 519/1697/111 521/660/111
f 521/660/110 519/1697/110 506/662/110
f 523/663/92 525/666/92 522/664/92
f 523/663/92 521/665/92 503/633/92
f 525/666/117 523/663/117 524/667/117
f 501/632/118 567/632/118 524/667/118
f 527/669/148 525/666/1059 526/668/116
f 525/666/92 527/669/92 530/671/92
f 527/669/114 528/670/114 559/672/114
f 527/669/92 529/673/92 531/674/92
f 534/675/113 532/678/113 530/676/113
f 532/678/112 520/659/112 522/661/112
f 518/658/98 520/657/98 532/679/98
f 533/680/98 532/679/98 534/681/98
f 539/683/98 535/682/98 534/681/98
f 538/685/121 536/689/121 534/675/121
f 540/686/98 539/683/98 536/684/98
f 552/688/149 537/1698/149 536/689/149
f 539/683/124 540/686/150 543/690/150
f 539/683/125 541/691/125 542/692/125
f 546/519/133 544/519/133 543/690/133
f 547/693/131 545/713/1060 544/519/132
f 547/693/98 546/519/98 548/694/98
f 546/519/98 540/686/98 537/687/98
f 551/696/129 549/708/129 548/697/129
f 548/697/128 537/1698/128 552/688/128
f 387/488/92 551/491/92 550/699/92
f 553/700/92 550/699/92 552/701/92
f 553/700/151 554/704/151 560/703/131
f 555/702/133 556/702/133 554/704/133
f 557/705/150 558/705/150 556/702/150
f 557/705/92 555/702/92 552/701/92
f 557/705/125 529/673/153 559/672/153
f 557/705/92 538/706/92 531/674/92
f 390/487/92 386/486/92 560/703/92
f 560/703/92 554/704/92 390/487/92
f 554/704/92 556/702/92 390/487/92
f 556/702/92 558/705/1061 559/672/92
f 559/672/92 528/670/1062 526/668/92
f 526/668/92 524/667/92 497/625/92
f 524/667/92 567/632/92 497/625/92
f 567/632/92 500/629/1063 497/625/92
f 497/625/92 494/622/1064 492/619/92
f 492/619/92 489/621/92 497/625/92
f 489/621/92 568/620/92 497/625/92
f 568/620/92 570/715/1065 571/588/92
f 571/588/92 463/585/92 461/580/92
f 461/580/92 459/583/92 432/546/92
f 459/583/92 574/552/92 432/546/92
f 574/552/92 435/549/1061 432/546/92
f 432/546/92 429/543/92 426/540/92
f 426/540/92 424/539/1063 422/535/92
f 422/535/92 575/538/1066 576/496/92
f 576/496/92 393/493/92 390/487/92
f 556/702/92 559/672/92 526/668/92
f 568/620/92 571/588/92 432/546/92
f 571/588/92 461/580/92 432/546/92
f 432/546/92 426/540/92 422/535/92
f 422/535/92 576/496/92 432/546/92
f 576/496/92 390/487/92 432/546/92
f 390/487/92 556/702/92 526/668/92
f 526/668/92 497/625/92 568/620/92
f 390/487/92 526/668/92 432/546/92
f 388/707/136 561/1699/136 549/708/136
f 562/709/98 547/693/98 549/695/98
f 562/709/98 561/710/98 399/506/98
f 399/711/135 561/1700/135 388/712/135
f 562/709/155 401/508/89 564/507/89
f 562/709/91 563/709/91 545/713/91
f 535/682/115 542/692/115 565/714/114
f 533/680/148 565/714/148 566/656/148
f 490/618/134 569/717/135 570/715/135
f 490/618/92 487/617/92 473/716/92
f 569/717/136 464/587/136 571/588/136
f 569/717/92 473/716/92 466/589/92
f 470/597/130 477/597/130 572/517/130
f 468/594/128 572/517/128 573/718/128
f 421/537/101 394/495/156 576/496/156
f 421/537/92 419/536/92 396/719/92
f 419/532/140 407/531/140 398/720/140
f 579/721/157 752/721/157 578/722/157
f 577/723/42 578/722/42 582/724/42
f 577/723/3 580/727/3 743/726/3
f 581/725/3 583/730/3 580/727/3
f 581/725/77 582/724/77 585/728/77
f 584/729/3 587/733/3 583/730/3
f 584/729/45 585/728/45 768/731/45
f 586/732/3 588/960/3 587/733/3
f 590/734/46 589/737/46 587/735/46
f 589/737/47 591/949/47 583/738/47
f 595/739/8 592/742/8 589/740/8
f 592/742/8 593/745/8 591/743/8
f 592/742/77 594/746/77 756/744/77
f 595/739/45 596/748/45 594/746/45
f 597/747/79 600/752/79 596/748/79
f 597/747/8 595/739/8 590/741/8
f 598/750/8 597/747/8 599/749/8
f 598/750/49 601/757/49 600/752/49
f 736/755/8 737/929/8 755/951/8
f 755/951/8 756/744/8 594/746/8
f 594/746/8 596/748/8 600/752/8
f 600/752/8 601/757/8 594/746/8
f 601/757/8 602/759/8 594/746/8
f 602/759/8 603/807/8 638/806/8
f 638/806/8 639/802/8 602/759/8
f 639/802/8 640/808/8 602/759/8
f 640/808/8 641/810/8 764/958/8
f 641/810/8 642/809/8 764/958/8
f 642/809/8 765/959/8 764/958/8
f 764/958/8 669/846/8 671/753/8
f 669/846/8 668/845/8 671/753/8
f 668/845/8 670/847/8 671/753/8
f 671/753/8 672/890/8 703/889/8
f 703/889/8 704/891/8 671/753/8
f 704/891/8 705/754/8 671/753/8
f 705/754/8 706/893/8 707/897/8
f 707/897/8 758/953/8 757/952/8
f 757/952/8 734/928/8 736/755/8
f 734/928/8 733/920/8 736/755/8
f 733/920/8 735/927/8 736/755/8
f 736/755/8 755/951/8 594/746/8
f 705/754/8 707/897/8 736/755/8
f 707/897/8 757/952/8 736/755/8
f 736/755/8 594/746/8 764/958/8
f 594/746/8 602/759/8 764/958/8
f 602/759/8 640/808/8 764/958/8
f 764/958/8 671/753/8 736/755/8
f 604/756/50 602/759/50 601/757/50
f 605/758/51 603/807/51 602/759/51
f 605/758/8 604/756/8 606/760/8
f 604/756/8 598/750/8 609/751/8
f 607/762/52 606/765/52 608/763/52
f 606/765/53 609/767/53 610/766/53
f 609/767/54 599/961/54 611/768/54
f 615/769/3 608/779/3 610/770/3
f 612/771/3 610/770/3 611/772/3
f 612/771/55 613/773/49 767/774/49
f 615/769/50 612/771/56 614/771/56
f 615/769/51 616/775/51 618/776/51
f 615/769/3 617/777/3 619/778/3
f 617/777/57 618/776/159 621/780/57
f 617/777/3 620/781/3 622/782/3
f 620/781/58 621/780/58 624/783/58
f 623/784/3 625/787/3 622/782/3
f 623/784/59 624/783/59 627/785/59
f 626/786/3 629/789/3 625/787/3
f 626/786/60 627/785/60 766/788/60
f 628/788/3 630/821/3 629/789/3
f 633/790/61 631/793/61 629/791/61
f 631/793/62 634/800/62 625/794/62
f 643/795/8 632/798/8 631/796/8
f 632/798/8 635/802/8 634/799/8
f 634/800/63 636/804/63 622/801/63
f 635/802/8 637/805/8 636/803/8
f 636/804/81 607/762/81 619/764/81
f 605/758/8 607/761/8 636/803/8
f 635/802/58 639/802/58 638/806/58
f 637/805/57 638/806/57 603/807/159
f 632/798/59 640/808/59 639/802/59
f 643/795/60 641/810/60 640/808/60
f 644/809/66 642/809/66 641/810/65
f 644/809/8 643/795/8 633/797/8
f 645/812/8 644/809/8 646/811/8
f 645/812/67 765/959/67 642/809/67
f 647/814/68 646/817/68 648/815/68
f 646/817/69 633/790/69 630/792/69
f 652/818/3 649/825/3 648/819/3
f 650/820/3 648/819/3 630/821/3
f 628/788/66 766/788/66 651/822/65
f 650/820/67 651/822/67 653/818/67
f 652/818/70 653/818/70 655/823/70
f 654/824/3 657/828/3 649/825/3
f 654/824/71 655/823/71 763/826/71
f 656/827/3 658/957/3 657/828/3
f 661/829/72 659/832/72 657/830/72
f 659/832/73 647/814/73 649/816/73
f 662/833/8 660/836/8 659/834/8
f 660/836/8 645/812/8 647/813/8
f 666/837/8 662/833/8 661/835/8
f 663/839/43 661/829/43 658/831/43
f 664/841/42 663/839/42 665/840/42
f 666/837/8 663/838/8 664/843/8
f 667/844/74 670/847/74 668/845/74
f 666/837/75 668/845/75 669/846/75
f 673/753/47 671/753/47 670/847/47
f 674/848/46 672/890/46 671/753/46
f 673/753/8 675/850/8 676/849/8
f 673/753/8 667/844/8 664/843/8
f 676/851/45 675/854/45 677/852/45
f 675/854/44 664/841/44 679/842/44
f 683/855/3 678/864/3 677/856/3
f 680/857/3 677/856/3 679/858/3
f 682/859/47 760/944/47 681/860/47
f 680/857/160 681/860/160 684/861/46
f 683/855/88 684/861/88 686/862/88
f 683/855/3 685/862/3 687/863/3
f 685/862/54 686/862/54 689/865/54
f 685/862/3 688/866/3 690/867/3
f 688/866/53 689/865/53 692/868/53
f 688/866/3 691/869/3 694/870/3
f 691/869/52 692/868/52 759/871/52
f 691/869/3 693/871/3 695/872/3
f 698/873/51 696/876/51 694/874/51
f 696/876/50 699/883/50 690/877/50
f 697/878/8 696/882/8 698/879/8
f 700/881/8 699/886/8 696/882/8
f 699/883/49 701/887/49 687/884/49
f 702/885/8 701/888/8 699/886/8
f 701/887/79 676/851/79 678/853/79
f 674/848/8 676/849/8 701/888/8
f 700/881/54 704/891/54 703/889/54
f 702/885/88 703/889/88 672/890/161
f 697/878/53 705/754/53 704/891/53
f 708/880/52 706/893/52 705/754/52
f 709/892/81 707/897/81 706/893/81
f 708/880/8 698/879/8 711/894/8
f 709/892/8 711/894/8 712/895/8
f 710/896/63 758/953/63 707/897/63
f 712/898/58 711/901/58 713/899/58
f 711/901/57 698/873/57 695/875/57
f 715/902/3 717/906/3 714/903/3
f 693/871/3 715/902/3 713/904/3
f 693/871/81 759/871/81 716/905/81
f 715/902/63 716/905/63 718/906/82
f 719/907/84 717/906/83 718/906/83
f 717/906/3 719/907/3 722/909/3
f 719/907/61 720/908/61 751/910/61
f 719/907/3 721/910/3 723/911/3
f 726/912/60 724/915/60 722/913/60
f 724/915/85 712/898/85 714/900/85
f 725/916/8 724/919/8 726/917/8
f 710/896/8 712/895/8 724/919/8
f 731/920/8 727/918/8 726/917/8
f 728/922/66 726/912/66 723/914/66
f 744/924/67 729/935/67 728/922/67
f 731/920/8 728/921/8 729/925/8
f 731/920/162 732/926/68 735/927/68
f 727/918/86 731/920/163 733/920/163
f 738/755/73 736/755/73 735/927/73
f 739/929/72 737/929/72 736/755/72
f 739/929/8 738/755/8 740/930/8
f 738/755/8 732/926/8 729/925/8
f 741/932/71 740/1701/71 742/933/71
f 742/933/70 740/1701/70 729/935/70
f 579/721/3 743/726/3 742/936/3
f 747/938/3 745/937/3 742/936/3
f 747/938/73 748/938/73 746/940/73
f 745/937/72 746/940/72 752/721/72
f 749/941/68 750/943/68 748/938/68
f 749/941/3 747/938/3 744/939/3
f 721/910/86 751/910/86 750/943/86
f 749/941/3 730/942/3 723/911/3
f 582/724/3 578/722/3 748/938/3
f 578/722/3 752/721/3 748/938/3
f 752/721/3 746/940/3 748/938/3
f 748/938/3 750/943/3 751/910/3
f 751/910/3 720/908/3 718/906/3
f 718/906/3 716/905/3 759/871/3
f 759/871/3 692/868/3 689/865/3
f 689/865/3 686/862/3 684/861/3
f 684/861/3 681/860/3 689/865/3
f 681/860/3 760/944/3 689/865/3
f 760/944/3 762/956/3 763/826/3
f 763/826/3 655/823/3 653/818/3
f 653/818/3 651/822/3 766/788/3
f 766/788/3 627/785/3 624/783/3
f 624/783/3 621/780/3 618/776/3
f 618/776/3 616/775/3 614/771/3
f 614/771/3 767/774/3 768/731/3
f 768/731/3 585/728/3 582/724/3
f 748/938/3 751/910/3 582/724/3
f 751/910/3 718/906/3 582/724/3
f 718/906/3 759/871/3 689/865/3
f 760/944/3 763/826/3 624/783/3
f 763/826/3 653/818/3 624/783/3
f 653/818/3 766/788/3 624/783/3
f 624/783/3 618/776/3 614/771/3
f 614/771/3 768/731/3 624/783/3
f 768/731/3 582/724/3 624/783/3
f 718/906/3 689/865/3 760/944/3
f 582/724/3 718/906/3 624/783/3
f 753/945/75 741/932/75 743/934/75
f 754/947/8 739/929/8 741/931/8
f 591/949/74 753/1702/74 580/950/74
f 593/745/8 754/947/8 753/948/8
f 593/745/42 756/744/42 755/951/42
f 754/947/157 755/951/157 737/929/157
f 727/918/61 734/928/61 757/952/61
f 725/916/62 757/952/62 758/953/62
f 761/954/74 762/956/74 760/944/74
f 761/954/3 682/859/3 679/858/3
f 656/827/75 763/826/75 762/956/75
f 761/954/3 665/955/3 658/957/3
f 662/833/71 669/846/71 764/958/71
f 660/836/70 764/958/70 765/959/70
f 586/732/79 768/731/79 767/774/79
f 613/773/3 611/772/3 588/960/3
f 599/961/88 590/734/88 588/736/88
f 771/962/157 944/1186/157 770/963/157
f 769/964/42 770/963/42 774/965/42
f 771/962/3 769/964/3 772/967/3
f 773/966/3 775/972/3 772/967/3
f 773/966/77 774/965/77 777/969/77
f 773/966/3 776/970/3 779/971/3
f 776/970/45 777/969/45 960/973/45
f 776/970/3 778/974/3 780/975/3
f 782/976/46 781/979/46 779/977/46
f 781/979/47 783/1194/47 775/980/47
f 784/981/8 781/985/8 782/982/8
f 785/984/8 783/1196/8 781/985/8
f 784/981/77 786/987/77 948/986/77
f 787/983/45 788/989/45 786/987/45
f 789/988/48 792/993/48 788/989/48
f 789/988/8 787/983/8 782/982/8
f 789/988/8 791/990/8 801/991/8
f 790/992/49 793/998/49 792/993/49
f 928/996/8 929/1174/8 947/1197/8
f 947/1197/8 948/986/8 786/987/8
f 786/987/8 788/989/8 794/1000/8
f 788/989/8 792/993/8 794/1000/8
f 792/993/8 793/998/8 794/1000/8
f 794/1000/8 795/1049/8 830/1048/8
f 830/1048/8 831/1045/8 794/1000/8
f 831/1045/8 832/1050/8 794/1000/8
f 832/1050/8 833/1052/8 834/1056/8
f 834/1056/8 957/1203/8 956/994/8
f 956/994/8 861/1079/8 860/1082/8
f 860/1082/8 862/1087/8 863/1089/8
f 863/1089/8 864/1090/8 895/1130/8
f 895/1130/8 896/1131/8 863/1089/8
f 896/1131/8 897/995/8 863/1089/8
f 897/995/8 898/1133/8 949/1198/8
f 898/1133/8 899/1137/8 949/1198/8
f 899/1137/8 950/1199/8 949/1198/8
f 949/1198/8 926/1171/8 925/1170/8
f 925/1170/8 927/1173/8 949/1198/8
f 927/1173/8 928/996/8 949/1198/8
f 928/996/8 947/1197/8 794/1000/8
f 947/1197/8 786/987/8 794/1000/8
f 832/1050/8 834/1056/8 794/1000/8
f 834/1056/8 956/994/8 794/1000/8
f 956/994/8 860/1082/8 897/995/8
f 860/1082/8 863/1089/8 897/995/8
f 897/995/8 949/1198/8 928/996/8
f 928/996/8 794/1000/8 956/994/8
f 796/997/50 794/1000/50 793/998/50
f 797/999/51 795/1049/51 794/1000/51
f 797/999/8 796/997/8 798/1001/8
f 796/997/8 790/992/8 801/991/8
f 799/1003/52 798/1006/52 800/1004/52
f 798/1006/53 801/1008/53 802/1007/53
f 801/1008/54 791/1205/54 803/1009/54
f 807/1010/3 800/1020/3 802/1011/3
f 805/1013/3 804/1012/3 802/1011/3
f 805/1013/49 959/1204/49 806/1015/49
f 804/1012/50 806/1015/50 808/1016/50
f 807/1010/51 808/1016/51 810/1017/158
f 807/1010/3 809/1018/3 811/1019/3
f 809/1018/57 810/1017/1067 813/1021/57
f 809/1018/3 812/1022/3 814/1023/3
f 812/1022/58 813/1021/58 816/1024/58
f 812/1022/3 815/1025/3 817/1026/3
f 815/1025/59 816/1024/59 819/1027/59
f 818/1028/3 821/1031/3 817/1026/3
f 818/1028/60 819/1027/60 958/1029/60
f 820/1030/3 822/1064/3 821/1031/3
f 825/1032/61 823/1035/61 821/1033/61
f 823/1035/84 826/1042/84 817/1036/84
f 835/1037/8 824/1040/8 823/1038/8
f 824/1040/8 827/1045/8 826/1041/8
f 826/1042/63 828/1046/63 814/1043/63
f 829/1044/8 828/1047/8 826/1041/8
f 828/1046/81 799/1003/81 811/1005/81
f 829/1044/8 797/999/8 799/1002/8
f 827/1045/58 831/1045/58 830/1048/58
f 829/1044/57 830/1048/57 795/1049/57
f 824/1040/59 832/1050/59 831/1045/59
f 835/1037/60 833/1052/60 832/1050/60
f 836/1051/66 834/1056/66 833/1052/66
f 836/1051/8 835/1037/8 825/1039/8
f 837/1054/8 836/1051/8 838/1053/8
f 837/1054/67 957/1203/67 834/1056/67
f 839/1057/68 838/1060/68 840/1058/68
f 838/1060/69 825/1032/69 822/1034/69
f 844/1061/3 841/1068/3 840/1062/3
f 842/1063/3 840/1062/3 822/1064/3
f 820/1030/164 958/1029/164 843/1065/66
f 842/1063/67 843/1065/67 845/1061/67
f 844/1061/70 845/1061/70 847/1066/70
f 846/1067/3 849/1072/3 841/1068/3
f 846/1067/71 847/1066/71 955/1069/71
f 846/1067/3 848/1070/3 850/1071/3
f 853/1073/72 851/1076/72 849/1074/72
f 851/1076/73 839/1057/73 841/1059/73
f 852/1077/8 851/1080/8 853/1078/8
f 852/1077/8 837/1054/8 839/1055/8
f 854/1079/8 853/1078/8 855/1081/8
f 855/1083/43 853/1073/43 850/1075/43
f 856/1085/42 855/1083/42 857/1084/42
f 859/1087/8 858/1082/8 855/1081/8
f 859/1087/74 862/1087/74 860/1082/74
f 858/1082/87 860/1082/87 861/1079/87
f 865/1089/47 863/1089/47 862/1087/47
f 865/1089/46 866/1092/165 864/1090/165
f 865/1089/8 867/1093/8 868/1091/8
f 865/1089/8 859/1087/8 856/1088/8
f 868/1094/45 867/1097/45 869/1095/45
f 867/1097/77 856/1085/77 871/1086/77
f 875/1098/3 870/1106/3 869/1099/3
f 872/1100/3 869/1099/3 871/1101/3
f 874/1102/47 952/1189/47 873/1103/47
f 872/1100/46 873/1103/46 876/1104/46
f 875/1098/88 876/1104/88 878/1105/88
f 877/1105/3 879/1109/3 870/1106/3
f 877/1105/54 878/1105/54 881/1107/54
f 880/1108/3 882/1112/3 879/1109/3
f 880/1108/53 881/1107/53 884/1110/53
f 883/1111/3 886/1114/3 882/1112/3
f 883/1111/52 884/1110/52 951/1113/52
f 885/1113/3 887/1145/3 886/1114/3
f 890/1115/51 888/1118/51 886/1116/51
f 888/1118/50 891/1125/50 882/1119/50
f 900/1120/8 889/1123/8 888/1121/8
f 889/1123/8 892/1127/8 891/1124/8
f 891/1125/49 893/1703/49 879/1126/49
f 892/1127/8 894/1129/8 893/1128/8
f 879/1126/79 893/1703/79 868/1094/79
f 894/1129/8 866/1092/8 868/1091/8
f 892/1127/54 896/1131/54 895/1130/54
f 866/1092/168 894/1129/88 895/1130/88
f 889/1123/53 897/995/53 896/1131/53
f 900/1120/52 898/1133/52 897/995/52
f 901/1132/81 899/1137/81 898/1133/81
f 901/1132/8 900/1120/8 890/1122/8
f 901/1132/8 903/1134/8 904/1135/8
f 902/1136/63 950/1199/63 899/1137/63
f 904/1138/58 903/1141/58 905/1139/58
f 903/1141/57 890/1115/57 887/1117/57
f 907/1142/3 909/1148/3 906/1143/3
f 907/1142/3 905/1144/3 887/1145/3
f 885/1113/81 951/1113/81 908/1146/81
f 907/1142/63 908/1146/63 910/1147/63
f 909/1148/62 910/1147/62 912/1149/62
f 909/1148/3 911/1150/3 914/1151/3
f 911/1150/61 912/1149/61 943/1152/61
f 911/1150/3 913/1153/3 915/1154/3
f 915/1155/60 918/1704/60 916/1156/60
f 914/1157/85 916/1156/85 904/1138/85
f 919/1158/8 917/1161/8 916/1159/8
f 917/1161/8 902/1136/8 904/1135/8
f 923/1162/8 919/1158/8 918/1160/8
f 920/1164/66 918/1704/66 915/1155/66
f 921/1166/67 920/1164/67 922/1165/67
f 923/1162/8 920/1163/8 921/1168/8
f 924/1169/68 927/1173/68 925/1170/68
f 923/1162/69 925/1170/69 926/1171/69
f 930/1172/73 928/996/73 927/1173/73
f 931/1174/72 929/1174/72 928/996/72
f 931/1174/8 930/1172/8 932/1175/8
f 930/1172/8 924/1169/8 921/1168/8
f 933/1177/71 932/1180/71 934/1178/71
f 932/1180/70 921/1166/70 936/1167/70
f 771/962/3 935/968/3 934/1181/3
f 937/1182/3 934/1181/3 936/1183/3
f 939/1184/73 940/1184/73 938/1185/73
f 937/1182/72 938/1185/72 944/1186/72
f 941/1187/68 942/1187/68 940/1184/68
f 941/1187/3 939/1184/3 936/1183/3
f 913/1153/69 943/1152/69 942/1187/69
f 941/1187/3 922/1188/3 915/1154/3
f 774/965/3 770/963/3 940/1184/3
f 770/963/3 944/1186/3 940/1184/3
f 944/1186/3 938/1185/3 940/1184/3
f 940/1184/3 942/1187/3 943/1152/3
f 943/1152/3 912/1149/3 940/1184/3
f 912/1149/3 910/1147/3 940/1184/3
f 910/1147/3 908/1146/3 881/1107/3
f 908/1146/3 951/1113/3 881/1107/3
f 951/1113/3 884/1110/3 881/1107/3
f 881/1107/3 878/1105/3 876/1104/3
f 876/1104/3 873/1103/3 881/1107/3
f 873/1103/3 952/1189/3 881/1107/3
f 952/1189/3 954/1202/3 955/1069/3
f 955/1069/3 847/1066/3 845/1061/3
f 845/1061/3 843/1065/3 816/1024/3
f 843/1065/3 958/1029/3 816/1024/3
f 958/1029/3 819/1027/3 816/1024/3
f 816/1024/3 813/1021/3 810/1017/3
f 810/1017/3 808/1016/3 816/1024/3
f 808/1016/3 806/1015/3 816/1024/3
f 806/1015/3 959/1204/3 960/973/3
f 960/973/3 777/969/3 774/965/3
f 952/1189/3 955/1069/3 816/1024/3
f 955/1069/3 845/1061/3 816/1024/3
f 806/1015/3 960/973/3 816/1024/3
f 960/973/3 774/965/3 816/1024/3
f 774/965/3 940/1184/3 910/1147/3
f 910/1147/3 881/1107/3 774/965/3
f 881/1107/3 952/1189/3 774/965/3
f 945/1190/75 933/1177/75 935/1179/75
f 931/1174/8 933/1176/8 945/1192/8
f 783/1194/74 945/1705/74 772/1195/74
f 785/984/8 946/1193/8 945/1192/8
f 785/984/42 948/986/42 947/1197/42
f 946/1193/157 947/1197/157 929/1174/157
f 919/1158/61 926/1171/61 949/1198/61
f 917/1161/62 949/1198/62 950/1199/62
f 953/1200/74 954/1202/74 952/1189/74
f 874/1102/3 871/1101/3 857/1201/3
f 848/1070/87 955/1069/87 954/1202/87
f 848/1070/3 953/1200/3 857/1201/3
f 854/1079/71 861/1079/71 956/994/71
f 852/1077/70 956/994/70 957/1203/70
f 778/974/79 960/973/79 959/1204/79
f 778/974/3 805/1013/3 803/1014/3
f 791/1205/88 782/976/88 780/978/88
f 1251/1206/170 963/1210/1068 961/1207/171
f 961/1207/172 965/1214/173 1452/1209/173
f 963/1210/175 967/1471/177 966/1211/176
f 969/1212/178 964/1213/179 961/1207/179
f 964/1213/180 974/1223/180 965/1214/180
f 968/1217/181 966/1211/181 967/1471/181
f 967/1471/181 1235/1215/181 968/1217/181
f 970/1218/183 966/1211/1069 968/1217/184
f 969/1212/186 966/1211/187 970/1218/187
f 1154/1390/189 975/1225/189 971/1219/189
f 975/1225/189 972/1221/188 971/1219/189
f 970/1218/190 972/1221/190 978/1222/191
f 973/1220/192 970/1218/192 965/1214/193
f 974/1223/195 964/1213/195 969/1212/195
f 977/1224/196 972/1221/196 975/1225/196
f 976/1212/197 980/1230/198 978/1222/198
f 976/1212/199 972/1221/200 977/1224/200
f 965/1214/201 978/1222/201 979/1228/202
f 978/1222/204 981/1231/205 982/1229/205
f 980/1230/207 984/1234/208 981/1231/208
f 982/1229/209 981/1231/209 983/1232/209
f 977/1224/210 989/1237/210 983/1232/210
f 985/1227/211 977/1224/1070 981/1231/211
f 984/1234/212 980/1230/212 976/1212/212
f 983/1232/213 988/1247/214 1021/1235/214
f 991/1236/215 987/1239/1071 983/1232/216
f 996/1238/217 988/1247/1072 983/1232/217
f 1195/1436/218 990/1240/219 1196/1226/218
f 990/1240/219 989/1237/218 977/1224/220
f 992/1241/221 989/1237/221 990/1240/221
f 991/1236/223 989/1237/223 992/1241/223
f 997/1245/227 994/1251/1073 993/1242/225
f 994/1251/1073 992/1241/1073 993/1242/225
f 992/1241/228 994/1251/1074 1000/1246/228
f 996/1238/229 995/1243/1075 992/1241/230
f 996/1238/231 987/1239/1076 991/1236/232
f 999/1248/234 994/1251/235 997/1245/235
f 998/1250/236 1002/1255/1077 1000/1246/236
f 998/1250/237 994/1251/1078 999/1248/238
f 1021/1235/240 988/1247/1079 1000/1246/241
f 1003/1254/242 1005/1257/242 1001/1253/242
f 1002/1255/243 1006/1258/244 1003/1254/244
f 999/1248/246 1097/1343/246 1004/1256/247
f 1007/1252/248 999/1248/248 1003/1254/248
f 1006/1258/249 1002/1255/1080 998/1250/250
f 1011/1259/252 1009/1261/252 1005/1257/253
f 1008/1260/254 1005/1257/254 1009/1261/254
f 1017/1253/255 1001/1253/256 1005/1257/256
f 1010/1263/258 1014/1266/258 1013/1264/258
f 1016/1265/259 1012/1262/259 1009/1261/259
f 1014/1266/261 1018/1268/262 1015/1267/262
f 1013/1264/263 1015/1267/1081 1021/1235/263
f 1017/1253/264 1016/1265/1082 1013/1264/264
f 1016/1265/265 1017/1253/265 1008/1260/265
f 1018/1268/266 1026/1277/267 1020/1269/267
f 1019/1270/268 1022/1272/268 1021/1235/268
f 1019/1270/269 1015/1267/1083 1020/1269/269
f 1022/1272/270 1023/1273/270 986/1233/270
f 1024/1271/272 1023/1273/273 1022/1272/273
f 1023/1273/274 1024/1271/274 1020/1269/275
f 1020/1269/277 1026/1277/277 1027/1274/278
f 986/1233/279 1020/1269/279 1025/1275/279
f 1029/1276/281 1031/1361/281 1027/1274/282
f 1028/1278/283 1032/1283/283 1029/1276/283
f 1037/1279/285 1028/1278/285 1026/1277/285
f 1193/1281/287 1124/1435/287 1031/1361/287
f 1031/1361/287 1029/1276/286 1193/1281/287
f 1033/1282/288 1034/1286/288 1030/1280/288
f 1032/1283/290 1036/1288/1084 1033/1282/291
f 1034/1286/294 1033/1282/294 1035/1287/1085
f 1034/1286/294 1035/1287/1085 1038/1284/293
f 1035/1287/295 1033/1282/295 1018/1268/296
f 1036/1288/298 1037/1279/299 1018/1268/299
f 1028/1278/300 1037/1279/300 1036/1288/300
f 1040/1289/301 1042/1293/301 1038/1284/302
f 1039/1290/303 1043/1295/304 1040/1289/304
f 1045/1291/305 1039/1290/305 1035/1287/306
f 1040/1289/307 1041/1294/307 1046/1292/307
f 1010/1263/308 1011/1259/309 1041/1294/309
f 1043/1295/310 1044/1296/310 1010/1263/310
f 1044/1296/312 1043/1295/1086 1039/1290/313
f 1045/1291/314 1014/1266/314 1010/1263/314
f 1051/1297/315 1048/1300/315 1042/1293/315
f 1119/1298/316 1038/1284/316 1042/1293/317
f 1049/1299/318 1047/1299/318 1042/1293/318
f 1053/1298/319 1049/1299/320 1048/1300/319
f 1050/1302/321 1048/1300/321 1051/1297/321
f 1048/1300/323 1050/1302/323 1054/1304/324
f 1119/1298/325 1053/1298/325 1052/1301/325
f 1057/1305/326 1055/1306/1087 1052/1301/327
f 1055/1306/328 1059/1285/1088 1038/1284/329
f 1060/1307/330 1059/1285/330 1055/1306/331
f 1056/1308/332 1055/1306/332 1058/1309/332
f 1058/1309/334 1055/1306/334 1057/1305/334
f 1034/1286/336 1059/1285/336 1061/1244/337
f 1062/1312/338 1061/1244/338 1059/1285/338
f 1064/1313/339 997/1245/341 1061/1244/340
f 1062/1312/342 1063/1310/342 1058/1309/342
f 1062/1312/344 1060/1307/345 1056/1308/345
f 1067/1245/346 1064/1313/346 1058/1309/347
f 1066/1314/348 1069/1319/348 1068/1315/348
f 1118/1316/349 1066/1314/1089 1065/1311/350
f 1070/1317/351 1067/1245/351 1065/1311/351
f 1073/1318/352 1072/1321/352 1068/1315/353
f 1072/1321/355 1075/1323/355 1071/1320/355
f 1118/1316/356 1057/1305/356 1072/1321/357
f 1072/1321/361 1057/1305/1090 1054/1304/361
f 1076/1324/362 1113/1331/363 1071/1320/363
f 1076/1324/365 1075/1323/365 1077/1325/366
f 1080/1300/368 1077/1325/368 1075/1323/368
f 1078/1326/369 1077/1325/369 1081/1327/370
f 1081/1327/372 1077/1325/373 1079/1329/373
f 1113/1331/374 1082/1328/374 1081/1327/374
f 1084/1332/376 1070/1317/376 1071/1320/377
f 1112/1333/378 1070/1317/378 1084/1332/378
f 1087/1335/380 1085/1334/380 1084/1332/381
f 1088/1337/382 1086/1336/382 1084/1332/382
f 1111/1333/383 1087/1335/384 1086/1336/384
f 1091/1338/386 1089/1339/386 1086/1336/387
f 1089/1339/388 1064/1313/389 1067/1245/388
f 1094/1340/390 1090/1341/391 1089/1339/391
f 1096/1333/392 1064/1313/1091 1089/1339/393
f 1093/1342/394 1092/1249/394 1089/1339/394
f 1092/1249/395 1093/1342/395 1097/1343/395
f 1095/1344/396 1094/1340/1092 1092/1249/397
f 1094/1340/398 1095/1344/398 1096/1333/398
f 1095/1344/399 997/1245/399 1064/1313/399
f 1093/1342/401 1046/1292/401 1041/1294/401
f 1099/1345/402 1046/1292/402 1093/1342/403
f 1098/1346/404 1093/1342/405 1091/1338/405
f 1099/1345/407 1098/1346/407 1100/1347/408
f 1101/1348/409 1100/1347/409 1091/1338/409
f 1101/1348/410 1051/1297/410 1046/1292/411
f 1104/1349/413 1102/1350/413 1097/1343/413
f 1102/1350/414 1103/1352/414 1004/1256/414
f 1105/1351/415 1103/1352/415 1102/1350/415
f 1104/1349/416 1041/1294/1093 1011/1259/416
f 1105/1351/417 1011/1259/417 1004/1256/417
f 1107/1303/419 1051/1297/420 1091/1338/419
f 1106/1337/421 1108/1355/421 1107/1303/421
f 1106/1337/422 1088/1337/1094 1083/1330/422
f 1109/1354/424 1079/1329/424 1107/1303/424
f 1079/1329/425 1080/1300/425 1050/1302/426
f 1108/1355/427 1106/1337/427 1110/1353/427
f 1109/1354/428 1110/1353/428 1083/1330/429
f 1087/1335/430 1111/1333/430 1112/1333/430
f 1111/1333/431 1067/1245/431 1070/1317/431
f 1078/1326/433 1082/1328/433 1113/1331/433
f 1114/1299/435 1116/1299/436 1050/1302/436
f 1115/1356/437 1114/1299/1095 1080/1300/438
f 1116/1299/439 1114/1299/439 1115/1356/439
f 1117/1356/440 1054/1304/1096 1050/1302/441
f 1117/1356/442 1115/1356/443 1074/1322/443
f 1066/1314/444 1118/1316/444 1073/1318/444
f 1047/1299/445 1049/1299/445 1053/1298/445
f 1122/1357/446 1120/1358/447 1034/1286/447
f 1120/1358/449 1121/1360/1097 1030/1280/450
f 1120/1358/452 1122/1357/452 1123/1359/452
f 1123/1359/453 1122/1357/454 993/1242/454
f 1123/1359/456 990/1240/456 1030/1280/457
f 1031/1361/458 1124/1435/458 1127/1362/459
f 1125/1364/461 1134/1374/1098 1027/1274/462
f 1129/1365/464 1125/1364/464 1031/1361/464
f 1148/1366/465 1128/1369/465 1126/1363/466
f 1126/1363/466 1127/1362/1099 1149/1367/466
f 1130/1368/467 1126/1363/467 1128/1369/467
f 1129/1365/468 1126/1363/468 1130/1368/468
f 1131/1372/469 1130/1368/469 1132/1370/469
f 1130/1368/470 1131/1372/470 1025/1275/470
f 1133/1371/471 1130/1368/471 1027/1274/472
f 1134/1374/473 1125/1364/1100 1129/1365/474
f 1137/1375/476 1139/1379/477 1135/1373/477
f 1136/1376/478 1132/1370/1101 1128/1369/479
f 1140/1378/480 1137/1375/480 1132/1370/480
f 1139/1379/481 1137/1375/481 1138/1380/481
f 1141/1382/482 1142/1383/482 1138/1380/483
f 1140/1378/484 1144/1386/1102 1141/1382/485
f 1146/1385/486 1221/1455/486 1142/1383/486
f 1142/1383/486 1141/1382/487 1143/1384/487
f 1141/1382/488 1128/1369/489 1148/1366/489
f 1144/1386/490 1145/1377/1103 1128/1369/490
f 1140/1378/492 1136/1376/492 1145/1377/493
f 1223/1216/494 1146/1385/1104 1143/1384/495
f 1152/1387/496 968/1217/496 1143/1384/497
f 1150/1389/498 1147/1388/1105 1143/1384/499
f 1148/1366/501 1149/1367/501 1154/1390/501
f 1151/1391/502 1150/1389/503 1148/1366/503
f 1150/1389/505 1151/1391/506 1152/1387/506
f 1152/1387/507 1151/1391/1106 971/1219/508
f 1127/1362/509 1158/1399/510 1155/1392/510
f 1220/1393/511 1154/1390/511 1149/1367/511
f 1153/1394/512 1149/1367/513 1155/1392/513
f 1156/1395/514 1155/1392/1107 1159/1396/514
f 1157/1398/515 1155/1392/515 1158/1399/515
f 1159/1396/516 1155/1392/516 1157/1398/516
f 1220/1393/517 1160/1397/518 1159/1396/518
f 1164/1225/519 1161/1225/519 1159/1396/520
f 1161/1225/522 975/1225/523 1154/1390/523
f 1163/1401/524 1166/1406/525 1165/1402/525
f 1219/1403/526 1163/1401/1108 1162/1400/527
f 1167/1404/528 1164/1225/528 1162/1400/529
f 1170/1405/530 1169/1408/531 1165/1402/531
f 1169/1408/533 1172/1410/1109 1168/1407/533
f 1170/1405/534 1219/1403/534 1157/1398/534
f 1209/1399/536 1171/1409/536 1169/1408/536
f 1173/1411/537 1218/1419/537 1168/1407/538
f 1173/1411/539 1172/1410/1110 1174/1412/540
f 1171/1409/542 1176/1416/543 1174/1412/543
f 1175/1413/544 1174/1412/545 1178/1414/545
f 1178/1414/547 1174/1412/548 1177/1417/548
f 1179/1415/549 1178/1414/549 1168/1407/550
f 1167/1404/553 1168/1407/553 1178/1414/553
f 1184/1421/554 1183/1424/1111 1181/1418/555
f 1213/1423/556 1182/1422/557 1181/1418/557
f 1180/1420/558 1181/1418/558 1183/1424/558
f 1188/1426/559 1187/1429/559 1183/1424/560
f 1185/1425/561 1183/1424/561 1186/1427/561
f 1187/1429/563 1190/1434/1112 1186/1427/564
f 1213/1423/565 1177/1417/565 1187/1429/565
f 1192/1430/567 1190/1434/567 1187/1429/567
f 1189/1431/568 1187/1429/568 1177/1417/569
f 1191/1432/570 1190/1434/570 1193/1281/571
f 1191/1432/572 1198/1438/573 1186/1427/573
f 1124/1435/574 1193/1281/1113 1190/1434/574
f 1195/1436/575 1193/1281/576 1030/1280/576
f 1197/1437/577 1194/1433/578 1193/1281/578
f 1200/1428/579 1186/1427/579 1195/1436/580
f 1197/1437/581 1195/1436/581 1186/1427/581
f 1194/1433/582 1197/1437/582 1198/1438/582
f 1199/1439/583 1201/1442/584 1200/1428/584
f 1203/1440/585 1199/1439/585 1196/1226/585
f 1202/1441/586 1161/1225/586 1200/1428/586
f 1200/1428/587 1161/1225/1114 1164/1225/588
f 1199/1439/590 1203/1440/1115 1202/1441/591
f 1203/1440/593 975/1225/1116 1161/1225/594
f 1204/1443/595 1206/1446/595 1124/1435/596
f 1205/1444/597 1204/1443/598 1192/1430/598
f 1158/1399/599 1192/1430/599 1189/1431/599
f 1207/1445/600 1206/1446/1117 1204/1443/601
f 1207/1445/603 1127/1362/603 1124/1435/603
f 1205/1444/604 1158/1399/604 1127/1362/604
f 1212/1447/605 1208/1448/606 1189/1431/606
f 1210/1444/607 1209/1399/607 1189/1431/608
f 1211/1449/609 1171/1409/609 1209/1399/609
f 1210/1444/610 1208/1448/610 1212/1447/610
f 1211/1449/611 1212/1447/612 1176/1416/612
f 1188/1426/614 1184/1421/614 1182/1422/614
f 1214/1450/615 1216/1452/1118 1180/1420/615
f 1215/1451/616 1214/1450/617 1185/1425/617
f 1215/1451/619 1217/1453/619 1216/1452/619
f 1216/1452/620 1217/1453/1119 1167/1404/621
f 1215/1451/623 1164/1225/623 1167/1404/624
f 1175/1413/625 1179/1415/625 1218/1419/625
f 1219/1403/626 1170/1405/626 1166/1406/626
f 1153/1394/627 1156/1395/628 1160/1397/628
f 1224/1454/629 1226/1460/629 1221/1455/630
f 1447/1456/631 1222/1457/1120 1146/1385/632
f 1222/1457/633 1225/1458/634 1224/1454/634
f 1225/1458/635 1229/1463/635 1228/1459/635
f 1226/1460/636 1224/1454/638 1227/1461/637
f 1227/1461/639 1224/1454/1121 1228/1459/640
f 1447/1456/642 1223/1216/642 1228/1459/643
f 1233/1464/644 1230/1462/645 1228/1459/645
f 1223/1216/646 1235/1215/647 1231/1465/647
f 1236/1466/648 1232/1466/648 1231/1465/649
f 1232/1466/651 1446/1472/652 1234/1467/652
f 1234/1467/653 1407/1472/1122 1233/1464/654
f 1236/1466/656 1235/1215/1123 1237/1468/657
f 1240/1470/658 1237/1468/1124 1235/1215/659
f 1238/1469/660 1237/1468/660 1234/1467/660
f 1239/1476/662 1237/1478/662 1313/1475/662
f 1237/1478/662 1240/1473/661 1313/1475/662
f 1239/1476/663 1403/1644/664 1234/1477/664
f 1241/1479/665 1246/1480/665 1243/1480/665
f 1248/1481/666 1241/1479/668 1240/1470/667
f 1242/1482/669 1240/1470/669 1243/1480/670
f 1249/1484/671 1244/1706/671 1243/1485/672
f 963/1210/673 1251/1206/674 1245/1486/674
f 1246/1480/676 1247/1487/677 963/1210/677
f 1246/1480/678 1241/1479/679 1248/1481/679
f 1248/1481/680 967/1471/1125 963/1210/680
f 1252/1488/681 1253/1637/681 1249/1484/681
f 1250/1486/682 1255/1493/1126 1252/1488/683
f 1250/1486/685 1245/1486/1127 1251/1206/686
f 1252/1490/687 1254/1495/687 1259/1491/687
f 1138/1380/689 1254/1495/1128 1252/1490/690
f 1255/1493/691 1257/1494/691 1256/1381/691
f 962/1208/692 1139/1379/692 1256/1381/692
f 1258/1489/693 1251/1206/693 1256/1381/694
f 1250/1486/695 1258/1489/695 1257/1494/696
f 1254/1495/697 1261/1500/697 1263/1496/698
f 1264/1497/699 1261/1500/1129 1254/1495/700
f 1266/1499/701 1260/1498/701 1254/1495/701
f 1397/1502/703 1267/1505/1130 1261/1500/702
f 1267/1505/1130 1263/1496/1130 1261/1500/702
f 1261/1500/704 1142/1383/704 1221/1455/704
f 1265/1503/705 1142/1383/705 1261/1500/706
f 1260/1498/707 1266/1499/707 1265/1503/707
f 1265/1503/708 1266/1499/709 1138/1380/709
f 1269/1504/710 1263/1496/710 1267/1505/711
f 1277/1507/712 1259/1491/712 1263/1496/712
f 1268/1508/713 1263/1496/713 1269/1504/714
f 1318/1511/715 1378/1579/715 1270/1510/715
f 1270/1510/715 1269/1504/715 1271/1506/715
f 1273/1512/716 1269/1504/717 1270/1510/717
f 1276/1514/719 1272/1509/720 1269/1504/720
f 1274/1515/721 1273/1512/722 1275/1513/721
f 1259/1491/723 1273/1512/1131 1274/1515/724
f 1276/1514/725 1273/1512/725 1259/1491/725
f 1276/1514/726 1277/1507/726 1268/1508/727
f 1275/1513/728 1280/1519/1132 1282/1517/729
f 1279/1518/730 1283/1524/730 1280/1519/730
f 1288/1520/731 1279/1518/732 1275/1513/732
f 1280/1519/734 1284/1525/1133 1286/1522/734
f 1287/1523/735 1284/1525/735 1280/1519/736
f 1284/1525/737 1285/1527/737 1289/1526/738
f 1270/1510/739 1378/1579/739 1285/1527/739
f 1288/1520/740 1270/1510/1134 1284/1525/741
f 1279/1518/742 1288/1520/743 1287/1523/743
f 1293/1528/744 1291/1531/744 1286/1529/744
f 1290/1529/745 1286/1529/746 1291/1531/746
f 1290/1529/747 1299/1540/747 1281/1533/747
f 1360/1534/748 1292/1535/749 1291/1531/749
f 1292/1535/751 1297/1538/1135 1295/1536/751
f 1294/1532/753 1291/1531/753 1295/1536/754
f 1296/1539/756 1282/1634/756 1281/1533/756
f 1298/1537/757 1295/1536/757 1281/1533/757
f 1294/1532/758 1298/1537/759 1299/1540/759
f 1297/1538/761 1301/1546/761 1303/1541/762
f 1387/1542/763 1300/1543/763 1297/1543/764
f 1304/1545/765 1301/1548/766 1297/1543/766
f 1301/1546/767 1302/1635/1136 1388/1547/768
f 1301/1548/769 1305/1552/770 1308/1549/770
f 1306/1551/771 1305/1552/771 1301/1548/771
f 1306/1551/772 1387/1542/773 1292/1544/773
f 1312/1554/775 1310/1559/776 1308/1555/776
f 1308/1555/776 1305/1707/776 1307/1553/774
f 1292/1544/777 1360/1616/777 1307/1556/777
f 1385/1557/778 1302/1550/778 1308/1549/779
f 1384/1482/780 1309/1558/780 1308/1549/780
f 1242/1474/782 1308/1555/782 1310/1559/782
f 1311/1560/783 1310/1559/783 1271/1561/784
f 1314/1563/785 1313/1475/785 1310/1559/785
f 1318/1564/786 1271/1561/1137 1310/1559/787
f 1314/1563/788 1315/1566/788 1267/1565/788
f 1267/1565/790 1397/1640/1138 1239/1476/790
f 1314/1563/791 1311/1560/1139 1316/1562/792
f 1316/1562/793 1271/1561/794 1267/1565/794
f 1317/1554/795 1383/1577/795 1318/1564/795
f 1317/1554/796 1312/1554/796 1319/1567/797
f 1319/1567/798 1312/1554/799 1307/1553/799
f 1324/1570/801 1320/1568/802 1319/1567/802
f 1365/1572/803 1321/1708/804 1319/1573/804
f 1326/1575/806 1323/1571/1140 1319/1567/806
f 1383/1577/807 1324/1570/807 1323/1571/807
f 1325/1578/808 1323/1511/808 1326/1511/809
f 1378/1579/810 1318/1511/810 1323/1511/810
f 1327/1580/811 1330/1582/812 1329/1581/812
f 1327/1580/813 1326/1575/1141 1321/1576/813
f 1329/1511/814 1331/1584/1142 1328/1578/815
f 1330/1582/816 1334/1587/1143 1333/1583/817
f 1336/1586/820 1332/1589/820 1329/1581/820
f 1382/1576/821 1321/1576/821 1333/1583/821
f 1333/1573/824 1321/1708/825 1365/1572/825
f 1381/1589/826 1332/1589/826 1336/1586/827
f 1339/1591/828 1337/1590/829 1336/1586/829
f 1341/1592/830 1338/1591/1144 1336/1586/830
f 1343/1593/831 1339/1591/1145 1338/1591/831
f 1342/1596/833 1338/1595/834 1340/1594/833
f 1343/1593/835 1342/1593/835 1332/1589/836
f 1331/1584/838 1332/1585/838 1342/1599/838
f 1346/1600/839 1380/1628/839 1331/1584/839
f 1348/1527/840 1346/1600/841 1345/1600/841
f 1349/1602/842 1347/1605/842 1345/1598/842
f 1348/1527/843 1347/1601/1146 1328/1578/844
f 1352/1604/845 1350/1709/845 1347/1605/845
f 1350/1527/847 1325/1578/847 1328/1578/847
f 1351/1606/848 1375/1626/1147 1325/1578/848
f 1351/1606/849 1350/1527/1148 1285/1527/850
f 1350/1527/851 1352/1526/1149 1289/1526/852
f 1353/1608/854 1352/1604/854 1354/1609/855
f 1353/1608/856 1374/1625/856 1289/1530/856
f 1356/1611/857 1354/1609/858 1352/1604/857
f 1373/1612/859 1355/1610/860 1354/1609/860
f 1359/1534/861 1357/1534/861 1354/1609/861
f 1293/1528/863 1354/1609/863 1357/1534/863
f 1363/1613/864 1358/1616/865 1357/1614/865
f 1361/1615/866 1360/1616/866 1357/1614/866
f 1357/1614/867 1359/1618/867 1365/1572/868
f 1362/1613/869 1307/1556/869 1360/1616/870
f 1361/1615/871 1358/1616/871 1363/1613/871
f 1362/1613/872 1363/1613/872 1322/1574/873
f 1366/1617/874 1365/1572/874 1359/1618/874
f 1364/1619/875 1359/1618/875 1341/1620/875
f 1356/1611/876 1340/1594/876 1341/1534/876
f 1366/1617/877 1367/1621/878 1335/1572/878
f 1364/1619/879 1368/1620/879 1367/1621/879
f 1368/1620/880 1341/1620/880 1335/1572/881
f 1370/1622/882 1369/1623/883 1356/1611/883
f 1369/1623/884 1371/1624/884 1340/1594/884
f 1369/1623/885 1370/1622/885 1372/1597/885
f 1372/1597/886 1344/1597/1150 1340/1594/887
f 1372/1597/888 1370/1622/888 1349/1602/888
f 1374/1625/890 1353/1608/890 1355/1610/890
f 1374/1625/891 1373/1612/892 1293/1528/892
f 1376/1607/893 1377/1627/1151 1375/1626/893
f 1377/1627/894 1376/1607/895 1285/1527/895
f 1377/1627/896 1378/1579/1152 1325/1578/896
f 1348/1527/897 1379/1603/897 1380/1628/898
f 1379/1603/899 1328/1578/899 1331/1584/900
f 1381/1589/901 1337/1590/901 1339/1591/901
f 1327/1580/902 1382/1576/902 1334/1587/902
f 1317/1554/903 1320/1568/903 1324/1570/904
f 1386/1483/905 1385/1557/905 1309/1558/905
f 1385/1557/906 1386/1483/907 1244/1483/907
f 1386/1483/908 1384/1482/909 1242/1482/909
f 1300/1543/911 1387/1542/1153 1306/1551/912
f 1274/1629/913 1278/1631/1154 1303/1541/913
f 1389/1630/914 1303/1541/914 1278/1631/914
f 1390/1632/915 1296/1539/1155 1303/1541/915
f 1392/1633/916 1390/1632/917 1389/1630/917
f 1392/1633/918 1391/1631/918 1278/1631/919
f 1390/1632/921 1392/1633/921 1282/1634/921
f 1302/1635/922 1244/1706/924 1249/1484/923
f 1393/1547/925 1395/1638/926 1274/1629/926
f 1393/1547/927 1388/1547/927 1249/1484/927
f 1393/1547/928 1394/1636/928 1396/1637/929
f 1395/1638/930 1396/1637/930 1253/1637/930
f 1394/1636/931 1249/1484/931 1253/1637/931
f 1399/1502/932 1397/1502/932 1262/1501/932
f 1441/1639/933 1239/1476/933 1397/1640/933
f 1400/1642/935 1398/1641/935 1397/1640/935
f 1400/1642/937 1399/1643/937 1403/1644/937
f 1401/1502/938 1399/1502/938 1402/1501/938
f 1403/1644/939 1399/1643/940 1401/1647/940
f 1441/1639/942 1404/1645/1156 1403/1644/943
f 1407/1477/945 1234/1477/945 1403/1644/945
f 1406/1649/946 1409/1650/947 1408/1650/947
f 1440/1651/948 1406/1649/948 1405/1648/948
f 1410/1652/949 1407/1477/950 1405/1648/950
f 1413/1653/952 1412/1655/953 1408/1650/953
f 1412/1655/955 1415/1658/955 1411/1654/955
f 1440/1651/956 1401/1647/956 1412/1655/956
f 1412/1502/958 1401/1502/958 1437/1646/958
f 1416/1658/959 1433/1666/959 1411/1654/959
f 1416/1658/961 1415/1658/1157 1417/1659/962
f 1419/1661/963 1417/1659/1158 1415/1657/964
f 1418/1660/966 1417/1659/966 1421/1662/967
f 1421/1662/969 1417/1659/970 1420/1664/970
f 1433/1666/971 1422/1663/972 1421/1662/972
f 1423/1667/974 1410/1652/1159 1411/1654/975
f 1426/1668/976 1425/1670/1160 1424/1665/977
f 1427/1669/979 1230/1462/979 1424/1665/980
f 1423/1667/981 1424/1665/982 1230/1462/981
f 1427/1669/983 1425/1670/983 1426/1668/983
f 1428/1671/984 1227/1461/984 1230/1462/985
f 1428/1671/986 1426/1668/986 1420/1664/986
f 1430/1672/987 1410/1652/1161 1423/1667/988
f 1431/1674/989 1429/1673/1162 1423/1667/990
f 1431/1674/991 1432/1472/991 1430/1672/992
f 1431/1674/993 1233/1464/993 1407/1472/994
f 1432/1472/996 1407/1472/1163 1410/1652/996
f 1422/1663/997 1433/1666/997 1416/1658/997
f 1420/1664/998 1419/1661/999 1435/1455/999
f 1434/1675/1000 1419/1661/1000 1414/1656/1000
f 1434/1675/1002 1436/1677/1002 1435/1455/1002
f 1436/1677/1003 1438/1678/1003 1437/1646/1003
f 1402/1501/1004 1226/1460/1004 1435/1455/1004
f 1439/1676/1005 1414/1656/1164 1437/1646/1006
f 1436/1677/1008 1434/1675/1165 1439/1676/1008
f 1406/1649/1009 1440/1651/1009 1413/1653/1009
f 1398/1641/1010 1400/1642/1010 1404/1645/1010
f 1442/1679/1012 1402/1501/1012 1262/1501/1012
f 1443/1460/1013 1226/1460/1013 1402/1501/1013
f 1444/1679/1014 1445/1680/1014 1443/1460/1015
f 1445/1680/1016 1444/1679/1016 1262/1501/1017
f 1443/1460/1018 1445/1680/1019 1221/1455/1019
f 1238/1469/1020 1446/1472/1021 1232/1466/1021
f 1222/1457/1023 1447/1456/1166 1229/1463/1024
f 1448/1681/1025 1139/1379/1025 962/1208/1026
f 1448/1681/1028 1449/1683/1028 1135/1373/1028
f 1450/1682/1029 1451/1684/1029 1449/1683/1030
f 1450/1682/1031 962/1208/1031 1452/1209/1031
f 1449/1683/1032 1451/1684/1167 1452/1209/1033
f 1131/1372/1035 1135/1373/1035 1452/1209/1035
f 1455/1685/1036 1453/1687/1037 1131/1372/1037
f 1454/1686/1039 1025/1275/1168 1131/1372/1040
f 1455/1685/1042 1456/1688/1042 1454/1686/1042
f 1456/1688/1043 1455/1685/1169 979/1228/1044
f 1456/1688/1046 982/1229/1047 1025/1275/1047
