# Blender 5.2.0 LTS
# www.blender.org
mtllib bossEnemy_left.mtl
o 立方体.001
v 0.675803 0.652234 0.042234
v 0.647888 0.641624 0.029864
v 0.703719 0.662845 0.029864
v 0.688674 0.618372 0.062777
v 0.730168 0.634143 0.044390
v 0.647180 0.602601 0.044390
v 0.641161 0.576881 0.059154
v 0.629993 0.596068 0.000000
v 0.618258 0.568176 0.000000
v 0.645527 0.545785 0.000000
v 0.641161 0.576881 -0.059154
v 0.647180 0.602601 -0.044390
v 0.663630 0.552666 -0.046755
v 0.663630 0.552666 0.046755
v 0.682028 0.528142 0.038270
v 0.707334 0.569277 0.066122
v 0.717801 0.541739 0.054122
v 0.724496 0.524123 0.046599
v 0.753574 0.555335 0.038270
v 0.751039 0.585889 0.046755
v 0.751751 0.618914 0.059154
v 0.769142 0.592769 0.000000
v 0.774654 0.627620 0.000000
v 0.747355 0.640676 0.000000
v 0.751751 0.618914 -0.059154
v 0.730168 0.634143 -0.044390
v 0.751039 0.585889 -0.046755
v 0.753574 0.555335 -0.038270
v 0.707334 0.569277 -0.066122
v 0.717801 0.541739 -0.054122
v 0.724496 0.524123 -0.046599
v 0.682028 0.528142 -0.038270
v 0.693695 0.512416 -0.032951
v 0.667211 0.522510 0.000000
v 0.680937 0.507567 0.000000
v 0.693695 0.512416 0.032951
v 0.703065 0.491778 0.031525
v 0.732533 0.502979 0.044583
v 1.006326 -0.217369 0.000574
v 0.762001 0.514179 0.031525
v 0.755297 0.535830 0.032951
v 0.768056 0.540680 0.000000
v 0.768392 0.560967 0.000000
v 0.755297 0.535830 -0.032951
v 0.762001 0.514179 -0.031525
v 0.732533 0.502979 -0.044583
v 1.006326 -0.217369 -0.000574
v 0.703065 0.491778 -0.031525
v 1.005947 -0.217513 -0.000406
v 0.690859 0.487139 0.000000
v 1.005790 -0.217573 0.000000
v 1.005947 -0.217513 0.000406
v 1.006705 -0.217224 0.000406
v 1.006862 -0.217165 0.000000
v 1.006705 -0.217224 -0.000406
v 0.774207 0.518818 0.000000
v 0.696456 0.597898 -0.083656
v 0.688674 0.618372 -0.062777
v 0.675803 0.652234 -0.042234
v 0.647888 0.641624 -0.029864
v 0.703719 0.662845 -0.029864
v 0.715282 0.667240 0.000000
v 0.636325 0.637229 0.000000
v 0.696456 0.597898 0.083656
v 0.612089 0.711761 0.000000
v 0.598065 0.724653 0.043162
v 0.566706 0.724654 0.000000
v 0.598065 0.724653 -0.043162
v 0.648805 0.724653 0.026675
v 0.648805 0.724653 -0.026675
v 0.674555 0.759480 -0.045383
v 0.634781 0.752702 -0.069838
v 0.685521 0.752702 0.000000
v 0.674555 0.759480 0.045383
v 0.694189 0.798086 0.026675
v 0.694189 0.798086 -0.026675
v 0.689301 0.836692 0.000000
v 0.671497 0.843470 -0.043162
v 0.662830 0.798086 -0.069838
v 0.635949 0.836692 -0.073432
v 0.612089 0.798086 -0.086325
v 0.588230 0.759480 -0.073432
v 0.589397 0.843470 -0.069838
v 0.561349 0.798086 -0.069838
v 0.549624 0.836692 -0.045383
v 0.529989 0.798086 -0.026675
v 0.552681 0.752702 -0.043162
v 0.534878 0.759480 0.000000
v 0.552681 0.752702 0.043162
v 0.529989 0.798086 0.026675
v 0.549624 0.836692 0.045383
v 0.538657 0.843470 0.000000
v 0.561349 0.798086 0.069838
v 0.588230 0.759480 0.073432
v 0.589397 0.843470 0.069838
v 0.612089 0.798086 0.086325
v 0.635949 0.836692 0.073432
v 0.662830 0.798086 0.069838
v 0.634781 0.752702 0.069838
v 0.671497 0.843470 0.043162
v 0.626113 0.871519 0.043162
v 0.657473 0.871518 0.000000
v 0.612089 0.884411 0.000000
v 0.626113 0.871519 -0.043162
v 0.575373 0.871519 -0.026675
v 0.575373 0.871519 0.026675
v 0.440384 0.790440 -0.028228
v 0.440759 0.784946 -0.027685
v 0.440009 0.795934 -0.027685
v 0.475564 0.792843 -0.028228
v 0.475189 0.798338 -0.027685
v 0.474828 0.803621 -0.026079
v 0.475157 0.798807 -0.030053
v 0.474765 0.804542 -0.028309
v 0.479789 0.804886 -0.028309
v 0.474404 0.809828 -0.025478
v 0.479428 0.810171 -0.025478
v 0.479520 0.808833 -0.023470
v 0.479112 0.814803 -0.021667
v 0.479852 0.803964 -0.026079
v 0.480213 0.798681 -0.027685
v 0.479612 0.807475 -0.034575
v 0.479171 0.813930 -0.031117
v 0.484196 0.814273 -0.031117
v 0.478785 0.819588 -0.026463
v 0.483809 0.819931 -0.026463
v 0.483686 0.816329 -0.022878
v 0.483492 0.824574 -0.020791
v 0.484020 0.811438 -0.026901
v 0.489779 0.811831 -0.026901
v 0.484402 0.805857 -0.029891
v 0.489445 0.816723 -0.022878
v 0.494301 0.814130 -0.019960
v 0.489171 0.820737 -0.017975
v 0.494593 0.809862 -0.023470
v 0.556345 0.814081 -0.023470
v 0.494925 0.804994 -0.026079
v 0.556053 0.818349 -0.019960
v 0.555814 0.821851 -0.015682
v 0.558483 0.782789 -0.023470
v 0.558774 0.778522 -0.019960
v 0.559013 0.775020 -0.015682
v 0.497022 0.774303 -0.019960
v 0.497261 0.770801 -0.015682
v 0.492838 0.767060 -0.017975
v 0.497439 0.768198 -0.010802
v 0.493042 0.764077 -0.012381
v 0.487283 0.763683 -0.012381
v 0.493167 0.762240 -0.006312
v 0.487409 0.761846 -0.006312
v 0.488115 0.756911 -0.007301
v 0.487451 0.761226 0.000000
v 0.488164 0.756193 0.000000
v 0.483139 0.755850 0.000000
v 0.488115 0.756911 0.007301
v 0.487409 0.761846 0.006312
v 0.493167 0.762240 0.006312
v 0.487283 0.763683 0.012381
v 0.493042 0.764077 0.012381
v 0.497439 0.768198 0.010802
v 0.492838 0.767060 0.017975
v 0.497261 0.770801 0.015682
v 0.559013 0.775020 0.015682
v 0.497022 0.774303 0.019960
v 0.558774 0.778522 0.019960
v 0.558483 0.782789 0.023470
v 0.556053 0.818349 0.019960
v 0.556345 0.814081 0.023470
v 0.556677 0.809213 0.026079
v 0.494593 0.809862 0.023470
v 0.494925 0.804994 0.026079
v 0.490161 0.806251 0.029891
v 0.495286 0.799711 0.027685
v 0.489779 0.811831 0.026901
v 0.484020 0.811438 0.026901
v 0.489445 0.816723 0.022878
v 0.484402 0.805857 0.029891
v 0.484637 0.807818 0.034575
v 0.484815 0.799802 0.031732
v 0.484196 0.814273 0.031117
v 0.479171 0.813930 0.031117
v 0.483809 0.819931 0.026463
v 0.479612 0.807475 0.034575
v 0.479852 0.803964 0.026079
v 0.480091 0.800471 0.036705
v 0.480213 0.798681 0.027685
v 0.480181 0.799151 0.030053
v 0.480589 0.793187 0.028228
v 0.479789 0.804886 0.028309
v 0.474765 0.804542 0.028309
v 0.479428 0.810171 0.025478
v 0.475157 0.798807 0.030053
v 0.475189 0.798338 0.027685
v 0.475564 0.792843 0.030642
v 0.475564 0.792843 0.028228
v 0.440384 0.790440 0.028228
v 0.475940 0.787349 0.027685
v 0.440759 0.784946 0.027685
v 0.475972 0.786879 0.030053
v 0.480996 0.787223 0.030053
v 0.476363 0.781145 0.028309
v 0.480589 0.793187 0.030642
v 0.481388 0.781488 0.028309
v 0.476725 0.775859 0.025478
v 0.476300 0.782066 0.026079
v 0.441120 0.779663 0.026079
v 0.476633 0.777197 0.023470
v 0.441453 0.774794 0.023470
v 0.441744 0.770526 0.019960
v 0.439315 0.806086 0.023470
v 0.439648 0.801217 0.026079
v 0.474495 0.808489 0.023470
v 0.439023 0.810353 0.019960
v 0.474204 0.812757 0.019960
v 0.473964 0.816259 0.015682
v 0.474087 0.814460 0.021667
v 0.473828 0.818262 0.017024
v 0.478852 0.818605 0.017024
v 0.473635 0.821087 0.011726
v 0.478659 0.821430 0.011726
v 0.478811 0.819205 0.010802
v 0.478540 0.823170 0.005978
v 0.478989 0.816603 0.015682
v 0.479228 0.813100 0.019960
v 0.478468 0.824231 0.020791
v 0.478232 0.827681 0.014321
v 0.483256 0.828025 0.014321
v 0.478087 0.829806 0.007301
v 0.483111 0.830149 0.007301
v 0.483083 0.825163 0.006312
v 0.483062 0.830867 0.000000
v 0.483208 0.823326 0.012381
v 0.488967 0.823720 0.012381
v 0.483412 0.820344 0.017975
v 0.488842 0.825557 0.006312
v 0.493775 0.821837 0.005507
v 0.488799 0.826177 0.000000
v 0.493884 0.820235 0.010802
v 0.555636 0.824454 0.010802
v 0.494062 0.817632 0.015682
v 0.555526 0.826056 0.005507
v 0.555490 0.826597 -0.000000
v 0.559301 0.770815 0.005507
v 0.559191 0.772417 0.010802
v 0.497549 0.766596 0.005507
v 0.555814 0.821851 0.015682
v 0.494301 0.814130 0.019960
v 0.489171 0.820737 0.017975
v 0.483686 0.816329 0.022878
v 0.483492 0.824574 0.020791
v 0.478785 0.819588 0.026463
v 0.479520 0.808833 0.023470
v 0.479112 0.814803 0.021667
v 0.474404 0.809828 0.025478
v 0.474828 0.803621 0.026079
v 0.440009 0.795934 0.027685
v 0.497586 0.766055 0.000000
v 0.493210 0.761620 0.000000
v 0.497549 0.766596 -0.005507
v 0.559301 0.770815 -0.005507
v 0.559191 0.772417 -0.010802
v 0.555636 0.824454 -0.010802
v 0.555526 0.826056 -0.005507
v 0.493884 0.820235 -0.010802
v 0.494062 0.817632 -0.015682
v 0.488967 0.823720 -0.012381
v 0.483208 0.823326 -0.012381
v 0.488842 0.825557 -0.006312
v 0.483412 0.820344 -0.017975
v 0.483256 0.828025 -0.014321
v 0.478232 0.827681 -0.014321
v 0.483111 0.830149 -0.007301
v 0.478468 0.824231 -0.020791
v 0.478989 0.816603 -0.015682
v 0.479228 0.813100 -0.019960
v 0.478852 0.818605 -0.017024
v 0.473828 0.818262 -0.017024
v 0.478659 0.821430 -0.011726
v 0.474087 0.814460 -0.021667
v 0.474204 0.812757 -0.019960
v 0.474495 0.808489 -0.023470
v 0.439315 0.806086 -0.023470
v 0.439648 0.801217 -0.026079
v 0.441120 0.779663 -0.026079
v 0.441453 0.774794 -0.023470
v 0.476633 0.777197 -0.023470
v 0.441744 0.770526 -0.019960
v 0.439023 0.810353 -0.019960
v 0.476300 0.782066 -0.026079
v 0.476363 0.781145 -0.028309
v 0.475940 0.787349 -0.027685
v 0.476725 0.775859 -0.025478
v 0.481749 0.776203 -0.025478
v 0.477041 0.771227 -0.021667
v 0.481388 0.781488 -0.028309
v 0.481325 0.782410 -0.026079
v 0.480996 0.787223 -0.030053
v 0.480964 0.787693 -0.027685
v 0.481086 0.785903 -0.036705
v 0.480589 0.793187 -0.028228
v 0.481565 0.778899 -0.034575
v 0.486589 0.779242 -0.034575
v 0.482006 0.772444 -0.031117
v 0.486111 0.786246 -0.036705
v 0.485676 0.787208 -0.031732
v 0.485613 0.793530 -0.037424
v 0.485246 0.793505 -0.032354
v 0.491004 0.793898 -0.032354
v 0.484815 0.799802 -0.031732
v 0.490574 0.800196 -0.031732
v 0.485115 0.800814 -0.036705
v 0.480091 0.800471 -0.036705
v 0.484637 0.807818 -0.034575
v 0.480589 0.793187 -0.037424
v 0.495286 0.799711 -0.027685
v 0.490161 0.806251 -0.029891
v 0.495662 0.794217 -0.028228
v 0.557414 0.798435 -0.028228
v 0.496037 0.788722 -0.027685
v 0.557038 0.803930 -0.027685
v 0.491435 0.787601 -0.031732
v 0.491848 0.781546 -0.029891
v 0.486090 0.781152 -0.029891
v 0.486471 0.775572 -0.026901
v 0.487030 0.772787 -0.031117
v 0.487417 0.767129 -0.026463
v 0.482392 0.766786 -0.026463
v 0.482709 0.762142 -0.020791
v 0.481949 0.773273 -0.019960
v 0.481657 0.777541 -0.023470
v 0.482065 0.771570 -0.021667
v 0.482325 0.767768 -0.017024
v 0.477301 0.767425 -0.017024
v 0.477494 0.764600 -0.011726
v 0.477164 0.769428 -0.015682
v 0.476925 0.772930 -0.019960
v 0.441984 0.767024 -0.015682
v 0.442162 0.764422 -0.010802
v 0.438784 0.813856 -0.015682
v 0.438606 0.816458 -0.010802
v 0.473964 0.816259 -0.015682
v 0.473787 0.818862 -0.010802
v 0.473677 0.820464 -0.005507
v 0.473635 0.821087 -0.011726
v 0.473516 0.822827 -0.005978
v 0.478540 0.823170 -0.005978
v 0.473476 0.823414 0.000000
v 0.478500 0.823757 0.000000
v 0.478665 0.821349 0.000000
v 0.478701 0.820808 0.005507
v 0.473516 0.822827 0.005978
v 0.478701 0.820808 -0.005507
v 0.478811 0.819205 -0.010802
v 0.478087 0.829806 -0.007301
v 0.478038 0.830523 0.000000
v 0.473677 0.820464 0.005507
v 0.473787 0.818862 0.010802
v 0.438606 0.816458 0.010802
v 0.438784 0.813856 0.015682
v 0.441984 0.767024 0.015682
v 0.442162 0.764422 0.010802
v 0.477164 0.769428 0.015682
v 0.476925 0.772930 0.019960
v 0.477041 0.771227 0.021667
v 0.477301 0.767425 0.017024
v 0.482325 0.767768 0.017024
v 0.477494 0.764600 0.011726
v 0.482065 0.771570 0.021667
v 0.481949 0.773273 0.019960
v 0.481749 0.776203 0.025478
v 0.481657 0.777541 0.023470
v 0.482006 0.772444 0.031117
v 0.481325 0.782410 0.026079
v 0.482392 0.766786 0.026463
v 0.487417 0.767129 0.026463
v 0.482709 0.762142 0.020791
v 0.487030 0.772787 0.031117
v 0.486471 0.775572 0.026901
v 0.486589 0.779242 0.034575
v 0.486090 0.781152 0.029891
v 0.491848 0.781546 0.029891
v 0.485676 0.787208 0.031732
v 0.491435 0.787601 0.031732
v 0.496037 0.788722 0.027685
v 0.491004 0.793898 0.032354
v 0.495662 0.794217 0.028228
v 0.557414 0.798435 0.028228
v 0.557038 0.803930 0.027685
v 0.490574 0.800196 0.031732
v 0.485246 0.793505 0.032354
v 0.485613 0.793530 0.037424
v 0.485115 0.800814 0.036705
v 0.486111 0.786246 0.036705
v 0.481086 0.785903 0.036705
v 0.481565 0.778899 0.034575
v 0.480964 0.787693 0.027685
v 0.480589 0.793187 0.037424
v 0.557789 0.792941 0.027685
v 0.558150 0.787658 0.026079
v 0.496398 0.783439 0.026079
v 0.496731 0.778571 0.023470
v 0.492230 0.775965 0.026901
v 0.492564 0.771074 0.022878
v 0.486805 0.770680 0.022878
v 0.487079 0.766666 0.017975
v 0.487734 0.762486 0.020791
v 0.487970 0.759035 0.014321
v 0.482945 0.758692 0.014321
v 0.483090 0.756568 0.007301
v 0.482366 0.767168 0.010802
v 0.482188 0.769771 0.015682
v 0.482518 0.764943 0.011726
v 0.482637 0.763204 0.005978
v 0.477613 0.762860 0.005978
v 0.477653 0.762273 0.000000
v 0.477451 0.765223 0.005507
v 0.477342 0.766825 0.010802
v 0.442271 0.762819 0.005507
v 0.442308 0.762278 -0.000000
v 0.438497 0.818061 0.005507
v 0.438460 0.818602 -0.000000
v 0.473640 0.821005 0.000000
v 0.438497 0.818061 -0.005507
v 0.442271 0.762819 -0.005507
v 0.477451 0.765223 -0.005507
v 0.477342 0.766825 -0.010802
v 0.477613 0.762860 -0.005978
v 0.482637 0.763204 -0.005978
v 0.482518 0.764943 -0.011726
v 0.482366 0.767168 -0.010802
v 0.482188 0.769771 -0.015682
v 0.482945 0.758692 -0.014321
v 0.487970 0.759035 -0.014321
v 0.483090 0.756568 -0.007301
v 0.487734 0.762486 -0.020791
v 0.487079 0.766666 -0.017975
v 0.486805 0.770680 -0.022878
v 0.492564 0.771074 -0.022878
v 0.492230 0.775965 -0.026901
v 0.496731 0.778571 -0.023470
v 0.496398 0.783439 -0.026079
v 0.558150 0.787658 -0.026079
v 0.557789 0.792941 -0.027685
v 0.556677 0.809213 -0.026079
v 0.482476 0.765566 -0.005507
v 0.482513 0.765025 0.000000
v 0.482677 0.762616 0.000000
v 0.482476 0.765566 0.005507
v 0.477488 0.764681 0.000000
v 0.480589 0.793187 -0.030642
v 0.480181 0.799151 -0.030053
v 0.475564 0.792843 -0.030642
v 0.475972 0.786879 -0.030053
v 0.483083 0.825163 -0.006312
v 0.483040 0.825784 0.000000
v 0.493775 0.821837 -0.005507
v 0.493738 0.822379 0.000000
v 0.559338 0.770274 -0.000000
v 0.627799 0.757717 -0.028228
v 0.622797 0.755414 -0.027685
v 0.632801 0.760020 -0.027685
v 0.642545 0.725686 -0.028228
v 0.637542 0.723383 -0.027685
v 0.637115 0.723186 -0.030053
v 0.632732 0.721169 -0.026079
v 0.631893 0.720783 -0.028309
v 0.633999 0.716208 -0.028309
v 0.627081 0.718567 -0.025478
v 0.629187 0.713993 -0.025478
v 0.630405 0.714553 -0.023470
v 0.624969 0.712051 -0.021667
v 0.634838 0.716594 -0.026079
v 0.631642 0.715123 -0.034575
v 0.639648 0.718809 -0.027685
v 0.625764 0.712417 -0.031117
v 0.627870 0.707842 -0.031117
v 0.620613 0.710045 -0.026463
v 0.622719 0.705471 -0.026463
v 0.618491 0.703525 -0.020791
v 0.625821 0.707304 -0.022878
v 0.630275 0.709355 -0.026901
v 0.632689 0.704111 -0.026901
v 0.635356 0.711694 -0.029891
v 0.628235 0.702061 -0.022878
v 0.632838 0.699041 -0.019960
v 0.624580 0.700378 -0.017975
v 0.636723 0.700830 -0.023470
v 0.640421 0.692798 -0.023470
v 0.641156 0.702870 -0.026079
v 0.636535 0.691009 -0.019960
v 0.634639 0.683851 -0.024676
v 0.633346 0.689541 -0.015682
v 0.630697 0.682036 -0.019387
v 0.631586 0.671185 -0.021879
v 0.627767 0.680688 -0.013354
v 0.628281 0.669663 -0.015071
v 0.633439 0.658458 -0.015071
v 0.626245 0.668726 -0.007683
v 0.631404 0.657520 -0.007683
v 0.639677 0.650069 -0.006808
v 0.630716 0.657204 -0.000000
v 0.641481 0.650899 -0.013354
v 0.649465 0.648290 -0.010802
v 0.644410 0.652247 -0.019387
v 0.651834 0.649381 -0.015682
v 0.655532 0.641349 -0.015682
v 0.655023 0.650849 -0.019960
v 0.653163 0.640258 -0.010802
v 0.651703 0.639586 -0.005507
v 0.700541 0.662069 -0.010802
v 0.702000 0.662741 -0.005507
v 0.698172 0.660978 -0.015682
v 0.696843 0.670101 -0.010802
v 0.698303 0.670773 -0.005507
v 0.701857 0.678693 -0.006808
v 0.698795 0.671000 -0.000000
v 0.702466 0.678974 -0.000000
v 0.702263 0.690141 -0.000000
v 0.701857 0.678693 0.006808
v 0.698303 0.670773 0.005507
v 0.702000 0.662741 0.005507
v 0.696843 0.670101 0.010802
v 0.700541 0.662069 0.010802
v 0.698172 0.660978 0.015682
v 0.653163 0.640258 0.010802
v 0.651703 0.639586 0.005507
v 0.655532 0.641349 0.015682
v 0.649465 0.648290 0.010802
v 0.651834 0.649381 0.015682
v 0.644410 0.652247 0.019387
v 0.655023 0.650849 0.019960
v 0.641481 0.650899 0.013354
v 0.633439 0.658458 0.015071
v 0.639677 0.650069 0.006808
v 0.631404 0.657520 0.007683
v 0.626245 0.668726 0.007683
v 0.628281 0.669663 0.015071
v 0.627767 0.680688 0.013354
v 0.631586 0.671185 0.021879
v 0.630697 0.682036 0.019387
v 0.633346 0.689541 0.015682
v 0.634639 0.683851 0.024676
v 0.636535 0.691009 0.019960
v 0.632838 0.699041 0.019960
v 0.640421 0.692798 0.023470
v 0.636723 0.700830 0.023470
v 0.632689 0.704111 0.026901
v 0.641156 0.702870 0.026079
v 0.628235 0.702061 0.022878
v 0.625821 0.707304 0.022878
v 0.624580 0.700378 0.017975
v 0.630275 0.709355 0.026901
v 0.627870 0.707842 0.031117
v 0.635356 0.711694 0.029891
v 0.622719 0.705471 0.026463
v 0.620613 0.710045 0.026463
v 0.618491 0.703525 0.020791
v 0.625764 0.712417 0.031117
v 0.630405 0.714553 0.023470
v 0.631642 0.715123 0.034575
v 0.634838 0.716594 0.026079
v 0.639648 0.718809 0.027685
v 0.633999 0.716208 0.028309
v 0.629187 0.713993 0.025478
v 0.627081 0.718567 0.025478
v 0.624969 0.712051 0.021667
v 0.631893 0.720783 0.028309
v 0.637115 0.723186 0.030053
v 0.632732 0.721169 0.026079
v 0.637542 0.723383 0.027685
v 0.622797 0.755414 0.027685
v 0.642545 0.725686 0.028228
v 0.627799 0.757717 0.028228
v 0.632801 0.760020 0.027685
v 0.647547 0.727989 0.027685
v 0.637611 0.762234 0.026079
v 0.652357 0.730203 0.026079
v 0.642044 0.764275 0.023470
v 0.617987 0.753200 0.026079
v 0.613553 0.751159 0.023470
v 0.628299 0.719128 0.023470
v 0.624414 0.717339 0.019960
v 0.622863 0.716625 0.021667
v 0.619402 0.715032 0.017024
v 0.621508 0.710457 0.017024
v 0.618935 0.709273 0.011726
v 0.623331 0.711297 0.015682
v 0.626520 0.712765 0.019960
v 0.616385 0.708099 0.020791
v 0.613244 0.706653 0.014321
v 0.615350 0.702078 0.014321
v 0.613415 0.701188 0.007301
v 0.619451 0.704372 0.012381
v 0.622166 0.705622 0.017975
v 0.621864 0.699128 0.012381
v 0.627279 0.696482 0.010802
v 0.620192 0.698358 0.006312
v 0.629649 0.697573 0.015682
v 0.630977 0.688450 0.010802
v 0.629518 0.687778 0.005507
v 0.625964 0.679857 0.006808
v 0.625354 0.679577 -0.000000
v 0.625557 0.668410 -0.000000
v 0.625964 0.679857 -0.006808
v 0.629518 0.687778 -0.005507
v 0.630977 0.688450 -0.010802
v 0.627279 0.696482 -0.010802
v 0.629649 0.697573 -0.015682
v 0.621864 0.699128 -0.012381
v 0.619451 0.704372 -0.012381
v 0.620192 0.698358 -0.006312
v 0.622166 0.705622 -0.017975
v 0.615350 0.702078 -0.014321
v 0.613244 0.706653 -0.014321
v 0.613415 0.701188 -0.007301
v 0.616385 0.708099 -0.020791
v 0.623331 0.711297 -0.015682
v 0.626520 0.712765 -0.019960
v 0.621508 0.710457 -0.017024
v 0.619402 0.715032 -0.017024
v 0.618935 0.709273 -0.011726
v 0.622863 0.716625 -0.021667
v 0.624414 0.717339 -0.019960
v 0.628299 0.719128 -0.023470
v 0.613553 0.751159 -0.023470
v 0.617987 0.753200 -0.026079
v 0.637611 0.762234 -0.026079
v 0.642044 0.764275 -0.023470
v 0.652357 0.730203 -0.026079
v 0.647547 0.727989 -0.027685
v 0.647975 0.728186 -0.030053
v 0.653196 0.730590 -0.028309
v 0.655302 0.726015 -0.028309
v 0.658008 0.732805 -0.025478
v 0.650081 0.723611 -0.030053
v 0.644651 0.721111 -0.030642
v 0.649653 0.723414 -0.027685
v 0.644651 0.721111 -0.028228
v 0.644651 0.721111 -0.037424
v 0.639220 0.718612 -0.030053
v 0.638019 0.718058 -0.036705
v 0.651283 0.724165 -0.036705
v 0.653389 0.719590 -0.036705
v 0.657660 0.727100 -0.034575
v 0.646757 0.716537 -0.037424
v 0.640125 0.713484 -0.036705
v 0.646603 0.716871 -0.032354
v 0.649016 0.711628 -0.032354
v 0.652336 0.719511 -0.031732
v 0.640869 0.714232 -0.031732
v 0.643283 0.708988 -0.031732
v 0.645966 0.705085 -0.027685
v 0.637770 0.706450 -0.029891
v 0.650968 0.707388 -0.028228
v 0.655971 0.709690 -0.027685
v 0.654666 0.699356 -0.028228
v 0.654750 0.714267 -0.031732
v 0.649664 0.697053 -0.027685
v 0.650869 0.691323 -0.034226
v 0.644854 0.694838 -0.026079
v 0.644923 0.688585 -0.032240
v 0.647641 0.678576 -0.036384
v 0.639442 0.686063 -0.029015
v 0.641456 0.675729 -0.032745
v 0.646615 0.664523 -0.032745
v 0.636035 0.673233 -0.027847
v 0.641194 0.662027 -0.027847
v 0.648352 0.654062 -0.024676
v 0.636745 0.659979 -0.021879
v 0.653156 0.656274 -0.029015
v 0.658909 0.652637 -0.023470
v 0.658636 0.658797 -0.032240
v 0.663342 0.654678 -0.026079
v 0.667039 0.646646 -0.026079
v 0.668152 0.656893 -0.027685
v 0.662606 0.644605 -0.023470
v 0.658721 0.642817 -0.019960
v 0.691097 0.657721 -0.023470
v 0.694983 0.659510 -0.019960
v 0.691285 0.667542 -0.019960
v 0.694474 0.669010 -0.015682
v 0.697124 0.676515 -0.019387
v 0.700053 0.677863 -0.013354
v 0.699540 0.688887 -0.015071
v 0.701575 0.689825 -0.007683
v 0.696417 0.701030 -0.007683
v 0.697104 0.701347 -0.000000
v 0.688752 0.708763 -0.000000
v 0.696417 0.701030 0.007683
v 0.688143 0.708482 -0.006808
v 0.688143 0.708482 0.006808
v 0.701575 0.689825 0.007683
v 0.699540 0.688887 0.015071
v 0.700053 0.677863 0.013354
v 0.697124 0.676515 0.019387
v 0.694474 0.669010 0.015682
v 0.691285 0.667542 0.019960
v 0.694983 0.659510 0.019960
v 0.691097 0.657721 0.023470
v 0.658721 0.642817 0.019960
v 0.662606 0.644605 0.023470
v 0.658909 0.652637 0.023470
v 0.653156 0.656274 0.029015
v 0.663342 0.654678 0.026079
v 0.648352 0.654062 0.024676
v 0.641194 0.662027 0.027847
v 0.636745 0.659979 0.021879
v 0.636035 0.673233 0.027847
v 0.641456 0.675729 0.032745
v 0.639442 0.686063 0.029015
v 0.644923 0.688585 0.032240
v 0.644854 0.694838 0.026079
v 0.649664 0.697053 0.027685
v 0.645966 0.705085 0.027685
v 0.643283 0.708988 0.031732
v 0.650968 0.707388 0.028228
v 0.637770 0.706450 0.029891
v 0.640869 0.714232 0.031732
v 0.646603 0.716871 0.032354
v 0.640125 0.713484 0.036705
v 0.633747 0.710548 0.034575
v 0.638019 0.718058 0.036705
v 0.644651 0.721111 0.037424
v 0.644651 0.721111 0.028228
v 0.649653 0.723414 0.027685
v 0.644651 0.721111 0.030642
v 0.651283 0.724165 0.036705
v 0.650081 0.723611 0.030053
v 0.639220 0.718612 0.030053
v 0.642545 0.725686 0.030642
v 0.647975 0.728186 0.030053
v 0.653196 0.730590 0.028309
v 0.655302 0.726015 0.028309
v 0.658008 0.732805 0.025478
v 0.660114 0.728230 0.025478
v 0.662226 0.734747 0.021667
v 0.656790 0.732244 0.023470
v 0.660676 0.734033 0.019960
v 0.645930 0.766064 0.019960
v 0.649119 0.767532 0.015682
v 0.606479 0.747902 0.015682
v 0.609668 0.749370 0.019960
v 0.621225 0.715871 0.015682
v 0.618855 0.714781 0.010802
v 0.616829 0.713848 0.011726
v 0.615245 0.713119 0.005978
v 0.617351 0.708544 0.005978
v 0.616817 0.708298 0.000000
v 0.619502 0.709534 0.005507
v 0.620961 0.710206 0.010802
v 0.611309 0.705763 0.007301
v 0.610656 0.705462 0.000000
v 0.612762 0.700887 0.000000
v 0.617213 0.703342 0.000000
v 0.617778 0.703602 -0.006312
v 0.611309 0.705763 -0.007301
v 0.617778 0.703602 0.006312
v 0.619627 0.698098 0.000000
v 0.625327 0.695584 0.000000
v 0.625820 0.695810 0.005507
v 0.625820 0.695810 -0.005507
v 0.629025 0.687551 -0.000000
v 0.619502 0.709534 -0.005507
v 0.620961 0.710206 -0.010802
v 0.617351 0.708544 -0.005978
v 0.615245 0.713119 -0.005978
v 0.616829 0.713848 -0.011726
v 0.618855 0.714781 -0.010802
v 0.621225 0.715871 -0.015682
v 0.606479 0.747902 -0.015682
v 0.609668 0.749370 -0.019960
v 0.645930 0.766064 -0.019960
v 0.649119 0.767532 -0.015682
v 0.651488 0.768623 -0.010802
v 0.663864 0.735501 -0.015682
v 0.604110 0.746812 -0.010802
v 0.660676 0.734033 -0.019960
v 0.662226 0.734747 -0.021667
v 0.656790 0.732244 -0.023470
v 0.665688 0.736340 -0.017024
v 0.667794 0.731766 -0.017024
v 0.668260 0.737524 -0.011726
v 0.664332 0.730172 -0.021667
v 0.662782 0.729458 -0.019960
v 0.660114 0.728230 -0.025478
v 0.658896 0.727669 -0.023470
v 0.663537 0.729806 -0.031117
v 0.654463 0.725629 -0.026079
v 0.668688 0.732177 -0.026463
v 0.670794 0.727603 -0.026463
v 0.672916 0.734124 -0.020791
v 0.665643 0.725231 -0.031117
v 0.662930 0.724388 -0.026901
v 0.659766 0.722526 -0.034575
v 0.657849 0.722049 -0.029891
v 0.660263 0.716805 -0.029891
v 0.660781 0.711905 -0.026079
v 0.665344 0.719145 -0.026901
v 0.665214 0.713946 -0.023470
v 0.669798 0.721195 -0.022878
v 0.667384 0.726438 -0.022878
v 0.671039 0.728121 -0.017975
v 0.675022 0.729549 -0.020791
v 0.678163 0.730995 -0.014321
v 0.676057 0.735570 -0.014321
v 0.677992 0.736460 -0.007301
v 0.668340 0.732017 -0.010802
v 0.665970 0.730926 -0.015682
v 0.670366 0.732950 -0.011726
v 0.671950 0.733679 -0.005978
v 0.669844 0.738253 -0.005978
v 0.670379 0.738500 0.000000
v 0.667693 0.737263 -0.005507
v 0.666234 0.736592 -0.010802
v 0.652947 0.769294 -0.005507
v 0.653440 0.769521 -0.000000
v 0.602651 0.746140 -0.005507
v 0.617396 0.714109 -0.005507
v 0.602158 0.745913 -0.000000
v 0.616904 0.713882 0.000000
v 0.614711 0.712872 0.000000
v 0.617396 0.714109 0.005507
v 0.602651 0.746140 0.005507
v 0.604110 0.746812 0.010802
v 0.652947 0.769294 0.005507
v 0.651488 0.768623 0.010802
v 0.667693 0.737263 0.005507
v 0.666234 0.736592 0.010802
v 0.668260 0.737524 0.011726
v 0.663864 0.735501 0.015682
v 0.669844 0.738253 0.005978
v 0.671950 0.733679 0.005978
v 0.670366 0.732950 0.011726
v 0.668340 0.732017 0.010802
v 0.667794 0.731766 0.017024
v 0.665970 0.730926 0.015682
v 0.662782 0.729458 0.019960
v 0.672916 0.734124 0.020791
v 0.676057 0.735570 0.014321
v 0.678163 0.730995 0.014321
v 0.677992 0.736460 0.007301
v 0.675022 0.729549 0.020791
v 0.670794 0.727603 0.026463
v 0.671039 0.728121 0.017975
v 0.667384 0.726438 0.022878
v 0.669798 0.721195 0.022878
v 0.662930 0.724388 0.026901
v 0.665344 0.719145 0.026901
v 0.665214 0.713946 0.023470
v 0.660263 0.716805 0.029891
v 0.660781 0.711905 0.026079
v 0.664479 0.703873 0.026079
v 0.655971 0.709690 0.027685
v 0.659668 0.701658 0.027685
v 0.663237 0.697017 0.034226
v 0.654666 0.699356 0.028228
v 0.669184 0.699754 0.032240
v 0.675021 0.691181 0.036384
v 0.674664 0.702277 0.029015
v 0.681205 0.694028 0.032745
v 0.686364 0.682822 0.032745
v 0.686626 0.696523 0.027847
v 0.680179 0.679975 0.036384
v 0.682898 0.669965 0.032240
v 0.673468 0.676885 0.038625
v 0.676951 0.667228 0.034226
v 0.678156 0.661498 0.027685
v 0.670767 0.664381 0.034897
v 0.673154 0.659195 0.028228
v 0.676852 0.651163 0.028228
v 0.668152 0.656893 0.027685
v 0.671849 0.648861 0.027685
v 0.664583 0.661534 0.034226
v 0.659510 0.670460 0.038625
v 0.658636 0.658797 0.032240
v 0.652800 0.667370 0.036384
v 0.647641 0.678576 0.036384
v 0.646615 0.664523 0.032745
v 0.654352 0.681666 0.038625
v 0.650869 0.691323 0.034226
v 0.661331 0.684878 0.039382
v 0.657053 0.694170 0.034897
v 0.668310 0.688091 0.038625
v 0.666489 0.673672 0.039382
v 0.667039 0.646646 0.026079
v 0.686664 0.655681 0.026079
v 0.681854 0.653466 0.027685
v 0.682967 0.663713 0.026079
v 0.687400 0.665753 0.023470
v 0.688378 0.672488 0.029015
v 0.693181 0.674700 0.024676
v 0.691785 0.685317 0.027847
v 0.696234 0.687366 0.021879
v 0.691075 0.698572 0.021879
v 0.683410 0.706303 0.019387
v 0.694381 0.700093 0.015071
v 0.679468 0.704489 0.024676
v 0.672797 0.707702 0.019960
v 0.668912 0.705914 0.023470
v 0.669099 0.715734 0.019960
v 0.672288 0.717202 0.015682
v 0.673453 0.722877 0.017975
v 0.676169 0.724128 0.012381
v 0.673755 0.729371 0.012381
v 0.675427 0.730141 0.006312
v 0.680098 0.731886 0.007301
v 0.680751 0.732186 0.000000
v 0.678645 0.736761 0.000000
v 0.670292 0.732916 0.000000
v 0.669799 0.732689 0.005507
v 0.680098 0.731886 -0.007301
v 0.669799 0.732689 -0.005507
v 0.672485 0.733925 0.000000
v 0.675427 0.730141 -0.006312
v 0.673755 0.729371 -0.012381
v 0.676169 0.724128 -0.012381
v 0.673453 0.722877 -0.017975
v 0.672288 0.717202 -0.015682
v 0.669099 0.715734 -0.019960
v 0.672797 0.707702 -0.019960
v 0.668912 0.705914 -0.023470
v 0.674664 0.702277 -0.029015
v 0.664479 0.703873 -0.026079
v 0.679468 0.704489 -0.024676
v 0.686626 0.696523 -0.027847
v 0.683410 0.706303 -0.019387
v 0.691075 0.698572 -0.021879
v 0.696234 0.687366 -0.021879
v 0.694381 0.700093 -0.015071
v 0.691785 0.685317 -0.027847
v 0.693181 0.674700 -0.024676
v 0.686364 0.682822 -0.032745
v 0.688378 0.672488 -0.029015
v 0.687400 0.665753 -0.023470
v 0.682898 0.669965 -0.032240
v 0.682967 0.663713 -0.026079
v 0.686664 0.655681 -0.026079
v 0.678156 0.661498 -0.027685
v 0.681854 0.653466 -0.027685
v 0.676852 0.651163 -0.028228
v 0.671849 0.648861 -0.027685
v 0.673154 0.659195 -0.028228
v 0.670767 0.664381 -0.034897
v 0.676951 0.667228 -0.034226
v 0.664583 0.661534 -0.034226
v 0.659510 0.670460 -0.038625
v 0.652800 0.667370 -0.036384
v 0.654352 0.681666 -0.038625
v 0.661331 0.684878 -0.039382
v 0.657053 0.694170 -0.034897
v 0.663237 0.697017 -0.034226
v 0.668310 0.688091 -0.038625
v 0.673468 0.676885 -0.038625
v 0.675021 0.691181 -0.036384
v 0.666489 0.673672 -0.039382
v 0.680179 0.679975 -0.036384
v 0.669184 0.699754 -0.032240
v 0.681205 0.694028 -0.032745
v 0.659668 0.701658 -0.027685
v 0.686339 0.707652 -0.013354
v 0.678355 0.710261 -0.010802
v 0.675986 0.709170 -0.015682
v 0.674658 0.718293 -0.010802
v 0.676117 0.718965 -0.005507
v 0.677841 0.724898 -0.006312
v 0.678406 0.725157 0.000000
v 0.675992 0.730401 0.000000
v 0.677841 0.724898 0.006312
v 0.676117 0.718965 0.005507
v 0.674658 0.718293 0.010802
v 0.678355 0.710261 0.010802
v 0.675986 0.709170 0.015682
v 0.686339 0.707652 0.013354
v 0.679814 0.710933 0.005507
v 0.680307 0.711160 -0.000000
v 0.676610 0.719192 0.000000
v 0.679814 0.710933 -0.005507
v 0.654750 0.714267 0.031732
v 0.652336 0.719511 0.031732
v 0.649016 0.711628 0.032354
v 0.657849 0.722049 0.029891
v 0.659766 0.722526 0.034575
v 0.665643 0.725231 0.031117
v 0.663537 0.729806 0.031117
v 0.668688 0.732177 0.026463
v 0.658896 0.727669 0.023470
v 0.654463 0.725629 0.026079
v 0.664332 0.730172 0.021667
v 0.665688 0.736340 0.017024
v 0.657660 0.727100 0.034575
v 0.653389 0.719590 0.036705
v 0.646757 0.716537 0.037424
v 0.668186 0.737490 0.000000
v 0.619010 0.709307 0.000000
v 0.633747 0.710548 -0.034575
v 0.642545 0.725686 -0.030642
v 0.648006 0.647618 0.005507
v 0.639068 0.649788 -0.000000
v 0.647513 0.647391 -0.000000
v 0.648006 0.647618 -0.005507
v 0.651211 0.639359 -0.000000
v 0.702493 0.662968 -0.000000
vn -0.3553 0.9348 -0.0000
vn -0.4817 0.3134 0.8184
vn 0.1520 0.5542 0.8184
vn -0.9299 0.1430 0.3390
vn -0.8829 0.3715 0.2872
vn -0.5033 0.5158 0.6933
vn -0.5972 -0.7273 -0.3383
vn -0.5972 -0.7273 0.3383
vn -0.8829 0.3715 -0.2872
vn -0.6831 -0.6364 0.3582
vn -0.2097 -0.4565 0.8647
vn -0.1500 -0.5573 0.8166
vn 0.4599 -0.2020 0.8647
vn -0.2127 -0.4510 0.8668
vn 0.4586 -0.1959 0.8668
vn 0.9334 -0.0220 0.3582
vn 0.4823 -0.3170 0.8166
vn 0.9295 -0.1470 0.3383
vn 0.9295 -0.1470 -0.3383
vn 0.4133 0.8641 0.2872
vn 0.4133 0.8641 -0.2872
vn 0.9334 -0.0220 -0.3582
vn 0.4599 -0.2020 -0.8647
vn 0.4823 -0.3170 -0.8166
vn 0.4586 -0.1959 -0.8668
vn -0.2127 -0.4510 -0.8668
vn -0.2097 -0.4565 -0.8647
vn -0.6873 -0.6314 -0.3590
vn -0.6831 -0.6364 -0.3582
vn -0.6873 -0.6314 0.3590
vn -0.8315 -0.4039 0.3814
vn -0.3273 -0.2122 0.9208
vn -0.3385 -0.1850 0.9226
vn 0.3759 0.0865 0.9226
vn 0.3857 0.0588 0.9208
vn 0.8899 0.2504 0.3814
vn 0.9332 -0.0155 0.3590
vn 0.9332 -0.0155 -0.3590
vn 0.8899 0.2504 -0.3814
vn 0.3857 0.0588 -0.9208
vn 0.3759 0.0865 -0.9226
vn -0.3385 -0.1850 -0.9226
vn -0.3273 -0.2122 -0.9208
vn -0.3384 -0.1850 -0.9226
vn -0.8437 -0.3770 -0.3821
vn -0.8315 -0.4039 -0.3814
vn -0.8436 -0.3770 -0.3824
vn -0.8436 -0.3770 0.3824
vn -0.8437 -0.3770 0.3821
vn -0.3384 -0.1850 0.9226
vn 0.3553 -0.9347 -0.0008
vn 0.3553 -0.9347 0.0002
vn 0.8812 0.2786 -0.3820
vn 0.3553 -0.9347 -0.0002
vn 0.8812 0.2786 0.3820
vn 0.8811 0.2785 0.3821
vn 0.8811 0.2785 -0.3821
vn 0.3553 -0.9347 0.0008
vn -0.1500 -0.5573 -0.8166
vn 0.0336 0.7198 -0.6933
vn -0.5033 0.5158 -0.6933
vn 0.1520 0.5542 -0.8184
vn -0.4817 0.3134 -0.8184
vn 0.6001 0.7245 -0.3390
vn -0.9299 0.1430 -0.3390
vn 0.6001 0.7245 0.3390
vn 0.0336 0.7198 0.6933
vn 0.1024 -0.9435 0.3151
vn -0.2680 -0.9435 0.1947
vn -0.2680 -0.9435 -0.1947
vn 0.1024 -0.9435 -0.3151
vn 0.3313 -0.9435 -0.0000
vn 0.4713 -0.6617 -0.5831
vn 0.7002 -0.6617 -0.2680
vn 0.1876 -0.7947 -0.5773
vn 0.6071 -0.7947 -0.0000
vn 0.7002 -0.6617 0.2680
vn 0.9050 -0.3304 0.2680
vn 0.9050 -0.3304 -0.2680
vn 0.9822 -0.1876 -0.0000
vn 0.8897 0.3304 -0.3151
vn 0.9921 0.1256 -0.0000
vn 0.8026 -0.1256 -0.5831
vn 0.7947 0.1876 -0.5773
vn 0.5346 -0.3304 -0.7779
vn 0.5746 0.3304 -0.7488
vn 0.3066 0.1256 -0.9435
vn 0.3035 -0.1876 -0.9342
vn -0.0247 0.3304 -0.9435
vn -0.3066 -0.1256 -0.9435
vn 0.0247 -0.3304 -0.9435
vn -0.3035 0.1876 -0.9342
vn -0.5746 -0.3304 -0.7488
vn -0.5346 0.3304 -0.7779
vn -0.8026 0.1256 -0.5831
vn -0.7947 -0.1876 -0.5773
vn -0.4089 -0.6617 -0.6284
vn -0.8897 -0.3304 -0.3151
vn -0.7240 -0.6617 -0.1947
vn -0.4911 -0.7947 -0.3568
vn -0.8897 -0.3304 0.3151
vn -0.7240 -0.6617 0.1947
vn -0.9921 -0.1256 -0.0000
vn -0.9050 0.3304 0.2680
vn -0.8026 0.1256 0.5831
vn -0.9822 0.1876 -0.0000
vn -0.7947 -0.1876 0.5773
vn -0.5346 0.3304 0.7779
vn -0.3066 -0.1256 0.9435
vn -0.5746 -0.3304 0.7488
vn -0.3035 0.1876 0.9342
vn 0.0247 -0.3304 0.9435
vn -0.0247 0.3304 0.9435
vn 0.3066 0.1256 0.9435
vn 0.3035 -0.1876 0.9342
vn -0.0385 -0.6617 0.7488
vn 0.5346 -0.3304 0.7779
vn 0.4713 -0.6617 0.5831
vn 0.1876 -0.7947 0.5773
vn 0.5746 0.3304 0.7488
vn 0.8026 -0.1256 0.5831
vn 0.7947 0.1876 0.5773
vn 0.4089 0.6617 0.6284
vn 0.7240 0.6617 0.1947
vn 0.8897 0.3304 0.3151
vn 0.4911 0.7947 0.3568
vn 0.2680 0.9435 -0.1947
vn 0.2680 0.9435 0.1947
vn 0.7240 0.6617 -0.1947
vn 0.4911 0.7947 -0.3568
vn 0.0385 0.6617 -0.7488
vn 0.4089 0.6617 -0.6284
vn -0.1024 0.9435 -0.3151
vn -0.1876 0.7947 -0.5773
vn -0.7002 0.6617 -0.2680
vn -0.4713 0.6617 -0.5831
vn -0.3313 0.9435 -0.0000
vn -0.6071 0.7947 -0.0000
vn -0.4713 0.6617 0.5831
vn -0.7002 0.6617 0.2680
vn -0.1024 0.9435 0.3151
vn -0.1876 0.7947 0.5773
vn 0.0385 0.6617 0.7488
vn -0.4089 -0.6617 0.6284
vn -0.9050 0.3304 -0.2680
vn -0.4911 -0.7947 0.3568
vn -0.0385 -0.6617 -0.7488
vn 0.0067 -0.0978 -0.9952
vn -0.9977 -0.0682 -0.0001
vn -0.0067 0.0978 -0.9952
vn -0.0198 0.2896 -0.9569
vn -0.9977 -0.0682 -0.0000
vn -0.0321 0.4703 -0.8819
vn 0.9977 0.0682 -0.0000
vn -0.0432 0.6329 -0.7730
vn 0.9982 0.0219 0.0562
vn 0.9989 0.0119 0.0462
vn -0.0527 0.7712 -0.6344
vn 0.9974 0.0338 0.0642
vn 0.6194 0.6241 -0.4763
vn 0.6265 0.5202 -0.5804
vn 0.6348 0.3981 -0.6622
vn 0.0432 -0.6329 -0.7730
vn 0.0527 -0.7712 -0.6344
vn 0.0601 -0.8799 -0.4714
vn 0.7041 -0.6156 -0.3539
vn 0.6985 -0.5340 -0.4763
vn 0.7079 -0.6718 -0.2180
vn 0.0652 -0.9547 -0.2903
vn 0.0678 -0.9929 -0.0980
vn 0.9901 0.1402 0.0071
vn 0.9903 0.1375 0.0211
vn 0.9901 0.1402 -0.0071
vn 0.0678 -0.9929 0.0980
vn 0.0652 -0.9547 0.2903
vn 0.9903 0.1375 -0.0211
vn 0.7079 -0.6718 0.2180
vn 0.7041 -0.6156 0.3539
vn 0.0601 -0.8799 0.4714
vn 0.0527 -0.7712 0.6344
vn 0.6985 -0.5340 0.4763
vn 0.0432 -0.6329 0.7730
vn -0.0321 0.4703 0.8819
vn -0.0432 0.6329 0.7730
vn -0.0198 0.2896 0.9569
vn 0.6348 0.3981 0.6622
vn 0.6441 0.2625 0.7185
vn 0.6265 0.5202 0.5804
vn 0.9974 0.0338 -0.0642
vn 0.9965 0.0469 -0.0696
vn 0.9982 0.0219 -0.0562
vn 0.9977 0.0682 -0.0001
vn -0.9977 -0.0682 0.0001
vn -0.0067 0.0978 0.9952
vn 0.0067 -0.0978 0.9952
vn 0.0198 -0.2896 0.9569
vn 0.0321 -0.4703 0.8819
vn -0.0527 0.7712 0.6344
vn -0.0601 0.8799 0.4714
vn -0.0652 0.9547 0.2903
vn 1.0000 -0.0043 -0.0071
vn 0.9998 -0.0015 -0.0211
vn -0.0678 0.9929 0.0980
vn 0.9994 0.0040 -0.0343
vn 0.6080 0.7905 0.0736
vn 0.6100 0.7618 0.2179
vn 0.6100 0.7618 0.2180
vn 0.6138 0.7056 0.3539
vn 0.6194 0.6241 0.4763
vn 0.6138 0.7057 0.3539
vn 0.9989 0.0119 -0.0461
vn 0.9989 0.0119 -0.0462
vn 0.7099 -0.7005 0.0736
vn 0.7079 -0.6718 0.2179
vn 0.7099 -0.7005 -0.0736
vn 0.7079 -0.6718 -0.2179
vn -0.0652 0.9547 -0.2903
vn -0.0601 0.8799 -0.4714
vn 0.6138 0.7057 -0.3539
vn 0.6138 0.7056 -0.3539
vn 0.6100 0.7618 -0.2180
vn 0.9989 0.0119 0.0461
vn 0.9994 0.0040 0.0343
vn 0.9998 -0.0015 0.0211
vn 0.0321 -0.4703 -0.8819
vn 0.0198 -0.2896 -0.9569
vn 0.9936 0.0891 0.0696
vn 0.9945 0.0751 0.0724
vn 0.9955 0.0609 0.0724
vn 0.9965 0.0469 0.0697
vn 0.9965 0.0469 0.0696
vn 0.6441 0.2625 -0.7185
vn 0.6540 0.1185 -0.7472
vn 0.6539 0.1184 -0.7472
vn 0.6640 -0.0284 -0.7472
vn 0.6738 -0.1724 -0.7185
vn 0.9927 0.1022 0.0642
vn 0.9919 0.1140 0.0563
vn -0.0678 0.9929 -0.0980
vn 0.9927 0.1022 -0.0642
vn 0.9919 0.1140 -0.0563
vn 0.9936 0.0891 -0.0696
vn 0.6738 -0.1724 0.7185
vn 0.6640 -0.0284 0.7472
vn 0.6539 0.1184 0.7472
vn 0.6540 0.1185 0.7472
vn 0.9955 0.0609 -0.0724
vn 0.9945 0.0751 -0.0724
vn 0.9965 0.0469 -0.0697
vn 0.9977 0.0682 0.0001
vn 0.6831 -0.3081 0.6622
vn 0.6914 -0.4302 0.5804
vn 0.9919 0.1140 -0.0562
vn 0.9912 0.1241 -0.0462
vn 0.9907 0.1320 -0.0343
vn 0.9977 0.0681 -0.0000
vn 0.9907 0.1320 0.0343
vn 0.9912 0.1241 0.0462
vn 0.9919 0.1140 0.0562
vn 0.6914 -0.4302 -0.5804
vn 0.6831 -0.3081 -0.6622
vn 1.0000 -0.0043 0.0071
vn 0.6080 0.7905 -0.0736
vn 0.6100 0.7618 -0.2179
vn -0.0890 -0.0410 -0.9952
vn -0.4182 0.9084 -0.0000
vn 0.0890 0.0410 -0.9952
vn -0.2637 -0.1214 -0.9569
vn -0.4282 -0.1971 -0.8819
vn 0.4182 -0.9084 -0.0000
vn -0.5763 -0.2653 -0.7730
vn -0.7022 -0.3233 -0.6344
vn 0.4682 -0.8824 0.0462
vn 0.4590 -0.8867 0.0562
vn 0.4482 -0.8916 0.0642
vn -0.2510 -0.8427 -0.4763
vn -0.1565 -0.7992 -0.5804
vn -0.0453 -0.7480 -0.6622
vn -0.6928 0.5157 -0.5041
vn -0.7749 0.4779 -0.4137
vn -0.8108 0.0671 -0.5814
vn -0.9015 0.0253 -0.4321
vn -0.8394 0.4482 -0.3074
vn -0.9015 0.0253 -0.4320
vn -0.8011 -0.3688 -0.4714
vn -0.8693 -0.4002 -0.2903
vn -0.9640 -0.0034 -0.2660
vn -0.6613 -0.7447 -0.0898
vn -0.6294 -0.7301 -0.2661
vn -0.9040 -0.4162 -0.0980
vn -0.2498 -0.9496 -0.1893
vn -0.2054 -0.9292 -0.3074
vn -0.5670 -0.7013 -0.4320
vn -0.1409 -0.8995 -0.4137
vn -0.8692 -0.4002 -0.2903
vn 0.8693 0.4002 -0.2903
vn 0.8011 0.3688 -0.4714
vn 0.9040 0.4162 -0.0980
vn 0.9065 -0.4173 -0.0639
vn 0.8839 -0.4277 -0.1893
vn 0.9065 -0.4173 0.0639
vn 0.9958 0.0181 -0.0898
vn 0.9958 0.0181 0.0898
vn 0.9040 0.4162 0.0980
vn 0.8693 0.4002 0.2903
vn 0.8839 -0.4277 0.1893
vn 0.8011 0.3688 0.4714
vn -0.8692 -0.4002 0.2903
vn -0.8011 -0.3688 0.4714
vn -0.7022 -0.3233 0.6344
vn -0.2054 -0.9292 0.3074
vn -0.1409 -0.8995 0.4137
vn -0.2498 -0.9496 0.1893
vn -0.6294 -0.7301 0.2661
vn -0.5670 -0.7013 0.4320
vn -0.6613 -0.7447 0.0898
vn -0.8693 -0.4002 0.2903
vn -0.9040 -0.4162 0.0980
vn -0.9015 0.0253 0.4320
vn -0.9640 -0.0034 0.2660
vn -0.9015 0.0253 0.4321
vn -0.8108 0.0671 0.5814
vn -0.7749 0.4779 0.4137
vn -0.8394 0.4482 0.3074
vn -0.5763 -0.2653 0.7730
vn -0.6928 0.5157 0.5041
vn -0.4282 -0.1971 0.8819
vn -0.1565 -0.7992 0.5804
vn -0.0453 -0.7480 0.6622
vn -0.2510 -0.8427 0.4763
vn 0.4482 -0.8916 -0.0642
vn 0.4590 -0.8867 -0.0562
vn 0.4682 -0.8824 -0.0462
vn -0.2637 -0.1214 0.9569
vn -0.0890 -0.0410 0.9952
vn 0.0890 0.0410 0.9952
vn 0.2637 0.1214 0.9569
vn 0.4282 0.1971 0.8819
vn -0.5762 -0.2653 0.7730
vn 0.4754 -0.8791 -0.0343
vn 0.4803 -0.8768 -0.0211
vn -0.3765 -0.9004 0.2180
vn -0.3253 -0.8769 0.3539
vn -0.8839 0.4277 0.1893
vn -0.9639 -0.0034 0.2661
vn -0.9958 -0.0181 0.0898
vn -0.9065 0.4173 0.0639
vn -0.9958 -0.0181 -0.0898
vn -0.9639 -0.0034 -0.2661
vn -0.8839 0.4277 -0.1893
vn -0.9065 0.4173 -0.0639
vn -0.3253 -0.8769 -0.3539
vn -0.3765 -0.9004 -0.2180
vn 0.4754 -0.8791 0.0343
vn 0.4803 -0.8768 0.0211
vn -0.5762 -0.2653 -0.7730
vn 0.4282 0.1971 -0.8819
vn 0.2637 0.1214 -0.9569
vn 0.4106 -0.9089 0.0724
vn 0.4235 -0.9030 0.0724
vn 0.0782 -0.6911 -0.7185
vn 0.2093 -0.6307 -0.7472
vn 0.2094 -0.6307 -0.7472
vn 0.3431 -0.5692 -0.7472
vn -0.3751 0.6619 -0.6490
vn -0.4890 0.6095 -0.6240
vn -0.4089 0.2521 -0.8771
vn -0.5597 0.1826 -0.8083
vn -0.5963 0.5601 -0.5751
vn -0.6954 0.1202 -0.7085
vn -0.4763 -0.6596 -0.5814
vn -0.3609 -0.6065 -0.7085
vn -0.0588 -0.8617 -0.5041
vn 0.0378 -0.8172 -0.5751
vn -0.2252 -0.5440 -0.8083
vn 0.1451 -0.7678 -0.6240
vn 0.7022 0.3233 -0.6344
vn 0.5763 0.2653 -0.7730
vn 0.8394 -0.4482 -0.3074
vn 0.7749 -0.4779 -0.4137
vn 0.9640 0.0034 -0.2660
vn 0.9015 -0.0253 -0.4321
vn 0.9639 0.0034 -0.2661
vn 0.8692 0.4002 -0.2903
vn 0.6613 0.7447 -0.0898
vn 0.6613 0.7447 0.0898
vn 0.9639 0.0034 0.2661
vn 0.8692 0.4002 0.2903
vn 0.9640 0.0034 0.2660
vn 0.8394 -0.4482 0.3074
vn 0.9015 -0.0253 0.4321
vn 0.7022 0.3233 0.6344
vn 0.7749 -0.4779 0.4137
vn 0.5763 0.2653 0.7730
vn -0.0588 -0.8617 0.5041
vn 0.0378 -0.8172 0.5751
vn -0.4763 -0.6596 0.5814
vn -0.3609 -0.6065 0.7085
vn -0.5670 -0.7013 0.4321
vn -0.6954 0.1202 0.7085
vn -0.5597 0.1826 0.8083
vn -0.5963 0.5601 0.5751
vn -0.4890 0.6095 0.6240
vn 0.0782 -0.6911 0.7185
vn 0.2093 -0.6307 0.7472
vn 0.4235 -0.9030 -0.0724
vn 0.4363 -0.8971 -0.0696
vn -0.7022 -0.3232 0.6344
vn 0.4828 -0.8757 -0.0071
vn 0.4828 -0.8757 0.0071
vn -0.4025 -0.9124 0.0736
vn -0.4025 -0.9124 -0.0736
vn -0.7022 -0.3232 -0.6344
vn 0.3859 -0.9203 0.0642
vn 0.3751 -0.9253 0.0563
vn 0.3979 -0.9148 0.0696
vn 0.5977 -0.4520 -0.6622
vn 0.4742 -0.5088 -0.7185
vn 0.7089 -0.4008 -0.5804
vn 0.3751 -0.9253 0.0562
vn 0.3660 -0.9295 0.0462
vn 0.3588 -0.9328 0.0343
vn 0.3588 -0.9328 -0.0343
vn 0.3660 -0.9295 -0.0462
vn 0.3751 -0.9253 -0.0562
vn 0.7089 -0.4008 0.5804
vn 0.5977 -0.4520 0.6622
vn 0.4742 -0.5088 0.7185
vn -0.2590 0.7154 0.6490
vn -0.1451 0.7678 0.6240
vn 0.0744 0.4746 0.8771
vn 0.2252 0.5440 0.8083
vn -0.0378 0.8172 0.5751
vn 0.3609 0.6065 0.7085
vn 0.5597 -0.1826 0.8083
vn 0.4089 -0.2521 0.8771
vn 0.4890 -0.6095 0.6240
vn 0.3751 -0.6619 0.6490
vn 0.2489 -0.3258 0.9121
vn 0.2590 -0.7154 0.6490
vn 0.1451 -0.7678 0.6240
vn -0.0744 -0.4746 0.8771
vn 0.0857 -0.4009 0.9121
vn -0.2252 -0.5440 0.8083
vn -0.2489 0.3258 0.9121
vn -0.4089 0.2521 0.8771
vn -0.0857 0.4009 0.9121
vn -0.3751 0.6619 0.6490
vn 0.2489 -0.3257 0.9121
vn 0.5963 -0.5601 0.5751
vn 0.6928 -0.5157 0.5041
vn 0.6954 -0.1202 0.7085
vn 0.8108 -0.0670 0.5815
vn 0.4763 0.6596 0.5814
vn 0.5670 0.7013 0.4320
vn 0.0588 0.8617 0.5041
vn 0.1409 0.8994 0.4137
vn 0.8034 -0.3573 0.4763
vn 0.8777 -0.3231 0.3540
vn 0.7022 0.3232 0.6344
vn 0.3538 -0.9351 -0.0211
vn 0.3513 -0.9362 -0.0071
vn 0.3538 -0.9351 0.0211
vn 0.3513 -0.9362 0.0071
vn 0.8777 -0.3231 -0.3540
vn 0.8034 -0.3573 -0.4763
vn 0.7022 0.3232 -0.6344
vn -0.0378 0.8172 -0.5751
vn 0.0588 0.8616 -0.5041
vn 0.0588 0.8617 -0.5041
vn 0.3609 0.6065 -0.7085
vn 0.4763 0.6596 -0.5814
vn 0.1409 0.8994 -0.4137
vn 0.5670 0.7013 -0.4320
vn 0.8108 -0.0670 -0.5815
vn 0.6954 -0.1202 -0.7085
vn 0.6928 -0.5157 -0.5041
vn 0.5963 -0.5601 -0.5751
vn 0.5597 -0.1826 -0.8083
vn 0.4890 -0.6095 -0.6240
vn 0.3751 -0.6619 -0.6490
vn 0.2590 -0.7154 -0.6490
vn -0.0744 -0.4746 -0.8771
vn 0.0857 -0.4009 -0.9121
vn -0.2489 0.3258 -0.9121
vn -0.2590 0.7154 -0.6490
vn -0.0857 0.4009 -0.9121
vn 0.0744 0.4746 -0.8771
vn 0.2489 -0.3257 -0.9121
vn 0.2252 0.5440 -0.8083
vn -0.1451 0.7678 -0.6240
vn 0.4089 -0.2521 -0.8771
vn 0.2489 -0.3258 -0.9121
vn 0.8108 -0.0670 -0.5814
vn 0.5670 0.7013 -0.4321
vn 0.6294 0.7301 -0.2661
vn 0.2054 0.9292 -0.3074
vn 0.2498 0.9496 -0.1893
vn 0.1409 0.8995 -0.4137
vn 0.9289 -0.2995 -0.2179
vn 0.8777 -0.3231 -0.3539
vn 0.9549 -0.2875 -0.0736
vn 0.9549 -0.2875 0.0736
vn 0.9289 -0.2995 0.2179
vn 0.8777 -0.3231 0.3539
vn 0.1409 0.8995 0.4137
vn 0.2054 0.9292 0.3074
vn 0.5670 0.7013 0.4321
vn 0.6294 0.7301 0.2660
vn 0.2498 0.9496 0.1893
vn 0.6294 0.7301 0.2661
vn 0.2725 0.9600 0.0639
vn 0.2725 0.9600 -0.0639
vn 0.9015 -0.0253 -0.4320
vn 0.9015 -0.0253 0.4320
vn 0.8108 -0.0670 0.5814
vn 0.3431 -0.5692 0.7472
vn 0.3859 -0.9203 -0.0642
vn 0.3979 -0.9148 -0.0696
vn 0.3751 -0.9253 -0.0563
vn 0.4106 -0.9089 -0.0724
vn 0.2094 -0.6307 0.7472
vn -0.5670 -0.7013 -0.4321
vn 0.4363 -0.8971 0.0696
vn -0.2725 -0.9600 0.0639
vn -0.2725 -0.9600 -0.0639
vt 0.516014 0.586506
vt 0.515134 0.584531
vt 0.515392 0.583234
vt 0.512101 0.587312
vt 0.323251 0.860740
vt 0.318399 0.855619
vt 0.323393 0.856765
vt 0.512733 0.583734
vt 0.318187 0.861527
vt 0.635743 0.837818
vt 0.640951 0.833058
vt 0.640738 0.838966
vt 0.644576 0.832205
vt 0.644292 0.840079
vt 0.509035 0.587024
vt 0.526511 0.584849
vt 0.524453 0.579519
vt 0.528606 0.581828
vt 0.648806 0.833184
vt 0.648581 0.839407
vt 0.521867 0.582860
vt 0.523507 0.586027
vt 0.523079 0.581446
vt 0.652472 0.838982
vt 0.506162 0.584688
vt 0.503597 0.581621
vt 0.507711 0.579026
vt 0.509497 0.581355
vt 0.310555 0.855181
vt 0.310333 0.861404
vt 0.306482 0.860701
vt 0.506535 0.576907
vt 0.306664 0.855607
vt 0.304025 0.860259
vt 0.515174 0.578373
vt 0.512386 0.579399
vt 0.511303 0.577370
vt 0.314845 0.854508
vt 0.515631 0.579760
vt 0.513384 0.580773
vt 0.326758 0.716973
vt 0.330987 0.717952
vt 0.330763 0.724175
vt 0.514153 0.581851
vt 0.515970 0.580875
vt 0.322920 0.723734
vt 0.323133 0.717826
vt 0.326473 0.724847
vt 0.334654 0.723750
vt 0.518020 0.578009
vt 0.518049 0.575965
vt 0.521562 0.576057
vt 0.517964 0.579491
vt 0.521055 0.578308
vt 0.521857 0.574139
vt 0.035423 0.820397
vt 0.035607 0.815303
vt 0.038064 0.815746
vt 0.031532 0.820822
vt 0.031756 0.814598
vt 0.037906 0.820132
vt 0.530129 0.578272
vt 0.525465 0.576798
vt 0.526083 0.574442
vt 0.531051 0.575109
vt 0.652656 0.833888
vt 0.655113 0.834332
vt 0.654955 0.838718
vt 0.657749 0.838723
vt 0.501903 0.578792
vt 0.500388 0.574931
vt 0.505393 0.574000
vt 0.500388 0.450026
vt 0.301387 0.855868
vt 0.301237 0.860064
vt 0.206412 0.854603
vt 0.304182 0.855873
vt 0.514307 0.574709
vt 0.510551 0.575575
vt 0.509772 0.573092
vt 0.514685 0.576416
vt 0.334838 0.718656
vt 0.337295 0.719100
vt 0.337137 0.723485
vt 0.339931 0.723491
vt 0.518013 0.574227
vt 0.517860 0.571856
vt 0.521993 0.571544
vt 0.500738 0.450038
vt 0.040701 0.820138
vt 0.040851 0.815942
vt 0.135676 0.821398
vt 0.135673 0.821493
vt 0.531554 0.570997
vt 0.526468 0.571338
vt 0.500761 0.449889
vt 0.500688 0.449708
vt 0.657901 0.834527
vt 0.752725 0.839984
vt 0.752722 0.840079
vt 0.500389 0.449898
vt 0.500451 0.450130
vt 0.500551 0.450178
vt 0.340083 0.719295
vt 0.434908 0.724752
vt 0.434904 0.724847
vt 0.500657 0.450143
vt 0.513852 0.572366
vt 0.206414 0.854508
vt 0.520405 0.579934
vt 0.027242 0.821493
vt 0.027527 0.813619
vt 0.519893 0.581193
vt 0.023902 0.814472
vt 0.518929 0.582873
vt 0.517905 0.580635
vt 0.018838 0.815257
vt 0.023688 0.820381
vt 0.018694 0.819232
vt 0.517785 0.582274
vt 0.519617 0.584261
vt 0.317925 0.722586
vt 0.516500 0.582514
vt 0.519363 0.586327
vt 0.318068 0.718611
vt 0.635887 0.833843
vt 0.314563 0.862382
vt 0.511296 0.582784
vt 0.874860 0.203234
vt 0.880214 0.200174
vt 0.880214 0.206374
vt 0.874860 0.153790
vt 0.880214 0.150729
vt 0.880214 0.156890
vt 0.874860 0.166191
vt 0.880214 0.163051
vt 0.880214 0.169251
vt 0.874860 0.178552
vt 0.880214 0.175412
vt 0.880214 0.181612
vt 0.880214 0.194013
vt 0.874860 0.190873
vt 0.880214 0.187773
vt 0.885569 0.178552
vt 0.885569 0.184712
vt 0.885569 0.190873
vt 0.885569 0.197073
vt 0.890924 0.194013
vt 0.890924 0.187734
vt 0.896278 0.184712
vt 0.896278 0.190873
vt 0.890924 0.181652
vt 0.896278 0.178552
vt 0.890924 0.175412
vt 0.896278 0.172351
vt 0.885569 0.172351
vt 0.890924 0.169251
vt 0.885569 0.166191
vt 0.896278 0.166191
vt 0.890924 0.163051
vt 0.885569 0.159951
vt 0.885569 0.153830
vt 0.890924 0.156890
vt 0.896278 0.153790
vt 0.896278 0.159912
vt 0.890924 0.150729
vt 0.890924 0.212535
vt 0.896278 0.209513
vt 0.896278 0.215595
vt 0.885569 0.209434
vt 0.890924 0.206374
vt 0.885569 0.147590
vt 0.885569 0.203234
vt 0.896278 0.203234
vt 0.890924 0.200174
vt 0.896278 0.197073
vt 0.901633 0.200174
vt 0.901633 0.194013
vt 0.901633 0.187773
vt 0.901633 0.181612
vt 0.906988 0.184712
vt 0.906988 0.197073
vt 0.901633 0.175412
vt 0.901633 0.169251
vt 0.906988 0.172351
vt 0.901633 0.163051
vt 0.901633 0.156890
vt 0.906988 0.159951
vt 0.901633 0.212535
vt 0.901633 0.206374
vt 0.906988 0.209434
vt 0.081310 0.773170
vt 0.083636 0.772307
vt 0.083636 0.773170
vt 0.760621 0.954921
vt 0.761252 0.955184
vt 0.761927 0.955305
vt 0.081310 0.746093
vt 0.083636 0.745250
vt 0.083636 0.746113
vt 0.081310 0.745250
vt 0.081310 0.746996
vt 0.078983 0.746996
vt 0.078983 0.747859
vt 0.081310 0.747859
vt 0.078983 0.748723
vt 0.078983 0.746113
vt 0.076657 0.747859
vt 0.076657 0.748723
vt 0.076657 0.749625
vt 0.076657 0.746996
vt 0.074330 0.747859
vt 0.074330 0.748723
vt 0.074330 0.749625
vt 0.072004 0.748723
vt 0.072004 0.747859
vt 0.069678 0.747859
vt 0.072004 0.746996
vt 0.069678 0.748723
vt 0.069678 0.749625
vt 0.234683 0.955228
vt 0.234808 0.954561
vt 0.237820 0.959028
vt 0.234681 0.955912
vt 0.237140 0.958901
vt 0.069678 0.770541
vt 0.069678 0.769677
vt 0.072004 0.769677
vt 0.069678 0.768814
vt 0.072004 0.768795
vt 0.238500 0.959028
vt 0.072004 0.767931
vt 0.074330 0.767931
vt 0.074330 0.768795
vt 0.074330 0.767048
vt 0.076657 0.767048
vt 0.076657 0.767931
vt 0.076657 0.766185
vt 0.076657 0.765322
vt 0.078983 0.766185
vt 0.074330 0.765322
vt 0.074330 0.764439
vt 0.076657 0.764439
vt 0.072004 0.764439
vt 0.072004 0.763575
vt 0.074330 0.763575
vt 0.069678 0.763575
vt 0.069678 0.762693
vt 0.072004 0.762693
vt 0.241615 0.955894
vt 0.241481 0.956566
vt 0.238477 0.952094
vt 0.069678 0.761829
vt 0.239149 0.952227
vt 0.241607 0.955214
vt 0.072004 0.757473
vt 0.069678 0.757454
vt 0.069678 0.756590
vt 0.239779 0.952487
vt 0.072004 0.756610
vt 0.069678 0.755727
vt 0.072004 0.758337
vt 0.074330 0.756610
vt 0.074330 0.757454
vt 0.074330 0.755747
vt 0.076657 0.757473
vt 0.076657 0.756610
vt 0.076657 0.758337
vt 0.076657 0.755727
vt 0.078983 0.757473
vt 0.078983 0.756590
vt 0.078983 0.758337
vt 0.078983 0.759220
vt 0.078983 0.756610
vt 0.081310 0.758337
vt 0.081310 0.757473
vt 0.081310 0.759220
vt 0.083636 0.760083
vt 0.083636 0.759220
vt 0.081310 0.760083
vt 0.081310 0.760946
vt 0.078983 0.760083
vt 0.081310 0.761829
vt 0.078983 0.760946
vt 0.083636 0.761829
vt 0.083636 0.760946
vt 0.083636 0.762693
vt 0.765345 0.950202
vt 0.764963 0.949639
vt 0.761262 0.948506
vt 0.764482 0.949153
vt 0.083636 0.757454
vt 0.081310 0.756610
vt 0.083636 0.756590
vt 0.761930 0.948380
vt 0.081310 0.755747
vt 0.083636 0.755727
vt 0.760632 0.948765
vt 0.081310 0.754844
vt 0.078983 0.754844
vt 0.078983 0.753981
vt 0.081310 0.753981
vt 0.078983 0.753098
vt 0.078983 0.755747
vt 0.076657 0.753981
vt 0.076657 0.753098
vt 0.076657 0.752215
vt 0.076657 0.754844
vt 0.074330 0.753981
vt 0.074330 0.753098
vt 0.072004 0.753098
vt 0.074330 0.752235
vt 0.072004 0.753981
vt 0.072004 0.754844
vt 0.069678 0.753981
vt 0.069678 0.753098
vt 0.236497 0.952494
vt 0.237131 0.952230
vt 0.241214 0.957201
vt 0.069678 0.752215
vt 0.235933 0.952874
vt 0.240844 0.957766
vt 0.072004 0.765322
vt 0.069678 0.765322
vt 0.069678 0.764439
vt 0.237798 0.952096
vt 0.072004 0.755747
vt 0.069678 0.754844
vt 0.074330 0.754844
vt 0.076657 0.755747
vt 0.078983 0.755727
vt 0.081310 0.756590
vt 0.081310 0.757454
vt 0.083636 0.758337
vt 0.763913 0.948778
vt 0.763281 0.948516
vt 0.762614 0.948377
vt 0.072004 0.766185
vt 0.074330 0.766185
vt 0.072004 0.767048
vt 0.069678 0.767048
vt 0.069678 0.767931
vt 0.239167 0.958894
vt 0.235065 0.953929
vt 0.239801 0.958629
vt 0.069678 0.751352
vt 0.069678 0.750488
vt 0.072004 0.750508
vt 0.235454 0.953356
vt 0.072004 0.749625
vt 0.074330 0.750488
vt 0.074330 0.751371
vt 0.076657 0.749645
vt 0.076657 0.750488
vt 0.078983 0.749625
vt 0.078983 0.750488
vt 0.076657 0.751371
vt 0.078983 0.749645
vt 0.081310 0.748723
vt 0.081310 0.749625
vt 0.083636 0.746996
vt 0.083636 0.747859
vt 0.759574 0.954051
vt 0.760059 0.954529
vt 0.763279 0.955176
vt 0.762607 0.955311
vt 0.081310 0.771404
vt 0.083636 0.770541
vt 0.083636 0.771404
vt 0.081310 0.770521
vt 0.083636 0.769677
vt 0.763909 0.954917
vt 0.759196 0.953480
vt 0.081310 0.772307
vt 0.081310 0.771384
vt 0.081310 0.769658
vt 0.078983 0.770521
vt 0.078983 0.771404
vt 0.078983 0.772307
vt 0.078983 0.773170
vt 0.078983 0.771384
vt 0.076657 0.771384
vt 0.076657 0.772307
vt 0.076657 0.773170
vt 0.074330 0.773170
vt 0.074330 0.746093
vt 0.074330 0.745250
vt 0.076657 0.745250
vt 0.076657 0.746113
vt 0.076657 0.746093
vt 0.078983 0.745250
vt 0.078983 0.746093
vt 0.074330 0.746996
vt 0.072004 0.746093
vt 0.072004 0.745250
vt 0.069678 0.773170
vt 0.072004 0.772307
vt 0.072004 0.773170
vt 0.069678 0.746113
vt 0.069678 0.745250
vt 0.074330 0.772307
vt 0.074330 0.771384
vt 0.076657 0.771404
vt 0.076657 0.770521
vt 0.076657 0.769658
vt 0.078983 0.769658
vt 0.078983 0.768795
vt 0.078983 0.769677
vt 0.081310 0.768814
vt 0.081310 0.767931
vt 0.081310 0.768795
vt 0.083636 0.768814
vt 0.764478 0.954537
vt 0.758935 0.952851
vt 0.083636 0.767931
vt 0.764960 0.954057
vt 0.081310 0.750488
vt 0.083636 0.749625
vt 0.083636 0.750488
vt 0.758803 0.952180
vt 0.083636 0.748723
vt 0.081310 0.751352
vt 0.078983 0.751352
vt 0.078983 0.752215
vt 0.081310 0.752215
vt 0.078983 0.752235
vt 0.081310 0.753098
vt 0.083636 0.754844
vt 0.083636 0.753981
vt 0.760059 0.949154
vt 0.765610 0.950822
vt 0.759578 0.949634
vt 0.083636 0.764439
vt 0.081310 0.763575
vt 0.083636 0.763575
vt 0.765735 0.951511
vt 0.081310 0.762693
vt 0.081310 0.764439
vt 0.078983 0.763575
vt 0.078983 0.762693
vt 0.078983 0.761829
vt 0.076657 0.762693
vt 0.076657 0.761829
vt 0.076657 0.760946
vt 0.074330 0.760946
vt 0.074330 0.760083
vt 0.076657 0.760083
vt 0.072004 0.760083
vt 0.072004 0.759220
vt 0.074330 0.759220
vt 0.069678 0.759220
vt 0.069678 0.758337
vt 0.074330 0.758337
vt 0.076657 0.759220
vt 0.240350 0.952863
vt 0.240829 0.953347
vt 0.241223 0.953910
vt 0.072004 0.760946
vt 0.069678 0.760946
vt 0.069678 0.760083
vt 0.241485 0.954539
vt 0.072004 0.761829
vt 0.074330 0.761829
vt 0.074330 0.762693
vt 0.076657 0.763575
vt 0.078983 0.764439
vt 0.078983 0.765322
vt 0.081310 0.765322
vt 0.081310 0.766185
vt 0.083636 0.765322
vt 0.083636 0.766185
vt 0.765603 0.952858
vt 0.765735 0.952191
vt 0.759198 0.950198
vt 0.083636 0.753098
vt 0.083636 0.752215
vt 0.758935 0.950832
vt 0.083636 0.751352
vt 0.758803 0.951500
vt 0.765339 0.953492
vt 0.083636 0.767048
vt 0.081310 0.767048
vt 0.078983 0.767048
vt 0.078983 0.767931
vt 0.076657 0.768814
vt 0.074330 0.769658
vt 0.074330 0.770541
vt 0.072004 0.770521
vt 0.072004 0.771404
vt 0.069678 0.771404
vt 0.069678 0.772307
vt 0.235947 0.958259
vt 0.235460 0.957779
vt 0.235084 0.957210
vt 0.236501 0.958644
vt 0.234821 0.956579
vt 0.069678 0.746996
vt 0.076657 0.751352
vt 0.072004 0.751352
vt 0.072004 0.752215
vt 0.240365 0.958250
vt 0.069678 0.766185
vt 0.888289 0.388220
vt 0.890786 0.389142
vt 0.888289 0.389142
vt 0.826931 0.967725
vt 0.827069 0.967054
vt 0.827069 0.966372
vt 0.888289 0.417259
vt 0.890786 0.418181
vt 0.888289 0.418181
vt 0.890786 0.388220
vt 0.890786 0.390104
vt 0.890786 0.391026
vt 0.893283 0.390104
vt 0.893283 0.391026
vt 0.893283 0.391968
vt 0.893283 0.389142
vt 0.893283 0.391968
vt 0.895780 0.391026
vt 0.895780 0.391968
vt 0.895780 0.392890
vt 0.895780 0.391968
vt 0.895780 0.391026
vt 0.895780 0.390104
vt 0.898277 0.391026
vt 0.898277 0.391968
vt 0.900774 0.391968
vt 0.898277 0.392890
vt 0.900774 0.391026
vt 0.900774 0.390104
vt 0.901130 0.391026
vt 0.901130 0.391968
vt 0.901130 0.392890
vt 0.901487 0.391968
vt 0.901487 0.392890
vt 0.901844 0.392890
vt 0.901844 0.393851
vt 0.901487 0.393851
vt 0.902200 0.393851
vt 0.902200 0.394774
vt 0.901844 0.394774
vt 0.902557 0.394774
vt 0.902200 0.395696
vt 0.902557 0.393851
vt 0.902914 0.393851
vt 0.902914 0.392890
vt 0.902557 0.392890
vt 0.902914 0.391968
vt 0.903270 0.392890
vt 0.903270 0.393851
vt 0.949769 0.389334
vt 0.950337 0.389717
vt 0.949138 0.395740
vt 0.903270 0.394774
vt 0.949138 0.389069
vt 0.902914 0.411647
vt 0.903270 0.411628
vt 0.903270 0.412550
vt 0.948469 0.395878
vt 0.902914 0.412569
vt 0.903270 0.413492
vt 0.949769 0.395485
vt 0.902914 0.410705
vt 0.902557 0.410725
vt 0.902557 0.411647
vt 0.902914 0.409744
vt 0.902200 0.410725
vt 0.902557 0.409744
vt 0.903270 0.409744
vt 0.903270 0.408822
vt 0.902914 0.408822
vt 0.903270 0.407880
vt 0.946485 0.395485
vt 0.945918 0.395103
vt 0.947116 0.389069
vt 0.947116 0.395740
vt 0.903270 0.396657
vt 0.903270 0.397579
vt 0.902914 0.397579
vt 0.947785 0.388942
vt 0.903270 0.398521
vt 0.902914 0.398501
vt 0.946485 0.389334
vt 0.902914 0.399443
vt 0.902557 0.397560
vt 0.902557 0.398501
vt 0.902557 0.396637
vt 0.902200 0.396637
vt 0.902200 0.397560
vt 0.901844 0.397560
vt 0.901844 0.396657
vt 0.901844 0.398521
vt 0.901487 0.398501
vt 0.901487 0.397579
vt 0.901487 0.399443
vt 0.901130 0.399443
vt 0.901130 0.398501
vt 0.900774 0.400365
vt 0.900774 0.399424
vt 0.901130 0.400365
vt 0.900774 0.401327
vt 0.898277 0.399443
vt 0.898277 0.400365
vt 0.898277 0.398501
vt 0.895780 0.400385
vt 0.895780 0.399424
vt 0.895780 0.401327
vt 0.895780 0.400365
vt 0.895780 0.398521
vt 0.893283 0.400365
vt 0.893283 0.399424
vt 0.893283 0.401327
vt 0.893283 0.401327
vt 0.893283 0.402269
vt 0.893283 0.400385
vt 0.890786 0.401327
vt 0.890786 0.400365
vt 0.890786 0.402269
vt 0.890786 0.401327
vt 0.888289 0.403191
vt 0.888289 0.402269
vt 0.890786 0.403191
vt 0.820260 0.965702
vt 0.820142 0.966372
vt 0.820142 0.967054
vt 0.888289 0.404133
vt 0.890786 0.404133
vt 0.888289 0.405074
vt 0.820270 0.967725
vt 0.890786 0.405055
vt 0.888289 0.405997
vt 0.820525 0.968355
vt 0.820535 0.965070
vt 0.890786 0.400385
vt 0.888289 0.401327
vt 0.888289 0.400385
vt 0.820908 0.964503
vt 0.890786 0.399424
vt 0.890786 0.398521
vt 0.893283 0.398501
vt 0.893283 0.397560
vt 0.893283 0.399443
vt 0.895780 0.397560
vt 0.895780 0.396637
vt 0.895780 0.398501
vt 0.895780 0.397579
vt 0.898277 0.397560
vt 0.898277 0.396657
vt 0.900774 0.397560
vt 0.900774 0.398501
vt 0.901130 0.397560
vt 0.901130 0.396637
vt 0.901487 0.396637
vt 0.901844 0.395696
vt 0.901487 0.395696
vt 0.901487 0.394774
vt 0.901130 0.393851
vt 0.901130 0.394774
vt 0.900774 0.392890
vt 0.900774 0.393851
vt 0.898277 0.393851
vt 0.898277 0.394774
vt 0.895780 0.392890
vt 0.895780 0.393851
vt 0.893283 0.392890
vt 0.893283 0.393851
vt 0.895780 0.394774
vt 0.890786 0.391968
vt 0.890786 0.392890
vt 0.890786 0.391968
vt 0.890786 0.391026
vt 0.888289 0.390104
vt 0.888289 0.391026
vt 0.826931 0.965702
vt 0.826676 0.965070
vt 0.826676 0.968355
vt 0.826293 0.968923
vt 0.888289 0.415375
vt 0.890786 0.416297
vt 0.888289 0.416297
vt 0.890786 0.417259
vt 0.890786 0.417259
vt 0.890786 0.415375
vt 0.893283 0.416297
vt 0.893283 0.417259
vt 0.893283 0.418181
vt 0.893283 0.417259
vt 0.893283 0.388220
vt 0.893283 0.389142
vt 0.893283 0.416297
vt 0.895780 0.417259
vt 0.895780 0.418181
vt 0.895780 0.388220
vt 0.895780 0.389142
vt 0.898277 0.418181
vt 0.898277 0.388220
vt 0.898277 0.389142
vt 0.895780 0.389142
vt 0.900774 0.389142
vt 0.898277 0.390104
vt 0.900774 0.388220
vt 0.898277 0.417259
vt 0.900774 0.418181
vt 0.900774 0.417259
vt 0.901130 0.418181
vt 0.901130 0.389142
vt 0.901130 0.388220
vt 0.901130 0.390104
vt 0.901487 0.389142
vt 0.901487 0.390104
vt 0.901844 0.390104
vt 0.901844 0.391026
vt 0.901487 0.391026
vt 0.902200 0.391026
vt 0.902200 0.391968
vt 0.901844 0.391968
vt 0.902557 0.391968
vt 0.902200 0.392890
vt 0.902557 0.391026
vt 0.902914 0.391026
vt 0.902914 0.390104
vt 0.902557 0.390104
vt 0.902914 0.389142
vt 0.903270 0.390104
vt 0.903270 0.391026
vt 0.951460 0.391394
vt 0.950820 0.394612
vt 0.951199 0.390767
vt 0.950820 0.390198
vt 0.950337 0.395103
vt 0.903270 0.391968
vt 0.902914 0.413511
vt 0.903270 0.414433
vt 0.902914 0.414433
vt 0.903270 0.415375
vt 0.902557 0.412550
vt 0.902557 0.413511
vt 0.902200 0.411628
vt 0.902200 0.412569
vt 0.901844 0.410705
vt 0.901844 0.411647
vt 0.902200 0.409744
vt 0.901487 0.411647
vt 0.901487 0.410725
vt 0.901487 0.409744
vt 0.901844 0.409744
vt 0.902557 0.408822
vt 0.902200 0.408822
vt 0.902914 0.407880
vt 0.902557 0.407880
vt 0.903270 0.406938
vt 0.902914 0.406938
vt 0.903270 0.405997
vt 0.945434 0.394612
vt 0.945055 0.394053
vt 0.945918 0.389717
vt 0.903270 0.399443
vt 0.903270 0.400385
vt 0.902914 0.400365
vt 0.945434 0.390198
vt 0.902914 0.401327
vt 0.902557 0.399424
vt 0.902557 0.400365
vt 0.902200 0.398501
vt 0.902200 0.399424
vt 0.901844 0.399424
vt 0.901844 0.400365
vt 0.901487 0.400365
vt 0.901487 0.401327
vt 0.901130 0.401327
vt 0.900774 0.402269
vt 0.901130 0.402269
vt 0.900774 0.403191
vt 0.898277 0.401327
vt 0.898277 0.402269
vt 0.895780 0.402269
vt 0.895780 0.403191
vt 0.895780 0.402269
vt 0.893283 0.403191
vt 0.893283 0.403191
vt 0.893283 0.404133
vt 0.893283 0.404133
vt 0.893283 0.404113
vt 0.893283 0.402269
vt 0.890786 0.403191
vt 0.890786 0.405074
vt 0.890786 0.405997
vt 0.893283 0.405074
vt 0.893283 0.405977
vt 0.890786 0.406919
vt 0.888289 0.406938
vt 0.820908 0.968923
vt 0.821388 0.964020
vt 0.888289 0.407880
vt 0.821388 0.969405
vt 0.821957 0.963641
vt 0.890786 0.398501
vt 0.888289 0.399443
vt 0.888289 0.398521
vt 0.890786 0.397560
vt 0.890786 0.397579
vt 0.893283 0.396657
vt 0.890786 0.396637
vt 0.893283 0.395696
vt 0.893283 0.397579
vt 0.893283 0.396637
vt 0.895780 0.395696
vt 0.895780 0.395696
vt 0.895780 0.394774
vt 0.893283 0.394774
vt 0.898277 0.395696
vt 0.900774 0.395696
vt 0.900774 0.396637
vt 0.900774 0.394774
vt 0.901130 0.395696
vt 0.893283 0.393851
vt 0.893283 0.394774
vt 0.890786 0.393851
vt 0.890786 0.394774
vt 0.890786 0.392890
vt 0.888289 0.391968
vt 0.888289 0.392890
vt 0.826293 0.964503
vt 0.825813 0.969405
vt 0.825813 0.964020
vt 0.825244 0.969785
vt 0.888289 0.412550
vt 0.890786 0.413492
vt 0.888289 0.413492
vt 0.825244 0.963641
vt 0.824606 0.970047
vt 0.890786 0.414433
vt 0.888289 0.414433
vt 0.890786 0.415375
vt 0.890786 0.413511
vt 0.890786 0.412550
vt 0.893283 0.413511
vt 0.893283 0.414433
vt 0.893283 0.415375
vt 0.893283 0.414433
vt 0.895780 0.414433
vt 0.895780 0.415375
vt 0.895780 0.416297
vt 0.898277 0.416297
vt 0.898277 0.415375
vt 0.900774 0.416297
vt 0.898277 0.414433
vt 0.900774 0.415375
vt 0.895780 0.413492
vt 0.895780 0.413511
vt 0.893283 0.412569
vt 0.895780 0.412569
vt 0.893283 0.411647
vt 0.893283 0.413492
vt 0.890786 0.411628
vt 0.890786 0.410725
vt 0.890786 0.412569
vt 0.890786 0.411647
vt 0.888289 0.411628
vt 0.888289 0.410705
vt 0.823262 0.970179
vt 0.823939 0.970179
vt 0.824606 0.963379
vt 0.888289 0.393851
vt 0.888289 0.394774
vt 0.890786 0.395696
vt 0.888289 0.395696
vt 0.823939 0.963246
vt 0.888289 0.396657
vt 0.890786 0.395696
vt 0.823262 0.963246
vt 0.822595 0.970047
vt 0.888289 0.397579
vt 0.822595 0.963379
vt 0.890786 0.408822
vt 0.888289 0.409744
vt 0.888289 0.408822
vt 0.821957 0.969785
vt 0.890786 0.409744
vt 0.890786 0.407880
vt 0.890786 0.408822
vt 0.890786 0.409744
vt 0.893283 0.409744
vt 0.893283 0.408822
vt 0.893283 0.407880
vt 0.893283 0.407880
vt 0.893283 0.408822
vt 0.893283 0.406938
vt 0.895780 0.408822
vt 0.895780 0.407880
vt 0.895780 0.406919
vt 0.895780 0.406938
vt 0.898277 0.406938
vt 0.898277 0.405997
vt 0.895780 0.405977
vt 0.900774 0.405997
vt 0.900774 0.405074
vt 0.898277 0.405074
vt 0.901130 0.405074
vt 0.901130 0.404113
vt 0.900774 0.404133
vt 0.901130 0.403191
vt 0.901487 0.404133
vt 0.901487 0.405055
vt 0.901844 0.405074
vt 0.901844 0.405997
vt 0.901487 0.405997
vt 0.902200 0.405977
vt 0.901844 0.406919
vt 0.902200 0.405074
vt 0.902557 0.405074
vt 0.902557 0.404133
vt 0.902200 0.404133
vt 0.902914 0.404113
vt 0.902914 0.403191
vt 0.902557 0.403191
vt 0.903270 0.403191
vt 0.903270 0.402269
vt 0.902557 0.402269
vt 0.902914 0.402269
vt 0.902557 0.401327
vt 0.902200 0.401327
vt 0.902200 0.402269
vt 0.902200 0.400385
vt 0.901844 0.402269
vt 0.901844 0.401327
vt 0.901844 0.403191
vt 0.901487 0.403191
vt 0.901487 0.402269
vt 0.901844 0.404113
vt 0.902200 0.403191
vt 0.903270 0.401327
vt 0.944794 0.391394
vt 0.945055 0.390767
vt 0.944794 0.393425
vt 0.944660 0.392748
vt 0.944660 0.392071
vt 0.903270 0.404133
vt 0.903270 0.405074
vt 0.902914 0.405074
vt 0.902914 0.405977
vt 0.902557 0.405997
vt 0.902557 0.406938
vt 0.902200 0.406938
vt 0.902200 0.407880
vt 0.901844 0.407880
vt 0.901844 0.408822
vt 0.901487 0.406938
vt 0.901487 0.407880
vt 0.901130 0.405997
vt 0.901130 0.406938
vt 0.900774 0.406938
vt 0.900774 0.407880
vt 0.898277 0.407880
vt 0.898277 0.408822
vt 0.895780 0.408822
vt 0.895780 0.409744
vt 0.895780 0.409744
vt 0.895780 0.410725
vt 0.893283 0.410705
vt 0.893283 0.410725
vt 0.893283 0.411628
vt 0.895780 0.411647
vt 0.895780 0.411628
vt 0.898277 0.412569
vt 0.898277 0.413511
vt 0.900774 0.413492
vt 0.900774 0.414433
vt 0.901130 0.414433
vt 0.901130 0.415375
vt 0.901130 0.416297
vt 0.901487 0.415375
vt 0.901487 0.414433
vt 0.901844 0.414433
vt 0.901844 0.413492
vt 0.901487 0.413511
vt 0.901844 0.412569
vt 0.902200 0.413511
vt 0.902200 0.414433
vt 0.902557 0.414433
vt 0.902557 0.415375
vt 0.902200 0.415375
vt 0.902914 0.415375
vt 0.902914 0.416297
vt 0.902557 0.416297
vt 0.903270 0.416297
vt 0.903270 0.417259
vt 0.902914 0.417259
vt 0.951199 0.394053
vt 0.951594 0.392071
vt 0.951460 0.393425
vt 0.951594 0.392748
vt 0.903270 0.418181
vt 0.902914 0.388220
vt 0.903270 0.388220
vt 0.903270 0.389142
vt 0.902914 0.418181
vt 0.902557 0.417259
vt 0.902557 0.418181
vt 0.902557 0.389142
vt 0.902557 0.388220
vt 0.902200 0.390104
vt 0.902200 0.389142
vt 0.901844 0.389142
vt 0.901844 0.388220
vt 0.901487 0.388220
vt 0.901487 0.417259
vt 0.901487 0.418181
vt 0.901844 0.417259
vt 0.901844 0.418181
vt 0.901844 0.416297
vt 0.902200 0.417259
vt 0.902200 0.418181
vt 0.902200 0.388220
vt 0.901844 0.415375
vt 0.902200 0.416297
vt 0.901487 0.416297
vt 0.901130 0.417259
vt 0.901487 0.412550
vt 0.901130 0.413511
vt 0.901130 0.412550
vt 0.900774 0.412569
vt 0.900774 0.411628
vt 0.898277 0.411647
vt 0.898277 0.410705
vt 0.898277 0.409744
vt 0.900774 0.409744
vt 0.900774 0.408822
vt 0.901130 0.408822
vt 0.901130 0.407880
vt 0.901487 0.408822
vt 0.901130 0.409744
vt 0.900774 0.410725
vt 0.901130 0.410705
vt 0.901130 0.411647
vt 0.898277 0.404133
vt 0.895780 0.405074
vt 0.895780 0.404113
vt 0.898277 0.403191
vt 0.895780 0.405997
vt 0.895780 0.405055
vt 0.893283 0.406938
vt 0.893283 0.405997
vt 0.893283 0.405055
vt 0.890786 0.407880
vt 0.893283 0.405074
vt 0.895780 0.404133
vt 0.890786 0.410705
vt 0.893283 0.395696
vt 0.895780 0.390104
vt 0.902557 0.395696
vt 0.902914 0.396637
vt 0.902914 0.395696
vt 0.902914 0.394774
vt 0.903270 0.395696
vt 0.948469 0.388942
vt 0.947785 0.395878
vt 0.903270 0.410705
s 0
usemtl Enemy
f 2/1/1 1/2/1 3/3/1
f 1/2/2 2/1/2 6/4/2
f 1/5/3 5/6/3 3/7/3
f 1/2/2 6/4/2 4/8/2
f 1/5/3 4/9/3 5/6/3
f 2/10/4 8/11/4 6/12/4
f 6/12/5 9/13/5 7/14/5
f 4/8/6 6/4/6 7/15/6
f 6/12/5 8/11/5 9/13/5
f 9/16/7 13/17/7 10/18/7
f 9/13/8 10/19/8 14/20/8
f 12/21/9 9/16/9 8/22/9
f 12/21/9 11/23/9 9/16/9
f 9/16/7 11/23/7 13/17/7
f 9/13/8 14/20/8 7/14/8
f 10/19/10 15/24/10 14/20/10
f 14/25/11 15/26/11 17/27/11
f 7/15/12 14/25/12 16/28/12
f 14/25/11 17/27/11 16/28/11
f 20/29/13 16/30/13 17/31/13
f 15/26/14 18/32/14 17/27/14
f 19/33/15 17/31/15 18/34/15
f 20/29/13 17/31/13 19/33/13
f 22/35/16 20/36/16 19/37/16
f 21/38/17 16/30/17 20/29/17
f 23/39/18 21/40/18 20/36/18
f 23/39/18 20/36/18 22/35/18
f 23/41/19 22/42/19 27/43/19
f 5/44/20 23/39/20 24/45/20
f 26/46/21 24/47/21 23/41/21
f 5/44/20 21/40/20 23/39/20
f 26/46/21 23/41/21 25/48/21
f 23/41/19 27/43/19 25/48/19
f 22/42/22 28/49/22 27/43/22
f 27/50/23 28/51/23 30/52/23
f 25/53/24 27/50/24 29/54/24
f 27/50/23 30/52/23 29/54/23
f 28/51/25 31/55/25 30/52/25
f 32/56/26 30/57/26 31/58/26
f 13/59/27 29/60/27 30/57/27
f 13/59/27 30/57/27 32/56/27
f 32/56/26 31/58/26 33/61/26
f 34/62/28 32/63/28 33/64/28
f 10/18/29 13/17/29 32/63/29
f 10/18/29 32/63/29 34/62/29
f 34/62/28 33/64/28 35/65/28
f 34/66/30 35/67/30 36/68/30
f 10/19/10 34/66/10 15/24/10
f 34/66/30 36/68/30 15/24/30
f 35/67/31 37/69/31 36/68/31
f 36/70/32 37/71/32 38/72/32
f 15/26/14 36/70/14 18/32/14
f 36/70/32 38/72/32 18/32/32
f 37/71/33 39/73/33 38/72/33
f 40/74/34 38/75/34 39/76/34
f 41/77/35 18/34/35 38/75/35
f 41/77/35 38/75/35 40/74/35
f 42/78/36 41/79/36 40/80/36
f 19/33/15 18/34/15 41/77/15
f 43/81/37 19/37/37 41/79/37
f 43/81/37 41/79/37 42/78/37
f 43/82/38 42/83/38 44/84/38
f 22/35/16 19/37/16 43/81/16
f 22/42/22 43/82/22 28/49/22
f 43/82/38 44/84/38 28/49/38
f 42/83/39 45/85/39 44/84/39
f 44/86/40 45/87/40 46/88/40
f 28/51/25 44/86/25 31/55/25
f 44/86/40 46/88/40 31/55/40
f 45/87/41 47/89/41 46/88/41
f 48/90/42 46/91/42 47/92/42
f 33/61/43 31/58/43 46/91/43
f 33/61/43 46/91/43 48/90/43
f 48/90/44 47/92/44 49/93/44
f 50/94/45 48/95/45 49/96/45
f 35/65/46 33/64/46 48/95/46
f 35/65/46 48/95/46 50/94/46
f 50/94/47 49/96/47 51/97/47
f 50/98/48 51/99/48 52/100/48
f 35/67/31 50/98/31 37/69/31
f 50/98/49 52/100/49 37/69/49
f 37/71/50 52/101/50 39/73/50
f 39/73/51 52/101/51 53/102/51
f 52/101/52 51/97/52 54/103/52
f 54/103/52 53/102/52 52/101/52
f 56/104/53 54/105/53 55/106/53
f 54/103/54 49/96/54 55/107/54
f 56/108/55 53/102/55 54/103/55
f 51/97/54 49/96/54 54/103/54
f 42/78/36 40/80/36 56/108/36
f 42/83/39 56/104/39 45/85/39
f 56/108/56 40/80/56 53/102/56
f 56/104/57 55/106/57 45/85/57
f 45/87/41 55/107/41 47/89/41
f 49/96/58 47/89/58 55/107/58
f 40/74/34 39/76/34 53/109/34
f 25/53/24 29/54/24 57/110/24
f 11/111/59 57/112/59 29/60/59
f 11/111/59 29/60/59 13/59/59
f 58/113/60 25/53/60 57/110/60
f 58/114/61 57/112/61 11/111/61
f 59/115/62 26/116/62 58/113/62
f 59/117/63 58/114/63 12/118/63
f 58/113/60 26/116/60 25/53/60
f 58/114/61 11/111/61 12/118/61
f 59/117/63 12/118/63 60/119/63
f 61/120/1 59/115/1 60/121/1
f 59/115/62 61/120/62 26/116/62
f 61/122/64 24/47/64 26/46/64
f 62/123/1 61/120/1 63/124/1
f 61/122/64 62/125/64 24/47/64
f 60/121/1 63/124/1 61/120/1
f 2/1/1 62/123/1 63/124/1
f 2/10/4 63/126/4 8/11/4
f 60/121/65 8/22/65 63/124/65
f 3/3/66 24/45/66 62/123/66
f 3/3/1 62/123/1 2/1/1
f 60/121/65 12/21/65 8/22/65
f 3/3/66 5/44/66 24/45/66
f 4/9/67 21/38/67 5/6/67
f 4/9/67 64/127/67 21/38/67
f 21/38/17 64/127/17 16/30/17
f 4/8/6 7/15/6 64/128/6
f 7/15/12 16/28/12 64/128/12
f 65/129/68 69/130/68 66/131/68
f 65/132/69 66/133/69 67/134/69
f 65/135/70 67/136/70 68/137/70
f 65/138/71 68/139/71 70/140/71
f 69/141/72 65/142/72 70/143/72
f 70/140/73 72/144/73 71/145/73
f 73/146/74 70/143/74 71/145/74
f 70/140/75 68/139/75 72/144/75
f 73/146/76 69/141/76 70/143/76
f 74/147/77 69/141/77 73/146/77
f 74/147/78 73/146/78 75/148/78
f 73/146/79 71/145/79 76/149/79
f 75/148/80 73/146/80 76/149/80
f 76/149/81 78/150/81 77/151/81
f 75/148/82 76/149/82 77/151/82
f 71/145/83 79/152/83 76/149/83
f 76/149/84 79/152/84 78/150/84
f 71/145/85 72/144/85 79/152/85
f 79/152/86 80/153/86 78/150/86
f 79/152/87 81/154/87 80/153/87
f 79/152/88 72/144/88 81/154/88
f 81/154/89 83/155/89 80/153/89
f 82/156/90 84/157/90 81/154/90
f 72/144/91 82/156/91 81/154/91
f 81/154/92 84/157/92 83/155/92
f 82/156/93 87/158/93 84/157/93
f 84/157/94 85/159/94 83/155/94
f 84/157/95 86/160/95 85/159/95
f 84/157/96 87/158/96 86/160/96
f 68/137/97 87/158/97 82/156/97
f 87/158/98 88/161/98 86/160/98
f 67/136/99 88/161/99 87/158/99
f 68/137/100 67/136/100 87/158/100
f 88/161/101 89/162/101 90/163/101
f 67/134/102 89/162/102 88/161/102
f 88/161/103 90/163/103 86/160/103
f 90/163/104 91/164/104 92/165/104
f 90/163/105 93/166/105 91/164/105
f 86/160/106 90/163/106 92/165/106
f 90/163/107 89/162/107 93/166/107
f 93/167/108 95/168/108 91/169/108
f 94/170/109 96/171/109 93/167/109
f 89/162/110 94/172/110 93/166/110
f 93/167/111 96/171/111 95/168/111
f 94/170/112 99/173/112 96/171/112
f 96/171/113 97/174/113 95/168/113
f 96/171/114 98/175/114 97/174/114
f 96/171/115 99/173/115 98/175/115
f 66/131/116 99/173/116 94/170/116
f 99/173/117 74/147/117 98/175/117
f 69/130/118 74/147/118 99/173/118
f 66/131/119 69/130/119 99/173/119
f 98/175/120 100/176/120 97/174/120
f 74/147/121 75/148/121 98/175/121
f 98/175/122 75/148/122 100/176/122
f 97/174/123 100/176/123 101/177/123
f 100/176/124 77/151/124 102/178/124
f 75/148/125 77/151/125 100/176/125
f 101/177/126 100/176/126 102/178/126
f 102/179/127 104/180/127 103/181/127
f 101/177/128 102/178/128 103/182/128
f 77/151/129 78/150/129 102/179/129
f 102/179/130 78/150/130 104/180/130
f 80/153/131 83/155/131 104/183/131
f 78/150/132 80/153/132 104/180/132
f 104/183/133 105/184/133 103/185/133
f 104/183/134 83/155/134 105/184/134
f 85/159/135 92/165/135 105/186/135
f 83/155/136 85/159/136 105/184/136
f 105/186/137 106/187/137 103/188/137
f 105/186/138 92/165/138 106/187/138
f 91/169/139 95/168/139 106/189/139
f 92/165/140 91/164/140 106/187/140
f 106/189/141 101/190/141 103/191/141
f 106/189/142 95/168/142 101/190/142
f 95/168/143 97/174/143 101/190/143
f 66/133/144 94/172/144 89/162/144
f 86/160/145 92/165/145 85/159/145
f 67/134/146 66/133/146 89/162/146
f 68/139/147 82/156/147 72/144/147
f 110/192/148 108/193/148 107/194/148
f 109/195/149 107/196/149 108/197/149
f 111/198/150 107/199/150 109/200/150
f 111/198/150 110/201/150 107/199/150
f 112/202/151 111/198/151 109/200/151
f 110/201/149 111/198/149 113/198/149
f 111/198/152 112/202/152 114/202/152
f 111/198/152 114/202/152 113/198/152
f 115/203/151 113/198/151 114/202/151
f 117/204/153 115/203/153 114/202/153
f 117/204/153 114/202/153 116/205/153
f 112/202/152 116/205/152 114/202/152
f 120/203/154 117/204/154 118/204/154
f 118/204/154 117/204/154 119/206/154
f 119/206/155 117/204/155 116/205/155
f 120/203/154 115/203/154 117/204/154
f 121/207/154 115/203/154 120/203/154
f 121/207/152 120/203/152 122/203/152
f 120/203/152 118/204/152 123/204/152
f 120/203/152 123/204/152 122/203/152
f 118/204/152 125/206/152 123/204/152
f 124/208/153 122/203/153 123/204/153
f 126/209/155 124/208/155 123/204/155
f 126/209/155 123/204/155 125/206/155
f 129/208/156 126/209/156 127/209/156
f 127/209/157 126/209/157 128/210/157
f 128/210/158 126/209/158 125/206/158
f 129/208/156 124/208/156 126/209/156
f 131/211/159 124/208/159 129/208/159
f 130/212/153 131/211/153 129/208/153
f 132/213/155 130/212/155 129/208/155
f 132/213/155 129/208/155 127/209/155
f 134/214/160 133/215/160 132/213/160
f 132/213/161 133/215/161 135/216/161
f 134/214/158 132/213/158 127/209/158
f 132/213/161 135/216/161 130/212/161
f 136/217/153 137/218/153 135/216/153
f 138/219/155 136/217/155 135/216/155
f 130/212/162 135/216/162 137/218/162
f 138/219/155 135/216/155 133/215/155
f 139/220/158 138/219/158 133/215/158
f 138/221/154 139/222/154 141/223/154
f 136/224/154 138/221/154 140/225/154
f 141/223/154 140/225/154 138/221/154
f 140/226/163 141/227/163 143/228/163
f 141/227/164 142/229/164 144/230/164
f 141/223/154 139/222/154 142/231/154
f 141/227/164 144/230/164 143/228/164
f 142/229/165 146/232/165 144/230/165
f 144/230/166 147/233/166 145/234/166
f 143/228/167 144/230/167 145/234/167
f 144/230/166 146/232/166 147/233/166
f 146/232/168 149/235/168 147/233/168
f 147/233/169 150/236/169 148/237/169
f 145/234/165 147/233/165 148/237/165
f 147/233/169 149/235/169 150/236/169
f 149/235/170 152/238/170 150/236/170
f 150/236/171 153/238/171 151/236/171
f 148/237/172 150/236/172 151/236/172
f 150/236/171 152/238/171 153/238/171
f 156/239/173 153/238/173 152/238/173
f 154/240/174 153/238/174 155/239/174
f 151/236/170 153/238/170 154/240/170
f 156/239/173 155/239/173 153/238/173
f 152/238/174 157/241/174 156/239/174
f 156/239/175 157/241/175 159/242/175
f 156/239/175 159/242/175 158/243/175
f 158/243/176 155/239/176 156/239/176
f 157/241/177 160/244/177 159/242/177
f 159/242/178 160/244/178 162/245/178
f 158/243/179 159/242/179 161/246/179
f 159/242/178 162/245/178 161/246/178
f 160/244/179 163/247/179 162/245/179
f 162/245/180 163/247/180 165/248/180
f 161/246/181 162/245/181 164/249/181
f 162/245/180 165/248/180 164/249/180
f 165/250/154 163/251/154 167/252/154
f 164/249/182 165/248/182 166/253/182
f 165/250/154 168/254/154 166/255/154
f 167/252/154 168/254/154 165/250/154
f 171/256/183 169/257/183 168/258/183
f 168/254/154 169/259/154 166/255/154
f 170/260/184 168/258/184 167/261/184
f 171/256/183 168/258/183 170/260/183
f 173/262/185 169/257/185 171/256/185
f 171/256/186 174/263/186 172/264/186
f 173/262/187 171/256/187 172/264/187
f 171/256/186 170/260/186 174/263/186
f 170/260/188 176/265/188 174/263/188
f 177/266/183 174/263/183 175/267/183
f 175/267/184 174/263/184 176/265/184
f 177/266/183 172/264/183 174/263/183
f 179/268/185 172/264/185 177/266/185
f 177/266/189 180/267/189 178/266/189
f 179/268/190 177/266/190 178/266/190
f 177/266/189 175/267/189 180/267/189
f 175/267/191 182/269/191 180/267/191
f 183/270/183 180/267/183 181/271/183
f 181/271/184 180/267/184 182/269/184
f 183/270/183 178/266/183 180/267/183
f 186/272/152 183/270/152 184/270/152
f 184/270/152 183/270/152 181/271/152
f 185/272/185 178/266/185 183/270/185
f 186/272/152 185/272/152 183/270/152
f 188/273/152 185/272/152 186/272/152
f 186/272/154 189/270/154 187/272/154
f 188/273/192 186/272/192 187/272/192
f 186/272/154 184/270/154 189/270/154
f 184/270/154 191/274/154 189/270/154
f 192/275/185 189/270/185 190/276/185
f 190/276/183 189/270/183 191/274/183
f 192/275/185 187/272/185 189/270/185
f 195/277/193 192/275/193 193/275/193
f 193/275/152 192/275/152 190/276/152
f 194/277/194 187/272/194 192/275/194
f 195/277/152 194/277/152 192/275/152
f 198/278/195 195/277/195 196/279/195
f 196/279/194 195/277/194 193/275/194
f 198/278/195 197/280/195 195/277/195
f 195/277/152 197/280/152 199/280/152
f 195/277/152 199/280/152 194/277/152
f 201/281/196 200/282/196 199/280/196
f 199/280/195 200/282/195 202/273/195
f 199/280/195 202/273/195 194/277/195
f 197/280/152 201/281/152 199/280/152
f 194/277/194 202/273/194 187/272/194
f 188/273/154 187/272/154 202/273/154
f 188/273/154 202/273/154 200/282/154
f 204/283/197 203/284/197 201/281/197
f 201/281/196 203/284/196 200/282/196
f 205/281/152 204/283/152 201/281/152
f 197/280/152 205/281/152 201/281/152
f 208/285/197 205/281/197 206/286/197
f 206/286/196 205/281/196 197/280/196
f 208/285/197 207/283/197 205/281/197
f 205/281/152 207/283/152 204/283/152
f 209/287/182 207/283/182 208/285/182
f 209/288/152 208/289/152 210/290/152
f 208/289/152 206/291/152 210/290/152
f 211/292/183 212/293/183 210/294/183
f 210/290/152 206/291/152 211/295/152
f 210/294/184 212/293/184 214/296/184
f 210/294/184 214/296/184 213/297/184
f 210/290/152 213/298/152 209/288/152
f 213/297/198 214/296/198 215/299/198
f 214/296/152 217/299/152 215/299/152
f 212/293/152 216/296/152 214/296/152
f 214/296/152 216/296/152 217/299/152
f 216/296/198 218/300/198 217/299/198
f 217/299/199 218/300/199 220/301/199
f 217/299/199 220/301/199 219/302/199
f 215/299/152 217/299/152 219/302/152
f 221/301/154 222/303/154 220/301/154
f 223/300/154 221/301/154 220/301/154
f 219/302/200 220/301/200 222/303/200
f 223/300/154 220/301/154 218/300/154
f 223/300/152 226/301/152 221/301/152
f 224/304/152 225/300/152 223/300/152
f 224/304/154 223/300/154 218/300/154
f 223/300/152 225/300/152 226/301/152
f 221/301/152 226/301/152 228/303/152
f 225/300/199 227/305/199 226/301/199
f 226/301/200 227/305/200 229/306/200
f 226/301/200 229/306/200 228/303/200
f 230/306/201 231/307/201 229/306/201
f 232/305/202 230/306/202 229/306/202
f 228/303/203 229/306/203 231/307/203
f 232/305/202 229/306/202 227/305/202
f 234/308/204 232/305/204 227/305/204
f 234/308/199 233/309/199 232/305/199
f 232/305/200 233/309/200 235/310/200
f 232/305/200 235/310/200 230/306/200
f 236/311/205 237/312/205 235/310/205
f 238/313/206 236/311/206 235/310/206
f 230/306/203 235/310/203 237/312/203
f 238/313/207 235/310/207 233/309/207
f 240/314/199 239/315/199 238/313/199
f 238/313/200 239/315/200 241/316/200
f 240/314/208 238/313/208 233/309/208
f 238/313/200 241/316/200 236/311/200
f 241/317/154 239/318/154 244/319/154
f 236/311/203 241/316/203 242/320/203
f 242/321/154 241/317/154 243/322/154
f 244/319/154 243/322/154 241/317/154
f 245/323/175 243/324/175 244/325/175
f 160/244/179 244/325/179 163/247/179
f 244/319/154 246/326/154 163/251/154
f 245/323/175 244/325/175 160/244/175
f 239/318/154 246/326/154 244/319/154
f 247/327/198 167/261/198 246/328/198
f 246/326/154 167/252/154 163/251/154
f 240/314/199 246/328/199 239/315/199
f 247/327/198 246/328/198 240/314/198
f 170/260/184 167/261/184 247/327/184
f 247/327/209 248/329/209 176/265/209
f 170/260/188 247/327/188 176/265/188
f 247/327/209 240/314/209 248/329/209
f 240/314/210 233/309/210 248/329/210
f 249/330/198 248/329/198 234/308/198
f 234/308/199 248/329/199 233/309/199
f 249/330/198 176/265/198 248/329/198
f 175/267/184 176/265/184 249/330/184
f 249/330/211 234/308/211 250/308/211
f 175/267/191 249/330/191 182/269/191
f 249/330/212 250/308/212 182/269/212
f 251/331/198 250/308/198 225/300/198
f 225/300/199 250/308/199 227/305/199
f 234/308/204 227/305/204 250/308/204
f 251/331/198 182/269/198 250/308/198
f 181/271/184 182/269/184 251/331/184
f 224/304/152 251/331/152 225/300/152
f 252/274/152 181/271/152 251/331/152
f 252/274/152 251/331/152 224/304/152
f 184/270/152 181/271/152 252/274/152
f 252/274/154 253/304/154 191/274/154
f 184/270/154 252/274/154 191/274/154
f 252/274/154 224/304/154 253/304/154
f 254/332/184 253/304/184 216/296/184
f 216/296/198 253/304/198 218/300/198
f 224/304/154 218/300/154 253/304/154
f 254/332/184 191/274/184 253/304/184
f 190/276/183 191/274/183 254/332/183
f 212/293/152 254/332/152 216/296/152
f 255/333/152 190/276/152 254/332/152
f 255/333/152 254/332/152 212/293/152
f 256/334/185 255/333/185 211/292/185
f 211/292/183 255/333/183 212/293/183
f 193/275/152 190/276/152 255/333/152
f 256/334/185 193/275/185 255/333/185
f 196/279/194 193/275/194 256/334/194
f 198/335/193 196/336/193 256/337/193
f 256/337/149 211/295/149 198/335/149
f 257/338/174 243/324/174 245/323/174
f 258/339/213 245/323/213 157/241/213
f 157/241/214 245/323/214 160/244/214
f 258/339/213 257/338/213 245/323/213
f 259/340/215 257/338/215 258/339/215
f 152/238/174 258/339/174 157/241/174
f 149/235/170 258/339/170 152/238/170
f 259/340/215 258/339/215 149/235/215
f 260/341/170 257/338/170 259/340/170
f 261/342/169 260/341/169 259/340/169
f 146/232/216 259/340/216 149/235/216
f 261/342/169 259/340/169 146/232/169
f 142/229/165 261/342/165 146/232/165
f 261/343/154 142/231/154 262/344/154
f 260/345/154 261/343/154 262/344/154
f 263/346/217 262/347/217 264/348/217
f 262/344/154 263/349/154 260/345/154
f 262/347/218 139/220/218 265/350/218
f 139/222/154 262/344/154 142/231/154
f 262/347/218 265/350/218 264/348/218
f 139/220/158 133/215/158 265/350/158
f 266/351/219 265/350/219 134/214/219
f 134/214/160 265/350/160 133/215/160
f 266/351/220 264/348/220 265/350/220
f 268/352/221 264/348/221 266/351/221
f 266/351/218 269/353/218 267/354/218
f 268/352/217 266/351/217 267/354/217
f 266/351/218 134/214/218 269/353/218
f 134/214/158 127/209/158 269/353/158
f 127/209/222 128/210/222 269/353/222
f 269/353/223 270/354/223 267/354/223
f 269/353/223 128/210/223 270/354/223
f 270/354/218 273/355/218 271/356/218
f 272/357/217 270/354/217 271/356/217
f 270/354/218 128/210/218 273/355/218
f 267/354/224 270/354/224 272/357/224
f 274/355/152 271/356/152 273/355/152
f 275/206/152 274/355/152 273/355/152
f 128/210/158 125/206/158 273/355/158
f 275/206/152 273/355/152 125/206/152
f 118/204/154 119/206/154 275/206/154
f 275/206/154 119/206/154 276/358/154
f 118/204/152 275/206/152 125/206/152
f 275/206/154 276/358/154 274/355/154
f 274/355/154 276/358/154 278/356/154
f 276/358/158 279/359/158 277/360/158
f 278/356/218 276/358/218 277/360/218
f 276/358/158 119/206/158 279/359/158
f 280/359/152 277/360/152 279/359/152
f 281/205/152 280/359/152 279/359/152
f 119/206/155 116/205/155 279/359/155
f 281/205/152 279/359/152 116/205/152
f 281/205/153 283/361/153 282/362/153
f 280/359/155 281/205/155 282/362/155
f 112/202/152 281/205/152 116/205/152
f 281/205/153 112/202/153 283/361/153
f 282/363/152 283/364/152 285/365/152
f 112/202/151 109/200/151 283/361/151
f 109/195/152 284/366/152 283/364/152
f 284/366/152 285/365/152 283/364/152
f 289/367/225 285/368/225 284/369/225
f 286/370/163 287/371/163 285/368/163
f 289/367/225 286/370/225 285/368/225
f 285/365/152 287/372/152 288/373/152
f 288/373/152 282/363/152 285/365/152
f 291/374/226 289/367/226 284/369/226
f 291/374/152 290/375/152 289/367/152
f 289/367/152 290/375/152 292/370/152
f 289/367/152 292/370/152 286/370/152
f 286/370/152 292/370/152 294/376/152
f 293/377/163 294/376/163 292/370/163
f 295/378/225 293/377/225 292/370/225
f 295/378/225 292/370/225 290/375/225
f 296/378/154 293/377/154 295/378/154
f 298/379/154 296/378/154 295/378/154
f 297/379/226 295/378/226 290/375/226
f 298/379/154 295/378/154 297/379/154
f 300/380/152 299/379/152 298/379/152
f 298/379/152 299/379/152 301/381/152
f 300/380/154 298/379/154 297/379/154
f 298/379/152 301/381/152 296/378/152
f 296/378/152 301/381/152 303/377/152
f 302/382/225 303/377/225 301/381/225
f 304/383/226 302/382/226 301/381/226
f 304/383/226 301/381/226 299/379/226
f 305/383/227 302/382/227 304/383/227
f 307/384/228 305/383/228 304/383/228
f 306/384/148 304/383/148 299/379/148
f 307/384/228 304/383/228 306/384/228
f 308/385/148 305/383/148 307/384/148
f 310/386/150 308/387/150 307/388/150
f 310/386/150 307/388/150 309/389/150
f 307/388/229 311/390/229 309/389/229
f 307/388/229 306/388/229 311/390/229
f 311/390/150 314/391/150 312/392/150
f 313/211/151 311/390/151 312/392/151
f 311/390/150 306/388/150 314/391/150
f 309/389/230 311/390/230 313/211/230
f 306/384/148 299/379/148 314/380/148
f 300/391/152 312/392/152 314/391/152
f 300/380/152 314/380/152 299/379/152
f 313/211/151 312/392/151 122/203/151
f 124/208/153 313/211/153 122/203/153
f 131/211/159 313/211/159 124/208/159
f 309/389/231 313/211/231 131/211/231
f 121/207/152 122/203/152 312/392/152
f 300/391/152 121/207/152 312/392/152
f 316/393/232 315/394/232 310/386/232
f 310/386/233 315/394/233 317/395/233
f 316/393/151 310/386/151 309/389/151
f 310/386/234 317/395/234 308/387/234
f 318/396/148 319/397/148 317/398/148
f 320/399/150 318/400/150 317/395/150
f 317/398/235 321/401/235 308/385/235
f 320/399/150 317/395/150 315/394/150
f 317/398/235 319/397/235 321/401/235
f 319/397/236 322/402/236 321/401/236
f 321/401/226 323/403/226 305/383/226
f 308/385/148 321/401/148 305/383/148
f 321/401/226 322/402/226 323/403/226
f 322/402/225 324/404/225 323/403/225
f 323/403/237 325/404/237 302/382/237
f 305/383/227 323/403/227 302/382/227
f 323/403/237 324/404/237 325/404/237
f 324/404/238 326/405/238 325/404/238
f 325/404/163 327/406/163 303/377/163
f 302/382/225 325/404/225 303/377/225
f 325/404/163 326/405/163 327/406/163
f 326/405/164 328/407/164 327/406/164
f 329/406/152 327/406/152 328/407/152
f 330/377/152 303/377/152 327/406/152
f 330/377/152 327/406/152 329/406/152
f 296/378/152 303/377/152 330/377/152
f 330/377/154 331/408/154 293/377/154
f 296/378/154 330/377/154 293/377/154
f 330/377/154 329/406/154 331/408/154
f 331/408/164 333/409/164 294/376/164
f 293/377/163 331/408/163 294/376/163
f 329/406/154 332/407/154 331/408/154
f 331/408/164 332/407/164 333/409/164
f 332/407/165 334/410/165 333/409/165
f 335/411/152 333/409/152 334/410/152
f 336/376/152 294/376/152 333/409/152
f 336/376/152 333/409/152 335/411/152
f 336/376/164 337/412/164 287/371/164
f 286/370/163 336/376/163 287/371/163
f 336/376/164 335/411/164 337/412/164
f 286/370/152 294/376/152 336/376/152
f 287/372/152 337/413/152 339/414/152
f 335/411/165 338/415/165 337/412/165
f 337/413/152 338/416/152 339/414/152
f 342/417/218 339/418/218 340/419/218
f 339/414/152 338/416/152 340/420/152
f 341/360/158 288/421/158 339/418/158
f 342/417/218 341/360/218 339/418/218
f 339/414/152 288/373/152 287/372/152
f 343/422/217 342/417/217 340/419/217
f 341/360/152 342/417/152 344/417/152
f 342/417/152 343/422/152 345/422/152
f 342/417/152 345/422/152 344/417/152
f 346/423/217 344/417/217 345/422/217
f 348/424/239 346/423/239 345/422/239
f 348/424/239 345/422/239 347/425/239
f 343/422/152 347/425/152 345/422/152
f 352/423/154 348/424/154 349/426/154
f 350/303/154 349/426/154 348/424/154
f 351/427/203 348/424/203 347/425/203
f 352/423/154 346/423/154 348/424/154
f 350/303/154 348/424/154 222/303/154
f 351/427/203 222/303/203 348/424/203
f 353/356/154 346/423/154 352/423/154
f 353/356/152 352/423/152 354/423/152
f 352/423/152 349/426/152 355/426/152
f 352/423/152 355/426/152 354/423/152
f 350/303/152 355/426/152 349/426/152
f 231/307/239 354/423/239 355/426/239
f 228/303/203 231/307/203 355/426/203
f 350/303/152 228/303/152 355/426/152
f 272/357/217 271/356/217 354/423/217
f 231/307/239 272/357/239 354/423/239
f 353/356/152 354/423/152 271/356/152
f 274/355/154 278/356/154 353/356/154
f 274/355/152 353/356/152 271/356/152
f 353/356/154 278/356/154 346/423/154
f 357/302/152 351/427/152 356/427/152
f 356/427/152 351/427/152 347/425/152
f 219/302/200 222/303/200 351/427/200
f 357/302/152 219/302/152 351/427/152
f 359/428/199 357/302/199 358/429/199
f 358/429/200 357/302/200 356/427/200
f 215/299/152 219/302/152 357/302/152
f 359/428/199 215/299/199 357/302/199
f 213/297/198 215/299/198 359/428/198
f 213/298/152 359/430/152 360/431/152
f 359/430/152 358/432/152 360/431/152
f 361/433/179 362/434/179 360/435/179
f 361/436/152 360/431/152 358/432/152
f 360/435/180 362/434/180 363/437/180
f 360/435/180 363/437/180 209/287/180
f 360/431/152 209/288/152 213/298/152
f 209/287/182 363/437/182 207/283/182
f 363/437/152 365/434/152 364/437/152
f 207/283/152 363/437/152 364/437/152
f 363/437/152 362/434/152 365/434/152
f 367/438/179 366/439/179 365/434/179
f 365/434/180 366/439/180 368/440/180
f 365/434/180 368/440/180 364/437/180
f 362/434/152 367/438/152 365/434/152
f 371/441/154 368/440/154 369/440/154
f 369/440/154 368/440/154 366/439/154
f 364/437/182 368/440/182 370/441/182
f 371/441/154 370/441/154 368/440/154
f 371/441/152 374/440/152 372/441/152
f 373/284/152 371/441/152 372/441/152
f 373/284/154 370/441/154 371/441/154
f 371/441/152 369/440/152 374/440/152
f 369/440/152 376/439/152 374/440/152
f 376/439/180 375/442/180 374/440/180
f 374/440/182 375/442/182 377/443/182
f 374/440/182 377/443/182 372/441/182
f 380/444/240 377/443/240 378/443/240
f 378/443/241 377/443/241 375/442/241
f 372/441/197 377/443/197 379/444/197
f 380/444/240 379/444/240 377/443/240
f 378/443/197 381/445/197 380/444/197
f 380/444/196 381/445/196 383/446/196
f 382/447/242 379/444/242 380/444/242
f 380/444/196 383/446/196 382/447/196
f 381/445/243 384/448/243 383/446/243
f 383/446/244 384/448/244 386/449/244
f 382/447/195 383/446/195 385/450/195
f 383/446/244 386/449/244 385/450/244
f 384/448/195 387/451/195 386/449/195
f 386/449/194 387/451/194 388/452/194
f 386/449/245 389/453/245 385/450/245
f 386/449/194 388/452/194 173/262/194
f 386/449/246 173/262/246 389/453/246
f 173/262/187 172/264/187 389/453/187
f 390/454/194 389/453/194 179/268/194
f 179/268/185 389/453/185 172/264/185
f 390/454/194 385/450/194 389/453/194
f 382/447/195 385/450/195 390/454/195
f 390/454/247 179/268/247 392/268/247
f 390/454/248 393/447/248 382/447/248
f 390/454/247 392/268/247 391/454/247
f 390/454/248 391/454/248 393/447/248
f 395/284/196 393/447/196 394/282/196
f 394/282/195 393/447/195 391/454/195
f 395/284/196 379/444/196 393/447/196
f 382/447/242 393/447/242 379/444/242
f 372/441/197 379/444/197 395/284/197
f 396/282/152 395/284/152 394/282/152
f 373/284/152 372/441/152 395/284/152
f 396/282/152 373/284/152 395/284/152
f 188/273/154 200/282/154 396/282/154
f 188/273/152 396/282/152 394/282/152
f 396/282/154 203/284/154 373/284/154
f 396/282/154 200/282/154 203/284/154
f 394/282/195 391/454/195 397/273/195
f 188/273/152 394/282/152 397/273/152
f 397/273/194 391/454/194 392/268/194
f 397/273/194 392/268/194 185/272/194
f 188/273/152 397/273/152 185/272/152
f 179/268/249 178/266/249 392/268/249
f 185/272/185 392/268/185 178/266/185
f 388/455/154 387/456/154 398/457/154
f 173/262/185 388/452/185 169/257/185
f 169/259/154 388/455/154 398/457/154
f 400/458/196 399/459/196 398/460/196
f 398/457/250 399/461/250 169/259/250
f 384/448/195 398/460/195 387/451/195
f 400/458/196 398/460/196 384/448/196
f 401/462/197 399/459/197 400/458/197
f 402/463/251 400/458/251 381/445/251
f 381/445/243 400/458/243 384/448/243
f 402/463/251 401/462/251 400/458/251
f 403/464/252 401/462/252 402/463/252
f 404/442/182 402/463/182 378/443/182
f 378/443/197 402/463/197 381/445/197
f 404/442/182 403/464/182 402/463/182
f 378/443/253 375/442/253 404/442/253
f 404/442/254 375/442/254 406/465/254
f 405/465/180 403/464/180 404/442/180
f 404/442/254 406/465/254 405/465/254
f 408/466/179 406/465/179 376/439/179
f 376/439/180 406/465/180 375/442/180
f 408/466/179 407/243/179 406/465/179
f 405/465/255 406/465/255 407/243/255
f 409/467/175 407/243/175 408/466/175
f 411/439/152 408/466/152 376/439/152
f 410/466/152 409/467/152 408/466/152
f 411/439/152 410/466/152 408/466/152
f 369/440/256 366/439/256 411/439/256
f 369/440/152 411/439/152 376/439/152
f 411/439/154 412/466/154 410/466/154
f 411/439/256 366/439/256 412/466/256
f 414/468/175 412/466/175 367/438/175
f 367/438/179 412/466/179 366/439/179
f 414/468/175 413/467/175 412/466/175
f 410/466/154 412/466/154 413/467/154
f 415/469/174 413/467/174 414/468/174
f 417/438/152 414/468/152 367/438/152
f 416/468/152 415/469/152 414/468/152
f 417/438/152 416/468/152 414/468/152
f 418/470/175 417/438/175 361/433/175
f 361/433/179 417/438/179 362/434/179
f 362/434/152 417/438/152 367/438/152
f 418/470/175 416/468/175 417/438/175
f 419/471/174 416/468/174 418/470/174
f 419/472/152 418/473/152 420/474/152
f 418/473/152 361/436/152 420/474/152
f 358/429/200 356/427/200 420/475/200
f 420/474/152 361/436/152 358/432/152
f 420/475/203 356/427/203 422/425/203
f 420/475/203 422/425/203 421/476/203
f 420/474/152 421/477/152 419/472/152
f 422/425/239 423/478/239 421/476/239
f 356/427/152 347/425/152 422/425/152
f 343/422/152 422/425/152 347/425/152
f 422/425/239 343/422/239 423/478/239
f 421/477/152 423/479/152 424/480/152
f 343/422/217 340/419/217 423/478/217
f 423/479/152 340/420/152 424/480/152
f 426/410/169 424/481/169 338/415/169
f 338/416/152 424/480/152 340/420/152
f 425/482/170 419/471/170 424/481/170
f 426/410/169 425/482/169 424/481/169
f 424/480/152 419/472/152 421/477/152
f 335/411/165 426/410/165 338/415/165
f 335/411/152 334/410/152 426/410/152
f 426/410/152 334/410/152 427/482/152
f 426/410/152 427/482/152 425/482/152
f 425/482/152 427/482/152 415/469/152
f 428/483/170 415/469/170 427/482/170
f 429/484/169 428/483/169 427/482/169
f 429/484/169 427/482/169 334/410/169
f 332/407/165 429/484/165 334/410/165
f 430/484/154 428/483/154 429/484/154
f 431/407/256 429/484/256 332/407/256
f 431/407/154 430/484/154 429/484/154
f 431/407/152 432/484/152 430/484/152
f 329/406/152 328/407/152 431/407/152
f 329/406/256 431/407/256 332/407/256
f 431/407/152 328/407/152 432/484/152
f 433/237/169 434/483/169 432/484/169
f 435/485/165 433/237/165 432/484/165
f 430/484/152 432/484/152 434/483/152
f 435/485/165 432/484/165 328/407/165
f 326/405/164 435/485/164 328/407/164
f 436/485/257 433/237/257 435/485/257
f 437/405/258 435/485/258 326/405/258
f 437/405/258 436/485/258 435/485/258
f 438/486/164 436/485/164 437/405/164
f 439/487/163 438/486/163 437/405/163
f 439/487/163 437/405/163 324/404/163
f 324/404/259 437/405/259 326/405/259
f 440/488/260 438/486/260 439/487/260
f 441/489/261 440/488/261 439/487/261
f 322/402/225 439/487/225 324/404/225
f 441/489/261 439/487/261 322/402/261
f 442/490/225 440/488/225 441/489/225
f 443/491/226 442/490/226 441/489/226
f 319/397/236 441/489/236 322/402/236
f 443/491/226 441/489/226 319/397/226
f 318/396/148 443/491/148 319/397/148
f 443/492/154 318/493/154 320/494/154
f 442/495/192 443/492/192 444/496/192
f 444/496/154 443/492/154 320/494/154
f 136/217/153 444/497/153 137/218/153
f 444/496/154 136/224/154 442/495/154
f 444/497/151 320/399/151 315/394/151
f 444/497/151 315/394/151 137/218/151
f 442/490/225 140/226/225 440/488/225
f 442/495/154 136/224/154 140/225/154
f 140/226/163 143/228/163 440/488/163
f 440/488/260 143/228/260 438/486/260
f 143/228/167 145/234/167 438/486/167
f 438/486/164 145/234/164 436/485/164
f 145/234/165 148/237/165 436/485/165
f 436/485/257 148/237/257 433/237/257
f 430/484/152 434/483/152 445/483/152
f 445/483/152 434/483/152 154/240/152
f 151/236/170 154/240/170 434/483/170
f 433/237/169 151/236/169 434/483/169
f 445/483/154 447/240/154 428/483/154
f 430/484/154 445/483/154 428/483/154
f 445/483/152 154/240/152 446/240/152
f 445/483/256 446/240/256 447/240/256
f 448/467/256 447/240/256 446/240/256
f 415/469/174 447/240/174 413/467/174
f 428/483/170 447/240/170 415/469/170
f 448/467/154 413/467/154 447/240/154
f 410/466/154 413/467/154 448/467/154
f 410/466/152 448/467/152 409/467/152
f 448/467/152 446/240/152 154/240/152
f 448/467/152 154/240/152 409/467/152
f 148/237/172 151/236/172 433/237/172
f 425/482/152 415/469/152 449/469/152
f 425/482/170 449/469/170 419/471/170
f 419/471/174 449/469/174 416/468/174
f 416/468/152 449/469/152 415/469/152
f 154/240/174 155/239/174 409/467/174
f 409/467/175 155/239/175 407/243/175
f 158/243/176 407/243/176 155/239/176
f 405/465/255 407/243/255 158/243/255
f 158/243/179 161/246/179 405/465/179
f 405/465/180 161/246/180 403/464/180
f 161/246/181 164/249/181 403/464/181
f 403/464/252 164/249/252 401/462/252
f 164/249/182 166/253/182 401/462/182
f 401/462/197 166/253/197 399/459/197
f 399/461/154 166/255/154 169/259/154
f 373/284/154 203/284/154 370/441/154
f 364/437/182 370/441/182 204/283/182
f 204/283/197 370/441/197 203/284/197
f 207/283/152 364/437/152 204/283/152
f 221/301/154 350/303/154 222/303/154
f 221/301/152 228/303/152 350/303/152
f 346/423/217 278/356/217 344/417/217
f 278/356/218 277/360/218 344/417/218
f 341/360/152 344/417/152 277/360/152
f 280/359/152 341/360/152 277/360/152
f 341/360/158 280/359/158 288/421/158
f 130/212/162 137/218/162 316/393/162
f 316/393/232 137/218/232 315/394/232
f 316/393/151 309/389/151 131/211/151
f 130/212/153 316/393/153 131/211/153
f 300/391/250 451/207/250 121/207/250
f 300/380/154 297/379/154 450/380/154
f 300/391/154 450/391/154 451/207/154
f 451/207/150 452/201/150 113/198/150
f 115/203/151 451/207/151 113/198/151
f 451/207/150 450/391/150 452/201/150
f 121/207/154 451/207/154 115/203/154
f 450/380/148 453/374/148 452/192/148
f 110/201/152 113/198/152 452/201/152
f 110/192/152 452/192/152 453/374/152
f 110/192/152 453/374/152 291/374/152
f 291/374/152 453/374/152 290/375/152
f 297/379/226 290/375/226 453/374/226
f 450/380/148 297/379/148 453/374/148
f 291/374/226 284/369/226 108/193/226
f 110/192/148 291/374/148 108/193/148
f 280/359/155 282/362/155 288/421/155
f 108/197/152 284/366/152 109/195/152
f 454/498/262 272/357/262 231/307/262
f 267/354/224 272/357/224 454/498/224
f 268/352/217 267/354/217 454/498/217
f 237/312/239 268/352/239 454/498/239
f 237/312/239 454/498/239 455/307/239
f 454/498/262 231/307/262 455/307/262
f 230/306/201 455/307/201 231/307/201
f 230/306/203 237/312/203 455/307/203
f 237/312/263 456/499/263 268/352/263
f 268/352/264 456/499/264 264/348/264
f 263/346/217 264/348/217 456/499/217
f 242/320/239 263/346/239 456/499/239
f 242/320/239 456/499/239 457/500/239
f 237/312/263 457/500/263 456/499/263
f 236/311/203 242/320/203 457/500/203
f 236/311/205 457/500/205 237/312/205
f 263/349/154 242/321/154 458/501/154
f 458/501/154 260/345/154 263/349/154
f 260/341/170 458/502/170 257/338/170
f 257/338/174 458/502/174 243/324/174
f 243/322/154 458/501/154 242/321/154
f 206/291/152 198/335/152 211/295/152
f 206/286/196 197/280/196 198/278/196
f 459/503/265 463/504/265 460/505/265
f 461/506/266 459/507/266 460/508/266
f 461/509/267 462/510/267 459/511/267
f 459/503/265 462/512/265 463/504/265
f 460/505/268 463/504/268 465/513/268
f 462/512/266 464/504/266 463/504/266
f 463/504/266 464/504/266 466/513/266
f 463/504/266 466/513/266 465/513/266
f 465/513/266 466/513/266 468/514/266
f 464/504/268 467/515/268 466/513/268
f 466/513/269 467/515/269 469/516/269
f 466/513/269 469/516/269 468/514/269
f 470/516/270 471/517/270 469/516/270
f 472/515/270 470/516/270 469/516/270
f 468/514/271 469/516/271 471/517/271
f 472/515/270 469/516/270 467/515/270
f 474/518/270 472/515/270 467/515/270
f 474/518/266 473/515/266 472/515/266
f 472/515/266 473/515/266 475/516/266
f 472/515/266 475/516/266 470/516/266
f 470/516/266 475/516/266 477/519/266
f 473/515/269 476/520/269 475/516/269
f 475/516/271 476/520/271 478/521/271
f 475/516/271 478/521/271 477/519/271
f 477/519/272 478/521/272 479/522/272
f 480/523/273 479/522/273 478/521/273
f 481/524/274 478/521/274 476/520/274
f 481/524/274 480/523/274 478/521/274
f 483/525/269 482/526/269 481/524/269
f 481/524/271 482/526/271 484/527/271
f 483/525/275 481/524/275 476/520/275
f 481/524/271 484/527/271 480/523/271
f 485/528/276 486/529/276 484/527/276
f 487/530/277 485/528/277 484/527/277
f 480/523/272 484/527/272 486/529/272
f 487/530/277 484/527/277 482/526/277
f 489/531/269 488/532/269 487/530/269
f 487/530/271 488/532/271 490/533/271
f 489/531/278 487/530/278 482/526/278
f 487/530/271 490/533/271 485/528/271
f 485/528/272 490/533/272 492/534/272
f 488/532/279 491/535/279 490/533/279
f 490/533/280 491/535/280 493/536/280
f 490/533/280 493/536/280 492/534/280
f 491/535/281 494/537/281 493/536/281
f 493/536/282 494/537/282 496/538/282
f 492/534/283 493/536/283 495/539/283
f 493/536/284 496/538/284 495/539/284
f 494/537/285 497/540/285 496/538/285
f 496/538/286 497/540/286 499/541/286
f 495/539/287 496/538/287 498/542/287
f 496/538/286 499/541/286 498/542/286
f 500/543/288 501/544/288 499/541/288
f 502/545/289 500/543/289 499/541/289
f 498/542/290 499/541/290 501/544/290
f 502/545/289 499/541/289 497/540/289
f 503/546/291 500/543/291 502/545/291
f 505/547/292 503/546/292 502/545/292
f 504/548/293 502/545/293 497/540/293
f 505/547/292 502/545/292 504/548/292
f 507/549/272 506/550/272 505/547/272
f 505/547/285 506/550/285 508/551/285
f 507/549/294 505/547/294 504/548/294
f 505/547/285 508/551/285 503/546/285
f 508/552/270 506/553/270 510/554/270
f 503/546/295 508/551/295 509/555/295
f 509/556/270 508/552/270 510/554/270
f 514/557/296 511/558/296 510/559/296
f 510/554/270 511/560/270 509/556/270
f 513/561/297 510/559/297 512/562/297
f 512/563/270 510/554/270 506/553/270
f 514/557/296 510/559/296 513/561/296
f 516/564/298 511/558/298 514/557/298
f 517/565/299 514/557/299 515/566/299
f 515/566/300 514/557/300 513/561/300
f 517/565/299 516/564/299 514/557/299
f 520/567/301 516/564/301 517/565/301
f 518/568/302 517/565/302 515/566/302
f 519/569/303 517/565/303 518/568/303
f 520/567/301 517/565/301 519/569/301
f 521/570/304 516/564/304 520/567/304
f 523/571/305 521/570/305 520/567/305
f 522/572/306 520/567/306 519/569/306
f 523/571/305 520/567/305 522/572/305
f 524/573/307 523/571/307 522/572/307
f 523/574/270 524/575/270 525/576/270
f 521/577/270 523/574/270 525/576/270
f 526/578/308 525/579/308 528/580/308
f 525/576/270 526/581/270 521/577/270
f 525/579/309 527/582/309 529/583/309
f 525/576/270 524/575/270 527/584/270
f 525/579/309 529/583/309 528/580/309
f 527/582/310 531/585/310 529/583/310
f 532/586/311 529/583/311 530/587/311
f 530/587/312 529/583/312 531/585/312
f 532/586/311 528/580/311 529/583/311
f 534/588/313 528/580/313 532/586/313
f 535/589/314 532/586/314 533/590/314
f 533/590/315 532/586/315 530/587/315
f 535/589/314 534/588/314 532/586/314
f 501/544/316 534/588/316 535/589/316
f 535/589/317 537/591/317 536/592/317
f 501/544/318 535/589/318 536/592/318
f 535/589/317 533/590/317 537/591/317
f 533/590/309 539/593/309 537/591/309
f 537/591/319 540/594/319 538/595/319
f 536/592/320 537/591/320 538/595/320
f 537/591/321 539/593/321 540/594/321
f 539/593/322 542/596/322 540/594/322
f 540/594/323 543/597/323 541/598/323
f 538/595/324 540/594/324 541/598/324
f 540/594/323 542/596/323 543/597/323
f 543/597/325 546/599/325 544/600/325
f 541/598/310 543/597/310 544/600/310
f 542/596/326 545/601/326 543/597/326
f 543/597/325 545/601/325 546/599/325
f 545/601/327 548/602/327 546/599/327
f 549/603/328 546/599/328 547/604/328
f 547/604/329 546/599/329 548/602/329
f 549/603/328 544/600/328 546/599/328
f 551/605/330 544/600/330 549/603/330
f 549/603/325 552/606/325 550/607/325
f 551/605/310 549/603/310 550/607/310
f 549/603/325 547/604/325 552/606/325
f 547/604/327 554/608/327 552/606/327
f 554/608/331 553/609/331 552/606/331
f 552/606/332 553/609/332 555/607/332
f 552/606/332 555/607/332 550/607/332
f 550/607/333 555/607/333 557/610/333
f 555/607/325 558/611/325 556/612/325
f 557/610/310 555/607/310 556/612/310
f 555/607/325 553/609/325 558/611/325
f 559/611/266 556/612/266 558/611/266
f 561/613/266 559/611/266 558/611/266
f 553/609/327 560/614/327 558/611/327
f 561/613/266 558/611/266 560/614/266
f 562/615/270 563/613/270 561/613/270
f 562/615/266 561/613/266 560/614/266
f 561/613/270 564/616/270 559/611/270
f 561/613/270 563/613/270 564/616/270
f 559/611/270 564/616/270 566/612/270
f 564/616/327 567/617/327 565/618/327
f 566/612/325 564/616/325 565/618/325
f 564/616/327 563/613/327 567/617/327
f 563/613/334 568/619/334 567/617/334
f 570/619/266 567/617/266 568/619/266
f 569/620/266 565/618/266 567/617/266
f 570/619/266 569/620/266 567/617/266
f 570/619/335 573/621/335 571/622/335
f 569/620/334 570/619/334 571/622/334
f 570/619/335 572/623/335 573/621/335
f 572/623/266 570/619/266 568/619/266
f 571/624/266 573/625/266 574/626/266
f 572/623/336 574/627/336 573/621/336
f 575/628/337 576/629/337 574/627/337
f 572/623/336 575/628/336 574/627/336
f 574/626/266 576/630/266 571/624/266
f 577/631/338 578/632/338 576/629/338
f 575/628/337 577/631/337 576/629/337
f 578/633/266 579/634/266 576/630/266
f 579/634/266 571/624/266 576/630/266
f 581/635/327 579/636/327 580/637/327
f 580/638/266 579/634/266 578/633/266
f 569/620/334 571/622/334 579/636/334
f 581/635/327 569/620/327 579/636/327
f 582/639/325 581/635/325 580/637/325
f 581/635/266 583/639/266 565/618/266
f 569/620/266 581/635/266 565/618/266
f 581/635/266 582/639/266 583/639/266
f 582/639/266 584/640/266 583/639/266
f 566/612/339 565/618/339 583/639/339
f 585/641/310 566/612/310 583/639/310
f 585/641/310 583/639/310 584/640/310
f 586/642/309 585/641/309 584/640/309
f 588/643/270 566/612/270 585/641/270
f 587/641/270 585/641/270 586/642/270
f 588/643/270 585/641/270 587/641/270
f 588/643/266 589/641/266 556/612/266
f 559/611/266 588/643/266 556/612/266
f 559/611/270 566/612/270 588/643/270
f 588/643/266 587/641/266 589/641/266
f 557/610/310 556/612/310 589/641/310
f 591/644/309 557/610/309 589/641/309
f 591/644/309 589/641/309 590/642/309
f 587/641/266 590/642/266 589/641/266
f 592/645/317 591/644/317 590/642/317
f 594/646/340 557/610/340 591/644/340
f 593/647/341 591/644/341 592/645/341
f 594/646/340 591/644/340 593/647/340
f 551/605/310 550/607/310 594/646/310
f 595/648/309 551/605/309 594/646/309
f 550/607/333 557/610/333 594/646/333
f 595/648/309 594/646/309 593/647/309
f 597/649/342 596/650/342 595/648/342
f 595/648/343 596/650/343 598/651/343
f 597/649/317 595/648/317 593/647/317
f 595/648/343 598/651/343 551/605/343
f 541/598/310 544/600/310 598/651/310
f 599/652/309 541/598/309 598/651/309
f 551/605/330 598/651/330 544/600/330
f 599/652/309 598/651/309 596/650/309
f 600/653/317 599/652/317 596/650/317
f 538/595/324 541/598/324 599/652/324
f 601/654/344 538/595/344 599/652/344
f 601/654/344 599/652/344 600/653/344
f 536/592/345 538/595/345 601/654/345
f 603/655/346 536/592/346 601/654/346
f 602/656/347 601/654/347 600/653/347
f 603/655/346 601/654/346 602/656/346
f 501/544/318 536/592/318 603/655/318
f 498/542/290 501/544/290 603/655/290
f 604/657/348 603/655/348 602/656/348
f 604/657/348 498/542/348 603/655/348
f 495/539/349 498/542/349 604/657/349
f 606/658/350 604/657/350 605/659/350
f 605/659/351 604/657/351 602/656/351
f 606/658/350 495/539/350 604/657/350
f 608/660/285 606/658/285 607/661/285
f 607/661/295 606/658/295 605/659/295
f 492/534/283 495/539/283 606/658/283
f 608/660/285 492/534/285 606/658/285
f 485/528/272 492/534/272 608/660/272
f 608/660/352 609/662/352 486/529/352
f 485/528/276 608/660/276 486/529/276
f 608/660/352 607/661/352 609/662/352
f 607/661/353 611/663/353 609/662/353
f 612/664/285 609/662/285 610/665/285
f 610/665/286 609/662/286 611/663/286
f 612/664/285 486/529/285 609/662/285
f 480/523/272 486/529/272 612/664/272
f 612/664/354 610/665/354 613/665/354
f 480/523/273 612/664/273 479/522/273
f 612/664/354 613/665/354 479/522/354
f 616/666/285 613/665/285 614/667/285
f 614/667/286 613/665/286 615/668/286
f 610/665/355 615/668/355 613/665/355
f 616/666/285 479/522/285 613/665/285
f 477/519/272 479/522/272 616/666/272
f 617/666/266 616/666/266 614/667/266
f 618/517/266 477/519/266 616/666/266
f 618/517/266 616/666/266 617/666/266
f 618/517/270 617/666/270 619/666/270
f 470/516/266 477/519/266 618/517/266
f 470/516/270 618/517/270 471/517/270
f 618/517/270 619/666/270 471/517/270
f 622/669/272 619/666/272 620/670/272
f 620/670/285 619/666/285 621/667/285
f 617/666/270 621/667/270 619/666/270
f 622/669/272 471/517/272 619/666/272
f 468/514/356 471/517/356 622/669/356
f 623/671/266 622/669/266 620/670/266
f 624/672/266 468/514/266 622/669/266
f 624/672/266 622/669/266 623/671/266
f 626/673/269 624/672/269 625/674/269
f 625/674/271 624/672/271 623/671/271
f 465/513/266 468/514/266 624/672/266
f 626/673/269 465/513/269 624/672/269
f 460/505/268 465/513/268 626/673/268
f 460/508/266 626/675/266 461/506/266
f 626/675/266 625/676/266 627/677/266
f 461/506/266 626/675/266 627/677/266
f 628/678/266 627/677/266 625/676/266
f 628/679/357 629/680/357 627/681/357
f 627/681/358 629/680/358 630/682/358
f 627/681/358 630/682/358 461/509/358
f 461/509/267 630/682/267 462/510/267
f 462/510/266 630/682/266 631/683/266
f 630/682/266 629/680/266 632/680/266
f 630/682/266 632/680/266 631/683/266
f 634/684/357 633/685/357 632/680/357
f 632/680/358 633/685/358 635/686/358
f 632/680/358 635/686/358 631/683/358
f 629/680/266 634/684/266 632/680/266
f 631/683/267 635/686/267 636/687/267
f 638/687/270 636/687/270 635/686/270
f 637/688/270 635/686/270 633/685/270
f 638/687/270 635/686/270 637/688/270
f 638/687/266 637/688/266 642/686/266
f 638/689/266 641/518/266 474/518/266
f 638/689/270 474/518/270 640/690/270
f 638/687/266 642/686/266 639/687/266
f 638/689/266 639/689/266 641/518/266
f 638/689/270 640/690/270 636/689/270
f 644/691/358 643/692/358 642/686/358
f 642/686/267 643/692/267 645/693/267
f 642/686/267 645/693/267 639/687/267
f 637/688/266 644/691/266 642/686/266
f 639/689/265 645/694/265 646/695/265
f 647/693/359 645/693/359 643/692/359
f 647/694/360 646/695/360 645/694/360
f 649/692/267 648/696/267 647/693/267
f 647/694/265 648/697/265 651/698/265
f 647/693/359 643/692/359 649/692/359
f 647/694/265 651/698/265 650/699/265
f 647/694/360 650/699/360 646/695/360
f 652/700/361 653/701/361 651/698/361
f 654/702/362 652/700/362 651/698/362
f 650/699/268 651/698/268 653/701/268
f 654/702/363 651/698/363 648/697/363
f 657/703/364 654/704/364 648/696/364
f 655/705/267 656/706/267 654/704/267
f 657/703/364 655/705/364 654/704/364
f 654/702/265 658/707/265 652/700/265
f 654/702/265 656/708/265 658/707/265
f 652/700/268 658/707/268 660/709/268
f 656/708/365 659/710/365 658/707/365
f 658/707/366 659/710/366 661/711/366
f 658/707/366 661/711/366 660/709/366
f 659/710/367 662/712/367 661/711/367
f 661/711/368 662/712/368 664/713/368
f 660/709/369 661/711/369 663/714/369
f 661/711/368 664/713/368 663/714/368
f 662/712/269 665/715/269 664/713/269
f 664/713/271 665/715/271 667/716/271
f 663/714/370 664/713/370 666/717/370
f 664/713/271 667/716/271 666/717/271
f 668/718/371 669/719/371 667/716/371
f 670/720/372 668/718/372 667/716/372
f 666/717/272 667/716/272 669/719/272
f 670/720/372 667/716/372 665/715/372
f 671/721/373 668/718/373 670/720/373
f 673/722/374 671/721/374 670/720/374
f 672/723/375 670/720/375 665/715/375
f 673/722/374 670/720/374 672/723/374
f 675/724/268 674/725/268 673/722/268
f 673/722/269 674/725/269 676/726/269
f 675/724/376 673/722/376 672/723/376
f 673/722/269 676/726/269 671/721/269
f 674/727/270 678/728/270 676/729/270
f 677/730/270 676/729/270 679/731/270
f 671/721/271 676/726/271 677/732/271
f 678/728/270 679/731/270 676/729/270
f 681/733/377 512/562/377 679/734/377
f 679/731/270 512/563/270 677/730/270
f 680/735/378 679/734/378 678/736/378
f 681/733/377 679/734/377 680/735/377
f 513/561/297 512/562/297 681/733/297
f 683/737/379 681/733/379 682/738/379
f 682/738/380 681/733/380 680/735/380
f 683/737/379 513/561/379 681/733/379
f 515/566/300 513/561/300 683/737/300
f 685/739/381 683/737/381 684/740/381
f 684/740/382 683/737/382 682/738/382
f 685/739/383 515/566/383 683/737/383
f 518/568/302 515/566/302 685/739/302
f 687/741/298 685/739/298 686/742/298
f 686/742/384 685/739/384 684/740/384
f 687/741/298 518/568/298 685/739/298
f 692/743/304 518/568/304 687/741/304
f 687/741/385 690/744/385 688/745/385
f 691/746/386 687/741/386 688/745/386
f 687/741/385 686/742/385 690/744/385
f 692/743/304 687/741/304 689/747/304
f 691/746/386 689/747/386 687/741/386
f 519/569/303 518/568/303 692/743/303
f 694/748/387 519/569/387 692/743/387
f 693/749/388 692/743/388 689/747/388
f 694/748/389 692/743/389 693/749/389
f 522/572/306 519/569/306 694/748/306
f 696/750/390 522/572/390 694/748/390
f 695/751/391 694/748/391 693/749/391
f 696/750/390 694/748/390 695/751/390
f 524/573/307 522/572/307 696/750/307
f 698/752/392 524/573/392 696/750/392
f 697/753/393 696/750/393 695/751/393
f 698/752/392 696/750/392 697/753/392
f 699/754/394 698/752/394 697/753/394
f 698/755/270 699/756/270 700/757/270
f 524/575/270 698/755/270 527/584/270
f 700/757/270 527/584/270 698/755/270
f 527/582/310 700/758/310 531/585/310
f 700/758/325 701/759/325 702/760/325
f 700/757/270 699/756/270 701/761/270
f 700/758/325 702/760/325 531/585/325
f 701/759/327 704/762/327 702/760/327
f 705/763/395 702/760/395 703/764/395
f 703/764/396 702/760/396 704/762/396
f 705/763/395 531/585/395 702/760/395
f 530/587/312 531/585/312 705/763/312
f 707/765/397 705/763/397 706/766/397
f 706/766/398 705/763/398 703/764/398
f 707/765/397 530/587/397 705/763/397
f 533/590/399 530/587/399 707/765/399
f 707/765/310 708/767/310 539/593/310
f 533/590/309 707/765/309 539/593/309
f 707/765/310 706/766/310 708/767/310
f 706/766/325 709/768/325 708/767/325
f 708/767/400 710/769/400 542/596/400
f 539/593/322 708/767/322 542/596/322
f 708/767/400 709/768/400 710/769/400
f 709/768/401 711/770/401 710/769/401
f 710/769/402 712/771/402 545/601/402
f 542/596/326 710/769/326 545/601/326
f 710/769/402 711/770/402 712/771/402
f 712/771/334 714/772/334 548/602/334
f 545/601/327 712/771/327 548/602/327
f 711/770/403 713/773/403 712/771/403
f 712/771/334 713/773/334 714/772/334
f 713/773/335 716/774/335 714/772/335
f 717/775/404 714/772/404 715/776/404
f 715/776/405 714/772/405 716/774/405
f 717/775/404 548/602/404 714/772/404
f 547/604/329 548/602/329 717/775/329
f 717/775/334 718/777/334 554/608/334
f 547/604/327 717/775/327 554/608/327
f 717/775/334 715/776/334 718/777/334
f 715/776/335 719/778/335 718/777/335
f 719/778/406 720/779/406 718/777/406
f 718/777/407 721/608/407 554/608/407
f 718/777/407 720/779/407 721/608/407
f 554/608/331 721/608/331 553/609/331
f 721/608/334 722/615/334 560/614/334
f 553/609/327 721/608/327 560/614/327
f 721/608/334 720/779/334 722/615/334
f 720/779/335 723/780/335 722/615/335
f 724/781/266 722/615/266 723/780/266
f 562/615/266 560/614/266 722/615/266
f 724/781/266 562/615/266 722/615/266
f 724/781/266 727/782/266 725/783/266
f 724/781/270 725/783/270 728/784/270
f 724/781/270 729/785/270 562/615/270
f 724/781/266 723/780/266 727/782/266
f 724/781/270 728/784/270 726/781/270
f 724/781/270 726/781/270 729/785/270
f 729/785/335 730/786/335 568/619/335
f 563/613/334 729/785/334 568/619/334
f 729/785/335 726/781/335 730/786/335
f 562/615/270 729/785/270 563/613/270
f 726/781/336 731/628/336 730/786/336
f 572/623/266 730/786/266 731/628/266
f 572/623/266 568/619/266 730/786/266
f 572/623/266 731/628/266 575/628/266
f 575/628/266 731/628/266 732/787/266
f 728/784/337 732/787/337 731/628/337
f 726/781/336 728/784/336 731/628/336
f 575/628/266 732/787/266 577/631/266
f 577/631/266 732/787/266 734/788/266
f 733/789/338 734/788/338 732/787/338
f 728/784/337 733/789/337 732/787/337
f 735/790/394 736/791/394 734/788/394
f 733/789/338 735/790/338 734/788/338
f 737/788/266 734/788/266 736/791/266
f 577/631/266 734/788/266 737/788/266
f 737/788/394 739/792/394 578/632/394
f 577/631/338 737/788/338 578/632/338
f 737/788/266 736/791/266 738/791/266
f 737/788/394 738/791/394 739/792/394
f 578/633/266 739/793/266 742/794/266
f 738/791/392 740/795/392 739/792/392
f 739/793/266 740/796/266 741/797/266
f 741/797/266 742/794/266 739/793/266
f 743/798/310 742/799/310 741/800/310
f 582/639/325 580/637/325 742/799/325
f 743/798/408 582/639/408 742/799/408
f 742/794/266 580/638/266 578/633/266
f 744/801/309 743/798/309 741/800/309
f 582/639/266 743/798/266 584/640/266
f 743/798/266 744/801/266 745/802/266
f 743/798/266 745/802/266 584/640/266
f 586/642/309 584/640/309 745/802/309
f 747/803/317 586/642/317 745/802/317
f 747/803/308 745/802/308 746/804/308
f 744/801/266 746/804/266 745/802/266
f 748/805/318 747/803/318 746/804/318
f 750/806/270 586/642/270 747/803/270
f 749/807/270 747/803/270 748/805/270
f 750/806/270 747/803/270 749/807/270
f 587/641/270 586/642/270 750/806/270
f 587/641/266 750/806/266 590/642/266
f 750/806/266 749/807/266 751/807/266
f 750/806/266 751/807/266 590/642/266
f 592/645/317 590/642/317 751/807/317
f 753/808/318 592/645/318 751/807/318
f 753/808/318 751/807/318 752/805/318
f 749/807/266 752/805/266 751/807/266
f 757/645/409 753/808/409 754/809/409
f 755/810/410 754/809/410 753/808/410
f 756/811/290 753/808/290 752/805/290
f 757/645/409 592/645/409 753/808/409
f 755/810/410 753/808/410 615/668/410
f 756/811/290 615/668/290 753/808/290
f 597/649/317 593/647/317 757/645/317
f 758/812/318 597/649/318 757/645/318
f 593/647/341 592/645/341 757/645/341
f 758/812/318 757/645/318 754/809/318
f 758/812/411 759/813/411 760/814/411
f 761/815/412 759/813/412 758/812/412
f 755/810/290 758/812/290 754/809/290
f 758/812/411 760/814/411 597/649/411
f 761/815/412 758/812/412 611/663/412
f 755/810/290 611/663/290 758/812/290
f 607/661/286 605/659/286 761/815/286
f 761/815/290 605/659/290 762/816/290
f 607/661/353 761/815/353 611/663/353
f 761/815/290 762/816/290 759/813/290
f 762/816/318 760/814/318 759/813/318
f 602/656/347 600/653/347 762/816/347
f 605/659/351 602/656/351 762/816/351
f 762/816/318 600/653/318 760/814/318
f 600/653/317 596/650/317 760/814/317
f 597/649/342 760/814/342 596/650/342
f 764/817/266 756/811/266 763/818/266
f 763/818/266 756/811/266 752/805/266
f 614/667/286 615/668/286 756/811/286
f 764/817/266 614/667/266 756/811/266
f 764/817/270 763/818/270 765/818/270
f 617/666/266 614/667/266 764/817/266
f 617/666/270 764/817/270 621/667/270
f 764/817/270 765/818/270 621/667/270
f 763/818/270 748/805/270 765/818/270
f 767/819/295 765/818/295 766/820/295
f 766/820/290 765/818/290 748/805/290
f 767/819/286 621/667/286 765/818/286
f 769/821/266 767/819/266 768/819/266
f 768/819/266 767/819/266 766/820/266
f 620/670/285 621/667/285 767/819/285
f 769/821/266 620/670/266 767/819/266
f 771/822/272 769/821/272 770/823/272
f 770/823/285 769/821/285 768/819/285
f 623/671/266 620/670/266 769/821/266
f 771/822/413 623/671/413 769/821/413
f 625/674/271 623/671/271 771/822/271
f 625/676/266 771/824/266 772/825/266
f 771/824/266 770/826/266 773/827/266
f 773/827/266 772/825/266 771/824/266
f 774/828/297 775/829/297 773/830/297
f 773/827/266 776/831/266 774/832/266
f 773/830/377 775/829/377 777/833/377
f 773/830/377 777/833/377 772/834/377
f 770/826/266 776/831/266 773/827/266
f 772/834/378 777/833/378 779/835/378
f 777/833/266 780/836/266 778/833/266
f 779/835/266 777/833/266 778/833/266
f 777/833/266 775/829/266 780/836/266
f 775/829/266 782/837/266 780/836/266
f 782/837/297 781/838/297 780/836/297
f 780/836/377 781/838/377 783/839/377
f 780/836/377 783/839/377 778/833/377
f 786/840/270 783/839/270 784/841/270
f 784/841/270 783/839/270 781/838/270
f 778/833/378 783/839/378 785/840/378
f 786/840/270 785/840/270 783/839/270
f 786/840/266 789/839/266 787/840/266
f 788/685/266 786/840/266 787/840/266
f 788/685/270 785/840/270 786/840/270
f 786/840/266 784/841/266 789/839/266
f 784/841/266 791/838/266 789/839/266
f 791/838/377 790/842/377 789/839/377
f 789/839/378 790/842/378 792/843/378
f 789/839/378 792/843/378 787/840/378
f 795/844/414 792/843/414 793/843/414
f 793/843/415 792/843/415 790/842/415
f 787/840/357 792/843/357 794/844/357
f 795/844/414 794/844/414 792/843/414
f 793/843/357 796/845/357 795/844/357
f 795/844/358 796/845/358 657/703/358
f 795/844/358 657/703/358 649/692/358
f 649/692/416 794/844/416 795/844/416
f 798/846/417 797/847/417 796/845/417
f 796/845/418 797/847/418 655/705/418
f 796/845/418 655/705/418 657/703/418
f 793/843/357 798/846/357 796/845/357
f 800/848/419 799/849/419 798/846/419
f 798/846/417 799/849/417 797/847/417
f 801/842/378 798/846/378 793/843/378
f 801/842/378 800/848/378 798/846/378
f 793/843/420 790/842/420 801/842/420
f 801/842/421 790/842/421 803/850/421
f 802/851/377 800/848/377 801/842/377
f 801/842/421 803/850/421 802/851/421
f 805/852/297 803/850/297 791/838/297
f 791/838/377 803/850/377 790/842/377
f 805/852/297 804/853/297 803/850/297
f 802/851/422 803/850/422 804/853/422
f 806/854/296 804/853/296 805/852/296
f 808/855/266 805/852/266 791/838/266
f 807/852/266 806/854/266 805/852/266
f 808/855/266 807/852/266 805/852/266
f 784/841/270 781/838/270 808/855/270
f 808/855/270 781/838/270 809/852/270
f 784/841/266 808/855/266 791/838/266
f 808/855/270 809/852/270 807/852/270
f 811/856/296 809/852/296 782/837/296
f 782/837/297 809/852/297 781/838/297
f 811/856/296 810/854/296 809/852/296
f 807/852/270 809/852/270 810/854/270
f 812/857/298 810/854/298 811/856/298
f 814/858/266 811/856/266 782/837/266
f 813/859/266 812/857/266 811/856/266
f 814/858/266 813/859/266 811/856/266
f 815/860/296 814/858/296 774/828/296
f 774/828/297 814/858/297 775/829/297
f 775/829/266 814/858/266 782/837/266
f 815/860/296 813/859/296 814/858/296
f 816/861/298 813/859/298 815/860/298
f 816/862/266 815/863/266 817/864/266
f 815/863/266 774/832/266 817/864/266
f 776/865/286 818/820/286 817/866/286
f 776/831/266 817/864/266 774/832/266
f 817/866/290 818/820/290 820/867/290
f 817/866/290 820/867/290 819/868/290
f 817/864/266 819/869/266 816/862/266
f 820/867/318 823/870/318 819/868/318
f 818/820/266 821/871/266 820/867/266
f 822/804/266 820/867/266 821/871/266
f 820/867/318 822/804/318 823/870/318
f 819/869/266 823/872/266 825/873/266
f 822/804/317 824/874/317 823/870/317
f 823/872/266 824/875/266 825/873/266
f 828/876/305 825/877/305 826/878/305
f 825/873/266 824/875/266 826/879/266
f 827/880/304 816/861/304 825/877/304
f 828/876/305 827/880/305 825/877/305
f 825/873/266 816/862/266 819/869/266
f 830/881/307 828/876/307 826/878/307
f 830/881/266 829/882/266 828/876/266
f 828/876/266 829/882/266 831/883/266
f 828/876/266 831/883/266 827/880/266
f 827/880/266 831/883/266 812/857/266
f 832/884/304 812/857/304 831/883/304
f 833/885/305 832/884/305 831/883/305
f 833/885/305 831/883/305 829/882/305
f 834/885/270 832/884/270 833/885/270
f 836/886/270 834/885/270 833/885/270
f 835/887/307 833/885/307 829/882/307
f 836/886/270 833/885/270 835/887/270
f 836/886/266 839/888/266 834/885/266
f 837/889/266 838/887/266 836/886/266
f 837/889/270 836/886/270 835/887/270
f 836/886/266 838/887/266 839/888/266
f 834/885/266 839/888/266 841/884/266
f 840/890/305 841/884/305 839/888/305
f 842/891/307 840/890/307 839/888/307
f 842/891/307 839/888/307 838/887/307
f 843/892/392 842/891/392 838/887/392
f 844/891/423 840/890/423 842/891/423
f 845/893/424 842/891/424 843/892/424
f 845/893/424 844/891/424 842/891/424
f 846/894/392 844/891/392 845/893/392
f 848/895/394 846/894/394 845/893/394
f 848/895/394 845/893/394 847/896/394
f 847/896/425 845/893/425 843/892/425
f 849/897/426 846/894/426 848/895/426
f 851/898/427 849/897/427 848/895/427
f 850/899/338 848/895/338 847/896/338
f 851/898/427 848/895/427 850/899/427
f 852/900/338 849/897/338 851/898/338
f 854/901/337 852/900/337 851/898/337
f 853/902/428 851/898/428 850/899/428
f 854/901/337 851/898/337 853/902/337
f 856/903/336 854/901/336 853/902/336
f 856/903/429 855/904/429 854/901/429
f 854/901/430 855/904/430 857/905/430
f 854/901/430 857/905/430 852/900/430
f 855/904/431 858/906/431 857/905/431
f 857/905/432 858/906/432 860/907/432
f 852/900/433 857/905/433 859/908/433
f 857/905/432 860/907/432 859/908/432
f 861/909/394 862/910/394 860/907/394
f 863/911/338 861/909/338 860/907/338
f 859/908/434 860/907/434 862/910/434
f 863/911/338 860/907/338 858/906/338
f 864/912/435 861/909/435 863/911/435
f 866/913/436 864/912/436 863/911/436
f 865/914/337 863/911/337 858/906/337
f 866/913/436 863/911/436 865/914/436
f 867/915/437 864/912/437 866/913/437
f 869/916/438 867/915/438 866/913/438
f 868/917/439 866/913/439 865/914/439
f 869/916/438 866/913/438 868/917/438
f 870/918/336 867/915/336 869/916/336
f 872/919/335 870/918/335 869/916/335
f 873/920/440 869/916/440 868/917/440
f 872/919/335 869/916/335 871/921/335
f 873/920/440 871/921/440 869/916/440
f 875/922/441 871/921/441 873/920/441
f 876/923/442 873/920/442 874/924/442
f 874/924/443 873/920/443 868/917/443
f 876/923/442 875/922/442 873/920/442
f 878/925/444 875/922/444 876/923/444
f 876/923/334 879/926/334 877/927/334
f 878/925/327 876/923/327 877/927/327
f 876/923/334 874/924/334 879/926/334
f 874/924/335 881/928/335 879/926/335
f 879/926/445 882/929/445 880/930/445
f 877/927/446 879/926/446 880/930/446
f 879/926/445 881/928/445 882/929/445
f 882/929/447 881/928/447 883/931/447
f 856/903/429 882/929/429 855/904/429
f 880/930/448 882/929/448 856/903/448
f 882/929/447 883/931/447 855/904/447
f 865/914/337 858/906/337 883/931/337
f 884/932/336 865/914/336 883/931/336
f 855/904/431 883/931/431 858/906/431
f 884/932/336 883/931/336 881/928/336
f 868/917/449 865/914/449 884/932/449
f 874/924/443 868/917/443 884/932/443
f 874/924/335 884/932/335 881/928/335
f 880/930/448 856/903/448 713/773/448
f 711/770/403 880/930/403 713/773/403
f 877/927/446 880/930/446 711/770/446
f 706/766/398 703/764/398 878/925/398
f 878/925/444 703/764/444 875/922/444
f 878/925/327 877/927/327 709/768/327
f 706/766/325 878/925/325 709/768/325
f 709/768/401 877/927/401 711/770/401
f 703/764/396 704/762/396 875/922/396
f 875/922/441 704/762/441 871/921/441
f 885/933/334 872/919/334 871/921/334
f 872/934/270 885/935/270 886/936/270
f 887/937/270 870/938/270 872/934/270
f 886/936/270 887/937/270 872/934/270
f 870/918/336 887/939/336 867/915/336
f 887/939/337 886/940/337 888/941/337
f 887/939/337 888/941/337 867/915/337
f 886/940/338 889/942/338 888/941/338
f 888/941/450 890/943/450 864/912/450
f 867/915/437 888/941/437 864/912/437
f 888/941/450 889/942/450 890/943/450
f 889/942/451 891/944/451 890/943/451
f 890/943/452 892/945/452 861/909/452
f 864/912/435 890/943/435 861/909/435
f 890/943/452 891/944/452 892/945/452
f 891/944/453 893/946/453 892/945/453
f 892/945/392 894/947/392 862/910/392
f 861/909/394 892/945/394 862/910/394
f 892/945/392 893/946/392 894/947/392
f 893/946/307 896/948/307 894/947/307
f 897/949/454 894/947/454 895/950/454
f 895/950/455 894/947/455 896/948/455
f 897/949/454 862/910/454 894/947/454
f 859/908/434 862/910/434 897/949/434
f 899/951/456 897/949/456 898/952/456
f 898/952/457 897/949/457 895/950/457
f 899/951/456 859/908/456 897/949/456
f 899/951/394 900/953/394 849/897/394
f 852/900/338 899/951/338 849/897/338
f 852/900/433 859/908/433 899/951/433
f 899/951/394 898/952/394 900/953/394
f 898/952/392 901/954/392 900/953/392
f 900/953/458 902/955/458 846/894/458
f 849/897/426 900/953/426 846/894/426
f 900/953/458 901/954/458 902/955/458
f 901/954/459 903/956/459 902/955/459
f 902/955/307 904/957/307 844/891/307
f 846/894/460 902/955/460 844/891/460
f 902/955/307 903/956/307 904/957/307
f 904/957/461 906/958/461 840/890/461
f 844/891/423 904/957/423 840/890/423
f 903/956/388 905/959/388 904/957/388
f 904/957/461 905/959/461 906/958/461
f 905/959/462 907/960/462 906/958/462
f 906/958/304 908/961/304 841/884/304
f 840/890/305 906/958/305 841/884/305
f 906/958/304 907/960/304 908/961/304
f 910/884/266 908/961/266 909/962/266
f 912/963/266 909/962/266 908/961/266
f 908/961/298 907/960/298 911/964/298
f 908/961/298 911/964/298 806/854/298
f 912/963/266 908/961/266 806/854/266
f 910/884/266 841/884/266 908/961/266
f 807/852/270 810/854/270 912/963/270
f 807/852/266 912/963/266 806/854/266
f 912/963/270 913/961/270 909/962/270
f 912/963/270 810/854/270 913/961/270
f 910/884/270 909/962/270 913/961/270
f 812/857/298 913/961/298 810/854/298
f 832/884/304 913/961/304 812/857/304
f 910/884/270 913/961/270 832/884/270
f 806/854/296 911/964/296 804/853/296
f 915/853/463 804/853/463 911/964/463
f 914/965/464 911/964/464 907/960/464
f 915/853/463 911/964/463 914/965/463
f 914/965/296 916/966/296 915/853/296
f 915/853/297 916/966/297 917/967/297
f 915/853/297 917/967/297 802/851/297
f 802/851/422 804/853/422 915/853/422
f 916/966/465 918/968/465 917/967/465
f 917/967/466 918/968/466 919/969/466
f 802/851/467 917/967/467 800/848/467
f 917/967/466 919/969/466 800/848/466
f 918/968/377 920/970/377 919/969/377
f 919/969/378 920/970/378 921/971/378
f 800/848/419 919/969/419 799/849/419
f 919/969/378 921/971/378 799/849/378
f 799/849/357 921/971/357 923/972/357
f 922/973/468 923/972/468 921/971/468
f 924/974/469 922/973/469 921/971/469
f 924/974/470 921/971/470 920/970/470
f 925/975/471 922/973/471 924/974/471
f 927/976/472 925/975/472 924/974/472
f 926/977/473 924/974/473 920/970/473
f 927/976/472 924/974/472 926/977/472
f 929/978/297 928/979/297 927/976/297
f 927/976/377 928/979/377 930/980/377
f 929/978/474 927/976/474 926/977/474
f 927/976/377 930/980/377 925/975/377
f 928/979/475 931/981/475 930/980/475
f 930/980/476 931/981/476 933/982/476
f 925/975/378 930/980/378 932/983/378
f 930/980/476 933/982/476 932/983/476
f 931/981/477 934/984/477 933/982/477
f 933/982/478 934/984/478 936/985/478
f 932/983/479 933/982/479 935/986/479
f 933/982/478 936/985/478 935/986/478
f 934/984/357 937/987/357 936/985/357
f 936/985/358 937/987/358 939/988/358
f 935/986/480 936/985/480 938/989/480
f 936/985/358 939/988/358 938/989/358
f 937/990/270 941/991/270 939/992/270
f 941/991/270 940/993/270 939/992/270
f 938/989/267 939/988/267 940/994/267
f 942/995/265 940/996/265 941/997/265
f 675/724/268 941/997/268 674/725/268
f 674/727/270 941/991/270 937/990/270
f 942/995/265 941/997/265 675/724/265
f 938/989/267 940/994/267 942/998/267
f 944/999/481 942/998/481 943/1000/481
f 942/995/482 945/1001/482 943/1002/482
f 944/999/481 938/989/481 942/998/481
f 942/995/482 675/724/482 945/1001/482
f 675/724/376 672/723/376 945/1001/376
f 945/1001/483 947/1003/483 946/1004/483
f 943/1002/484 945/1001/484 946/1004/484
f 945/1001/483 672/723/483 947/1003/483
f 672/723/375 665/715/375 947/1003/375
f 948/1005/268 947/1003/268 662/712/268
f 662/712/269 947/1003/269 665/715/269
f 948/1005/268 946/1004/268 947/1003/268
f 949/1006/265 946/1004/265 948/1005/265
f 950/1007/485 948/1005/485 659/710/485
f 659/710/367 948/1005/367 662/712/367
f 950/1007/485 949/1006/485 948/1005/485
f 951/1008/486 950/1009/486 656/706/486
f 656/708/365 950/1007/365 659/710/365
f 952/1010/487 949/1011/487 950/1009/487
f 952/1010/487 950/1009/487 951/1008/487
f 954/1012/358 953/1013/358 952/1010/358
f 952/1010/267 953/1013/267 955/1014/267
f 954/1012/488 952/1010/488 951/1008/488
f 952/1010/267 955/1014/267 949/1011/267
f 949/1006/265 955/1015/265 946/1004/265
f 953/1013/489 943/1000/489 955/1014/489
f 943/1002/484 946/1004/484 955/1015/484
f 958/1016/357 956/1017/357 954/1012/357
f 954/1012/358 956/1017/358 953/1013/358
f 954/1012/488 951/1008/488 957/1018/488
f 958/1016/490 954/1012/490 957/1018/490
f 925/975/378 932/983/378 958/1016/378
f 958/1016/357 932/983/357 956/1017/357
f 958/1016/490 957/1018/490 922/973/490
f 925/975/471 958/1016/471 922/973/471
f 957/1018/491 959/1019/491 923/972/491
f 922/973/468 957/1018/468 923/972/468
f 957/1018/491 951/1008/491 959/1019/491
f 797/847/358 959/1019/358 655/705/358
f 655/705/267 959/1019/267 656/706/267
f 951/1008/486 656/706/486 959/1019/486
f 797/847/358 923/972/358 959/1019/358
f 932/983/479 935/986/479 956/1017/479
f 956/1017/492 935/986/492 944/999/492
f 956/1017/492 944/999/492 953/1013/492
f 953/1013/493 944/999/493 943/1000/493
f 935/986/480 938/989/480 944/999/480
f 934/984/357 678/736/357 937/987/357
f 937/990/270 678/728/270 674/727/270
f 680/735/378 678/736/378 934/984/378
f 931/981/477 680/735/477 934/984/477
f 682/738/380 680/735/380 931/981/380
f 928/979/494 682/738/494 931/981/494
f 686/742/296 684/740/296 929/978/296
f 929/978/297 684/740/297 928/979/297
f 929/978/495 926/977/495 960/1020/495
f 686/742/496 929/978/496 960/1020/496
f 960/1020/497 962/1021/497 961/1022/497
f 690/744/498 960/1020/498 961/1022/498
f 960/1020/497 926/977/497 962/1021/497
f 686/742/496 960/1020/496 690/744/496
f 963/1023/297 962/1021/297 918/968/297
f 918/968/377 962/1021/377 920/970/377
f 926/977/499 920/970/499 962/1021/499
f 963/1023/297 961/1022/297 962/1021/297
f 964/1024/296 961/1022/296 963/1023/296
f 965/1025/500 963/1023/500 916/966/500
f 916/966/501 963/1023/501 918/968/501
f 965/1025/500 964/1024/500 963/1023/500
f 966/1026/502 964/1024/502 965/1025/502
f 967/960/298 965/1025/298 914/965/298
f 914/965/296 965/1025/296 916/966/296
f 967/960/298 966/1026/298 965/1025/298
f 914/965/464 907/960/464 967/960/464
f 905/959/462 967/960/462 907/960/462
f 968/1027/304 966/1026/304 967/960/304
f 968/1027/304 967/960/304 905/959/304
f 969/1028/503 966/1026/503 968/1027/503
f 970/1029/504 969/1028/504 968/1027/504
f 903/956/305 968/1027/305 905/959/305
f 970/1029/504 968/1027/504 903/956/504
f 971/1030/305 969/1028/305 970/1029/305
f 972/1031/307 971/1030/307 970/1029/307
f 901/954/505 970/1029/505 903/956/505
f 972/1031/307 970/1029/307 901/954/307
f 898/952/392 972/1031/392 901/954/392
f 898/952/506 895/950/506 972/1031/506
f 972/1031/507 895/950/507 973/1032/507
f 972/1031/507 973/1032/507 971/1030/507
f 895/950/508 896/948/508 973/1032/508
f 973/1032/509 896/948/509 689/747/509
f 971/1030/510 973/1032/510 691/746/510
f 973/1032/511 689/747/511 691/746/511
f 971/1030/510 691/746/510 974/1033/510
f 971/1030/305 974/1033/305 969/1028/305
f 974/1033/304 976/1034/304 969/1028/304
f 974/1033/512 691/746/512 688/745/512
f 974/1033/512 688/745/512 975/1035/512
f 974/1033/304 975/1035/304 976/1034/304
f 976/1034/298 975/1035/298 977/1036/298
f 966/1026/502 976/1034/502 964/1024/502
f 969/1028/503 976/1034/503 966/1026/503
f 976/1034/298 977/1036/298 964/1024/298
f 964/1024/296 977/1036/296 961/1022/296
f 690/744/498 961/1022/498 977/1036/498
f 688/745/513 690/744/513 977/1036/513
f 688/745/513 977/1036/513 975/1035/513
f 684/740/514 682/738/514 928/979/514
f 799/849/357 923/972/357 797/847/357
f 834/885/270 910/884/270 832/884/270
f 834/885/266 841/884/266 910/884/266
f 693/749/305 689/747/305 896/948/305
f 893/946/307 693/749/307 896/948/307
f 695/751/515 693/749/515 893/946/515
f 891/944/516 695/751/516 893/946/516
f 697/753/393 695/751/393 891/944/393
f 889/942/451 697/753/451 891/944/451
f 699/754/394 697/753/394 889/942/394
f 886/940/338 699/754/338 889/942/338
f 699/756/270 886/936/270 701/761/270
f 885/935/270 701/761/270 886/936/270
f 701/759/327 885/933/327 704/762/327
f 885/933/334 871/921/334 704/762/334
f 856/903/336 853/902/336 716/774/336
f 713/773/335 856/903/335 716/774/335
f 853/902/428 850/899/428 978/1037/428
f 716/774/517 853/902/517 978/1037/517
f 978/1037/337 981/1038/337 979/1039/337
f 980/1040/336 978/1037/336 979/1039/336
f 978/1037/337 850/899/337 981/1038/337
f 716/774/517 978/1037/517 980/1040/517
f 850/899/338 847/896/338 981/1038/338
f 981/1038/518 983/1041/518 982/1042/518
f 979/1039/519 981/1038/519 982/1042/519
f 981/1038/518 847/896/518 983/1041/518
f 847/896/520 843/892/520 983/1041/520
f 983/1041/394 985/1043/394 984/1044/394
f 982/1042/338 983/1041/338 984/1044/338
f 983/1041/394 843/892/394 985/1043/394
f 843/892/392 838/887/392 985/1043/392
f 837/889/266 985/1043/266 838/887/266
f 986/1044/266 984/1044/266 985/1043/266
f 986/1044/266 985/1043/266 837/889/266
f 987/1045/266 984/1044/266 986/1044/266
f 986/1044/270 988/1043/270 735/790/270
f 987/1045/270 986/1044/270 735/790/270
f 986/1044/270 837/889/270 988/1043/270
f 988/1043/392 989/1046/392 736/791/392
f 735/790/394 988/1043/394 736/791/394
f 837/889/270 835/887/270 988/1043/270
f 988/1043/392 835/887/392 989/1046/392
f 835/887/307 829/882/307 989/1046/307
f 830/881/266 989/1046/266 829/882/266
f 738/791/266 736/791/266 989/1046/266
f 738/791/266 989/1046/266 830/881/266
f 725/783/266 990/1047/266 987/1045/266
f 987/1045/266 990/1047/266 984/1044/266
f 987/1045/270 735/790/270 733/789/270
f 725/783/270 987/1045/270 733/789/270
f 982/1042/338 984/1044/338 990/1047/338
f 991/1048/337 982/1042/337 990/1047/337
f 991/1048/337 990/1047/337 727/782/337
f 725/783/266 727/782/266 990/1047/266
f 979/1039/519 982/1042/519 991/1048/519
f 719/778/521 979/1039/521 991/1048/521
f 992/778/336 991/1048/336 727/782/336
f 719/778/521 991/1048/521 992/778/521
f 992/778/336 727/782/336 723/780/336
f 720/779/335 992/778/335 723/780/335
f 719/778/406 992/778/406 720/779/406
f 715/776/522 716/774/522 980/1040/522
f 980/1040/336 979/1039/336 719/778/336
f 715/776/335 980/1040/335 719/778/335
f 830/881/307 826/878/307 740/795/307
f 738/791/392 830/881/392 740/795/392
f 827/880/266 812/857/266 993/1049/266
f 827/880/304 993/1049/304 816/861/304
f 816/861/298 993/1049/298 813/859/298
f 813/859/266 993/1049/266 812/857/266
f 740/796/266 826/879/266 741/797/266
f 824/875/266 741/797/266 826/879/266
f 744/801/309 741/800/309 824/874/309
f 822/804/317 744/801/317 824/874/317
f 744/801/266 822/804/266 746/804/266
f 822/804/266 821/871/266 746/804/266
f 748/805/318 746/804/318 821/871/318
f 766/820/290 748/805/290 821/871/290
f 818/820/266 766/820/266 821/871/266
f 768/819/266 766/820/266 818/820/266
f 776/865/286 768/819/286 818/820/286
f 787/840/357 794/844/357 644/691/357
f 644/691/358 794/844/358 643/692/358
f 649/692/416 643/692/416 794/844/416
f 637/688/270 633/685/270 788/685/270
f 637/688/266 788/685/266 644/691/266
f 788/685/266 787/840/266 644/691/266
f 788/685/270 633/685/270 785/840/270
f 778/833/378 785/840/378 634/684/378
f 634/684/357 785/840/357 633/685/357
f 772/834/378 779/835/378 628/679/378
f 628/679/357 779/835/357 629/680/357
f 779/835/266 778/833/266 634/684/266
f 629/680/266 779/835/266 634/684/266
f 770/823/285 768/819/285 776/865/285
f 772/825/266 628/678/266 625/676/266
f 763/818/266 752/805/266 994/1050/266
f 763/818/270 994/1050/270 748/805/270
f 749/807/266 994/1050/266 752/805/266
f 749/807/270 748/805/270 994/1050/270
f 610/665/286 611/663/286 755/810/286
f 610/665/355 755/810/355 615/668/355
f 725/783/270 733/789/270 728/784/270
f 507/549/272 677/732/272 506/550/272
f 677/730/270 512/563/270 506/553/270
f 671/721/271 677/732/271 507/549/271
f 671/721/373 507/549/373 668/718/373
f 504/548/523 497/540/523 669/719/523
f 668/718/371 504/548/371 669/719/371
f 666/717/272 669/719/272 494/537/272
f 494/537/285 669/719/285 497/540/285
f 507/549/294 504/548/294 668/718/294
f 663/714/370 666/717/370 491/535/370
f 491/535/281 666/717/281 494/537/281
f 660/709/369 663/714/369 488/532/369
f 488/532/279 663/714/279 491/535/279
f 652/700/268 660/709/268 489/531/268
f 489/531/269 660/709/269 488/532/269
f 649/692/267 657/703/267 648/696/267
f 489/531/278 482/526/278 653/701/278
f 652/700/361 489/531/361 653/701/361
f 650/699/268 653/701/268 483/525/268
f 483/525/269 653/701/269 482/526/269
f 650/699/524 995/1051/524 646/695/524
f 650/699/524 483/525/524 995/1051/524
f 483/525/275 476/520/275 995/1051/275
f 641/518/268 995/1051/268 473/515/268
f 473/515/269 995/1051/269 476/520/269
f 641/518/268 646/695/268 995/1051/268
f 639/689/265 646/695/265 641/518/265
f 474/518/266 641/518/266 473/515/266
f 474/518/270 467/515/270 640/690/270
f 996/512/265 640/690/265 464/504/265
f 464/504/268 640/690/268 467/515/268
f 996/512/265 636/689/265 640/690/265
f 631/683/267 636/687/267 996/510/267
f 462/510/266 631/683/266 996/510/266
f 462/512/266 996/512/266 464/504/266
f 998/1052/525 997/1053/525 534/588/525
f 534/588/313 997/1053/313 528/580/313
f 501/544/316 998/1052/316 534/588/316
f 998/1052/525 999/1054/525 997/1053/525
f 1000/1055/526 999/1054/526 998/1052/526
f 500/543/288 998/1052/288 501/544/288
f 1000/1055/526 998/1052/526 500/543/526
f 503/546/295 509/555/295 1000/1055/295
f 1000/1055/290 509/555/290 1001/1056/290
f 503/546/291 1000/1055/291 500/543/291
f 1000/1055/290 1001/1056/290 999/1054/290
f 1001/1057/270 509/556/270 511/560/270
f 1001/1056/318 526/578/318 997/1053/318
f 526/581/270 1001/1057/270 1002/1058/270
f 1001/1056/318 997/1053/318 999/1054/318
f 511/560/270 1002/1058/270 1001/1057/270
f 521/570/304 1002/1059/304 516/564/304
f 1002/1058/270 521/577/270 526/581/270
f 516/564/298 1002/1059/298 511/558/298
f 526/578/308 528/580/308 997/1053/308
