# Blender 5.2.1 LTS
# www.blender.org
mtllib playerNew_body.mtl
o ICO球.037
v 0.182107 1.814619 0.059922
v 0.182107 1.795621 0.059922
v 0.190298 1.814619 0.023243
v 0.199646 1.814619 0.065693
v 0.166918 1.814619 0.094298
v 0.166918 1.795621 0.094298
v 0.182994 1.814619 0.103380
v 0.145314 1.814619 0.125050
v 0.145314 1.795621 0.125050
v 0.118126 1.814619 0.150996
v 0.159309 1.814619 0.137094
v 0.129503 1.814619 0.165539
v 0.159309 1.721422 0.137094
v 0.129503 1.721422 0.165539
v 0.182994 1.721422 0.103380
v 0.145314 1.721422 0.125050
v 0.166918 1.721422 0.094298
v 0.145314 1.740420 0.125050
v 0.118126 1.721422 0.150996
v 0.118126 1.740420 0.150996
v 0.086398 1.721422 0.171140
v 0.051350 1.721422 0.184707
v 0.094719 1.721422 0.187623
v 0.086398 1.740420 0.171140
v 0.051350 1.740420 0.184707
v 0.014329 1.740420 0.191176
v -0.023243 1.740420 0.190298
v 0.014329 1.721422 0.191176
v -0.023243 1.721422 0.190298
v 0.015709 1.721422 0.209588
v -0.025482 1.721422 0.208626
v 0.015709 1.814619 0.209588
v 0.056296 1.721422 0.202497
v 0.056296 1.814619 0.202497
v 0.094719 1.814619 0.187623
v 0.051350 1.814619 0.184707
v 0.086398 1.814619 0.171140
v 0.051350 1.795621 0.184707
v 0.014329 1.814619 0.191176
v 0.014329 1.795621 0.191176
v -0.023243 1.814619 0.190298
v -0.023243 1.795621 0.190298
v -0.025482 1.814619 0.208626
v -0.059922 1.814619 0.182107
v -0.059922 1.795621 0.182107
v -0.065693 1.814619 0.199646
v -0.094297 1.814619 0.166918
v -0.094297 1.795621 0.166918
v -0.103380 1.814619 0.182994
v -0.125050 1.814619 0.145314
v -0.125050 1.795621 0.145314
v -0.150996 1.814619 0.118126
v -0.137094 1.814619 0.159310
v -0.165539 1.814619 0.129503
v -0.137094 1.721422 0.159310
v -0.125050 1.721422 0.145314
v -0.165539 1.721422 0.129503
v -0.103380 1.721422 0.182994
v -0.094297 1.721422 0.166918
v -0.065693 1.721422 0.199646
v -0.059922 1.721422 0.182107
v -0.059922 1.740420 0.182107
v -0.094297 1.740420 0.166918
v -0.125050 1.740420 0.145314
v -0.150996 1.740420 0.118126
v -0.171140 1.740420 0.086398
v -0.150996 1.721422 0.118126
v -0.171140 1.721422 0.086398
v -0.184707 1.721422 0.051350
v -0.187623 1.721422 0.094720
v -0.202497 1.721422 0.056296
v -0.187623 1.814619 0.094720
v -0.202497 1.814619 0.056296
v -0.171140 1.814619 0.086398
v -0.171140 1.795621 0.086398
v -0.184707 1.814619 0.051350
v -0.184707 1.795621 0.051350
v -0.191176 1.814619 0.014329
v -0.191176 1.795621 0.014329
v -0.190298 1.814619 -0.023243
v -0.209589 1.814619 0.015709
v -0.208626 1.814619 -0.025482
v -0.209589 1.721422 0.015709
v -0.191176 1.721422 0.014329
v -0.208626 1.721422 -0.025482
v -0.190298 1.721422 -0.023243
v -0.199646 1.721422 -0.065692
v -0.182994 1.721422 -0.103380
v -0.199646 1.814619 -0.065692
v -0.182107 1.721422 -0.059922
v -0.166918 1.721422 -0.094297
v -0.182107 1.740420 -0.059922
v -0.190298 1.740420 -0.023243
v -0.166918 1.740420 -0.094297
v -0.145314 1.740420 -0.125050
v -0.118126 1.740420 -0.150996
v -0.145314 1.721422 -0.125050
v -0.118126 1.721422 -0.150996
v -0.159310 1.721422 -0.137093
v -0.129503 1.721422 -0.165539
v -0.159310 1.814619 -0.137093
v -0.129503 1.814619 -0.165539
v -0.182994 1.814619 -0.103380
v -0.145314 1.814619 -0.125050
v -0.145314 1.795621 -0.125050
v -0.166918 1.814619 -0.094297
v -0.118126 1.814619 -0.150996
v -0.118126 1.795621 -0.150996
v -0.086398 1.814619 -0.171140
v -0.086398 1.795621 -0.171140
v -0.094719 1.814619 -0.187623
v -0.051350 1.814619 -0.184707
v -0.051350 1.795621 -0.184707
v -0.056296 1.814619 -0.202497
v -0.014329 1.814619 -0.191176
v -0.014329 1.795621 -0.191176
v 0.023243 1.814619 -0.190298
v -0.015709 1.814619 -0.209588
v 0.025482 1.814619 -0.208626
v -0.015709 1.721422 -0.209588
v -0.014329 1.721422 -0.191175
v 0.025482 1.721422 -0.208626
v -0.056296 1.721422 -0.202497
v -0.051350 1.721422 -0.184707
v -0.094719 1.721422 -0.187623
v -0.086398 1.721422 -0.171140
v -0.086398 1.740420 -0.171140
v -0.051350 1.740420 -0.184707
v -0.014329 1.740420 -0.191175
v 0.023243 1.740420 -0.190298
v 0.059921 1.740420 -0.182107
v 0.023243 1.721422 -0.190298
v 0.059921 1.721422 -0.182107
v 0.094298 1.721422 -0.166918
v 0.065693 1.721422 -0.199646
v 0.103379 1.721422 -0.182994
v 0.065693 1.814619 -0.199646
v 0.103379 1.814619 -0.182994
v 0.059921 1.814619 -0.182107
v 0.059921 1.795621 -0.182107
v 0.094298 1.814619 -0.166918
v 0.094298 1.795621 -0.166917
v 0.125050 1.814619 -0.145313
v 0.125050 1.795621 -0.145313
v 0.150996 1.814619 -0.118125
v 0.137093 1.814619 -0.159309
v 0.165539 1.814619 -0.129502
v 0.137094 1.721422 -0.159309
v 0.125050 1.721422 -0.145313
v 0.165539 1.721422 -0.129502
v 0.150996 1.721422 -0.118125
v 0.187623 1.721422 -0.094719
v 0.202497 1.721422 -0.056296
v 0.187623 1.814619 -0.094719
v 0.171140 1.721422 -0.086398
v 0.184707 1.721422 -0.051350
v 0.171140 1.740420 -0.086398
v 0.150996 1.740420 -0.118125
v 0.184707 1.740420 -0.051350
v 0.191176 1.740420 -0.014329
v 0.190298 1.740420 0.023243
v 0.191176 1.721422 -0.014329
v 0.190298 1.721422 0.023243
v 0.209588 1.721422 -0.015709
v 0.208626 1.721422 0.025482
v 0.209588 1.814619 -0.015709
v 0.208626 1.814619 0.025482
v 0.202496 1.814619 -0.056296
v 0.191176 1.814619 -0.014329
v 0.191176 1.795621 -0.014329
v 0.184707 1.814619 -0.051350
v 0.184707 1.795621 -0.051350
v 0.171140 1.814619 -0.086398
v 0.171140 1.795621 -0.086398
v 0.150996 1.795621 -0.118125
v 0.190298 1.795621 0.023243
v 0.199646 1.721422 0.065693
v 0.182107 1.721422 0.059922
v 0.182107 1.740420 0.059922
v 0.166918 1.740420 0.094298
v 0.125050 1.740420 -0.145313
v 0.094298 1.740420 -0.166918
v 0.023243 1.795621 -0.190298
v -0.166918 1.795621 -0.094297
v -0.182107 1.814619 -0.059922
v -0.182107 1.795621 -0.059922
v -0.190298 1.795621 -0.023243
v -0.191176 1.740420 0.014329
v -0.184707 1.740420 0.051350
v -0.150996 1.795621 0.118126
v 0.086398 1.795621 0.171140
v 0.118126 1.795621 0.150996
v -0.605516 0.685012 0.528886
v -0.701192 0.753724 0.528886
v -0.605515 0.753725 0.612453
v -0.605516 0.685012 -0.528886
v -0.222578 0.685012 0.528886
v -0.165920 0.685012 0.528886
v -0.222578 0.685012 -0.528886
v -0.222578 0.753724 0.612453
v -0.165920 0.753724 0.612453
v -0.211262 0.811630 0.557746
v -0.524888 0.811630 0.557746
v -0.162148 0.811630 0.557746
v -0.211262 1.565570 0.557746
v -0.211262 1.029183 0.624174
v -0.524888 1.029183 0.624174
v -0.211262 1.348017 0.624174
v -0.524888 1.348017 0.624174
v -0.524888 1.565570 0.557746
v -0.605515 1.623475 0.612453
v -0.701191 1.623475 0.528886
v -0.605515 1.692188 0.528886
v -0.222578 1.623475 0.612453
v -0.165920 1.623475 0.612453
v -0.222578 1.692188 0.528886
v -0.165920 1.692188 0.528886
v -0.222578 1.692188 -0.528886
v -0.605515 1.692188 -0.528886
v -0.165920 1.692188 -0.528886
v -0.222578 1.623475 -0.612453
v -0.605515 1.623475 -0.612452
v -0.165920 1.623475 -0.612453
v -0.222578 0.753724 -0.612453
v -0.605515 0.753725 -0.612452
v -0.165920 0.753724 -0.612453
v 0.165115 0.753724 -0.612453
v -0.165920 0.685012 -0.528886
v 0.165115 0.685012 -0.528886
v 0.223513 0.685012 -0.528886
v 0.165115 0.685012 0.528886
v 0.223513 0.685012 0.528886
v 0.165115 0.753724 0.612453
v 0.223513 0.753724 0.612453
v 0.161227 0.811630 0.557746
v 0.211850 0.811630 0.557746
v 0.161227 1.565570 0.557746
v 0.161227 1.029183 0.624174
v -0.162148 1.029183 0.624174
v 0.161227 1.348017 0.624174
v -0.162149 1.348017 0.624174
v -0.162148 1.565570 0.557746
v 0.211850 1.565570 0.557746
v 0.165115 1.623475 0.612453
v 0.223513 1.623475 0.612453
v 0.165115 1.692188 0.528886
v 0.223513 1.692188 0.528886
v 0.165115 1.692188 -0.528886
v 0.223513 1.692188 -0.528886
v 0.165115 1.623475 -0.612453
v 0.223513 1.623475 -0.612453
v 0.605534 1.623475 -0.612452
v 0.223513 0.753724 -0.612453
v 0.605534 0.753725 -0.612452
v 0.605534 0.685012 -0.528886
v 0.701210 0.753724 -0.528886
v 0.701210 1.623475 -0.528886
v 0.701210 0.753724 0.528886
v 0.605534 0.685012 0.528886
v 0.605534 0.753725 0.612453
v 0.701210 1.623475 0.528886
v 0.605534 1.692188 0.528886
v 0.605534 1.623475 0.612453
v 0.524906 1.565570 0.557746
v 0.524906 0.811630 0.557746
v 0.524907 1.348017 0.624174
v 0.524907 1.029183 0.624174
v 0.211850 1.348017 0.624174
v 0.211850 1.029183 0.624174
v 0.605534 1.692188 -0.528886
v -0.701192 0.753724 -0.528886
v -0.701191 1.623475 -0.528886
v 0.779181 1.426590 0.306151
v 0.848338 1.479421 0.356396
v 0.752766 1.479421 0.387449
v 0.693698 1.479421 0.306151
v 0.752766 1.479421 0.224853
v 0.848338 1.479421 0.255907
v 0.805596 1.564905 0.387449
v 0.710025 1.564905 0.356396
v 0.710025 1.564905 0.255907
v 0.805596 1.564905 0.224853
v 0.864664 1.564905 0.306151
v 0.779181 1.617736 0.306151
v 0.772884 1.356598 0.130714
v 0.772884 1.490350 0.249363
v 0.777915 1.356269 0.131085
v 0.777915 1.490021 0.249734
v 0.782752 1.355295 0.132183
v 0.782752 1.489048 0.250832
v 0.787211 1.353714 0.133965
v 0.787211 1.487466 0.252614
v 0.791118 1.351586 0.136364
v 0.791118 1.485338 0.255013
v 0.794325 1.348993 0.139288
v 0.794325 1.482745 0.257937
v 0.796708 1.346034 0.142623
v 0.796708 1.479786 0.261272
v 0.798176 1.342824 0.146242
v 0.798176 1.476576 0.264890
v 0.798671 1.339486 0.150005
v 0.798671 1.473238 0.268654
v 0.798176 1.336147 0.153768
v 0.798176 1.469899 0.272417
v 0.796708 1.332937 0.157387
v 0.796708 1.466689 0.276036
v 0.794325 1.329978 0.160722
v 0.794325 1.463731 0.279371
v 0.791118 1.327385 0.163646
v 0.791118 1.461137 0.282295
v 0.787211 1.325257 0.166045
v 0.787211 1.459009 0.284694
v 0.782752 1.323676 0.167827
v 0.782752 1.457428 0.286476
v 0.777915 1.322702 0.168925
v 0.777915 1.456454 0.287574
v 0.772884 1.322373 0.169296
v 0.772884 1.456125 0.287945
v 0.767853 1.322702 0.168925
v 0.767853 1.456454 0.287574
v 0.763016 1.323676 0.167827
v 0.763016 1.457428 0.286476
v 0.758557 1.325257 0.166045
v 0.758557 1.459009 0.284694
v 0.754650 1.327385 0.163646
v 0.754650 1.461137 0.282295
v 0.751443 1.329978 0.160722
v 0.751443 1.463731 0.279371
v 0.749060 1.332937 0.157387
v 0.749060 1.466689 0.276036
v 0.747592 1.336147 0.153768
v 0.747592 1.469899 0.272417
v 0.747097 1.339486 0.150005
v 0.747097 1.473238 0.268654
v 0.747592 1.342824 0.146242
v 0.747592 1.476576 0.264890
v 0.749060 1.346034 0.142623
v 0.749060 1.479786 0.261272
v 0.751443 1.348993 0.139288
v 0.751443 1.482745 0.257937
v 0.754650 1.351586 0.136364
v 0.754650 1.485338 0.255013
v 0.758557 1.353714 0.133965
v 0.758557 1.487466 0.252614
v 0.763016 1.355295 0.132183
v 0.763016 1.489048 0.250832
v 0.767853 1.356269 0.131085
v 0.767853 1.490021 0.249734
v 0.000000 0.450885 -0.000000
v 0.299485 0.560405 0.217586
v -0.114391 0.560405 0.352065
v -0.370187 0.560405 -0.000000
v -0.114391 0.560405 -0.352065
v 0.299485 0.560405 -0.217586
v 0.114391 0.737613 0.352065
v -0.299485 0.737613 0.217586
v -0.299485 0.737613 -0.217586
v 0.114391 0.737613 -0.352065
v 0.370187 0.737613 -0.000000
v 0.000000 0.847134 -0.000000
v 0.865529 0.990431 0.084336
v 0.865529 0.982213 0.047535
v 0.865529 0.972833 0.090127
v 0.827757 0.982213 0.047535
v 0.865529 1.005672 0.118827
v 0.827757 1.005672 0.118827
v 0.827757 0.990431 0.084336
v 0.827757 0.987822 -0.027308
v 0.827757 1.340625 -0.070399
v 0.827757 1.078535 -0.143262
v 0.827757 1.001435 -0.062474
v 0.865529 0.987822 -0.027308
v 0.865529 0.981332 0.009837
v 0.827757 0.981332 0.009837
v 0.865529 0.969973 -0.032270
v 0.865529 0.962858 0.008452
v 0.865529 0.963824 0.049781
v 0.680239 0.962858 0.008452
v 0.680239 0.963824 0.049781
v 0.680239 0.972833 0.090127
v 0.680239 0.990431 0.084336
v 0.680239 1.005672 0.118827
v 0.680239 0.989541 0.127940
v 0.865529 0.989541 0.127940
v 0.680239 1.013305 0.161767
v 0.865529 1.013305 0.161767
v 0.865529 1.043212 0.190307
v 0.680239 1.043212 0.190307
v 0.680239 1.054627 0.175716
v 0.680239 1.027348 0.149683
v 0.718011 1.027348 0.149683
v 0.718011 1.054627 0.175716
v 0.718011 1.086461 0.195927
v 0.718011 0.990431 0.084336
v 0.718011 1.005672 0.118827
v 0.718011 0.981332 0.009837
v 0.718011 0.982213 0.047535
v 0.680239 0.981332 0.009837
v 0.718011 1.001435 -0.062474
v 0.718011 0.987822 -0.027308
v 0.680239 0.987822 -0.027308
v 0.718011 1.187525 -0.167602
v 0.718011 1.158772 0.216030
v 0.718011 1.364965 0.038591
v 0.680239 1.364084 0.000893
v 0.718011 1.364084 0.000893
v 0.680239 1.364965 0.038591
v 0.718011 1.344862 0.110901
v 0.718011 1.358474 0.075736
v 0.718011 1.298617 0.170014
v 0.718011 1.355865 -0.035908
v 0.718011 1.340625 -0.070399
v 0.718011 1.318949 -0.101255
v 0.718011 1.259836 -0.147499
v 0.680239 1.224670 -0.161112
v 0.718011 1.224670 -0.161112
v 0.680239 1.259836 -0.147499
v 0.680239 1.291669 -0.127288
v 0.718011 1.291669 -0.127288
v 0.680239 1.318949 -0.101255
v 0.680239 1.356755 -0.079512
v 0.680239 1.340625 -0.070399
v 0.680239 1.332991 -0.113339
v 0.865529 1.303085 -0.141879
v 0.680239 1.303085 -0.141879
v 0.865529 1.332991 -0.113339
v 0.865529 1.318949 -0.101255
v 0.865529 1.356755 -0.079512
v 0.865529 1.340625 -0.070399
v 0.680239 1.373463 -0.041699
v 0.865529 1.373463 -0.041699
v 0.680239 1.382473 -0.001353
v 0.865529 1.364084 0.000893
v 0.865529 1.355865 -0.035908
v 0.865529 1.382473 -0.001353
v 0.865529 1.383439 0.039976
v 0.680239 1.383439 0.039976
v 0.865529 1.376323 0.080698
v 0.865529 1.364965 0.038591
v 0.827757 1.364965 0.038591
v 0.827757 1.364084 0.000893
v 0.865529 1.358474 0.075736
v 0.865529 1.344862 0.110902
v 0.827757 1.358474 0.075736
v 0.827757 1.344862 0.110902
v 0.827757 1.267761 0.191690
v 0.827757 1.054627 0.175716
v 0.827757 1.324650 0.142735
v 0.827757 1.298617 0.170014
v 0.865529 1.267761 0.191690
v 0.827757 1.196469 0.215150
v 0.827757 1.233270 0.206931
v 0.827757 1.121627 0.209540
v 0.865529 1.121627 0.209540
v 0.827757 1.086461 0.195927
v 0.827757 1.158772 0.216030
v 0.865529 1.158772 0.216030
v 0.865529 1.196469 0.215150
v 0.865529 1.198715 0.233539
v 0.865529 1.157387 0.234505
v 0.680239 1.198715 0.233539
v 0.680239 1.157387 0.234505
v 0.865529 1.116664 0.227389
v 0.865529 1.078111 0.212465
v 0.680239 1.116664 0.227389
v 0.680239 1.121627 0.209540
v 0.680239 1.078111 0.212465
v 0.680239 1.086461 0.195927
v 0.718011 1.121627 0.209540
v 0.680239 1.158772 0.216030
v 0.718011 1.196469 0.215150
v 0.680239 1.196469 0.215150
v 0.718011 1.233270 0.206931
v 0.680239 1.233270 0.206931
v 0.718011 1.267761 0.191690
v 0.680239 1.239061 0.224529
v 0.680239 1.267761 0.191691
v 0.680239 1.276875 0.207821
v 0.680239 1.298617 0.170014
v 0.680239 1.324650 0.142735
v 0.680239 1.310701 0.184057
v 0.865529 1.310701 0.184057
v 0.865529 1.276875 0.207821
v 0.680239 1.339242 0.154151
v 0.680239 1.361400 0.119251
v 0.865529 1.339242 0.154150
v 0.865529 1.361400 0.119251
v 0.865529 1.324650 0.142735
v 0.865529 1.298617 0.170014
v 0.680239 1.376323 0.080698
v 0.680239 1.344861 0.110902
v 0.680239 1.358474 0.075736
v 0.718011 1.324650 0.142735
v 0.865529 1.233270 0.206931
v 0.865529 1.239061 0.224529
v 0.865529 1.086461 0.195927
v 0.865529 1.054627 0.175716
v 0.865529 1.027348 0.149683
v 0.827757 1.027348 0.149683
v 0.827757 1.355865 -0.035908
v 0.680239 1.355865 -0.035908
v 0.827757 1.318949 -0.101255
v 0.827757 1.291669 -0.127288
v 0.865529 1.291669 -0.127288
v 0.827757 1.224670 -0.161112
v 0.827757 1.259836 -0.147499
v 0.865529 1.259836 -0.147499
v 0.865529 1.224670 -0.161112
v 0.865529 1.268185 -0.164037
v 0.865529 1.229633 -0.178961
v 0.680239 1.268185 -0.164037
v 0.680239 1.229633 -0.178961
v 0.680239 1.187525 -0.167602
v 0.680239 1.188910 -0.186077
v 0.865529 1.188910 -0.186077
v 0.865529 1.187525 -0.167602
v 0.865529 1.147581 -0.185111
v 0.865529 1.149828 -0.166722
v 0.680239 1.147581 -0.185111
v 0.865529 1.107236 -0.176101
v 0.865529 1.113026 -0.158503
v 0.865529 1.078535 -0.143263
v 0.827757 1.113026 -0.158503
v 0.827757 1.149828 -0.166722
v 0.827757 1.187525 -0.167602
v 0.865529 1.069422 -0.159393
v 0.865529 1.047680 -0.121586
v 0.865529 1.021646 -0.094307
v 0.865529 1.035595 -0.135629
v 0.827757 1.047680 -0.121586
v 0.827757 1.021646 -0.094307
v 0.680239 1.035595 -0.135629
v 0.680239 1.069422 -0.159393
v 0.865529 1.007055 -0.105723
v 0.680239 0.984897 -0.070823
v 0.680239 1.007055 -0.105723
v 0.865529 0.984897 -0.070823
v 0.680239 0.969973 -0.032270
v 0.865529 1.001435 -0.062474
v 0.680239 1.001435 -0.062474
v 0.680239 1.021646 -0.094307
v 0.680239 1.047680 -0.121586
v 0.718011 1.021646 -0.094307
v 0.718011 1.047680 -0.121586
v 0.718011 1.113026 -0.158503
v 0.718011 1.078535 -0.143263
v 0.680239 1.078535 -0.143263
v 0.680239 1.107236 -0.176101
v 0.680239 1.113026 -0.158503
v 0.680239 1.149828 -0.166722
v 0.718011 1.149828 -0.166722
v 0.680239 0.982213 0.047535
v -0.310310 1.688524 0.054168
v -0.314919 1.688487 -0.007460
v -0.310875 1.747171 0.054267
v -0.310310 1.688524 0.054168
v -0.293767 1.688487 0.113713
v -0.294332 1.747133 0.113812
v -0.293767 1.688487 0.113713
v -0.265926 1.688374 0.168888
v -0.227859 1.688192 0.217570
v -0.265926 1.688374 0.168888
v -0.266492 1.747021 0.168986
v -0.228424 1.746838 0.217669
v -0.243799 1.746865 0.154582
v -0.208976 1.746698 0.199114
v -0.269265 1.746968 0.104113
v -0.243346 1.699887 0.154503
v -0.208524 1.699720 0.199035
v -0.268812 1.699990 0.104034
v -0.283945 1.700024 0.049566
v -0.288161 1.699990 -0.006808
v -0.284397 1.747003 0.049645
v -0.288614 1.746968 -0.006729
v -0.315485 1.747133 -0.007362
v -0.281753 1.746865 -0.062841
v -0.307984 1.747021 -0.068705
v -0.281300 1.699887 -0.062921
v -0.264077 1.746698 -0.116537
v -0.288660 1.746838 -0.127406
v -0.236267 1.746473 -0.165752
v -0.263624 1.699720 -0.116616
v -0.235814 1.699495 -0.165830
v -0.198938 1.699221 -0.208673
v -0.154412 1.698908 -0.243497
v -0.199390 1.746199 -0.208594
v -0.154865 1.745887 -0.243418
v -0.217944 1.746293 -0.228044
v -0.258258 1.746592 -0.181208
v -0.169268 1.745951 -0.266114
v -0.217379 1.687646 -0.228142
v -0.257693 1.687946 -0.181306
v -0.217379 1.687646 -0.228142
v -0.168703 1.687304 -0.266213
v -0.168703 1.687304 -0.266213
v -0.113536 1.686934 -0.294054
v -0.113536 1.686934 -0.294054
v -0.053997 1.686548 -0.310596
v -0.114101 1.745580 -0.293955
v -0.104402 1.745548 -0.268885
v -0.054562 1.745195 -0.310498
v -0.049940 1.745195 -0.284017
v 0.007060 1.744809 -0.315105
v 0.006428 1.744842 -0.288232
v 0.068397 1.744439 -0.307601
v 0.007625 1.686162 -0.315204
v 0.007625 1.686162 -0.315204
v 0.068962 1.685792 -0.307700
v 0.068962 1.685792 -0.307700
v 0.127658 1.685450 -0.288373
v 0.127658 1.685450 -0.288373
v 0.181456 1.685151 -0.257965
v 0.127092 1.744097 -0.288274
v 0.116226 1.744190 -0.263689
v 0.180890 1.743797 -0.257867
v 0.165436 1.743917 -0.235874
v 0.227723 1.743551 -0.217547
v 0.208276 1.743691 -0.198992
v 0.265791 1.743369 -0.168864
v 0.228288 1.684905 -0.217645
v 0.228288 1.684905 -0.217645
v 0.266356 1.684722 -0.168963
v 0.266356 1.684722 -0.168963
v 0.294197 1.684610 -0.113789
v 0.294197 1.684610 -0.113789
v 0.310739 1.684572 -0.054244
v 0.293631 1.743256 -0.113690
v 0.268565 1.743422 -0.103991
v 0.310174 1.743218 -0.054145
v 0.283697 1.743387 -0.049523
v 0.314784 1.743256 0.007484
v 0.287913 1.743422 0.006851
v 0.307283 1.743369 0.068827
v 0.315349 1.684610 0.007385
v 0.315349 1.684610 0.007385
v 0.307848 1.684722 0.068728
v 0.307848 1.684722 0.068728
v 0.288525 1.684905 0.127429
v 0.288525 1.684905 0.127429
v 0.258122 1.685151 0.181231
v 0.287960 1.743551 0.127528
v 0.263376 1.743691 0.116659
v 0.257557 1.743797 0.181330
v 0.235566 1.743917 0.165874
v 0.217243 1.744097 0.228166
v 0.198690 1.744190 0.208716
v 0.168567 1.744439 0.266236
v 0.217808 1.685450 0.228067
v 0.217808 1.685450 0.228067
v 0.169133 1.685792 0.266138
v 0.169133 1.685792 0.266138
v 0.113965 1.686162 0.293979
v 0.113965 1.686162 0.293979
v 0.054426 1.686548 0.310521
v 0.113400 1.744809 0.294077
v 0.103701 1.744842 0.269007
v 0.053862 1.745195 0.310620
v 0.049239 1.745195 0.284139
v -0.007761 1.745580 0.315227
v -0.007129 1.745548 0.288354
v -0.069098 1.745951 0.307723
v -0.007195 1.686934 0.315129
v -0.007195 1.686934 0.315129
v -0.068533 1.687304 0.307625
v -0.068533 1.687304 0.307625
v -0.127228 1.687646 0.288297
v -0.127228 1.687646 0.288297
v -0.181026 1.687946 0.257890
v -0.127793 1.746293 0.288396
v -0.116926 1.746199 0.263811
v -0.181591 1.746592 0.257988
v -0.166137 1.746473 0.235996
v -0.165684 1.699495 0.235917
v -0.116474 1.699221 0.263732
v -0.062783 1.698908 0.281411
v -0.006676 1.698569 0.288275
v -0.063236 1.745887 0.281490
v 0.049692 1.698217 0.284060
v 0.104154 1.697864 0.268928
v 0.154617 1.697525 0.243461
v 0.199143 1.697212 0.208637
v 0.154164 1.744503 0.243540
v 0.236019 1.696938 0.165794
v 0.263829 1.696713 0.116580
v 0.281505 1.696546 0.062885
v 0.288366 1.696443 0.006772
v 0.281052 1.743524 0.062963
v 0.284149 1.696409 -0.049602
v 0.269017 1.696443 -0.104070
v 0.243551 1.696546 -0.154540
v 0.208729 1.696713 -0.199071
v 0.243098 1.743524 -0.154460
v 0.165889 1.696938 -0.235953
v 0.116679 1.697212 -0.263768
v 0.062988 1.697525 -0.281447
v 0.006881 1.697864 -0.288311
v 0.062535 1.744503 -0.281368
v -0.049487 1.698217 -0.284096
v -0.103949 1.698569 -0.268964
v -0.181026 1.687946 0.257890
v -0.154127 1.687796 0.273094
v -0.165572 1.687826 0.235897
v -0.204442 1.688069 0.237730
v -0.227859 1.688192 0.217570
v -0.186991 1.687939 0.217456
v -0.187444 1.734917 0.217535
v -0.208411 1.688051 0.199015
v -0.208864 1.735029 0.199094
v -0.225822 1.688135 0.176750
v -0.226275 1.735113 0.176828
v -0.246893 1.688283 0.193229
v -0.243234 1.688218 0.154484
v -0.255967 1.688270 0.129249
v -0.243686 1.735197 0.154563
v -0.256419 1.735248 0.129328
v -0.269153 1.735300 0.104093
v -0.276719 1.735317 0.076859
v -0.268700 1.688321 0.104014
v -0.276266 1.688338 0.076780
v -0.283832 1.688356 0.049546
v -0.302038 1.688506 0.083941
v -0.285940 1.688338 0.021359
v -0.284285 1.735334 0.049625
v -0.286393 1.735317 0.021438
v -0.288502 1.735300 -0.006749
v -0.285071 1.735248 -0.034805
v -0.288049 1.688321 -0.006827
v -0.284618 1.688270 -0.034884
v -0.314919 1.688487 -0.007460
v -0.312614 1.688506 0.023354
v -0.311169 1.688430 -0.038132
v -0.307418 1.688374 -0.068804
v -0.307418 1.688374 -0.068804
v -0.281187 1.688218 -0.062940
v -0.297757 1.688283 -0.098154
v -0.288096 1.688192 -0.127504
v -0.272349 1.688135 -0.089788
v -0.272803 1.735113 -0.089709
v -0.263512 1.688051 -0.116636
v -0.263965 1.735029 -0.116556
v -0.249607 1.687939 -0.141243
v -0.250059 1.734917 -0.141164
v -0.272894 1.688069 -0.154405
v -0.235702 1.687826 -0.165850
v -0.257693 1.687946 -0.181306
v -0.217263 1.687690 -0.187271
v -0.236154 1.734805 -0.165771
v -0.217716 1.734668 -0.187192
v -0.199278 1.734531 -0.208614
v -0.177015 1.734374 -0.226026
v -0.198825 1.687552 -0.208693
v -0.176563 1.687396 -0.226105
v -0.193041 1.687475 -0.247178
v -0.154300 1.687240 -0.243517
v -0.129068 1.687070 -0.256250
v -0.154753 1.734218 -0.243438
v -0.129521 1.734049 -0.256171
v -0.104289 1.733879 -0.268905
v -0.077058 1.733703 -0.276471
v -0.103836 1.686901 -0.268984
v -0.076605 1.686724 -0.276550
v -0.083766 1.686741 -0.302325
v -0.049375 1.686548 -0.284116
v -0.053997 1.686548 -0.310596
v -0.021190 1.686372 -0.286223
v -0.049827 1.733526 -0.284037
v -0.021643 1.733350 -0.286144
v 0.006541 1.733174 -0.288252
v 0.034594 1.733004 -0.284820
v 0.006993 1.686195 -0.288331
v 0.035047 1.686026 -0.284899
v 0.038294 1.685977 -0.311452
v 0.063100 1.685856 -0.281466
v 0.089946 1.685700 -0.272627
v 0.062648 1.732834 -0.281387
v 0.089493 1.732678 -0.272548
v 0.116338 1.732522 -0.263708
v 0.140943 1.732385 -0.249801
v 0.116791 1.685544 -0.263787
v 0.141396 1.685407 -0.249880
v 0.154556 1.685300 -0.273169
v 0.166001 1.685270 -0.235972
v 0.181456 1.685151 -0.257965
v 0.187421 1.685157 -0.217531
v 0.165549 1.732248 -0.235893
v 0.186968 1.732135 -0.217452
v 0.208388 1.732023 -0.199011
v 0.225799 1.731940 -0.176746
v 0.208841 1.685045 -0.199090
v 0.226252 1.684961 -0.176825
v 0.247322 1.684813 -0.193304
v 0.243663 1.684878 -0.154559
v 0.256396 1.684826 -0.129324
v 0.243210 1.731856 -0.154480
v 0.255944 1.731804 -0.129245
v 0.268677 1.731753 -0.104011
v 0.276243 1.731736 -0.076777
v 0.269129 1.684775 -0.104090
v 0.276696 1.684757 -0.076855
v 0.302468 1.684591 -0.084016
v 0.284262 1.684740 -0.049622
v 0.310739 1.684572 -0.054244
v 0.286370 1.684757 -0.021435
v 0.283809 1.731718 -0.049542
v 0.285917 1.731736 -0.021356
v 0.288025 1.731753 0.006831
v 0.284595 1.731804 0.034887
v 0.288478 1.684775 0.006752
v 0.285048 1.684826 0.034808
v 0.311599 1.684666 0.038057
v 0.281617 1.684878 0.062865
v 0.272779 1.684961 0.089712
v 0.281164 1.731856 0.062944
v 0.272327 1.731940 0.089792
v 0.263489 1.732023 0.116639
v 0.249584 1.732135 0.141247
v 0.263942 1.685045 0.116560
v 0.250036 1.685157 0.141167
v 0.273324 1.685028 0.154330
v 0.236131 1.685270 0.165775
v 0.258122 1.685151 0.181231
v 0.217693 1.685407 0.187196
v 0.235678 1.732248 0.165854
v 0.217240 1.732385 0.187275
v 0.198802 1.732522 0.208696
v 0.176539 1.732678 0.226108
v 0.199255 1.685544 0.208617
v 0.176992 1.685700 0.226029
v 0.193471 1.685621 0.247102
v 0.154730 1.685856 0.243441
v 0.129498 1.686026 0.256175
v 0.154277 1.732834 0.243520
v 0.129045 1.733004 0.256254
v 0.103813 1.733174 0.268988
v 0.076582 1.733350 0.276554
v 0.104266 1.686195 0.268909
v 0.077035 1.686372 0.276475
v 0.084196 1.686355 0.302250
v 0.049804 1.686548 0.284041
v 0.054426 1.686548 0.310521
v 0.021620 1.686724 0.286148
v 0.049351 1.733526 0.284119
v 0.021167 1.733703 0.286227
v -0.007016 1.733879 0.288334
v -0.035070 1.734049 0.284902
v -0.006564 1.686901 0.288255
v -0.034617 1.687070 0.284823
v -0.037864 1.687119 0.311377
v -0.062671 1.687240 0.281391
v -0.089516 1.687396 0.272552
v -0.063123 1.734218 0.281470
v -0.089969 1.734374 0.272630
v -0.116814 1.734531 0.263791
v -0.141420 1.734668 0.249883
v -0.116361 1.687552 0.263712
v -0.140967 1.687690 0.249804
v -0.166025 1.734805 0.235976
v -0.097880 1.687475 0.297961
v 0.023616 1.686741 0.312825
v 0.141549 1.685977 0.280058
v 0.237966 1.685300 0.204649
v 0.298186 1.684813 0.098079
v 0.313044 1.684591 -0.023429
v 0.280277 1.684666 -0.141376
v 0.204872 1.685028 -0.237805
v 0.098310 1.685621 -0.298036
v -0.023186 1.686355 -0.312900
v -0.141119 1.687119 -0.280133
v -0.237536 1.687796 -0.204724
v -0.281640 1.735197 -0.062861
v -0.288096 1.688192 -0.127504
v -0.279847 1.688430 0.141300
vn -0.9147 -0.0000 -0.4042
vn -0.9760 -0.0000 -0.2179
vn -0.0000 1.0000 -0.0000
vn -0.8183 -0.0000 -0.5748
vn -0.6904 -0.0000 -0.7234
vn 0.6904 -0.0000 0.7234
vn 0.8183 -0.0000 0.5748
vn -0.0000 -1.0000 -0.0000
vn -0.8183 -0.0000 -0.5749
vn -0.5360 -0.0000 -0.8442
vn -0.3610 -0.0000 -0.9326
vn -0.1721 -0.0000 -0.9851
vn 0.0234 -0.0000 -0.9997
vn -0.0233 -0.0000 0.9997
vn 0.1721 -0.0000 0.9851
vn 0.3610 -0.0000 0.9326
vn 0.2179 -0.0000 -0.9760
vn 0.4042 -0.0000 -0.9147
vn 0.5748 -0.0000 -0.8183
vn 0.7234 -0.0000 -0.6904
vn -0.7234 -0.0000 0.6904
vn -0.5748 -0.0000 0.8183
vn -0.4042 -0.0000 0.9147
vn -0.2180 -0.0000 0.9760
vn 0.8442 -0.0000 -0.5360
vn 0.9326 -0.0000 -0.3610
vn -0.9326 -0.0000 0.3610
vn -0.8442 -0.0000 0.5360
vn 0.9851 -0.0000 -0.1721
vn 0.9997 -0.0000 0.0234
vn -0.9997 -0.0000 -0.0234
vn -0.9851 -0.0000 0.1721
vn -0.9760 -0.0000 -0.2180
vn -0.9147 -0.0000 -0.4041
vn 0.9147 -0.0000 0.4042
vn 0.9760 -0.0000 0.2179
vn 0.5360 -0.0000 0.8442
vn -0.0234 -0.0000 0.9997
vn 0.0233 -0.0000 -0.9997
vn -0.2179 -0.0000 0.9760
vn -0.4041 -0.0000 0.9147
vn 0.2180 -0.0000 -0.9760
vn -0.5749 -0.0000 0.8183
vn 0.9997 -0.0000 0.0233
vn 0.9760 -0.0000 0.2180
vn -0.5749 -0.0000 0.8182
vn -0.5833 -0.8122 -0.0000
vn -0.4851 -0.6754 0.5554
vn -0.0000 -0.7724 0.6351
vn -0.0000 0.6867 0.7269
vn -0.0000 -0.2920 0.9564
vn -0.0000 -0.0000 1.0000
vn 1.0000 -0.0000 -0.0000
vn -0.0000 0.2920 0.9564
vn -1.0000 -0.0000 -0.0000
vn 0.5615 -0.0000 0.8275
vn -0.0000 -0.6867 0.7269
vn -0.6578 -0.0000 0.7532
vn -0.4851 0.6754 0.5554
vn -0.0000 0.7724 0.6351
vn -0.0000 0.7724 -0.6351
vn -0.0000 -0.0000 -1.0000
vn -0.0000 -0.7724 -0.6351
vn -0.0000 -0.6868 0.7269
vn 0.4851 -0.6754 -0.5554
vn 0.6578 -0.0000 -0.7532
vn 0.5833 -0.8122 -0.0000
vn 0.4851 -0.6754 0.5554
vn 0.6578 -0.0000 0.7532
vn 0.5833 0.8122 -0.0000
vn 0.4851 0.6754 0.5554
vn -0.5615 -0.0000 0.8275
vn 0.4851 0.6754 -0.5554
vn -0.4851 -0.6754 -0.5554
vn -0.6578 -0.0000 -0.7532
vn -0.5833 0.8122 -0.0000
vn -0.4851 0.6754 -0.5554
vn 0.1876 -0.7947 0.5774
vn 0.6071 -0.7947 -0.0000
vn -0.4911 -0.7947 0.3568
vn -0.4911 -0.7947 -0.3568
vn 0.1876 -0.7947 -0.5774
vn 0.9822 -0.1876 -0.0000
vn 0.3035 -0.1876 0.9342
vn -0.7946 -0.1876 0.5774
vn -0.7946 -0.1876 -0.5774
vn 0.3035 -0.1876 -0.9342
vn 0.7946 0.1876 0.5774
vn -0.3035 0.1876 0.9342
vn -0.9822 0.1876 -0.0000
vn -0.3035 0.1876 -0.9342
vn 0.7946 0.1876 -0.5774
vn 0.4911 0.7947 0.3568
vn -0.1876 0.7947 0.5774
vn -0.6071 0.7947 -0.0000
vn -0.1876 0.7947 -0.5774
vn 0.4911 0.7947 -0.3568
vn 0.0981 0.6604 -0.7445
vn 0.2902 0.6350 -0.7159
vn 0.2904 0.6350 -0.7158
vn 0.4712 0.5853 -0.6598
vn 0.4713 0.5853 -0.6598
vn 0.6344 0.5129 -0.5782
vn 0.6344 0.5130 -0.5782
vn 0.7730 0.4210 -0.4745
vn 0.8819 0.3128 -0.3526
vn 0.9569 0.1927 -0.2172
vn 0.9569 0.1927 -0.2173
vn 0.9952 0.0650 -0.0733
vn 0.9952 -0.0650 0.0733
vn 0.9569 -0.1927 0.2172
vn 0.8819 -0.3129 0.3527
vn 0.8819 -0.3128 0.3526
vn 0.7731 -0.4209 0.4745
vn 0.7730 -0.4210 0.4745
vn 0.6344 -0.5130 0.5782
vn 0.4712 -0.5853 0.6598
vn 0.2904 -0.6350 0.7159
vn 0.0981 -0.6604 0.7445
vn -0.0981 -0.6604 0.7445
vn -0.2904 -0.6350 0.7158
vn -0.2904 -0.6350 0.7159
vn -0.4712 -0.5853 0.6598
vn -0.6344 -0.5129 0.5783
vn -0.6344 -0.5130 0.5782
vn -0.7730 -0.4210 0.4745
vn -0.7731 -0.4209 0.4745
vn -0.8819 -0.3129 0.3527
vn -0.8819 -0.3128 0.3526
vn -0.9569 -0.1927 0.2172
vn -0.9952 -0.0650 0.0732
vn -0.9952 0.0650 -0.0733
vn -0.9952 0.0650 -0.0732
vn -0.9569 0.1927 -0.2173
vn -0.9569 0.1927 -0.2172
vn -0.8819 0.3128 -0.3526
vn -0.7730 0.4210 -0.4745
vn -0.6344 0.5130 -0.5782
vn -0.6344 0.5129 -0.5783
vn -0.4713 0.5853 -0.6598
vn -0.4712 0.5853 -0.6598
vn -0.0000 0.7481 0.6635
vn -0.0000 0.7481 0.6636
vn -0.2904 0.6350 -0.7159
vn -0.2902 0.6350 -0.7159
vn -0.0981 0.6604 -0.7445
vn -0.0000 -0.7481 -0.6636
vn 0.1061 -0.9392 0.3266
vn 0.3434 -0.9392 -0.0000
vn -0.2779 -0.9392 0.2019
vn -0.2779 -0.9392 -0.2019
vn 0.1061 -0.9392 -0.3266
vn 0.9288 -0.3706 -0.0000
vn 0.2870 -0.3706 0.8833
vn -0.7514 -0.3705 0.5460
vn -0.7514 -0.3705 -0.5460
vn 0.2870 -0.3706 -0.8833
vn 0.7514 0.3705 0.5460
vn -0.2870 0.3706 0.8833
vn -0.9288 0.3706 -0.0000
vn -0.2870 0.3706 -0.8833
vn 0.7514 0.3705 -0.5460
vn 0.2779 0.9392 0.2019
vn -0.1061 0.9392 0.3266
vn -0.3435 0.9392 -0.0000
vn -0.1061 0.9392 -0.3266
vn 0.2779 0.9392 -0.2019
vn -0.0000 0.9760 -0.2179
vn -0.0000 0.9147 -0.4042
vn -0.0000 0.9326 0.3610
vn -0.0000 0.9851 0.1721
vn -0.0000 0.9997 -0.0234
vn -0.0000 -0.9997 0.0234
vn -0.0000 -0.9760 0.2179
vn -0.0000 -0.9147 0.4042
vn -0.0000 -0.8183 0.5748
vn -0.0000 -0.6904 0.7234
vn -0.0000 0.6904 -0.7234
vn -0.0000 0.8183 -0.5748
vn -0.0000 -0.9851 -0.1721
vn -0.0000 -0.3610 0.9326
vn -0.0000 -0.5360 0.8442
vn -0.0000 -0.6904 0.7235
vn -0.0000 0.9760 -0.2180
vn -0.0000 -0.9326 -0.3610
vn -0.0000 -0.5748 -0.8183
vn -0.0000 -0.4042 -0.9147
vn -0.0000 0.1721 -0.9851
vn -0.0000 0.3610 -0.9326
vn -0.0000 -0.0233 -0.9997
vn -0.0000 0.0234 0.9997
vn -0.0000 -0.1721 0.9851
vn -0.0000 0.5360 -0.8442
vn -0.0000 -0.2180 -0.9760
vn -0.0000 -0.7234 -0.6904
vn -0.0000 0.5749 0.8183
vn -0.0000 0.7234 0.6904
vn -0.0000 0.8442 0.5360
vn -0.0000 -0.8442 -0.5360
vn -0.0000 0.4042 0.9147
vn -0.0000 0.2179 0.9760
vn -0.0000 -0.9760 0.2180
vn -0.0000 -0.0234 -0.9997
vn -0.0000 0.2180 0.9760
vn -0.0000 0.0233 0.9997
vn -0.0000 0.5748 0.8183
vn -0.3426 0.9305 0.1298
vn -0.9972 -0.0097 0.0746
vn -0.9635 -0.0097 0.2677
vn -0.3933 0.8940 -0.2145
vn -0.8928 -0.0094 0.4505
vn -0.8927 -0.0094 0.4505
vn 0.4385 0.6067 0.6630
vn -0.7877 -0.0086 0.6159
vn 0.0106 -0.8988 -0.4382
vn -0.0000 0.0003 1.0000
vn 0.0062 1.0000 -0.0011
vn 0.7877 0.0086 -0.6160
vn 0.8928 0.0094 -0.4505
vn 0.9635 0.0097 -0.2677
vn 0.9972 0.0097 -0.0746
vn 0.9926 0.0094 0.1213
vn 0.9498 0.0086 0.3126
vn 0.8706 0.0076 0.4919
vn 0.7579 0.0062 0.6523
vn 0.6161 0.0046 0.7877
vn -0.7579 -0.0062 -0.6523
vn -0.6161 -0.0046 -0.7877
vn 0.2577 -0.9523 -0.1633
vn 0.1792 0.4086 0.8949
vn -0.0532 -0.9986 -0.0055
vn -0.4506 -0.0028 -0.8927
vn -0.0000 -0.0002 1.0000
vn -0.0255 -0.9541 0.2985
vn -0.2677 -0.0010 -0.9635
vn -0.0746 0.0010 -0.9972
vn 0.1215 0.0028 -0.9926
vn 0.0474 0.8259 -0.5618
vn -0.1553 0.9866 -0.0504
vn -0.3830 0.8994 0.2105
vn -0.2096 0.1232 -0.9700
vn 0.3128 0.0046 -0.9498
vn -0.2348 0.7352 0.6359
vn 0.4921 0.0062 -0.8705
vn 0.6525 0.0076 -0.7578
vn -0.5189 0.7665 0.3785
vn -0.4470 -0.6906 -0.5685
vn -0.0000 -0.0003 -1.0000
vn -0.8159 -0.3861 0.4305
vn 0.8927 0.0094 -0.4505
vn 0.0002 0.0003 -1.0000
vn 0.1804 -0.9739 0.1374
vn 0.9926 0.0094 0.1214
vn -0.5358 -0.7890 -0.3005
vn 0.0095 0.6997 -0.7143
vn -0.0000 0.0002 1.0000
vn -0.0671 0.9971 -0.0351
vn 0.0564 -0.8619 0.5040
vn -0.0000 -0.0002 -1.0000
vn -0.0054 -0.8819 0.4714
vn -0.4609 0.3608 -0.8108
vn -0.7639 -0.5825 -0.2779
vn 0.3974 0.5480 0.7361
vn 0.4506 0.0029 0.8927
vn 0.4505 0.0029 0.8927
vn -0.0783 -0.0945 0.9924
vn 0.2677 0.0010 0.9635
vn 0.0746 -0.0010 0.9972
vn 0.0062 1.0000 -0.0010
vn -0.1215 -0.0028 0.9926
vn 0.0085 0.9975 0.0696
vn -0.0007 0.5428 -0.8399
vn 0.0861 0.9929 0.0822
vn 0.1140 0.4934 0.8623
vn -0.3128 -0.0046 0.9498
vn 0.9976 0.0689 -0.0057
vn -0.4921 -0.0062 0.8705
vn -0.6524 -0.0076 0.7578
vn -0.6525 -0.0076 0.7578
vn 0.1214 0.0028 -0.9926
vn -0.8706 -0.0076 -0.4919
vn -0.9498 -0.0086 -0.3126
vn -0.9926 -0.0094 -0.1213
vn -0.8928 -0.0093 0.4504
vn -0.7877 -0.0086 0.6160
vn -0.1214 -0.0028 0.9926
vn 0.4506 0.0028 0.8927
vn -0.1466 -0.9885 0.0379
vn -0.0062 -1.0000 0.0011
vn 0.6524 0.0076 -0.7578
vn 0.8928 0.0093 -0.4504
vn -0.0364 -0.5674 -0.8227
vn -0.0174 -0.1178 0.9929
vn -0.4946 0.7780 -0.3874
vn 0.8706 0.0075 0.4919
vn 0.4505 0.0028 0.8928
vn 0.0745 -0.0010 0.9972
vn -0.8928 -0.0093 0.4505
vn -0.8927 -0.0093 0.4505
vn -0.0061 -1.0000 0.0011
vn -0.9926 -0.0094 -0.1214
vn -0.9498 -0.0086 -0.3127
vn -0.8706 -0.0075 -0.4919
vn -0.8706 -0.0076 -0.4920
vn -0.7547 -0.2335 0.6131
vn 0.0746 -0.8719 0.4840
vn -0.0745 0.0009 -0.9972
vn -0.0745 0.0010 -0.9972
vn -0.9999 -0.0092 -0.0107
vn -0.0000 -1.0000 -0.0001
vn -0.0000 -1.0000 0.0001
vn -0.0000 1.0000 0.0001
vn -0.0000 1.0000 -0.0001
vn -0.0000 0.7483 0.6634
vn 0.0001 0.7481 0.6636
vn -0.0001 0.7481 0.6635
vn 0.0001 0.7480 0.6637
vn -0.0001 0.7480 0.6637
vn -0.0002 0.7479 0.6638
vn 0.0002 0.7484 0.6633
vn -0.0000 0.7482 0.6635
vn -0.0000 0.7480 0.6637
vn -0.0002 0.7483 0.6634
vn -0.0002 0.7481 0.6635
vn -0.0001 0.7481 0.6636
vn -0.0001 0.7482 0.6635
vn -0.0000 -0.7482 -0.6634
vn -0.0000 -0.7480 -0.6637
vn -0.0000 -0.7482 -0.6635
vn -0.0003 -0.7482 -0.6635
vn -0.0002 -0.7481 -0.6635
vn 0.0002 -0.7481 -0.6636
vn -0.0004 -0.7479 -0.6638
vn 0.0001 -0.7482 -0.6634
vn 0.0003 -0.7483 -0.6634
vn 0.0002 -0.7483 -0.6634
vn -0.0000 -0.7481 -0.6635
vn -0.0003 -0.7482 -0.6634
vn -0.0001 -0.7482 -0.6634
vn -0.0003 -0.7480 -0.6637
vn 0.0001 -0.7481 -0.6636
vn 0.0003 -0.7482 -0.6635
vn 0.0002 -0.7484 -0.6633
vn -0.1810 -0.7103 -0.6802
vn -0.9837 -0.0028 -0.1796
vn -0.2405 0.7589 0.6051
vn -0.2439 -0.7579 -0.6051
vn 0.5159 -0.6776 -0.5242
vn -0.4114 -0.0336 0.9108
vn 0.0188 0.8987 0.4382
vn -0.0963 0.9468 0.3070
vn 0.7877 0.0086 -0.6159
vn 0.0063 1.0000 -0.0011
vn 0.0062 1.0000 -0.0012
vn 0.1188 -0.9012 0.4169
vn 0.1277 0.8999 -0.4169
vn -0.2462 -0.9128 0.3258
vn -0.2285 0.9174 -0.3258
vn -0.0570 -0.9711 0.2316
vn -0.0236 0.9725 -0.2316
vn -0.2004 -0.9704 0.1351
vn -0.1851 0.9734 -0.1351
vn 0.0557 0.9978 -0.0373
vn 0.0436 -0.9984 0.0373
vn -0.1730 0.9830 0.0608
vn -0.2249 -0.8700 0.4388
vn -0.3798 0.8726 0.3073
vn 0.1300 -0.9583 -0.2544
vn 0.1401 0.9569 0.2544
vn -0.4072 0.8444 0.3480
vn -0.2095 -0.6287 -0.7489
vn -0.4734 0.7641 0.4382
vn -0.0759 0.8081 -0.5841
vn 0.0376 -0.8508 -0.5242
vn 0.0440 0.8505 0.5242
vn 0.2340 -0.7610 -0.6051
vn 0.2098 0.7680 0.6051
vn 0.9635 0.0098 -0.2677
vn -0.1102 -0.7247 -0.6802
vn -0.1566 0.7161 0.6802
vn -0.0110 -0.7487 0.6628
vn -0.9921 -0.0007 -0.1258
vn -0.0065 0.8101 -0.5862
vn -0.0217 -0.8098 0.5862
vn 0.2865 0.8626 -0.4169
vn 0.2640 -0.8698 0.4169
vn -0.1284 0.9367 -0.3258
vn -0.1153 -0.9384 0.3258
vn 0.0251 0.9725 -0.2316
vn 0.0131 -0.9727 0.2316
vn -0.2271 0.9645 -0.1351
vn -0.2288 -0.9640 0.1351
vn 0.2677 0.0009 0.9635
vn 0.0745 -0.0009 0.9972
vn 0.0086 0.9993 -0.0373
vn 0.0744 -0.9954 -0.0608
vn -0.0407 -0.0581 0.9975
vn 0.1105 0.9812 0.1584
vn 0.0968 -0.9826 -0.1584
vn 0.8418 0.4762 0.2544
vn 0.8316 -0.4937 -0.2544
vn -0.0740 0.9346 0.3479
vn -0.0877 -0.9334 -0.3479
vn -0.0063 -1.0000 0.0011
vn -0.0063 -1.0000 0.0010
vn -0.0060 -1.0000 0.0011
vn -0.0061 -1.0000 0.0012
vn -0.0062 -1.0000 0.0009
vn -0.0062 -1.0000 0.0012
vn -0.0061 -1.0000 0.0010
vn -0.0063 -1.0000 0.0012
vn -0.0064 -1.0000 0.0011
vn -0.0062 -1.0000 0.0010
vn -0.0063 -1.0000 0.0009
vn -0.0060 -1.0000 0.0009
vn -0.4872 0.8718 -0.0503
vn 0.1862 -0.7884 0.5862
vn 0.1990 0.7853 -0.5862
vn -0.4275 -0.7505 0.5040
vn -0.4130 0.7586 -0.5040
vt 0.902727 0.019736
vt 0.903992 0.019736
vt 0.903992 0.019735
vt 0.901485 0.019982
vt 0.902725 0.019735
vt 0.901305 0.019388
vt 0.902663 0.019116
vt 0.905230 0.019983
vt 0.905229 0.019982
vt 0.904050 0.019117
vt 0.906398 0.020465
vt 0.906397 0.020465
vt 0.905410 0.019388
vt 0.336289 0.829785
vt 0.334722 0.827404
vt 0.336289 0.827404
vt 0.334722 0.829785
vt 0.333147 0.827404
vt 0.936307 0.091889
vt 0.936804 0.093262
vt 0.935825 0.092283
vt 0.937199 0.092783
vt 0.937958 0.094032
vt 0.938251 0.093485
vt 0.938248 0.093483
vt 0.937202 0.092784
vt 0.935603 0.090838
vt 0.936305 0.091889
vt 0.935055 0.091129
vt 0.935116 0.089668
vt 0.935603 0.090837
vt 0.934524 0.089850
vt 0.934870 0.088429
vt 0.940655 0.081374
vt 0.947706 0.087160
vt 0.934871 0.088430
vt 0.935119 0.089670
vt 0.934872 0.087165
vt 0.934254 0.088491
vt 0.934253 0.087103
vt 0.342552 0.829785
vt 0.340984 0.827404
vt 0.342552 0.827404
vt 0.340984 0.829785
vt 0.339417 0.827404
vt 0.339417 0.829785
vt 0.337857 0.827404
vt 0.908345 0.022063
vt 0.909593 0.022821
vt 0.908824 0.021669
vt 0.907843 0.020688
vt 0.907449 0.021168
vt 0.909046 0.023113
vt 0.909045 0.023113
vt 0.909529 0.024282
vt 0.909527 0.024282
vt 0.909777 0.025522
vt 0.910124 0.024102
vt 0.909774 0.026786
vt 0.909776 0.026786
vt 0.910393 0.025462
vt 0.909528 0.028027
vt 0.909527 0.028027
vt 0.910393 0.026848
vt 0.909046 0.029195
vt 0.909045 0.029196
vt 0.909593 0.029488
vt 0.910124 0.028207
vt 0.348822 0.829785
vt 0.347247 0.827404
vt 0.348822 0.827404
vt 0.347247 0.829785
vt 0.345679 0.827404
vt 0.936303 0.083704
vt 0.935053 0.084465
vt 0.935824 0.083311
vt 0.936803 0.082332
vt 0.937197 0.082810
vt 0.345679 0.829785
vt 0.344119 0.827404
vt 0.935600 0.084757
vt 0.934524 0.085745
vt 0.344119 0.829785
vt 0.935116 0.085925
vt 0.935116 0.085924
vt 0.934870 0.087164
vt 0.935601 0.084757
vt 0.936305 0.083704
vt 0.938248 0.082109
vt 0.937956 0.081560
vt 0.939415 0.081623
vt 0.938247 0.082109
vt 0.939237 0.081031
vt 0.351949 0.829785
vt 0.350374 0.827404
vt 0.351949 0.827404
vt 0.350374 0.829785
vt 0.908345 0.030247
vt 0.907843 0.031621
vt 0.908823 0.030640
vt 0.907448 0.031140
vt 0.908343 0.030247
vt 0.906396 0.031843
vt 0.906398 0.031843
vt 0.905229 0.032326
vt 0.905228 0.032326
vt 0.906688 0.032391
vt 0.355077 0.829785
vt 0.353517 0.827404
vt 0.355077 0.827404
vt 0.353517 0.829785
vt 0.940656 0.081377
vt 0.940596 0.080759
vt 0.941921 0.081377
vt 0.941982 0.080759
vt 0.943342 0.081029
vt 0.943162 0.081624
vt 0.356644 0.829785
vt 0.356644 0.827404
vt 0.944331 0.082108
vt 0.944623 0.081559
vt 0.358212 0.829785
vt 0.358212 0.827404
vt 0.943161 0.081623
vt 0.941922 0.081377
vt 0.945379 0.082807
vt 0.946274 0.083703
vt 0.946754 0.083309
vt 0.945775 0.082329
vt 0.361347 0.829785
vt 0.359779 0.827404
vt 0.361347 0.827404
vt 0.359779 0.829785
vt 0.901483 0.032326
vt 0.900023 0.032390
vt 0.901303 0.032920
vt 0.902663 0.033191
vt 0.902723 0.032573
vt 0.900315 0.031843
vt 0.900314 0.031843
vt 0.901482 0.032326
vt 0.899266 0.031140
vt 0.898369 0.030246
vt 0.898371 0.030246
vt 0.898871 0.031621
vt 0.897668 0.029194
vt 0.897667 0.029193
vt 0.897118 0.029487
vt 0.897892 0.030640
vt 0.897183 0.028027
vt 0.367602 0.829785
vt 0.366049 0.827404
vt 0.367602 0.827404
vt 0.366049 0.829785
vt 0.364474 0.827404
vt 0.947460 0.085922
vt 0.948326 0.087103
vt 0.947707 0.087161
vt 0.947708 0.088427
vt 0.948326 0.088487
vt 0.364474 0.829785
vt 0.362914 0.827404
vt 0.947526 0.084462
vt 0.948056 0.085742
vt 0.362914 0.829785
vt 0.946978 0.084755
vt 0.946980 0.084755
vt 0.946275 0.083703
vt 0.947461 0.085923
vt 0.947461 0.089666
vt 0.947710 0.088427
vt 0.948057 0.089849
vt 0.946981 0.090835
vt 0.947463 0.089667
vt 0.947528 0.091129
vt 0.370744 0.829785
vt 0.369177 0.827404
vt 0.370744 0.827404
vt 0.369177 0.829785
vt 0.896938 0.025522
vt 0.896320 0.026848
vt 0.896936 0.026786
vt 0.896590 0.028206
vt 0.896938 0.026786
vt 0.896937 0.025522
vt 0.897184 0.024281
vt 0.897185 0.024282
vt 0.896590 0.024101
vt 0.896320 0.025462
vt 0.897667 0.023112
vt 0.897666 0.023113
vt 0.897120 0.022821
vt 0.373872 0.827404
vt 0.372312 0.829785
vt 0.372312 0.827404
vt 0.946758 0.092282
vt 0.946278 0.091887
vt 0.945777 0.093261
vt 0.945383 0.092782
vt 0.944330 0.093483
vt 0.944624 0.094030
vt 0.375439 0.829785
vt 0.375439 0.827404
vt 0.943161 0.093966
vt 0.943345 0.094562
vt 0.377007 0.827404
vt 0.944331 0.093483
vt 0.945382 0.092782
vt 0.941921 0.094214
vt 0.943163 0.093968
vt 0.940659 0.094216
vt 0.941921 0.094213
vt 0.941984 0.094833
vt 0.940598 0.094832
vt 0.380134 0.829785
vt 0.378574 0.827404
vt 0.380134 0.827404
vt 0.378574 0.829785
vt 0.900023 0.019917
vt 0.900315 0.020465
vt 0.899267 0.021168
vt 0.898872 0.020688
vt 0.901485 0.019983
vt 0.900317 0.020465
vt 0.898371 0.022062
vt 0.897892 0.021668
vt 0.902727 0.032573
vt 0.381701 0.829785
vt 0.381701 0.827404
vt 0.939418 0.093968
vt 0.939238 0.094563
vt 0.333147 0.829785
vt 0.331587 0.827404
vt 0.939417 0.093968
vt 0.946277 0.091888
vt 0.946979 0.090835
vt 0.903992 0.032574
vt 0.904050 0.033191
vt 0.903989 0.032574
vt 0.905410 0.032920
vt 0.939417 0.081624
vt 0.907449 0.021169
vt 0.906692 0.019918
vt 0.337857 0.829785
vt 0.043841 0.084091
vt 0.146636 0.181794
vt 0.154692 0.186914
vt 0.220642 0.654854
vt 0.217403 0.639540
vt 0.235896 0.642087
vt 0.161255 0.656716
vt 0.153946 0.225250
vt 0.152420 0.656667
vt 0.160904 0.640121
vt 0.160116 0.229667
vt 0.018955 0.180301
vt 0.790667 0.662692
vt 0.777546 0.617271
vt 0.787529 0.603355
vt 0.790658 0.671587
vt 0.778227 0.664666
vt 0.764335 0.282014
vt 0.727293 0.229663
vt 0.763186 0.225050
vt 0.644740 0.293303
vt 0.764545 0.292064
vt 0.644708 0.284485
vt 0.728469 0.277624
vt 0.680188 0.279137
vt 0.642834 0.229578
vt 0.678575 0.231968
vt 0.664324 0.617587
vt 0.654294 0.603823
vt 0.651476 0.662890
vt 0.663850 0.664830
vt 0.235896 0.509825
vt 0.217623 0.512138
vt 0.220980 0.496993
vt 0.161329 0.511025
vt 0.161901 0.494474
vt 0.152819 0.510743
vt 0.153115 0.494354
vt 0.651504 0.671699
vt 0.663742 0.672326
vt 0.249990 0.171961
vt 0.371999 0.116630
vt 0.273572 0.202830
vt 0.397496 0.159832
vt 0.275444 0.207945
vt 0.246915 0.173988
vt 0.260691 0.207791
vt 0.158542 0.186998
vt 0.167883 0.223521
vt 0.171684 0.228087
vt 0.183360 0.261993
vt 0.172628 0.266132
vt 0.264703 0.212092
vt 0.026473 0.231739
vt 0.187432 0.266466
vt 0.174590 0.271420
vt 0.050568 0.314269
vt 0.102470 0.656314
vt 0.152343 0.640225
vt 0.093419 0.656189
vt 0.102765 0.639924
vt 0.790655 0.722305
vt 0.778225 0.729442
vt 0.778351 0.721627
vt 0.778352 0.672249
vt 0.644754 0.359288
vt 0.764588 0.351294
vt 0.764386 0.361582
vt 0.728705 0.297255
vt 0.644778 0.350229
vt 0.728741 0.346155
vt 0.680413 0.346082
vt 0.680379 0.297398
vt 0.663741 0.721545
vt 0.651504 0.722187
vt 0.663849 0.729273
vt 0.651476 0.731264
vt 0.103241 0.510441
vt 0.103166 0.493999
vt 0.094418 0.510546
vt 0.094065 0.493951
vt 0.287929 0.244411
vt 0.429118 0.294017
vt 0.294120 0.249017
vt 0.421625 0.242351
vt 0.276375 0.246009
vt 0.280227 0.250756
vt 0.201170 0.300175
vt 0.289559 0.287169
vt 0.198089 0.302205
vt 0.199788 0.307552
vt 0.301470 0.292371
vt 0.195721 0.455197
vt 0.143439 0.421636
vt 0.034479 0.653669
vt 0.019565 0.640837
vt 0.037837 0.638525
vt 0.019564 0.508583
vt 0.038057 0.511129
vt 0.404262 0.390113
vt 0.293415 0.287241
vt 0.034817 0.495816
vt 0.654292 0.790192
vt 0.777542 0.776750
vt 0.787523 0.790667
vt 0.664321 0.776428
vt 0.642834 0.414128
vt 0.727283 0.413845
vt 0.763203 0.418449
vt 0.680043 0.364884
vt 0.678562 0.411743
vt 0.728314 0.365753
vt 0.790664 0.731469
vt 0.093992 0.639639
vt 0.076172 0.357658
vt 0.248297 0.166616
vt 0.252371 0.018999
vt 0.068293 0.019000
vt 0.304660 0.052562
vt 0.089627 0.551422
vt 0.096660 0.563603
vt 0.082595 0.563603
vt 0.103692 0.551422
vt 0.110724 0.563603
vt 0.145885 0.551422
vt 0.152918 0.563603
vt 0.138853 0.563603
vt 0.131821 0.551422
vt 0.124789 0.563603
vt 0.117756 0.551422
vt 0.103692 0.575783
vt 0.089627 0.575783
vt 0.145885 0.575783
vt 0.131821 0.575783
vt 0.117756 0.575783
vt 0.075563 0.575783
vt 0.096660 0.587963
vt 0.082595 0.587963
vt 0.138853 0.587963
vt 0.124789 0.587963
vt 0.110724 0.587963
vt 0.711245 0.454575
vt 0.677742 0.456669
vt 0.677742 0.454575
vt 0.711245 0.456669
vt 0.677742 0.458762
vt 0.711245 0.460856
vt 0.677742 0.460856
vt 0.677742 0.462950
vt 0.711245 0.462950
vt 0.677742 0.465044
vt 0.711245 0.467138
vt 0.677742 0.467138
vt 0.711245 0.469232
vt 0.677742 0.469232
vt 0.677742 0.471326
vt 0.711245 0.473420
vt 0.677742 0.473420
vt 0.677742 0.475514
vt 0.711245 0.475514
vt 0.677742 0.477608
vt 0.711245 0.477608
vt 0.677742 0.479702
vt 0.711245 0.479702
vt 0.677742 0.481795
vt 0.711245 0.483889
vt 0.677742 0.483889
vt 0.677742 0.485983
vt 0.711245 0.485983
vt 0.677742 0.488077
vt 0.711245 0.490171
vt 0.677742 0.490171
vt 0.711245 0.492265
vt 0.677742 0.492265
vt 0.677742 0.494359
vt 0.711245 0.496453
vt 0.677742 0.496453
vt 0.711245 0.498547
vt 0.677742 0.498547
vt 0.677742 0.500641
vt 0.711245 0.502734
vt 0.677742 0.502734
vt 0.677742 0.504828
vt 0.711245 0.506922
vt 0.677742 0.506922
vt 0.677742 0.509016
vt 0.711245 0.509016
vt 0.677742 0.511110
vt 0.711245 0.513204
vt 0.677742 0.513204
vt 0.711245 0.515298
vt 0.677742 0.515298
vt 0.677742 0.517392
vt 0.175225 0.860712
vt 0.180717 0.842610
vt 0.198819 0.848101
vt 0.711245 0.519486
vt 0.677742 0.519486
vt 0.711245 0.521580
vt 0.677742 0.521580
vt 0.422062 0.877117
vt 0.431090 0.881944
vt 0.433713 0.855320
vt 0.292332 0.494522
vt 0.299364 0.506703
vt 0.285300 0.506703
vt 0.306397 0.494522
vt 0.313429 0.506703
vt 0.348590 0.494522
vt 0.355622 0.506703
vt 0.341558 0.506703
vt 0.334526 0.494522
vt 0.327493 0.506703
vt 0.320461 0.494522
vt 0.306397 0.518883
vt 0.292332 0.518883
vt 0.348590 0.518883
vt 0.334526 0.518883
vt 0.320461 0.518883
vt 0.278267 0.518883
vt 0.299364 0.531063
vt 0.285300 0.531063
vt 0.341558 0.531063
vt 0.327493 0.531063
vt 0.313429 0.531063
vt 0.972989 0.548127
vt 0.972382 0.548254
vt 0.972378 0.548251
vt 0.972963 0.547827
vt 0.973616 0.548127
vt 0.972993 0.548131
vt 0.973619 0.548123
vt 0.971287 0.548836
vt 0.971805 0.548494
vt 0.972986 0.554464
vt 0.970136 0.550988
vt 0.970845 0.549278
vt 0.971287 0.548839
vt 0.971805 0.548491
vt 0.971092 0.548603
vt 0.971658 0.548224
vt 0.972292 0.547962
vt 0.448084 0.398707
vt 0.446908 0.397943
vt 0.448084 0.397943
vt 0.446908 0.398707
vt 0.446908 0.399482
vt 0.448084 0.399482
vt 0.605154 0.654685
vt 0.605030 0.655300
vt 0.604726 0.655270
vt 0.604726 0.655956
vt 0.604861 0.654598
vt 0.446908 0.375538
vt 0.446908 0.374767
vt 0.448084 0.374767
vt 0.448084 0.375538
vt 0.446908 0.376314
vt 0.605124 0.653965
vt 0.448084 0.377086
vt 0.448084 0.376314
vt 0.446908 0.377086
vt 0.605394 0.654111
vt 0.605735 0.653590
vt 0.605502 0.653399
vt 0.605390 0.654111
vt 0.605739 0.653590
vt 0.606185 0.653148
vt 0.605154 0.656530
vt 0.605030 0.655922
vt 0.605154 0.656533
vt 0.605394 0.657111
vt 0.605735 0.657628
vt 0.609124 0.658656
vt 0.611239 0.654685
vt 0.607276 0.652566
vt 0.611367 0.655304
vt 0.611243 0.654685
vt 0.611371 0.655922
vt 0.611007 0.654111
vt 0.609706 0.652803
vt 0.610658 0.653590
vt 0.611243 0.656533
vt 0.611003 0.657115
vt 0.610216 0.658071
vt 0.609698 0.658416
vt 0.610219 0.658075
vt 0.609698 0.658420
vt 0.610658 0.657628
vt 0.611003 0.657118
vt 0.611539 0.656627
vt 0.611281 0.657253
vt 0.448084 0.389442
vt 0.446908 0.388677
vt 0.448084 0.388677
vt 0.446908 0.389442
vt 0.610898 0.657827
vt 0.446908 0.387895
vt 0.972382 0.554347
vt 0.971658 0.554373
vt 0.972292 0.554636
vt 0.972963 0.554771
vt 0.448084 0.387895
vt 0.972989 0.554463
vt 0.973646 0.554767
vt 0.446908 0.387119
vt 0.448084 0.387119
vt 0.446908 0.386355
vt 0.448084 0.386355
vt 0.974227 0.554347
vt 0.974317 0.554636
vt 0.973616 0.554463
vt 0.448084 0.385579
vt 0.974947 0.554373
vt 0.446908 0.385579
vt 0.448084 0.384811
vt 0.974800 0.554104
vt 0.975516 0.553995
vt 0.975322 0.553759
vt 0.974804 0.554104
vt 0.974230 0.554343
vt 0.975764 0.553316
vt 0.975325 0.553755
vt 0.975764 0.553320
vt 0.976473 0.551610
vt 0.974800 0.548491
vt 0.975764 0.549278
vt 0.976113 0.552799
vt 0.976349 0.552221
vt 0.976469 0.550988
vt 0.976345 0.550377
vt 0.975764 0.549274
vt 0.976113 0.549799
vt 0.975325 0.548839
vt 0.976641 0.550286
vt 0.976383 0.549649
vt 0.446908 0.380177
vt 0.448084 0.379401
vt 0.448084 0.380177
vt 0.446908 0.379401
vt 0.976000 0.549083
vt 0.448084 0.378629
vt 0.975520 0.548603
vt 0.446908 0.378629
vt 0.448084 0.377861
vt 0.606698 0.652803
vt 0.605986 0.652911
vt 0.606556 0.652533
vt 0.607186 0.652274
vt 0.446908 0.377861
vt 0.606181 0.653147
vt 0.606699 0.652803
vt 0.607272 0.652566
vt 0.607861 0.652139
vt 0.607887 0.652447
vt 0.607887 0.652442
vt 0.608513 0.652443
vt 0.609124 0.652566
vt 0.608543 0.652143
vt 0.609214 0.652274
vt 0.610216 0.653148
vt 0.609844 0.652533
vt 0.446908 0.382492
vt 0.448084 0.381720
vt 0.448084 0.382492
vt 0.446908 0.383264
vt 0.446908 0.381720
vt 0.610411 0.652911
vt 0.610894 0.653399
vt 0.448084 0.384039
vt 0.446908 0.384039
vt 0.448084 0.383264
vt 0.976000 0.553515
vt 0.976383 0.552945
vt 0.976345 0.552217
vt 0.976641 0.552311
vt 0.976776 0.551640
vt 0.446908 0.384811
vt 0.611281 0.653965
vt 0.611003 0.654111
vt 0.610219 0.653151
vt 0.611539 0.654598
vt 0.446908 0.380948
vt 0.448084 0.380948
vt 0.976473 0.550992
vt 0.976776 0.550954
vt 0.975325 0.548836
vt 0.974950 0.548224
vt 0.974800 0.548490
vt 0.974317 0.547962
vt 0.974227 0.548254
vt 0.974230 0.548254
vt 0.973646 0.547831
vt 0.611671 0.655270
vt 0.611671 0.655956
vt 0.611367 0.655926
vt 0.972378 0.554343
vt 0.971805 0.554104
vt 0.971287 0.553759
vt 0.970845 0.553320
vt 0.970845 0.553316
vt 0.971092 0.553995
vt 0.970605 0.553511
vt 0.448084 0.390989
vt 0.446908 0.390217
vt 0.448084 0.390217
vt 0.446908 0.390989
vt 0.610411 0.658307
vt 0.609844 0.658689
vt 0.609125 0.658656
vt 0.609211 0.658952
vt 0.448084 0.391757
vt 0.446908 0.391757
vt 0.970496 0.552799
vt 0.969964 0.552311
vt 0.970226 0.552945
vt 0.448084 0.392533
vt 0.446908 0.392533
vt 0.970260 0.552221
vt 0.970132 0.551610
vt 0.448084 0.393308
vt 0.969832 0.551640
vt 0.970136 0.551606
vt 0.970256 0.552221
vt 0.970492 0.552799
vt 0.970260 0.550377
vt 0.969832 0.550954
vt 0.969960 0.550290
vt 0.970496 0.549799
vt 0.970256 0.550377
vt 0.970226 0.549653
vt 0.448084 0.394848
vt 0.446908 0.394848
vt 0.446908 0.394076
vt 0.448084 0.395624
vt 0.448084 0.394076
vt 0.446908 0.396395
vt 0.448084 0.396395
vt 0.446908 0.395624
vt 0.970605 0.549083
vt 0.446908 0.397167
vt 0.448084 0.397167
vt 0.605502 0.657827
vt 0.605124 0.657253
vt 0.604861 0.656624
vt 0.605739 0.657628
vt 0.606181 0.658071
vt 0.605986 0.658307
vt 0.606556 0.658689
vt 0.606698 0.658420
vt 0.606181 0.658075
vt 0.607272 0.658663
vt 0.607887 0.658780
vt 0.607280 0.658656
vt 0.607857 0.659087
vt 0.607186 0.658952
vt 0.608513 0.658780
vt 0.608543 0.659087
vt 0.446908 0.393308
vt 0.346017 0.022523
vt 0.344030 0.022523
vt 0.346017 0.019248
vt 0.405793 0.019248
vt 0.407780 0.022523
vt 0.405786 0.022523
vt 0.406783 0.022523
vt 0.405793 0.022523
vt 0.403798 0.019248
vt 0.403791 0.022523
vt 0.403798 0.022523
vt 0.401811 0.019248
vt 0.401811 0.022523
vt 0.876729 0.304455
vt 0.876220 0.301387
vt 0.877864 0.303848
vt 0.875226 0.302204
vt 0.874129 0.299294
vt 0.875225 0.302203
vt 0.873311 0.300289
vt 0.853873 0.319720
vt 0.850807 0.309604
vt 0.865904 0.297218
vt 0.871060 0.298784
vt 0.871061 0.298785
vt 0.868561 0.297748
vt 0.868560 0.297749
vt 0.871667 0.297651
vt 0.865905 0.297218
vt 0.868933 0.296517
vt 0.863199 0.297218
vt 0.866031 0.295940
vt 0.863198 0.297219
vt 0.860543 0.297748
vt 0.863072 0.295941
vt 0.860542 0.297749
vt 0.858041 0.298784
vt 0.858041 0.298783
vt 0.855790 0.300286
vt 0.855790 0.300287
vt 0.860170 0.296515
vt 0.857434 0.297647
vt 0.352009 0.022523
vt 0.353989 0.019248
vt 0.354004 0.022523
vt 0.355991 0.019248
vt 0.355976 0.022523
vt 0.352999 0.022523
vt 0.352001 0.022523
vt 0.354986 0.022523
vt 0.353989 0.022523
vt 0.357971 0.022523
vt 0.356981 0.022523
vt 0.355984 0.022523
vt 0.357971 0.019248
vt 0.359966 0.022523
vt 0.358968 0.022523
vt 0.359966 0.019248
vt 0.853876 0.302201
vt 0.854974 0.299291
vt 0.852371 0.304450
vt 0.852880 0.301385
vt 0.361953 0.019248
vt 0.361968 0.022523
vt 0.850103 0.306577
vt 0.851236 0.303844
vt 0.851335 0.306952
vt 0.849525 0.309483
vt 0.363948 0.019248
vt 0.363955 0.022523
vt 0.360963 0.022523
vt 0.361953 0.022523
vt 0.365950 0.022523
vt 0.365950 0.019248
vt 0.365942 0.022523
vt 0.367930 0.022523
vt 0.366940 0.022523
vt 0.367937 0.019248
vt 0.850806 0.309607
vt 0.849525 0.312439
vt 0.850806 0.312314
vt 0.850101 0.315341
vt 0.369932 0.019248
vt 0.369932 0.022523
vt 0.851334 0.314968
vt 0.851234 0.318077
vt 0.852369 0.317470
vt 0.852876 0.320538
vt 0.371927 0.019248
vt 0.371919 0.022523
vt 0.367937 0.022523
vt 0.371927 0.022523
vt 0.373914 0.022523
vt 0.372917 0.022523
vt 0.373907 0.019248
vt 0.375909 0.022523
vt 0.374911 0.022523
vt 0.375909 0.019248
vt 0.854970 0.322631
vt 0.855786 0.321639
vt 0.857431 0.324276
vt 0.377904 0.022523
vt 0.860537 0.324178
vt 0.858037 0.323141
vt 0.863194 0.324706
vt 0.860163 0.325409
vt 0.377896 0.019248
vt 0.379891 0.022523
vt 0.376899 0.022523
vt 0.377896 0.022523
vt 0.381886 0.022523
vt 0.380888 0.022523
vt 0.379891 0.019248
vt 0.383873 0.022523
vt 0.381886 0.019248
vt 0.865900 0.324707
vt 0.863066 0.325987
vt 0.868555 0.324181
vt 0.866026 0.325987
vt 0.383873 0.019248
vt 0.385868 0.022523
vt 0.871056 0.323141
vt 0.868929 0.325411
vt 0.873308 0.321638
vt 0.871663 0.324279
vt 0.385868 0.019248
vt 0.387863 0.022523
vt 0.384870 0.022523
vt 0.386865 0.022523
vt 0.389842 0.022523
vt 0.388860 0.022523
vt 0.387855 0.022523
vt 0.387855 0.019248
vt 0.391845 0.022523
vt 0.390855 0.022523
vt 0.389850 0.022523
vt 0.389850 0.019248
vt 0.875223 0.319725
vt 0.874124 0.322633
vt 0.876726 0.317474
vt 0.876217 0.320542
vt 0.391845 0.019248
vt 0.393832 0.022523
vt 0.878995 0.315350
vt 0.877861 0.318082
vt 0.877762 0.314972
vt 0.879573 0.312444
vt 0.393832 0.019248
vt 0.395827 0.022523
vt 0.392842 0.022523
vt 0.397822 0.022523
vt 0.396824 0.022523
vt 0.395827 0.019248
vt 0.399824 0.022523
vt 0.398819 0.022523
vt 0.397822 0.019248
vt 0.878292 0.312318
vt 0.879573 0.309487
vt 0.878291 0.309611
vt 0.878996 0.306584
vt 0.399809 0.019248
vt 0.877765 0.306957
vt 0.878291 0.309612
vt 0.878291 0.312320
vt 0.877763 0.314973
vt 0.876727 0.317473
vt 0.875222 0.319727
vt 0.871056 0.323143
vt 0.868554 0.324181
vt 0.865900 0.324708
vt 0.860538 0.324177
vt 0.855786 0.321638
vt 0.850806 0.312315
vt 0.851335 0.306951
vt 0.852371 0.304452
vt 0.400814 0.022523
vt 0.399809 0.022523
vt 0.877764 0.390841
vt 0.878429 0.392581
vt 0.878995 0.391213
vt 0.879285 0.389763
vt 0.878027 0.389514
vt 0.878293 0.388184
vt 0.879572 0.388312
vt 0.877763 0.390840
vt 0.878028 0.389513
vt 0.878291 0.386831
vt 0.878291 0.388186
vt 0.879573 0.386831
vt 0.878294 0.385478
vt 0.878292 0.386833
vt 0.879573 0.385351
vt 0.879286 0.383900
vt 0.878030 0.384149
vt 0.878292 0.385478
vt 0.859289 0.399524
vt 0.869807 0.399527
vt 0.877243 0.392092
vt 0.877764 0.382824
vt 0.878028 0.384151
vt 0.877245 0.381572
vt 0.877765 0.382822
vt 0.878995 0.382450
vt 0.878431 0.381082
vt 0.876726 0.380325
vt 0.877246 0.381576
vt 0.877864 0.379715
vt 0.877043 0.378484
vt 0.875978 0.379195
vt 0.875978 0.379197
vt 0.876730 0.380322
vt 0.875226 0.378070
vt 0.875227 0.378069
vt 0.874270 0.377114
vt 0.876220 0.377254
vt 0.875175 0.376208
vt 0.874269 0.377113
vt 0.348012 0.022523
vt 0.873314 0.376154
vt 0.874129 0.375162
vt 0.350007 0.022523
vt 0.349009 0.022523
vt 0.872899 0.374339
vt 0.872188 0.375403
vt 0.871059 0.374655
vt 0.871668 0.373517
vt 0.872187 0.375404
vt 0.873312 0.376155
vt 0.871061 0.374652
vt 0.869806 0.374136
vt 0.870301 0.372951
vt 0.869810 0.374135
vt 0.868561 0.373616
vt 0.868558 0.373616
vt 0.868933 0.372386
vt 0.867483 0.372094
vt 0.867234 0.373350
vt 0.867234 0.373351
vt 0.865906 0.373087
vt 0.864551 0.373089
vt 0.866033 0.371806
vt 0.864552 0.371806
vt 0.864551 0.373088
vt 0.863197 0.373088
vt 0.863198 0.373087
vt 0.863072 0.371807
vt 0.861621 0.372095
vt 0.861869 0.373352
vt 0.861870 0.373351
vt 0.860542 0.373615
vt 0.860542 0.373616
vt 0.859292 0.374134
vt 0.860169 0.372382
vt 0.858802 0.372949
vt 0.859293 0.374134
vt 0.858042 0.374651
vt 0.858041 0.374649
vt 0.857436 0.373514
vt 0.856206 0.374337
vt 0.856916 0.375402
vt 0.856917 0.375402
vt 0.855792 0.376154
vt 0.855790 0.376155
vt 0.854835 0.377111
vt 0.854974 0.375159
vt 0.853928 0.376206
vt 0.854834 0.377112
vt 0.853876 0.378069
vt 0.853875 0.378069
vt 0.852881 0.377252
vt 0.852059 0.378482
vt 0.853125 0.379193
vt 0.853124 0.379194
vt 0.852372 0.380319
vt 0.852372 0.380317
vt 0.851853 0.381570
vt 0.851237 0.379712
vt 0.850670 0.381079
vt 0.851855 0.381569
vt 0.851335 0.382819
vt 0.851338 0.382819
vt 0.850105 0.382446
vt 0.849815 0.383897
vt 0.851071 0.384147
vt 0.851073 0.384146
vt 0.850808 0.385474
vt 0.850806 0.386830
vt 0.849526 0.385349
vt 0.849526 0.386828
vt 0.850807 0.386828
vt 0.850807 0.388181
vt 0.850810 0.388180
vt 0.849527 0.388308
vt 0.849814 0.389759
vt 0.851072 0.389507
vt 0.851074 0.389507
vt 0.851335 0.390836
vt 0.851334 0.390836
vt 0.851853 0.392086
vt 0.850103 0.391211
vt 0.850669 0.392577
vt 0.851853 0.392087
vt 0.852370 0.393338
vt 0.851235 0.393945
vt 0.852057 0.395174
vt 0.853122 0.394464
vt 0.853873 0.395589
vt 0.853122 0.394466
vt 0.854831 0.396546
vt 0.853874 0.395589
vt 0.852878 0.396406
vt 0.853924 0.397452
vt 0.855788 0.397503
vt 0.854970 0.398498
vt 0.856202 0.399320
vt 0.856913 0.398256
vt 0.858038 0.399007
vt 0.859289 0.399525
vt 0.858038 0.399008
vt 0.857431 0.400142
vt 0.858798 0.400709
vt 0.860540 0.400044
vt 0.860167 0.401275
vt 0.861616 0.401564
vt 0.861869 0.400307
vt 0.860539 0.400042
vt 0.863197 0.400570
vt 0.861870 0.400305
vt 0.864547 0.400572
vt 0.863195 0.400571
vt 0.863069 0.401853
vt 0.864549 0.401853
vt 0.865902 0.400572
vt 0.864546 0.400574
vt 0.866027 0.401853
vt 0.867479 0.401565
vt 0.867230 0.400310
vt 0.868558 0.400043
vt 0.867230 0.400308
vt 0.869807 0.399526
vt 0.868556 0.400044
vt 0.868930 0.401276
vt 0.870297 0.400711
vt 0.871055 0.399008
vt 0.871664 0.400145
vt 0.872894 0.399322
vt 0.872184 0.398256
vt 0.871057 0.399008
vt 0.873307 0.397507
vt 0.872183 0.398257
vt 0.874266 0.396548
vt 0.873308 0.397506
vt 0.874124 0.398501
vt 0.875172 0.397455
vt 0.875222 0.395593
vt 0.874267 0.396548
vt 0.876218 0.396408
vt 0.877040 0.395178
vt 0.875975 0.394467
vt 0.875223 0.395591
vt 0.876727 0.393339
vt 0.875973 0.394467
vt 0.877245 0.392091
vt 0.876727 0.393341
vt 0.877863 0.393946
vt 0.351004 0.022523
vt 0.349999 0.019248
vt 0.352001 0.019248
vt 0.348012 0.019248
vt 0.373872 0.829785
vt 0.377007 0.829785
vt 0.331587 0.829785
vt 0.379813 0.455197
vt 0.711245 0.458762
vt 0.711245 0.465044
vt 0.711245 0.471326
vt 0.711245 0.481795
vt 0.711245 0.488077
vt 0.711245 0.494359
vt 0.711245 0.500641
vt 0.711245 0.504828
vt 0.711245 0.511110
vt 0.711245 0.517392
vt 0.174222 0.858290
vt 0.173710 0.855718
vt 0.173710 0.853096
vt 0.174222 0.850524
vt 0.175225 0.848101
vt 0.176682 0.845921
vt 0.178536 0.844067
vt 0.183139 0.841607
vt 0.185711 0.841095
vt 0.188333 0.841095
vt 0.190905 0.841607
vt 0.193328 0.842610
vt 0.195508 0.844067
vt 0.197362 0.845921
vt 0.199822 0.850524
vt 0.199822 0.858290
vt 0.200334 0.853096
vt 0.200334 0.855718
vt 0.198819 0.860712
vt 0.197362 0.862893
vt 0.195508 0.864747
vt 0.193328 0.866204
vt 0.190905 0.867207
vt 0.188333 0.867719
vt 0.185711 0.867719
vt 0.183139 0.867207
vt 0.180717 0.866204
vt 0.178536 0.864747
vt 0.176682 0.862893
vt 0.433713 0.881944
vt 0.436285 0.881432
vt 0.438707 0.880428
vt 0.440887 0.878972
vt 0.442742 0.877118
vt 0.444198 0.874937
vt 0.445202 0.872515
vt 0.445713 0.869943
vt 0.445713 0.867321
vt 0.442742 0.860146
vt 0.445202 0.864749
vt 0.444198 0.862326
vt 0.440887 0.858292
vt 0.438707 0.856835
vt 0.436285 0.855831
vt 0.431091 0.855320
vt 0.428519 0.855831
vt 0.426096 0.856835
vt 0.423916 0.858292
vt 0.422062 0.860146
vt 0.420605 0.862326
vt 0.419601 0.864749
vt 0.419090 0.867321
vt 0.419090 0.869943
vt 0.419601 0.872515
vt 0.420605 0.874937
vt 0.423916 0.878972
vt 0.426096 0.880428
vt 0.428519 0.881432
vt 0.345027 0.022523
vt 0.344030 0.019248
vt 0.407780 0.019248
vt 0.404796 0.022523
vt 0.402801 0.022523
vt 0.362958 0.022523
vt 0.364945 0.022523
vt 0.368927 0.022523
vt 0.370922 0.022523
vt 0.378894 0.022523
vt 0.382876 0.022523
vt 0.394837 0.022523
vt 0.347022 0.022523
s 1
usemtl player.004
f 1/1/1 6/2/1 5/3/1
f 3/4/2 2/5/2 1/1/2
f 1/1/3 167/6/3 3/4/3
f 5/3/3 4/7/3 1/1/3
f 5/3/4 9/8/4 8/9/4
f 8/9/3 7/10/3 5/3/3
f 8/9/5 192/11/5 10/12/5
f 10/12/3 11/13/3 8/9/3
f 14/14/6 11/15/6 12/16/6
f 13/17/7 7/18/7 11/15/7
f 19/19/8 13/20/8 14/21/8
f 16/22/8 15/23/8 13/20/8
f 16/22/4 180/24/4 17/25/9
f 19/19/5 18/26/5 16/22/5
f 21/27/10 20/28/10 19/19/10
f 21/27/8 14/21/8 23/29/8
f 22/30/11 24/31/11 21/27/11
f 22/30/8 23/29/8 33/32/8
f 26/33/8 188/34/8 129/35/8
f 28/36/12 25/37/12 22/30/12
f 29/38/13 26/33/13 28/36/13
f 29/38/8 30/39/8 31/40/8
f 22/30/8 30/39/8 28/36/8
f 31/41/14 32/42/14 43/43/14
f 30/44/15 34/45/15 32/42/15
f 33/46/16 35/47/16 34/45/16
f 36/48/3 32/49/3 34/50/3
f 36/48/3 35/51/3 37/52/3
f 37/52/11 38/48/11 36/48/11
f 36/48/12 40/53/12 39/54/12
f 39/54/13 42/55/13 41/56/13
f 41/56/3 32/49/3 39/54/3
f 41/56/17 45/57/17 44/57/17
f 44/57/3 43/58/3 41/56/3
f 44/57/18 48/59/18 47/60/18
f 47/60/3 46/61/3 44/57/3
f 47/60/19 51/62/19 50/63/19
f 50/63/3 49/64/3 47/60/3
f 50/63/20 190/65/20 52/66/20
f 50/63/3 54/67/3 53/68/3
f 57/69/21 53/70/21 54/71/21
f 55/72/22 49/73/22 53/70/22
f 56/74/8 58/75/8 55/76/8
f 56/74/8 57/77/8 67/78/8
f 58/79/23 46/80/23 49/73/23
f 59/81/8 60/82/8 58/75/8
f 60/83/24 43/43/24 46/80/24
f 61/84/8 31/40/8 60/82/8
f 59/81/18 62/85/18 61/84/18
f 61/84/17 27/86/17 29/38/17
f 56/74/19 63/87/19 59/81/19
f 67/78/20 64/88/20 56/74/20
f 68/89/25 65/78/25 67/78/25
f 67/78/8 70/90/8 68/89/8
f 69/91/26 66/92/26 68/89/26
f 68/89/8 71/93/8 69/91/8
f 71/94/27 72/95/27 73/96/27
f 70/97/28 54/71/28 72/95/28
f 74/98/3 73/99/3 72/100/3
f 52/66/3 72/100/3 54/67/3
f 74/98/26 77/101/26 76/101/26
f 52/66/25 75/102/25 74/98/25
f 76/101/29 79/103/29 78/104/29
f 78/104/3 73/99/3 76/101/3
f 78/104/30 187/105/30 80/106/30
f 80/106/3 81/107/3 78/104/3
f 85/108/31 81/109/31 82/110/31
f 83/111/32 73/96/32 81/109/32
f 84/112/8 71/93/8 83/113/8
f 86/114/8 83/113/8 85/115/8
f 86/114/8 87/116/8 90/117/8
f 87/118/33 82/110/33 89/119/33
f 91/120/8 87/116/8 88/121/8
f 88/122/34 89/119/34 103/123/34
f 91/120/35 92/124/35 90/117/35
f 90/117/36 93/125/36 86/114/36
f 97/126/7 94/120/7 91/120/7
f 98/127/6 95/126/6 97/126/6
f 97/126/8 100/128/8 98/127/8
f 97/126/8 88/121/8 99/129/8
f 100/130/5 101/131/5 102/132/5
f 99/133/4 103/123/4 101/131/4
f 104/134/3 102/135/3 101/136/3
f 104/134/3 103/137/3 106/138/3
f 104/134/6 108/139/6 107/140/6
f 106/138/7 105/141/7 104/134/7
f 107/140/37 110/142/37 109/142/37
f 109/142/3 102/135/3 107/140/3
f 109/142/16 113/143/16 112/144/16
f 112/144/3 111/145/3 109/142/3
f 112/144/15 116/146/15 115/147/15
f 112/144/3 118/148/3 114/149/3
f 115/147/38 183/150/38 117/150/38
f 117/150/3 118/148/3 115/147/3
f 122/151/39 118/152/39 119/153/39
f 120/154/12 114/155/12 118/152/12
f 124/156/8 120/157/8 121/158/8
f 132/159/8 120/157/8 122/160/8
f 123/161/11 111/162/11 114/155/11
f 124/156/8 125/163/8 123/164/8
f 125/165/10 102/132/10 111/162/10
f 126/166/8 100/128/8 125/163/8
f 124/156/16 127/167/16 126/166/16
f 126/166/37 96/168/37 98/127/37
f 121/158/15 128/169/15 124/156/15
f 132/159/14 129/35/14 121/158/14
f 133/170/24 130/171/24 132/159/40
f 133/170/8 122/160/8 135/172/8
f 134/173/41 131/174/41 133/170/41
f 134/173/8 135/172/8 136/175/8
f 136/176/18 137/177/18 138/178/18
f 135/179/42 119/153/42 137/177/42
f 141/180/3 137/181/3 139/182/3
f 139/182/3 119/183/3 117/150/3
f 141/180/23 140/184/23 142/185/23
f 117/150/24 140/184/24 139/182/24
f 143/186/43 142/185/43 144/187/22
f 141/180/3 146/188/3 138/189/3
f 143/186/21 175/190/21 145/191/21
f 143/186/3 147/192/3 146/188/3
f 147/193/20 148/194/20 146/195/20
f 146/195/19 136/176/19 138/178/19
f 134/173/8 148/196/8 149/197/8
f 149/197/8 150/198/8 151/199/8
f 155/200/8 150/198/8 152/201/8
f 152/202/25 147/193/25 154/203/25
f 156/204/8 152/201/8 153/205/8
f 168/206/26 152/202/26 154/203/26
f 156/204/27 157/207/27 155/200/27
f 155/200/28 158/208/28 151/199/28
f 162/209/32 159/210/32 156/204/32
f 163/211/31 160/212/31 162/209/31
f 163/211/8 164/213/8 165/214/8
f 156/204/8 164/213/8 162/209/8
f 165/215/44 166/216/44 167/217/44
f 164/218/29 168/206/29 166/216/29
f 3/4/3 166/219/3 169/220/3
f 171/221/3 166/219/3 168/222/3
f 169/220/31 176/223/31 3/4/31
f 171/221/32 170/224/32 169/220/32
f 173/225/27 172/221/27 171/221/27
f 173/225/3 168/222/3 154/226/3
f 145/191/28 174/225/28 173/225/28
f 173/225/3 147/192/3 145/191/3
f 142/185/3 184/227/3 48/59/3
f 177/228/45 167/217/45 4/229/45
f 178/230/8 165/214/8 177/231/8
f 17/25/8 177/231/8 15/23/8
f 15/232/35 4/233/35 7/18/35
f 17/25/1 179/234/1 178/230/1
f 178/230/2 161/211/2 163/211/2
f 151/199/21 181/235/21 149/197/21
f 149/197/46 182/236/46 134/173/46
f 185/237/35 184/227/35 106/138/35
f 106/138/3 89/238/3 185/237/3
f 80/106/36 186/239/36 185/237/36
f 80/106/3 89/238/3 82/240/3
f 86/114/30 188/34/30 84/112/30
f 84/112/29 189/241/29 69/91/29
f 10/12/10 191/242/10 37/52/10
f 37/52/3 12/243/3 10/12/3
f 23/244/37 12/16/37 35/47/37
f 193/245/47 271/246/47 196/247/47
f 193/248/48 195/249/48 194/250/48
f 197/251/49 195/249/49 193/248/49
f 199/252/8 193/245/8 196/247/8
f 198/253/49 200/254/49 197/251/49
f 228/255/8 197/256/8 199/252/8
f 200/257/50 203/258/50 195/259/50
f 201/260/50 202/261/50 200/257/50
f 202/262/51 207/263/51 203/264/51
f 242/265/52 202/262/52 204/266/52
f 205/267/53 206/268/53 202/262/53
f 208/269/52 207/263/52 206/268/52
f 210/270/54 208/269/54 205/267/54
f 203/264/55 209/271/55 210/270/55
f 195/259/56 210/272/56 211/273/56
f 214/274/57 210/272/57 205/275/57
f 195/249/58 212/276/58 194/250/58
f 211/277/59 213/278/59 212/276/59
f 213/278/60 214/279/60 216/280/60
f 216/280/60 215/281/60 217/282/60
f 215/283/57 205/275/57 242/284/57
f 219/285/3 216/286/3 218/287/3
f 218/287/3 217/288/3 220/289/3
f 218/287/61 222/290/61 219/285/61
f 220/289/61 221/291/61 218/287/61
f 225/292/62 221/291/62 224/293/62
f 221/291/62 226/294/62 224/293/62
f 199/252/63 225/292/63 224/293/63
f 199/252/63 226/294/63 228/255/63
f 228/255/63 227/295/63 229/296/63
f 223/297/62 227/295/62 226/294/62
f 229/296/8 198/298/8 228/255/8
f 229/296/63 253/299/63 230/300/63
f 230/300/8 231/301/8 229/296/8
f 231/302/49 201/303/49 198/253/49
f 232/304/49 233/305/49 231/302/49
f 233/306/50 236/307/50 235/308/50
f 201/260/50 235/308/50 204/309/50
f 243/310/52 235/311/52 236/312/52
f 235/311/51 239/313/51 204/266/51
f 237/314/53 238/315/53 235/311/53
f 240/316/52 239/313/52 238/315/52
f 242/265/54 240/316/54 237/314/54
f 204/266/55 241/317/55 242/265/55
f 215/283/57 237/318/57 244/319/57
f 244/319/57 243/320/64 245/321/64
f 217/282/60 244/322/60 246/323/60
f 246/323/60 245/324/60 247/325/60
f 248/326/3 247/327/3 249/328/3
f 220/289/3 246/329/3 248/326/3
f 248/326/61 223/297/61 220/289/61
f 249/328/61 250/330/61 248/326/61
f 250/330/62 253/299/62 227/295/62
f 251/331/62 254/332/62 253/299/62
f 249/328/61 252/333/61 251/331/61
f 230/300/63 254/332/63 255/334/63
f 255/334/65 254/332/65 256/335/65
f 257/336/66 254/332/66 252/333/66
f 255/334/67 258/337/67 259/338/67
f 257/336/53 258/337/53 256/335/53
f 259/339/68 258/340/68 260/341/68
f 260/341/69 261/342/69 263/343/69
f 262/344/70 257/336/70 270/345/70
f 262/346/71 263/343/71 261/342/71
f 247/325/60 263/343/60 262/346/60
f 263/347/72 265/348/72 260/349/72
f 245/321/64 264/350/57 263/347/57
f 264/351/53 267/352/53 265/353/53
f 264/351/54 268/354/54 266/355/54
f 266/355/52 269/356/52 267/352/52
f 236/312/55 268/354/55 243/310/55
f 265/353/51 269/356/51 236/312/51
f 234/357/50 265/348/50 236/307/50
f 249/328/3 262/344/3 270/345/3
f 270/345/73 257/336/73 252/333/73
f 259/339/49 234/358/49 232/304/49
f 255/334/8 232/359/8 230/300/8
f 196/247/74 271/246/74 225/292/74
f 225/292/75 272/360/75 222/290/75
f 212/361/55 271/246/55 194/362/55
f 219/285/76 212/361/76 213/363/76
f 219/285/77 222/290/77 272/360/77
f 273/364/78 274/365/78 275/366/78
f 274/365/79 273/367/79 278/368/79
f 273/369/80 275/370/80 276/371/80
f 273/372/81 276/371/81 277/373/81
f 273/374/82 277/373/82 278/368/82
f 274/365/83 278/368/83 283/375/83
f 275/366/84 274/365/84 279/376/84
f 276/371/85 275/370/85 280/377/85
f 277/373/86 276/371/86 281/378/86
f 278/368/87 277/373/87 282/379/87
f 274/365/88 283/375/88 279/376/88
f 275/366/89 279/376/89 280/380/89
f 276/371/90 280/377/90 281/378/90
f 277/373/91 281/378/91 282/379/91
f 278/368/92 282/379/92 283/375/92
f 279/376/93 283/375/93 284/381/93
f 280/380/94 279/376/94 284/382/94
f 281/378/95 280/377/95 284/383/95
f 282/379/96 281/378/96 284/384/96
f 283/375/97 282/379/97 284/385/97
f 286/386/98 287/387/98 285/388/98
f 288/389/99 289/390/100 287/387/100
f 289/390/101 292/391/102 291/392/101
f 292/391/103 293/393/104 291/392/104
f 294/394/105 295/395/105 293/393/105
f 295/395/106 298/396/106 297/397/106
f 297/397/107 300/398/108 299/399/107
f 300/398/109 301/400/109 299/399/109
f 301/400/110 304/401/110 303/402/110
f 304/401/111 305/403/111 303/402/111
f 306/404/112 307/405/113 305/403/113
f 308/406/114 309/407/115 307/405/115
f 310/408/116 311/409/116 309/407/116
f 311/409/117 314/410/117 313/411/117
f 314/410/118 315/412/118 313/411/118
f 316/413/119 317/414/119 315/412/119
f 317/414/120 320/415/120 319/416/120
f 319/416/121 322/417/122 321/418/121
f 322/417/123 323/419/123 321/418/123
f 323/419/124 326/420/125 325/421/124
f 325/421/126 328/422/127 327/423/126
f 328/422/128 329/424/129 327/423/129
f 329/424/130 332/425/130 331/426/130
f 332/425/131 333/427/131 331/426/131
f 333/427/132 336/428/133 335/429/132
f 336/428/134 337/430/135 335/429/135
f 338/431/136 339/432/136 337/430/136
f 339/432/137 342/433/137 341/434/137
f 341/434/138 344/435/139 343/436/138
f 344/435/140 345/437/141 343/436/141
f 290/438/142 338/439/143 322/440/143
f 345/437/144 348/441/145 347/442/144
f 347/442/146 286/443/146 285/444/146
f 339/445/147 347/446/147 315/447/147
f 349/448/148 350/449/148 351/450/148
f 350/449/149 349/451/149 354/452/149
f 349/453/150 351/454/150 352/455/150
f 349/456/151 352/455/151 353/457/151
f 349/458/152 353/457/152 354/452/152
f 350/449/153 354/452/153 359/459/153
f 351/450/154 350/449/154 355/460/154
f 352/455/155 351/454/155 356/461/155
f 353/457/156 352/455/156 357/462/156
f 354/452/157 353/457/157 358/463/157
f 350/449/158 359/459/158 355/460/158
f 351/450/159 355/460/159 356/464/159
f 352/455/160 356/461/160 357/462/160
f 353/457/161 357/462/161 358/463/161
f 354/452/162 358/463/162 359/459/162
f 355/460/163 359/459/163 360/465/163
f 356/464/164 355/460/164 360/466/164
f 357/462/165 356/461/165 360/467/165
f 358/463/166 357/462/166 360/468/166
f 359/459/167 358/463/167 360/469/167
f 361/470/168 362/471/168 364/472/168
f 362/471/53 361/470/53 363/473/53
f 365/474/53 363/473/53 361/470/53
f 361/470/168 364/472/168 367/475/168
f 361/470/169 366/476/169 365/474/169
f 361/470/169 367/475/169 366/476/169
f 366/476/53 367/475/53 368/477/53
f 367/475/53 364/472/53 368/477/53
f 364/472/53 374/478/53 368/477/53
f 366/476/53 368/477/53 369/479/53
f 368/477/53 370/480/53 369/479/53
f 368/477/53 371/481/53 370/480/53
f 372/482/170 371/481/170 368/477/170
f 373/483/171 372/482/171 368/477/171
f 373/483/171 368/477/171 374/478/171
f 362/471/172 374/478/172 364/472/172
f 362/471/172 373/483/172 374/478/172
f 373/483/53 375/484/53 372/482/53
f 373/483/53 376/485/53 375/484/53
f 373/483/53 377/486/53 376/485/53
f 373/483/53 362/471/53 377/486/53
f 377/487/173 378/488/173 376/489/173
f 377/487/173 379/490/173 378/488/173
f 362/471/53 363/473/53 377/486/53
f 380/491/174 379/490/174 377/487/174
f 380/491/174 377/487/174 363/492/174
f 382/493/55 381/494/55 380/495/55
f 381/494/55 379/496/55 380/495/55
f 382/493/55 380/495/55 383/497/55
f 383/498/175 380/499/175 363/500/175
f 383/498/175 363/500/175 384/501/175
f 385/502/176 383/498/176 384/501/176
f 382/493/55 383/497/55 385/503/55
f 387/504/177 385/502/177 386/505/177
f 385/502/176 384/501/176 386/505/176
f 387/504/177 388/506/177 385/502/177
f 382/493/55 385/503/55 390/507/55
f 389/508/55 385/503/55 388/509/55
f 389/508/55 390/507/55 385/503/55
f 389/508/178 391/510/178 390/507/178
f 382/493/179 390/507/179 391/510/179
f 382/493/179 391/510/179 395/493/179
f 389/508/178 392/511/178 391/510/178
f 391/510/55 392/511/55 393/512/55
f 391/510/55 393/512/55 396/513/55
f 396/513/55 394/494/55 391/510/55
f 394/494/55 395/493/55 391/510/55
f 396/513/55 397/514/55 394/494/55
f 398/515/172 397/514/172 396/513/172
f 401/516/171 398/515/171 396/513/171
f 399/517/55 396/513/55 402/518/55
f 399/517/55 400/516/55 396/513/55
f 401/516/171 396/513/171 400/516/171
f 404/519/55 402/518/55 396/513/55
f 396/513/55 403/520/55 404/519/55
f 393/512/55 403/520/55 396/513/55
f 405/521/173 404/519/173 407/522/173
f 405/521/173 406/521/173 404/519/173
f 404/519/55 406/521/55 411/523/55
f 407/522/180 404/519/180 409/524/180
f 410/525/55 408/526/55 404/519/55
f 408/526/55 409/524/55 404/519/55
f 403/520/55 410/525/55 404/519/55
f 411/523/55 412/527/55 404/519/55
f 412/527/55 413/528/55 404/519/55
f 413/528/55 414/529/55 404/519/55
f 414/529/55 402/518/55 404/519/55
f 415/530/181 414/529/181 417/531/181
f 415/530/181 416/532/181 414/529/181
f 414/529/55 416/532/55 402/518/55
f 418/533/182 417/531/182 414/529/182
f 418/533/182 414/529/182 419/533/182
f 413/528/55 419/533/55 414/529/55
f 420/534/177 419/533/177 413/528/177
f 420/534/177 418/533/183 419/533/177
f 420/534/55 421/535/55 423/536/55
f 420/534/55 422/527/55 421/535/55
f 420/534/176 413/528/176 412/527/176
f 420/534/176 412/527/176 422/527/176
f 418/533/55 420/534/55 423/536/55
f 424/537/178 423/538/178 426/539/178
f 424/537/178 425/540/178 423/538/178
f 418/533/55 423/536/55 425/541/55
f 426/539/179 423/538/179 421/542/179
f 427/543/53 424/544/53 426/545/53
f 427/543/53 426/545/53 428/546/53
f 426/539/179 421/542/179 428/547/179
f 427/543/53 428/546/53 429/548/53
f 429/548/53 428/546/53 431/549/53
f 428/547/169 430/550/169 431/551/169
f 428/547/169 421/542/169 430/550/169
f 431/551/168 430/550/184 432/552/168
f 431/551/168 432/552/168 435/553/168
f 433/554/53 431/549/53 435/555/53
f 433/554/53 434/556/53 431/549/53
f 429/548/53 431/549/53 434/556/53
f 432/552/172 436/557/172 435/553/172
f 433/554/53 435/555/53 436/558/53
f 437/559/171 438/560/171 436/557/171
f 432/552/172 437/559/172 436/557/172
f 439/561/53 436/558/53 438/562/53
f 433/554/53 436/558/53 439/561/53
f 442/563/180 440/564/180 439/561/180
f 439/561/173 440/564/173 441/565/173
f 439/561/173 441/565/173 433/554/173
f 439/561/53 438/562/53 442/563/53
f 443/566/53 442/563/53 438/562/53
f 443/566/185 444/567/185 442/563/185
f 442/563/180 444/567/180 440/564/180
f 444/567/53 445/568/53 446/569/53
f 443/566/185 445/568/185 444/567/185
f 440/564/53 444/567/53 369/479/53
f 369/479/53 444/567/53 446/569/53
f 369/479/53 446/569/53 366/476/53
f 447/570/53 366/476/53 446/569/53
f 453/571/53 447/570/53 446/569/53
f 445/568/53 448/572/53 446/569/53
f 448/572/53 449/573/53 446/569/53
f 450/569/186 446/569/186 449/573/186
f 450/569/187 452/574/187 446/569/187
f 446/569/53 451/575/53 453/571/53
f 446/569/53 452/574/53 451/575/53
f 454/576/188 453/571/188 456/577/188
f 454/576/189 455/578/189 453/571/189
f 451/575/53 456/577/53 453/571/53
f 453/571/53 455/578/53 447/570/53
f 454/576/188 456/577/188 457/577/188
f 457/577/190 456/577/190 451/575/190
f 457/577/190 451/575/190 458/575/190
f 457/577/53 458/575/53 459/579/53
f 457/577/53 459/579/53 460/580/53
f 454/576/53 457/577/53 460/580/53
f 461/581/191 460/582/191 459/583/191
f 461/581/191 462/584/191 460/582/191
f 454/576/53 460/580/53 463/585/53
f 462/584/192 463/586/192 460/582/192
f 454/576/53 463/585/53 464/587/53
f 465/588/181 464/589/181 463/586/181
f 462/584/192 465/588/192 463/586/192
f 466/590/55 467/591/55 465/592/55
f 466/590/55 465/592/55 462/593/55
f 465/588/181 467/594/181 464/589/181
f 468/595/55 388/509/55 467/591/55
f 466/590/55 468/595/55 467/591/55
f 464/589/182 467/594/182 388/506/182
f 389/508/193 468/595/193 393/512/193
f 468/595/55 389/508/55 388/509/55
f 468/595/189 469/596/189 393/512/189
f 468/595/189 466/590/189 469/596/189
f 466/590/188 403/520/188 469/596/188
f 393/512/55 469/596/55 403/520/55
f 466/590/55 462/593/55 470/597/55
f 466/590/188 470/597/188 403/520/188
f 470/597/55 462/593/55 461/598/55
f 470/597/190 471/599/190 403/520/190
f 470/597/190 472/600/190 471/599/190
f 470/597/55 461/598/55 472/600/55
f 474/601/55 472/600/55 461/598/55
f 472/600/194 474/601/194 473/601/194
f 472/600/194 473/601/194 471/599/194
f 474/601/187 475/602/187 473/601/187
f 474/601/187 477/602/187 475/602/187
f 474/601/55 461/598/55 476/603/55
f 477/602/55 474/601/55 476/603/55
f 479/525/186 475/602/186 477/602/186
f 477/602/55 476/603/55 478/604/55
f 479/525/55 477/602/55 478/604/55
f 480/605/195 410/525/195 479/525/195
f 479/525/186 410/525/186 475/602/186
f 480/605/55 479/525/55 481/606/55
f 479/525/55 478/604/55 481/606/55
f 481/607/196 483/608/196 482/609/196
f 484/610/197 481/607/197 482/609/197
f 481/607/196 478/611/196 483/608/196
f 480/605/55 481/606/55 484/612/55
f 480/605/55 484/612/55 485/613/55
f 487/614/198 485/615/198 484/610/198
f 484/610/197 482/609/197 486/616/197
f 487/614/198 484/610/198 486/616/198
f 488/572/53 443/566/53 487/617/53
f 488/572/53 487/617/53 486/618/53
f 438/560/170 485/615/170 487/614/170
f 443/566/53 438/562/53 487/617/53
f 489/619/195 448/572/195 488/572/195
f 489/619/53 488/572/53 486/618/53
f 488/572/199 448/572/199 445/568/199
f 488/572/199 445/568/199 443/566/199
f 489/619/195 449/573/195 448/572/195
f 450/569/186 449/573/186 489/619/186
f 489/619/53 486/618/53 482/620/53
f 489/619/53 482/620/53 483/621/53
f 489/619/53 483/621/53 450/569/53
f 438/560/170 490/622/170 485/615/170
f 491/526/55 485/613/55 490/623/55
f 480/605/55 485/613/55 491/526/55
f 491/526/55 490/623/55 492/624/55
f 492/624/185 408/526/185 491/526/185
f 491/526/199 408/526/199 493/625/199
f 491/526/199 493/625/199 480/605/199
f 480/605/195 493/625/195 410/525/195
f 410/525/55 493/625/55 408/526/55
f 492/624/55 437/626/55 407/522/55
f 492/624/55 490/623/55 437/626/55
f 492/624/185 409/524/185 408/526/185
f 407/522/180 409/524/180 492/624/180
f 437/559/171 490/622/171 438/560/171
f 483/608/200 478/611/200 476/627/200
f 483/608/200 476/627/200 495/628/200
f 494/629/53 450/569/53 483/621/53
f 494/629/53 483/621/53 495/630/53
f 494/629/53 495/630/53 459/579/53
f 476/627/201 459/583/201 495/628/201
f 450/569/187 494/629/187 452/574/187
f 458/575/194 452/574/194 494/629/194
f 494/629/53 459/579/53 458/575/53
f 476/627/201 461/581/201 459/583/201
f 473/601/55 475/602/55 410/525/55
f 403/520/55 473/601/55 410/525/55
f 403/520/55 471/599/55 473/601/55
f 464/589/182 388/506/182 387/504/182
f 496/631/53 464/587/53 387/632/53
f 454/576/53 464/587/53 496/631/53
f 454/576/189 496/631/189 455/578/189
f 496/631/53 387/632/53 497/633/53
f 496/631/193 497/633/193 447/570/193
f 496/631/193 447/570/193 455/578/193
f 497/633/53 386/634/53 498/635/53
f 497/633/178 498/635/178 499/636/178
f 497/633/53 387/632/53 386/634/53
f 497/633/178 499/636/178 447/570/178
f 498/635/179 366/476/179 499/636/179
f 447/570/53 499/636/53 366/476/53
f 498/635/53 386/634/53 384/637/53
f 498/635/53 384/637/53 365/474/53
f 498/635/179 365/474/179 366/476/179
f 458/575/194 451/575/194 452/574/194
f 441/565/53 440/564/53 369/479/53
f 433/554/202 441/565/202 500/556/202
f 369/479/53 500/556/53 441/565/53
f 433/554/202 500/556/202 434/556/202
f 434/556/175 500/556/175 369/479/175
f 405/521/55 437/626/55 432/638/55
f 405/521/55 407/522/55 437/626/55
f 434/556/175 369/479/175 429/548/175
f 405/521/55 432/638/55 430/639/55
f 501/640/55 430/639/55 421/535/55
f 405/521/55 430/639/55 501/640/55
f 501/640/55 421/535/55 422/527/55
f 501/640/202 406/521/202 405/521/202
f 501/640/202 411/523/202 406/521/202
f 422/527/175 411/523/175 501/640/175
f 429/548/176 502/641/176 427/543/176
f 429/548/176 369/479/176 502/641/176
f 503/642/53 502/641/53 369/479/53
f 427/543/177 502/641/177 503/642/177
f 427/543/177 503/642/177 504/642/183
f 504/642/182 503/642/182 506/643/182
f 505/644/53 503/642/53 369/479/53
f 505/644/53 506/643/53 503/642/53
f 507/643/181 506/643/181 505/644/181
f 504/642/182 506/643/182 507/643/182
f 508/645/53 509/646/53 507/643/53
f 507/643/181 505/644/181 508/645/181
f 504/642/53 507/643/53 509/646/53
f 508/645/53 510/647/53 509/646/53
f 504/642/53 509/646/53 424/544/53
f 510/648/189 511/649/189 509/650/189
f 511/649/193 424/537/193 509/650/193
f 510/648/189 512/651/189 511/649/189
f 511/649/193 425/540/193 424/537/193
f 418/533/55 425/541/55 511/652/55
f 415/530/55 417/531/55 511/652/55
f 415/530/55 511/652/55 512/653/55
f 418/533/55 511/652/55 417/531/55
f 513/654/55 415/530/55 512/653/55
f 513/654/55 512/653/55 514/655/55
f 515/656/188 514/657/188 512/651/188
f 515/656/188 512/651/188 510/648/188
f 516/658/53 517/659/53 515/660/53
f 516/658/53 515/660/53 510/647/53
f 517/661/203 514/657/203 515/656/203
f 517/661/203 519/662/203 514/657/203
f 516/658/53 518/663/53 517/659/53
f 521/664/53 517/659/53 518/663/53
f 520/665/194 519/662/194 517/661/194
f 521/664/53 520/666/53 517/659/53
f 522/480/53 520/666/53 521/664/53
f 521/664/200 370/480/200 522/480/200
f 521/664/200 523/667/200 370/480/200
f 518/663/204 523/667/204 521/664/204
f 370/480/53 523/667/53 505/644/53
f 523/667/53 524/668/53 505/644/53
f 518/663/204 524/668/204 523/667/204
f 518/663/205 525/669/205 524/668/205
f 524/668/53 525/669/53 505/644/53
f 508/645/192 505/644/192 525/669/192
f 508/645/192 525/669/192 516/658/192
f 518/663/205 516/658/205 525/669/205
f 527/670/53 526/671/53 522/480/53
f 522/480/53 526/671/53 520/666/53
f 527/670/206 522/480/196 370/480/206
f 527/670/53 529/672/53 526/671/53
f 528/673/53 529/672/53 527/670/53
f 528/673/197 527/670/197 530/674/197
f 527/670/206 370/480/206 530/674/206
f 528/673/197 530/674/197 531/673/197
f 531/673/53 530/674/53 370/480/53
f 528/673/198 531/673/198 371/481/198
f 371/481/53 531/673/53 370/480/53
f 528/673/53 534/675/53 529/672/53
f 529/676/186 532/677/186 533/678/186
f 534/679/195 532/677/195 529/676/195
f 529/676/186 533/678/186 526/680/186
f 535/681/199 534/679/199 537/682/199
f 535/681/199 536/683/199 534/679/199
f 534/679/195 536/683/195 532/677/195
f 528/673/53 537/684/53 534/675/53
f 538/685/185 537/682/185 375/686/185
f 538/685/185 535/681/185 537/682/185
f 528/673/53 539/481/53 537/684/53
f 539/481/53 375/484/53 537/684/53
f 539/481/53 372/482/53 375/484/53
f 372/482/170 539/481/170 371/481/170
f 528/673/198 371/481/198 539/481/198
f 401/516/55 535/687/55 538/688/55
f 398/515/55 401/516/55 538/688/55
f 376/489/180 538/685/180 375/686/180
f 376/489/180 378/488/180 538/685/180
f 398/515/55 538/688/55 378/689/55
f 540/690/55 541/691/55 536/692/55
f 540/690/55 536/692/55 535/687/55
f 541/691/55 532/693/55 536/692/55
f 541/691/55 542/694/55 532/693/55
f 541/691/198 540/690/198 399/517/198
f 542/694/197 541/691/197 543/695/197
f 541/691/198 399/517/198 543/695/198
f 542/694/197 543/695/197 544/694/197
f 544/694/55 543/695/55 399/517/55
f 547/696/196 542/694/196 544/694/196
f 544/694/55 399/517/55 402/518/55
f 402/518/55 545/697/55 544/694/55
f 545/697/55 546/698/55 544/694/55
f 547/696/196 544/694/196 546/698/196
f 547/696/200 546/698/200 545/697/200
f 547/696/200 545/697/200 549/697/200
f 547/696/55 549/697/55 548/699/55
f 547/696/55 548/699/55 533/700/55
f 542/694/55 547/696/55 533/700/55
f 549/697/204 545/697/204 551/701/204
f 549/697/55 519/702/55 548/699/55
f 549/697/55 550/701/55 519/702/55
f 549/697/204 551/701/204 550/701/204
f 402/518/55 551/701/55 545/697/55
f 550/701/205 551/701/205 402/518/205
f 550/701/205 402/518/205 513/654/205
f 550/701/55 513/654/55 514/655/55
f 550/701/55 514/655/55 519/702/55
f 533/678/187 548/703/187 520/665/187
f 520/665/194 548/703/194 519/662/194
f 542/694/55 533/700/55 532/693/55
f 401/516/55 540/690/55 535/687/55
f 540/690/170 401/516/170 400/516/170
f 540/690/170 400/516/170 399/517/170
f 533/678/187 520/665/187 526/680/187
f 516/658/53 510/647/53 508/645/53
f 513/654/192 402/518/192 416/532/192
f 513/654/192 416/532/192 415/530/192
f 370/480/53 505/644/53 369/479/53
f 427/543/53 504/642/53 424/544/53
f 422/527/175 412/527/175 411/523/175
f 398/515/172 552/514/172 397/514/172
f 398/515/55 379/496/55 552/514/55
f 398/515/55 378/689/55 379/496/55
f 552/514/168 394/494/168 397/514/168
f 552/514/168 381/494/168 394/494/168
f 381/494/55 552/514/55 379/496/55
f 381/494/169 382/493/169 395/493/169
f 381/494/169 395/493/169 394/494/169
f 389/508/193 393/512/193 392/511/193
f 365/474/53 384/637/53 363/473/53
f 554/704/52 729/704/207 556/705/62
f 553/705/208 575/706/208 554/704/208
f 558/707/209 553/708/209 557/709/209
f 553/708/62 721/710/210 559/711/62
f 563/712/211 557/709/211 560/713/212
f 557/709/52 559/711/213 562/714/62
f 564/715/214 560/713/214 561/716/214
f 561/716/215 560/713/216 704/716/62
f 566/717/217 563/718/217 564/719/217
f 565/720/217 558/721/217 563/718/217
f 566/717/218 568/722/218 565/720/218
f 565/720/219 570/723/219 567/723/219
f 690/724/217 695/725/217 578/726/217
f 567/723/220 571/727/220 573/728/220
f 574/729/221 571/727/221 572/730/221
f 567/723/217 555/731/217 558/721/217
f 574/729/217 555/731/217 573/728/217
f 576/732/222 572/730/222 578/726/222
f 576/732/217 575/733/217 574/729/217
f 579/734/217 577/735/217 576/732/217
f 579/734/223 578/726/223 582/736/223
f 581/737/217 580/738/217 579/734/217
f 581/737/224 582/736/224 583/739/224
f 586/740/225 583/739/225 584/741/225
f 587/742/226 584/741/226 585/743/226
f 586/740/217 589/744/217 581/737/217
f 587/742/217 588/745/217 586/740/217
f 592/746/227 588/747/227 591/748/227
f 591/748/228 590/749/228 594/750/228
f 591/748/52 869/751/229 745/752/62
f 594/750/52 753/753/230 593/754/62
f 596/755/52 868/756/231 595/757/62
f 594/750/232 599/758/232 596/755/232
f 598/759/233 762/760/234 597/755/62
f 596/755/235 601/761/235 598/759/235
f 600/762/217 590/763/217 587/742/217
f 602/764/217 599/765/217 600/762/217
f 598/759/236 603/766/236 606/767/236
f 602/764/217 603/768/217 601/769/217
f 604/770/217 605/771/217 603/768/217
f 606/767/237 605/772/237 608/773/237
f 606/767/52 867/774/238 764/759/62
f 608/773/62 609/773/239 607/775/52
f 608/773/240 611/776/241 609/773/52
f 608/773/242 613/777/242 610/778/242
f 612/779/62 781/780/243 611/776/52
f 610/778/244 615/781/244 612/779/244
f 697/782/217 613/783/217 605/771/217
f 614/784/217 615/785/217 613/783/217
f 612/779/245 617/786/245 620/787/245
f 616/788/217 617/789/217 615/785/217
f 618/790/217 619/791/217 617/789/217
f 620/787/218 619/792/218 622/793/218
f 620/787/62 621/787/246 783/794/52
f 622/793/62 623/795/247 621/787/52
f 624/796/248 864/797/249 623/795/52
f 622/793/250 627/798/250 624/796/250
f 626/799/251 800/800/252 625/796/52
f 624/796/220 629/801/220 626/799/220
f 692/724/217 627/802/217 619/791/217
f 628/803/217 629/804/217 627/802/217
f 629/801/221 634/805/221 626/799/221
f 632/806/217 629/804/217 630/807/217
f 687/808/217 631/809/217 632/806/217
f 631/810/253 636/811/253 634/805/253
f 634/805/62 863/812/254 802/799/52
f 636/811/62 637/811/255 635/813/256
f 638/814/62 862/815/257 637/811/52
f 633/816/223 638/814/223 636/811/223
f 638/814/258 640/817/259 639/814/260
f 641/818/224 640/817/224 638/814/224
f 642/819/217 633/820/217 687/808/217
f 644/821/217 641/822/217 642/819/217
f 643/823/225 648/824/225 640/817/225
f 646/825/217 643/826/217 644/821/217
f 682/827/217 645/828/217 646/825/217
f 645/829/226 650/830/226 648/824/226
f 648/824/62 861/831/261 821/817/52
f 650/830/62 829/832/262 649/824/52
f 652/833/62 860/834/263 651/835/62
f 647/836/264 652/833/264 650/830/265
f 654/837/62 838/838/266 653/839/52
f 655/840/267 654/837/267 652/833/267
f 656/841/217 647/842/217 682/827/217
f 658/843/217 655/844/217 656/841/217
f 657/845/268 662/846/268 654/837/268
f 658/843/217 659/847/217 657/848/217
f 660/849/269 661/850/217 659/847/217
f 659/851/270 664/852/270 662/846/270
f 654/837/271 662/846/62 859/853/272
f 664/852/52 665/852/273 663/846/62
f 666/854/62 858/855/274 665/852/62
f 661/856/275 666/854/275 664/852/275
f 668/857/52 701/858/276 667/854/62
f 669/859/277 668/857/277 666/854/277
f 677/860/217 669/861/217 661/850/217
f 670/862/217 671/863/217 669/861/217
f 671/864/278 561/716/278 668/857/279
f 672/865/217 564/719/217 671/863/217
f 670/862/244 673/865/244 672/865/244
f 672/865/245 569/717/245 566/717/245
f 677/860/242 674/866/242 670/862/242
f 660/849/280 675/867/280 677/860/280
f 658/843/236 676/868/236 660/849/236
f 656/841/235 678/869/235 658/843/235
f 682/827/232 679/870/232 656/841/232
f 646/825/228 680/827/228 682/827/228
f 644/821/227 681/871/227 646/825/227
f 642/819/281 683/872/281 644/821/281
f 687/808/282 684/873/282 642/819/282
f 632/806/283 685/808/283 687/808/283
f 630/807/208 686/874/208 632/806/208
f 630/807/209 689/875/209 688/807/209
f 628/803/211 690/724/212 689/875/284
f 692/724/285 691/790/214 690/724/285
f 618/790/278 693/788/278 691/790/278
f 616/788/277 694/876/277 693/788/277
f 614/784/275 695/725/275 694/876/275
f 697/782/286 696/877/286 695/725/286
f 604/770/268 698/878/268 696/877/268
f 602/764/267 699/762/267 698/878/267
f 600/762/287 585/743/287 699/762/287
f 561/716/52 703/879/288 700/880/233
f 702/881/289 701/882/289 700/883/289
f 702/881/289 703/884/289 705/885/289
f 707/886/289 703/884/289 704/887/289
f 705/885/245 857/888/245 702/881/245
f 707/886/290 706/889/245 705/885/245
f 709/890/218 708/891/218 707/886/218
f 707/886/289 711/892/289 709/890/289
f 712/893/218 710/894/218 709/890/218
f 712/893/289 711/892/289 562/895/289
f 712/893/289 872/896/289 713/897/289
f 713/897/291 714/898/291 712/893/291
f 816/899/289 835/900/289 854/901/289
f 718/902/219 715/903/219 713/897/291
f 719/904/220 716/905/220 718/902/220
f 718/902/289 872/896/289 559/906/289
f 718/902/289 721/907/289 719/904/289
f 720/908/220 717/909/220 719/904/220
f 720/908/289 721/907/289 556/910/289
f 720/908/289 730/911/289 722/912/289
f 720/908/221 724/913/221 723/914/221
f 722/912/221 725/915/221 724/913/221
f 727/916/253 726/917/253 725/915/253
f 727/916/289 730/911/289 729/918/289
f 727/916/289 731/919/289 728/920/289
f 554/704/292 732/921/293 729/704/62
f 734/922/289 731/919/289 732/923/289
f 871/924/52 735/925/294 732/921/62
f 734/922/289 735/926/289 737/927/289
f 739/928/289 735/926/289 736/929/289
f 734/922/223 738/930/223 870/931/223
f 737/927/223 740/932/223 738/930/223
f 739/928/224 742/933/224 740/932/224
f 739/928/289 743/934/289 741/935/289
f 741/935/295 747/936/295 742/933/224
f 744/937/289 743/934/289 745/938/289
f 744/937/289 869/939/289 746/940/289
f 744/937/225 748/941/225 747/936/225
f 746/940/225 749/942/225 748/941/225
f 751/942/226 750/943/226 749/942/226
f 751/942/289 869/939/289 593/944/289
f 751/942/289 753/945/289 752/946/289
f 752/946/226 756/947/226 750/943/226
f 754/948/289 753/945/289 595/949/289
f 754/948/289 868/950/289 755/951/289
f 754/948/296 757/952/287 756/947/296
f 755/951/287 758/953/287 757/952/287
f 760/954/267 759/955/267 758/953/267
f 760/954/289 868/950/289 597/956/289
f 760/954/289 762/957/289 761/958/289
f 761/958/267 766/959/267 759/955/267
f 763/960/289 762/957/289 764/961/289
f 763/960/289 867/962/289 765/963/289
f 763/960/297 767/964/268 766/959/297
f 765/963/268 768/965/268 767/964/268
f 770/966/286 769/967/270 768/965/270
f 770/966/289 867/962/289 607/968/289
f 770/966/289 772/969/289 771/970/289
f 771/970/270 775/971/270 769/967/270
f 773/972/289 772/969/289 609/973/289
f 773/972/289 866/974/289 774/975/289
f 773/972/275 776/976/275 775/971/275
f 774/975/275 777/977/275 776/976/275
f 779/978/277 778/979/277 777/977/277
f 779/978/289 866/974/289 611/980/289
f 779/978/289 781/981/289 780/982/289
f 780/982/277 785/983/277 778/979/277
f 782/984/289 781/981/289 783/985/289
f 782/984/289 865/986/289 784/987/289
f 782/984/279 786/988/279 785/983/279
f 784/987/278 787/989/278 786/988/279
f 789/989/285 788/990/285 787/989/285
f 789/989/289 865/986/289 621/991/289
f 789/989/289 791/992/289 790/993/289
f 790/993/285 794/994/214 788/990/285
f 792/995/289 791/992/289 623/996/289
f 792/995/289 864/997/289 793/998/289
f 792/995/211 795/999/212 794/994/212
f 793/998/298 796/1000/299 795/999/212
f 798/1001/209 797/1002/209 796/1000/209
f 798/1001/289 864/997/289 625/1003/289
f 798/1001/289 800/1004/289 799/1005/300
f 799/1005/209 804/1006/209 797/1002/209
f 801/1006/300 800/1004/289 802/1007/289
f 801/1006/300 863/1008/300 803/1009/300
f 803/1009/208 804/1006/208 801/1006/208
f 808/1010/208 805/1011/208 803/1009/208
f 809/1012/283 806/1013/283 808/1010/283
f 808/1010/289 863/1008/300 635/1014/289
f 808/1010/289 810/1015/289 809/1012/289
f 811/1016/301 807/1012/283 809/1012/283
f 811/1016/289 810/1015/289 637/1017/289
f 811/1016/289 862/1018/289 812/1019/289
f 812/1019/282 813/1016/282 811/1016/302
f 817/1020/282 814/1019/282 812/1019/282
f 818/1021/303 815/1022/303 817/1020/304
f 817/1020/289 862/1018/289 639/1023/260
f 817/1020/289 819/1024/305 818/1021/289
f 820/1025/303 816/899/303 818/1021/303
f 820/1025/289 819/1024/305 821/1026/306
f 820/1025/289 861/1027/289 822/1028/289
f 822/1028/227 823/1029/227 820/1025/227
f 827/1030/227 824/1031/227 822/1028/227
f 828/1032/228 825/1033/228 827/1030/228
f 827/1030/289 861/1027/289 649/1034/289
f 827/1030/289 829/1035/289 828/1032/289
f 830/1036/228 826/1037/228 828/1032/228
f 830/1036/289 829/1035/289 651/1038/289
f 830/1036/289 860/1039/289 831/1040/289
f 831/1040/232 832/1036/232 830/1036/232
f 836/1041/232 833/1042/232 831/1040/232
f 837/1043/235 834/1044/235 836/1041/235
f 836/1041/289 860/1039/289 653/1045/289
f 836/1041/289 838/1046/289 837/1043/289
f 839/1047/235 835/900/235 837/1043/235
f 839/1047/289 838/1046/289 840/1048/289
f 839/1047/289 859/1049/289 841/1050/289
f 841/1050/236 842/1051/236 839/1047/307
f 846/1052/308 843/1053/236 841/1050/236
f 847/1054/280 844/1055/280 846/1052/280
f 846/1052/289 859/1049/289 663/1056/289
f 846/1052/289 848/1057/289 847/1054/289
f 849/1058/280 845/1059/280 847/1054/280
f 849/1058/289 848/1057/289 665/1060/289
f 849/1058/289 858/1061/289 850/1062/289
f 850/1062/242 851/1063/242 849/1058/242
f 855/1064/242 852/1065/242 850/1062/242
f 856/1066/244 853/1067/244 855/1064/244
f 855/1064/289 858/1061/289 667/1068/289
f 855/1064/289 701/882/289 856/1066/289
f 702/881/244 854/901/244 856/1066/244
f 592/746/52 743/1069/309 736/924/62
f 728/920/253 870/931/253 726/917/253
f 733/921/282 580/1070/282 871/924/282
f 871/924/281 589/1071/281 592/746/281
f 554/704/301 577/1072/301 733/921/301
f 1/1/1 2/5/1 6/2/1
f 3/4/2 176/223/2 2/5/2
f 1/1/3 4/7/3 167/6/3
f 5/3/3 7/10/3 4/7/3
f 5/3/4 6/2/4 9/8/4
f 8/9/3 11/13/3 7/10/3
f 8/9/5 9/8/5 192/11/5
f 10/12/3 12/243/3 11/13/3
f 14/14/6 13/17/6 11/15/6
f 13/17/7 15/232/7 7/18/7
f 19/19/8 16/22/8 13/20/8
f 16/22/8 17/25/8 15/23/8
f 16/22/4 18/26/4 180/24/4
f 19/19/5 20/28/5 18/26/5
f 21/27/10 24/31/10 20/28/10
f 21/27/8 19/19/8 14/21/8
f 22/30/11 25/37/11 24/31/11
f 22/30/8 21/27/8 23/29/8
f 160/212/8 161/211/8 18/26/8
f 161/211/8 179/234/8 18/26/8
f 179/234/8 180/24/8 18/26/8
f 18/26/8 20/28/8 24/31/8
f 24/31/8 25/37/8 26/33/8
f 26/33/8 27/86/8 62/85/8
f 62/85/8 63/87/8 26/33/8
f 63/87/8 64/88/8 26/33/8
f 64/88/8 65/78/8 66/92/8
f 66/92/8 189/241/8 188/34/8
f 188/34/8 93/125/8 92/124/8
f 92/124/8 94/120/8 188/34/8
f 94/120/8 95/126/8 188/34/8
f 95/126/8 96/168/8 129/35/8
f 96/168/8 127/167/8 129/35/8
f 127/167/8 128/169/8 129/35/8
f 129/35/8 130/171/310 131/174/8
f 131/174/8 182/236/311 181/235/8
f 181/235/8 158/208/8 160/212/8
f 158/208/8 157/207/8 160/212/8
f 157/207/8 159/210/8 160/212/8
f 18/26/8 24/31/8 160/212/8
f 24/31/8 26/33/8 160/212/8
f 64/88/8 66/92/8 26/33/8
f 66/92/8 188/34/8 26/33/8
f 129/35/8 131/174/8 181/235/8
f 188/34/8 95/126/8 129/35/8
f 129/35/8 181/235/8 160/212/8
f 160/212/8 26/33/8 129/35/8
f 28/36/12 26/33/12 25/37/12
f 29/38/13 27/86/13 26/33/13
f 29/38/8 28/36/8 30/39/8
f 22/30/8 33/32/8 30/39/8
f 31/41/14 30/44/14 32/42/14
f 30/44/15 33/46/15 34/45/15
f 33/46/16 23/244/16 35/47/16
f 36/48/3 39/54/3 32/49/3
f 36/48/3 34/50/3 35/51/3
f 37/52/11 191/242/11 38/48/11
f 36/48/12 38/48/12 40/53/12
f 39/54/13 40/53/13 42/55/13
f 41/56/3 43/58/3 32/49/3
f 41/56/17 42/55/17 45/57/17
f 44/57/3 46/61/3 43/58/3
f 44/57/18 45/57/18 48/59/18
f 47/60/3 49/64/3 46/61/3
f 47/60/19 48/59/19 51/62/19
f 50/63/3 53/68/3 49/64/3
f 50/63/20 51/62/20 190/65/20
f 50/63/3 52/66/3 54/67/3
f 57/69/21 55/72/21 53/70/21
f 55/72/22 58/79/22 49/73/22
f 56/74/8 59/81/8 58/75/8
f 56/74/8 55/76/8 57/77/8
f 58/79/23 60/83/23 46/80/23
f 59/81/8 61/84/8 60/82/8
f 60/83/24 31/41/24 43/43/24
f 61/84/8 29/38/8 31/40/8
f 59/81/18 63/87/18 62/85/18
f 61/84/17 62/85/17 27/86/17
f 56/74/19 64/88/19 63/87/19
f 67/78/20 65/78/20 64/88/20
f 68/89/25 66/92/25 65/78/25
f 67/78/8 57/77/8 70/90/8
f 69/91/26 189/241/26 66/92/26
f 68/89/8 70/90/8 71/93/8
f 71/94/27 70/97/27 72/95/27
f 70/97/28 57/69/28 54/71/28
f 74/98/3 76/101/3 73/99/3
f 52/66/3 74/98/3 72/100/3
f 74/98/26 75/102/26 77/101/26
f 52/66/25 190/65/25 75/102/25
f 76/101/29 77/101/29 79/103/29
f 78/104/3 81/107/3 73/99/3
f 78/104/30 79/103/30 187/105/30
f 80/106/3 82/240/3 81/107/3
f 85/108/31 83/111/31 81/109/31
f 83/111/32 71/94/32 73/96/32
f 84/112/8 69/91/8 71/93/8
f 86/114/8 84/112/8 83/113/8
f 86/114/8 85/115/8 87/116/8
f 87/118/33 85/108/33 82/110/33
f 91/120/8 90/117/8 87/116/8
f 88/122/34 87/118/34 89/119/34
f 91/120/35 94/120/35 92/124/35
f 90/117/36 92/124/36 93/125/36
f 97/126/7 95/126/7 94/120/7
f 98/127/6 96/168/6 95/126/6
f 97/126/8 99/129/8 100/128/8
f 97/126/8 91/120/8 88/121/8
f 100/130/5 99/133/5 101/131/5
f 99/133/4 88/122/4 103/123/4
f 104/134/3 107/140/3 102/135/3
f 104/134/3 101/136/3 103/137/3
f 104/134/6 105/141/6 108/139/6
f 106/138/7 184/227/7 105/141/7
f 107/140/37 108/139/37 110/142/37
f 109/142/3 111/145/3 102/135/3
f 109/142/16 110/142/16 113/143/16
f 112/144/3 114/149/3 111/145/3
f 112/144/15 113/143/15 116/146/15
f 112/144/3 115/147/3 118/148/3
f 115/147/38 116/146/38 183/150/38
f 117/150/3 119/183/3 118/148/3
f 122/151/39 120/154/39 118/152/39
f 120/154/12 123/161/12 114/155/12
f 124/156/8 123/164/8 120/157/8
f 132/159/8 121/158/8 120/157/8
f 123/161/11 125/165/11 111/162/11
f 124/156/8 126/166/8 125/163/8
f 125/165/10 100/130/10 102/132/10
f 126/166/8 98/127/8 100/128/8
f 124/156/16 128/169/16 127/167/16
f 126/166/37 127/167/37 96/168/37
f 121/158/15 129/35/15 128/169/15
f 132/159/14 130/171/14 129/35/14
f 133/170/24 131/174/24 130/171/24
f 133/170/8 132/159/8 122/160/8
f 134/173/41 182/236/41 131/174/41
f 134/173/8 133/170/8 135/172/8
f 136/176/18 135/179/18 137/177/18
f 135/179/42 122/151/42 119/153/42
f 141/180/3 138/189/3 137/181/3
f 139/182/3 137/181/3 119/183/3
f 141/180/23 139/182/41 140/184/23
f 117/150/24 183/150/24 140/184/24
f 143/186/43 141/180/46 142/185/43
f 141/180/3 143/186/3 146/188/3
f 143/186/21 144/187/21 175/190/21
f 143/186/3 145/191/3 147/192/3
f 147/193/20 150/1073/20 148/194/20
f 146/195/19 148/194/19 136/176/19
f 134/173/8 136/175/8 148/196/8
f 149/197/8 148/196/8 150/198/8
f 155/200/8 151/199/8 150/198/8
f 152/202/25 150/1073/25 147/193/25
f 156/204/8 155/200/8 152/201/8
f 168/206/26 153/1074/26 152/202/26
f 156/204/27 159/210/27 157/207/27
f 155/200/28 157/207/28 158/208/28
f 162/209/32 160/212/32 159/210/32
f 163/211/31 161/211/31 160/212/31
f 163/211/8 162/209/8 164/213/8
f 156/204/8 153/205/8 164/213/8
f 165/215/44 164/218/44 166/216/44
f 164/218/29 153/1074/29 168/206/29
f 3/4/3 167/6/3 166/219/3
f 171/221/3 169/220/3 166/219/3
f 169/220/31 170/224/31 176/223/31
f 171/221/32 172/221/32 170/224/32
f 173/225/27 174/225/27 172/221/27
f 173/225/3 171/221/3 168/222/3
f 145/191/28 175/190/28 174/225/28
f 173/225/3 154/226/3 147/192/3
f 6/2/3 2/5/3 172/221/3
f 2/5/3 176/223/3 172/221/3
f 176/223/3 170/224/3 172/221/3
f 172/221/3 174/225/3 175/190/3
f 175/190/3 144/187/3 142/185/3
f 142/185/3 140/184/3 113/143/3
f 140/184/3 183/150/3 113/143/3
f 183/150/3 116/146/312 113/143/3
f 113/143/3 110/142/3 184/227/3
f 110/142/3 108/139/3 184/227/3
f 108/139/3 105/141/3 184/227/3
f 184/227/3 186/239/3 187/105/3
f 187/105/3 79/103/3 77/101/3
f 77/101/3 75/102/3 48/59/3
f 75/102/3 190/65/3 48/59/3
f 190/65/3 51/62/3 48/59/3
f 48/59/3 45/57/3 42/55/3
f 42/55/3 40/53/313 38/48/3
f 38/48/3 191/242/313 192/11/3
f 192/11/3 9/8/3 6/2/3
f 172/221/3 175/190/3 6/2/3
f 175/190/3 142/185/3 6/2/3
f 184/227/3 187/105/3 77/101/3
f 48/59/3 42/55/3 38/48/3
f 38/48/3 192/11/3 48/59/3
f 192/11/3 6/2/3 48/59/3
f 142/185/3 113/143/3 184/227/3
f 184/227/3 77/101/3 48/59/3
f 6/2/3 142/185/3 48/59/3
f 177/228/45 165/215/45 167/217/45
f 178/230/8 163/211/8 165/214/8
f 17/25/8 178/230/8 177/231/8
f 15/232/35 177/1075/35 4/233/35
f 17/25/1 180/24/1 179/234/1
f 178/230/2 179/234/2 161/211/2
f 151/199/21 158/208/21 181/235/21
f 149/197/46 181/235/46 182/236/46
f 185/237/35 186/239/35 184/227/35
f 106/138/3 103/137/3 89/238/3
f 80/106/36 187/105/36 186/239/36
f 80/106/3 185/237/3 89/238/3
f 86/114/30 93/125/30 188/34/30
f 84/112/29 188/34/29 189/241/29
f 10/12/10 192/11/10 191/242/10
f 37/52/3 35/51/3 12/243/3
f 23/244/37 14/14/37 12/16/37
f 193/245/47 194/362/47 271/246/47
f 197/251/49 200/254/49 195/249/49
f 199/252/8 197/256/8 193/245/8
f 198/253/49 201/303/49 200/254/49
f 228/255/8 198/298/8 197/256/8
f 200/257/50 202/261/50 203/258/50
f 201/260/50 204/309/50 202/261/50
f 202/262/51 206/268/51 207/263/51
f 242/265/52 205/267/52 202/262/52
f 205/267/53 208/269/53 206/268/53
f 208/269/52 209/271/52 207/263/52
f 210/270/54 209/271/54 208/269/54
f 203/264/55 207/263/55 209/271/55
f 195/259/56 203/258/56 210/272/56
f 214/274/57 211/273/57 210/272/57
f 195/249/58 211/277/58 212/276/58
f 213/278/60 211/277/60 214/279/60
f 216/280/60 214/279/60 215/281/60
f 215/283/57 214/274/57 205/275/57
f 219/285/3 213/363/3 216/286/3
f 218/287/3 216/286/3 217/288/3
f 218/287/61 221/291/61 222/290/61
f 220/289/61 223/297/61 221/291/61
f 225/292/62 222/290/62 221/291/62
f 221/291/62 223/297/62 226/294/62
f 199/252/63 196/247/63 225/292/63
f 199/252/63 224/293/63 226/294/63
f 228/255/63 226/294/63 227/295/63
f 223/297/62 250/330/62 227/295/62
f 229/296/8 231/301/8 198/298/8
f 229/296/63 227/295/63 253/299/63
f 230/300/8 232/359/8 231/301/8
f 231/302/49 233/305/49 201/303/49
f 232/304/49 234/358/49 233/305/49
f 233/306/50 234/357/50 236/307/50
f 201/260/50 233/306/50 235/308/50
f 243/310/52 237/314/52 235/311/52
f 235/311/51 238/315/51 239/313/51
f 237/314/53 240/316/53 238/315/53
f 240/316/52 241/317/52 239/313/52
f 242/265/54 241/317/54 240/316/54
f 204/266/55 239/313/55 241/317/55
f 215/283/57 242/284/57 237/318/57
f 244/319/57 237/318/57 243/320/64
f 217/282/60 215/281/60 244/322/60
f 246/323/60 244/322/60 245/324/60
f 248/326/3 246/329/3 247/327/3
f 220/289/3 217/288/3 246/329/3
f 248/326/61 250/330/61 223/297/61
f 249/328/61 251/331/61 250/330/61
f 250/330/62 251/331/62 253/299/62
f 251/331/62 252/333/62 254/332/62
f 249/328/61 270/345/61 252/333/61
f 230/300/63 253/299/63 254/332/63
f 257/336/66 256/335/66 254/332/66
f 255/334/67 256/335/67 258/337/67
f 257/336/53 261/1076/53 258/337/53
f 260/341/69 258/340/69 261/342/69
f 262/344/70 261/1076/70 257/336/70
f 247/325/60 245/324/60 263/343/60
f 263/347/72 264/350/72 265/348/72
f 245/321/64 243/320/64 264/350/57
f 264/351/53 266/355/53 267/352/53
f 264/351/54 243/310/54 268/354/54
f 266/355/52 268/354/52 269/356/52
f 236/312/55 269/356/55 268/354/55
f 265/353/51 267/352/51 269/356/51
f 234/357/50 260/349/50 265/348/50
f 249/328/3 247/327/3 262/344/3
f 259/339/49 260/341/49 234/358/49
f 255/334/8 259/338/8 232/359/8
f 225/292/75 271/246/75 272/360/75
f 212/361/55 272/360/55 271/246/55
f 219/285/76 272/360/76 212/361/76
f 286/386/98 288/389/98 287/387/98
f 288/389/99 290/1077/99 289/390/100
f 289/390/101 290/1077/102 292/391/102
f 292/391/103 294/394/103 293/393/104
f 294/394/105 296/1078/105 295/395/105
f 295/395/106 296/1078/106 298/396/106
f 297/397/107 298/396/108 300/398/108
f 300/398/109 302/1079/109 301/400/109
f 301/400/110 302/1079/110 304/401/110
f 304/401/111 306/404/111 305/403/111
f 306/404/112 308/406/112 307/405/113
f 308/406/114 310/408/114 309/407/115
f 310/408/116 312/1080/116 311/409/116
f 311/409/117 312/1080/117 314/410/117
f 314/410/118 316/413/118 315/412/118
f 316/413/119 318/1081/119 317/414/119
f 317/414/120 318/1081/120 320/415/120
f 319/416/121 320/415/122 322/417/122
f 322/417/123 324/1082/123 323/419/123
f 323/419/124 324/1082/125 326/420/125
f 325/421/126 326/420/127 328/422/127
f 328/422/128 330/1083/128 329/424/129
f 329/424/130 330/1083/130 332/425/130
f 332/425/131 334/1084/131 333/427/131
f 333/427/132 334/1084/133 336/428/133
f 336/428/134 338/431/134 337/430/135
f 338/431/136 340/1085/136 339/432/136
f 339/432/137 340/1085/137 342/433/137
f 341/434/138 342/433/139 344/435/139
f 344/435/140 346/1086/140 345/437/141
f 290/438/142 288/1087/143 286/1088/314
f 286/1088/314 348/1089/142 290/438/142
f 348/1089/142 346/1090/143 290/438/142
f 346/1090/143 344/1091/315 342/1092/316
f 342/1092/316 340/1093/317 346/1090/143
f 340/1093/317 338/439/143 346/1090/143
f 338/439/143 336/1094/143 334/1095/315
f 334/1095/315 332/1096/318 330/1097/143
f 330/1097/143 328/1098/319 322/440/143
f 328/1098/319 326/1099/143 322/440/143
f 326/1099/143 324/1100/320 322/440/143
f 322/440/143 320/1101/321 314/1102/143
f 320/1101/321 318/1103/143 314/1102/143
f 318/1103/143 316/1104/322 314/1102/143
f 314/1102/143 312/1105/323 310/1106/142
f 310/1106/142 308/1107/324 314/1102/143
f 308/1107/324 306/1108/143 314/1102/143
f 306/1108/143 304/1109/322 302/1110/325
f 302/1110/325 300/1111/143 298/1112/143
f 298/1112/143 296/1113/318 290/438/142
f 296/1113/318 294/1114/322 290/438/142
f 294/1114/322 292/1115/326 290/438/142
f 338/439/143 334/1095/315 330/1097/143
f 306/1108/143 302/1110/325 298/1112/143
f 290/438/142 346/1090/143 338/439/143
f 338/439/143 330/1097/143 322/440/143
f 322/440/143 314/1102/143 306/1108/143
f 306/1108/143 298/1112/143 322/440/143
f 298/1112/143 290/438/142 322/440/143
f 345/437/144 346/1086/145 348/441/145
f 347/442/146 348/441/146 286/443/146
f 347/446/147 285/1116/327 287/1117/147
f 287/1117/147 289/1118/328 347/446/147
f 289/1118/328 291/1119/329 347/446/147
f 291/1119/329 293/1120/330 295/1121/147
f 295/1121/147 297/1122/331 299/1123/147
f 299/1123/147 301/1124/332 307/1125/147
f 301/1124/332 303/1126/333 307/1125/147
f 303/1126/333 305/1127/334 307/1125/147
f 307/1125/147 309/1128/335 311/1129/336
f 311/1129/336 313/1130/147 307/1125/147
f 313/1130/147 315/447/147 307/1125/147
f 315/447/147 317/1131/328 319/1132/329
f 319/1132/329 321/1133/147 315/447/147
f 321/1133/147 323/1134/337 315/447/147
f 323/1134/337 325/1135/338 327/1136/147
f 327/1136/147 329/1137/339 331/1138/147
f 331/1138/147 333/1139/340 339/445/147
f 333/1139/340 335/1140/341 339/445/147
f 335/1140/341 337/1141/337 339/445/147
f 339/445/147 341/1142/342 343/1143/343
f 343/1143/343 345/1144/329 339/445/147
f 345/1144/329 347/446/147 339/445/147
f 291/1119/329 295/1121/147 347/446/147
f 295/1121/147 299/1123/147 347/446/147
f 323/1134/337 327/1136/147 315/447/147
f 327/1136/147 331/1138/147 315/447/147
f 299/1123/147 307/1125/147 347/446/147
f 307/1125/147 315/447/147 347/446/147
f 331/1138/147 339/445/147 315/447/147
f 556/705/62 553/705/344 554/704/52
f 729/704/207 730/1145/345 556/705/62
f 553/705/208 555/1146/208 575/706/208
f 558/707/209 555/1147/209 553/708/209
f 553/708/62 556/708/346 721/710/210
f 559/711/62 557/709/347 553/708/62
f 563/712/211 558/707/211 557/709/211
f 562/714/62 560/713/348 557/709/52
f 559/711/213 872/1148/349 562/714/62
f 564/715/214 563/712/214 560/713/214
f 560/713/216 562/714/350 711/1149/351
f 560/713/216 711/1149/351 704/716/62
f 566/717/217 565/720/217 563/718/217
f 565/720/217 567/723/217 558/721/217
f 566/717/218 569/717/352 568/722/218
f 565/720/219 568/722/219 570/723/219
f 578/726/217 572/730/353 571/727/217
f 571/727/217 570/723/217 568/722/217
f 568/722/217 569/717/217 675/867/217
f 569/717/217 673/865/217 675/867/217
f 673/865/217 674/866/217 675/867/217
f 675/867/217 676/868/269 678/869/354
f 678/869/354 679/870/217 675/867/217
f 679/870/217 680/827/217 675/867/217
f 680/827/217 681/871/269 683/872/217
f 683/872/217 684/873/217 685/808/217
f 685/808/217 686/874/353 688/807/217
f 688/807/217 689/875/217 690/724/217
f 690/724/217 691/790/217 695/725/217
f 691/790/217 693/788/217 695/725/217
f 693/788/217 694/876/217 695/725/217
f 695/725/217 696/877/217 698/878/269
f 698/878/269 699/762/217 695/725/217
f 699/762/217 585/743/217 695/725/217
f 585/743/217 584/741/217 583/739/217
f 583/739/217 582/736/217 578/726/217
f 578/726/217 571/727/217 685/808/217
f 571/727/217 568/722/217 685/808/217
f 680/827/217 683/872/217 675/867/217
f 683/872/217 685/808/217 675/867/217
f 685/808/217 688/807/217 578/726/217
f 688/807/217 690/724/217 578/726/217
f 585/743/217 583/739/217 695/725/217
f 583/739/217 578/726/217 695/725/217
f 568/722/217 675/867/217 685/808/217
f 567/723/220 570/723/220 571/727/220
f 574/729/221 573/728/221 571/727/221
f 567/723/217 573/728/217 555/731/217
f 574/729/217 575/733/217 555/731/217
f 576/732/222 574/729/222 572/730/222
f 576/732/217 577/735/217 575/733/217
f 579/734/217 580/738/217 577/735/217
f 579/734/223 576/732/223 578/726/223
f 581/737/217 589/744/217 580/738/217
f 581/737/224 579/734/224 582/736/224
f 586/740/225 581/737/225 583/739/225
f 587/742/226 586/740/226 584/741/226
f 586/740/217 588/745/217 589/744/217
f 587/742/217 590/763/217 588/745/217
f 592/746/227 589/1071/227 588/747/227
f 591/748/228 588/747/228 590/749/228
f 591/748/52 593/754/355 869/751/229
f 745/752/62 592/746/356 591/748/52
f 594/750/52 595/757/357 753/753/230
f 593/754/62 591/748/358 594/750/52
f 596/755/52 597/755/359 868/756/231
f 595/757/62 594/750/360 596/755/52
f 594/750/232 590/749/232 599/758/232
f 598/759/233 764/759/361 762/760/234
f 597/755/62 596/755/362 598/759/233
f 596/755/235 599/758/235 601/761/235
f 600/762/217 599/765/217 590/763/217
f 602/764/217 601/769/217 599/765/217
f 598/759/236 601/761/307 603/766/236
f 602/764/217 604/770/217 603/768/217
f 604/770/217 697/782/217 605/771/217
f 606/767/237 603/766/237 605/772/237
f 764/759/62 598/759/363 606/767/52
f 606/767/52 607/775/364 867/774/238
f 607/775/52 606/767/365 608/773/62
f 609/773/239 772/1150/366 607/775/52
f 611/776/241 866/1151/367 609/773/52
f 608/773/240 610/778/62 611/776/241
f 608/773/242 605/772/242 613/777/242
f 612/779/62 783/794/368 781/780/243
f 611/776/52 610/778/369 612/779/62
f 610/778/244 613/777/244 615/781/244
f 697/782/217 614/784/217 613/783/217
f 614/784/217 616/788/217 615/785/217
f 612/779/245 615/781/290 617/786/245
f 616/788/217 618/790/217 617/789/217
f 618/790/217 692/724/217 619/791/217
f 620/787/218 617/786/352 619/792/218
f 783/794/52 612/779/370 620/787/62
f 621/787/246 865/1152/371 783/794/52
f 621/787/52 620/787/372 622/793/62
f 623/795/247 791/1153/373 621/787/52
f 624/796/248 625/796/374 864/797/249
f 623/795/52 622/793/375 624/796/248
f 622/793/250 619/792/219 627/798/250
f 626/799/251 802/799/376 800/800/252
f 625/796/52 624/796/377 626/799/251
f 624/796/220 627/798/378 629/801/220
f 692/724/217 628/803/217 627/802/217
f 628/803/217 630/807/217 629/804/217
f 629/801/221 631/810/221 634/805/221
f 632/806/217 631/809/217 629/804/217
f 687/808/217 633/820/217 631/809/217
f 631/810/253 633/816/253 636/811/253
f 634/805/62 635/813/379 863/812/254
f 802/799/52 626/799/380 634/805/62
f 635/813/256 634/805/381 636/811/62
f 637/811/255 810/1154/382 635/813/256
f 638/814/62 639/814/383 862/815/257
f 637/811/52 636/811/384 638/814/62
f 633/816/223 641/818/223 638/814/223
f 640/817/259 821/817/306 819/1155/305
f 640/817/259 819/1155/305 639/814/260
f 641/818/224 643/823/224 640/817/224
f 642/819/217 641/822/217 633/820/217
f 644/821/217 643/826/217 641/822/217
f 643/823/225 645/829/225 648/824/225
f 646/825/217 645/828/217 643/826/217
f 682/827/217 647/842/217 645/828/217
f 645/829/226 647/836/226 650/830/226
f 648/824/62 649/824/385 861/831/261
f 821/817/52 640/817/386 648/824/62
f 650/830/62 651/835/387 829/832/262
f 649/824/52 648/824/388 650/830/62
f 652/833/62 653/839/389 860/834/263
f 651/835/62 650/830/390 652/833/62
f 647/836/264 655/840/287 652/833/264
f 654/837/62 840/837/391 838/838/266
f 653/839/52 652/833/392 654/837/62
f 655/840/267 657/845/393 654/837/267
f 656/841/217 655/844/217 647/842/217
f 658/843/217 657/848/217 655/844/217
f 657/845/268 659/851/394 662/846/268
f 658/843/217 660/849/269 659/847/217
f 660/849/269 677/860/217 661/850/217
f 659/851/270 661/856/270 664/852/270
f 662/846/62 663/846/395 859/853/272
f 859/853/272 840/837/52 654/837/271
f 663/846/62 662/846/396 664/852/52
f 665/852/273 848/1156/397 663/846/62
f 666/854/62 667/854/398 858/855/274
f 665/852/62 664/852/399 666/854/62
f 661/856/275 669/859/275 666/854/275
f 668/857/52 700/880/400 701/858/276
f 667/854/62 666/854/401 668/857/52
f 669/859/277 671/864/277 668/857/277
f 677/860/217 670/862/217 669/861/217
f 670/862/217 672/865/217 671/863/217
f 671/864/278 564/715/278 561/716/278
f 672/865/217 566/717/217 564/719/217
f 670/862/244 674/866/244 673/865/244
f 672/865/245 673/865/290 569/717/245
f 677/860/242 675/867/242 674/866/242
f 660/849/280 676/868/280 675/867/280
f 658/843/236 678/869/236 676/868/236
f 656/841/235 679/870/235 678/869/235
f 682/827/232 680/827/232 679/870/232
f 646/825/228 681/871/228 680/827/228
f 644/821/227 683/872/227 681/871/227
f 642/819/281 684/873/281 683/872/281
f 687/808/282 685/808/282 684/873/282
f 632/806/283 686/874/283 685/808/283
f 630/807/208 688/807/208 686/874/208
f 630/807/209 628/803/209 689/875/209
f 628/803/211 692/724/212 690/724/212
f 692/724/285 618/790/214 691/790/214
f 618/790/278 616/788/278 693/788/278
f 616/788/277 614/784/277 694/876/277
f 614/784/275 697/782/275 695/725/275
f 697/782/286 604/770/286 696/877/286
f 604/770/268 602/764/268 698/878/268
f 602/764/267 600/762/267 699/762/267
f 600/762/287 587/742/287 585/743/287
f 561/716/52 704/716/402 703/879/288
f 700/880/233 668/857/403 561/716/52
f 702/881/289 856/1066/289 701/882/289
f 702/881/289 700/883/289 703/884/289
f 707/886/289 705/885/289 703/884/289
f 705/885/245 706/889/245 857/888/245
f 707/886/290 708/891/290 706/889/245
f 709/890/218 710/894/218 708/891/218
f 707/886/289 704/887/289 711/892/289
f 712/893/218 714/898/218 710/894/218
f 712/893/289 709/890/289 711/892/289
f 712/893/289 562/895/289 872/896/289
f 713/897/291 715/903/219 714/898/291
f 717/909/289 723/914/300 724/913/289
f 724/913/289 725/915/404 726/917/289
f 726/917/289 870/931/405 738/930/289
f 738/930/289 740/932/406 742/933/289
f 742/933/289 747/936/289 748/941/289
f 748/941/289 749/942/405 750/943/300
f 750/943/300 756/947/300 757/952/289
f 757/952/289 758/953/407 759/955/289
f 759/955/289 766/959/407 767/964/289
f 767/964/289 768/965/408 769/967/289
f 769/967/289 775/971/409 776/976/289
f 776/976/289 777/977/289 778/979/289
f 778/979/289 785/983/410 786/988/411
f 786/988/411 787/989/289 788/990/289
f 788/990/289 794/994/289 795/999/404
f 795/999/404 796/1000/289 797/1002/289
f 797/1002/289 804/1006/412 805/1011/300
f 805/1011/300 806/1013/289 807/1012/289
f 807/1012/289 813/1016/289 814/1019/406
f 814/1019/406 815/1022/413 816/899/289
f 816/899/289 823/1029/300 824/1031/289
f 824/1031/289 825/1033/300 826/1037/289
f 826/1037/289 832/1036/414 833/1042/289
f 833/1042/289 834/1044/407 835/900/289
f 835/900/289 842/1051/413 843/1053/413
f 843/1053/413 844/1055/289 845/1059/289
f 845/1059/289 851/1063/289 852/1065/413
f 852/1065/413 853/1067/289 854/901/289
f 854/901/289 857/888/289 706/889/300
f 706/889/300 708/891/415 710/894/289
f 710/894/289 714/898/404 715/903/289
f 715/903/289 716/905/404 717/909/289
f 717/909/289 724/913/289 726/917/289
f 726/917/289 738/930/289 742/933/289
f 742/933/289 748/941/289 759/955/289
f 748/941/289 750/943/300 759/955/289
f 750/943/300 757/952/289 759/955/289
f 759/955/289 767/964/289 778/979/289
f 767/964/289 769/967/289 778/979/289
f 769/967/289 776/976/289 778/979/289
f 778/979/289 786/988/411 788/990/289
f 788/990/289 795/999/404 797/1002/289
f 797/1002/289 805/1011/300 807/1012/289
f 807/1012/289 814/1019/406 816/899/289
f 816/899/289 824/1031/289 835/900/289
f 824/1031/289 826/1037/289 835/900/289
f 826/1037/289 833/1042/289 835/900/289
f 835/900/289 843/1053/413 845/1059/289
f 845/1059/289 852/1065/413 835/900/289
f 852/1065/413 854/901/289 835/900/289
f 854/901/289 706/889/300 710/894/289
f 710/894/289 715/903/289 717/909/289
f 717/909/289 726/917/289 797/1002/289
f 726/917/289 742/933/289 797/1002/289
f 778/979/289 788/990/289 742/933/289
f 788/990/289 797/1002/289 742/933/289
f 797/1002/289 807/1012/289 717/909/289
f 807/1012/289 816/899/289 717/909/289
f 854/901/289 710/894/289 816/899/289
f 710/894/289 717/909/289 816/899/289
f 742/933/289 759/955/289 778/979/289
f 718/902/219 716/905/250 715/903/219
f 719/904/220 717/909/220 716/905/220
f 718/902/289 713/897/289 872/896/289
f 718/902/289 559/906/289 721/907/289
f 720/908/220 723/914/220 717/909/220
f 720/908/289 719/904/289 721/907/289
f 720/908/289 556/910/289 730/911/289
f 720/908/221 722/912/221 724/913/221
f 722/912/221 727/916/221 725/915/221
f 727/916/253 728/920/253 726/917/253
f 727/916/289 722/912/289 730/911/289
f 727/916/289 729/918/289 731/919/289
f 732/921/293 731/1157/416 729/704/62
f 554/704/292 733/921/52 732/921/293
f 734/922/289 728/920/289 731/919/289
f 871/924/52 736/924/417 735/925/294
f 732/921/62 733/921/418 871/924/52
f 734/922/289 732/923/289 735/926/289
f 739/928/289 737/927/289 735/926/289
f 734/922/223 737/927/223 738/930/223
f 737/927/223 739/928/223 740/932/223
f 739/928/224 741/935/295 742/933/224
f 739/928/289 736/929/289 743/934/289
f 741/935/295 744/937/295 747/936/295
f 744/937/289 741/935/289 743/934/289
f 744/937/289 745/938/289 869/939/289
f 744/937/225 746/940/225 748/941/225
f 746/940/225 751/942/225 749/942/225
f 751/942/226 752/946/226 750/943/226
f 751/942/289 746/940/289 869/939/289
f 751/942/289 593/944/289 753/945/289
f 752/946/226 754/948/226 756/947/226
f 754/948/289 752/946/289 753/945/289
f 754/948/289 595/949/289 868/950/289
f 754/948/296 755/951/287 757/952/287
f 755/951/287 760/954/287 758/953/287
f 760/954/267 761/958/267 759/955/267
f 760/954/289 755/951/289 868/950/289
f 760/954/289 597/956/289 762/957/289
f 761/958/267 763/960/267 766/959/267
f 763/960/289 761/958/289 762/957/289
f 763/960/289 764/961/289 867/962/289
f 763/960/297 765/963/268 767/964/268
f 765/963/268 770/966/268 768/965/268
f 770/966/286 771/970/270 769/967/270
f 770/966/289 765/963/289 867/962/289
f 770/966/289 607/968/289 772/969/289
f 771/970/270 773/972/270 775/971/270
f 773/972/289 771/970/289 772/969/289
f 773/972/289 609/973/289 866/974/289
f 773/972/275 774/975/275 776/976/275
f 774/975/275 779/978/275 777/977/275
f 779/978/277 780/982/277 778/979/277
f 779/978/289 774/975/289 866/974/289
f 779/978/289 611/980/289 781/981/289
f 780/982/277 782/984/277 785/983/277
f 782/984/289 780/982/289 781/981/289
f 782/984/289 783/985/289 865/986/289
f 782/984/279 784/987/278 786/988/279
f 784/987/278 789/989/278 787/989/278
f 789/989/285 790/993/285 788/990/285
f 789/989/289 784/987/289 865/986/289
f 789/989/289 621/991/289 791/992/289
f 790/993/285 792/995/214 794/994/214
f 792/995/289 790/993/289 791/992/289
f 792/995/289 623/996/289 864/997/289
f 792/995/211 793/998/298 795/999/212
f 793/998/298 798/1001/299 796/1000/299
f 798/1001/209 799/1005/209 797/1002/209
f 798/1001/289 793/998/289 864/997/289
f 798/1001/289 625/1003/289 800/1004/289
f 799/1005/209 801/1006/209 804/1006/209
f 801/1006/300 799/1005/300 800/1004/289
f 801/1006/300 802/1007/289 863/1008/300
f 803/1009/208 805/1011/208 804/1006/208
f 808/1010/208 806/1013/208 805/1011/208
f 809/1012/283 807/1012/283 806/1013/283
f 808/1010/289 803/1009/300 863/1008/300
f 808/1010/289 635/1014/289 810/1015/289
f 811/1016/301 813/1016/301 807/1012/283
f 811/1016/289 809/1012/289 810/1015/289
f 811/1016/289 637/1017/289 862/1018/289
f 812/1019/282 814/1019/282 813/1016/282
f 817/1020/282 815/1022/302 814/1019/282
f 818/1021/303 816/899/303 815/1022/303
f 817/1020/289 812/1019/289 862/1018/289
f 817/1020/289 639/1023/260 819/1024/305
f 820/1025/303 823/1029/304 816/899/303
f 820/1025/289 818/1021/289 819/1024/305
f 820/1025/289 821/1026/306 861/1027/289
f 822/1028/227 824/1031/227 823/1029/227
f 827/1030/227 825/1033/227 824/1031/227
f 828/1032/228 826/1037/228 825/1033/228
f 827/1030/289 822/1028/289 861/1027/289
f 827/1030/289 649/1034/289 829/1035/289
f 830/1036/228 832/1036/228 826/1037/228
f 830/1036/289 828/1032/289 829/1035/289
f 830/1036/289 651/1038/289 860/1039/289
f 831/1040/232 833/1042/232 832/1036/232
f 836/1041/232 834/1044/232 833/1042/232
f 837/1043/235 835/900/235 834/1044/235
f 836/1041/289 831/1040/289 860/1039/289
f 836/1041/289 653/1045/289 838/1046/289
f 839/1047/235 842/1051/235 835/900/235
f 839/1047/289 837/1043/289 838/1046/289
f 839/1047/289 840/1048/289 859/1049/289
f 841/1050/236 843/1053/236 842/1051/236
f 846/1052/308 844/1055/308 843/1053/236
f 847/1054/280 845/1059/280 844/1055/280
f 846/1052/289 841/1050/289 859/1049/289
f 846/1052/289 663/1056/289 848/1057/289
f 849/1058/280 851/1063/237 845/1059/280
f 849/1058/289 847/1054/289 848/1057/289
f 849/1058/289 665/1060/289 858/1061/289
f 850/1062/242 852/1065/242 851/1063/242
f 855/1064/242 853/1067/242 852/1065/242
f 856/1066/244 854/901/244 853/1067/244
f 855/1064/289 850/1062/289 858/1061/289
f 855/1064/289 667/1068/289 701/882/289
f 702/881/244 857/888/244 854/901/244
f 592/746/52 745/752/419 743/1069/309
f 736/924/62 871/924/420 592/746/52
f 728/920/253 734/922/253 870/931/253
f 733/921/282 577/1072/302 580/1070/282
f 871/924/281 580/1070/303 589/1071/281
f 554/704/301 575/706/301 577/1072/301
