# Blender 5.2.0 LTS
# www.blender.org
mtllib Explanation.mtl
o 立方体
v -1.060168 -0.833635 0.000137
v -1.060168 0.833635 0.000137
v -1.060168 -0.833635 -0.000137
v -1.060168 0.833635 -0.000137
v 1.060168 -0.833635 0.000137
v 1.060168 0.833635 0.000137
v 1.060168 -0.833635 -0.000137
v 1.060168 0.833635 -0.000137
v -1.714155 0.000000 0.000137
v -1.714155 0.000000 -0.000137
v 1.714155 0.000000 -0.000137
v 1.714155 0.000000 0.000137
v -1.287784 0.000000 0.124103
v -0.796467 0.472656 0.124103
v -1.287784 0.000000 -0.124103
v -0.796467 -0.472656 -0.124103
v 0.796467 -0.472656 -0.124103
v -0.796467 0.472656 -0.124103
v 0.796467 0.472656 -0.124103
v 1.287784 0.000000 -0.124103
v 1.287784 0.000000 0.124103
v 0.796467 -0.472656 0.124103
v -0.796467 -0.472656 0.124103
v 0.796467 0.472656 0.124103
vn -0.7868 0.6172 -0.0000
vn -0.0000 -0.0000 1.0000
vn 0.7868 0.6172 -0.0000
vn -0.0000 -0.0000 -1.0000
vn -0.0000 -1.0000 -0.0000
vn -0.0000 1.0000 -0.0000
vn 0.2681 -0.2787 -0.9222
vn 0.7868 -0.6172 -0.0000
vn 0.2178 -0.1709 0.9609
vn -0.7868 -0.6172 -0.0000
vn -0.2681 0.2787 -0.9222
vn -0.2178 -0.1709 -0.9609
vn -0.0000 -0.3248 0.9458
vn 0.2178 0.1709 -0.9609
vn -0.0000 -0.3248 -0.9458
vn -0.0000 0.3248 0.9458
vn -0.2178 0.1709 0.9609
vn 0.2681 0.2787 0.9222
vn -0.0000 0.3248 -0.9458
vn -0.2681 -0.2787 0.9222
vn 0.2178 -0.1709 -0.9609
vn 0.2681 -0.2787 0.9222
vn -0.2178 0.1709 -0.9609
vn -0.2681 -0.2787 -0.9222
vn 0.2681 0.2787 -0.9222
vn -0.2681 0.2787 0.9222
vn 0.2178 0.1709 0.9609
vn -0.2178 -0.1709 0.9609
vt 0.819560 0.914786
vt 0.841169 0.925590
vt 0.819560 0.925590
vt 0.884386 0.914786
vt 0.884386 0.893177
vt 0.819560 0.936395
vt 0.862778 0.914786
vt 0.884386 0.925590
vt 0.862778 0.925590
vt 0.862778 0.936395
vt 0.884386 0.958003
vt 0.862778 0.958003
vt 0.862778 0.893177
vt 0.884386 0.936395
vt 0.841169 0.936395
vt 0.841169 0.914786
s 0
usemtl stage
f 2/1/1 10/2/1 9/3/1
f 24/4/2 14/5/2 23/6/2
f 8/7/3 12/8/3 11/9/3
f 19/7/4 20/9/4 17/10/4
f 7/10/5 1/11/5 3/12/5
f 4/13/6 6/4/6 8/7/6
f 11/9/7 17/10/7 20/9/7
f 11/9/8 5/14/8 7/10/8
f 12/8/9 22/14/9 5/14/9
f 9/3/10 3/15/10 1/6/10
f 10/2/11 18/16/11 15/2/11
f 10/2/12 16/15/12 3/15/12
f 5/14/13 23/11/13 1/11/13
f 11/9/14 19/7/14 8/7/14
f 3/12/15 17/10/15 7/10/15
f 2/5/16 24/4/16 6/4/16
f 9/3/17 14/1/17 2/1/17
f 12/8/18 24/4/18 21/8/18
f 8/7/19 18/13/19 4/13/19
f 9/3/20 23/6/20 13/3/20
f 2/1/1 4/16/1 10/2/1
f 14/5/2 13/3/2 23/6/2
f 23/6/2 22/14/2 24/4/2
f 22/14/2 21/8/2 24/4/2
f 8/7/3 6/4/3 12/8/3
f 17/10/4 16/12/4 19/7/4
f 16/12/4 15/2/4 18/13/4
f 19/7/4 16/12/4 18/13/4
f 7/10/5 5/14/5 1/11/5
f 4/13/6 2/5/6 6/4/6
f 11/9/21 7/10/21 17/10/21
f 11/9/8 12/8/8 5/14/8
f 12/8/22 21/8/22 22/14/22
f 9/3/10 10/2/10 3/15/10
f 10/2/23 4/16/23 18/16/23
f 10/2/24 15/2/24 16/15/24
f 5/14/13 22/14/13 23/11/13
f 11/9/25 20/9/25 19/7/25
f 3/12/15 16/12/15 17/10/15
f 2/5/16 14/5/16 24/4/16
f 9/3/26 13/3/26 14/1/26
f 12/8/27 6/4/27 24/4/27
f 8/7/19 19/7/19 18/13/19
f 9/3/28 1/6/28 23/6/28
o テキスト
v 0.851092 -0.441238 0.306338
v 0.921708 -0.290774 0.306338
v 0.841399 -0.127848 0.306338
v 0.888015 -0.127848 0.306338
v 0.943862 -0.244620 0.306338
v 0.997402 -0.127848 0.306338
v 1.043556 -0.127848 0.306338
v 0.896785 -0.441238 0.306338
v 0.810138 -0.322356 0.306338
v 0.797774 -0.328501 0.306338
v 0.784975 -0.333236 0.306338
v 0.771329 -0.336587 0.306338
v 0.756427 -0.338578 0.306338
v 0.739859 -0.339237 0.306338
v 0.724305 -0.338159 0.306338
v 0.709969 -0.335040 0.306338
v 0.696877 -0.330049 0.306338
v 0.685054 -0.323356 0.306338
v 0.674527 -0.315131 0.306338
v 0.665319 -0.305544 0.306338
v 0.657458 -0.294764 0.306338
v 0.650968 -0.282962 0.306338
v 0.645876 -0.270307 0.306338
v 0.642208 -0.256970 0.306338
v 0.639987 -0.243120 0.306338
v 0.639242 -0.228927 0.306338
v 0.640056 -0.213670 0.306338
v 0.642447 -0.199337 0.306338
v 0.646338 -0.186003 0.306338
v 0.651652 -0.173747 0.306338
v 0.658312 -0.162644 0.306338
v 0.666242 -0.152772 0.306338
v 0.675364 -0.144208 0.306338
v 0.685601 -0.137028 0.306338
v 0.696877 -0.131310 0.306338
v 0.709115 -0.127130 0.306338
v 0.722237 -0.124566 0.306338
v 0.736166 -0.123694 0.306338
v 0.749475 -0.124474 0.306338
v 0.761904 -0.126818 0.306338
v 0.773400 -0.130733 0.306338
v 0.783911 -0.136225 0.306338
v 0.793383 -0.143299 0.306338
v 0.801764 -0.151964 0.306338
v 0.809000 -0.162225 0.306338
v 0.815040 -0.174088 0.306338
v 0.819829 -0.187561 0.306338
v 0.823315 -0.202649 0.306338
v 0.825446 -0.219358 0.306338
v 0.826168 -0.237696 0.306338
v 0.680319 -0.237696 0.306338
v 0.682290 -0.247551 0.306338
v 0.684969 -0.256575 0.306338
v 0.688353 -0.264762 0.306338
v 0.692439 -0.272107 0.306338
v 0.697224 -0.278607 0.306338
v 0.702704 -0.284255 0.306338
v 0.708877 -0.289047 0.306338
v 0.715739 -0.292979 0.306338
v 0.723286 -0.296046 0.306338
v 0.731517 -0.298242 0.306338
v 0.740427 -0.299564 0.306338
v 0.750013 -0.300005 0.306338
v 0.762368 -0.299249 0.306338
v 0.774543 -0.297031 0.306338
v 0.786590 -0.293428 0.306338
v 0.798561 -0.288518 0.306338
v 0.822476 -0.275082 0.306338
v 0.822476 -0.314775 0.306338
v 0.784863 -0.202864 0.306338
v 0.783500 -0.195773 0.306338
v 0.781484 -0.189220 0.306338
v 0.778834 -0.183234 0.306338
v 0.775568 -0.177844 0.306338
v 0.771705 -0.173080 0.306338
v 0.767266 -0.168969 0.306338
v 0.762269 -0.165541 0.306338
v 0.756734 -0.162825 0.306338
v 0.750679 -0.160849 0.306338
v 0.744125 -0.159642 0.306338
v 0.737090 -0.159233 0.306338
v 0.729503 -0.159616 0.306338
v 0.722440 -0.160753 0.306338
v 0.715902 -0.162630 0.306338
v 0.709892 -0.165234 0.306338
v 0.704415 -0.168549 0.306338
v 0.699473 -0.172561 0.306338
v 0.695070 -0.177255 0.306338
v 0.691208 -0.182618 0.306338
v 0.687891 -0.188635 0.306338
v 0.685123 -0.195292 0.306338
v 0.682905 -0.202573 0.306338
v 0.681242 -0.210465 0.306338
v 0.785552 -0.210465 0.306338
v 0.630011 -0.335083 0.306338
v 0.574625 -0.335083 0.306338
v 0.470777 -0.229389 0.306338
v 0.562625 -0.127848 0.306338
v 0.611549 -0.127848 0.306338
v 0.522932 -0.229389 0.306338
v 0.427853 -0.335083 0.306338
v 0.427853 -0.020308 0.306338
v 0.468931 -0.020308 0.306338
v 0.468931 -0.335083 0.306338
v 0.268620 -0.254774 0.306338
v 0.268620 -0.211850 0.306338
v 0.380776 -0.211850 0.306338
v 0.380776 -0.254774 0.306338
v 0.099233 -0.060924 0.306338
v 0.099233 -0.156003 0.306338
v 0.228004 -0.156003 0.306338
v 0.228004 -0.196619 0.306338
v 0.099233 -0.196619 0.306338
v 0.099233 -0.294467 0.306338
v 0.236773 -0.294467 0.306338
v 0.236773 -0.335083 0.306338
v 0.054001 -0.335083 0.306338
v 0.054001 -0.020308 0.306338
v 0.232619 -0.020308 0.306338
v 0.232619 -0.060924 0.306338
v -0.041864 -0.071916 0.306338
v -0.059712 -0.065597 0.306338
v -0.077369 -0.061163 0.306338
v -0.095076 -0.058550 0.306338
v -0.113079 -0.057693 0.306338
v -0.130674 -0.058741 0.306338
v -0.147379 -0.061809 0.306338
v -0.163070 -0.066780 0.306338
v -0.177627 -0.073540 0.306338
v -0.190927 -0.081973 0.306338
v -0.202850 -0.091963 0.306338
v -0.213272 -0.103396 0.306338
v -0.222072 -0.116156 0.306338
v -0.229129 -0.130127 0.306338
v -0.234320 -0.145195 0.306338
v -0.237524 -0.161243 0.306338
v -0.238619 -0.178157 0.306338
v -0.237558 -0.195343 0.306338
v -0.234440 -0.211531 0.306338
v -0.229360 -0.226626 0.306338
v -0.222414 -0.240534 0.306338
v -0.213699 -0.253159 0.306338
v -0.203311 -0.264408 0.306338
v -0.191346 -0.274186 0.306338
v -0.177900 -0.282398 0.306338
v -0.163070 -0.288950 0.306338
v -0.146951 -0.293746 0.306338
v -0.129640 -0.296694 0.306338
v -0.111233 -0.297697 0.306338
v -0.093224 -0.296667 0.306338
v -0.074856 -0.293612 0.306338
v -0.056309 -0.288582 0.306338
v -0.037761 -0.281629 0.306338
v -0.001385 -0.262158 0.306338
v -0.001385 -0.311544 0.306338
v -0.033710 -0.325903 0.306338
v -0.051462 -0.331448 0.306338
v -0.070753 -0.335647 0.306338
v -0.115387 -0.339237 0.306338
v -0.143549 -0.337409 0.306338
v -0.168994 -0.332196 0.306338
v -0.191772 -0.323998 0.306338
v -0.211935 -0.313219 0.306338
v -0.229534 -0.300260 0.306338
v -0.244620 -0.285524 0.306338
v -0.257244 -0.269413 0.306338
v -0.267458 -0.252329 0.306338
v -0.275312 -0.234675 0.306338
v -0.280859 -0.216852 0.306338
v -0.284150 -0.199263 0.306338
v -0.285236 -0.182311 0.306338
v -0.283752 -0.158874 0.306338
v -0.279404 -0.136669 0.306338
v -0.272348 -0.115848 0.306338
v -0.262739 -0.096566 0.306338
v -0.250733 -0.078976 0.306338
v -0.236485 -0.063232 0.306338
v -0.220150 -0.049488 0.306338
v -0.201884 -0.037898 0.306338
v -0.181842 -0.028616 0.306338
v -0.160180 -0.021795 0.306338
v -0.137053 -0.017590 0.306338
v -0.112617 -0.016154 0.306338
v -0.079796 -0.018855 0.306338
v -0.044514 -0.027300 0.306338
v -0.004615 -0.042001 0.306338
v -0.004615 -0.090463 0.306338
v -0.353544 -0.335083 0.306338
v -0.395545 -0.242312 0.306338
v -0.529394 -0.242312 0.306338
v -0.569087 -0.335083 0.306338
v -0.615241 -0.335083 0.306338
v -0.480008 -0.018462 0.306338
v -0.448161 -0.018462 0.306338
v -0.307390 -0.335083 0.306338
v -0.414007 -0.201696 0.306338
v -0.464777 -0.087694 0.306338
v -0.511855 -0.201696 0.306338
v -0.703595 -0.021136 0.306338
v -0.688715 -0.023547 0.306338
v -0.675350 -0.027433 0.306338
v -0.663481 -0.032684 0.306338
v -0.653087 -0.039192 0.306338
v -0.644145 -0.046847 0.306338
v -0.636637 -0.055540 0.306338
v -0.630541 -0.065163 0.306338
v -0.625835 -0.075607 0.306338
v -0.622500 -0.086762 0.306338
v -0.620514 -0.098520 0.306338
v -0.619857 -0.110771 0.306338
v -0.620553 -0.122880 0.306338
v -0.622656 -0.134449 0.306338
v -0.626189 -0.145380 0.306338
v -0.631173 -0.155575 0.306338
v -0.637632 -0.164937 0.306338
v -0.645588 -0.173368 0.306338
v -0.655063 -0.180770 0.306338
v -0.666080 -0.187046 0.306338
v -0.678661 -0.192097 0.306338
v -0.692828 -0.195826 0.306338
v -0.708604 -0.198135 0.306338
v -0.773090 -0.198926 0.306338
v -0.773090 -0.335083 0.306338
v -0.818322 -0.335083 0.306338
v -0.818322 -0.020308 0.306338
v -0.713691 -0.157938 0.306338
v -0.706057 -0.156832 0.306338
v -0.698990 -0.155007 0.306338
v -0.692525 -0.152481 0.306338
v -0.686694 -0.149269 0.306338
v -0.681531 -0.145387 0.306338
v -0.677070 -0.140851 0.306338
v -0.673345 -0.135678 0.306338
v -0.670389 -0.129882 0.306338
v -0.668236 -0.123481 0.306338
v -0.666919 -0.116490 0.306338
v -0.666473 -0.108925 0.306338
v -0.666742 -0.103133 0.306338
v -0.667586 -0.097356 0.306338
v -0.669062 -0.091689 0.306338
v -0.671225 -0.086224 0.306338
v -0.674132 -0.081053 0.306338
v -0.677839 -0.076271 0.306338
v -0.682401 -0.071969 0.306338
v -0.687875 -0.068240 0.306338
v -0.694317 -0.065179 0.306338
v -0.701783 -0.062877 0.306338
v -0.710330 -0.061428 0.306338
v -0.773090 -0.060924 0.306338
v -0.773090 -0.158310 0.306338
v -0.891152 -0.078298 0.306338
v -0.904186 -0.069762 0.306338
v -0.916862 -0.063636 0.306338
v -0.929076 -0.059625 0.306338
v -0.940725 -0.057435 0.306338
v -0.951708 -0.056770 0.306338
v -0.958797 -0.057083 0.306338
v -0.965497 -0.058001 0.306338
v -0.971764 -0.059496 0.306338
v -0.977555 -0.061540 0.306338
v -0.982827 -0.064102 0.306338
v -0.987536 -0.067155 0.306338
v -0.991639 -0.070669 0.306338
v -0.995094 -0.074617 0.306338
v -0.997856 -0.078968 0.306338
v -0.999882 -0.083694 0.306338
v -1.001130 -0.088766 0.306338
v -1.001556 -0.094155 0.306338
v -0.998877 -0.108086 0.306338
v -0.991470 -0.120023 0.306338
v -0.980281 -0.130531 0.306338
v -0.916616 -0.169549 0.306338
v -0.900699 -0.181371 0.306338
v -0.886674 -0.195148 0.306338
v -0.875485 -0.211444 0.306338
v -0.868078 -0.230823 0.306338
v -0.865399 -0.253850 0.306338
v -0.866164 -0.265905 0.306338
v -0.868404 -0.277323 0.306338
v -0.872034 -0.288027 0.306338
v -0.876972 -0.297937 0.306338
v -0.883135 -0.306975 0.306338
v -0.890438 -0.315063 0.306338
v -0.898799 -0.322122 0.306338
v -0.908135 -0.328074 0.306338
v -0.918362 -0.332840 0.306338
v -0.929396 -0.336341 0.306338
v -0.941155 -0.338500 0.306338
v -0.953555 -0.339237 0.306338
v -0.970117 -0.338461 0.306338
v -0.985743 -0.336108 0.306338
v -1.000575 -0.332140 0.306338
v -1.014752 -0.326518 0.306338
v -1.028417 -0.319204 0.306338
v -1.041710 -0.310159 0.306338
v -1.041710 -0.252927 0.306338
v -1.029691 -0.266569 0.306338
v -1.016787 -0.277902 0.306338
v -1.003113 -0.286851 0.306338
v -0.988786 -0.293338 0.306338
v -0.973920 -0.297287 0.306338
v -0.958632 -0.298620 0.306338
v -0.950255 -0.298174 0.306338
v -0.942657 -0.296898 0.306338
v -0.935828 -0.294885 0.306338
v -0.929759 -0.292227 0.306338
v -0.924441 -0.289018 0.306338
v -0.919862 -0.285351 0.306338
v -0.916014 -0.281318 0.306338
v -0.912887 -0.277013 0.306338
v -0.910472 -0.272529 0.306338
v -0.908759 -0.267958 0.306338
v -0.907738 -0.263393 0.306338
v -0.907400 -0.258927 0.306338
v -0.910079 -0.243781 0.306338
v -0.917486 -0.230564 0.306338
v -0.928675 -0.218802 0.306338
v -1.008257 -0.165216 0.306338
v -1.022282 -0.152224 0.306338
v -1.033471 -0.137366 0.306338
v -1.040877 -0.120168 0.306338
v -1.043556 -0.100156 0.306338
v -1.042778 -0.087741 0.306338
v -1.040486 -0.076144 0.306338
v -1.036741 -0.065417 0.306338
v -1.031607 -0.055608 0.306338
v -1.025146 -0.046767 0.306338
v -1.017421 -0.038943 0.306338
v -1.008494 -0.032187 0.306338
v -0.998427 -0.026547 0.306338
v -0.987284 -0.022075 0.306338
v -0.975126 -0.018819 0.306338
v -0.962016 -0.016829 0.306338
v -0.948016 -0.016154 0.306338
v -0.936025 -0.016770 0.306338
v -0.924084 -0.018616 0.306338
v -0.912246 -0.021693 0.306338
v -0.900562 -0.026000 0.306338
v -0.889084 -0.031539 0.306338
v -0.877861 -0.038308 0.306338
v -0.877861 -0.089540 0.306338
v 0.411238 0.020308 0.306338
v 0.481854 0.170772 0.306338
v 0.401545 0.333698 0.306338
v 0.448161 0.333698 0.306338
v 0.504009 0.216927 0.306338
v 0.557548 0.333698 0.306338
v 0.603703 0.333698 0.306338
v 0.456931 0.020308 0.306338
v 0.370284 0.139190 0.306338
v 0.357921 0.133045 0.306338
v 0.345121 0.128310 0.306338
v 0.331476 0.124959 0.306338
v 0.316574 0.122968 0.306338
v 0.300005 0.122310 0.306338
v 0.284451 0.123387 0.306338
v 0.270116 0.126506 0.306338
v 0.257024 0.131497 0.306338
v 0.245201 0.138190 0.306338
v 0.234673 0.146415 0.306338
v 0.225465 0.156003 0.306338
v 0.217604 0.166782 0.306338
v 0.211115 0.178584 0.306338
v 0.206023 0.191239 0.306338
v 0.202354 0.204576 0.306338
v 0.200134 0.218426 0.306338
v 0.199388 0.232619 0.306338
v 0.200202 0.247876 0.306338
v 0.202593 0.262210 0.306338
v 0.206484 0.275543 0.306338
v 0.211798 0.287800 0.306338
v 0.218459 0.298903 0.306338
v 0.226388 0.308774 0.306338
v 0.235510 0.317339 0.306338
v 0.245748 0.324518 0.306338
v 0.257024 0.330236 0.306338
v 0.269261 0.334416 0.306338
v 0.282383 0.336980 0.306338
v 0.296313 0.337852 0.306338
v 0.309622 0.337072 0.306338
v 0.322050 0.334728 0.306338
v 0.333547 0.330813 0.306338
v 0.344057 0.325322 0.306338
v 0.353529 0.318247 0.306338
v 0.361910 0.309582 0.306338
v 0.369146 0.299321 0.306338
v 0.375186 0.287458 0.306338
v 0.379975 0.273985 0.306338
v 0.383462 0.258898 0.306338
v 0.385592 0.242188 0.306338
v 0.386314 0.223850 0.306338
v 0.240466 0.223850 0.306338
v 0.242436 0.213995 0.306338
v 0.245115 0.204971 0.306338
v 0.248499 0.196785 0.306338
v 0.252586 0.189439 0.306338
v 0.257370 0.182940 0.306338
v 0.262851 0.177291 0.306338
v 0.269023 0.172499 0.306338
v 0.275885 0.168567 0.306338
v 0.283433 0.165500 0.306338
v 0.291663 0.163304 0.306338
v 0.300573 0.161983 0.306338
v 0.310159 0.161541 0.306338
v 0.322514 0.162298 0.306338
v 0.334689 0.164516 0.306338
v 0.346737 0.168118 0.306338
v 0.358707 0.173029 0.306338
v 0.382622 0.186465 0.306338
v 0.382622 0.146772 0.306338
v 0.345009 0.258682 0.306338
v 0.343647 0.265774 0.306338
v 0.341631 0.272327 0.306338
v 0.338980 0.278312 0.306338
v 0.335714 0.283702 0.306338
v 0.331852 0.288466 0.306338
v 0.327413 0.292577 0.306338
v 0.322416 0.296005 0.306338
v 0.316880 0.298721 0.306338
v 0.310826 0.300697 0.306338
v 0.304271 0.301904 0.306338
v 0.297236 0.302313 0.306338
v 0.289650 0.301931 0.306338
v 0.282586 0.300794 0.306338
v 0.276048 0.298916 0.306338
v 0.270039 0.296313 0.306338
v 0.264562 0.292998 0.306338
v 0.259620 0.288986 0.306338
v 0.255216 0.284291 0.306338
v 0.251355 0.278928 0.306338
v 0.248038 0.272911 0.306338
v 0.245269 0.266255 0.306338
v 0.243052 0.258973 0.306338
v 0.241389 0.251081 0.306338
v 0.345698 0.251081 0.306338
v 0.190157 0.126464 0.306338
v 0.134772 0.126464 0.306338
v 0.030924 0.232158 0.306338
v 0.122771 0.333698 0.306338
v 0.171695 0.333698 0.306338
v 0.083078 0.232158 0.306338
v -0.012000 0.126464 0.306338
v -0.012000 0.441238 0.306338
v 0.029077 0.441238 0.306338
v 0.029077 0.126464 0.306338
v -0.171234 0.206773 0.306338
v -0.171234 0.249697 0.306338
v -0.059078 0.249697 0.306338
v -0.059078 0.206773 0.306338
v -0.340621 0.400622 0.306338
v -0.340621 0.305544 0.306338
v -0.211850 0.305544 0.306338
v -0.211850 0.264928 0.306338
v -0.340621 0.264928 0.306338
v -0.340621 0.167080 0.306338
v -0.203080 0.167080 0.306338
v -0.203080 0.126464 0.306338
v -0.385853 0.126464 0.306338
v -0.385853 0.441238 0.306338
v -0.207234 0.441238 0.306338
v -0.207234 0.400622 0.306338
v 0.851092 -0.441238 0.195567
v 0.921708 -0.290774 0.195567
v 0.841399 -0.127848 0.195567
v 0.888015 -0.127848 0.195567
v 0.943862 -0.244620 0.195567
v 0.997402 -0.127848 0.195567
v 1.043556 -0.127848 0.195567
v 0.896785 -0.441238 0.195567
v 0.810138 -0.322356 0.195567
v 0.797774 -0.328501 0.195567
v 0.784975 -0.333236 0.195567
v 0.771329 -0.336587 0.195567
v 0.756427 -0.338578 0.195567
v 0.739859 -0.339237 0.195567
v 0.724305 -0.338159 0.195567
v 0.709969 -0.335040 0.195567
v 0.696877 -0.330049 0.195567
v 0.685054 -0.323356 0.195567
v 0.674527 -0.315131 0.195567
v 0.665319 -0.305544 0.195567
v 0.657458 -0.294764 0.195567
v 0.650968 -0.282962 0.195567
v 0.645876 -0.270307 0.195567
v 0.642208 -0.256970 0.195567
v 0.639987 -0.243120 0.195567
v 0.639242 -0.228927 0.195567
v 0.640056 -0.213670 0.195567
v 0.642447 -0.199337 0.195567
v 0.646338 -0.186003 0.195567
v 0.651652 -0.173747 0.195567
v 0.658312 -0.162644 0.195567
v 0.666242 -0.152772 0.195567
v 0.675364 -0.144208 0.195567
v 0.685601 -0.137028 0.195567
v 0.696877 -0.131310 0.195567
v 0.709115 -0.127130 0.195567
v 0.722237 -0.124566 0.195567
v 0.736166 -0.123694 0.195567
v 0.749475 -0.124474 0.195567
v 0.761904 -0.126818 0.195567
v 0.773400 -0.130733 0.195567
v 0.783911 -0.136225 0.195567
v 0.793383 -0.143299 0.195567
v 0.801764 -0.151964 0.195567
v 0.809000 -0.162225 0.195567
v 0.815040 -0.174088 0.195567
v 0.819829 -0.187561 0.195567
v 0.823315 -0.202649 0.195567
v 0.825446 -0.219358 0.195567
v 0.826168 -0.237696 0.195567
v 0.680319 -0.237696 0.195567
v 0.682290 -0.247551 0.195567
v 0.684969 -0.256575 0.195567
v 0.688353 -0.264762 0.195567
v 0.692439 -0.272107 0.195567
v 0.697224 -0.278607 0.195567
v 0.702704 -0.284255 0.195567
v 0.708877 -0.289047 0.195567
v 0.715739 -0.292979 0.195567
v 0.723286 -0.296046 0.195567
v 0.731517 -0.298242 0.195567
v 0.740427 -0.299564 0.195567
v 0.750013 -0.300005 0.195567
v 0.762368 -0.299249 0.195567
v 0.774543 -0.297031 0.195567
v 0.786590 -0.293428 0.195567
v 0.798561 -0.288518 0.195567
v 0.822476 -0.275082 0.195567
v 0.822476 -0.314775 0.195567
v 0.784863 -0.202864 0.195567
v 0.783500 -0.195773 0.195567
v 0.781484 -0.189220 0.195567
v 0.778834 -0.183234 0.195567
v 0.775568 -0.177844 0.195567
v 0.771705 -0.173080 0.195567
v 0.767266 -0.168969 0.195567
v 0.762269 -0.165541 0.195567
v 0.756734 -0.162825 0.195567
v 0.750679 -0.160849 0.195567
v 0.744125 -0.159642 0.195567
v 0.737090 -0.159233 0.195567
v 0.729503 -0.159616 0.195567
v 0.722440 -0.160753 0.195567
v 0.715902 -0.162630 0.195567
v 0.709892 -0.165234 0.195567
v 0.704415 -0.168549 0.195567
v 0.699473 -0.172561 0.195567
v 0.695070 -0.177255 0.195567
v 0.691208 -0.182618 0.195567
v 0.687891 -0.188635 0.195567
v 0.685123 -0.195292 0.195567
v 0.682905 -0.202573 0.195567
v 0.681242 -0.210465 0.195567
v 0.785552 -0.210465 0.195567
v 0.630011 -0.335083 0.195567
v 0.574625 -0.335083 0.195567
v 0.470777 -0.229389 0.195567
v 0.562625 -0.127848 0.195567
v 0.611549 -0.127848 0.195567
v 0.522932 -0.229389 0.195567
v 0.427853 -0.335083 0.195567
v 0.427853 -0.020308 0.195567
v 0.468931 -0.020308 0.195567
v 0.468931 -0.335083 0.195567
v 0.268620 -0.254774 0.195567
v 0.268620 -0.211850 0.195567
v 0.380776 -0.211850 0.195567
v 0.380776 -0.254774 0.195567
v 0.099233 -0.060924 0.195567
v 0.099233 -0.156003 0.195567
v 0.228004 -0.156003 0.195567
v 0.228004 -0.196619 0.195567
v 0.099233 -0.196619 0.195567
v 0.099233 -0.294467 0.195567
v 0.236773 -0.294467 0.195567
v 0.236773 -0.335083 0.195567
v 0.054001 -0.335083 0.195567
v 0.054001 -0.020308 0.195567
v 0.232619 -0.020308 0.195567
v 0.232619 -0.060924 0.195567
v -0.041864 -0.071916 0.195567
v -0.059712 -0.065597 0.195567
v -0.077369 -0.061163 0.195567
v -0.095076 -0.058550 0.195567
v -0.113079 -0.057693 0.195567
v -0.130674 -0.058741 0.195567
v -0.147379 -0.061809 0.195567
v -0.163070 -0.066780 0.195567
v -0.177627 -0.073540 0.195567
v -0.190927 -0.081973 0.195567
v -0.202850 -0.091963 0.195567
v -0.213272 -0.103396 0.195567
v -0.222072 -0.116156 0.195567
v -0.229129 -0.130127 0.195567
v -0.234320 -0.145195 0.195567
v -0.237524 -0.161243 0.195567
v -0.238619 -0.178157 0.195567
v -0.237558 -0.195343 0.195567
v -0.234440 -0.211531 0.195567
v -0.229360 -0.226626 0.195567
v -0.222414 -0.240534 0.195567
v -0.213699 -0.253159 0.195567
v -0.203311 -0.264408 0.195567
v -0.191346 -0.274186 0.195567
v -0.177900 -0.282398 0.195567
v -0.163070 -0.288950 0.195567
v -0.146951 -0.293746 0.195567
v -0.129640 -0.296694 0.195567
v -0.111233 -0.297697 0.195567
v -0.093224 -0.296667 0.195567
v -0.074856 -0.293612 0.195567
v -0.056309 -0.288582 0.195567
v -0.037761 -0.281629 0.195567
v -0.001385 -0.262158 0.195567
v -0.001385 -0.311544 0.195567
v -0.033710 -0.325903 0.195567
v -0.051462 -0.331448 0.195567
v -0.070753 -0.335647 0.195567
v -0.115387 -0.339237 0.195567
v -0.143549 -0.337409 0.195567
v -0.168994 -0.332196 0.195567
v -0.191772 -0.323998 0.195567
v -0.211935 -0.313219 0.195567
v -0.229534 -0.300260 0.195567
v -0.244620 -0.285524 0.195567
v -0.257244 -0.269413 0.195567
v -0.267458 -0.252329 0.195567
v -0.275312 -0.234675 0.195567
v -0.280859 -0.216852 0.195567
v -0.284150 -0.199263 0.195567
v -0.285236 -0.182311 0.195567
v -0.283752 -0.158874 0.195567
v -0.279404 -0.136669 0.195567
v -0.272348 -0.115848 0.195567
v -0.262739 -0.096566 0.195567
v -0.250733 -0.078976 0.195567
v -0.236485 -0.063232 0.195567
v -0.220150 -0.049488 0.195567
v -0.201884 -0.037898 0.195567
v -0.181842 -0.028616 0.195567
v -0.160180 -0.021795 0.195567
v -0.137053 -0.017590 0.195567
v -0.112617 -0.016154 0.195567
v -0.079796 -0.018855 0.195567
v -0.044514 -0.027300 0.195567
v -0.004615 -0.042001 0.195567
v -0.004615 -0.090463 0.195567
v -0.353544 -0.335083 0.195567
v -0.395545 -0.242312 0.195567
v -0.529394 -0.242312 0.195567
v -0.569087 -0.335083 0.195567
v -0.615241 -0.335083 0.195567
v -0.480008 -0.018462 0.195567
v -0.448161 -0.018462 0.195567
v -0.307390 -0.335083 0.195567
v -0.414007 -0.201696 0.195567
v -0.464777 -0.087694 0.195567
v -0.511855 -0.201696 0.195567
v -0.703595 -0.021136 0.195567
v -0.688715 -0.023547 0.195567
v -0.675350 -0.027433 0.195567
v -0.663481 -0.032684 0.195567
v -0.653087 -0.039192 0.195567
v -0.644145 -0.046847 0.195567
v -0.636637 -0.055540 0.195567
v -0.630541 -0.065163 0.195567
v -0.625835 -0.075607 0.195567
v -0.622500 -0.086762 0.195567
v -0.620514 -0.098520 0.195567
v -0.619857 -0.110771 0.195567
v -0.620553 -0.122880 0.195567
v -0.622656 -0.134449 0.195567
v -0.626189 -0.145380 0.195567
v -0.631173 -0.155575 0.195567
v -0.637632 -0.164937 0.195567
v -0.645588 -0.173368 0.195567
v -0.655063 -0.180770 0.195567
v -0.666080 -0.187046 0.195567
v -0.678661 -0.192097 0.195567
v -0.692828 -0.195826 0.195567
v -0.708604 -0.198135 0.195567
v -0.773090 -0.198926 0.195567
v -0.773090 -0.335083 0.195567
v -0.818322 -0.335083 0.195567
v -0.818322 -0.020308 0.195567
v -0.713691 -0.157938 0.195567
v -0.706057 -0.156832 0.195567
v -0.698990 -0.155007 0.195567
v -0.692525 -0.152481 0.195567
v -0.686694 -0.149269 0.195567
v -0.681531 -0.145387 0.195567
v -0.677070 -0.140851 0.195567
v -0.673345 -0.135678 0.195567
v -0.670389 -0.129882 0.195567
v -0.668236 -0.123481 0.195567
v -0.666919 -0.116490 0.195567
v -0.666473 -0.108925 0.195567
v -0.666742 -0.103133 0.195567
v -0.667586 -0.097356 0.195567
v -0.669062 -0.091689 0.195567
v -0.671225 -0.086224 0.195567
v -0.674132 -0.081053 0.195567
v -0.677839 -0.076271 0.195567
v -0.682401 -0.071969 0.195567
v -0.687875 -0.068240 0.195567
v -0.694317 -0.065179 0.195567
v -0.701783 -0.062877 0.195567
v -0.710330 -0.061428 0.195567
v -0.773090 -0.060924 0.195567
v -0.773090 -0.158310 0.195567
v -0.891152 -0.078298 0.195567
v -0.904186 -0.069762 0.195567
v -0.916862 -0.063636 0.195567
v -0.929076 -0.059625 0.195567
v -0.940725 -0.057435 0.195567
v -0.951708 -0.056770 0.195567
v -0.958797 -0.057083 0.195567
v -0.965497 -0.058001 0.195567
v -0.971764 -0.059496 0.195567
v -0.977555 -0.061539 0.195567
v -0.982827 -0.064102 0.195567
v -0.987536 -0.067155 0.195567
v -0.991639 -0.070669 0.195567
v -0.995094 -0.074617 0.195567
v -0.997856 -0.078968 0.195567
v -0.999882 -0.083694 0.195567
v -1.001130 -0.088766 0.195567
v -1.001556 -0.094155 0.195567
v -0.998877 -0.108086 0.195567
v -0.991470 -0.120023 0.195567
v -0.980281 -0.130531 0.195567
v -0.916616 -0.169549 0.195567
v -0.900699 -0.181371 0.195567
v -0.886674 -0.195148 0.195567
v -0.875485 -0.211444 0.195567
v -0.868078 -0.230823 0.195567
v -0.865399 -0.253850 0.195567
v -0.866164 -0.265905 0.195567
v -0.868404 -0.277323 0.195567
v -0.872034 -0.288027 0.195567
v -0.876972 -0.297937 0.195567
v -0.883135 -0.306975 0.195567
v -0.890438 -0.315063 0.195567
v -0.898799 -0.322122 0.195567
v -0.908135 -0.328074 0.195567
v -0.918362 -0.332840 0.195567
v -0.929396 -0.336341 0.195567
v -0.941155 -0.338500 0.195567
v -0.953555 -0.339237 0.195567
v -0.970117 -0.338461 0.195567
v -0.985743 -0.336108 0.195567
v -1.000575 -0.332140 0.195567
v -1.014752 -0.326518 0.195567
v -1.028417 -0.319204 0.195567
v -1.041710 -0.310159 0.195567
v -1.041710 -0.252927 0.195567
v -1.029691 -0.266569 0.195567
v -1.016787 -0.277902 0.195567
v -1.003113 -0.286851 0.195567
v -0.988786 -0.293338 0.195567
v -0.973920 -0.297287 0.195567
v -0.958632 -0.298620 0.195567
v -0.950255 -0.298174 0.195567
v -0.942657 -0.296898 0.195567
v -0.935828 -0.294885 0.195567
v -0.929759 -0.292227 0.195567
v -0.924441 -0.289018 0.195567
v -0.919862 -0.285351 0.195567
v -0.916014 -0.281318 0.195567
v -0.912887 -0.277013 0.195567
v -0.910472 -0.272529 0.195567
v -0.908759 -0.267958 0.195567
v -0.907738 -0.263393 0.195567
v -0.907400 -0.258927 0.195567
v -0.910079 -0.243781 0.195567
v -0.917486 -0.230564 0.195567
v -0.928675 -0.218802 0.195567
v -1.008257 -0.165216 0.195567
v -1.022282 -0.152224 0.195567
v -1.033471 -0.137366 0.195567
v -1.040877 -0.120168 0.195567
v -1.043556 -0.100156 0.195567
v -1.042778 -0.087741 0.195567
v -1.040486 -0.076144 0.195567
v -1.036741 -0.065417 0.195567
v -1.031607 -0.055608 0.195567
v -1.025146 -0.046767 0.195567
v -1.017421 -0.038943 0.195567
v -1.008494 -0.032187 0.195567
v -0.998427 -0.026547 0.195567
v -0.987284 -0.022075 0.195567
v -0.975126 -0.018819 0.195567
v -0.962016 -0.016829 0.195567
v -0.948016 -0.016154 0.195567
v -0.936025 -0.016770 0.195567
v -0.924084 -0.018616 0.195567
v -0.912246 -0.021693 0.195567
v -0.900562 -0.026000 0.195567
v -0.889084 -0.031539 0.195567
v -0.877861 -0.038308 0.195567
v -0.877861 -0.089540 0.195567
v 0.411238 0.020308 0.195567
v 0.481854 0.170772 0.195567
v 0.401545 0.333698 0.195567
v 0.448161 0.333698 0.195567
v 0.504009 0.216927 0.195567
v 0.557548 0.333698 0.195567
v 0.603703 0.333698 0.195567
v 0.456931 0.020308 0.195567
v 0.370284 0.139190 0.195567
v 0.357921 0.133045 0.195567
v 0.345121 0.128310 0.195567
v 0.331476 0.124959 0.195567
v 0.316574 0.122968 0.195567
v 0.300005 0.122310 0.195567
v 0.284451 0.123387 0.195567
v 0.270116 0.126506 0.195567
v 0.257024 0.131497 0.195567
v 0.245201 0.138190 0.195567
v 0.234673 0.146415 0.195567
v 0.225465 0.156003 0.195567
v 0.217604 0.166782 0.195567
v 0.211115 0.178584 0.195567
v 0.206023 0.191239 0.195567
v 0.202354 0.204576 0.195567
v 0.200134 0.218426 0.195567
v 0.199388 0.232619 0.195567
v 0.200202 0.247876 0.195567
v 0.202593 0.262210 0.195567
v 0.206484 0.275543 0.195567
v 0.211798 0.287800 0.195567
v 0.218459 0.298903 0.195567
v 0.226388 0.308774 0.195567
v 0.235510 0.317339 0.195567
v 0.245748 0.324518 0.195567
v 0.257024 0.330236 0.195567
v 0.269261 0.334416 0.195567
v 0.282383 0.336980 0.195567
v 0.296313 0.337852 0.195567
v 0.309622 0.337072 0.195567
v 0.322050 0.334728 0.195567
v 0.333547 0.330813 0.195567
v 0.344057 0.325322 0.195567
v 0.353529 0.318247 0.195567
v 0.361910 0.309582 0.195567
v 0.369146 0.299321 0.195567
v 0.375186 0.287458 0.195567
v 0.379975 0.273985 0.195567
v 0.383462 0.258898 0.195567
v 0.385592 0.242188 0.195567
v 0.386314 0.223850 0.195567
v 0.240466 0.223850 0.195567
v 0.242436 0.213995 0.195567
v 0.245115 0.204971 0.195567
v 0.248499 0.196785 0.195567
v 0.252586 0.189439 0.195567
v 0.257370 0.182940 0.195567
v 0.262851 0.177291 0.195567
v 0.269023 0.172499 0.195567
v 0.275885 0.168567 0.195567
v 0.283433 0.165500 0.195567
v 0.291663 0.163304 0.195567
v 0.300573 0.161983 0.195567
v 0.310159 0.161541 0.195567
v 0.322514 0.162298 0.195567
v 0.334689 0.164516 0.195567
v 0.346737 0.168118 0.195567
v 0.358707 0.173029 0.195567
v 0.382622 0.186465 0.195567
v 0.382622 0.146772 0.195567
v 0.345009 0.258682 0.195567
v 0.343647 0.265774 0.195567
v 0.341631 0.272327 0.195567
v 0.338980 0.278312 0.195567
v 0.335714 0.283702 0.195567
v 0.331852 0.288466 0.195567
v 0.327413 0.292577 0.195567
v 0.322416 0.296005 0.195567
v 0.316880 0.298721 0.195567
v 0.310826 0.300697 0.195567
v 0.304271 0.301904 0.195567
v 0.297236 0.302313 0.195567
v 0.289650 0.301931 0.195567
v 0.282586 0.300794 0.195567
v 0.276048 0.298916 0.195567
v 0.270039 0.296313 0.195567
v 0.264562 0.292998 0.195567
v 0.259620 0.288986 0.195567
v 0.255216 0.284291 0.195567
v 0.251355 0.278928 0.195567
v 0.248038 0.272911 0.195567
v 0.245269 0.266255 0.195567
v 0.243052 0.258973 0.195567
v 0.241389 0.251081 0.195567
v 0.345698 0.251081 0.195567
v 0.190157 0.126464 0.195567
v 0.134772 0.126464 0.195567
v 0.030924 0.232158 0.195567
v 0.122771 0.333698 0.195567
v 0.171695 0.333698 0.195567
v 0.083078 0.232158 0.195567
v -0.012000 0.126464 0.195567
v -0.012000 0.441238 0.195567
v 0.029077 0.441238 0.195567
v 0.029077 0.126464 0.195567
v -0.171234 0.206773 0.195567
v -0.171234 0.249697 0.195567
v -0.059078 0.249697 0.195567
v -0.059078 0.206773 0.195567
v -0.340621 0.400622 0.195567
v -0.340621 0.305544 0.195567
v -0.211850 0.305544 0.195567
v -0.211850 0.264928 0.195567
v -0.340621 0.264928 0.195567
v -0.340621 0.167080 0.195567
v -0.203080 0.167080 0.195567
v -0.203080 0.126464 0.195567
v -0.385853 0.126464 0.195567
v -0.385853 0.441238 0.195567
v -0.207234 0.441238 0.195567
v -0.207234 0.400622 0.195567
v -0.340621 0.400622 0.195567
v -0.334916 0.394917 0.196471
v -0.329770 0.389771 0.199093
v -0.325685 0.385686 0.203177
v -0.323063 0.383064 0.208324
v -0.322159 0.382160 0.214029
v -0.322159 0.382160 0.287876
v -0.323063 0.383064 0.293582
v -0.325685 0.385686 0.298728
v -0.329770 0.389771 0.302812
v -0.334916 0.394917 0.305435
v -0.340621 0.400622 0.306338
v -0.340621 0.305544 0.195567
v -0.334916 0.311249 0.196471
v -0.329770 0.316395 0.199093
v -0.325685 0.320480 0.203177
v -0.323063 0.323102 0.208324
v -0.322159 0.324006 0.214029
v -0.322159 0.324006 0.287876
v -0.323063 0.323102 0.293582
v -0.325685 0.320480 0.298728
v -0.329770 0.316395 0.302812
v -0.334916 0.311249 0.305435
v -0.340621 0.305544 0.306338
v -0.211850 0.305544 0.195567
v -0.206145 0.311249 0.196471
v -0.200998 0.316395 0.199093
v -0.196914 0.320480 0.203177
v -0.194291 0.323102 0.208324
v -0.193388 0.324006 0.214029
v -0.193388 0.324006 0.287876
v -0.194291 0.323102 0.293582
v -0.196914 0.320480 0.298728
v -0.200998 0.316395 0.302812
v -0.206145 0.311249 0.305435
v -0.211850 0.305544 0.306338
v -0.211850 0.264928 0.195567
v -0.206145 0.259223 0.196471
v -0.200998 0.254076 0.199093
v -0.196914 0.249992 0.203177
v -0.194291 0.247369 0.208324
v -0.193388 0.246466 0.214029
v -0.193388 0.246466 0.287876
v -0.194291 0.247369 0.293582
v -0.196914 0.249992 0.298728
v -0.200998 0.254076 0.302812
v -0.206145 0.259223 0.305435
v -0.211850 0.264928 0.306338
v -0.340621 0.264928 0.195567
v -0.334916 0.259223 0.196471
v -0.329770 0.254076 0.199093
v -0.325685 0.249992 0.203177
v -0.323063 0.247369 0.208324
v -0.322159 0.246466 0.214029
v -0.322159 0.246466 0.287876
v -0.323063 0.247369 0.293582
v -0.325685 0.249992 0.298728
v -0.329770 0.254076 0.302812
v -0.334916 0.259223 0.305435
v -0.340621 0.264928 0.306338
v -0.340621 0.167080 0.195567
v -0.334916 0.172785 0.196471
v -0.329770 0.177931 0.199093
v -0.325685 0.182016 0.203177
v -0.323063 0.184638 0.208324
v -0.322159 0.185542 0.214029
v -0.322159 0.185542 0.287876
v -0.323063 0.184638 0.293582
v -0.325685 0.182016 0.298728
v -0.329770 0.177931 0.302812
v -0.334916 0.172785 0.305435
v -0.340621 0.167080 0.306338
v -0.203080 0.167080 0.195567
v -0.197375 0.172785 0.196471
v -0.192229 0.177931 0.199093
v -0.188144 0.182016 0.203177
v -0.185522 0.184638 0.208324
v -0.184619 0.185542 0.214029
v -0.184619 0.185542 0.287876
v -0.185522 0.184638 0.293582
v -0.188144 0.182016 0.298728
v -0.192229 0.177931 0.302812
v -0.197375 0.172785 0.305435
v -0.203080 0.167080 0.306338
v -0.203080 0.126464 0.195567
v -0.197375 0.120759 0.196471
v -0.192229 0.115612 0.199093
v -0.188144 0.111528 0.203177
v -0.185522 0.108905 0.208324
v -0.184619 0.108002 0.214029
v -0.184619 0.108002 0.287876
v -0.185522 0.108905 0.293582
v -0.188144 0.111528 0.298728
v -0.192229 0.115612 0.302812
v -0.197375 0.120759 0.305435
v -0.203080 0.126464 0.306338
v -0.385853 0.126464 0.195567
v -0.391558 0.120759 0.196471
v -0.396704 0.115612 0.199093
v -0.400789 0.111528 0.203177
v -0.403411 0.108905 0.208324
v -0.404315 0.108002 0.214029
v -0.404315 0.108002 0.287876
v -0.403411 0.108905 0.293582
v -0.400789 0.111528 0.298728
v -0.396704 0.115612 0.302812
v -0.391558 0.120759 0.305435
v -0.385853 0.126464 0.306338
v -0.385853 0.441238 0.195567
v -0.391558 0.446943 0.196471
v -0.396704 0.452090 0.199093
v -0.400789 0.456174 0.203177
v -0.403411 0.458797 0.208324
v -0.404315 0.459700 0.214029
v -0.404315 0.459700 0.287876
v -0.403411 0.458797 0.293582
v -0.400789 0.456174 0.298728
v -0.396704 0.452090 0.302812
v -0.391558 0.446943 0.305435
v -0.385853 0.441238 0.306338
v -0.207234 0.441238 0.195567
v -0.201529 0.446943 0.196471
v -0.196383 0.452090 0.199093
v -0.192298 0.456174 0.203177
v -0.189676 0.458797 0.208324
v -0.188772 0.459700 0.214029
v -0.188772 0.459700 0.287876
v -0.189676 0.458797 0.293582
v -0.192298 0.456174 0.298728
v -0.196383 0.452090 0.302812
v -0.201529 0.446943 0.305435
v -0.207234 0.441238 0.306338
v -0.207234 0.400622 0.195567
v -0.201529 0.394917 0.196471
v -0.196383 0.389771 0.199093
v -0.192298 0.385686 0.203177
v -0.189676 0.383064 0.208324
v -0.188772 0.382160 0.214029
v -0.188772 0.382160 0.287876
v -0.189676 0.383064 0.293582
v -0.192298 0.385686 0.298728
v -0.196383 0.389771 0.302812
v -0.201529 0.394917 0.305435
v -0.207234 0.400622 0.306338
v -0.171234 0.206773 0.195567
v -0.176939 0.201068 0.196471
v -0.182085 0.195921 0.199093
v -0.186170 0.191837 0.203177
v -0.188792 0.189214 0.208324
v -0.189696 0.188311 0.214029
v -0.189696 0.188311 0.287876
v -0.188792 0.189214 0.293582
v -0.186170 0.191837 0.298728
v -0.182085 0.195921 0.302812
v -0.176939 0.201068 0.305435
v -0.171234 0.206773 0.306338
v -0.171234 0.249697 0.195567
v -0.176939 0.255402 0.196471
v -0.182085 0.260548 0.199093
v -0.186170 0.264632 0.203177
v -0.188792 0.267255 0.208324
v -0.189696 0.268158 0.214029
v -0.189696 0.268158 0.287876
v -0.188792 0.267255 0.293582
v -0.186170 0.264632 0.298728
v -0.182085 0.260548 0.302812
v -0.176939 0.255402 0.305435
v -0.171234 0.249697 0.306338
v -0.059078 0.249697 0.195567
v -0.053373 0.255402 0.196471
v -0.048226 0.260548 0.199093
v -0.044142 0.264632 0.203177
v -0.041520 0.267255 0.208324
v -0.040616 0.268158 0.214029
v -0.040616 0.268158 0.287876
v -0.041520 0.267255 0.293582
v -0.044142 0.264632 0.298728
v -0.048226 0.260548 0.302812
v -0.053373 0.255402 0.305435
v -0.059078 0.249697 0.306338
v -0.059078 0.206773 0.195567
v -0.053373 0.201068 0.196471
v -0.048226 0.195921 0.199093
v -0.044142 0.191837 0.203177
v -0.041520 0.189214 0.208324
v -0.040616 0.188311 0.214029
v -0.040616 0.188311 0.287876
v -0.041520 0.189214 0.293582
v -0.044142 0.191837 0.298728
v -0.048226 0.195921 0.302812
v -0.053373 0.201068 0.305435
v -0.059078 0.206773 0.306338
v 0.190157 0.126464 0.195567
v 0.204058 0.120759 0.196471
v 0.216598 0.115612 0.199093
v 0.226550 0.111528 0.203177
v 0.232940 0.108905 0.208324
v 0.235141 0.108002 0.214029
v 0.235141 0.108002 0.287876
v 0.232940 0.108905 0.293582
v 0.226550 0.111528 0.298728
v 0.216598 0.115612 0.302812
v 0.204058 0.120759 0.305435
v 0.190157 0.126464 0.306338
v 0.134772 0.126464 0.195567
v 0.132379 0.120759 0.196471
v 0.130221 0.115612 0.199093
v 0.128508 0.111528 0.203177
v 0.127408 0.108905 0.208324
v 0.127029 0.108002 0.214029
v 0.127029 0.108002 0.287876
v 0.127408 0.108905 0.293582
v 0.128508 0.111528 0.298728
v 0.130221 0.115612 0.302812
v 0.132379 0.120759 0.305435
v 0.134772 0.126464 0.306338
v 0.030924 0.232158 0.195567
v 0.023085 0.231996 0.196471
v 0.016013 0.231850 0.199093
v 0.010401 0.231734 0.203177
v 0.006798 0.231660 0.208324
v 0.005556 0.231634 0.214029
v 0.005556 0.231634 0.287876
v 0.006798 0.231660 0.293582
v 0.010401 0.231734 0.298728
v 0.016013 0.231850 0.302812
v 0.023085 0.231996 0.305435
v 0.030924 0.232158 0.306338
v 0.122771 0.333698 0.195567
v 0.120239 0.339403 0.196471
v 0.117955 0.344550 0.199093
v 0.116142 0.348634 0.203177
v 0.114978 0.351256 0.208324
v 0.114577 0.352160 0.214029
v 0.114577 0.352160 0.287876
v 0.114978 0.351256 0.293582
v 0.116142 0.348634 0.298728
v 0.117955 0.344550 0.302812
v 0.120239 0.339403 0.305435
v 0.122771 0.333698 0.306338
v 0.171695 0.333698 0.195567
v 0.184246 0.339403 0.196471
v 0.195569 0.344550 0.199093
v 0.204554 0.348634 0.203177
v 0.210323 0.351256 0.208324
v 0.212311 0.352160 0.214029
v 0.212311 0.352160 0.287876
v 0.210323 0.351256 0.293582
v 0.204554 0.348634 0.298728
v 0.195569 0.344550 0.302812
v 0.184246 0.339403 0.305435
v 0.171695 0.333698 0.306338
v 0.083078 0.232158 0.195567
v 0.090905 0.232449 0.196471
v 0.097965 0.232712 0.199093
v 0.103568 0.232920 0.203177
v 0.107165 0.233054 0.208324
v 0.108404 0.233100 0.214029
v 0.108404 0.233100 0.287876
v 0.107165 0.233054 0.293582
v 0.103568 0.232920 0.298728
v 0.097965 0.232712 0.302812
v 0.090905 0.232449 0.305435
v 0.083078 0.232158 0.306338
v -0.012000 0.126464 0.195567
v -0.017705 0.120759 0.196471
v -0.022852 0.115612 0.199093
v -0.026936 0.111528 0.203177
v -0.029558 0.108905 0.208324
v -0.030462 0.108002 0.214029
v -0.030462 0.108002 0.287876
v -0.029558 0.108905 0.293582
v -0.026936 0.111528 0.298728
v -0.022852 0.115612 0.302812
v -0.017705 0.120759 0.305435
v -0.012000 0.126464 0.306338
v -0.012000 0.441238 0.195567
v -0.017705 0.446943 0.196471
v -0.022852 0.452090 0.199093
v -0.026936 0.456174 0.203177
v -0.029558 0.458797 0.208324
v -0.030462 0.459700 0.214029
v -0.030462 0.459700 0.287876
v -0.029558 0.458797 0.293582
v -0.026936 0.456174 0.298728
v -0.022852 0.452090 0.302812
v -0.017705 0.446943 0.305435
v -0.012000 0.441238 0.306338
v 0.029077 0.441238 0.195567
v 0.034782 0.446943 0.196471
v 0.039929 0.452090 0.199093
v 0.044013 0.456174 0.203177
v 0.046636 0.458797 0.208324
v 0.047539 0.459700 0.214029
v 0.047539 0.459700 0.287876
v 0.046636 0.458797 0.293582
v 0.044013 0.456174 0.298728
v 0.039929 0.452090 0.302812
v 0.034782 0.446943 0.305435
v 0.029077 0.441238 0.306338
v 0.029077 0.126464 0.195567
v 0.034782 0.120759 0.196471
v 0.039929 0.115612 0.199093
v 0.044013 0.111528 0.203177
v 0.046636 0.108905 0.208324
v 0.047539 0.108002 0.214029
v 0.047539 0.108002 0.287876
v 0.046636 0.108905 0.293582
v 0.044013 0.111528 0.298728
v 0.039929 0.115612 0.302812
v 0.034782 0.120759 0.305435
v 0.029077 0.126464 0.306338
v 0.370284 0.139190 0.195567
v 0.378835 0.123850 0.208324
v 0.379275 0.123060 0.214029
v 0.379275 0.123060 0.287876
v 0.378835 0.123850 0.293582
v 0.370284 0.139190 0.306338
v 0.357921 0.133045 0.195567
v 0.360192 0.127809 0.196471
v 0.362241 0.123086 0.199093
v 0.363867 0.119338 0.203177
v 0.364911 0.116931 0.208324
v 0.365271 0.116102 0.214029
v 0.365271 0.116102 0.287876
v 0.364911 0.116931 0.293582
v 0.363867 0.119338 0.298728
v 0.362241 0.123086 0.302812
v 0.360192 0.127809 0.305435
v 0.357921 0.133045 0.306338
v 0.345121 0.128310 0.195567
v 0.349506 0.114026 0.203177
v 0.350275 0.111518 0.208324
v 0.350540 0.110653 0.214029
v 0.350540 0.110653 0.287876
v 0.350275 0.111518 0.293582
v 0.349506 0.114026 0.298728
v 0.345121 0.128310 0.306338
v 0.331476 0.124959 0.195567
v 0.332530 0.119351 0.196471
v 0.333482 0.114291 0.199093
v 0.334237 0.110275 0.203177
v 0.334722 0.107697 0.208324
v 0.334889 0.106809 0.214029
v 0.334889 0.106809 0.287876
v 0.334722 0.107697 0.293582
v 0.334237 0.110275 0.298728
v 0.333482 0.114291 0.302812
v 0.332530 0.119351 0.305435
v 0.331476 0.124959 0.306338
v 0.316574 0.122968 0.195567
v 0.318059 0.105468 0.208324
v 0.318135 0.104567 0.214029
v 0.318135 0.104567 0.287876
v 0.318059 0.105468 0.293582
v 0.316574 0.122968 0.306338
v 0.300005 0.122310 0.195567
v 0.299863 0.116601 0.196471
v 0.299734 0.111451 0.199093
v 0.299632 0.107364 0.203177
v 0.299567 0.104740 0.208324
v 0.299544 0.103836 0.214029
v 0.299544 0.103836 0.287876
v 0.299567 0.104740 0.293582
v 0.299632 0.107364 0.298728
v 0.299734 0.111451 0.302812
v 0.299863 0.116601 0.305435
v 0.300005 0.122310 0.306338
v 0.284451 0.123387 0.195567
v 0.282915 0.112616 0.199093
v 0.282336 0.108562 0.203177
v 0.281965 0.105959 0.208324
v 0.281837 0.105062 0.214029
v 0.281837 0.105062 0.287876
v 0.281965 0.105959 0.293582
v 0.282336 0.108562 0.298728
v 0.282915 0.112616 0.302812
v 0.284451 0.123387 0.306338
v 0.270116 0.126506 0.195567
v 0.268484 0.121023 0.196471
v 0.267012 0.116076 0.199093
v 0.265844 0.112150 0.203177
v 0.265094 0.109630 0.208324
v 0.264835 0.108762 0.214029
v 0.264835 0.108762 0.287876
v 0.265094 0.109630 0.293582
v 0.265844 0.112150 0.298728
v 0.267012 0.116076 0.302812
v 0.268484 0.121023 0.305435
v 0.270116 0.126506 0.306338
v 0.257024 0.131497 0.195567
v 0.254588 0.126320 0.196471
v 0.252392 0.121650 0.199093
v 0.250648 0.117943 0.203177
v 0.249529 0.115564 0.208324
v 0.249143 0.114744 0.214029
v 0.249143 0.114744 0.287876
v 0.249529 0.115564 0.293582
v 0.250648 0.117943 0.298728
v 0.252392 0.121650 0.302812
v 0.254588 0.126320 0.305435
v 0.257024 0.131497 0.306338
v 0.245201 0.138190 0.195567
v 0.239154 0.129144 0.199093
v 0.236879 0.125738 0.203177
v 0.235417 0.123552 0.208324
v 0.234914 0.122799 0.214029
v 0.234914 0.122799 0.287876
v 0.235417 0.123552 0.293582
v 0.236879 0.125738 0.298728
v 0.239154 0.129144 0.302812
v 0.245201 0.138190 0.306338
v 0.234673 0.146415 0.195567
v 0.230840 0.142170 0.196471
v 0.227382 0.138341 0.199093
v 0.224638 0.135301 0.203177
v 0.222876 0.133350 0.208324
v 0.222269 0.132678 0.214029
v 0.222269 0.132678 0.287876
v 0.222876 0.133350 0.293582
v 0.224638 0.135301 0.298728
v 0.227382 0.138341 0.302812
v 0.230840 0.142170 0.305435
v 0.234673 0.146415 0.306338
v 0.225465 0.156003 0.195567
v 0.217130 0.149015 0.199093
v 0.213993 0.146386 0.203177
v 0.211979 0.144697 0.208324
v 0.211285 0.144115 0.214029
v 0.211285 0.144115 0.287876
v 0.211979 0.144697 0.293582
v 0.213993 0.146386 0.298728
v 0.217130 0.149015 0.302812
v 0.225465 0.156003 0.306338
v 0.217604 0.166782 0.195567
v 0.212780 0.163715 0.196471
v 0.208429 0.160947 0.199093
v 0.204975 0.158751 0.203177
v 0.202758 0.157341 0.208324
v 0.201994 0.156855 0.214029
v 0.201994 0.156855 0.287876
v 0.202758 0.157341 0.293582
v 0.204975 0.158751 0.298728
v 0.208429 0.160947 0.302812
v 0.212780 0.163715 0.305435
v 0.217604 0.166782 0.306338
v 0.211115 0.178584 0.195567
v 0.197594 0.172175 0.203177
v 0.195220 0.171050 0.208324
v 0.194402 0.170662 0.214029
v 0.194402 0.170662 0.287876
v 0.195220 0.171050 0.293582
v 0.197594 0.172175 0.298728
v 0.211115 0.178584 0.306338
v 0.206023 0.191239 0.195567
v 0.200608 0.189411 0.196471
v 0.195724 0.187763 0.199093
v 0.191848 0.186455 0.203177
v 0.189359 0.185615 0.208324
v 0.188502 0.185325 0.214029
v 0.188502 0.185325 0.287876
v 0.189359 0.185615 0.293582
v 0.191848 0.186455 0.298728
v 0.195724 0.187763 0.302812
v 0.200608 0.189411 0.305435
v 0.206023 0.191239 0.306338
v 0.202354 0.204576 0.195567
v 0.187736 0.201404 0.203177
v 0.185169 0.200847 0.208324
v 0.184285 0.200655 0.214029
v 0.184285 0.200655 0.287876
v 0.185169 0.200847 0.293582
v 0.187736 0.201404 0.298728
v 0.202354 0.204576 0.306338
v 0.200134 0.218426 0.195567
v 0.194453 0.217823 0.196471
v 0.189327 0.217280 0.199093
v 0.185260 0.216848 0.203177
v 0.182649 0.216571 0.208324
v 0.181749 0.216475 0.214029
v 0.181749 0.216475 0.287876
v 0.182649 0.216571 0.293582
v 0.185260 0.216848 0.298728
v 0.189327 0.217280 0.302812
v 0.194453 0.217823 0.305435
v 0.200134 0.218426 0.306338
v 0.199388 0.232619 0.195567
v 0.184431 0.232625 0.203177
v 0.181805 0.232627 0.208324
v 0.180900 0.232627 0.214029
v 0.180900 0.232627 0.287876
v 0.181805 0.232627 0.293582
v 0.184431 0.232625 0.298728
v 0.199388 0.232619 0.306338
v 0.200202 0.247876 0.195567
v 0.194522 0.248499 0.196471
v 0.189398 0.249062 0.199093
v 0.185332 0.249508 0.203177
v 0.182721 0.249794 0.208324
v 0.181822 0.249893 0.214029
v 0.181822 0.249893 0.287876
v 0.182721 0.249794 0.293582
v 0.185332 0.249508 0.298728
v 0.189398 0.249062 0.302812
v 0.194522 0.248499 0.305435
v 0.200202 0.247876 0.306338
v 0.202593 0.262210 0.195567
v 0.188007 0.265542 0.203177
v 0.185446 0.266127 0.208324
v 0.184563 0.266329 0.214029
v 0.184563 0.266329 0.287876
v 0.185446 0.266127 0.293582
v 0.188007 0.265542 0.298728
v 0.202593 0.262210 0.306338
v 0.206484 0.275543 0.195567
v 0.201108 0.277485 0.196471
v 0.196258 0.279236 0.199093
v 0.192409 0.280626 0.203177
v 0.189937 0.281518 0.208324
v 0.189086 0.281826 0.214029
v 0.189086 0.281826 0.287876
v 0.189937 0.281518 0.293582
v 0.192409 0.280626 0.298728
v 0.196258 0.279236 0.302812
v 0.201108 0.277485 0.305435
v 0.206484 0.275543 0.306338
v 0.211798 0.287800 0.195567
v 0.202126 0.292771 0.199093
v 0.198486 0.294642 0.203177
v 0.196148 0.295843 0.208324
v 0.195343 0.296257 0.214029
v 0.195343 0.296257 0.287876
v 0.196148 0.295843 0.293582
v 0.198486 0.294642 0.298728
v 0.202126 0.292771 0.302812
v 0.211798 0.287800 0.306338
v 0.218459 0.298903 0.195567
v 0.213767 0.302171 0.196471
v 0.209534 0.305120 0.199093
v 0.206175 0.307461 0.203177
v 0.204019 0.308963 0.208324
v 0.203276 0.309481 0.214029
v 0.203276 0.309481 0.287876
v 0.204019 0.308963 0.293582
v 0.206175 0.307461 0.298728
v 0.209534 0.305120 0.302812
v 0.213767 0.302171 0.305435
v 0.218459 0.298903 0.306338
v 0.226388 0.308774 0.195567
v 0.218405 0.316164 0.199093
v 0.215401 0.318946 0.203177
v 0.213472 0.320731 0.208324
v 0.212807 0.321347 0.214029
v 0.212807 0.321347 0.287876
v 0.213472 0.320731 0.293582
v 0.215401 0.318946 0.298728
v 0.218405 0.316164 0.302812
v 0.226388 0.308774 0.306338
v 0.235510 0.317339 0.195567
v 0.231902 0.321776 0.196471
v 0.228647 0.325779 0.199093
v 0.226063 0.328956 0.203177
v 0.224404 0.330996 0.208324
v 0.223833 0.331699 0.214029
v 0.223833 0.331699 0.287876
v 0.224404 0.330996 0.293582
v 0.226063 0.328956 0.298728
v 0.228647 0.325779 0.302812
v 0.231902 0.321776 0.305435
v 0.235510 0.317339 0.306338
v 0.245748 0.324518 0.195567
v 0.240150 0.333847 0.199093
v 0.238043 0.337358 0.203177
v 0.236691 0.339612 0.208324
v 0.236224 0.340389 0.214029
v 0.236224 0.340389 0.287876
v 0.236691 0.339612 0.293582
v 0.238043 0.337358 0.298728
v 0.240150 0.333847 0.302812
v 0.245748 0.324518 0.306338
v 0.257024 0.330236 0.195567
v 0.254801 0.335506 0.196471
v 0.252795 0.340259 0.199093
v 0.251204 0.344032 0.203177
v 0.250182 0.346454 0.208324
v 0.249830 0.347288 0.214029
v 0.249830 0.347288 0.287876
v 0.250182 0.346454 0.293582
v 0.251204 0.344032 0.298728
v 0.252795 0.340259 0.302812
v 0.254801 0.335506 0.305435
v 0.257024 0.330236 0.306338
v 0.269261 0.334416 0.195567
v 0.266454 0.344924 0.199093
v 0.265397 0.348879 0.203177
v 0.264719 0.351419 0.208324
v 0.264485 0.352294 0.214029
v 0.264485 0.352294 0.287876
v 0.264719 0.351419 0.293582
v 0.265397 0.348879 0.298728
v 0.266454 0.344924 0.302812
v 0.269261 0.334416 0.306338
v 0.282383 0.336980 0.195567
v 0.281655 0.342651 0.196471
v 0.280998 0.347766 0.199093
v 0.280476 0.351826 0.203177
v 0.280141 0.354432 0.208324
v 0.280026 0.355331 0.214029
v 0.280026 0.355331 0.287876
v 0.280141 0.354432 0.293582
v 0.280476 0.351826 0.298728
v 0.280998 0.347766 0.302812
v 0.281655 0.342651 0.305435
v 0.282383 0.336980 0.306338
v 0.296313 0.337852 0.195567
v 0.296283 0.352815 0.203177
v 0.296278 0.355442 0.208324
v 0.296276 0.356348 0.214029
v 0.296276 0.356348 0.287876
v 0.296278 0.355442 0.293582
v 0.296283 0.352815 0.298728
v 0.296313 0.337852 0.306338
v 0.309622 0.337072 0.195567
v 0.310320 0.342746 0.196471
v 0.310950 0.347864 0.199093
v 0.311450 0.351926 0.203177
v 0.311771 0.354534 0.208324
v 0.311882 0.355433 0.214029
v 0.311882 0.355433 0.287876
v 0.311771 0.354534 0.293582
v 0.311450 0.351926 0.298728
v 0.310950 0.347864 0.302812
v 0.310320 0.342746 0.305435
v 0.309622 0.337072 0.306338
v 0.322050 0.334728 0.195567
v 0.324819 0.345249 0.199093
v 0.325861 0.349209 0.203177
v 0.326530 0.351751 0.208324
v 0.326760 0.352627 0.214029
v 0.326760 0.352627 0.287876
v 0.326530 0.351751 0.293582
v 0.325861 0.349209 0.298728
v 0.324819 0.345249 0.302812
v 0.322050 0.334728 0.306338
v 0.333547 0.330813 0.195567
v 0.335800 0.336073 0.196471
v 0.337833 0.340817 0.199093
v 0.339447 0.344582 0.203177
v 0.340483 0.347000 0.208324
v 0.340839 0.347833 0.214029
v 0.340839 0.347833 0.287876
v 0.340483 0.347000 0.293582
v 0.339447 0.344582 0.298728
v 0.337833 0.340817 0.302812
v 0.335800 0.336073 0.305435
v 0.333547 0.330813 0.306338
v 0.344057 0.325322 0.195567
v 0.349854 0.334537 0.199093
v 0.352035 0.338005 0.203177
v 0.353436 0.340232 0.208324
v 0.353919 0.340999 0.214029
v 0.353919 0.340999 0.287876
v 0.353436 0.340232 0.293582
v 0.352035 0.338005 0.298728
v 0.349854 0.334537 0.302812
v 0.344057 0.325322 0.306338
v 0.353529 0.318247 0.195567
v 0.357311 0.322543 0.196471
v 0.360722 0.326419 0.199093
v 0.363430 0.329494 0.203177
v 0.365168 0.331469 0.208324
v 0.365767 0.332150 0.214029
v 0.365767 0.332150 0.287876
v 0.365168 0.331469 0.293582
v 0.363430 0.329494 0.298728
v 0.360722 0.326419 0.302812
v 0.357311 0.322543 0.305435
v 0.353529 0.318247 0.306338
v 0.361910 0.309582 0.195567
v 0.366318 0.313231 0.196471
v 0.370294 0.316523 0.199093
v 0.373449 0.319135 0.203177
v 0.375475 0.320812 0.208324
v 0.376174 0.321390 0.214029
v 0.376174 0.321390 0.287876
v 0.375475 0.320812 0.293582
v 0.373449 0.319135 0.298728
v 0.370294 0.316523 0.302812
v 0.366318 0.313231 0.305435
v 0.361910 0.309582 0.306338
v 0.369146 0.299321 0.195567
v 0.378464 0.304939 0.199093
v 0.381970 0.307053 0.203177
v 0.384222 0.308411 0.208324
v 0.384998 0.308878 0.214029
v 0.384998 0.308878 0.287876
v 0.384222 0.308411 0.293582
v 0.381970 0.307053 0.298728
v 0.378464 0.304939 0.302812
v 0.369146 0.299321 0.306338
v 0.375186 0.287458 0.195567
v 0.380438 0.289717 0.196471
v 0.385175 0.291755 0.199093
v 0.388935 0.293372 0.203177
v 0.391349 0.294410 0.208324
v 0.392181 0.294768 0.214029
v 0.392181 0.294768 0.287876
v 0.391349 0.294410 0.293582
v 0.388935 0.293372 0.298728
v 0.385175 0.291755 0.302812
v 0.380438 0.289717 0.305435
v 0.375186 0.287458 0.306338
v 0.379975 0.273985 0.195567
v 0.394335 0.278182 0.203177
v 0.396856 0.278919 0.208324
v 0.397725 0.279173 0.214029
v 0.397725 0.279173 0.287876
v 0.396856 0.278919 0.293582
v 0.394335 0.278182 0.298728
v 0.379975 0.273985 0.306338
v 0.383462 0.258898 0.195567
v 0.389085 0.259903 0.196471
v 0.394157 0.260810 0.199093
v 0.398183 0.261530 0.203177
v 0.400767 0.261992 0.208324
v 0.401658 0.262152 0.214029
v 0.401658 0.262152 0.287876
v 0.400767 0.261992 0.293582
v 0.398183 0.261530 0.298728
v 0.394157 0.260810 0.302812
v 0.389085 0.259903 0.305435
v 0.383462 0.258898 0.306338
v 0.385592 0.242188 0.195567
v 0.404008 0.243722 0.214029
v 0.404008 0.243722 0.287876
v 0.385592 0.242188 0.306338
v 0.386314 0.223850 0.195567
v 0.392248 0.218145 0.196471
v 0.397602 0.212998 0.199093
v 0.401850 0.208914 0.203177
v 0.404577 0.206292 0.208324
v 0.405517 0.205388 0.214029
v 0.405517 0.205388 0.287876
v 0.404577 0.206292 0.293582
v 0.401850 0.208914 0.298728
v 0.397602 0.212998 0.302812
v 0.392248 0.218145 0.305435
v 0.386314 0.223850 0.306338
v 0.240466 0.223850 0.195567
v 0.247424 0.218145 0.196471
v 0.253702 0.212998 0.199093
v 0.258684 0.208914 0.203177
v 0.261883 0.206292 0.208324
v 0.262985 0.205388 0.214029
v 0.262985 0.205388 0.287876
v 0.261883 0.206292 0.293582
v 0.258684 0.208914 0.298728
v 0.253702 0.212998 0.302812
v 0.247424 0.218145 0.305435
v 0.240466 0.223850 0.306338
v 0.242436 0.213995 0.195567
v 0.247980 0.215369 0.196471
v 0.252980 0.216608 0.199093
v 0.256949 0.217592 0.203177
v 0.259497 0.218224 0.208324
v 0.260374 0.218441 0.214029
v 0.260374 0.218441 0.287876
v 0.259497 0.218224 0.293582
v 0.256949 0.217592 0.298728
v 0.252980 0.216608 0.302812
v 0.247980 0.215369 0.305435
v 0.242436 0.213995 0.306338
v 0.245115 0.204971 0.195567
v 0.259214 0.209963 0.203177
v 0.261689 0.210840 0.208324
v 0.262542 0.211142 0.214029
v 0.262542 0.211142 0.287876
v 0.261689 0.210840 0.293582
v 0.259214 0.209963 0.298728
v 0.245115 0.204971 0.306338
v 0.248499 0.196785 0.195567
v 0.253646 0.199269 0.196471
v 0.258288 0.201511 0.199093
v 0.261972 0.203290 0.203177
v 0.264338 0.204432 0.208324
v 0.265153 0.204825 0.214029
v 0.265153 0.204825 0.287876
v 0.264338 0.204432 0.293582
v 0.261972 0.203290 0.298728
v 0.258288 0.201511 0.302812
v 0.253646 0.199269 0.305435
v 0.248499 0.196785 0.306338
v 0.252586 0.189439 0.195567
v 0.261733 0.195317 0.199093
v 0.265176 0.197530 0.203177
v 0.267387 0.198950 0.208324
v 0.268149 0.199439 0.214029
v 0.268149 0.199439 0.287876
v 0.267387 0.198950 0.293582
v 0.265176 0.197530 0.298728
v 0.261733 0.195317 0.302812
v 0.252586 0.189439 0.306338
v 0.257370 0.182940 0.195567
v 0.261735 0.186634 0.196471
v 0.265672 0.189967 0.199093
v 0.268797 0.192612 0.203177
v 0.270803 0.194310 0.208324
v 0.271494 0.194895 0.214029
v 0.271494 0.194895 0.287876
v 0.270803 0.194310 0.293582
v 0.268797 0.192612 0.298728
v 0.265672 0.189967 0.302812
v 0.261735 0.186634 0.305435
v 0.257370 0.182940 0.306338
v 0.262851 0.177291 0.195567
v 0.266666 0.181552 0.196471
v 0.270108 0.185395 0.199093
v 0.272839 0.188445 0.203177
v 0.274593 0.190404 0.208324
v 0.275197 0.191078 0.214029
v 0.275197 0.191078 0.287876
v 0.274593 0.190404 0.293582
v 0.272839 0.188445 0.298728
v 0.270108 0.185395 0.302812
v 0.266666 0.181552 0.305435
v 0.262851 0.177291 0.306338
v 0.269023 0.172499 0.195567
v 0.275078 0.181536 0.199093
v 0.277357 0.184938 0.203177
v 0.278820 0.187122 0.208324
v 0.279324 0.187874 0.214029
v 0.279324 0.187874 0.287876
v 0.278820 0.187122 0.293582
v 0.277357 0.184938 0.298728
v 0.275078 0.181536 0.302812
v 0.269023 0.172499 0.306338
v 0.275885 0.168567 0.195567
v 0.278388 0.173708 0.196471
v 0.280647 0.178346 0.199093
v 0.282439 0.182026 0.203177
v 0.283589 0.184389 0.208324
v 0.283986 0.185203 0.214029
v 0.283986 0.185203 0.287876
v 0.283589 0.184389 0.293582
v 0.282439 0.182026 0.298728
v 0.280647 0.178346 0.302812
v 0.278388 0.173708 0.305435
v 0.275885 0.168567 0.306338
v 0.283433 0.165500 0.195567
v 0.286888 0.175810 0.199093
v 0.288188 0.179690 0.203177
v 0.289023 0.182181 0.208324
v 0.289310 0.183040 0.214029
v 0.289310 0.183040 0.287876
v 0.289023 0.182181 0.293582
v 0.288188 0.179690 0.298728
v 0.286888 0.175810 0.302812
v 0.283433 0.165500 0.306338
v 0.291663 0.163304 0.195567
v 0.292821 0.168900 0.196471
v 0.293865 0.173948 0.199093
v 0.294694 0.177954 0.203177
v 0.295226 0.180526 0.208324
v 0.295409 0.181412 0.214029
v 0.295409 0.181412 0.287876
v 0.295226 0.180526 0.293582
v 0.294694 0.177954 0.298728
v 0.293865 0.173948 0.302812
v 0.292821 0.168900 0.305435
v 0.291663 0.163304 0.306338
v 0.300573 0.161983 0.195567
v 0.302016 0.176868 0.203177
v 0.302269 0.179481 0.208324
v 0.302356 0.180382 0.214029
v 0.302356 0.180382 0.287876
v 0.302269 0.179481 0.293582
v 0.302016 0.176868 0.298728
v 0.300573 0.161983 0.306338
v 0.310159 0.161541 0.195567
v 0.310203 0.167250 0.196471
v 0.310242 0.172400 0.199093
v 0.310273 0.176488 0.203177
v 0.310293 0.179112 0.208324
v 0.310300 0.180016 0.214029
v 0.310300 0.180016 0.287876
v 0.310293 0.179112 0.293582
v 0.310273 0.176488 0.298728
v 0.310242 0.172400 0.302812
v 0.310203 0.167250 0.305435
v 0.310159 0.161541 0.306338
v 0.322514 0.162298 0.195567
v 0.320703 0.177130 0.203177
v 0.320385 0.179734 0.208324
v 0.320275 0.180632 0.214029
v 0.320275 0.180632 0.287876
v 0.320385 0.179734 0.293582
v 0.320703 0.177130 0.298728
v 0.322514 0.162298 0.306338
v 0.334689 0.164516 0.195567
v 0.333352 0.170064 0.196471
v 0.332145 0.175069 0.199093
v 0.331187 0.179041 0.203177
v 0.330573 0.181591 0.208324
v 0.330361 0.182470 0.214029
v 0.330361 0.182470 0.287876
v 0.330573 0.181591 0.293582
v 0.331187 0.179041 0.298728
v 0.332145 0.175069 0.302812
v 0.333352 0.170064 0.305435
v 0.334689 0.164516 0.306338
v 0.346737 0.168118 0.195567
v 0.341735 0.182197 0.203177
v 0.340857 0.184669 0.208324
v 0.340555 0.185520 0.214029
v 0.340555 0.185520 0.287876
v 0.340857 0.184669 0.293582
v 0.341735 0.182197 0.298728
v 0.346737 0.168118 0.306338
v 0.358707 0.173029 0.195567
v 0.354147 0.182878 0.199093
v 0.352431 0.186586 0.203177
v 0.351329 0.188966 0.208324
v 0.350949 0.189786 0.214029
v 0.350949 0.189786 0.287876
v 0.351329 0.188966 0.293582
v 0.352431 0.186586 0.298728
v 0.354147 0.182878 0.302812
v 0.358707 0.173029 0.306338
v 0.382622 0.186465 0.195567
v 0.388327 0.196820 0.196471
v 0.393474 0.206161 0.199093
v 0.397558 0.213574 0.203177
v 0.400180 0.218334 0.208324
v 0.401084 0.219974 0.214029
v 0.401084 0.219974 0.287876
v 0.400180 0.218334 0.293582
v 0.397558 0.213574 0.298728
v 0.393474 0.206161 0.302812
v 0.388327 0.196820 0.305435
v 0.382622 0.186465 0.306338
v 0.382622 0.146772 0.195567
v 0.388327 0.143653 0.196471
v 0.393474 0.140840 0.199093
v 0.397558 0.138608 0.203177
v 0.400180 0.137175 0.208324
v 0.401084 0.136681 0.214029
v 0.401084 0.136681 0.287876
v 0.400180 0.137175 0.293582
v 0.397558 0.138608 0.298728
v 0.393474 0.140840 0.302812
v 0.388327 0.143653 0.305435
v 0.382622 0.146772 0.306338
v 0.345009 0.258682 0.195567
v 0.339353 0.257885 0.196471
v 0.334251 0.257165 0.199093
v 0.330201 0.256594 0.203177
v 0.327601 0.256227 0.208324
v 0.326706 0.256101 0.214029
v 0.326706 0.256101 0.287876
v 0.327601 0.256227 0.293582
v 0.330201 0.256594 0.298728
v 0.334251 0.257165 0.302812
v 0.339353 0.257885 0.305435
v 0.345009 0.258682 0.306338
v 0.343647 0.265774 0.195567
v 0.329132 0.262158 0.203177
v 0.326584 0.261524 0.208324
v 0.325706 0.261305 0.214029
v 0.325706 0.261305 0.287876
v 0.326584 0.261524 0.293582
v 0.329132 0.262158 0.298728
v 0.343647 0.265774 0.306338
v 0.341631 0.272327 0.195567
v 0.336277 0.270326 0.196471
v 0.331448 0.268521 0.199093
v 0.327616 0.267089 0.203177
v 0.325155 0.266169 0.208324
v 0.324307 0.265852 0.214029
v 0.324307 0.265852 0.287876
v 0.325155 0.266169 0.293582
v 0.327616 0.267089 0.298728
v 0.331448 0.268521 0.302812
v 0.336277 0.270326 0.305435
v 0.341631 0.272327 0.306338
v 0.338980 0.278312 0.195567
v 0.329339 0.273283 0.199093
v 0.325711 0.271390 0.203177
v 0.323381 0.270174 0.208324
v 0.322578 0.269756 0.214029
v 0.322578 0.269756 0.287876
v 0.323381 0.270174 0.293582
v 0.325711 0.271390 0.298728
v 0.329339 0.273283 0.302812
v 0.338980 0.278312 0.306338
v 0.335714 0.283702 0.195567
v 0.331037 0.280412 0.196471
v 0.326818 0.277444 0.199093
v 0.323469 0.275089 0.203177
v 0.321319 0.273577 0.208324
v 0.320579 0.273056 0.214029
v 0.320579 0.273056 0.287876
v 0.321319 0.273577 0.293582
v 0.323469 0.275089 0.298728
v 0.326818 0.277444 0.302812
v 0.331037 0.280412 0.305435
v 0.335714 0.283702 0.306338
v 0.331852 0.288466 0.195567
v 0.323910 0.281031 0.199093
v 0.320921 0.278232 0.203177
v 0.319002 0.276435 0.208324
v 0.318341 0.275816 0.214029
v 0.318341 0.275816 0.287876
v 0.319002 0.276435 0.293582
v 0.320921 0.278232 0.298728
v 0.323910 0.281031 0.302812
v 0.331852 0.288466 0.306338
v 0.327413 0.292577 0.195567
v 0.323842 0.288108 0.196471
v 0.320621 0.284077 0.199093
v 0.318064 0.280877 0.203177
v 0.316423 0.278823 0.208324
v 0.315858 0.278115 0.214029
v 0.315858 0.278115 0.287876
v 0.316423 0.278823 0.293582
v 0.318064 0.280877 0.298728
v 0.320621 0.284077 0.302812
v 0.323842 0.288108 0.305435
v 0.327413 0.292577 0.306338
v 0.322416 0.296005 0.195567
v 0.316927 0.286611 0.199093
v 0.314861 0.283075 0.203177
v 0.313535 0.280805 0.208324
v 0.313078 0.280022 0.214029
v 0.313078 0.280022 0.287876
v 0.313535 0.280805 0.293582
v 0.314861 0.283075 0.298728
v 0.316927 0.286611 0.302812
v 0.322416 0.296005 0.306338
v 0.316880 0.298721 0.195567
v 0.314728 0.293423 0.196471
v 0.312786 0.288643 0.199093
v 0.311246 0.284849 0.203177
v 0.310256 0.282414 0.208324
v 0.309915 0.281574 0.214029
v 0.309915 0.281574 0.287876
v 0.310256 0.282414 0.293582
v 0.311246 0.284849 0.298728
v 0.312786 0.288643 0.302812
v 0.314728 0.293423 0.305435
v 0.316880 0.298721 0.306338
v 0.310826 0.300697 0.195567
v 0.308148 0.290156 0.199093
v 0.307140 0.286189 0.203177
v 0.306493 0.283642 0.208324
v 0.306270 0.282764 0.214029
v 0.306270 0.282764 0.287876
v 0.306493 0.283642 0.293582
v 0.307140 0.286189 0.298728
v 0.308148 0.290156 0.302812
v 0.310826 0.300697 0.306338
v 0.304271 0.301904 0.195567
v 0.303587 0.296229 0.196471
v 0.302969 0.291110 0.199093
v 0.302479 0.287047 0.203177
v 0.302164 0.284439 0.208324
v 0.302056 0.283540 0.214029
v 0.302056 0.283540 0.287876
v 0.302164 0.284439 0.293582
v 0.302479 0.287047 0.298728
v 0.302969 0.291110 0.302812
v 0.303587 0.296229 0.305435
v 0.304271 0.301904 0.306338
v 0.297236 0.302313 0.195567
v 0.297178 0.287355 0.203177
v 0.297168 0.284729 0.208324
v 0.297165 0.283824 0.214029
v 0.297165 0.283824 0.287876
v 0.297168 0.284729 0.293582
v 0.297178 0.287355 0.298728
v 0.297236 0.302313 0.306338
v 0.289650 0.301931 0.195567
v 0.290248 0.296249 0.196471
v 0.290788 0.291123 0.199093
v 0.291217 0.287055 0.203177
v 0.291492 0.284443 0.208324
v 0.291587 0.283543 0.214029
v 0.291587 0.283543 0.287876
v 0.291492 0.284443 0.293582
v 0.291217 0.287055 0.298728
v 0.290788 0.291123 0.302812
v 0.290248 0.296249 0.305435
v 0.289650 0.301931 0.306338
v 0.282586 0.300794 0.195567
v 0.285846 0.286190 0.203177
v 0.286418 0.283626 0.208324
v 0.286615 0.282743 0.214029
v 0.286615 0.282743 0.287876
v 0.286418 0.283626 0.293582
v 0.285846 0.286190 0.298728
v 0.282586 0.300794 0.306338
v 0.276048 0.298916 0.195567
v 0.277977 0.293535 0.196471
v 0.279718 0.288680 0.199093
v 0.281099 0.284827 0.203177
v 0.281986 0.282353 0.208324
v 0.282291 0.281501 0.214029
v 0.282291 0.281501 0.287876
v 0.281986 0.282353 0.293582
v 0.281099 0.284827 0.298728
v 0.279718 0.288680 0.302812
v 0.277977 0.293535 0.305435
v 0.276048 0.298916 0.306338
v 0.270039 0.296313 0.195567
v 0.275028 0.286648 0.199093
v 0.276906 0.283010 0.203177
v 0.278112 0.280675 0.208324
v 0.278527 0.279870 0.214029
v 0.278527 0.279870 0.287876
v 0.278112 0.280675 0.293582
v 0.276906 0.283010 0.298728
v 0.275028 0.286648 0.302812
v 0.270039 0.296313 0.306338
v 0.264562 0.292998 0.195567
v 0.267852 0.288321 0.196471
v 0.270821 0.284101 0.199093
v 0.273176 0.280753 0.203177
v 0.274689 0.278603 0.208324
v 0.275210 0.277863 0.214029
v 0.275210 0.277863 0.287876
v 0.274689 0.278603 0.293582
v 0.273176 0.280753 0.298728
v 0.270821 0.284101 0.302812
v 0.267852 0.288321 0.305435
v 0.264562 0.292998 0.306338
v 0.259620 0.288986 0.195567
v 0.267031 0.281025 0.199093
v 0.269821 0.278029 0.203177
v 0.271612 0.276105 0.208324
v 0.272229 0.275442 0.214029
v 0.272229 0.275442 0.287876
v 0.271612 0.276105 0.293582
v 0.269821 0.278029 0.298728
v 0.267031 0.281025 0.302812
v 0.259620 0.288986 0.306338
v 0.255216 0.284291 0.195567
v 0.259630 0.280657 0.196471
v 0.263612 0.277380 0.199093
v 0.266772 0.274778 0.203177
v 0.268801 0.273108 0.208324
v 0.269500 0.272533 0.214029
v 0.269500 0.272533 0.287876
v 0.268801 0.273108 0.293582
v 0.266772 0.274778 0.298728
v 0.263612 0.277380 0.302812
v 0.259630 0.280657 0.305435
v 0.255216 0.284291 0.306338
v 0.251355 0.278928 0.195567
v 0.264001 0.270930 0.203177
v 0.266221 0.269526 0.208324
v 0.266986 0.269042 0.214029
v 0.266986 0.269042 0.287876
v 0.266221 0.269526 0.293582
v 0.264001 0.270930 0.298728
v 0.251355 0.278928 0.306338
v 0.248038 0.272911 0.195567
v 0.253185 0.270431 0.196471
v 0.257829 0.268194 0.199093
v 0.261514 0.266418 0.203177
v 0.263880 0.265278 0.208324
v 0.264695 0.264885 0.214029
v 0.264695 0.264885 0.287876
v 0.263880 0.265278 0.293582
v 0.261514 0.266418 0.298728
v 0.257829 0.268194 0.302812
v 0.253185 0.270431 0.305435
v 0.248038 0.272911 0.306338
v 0.245269 0.266255 0.195567
v 0.259343 0.261198 0.203177
v 0.261813 0.260311 0.208324
v 0.262665 0.260005 0.214029
v 0.262665 0.260005 0.287876
v 0.261813 0.260311 0.293582
v 0.259343 0.261198 0.298728
v 0.245269 0.266255 0.306338
v 0.243052 0.258973 0.195567
v 0.248582 0.257551 0.196471
v 0.253572 0.256269 0.199093
v 0.257531 0.255251 0.203177
v 0.260073 0.254597 0.208324
v 0.260949 0.254372 0.214029
v 0.260949 0.254372 0.287876
v 0.260073 0.254597 0.293582
v 0.257531 0.255251 0.298728
v 0.253572 0.256269 0.302812
v 0.248582 0.257551 0.305435
v 0.243052 0.258973 0.306338
v 0.241389 0.251081 0.195567
v 0.248421 0.256786 0.196471
v 0.254765 0.261933 0.199093
v 0.259800 0.266017 0.203177
v 0.263032 0.268639 0.208324
v 0.264146 0.269543 0.214029
v 0.264146 0.269543 0.287876
v 0.263032 0.268639 0.293582
v 0.259800 0.266017 0.298728
v 0.254765 0.261933 0.302812
v 0.248421 0.256786 0.305435
v 0.241389 0.251081 0.306338
v 0.345698 0.251081 0.195567
v 0.339453 0.256786 0.196471
v 0.333818 0.261933 0.199093
v 0.329347 0.266017 0.203177
v 0.326476 0.268639 0.208324
v 0.325487 0.269543 0.214029
v 0.325487 0.269543 0.287876
v 0.326476 0.268639 0.293582
v 0.329347 0.266017 0.298728
v 0.333818 0.261933 0.302812
v 0.339453 0.256786 0.305435
v 0.345698 0.251081 0.306338
v 0.411238 0.020308 0.195567
v 0.402258 0.014603 0.196471
v 0.394158 0.009456 0.199093
v 0.387729 0.005372 0.203177
v 0.383601 0.002750 0.208324
v 0.382179 0.001846 0.214029
v 0.382179 0.001846 0.287876
v 0.383601 0.002750 0.293582
v 0.387729 0.005372 0.298728
v 0.394158 0.009456 0.302812
v 0.402258 0.014603 0.305435
v 0.411238 0.020308 0.306338
v 0.481854 0.170772 0.195567
v 0.475524 0.170711 0.196471
v 0.469813 0.170657 0.199093
v 0.465281 0.170613 0.203177
v 0.462371 0.170585 0.208324
v 0.461368 0.170576 0.214029
v 0.461368 0.170576 0.287876
v 0.462371 0.170585 0.293582
v 0.465281 0.170613 0.298728
v 0.469813 0.170657 0.302812
v 0.475524 0.170711 0.305435
v 0.481854 0.170772 0.306338
v 0.401545 0.333698 0.195567
v 0.392373 0.339403 0.196471
v 0.384098 0.344550 0.199093
v 0.377531 0.348634 0.203177
v 0.373315 0.351256 0.208324
v 0.371862 0.352160 0.214029
v 0.371862 0.352160 0.287876
v 0.373315 0.351256 0.293582
v 0.377531 0.348634 0.298728
v 0.384098 0.344550 0.302812
v 0.392373 0.339403 0.305435
v 0.401545 0.333698 0.306338
v 0.448161 0.333698 0.195567
v 0.451757 0.339403 0.196471
v 0.455000 0.344550 0.199093
v 0.457574 0.348634 0.203177
v 0.459227 0.351256 0.208324
v 0.459797 0.352160 0.214029
v 0.459797 0.352160 0.287876
v 0.459227 0.351256 0.293582
v 0.457574 0.348634 0.298728
v 0.455000 0.344550 0.302812
v 0.451757 0.339403 0.305435
v 0.448161 0.333698 0.306338
v 0.504009 0.216927 0.195567
v 0.503900 0.230377 0.196471
v 0.503801 0.242511 0.199093
v 0.503723 0.252141 0.203177
v 0.503673 0.258324 0.208324
v 0.503656 0.260454 0.214029
v 0.503656 0.260454 0.287876
v 0.503673 0.258324 0.293582
v 0.503723 0.252141 0.298728
v 0.503801 0.242511 0.302812
v 0.503900 0.230377 0.305435
v 0.504009 0.216927 0.306338
v 0.557548 0.333698 0.195567
v 0.553888 0.339403 0.196471
v 0.550586 0.344550 0.199093
v 0.547965 0.348634 0.203177
v 0.546283 0.351256 0.208324
v 0.545703 0.352160 0.214029
v 0.545703 0.352160 0.287876
v 0.546283 0.351256 0.293582
v 0.547965 0.348634 0.298728
v 0.550586 0.344550 0.302812
v 0.553888 0.339403 0.305435
v 0.557548 0.333698 0.306338
v 0.603703 0.333698 0.195567
v 0.612674 0.339403 0.196471
v 0.620768 0.344550 0.199093
v 0.627190 0.348634 0.203177
v 0.631314 0.351256 0.208324
v 0.632735 0.352160 0.214029
v 0.632735 0.352160 0.287876
v 0.631314 0.351256 0.293582
v 0.627190 0.348634 0.298728
v 0.620768 0.344550 0.302812
v 0.612674 0.339403 0.305435
v 0.603703 0.333698 0.306338
v 0.456931 0.020308 0.195567
v 0.460559 0.014603 0.196471
v 0.463831 0.009456 0.199093
v 0.466429 0.005372 0.203177
v 0.468096 0.002750 0.208324
v 0.468671 0.001846 0.214029
v 0.468671 0.001846 0.287876
v 0.468096 0.002750 0.293582
v 0.466429 0.005372 0.298728
v 0.463831 0.009456 0.302812
v 0.460559 0.014603 0.305435
v 0.456931 0.020308 0.306338
v -0.891152 -0.078298 0.195567
v -0.894566 -0.082872 0.196471
v -0.897646 -0.086998 0.199093
v -0.900090 -0.090273 0.203177
v -0.901660 -0.092375 0.208324
v -0.902200 -0.093100 0.214029
v -0.902200 -0.093100 0.287876
v -0.901660 -0.092375 0.293581
v -0.900090 -0.090273 0.298728
v -0.897646 -0.086998 0.302812
v -0.894566 -0.082872 0.305435
v -0.891152 -0.078298 0.306338
v -0.904186 -0.069762 0.195567
v -0.909533 -0.079212 0.199093
v -0.911545 -0.082768 0.203177
v -0.912837 -0.085052 0.208324
v -0.913282 -0.085839 0.214029
v -0.913282 -0.085839 0.287876
v -0.912837 -0.085052 0.293581
v -0.911545 -0.082768 0.298728
v -0.909533 -0.079212 0.302812
v -0.904186 -0.069762 0.306338
v -0.916862 -0.063636 0.195567
v -0.918995 -0.068930 0.196471
v -0.920920 -0.073706 0.199093
v -0.922448 -0.077497 0.203177
v -0.923429 -0.079930 0.208324
v -0.923767 -0.080769 0.214029
v -0.923767 -0.080769 0.287876
v -0.923429 -0.079930 0.293581
v -0.922448 -0.077497 0.298728
v -0.920920 -0.073706 0.302812
v -0.918995 -0.068930 0.305435
v -0.916862 -0.063636 0.306338
v -0.929076 -0.059625 0.195567
v -0.931766 -0.070144 0.199093
v -0.932779 -0.074103 0.203177
v -0.933429 -0.076645 0.208324
v -0.933653 -0.077521 0.214029
v -0.933653 -0.077521 0.287876
v -0.933429 -0.076645 0.293581
v -0.932779 -0.074103 0.298728
v -0.931766 -0.070144 0.302812
v -0.929076 -0.059625 0.306338
v -0.940725 -0.057435 0.195567
v -0.942042 -0.068212 0.199093
v -0.942537 -0.072268 0.203177
v -0.942855 -0.074872 0.208324
v -0.942965 -0.075769 0.214029
v -0.942965 -0.075769 0.287876
v -0.942855 -0.074872 0.293581
v -0.942537 -0.072268 0.298728
v -0.942042 -0.068212 0.302812
v -0.940725 -0.057435 0.306338
v -0.951708 -0.056770 0.195567
v -0.951667 -0.062479 0.196471
v -0.951630 -0.067629 0.199093
v -0.951601 -0.071716 0.203177
v -0.951582 -0.074340 0.208324
v -0.951575 -0.075244 0.214029
v -0.951575 -0.075244 0.287876
v -0.951582 -0.074340 0.293581
v -0.951601 -0.071716 0.298728
v -0.951630 -0.067629 0.302812
v -0.951667 -0.062479 0.305435
v -0.951708 -0.056770 0.306338
v -0.958797 -0.057083 0.195567
v -0.957215 -0.074588 0.208324
v -0.957134 -0.075489 0.214029
v -0.957134 -0.075489 0.287876
v -0.957215 -0.074588 0.293581
v -0.958797 -0.057083 0.306338
v -0.965497 -0.058001 0.195567
v -0.964445 -0.063615 0.196471
v -0.963496 -0.068680 0.199093
v -0.962743 -0.072699 0.203177
v -0.962260 -0.075280 0.208324
v -0.962093 -0.076169 0.214029
v -0.962093 -0.076169 0.287876
v -0.962260 -0.075280 0.293581
v -0.962743 -0.072699 0.298728
v -0.963496 -0.068680 0.302812
v -0.964445 -0.063615 0.305435
v -0.965497 -0.058001 0.306338
v -0.971764 -0.059496 0.195567
v -0.967534 -0.073842 0.203177
v -0.966792 -0.076361 0.208324
v -0.966536 -0.077229 0.214029
v -0.966536 -0.077229 0.287876
v -0.966792 -0.076361 0.293581
v -0.967534 -0.073842 0.298728
v -0.971764 -0.059496 0.306338
v -0.977555 -0.061539 0.195567
v -0.975352 -0.066812 0.196471
v -0.973364 -0.071568 0.199093
v -0.971787 -0.075343 0.203177
v -0.970774 -0.077766 0.208324
v -0.970425 -0.078601 0.214029
v -0.970425 -0.078601 0.287876
v -0.970774 -0.077766 0.293581
v -0.971787 -0.075343 0.298728
v -0.973364 -0.071568 0.302812
v -0.975352 -0.066812 0.305435
v -0.977555 -0.061540 0.306338
v -0.982827 -0.064102 0.195567
v -0.975472 -0.077134 0.203177
v -0.974180 -0.079422 0.208324
v -0.973736 -0.080210 0.214029
v -0.973736 -0.080210 0.287876
v -0.974180 -0.079422 0.293581
v -0.975472 -0.077134 0.298728
v -0.982827 -0.064102 0.306338
v -0.987536 -0.067155 0.195567
v -0.984114 -0.071735 0.196471
v -0.981026 -0.075867 0.199093
v -0.978576 -0.079146 0.203177
v -0.977003 -0.081252 0.208324
v -0.976461 -0.081977 0.214029
v -0.976461 -0.081977 0.287876
v -0.977003 -0.081252 0.293581
v -0.978576 -0.079146 0.298728
v -0.981026 -0.075867 0.302812
v -0.984114 -0.071735 0.305435
v -0.987536 -0.067155 0.306338
v -0.991639 -0.070669 0.195567
v -0.983987 -0.078404 0.199093
v -0.981107 -0.081314 0.203177
v -0.979258 -0.083183 0.208324
v -0.978621 -0.083827 0.214029
v -0.978621 -0.083827 0.287876
v -0.979258 -0.083183 0.293581
v -0.981107 -0.081314 0.298728
v -0.983987 -0.078404 0.302812
v -0.991639 -0.070669 0.306338
v -0.995094 -0.074617 0.195567
v -0.990512 -0.078044 0.196471
v -0.986379 -0.081136 0.199093
v -0.983099 -0.083590 0.203177
v -0.980993 -0.085165 0.208324
v -0.980267 -0.085708 0.214029
v -0.980267 -0.085708 0.287876
v -0.980993 -0.085165 0.293581
v -0.983099 -0.083590 0.298728
v -0.986379 -0.081136 0.302812
v -0.990512 -0.078044 0.305435
v -0.995094 -0.074617 0.306338
v -0.997856 -0.078968 0.195567
v -0.988226 -0.084046 0.199093
v -0.984602 -0.085958 0.203177
v -0.982275 -0.087185 0.208324
v -0.981473 -0.087608 0.214029
v -0.981473 -0.087608 0.287876
v -0.982275 -0.087185 0.293581
v -0.984602 -0.085958 0.298728
v -0.988226 -0.084046 0.302812
v -0.997856 -0.078968 0.306338
v -0.999882 -0.083694 0.195567
v -0.994454 -0.085511 0.196471
v -0.989558 -0.087151 0.199093
v -0.985672 -0.088452 0.203177
v -0.983177 -0.089288 0.208324
v -0.982317 -0.089576 0.214029
v -0.982317 -0.089576 0.287876
v -0.983177 -0.089288 0.293581
v -0.985672 -0.088452 0.298728
v -0.989558 -0.087151 0.302812
v -0.994454 -0.085511 0.305435
v -0.999882 -0.083694 0.306338
v -1.001130 -0.088766 0.195567
v -0.990382 -0.090500 0.199093
v -0.986336 -0.091153 0.203177
v -0.983739 -0.091572 0.208324
v -0.982844 -0.091717 0.214029
v -0.982844 -0.091717 0.287876
v -0.983739 -0.091572 0.293581
v -0.986336 -0.091153 0.298728
v -0.990382 -0.090500 0.302812
v -1.001130 -0.088766 0.306338
v -1.001556 -0.094155 0.195567
v -0.995808 -0.093836 0.196471
v -0.990622 -0.093547 0.199093
v -0.986507 -0.093318 0.203177
v -0.983865 -0.093171 0.208324
v -0.982955 -0.093120 0.214029
v -0.982955 -0.093120 0.287876
v -0.983865 -0.093171 0.293581
v -0.986507 -0.093318 0.298728
v -0.990622 -0.093547 0.302812
v -0.995808 -0.093836 0.305435
v -1.001556 -0.094155 0.306338
v -0.998877 -0.108086 0.195567
v -0.993473 -0.105974 0.196471
v -0.988599 -0.104068 0.199093
v -0.984730 -0.102556 0.203177
v -0.982247 -0.101585 0.208324
v -0.981391 -0.101251 0.214029
v -0.981391 -0.101251 0.287876
v -0.982247 -0.101585 0.293581
v -0.984730 -0.102556 0.298728
v -0.988599 -0.104068 0.302812
v -0.993473 -0.105974 0.305435
v -0.998877 -0.108086 0.306338
v -0.991470 -0.120023 0.195567
v -0.987018 -0.116378 0.196471
v -0.983001 -0.113090 0.199093
v -0.979814 -0.110480 0.203177
v -0.977767 -0.108805 0.208324
v -0.977062 -0.108227 0.214029
v -0.977062 -0.108227 0.287876
v -0.977767 -0.108805 0.293581
v -0.979814 -0.110480 0.298728
v -0.983001 -0.113090 0.302812
v -0.987018 -0.116378 0.305435
v -0.991470 -0.120023 0.306338
v -0.980281 -0.130531 0.195567
v -0.973454 -0.122056 0.199093
v -0.970884 -0.118866 0.203177
v -0.969234 -0.116818 0.208324
v -0.968666 -0.116113 0.214029
v -0.968666 -0.116113 0.287876
v -0.969234 -0.116818 0.293581
v -0.970884 -0.118866 0.298728
v -0.973454 -0.122056 0.302812
v -0.980281 -0.130531 0.306338
v -0.916616 -0.169549 0.195567
v -0.906745 -0.155009 0.208324
v -0.906237 -0.154261 0.214029
v -0.906237 -0.154261 0.287876
v -0.906745 -0.155009 0.293581
v -0.916616 -0.169549 0.306338
v -0.900699 -0.181371 0.195567
v -0.893628 -0.173105 0.199093
v -0.890967 -0.169994 0.203177
v -0.889258 -0.167997 0.208324
v -0.888670 -0.167308 0.214029
v -0.888670 -0.167308 0.287876
v -0.889258 -0.167997 0.293581
v -0.890967 -0.169994 0.298728
v -0.893628 -0.173105 0.302812
v -0.900699 -0.181371 0.306338
v -0.886674 -0.195148 0.195567
v -0.882283 -0.191464 0.196471
v -0.878321 -0.188141 0.199093
v -0.875178 -0.185504 0.203177
v -0.873159 -0.183811 0.208324
v -0.872464 -0.183227 0.214029
v -0.872464 -0.183227 0.287876
v -0.873159 -0.183811 0.293581
v -0.875178 -0.185504 0.298728
v -0.878321 -0.188141 0.302812
v -0.882283 -0.191464 0.305435
v -0.886674 -0.195148 0.306338
v -0.875485 -0.211444 0.195567
v -0.870398 -0.208774 0.196471
v -0.865809 -0.206365 0.199093
v -0.862167 -0.204453 0.203177
v -0.859829 -0.203226 0.208324
v -0.859023 -0.202803 0.214029
v -0.859023 -0.202803 0.287876
v -0.859829 -0.203226 0.293581
v -0.862167 -0.204453 0.298728
v -0.865809 -0.206365 0.302812
v -0.870398 -0.208774 0.305435
v -0.875485 -0.211444 0.306338
v -0.868078 -0.230823 0.195567
v -0.862494 -0.229454 0.196471
v -0.857457 -0.228219 0.199093
v -0.853459 -0.227239 0.203177
v -0.850892 -0.226610 0.208324
v -0.850007 -0.226393 0.214029
v -0.850007 -0.226393 0.287876
v -0.850892 -0.226610 0.293581
v -0.853459 -0.227239 0.298728
v -0.857457 -0.228219 0.302812
v -0.862494 -0.229454 0.305435
v -0.868078 -0.230823 0.306338
v -0.865399 -0.253850 0.195567
v -0.859673 -0.253700 0.196471
v -0.854508 -0.253565 0.199093
v -0.850408 -0.253457 0.203177
v -0.847776 -0.253388 0.208324
v -0.846870 -0.253364 0.214029
v -0.846870 -0.253364 0.287876
v -0.847776 -0.253388 0.293581
v -0.850408 -0.253457 0.298728
v -0.854508 -0.253565 0.302812
v -0.859673 -0.253700 0.305435
v -0.865399 -0.253850 0.306338
v -0.866164 -0.265905 0.195567
v -0.855379 -0.267299 0.199093
v -0.851320 -0.267823 0.203177
v -0.848714 -0.268160 0.208324
v -0.847816 -0.268276 0.214029
v -0.847816 -0.268276 0.287876
v -0.848714 -0.268160 0.293581
v -0.851320 -0.267823 0.298728
v -0.855379 -0.267299 0.302812
v -0.866164 -0.265905 0.306338
v -0.868404 -0.277323 0.195567
v -0.862879 -0.278795 0.196471
v -0.857894 -0.280123 0.199093
v -0.853939 -0.281176 0.203177
v -0.851399 -0.281853 0.208324
v -0.850524 -0.282086 0.214029
v -0.850524 -0.282086 0.287876
v -0.851399 -0.281853 0.293581
v -0.853939 -0.281176 0.298728
v -0.857894 -0.280123 0.302812
v -0.862879 -0.278795 0.305435
v -0.868404 -0.277323 0.306338
v -0.872034 -0.288027 0.195567
v -0.861994 -0.292208 0.199093
v -0.858215 -0.293782 0.203177
v -0.855788 -0.294793 0.208324
v -0.854952 -0.295141 0.214029
v -0.854952 -0.295141 0.287876
v -0.855788 -0.294793 0.293581
v -0.858215 -0.293782 0.298728
v -0.861994 -0.292208 0.302812
v -0.872034 -0.288027 0.306338
v -0.876972 -0.297937 0.195567
v -0.872039 -0.300829 0.196471
v -0.867589 -0.303439 0.199093
v -0.864058 -0.305509 0.203177
v -0.861791 -0.306839 0.208324
v -0.861009 -0.307297 0.214029
v -0.861009 -0.307297 0.287876
v -0.861791 -0.306839 0.293581
v -0.864058 -0.305509 0.298728
v -0.867589 -0.303439 0.302812
v -0.872039 -0.300829 0.305435
v -0.876972 -0.297937 0.306338
v -0.883135 -0.306975 0.195567
v -0.874585 -0.313699 0.199093
v -0.871367 -0.316230 0.203177
v -0.869301 -0.317855 0.208324
v -0.868590 -0.318415 0.214029
v -0.868590 -0.318415 0.287876
v -0.869301 -0.317855 0.293581
v -0.871367 -0.316230 0.298728
v -0.874585 -0.313699 0.302812
v -0.883135 -0.306975 0.306338
v -0.890438 -0.315063 0.195567
v -0.886463 -0.319173 0.196471
v -0.882877 -0.322881 0.199093
v -0.880031 -0.325823 0.203177
v -0.878203 -0.327713 0.208324
v -0.877574 -0.328364 0.214029
v -0.877574 -0.328364 0.287876
v -0.878203 -0.327713 0.293581
v -0.880031 -0.325823 0.298728
v -0.882877 -0.322881 0.302812
v -0.886463 -0.319173 0.305435
v -0.890438 -0.315063 0.306338
v -0.898799 -0.322122 0.195567
v -0.892354 -0.330882 0.199093
v -0.889928 -0.334179 0.203177
v -0.888370 -0.336296 0.208324
v -0.887833 -0.337026 0.214029
v -0.887833 -0.337026 0.287876
v -0.888370 -0.336296 0.293581
v -0.889928 -0.334179 0.298728
v -0.892354 -0.330882 0.302812
v -0.898799 -0.322122 0.306338
v -0.908135 -0.328074 0.195567
v -0.905385 -0.333086 0.196471
v -0.902904 -0.337608 0.199093
v -0.900935 -0.341197 0.203177
v -0.899671 -0.343501 0.208324
v -0.899235 -0.344295 0.214029
v -0.899235 -0.344295 0.287876
v -0.899671 -0.343501 0.293581
v -0.900935 -0.341197 0.298728
v -0.902904 -0.337608 0.302812
v -0.905385 -0.333086 0.305435
v -0.908135 -0.328074 0.306338
v -0.918362 -0.332840 0.195567
v -0.914412 -0.342971 0.199093
v -0.912926 -0.346785 0.203177
v -0.911972 -0.349233 0.208324
v -0.911643 -0.350077 0.214029
v -0.911643 -0.350077 0.287876
v -0.911972 -0.349233 0.293581
v -0.912926 -0.346785 0.298728
v -0.914412 -0.342971 0.302812
v -0.918362 -0.332840 0.306338
v -0.929396 -0.336341 0.195567
v -0.928013 -0.341888 0.196471
v -0.926765 -0.346891 0.199093
v -0.925775 -0.350862 0.203177
v -0.925139 -0.353411 0.208324
v -0.924920 -0.354290 0.214029
v -0.924920 -0.354290 0.287876
v -0.925139 -0.353411 0.293581
v -0.925775 -0.350862 0.298728
v -0.926765 -0.346891 0.302812
v -0.928013 -0.341888 0.305435
v -0.929396 -0.336341 0.306338
v -0.941155 -0.338500 0.195567
v -0.939357 -0.353355 0.203177
v -0.939041 -0.355963 0.208324
v -0.938932 -0.356862 0.214029
v -0.938932 -0.356862 0.287876
v -0.939041 -0.355963 0.293581
v -0.939357 -0.353355 0.298728
v -0.941155 -0.338500 0.306338
v -0.953555 -0.339237 0.195567
v -0.953451 -0.344945 0.196471
v -0.953357 -0.350096 0.199093
v -0.953283 -0.354183 0.203177
v -0.953235 -0.356807 0.208324
v -0.953218 -0.357711 0.214029
v -0.953218 -0.357711 0.287876
v -0.953235 -0.356807 0.293581
v -0.953283 -0.354183 0.298728
v -0.953357 -0.350096 0.302812
v -0.953451 -0.344945 0.305435
v -0.953555 -0.339237 0.306338
v -0.970117 -0.338461 0.195567
v -0.971564 -0.353332 0.203177
v -0.971818 -0.355942 0.208324
v -0.971906 -0.356842 0.214029
v -0.971906 -0.356842 0.287876
v -0.971818 -0.355942 0.293581
v -0.971564 -0.353332 0.298728
v -0.970117 -0.338461 0.306338
v -0.985743 -0.336108 0.195567
v -0.986904 -0.341696 0.196471
v -0.987950 -0.346737 0.199093
v -0.988781 -0.350738 0.203177
v -0.989315 -0.353307 0.208324
v -0.989498 -0.354192 0.214029
v -0.989498 -0.354192 0.287876
v -0.989315 -0.353307 0.293581
v -0.988781 -0.350738 0.298728
v -0.987950 -0.346737 0.302812
v -0.986904 -0.341696 0.305435
v -0.985743 -0.336108 0.306338
v -1.000575 -0.332140 0.195567
v -1.005266 -0.346327 0.203177
v -1.006090 -0.348818 0.208324
v -1.006374 -0.349676 0.214029
v -1.006374 -0.349676 0.287876
v -1.006090 -0.348818 0.293581
v -1.005266 -0.346327 0.298728
v -1.000575 -0.332140 0.306338
v -1.014752 -0.326518 0.195567
v -1.017158 -0.331694 0.196471
v -1.019327 -0.336363 0.199093
v -1.021049 -0.340069 0.203177
v -1.022155 -0.342448 0.208324
v -1.022536 -0.343267 0.214029
v -1.022536 -0.343267 0.287876
v -1.022155 -0.342448 0.293581
v -1.021049 -0.340069 0.298728
v -1.019327 -0.336363 0.302812
v -1.017158 -0.331694 0.305435
v -1.014752 -0.326518 0.306338
v -1.028417 -0.319204 0.195567
v -1.036170 -0.331977 0.203177
v -1.037531 -0.334219 0.208324
v -1.038000 -0.334992 0.214029
v -1.038000 -0.334992 0.287876
v -1.037531 -0.334219 0.293581
v -1.036170 -0.331977 0.298728
v -1.028417 -0.319204 0.306338
v -1.041710 -0.310159 0.195567
v -1.047415 -0.313088 0.196471
v -1.052562 -0.315729 0.199093
v -1.056646 -0.317826 0.203177
v -1.059268 -0.319172 0.208324
v -1.060172 -0.319636 0.214029
v -1.060172 -0.319636 0.287876
v -1.059268 -0.319172 0.293581
v -1.056646 -0.317826 0.298728
v -1.052562 -0.315729 0.302812
v -1.047415 -0.313088 0.305435
v -1.041710 -0.310159 0.306338
v -1.041710 -0.252927 0.195567
v -1.047415 -0.237112 0.196471
v -1.052562 -0.222844 0.199093
v -1.056646 -0.211521 0.203177
v -1.059268 -0.204251 0.208324
v -1.060172 -0.201746 0.214029
v -1.060172 -0.201746 0.287876
v -1.059268 -0.204251 0.293581
v -1.056646 -0.211521 0.298728
v -1.052562 -0.222844 0.302812
v -1.047415 -0.237112 0.305435
v -1.041710 -0.252927 0.306338
v -1.029691 -0.266569 0.195567
v -1.025653 -0.262534 0.196471
v -1.022011 -0.258894 0.199093
v -1.019120 -0.256006 0.203177
v -1.017264 -0.254151 0.208324
v -1.016625 -0.253512 0.214029
v -1.016625 -0.253512 0.287876
v -1.017264 -0.254151 0.293581
v -1.019120 -0.256006 0.298728
v -1.022011 -0.258894 0.302812
v -1.025653 -0.262534 0.305435
v -1.029691 -0.266569 0.306338
v -1.016787 -0.277902 0.195567
v -1.010203 -0.269267 0.199093
v -1.007726 -0.266017 0.203177
v -1.006135 -0.263930 0.208324
v -1.005587 -0.263211 0.214029
v -1.005587 -0.263211 0.287876
v -1.006135 -0.263930 0.293581
v -1.007726 -0.266017 0.298728
v -1.010203 -0.269267 0.302812
v -1.016787 -0.277902 0.306338
v -1.003113 -0.286851 0.195567
v -1.000358 -0.281850 0.196471
v -0.997873 -0.277339 0.199093
v -0.995901 -0.273759 0.203177
v -0.994634 -0.271461 0.208324
v -0.994198 -0.270669 0.214029
v -0.994198 -0.270669 0.287876
v -0.994634 -0.271461 0.293581
v -0.995901 -0.273759 0.298728
v -0.997873 -0.277339 0.302812
v -1.000358 -0.281850 0.305435
v -1.003113 -0.286851 0.306338
v -0.988786 -0.293338 0.195567
v -0.986864 -0.287962 0.196471
v -0.985130 -0.283111 0.199093
v -0.983754 -0.279262 0.203177
v -0.982870 -0.276791 0.208324
v -0.982565 -0.275939 0.214029
v -0.982565 -0.275939 0.287876
v -0.982870 -0.276791 0.293581
v -0.983754 -0.279262 0.298728
v -0.985130 -0.283111 0.302812
v -0.986864 -0.287962 0.305435
v -0.988786 -0.293338 0.306338
v -0.973920 -0.297287 0.195567
v -0.972933 -0.291663 0.196471
v -0.972042 -0.286589 0.199093
v -0.971335 -0.282563 0.203177
v -0.970881 -0.279977 0.208324
v -0.970724 -0.279087 0.214029
v -0.970724 -0.279087 0.287876
v -0.970881 -0.279977 0.293581
v -0.971335 -0.282563 0.298728
v -0.972042 -0.286589 0.302812
v -0.972933 -0.291663 0.305435
v -0.973920 -0.297287 0.306338
v -0.958632 -0.298620 0.195567
v -0.958659 -0.292909 0.196471
v -0.958684 -0.287756 0.199093
v -0.958704 -0.283667 0.203177
v -0.958717 -0.281042 0.208324
v -0.958721 -0.280137 0.214029
v -0.958721 -0.280137 0.287876
v -0.958717 -0.281042 0.293581
v -0.958704 -0.283667 0.298728
v -0.958684 -0.287756 0.302812
v -0.958659 -0.292909 0.305435
v -0.958632 -0.298620 0.306338
v -0.950255 -0.298174 0.195567
v -0.951894 -0.283305 0.203177
v -0.952182 -0.280694 0.208324
v -0.952281 -0.279794 0.214029
v -0.952281 -0.279794 0.287876
v -0.952182 -0.280694 0.293581
v -0.951894 -0.283305 0.298728
v -0.950255 -0.298174 0.306338
v -0.942657 -0.296898 0.195567
v -0.943941 -0.291329 0.196471
v -0.945099 -0.286305 0.199093
v -0.946018 -0.282318 0.203177
v -0.946608 -0.279758 0.208324
v -0.946812 -0.278876 0.214029
v -0.946812 -0.278876 0.287876
v -0.946608 -0.279758 0.293581
v -0.946018 -0.282318 0.298728
v -0.945099 -0.286305 0.302812
v -0.943941 -0.291329 0.305435
v -0.942657 -0.296898 0.306338
v -0.935828 -0.294885 0.195567
v -0.939554 -0.284670 0.199093
v -0.940956 -0.280825 0.203177
v -0.941857 -0.278357 0.208324
v -0.942167 -0.277506 0.214029
v -0.942167 -0.277506 0.287876
v -0.941857 -0.278357 0.293581
v -0.940956 -0.280825 0.298728
v -0.939554 -0.284670 0.302812
v -0.935828 -0.294885 0.306338
v -0.929759 -0.292227 0.195567
v -0.932388 -0.287150 0.196471
v -0.934760 -0.282570 0.199093
v -0.936642 -0.278936 0.203177
v -0.937850 -0.276602 0.208324
v -0.938267 -0.275798 0.214029
v -0.938267 -0.275798 0.287876
v -0.937850 -0.276602 0.293581
v -0.936642 -0.278936 0.298728
v -0.934760 -0.282570 0.302812
v -0.932388 -0.287150 0.305435
v -0.929759 -0.292227 0.306338
v -0.924441 -0.289018 0.195567
v -0.930662 -0.280098 0.199093
v -0.933004 -0.276741 0.203177
v -0.934508 -0.274586 0.208324
v -0.935026 -0.273843 0.214029
v -0.935026 -0.273843 0.287876
v -0.934508 -0.274586 0.293581
v -0.933004 -0.276741 0.298728
v -0.930662 -0.280098 0.302812
v -0.924441 -0.289018 0.306338
v -0.919862 -0.285351 0.195567
v -0.923726 -0.281137 0.196471
v -0.927212 -0.277335 0.199093
v -0.929978 -0.274318 0.203177
v -0.931755 -0.272381 0.208324
v -0.932367 -0.271713 0.214029
v -0.932367 -0.271713 0.287876
v -0.931755 -0.272381 0.293581
v -0.929978 -0.274318 0.298728
v -0.927212 -0.277335 0.302812
v -0.923726 -0.281137 0.305435
v -0.919862 -0.285351 0.306338
v -0.916014 -0.281318 0.195567
v -0.924367 -0.274353 0.199093
v -0.927511 -0.271732 0.203177
v -0.929529 -0.270048 0.208324
v -0.930225 -0.269469 0.214029
v -0.930225 -0.269469 0.287876
v -0.929529 -0.270048 0.293581
v -0.927511 -0.271732 0.298728
v -0.924367 -0.274353 0.302812
v -0.916014 -0.281318 0.306338
v -0.912887 -0.277013 0.195567
v -0.917729 -0.273971 0.196471
v -0.922096 -0.271226 0.199093
v -0.925562 -0.269048 0.203177
v -0.927787 -0.267650 0.208324
v -0.928554 -0.267168 0.214029
v -0.928554 -0.267168 0.287876
v -0.927787 -0.267650 0.293581
v -0.925562 -0.269048 0.298728
v -0.922096 -0.271226 0.302812
v -0.917729 -0.273971 0.305435
v -0.912887 -0.277013 0.306338
v -0.910472 -0.272529 0.195567
v -0.920375 -0.268031 0.199093
v -0.924103 -0.266338 0.203177
v -0.926496 -0.265252 0.208324
v -0.927320 -0.264877 0.214029
v -0.927320 -0.264877 0.287876
v -0.926496 -0.265252 0.293581
v -0.924103 -0.266338 0.298728
v -0.920375 -0.268031 0.302812
v -0.910472 -0.272529 0.306338
v -0.908759 -0.267958 0.195567
v -0.914240 -0.266326 0.196471
v -0.919185 -0.264854 0.199093
v -0.923109 -0.263686 0.203177
v -0.925628 -0.262936 0.208324
v -0.926496 -0.262678 0.214029
v -0.926496 -0.262678 0.287876
v -0.925628 -0.262936 0.293581
v -0.923109 -0.263686 0.298728
v -0.919185 -0.264854 0.302812
v -0.914240 -0.266326 0.305435
v -0.908759 -0.267958 0.306338
v -0.907738 -0.263393 0.195567
v -0.918500 -0.261791 0.199093
v -0.922550 -0.261188 0.203177
v -0.925151 -0.260800 0.208324
v -0.926047 -0.260667 0.214029
v -0.926047 -0.260667 0.287876
v -0.925151 -0.260800 0.293581
v -0.922550 -0.261188 0.298728
v -0.918500 -0.261791 0.302812
v -0.907738 -0.263393 0.306338
v -0.907400 -0.258927 0.195567
v -0.913143 -0.259213 0.196471
v -0.918324 -0.259471 0.199093
v -0.922436 -0.259676 0.203177
v -0.925075 -0.259807 0.208324
v -0.925985 -0.259853 0.214029
v -0.925985 -0.259853 0.287876
v -0.925075 -0.259807 0.293581
v -0.922436 -0.259676 0.298728
v -0.918324 -0.259471 0.302812
v -0.913143 -0.259213 0.305435
v -0.907400 -0.258927 0.306338
v -0.910079 -0.243781 0.195567
v -0.915529 -0.245727 0.196471
v -0.920445 -0.247482 0.199093
v -0.924346 -0.248875 0.203177
v -0.926851 -0.249769 0.208324
v -0.927714 -0.250077 0.214029
v -0.927714 -0.250077 0.287876
v -0.926851 -0.249769 0.293581
v -0.924346 -0.248875 0.298728
v -0.920445 -0.247482 0.302812
v -0.915529 -0.245727 0.305435
v -0.910079 -0.243781 0.306338
v -0.917486 -0.230564 0.195567
v -0.922113 -0.233977 0.196471
v -0.926287 -0.237057 0.199093
v -0.929599 -0.239500 0.203177
v -0.931726 -0.241069 0.208324
v -0.932459 -0.241610 0.214029
v -0.932459 -0.241610 0.287876
v -0.931726 -0.241069 0.293581
v -0.929599 -0.239500 0.298728
v -0.926287 -0.237057 0.302812
v -0.922113 -0.233977 0.305435
v -0.917486 -0.230564 0.306338
v -0.928675 -0.218802 0.195567
v -0.935956 -0.226892 0.199093
v -0.938697 -0.229937 0.203177
v -0.940457 -0.231892 0.208324
v -0.941063 -0.232565 0.214029
v -0.941063 -0.232565 0.287876
v -0.940457 -0.231892 0.293581
v -0.938697 -0.229937 0.298728
v -0.935956 -0.226892 0.302812
v -0.928675 -0.218802 0.306338
v -1.008257 -0.165216 0.195567
v -1.015164 -0.173610 0.199093
v -1.017763 -0.176770 0.203177
v -1.019432 -0.178798 0.208324
v -1.020008 -0.179497 0.214029
v -1.020008 -0.179497 0.287876
v -1.019432 -0.178798 0.293581
v -1.017763 -0.176770 0.298728
v -1.015164 -0.173610 0.302812
v -1.008257 -0.165216 0.306338
v -1.022282 -0.152224 0.195567
v -1.026533 -0.156063 0.196471
v -1.030367 -0.159526 0.199093
v -1.033411 -0.162274 0.203177
v -1.035365 -0.164039 0.208324
v -1.036038 -0.164647 0.214029
v -1.036038 -0.164647 0.287876
v -1.035365 -0.164039 0.293581
v -1.033411 -0.162274 0.298728
v -1.030367 -0.159526 0.302812
v -1.026533 -0.156063 0.305435
v -1.022282 -0.152224 0.306338
v -1.033471 -0.137366 0.195567
v -1.038440 -0.140251 0.196471
v -1.042922 -0.142854 0.199093
v -1.046480 -0.144919 0.203177
v -1.048764 -0.146245 0.208324
v -1.049551 -0.146702 0.214029
v -1.049551 -0.146702 0.287876
v -1.048764 -0.146245 0.293581
v -1.046480 -0.144919 0.298728
v -1.042922 -0.142854 0.302812
v -1.038440 -0.140251 0.305435
v -1.033471 -0.137366 0.306338
v -1.040877 -0.120168 0.195567
v -1.046428 -0.121703 0.196471
v -1.051435 -0.123088 0.199093
v -1.055408 -0.124187 0.203177
v -1.057960 -0.124893 0.208324
v -1.058839 -0.125136 0.214029
v -1.058839 -0.125136 0.287876
v -1.057960 -0.124893 0.293581
v -1.055408 -0.124187 0.298728
v -1.051435 -0.123088 0.302812
v -1.046428 -0.121703 0.305435
v -1.040877 -0.120168 0.306338
v -1.043556 -0.100156 0.195567
v -1.049285 -0.100358 0.196471
v -1.054453 -0.100540 0.199093
v -1.058555 -0.100684 0.203177
v -1.061188 -0.100777 0.208324
v -1.062095 -0.100809 0.214029
v -1.062095 -0.100809 0.287876
v -1.061188 -0.100777 0.293581
v -1.058555 -0.100684 0.298728
v -1.054453 -0.100540 0.302812
v -1.049285 -0.100358 0.305435
v -1.043556 -0.100156 0.306338
v -1.042778 -0.087741 0.195567
v -1.053563 -0.086343 0.199093
v -1.057623 -0.085817 0.203177
v -1.060229 -0.085479 0.208324
v -1.061127 -0.085362 0.214029
v -1.061127 -0.085362 0.287876
v -1.060229 -0.085479 0.293581
v -1.057623 -0.085817 0.298728
v -1.053563 -0.086343 0.302812
v -1.042778 -0.087741 0.306338
v -1.040486 -0.076144 0.195567
v -1.046004 -0.074644 0.196471
v -1.050983 -0.073290 0.199093
v -1.054934 -0.072216 0.203177
v -1.057471 -0.071526 0.208324
v -1.058345 -0.071288 0.214029
v -1.058345 -0.071288 0.287876
v -1.057471 -0.071526 0.293581
v -1.054934 -0.072216 0.298728
v -1.050983 -0.073290 0.302812
v -1.046004 -0.074644 0.305435
v -1.040486 -0.076144 0.306338
v -1.036741 -0.065417 0.195567
v -1.046724 -0.061090 0.199093
v -1.050482 -0.059461 0.203177
v -1.052894 -0.058415 0.208324
v -1.053726 -0.058055 0.214029
v -1.053726 -0.058055 0.287876
v -1.052894 -0.058415 0.293581
v -1.050482 -0.059461 0.298728
v -1.046724 -0.061090 0.302812
v -1.036741 -0.065417 0.306338
v -1.031607 -0.055608 0.195567
v -1.036465 -0.052585 0.196471
v -1.040846 -0.049859 0.199093
v -1.044324 -0.047695 0.203177
v -1.046556 -0.046306 0.208324
v -1.047326 -0.045827 0.214029
v -1.047326 -0.045827 0.287876
v -1.046556 -0.046306 0.293581
v -1.044324 -0.047695 0.298728
v -1.040846 -0.049859 0.302812
v -1.036465 -0.052585 0.305435
v -1.031607 -0.055608 0.306338
v -1.025146 -0.046767 0.195567
v -1.029503 -0.043059 0.196471
v -1.033433 -0.039714 0.199093
v -1.036552 -0.037060 0.203177
v -1.038555 -0.035356 0.208324
v -1.039245 -0.034769 0.214029
v -1.039245 -0.034769 0.287876
v -1.038555 -0.035356 0.293582
v -1.036552 -0.037060 0.298728
v -1.033433 -0.039714 0.302812
v -1.029503 -0.043059 0.305435
v -1.025146 -0.046767 0.306338
v -1.017421 -0.038943 0.195567
v -1.024593 -0.030762 0.199093
v -1.027293 -0.027683 0.203177
v -1.029026 -0.025706 0.208324
v -1.029623 -0.025025 0.214029
v -1.029623 -0.025025 0.287876
v -1.029026 -0.025706 0.293582
v -1.027293 -0.027683 0.298728
v -1.024593 -0.030762 0.302812
v -1.017421 -0.038943 0.306338
v -1.008494 -0.032187 0.195567
v -1.011624 -0.027401 0.196471
v -1.014448 -0.023084 0.199093
v -1.016689 -0.019658 0.203177
v -1.018128 -0.017458 0.208324
v -1.018624 -0.016700 0.214029
v -1.018624 -0.016700 0.287876
v -1.018128 -0.017458 0.293582
v -1.016689 -0.019658 0.298728
v -1.014448 -0.023084 0.302812
v -1.011624 -0.027401 0.305435
v -1.008494 -0.032187 0.306338
v -0.998427 -0.026547 0.195567
v -1.003119 -0.016738 0.199093
v -1.004886 -0.013045 0.203177
v -1.006019 -0.010675 0.208324
v -1.006410 -0.009858 0.214029
v -1.006410 -0.009858 0.287876
v -1.006019 -0.010675 0.293582
v -1.004886 -0.013045 0.298728
v -1.003119 -0.016738 0.302812
v -0.998427 -0.026547 0.306338
v -0.987284 -0.022075 0.195567
v -0.989091 -0.016653 0.196471
v -0.990721 -0.011761 0.199093
v -0.992014 -0.007880 0.203177
v -0.992845 -0.005387 0.208324
v -0.993131 -0.004528 0.214029
v -0.993131 -0.004528 0.287876
v -0.992845 -0.005387 0.293582
v -0.992014 -0.007880 0.298728
v -0.990721 -0.011761 0.302812
v -0.989091 -0.016653 0.305435
v -0.987284 -0.022075 0.306338
v -0.975126 -0.018819 0.195567
v -0.978188 -0.004176 0.203177
v -0.978725 -0.001606 0.208324
v -0.978911 -0.000720 0.214029
v -0.978911 -0.000720 0.287876
v -0.978725 -0.001606 0.293582
v -0.978188 -0.004176 0.298728
v -0.975126 -0.018819 0.306338
v -0.962016 -0.016829 0.195567
v -0.962582 -0.011144 0.196471
v -0.963094 -0.006016 0.199093
v -0.963500 -0.001947 0.203177
v -0.963760 0.000666 0.208324
v -0.963850 0.001566 0.214029
v -0.963850 0.001566 0.287876
v -0.963760 0.000666 0.293582
v -0.963500 -0.001947 0.298728
v -0.963094 -0.006016 0.302812
v -0.962582 -0.011144 0.305435
v -0.962016 -0.016829 0.306338
v -0.948016 -0.016154 0.195567
v -0.948184 -0.001209 0.203177
v -0.948214 0.001415 0.208324
v -0.948224 0.002319 0.214029
v -0.948224 0.002319 0.287876
v -0.948214 0.001415 0.293582
v -0.948184 -0.001209 0.298728
v -0.948016 -0.016154 0.306338
v -0.936025 -0.016770 0.195567
v -0.935441 -0.011093 0.196471
v -0.934915 -0.005971 0.199093
v -0.934497 -0.001907 0.203177
v -0.934229 0.000702 0.208324
v -0.934137 0.001602 0.214029
v -0.934137 0.001602 0.287876
v -0.934229 0.000702 0.293582
v -0.934497 -0.001907 0.298728
v -0.934915 -0.005971 0.302812
v -0.935441 -0.011093 0.305435
v -0.936025 -0.016770 0.306338
v -0.924084 -0.018616 0.195567
v -0.921058 -0.003985 0.203177
v -0.920526 -0.001416 0.208324
v -0.920343 -0.000531 0.214029
v -0.920343 -0.000531 0.287876
v -0.920526 -0.001416 0.293582
v -0.921058 -0.003985 0.298728
v -0.924084 -0.018616 0.306338
v -0.912246 -0.021693 0.195567
v -0.910538 -0.016247 0.196471
v -0.908998 -0.011335 0.199093
v -0.907775 -0.007437 0.203177
v -0.906990 -0.004934 0.208324
v -0.906719 -0.004072 0.214029
v -0.906719 -0.004072 0.287876
v -0.906990 -0.004934 0.293582
v -0.907775 -0.007437 0.298728
v -0.908998 -0.011335 0.302812
v -0.910538 -0.016247 0.305435
v -0.912246 -0.021693 0.306338
v -0.900562 -0.026000 0.195567
v -0.893697 -0.009835 0.208324
v -0.893344 -0.009003 0.214029
v -0.893344 -0.009003 0.287876
v -0.893697 -0.009835 0.293582
v -0.900562 -0.026000 0.306338
v -0.889084 -0.031539 0.195567
v -0.883914 -0.021995 0.199093
v -0.881968 -0.018402 0.203177
v -0.880719 -0.016096 0.208324
v -0.880288 -0.015301 0.214029
v -0.880288 -0.015301 0.287876
v -0.880719 -0.016096 0.293582
v -0.881968 -0.018402 0.298728
v -0.883914 -0.021995 0.302812
v -0.889084 -0.031539 0.306338
v -0.877861 -0.038308 0.195567
v -0.872156 -0.035172 0.196471
v -0.867010 -0.032343 0.199093
v -0.862925 -0.030097 0.203177
v -0.860303 -0.028655 0.208324
v -0.859399 -0.028159 0.214029
v -0.859399 -0.028159 0.287876
v -0.860303 -0.028655 0.293582
v -0.862925 -0.030097 0.298728
v -0.867010 -0.032343 0.302812
v -0.872156 -0.035172 0.305435
v -0.877861 -0.038308 0.306338
v -0.877861 -0.089540 0.195567
v -0.872156 -0.102312 0.196471
v -0.867010 -0.113834 0.199093
v -0.862925 -0.122978 0.203177
v -0.860303 -0.128848 0.208324
v -0.859399 -0.130871 0.214029
v -0.859399 -0.130871 0.287876
v -0.860303 -0.128848 0.293581
v -0.862925 -0.122978 0.298728
v -0.867010 -0.113834 0.302812
v -0.872156 -0.102312 0.305435
v -0.877861 -0.089540 0.306338
v -0.703595 -0.021136 0.195567
v -0.702993 -0.015454 0.196471
v -0.702450 -0.010328 0.199093
v -0.702019 -0.006261 0.203177
v -0.701743 -0.003649 0.208324
v -0.701647 -0.002749 0.214029
v -0.701647 -0.002749 0.287876
v -0.701743 -0.003649 0.293582
v -0.702019 -0.006261 0.298728
v -0.702450 -0.010328 0.302812
v -0.702993 -0.015454 0.305435
v -0.703595 -0.021136 0.306338
v -0.688715 -0.023547 0.195567
v -0.685423 -0.008950 0.203177
v -0.684845 -0.006387 0.208324
v -0.684646 -0.005504 0.214029
v -0.684646 -0.005504 0.287876
v -0.684845 -0.006387 0.293582
v -0.685423 -0.008950 0.298728
v -0.688715 -0.023547 0.306338
v -0.675350 -0.027433 0.195567
v -0.673391 -0.022062 0.196471
v -0.671624 -0.017216 0.199093
v -0.670221 -0.013370 0.203177
v -0.669320 -0.010901 0.208324
v -0.669010 -0.010050 0.214029
v -0.669010 -0.010050 0.287876
v -0.669320 -0.010901 0.293582
v -0.670221 -0.013370 0.298728
v -0.671624 -0.017216 0.302812
v -0.673391 -0.022062 0.305435
v -0.675350 -0.027433 0.306338
v -0.663481 -0.032684 0.195567
v -0.658381 -0.023075 0.199093
v -0.656461 -0.019458 0.203177
v -0.655229 -0.017135 0.208324
v -0.654804 -0.016335 0.214029
v -0.654804 -0.016335 0.287876
v -0.655229 -0.017136 0.293582
v -0.656461 -0.019458 0.298728
v -0.658381 -0.023075 0.302812
v -0.663481 -0.032684 0.306338
v -0.653087 -0.039192 0.195567
v -0.649699 -0.034582 0.196471
v -0.646643 -0.030423 0.199093
v -0.644218 -0.027123 0.203177
v -0.642661 -0.025004 0.208324
v -0.642124 -0.024273 0.214029
v -0.642124 -0.024273 0.287876
v -0.642661 -0.025004 0.293582
v -0.644218 -0.027123 0.298728
v -0.646643 -0.030423 0.302812
v -0.649699 -0.034582 0.305435
v -0.653087 -0.039192 0.306338
v -0.644145 -0.046847 0.195567
v -0.636467 -0.039135 0.199093
v -0.633577 -0.036233 0.203177
v -0.631722 -0.034369 0.208324
v -0.631082 -0.033727 0.214029
v -0.631082 -0.033727 0.287876
v -0.631722 -0.034369 0.293582
v -0.633577 -0.036233 0.298728
v -0.636467 -0.039135 0.302812
v -0.644145 -0.046847 0.306338
v -0.636637 -0.055540 0.195567
v -0.632044 -0.052131 0.196471
v -0.627900 -0.049055 0.199093
v -0.624611 -0.046614 0.203177
v -0.622500 -0.045047 0.208324
v -0.621772 -0.044507 0.214029
v -0.621772 -0.044507 0.287876
v -0.622500 -0.045047 0.293581
v -0.624611 -0.046614 0.298728
v -0.627900 -0.049055 0.302812
v -0.632044 -0.052131 0.305435
v -0.636637 -0.055540 0.306338
v -0.630541 -0.065163 0.195567
v -0.620963 -0.060005 0.199093
v -0.617358 -0.058064 0.203177
v -0.615043 -0.056817 0.208324
v -0.614245 -0.056388 0.214029
v -0.614245 -0.056388 0.287876
v -0.615043 -0.056817 0.293581
v -0.617358 -0.058064 0.298728
v -0.620963 -0.060005 0.302812
v -0.630541 -0.065163 0.306338
v -0.625835 -0.075607 0.195567
v -0.620478 -0.073609 0.196471
v -0.615645 -0.071807 0.199093
v -0.611810 -0.070377 0.203177
v -0.609347 -0.069459 0.208324
v -0.608499 -0.069142 0.214029
v -0.608499 -0.069142 0.287876
v -0.609347 -0.069459 0.293581
v -0.611810 -0.070377 0.298728
v -0.615645 -0.071807 0.302812
v -0.620478 -0.073609 0.305435
v -0.625835 -0.075607 0.306338
v -0.622500 -0.086762 0.195567
v -0.607926 -0.083366 0.203177
v -0.605367 -0.082770 0.208324
v -0.604486 -0.082565 0.214029
v -0.604486 -0.082565 0.287876
v -0.605367 -0.082770 0.293581
v -0.607926 -0.083366 0.298728
v -0.622500 -0.086762 0.306338
v -0.620514 -0.098520 0.195567
v -0.614835 -0.097890 0.196471
v -0.609711 -0.097322 0.199093
v -0.605645 -0.096871 0.203177
v -0.603035 -0.096581 0.208324
v -0.602135 -0.096481 0.214029
v -0.602135 -0.096481 0.287876
v -0.603035 -0.096581 0.293581
v -0.605645 -0.096871 0.298728
v -0.609711 -0.097322 0.302812
v -0.614835 -0.097890 0.305435
v -0.620514 -0.098520 0.306338
v -0.619857 -0.110771 0.195567
v -0.604898 -0.110800 0.203177
v -0.602271 -0.110805 0.208324
v -0.601366 -0.110806 0.214029
v -0.601366 -0.110806 0.287876
v -0.602271 -0.110805 0.293581
v -0.604898 -0.110800 0.298728
v -0.619857 -0.110771 0.306338
v -0.620553 -0.122880 0.195567
v -0.614877 -0.123556 0.196471
v -0.609757 -0.124167 0.199093
v -0.605694 -0.124651 0.203177
v -0.603085 -0.124962 0.208324
v -0.602186 -0.125069 0.214029
v -0.602186 -0.125069 0.287876
v -0.603085 -0.124962 0.293581
v -0.605694 -0.124651 0.298728
v -0.609757 -0.124167 0.302812
v -0.614877 -0.123556 0.305435
v -0.620553 -0.122880 0.306338
v -0.622656 -0.134449 0.195567
v -0.612108 -0.137099 0.199093
v -0.608138 -0.138097 0.203177
v -0.605590 -0.138738 0.208324
v -0.604711 -0.138958 0.214029
v -0.604711 -0.138958 0.287876
v -0.605590 -0.138738 0.293581
v -0.608138 -0.138097 0.298728
v -0.612108 -0.137099 0.302812
v -0.622656 -0.134449 0.306338
v -0.626189 -0.145380 0.195567
v -0.620885 -0.147521 0.196471
v -0.616100 -0.149452 0.199093
v -0.612303 -0.150985 0.203177
v -0.609866 -0.151969 0.208324
v -0.609026 -0.152308 0.214029
v -0.609026 -0.152308 0.287876
v -0.609866 -0.151969 0.293581
v -0.612303 -0.150985 0.298728
v -0.616100 -0.149452 0.302812
v -0.620885 -0.147521 0.305435
v -0.626189 -0.145380 0.306338
v -0.631173 -0.155575 0.195567
v -0.621781 -0.161070 0.199093
v -0.618245 -0.163138 0.203177
v -0.615975 -0.164466 0.208324
v -0.615193 -0.164924 0.214029
v -0.615193 -0.164924 0.287876
v -0.615975 -0.164466 0.293581
v -0.618245 -0.163138 0.298728
v -0.621781 -0.161070 0.302812
v -0.631173 -0.155575 0.306338
v -0.637632 -0.164937 0.195567
v -0.633184 -0.168536 0.196471
v -0.629171 -0.171782 0.199093
v -0.625986 -0.174358 0.203177
v -0.623941 -0.176012 0.208324
v -0.623237 -0.176582 0.214029
v -0.623237 -0.176582 0.287876
v -0.623941 -0.176012 0.293581
v -0.625986 -0.174358 0.298728
v -0.629171 -0.171782 0.302812
v -0.633184 -0.168536 0.305435
v -0.637632 -0.164937 0.306338
v -0.645588 -0.173368 0.195567
v -0.638260 -0.181414 0.199093
v -0.635501 -0.184442 0.203177
v -0.633730 -0.186386 0.208324
v -0.633120 -0.187056 0.214029
v -0.633120 -0.187056 0.287876
v -0.633730 -0.186386 0.293581
v -0.635501 -0.184442 0.298728
v -0.638260 -0.181414 0.302812
v -0.645588 -0.173368 0.306338
v -0.655063 -0.180770 0.195567
v -0.651878 -0.185522 0.196471
v -0.649005 -0.189808 0.199093
v -0.646725 -0.193210 0.203177
v -0.645261 -0.195394 0.208324
v -0.644757 -0.196147 0.214029
v -0.644757 -0.196147 0.287876
v -0.645261 -0.195394 0.293581
v -0.646725 -0.193210 0.298728
v -0.649005 -0.189808 0.302812
v -0.651878 -0.185522 0.305435
v -0.655063 -0.180770 0.306338
v -0.666080 -0.187046 0.195567
v -0.661351 -0.196841 0.199093
v -0.659571 -0.200527 0.203177
v -0.658428 -0.202894 0.208324
v -0.658034 -0.203710 0.214029
v -0.658034 -0.203710 0.287876
v -0.658428 -0.202894 0.293581
v -0.659571 -0.200527 0.298728
v -0.661351 -0.196841 0.302812
v -0.666080 -0.187046 0.306338
v -0.678661 -0.192097 0.195567
v -0.676865 -0.197524 0.196471
v -0.675245 -0.202419 0.199093
v -0.673959 -0.206304 0.203177
v -0.673134 -0.208799 0.208324
v -0.672849 -0.209658 0.214029
v -0.672849 -0.209658 0.287876
v -0.673134 -0.208799 0.293581
v -0.673959 -0.206304 0.298728
v -0.675245 -0.202419 0.302812
v -0.676865 -0.197524 0.305435
v -0.678661 -0.192097 0.306338
v -0.692828 -0.195826 0.195567
v -0.689836 -0.210483 0.203177
v -0.689311 -0.213057 0.208324
v -0.689130 -0.213943 0.214029
v -0.689130 -0.213943 0.287876
v -0.689311 -0.213057 0.293581
v -0.689836 -0.210483 0.298728
v -0.692828 -0.195826 0.306338
v -0.708604 -0.198135 0.195567
v -0.707570 -0.208951 0.199093
v -0.707180 -0.213022 0.203177
v -0.706930 -0.215635 0.208324
v -0.706844 -0.216536 0.214029
v -0.706844 -0.216536 0.287876
v -0.706930 -0.215635 0.293581
v -0.707180 -0.213022 0.298728
v -0.707570 -0.208951 0.302812
v -0.708604 -0.198135 0.306338
v -0.773090 -0.198926 0.195567
v -0.767385 -0.204631 0.196471
v -0.762239 -0.209778 0.199093
v -0.758154 -0.213862 0.203177
v -0.755532 -0.216485 0.208324
v -0.754628 -0.217388 0.214029
v -0.754628 -0.217388 0.287876
v -0.755532 -0.216485 0.293581
v -0.758154 -0.213862 0.298728
v -0.762239 -0.209778 0.302812
v -0.767385 -0.204631 0.305435
v -0.773090 -0.198926 0.306338
v -0.773090 -0.335083 0.195567
v -0.767385 -0.340788 0.196471
v -0.762239 -0.345934 0.199093
v -0.758154 -0.350019 0.203177
v -0.755532 -0.352641 0.208324
v -0.754628 -0.353544 0.214029
v -0.754628 -0.353544 0.287876
v -0.755532 -0.352641 0.293581
v -0.758154 -0.350019 0.298728
v -0.762239 -0.345934 0.302812
v -0.767385 -0.340788 0.305435
v -0.773090 -0.335083 0.306338
v -0.818322 -0.335083 0.195567
v -0.824027 -0.340788 0.196471
v -0.829173 -0.345934 0.199093
v -0.833258 -0.350019 0.203177
v -0.835880 -0.352641 0.208324
v -0.836783 -0.353544 0.214029
v -0.836783 -0.353544 0.287876
v -0.835880 -0.352641 0.293581
v -0.833258 -0.350019 0.298728
v -0.829173 -0.345934 0.302812
v -0.824027 -0.340788 0.305435
v -0.818322 -0.335083 0.306338
v -0.818322 -0.020308 0.195567
v -0.824027 -0.014603 0.196471
v -0.829173 -0.009456 0.199093
v -0.833258 -0.005372 0.203177
v -0.835880 -0.002750 0.208324
v -0.836783 -0.001846 0.214029
v -0.836783 -0.001846 0.287876
v -0.835880 -0.002750 0.293582
v -0.833258 -0.005372 0.298728
v -0.829173 -0.009456 0.302812
v -0.824027 -0.014603 0.305435
v -0.818322 -0.020308 0.306338
v -0.713691 -0.157938 0.195567
v -0.714719 -0.147122 0.199093
v -0.715105 -0.143051 0.203177
v -0.715354 -0.140437 0.208324
v -0.715439 -0.139537 0.214029
v -0.715439 -0.139537 0.287876
v -0.715354 -0.140437 0.293581
v -0.715105 -0.143051 0.298728
v -0.714719 -0.147122 0.302812
v -0.713691 -0.157938 0.306338
v -0.706057 -0.156832 0.195567
v -0.709003 -0.142167 0.203177
v -0.709521 -0.139592 0.208324
v -0.709699 -0.138705 0.214029
v -0.709699 -0.138705 0.287876
v -0.709521 -0.139592 0.293581
v -0.709003 -0.142167 0.298728
v -0.706057 -0.156832 0.306338
v -0.698990 -0.155007 0.195567
v -0.700748 -0.149569 0.196471
v -0.702333 -0.144663 0.199093
v -0.703591 -0.140770 0.203177
v -0.704399 -0.138270 0.208324
v -0.704677 -0.137408 0.214029
v -0.704677 -0.137408 0.287876
v -0.704399 -0.138270 0.293581
v -0.703591 -0.140770 0.298728
v -0.702333 -0.144663 0.302812
v -0.700748 -0.149569 0.305435
v -0.698990 -0.155007 0.306338
v -0.692525 -0.152481 0.195567
v -0.697137 -0.142633 0.199093
v -0.698873 -0.138926 0.203177
v -0.699987 -0.136546 0.208324
v -0.700372 -0.135726 0.214029
v -0.700372 -0.135726 0.287876
v -0.699987 -0.136546 0.293581
v -0.698873 -0.138926 0.298728
v -0.697137 -0.142633 0.302812
v -0.692525 -0.152481 0.306338
v -0.686694 -0.149269 0.195567
v -0.689800 -0.144467 0.196471
v -0.692602 -0.140135 0.199093
v -0.694825 -0.136697 0.203177
v -0.696253 -0.134489 0.208324
v -0.696745 -0.133729 0.214029
v -0.696745 -0.133729 0.287876
v -0.696253 -0.134489 0.293581
v -0.694825 -0.136697 0.298728
v -0.692602 -0.140135 0.302812
v -0.689800 -0.144467 0.305435
v -0.686694 -0.149269 0.306338
v -0.681531 -0.145387 0.195567
v -0.688700 -0.137201 0.199093
v -0.691398 -0.134119 0.203177
v -0.693131 -0.132141 0.208324
v -0.693727 -0.131459 0.214029
v -0.693727 -0.131459 0.287876
v -0.693131 -0.132141 0.293581
v -0.691398 -0.134119 0.298728
v -0.688700 -0.137201 0.302812
v -0.681531 -0.145387 0.306338
v -0.677070 -0.140851 0.195567
v -0.681444 -0.137163 0.196471
v -0.685390 -0.133835 0.199093
v -0.688522 -0.131195 0.203177
v -0.690533 -0.129499 0.208324
v -0.691225 -0.128915 0.214029
v -0.691225 -0.128915 0.287876
v -0.690533 -0.129499 0.293581
v -0.688522 -0.131195 0.298728
v -0.685390 -0.133835 0.302812
v -0.681444 -0.137163 0.305435
v -0.677070 -0.140851 0.306338
v -0.673345 -0.135678 0.195567
v -0.678229 -0.132697 0.196471
v -0.682635 -0.130009 0.199093
v -0.686132 -0.127875 0.203177
v -0.688377 -0.126506 0.208324
v -0.689151 -0.126034 0.214029
v -0.689151 -0.126034 0.287876
v -0.688377 -0.126506 0.293581
v -0.686132 -0.127875 0.298728
v -0.682635 -0.130009 0.302812
v -0.678229 -0.132697 0.305435
v -0.673345 -0.135678 0.306338
v -0.670389 -0.129882 0.195567
v -0.680419 -0.125664 0.199093
v -0.684194 -0.124077 0.203177
v -0.686618 -0.123057 0.208324
v -0.687453 -0.122706 0.214029
v -0.687453 -0.122706 0.287876
v -0.686618 -0.123057 0.293581
v -0.684194 -0.124077 0.298728
v -0.680419 -0.125664 0.302812
v -0.670389 -0.129882 0.306338
v -0.668236 -0.123481 0.195567
v -0.673769 -0.122037 0.196471
v -0.678761 -0.120734 0.199093
v -0.682722 -0.119700 0.203177
v -0.685266 -0.119036 0.208324
v -0.686142 -0.118807 0.214029
v -0.686142 -0.118807 0.287876
v -0.685266 -0.119036 0.293581
v -0.682722 -0.119700 0.298728
v -0.678761 -0.120734 0.302812
v -0.673769 -0.122037 0.305435
v -0.668236 -0.123481 0.306338
v -0.666919 -0.116490 0.195567
v -0.677711 -0.115161 0.199093
v -0.681773 -0.114660 0.203177
v -0.684381 -0.114339 0.208324
v -0.685280 -0.114229 0.214029
v -0.685280 -0.114229 0.287876
v -0.684381 -0.114339 0.293581
v -0.681773 -0.114660 0.298728
v -0.677711 -0.115161 0.302812
v -0.666919 -0.116490 0.306338
v -0.666473 -0.108925 0.195567
v -0.672186 -0.108889 0.196471
v -0.677339 -0.108857 0.199093
v -0.681429 -0.108831 0.203177
v -0.684055 -0.108815 0.208324
v -0.684960 -0.108809 0.214029
v -0.684960 -0.108809 0.287876
v -0.684055 -0.108815 0.293581
v -0.681429 -0.108831 0.298728
v -0.677339 -0.108857 0.302812
v -0.672186 -0.108889 0.305435
v -0.666473 -0.108925 0.306338
v -0.666742 -0.103133 0.195567
v -0.681628 -0.104563 0.203177
v -0.684241 -0.104814 0.208324
v -0.685142 -0.104900 0.214029
v -0.685142 -0.104900 0.287876
v -0.684241 -0.104814 0.293581
v -0.681628 -0.104563 0.298728
v -0.666742 -0.103133 0.306338
v -0.667586 -0.097356 0.195567
v -0.673186 -0.098491 0.196471
v -0.678238 -0.099515 0.199093
v -0.682247 -0.100327 0.203177
v -0.684821 -0.100849 0.208324
v -0.685707 -0.101028 0.214029
v -0.685707 -0.101028 0.287876
v -0.684821 -0.100849 0.293581
v -0.682247 -0.100327 0.298728
v -0.678238 -0.099515 0.302812
v -0.673186 -0.098491 0.305435
v -0.667586 -0.097356 0.306338
v -0.669062 -0.091689 0.195567
v -0.683286 -0.096337 0.203177
v -0.685783 -0.097153 0.208324
v -0.686644 -0.097434 0.214029
v -0.686644 -0.097434 0.287876
v -0.685783 -0.097153 0.293581
v -0.683286 -0.096337 0.298728
v -0.669062 -0.091689 0.306338
v -0.671225 -0.086224 0.195567
v -0.676388 -0.088683 0.196471
v -0.681045 -0.090901 0.199093
v -0.684740 -0.092661 0.203177
v -0.687113 -0.093792 0.208324
v -0.687931 -0.094181 0.214029
v -0.687931 -0.094181 0.287876
v -0.687113 -0.093792 0.293581
v -0.684740 -0.092661 0.298728
v -0.681045 -0.090901 0.302812
v -0.676388 -0.088683 0.305435
v -0.671225 -0.086224 0.306338
v -0.674132 -0.081053 0.195567
v -0.683199 -0.087068 0.199093
v -0.686612 -0.089332 0.203177
v -0.688803 -0.090786 0.208324
v -0.689558 -0.091287 0.214029
v -0.689558 -0.091287 0.287876
v -0.688803 -0.090786 0.293581
v -0.686612 -0.089332 0.298728
v -0.683199 -0.087068 0.302812
v -0.674132 -0.081053 0.306338
v -0.677839 -0.076271 0.195567
v -0.682076 -0.080116 0.196471
v -0.685898 -0.083586 0.199093
v -0.688932 -0.086339 0.203177
v -0.690879 -0.088107 0.208324
v -0.691550 -0.088716 0.214029
v -0.691550 -0.088716 0.287876
v -0.690879 -0.088107 0.293581
v -0.688932 -0.086339 0.298728
v -0.685898 -0.083586 0.302812
v -0.682076 -0.080116 0.305435
v -0.677839 -0.076271 0.306338
v -0.682401 -0.071969 0.195567
v -0.685986 -0.076430 0.196471
v -0.689220 -0.080454 0.199093
v -0.691786 -0.083647 0.203177
v -0.693434 -0.085698 0.208324
v -0.694002 -0.086404 0.214029
v -0.694002 -0.086404 0.287876
v -0.693434 -0.085698 0.293581
v -0.691786 -0.083647 0.298728
v -0.689220 -0.080454 0.302812
v -0.685986 -0.076430 0.305435
v -0.682401 -0.071969 0.306338
v -0.687875 -0.068240 0.195567
v -0.693290 -0.077682 0.199093
v -0.695328 -0.081235 0.203177
v -0.696637 -0.083517 0.208324
v -0.697088 -0.084303 0.214029
v -0.697088 -0.084303 0.287876
v -0.696637 -0.083517 0.293581
v -0.695328 -0.081235 0.298728
v -0.693290 -0.077682 0.302812
v -0.687875 -0.068240 0.306338
v -0.694317 -0.065179 0.195567
v -0.696393 -0.070509 0.196471
v -0.698265 -0.075317 0.199093
v -0.699751 -0.079133 0.203177
v -0.700705 -0.081583 0.208324
v -0.701034 -0.082428 0.214029
v -0.701034 -0.082428 0.287876
v -0.700705 -0.081583 0.293581
v -0.699751 -0.079133 0.298728
v -0.698265 -0.075317 0.302812
v -0.696393 -0.070509 0.305435
v -0.694317 -0.065179 0.306338
v -0.701783 -0.062877 0.195567
v -0.704300 -0.073457 0.199093
v -0.705247 -0.077439 0.203177
v -0.705855 -0.079996 0.208324
v -0.706065 -0.080877 0.214029
v -0.706065 -0.080877 0.287876
v -0.705855 -0.079996 0.293581
v -0.705247 -0.077439 0.298728
v -0.704300 -0.073457 0.302812
v -0.701783 -0.062877 0.306338
v -0.710330 -0.061428 0.195567
v -0.710957 -0.067108 0.196471
v -0.711523 -0.072232 0.199093
v -0.711972 -0.076299 0.203177
v -0.712260 -0.078909 0.208324
v -0.712359 -0.079809 0.214029
v -0.712359 -0.079809 0.287876
v -0.712260 -0.078909 0.293581
v -0.711972 -0.076299 0.298728
v -0.711523 -0.072232 0.302812
v -0.710957 -0.067108 0.305435
v -0.710330 -0.061428 0.306338
v -0.773090 -0.060924 0.195567
v -0.767385 -0.066629 0.196471
v -0.762239 -0.071776 0.199093
v -0.758154 -0.075860 0.203177
v -0.755532 -0.078482 0.208324
v -0.754628 -0.079386 0.214029
v -0.754628 -0.079386 0.287876
v -0.755532 -0.078482 0.293581
v -0.758154 -0.075860 0.298728
v -0.762239 -0.071776 0.302812
v -0.767385 -0.066629 0.305435
v -0.773090 -0.060924 0.306338
v -0.773090 -0.158310 0.195567
v -0.767385 -0.152605 0.196471
v -0.762239 -0.147459 0.199093
v -0.758154 -0.143374 0.203177
v -0.755532 -0.140752 0.208324
v -0.754628 -0.139849 0.214029
v -0.754628 -0.139849 0.287876
v -0.755532 -0.140752 0.293581
v -0.758154 -0.143374 0.298728
v -0.762239 -0.147459 0.302812
v -0.767385 -0.152605 0.305435
v -0.773090 -0.158310 0.306338
v -0.353544 -0.335083 0.195567
v -0.357224 -0.340788 0.196471
v -0.360543 -0.345934 0.199093
v -0.363178 -0.350019 0.203177
v -0.364869 -0.352641 0.208324
v -0.365452 -0.353544 0.214029
v -0.365452 -0.353544 0.287876
v -0.364869 -0.352641 0.293581
v -0.363178 -0.350019 0.298728
v -0.360543 -0.345934 0.302812
v -0.357224 -0.340788 0.305435
v -0.353544 -0.335083 0.306338
v -0.395545 -0.242312 0.195567
v -0.399225 -0.248017 0.196471
v -0.402544 -0.253163 0.199093
v -0.405178 -0.257248 0.203177
v -0.406870 -0.259870 0.208324
v -0.407453 -0.260774 0.214029
v -0.407453 -0.260774 0.287876
v -0.406870 -0.259870 0.293581
v -0.405178 -0.257248 0.298728
v -0.402544 -0.253163 0.302812
v -0.399225 -0.248017 0.305435
v -0.395545 -0.242312 0.306338
v -0.529394 -0.242312 0.195567
v -0.525629 -0.248017 0.196471
v -0.522233 -0.253163 0.199093
v -0.519538 -0.257248 0.203177
v -0.517808 -0.259870 0.208324
v -0.517212 -0.260774 0.214029
v -0.517212 -0.260774 0.287876
v -0.517808 -0.259870 0.293581
v -0.519538 -0.257248 0.298728
v -0.522233 -0.253163 0.302812
v -0.525629 -0.248017 0.305435
v -0.529394 -0.242312 0.306338
v -0.569087 -0.335083 0.195567
v -0.565322 -0.340788 0.196471
v -0.561926 -0.345934 0.199093
v -0.559231 -0.350019 0.203177
v -0.557501 -0.352641 0.208324
v -0.556905 -0.353544 0.214029
v -0.556905 -0.353544 0.287876
v -0.557501 -0.352641 0.293581
v -0.559231 -0.350019 0.298728
v -0.561926 -0.345934 0.302812
v -0.565322 -0.340788 0.305435
v -0.569087 -0.335083 0.306338
v -0.615241 -0.335083 0.195567
v -0.623882 -0.340788 0.196471
v -0.631676 -0.345934 0.199093
v -0.637862 -0.350019 0.203177
v -0.641833 -0.352641 0.208324
v -0.643202 -0.353544 0.214029
v -0.643202 -0.353544 0.287876
v -0.641833 -0.352641 0.293581
v -0.637862 -0.350019 0.298728
v -0.631676 -0.345934 0.302812
v -0.623882 -0.340788 0.305435
v -0.615241 -0.335083 0.306338
v -0.480008 -0.018462 0.195567
v -0.483775 -0.012757 0.196471
v -0.487173 -0.007610 0.199093
v -0.489870 -0.003526 0.203177
v -0.491602 -0.000904 0.208324
v -0.492198 0.000000 0.214029
v -0.492198 0.000000 0.287876
v -0.491602 -0.000904 0.293582
v -0.489870 -0.003526 0.298728
v -0.487173 -0.007610 0.302812
v -0.483775 -0.012757 0.305435
v -0.480008 -0.018462 0.306338
v -0.448161 -0.018462 0.195567
v -0.444454 -0.012757 0.196471
v -0.441110 -0.007610 0.199093
v -0.438456 -0.003526 0.203177
v -0.436752 -0.000904 0.208324
v -0.436165 0.000000 0.214029
v -0.436165 0.000000 0.287876
v -0.436752 -0.000904 0.293582
v -0.438456 -0.003526 0.298728
v -0.441110 -0.007610 0.302812
v -0.444454 -0.012757 0.305435
v -0.448161 -0.018462 0.306338
v -0.307390 -0.335083 0.195567
v -0.298610 -0.340788 0.196471
v -0.290689 -0.345934 0.199093
v -0.284404 -0.350019 0.203177
v -0.280368 -0.352641 0.208324
v -0.278977 -0.353544 0.214029
v -0.278977 -0.353544 0.287876
v -0.280368 -0.352641 0.293581
v -0.284404 -0.350019 0.298728
v -0.290689 -0.345934 0.302812
v -0.298610 -0.340788 0.305435
v -0.307390 -0.335083 0.306338
v -0.414007 -0.201696 0.195567
v -0.422793 -0.195991 0.196471
v -0.430719 -0.190844 0.199093
v -0.437009 -0.186760 0.203177
v -0.441047 -0.184137 0.208324
v -0.442439 -0.183234 0.214029
v -0.442439 -0.183234 0.287876
v -0.441047 -0.184137 0.293581
v -0.437009 -0.186760 0.298728
v -0.430719 -0.190844 0.302812
v -0.422793 -0.195991 0.305435
v -0.414007 -0.201696 0.306338
v -0.464777 -0.087694 0.195567
v -0.464579 -0.102161 0.196471
v -0.464401 -0.115213 0.199093
v -0.464259 -0.125570 0.203177
v -0.464168 -0.132220 0.208324
v -0.464137 -0.134512 0.214029
v -0.464137 -0.134512 0.287876
v -0.464168 -0.132220 0.293581
v -0.464259 -0.125570 0.298728
v -0.464401 -0.115213 0.302812
v -0.464579 -0.102161 0.305435
v -0.464777 -0.087694 0.306338
v -0.511855 -0.201696 0.195567
v -0.503327 -0.195991 0.196471
v -0.495633 -0.190844 0.199093
v -0.489528 -0.186760 0.203177
v -0.485608 -0.184137 0.208324
v -0.484257 -0.183234 0.214029
v -0.484257 -0.183234 0.287876
v -0.485608 -0.184137 0.293581
v -0.489528 -0.186760 0.298728
v -0.495633 -0.190844 0.302812
v -0.503327 -0.195991 0.305435
v -0.511855 -0.201696 0.306338
v -0.031809 -0.096712 0.214029
v -0.031809 -0.096712 0.287876
v -0.040393 -0.092630 0.214029
v -0.040393 -0.092630 0.287876
v -0.041864 -0.071916 0.195567
v -0.045926 -0.081981 0.199093
v -0.047455 -0.085770 0.203177
v -0.048436 -0.088202 0.208324
v -0.048774 -0.089040 0.214029
v -0.048774 -0.089040 0.287876
v -0.048436 -0.088202 0.293581
v -0.047455 -0.085770 0.298728
v -0.045926 -0.081981 0.302812
v -0.041864 -0.071916 0.306338
v -0.059712 -0.065597 0.195567
v -0.064800 -0.082407 0.208324
v -0.065062 -0.083272 0.214029
v -0.065062 -0.083272 0.287876
v -0.064800 -0.082407 0.293581
v -0.059712 -0.065597 0.306338
v -0.077369 -0.061163 0.195567
v -0.078483 -0.066760 0.196471
v -0.079488 -0.071810 0.199093
v -0.080286 -0.075817 0.203177
v -0.080798 -0.078389 0.208324
v -0.080974 -0.079276 0.214029
v -0.080974 -0.079276 0.287876
v -0.080798 -0.078389 0.293581
v -0.080286 -0.075817 0.298728
v -0.079488 -0.071810 0.302812
v -0.078483 -0.066760 0.305435
v -0.077369 -0.061163 0.306338
v -0.095076 -0.058550 0.195567
v -0.096518 -0.073421 0.203177
v -0.096771 -0.076032 0.208324
v -0.096858 -0.076932 0.214029
v -0.096858 -0.076932 0.287876
v -0.096771 -0.076032 0.293581
v -0.096518 -0.073421 0.298728
v -0.095076 -0.058550 0.306338
v -0.113079 -0.057693 0.195567
v -0.112976 -0.063402 0.196471
v -0.112883 -0.068552 0.199093
v -0.112810 -0.072640 0.203177
v -0.112763 -0.075264 0.208324
v -0.112746 -0.076168 0.214029
v -0.112746 -0.076168 0.287876
v -0.112763 -0.075264 0.293581
v -0.112810 -0.072640 0.298728
v -0.112883 -0.068552 0.302812
v -0.112976 -0.063402 0.305435
v -0.113079 -0.057693 0.306338
v -0.130674 -0.058741 0.195567
v -0.128875 -0.073597 0.203177
v -0.128559 -0.076205 0.208324
v -0.128450 -0.077103 0.214029
v -0.128450 -0.077103 0.287876
v -0.128559 -0.076205 0.293581
v -0.128875 -0.073597 0.298728
v -0.130674 -0.058741 0.306338
v -0.147379 -0.061809 0.195567
v -0.145996 -0.067355 0.196471
v -0.144750 -0.072359 0.199093
v -0.143760 -0.076330 0.203177
v -0.143125 -0.078880 0.208324
v -0.142906 -0.079758 0.214029
v -0.142906 -0.079758 0.287876
v -0.143125 -0.078880 0.293581
v -0.143760 -0.076330 0.298728
v -0.144750 -0.072359 0.302812
v -0.145996 -0.067355 0.305435
v -0.147379 -0.061809 0.306338
v -0.163070 -0.066780 0.195567
v -0.159130 -0.076915 0.199093
v -0.157647 -0.080730 0.203177
v -0.156695 -0.083179 0.208324
v -0.156367 -0.084023 0.214029
v -0.156367 -0.084023 0.287876
v -0.156695 -0.083179 0.293581
v -0.157647 -0.080730 0.298728
v -0.159130 -0.076915 0.302812
v -0.163070 -0.066780 0.306338
v -0.177627 -0.073540 0.195567
v -0.174886 -0.078557 0.196471
v -0.172414 -0.083084 0.199093
v -0.170452 -0.086676 0.203177
v -0.169193 -0.088982 0.208324
v -0.168759 -0.089777 0.214029
v -0.168759 -0.089777 0.287876
v -0.169193 -0.088982 0.293581
v -0.170452 -0.086676 0.298728
v -0.172414 -0.083084 0.302812
v -0.174886 -0.078557 0.305435
v -0.177627 -0.073540 0.306338
v -0.190927 -0.081973 0.195567
v -0.184509 -0.090752 0.199093
v -0.182093 -0.094057 0.203177
v -0.180542 -0.096178 0.208324
v -0.180008 -0.096909 0.214029
v -0.180008 -0.096909 0.287876
v -0.180542 -0.096178 0.293581
v -0.182093 -0.094057 0.298728
v -0.184509 -0.090752 0.302812
v -0.190927 -0.081973 0.306338
v -0.202850 -0.091963 0.195567
v -0.198892 -0.096090 0.196471
v -0.195321 -0.099812 0.199093
v -0.192487 -0.102767 0.203177
v -0.190668 -0.104663 0.208324
v -0.190041 -0.105317 0.214029
v -0.190041 -0.105317 0.287876
v -0.190668 -0.104663 0.293581
v -0.192487 -0.102767 0.298728
v -0.195321 -0.099812 0.302812
v -0.198892 -0.096090 0.305435
v -0.202850 -0.091963 0.306338
v -0.213272 -0.103396 0.195567
v -0.204756 -0.110163 0.199093
v -0.201551 -0.112710 0.203177
v -0.199494 -0.114345 0.208324
v -0.198785 -0.114908 0.214029
v -0.198785 -0.114908 0.287876
v -0.199494 -0.114345 0.293581
v -0.201551 -0.112710 0.298728
v -0.204756 -0.110163 0.302812
v -0.213272 -0.103396 0.306338
v -0.222072 -0.116156 0.195567
v -0.217155 -0.119075 0.196471
v -0.212719 -0.121708 0.199093
v -0.209199 -0.123798 0.203177
v -0.206939 -0.125140 0.208324
v -0.206160 -0.125602 0.214029
v -0.206160 -0.125602 0.287876
v -0.206939 -0.125140 0.293581
v -0.209199 -0.123798 0.298728
v -0.212719 -0.121708 0.302812
v -0.217155 -0.119075 0.305435
v -0.222072 -0.116156 0.306338
v -0.229129 -0.130127 0.195567
v -0.223861 -0.132353 0.196471
v -0.219110 -0.134360 0.199093
v -0.215339 -0.135954 0.203177
v -0.212918 -0.136977 0.208324
v -0.212083 -0.137329 0.214029
v -0.212083 -0.137329 0.287876
v -0.212918 -0.136977 0.293581
v -0.215339 -0.135954 0.298728
v -0.219110 -0.134360 0.302812
v -0.223861 -0.132353 0.305435
v -0.229129 -0.130127 0.306338
v -0.234320 -0.145195 0.195567
v -0.223822 -0.148037 0.199093
v -0.219871 -0.149107 0.203177
v -0.217334 -0.149794 0.208324
v -0.216460 -0.150031 0.214029
v -0.216460 -0.150031 0.287876
v -0.217334 -0.149794 0.293581
v -0.219871 -0.149107 0.298728
v -0.223822 -0.148037 0.302812
v -0.234320 -0.145195 0.306338
v -0.237524 -0.161243 0.195567
v -0.231856 -0.161989 0.196471
v -0.226742 -0.162662 0.199093
v -0.222684 -0.163196 0.203177
v -0.220078 -0.163539 0.208324
v -0.219180 -0.163657 0.214029
v -0.219180 -0.163657 0.287876
v -0.220078 -0.163539 0.293581
v -0.222684 -0.163196 0.298728
v -0.226742 -0.162662 0.302812
v -0.231856 -0.161989 0.305435
v -0.237524 -0.161243 0.306338
v -0.238619 -0.178157 0.195567
v -0.227746 -0.178173 0.199093
v -0.223654 -0.178179 0.203177
v -0.221026 -0.178183 0.208324
v -0.220121 -0.178185 0.214029
v -0.220121 -0.178185 0.287876
v -0.221026 -0.178183 0.293581
v -0.223654 -0.178179 0.298728
v -0.227746 -0.178173 0.302812
v -0.238619 -0.178157 0.306338
v -0.237558 -0.195343 0.195567
v -0.231887 -0.194625 0.196471
v -0.226771 -0.193977 0.199093
v -0.222710 -0.193463 0.203177
v -0.220103 -0.193133 0.208324
v -0.219205 -0.193019 0.214029
v -0.219205 -0.193019 0.287876
v -0.220103 -0.193133 0.293581
v -0.222710 -0.193463 0.298728
v -0.226771 -0.193977 0.302812
v -0.231887 -0.194625 0.305435
v -0.237558 -0.195343 0.306338
v -0.234440 -0.211531 0.195567
v -0.223922 -0.208762 0.199093
v -0.219964 -0.207719 0.203177
v -0.217422 -0.207050 0.208324
v -0.216546 -0.206820 0.214029
v -0.216546 -0.206820 0.287876
v -0.217422 -0.207050 0.293581
v -0.219964 -0.207719 0.298728
v -0.223922 -0.208762 0.302812
v -0.234440 -0.211531 0.306338
v -0.229360 -0.226626 0.195567
v -0.224079 -0.224432 0.196471
v -0.219315 -0.222452 0.199093
v -0.215534 -0.220880 0.203177
v -0.213107 -0.219871 0.208324
v -0.212271 -0.219524 0.214029
v -0.212271 -0.219524 0.287876
v -0.213107 -0.219871 0.293581
v -0.215534 -0.220880 0.298728
v -0.219315 -0.222452 0.302812
v -0.224079 -0.224432 0.305435
v -0.229360 -0.226626 0.306338
v -0.222414 -0.240534 0.195567
v -0.213048 -0.235000 0.199093
v -0.209523 -0.232917 0.203177
v -0.207260 -0.231580 0.208324
v -0.206480 -0.231119 0.214029
v -0.206480 -0.231119 0.287876
v -0.207260 -0.231580 0.293581
v -0.209523 -0.232917 0.298728
v -0.213048 -0.235000 0.302812
v -0.222414 -0.240534 0.306338
v -0.213699 -0.253159 0.195567
v -0.209234 -0.249586 0.196471
v -0.205205 -0.246362 0.199093
v -0.202008 -0.243804 0.203177
v -0.199956 -0.242161 0.208324
v -0.199248 -0.241595 0.214029
v -0.199248 -0.241595 0.287876
v -0.199956 -0.242161 0.293581
v -0.202008 -0.243804 0.298728
v -0.205205 -0.246362 0.302812
v -0.209234 -0.249586 0.305435
v -0.213699 -0.253159 0.306338
v -0.203311 -0.264408 0.195567
v -0.195855 -0.256487 0.199093
v -0.193049 -0.253506 0.203177
v -0.191247 -0.251592 0.208324
v -0.190626 -0.250932 0.214029
v -0.190626 -0.250932 0.287876
v -0.191247 -0.251592 0.293581
v -0.193049 -0.253506 0.298728
v -0.195855 -0.256487 0.302812
v -0.203311 -0.264408 0.306338
v -0.191346 -0.274186 0.195567
v -0.188039 -0.269521 0.196471
v -0.185055 -0.265313 0.199093
v -0.182688 -0.261973 0.203177
v -0.181167 -0.259829 0.208324
v -0.180644 -0.259090 0.214029
v -0.180644 -0.259090 0.287876
v -0.181167 -0.259829 0.293581
v -0.182688 -0.261973 0.298728
v -0.185055 -0.265313 0.302812
v -0.188039 -0.269521 0.305435
v -0.191346 -0.274186 0.306338
v -0.177900 -0.282398 0.195567
v -0.172858 -0.272762 0.199093
v -0.170960 -0.269136 0.203177
v -0.169741 -0.266807 0.208324
v -0.169321 -0.266005 0.214029
v -0.169321 -0.266005 0.287876
v -0.169741 -0.266807 0.293581
v -0.170960 -0.269136 0.298728
v -0.172858 -0.272762 0.302812
v -0.177900 -0.282398 0.306338
v -0.163070 -0.288950 0.195567
v -0.161096 -0.283585 0.196471
v -0.159315 -0.278745 0.199093
v -0.157901 -0.274904 0.203177
v -0.156994 -0.272439 0.208324
v -0.156681 -0.271589 0.214029
v -0.156681 -0.271589 0.287876
v -0.156994 -0.272439 0.293581
v -0.157901 -0.274904 0.298728
v -0.159315 -0.278745 0.302812
v -0.161096 -0.283585 0.305435
v -0.163070 -0.288950 0.306338
v -0.146951 -0.293746 0.195567
v -0.143555 -0.279174 0.203177
v -0.142959 -0.276615 0.208324
v -0.142754 -0.275734 0.214029
v -0.142754 -0.275734 0.287876
v -0.142959 -0.276615 0.293581
v -0.143555 -0.279174 0.298728
v -0.146951 -0.293746 0.306338
v -0.129640 -0.296694 0.195567
v -0.129004 -0.291015 0.196471
v -0.128430 -0.285892 0.199093
v -0.127975 -0.281827 0.203177
v -0.127682 -0.279216 0.208324
v -0.127581 -0.278317 0.214029
v -0.127581 -0.278317 0.287876
v -0.127682 -0.279216 0.293581
v -0.127975 -0.281827 0.298728
v -0.128430 -0.285892 0.302812
v -0.129004 -0.291015 0.305435
v -0.129640 -0.296694 0.306338
v -0.111233 -0.297697 0.195567
v -0.111041 -0.282750 0.203177
v -0.111008 -0.280125 0.208324
v -0.110996 -0.279221 0.214029
v -0.110996 -0.279221 0.287876
v -0.111008 -0.280125 0.293581
v -0.111041 -0.282750 0.298728
v -0.111233 -0.297697 0.306338
v -0.093224 -0.296667 0.195567
v -0.093861 -0.290996 0.196471
v -0.094435 -0.285880 0.199093
v -0.094891 -0.281819 0.203177
v -0.095184 -0.279213 0.208324
v -0.095285 -0.278314 0.214029
v -0.095285 -0.278314 0.287876
v -0.095184 -0.279213 0.293581
v -0.094891 -0.281819 0.298728
v -0.094435 -0.285880 0.302812
v -0.093861 -0.290996 0.305435
v -0.093224 -0.296667 0.306338
v -0.074856 -0.293612 0.195567
v -0.078051 -0.279017 0.203177
v -0.078612 -0.276454 0.208324
v -0.078805 -0.275571 0.214029
v -0.078805 -0.275571 0.287876
v -0.078612 -0.276454 0.293581
v -0.078051 -0.279017 0.298728
v -0.074856 -0.293612 0.306338
v -0.056309 -0.288582 0.195567
v -0.058062 -0.283151 0.196471
v -0.059643 -0.278252 0.199093
v -0.060898 -0.274364 0.203177
v -0.061704 -0.271868 0.208324
v -0.061981 -0.271008 0.214029
v -0.061981 -0.271008 0.287876
v -0.061704 -0.271868 0.293581
v -0.060898 -0.274364 0.298728
v -0.059643 -0.278252 0.302812
v -0.058062 -0.283151 0.305435
v -0.056309 -0.288582 0.306338
v -0.037761 -0.281629 0.195567
v -0.044659 -0.265477 0.208324
v -0.045014 -0.264646 0.214029
v -0.045014 -0.264646 0.287876
v -0.044659 -0.265477 0.293581
v -0.037761 -0.281629 0.306338
v -0.024512 -0.263232 0.199093
v -0.026438 -0.259630 0.203177
v -0.027675 -0.257317 0.208324
v -0.028101 -0.256520 0.214029
v -0.028101 -0.256520 0.287876
v -0.027675 -0.257317 0.293581
v -0.026438 -0.259630 0.298728
v -0.024512 -0.263232 0.302812
v -0.001385 -0.262158 0.195567
v 0.004320 -0.251909 0.196471
v 0.009467 -0.242664 0.199093
v 0.013551 -0.235327 0.203177
v 0.016174 -0.230616 0.208324
v 0.017077 -0.228992 0.214029
v 0.017077 -0.228992 0.287876
v 0.016174 -0.230616 0.293581
v 0.013551 -0.235327 0.298728
v 0.009467 -0.242664 0.302812
v 0.004320 -0.251909 0.305435
v -0.001385 -0.262158 0.306338
v -0.001385 -0.311544 0.195567
v 0.004320 -0.315053 0.196471
v 0.009467 -0.318219 0.199093
v 0.013551 -0.320732 0.203177
v 0.016174 -0.322345 0.208324
v 0.017077 -0.322901 0.214029
v 0.017077 -0.322901 0.287876
v 0.016174 -0.322345 0.293581
v 0.013551 -0.320732 0.298728
v 0.009467 -0.318219 0.302812
v 0.004320 -0.315053 0.305435
v -0.001385 -0.311544 0.306338
v -0.001105 -0.332086 0.214029
v -0.001105 -0.332086 0.287876
v -0.009601 -0.336061 0.214029
v -0.009601 -0.336061 0.287876
v -0.018376 -0.339804 0.214029
v -0.018376 -0.339804 0.287876
v -0.033710 -0.325903 0.195567
v -0.030040 -0.336118 0.199093
v -0.028659 -0.339962 0.203177
v -0.027772 -0.342431 0.208324
v -0.027467 -0.343281 0.214029
v -0.027467 -0.343281 0.287876
v -0.027772 -0.342431 0.293581
v -0.028659 -0.339962 0.298728
v -0.030040 -0.336118 0.302812
v -0.033710 -0.325903 0.306338
v -0.051462 -0.331448 0.195567
v -0.046958 -0.348423 0.208324
v -0.046727 -0.349297 0.214029
v -0.046727 -0.349297 0.287876
v -0.046958 -0.348423 0.293581
v -0.051462 -0.331448 0.306338
v -0.070753 -0.335647 0.195567
v -0.069789 -0.341271 0.196471
v -0.068919 -0.346345 0.199093
v -0.068228 -0.350372 0.203177
v -0.067785 -0.352957 0.208324
v -0.067632 -0.353848 0.214029
v -0.067632 -0.353848 0.287876
v -0.067785 -0.352957 0.293581
v -0.068228 -0.350372 0.298728
v -0.068919 -0.346345 0.302812
v -0.069789 -0.341271 0.305435
v -0.070753 -0.335647 0.306338
v -0.078779 -0.355503 0.214029
v -0.078779 -0.355503 0.287876
v -0.090429 -0.356711 0.214029
v -0.090429 -0.356711 0.287876
v -0.102619 -0.357451 0.214029
v -0.102619 -0.357451 0.287876
v -0.115387 -0.339237 0.195567
v -0.115515 -0.344945 0.196471
v -0.115632 -0.350095 0.199093
v -0.115724 -0.354182 0.203177
v -0.115783 -0.356806 0.208324
v -0.115804 -0.357710 0.214029
v -0.115804 -0.357710 0.287876
v -0.115783 -0.356806 0.293581
v -0.115724 -0.354182 0.298728
v -0.115632 -0.350095 0.302812
v -0.115515 -0.344945 0.305435
v -0.115387 -0.339237 0.306338
v -0.143549 -0.337409 0.195567
v -0.144997 -0.348190 0.199093
v -0.145541 -0.352247 0.203177
v -0.145891 -0.354853 0.208324
v -0.146012 -0.355750 0.214029
v -0.146012 -0.355750 0.287876
v -0.145891 -0.354853 0.293581
v -0.145541 -0.352247 0.298728
v -0.144997 -0.348190 0.302812
v -0.143549 -0.337409 0.306338
v -0.168994 -0.332196 0.195567
v -0.170541 -0.337702 0.196471
v -0.171936 -0.342670 0.199093
v -0.173043 -0.346613 0.203177
v -0.173754 -0.349144 0.208324
v -0.173999 -0.350016 0.214029
v -0.173999 -0.350016 0.287876
v -0.173754 -0.349144 0.293581
v -0.173043 -0.346613 0.298728
v -0.171936 -0.342670 0.302812
v -0.170541 -0.337702 0.305435
v -0.168994 -0.332196 0.306338
v -0.191772 -0.323998 0.195567
v -0.194096 -0.329225 0.196471
v -0.196191 -0.333941 0.199093
v -0.197854 -0.337683 0.203177
v -0.198922 -0.340086 0.208324
v -0.199290 -0.340914 0.214029
v -0.199290 -0.340914 0.287876
v -0.198922 -0.340086 0.293581
v -0.197854 -0.337683 0.298728
v -0.196191 -0.333941 0.302812
v -0.194096 -0.329225 0.305435
v -0.191772 -0.323998 0.306338
v -0.211935 -0.313219 0.195567
v -0.217740 -0.322420 0.199093
v -0.219925 -0.325884 0.203177
v -0.221328 -0.328107 0.208324
v -0.221812 -0.328873 0.214029
v -0.221812 -0.328873 0.287876
v -0.221328 -0.328107 0.293581
v -0.219925 -0.325884 0.298728
v -0.217740 -0.322420 0.302812
v -0.211935 -0.313219 0.306338
v -0.229534 -0.300260 0.195567
v -0.233236 -0.304619 0.196471
v -0.236576 -0.308551 0.199093
v -0.239227 -0.311671 0.203177
v -0.240929 -0.313674 0.208324
v -0.241515 -0.314365 0.214029
v -0.241515 -0.314365 0.287876
v -0.240929 -0.313674 0.293581
v -0.239227 -0.311671 0.298728
v -0.236576 -0.308551 0.302812
v -0.233236 -0.304619 0.305435
v -0.229534 -0.300260 0.306338
v -0.244620 -0.285524 0.195567
v -0.252717 -0.292784 0.199093
v -0.255765 -0.295516 0.203177
v -0.257722 -0.297270 0.208324
v -0.258396 -0.297875 0.214029
v -0.258396 -0.297875 0.287876
v -0.257722 -0.297270 0.293581
v -0.255765 -0.295516 0.298728
v -0.252717 -0.292784 0.302812
v -0.244620 -0.285524 0.306338
v -0.257244 -0.269413 0.195567
v -0.261956 -0.272649 0.196471
v -0.266207 -0.275568 0.199093
v -0.269580 -0.277885 0.203177
v -0.271746 -0.279372 0.208324
v -0.272493 -0.279885 0.214029
v -0.272493 -0.279885 0.287876
v -0.271746 -0.279372 0.293581
v -0.269580 -0.277885 0.298728
v -0.266207 -0.275568 0.302812
v -0.261956 -0.272649 0.305435
v -0.257244 -0.269413 0.306338
v -0.267458 -0.252329 0.195567
v -0.280738 -0.259222 0.203177
v -0.283070 -0.260432 0.208324
v -0.283873 -0.260849 0.214029
v -0.283873 -0.260849 0.287876
v -0.283070 -0.260432 0.293581
v -0.280738 -0.259222 0.298728
v -0.267458 -0.252329 0.306338
v -0.275312 -0.234675 0.195567
v -0.280660 -0.236689 0.196471
v -0.285485 -0.238506 0.199093
v -0.289314 -0.239948 0.203177
v -0.291772 -0.240874 0.208324
v -0.292619 -0.241193 0.214029
v -0.292619 -0.241193 0.287876
v -0.291772 -0.240874 0.293581
v -0.289314 -0.239948 0.298728
v -0.285485 -0.238506 0.302812
v -0.280660 -0.236689 0.305435
v -0.275312 -0.234675 0.306338
v -0.280859 -0.216852 0.195567
v -0.295380 -0.220457 0.203177
v -0.297929 -0.221090 0.208324
v -0.298808 -0.221308 0.214029
v -0.298808 -0.221308 0.287876
v -0.297929 -0.221090 0.293581
v -0.295380 -0.220457 0.298728
v -0.280859 -0.216852 0.306338
v -0.284150 -0.199263 0.195567
v -0.289821 -0.199973 0.196471
v -0.294937 -0.200613 0.199093
v -0.298998 -0.201121 0.203177
v -0.301604 -0.201447 0.208324
v -0.302503 -0.201559 0.214029
v -0.302503 -0.201559 0.287876
v -0.301604 -0.201447 0.293581
v -0.298998 -0.201121 0.298728
v -0.294937 -0.200613 0.302812
v -0.289821 -0.199973 0.305435
v -0.284150 -0.199263 0.306338
v -0.285236 -0.182311 0.195567
v -0.296109 -0.182315 0.199093
v -0.300202 -0.182316 0.203177
v -0.302829 -0.182317 0.208324
v -0.303735 -0.182317 0.214029
v -0.303735 -0.182317 0.287876
v -0.302829 -0.182317 0.293581
v -0.300202 -0.182316 0.298728
v -0.296109 -0.182315 0.302812
v -0.285236 -0.182311 0.306338
v -0.283752 -0.158874 0.195567
v -0.289422 -0.158143 0.196471
v -0.294537 -0.157483 0.199093
v -0.298597 -0.156960 0.203177
v -0.301203 -0.156623 0.208324
v -0.302101 -0.156508 0.214029
v -0.302101 -0.156508 0.287876
v -0.301203 -0.156623 0.293581
v -0.298597 -0.156960 0.298728
v -0.294537 -0.157483 0.302812
v -0.289422 -0.158143 0.305435
v -0.283752 -0.158874 0.306338
v -0.279404 -0.136669 0.195567
v -0.289914 -0.133873 0.199093
v -0.293870 -0.132820 0.203177
v -0.296410 -0.132144 0.208324
v -0.297285 -0.131911 0.214029
v -0.297285 -0.131911 0.287876
v -0.296410 -0.132144 0.293581
v -0.293870 -0.132820 0.298728
v -0.289914 -0.133873 0.302812
v -0.279404 -0.136669 0.306338
v -0.272348 -0.115848 0.195567
v -0.277627 -0.113650 0.196471
v -0.282389 -0.111667 0.199093
v -0.286169 -0.110094 0.203177
v -0.288595 -0.109084 0.208324
v -0.289431 -0.108736 0.214029
v -0.289431 -0.108736 0.287876
v -0.288595 -0.109084 0.293581
v -0.286169 -0.110094 0.298728
v -0.282389 -0.111667 0.302812
v -0.277627 -0.113650 0.305435
v -0.272348 -0.115848 0.306338
v -0.262739 -0.096566 0.195567
v -0.272121 -0.091061 0.199093
v -0.275652 -0.088989 0.203177
v -0.277919 -0.087659 0.208324
v -0.278700 -0.087201 0.214029
v -0.278700 -0.087201 0.287876
v -0.277919 -0.087659 0.293581
v -0.275652 -0.088989 0.298728
v -0.272121 -0.091061 0.302812
v -0.262739 -0.096566 0.306338
v -0.250733 -0.078976 0.195567
v -0.255225 -0.075437 0.196471
v -0.259277 -0.072245 0.199093
v -0.262493 -0.069711 0.203177
v -0.264558 -0.068085 0.208324
v -0.265269 -0.067524 0.214029
v -0.265269 -0.067524 0.287876
v -0.264558 -0.068085 0.293581
v -0.262493 -0.069711 0.298728
v -0.259277 -0.072245 0.302812
v -0.255225 -0.075437 0.305435
v -0.250733 -0.078976 0.306338
v -0.236485 -0.063232 0.195567
v -0.240454 -0.059116 0.196471
v -0.244036 -0.055403 0.199093
v -0.246878 -0.052457 0.203177
v -0.248702 -0.050565 0.208324
v -0.249331 -0.049913 0.214029
v -0.249331 -0.049913 0.287876
v -0.248702 -0.050565 0.293581
v -0.246878 -0.052457 0.298728
v -0.244036 -0.055403 0.302812
v -0.240454 -0.059116 0.305435
v -0.236485 -0.063232 0.306338
v -0.220150 -0.049488 0.195567
v -0.226579 -0.040716 0.199093
v -0.228998 -0.037414 0.203177
v -0.230552 -0.035294 0.208324
v -0.231087 -0.034563 0.214029
v -0.231087 -0.034563 0.287876
v -0.230552 -0.035294 0.293582
v -0.228998 -0.037414 0.298728
v -0.226579 -0.040716 0.302812
v -0.220150 -0.049488 0.306338
v -0.201884 -0.037898 0.195567
v -0.204623 -0.032879 0.196471
v -0.207093 -0.028352 0.199093
v -0.209054 -0.024759 0.203177
v -0.210313 -0.022452 0.208324
v -0.210747 -0.021657 0.214029
v -0.210747 -0.021657 0.287876
v -0.210313 -0.022452 0.293582
v -0.209054 -0.024759 0.298728
v -0.207093 -0.028352 0.302812
v -0.204623 -0.032879 0.305435
v -0.201884 -0.037898 0.306338
v -0.181842 -0.028616 0.195567
v -0.185768 -0.018475 0.199093
v -0.187246 -0.014658 0.203177
v -0.188194 -0.012208 0.208324
v -0.188521 -0.011364 0.214029
v -0.188521 -0.011364 0.287876
v -0.188194 -0.012208 0.293582
v -0.187246 -0.014658 0.298728
v -0.185768 -0.018475 0.302812
v -0.181842 -0.028616 0.306338
v -0.160180 -0.021795 0.195567
v -0.161552 -0.016246 0.196471
v -0.162790 -0.011240 0.199093
v -0.163773 -0.007268 0.203177
v -0.164404 -0.004717 0.208324
v -0.164621 -0.003838 0.214029
v -0.164621 -0.003838 0.287876
v -0.164404 -0.004717 0.293582
v -0.163773 -0.007268 0.298728
v -0.162790 -0.011240 0.302812
v -0.161552 -0.016246 0.305435
v -0.160180 -0.021795 0.306338
v -0.137053 -0.017590 0.195567
v -0.138834 -0.002733 0.203177
v -0.139147 -0.000124 0.208324
v -0.139254 0.000774 0.214029
v -0.139254 0.000774 0.287876
v -0.139147 -0.000124 0.293582
v -0.138834 -0.002733 0.298728
v -0.137053 -0.017590 0.306338
v -0.112617 -0.016154 0.195567
v -0.112727 -0.010446 0.196471
v -0.112825 -0.005296 0.199093
v -0.112904 -0.001209 0.203177
v -0.112954 0.001415 0.208324
v -0.112971 0.002319 0.214029
v -0.112971 0.002319 0.287876
v -0.112954 0.001415 0.293582
v -0.112904 -0.001209 0.298728
v -0.112825 -0.005296 0.302812
v -0.112727 -0.010446 0.305435
v -0.112617 -0.016154 0.306338
v -0.079796 -0.018855 0.195567
v -0.078880 -0.013223 0.196471
v -0.078054 -0.008142 0.199093
v -0.077398 -0.004110 0.203177
v -0.076977 -0.001521 0.208324
v -0.076831 -0.000629 0.214029
v -0.076831 -0.000629 0.287876
v -0.076977 -0.001521 0.293582
v -0.077398 -0.004110 0.298728
v -0.078054 -0.008142 0.302812
v -0.078880 -0.013223 0.305435
v -0.079796 -0.018855 0.306338
v -0.044514 -0.027300 0.195567
v -0.041317 -0.016928 0.199093
v -0.040114 -0.013024 0.203177
v -0.039342 -0.010518 0.208324
v -0.039076 -0.009655 0.214029
v -0.039076 -0.009655 0.287876
v -0.039342 -0.010518 0.293582
v -0.040114 -0.013024 0.298728
v -0.041317 -0.016928 0.302812
v -0.044514 -0.027300 0.306338
v -0.004615 -0.042001 0.195567
v 0.001090 -0.038165 0.196471
v 0.006236 -0.034705 0.199093
v 0.010321 -0.031959 0.203177
v 0.012943 -0.030197 0.208324
v 0.013846 -0.029589 0.214029
v 0.013846 -0.029589 0.287876
v 0.012943 -0.030197 0.293582
v 0.010321 -0.031959 0.298728
v 0.006236 -0.034705 0.302812
v 0.001090 -0.038165 0.305435
v -0.004615 -0.042001 0.306338
v -0.004615 -0.090463 0.195567
v 0.001090 -0.100223 0.196471
v 0.006236 -0.109027 0.199093
v 0.010321 -0.116014 0.203177
v 0.012943 -0.120501 0.208324
v 0.013846 -0.122046 0.214029
v 0.013846 -0.122046 0.287876
v 0.012943 -0.120501 0.293581
v 0.010321 -0.116014 0.298728
v 0.006236 -0.109027 0.302812
v 0.001090 -0.100223 0.305435
v -0.004615 -0.090463 0.306338
v 0.099233 -0.060924 0.195567
v 0.104938 -0.066629 0.196471
v 0.110084 -0.071776 0.199093
v 0.114168 -0.075860 0.203177
v 0.116791 -0.078482 0.208324
v 0.117694 -0.079386 0.214029
v 0.117694 -0.079386 0.287876
v 0.116791 -0.078482 0.293581
v 0.114168 -0.075860 0.298728
v 0.110084 -0.071776 0.302812
v 0.104938 -0.066629 0.305435
v 0.099233 -0.060924 0.306338
v 0.099233 -0.156003 0.195567
v 0.104938 -0.150298 0.196471
v 0.110084 -0.145151 0.199093
v 0.114168 -0.141067 0.203177
v 0.116791 -0.138444 0.208324
v 0.117694 -0.137541 0.214029
v 0.117694 -0.137541 0.287876
v 0.116791 -0.138444 0.293581
v 0.114168 -0.141067 0.298728
v 0.110084 -0.145151 0.302812
v 0.104938 -0.150298 0.305435
v 0.099233 -0.156003 0.306338
v 0.228004 -0.156003 0.195567
v 0.233709 -0.150298 0.196471
v 0.238856 -0.145151 0.199093
v 0.242940 -0.141067 0.203177
v 0.245562 -0.138444 0.208324
v 0.246466 -0.137541 0.214029
v 0.246466 -0.137541 0.287876
v 0.245562 -0.138444 0.293581
v 0.242940 -0.141067 0.298728
v 0.238856 -0.145151 0.302812
v 0.233709 -0.150298 0.305435
v 0.228004 -0.156003 0.306338
v 0.228004 -0.196619 0.195567
v 0.233709 -0.202324 0.196471
v 0.238856 -0.207470 0.199093
v 0.242940 -0.211555 0.203177
v 0.245562 -0.214177 0.208324
v 0.246466 -0.215081 0.214029
v 0.246466 -0.215081 0.287876
v 0.245562 -0.214177 0.293581
v 0.242940 -0.211555 0.298728
v 0.238856 -0.207470 0.302812
v 0.233709 -0.202324 0.305435
v 0.228004 -0.196619 0.306338
v 0.099233 -0.196619 0.195567
v 0.104938 -0.202324 0.196471
v 0.110084 -0.207470 0.199093
v 0.114168 -0.211555 0.203177
v 0.116791 -0.214177 0.208324
v 0.117694 -0.215081 0.214029
v 0.117694 -0.215081 0.287876
v 0.116791 -0.214177 0.293581
v 0.114168 -0.211555 0.298728
v 0.110084 -0.207470 0.302812
v 0.104938 -0.202324 0.305435
v 0.099233 -0.196619 0.306338
v 0.099233 -0.294467 0.195567
v 0.104938 -0.288762 0.196471
v 0.110084 -0.283615 0.199093
v 0.114168 -0.279531 0.203177
v 0.116791 -0.276908 0.208324
v 0.117694 -0.276005 0.214029
v 0.117694 -0.276005 0.287876
v 0.116791 -0.276908 0.293581
v 0.114168 -0.279531 0.298728
v 0.110084 -0.283615 0.302812
v 0.104938 -0.288762 0.305435
v 0.099233 -0.294467 0.306338
v 0.236773 -0.294467 0.195567
v 0.242478 -0.288762 0.196471
v 0.247625 -0.283615 0.199093
v 0.251709 -0.279531 0.203177
v 0.254332 -0.276908 0.208324
v 0.255235 -0.276005 0.214029
v 0.255235 -0.276005 0.287876
v 0.254332 -0.276908 0.293581
v 0.251709 -0.279531 0.298728
v 0.247625 -0.283615 0.302812
v 0.242478 -0.288762 0.305435
v 0.236773 -0.294467 0.306338
v 0.236773 -0.335083 0.195567
v 0.242478 -0.340788 0.196471
v 0.247625 -0.345934 0.199093
v 0.251709 -0.350019 0.203177
v 0.254332 -0.352641 0.208324
v 0.255235 -0.353544 0.214029
v 0.255235 -0.353544 0.287876
v 0.254332 -0.352641 0.293581
v 0.251709 -0.350019 0.298728
v 0.247625 -0.345934 0.302812
v 0.242478 -0.340788 0.305435
v 0.236773 -0.335083 0.306338
v 0.054001 -0.335083 0.195567
v 0.048296 -0.340788 0.196471
v 0.043149 -0.345934 0.199093
v 0.039065 -0.350019 0.203177
v 0.036443 -0.352641 0.208324
v 0.035539 -0.353544 0.214029
v 0.035539 -0.353544 0.287876
v 0.036443 -0.352641 0.293581
v 0.039065 -0.350019 0.298728
v 0.043149 -0.345934 0.302812
v 0.048296 -0.340788 0.305435
v 0.054001 -0.335083 0.306338
v 0.054001 -0.020308 0.195567
v 0.048296 -0.014603 0.196471
v 0.043149 -0.009456 0.199093
v 0.039065 -0.005372 0.203177
v 0.036443 -0.002750 0.208324
v 0.035539 -0.001846 0.214029
v 0.035539 -0.001846 0.287876
v 0.036443 -0.002750 0.293582
v 0.039065 -0.005372 0.298728
v 0.043149 -0.009456 0.302812
v 0.048296 -0.014603 0.305435
v 0.054001 -0.020308 0.306338
v 0.232619 -0.020308 0.195567
v 0.238324 -0.014603 0.196471
v 0.243471 -0.009456 0.199093
v 0.247555 -0.005372 0.203177
v 0.250178 -0.002750 0.208324
v 0.251081 -0.001846 0.214029
v 0.251081 -0.001846 0.287876
v 0.250178 -0.002750 0.293582
v 0.247555 -0.005372 0.298728
v 0.243471 -0.009456 0.302812
v 0.238324 -0.014603 0.305435
v 0.232619 -0.020308 0.306338
v 0.232619 -0.060924 0.195567
v 0.238324 -0.066629 0.196471
v 0.243471 -0.071776 0.199093
v 0.247555 -0.075860 0.203177
v 0.250178 -0.078482 0.208324
v 0.251081 -0.079386 0.214029
v 0.251081 -0.079386 0.287876
v 0.250178 -0.078482 0.293581
v 0.247555 -0.075860 0.298728
v 0.243471 -0.071776 0.302812
v 0.238324 -0.066629 0.305435
v 0.232619 -0.060924 0.306338
v 0.268620 -0.254774 0.195567
v 0.262915 -0.260479 0.196471
v 0.257768 -0.265625 0.199093
v 0.253684 -0.269709 0.203177
v 0.251062 -0.272332 0.208324
v 0.250158 -0.273235 0.214029
v 0.250158 -0.273235 0.287876
v 0.251062 -0.272332 0.293581
v 0.253684 -0.269709 0.298728
v 0.257768 -0.265625 0.302812
v 0.262915 -0.260479 0.305435
v 0.268620 -0.254774 0.306338
v 0.268620 -0.211850 0.195567
v 0.262915 -0.206145 0.196471
v 0.257768 -0.200998 0.199093
v 0.253684 -0.196914 0.203177
v 0.251062 -0.194291 0.208324
v 0.250158 -0.193388 0.214029
v 0.250158 -0.193388 0.287876
v 0.251062 -0.194291 0.293581
v 0.253684 -0.196914 0.298728
v 0.257768 -0.200998 0.302812
v 0.262915 -0.206145 0.305435
v 0.268620 -0.211850 0.306338
v 0.380776 -0.211850 0.195567
v 0.386481 -0.206145 0.196471
v 0.391627 -0.200998 0.199093
v 0.395712 -0.196914 0.203177
v 0.398334 -0.194291 0.208324
v 0.399238 -0.193388 0.214029
v 0.399238 -0.193388 0.287876
v 0.398334 -0.194291 0.293581
v 0.395712 -0.196914 0.298728
v 0.391627 -0.200998 0.302812
v 0.386481 -0.206145 0.305435
v 0.380776 -0.211850 0.306338
v 0.380776 -0.254774 0.195567
v 0.386481 -0.260479 0.196471
v 0.391627 -0.265625 0.199093
v 0.395712 -0.269709 0.203177
v 0.398334 -0.272332 0.208324
v 0.399238 -0.273235 0.214029
v 0.399238 -0.273235 0.287876
v 0.398334 -0.272332 0.293581
v 0.395712 -0.269709 0.298728
v 0.391627 -0.265625 0.302812
v 0.386481 -0.260479 0.305435
v 0.380776 -0.254774 0.306338
v 0.630011 -0.335083 0.195567
v 0.643912 -0.340788 0.196471
v 0.656452 -0.345934 0.199093
v 0.666404 -0.350019 0.203177
v 0.672793 -0.352641 0.208324
v 0.674995 -0.353544 0.214029
v 0.674995 -0.353544 0.287876
v 0.672793 -0.352641 0.293581
v 0.666404 -0.350019 0.298728
v 0.656452 -0.345934 0.302812
v 0.643912 -0.340788 0.305435
v 0.630011 -0.335083 0.306338
v 0.574625 -0.335083 0.195567
v 0.572233 -0.340788 0.196471
v 0.570074 -0.345934 0.199093
v 0.568361 -0.350019 0.203177
v 0.567262 -0.352641 0.208324
v 0.566883 -0.353544 0.214029
v 0.566883 -0.353544 0.287876
v 0.567262 -0.352641 0.293581
v 0.568361 -0.350019 0.298728
v 0.570074 -0.345934 0.302812
v 0.572233 -0.340788 0.305435
v 0.574625 -0.335083 0.306338
v 0.470777 -0.229389 0.195567
v 0.462938 -0.229550 0.196471
v 0.455867 -0.229696 0.199093
v 0.450254 -0.229812 0.203177
v 0.446651 -0.229886 0.208324
v 0.445410 -0.229912 0.214029
v 0.445410 -0.229912 0.287876
v 0.446651 -0.229886 0.293581
v 0.450254 -0.229812 0.298728
v 0.455867 -0.229696 0.302812
v 0.462938 -0.229550 0.305435
v 0.470777 -0.229389 0.306338
v 0.562625 -0.127848 0.195567
v 0.560093 -0.122143 0.196471
v 0.557808 -0.116997 0.199093
v 0.555996 -0.112912 0.203177
v 0.554832 -0.110290 0.208324
v 0.554430 -0.109386 0.214029
v 0.554430 -0.109386 0.287876
v 0.554832 -0.110290 0.293581
v 0.555996 -0.112912 0.298728
v 0.557808 -0.116997 0.302812
v 0.560093 -0.122143 0.305435
v 0.562625 -0.127848 0.306338
v 0.611549 -0.127848 0.195567
v 0.624100 -0.122143 0.196471
v 0.635422 -0.116997 0.199093
v 0.644408 -0.112912 0.203177
v 0.650177 -0.110290 0.208324
v 0.652165 -0.109386 0.214029
v 0.652165 -0.109386 0.287876
v 0.650177 -0.110290 0.293581
v 0.644408 -0.112912 0.298728
v 0.635422 -0.116997 0.302812
v 0.624100 -0.122143 0.305435
v 0.611549 -0.127848 0.306338
v 0.522932 -0.229389 0.195567
v 0.530758 -0.229097 0.196471
v 0.537818 -0.228835 0.199093
v 0.543421 -0.228626 0.203177
v 0.547019 -0.228492 0.208324
v 0.548258 -0.228446 0.214029
v 0.548258 -0.228446 0.287876
v 0.547019 -0.228492 0.293581
v 0.543421 -0.228626 0.298728
v 0.537818 -0.228835 0.302812
v 0.530758 -0.229097 0.305435
v 0.522932 -0.229389 0.306338
v 0.427853 -0.335083 0.195567
v 0.422148 -0.340788 0.196471
v 0.417002 -0.345934 0.199093
v 0.412918 -0.350019 0.203177
v 0.410295 -0.352641 0.208324
v 0.409392 -0.353544 0.214029
v 0.409392 -0.353544 0.287876
v 0.410295 -0.352641 0.293581
v 0.412918 -0.350019 0.298728
v 0.417002 -0.345934 0.302812
v 0.422148 -0.340788 0.305435
v 0.427853 -0.335083 0.306338
v 0.427853 -0.020308 0.195567
v 0.422148 -0.014603 0.196471
v 0.417002 -0.009456 0.199093
v 0.412918 -0.005372 0.203177
v 0.410295 -0.002750 0.208324
v 0.409392 -0.001846 0.214029
v 0.409392 -0.001846 0.287876
v 0.410295 -0.002750 0.293582
v 0.412918 -0.005372 0.298728
v 0.417002 -0.009456 0.302812
v 0.422148 -0.014603 0.305435
v 0.427853 -0.020308 0.306338
v 0.468931 -0.020308 0.195567
v 0.474636 -0.014603 0.196471
v 0.479783 -0.009456 0.199093
v 0.483867 -0.005372 0.203177
v 0.486489 -0.002750 0.208324
v 0.487393 -0.001846 0.214029
v 0.487393 -0.001846 0.287876
v 0.486489 -0.002750 0.293582
v 0.483867 -0.005372 0.298728
v 0.479783 -0.009456 0.302812
v 0.474636 -0.014603 0.305435
v 0.468931 -0.020308 0.306338
v 0.468931 -0.335083 0.195567
v 0.474636 -0.340788 0.196471
v 0.479783 -0.345934 0.199093
v 0.483867 -0.350019 0.203177
v 0.486489 -0.352641 0.208324
v 0.487393 -0.353544 0.214029
v 0.487393 -0.353544 0.287876
v 0.486489 -0.352641 0.293581
v 0.483867 -0.350019 0.298728
v 0.479783 -0.345934 0.302812
v 0.474636 -0.340788 0.305435
v 0.468931 -0.335083 0.306338
v 0.810138 -0.322356 0.195567
v 0.818689 -0.337696 0.208324
v 0.819129 -0.338486 0.214029
v 0.819129 -0.338486 0.287876
v 0.818689 -0.337696 0.293581
v 0.810138 -0.322356 0.306338
v 0.797774 -0.328501 0.195567
v 0.800046 -0.333737 0.196471
v 0.802095 -0.338460 0.199093
v 0.803721 -0.342208 0.203177
v 0.804765 -0.344615 0.208324
v 0.805125 -0.345444 0.214029
v 0.805125 -0.345444 0.287876
v 0.804765 -0.344615 0.293581
v 0.803721 -0.342208 0.298728
v 0.802095 -0.338460 0.302812
v 0.800046 -0.333737 0.305435
v 0.797774 -0.328501 0.306338
v 0.784975 -0.333236 0.195567
v 0.789359 -0.347521 0.203177
v 0.790129 -0.350029 0.208324
v 0.790394 -0.350893 0.214029
v 0.790394 -0.350893 0.287876
v 0.790129 -0.350029 0.293581
v 0.789359 -0.347521 0.298728
v 0.784975 -0.333236 0.306338
v 0.771329 -0.336587 0.195567
v 0.772384 -0.342196 0.196471
v 0.773336 -0.347255 0.199093
v 0.774091 -0.351271 0.203177
v 0.774576 -0.353849 0.208324
v 0.774743 -0.354737 0.214029
v 0.774743 -0.354737 0.287876
v 0.774576 -0.353849 0.293581
v 0.774091 -0.351271 0.298728
v 0.773336 -0.347255 0.302812
v 0.772384 -0.342196 0.305435
v 0.771329 -0.336587 0.306338
v 0.756427 -0.338578 0.195567
v 0.757912 -0.356079 0.208324
v 0.757989 -0.356979 0.214029
v 0.757989 -0.356979 0.287876
v 0.757912 -0.356079 0.293581
v 0.756427 -0.338578 0.306338
v 0.739859 -0.339237 0.195567
v 0.739716 -0.344945 0.196471
v 0.739588 -0.350095 0.199093
v 0.739486 -0.354182 0.203177
v 0.739420 -0.356806 0.208324
v 0.739398 -0.357711 0.214029
v 0.739398 -0.357711 0.287876
v 0.739420 -0.356806 0.293581
v 0.739486 -0.354182 0.298728
v 0.739588 -0.350095 0.302812
v 0.739716 -0.344945 0.305435
v 0.739859 -0.339237 0.306338
v 0.724305 -0.338159 0.195567
v 0.722769 -0.348930 0.199093
v 0.722190 -0.352984 0.203177
v 0.721819 -0.355587 0.208324
v 0.721691 -0.356484 0.214029
v 0.721691 -0.356484 0.287876
v 0.721819 -0.355587 0.293581
v 0.722190 -0.352984 0.298728
v 0.722769 -0.348930 0.302812
v 0.724305 -0.338159 0.306338
v 0.709969 -0.335040 0.195567
v 0.708338 -0.340523 0.196471
v 0.706866 -0.345470 0.199093
v 0.705698 -0.349396 0.203177
v 0.704948 -0.351916 0.208324
v 0.704689 -0.352785 0.214029
v 0.704689 -0.352785 0.287876
v 0.704948 -0.351916 0.293581
v 0.705698 -0.349396 0.298728
v 0.706866 -0.345470 0.302812
v 0.708338 -0.340523 0.305435
v 0.709969 -0.335040 0.306338
v 0.696877 -0.330049 0.195567
v 0.694442 -0.335226 0.196471
v 0.692245 -0.339896 0.199093
v 0.690502 -0.343603 0.203177
v 0.689383 -0.345983 0.208324
v 0.688997 -0.346803 0.214029
v 0.688997 -0.346803 0.287876
v 0.689383 -0.345983 0.293581
v 0.690502 -0.343603 0.298728
v 0.692245 -0.339896 0.302812
v 0.694442 -0.335226 0.305435
v 0.696877 -0.330049 0.306338
v 0.685054 -0.323356 0.195567
v 0.679008 -0.332403 0.199093
v 0.676732 -0.335808 0.203177
v 0.675271 -0.337994 0.208324
v 0.674768 -0.338747 0.214029
v 0.674768 -0.338747 0.287876
v 0.675271 -0.337994 0.293581
v 0.676732 -0.335808 0.298728
v 0.679008 -0.332403 0.302812
v 0.685054 -0.323356 0.306338
v 0.674527 -0.315131 0.195567
v 0.670694 -0.319376 0.196471
v 0.667236 -0.323206 0.199093
v 0.664492 -0.326245 0.203177
v 0.662730 -0.328196 0.208324
v 0.662123 -0.328869 0.214029
v 0.662123 -0.328869 0.287876
v 0.662730 -0.328196 0.293581
v 0.664492 -0.326245 0.298728
v 0.667236 -0.323206 0.302812
v 0.670694 -0.319376 0.305435
v 0.674527 -0.315131 0.306338
v 0.665319 -0.305544 0.195567
v 0.656984 -0.312531 0.199093
v 0.653847 -0.315161 0.203177
v 0.651832 -0.316849 0.208324
v 0.651138 -0.317431 0.214029
v 0.651138 -0.317431 0.287876
v 0.651832 -0.316849 0.293581
v 0.653847 -0.315161 0.298728
v 0.656984 -0.312531 0.302812
v 0.665319 -0.305544 0.306338
v 0.657458 -0.294764 0.195567
v 0.652634 -0.297832 0.196471
v 0.648282 -0.300599 0.199093
v 0.644829 -0.302795 0.203177
v 0.642612 -0.304205 0.208324
v 0.641848 -0.304691 0.214029
v 0.641848 -0.304691 0.287876
v 0.642612 -0.304205 0.293581
v 0.644829 -0.302795 0.298728
v 0.648282 -0.300599 0.302812
v 0.652634 -0.297832 0.305435
v 0.657458 -0.294764 0.306338
v 0.650968 -0.282962 0.195567
v 0.637448 -0.289371 0.203177
v 0.635074 -0.290496 0.208324
v 0.634256 -0.290884 0.214029
v 0.634256 -0.290884 0.287876
v 0.635074 -0.290496 0.293581
v 0.637448 -0.289371 0.298728
v 0.650968 -0.282962 0.306338
v 0.645876 -0.270307 0.195567
v 0.640462 -0.272135 0.196471
v 0.635578 -0.273783 0.199093
v 0.631702 -0.275092 0.203177
v 0.629213 -0.275931 0.208324
v 0.628356 -0.276221 0.214029
v 0.628356 -0.276221 0.287876
v 0.629213 -0.275931 0.293581
v 0.631702 -0.275092 0.298728
v 0.635578 -0.273783 0.302812
v 0.640462 -0.272135 0.305435
v 0.645876 -0.270307 0.306338
v 0.642208 -0.256970 0.195567
v 0.627589 -0.260142 0.203177
v 0.625023 -0.260699 0.208324
v 0.624139 -0.260891 0.214029
v 0.624139 -0.260891 0.287876
v 0.625023 -0.260699 0.293581
v 0.627589 -0.260142 0.298728
v 0.642208 -0.256970 0.306338
v 0.639987 -0.243120 0.195567
v 0.634306 -0.243723 0.196471
v 0.629181 -0.244267 0.199093
v 0.625114 -0.244698 0.203177
v 0.622502 -0.244975 0.208324
v 0.621603 -0.245071 0.214029
v 0.621603 -0.245071 0.287876
v 0.622502 -0.244975 0.293581
v 0.625114 -0.244698 0.298728
v 0.629181 -0.244267 0.302812
v 0.634306 -0.243723 0.305435
v 0.639987 -0.243120 0.306338
v 0.639242 -0.228927 0.195567
v 0.624285 -0.228921 0.203177
v 0.621659 -0.228920 0.208324
v 0.620754 -0.228919 0.214029
v 0.620754 -0.228919 0.287876
v 0.621659 -0.228920 0.293581
v 0.624285 -0.228921 0.298728
v 0.639242 -0.228927 0.306338
v 0.640056 -0.213670 0.195567
v 0.634376 -0.213047 0.196471
v 0.629252 -0.212485 0.199093
v 0.625186 -0.212038 0.203177
v 0.622575 -0.211752 0.208324
v 0.621675 -0.211653 0.214029
v 0.621675 -0.211653 0.287876
v 0.622575 -0.211752 0.293581
v 0.625186 -0.212038 0.298728
v 0.629252 -0.212485 0.302812
v 0.634376 -0.213047 0.305435
v 0.640056 -0.213670 0.306338
v 0.642447 -0.199337 0.195567
v 0.627860 -0.196004 0.203177
v 0.625300 -0.195419 0.208324
v 0.624417 -0.195217 0.214029
v 0.624417 -0.195217 0.287876
v 0.625300 -0.195419 0.293581
v 0.627860 -0.196004 0.298728
v 0.642447 -0.199337 0.306338
v 0.646338 -0.186003 0.195567
v 0.640962 -0.184062 0.196471
v 0.636111 -0.182310 0.199093
v 0.632262 -0.180920 0.203177
v 0.629791 -0.180028 0.208324
v 0.628939 -0.179721 0.214029
v 0.628939 -0.179721 0.287876
v 0.629791 -0.180028 0.293581
v 0.632262 -0.180920 0.298728
v 0.636111 -0.182310 0.302812
v 0.640962 -0.184062 0.305435
v 0.646338 -0.186003 0.306338
v 0.651652 -0.173747 0.195567
v 0.641980 -0.168776 0.199093
v 0.638339 -0.166905 0.203177
v 0.636002 -0.165704 0.208324
v 0.635196 -0.165290 0.214029
v 0.635196 -0.165290 0.287876
v 0.636002 -0.165704 0.293581
v 0.638339 -0.166905 0.298728
v 0.641980 -0.168776 0.302812
v 0.651652 -0.173747 0.306338
v 0.658312 -0.162644 0.195567
v 0.653621 -0.159375 0.196471
v 0.649388 -0.156426 0.199093
v 0.646029 -0.154086 0.203177
v 0.643872 -0.152583 0.208324
v 0.643129 -0.152065 0.214029
v 0.643129 -0.152065 0.287876
v 0.643872 -0.152583 0.293581
v 0.646029 -0.154086 0.298728
v 0.649388 -0.156426 0.302812
v 0.653621 -0.159375 0.305435
v 0.658312 -0.162644 0.306338
v 0.666242 -0.152772 0.195567
v 0.658259 -0.145382 0.199093
v 0.655254 -0.142601 0.203177
v 0.653325 -0.140815 0.208324
v 0.652660 -0.140200 0.214029
v 0.652660 -0.140200 0.287876
v 0.653325 -0.140815 0.293581
v 0.655254 -0.142601 0.298728
v 0.658259 -0.145382 0.302812
v 0.666242 -0.152772 0.306338
v 0.675364 -0.144208 0.195567
v 0.671756 -0.139770 0.196471
v 0.668500 -0.135767 0.199093
v 0.665917 -0.132590 0.203177
v 0.664258 -0.130551 0.208324
v 0.663687 -0.129848 0.214029
v 0.663687 -0.129848 0.287876
v 0.664258 -0.130551 0.293581
v 0.665917 -0.132590 0.298728
v 0.668500 -0.135767 0.302812
v 0.671756 -0.139770 0.305435
v 0.675364 -0.144208 0.306338
v 0.685601 -0.137028 0.195567
v 0.680004 -0.127699 0.199093
v 0.677897 -0.124188 0.203177
v 0.676544 -0.121934 0.208324
v 0.676078 -0.121157 0.214029
v 0.676078 -0.121157 0.287876
v 0.676544 -0.121934 0.293581
v 0.677897 -0.124188 0.298728
v 0.680004 -0.127699 0.302812
v 0.685601 -0.137028 0.306338
v 0.696877 -0.131310 0.195567
v 0.694654 -0.126041 0.196471
v 0.692649 -0.121287 0.199093
v 0.691057 -0.117515 0.203177
v 0.690036 -0.115093 0.208324
v 0.689683 -0.114258 0.214029
v 0.689683 -0.114258 0.287876
v 0.690036 -0.115093 0.293581
v 0.691057 -0.117515 0.298728
v 0.692649 -0.121287 0.302812
v 0.694654 -0.126041 0.305435
v 0.696877 -0.131310 0.306338
v 0.709115 -0.127130 0.195567
v 0.706307 -0.116622 0.199093
v 0.705251 -0.112667 0.203177
v 0.704572 -0.110128 0.208324
v 0.704339 -0.109253 0.214029
v 0.704339 -0.109253 0.287876
v 0.704572 -0.110128 0.293581
v 0.705251 -0.112667 0.298728
v 0.706307 -0.116622 0.302812
v 0.709115 -0.127130 0.306338
v 0.722237 -0.124566 0.195567
v 0.721508 -0.118896 0.196471
v 0.720851 -0.113780 0.199093
v 0.720330 -0.109720 0.203177
v 0.719995 -0.107114 0.208324
v 0.719880 -0.106216 0.214029
v 0.719880 -0.106216 0.287876
v 0.719995 -0.107114 0.293581
v 0.720330 -0.109720 0.298728
v 0.720851 -0.113780 0.302812
v 0.721508 -0.118896 0.305435
v 0.722237 -0.124566 0.306338
v 0.736166 -0.123694 0.195567
v 0.736137 -0.108731 0.203177
v 0.736131 -0.106104 0.208324
v 0.736130 -0.105199 0.214029
v 0.736130 -0.105199 0.287876
v 0.736131 -0.106104 0.293581
v 0.736137 -0.108731 0.298728
v 0.736166 -0.123694 0.306338
v 0.749475 -0.124474 0.195567
v 0.750174 -0.118800 0.196471
v 0.750804 -0.113682 0.199093
v 0.751304 -0.109620 0.203177
v 0.751625 -0.107012 0.208324
v 0.751735 -0.106113 0.214029
v 0.751735 -0.106113 0.287876
v 0.751625 -0.107012 0.293581
v 0.751304 -0.109620 0.298728
v 0.750804 -0.113682 0.302812
v 0.750174 -0.118800 0.305435
v 0.749475 -0.124474 0.306338
v 0.761904 -0.126818 0.195567
v 0.764673 -0.116298 0.199093
v 0.765715 -0.112338 0.203177
v 0.766383 -0.109795 0.208324
v 0.766614 -0.108919 0.214029
v 0.766614 -0.108919 0.287876
v 0.766383 -0.109795 0.293581
v 0.765715 -0.112338 0.298728
v 0.764673 -0.116298 0.302812
v 0.761904 -0.126818 0.306338
v 0.773400 -0.130733 0.195567
v 0.775654 -0.125474 0.196471
v 0.777687 -0.120729 0.199093
v 0.779300 -0.116964 0.203177
v 0.780336 -0.114546 0.208324
v 0.780693 -0.113713 0.214029
v 0.780693 -0.113713 0.287876
v 0.780336 -0.114546 0.293581
v 0.779300 -0.116964 0.298728
v 0.777687 -0.120729 0.302812
v 0.775654 -0.125474 0.305435
v 0.773400 -0.130733 0.306338
v 0.783911 -0.136225 0.195567
v 0.789707 -0.127010 0.199093
v 0.791889 -0.123541 0.203177
v 0.793290 -0.121314 0.208324
v 0.793773 -0.120547 0.214029
v 0.793773 -0.120547 0.287876
v 0.793290 -0.121314 0.293581
v 0.791889 -0.123541 0.298728
v 0.789707 -0.127010 0.302812
v 0.783911 -0.136225 0.306338
v 0.793383 -0.143299 0.195567
v 0.797165 -0.139003 0.196471
v 0.800576 -0.135128 0.199093
v 0.803284 -0.132052 0.203177
v 0.805022 -0.130077 0.208324
v 0.805621 -0.129397 0.214029
v 0.805621 -0.129397 0.287876
v 0.805022 -0.130077 0.293581
v 0.803284 -0.132052 0.298728
v 0.800576 -0.135128 0.302812
v 0.797165 -0.139003 0.305435
v 0.793383 -0.143299 0.306338
v 0.801764 -0.151964 0.195567
v 0.806171 -0.148315 0.196471
v 0.810148 -0.145023 0.199093
v 0.813303 -0.142411 0.203177
v 0.815329 -0.140734 0.208324
v 0.816027 -0.140156 0.214029
v 0.816027 -0.140156 0.287876
v 0.815329 -0.140734 0.293581
v 0.813303 -0.142411 0.298728
v 0.810148 -0.145023 0.302812
v 0.806171 -0.148315 0.305435
v 0.801764 -0.151964 0.306338
v 0.809000 -0.162225 0.195567
v 0.818317 -0.156608 0.199093
v 0.821824 -0.154493 0.203177
v 0.824076 -0.153136 0.208324
v 0.824852 -0.152668 0.214029
v 0.824852 -0.152668 0.287876
v 0.824076 -0.153136 0.293581
v 0.821824 -0.154493 0.298728
v 0.818317 -0.156608 0.302812
v 0.809000 -0.162225 0.306338
v 0.815040 -0.174088 0.195567
v 0.820291 -0.171829 0.196471
v 0.825029 -0.169792 0.199093
v 0.828789 -0.168174 0.203177
v 0.831203 -0.167136 0.208324
v 0.832035 -0.166778 0.214029
v 0.832035 -0.166778 0.287876
v 0.831203 -0.167136 0.293581
v 0.828789 -0.168174 0.298728
v 0.825029 -0.169792 0.302812
v 0.820291 -0.171829 0.305435
v 0.815040 -0.174088 0.306338
v 0.819829 -0.187561 0.195567
v 0.834189 -0.183364 0.203177
v 0.836710 -0.182628 0.208324
v 0.837579 -0.182374 0.214029
v 0.837579 -0.182374 0.287876
v 0.836710 -0.182628 0.293581
v 0.834189 -0.183364 0.298728
v 0.819829 -0.187561 0.306338
v 0.823315 -0.202649 0.195567
v 0.828938 -0.201643 0.196471
v 0.834011 -0.200736 0.199093
v 0.838037 -0.200016 0.203177
v 0.840621 -0.199554 0.208324
v 0.841512 -0.199395 0.214029
v 0.841512 -0.199395 0.287876
v 0.840621 -0.199554 0.293581
v 0.838037 -0.200016 0.298728
v 0.834011 -0.200736 0.302812
v 0.828938 -0.201643 0.305435
v 0.823315 -0.202649 0.306338
v 0.825446 -0.219358 0.195567
v 0.843862 -0.217825 0.214029
v 0.843862 -0.217825 0.287876
v 0.825446 -0.219358 0.306338
v 0.826168 -0.237696 0.195567
v 0.832102 -0.243401 0.196471
v 0.837455 -0.248548 0.199093
v 0.841703 -0.252632 0.203177
v 0.844431 -0.255255 0.208324
v 0.845371 -0.256158 0.214029
v 0.845371 -0.256158 0.287876
v 0.844431 -0.255255 0.293581
v 0.841703 -0.252632 0.298728
v 0.837455 -0.248548 0.302812
v 0.832102 -0.243401 0.305435
v 0.826168 -0.237696 0.306338
v 0.680319 -0.237696 0.195567
v 0.687278 -0.243401 0.196471
v 0.693556 -0.248548 0.199093
v 0.698537 -0.252632 0.203177
v 0.701736 -0.255255 0.208324
v 0.702838 -0.256158 0.214029
v 0.702838 -0.256158 0.287876
v 0.701736 -0.255255 0.293581
v 0.698537 -0.252632 0.298728
v 0.693556 -0.248548 0.302812
v 0.687278 -0.243401 0.305435
v 0.680319 -0.237696 0.306338
v 0.682290 -0.247551 0.195567
v 0.687833 -0.246177 0.196471
v 0.692834 -0.244938 0.199093
v 0.696802 -0.243954 0.203177
v 0.699350 -0.243323 0.208324
v 0.700228 -0.243105 0.214029
v 0.700228 -0.243105 0.287876
v 0.699350 -0.243323 0.293581
v 0.696802 -0.243954 0.298728
v 0.692834 -0.244938 0.302812
v 0.687833 -0.246177 0.305435
v 0.682290 -0.247551 0.306338
v 0.684969 -0.256575 0.195567
v 0.699067 -0.251583 0.203177
v 0.701542 -0.250707 0.208324
v 0.702395 -0.250405 0.214029
v 0.702395 -0.250405 0.287876
v 0.701542 -0.250707 0.293581
v 0.699067 -0.251583 0.298728
v 0.684969 -0.256575 0.306338
v 0.688353 -0.264762 0.195567
v 0.693499 -0.262277 0.196471
v 0.698142 -0.260036 0.199093
v 0.701826 -0.258257 0.203177
v 0.704191 -0.257115 0.208324
v 0.705006 -0.256721 0.214029
v 0.705006 -0.256721 0.287876
v 0.704191 -0.257115 0.293581
v 0.701826 -0.258257 0.298728
v 0.698142 -0.260036 0.302812
v 0.693499 -0.262277 0.305435
v 0.688353 -0.264762 0.306338
v 0.692439 -0.272107 0.195567
v 0.701587 -0.266229 0.199093
v 0.705030 -0.264017 0.203177
v 0.707241 -0.262596 0.208324
v 0.708002 -0.262107 0.214029
v 0.708002 -0.262107 0.287876
v 0.707241 -0.262596 0.293581
v 0.705030 -0.264017 0.298728
v 0.701587 -0.266229 0.302812
v 0.692439 -0.272107 0.306338
v 0.697224 -0.278607 0.195567
v 0.701588 -0.274912 0.196471
v 0.705526 -0.271579 0.199093
v 0.708650 -0.268934 0.203177
v 0.710656 -0.267236 0.208324
v 0.711348 -0.266651 0.214029
v 0.711348 -0.266651 0.287876
v 0.710656 -0.267236 0.293581
v 0.708650 -0.268934 0.298728
v 0.705526 -0.271579 0.302812
v 0.701588 -0.274912 0.305435
v 0.697224 -0.278607 0.306338
v 0.702704 -0.284255 0.195567
v 0.706520 -0.279994 0.196471
v 0.709961 -0.276151 0.199093
v 0.712693 -0.273101 0.203177
v 0.714447 -0.271143 0.208324
v 0.715051 -0.270468 0.214029
v 0.715051 -0.270468 0.287876
v 0.714447 -0.271143 0.293581
v 0.712693 -0.273101 0.298728
v 0.709961 -0.276151 0.302812
v 0.706520 -0.279994 0.305435
v 0.702704 -0.284255 0.306338
v 0.708877 -0.289047 0.195567
v 0.714932 -0.280010 0.199093
v 0.717210 -0.276608 0.203177
v 0.718674 -0.274424 0.208324
v 0.719178 -0.273672 0.214029
v 0.719178 -0.273672 0.287876
v 0.718674 -0.274424 0.293581
v 0.717210 -0.276608 0.298728
v 0.714932 -0.280010 0.302812
v 0.708877 -0.289047 0.306338
v 0.715739 -0.292979 0.195567
v 0.718242 -0.287838 0.196471
v 0.720500 -0.283201 0.199093
v 0.722292 -0.279520 0.203177
v 0.723443 -0.277157 0.208324
v 0.723839 -0.276343 0.214029
v 0.723839 -0.276343 0.287876
v 0.723443 -0.277157 0.293581
v 0.722292 -0.279520 0.298728
v 0.720500 -0.283201 0.302812
v 0.718242 -0.287838 0.305435
v 0.715739 -0.292979 0.306338
v 0.723286 -0.296046 0.195567
v 0.726741 -0.285736 0.199093
v 0.728041 -0.281856 0.203177
v 0.728876 -0.279365 0.208324
v 0.729164 -0.278506 0.214029
v 0.729164 -0.278506 0.287876
v 0.728876 -0.279365 0.293581
v 0.728041 -0.281856 0.298728
v 0.726741 -0.285736 0.302812
v 0.723286 -0.296046 0.306338
v 0.731517 -0.298242 0.195567
v 0.732674 -0.292646 0.196471
v 0.733719 -0.287598 0.199093
v 0.734548 -0.283592 0.203177
v 0.735080 -0.281020 0.208324
v 0.735263 -0.280134 0.214029
v 0.735263 -0.280134 0.287876
v 0.735080 -0.281020 0.293581
v 0.734548 -0.283592 0.298728
v 0.733719 -0.287598 0.302812
v 0.732674 -0.292646 0.305435
v 0.731517 -0.298242 0.306338
v 0.740427 -0.299564 0.195567
v 0.741869 -0.284678 0.203177
v 0.742123 -0.282065 0.208324
v 0.742210 -0.281164 0.214029
v 0.742210 -0.281164 0.287876
v 0.742123 -0.282065 0.293581
v 0.741869 -0.284678 0.298728
v 0.740427 -0.299564 0.306338
v 0.750013 -0.300005 0.195567
v 0.750056 -0.294296 0.196471
v 0.750096 -0.289146 0.199093
v 0.750127 -0.285059 0.203177
v 0.750147 -0.282434 0.208324
v 0.750154 -0.281530 0.214029
v 0.750154 -0.281530 0.287876
v 0.750147 -0.282434 0.293581
v 0.750127 -0.285059 0.298728
v 0.750096 -0.289146 0.302812
v 0.750056 -0.294296 0.305435
v 0.750013 -0.300005 0.306338
v 0.762368 -0.299249 0.195567
v 0.760557 -0.284416 0.203177
v 0.760239 -0.281812 0.208324
v 0.760129 -0.280915 0.214029
v 0.760129 -0.280915 0.287876
v 0.760239 -0.281812 0.293581
v 0.760557 -0.284416 0.298728
v 0.762368 -0.299249 0.306338
v 0.774543 -0.297031 0.195567
v 0.773206 -0.291482 0.196471
v 0.771999 -0.286477 0.199093
v 0.771041 -0.282505 0.203177
v 0.770426 -0.279955 0.208324
v 0.770214 -0.279076 0.214029
v 0.770214 -0.279076 0.287876
v 0.770426 -0.279955 0.293581
v 0.771041 -0.282505 0.298728
v 0.771999 -0.286477 0.302812
v 0.773206 -0.291482 0.305435
v 0.774543 -0.297031 0.306338
v 0.786590 -0.293428 0.195567
v 0.781589 -0.279349 0.203177
v 0.780711 -0.276878 0.208324
v 0.780409 -0.276026 0.214029
v 0.780409 -0.276026 0.287876
v 0.780711 -0.276878 0.293581
v 0.781589 -0.279349 0.298728
v 0.786590 -0.293428 0.306338
v 0.798561 -0.288518 0.195567
v 0.794001 -0.278668 0.199093
v 0.792285 -0.274961 0.203177
v 0.791183 -0.272580 0.208324
v 0.790803 -0.271760 0.214029
v 0.790803 -0.271760 0.287876
v 0.791183 -0.272580 0.293581
v 0.792285 -0.274961 0.298728
v 0.794001 -0.278668 0.302812
v 0.798561 -0.288518 0.306338
v 0.822476 -0.275082 0.195567
v 0.828181 -0.264727 0.196471
v 0.833327 -0.255385 0.199093
v 0.837411 -0.247972 0.203177
v 0.840034 -0.243213 0.208324
v 0.840937 -0.241572 0.214029
v 0.840937 -0.241572 0.287876
v 0.840034 -0.243213 0.293581
v 0.837411 -0.247972 0.298728
v 0.833327 -0.255385 0.302812
v 0.828181 -0.264727 0.305435
v 0.822476 -0.275082 0.306338
v 0.822476 -0.314775 0.195567
v 0.828181 -0.317893 0.196471
v 0.833327 -0.320706 0.199093
v 0.837411 -0.322938 0.203177
v 0.840034 -0.324371 0.208324
v 0.840937 -0.324865 0.214029
v 0.840937 -0.324865 0.287876
v 0.840034 -0.324371 0.293581
v 0.837411 -0.322938 0.298728
v 0.833327 -0.320706 0.302812
v 0.828181 -0.317893 0.305435
v 0.822476 -0.314775 0.306338
v 0.784863 -0.202864 0.195567
v 0.779207 -0.203662 0.196471
v 0.774104 -0.204381 0.199093
v 0.770055 -0.204952 0.203177
v 0.767455 -0.205319 0.208324
v 0.766559 -0.205445 0.214029
v 0.766559 -0.205445 0.287876
v 0.767455 -0.205319 0.293581
v 0.770055 -0.204952 0.298728
v 0.774104 -0.204381 0.302812
v 0.779207 -0.203662 0.305435
v 0.784863 -0.202864 0.306338
v 0.783500 -0.195773 0.195567
v 0.768986 -0.199388 0.203177
v 0.766438 -0.200023 0.208324
v 0.765560 -0.200241 0.214029
v 0.765560 -0.200241 0.287876
v 0.766438 -0.200023 0.293581
v 0.768986 -0.199388 0.298728
v 0.783500 -0.195773 0.306338
v 0.781484 -0.189220 0.195567
v 0.776131 -0.191220 0.196471
v 0.771302 -0.193025 0.199093
v 0.767469 -0.194458 0.203177
v 0.765009 -0.195377 0.208324
v 0.764161 -0.195694 0.214029
v 0.764161 -0.195694 0.287876
v 0.765009 -0.195377 0.293581
v 0.767469 -0.194458 0.298728
v 0.771302 -0.193025 0.302812
v 0.776131 -0.191220 0.305435
v 0.781484 -0.189220 0.306338
v 0.778834 -0.183234 0.195567
v 0.769193 -0.188263 0.199093
v 0.765564 -0.190156 0.203177
v 0.763235 -0.191372 0.208324
v 0.762432 -0.191791 0.214029
v 0.762432 -0.191791 0.287876
v 0.763235 -0.191372 0.293581
v 0.765564 -0.190156 0.298728
v 0.769193 -0.188263 0.302812
v 0.778834 -0.183234 0.306338
v 0.775568 -0.177844 0.195567
v 0.770891 -0.181134 0.196471
v 0.766671 -0.184102 0.199093
v 0.763323 -0.186457 0.203177
v 0.761173 -0.187970 0.208324
v 0.760432 -0.188491 0.214029
v 0.760432 -0.188491 0.287876
v 0.761173 -0.187970 0.293581
v 0.763323 -0.186457 0.298728
v 0.766671 -0.184102 0.302812
v 0.770891 -0.181134 0.305435
v 0.775568 -0.177844 0.306338
v 0.771705 -0.173080 0.195567
v 0.763764 -0.180515 0.199093
v 0.760775 -0.183314 0.203177
v 0.758855 -0.185111 0.208324
v 0.758194 -0.185730 0.214029
v 0.758194 -0.185730 0.287876
v 0.758855 -0.185111 0.293581
v 0.760775 -0.183314 0.298728
v 0.763764 -0.180515 0.302812
v 0.771705 -0.173080 0.306338
v 0.767266 -0.168969 0.195567
v 0.763696 -0.173438 0.196471
v 0.760474 -0.177470 0.199093
v 0.757918 -0.180669 0.203177
v 0.756277 -0.182723 0.208324
v 0.755711 -0.183431 0.214029
v 0.755711 -0.183431 0.287876
v 0.756277 -0.182723 0.293581
v 0.757918 -0.180669 0.298728
v 0.760474 -0.177470 0.302812
v 0.763696 -0.173438 0.305435
v 0.767266 -0.168969 0.306338
v 0.762269 -0.165541 0.195567
v 0.756781 -0.174936 0.199093
v 0.754715 -0.178472 0.203177
v 0.753389 -0.180742 0.208324
v 0.752932 -0.181524 0.214029
v 0.752932 -0.181524 0.287876
v 0.753389 -0.180742 0.293581
v 0.754715 -0.178472 0.298728
v 0.756781 -0.174936 0.302812
v 0.762269 -0.165541 0.306338
v 0.756734 -0.162825 0.195567
v 0.754582 -0.168124 0.196471
v 0.752640 -0.172904 0.199093
v 0.751099 -0.176697 0.203177
v 0.750110 -0.179133 0.208324
v 0.749769 -0.179972 0.214029
v 0.749769 -0.179972 0.287876
v 0.750110 -0.179133 0.293581
v 0.751099 -0.176697 0.298728
v 0.752640 -0.172904 0.302812
v 0.754582 -0.168124 0.305435
v 0.756734 -0.162825 0.306338
v 0.750679 -0.160849 0.195567
v 0.748002 -0.171390 0.199093
v 0.746994 -0.175357 0.203177
v 0.746347 -0.177905 0.208324
v 0.746124 -0.178782 0.214029
v 0.746124 -0.178782 0.287876
v 0.746347 -0.177905 0.293581
v 0.746994 -0.175357 0.298728
v 0.748002 -0.171390 0.302812
v 0.750679 -0.160849 0.306338
v 0.744125 -0.159642 0.195567
v 0.743440 -0.165317 0.196471
v 0.742823 -0.170436 0.199093
v 0.742333 -0.174499 0.203177
v 0.742018 -0.177108 0.208324
v 0.741910 -0.178006 0.214029
v 0.741910 -0.178006 0.287876
v 0.742018 -0.177108 0.293581
v 0.742333 -0.174499 0.298728
v 0.742823 -0.170436 0.302812
v 0.743440 -0.165317 0.305435
v 0.744125 -0.159642 0.306338
v 0.737090 -0.159233 0.195567
v 0.737032 -0.174191 0.203177
v 0.737022 -0.176817 0.208324
v 0.737018 -0.177722 0.214029
v 0.737018 -0.177722 0.287876
v 0.737022 -0.176817 0.293581
v 0.737032 -0.174191 0.298728
v 0.737090 -0.159233 0.306338
v 0.729503 -0.159616 0.195567
v 0.730102 -0.165298 0.196471
v 0.730642 -0.170424 0.199093
v 0.731071 -0.174492 0.203177
v 0.731346 -0.177103 0.208324
v 0.731441 -0.178003 0.214029
v 0.731441 -0.178003 0.287876
v 0.731346 -0.177103 0.293581
v 0.731071 -0.174492 0.298728
v 0.730642 -0.170424 0.302812
v 0.730102 -0.165298 0.305435
v 0.729503 -0.159616 0.306338
v 0.722440 -0.160753 0.195567
v 0.725699 -0.175356 0.203177
v 0.726272 -0.177920 0.208324
v 0.726469 -0.178804 0.214029
v 0.726469 -0.178804 0.287876
v 0.726272 -0.177920 0.293581
v 0.725699 -0.175356 0.298728
v 0.722440 -0.160753 0.306338
v 0.715902 -0.162630 0.195567
v 0.717831 -0.168012 0.196471
v 0.719571 -0.172866 0.199093
v 0.720953 -0.176719 0.203177
v 0.721839 -0.179193 0.208324
v 0.722145 -0.180045 0.214029
v 0.722145 -0.180045 0.287876
v 0.721839 -0.179193 0.293581
v 0.720953 -0.176719 0.298728
v 0.719571 -0.172866 0.302812
v 0.717831 -0.168012 0.305435
v 0.715902 -0.162630 0.306338
v 0.709892 -0.165234 0.195567
v 0.714882 -0.174898 0.199093
v 0.716759 -0.178536 0.203177
v 0.717965 -0.180871 0.208324
v 0.718381 -0.181676 0.214029
v 0.718381 -0.181676 0.287876
v 0.717965 -0.180871 0.293581
v 0.716759 -0.178536 0.298728
v 0.714882 -0.174898 0.302812
v 0.709892 -0.165234 0.306338
v 0.704415 -0.168549 0.195567
v 0.707706 -0.173226 0.196471
v 0.710674 -0.177445 0.199093
v 0.713030 -0.180793 0.203177
v 0.714542 -0.182943 0.208324
v 0.715064 -0.183684 0.214029
v 0.715064 -0.183684 0.287876
v 0.714542 -0.182943 0.293581
v 0.713030 -0.180793 0.298728
v 0.710674 -0.177445 0.302812
v 0.707706 -0.173226 0.305435
v 0.704415 -0.168549 0.306338
v 0.699473 -0.172561 0.195567
v 0.706885 -0.180521 0.199093
v 0.709674 -0.183518 0.203177
v 0.711465 -0.185441 0.208324
v 0.712082 -0.186104 0.214029
v 0.712082 -0.186104 0.287876
v 0.711465 -0.185441 0.293581
v 0.709674 -0.183518 0.298728
v 0.706885 -0.180521 0.302812
v 0.699473 -0.172561 0.306338
v 0.695070 -0.177255 0.195567
v 0.699484 -0.180889 0.196471
v 0.703466 -0.184167 0.199093
v 0.706626 -0.186768 0.203177
v 0.708654 -0.188438 0.208324
v 0.709354 -0.189013 0.214029
v 0.709354 -0.189013 0.287876
v 0.708654 -0.188438 0.293581
v 0.706626 -0.186768 0.298728
v 0.703466 -0.184167 0.302812
v 0.699484 -0.180889 0.305435
v 0.695070 -0.177255 0.306338
v 0.691208 -0.182618 0.195567
v 0.703854 -0.190616 0.203177
v 0.706075 -0.192021 0.208324
v 0.706840 -0.192504 0.214029
v 0.706840 -0.192504 0.287876
v 0.706075 -0.192021 0.293581
v 0.703854 -0.190616 0.298728
v 0.691208 -0.182618 0.306338
v 0.687891 -0.188635 0.195567
v 0.693039 -0.191115 0.196471
v 0.697682 -0.193353 0.199093
v 0.701367 -0.195128 0.203177
v 0.703733 -0.196268 0.208324
v 0.704548 -0.196661 0.214029
v 0.704548 -0.196661 0.287876
v 0.703733 -0.196268 0.293581
v 0.701367 -0.195128 0.298728
v 0.697682 -0.193353 0.302812
v 0.693039 -0.191115 0.305435
v 0.687891 -0.188635 0.306338
v 0.685123 -0.195292 0.195567
v 0.699196 -0.200348 0.203177
v 0.701667 -0.201235 0.208324
v 0.702519 -0.201541 0.214029
v 0.702519 -0.201541 0.287876
v 0.701667 -0.201235 0.293581
v 0.699196 -0.200348 0.298728
v 0.685123 -0.195292 0.306338
v 0.682905 -0.202573 0.195567
v 0.688436 -0.203995 0.196471
v 0.693425 -0.205278 0.199093
v 0.697385 -0.206296 0.203177
v 0.699927 -0.206949 0.208324
v 0.700803 -0.207175 0.214029
v 0.700803 -0.207175 0.287876
v 0.699927 -0.206949 0.293581
v 0.697385 -0.206296 0.298728
v 0.693425 -0.205278 0.302812
v 0.688436 -0.203995 0.305435
v 0.682905 -0.202573 0.306338
v 0.681242 -0.210465 0.195567
v 0.688275 -0.204760 0.196471
v 0.694619 -0.199614 0.199093
v 0.699654 -0.195529 0.203177
v 0.702886 -0.192907 0.208324
v 0.704000 -0.192003 0.214029
v 0.704000 -0.192003 0.287876
v 0.702886 -0.192907 0.293581
v 0.699654 -0.195529 0.298728
v 0.694619 -0.199614 0.302812
v 0.688275 -0.204760 0.305435
v 0.681242 -0.210465 0.306338
v 0.785552 -0.210465 0.195567
v 0.779306 -0.204760 0.196471
v 0.773672 -0.199614 0.199093
v 0.769200 -0.195529 0.203177
v 0.766330 -0.192907 0.208324
v 0.765340 -0.192003 0.214029
v 0.765340 -0.192003 0.287876
v 0.766330 -0.192907 0.293581
v 0.769200 -0.195529 0.298728
v 0.773672 -0.199614 0.302812
v 0.779306 -0.204760 0.305435
v 0.785552 -0.210465 0.306338
v 0.851092 -0.441238 0.195567
v 0.842112 -0.446943 0.196471
v 0.834011 -0.452090 0.199093
v 0.827583 -0.456174 0.203177
v 0.823455 -0.458797 0.208324
v 0.822033 -0.459700 0.214029
v 0.822033 -0.459700 0.287876
v 0.823455 -0.458797 0.293581
v 0.827583 -0.456174 0.298728
v 0.834011 -0.452090 0.302812
v 0.842112 -0.446943 0.305435
v 0.851092 -0.441238 0.306338
v 0.921708 -0.290774 0.195567
v 0.915377 -0.290835 0.196471
v 0.909667 -0.290890 0.199093
v 0.905134 -0.290933 0.203177
v 0.902225 -0.290961 0.208324
v 0.901222 -0.290970 0.214029
v 0.901222 -0.290970 0.287876
v 0.902225 -0.290961 0.293581
v 0.905134 -0.290933 0.298728
v 0.909667 -0.290890 0.302812
v 0.915377 -0.290835 0.305435
v 0.921708 -0.290774 0.306338
v 0.841399 -0.127848 0.195567
v 0.832226 -0.122143 0.196471
v 0.823952 -0.116997 0.199093
v 0.817385 -0.112912 0.203177
v 0.813169 -0.110290 0.208324
v 0.811716 -0.109386 0.214029
v 0.811716 -0.109386 0.287876
v 0.813169 -0.110290 0.293581
v 0.817385 -0.112912 0.298728
v 0.823952 -0.116997 0.302812
v 0.832226 -0.122143 0.305435
v 0.841399 -0.127848 0.306338
v 0.888015 -0.127848 0.195567
v 0.891611 -0.122143 0.196471
v 0.894854 -0.116997 0.199093
v 0.897428 -0.112912 0.203177
v 0.899081 -0.110290 0.208324
v 0.899650 -0.109386 0.214029
v 0.899650 -0.109386 0.287876
v 0.899081 -0.110290 0.293581
v 0.897428 -0.112912 0.298728
v 0.894854 -0.116997 0.302812
v 0.891611 -0.122143 0.305435
v 0.888015 -0.127848 0.306338
v 0.943862 -0.244620 0.195567
v 0.943753 -0.231169 0.196471
v 0.943655 -0.219035 0.199093
v 0.943577 -0.209405 0.203177
v 0.943527 -0.203223 0.208324
v 0.943510 -0.201092 0.214029
v 0.943510 -0.201092 0.287876
v 0.943527 -0.203223 0.293581
v 0.943577 -0.209405 0.298728
v 0.943655 -0.219035 0.302812
v 0.943753 -0.231169 0.305435
v 0.943862 -0.244620 0.306338
v 0.997402 -0.127848 0.195567
v 0.993741 -0.122143 0.196471
v 0.990439 -0.116997 0.199093
v 0.987819 -0.112912 0.203177
v 0.986136 -0.110290 0.208324
v 0.985556 -0.109386 0.214029
v 0.985556 -0.109386 0.287876
v 0.986136 -0.110290 0.293581
v 0.987819 -0.112912 0.298728
v 0.990439 -0.116997 0.302812
v 0.993741 -0.122143 0.305435
v 0.997402 -0.127848 0.306338
v 1.043556 -0.127848 0.195567
v 1.052528 -0.122143 0.196471
v 1.060621 -0.116997 0.199093
v 1.067044 -0.112912 0.203177
v 1.071168 -0.110290 0.208324
v 1.072589 -0.109386 0.214029
v 1.072589 -0.109386 0.287876
v 1.071168 -0.110290 0.293581
v 1.067044 -0.112912 0.298728
v 1.060621 -0.116997 0.302812
v 1.052528 -0.122143 0.305435
v 1.043556 -0.127848 0.306338
v 0.896785 -0.441238 0.195567
v 0.900412 -0.446943 0.196471
v 0.903685 -0.452090 0.199093
v 0.906282 -0.456174 0.203177
v 0.907950 -0.458797 0.208324
v 0.908524 -0.459700 0.214029
v 0.908524 -0.459700 0.287876
v 0.907950 -0.458797 0.293581
v 0.906282 -0.456174 0.298728
v 0.903685 -0.452090 0.302812
v 0.900412 -0.446943 0.305435
v 0.896785 -0.441238 0.306338
vn -0.0000 -0.0000 1.0000
vn -0.0000 -0.0000 -1.0000
vn 0.1203 0.1203 -0.9854
vn 0.0787 -0.0787 -0.9938
vn 0.1203 -0.1203 -0.9854
vn 0.2882 0.2882 -0.9132
vn 0.2882 -0.2882 -0.9132
vn 0.4666 0.4666 -0.7513
vn 0.4666 -0.4666 -0.7513
vn 0.6319 0.6319 -0.4487
vn 0.6319 -0.6319 -0.4487
vn 0.7024 0.7024 -0.1158
vn 0.7024 -0.7023 -0.1158
vn 0.7024 0.7023 0.1158
vn 0.7024 -0.7023 0.1158
vn 0.6319 0.6319 0.4487
vn 0.6319 -0.6319 0.4487
vn 0.4666 0.4666 0.7513
vn 0.4666 -0.4666 0.7513
vn 0.2882 0.2882 0.9132
vn 0.2882 -0.2882 0.9132
vn 0.1203 0.1203 0.9854
vn 0.1203 -0.1203 0.9854
vn 0.0787 0.0787 0.9938
vn 0.0787 -0.0787 0.9938
vn 0.0787 0.0787 -0.9938
vn 0.1980 0.1980 -0.9600
vn 0.3610 0.3610 -0.8599
vn 0.5226 0.5226 -0.6736
vn 0.6543 0.6543 -0.3793
vn 0.7032 0.7032 0.1049
vn 0.6543 0.6543 0.3792
vn 0.5226 0.5226 0.6736
vn 0.3610 0.3610 0.8599
vn 0.1980 0.1980 0.9600
vn 0.1980 -0.1980 -0.9600
vn 0.3610 -0.3610 -0.8599
vn 0.5226 -0.5226 -0.6736
vn 0.6543 -0.6543 -0.3793
vn 0.7032 -0.7032 -0.1049
vn 0.7032 0.7032 -0.1049
vn 0.7032 -0.7032 0.1049
vn 0.6543 -0.6543 0.3793
vn 0.5226 -0.5226 0.6736
vn 0.3610 -0.3610 0.8599
vn 0.1980 -0.1980 0.9600
vn 0.7024 0.7023 -0.1158
vn 0.6543 0.6543 0.3793
vn -0.1980 -0.1980 -0.9600
vn -0.3610 -0.3610 -0.8599
vn -0.5226 -0.5226 -0.6736
vn -0.6543 -0.6543 -0.3793
vn -0.7032 -0.7032 0.1049
vn -0.6543 -0.6543 0.3793
vn -0.5226 -0.5226 0.6736
vn -0.3610 -0.3610 0.8599
vn -0.1980 -0.1980 0.9600
vn -0.0787 -0.0787 0.9938
vn -0.1980 0.1980 -0.9600
vn -0.0787 -0.0787 -0.9938
vn -0.3610 0.3610 -0.8599
vn -0.5226 0.5226 -0.6736
vn -0.6543 0.6543 -0.3793
vn -0.7032 0.7032 -0.1049
vn -0.7032 -0.7032 -0.1049
vn -0.7032 0.7032 0.1049
vn -0.6543 0.6543 0.3793
vn -0.5226 0.5226 0.6736
vn -0.3610 0.3610 0.8599
vn -0.1980 0.1980 0.9600
vn -0.0787 0.0787 0.9938
vn -0.0787 0.0787 -0.9938
vn -0.6543 -0.6543 -0.3792
vn 0.6543 0.6543 -0.3792
vn -0.1242 -0.2962 -0.9470
vn 0.0555 -0.0228 -0.9982
vn 0.1594 -0.0654 -0.9850
vn -0.2256 -0.5379 -0.8123
vn 0.3038 -0.1247 -0.9446
vn -0.3098 -0.7386 -0.5987
vn 0.5055 -0.2074 -0.8375
vn -0.3666 -0.8740 -0.3189
vn 0.7745 -0.3179 -0.5469
vn -0.3854 -0.9190 -0.0832
vn 0.9105 -0.3737 -0.1771
vn -0.3854 -0.9190 0.0832
vn 0.9105 -0.3737 0.1771
vn 0.7745 -0.3179 0.5469
vn 0.5055 -0.2074 0.8375
vn -0.3666 -0.8740 0.3189
vn 0.3038 -0.1247 0.9446
vn -0.3098 -0.7386 0.5987
vn 0.1594 -0.0654 0.9850
vn -0.2256 -0.5379 0.8123
vn 0.0555 -0.0228 0.9982
vn -0.1242 -0.2962 0.9470
vn -0.1145 -0.0024 -0.9934
vn -0.0559 -0.1333 -0.9895
vn -0.2852 -0.0059 -0.9585
vn -0.5189 -0.0107 -0.8548
vn -0.7464 -0.0154 -0.6653
vn -0.9280 -0.0191 -0.3722
vn -0.9945 -0.0205 0.1023
vn -0.9280 -0.0191 0.3722
vn -0.7464 -0.0154 0.6653
vn -0.5189 -0.0107 0.8548
vn -0.2852 -0.0059 0.9585
vn -0.1145 -0.0024 0.9934
vn -0.0559 -0.1333 0.9895
vn -0.1300 0.2929 -0.9473
vn -0.2358 0.5313 -0.8137
vn -0.3243 0.7306 -0.6009
vn -0.3843 0.8657 -0.3206
vn -0.4043 0.9108 -0.0839
vn -0.9945 -0.0205 -0.1023
vn -0.4043 0.9108 0.0839
vn -0.3843 0.8657 0.3206
vn -0.3243 0.7306 0.6009
vn -0.2358 0.5313 0.8137
vn -0.1300 0.2928 0.9473
vn 0.0595 0.0271 -0.9979
vn -0.0581 0.1310 -0.9897
vn 0.1689 0.0768 -0.9826
vn 0.3202 0.1455 -0.9361
vn 0.5235 0.2380 -0.8181
vn 0.7761 0.3528 -0.5227
vn 0.8978 0.4081 0.1653
vn 0.7761 0.3528 0.5227
vn 0.5235 0.2380 0.8181
vn 0.3202 0.1455 0.9361
vn 0.1689 0.0768 0.9826
vn 0.0595 0.0271 0.9979
vn -0.0581 0.1310 0.9897
vn 0.1773 0.0066 -0.9841
vn 0.4196 0.0156 -0.9076
vn 0.6723 0.0250 -0.7399
vn 0.8991 0.0334 -0.4366
vn 0.9930 0.0369 -0.1122
vn 0.8978 0.4081 -0.1653
vn 0.9930 0.0369 0.1122
vn 0.8991 0.0334 0.4366
vn 0.6723 0.0250 0.7399
vn 0.4196 0.0156 0.9076
vn 0.1773 0.0066 0.9841
vn 0.1145 0.0043 -0.9934
vn 0.1145 0.0043 0.9934
vn 0.2738 -0.1629 0.9479
vn 0.2411 -0.5384 0.8075
vn 0.4939 -0.2904 0.8196
vn 0.3315 -0.7361 -0.5902
vn 0.4939 -0.2904 -0.8196
vn 0.6866 -0.3876 -0.6151
vn 0.4581 -0.8147 0.3556
vn 0.8259 -0.4579 0.3289
vn 0.6866 -0.3876 0.6151
vn -0.3796 0.8889 0.2565
vn -0.2916 0.9047 0.3105
vn -0.2586 0.7678 0.5861
vn 0.4864 -0.8702 0.0783
vn 0.8713 -0.4829 -0.0868
vn 0.8713 -0.4829 0.0868
vn 0.4864 -0.8702 -0.0783
vn 0.8259 -0.4579 -0.3289
vn 0.2916 -0.1181 -0.9492
vn 0.4957 -0.2900 -0.8187
vn 0.2448 -0.1981 -0.9491
vn 0.2411 -0.5384 -0.8075
vn 0.2738 -0.1629 -0.9479
vn 0.2846 0.9079 -0.3077
vn 0.1609 0.7780 -0.6073
vn 0.1926 0.9318 -0.3076
vn -0.5523 -0.1934 0.8109
vn -0.2969 -0.0484 0.9537
vn -0.2803 -0.1025 0.9544
vn 0.3953 -0.9152 -0.0783
vn 0.3953 -0.9152 0.0783
vn 0.3773 -0.8735 -0.3076
vn 0.4581 -0.8147 -0.3556
vn 0.3192 0.8950 -0.3117
vn 0.3883 0.7065 -0.5917
vn 0.4577 0.8327 -0.3115
vn 0.2314 -0.7551 0.6134
vn 0.3315 -0.7361 0.5902
vn 0.2314 -0.7551 -0.6134
vn 0.2790 -0.9097 -0.3075
vn 0.2923 -0.9531 -0.0783
vn 0.2923 -0.9531 0.0783
vn 0.5816 0.0958 -0.8078
vn 0.2068 -0.1856 -0.9606
vn 0.3152 0.0570 -0.9473
vn 0.1265 -0.2950 0.9471
vn 0.1032 -0.5805 0.8077
vn 0.2018 0.9763 -0.0783
vn 0.0970 0.9466 -0.3076
vn 0.1017 0.9917 -0.0783
vn 0.1853 -0.9796 -0.0783
vn -0.4882 -0.6417 0.5915
vn -0.4683 -0.8270 0.3111
vn -0.5760 -0.7558 0.3114
vn 0.1768 -0.9350 -0.3075
vn -0.0643 0.5864 -0.8074
vn -0.0921 0.2835 -0.9545
vn -0.0322 0.2949 -0.9550
vn 0.0858 -0.9932 0.0783
vn 0.1768 -0.9350 0.3075
vn 0.0800 -0.9329 0.3510
vn 0.0858 -0.9932 -0.0783
vn 0.1853 -0.9796 0.0783
vn 0.1397 -0.7955 -0.5897
vn 0.0045 -0.5925 -0.8055
vn 0.1032 -0.5805 -0.8077
vn 0.0950 0.1009 0.9904
vn 0.1745 0.2459 0.9535
vn 0.2352 0.1882 0.9536
vn -0.0142 -0.9514 0.3077
vn -0.0149 -0.9968 -0.0783
vn -0.0149 -0.9968 0.0783
vn -0.0142 -0.9514 -0.3077
vn 0.0800 -0.9330 -0.3510
vn 0.1397 -0.7955 0.5897
vn 0.0045 -0.5925 0.8055
vn -0.0010 -0.3166 0.9486
vn 0.0606 -0.3150 0.9472
vn -0.0968 -0.9922 -0.0787
vn -0.1944 -0.9778 0.0787
vn -0.0968 -0.9922 0.0787
vn -0.2968 -0.5080 0.8086
vn -0.3633 -0.4547 0.8132
vn -0.1864 -0.2335 0.9543
vn -0.0026 -0.8078 -0.5894
vn -0.0801 -0.5628 -0.8227
vn -0.1145 -0.8027 -0.5853
vn -0.1344 -0.9420 -0.3076
vn -0.1408 -0.9869 0.0784
vn -0.1344 -0.9420 0.3076
vn -0.1145 -0.8027 0.5853
vn -0.0026 -0.8078 0.5894
vn -0.0801 -0.5628 0.8227
vn -0.0010 -0.3166 -0.9485
vn -0.0873 -0.3025 -0.9491
vn -0.1687 -0.5670 -0.8062
vn -0.2313 -0.7771 -0.5853
vn -0.1408 -0.9869 -0.0784
vn -0.2714 -0.9120 -0.3076
vn -0.2843 -0.9555 0.0784
vn -0.2714 -0.9120 0.3076
vn -0.2313 -0.7771 0.5853
vn -0.1687 -0.5670 0.8062
vn -0.1365 -0.2838 -0.9491
vn -0.2518 -0.5354 -0.8062
vn -0.3451 -0.7337 -0.5853
vn -0.2843 -0.9555 -0.0784
vn -0.4050 -0.8610 -0.3076
vn -0.4243 -0.9021 0.0784
vn -0.4050 -0.8610 0.3076
vn -0.3451 -0.7337 0.5853
vn -0.2518 -0.5354 0.8062
vn -0.1365 -0.2838 0.9491
vn -0.0873 -0.3025 0.9491
vn 0.2604 -0.1731 -0.9498
vn 0.4734 -0.3083 -0.8251
vn 0.1783 -0.5027 -0.8459
vn -0.3171 -0.4745 0.8211
vn -0.4505 -0.6741 -0.5853
vn -0.5287 -0.7911 -0.3076
vn -0.5540 -0.8288 -0.0784
vn -0.4243 -0.9021 -0.0784
vn -0.5540 -0.8288 0.0784
vn -0.5287 -0.7911 0.3076
vn -0.4505 -0.6741 0.5853
vn -0.3171 -0.4745 -0.8211
vn -0.2106 -0.2336 -0.9492
vn -0.5433 -0.6018 -0.5854
vn -0.6377 -0.7062 -0.3076
vn -0.6681 -0.7399 -0.0784
vn -0.6681 -0.7399 0.0784
vn -0.6377 -0.7062 0.3076
vn -0.5433 -0.6018 0.5854
vn -0.4386 -0.3677 0.8200
vn -0.3964 -0.4390 0.8063
vn -0.2106 -0.2336 0.9492
vn -0.6213 -0.5208 -0.5854
vn -0.3964 -0.4390 -0.8063
vn -0.7292 -0.6113 -0.3077
vn -0.7640 -0.6404 -0.0784
vn -0.7640 -0.6404 0.0784
vn -0.7292 -0.6113 0.3077
vn -0.6213 -0.5208 0.5854
vn -0.6841 -0.4350 -0.5855
vn -0.4386 -0.3677 -0.8200
vn -0.8029 -0.5106 -0.3077
vn -0.8412 -0.5350 -0.0784
vn -0.8412 -0.5350 0.0784
vn -0.8029 -0.5106 0.3077
vn -0.6841 -0.4350 0.5855
vn -0.5535 -0.1876 -0.8114
vn -0.2715 -0.1658 -0.9480
vn -0.5007 -0.3080 -0.8090
vn -0.4890 -0.3261 -0.8090
vn -0.6908 -0.3587 -0.6278
vn -0.5465 -0.2063 -0.8116
vn -0.8598 -0.4075 -0.3077
vn -0.9008 -0.4270 -0.0784
vn -0.9008 -0.4270 0.0784
vn -0.8598 -0.4075 0.3077
vn -0.7128 -0.3378 -0.6146
vn -0.2715 -0.1659 -0.9480
vn -0.9015 -0.3043 -0.3078
vn -0.9446 -0.3188 -0.0784
vn -0.9446 -0.3188 0.0784
vn -0.7128 -0.3378 0.6146
vn -0.9015 -0.3043 0.3078
vn -0.5813 -0.0617 0.8113
vn -0.3042 -0.1034 0.9470
vn -0.3189 -0.0338 0.9472
vn 0.0163 0.9502 -0.3113
vn 0.1391 0.7937 -0.5922
vn 0.1641 0.9359 -0.3118
vn -0.9298 -0.2018 -0.3078
vn -0.7680 -0.2592 -0.5857
vn -0.9742 -0.2114 -0.0784
vn -0.9742 -0.2114 0.0784
vn -0.7680 -0.2592 0.5857
vn -0.9298 -0.2018 0.3078
vn -0.7720 -0.1675 -0.6131
vn -0.5813 -0.0617 -0.8113
vn -0.3042 -0.1034 -0.9470
vn -0.9461 -0.1004 -0.3078
vn -0.9914 -0.1052 -0.0784
vn -0.9914 -0.1052 0.0784
vn -0.7720 -0.1675 0.6131
vn -0.9461 -0.1004 0.3078
vn -0.1654 -0.7938 0.5853
vn -0.0931 -0.9470 0.3076
vn -0.0769 -0.7840 0.6159
vn -0.5907 -0.7461 0.3072
vn -0.6429 -0.7618 0.0791
vn -0.6124 -0.7259 0.3129
vn -0.9514 0.0004 -0.3078
vn -0.8059 -0.0855 -0.5858
vn -0.9969 0.0004 -0.0784
vn -0.9969 0.0004 0.0784
vn -0.8059 -0.0855 0.5858
vn -0.9514 0.0004 0.3078
vn -0.7894 0.0006 -0.6139
vn -0.5811 0.0649 -0.8113
vn -0.3189 -0.0338 -0.9472
vn -0.1553 0.0170 -0.9877
vn -0.1756 0.0003 -0.9845
vn -0.3188 0.0360 -0.9471
vn -0.8057 0.0884 -0.5857
vn -0.9458 0.1038 -0.3078
vn -0.9910 0.1087 0.0784
vn -0.9458 0.1038 0.3078
vn -0.8057 0.0884 0.5857
vn -0.7894 0.0006 0.6139
vn -0.3243 -0.4244 -0.8454
vn -0.5189 -0.6148 -0.5939
vn -0.5035 -0.6361 -0.5847
vn -0.7682 0.1753 -0.6158
vn -0.5557 0.1914 -0.8090
vn -0.9910 0.1087 -0.0784
vn -0.9276 0.2119 -0.3078
vn -0.9719 0.2220 0.0784
vn -0.9276 0.2119 0.3078
vn -0.7682 0.1753 0.6158
vn -0.5557 0.1914 0.8090
vn -0.7624 0.2753 0.5856
vn -0.3011 0.1025 -0.9481
vn -0.7624 0.2753 -0.5856
vn -0.9719 0.2220 -0.0784
vn -0.8949 0.3232 -0.3077
vn -0.9377 0.3386 0.0784
vn -0.8949 0.3232 0.3077
vn -0.5097 0.2618 -0.8196
vn -0.2578 0.1799 -0.9493
vn -0.7210 0.3706 -0.5855
vn -0.9377 0.3386 -0.0784
vn -0.8463 0.4349 -0.3077
vn -0.8867 0.4557 0.0784
vn -0.8463 0.4349 0.3077
vn -0.7210 0.3706 0.5855
vn -0.5097 0.2618 0.8196
vn -0.4852 0.3380 -0.8064
vn -0.6652 0.4635 -0.5854
vn -0.8867 0.4557 -0.0784
vn -0.7807 0.5439 -0.3077
vn -0.8180 0.5699 0.0784
vn -0.7807 0.5439 0.3077
vn -0.6652 0.4635 0.5854
vn -0.4852 0.3380 0.8064
vn -0.2881 -0.9544 0.0787
vn -0.3689 -0.8796 0.3003
vn -0.2794 -0.9244 0.2595
vn -0.4205 0.3892 -0.8196
vn -0.1984 0.2441 -0.9492
vn -0.5950 0.5508 -0.5854
vn -0.8180 0.5699 -0.0784
vn -0.6983 0.6464 -0.3076
vn -0.7316 0.6772 0.0784
vn -0.6983 0.6464 0.3076
vn -0.5950 0.5508 0.5854
vn -0.4205 0.3892 0.8196
vn -0.0921 0.2835 0.9545
vn -0.0643 0.5864 0.8074
vn -0.0322 0.2949 0.9550
vn -0.3732 0.4589 -0.8063
vn -0.5115 0.6290 -0.5854
vn -0.7316 0.6772 -0.0784
vn -0.6003 0.7382 -0.3076
vn -0.6290 0.7735 0.0784
vn -0.6003 0.7382 0.3076
vn -0.5115 0.6290 0.5854
vn -0.3732 0.4589 0.8063
vn -0.2947 0.4912 0.8197
vn -0.1984 0.2441 0.9492
vn -0.2947 0.4912 -0.8197
vn -0.4172 0.6952 -0.5854
vn -0.6290 0.7735 -0.0784
vn -0.4896 0.8159 -0.3076
vn -0.5129 0.8548 0.0784
vn -0.4896 0.8159 0.3076
vn -0.4172 0.6952 0.5854
vn -0.1223 0.2897 -0.9493
vn 0.0391 0.1744 -0.9839
vn 0.0129 0.1557 -0.9877
vn 0.0346 0.3175 -0.9476
vn -0.3151 0.7470 -0.5854
vn -0.3698 0.8767 -0.3076
vn -0.3875 0.9185 -0.0784
vn -0.5130 0.8548 -0.0784
vn -0.3875 0.9185 0.0784
vn -0.3698 0.8767 0.3076
vn -0.3151 0.7470 0.5854
vn -0.1477 0.5531 0.8199
vn -0.2299 0.5449 0.8064
vn -0.1223 0.2897 0.9493
vn -0.2092 0.7833 -0.5854
vn -0.2299 0.5449 -0.8064
vn -0.2456 0.9193 -0.3077
vn -0.2573 0.9631 -0.0784
vn -0.2573 0.9631 0.0784
vn -0.2456 0.9193 0.3077
vn -0.2092 0.7833 0.5854
vn -0.0404 -0.1187 0.9921
vn -0.0305 -0.1534 0.9877
vn -0.0597 -0.2915 0.9547
vn -0.1033 0.8041 -0.5855
vn -0.1477 0.5531 -0.8199
vn -0.1212 0.9437 -0.3077
vn -0.1270 0.9888 -0.0784
vn -0.1270 0.9888 0.0784
vn -0.1212 0.9437 0.3077
vn -0.1033 0.8041 0.5855
vn 0.0191 0.1550 -0.9877
vn -0.0005 0.1768 -0.9843
vn 0.0332 0.3165 -0.9480
vn -0.0009 0.5886 0.8084
vn -0.0699 0.3105 0.9480
vn -0.0040 0.3191 0.9477
vn 0.1168 -0.9867 0.1135
vn 0.0802 -0.9845 -0.1560
vn 0.1168 -0.9867 -0.1135
vn -0.0019 0.9515 -0.3077
vn -0.0020 0.9969 -0.0784
vn -0.0020 0.9969 0.0784
vn -0.0019 0.9515 0.3077
vn -0.0664 0.5842 -0.8089
vn -0.0018 0.7884 -0.6151
vn 0.0628 0.5844 -0.8090
vn 0.0990 0.8046 -0.5855
vn 0.1162 0.9444 -0.3077
vn 0.1218 0.9895 0.0784
vn 0.1162 0.9444 0.3077
vn 0.0990 0.8046 0.5855
vn -0.0018 0.7884 0.6151
vn 0.1458 0.5543 -0.8194
vn 0.2063 0.7841 -0.5854
vn 0.1218 0.9895 -0.0784
vn 0.2421 0.9202 -0.3076
vn 0.2537 0.9641 0.0784
vn 0.2421 0.9202 0.3076
vn 0.2063 0.7841 0.5854
vn 0.1458 0.5543 0.8194
vn 0.0628 0.5844 0.8090
vn 0.1244 0.2893 -0.9491
vn 0.2330 0.5438 -0.8062
vn 0.3194 0.7453 -0.5853
vn 0.2537 0.9641 -0.0784
vn 0.3748 0.8746 -0.3076
vn 0.3927 0.9163 0.0784
vn 0.3748 0.8746 0.3076
vn 0.3194 0.7453 0.5853
vn 0.2330 0.5438 0.8062
vn 0.3048 0.4846 0.8199
vn 0.1244 0.2893 0.9491
vn 0.3048 0.4846 -0.8199
vn 0.4318 0.6864 -0.5852
vn 0.3927 0.9163 -0.0784
vn 0.5066 0.8054 -0.3075
vn 0.5308 0.8439 0.0784
vn 0.5066 0.8054 0.3075
vn 0.4318 0.6864 0.5852
vn 0.3048 0.4845 0.8199
vn 0.2058 0.2388 -0.9490
vn 0.2812 -0.0943 -0.9550
vn 0.1349 -0.0711 -0.9883
vn 0.2387 -0.1777 -0.9547
vn 0.3910 0.4442 -0.8061
vn 0.5358 0.6087 -0.5852
vn 0.5308 0.8439 -0.0784
vn 0.6287 0.7142 -0.3075
vn 0.6587 0.7483 0.0784
vn 0.6287 0.7142 0.3075
vn 0.5358 0.6087 0.5852
vn 0.3910 0.4442 0.8061
vn 0.4558 0.3773 -0.8062
vn 0.6246 0.5171 -0.5852
vn 0.7330 0.6068 -0.3076
vn 0.7679 0.6357 -0.0784
vn 0.6587 0.7483 -0.0784
vn 0.7679 0.6357 0.0784
vn 0.7330 0.6068 0.3076
vn 0.6246 0.5171 0.5852
vn 0.2058 0.2388 0.9490
vn 0.4558 0.3773 0.8062
vn 0.2944 0.1207 0.9480
vn 0.5434 0.2245 0.8089
vn 0.4901 0.2953 0.8202
vn 0.6943 0.4186 -0.5854
vn 0.8149 0.4913 -0.3076
vn 0.8538 0.5147 -0.0784
vn 0.8538 0.5147 0.0784
vn 0.8149 0.4913 0.3076
vn 0.6943 0.4186 0.5854
vn 0.7447 0.3203 -0.5855
vn 0.4901 0.2953 -0.8202
vn 0.8741 0.3760 -0.3077
vn 0.9158 0.3939 -0.0784
vn 0.9158 0.3939 0.0784
vn 0.8741 0.3760 0.3077
vn 0.7447 0.3203 0.5855
vn 0.5816 0.0958 0.8078
vn 0.7560 0.2206 0.6163
vn 0.9133 0.2669 -0.3078
vn 0.9569 0.2796 -0.0784
vn 0.9569 0.2796 0.0784
vn 0.9133 0.2669 0.3078
vn -0.1632 0.2511 0.9541
vn -0.0833 0.2854 0.9548
vn -0.0640 0.1368 0.9885
vn 0.2944 0.1207 -0.9480
vn 0.5434 0.2245 -0.8089
vn 0.9367 0.1520 -0.3153
vn 0.7560 0.2206 -0.6163
vn 0.9814 0.1755 -0.0784
vn 0.9814 0.1755 0.0784
vn 0.9367 0.1520 0.3153
vn 0.1434 0.0617 0.9877
vn 0.1708 0.0497 0.9841
vn 0.2068 -0.1856 0.9606
vn 0.3152 0.0570 0.9473
vn 0.3731 -0.3407 0.8630
vn 0.8026 0.1203 0.5842
vn 0.5386 -0.4988 -0.6790
vn 0.8026 0.1203 -0.5842
vn 0.9852 0.0770 0.1534
vn 0.0575 0.5861 -0.8082
vn 0.1728 0.7676 -0.6172
vn 0.1928 0.5552 -0.8090
vn 0.3731 -0.3407 -0.8630
vn -0.1344 -0.0701 -0.9884
vn -0.2803 -0.1025 -0.9544
vn -0.2448 -0.1729 -0.9540
vn 0.7168 -0.6891 0.1068
vn 0.9852 0.0770 -0.1534
vn 0.1134 -0.0930 -0.9892
vn 0.0787 -0.0756 -0.9940
vn -0.6682 -0.7258 -0.1631
vn -0.6146 -0.7764 -0.1395
vn -0.5735 -0.8146 -0.0871
vn 0.6674 -0.6351 -0.3889
vn -0.5954 -0.8033 -0.0122
vn 0.7168 -0.6891 -0.1068
vn -0.5954 -0.8033 0.0122
vn 0.6674 -0.6351 0.3889
vn 0.5386 -0.4988 0.6790
vn -0.5735 -0.8146 0.0871
vn -0.6146 -0.7764 0.1395
vn -0.6682 -0.7258 0.1631
vn 0.0787 -0.0756 0.9940
vn 0.1134 -0.0930 0.9892
vn -0.4912 -0.8675 0.0788
vn -0.6045 -0.7927 -0.0788
vn -0.6045 -0.7927 0.0788
vn -0.2131 0.9735 -0.0825
vn -0.2020 0.9725 -0.1163
vn -0.1574 0.9856 -0.0612
vn -0.1921 0.9813 -0.0079
vn -0.1921 0.9813 0.0079
vn -0.1574 0.9856 0.0612
vn -0.2020 0.9725 0.1162
vn -0.2131 0.9735 0.0824
vn 0.0290 -0.1537 -0.9877
vn 0.0515 -0.1681 -0.9844
vn 0.0606 -0.3150 -0.9472
vn 0.2910 0.0783 0.9535
vn 0.5320 0.2450 0.8105
vn 0.7697 0.2722 0.5774
vn 0.8959 0.3172 -0.3109
vn 0.9397 0.3327 -0.0788
vn 0.9397 0.3327 0.0788
vn 0.8959 0.3172 0.3109
vn 0.4091 -0.8988 0.1572
vn 0.4246 -0.8948 0.1379
vn 0.3282 -0.8902 0.3159
vn -0.2132 0.9735 0.0825
vn 0.8558 0.4132 -0.3112
vn 0.7697 0.2722 -0.5774
vn 0.8977 0.4334 -0.0788
vn 0.8977 0.4334 0.0788
vn 0.8558 0.4132 0.3112
vn 0.0934 0.5853 0.8054
vn 0.0508 0.3116 0.9488
vn 0.2328 0.1915 0.9535
vn 0.4446 0.3763 0.8128
vn 0.4987 0.3203 0.8054
vn 0.6783 0.4359 -0.5915
vn 0.5320 0.2450 -0.8105
vn 0.7263 0.3507 -0.5911
vn 0.7995 0.5137 -0.3114
vn 0.8387 0.5389 -0.0789
vn 0.8387 0.5389 0.0789
vn 0.7263 0.3507 0.5911
vn 0.7995 0.5137 0.3114
vn 0.6783 0.4359 0.5915
vn 0.2704 0.1278 -0.9542
vn 0.4987 0.3203 -0.8054
vn 0.2910 0.0783 -0.9535
vn 0.1409 0.0498 -0.9888
vn 0.6152 0.5208 -0.5919
vn 0.7252 0.6139 -0.3116
vn 0.7609 0.6441 -0.0789
vn 0.7609 0.6441 0.0789
vn 0.7252 0.6139 0.3116
vn 0.6152 0.5208 0.5919
vn 0.2704 0.1278 0.9542
vn 0.1409 0.0498 0.9888
vn 0.3884 0.4338 -0.8130
vn 0.2328 0.1915 -0.9535
vn 0.4446 0.3763 -0.8128
vn 0.5376 0.6004 -0.5920
vn 0.6339 0.7078 -0.3118
vn 0.6650 0.7426 -0.0789
vn 0.6650 0.7426 0.0789
vn 0.6339 0.7078 0.3118
vn 0.5376 0.6004 0.5920
vn 0.3884 0.4338 0.8130
vn 0.3296 0.4920 0.8058
vn 0.1973 0.2274 0.9536
vn 0.3296 0.4920 -0.8058
vn 0.4486 0.6696 -0.5920
vn 0.5289 0.7894 -0.3117
vn 0.5548 0.8282 0.0789
vn 0.5289 0.7894 0.3117
vn 0.4486 0.6696 0.5920
vn 0.2352 0.1882 -0.9536
vn 0.4546 0.3638 -0.8130
vn 0.4197 0.4459 -0.7906
vn 0.2550 0.5238 -0.8128
vn 0.3529 0.7247 -0.5918
vn 0.5548 0.8282 -0.0789
vn 0.4160 0.8543 -0.3116
vn 0.4364 0.8963 0.0789
vn 0.4160 0.8543 0.3116
vn 0.3529 0.7247 0.5918
vn 0.2550 0.5238 0.8128
vn 0.1320 0.2700 0.9538
vn 0.0831 0.1240 0.9888
vn 0.1883 0.5622 0.8053
vn 0.1883 0.5622 -0.8053
vn 0.2562 0.7645 -0.5915
vn 0.4364 0.8963 -0.0789
vn 0.3019 0.9010 -0.3114
vn 0.3168 0.9452 0.0789
vn 0.3019 0.9010 0.3114
vn 0.2562 0.7645 0.5915
vn 0.1320 0.2700 -0.9538
vn 0.1084 0.5756 -0.8105
vn 0.1634 0.7899 -0.5911
vn 0.3168 0.9452 -0.0789
vn 0.1925 0.9307 -0.3111
vn 0.2020 0.9762 0.0788
vn 0.1925 0.9307 0.3111
vn 0.1634 0.7899 0.5911
vn 0.1084 0.5756 0.8105
vn -0.0033 0.2967 0.9550
vn 0.0582 0.2935 0.9542
vn -0.0062 0.5891 0.8081
vn -0.0063 0.8070 0.5906
vn 0.0785 0.8129 0.5771
vn 0.0785 0.8129 -0.5771
vn 0.2020 0.9762 -0.0788
vn 0.0917 0.9460 -0.3109
vn 0.0962 0.9922 0.0788
vn 0.0917 0.9460 0.3109
vn -0.0033 0.2967 -0.9550
vn -0.0062 0.5891 -0.8081
vn -0.0063 0.8070 -0.5906
vn 0.0962 0.9922 -0.0788
vn -0.0075 0.9505 -0.3108
vn -0.0078 0.9969 0.0787
vn -0.0075 0.9505 0.3108
vn -0.0995 0.8188 0.5654
vn -0.1147 0.9435 0.3109
vn -0.1203 0.9896 0.0787
vn -0.0078 0.9969 -0.0787
vn -0.1147 0.9435 -0.3109
vn -0.1203 0.9896 -0.0787
vn -0.0708 0.2874 -0.9552
vn -0.1359 0.5735 -0.8078
vn -0.0995 0.8188 -0.5654
vn -0.1883 0.7847 0.5905
vn -0.2218 0.9243 0.3107
vn -0.3147 -0.0452 -0.9481
vn -0.5638 0.0009 -0.8259
vn -0.3115 0.0405 -0.9494
vn 0.1265 -0.2950 -0.9471
vn -0.0993 -0.8006 0.5909
vn -0.0081 -0.9505 0.3107
vn -0.1170 -0.9432 0.3110
vn -0.2747 0.7759 0.5679
vn -0.3171 0.8961 0.3106
vn -0.2326 0.9694 0.0787
vn 0.8191 0.5663 0.0911
vn 0.2921 0.9532 -0.0782
vn 0.2921 0.9532 0.0782
vn 0.7732 0.5348 -0.3409
vn 0.8192 0.5663 -0.0911
vn 0.4785 0.8746 -0.0782
vn 0.3672 0.8649 -0.3422
vn 0.3895 0.9177 -0.0783
vn -0.5744 -0.1191 -0.8099
vn -0.2999 -0.0002 -0.9540
vn -0.5852 -0.0075 -0.8108
vn -0.1883 0.7847 -0.5905
vn -0.2747 0.7759 -0.5679
vn -0.3603 0.7212 0.5917
vn -0.4262 0.8493 0.3115
vn -0.3325 0.9398 0.0787
vn -0.4476 0.8907 0.0788
vn -0.3325 0.9398 -0.0787
vn 0.4324 0.7632 -0.4802
vn -0.4476 0.8907 -0.0788
vn 0.4862 0.8616 -0.1457
vn 0.0448 -0.5196 -0.8533
vn 0.1226 -0.1195 -0.9852
vn 0.0923 -0.3039 -0.9482
vn 0.2027 0.3395 -0.9185
vn -0.3603 0.7212 -0.5917
vn 0.3127 0.5415 -0.7804
vn -0.4262 0.8493 -0.3115
vn 0.0472 -0.9920 0.1174
vn 0.0802 -0.9845 0.1560
vn -0.0049 -0.9488 0.3157
vn -0.1883 0.7847 -0.5906
vn 0.1278 0.8015 0.5842
vn 0.0092 0.8113 0.5846
vn 0.0446 0.0625 -0.9971
vn 0.1130 0.1790 -0.9773
vn 0.4862 0.8616 0.1457
vn 0.4324 0.7632 0.4802
vn 0.3127 0.5415 0.7804
vn 0.2027 0.3395 0.9185
vn 0.1130 0.1790 0.9773
vn 0.0446 0.0625 0.9971
vn 0.4721 -0.4619 -0.7508
vn 0.0658 -0.8082 -0.5853
vn -0.5523 -0.1934 -0.8109
vn -0.2969 -0.0484 -0.9537
vn 0.1246 -0.9881 -0.0904
vn -0.7555 -0.2824 0.5912
vn -0.7888 -0.1963 0.5825
vn -0.9222 -0.2297 -0.3110
vn 0.1012 -0.9881 -0.1162
vn 0.0552 -0.9966 -0.0613
vn -0.9673 -0.2410 -0.0788
vn 0.0903 -0.9959 -0.0079
vn -0.9673 -0.2409 0.0788
vn 0.0903 -0.9959 0.0079
vn 0.0552 -0.9966 0.0613
vn 0.1012 -0.9881 0.1162
vn -0.9222 -0.2297 0.3110
vn -0.0491 0.6640 -0.7461
vn -0.0610 0.8041 -0.5914
vn -0.1601 0.7978 -0.5813
vn 0.1245 -0.9881 -0.0903
vn -0.8902 -0.3327 -0.3112
vn -0.7888 -0.1963 -0.5825
vn -0.9338 -0.3490 -0.0788
vn -0.9338 -0.3490 0.0788
vn -0.8902 -0.3327 0.3112
vn -0.5223 -0.2724 0.8081
vn -0.7148 -0.3729 -0.5916
vn -0.7555 -0.2824 -0.5912
vn -0.8425 -0.4395 -0.3115
vn -0.8838 -0.4611 -0.0789
vn -0.8838 -0.4611 0.0789
vn -0.8425 -0.4395 0.3115
vn -0.7148 -0.3729 0.5916
vn -0.6593 -0.4637 -0.5919
vn -0.5223 -0.2724 -0.8081
vn -0.7772 -0.5467 -0.3117
vn -0.8154 -0.5735 -0.0789
vn -0.8154 -0.5735 0.0789
vn -0.7772 -0.5467 0.3117
vn -0.6593 -0.4637 0.5919
vn -0.2902 0.1209 -0.9493
vn -0.1441 0.0600 -0.9877
vn -0.1961 0.0520 -0.9792
vn -0.4295 -0.4021 0.8086
vn -0.4764 -0.3351 0.8129
vn -0.2448 -0.1729 0.9540
vn -0.5883 -0.5508 -0.5921
vn -0.4764 -0.3351 -0.8129
vn -0.6936 -0.6494 -0.3118
vn -0.7277 -0.6813 -0.0789
vn -0.7277 -0.6813 0.0789
vn -0.6936 -0.6494 0.3118
vn -0.5883 -0.5508 0.5921
vn -0.4295 -0.4021 -0.8086
vn -0.5030 -0.6295 -0.5922
vn -0.5931 -0.7423 -0.3119
vn -0.6223 -0.7788 -0.0790
vn -0.6223 -0.7788 0.0790
vn -0.5931 -0.7423 0.3119
vn -0.5030 -0.6295 0.5922
vn -0.2968 -0.5080 -0.8086
vn -0.3633 -0.4547 -0.8132
vn -0.4065 -0.6958 -0.5922
vn -0.4793 -0.8204 -0.3119
vn -0.5029 -0.8607 0.0789
vn -0.4793 -0.8204 0.3119
vn -0.4065 -0.6958 0.5922
vn -0.1864 -0.2335 -0.9543
vn -0.2191 -0.5394 -0.8130
vn -0.3033 -0.7467 -0.5920
vn -0.5029 -0.8607 -0.0789
vn -0.3576 -0.8803 -0.3118
vn -0.3752 -0.9236 0.0789
vn -0.3576 -0.8803 0.3118
vn -0.3033 -0.7467 0.5920
vn -0.2191 -0.5394 0.8130
vn -0.2902 0.1209 0.9493
vn -0.5459 0.2273 0.8064
vn -0.5404 0.1437 0.8290
vn -0.1450 -0.5711 -0.8079
vn -0.1985 -0.7813 -0.5918
vn -0.3752 -0.9236 -0.0789
vn -0.2339 -0.9210 -0.3116
vn -0.2454 -0.9662 0.0789
vn -0.2339 -0.9210 0.3116
vn -0.1985 -0.7813 0.5918
vn -0.1450 -0.5711 0.8079
vn -0.1130 -0.2772 -0.9541
vn -0.0579 -0.5821 -0.8110
vn -0.0966 -0.8005 -0.5914
vn -0.2454 -0.9662 -0.0789
vn -0.1138 -0.9435 -0.3114
vn -0.1194 -0.9897 0.0789
vn -0.1138 -0.9435 0.3114
vn -0.0966 -0.8005 0.5914
vn -0.0579 -0.5821 0.8110
vn 0.0318 -0.2947 0.9551
vn -0.0337 -0.2962 0.9545
vn 0.0631 -0.5842 0.8092
vn 0.0845 -0.8023 0.5909
vn -0.0029 -0.8132 0.5819
vn -0.0029 -0.8132 -0.5819
vn -0.1194 -0.9897 -0.0789
vn -0.0037 -0.9504 -0.3110
vn -0.0038 -0.9969 0.0788
vn -0.0037 -0.9504 0.3110
vn -0.0372 -0.1467 0.9885
vn -0.1130 -0.2772 0.9541
vn 0.0996 -0.9452 -0.3110
vn 0.1044 -0.9914 -0.0788
vn -0.0038 -0.9969 -0.0788
vn 0.1044 -0.9914 0.0788
vn 0.0996 -0.9452 0.3110
vn 0.1844 -0.5550 -0.8111
vn 0.0318 -0.2947 -0.9551
vn 0.0631 -0.5842 -0.8092
vn 0.1844 -0.5550 0.8111
vn 0.2721 -0.7589 0.5916
vn 0.1769 -0.7934 0.5824
vn 0.2070 -0.9275 -0.3113
vn 0.0845 -0.8023 -0.5909
vn 0.2172 -0.9729 -0.0788
vn 0.2172 -0.9729 0.0788
vn 0.2070 -0.9275 0.3113
vn 0.3207 -0.8945 -0.3115
vn 0.1769 -0.7934 -0.5824
vn 0.3364 -0.9384 -0.0789
vn 0.3364 -0.9384 0.0789
vn 0.3207 -0.8945 0.3115
vn 0.6789 0.6649 -0.3115
vn -0.1775 0.4769 -0.8609
vn -0.2801 0.7661 -0.5785
vn 0.2702 -0.5236 0.8080
vn 0.0981 -0.2807 0.9548
vn 0.3697 -0.7162 -0.5919
vn 0.2721 -0.7589 -0.5916
vn 0.4359 -0.8443 -0.3116
vn 0.4573 -0.8858 -0.0789
vn 0.4573 -0.8858 0.0789
vn 0.4359 -0.8443 0.3116
vn 0.3697 -0.7162 0.5919
vn 0.1724 -0.2451 -0.9540
vn 0.3351 -0.4763 -0.8129
vn 0.4014 -0.4311 -0.8081
vn -0.3147 -0.0452 0.9481
vn -0.5465 -0.2063 0.8116
vn -0.3009 -0.1139 0.9468
vn 0.4638 -0.6592 -0.5919
vn 0.2702 -0.5236 -0.8080
vn 0.5467 -0.7771 -0.3117
vn 0.5736 -0.8153 -0.0789
vn 0.5736 -0.8153 0.0789
vn 0.5467 -0.7771 0.3117
vn 0.4638 -0.6592 0.5919
vn 0.4014 -0.4311 0.8081
vn 0.3351 -0.4763 0.8129
vn 0.1724 -0.2451 0.9540
vn 0.5492 -0.5900 -0.5919
vn 0.6475 -0.6955 -0.3116
vn 0.6793 -0.7296 0.0789
vn 0.6475 -0.6955 0.3116
vn 0.5492 -0.5900 0.5919
vn 0.2786 0.9100 -0.3071
vn 0.1278 0.8015 -0.5842
vn 0.1498 0.9399 -0.3068
vn 0.4601 -0.3609 -0.8112
vn 0.6224 -0.5124 -0.5916
vn 0.6793 -0.7296 -0.0789
vn 0.7337 -0.6039 -0.3115
vn 0.7697 -0.6336 0.0789
vn 0.7337 -0.6039 0.3115
vn 0.6224 -0.5124 0.5916
vn 0.4601 -0.3609 0.8112
vn 0.2667 -0.1295 0.9551
vn 0.2311 -0.1872 0.9548
vn 0.5284 -0.2566 0.8093
vn 0.7268 -0.3502 0.5909
vn 0.6867 -0.4341 0.5830
vn 0.6867 -0.4341 -0.5830
vn 0.7697 -0.6336 -0.0789
vn 0.8032 -0.5080 -0.3113
vn 0.8425 -0.5328 0.0788
vn 0.8032 -0.5080 0.3113
vn 0.2667 -0.1295 -0.9551
vn 0.5284 -0.2566 -0.8093
vn 0.7268 -0.3502 -0.5909
vn 0.8425 -0.5328 -0.0788
vn 0.8562 -0.4125 -0.3110
vn 0.8981 -0.4327 0.0788
vn 0.8562 -0.4125 0.3110
vn 0.2907 -0.0808 -0.9534
vn -0.2286 -0.9695 -0.0881
vn -0.2287 -0.9695 0.0881
vn -0.2106 -0.9707 0.1161
vn 0.7654 -0.2748 0.5819
vn 0.7654 -0.2748 -0.5819
vn 0.8981 -0.4327 -0.0788
vn 0.8945 -0.3214 -0.3108
vn 0.9382 -0.3371 0.0787
vn 0.8945 -0.3214 0.3108
vn 0.2311 -0.1872 -0.9548
vn 0.1280 -0.0809 -0.9885
vn -0.2106 -0.9707 -0.1161
vn 0.9382 -0.3371 -0.0787
vn -0.1656 -0.9843 -0.0614
vn -0.2005 -0.9797 0.0079
vn -0.1656 -0.9843 0.0614
vn 0.1130 0.0916 -0.9894
vn -0.6645 0.7293 -0.1631
vn -0.6107 0.7794 -0.1398
vn -0.2004 -0.9797 -0.0079
vn -0.5694 0.8174 -0.0875
vn -0.5913 0.8064 0.0123
vn -0.5694 0.8174 0.0875
vn -0.6107 0.7794 0.1398
vn -0.6645 0.7293 0.1631
vn 0.1130 0.0916 0.9894
vn 0.2907 -0.0808 0.9534
vn -0.0784 0.0716 -0.9943
vn 0.0771 0.0626 -0.9951
vn -0.1177 0.1076 -0.9872
vn 0.7062 0.6890 -0.1630
vn 0.6534 0.7445 -0.1370
vn -0.5913 0.8064 -0.0123
vn 0.6149 0.7842 -0.0834
vn 0.6374 0.7704 0.0115
vn 0.6149 0.7842 0.0834
vn 0.6534 0.7445 0.1370
vn 0.7062 0.6890 0.1630
vn -0.1177 0.1076 0.9872
vn -0.0784 0.0716 0.9943
vn 0.0771 0.0626 0.9951
vn 0.6374 0.7704 -0.0115
vn 0.1246 -0.9881 0.0904
vn -0.2437 -0.0023 -0.9699
vn -0.0714 -0.0454 -0.9964
vn -0.1934 -0.1229 -0.9734
vn -0.5185 -0.0050 -0.8551
vn -0.3602 -0.2289 -0.9044
vn -0.7612 -0.0073 -0.6485
vn -0.5561 -0.3533 -0.7523
vn -0.9354 -0.0090 -0.3534
vn -0.7532 -0.4785 -0.4512
vn -0.9960 -0.0095 -0.0890
vn -0.8365 -0.5315 -0.1333
vn -0.9960 -0.0095 0.0890
vn -0.8365 -0.5315 0.1333
vn -0.7532 -0.4785 0.4512
vn -0.5561 -0.3533 0.7523
vn -0.9354 -0.0090 0.3534
vn -0.3602 -0.2289 0.9044
vn -0.7612 -0.0073 0.6485
vn -0.1934 -0.1229 0.9734
vn -0.5185 -0.0050 0.8551
vn -0.0714 -0.0454 0.9964
vn -0.2437 -0.0023 0.9699
vn -0.0708 0.0440 -0.9965
vn -0.1413 -0.0014 -0.9900
vn -0.1923 0.1196 -0.9740
vn -0.3585 0.2230 -0.9065
vn -0.5554 0.3455 -0.7564
vn -0.7560 0.4702 -0.4554
vn -0.8414 0.5233 0.1350
vn -0.7560 0.4702 0.4554
vn -0.5554 0.3455 0.7564
vn -0.3585 0.2230 0.9065
vn -0.1923 0.1196 0.9740
vn -0.0708 0.0440 0.9965
vn -0.1413 -0.0014 0.9900
vn 0.1657 0.2629 -0.9505
vn 0.2996 0.4755 -0.8271
vn 0.4176 0.6626 -0.6218
vn 0.5020 0.7965 -0.3370
vn 0.5310 0.8426 -0.0896
vn -0.8414 0.5233 -0.1350
vn 0.5310 0.8426 0.0896
vn 0.5020 0.7965 0.3370
vn 0.4176 0.6626 0.6218
vn 0.2996 0.4755 0.8271
vn 0.1657 0.2629 0.9505
vn -0.0007 0.0876 -0.9962
vn 0.0708 0.1124 -0.9911
vn -0.0019 0.2398 -0.9708
vn -0.0036 0.4418 -0.8971
vn -0.0060 0.7456 -0.6664
vn -0.0080 0.9800 -0.1989
vn -0.0079 0.9800 0.1989
vn -0.0060 0.7456 0.6664
vn -0.0036 0.4418 0.8971
vn -0.0019 0.2398 0.9708
vn 0.0708 0.1124 0.9911
vn -0.0007 0.0876 0.9962
vn -0.0714 0.1112 -0.9912
vn -0.0005 0.0670 -0.9978
vn -0.1674 0.2609 -0.9507
vn -0.3027 0.4718 -0.8281
vn -0.4223 0.6582 -0.6233
vn -0.5082 0.7921 -0.3381
vn -0.5378 0.8382 0.0900
vn -0.5082 0.7921 0.3381
vn -0.4223 0.6582 0.6233
vn -0.3027 0.4718 0.8281
vn -0.1674 0.2609 0.9507
vn -0.0714 0.1112 0.9912
vn -0.0005 0.0670 0.9978
vn 0.0715 0.0454 -0.9964
vn 0.1935 0.1230 -0.9734
vn 0.3603 0.2291 -0.9043
vn 0.5561 0.3536 -0.7521
vn -0.5378 0.8382 -0.0900
vn 0.7531 0.4789 -0.4511
vn 0.8363 0.5318 0.1332
vn 0.7531 0.4789 0.4511
vn 0.5561 0.3536 0.7521
vn 0.3603 0.2291 0.9043
vn 0.1935 0.1230 0.9734
vn 0.0715 0.0454 0.9964
vn 0.1665 -0.2619 -0.9506
vn 0.3012 -0.4737 -0.8276
vn 0.4199 -0.6604 -0.6225
vn 0.5051 -0.7943 -0.3375
vn 0.5344 -0.8404 -0.0898
vn 0.8363 0.5318 -0.1332
vn 0.5344 -0.8404 0.0898
vn 0.5051 -0.7943 0.3375
vn 0.4199 -0.6604 0.6225
vn 0.3012 -0.4737 0.8276
vn 0.1665 -0.2619 0.9506
vn 0.0711 -0.1118 -0.9912
vn 0.0711 -0.1118 0.9912
vn 0.1471 -0.3150 0.9376
vn 0.2371 -0.5186 0.8215
vn -0.2326 0.9694 -0.0787
vn 0.3501 -0.7745 0.5268
vn 0.4053 -0.8988 0.1673
vn -0.1801 -0.2427 -0.9532
vn -0.3521 -0.4644 -0.8126
vn -0.3007 -0.5301 -0.7929
vn -0.5760 -0.7558 -0.3114
vn 0.2371 -0.5186 -0.8215
vn 0.3501 -0.7745 -0.5268
vn 0.0798 -0.1649 -0.9831
vn 0.1471 -0.3150 -0.9376
vn 0.1586 0.5171 0.8411
vn 0.1280 -0.0809 0.9885
vn -0.3521 -0.4644 0.8126
vn -0.3974 -0.7019 0.5911
vn 0.2707 0.7591 -0.5921
vn 0.2805 0.5104 -0.8129
vn 0.1973 0.2274 -0.9536
vn 0.3885 0.4338 -0.8130
vn -0.3102 0.6106 -0.7287
vn 0.1085 0.1839 -0.9769
vn -0.4683 -0.8270 -0.3111
vn -0.4882 -0.6417 -0.5915
vn -0.7032 -0.3691 0.6077
vn -0.4960 -0.8121 0.3073
vn -0.4094 -0.6679 0.6215
vn -0.3007 -0.5301 0.7929
vn -0.1801 -0.2427 0.9532
vn -0.3021 -0.7479 0.5912
vn 0.3158 0.0057 -0.9488
vn 0.5703 -0.0736 -0.8182
vn 0.3037 -0.0810 -0.9493
vn -0.1293 -0.2869 -0.9492
vn -0.2973 -0.4715 -0.8302
vn -0.2035 -0.2397 -0.9493
vn -0.3791 0.4325 0.8180
vn -0.4505 0.3834 0.8063
vn -0.2377 0.2065 0.9491
vn -0.3560 -0.8812 -0.3111
vn -0.3974 -0.7019 -0.5911
vn -0.1883 0.7847 0.5906
vn 0.1048 -0.5747 -0.8116
vn 0.1344 -0.7979 -0.5876
vn 0.2294 -0.7785 -0.5843
vn -0.2184 -0.5408 0.8123
vn -0.2008 -0.7812 0.5911
vn -0.3162 0.4889 0.8130
vn -0.2501 0.5342 0.8075
vn -0.3560 -0.8812 0.3111
vn -0.2482 -0.9655 0.0788
vn -0.3734 -0.9243 0.0788
vn -0.1693 -0.7924 -0.5861
vn -0.3020 -0.7300 -0.6132
vn -0.3129 -0.7462 -0.5876
vn 0.3282 -0.8902 -0.3159
vn 0.6598 -0.4258 -0.6192
vn 0.7963 -0.4996 -0.3411
vn -0.2367 -0.9204 -0.3111
vn -0.3021 -0.7479 -0.5912
vn 0.3895 0.9177 0.0783
vn 0.4785 0.8746 0.0782
vn -0.1459 -0.6185 0.7722
vn -0.1105 -0.2806 0.9535
vn -0.1506 0.2758 -0.9494
vn -0.2021 0.5222 -0.8286
vn -0.0699 0.3105 -0.9480
vn -0.0899 -0.6204 0.7791
vn -0.2367 -0.9204 0.3111
vn -0.0174 0.1436 -0.9895
vn -0.0993 -0.8006 -0.5909
vn -0.1170 -0.9432 -0.3110
vn 0.8698 0.4858 -0.0869
vn 0.8698 0.4858 0.0869
vn -0.1201 -0.5725 -0.8110
vn 0.0034 -0.3209 -0.9471
vn 0.0058 -0.5847 -0.8112
vn -0.0589 0.1448 0.9877
vn 0.4151 0.4086 0.8128
vn -0.1076 0.2794 0.9541
vn 0.0064 -0.8090 0.5877
vn -0.2034 -0.9760 0.0783
vn -0.0975 -0.9921 -0.0783
vn -0.0975 -0.9921 0.0783
vn -0.0085 -0.9969 0.0787
vn -0.1227 -0.9893 0.0787
vn 0.3415 -0.4641 0.8173
vn 0.4111 -0.4250 0.8064
vn 0.2186 -0.2259 0.9493
vn 0.5754 0.7564 -0.3113
vn 0.5755 0.5645 -0.5917
vn -0.0081 -0.9505 -0.3107
vn -0.1076 0.2794 -0.9541
vn 0.4305 0.7657 0.4779
vn -0.4758 0.8760 0.0787
vn -0.4534 0.8354 0.3107
vn 0.0080 -0.5826 0.8127
vn 0.1344 -0.7979 0.5876
vn -0.7583 -0.1885 -0.6241
vn -0.5820 -0.0811 -0.8091
vn 0.0897 -0.9928 -0.0787
vn -0.0085 -0.9969 -0.0787
vn 0.0897 -0.9928 0.0787
vn 0.0064 -0.8090 -0.5877
vn 0.0857 -0.9497 -0.3011
vn 0.4127 -0.4172 0.8097
vn 0.3376 -0.4767 0.8116
vn 0.1763 -0.2387 0.9550
vn -0.0034 -0.3000 -0.9539
vn 0.0080 -0.5826 -0.8127
vn 0.1836 -0.9798 -0.0787
vn 0.1836 -0.9798 0.0787
vn 0.0857 -0.9497 0.3011
vn -0.3188 0.0360 0.9471
vn -0.1553 0.0170 0.9877
vn -0.1730 0.0394 0.9841
vn -0.2126 0.9740 0.0787
vn -0.2027 0.9287 0.3106
vn 0.2274 -0.5407 0.8099
vn 0.3110 -0.7442 0.5911
vn 0.2294 -0.7785 0.5843
vn 0.2688 -0.9116 -0.3109
vn 0.1750 -0.9342 -0.3108
vn 0.2819 -0.9562 -0.0788
vn 0.2819 -0.9562 0.0788
vn 0.1750 -0.9342 0.3108
vn 0.2688 -0.9116 0.3109
vn 0.2274 -0.5407 -0.8099
vn 0.0553 -0.2927 -0.9546
vn 0.3664 -0.8769 -0.3111
vn 0.3844 -0.9198 -0.0788
vn 0.3844 -0.9198 0.0788
vn 0.3664 -0.8769 0.3111
vn -0.3102 0.6106 0.7287
vn -0.1848 0.5559 0.8105
vn 0.5808 0.0653 -0.8114
vn 0.3003 0.1060 -0.9479
vn 0.5540 0.1966 -0.8089
vn 0.4825 -0.6457 0.5918
vn 0.3983 -0.7060 0.5856
vn 0.4671 -0.8276 -0.3113
vn 0.3110 -0.7442 -0.5911
vn 0.4900 -0.8682 -0.0788
vn 0.4900 -0.8682 0.0788
vn 0.4671 -0.8276 0.3113
vn -0.0001 0.1714 -0.9852
vn -0.0155 0.1555 -0.9877
vn -0.0329 0.3182 -0.9474
vn 0.3376 -0.4767 -0.8116
vn 0.1148 -0.2729 -0.9552
vn 0.0800 -0.9329 -0.3510
vn 0.5688 -0.7612 -0.3116
vn 0.3983 -0.7060 -0.5856
vn 0.5967 -0.7986 -0.0789
vn 0.5967 -0.7986 0.0789
vn 0.5688 -0.7612 0.3116
vn -0.3734 -0.9243 -0.0788
vn -0.4912 -0.8675 -0.0788
vn 0.5668 -0.5728 -0.5922
vn 0.4825 -0.6457 -0.5918
vn 0.6682 -0.6754 -0.3118
vn 0.7011 -0.7086 -0.0789
vn 0.7011 -0.7087 0.0789
vn 0.6682 -0.6754 0.3118
vn 0.5668 -0.5728 0.5922
vn 0.1763 -0.2387 -0.9550
vn 0.4127 -0.4172 -0.8097
vn 0.6450 -0.4825 -0.5925
vn 0.7607 -0.5691 -0.3121
vn 0.7982 -0.5971 -0.0790
vn 0.7982 -0.5971 0.0790
vn 0.7607 -0.5691 0.3121
vn 0.6450 -0.4825 0.5925
vn 0.5184 -0.2734 0.8103
vn 0.4658 -0.3484 0.8134
vn 0.2387 -0.1777 0.9547
vn 0.7123 -0.3757 -0.5928
vn 0.4658 -0.3484 -0.8134
vn 0.8403 -0.4432 -0.3123
vn 0.8817 -0.4651 -0.0790
vn 0.8818 -0.4650 0.0790
vn 0.8403 -0.4432 0.3123
vn 0.7123 -0.3757 0.5928
vn 0.4802 0.8736 -0.0788
vn 0.6036 0.7934 -0.0788
vn 0.0664 0.5858 0.8077
vn 0.0333 0.2937 0.9553
vn 0.7636 -0.2557 -0.5929
vn 0.5184 -0.2734 -0.8103
vn 0.9008 -0.3016 -0.3123
vn 0.9453 -0.3166 -0.0790
vn 0.9453 -0.3166 0.0790
vn 0.9008 -0.3016 0.3123
vn 0.7636 -0.2557 0.5929
vn 0.6036 0.7934 0.0788
vn 0.4802 0.8736 0.0788
vn 0.5785 -0.0934 -0.8103
vn 0.5511 -0.1845 -0.8138
vn 0.7950 -0.1283 -0.5929
vn 0.9378 -0.1513 -0.3123
vn 0.9841 -0.1588 0.0790
vn 0.9378 -0.1513 0.3123
vn 0.7950 -0.1283 0.5929
vn 0.5785 -0.0934 0.8103
vn 0.5511 -0.1845 0.8138
vn 0.8006 0.0445 -0.5976
vn 0.9475 0.0527 -0.3155
vn 0.9953 0.0554 -0.0797
vn 0.9841 -0.1588 -0.0790
vn 0.9953 0.0554 0.0797
vn 0.9475 0.0527 0.3155
vn 0.8006 0.0445 0.5976
vn -0.3129 -0.7462 0.5876
vn 0.2200 -0.3441 0.9128
vn -0.3020 -0.7300 0.6132
vn 0.5304 0.2073 -0.8220
vn 0.2919 0.0088 -0.9564
vn 0.5747 0.0320 -0.8178
vn 0.7431 0.2905 -0.6028
vn 0.8827 0.3451 -0.3191
vn 0.9283 0.3629 -0.0805
vn 0.9283 0.3629 0.0805
vn 0.8827 0.3451 0.3191
vn 0.5747 0.0320 0.8178
vn 0.7431 0.2905 0.6028
vn 0.2919 0.0088 0.9564
vn 0.5304 0.2073 0.8220
vn -0.3689 -0.8796 -0.3003
vn 0.3360 -0.5442 -0.7688
vn 0.4520 -0.7619 -0.4639
vn 0.2238 0.1904 -0.9559
vn 0.2684 0.1049 -0.9576
vn 0.4457 0.3649 -0.8175
vn 0.6206 0.5081 -0.5972
vn 0.7343 0.6012 -0.3152
vn 0.7713 0.6315 0.0796
vn 0.7343 0.6012 0.3152
vn 0.6206 0.5081 0.5972
vn 0.4457 0.3649 0.8175
vn 0.2238 0.1904 0.9559
vn 0.2684 0.1049 0.9576
vn 0.2389 0.2068 -0.9488
vn 0.1193 0.1001 -0.9878
vn 0.1729 0.2297 -0.9578
vn 0.3927 0.5183 -0.7597
vn 0.4902 0.6364 -0.5955
vn 0.7713 0.6315 -0.0796
vn 0.5756 0.7556 -0.3127
vn 0.6042 0.7929 0.0791
vn 0.5756 0.7556 0.3127
vn 0.4902 0.6364 0.5955
vn 0.3927 0.5183 0.7597
vn 0.1200 0.0983 0.9879
vn 0.5085 0.7669 0.3916
vn -0.1632 0.2511 -0.9541
vn -0.3162 0.4889 -0.8130
vn -0.3880 0.4431 -0.8081
vn -0.4901 -0.3251 0.8088
vn -0.5333 -0.2383 0.8117
vn -0.2686 -0.1263 0.9549
vn -0.1961 0.0520 0.9792
vn -0.1441 0.0600 0.9877
vn -0.0695 -0.1222 0.9901
vn 0.2794 -0.7585 -0.5888
vn 0.3176 0.4162 0.8520
vn 0.0107 0.9516 0.3071
vn 0.1569 0.9845 0.0782
vn 0.0112 0.9969 0.0782
vn 0.5577 0.8263 -0.0784
vn 0.6185 0.7230 -0.3076
vn 0.5085 0.7669 -0.3916
vn 0.6481 0.7576 0.0784
vn 0.5577 0.8263 0.0784
vn 0.6185 0.7230 0.3076
vn 0.5133 0.6217 -0.5916
vn -0.2578 0.1799 0.9493
vn 0.0047 -0.5923 0.8057
vn 0.1274 -0.7984 0.5885
vn 0.0996 -0.5850 0.8049
vn 0.4538 0.3807 -0.8057
vn 0.3176 0.4162 -0.8520
vn 0.6214 0.5213 -0.5850
vn 0.6481 0.7576 -0.0784
vn 0.7290 0.6116 -0.3075
vn 0.7638 0.6407 0.0784
vn 0.7290 0.6116 0.3075
vn 0.6214 0.5213 0.5850
vn 0.5133 0.6217 0.5916
vn 0.4538 0.3807 0.8057
vn -0.2794 -0.9244 -0.2595
vn 0.2813 0.1476 -0.9482
vn 0.5249 0.2755 -0.8053
vn 0.7182 0.3770 -0.5848
vn 0.7638 0.6407 -0.0784
vn 0.8426 0.4423 -0.3074
vn 0.8827 0.4633 0.0785
vn 0.8425 0.4423 0.3074
vn 0.7182 0.3770 0.5848
vn 0.5249 0.2755 0.8053
vn 0.2813 0.1476 0.9482
vn 0.2389 0.2068 0.9488
vn 0.0934 0.5853 -0.8054
vn -0.0040 0.3191 -0.9477
vn -0.0009 0.5886 -0.8084
vn 0.3089 0.0757 -0.9481
vn 0.5759 0.1412 -0.8052
vn 0.7879 0.1932 -0.5848
vn 0.8827 0.4633 -0.0785
vn 0.9242 0.2266 -0.3075
vn 0.9682 0.2374 0.0786
vn 0.9242 0.2266 0.3075
vn 0.7879 0.1932 0.5848
vn 0.5759 0.1412 0.8052
vn 0.3089 0.0757 0.9481
vn 0.5919 0.0155 -0.8059
vn 0.8107 0.0213 -0.5850
vn 0.9512 0.0250 -0.3075
vn 0.9966 0.0261 -0.0784
vn 0.9682 0.2374 -0.0786
vn 0.9966 0.0261 0.0784
vn 0.9512 0.0250 0.3075
vn 0.8107 0.0213 0.5850
vn 0.5919 0.0155 0.8059
vn -0.0009 0.5849 -0.8111
vn 0.0138 0.8062 -0.5915
vn -0.0890 0.8100 -0.5797
vn 0.5703 -0.0736 0.8182
vn 0.3158 0.0057 0.9488
vn 0.8040 -0.1039 -0.5855
vn 0.9436 -0.1219 -0.3077
vn 0.9887 -0.1278 -0.0784
vn 0.9887 -0.1278 0.0784
vn 0.9436 -0.1219 0.3077
vn 0.8040 -0.1039 0.5855
vn 0.5714 -0.1522 -0.8065
vn 0.7834 -0.2087 -0.5855
vn 0.9194 -0.2449 -0.3077
vn 0.9633 -0.2566 0.0784
vn 0.9194 -0.2449 0.3077
vn 0.7834 -0.2087 0.5855
vn 0.5714 -0.1522 0.8065
vn -0.0010 -0.3166 0.9485
vn 0.2583 -0.1562 0.9533
vn 0.5009 -0.2973 0.8129
vn 0.4789 -0.3806 0.7911
vn 0.5315 -0.2213 -0.8176
vn 0.7484 -0.3117 -0.5854
vn 0.9633 -0.2566 -0.0784
vn 0.8784 -0.3658 -0.3077
vn 0.9203 -0.3833 0.0784
vn 0.8784 -0.3658 0.3077
vn 0.7484 -0.3117 0.5854
vn 0.5315 -0.2213 0.8176
vn 0.2712 -0.1590 -0.9493
vn 0.5101 -0.2991 -0.8064
vn 0.6994 -0.4101 -0.5854
vn 0.9203 -0.3833 -0.0784
vn 0.8208 -0.4813 -0.3077
vn 0.8600 -0.5043 0.0784
vn 0.8208 -0.4813 0.3077
vn 0.6994 -0.4101 0.5854
vn 0.5101 -0.2991 0.8064
vn 0.4528 -0.3561 0.8174
vn 0.2712 -0.1590 0.9493
vn 0.6372 -0.5012 -0.5854
vn 0.7479 -0.5882 -0.3077
vn 0.8600 -0.5043 -0.0784
vn 0.7836 -0.6163 0.0784
vn 0.7479 -0.5882 0.3077
vn 0.6372 -0.5012 0.5854
vn 0.5636 -0.5827 -0.5854
vn 0.4528 -0.3561 -0.8174
vn 0.6615 -0.6839 -0.3077
vn 0.6931 -0.7166 -0.0784
vn 0.7836 -0.6163 -0.0784
vn 0.6931 -0.7166 0.0784
vn 0.6615 -0.6839 0.3077
vn 0.5636 -0.5827 0.5854
vn 0.7124 0.6973 -0.0788
vn -0.3359 0.9219 0.1933
vn 0.7124 0.6973 0.0788
vn 0.4805 -0.6530 -0.5855
vn 0.4111 -0.4250 -0.8064
vn 0.5639 -0.7664 -0.3077
vn 0.5908 -0.8030 -0.0784
vn 0.5908 -0.8030 0.0784
vn 0.5639 -0.7664 0.3077
vn 0.4805 -0.6530 0.5855
vn 0.2186 -0.2259 -0.9493
vn 0.3415 -0.4641 -0.8173
vn 0.1512 -0.2755 -0.9493
vn 0.3900 -0.7107 -0.5855
vn 0.4577 -0.8342 -0.3077
vn 0.4795 -0.8740 -0.0784
vn 0.4795 -0.8740 0.0784
vn 0.4577 -0.8342 0.3077
vn 0.3900 -0.7107 0.5855
vn -0.1333 0.5723 -0.8092
vn -0.0916 0.7656 -0.6368
vn 0.2091 -0.5366 0.8175
vn 0.2844 -0.5183 0.8065
vn 0.1512 -0.2755 0.9493
vn 0.2944 -0.7553 -0.5855
vn 0.2844 -0.5183 -0.8065
vn 0.3456 -0.8865 -0.3077
vn 0.3621 -0.9289 -0.0784
vn 0.3621 -0.9289 0.0784
vn 0.3456 -0.8865 0.3077
vn 0.2944 -0.7553 0.5855
vn -0.2482 0.5191 0.8179
vn -0.3237 0.4949 0.8064
vn -0.1724 0.2630 0.9493
vn 0.1962 -0.7865 -0.5855
vn 0.2091 -0.5366 -0.8175
vn 0.2302 -0.9232 -0.3077
vn 0.2412 -0.9673 -0.0784
vn 0.2412 -0.9673 0.0784
vn 0.2302 -0.9232 0.3077
vn 0.1962 -0.7865 0.5855
vn 0.2790 -0.9097 0.3075
vn 0.3773 -0.8735 0.3076
vn 0.1143 -0.9446 -0.3077
vn 0.1198 -0.9897 -0.0784
vn 0.1198 -0.9897 0.0784
vn 0.1143 -0.9446 0.3077
vn 0.1332 -0.5725 -0.8090
vn 0.0950 -0.7854 -0.6117
vn 0.0713 -0.3101 -0.9480
vn 0.0062 -0.9515 -0.3077
vn 0.0065 -0.9969 -0.0783
vn 0.0065 -0.9969 0.0783
vn 0.0950 -0.7854 0.6117
vn 0.0062 -0.9515 0.3077
vn -0.0931 -0.9470 -0.3076
vn 0.0052 -0.8106 -0.5856
vn -0.1201 -0.5725 0.8110
vn 0.0034 -0.3209 0.9471
vn -0.0663 -0.3144 0.9470
vn 0.0290 -0.1537 0.9877
vn 0.0148 -0.1742 0.9846
vn 0.7709 0.1796 -0.6112
vn 0.2982 0.9513 -0.0783
vn -0.0001 0.1384 0.9904
vn -0.1942 -0.9315 -0.3075
vn -0.2034 -0.9760 -0.0783
vn -0.1654 -0.7938 -0.5853
vn -0.2999 -0.0002 0.9540
vn -0.2900 0.0763 0.9540
vn -0.1493 0.0183 0.9886
vn -0.0748 0.1370 -0.9877
vn -0.1186 0.1619 -0.9796
vn -0.2989 -0.9034 -0.3075
vn -0.3131 -0.9465 -0.0783
vn -0.2471 -0.7470 -0.6171
vn -0.2465 -0.5301 0.8113
vn -0.3413 -0.7355 0.5853
vn -0.2471 -0.7470 0.6171
vn -0.0708 0.2874 0.9552
vn -0.2330 -0.1798 -0.9557
vn -0.2318 -0.2144 -0.9489
vn -0.1403 -0.1858 -0.9725
vn -0.3171 0.8961 -0.3106
vn -0.2126 0.9740 -0.0787
vn -0.1107 0.9907 0.0787
vn 0.2992 -0.0396 -0.9534
vn 0.5777 -0.0760 -0.8127
vn 0.6142 -0.0008 -0.7892
vn 0.0675 -0.2905 -0.9545
vn 0.1316 -0.5714 -0.8101
vn 0.2217 -0.5708 -0.7906
vn -0.4196 -0.9043 -0.0783
vn -0.4005 -0.8632 -0.3075
vn 0.0333 0.2937 -0.9553
vn 0.1927 0.5536 -0.8102
vn 0.0664 0.5858 -0.8077
vn 0.0030 -0.2964 0.9550
vn 0.1316 -0.5714 0.8101
vn 0.0051 -0.5898 0.8076
vn -0.5198 -0.8507 -0.0782
vn -0.4960 -0.8121 -0.3073
vn -0.3413 -0.7355 -0.5853
vn -0.3131 -0.9465 0.0783
vn -0.2789 -0.1592 0.9470
vn -0.1357 -0.2919 0.9468
vn -0.8375 -0.4386 -0.3259
vn -0.8826 -0.4621 -0.0858
vn -0.7032 -0.3691 -0.6077
vn -0.5044 -0.2706 0.8200
vn 0.3160 -0.0327 -0.9482
vn 0.3193 0.0363 -0.9470
vn -0.2789 -0.1592 -0.9470
vn -0.0220 0.0494 -0.9985
vn -0.1229 -0.0661 -0.9902
vn -0.5044 -0.2706 -0.8200
vn -0.0589 0.1448 -0.9877
vn -0.8826 -0.4621 0.0858
vn -0.2801 0.7661 0.5785
vn -0.8375 -0.4386 0.3259
vn -0.1775 0.4769 0.8609
vn -0.0220 0.0494 0.9985
vn -0.1229 -0.0661 0.9902
vn 0.5755 0.5645 0.5917
vn 0.6789 0.6649 0.3115
vn -0.2025 0.2209 -0.9540
vn -0.3937 0.4294 -0.8128
vn -0.4510 0.3761 -0.8094
vn 0.1745 0.2459 -0.9535
vn 0.3369 0.4751 -0.8129
vn 0.2839 0.5428 -0.7905
vn 0.2549 -0.9638 0.0783
vn 0.3269 -0.9418 -0.0783
vn 0.3269 -0.9418 0.0783
vn 0.4151 0.4086 -0.8128
vn 0.2128 0.2140 -0.9534
vn 0.3741 0.4913 -0.7865
vn 0.4882 0.6418 0.5914
vn 0.3741 0.4913 0.7865
vn 0.5754 0.7564 0.3113
vn 0.0391 0.1744 0.9839
vn 0.0535 0.1466 0.9877
vn 0.1035 0.3013 0.9479
vn -0.3034 0.0828 -0.9493
vn -0.5274 0.2285 -0.8183
vn -0.2691 0.1636 -0.9491
vn -0.3359 0.9218 -0.1933
vn 0.0553 -0.2927 0.9546
vn 0.1148 -0.2729 0.9552
vn 0.3883 0.7065 0.5917
vn 0.2805 0.5104 0.8129
vn 0.4577 0.8327 0.3115
vn 0.4091 -0.8988 -0.1572
vn 0.4246 -0.8948 -0.1379
vn -0.2132 0.9735 -0.0825
vn 0.0508 0.3116 -0.9488
vn 0.0247 0.1544 -0.9877
vn 0.0020 0.1564 -0.9877
vn -0.4180 -0.3749 -0.8275
vn -0.2657 -0.1749 -0.9481
vn 0.2707 0.7591 0.5921
vn 0.1955 0.5482 0.8132
vn 0.3192 0.8950 0.3117
vn 0.3349 0.9390 0.0789
vn 0.1768 -0.5607 -0.8090
vn 0.1571 -0.7715 -0.6165
vn -0.1046 -0.1158 -0.9877
vn -0.1011 -0.1514 -0.9833
vn 0.0014 -0.3153 -0.9490
vn 0.0996 -0.5850 -0.8049
vn 0.0047 -0.5923 -0.8057
vn 0.1391 0.7937 0.5922
vn 0.1004 0.5730 0.8134
vn 0.1641 0.9359 0.3118
vn 0.1721 0.9819 0.0789
vn -0.5535 -0.1876 0.8114
vn -0.1403 -0.1858 0.9725
vn -0.2318 -0.2144 0.9489
vn -0.2330 -0.1798 0.9557
vn 0.1448 -0.2649 -0.9533
vn 0.2793 -0.5114 -0.8127
vn 0.3609 -0.4938 -0.7912
vn -0.0014 0.2988 -0.9543
vn -0.0642 0.2913 -0.9545
vn -0.0164 0.1493 -0.9887
vn 0.0519 0.2965 0.9536
vn -0.0009 0.5849 0.8111
vn 0.0138 0.8062 0.5915
vn 0.0163 0.9502 0.3113
vn 0.0171 0.9967 0.0788
vn 0.1754 -0.2612 -0.9492
vn 0.2488 -0.5157 -0.8198
vn -0.0014 0.2988 0.9543
vn -0.1193 0.5732 0.8107
vn -0.0890 0.8100 0.5797
vn -0.1041 0.9447 -0.3111
vn -0.1092 0.9909 -0.0788
vn 0.0171 0.9967 -0.0788
vn -0.1092 0.9909 0.0788
vn -0.1041 0.9447 0.3111
vn -0.2135 0.9260 -0.3113
vn -0.2239 0.9714 -0.0788
vn -0.2239 0.9714 0.0788
vn -0.2135 0.9260 0.3113
vn 0.2996 0.0382 -0.9533
vn 0.1379 -0.0002 -0.9904
vn -0.1382 0.2666 0.9538
vn -0.2680 0.5175 0.8127
vn -0.2020 0.5543 0.8074
vn -0.2763 0.7575 -0.5915
vn -0.1193 0.5732 -0.8107
vn -0.1812 0.7858 -0.5913
vn -0.3256 0.8927 -0.3114
vn -0.3416 0.9365 -0.0789
vn -0.3416 0.9365 0.0789
vn -0.1812 0.7858 0.5913
vn -0.3256 0.8927 0.3114
vn -0.2763 0.7575 0.5915
vn -0.2989 -0.9034 0.3075
vn -0.4196 -0.9043 0.0783
vn -0.3707 0.7159 -0.5917
vn -0.2020 0.5543 -0.8074
vn -0.4369 0.8438 -0.3115
vn -0.4584 0.8852 -0.0789
vn -0.4584 0.8852 0.0789
vn -0.4369 0.8438 0.3115
vn -0.3707 0.7159 0.5917
vn -0.2025 0.2209 0.9540
vn -0.3937 0.4294 0.8128
vn -0.3365 0.4826 0.8086
vn -0.4612 0.6612 -0.5918
vn -0.2680 0.5175 -0.8127
vn -0.5436 0.7794 -0.3116
vn -0.5703 0.8176 -0.0789
vn -0.5703 0.8176 0.0789
vn -0.5436 0.7794 0.3116
vn -0.4612 0.6612 0.5918
vn -0.3034 0.0828 0.9492
vn -0.5707 0.1552 0.8064
vn -0.5696 0.0736 0.8186
vn -0.2534 0.1593 -0.9542
vn -0.2862 0.0852 -0.9544
vn -0.1395 0.0634 -0.9882
vn -0.5448 0.5941 -0.5918
vn -0.3365 0.4826 -0.8086
vn -0.6422 0.7004 -0.3116
vn -0.6737 0.7348 -0.0789
vn -0.6737 0.7348 0.0789
vn -0.6422 0.7004 0.3116
vn -0.5448 0.5941 0.5918
vn -0.2534 0.1593 0.9542
vn -0.4932 0.3100 0.8128
vn -0.4510 0.3761 0.8094
vn -0.6191 0.5162 -0.5918
vn -0.7298 0.6085 -0.3116
vn -0.7656 0.6384 -0.0789
vn -0.7656 0.6384 0.0789
vn -0.7298 0.6085 0.3116
vn -0.6191 0.5162 0.5918
vn -0.2171 0.2275 -0.9493
vn -0.3311 0.4519 -0.8283
vn -0.6825 0.4289 -0.5918
vn -0.8045 0.5056 -0.3116
vn -0.8440 0.5304 -0.0789
vn -0.8441 0.5304 0.0789
vn -0.8045 0.5056 0.3116
vn -0.6825 0.4289 0.5918
vn -0.2862 0.0852 0.9544
vn -0.5582 0.1661 0.8129
vn -0.5339 0.2425 0.8100
vn -0.7339 0.3333 -0.5918
vn -0.4932 0.3100 -0.8128
vn -0.8652 0.3929 -0.3116
vn -0.9077 0.4122 -0.0789
vn -0.9077 0.4122 0.0789
vn -0.8652 0.3929 0.3116
vn -0.7339 0.3333 0.5918
vn -0.7725 0.2299 -0.5920
vn -0.5339 0.2425 -0.8100
vn -0.9107 0.2711 -0.3117
vn -0.9555 0.2844 -0.0789
vn -0.9555 0.2844 0.0789
vn -0.9107 0.2711 0.3117
vn -0.7725 0.2299 0.5920
vn -0.2929 -0.0068 0.9561
vn -0.5759 -0.0287 0.8170
vn -0.5788 0.0863 0.8109
vn -0.7970 0.1187 -0.5922
vn -0.5582 0.1661 -0.8129
vn -0.9398 0.1399 -0.3119
vn -0.9860 0.1469 -0.0789
vn -0.9860 0.1467 0.0789
vn -0.9398 0.1399 0.3118
vn -0.7970 0.1187 0.5922
vn -0.2482 -0.9655 -0.0788
vn -0.8015 -0.0399 -0.5967
vn -0.5788 0.0863 -0.8109
vn -0.9480 -0.0472 -0.3149
vn -0.9956 -0.0495 -0.0796
vn -0.9956 -0.0496 0.0796
vn -0.9480 -0.0472 0.3149
vn -0.8015 -0.0399 0.5967
vn -0.5381 -0.1921 -0.8207
vn -0.2929 -0.0068 -0.9561
vn -0.5759 -0.0287 -0.8170
vn -0.7527 -0.2687 -0.6011
vn -0.8929 -0.3188 -0.3179
vn -0.9387 -0.3352 -0.0802
vn -0.9387 -0.3352 0.0802
vn -0.8929 -0.3188 0.3179
vn -0.7527 -0.2687 0.6011
vn -0.5381 -0.1921 0.8207
vn -0.6188 -0.7817 0.0783
vn -0.6429 -0.7618 -0.0791
vn -0.2733 -0.0976 -0.9570
vn -0.4640 -0.3423 -0.8170
vn -0.6458 -0.4764 -0.5966
vn -0.7638 -0.5635 -0.3148
vn -0.8022 -0.5918 0.0796
vn -0.7638 -0.5635 0.3148
vn -0.6458 -0.4764 0.5966
vn -0.4640 -0.3423 0.8170
vn -0.2733 -0.0976 0.9570
vn -0.3770 0.7169 -0.5865
vn 0.1978 0.3451 -0.9175
vn -0.1105 -0.2806 -0.9535
vn -0.0277 -0.1267 -0.9916
vn -0.4328 -0.5382 -0.7232
vn -0.8022 -0.5918 -0.0796
vn -0.6124 -0.7259 -0.3129
vn -0.5189 -0.6148 0.5939
vn -0.4328 -0.5382 0.7232
vn 0.1274 -0.7984 -0.5885
vn -0.3243 -0.4244 0.8454
vn -0.5035 -0.6361 0.5847
vn 0.1474 0.2630 0.9535
vn 0.0062 -0.8113 -0.5845
vn 0.1519 -0.9363 -0.3166
vn -0.0049 -0.9488 -0.3157
vn -0.5907 -0.7461 -0.3072
vn -0.6188 -0.7817 -0.0783
vn 0.0143 0.1487 0.9888
vn 0.2982 0.9513 0.0783
vn 0.1569 0.9845 -0.0782
vn 0.3778 0.7140 0.5895
vn 0.1829 0.5606 0.8076
vn 0.2555 0.5011 0.8268
vn 0.3037 -0.0810 0.9493
vn -0.1784 0.8164 0.5493
vn -0.0896 0.8021 0.5905
vn -0.4394 -0.3968 -0.8059
vn -0.6019 -0.5436 -0.5851
vn -0.7062 -0.6378 -0.3075
vn -0.7399 -0.6682 0.0784
vn -0.7062 -0.6378 0.3075
vn -0.6019 -0.5436 0.5851
vn -0.4394 -0.3968 0.8059
vn -0.2748 -0.1595 -0.9482
vn -0.5127 -0.2977 -0.8053
vn -0.7015 -0.4073 -0.5848
vn -0.7399 -0.6682 -0.0784
vn -0.8229 -0.4778 -0.3075
vn -0.8621 -0.5006 0.0785
vn -0.8229 -0.4778 0.3075
vn -0.7015 -0.4073 0.5848
vn -0.5127 -0.2977 0.8053
vn -0.2748 -0.1595 0.9482
vn -0.3071 -0.0850 -0.9479
vn -0.5717 -0.1581 -0.8051
vn -0.7818 -0.2163 -0.5848
vn -0.8621 -0.5006 -0.0785
vn -0.9171 -0.2537 -0.3076
vn -0.9608 -0.2658 0.0787
vn -0.9171 -0.2537 0.3076
vn -0.7818 -0.2163 0.5848
vn -0.5717 -0.1581 0.8051
vn -0.3071 -0.0850 0.9479
vn -0.1556 -0.0055 0.9878
vn -0.1744 0.0224 0.9844
vn -0.3162 -0.0086 0.9486
vn -0.5920 -0.0209 -0.8057
vn -0.8106 -0.0286 -0.5849
vn -0.9510 -0.0335 -0.3075
vn -0.9963 -0.0351 -0.0784
vn -0.9608 -0.2658 -0.0787
vn -0.9963 -0.0351 0.0784
vn -0.9510 -0.0335 0.3075
vn -0.8106 -0.0286 0.5849
vn -0.5920 -0.0209 0.8057
vn 0.6289 0.6347 -0.4489
vn 0.4641 0.4689 -0.7515
vn -0.8040 0.1042 -0.5855
vn -0.9436 0.1223 -0.3077
vn -0.9887 0.1281 -0.0784
vn -0.9887 0.1281 0.0784
vn -0.9436 0.1223 0.3077
vn -0.8040 0.1042 0.5855
vn -0.3162 -0.0086 -0.9486
vn -0.5696 0.0736 -0.8186
vn -0.5707 0.1552 -0.8064
vn -0.7823 0.2127 -0.5854
vn -0.9182 0.2497 -0.3076
vn -0.9620 0.2616 0.0784
vn -0.9182 0.2497 0.3076
vn -0.7823 0.2127 0.5854
vn 0.0575 0.5861 0.8082
vn -0.1968 0.1995 0.9599
vn 0.0346 0.3175 0.9476
vn -0.2691 0.1636 0.9491
vn -0.5023 0.3125 0.8062
vn -0.5274 0.2285 0.8183
vn -0.7439 0.3224 -0.5853
vn -0.9620 0.2616 -0.0784
vn -0.8730 0.3784 -0.3076
vn -0.9147 0.3965 0.0784
vn -0.8730 0.3784 0.3076
vn -0.7439 0.3224 0.5853
vn -0.1325 0.0824 0.9878
vn -0.1188 0.1011 0.9878
vn -0.5023 0.3125 -0.8062
vn -0.6884 0.4284 -0.5853
vn -0.9147 0.3965 -0.0784
vn -0.8079 0.5027 -0.3076
vn -0.8464 0.5267 0.0784
vn -0.8079 0.5027 0.3076
vn -0.6884 0.4284 0.5853
vn -0.4505 0.3834 -0.8063
vn -0.6175 0.5255 -0.5853
vn -0.7246 0.6167 -0.3076
vn -0.7592 0.6461 -0.0784
vn -0.8464 0.5267 -0.0784
vn -0.7592 0.6461 0.0784
vn -0.7246 0.6167 0.3076
vn -0.6175 0.5255 0.5853
vn -0.5345 0.6097 -0.5853
vn -0.6273 0.7155 -0.3076
vn -0.6572 0.7496 -0.0784
vn -0.6572 0.7496 0.0784
vn -0.6273 0.7155 0.3076
vn -0.5345 0.6097 0.5853
vn -0.2377 0.2065 -0.9491
vn -0.3791 0.4325 -0.8180
vn -0.1724 0.2630 -0.9493
vn -0.4438 0.6785 -0.5854
vn -0.5208 0.7963 -0.3076
vn -0.5457 0.8343 -0.0784
vn -0.5457 0.8343 0.0784
vn -0.5208 0.7963 0.3076
vn -0.4438 0.6785 0.5854
vn -0.3098 0.6380 0.7049
vn -0.3498 0.7313 -0.5855
vn -0.3237 0.4949 -0.8064
vn -0.4106 0.8583 -0.3077
vn -0.4302 0.8993 -0.0784
vn -0.4302 0.8993 0.0784
vn -0.4106 0.8583 0.3077
vn -0.3498 0.7313 0.5855
vn -0.2482 0.5191 -0.8179
vn -0.0955 0.3030 -0.9482
vn -0.2563 0.7690 -0.5856
vn -0.3008 0.9027 -0.3077
vn -0.3152 0.9458 -0.0784
vn -0.3152 0.9458 0.0784
vn -0.3008 0.9027 0.3077
vn -0.2563 0.7690 0.5856
vn -0.0593 0.5820 0.8110
vn -0.0955 0.3030 0.9482
vn -0.0329 0.3182 0.9474
vn 0.2384 -0.9030 -0.3574
vn -0.1948 0.9313 -0.3078
vn -0.2041 0.9758 -0.0784
vn -0.2041 0.9758 0.0784
vn -0.1948 0.9313 0.3078
vn -0.1778 0.5604 -0.8089
vn -0.1618 0.7747 -0.6113
vn -0.0593 0.5820 -0.8110
vn 0.0834 0.9934 0.0783
vn -0.7010 0.7055 -0.1049
vn -0.7009 0.7055 0.1049
vn -0.0944 0.9467 -0.3079
vn -0.0989 0.9920 -0.0784
vn -0.0989 0.9920 0.0784
vn -0.1618 0.7747 0.6113
vn -0.0944 0.9467 0.3079
vn 0.0324 0.3187 0.9473
vn 0.0013 0.9515 -0.3077
vn -0.0804 0.8064 -0.5859
vn 0.0013 0.9969 -0.0783
vn 0.0013 0.9969 0.0783
vn -0.0804 0.8064 0.5859
vn 0.0013 0.9515 0.3077
vn 0.0007 0.7934 -0.6087
vn 0.0594 0.5823 -0.8108
vn -0.1471 -0.0366 0.9885
vn 0.0970 0.9466 0.3076
vn 0.0007 0.7934 0.6087
vn 0.0827 0.8064 0.5855
vn 0.1017 0.9917 0.0783
vn -0.1942 -0.9315 0.3075
vn 0.1349 -0.0711 0.9883
vn 0.1479 -0.0495 0.9878
vn 0.2812 -0.0943 0.9550
vn -0.3913 0.9169 -0.0787
vn -0.3058 0.9488 0.0787
vn -0.3913 0.9169 0.0787
vn 0.1926 0.9318 0.3076
vn 0.1609 0.7780 0.6073
vn 0.2018 0.9763 0.0783
vn 0.1829 0.5606 -0.8076
vn 0.2846 0.9079 0.3077
vn 0.2520 0.7673 0.5897
vn -0.0923 -0.9461 0.3105
vn -0.1854 -0.9323 0.3106
vn -0.1854 -0.9323 -0.3106
vn -0.0809 -0.8293 -0.5530
vn 0.1253 0.0930 0.9878
vn 0.1545 0.0832 0.9845
vn 0.2526 0.1877 0.9492
vn 0.3672 0.8649 0.3422
vn 0.2371 0.7758 -0.5848
vn -0.0139 -0.1556 0.9877
vn 0.1193 -0.1209 0.9855
vn -0.0304 -0.2992 0.9537
vn 0.4750 0.3526 0.8063
vn 0.4047 0.4066 0.8191
vn 0.3778 0.7140 -0.5895
vn 0.2520 0.7673 -0.5897
vn 0.1721 0.9819 -0.0789
vn 0.4565 0.8349 0.3075
vn 0.4983 0.2799 0.8206
vn 0.6902 0.3863 0.6119
vn 0.8244 0.4605 0.3292
vn 0.0594 0.5823 0.8108
vn 0.0827 0.8064 -0.5855
vn -0.1359 0.5735 0.8078
vn -0.4603 -0.8877 0.0088
vn -0.4168 -0.9074 -0.0531
vn -0.0001 0.1714 0.9852
vn 0.0160 0.1556 0.9877
vn 0.2729 0.1572 -0.9491
vn 0.0295 -0.0577 -0.9979
vn 0.1193 0.0684 -0.9905
vn 0.4983 0.2799 -0.8206
vn 0.6902 0.3863 -0.6119
vn 0.8244 0.4605 -0.3292
vn 0.0798 -0.1649 0.9831
vn 0.2729 0.1572 0.9491
vn 0.0295 -0.0577 0.9979
vn 0.1193 0.0684 0.9905
vn 0.0750 -0.1329 -0.9883
vn 0.1728 0.7676 0.6172
vn 0.0679 0.8085 0.5846
vn 0.0797 0.9483 -0.3071
vn 0.0679 0.8085 -0.5846
vn 0.0834 0.9934 -0.0783
vn 0.2093 0.9282 -0.3077
vn 0.2193 0.9725 0.0784
vn 0.2093 0.9282 0.3077
vn 0.0797 0.9483 0.3071
vn 0.1035 0.3013 -0.9479
vn 0.2778 0.7616 -0.5855
vn 0.2193 0.9725 -0.0784
vn 0.3260 0.8939 -0.3077
vn 0.3416 0.9366 0.0784
vn 0.3260 0.8939 0.3077
vn 0.2778 0.7616 0.5855
vn 0.1865 0.2536 0.9492
vn 0.3503 0.4767 0.8062
vn 0.2683 0.5059 0.8198
vn 0.2683 0.5059 -0.8198
vn 0.3801 0.7162 -0.5854
vn 0.3416 0.9366 -0.0784
vn 0.4461 0.8405 -0.3076
vn 0.4674 0.8806 0.0784
vn 0.4461 0.8405 0.3076
vn 0.3801 0.7162 0.5854
vn 0.1928 0.5552 0.8090
vn 0.6042 0.7929 -0.0791
vn 0.3503 0.4767 -0.8062
vn 0.4801 0.6534 -0.5853
vn 0.4674 0.8806 -0.0784
vn 0.5634 0.7668 -0.3076
vn 0.5903 0.8034 0.0784
vn 0.5634 0.7668 0.3076
vn 0.4801 0.6534 0.5853
vn 0.1498 0.9399 0.3068
vn 0.4047 0.4066 -0.8191
vn 0.5721 0.5746 -0.5853
vn 0.5903 0.8034 -0.0784
vn 0.6714 0.6743 -0.3076
vn 0.7034 0.7065 0.0784
vn 0.6714 0.6743 0.3076
vn 0.5721 0.5746 0.5853
vn 0.1865 0.2536 -0.9492
vn 0.2526 0.1877 -0.9492
vn 0.6511 0.4833 -0.5853
vn 0.7640 0.5671 -0.3076
vn 0.8005 0.5942 -0.0784
vn 0.7034 0.7065 -0.0784
vn 0.8005 0.5942 0.0784
vn 0.7640 0.5671 0.3076
vn 0.6511 0.4833 0.5853
vn 0.3003 0.1060 0.9479
vn 0.5540 0.1966 0.8089
vn 0.5061 0.2726 0.8183
vn 0.7138 0.3844 -0.5854
vn 0.4750 0.3526 -0.8063
vn 0.8377 0.4512 -0.3076
vn 0.8777 0.4727 -0.0784
vn 0.8777 0.4727 0.0784
vn 0.8377 0.4512 0.3076
vn 0.7138 0.3844 0.5854
vn 0.0332 0.3165 0.9480
vn 0.7596 0.2833 -0.5855
vn 0.5061 0.2726 -0.8183
vn 0.8915 0.3324 -0.3077
vn 0.9341 0.3483 -0.0784
vn 0.9341 0.3483 0.0784
vn 0.8915 0.3324 0.3077
vn 0.7596 0.2833 0.5855
vn 0.6400 0.4445 -0.6267
vn 0.5808 0.0653 0.8114
vn 0.7709 0.1796 0.6112
vn 0.9267 0.2159 -0.3077
vn 0.9709 0.2262 -0.0784
vn 0.9709 0.2262 0.0784
vn 0.9267 0.2159 0.3077
vn -0.1107 0.9907 -0.0787
vn -0.0016 0.9969 0.0787
vn 0.9457 0.1049 -0.3078
vn 0.9908 0.1099 -0.0784
vn 0.9908 0.1099 0.0784
vn 0.9457 0.1049 0.3078
vn 0.3160 -0.0327 0.9482
vn 0.3193 0.0363 0.9470
vn 0.7925 -0.0015 0.6098
vn 0.8056 0.0893 0.5857
vn 0.9514 -0.0018 -0.3078
vn 0.8056 0.0893 -0.5857
vn 0.9969 -0.0019 -0.0784
vn 0.9969 -0.0019 0.0784
vn 0.9514 -0.0018 0.3078
vn 0.1551 -0.0185 -0.9877
vn 0.1721 -0.0003 -0.9851
vn 0.8049 -0.0959 -0.5856
vn 0.7925 -0.0015 -0.6098
vn 0.9448 -0.1126 -0.3077
vn 0.9899 -0.1180 0.0784
vn 0.9448 -0.1126 0.3077
vn 0.8049 -0.0959 0.5856
vn 0.2555 0.5011 -0.8268
vn 0.0968 0.3048 -0.9475
vn 0.5579 -0.1402 -0.8180
vn 0.5848 -0.0613 -0.8089
vn 0.7863 -0.1976 -0.5855
vn 0.9899 -0.1180 -0.0784
vn 0.9228 -0.2319 -0.3077
vn 0.9669 -0.2430 0.0784
vn 0.9228 -0.2319 0.3077
vn 0.7863 -0.1976 0.5855
vn 0.5579 -0.1402 0.8180
vn 0.5848 -0.0613 0.8089
vn -0.0985 0.1211 0.9877
vn -0.0918 0.1531 0.9839
vn 0.5485 -0.2214 -0.8063
vn 0.7518 -0.3035 -0.5854
vn 0.9669 -0.2430 -0.0784
vn 0.8823 -0.3562 -0.3076
vn 0.9245 -0.3732 0.0784
vn 0.8823 -0.3562 0.3076
vn 0.7518 -0.3035 0.5854
vn 0.5485 -0.2214 0.8063
vn 0.2448 -0.1981 0.9491
vn 0.4600 -0.3721 0.8062
vn 0.4957 -0.2900 0.8187
vn 0.6999 -0.4094 -0.5853
vn 0.9244 -0.3732 -0.0784
vn 0.8213 -0.4805 -0.3076
vn 0.8605 -0.5034 0.0784
vn 0.8213 -0.4805 0.3076
vn 0.6999 -0.4094 0.5853
vn 0.4600 -0.3721 -0.8062
vn 0.6304 -0.5100 -0.5853
vn 0.8605 -0.5034 -0.0784
vn 0.7398 -0.5984 -0.3076
vn 0.7751 -0.6270 0.0784
vn 0.7398 -0.5984 0.3076
vn 0.6304 -0.5100 0.5853
vn 0.1434 0.0617 -0.9877
vn 0.1708 0.0497 -0.9841
vn 0.5460 -0.5994 -0.5853
vn 0.6407 -0.7034 -0.3076
vn 0.6713 -0.7370 -0.0784
vn 0.7751 -0.6270 -0.0784
vn 0.6713 -0.7370 0.0784
vn 0.6407 -0.7034 0.3076
vn 0.5460 -0.5994 0.5853
vn 0.3860 -0.4239 -0.8193
vn 0.4514 -0.6735 -0.5853
vn 0.5298 -0.7904 -0.3076
vn 0.5551 -0.8281 -0.0784
vn 0.5551 -0.8281 0.0784
vn 0.5298 -0.7904 0.3076
vn 0.3860 -0.4239 0.8193
vn 0.4514 -0.6735 0.5853
vn 0.0923 -0.3039 0.9482
vn 0.1768 -0.5607 0.8090
vn 0.2488 -0.5157 0.8198
vn 0.3525 -0.7301 -0.5854
vn 0.3293 -0.4914 -0.8063
vn 0.4137 -0.8569 -0.3077
vn 0.4334 -0.8978 -0.0784
vn 0.4334 -0.8978 0.0784
vn 0.4137 -0.8569 0.3077
vn 0.3293 -0.4914 0.8063
vn 0.3525 -0.7301 0.5854
vn 0.2547 -0.7696 -0.5856
vn 0.2989 -0.9033 -0.3077
vn 0.3132 -0.9464 -0.0784
vn 0.3132 -0.9464 0.0784
vn 0.2989 -0.9033 0.3077
vn 0.2547 -0.7696 0.5856
vn -0.1055 0.9446 0.3107
vn 0.1571 -0.7715 0.6165
vn 0.1903 -0.9322 -0.3078
vn 0.1994 -0.9768 -0.0784
vn 0.1994 -0.9768 0.0784
vn 0.1903 -0.9322 0.3078
vn -0.3796 0.8889 -0.2565
vn -0.2586 0.7678 -0.5861
vn 0.0775 -0.9484 -0.3075
vn 0.0813 -0.9936 -0.0783
vn 0.0813 -0.9936 0.0783
vn 0.0775 -0.9484 0.3075
vn -0.0072 0.1201 -0.9927
vn 0.0785 0.0789 -0.9938
vn 0.1191 0.1207 -0.9855
vn 0.4721 -0.4619 0.7508
vn 0.0448 -0.5196 0.8533
vn 0.2921 -0.2851 0.9129
vn 0.6385 -0.6257 0.4481
vn 0.0658 -0.8082 0.5853
vn -0.5205 0.5249 0.6735
vn -0.6521 0.6565 0.3792
vn -0.0756 0.9940 0.0788
vn 0.6994 0.7053 -0.1158
vn 0.6994 0.7053 0.1158
vn 0.7089 -0.6958 -0.1156
vn 0.1226 -0.1195 0.9852
vn 0.3360 -0.5442 0.7688
vn 0.0791 -0.0783 -0.9938
vn 0.2921 -0.2851 -0.9129
vn 0.6385 -0.6257 -0.4481
vn 0.6543 -0.6543 -0.3792
vn 0.7089 -0.6958 0.1156
vn 0.0791 -0.0783 0.9938
vn -0.6543 -0.6543 0.3792
vn -0.1968 0.1995 -0.9599
vn -0.3591 0.3631 -0.8598
vn -0.5205 0.5249 -0.6735
vn -0.6521 0.6565 -0.3792
vn -0.3591 0.3631 0.8598
vn -0.0780 0.0794 0.9938
vn -0.2881 -0.9544 -0.0787
vn -0.3628 -0.9285 0.0786
vn 0.2863 0.2897 -0.9133
vn -0.0491 0.6640 0.7461
vn 0.4641 0.4689 0.7515
vn 0.2863 0.2897 0.9133
vn -0.0610 0.8041 0.5914
vn 0.6289 0.6347 0.4489
vn 0.0324 0.3187 -0.9473
vn -0.0720 0.9476 -0.3113
vn 0.0502 -0.1293 0.9903
vn 0.0748 -0.1370 0.9877
vn 0.1448 -0.2649 0.9533
vn -0.1601 0.7978 0.5813
vn -0.1872 0.9318 -0.3110
vn -0.1964 0.9774 -0.0788
vn -0.0756 0.9940 -0.0788
vn -0.1964 0.9774 0.0788
vn -0.0720 0.9476 0.3113
vn -0.1872 0.9318 0.3110
vn -0.4005 -0.8632 0.3075
vn -0.2922 0.9043 -0.3113
vn -0.3065 0.9486 -0.0788
vn -0.3065 0.9486 0.0788
vn -0.2922 0.9043 0.3113
vn -0.0515 -0.5798 0.8131
vn -0.1369 -0.5768 0.8054
vn -0.3419 0.7301 -0.5917
vn -0.1685 0.5605 -0.8108
vn -0.2480 0.7674 -0.5913
vn -0.4030 0.8605 -0.3115
vn -0.4228 0.9028 -0.0789
vn -0.4228 0.9028 0.0789
vn -0.2480 0.7674 0.5913
vn -0.4030 0.8605 0.3115
vn -0.1685 0.5605 0.8108
vn -0.3419 0.7301 0.5917
vn -0.0833 0.2854 -0.9548
vn -0.2501 0.5342 -0.8075
vn -0.4377 0.6767 -0.5921
vn -0.5160 0.7978 -0.3118
vn -0.5414 0.8370 -0.0789
vn -0.5414 0.8370 0.0789
vn -0.5160 0.7978 0.3118
vn -0.4377 0.6767 0.5921
vn -0.2254 0.1979 0.9540
vn -0.4447 0.3750 0.8134
vn -0.3880 0.4431 0.8081
vn -0.5308 0.6061 -0.5924
vn -0.6259 0.7148 -0.3120
vn -0.6568 0.7500 -0.0790
vn -0.6568 0.7500 0.0790
vn -0.6259 0.7148 0.3120
vn -0.5308 0.6061 0.5924
vn -0.6158 0.5193 -0.5925
vn -0.7263 0.6124 -0.3121
vn -0.7621 0.6426 -0.0790
vn -0.7621 0.6426 0.0790
vn -0.7263 0.6124 0.3121
vn -0.6158 0.5193 0.5925
vn 0.1508 -0.0402 0.9877
vn 0.1606 -0.0668 0.9848
vn -0.4447 0.3750 -0.8134
vn -0.2591 0.1512 -0.9539
vn -0.2254 0.1979 -0.9540
vn -0.4966 0.3030 -0.8134
vn -0.6877 0.4196 -0.5925
vn -0.8110 0.4949 -0.3121
vn -0.8510 0.5192 0.0790
vn -0.8110 0.4949 0.3121
vn -0.6877 0.4196 0.5925
vn -0.4966 0.3030 0.8134
vn -0.2591 0.1512 0.9539
vn 0.0112 0.9969 -0.0782
vn -0.5434 0.2284 0.8078
vn -0.5434 0.2284 -0.8078
vn -0.7427 0.3123 -0.5923
vn -0.8510 0.5192 -0.0790
vn -0.8758 0.3683 -0.3119
vn -0.9189 0.3864 0.0790
vn -0.8758 0.3683 0.3119
vn -0.7427 0.3123 0.5923
vn -0.0319 -0.1531 0.9877
vn -0.0563 -0.1703 0.9838
vn -0.5635 0.1471 -0.8129
vn -0.7798 0.2035 -0.5920
vn -0.9189 0.3864 -0.0790
vn -0.9194 0.2399 -0.3117
vn -0.9646 0.2518 0.0789
vn -0.9194 0.2399 0.3117
vn -0.7798 0.2035 0.5920
vn -0.5635 0.1471 0.8129
vn -0.5865 0.0721 -0.8067
vn -0.8002 0.0985 -0.5916
vn -0.9646 0.2517 -0.0789
vn -0.9431 0.1161 -0.3114
vn -0.9894 0.1218 0.0789
vn -0.9431 0.1161 0.3114
vn -0.8002 0.0985 0.5916
vn -0.5865 0.0721 0.8067
vn -0.2900 0.0763 -0.9540
vn -0.8068 0.0051 -0.5908
vn -0.9894 0.1218 -0.0789
vn -0.9504 0.0060 -0.3109
vn -0.9969 0.0062 0.0788
vn -0.9504 0.0060 0.3109
vn -0.8068 0.0051 0.5908
vn -0.5852 -0.0075 0.8108
vn -0.5744 -0.1191 0.8099
vn -0.2903 -0.0602 0.9550
vn -0.7906 -0.1602 0.5909
vn -0.8071 -0.0775 0.5854
vn -0.8071 -0.0775 -0.5854
vn -0.9969 0.0062 -0.0788
vn -0.9461 -0.0909 -0.3108
vn -0.9923 -0.0953 0.0787
vn -0.9461 -0.0909 0.3108
vn -0.1093 -0.2789 0.9541
vn -0.2112 -0.5424 0.8131
vn -0.2934 -0.5119 0.8074
vn -0.1201 -0.5730 0.8107
vn -0.9315 -0.1888 -0.3110
vn -0.9770 -0.1980 -0.0788
vn -0.9923 -0.0953 -0.0787
vn -0.9770 -0.1980 0.0788
vn -0.9315 -0.1888 0.3110
vn 0.0058 -0.5847 0.8112
vn 0.0713 -0.3101 0.9480
vn -0.7277 -0.3466 0.5918
vn -0.7708 -0.2518 0.5852
vn -0.9033 -0.2952 -0.3113
vn -0.7906 -0.1602 -0.5909
vn -0.9476 -0.3096 -0.0788
vn -0.9476 -0.3096 0.0788
vn -0.9033 -0.2952 0.3113
vn 0.0052 -0.8106 0.5856
vn -0.5333 -0.2383 -0.8117
vn -0.2903 -0.0602 -0.9550
vn -0.8579 -0.4086 -0.3116
vn -0.7708 -0.2518 -0.5852
vn -0.9000 -0.4287 -0.0789
vn -0.9000 -0.4287 0.0789
vn -0.8579 -0.4086 0.3116
vn -0.6714 -0.4454 -0.5923
vn -0.7277 -0.3466 -0.5918
vn -0.7917 -0.5252 -0.3119
vn -0.8307 -0.5511 -0.0790
vn -0.8307 -0.5511 0.0790
vn -0.7917 -0.5252 0.3119
vn -0.6714 -0.4454 0.5923
vn -0.2686 -0.1263 -0.9549
vn -0.4901 -0.3251 -0.8088
vn -0.5964 -0.5414 -0.5926
vn -0.7035 -0.6385 -0.3121
vn -0.7382 -0.6700 -0.0790
vn -0.7382 -0.6700 0.0790
vn -0.7035 -0.6385 0.3121
vn -0.5964 -0.5414 0.5926
vn -0.3642 -0.4532 -0.8136
vn -0.2259 -0.1970 -0.9540
vn -0.4306 -0.3909 -0.8135
vn -0.5045 -0.6278 -0.5927
vn -0.5951 -0.7405 -0.3122
vn -0.6245 -0.7770 -0.0790
vn -0.6245 -0.7770 0.0790
vn -0.5951 -0.7405 0.3122
vn -0.4306 -0.3909 0.8135
vn -0.5045 -0.6278 0.5927
vn -0.2259 -0.1970 0.9540
vn -0.3642 -0.4532 0.8136
vn -0.2934 -0.5119 -0.8074
vn -0.4008 -0.6987 -0.5926
vn -0.4727 -0.8241 -0.3121
vn -0.4960 -0.8647 0.0790
vn -0.4727 -0.8241 0.3121
vn -0.4008 -0.6987 0.5926
vn -0.1828 -0.2374 -0.9541
vn -0.1263 -0.0838 0.9884
vn -0.2112 -0.5424 -0.8131
vn -0.2924 -0.7509 -0.5922
vn -0.4960 -0.8647 -0.0790
vn -0.3448 -0.8854 -0.3119
vn -0.3617 -0.9289 0.0789
vn -0.3448 -0.8854 0.3119
vn -0.2924 -0.7509 0.5922
vn -0.3011 0.1025 0.9481
vn -0.1369 -0.5768 -0.8054
vn -0.1865 -0.7843 -0.5917
vn -0.3617 -0.9289 -0.0789
vn -0.2199 -0.9244 -0.3115
vn -0.2307 -0.9698 0.0789
vn -0.2199 -0.9244 0.3115
vn -0.1865 -0.7843 0.5917
vn -0.1093 -0.2789 -0.9541
vn -0.0515 -0.5798 -0.8131
vn -0.0714 -0.8027 -0.5921
vn -0.2307 -0.9698 -0.0789
vn -0.0843 -0.9464 -0.3117
vn -0.0885 -0.9929 0.0789
vn -0.0843 -0.9464 0.3117
vn -0.0714 -0.8027 0.5921
vn 0.4634 -0.4694 0.7516
vn 0.2859 -0.2900 0.9133
vn 0.6281 -0.6355 0.4490
vn 0.4882 0.6418 -0.5914
vn 0.6986 -0.7060 -0.1158
vn -0.0885 -0.9929 -0.0789
vn 0.6400 0.4445 0.6267
vn 0.2786 0.9100 0.3071
vn 0.2371 0.7758 0.5848
vn 0.2859 -0.2900 -0.9133
vn -0.0304 -0.2992 -0.9537
vn 0.0785 -0.0789 -0.9938
vn 0.1193 -0.1209 -0.9855
vn 0.4634 -0.4694 -0.7516
vn 0.6281 -0.6355 -0.4490
vn 0.6986 -0.7060 0.1159
vn 0.1191 0.1207 0.9855
vn 0.0785 -0.0789 0.9938
vn -0.1183 -0.1834 -0.9759
vn -0.0715 -0.1109 -0.9913
vn -0.1679 -0.2603 -0.9508
vn -0.2622 -0.4066 -0.8752
vn -0.3036 -0.4708 -0.8284
vn -0.3972 -0.6158 -0.6805
vn -0.4237 -0.6569 -0.6237
vn -0.5013 -0.7773 -0.3801
vn -0.5100 -0.7908 -0.3384
vn -0.5395 -0.8365 -0.0961
vn -0.5398 -0.8369 -0.0902
vn -0.5395 -0.8365 0.0961
vn -0.5398 -0.8369 0.0902
vn -0.5100 -0.7908 0.3384
vn -0.4237 -0.6569 0.6237
vn -0.5013 -0.7773 0.3801
vn -0.3036 -0.4708 0.8284
vn -0.3972 -0.6158 0.6805
vn -0.1679 -0.2603 0.9508
vn -0.2622 -0.4066 0.8752
vn -0.0715 -0.1109 0.9913
vn -0.1183 -0.1834 0.9759
vn 0.1190 -0.1803 -0.9764
vn 0.2647 -0.4011 -0.8769
vn 0.4020 -0.6093 -0.6835
vn 0.5088 -0.7711 -0.3827
vn 0.5482 -0.8307 -0.0968
vn 0.5482 -0.8308 0.0968
vn 0.5088 -0.7711 0.3827
vn 0.4020 -0.6093 0.6835
vn 0.2647 -0.4011 0.8769
vn 0.1190 -0.1803 0.9764
vn 0.0722 -0.1094 -0.9914
vn 0.1700 -0.2577 -0.9512
vn 0.3075 -0.4660 -0.8296
vn 0.4296 -0.6512 -0.6256
vn 0.5179 -0.7850 -0.3400
vn 0.5485 -0.8312 0.0907
vn 0.5179 -0.7850 0.3400
vn 0.4296 -0.6512 0.6256
vn 0.3075 -0.4660 0.8296
vn 0.1700 -0.2577 0.9512
vn 0.0722 -0.1094 0.9914
vn -0.0726 -0.0479 -0.9962
vn -0.1953 -0.1290 -0.9722
vn -0.3629 -0.2396 -0.9005
vn -0.5568 -0.3676 -0.7449
vn 0.5485 -0.8312 -0.0907
vn -0.7478 -0.4937 -0.4439
vn -0.8274 -0.5463 0.1302
vn -0.7478 -0.4937 0.4439
vn -0.5568 -0.3676 0.7449
vn -0.3629 -0.2396 0.9005
vn -0.1953 -0.1290 0.9722
vn -0.0726 -0.0479 0.9962
vn -0.1701 0.2576 -0.9512
vn -0.3076 0.4659 -0.8296
vn -0.4298 0.6510 -0.6257
vn -0.5182 0.7848 -0.3400
vn -0.5487 0.8311 -0.0907
vn -0.8274 -0.5463 -0.1302
vn -0.5487 0.8311 0.0907
vn -0.5182 0.7848 0.3400
vn -0.4298 0.6510 0.6257
vn -0.3076 0.4659 0.8296
vn -0.1701 0.2576 0.9512
vn 0.1686 0.2594 -0.9509
vn -0.0722 0.1093 -0.9914
vn 0.3049 0.4692 -0.8288
vn 0.4256 0.6550 -0.6243
vn 0.5126 0.7889 -0.3389
vn 0.5426 0.8351 -0.0903
vn 0.5426 0.8351 0.0903
vn 0.5126 0.7889 0.3389
vn 0.4256 0.6550 0.6243
vn 0.3049 0.4692 0.8288
vn -0.0722 0.1093 0.9914
vn 0.1686 0.2594 0.9509
vn 0.0721 -0.0468 -0.9963
vn 0.0717 0.1104 -0.9913
vn 0.1945 -0.1264 -0.9727
vn 0.3619 -0.2351 -0.9021
vn 0.5566 -0.3617 -0.7479
vn 0.7501 -0.4874 -0.4469
vn 0.8312 -0.5401 0.1315
vn 0.7501 -0.4874 0.4469
vn 0.5566 -0.3617 0.7479
vn 0.3619 -0.2351 0.9021
vn 0.1945 -0.1264 0.9727
vn 0.0721 -0.0468 0.9963
vn 0.0717 0.1104 0.9913
vn 0.8312 -0.5401 -0.1315
vn 0.0011 -0.0801 -0.9968
vn -0.0721 0.0468 -0.9963
vn -0.1007 0.0654 -0.9928
vn 0.0030 -0.2220 -0.9750
vn -0.2616 0.1699 -0.9501
vn 0.0057 -0.4135 -0.9105
vn -0.4580 0.2974 -0.8377
vn 0.0098 -0.7178 -0.6962
vn -0.6951 0.4514 -0.5595
vn 0.0134 -0.9766 -0.2146
vn -0.8289 0.5382 -0.1529
vn 0.0133 -0.9766 0.2146
vn -0.8289 0.5382 0.1529
vn -0.6951 0.4514 0.5595
vn -0.4580 0.2974 0.8377
vn 0.0098 -0.7178 0.6962
vn -0.2616 0.1699 0.9501
vn 0.0057 -0.4135 0.9105
vn -0.1007 0.0654 0.9928
vn 0.0030 -0.2220 0.9750
vn -0.0721 0.0468 0.9963
vn 0.0011 -0.0801 0.9968
vn 0.0729 0.0488 -0.9961
vn 0.0009 -0.0623 -0.9981
vn 0.1026 0.0686 -0.9924
vn 0.2649 0.1772 -0.9479
vn 0.4614 0.3086 -0.8318
vn 0.6939 0.4642 -0.5505
vn 0.8218 0.5498 0.1496
vn 0.6939 0.4642 0.5505
vn 0.4614 0.3086 0.8318
vn 0.2649 0.1772 0.9479
vn 0.1026 0.0686 0.9924
vn 0.0729 0.0488 0.9961
vn 0.0009 -0.0623 0.9981
vn 0.8218 0.5498 -0.1496
vn -0.0009 0.8372 0.5470
vn 0.0898 0.8016 0.5911
vn -0.2218 0.9243 -0.3107
vn 0.1783 -0.5027 0.8459
vn 0.4734 -0.3083 0.8251
vn 0.2604 -0.1731 0.9498
vn -0.1371 -0.1149 0.9839
vn -0.1046 -0.1158 0.9877
vn 0.0774 -0.1609 0.9839
vn 0.0491 -0.1482 0.9877
vn -0.0899 -0.6204 -0.7791
vn 0.2384 -0.9030 0.3574
vn 0.1793 -0.9807 0.0783
vn 0.2549 -0.9638 -0.0783
vn -0.3628 -0.9285 -0.0786
vn -0.0238 0.2002 0.9795
vn 0.0020 0.1564 0.9877
vn -0.3058 0.9488 -0.0787
vn -0.1944 -0.9778 -0.0787
vn -0.4758 0.8760 -0.0787
vn -0.0337 -0.2962 -0.9545
vn -0.0005 -0.1513 -0.9885
vn -0.0809 -0.8293 0.5530
vn -0.1693 -0.7924 0.5861
vn -0.5198 -0.8507 0.0782
vn -0.0923 -0.9461 -0.3105
vn -0.1332 0.0812 -0.9878
vn 0.4569 0.3195 0.8301
vn 0.0054 -0.9505 0.3108
vn 0.0046 -0.8069 0.5906
vn 0.0057 -0.9969 -0.0787
vn 0.1003 -0.8313 0.5467
vn 0.1143 -0.9434 -0.3113
vn 0.0046 -0.8069 -0.5906
vn 0.0054 -0.9505 -0.3108
vn 0.1199 -0.9897 -0.0788
vn 0.1199 -0.9897 0.0788
vn 0.0057 -0.9969 0.0787
vn 0.1143 -0.9434 0.3113
vn 0.0030 -0.2964 -0.9550
vn 0.0051 -0.5898 -0.8076
vn 0.2298 -0.9221 -0.3114
vn 0.1003 -0.8313 -0.5467
vn 0.2410 -0.9673 -0.0789
vn 0.2410 -0.9673 0.0789
vn 0.2298 -0.9221 0.3114
vn 0.2793 -0.5114 0.8127
vn 0.2217 -0.5708 0.7906
vn 0.2921 -0.7515 -0.5916
vn 0.1950 -0.7824 -0.5915
vn 0.3443 -0.8857 -0.3115
vn 0.3612 -0.9291 -0.0789
vn 0.3612 -0.9291 0.0789
vn 0.1950 -0.7824 0.5915
vn 0.3443 -0.8857 0.3115
vn 0.2921 -0.7515 0.5916
vn 0.3864 -0.7075 -0.5917
vn 0.4555 -0.8340 -0.3115
vn 0.4778 -0.8749 -0.0789
vn 0.4778 -0.8749 0.0789
vn 0.4555 -0.8340 0.3115
vn 0.3864 -0.7075 0.5917
vn -0.1010 -0.1189 -0.9877
vn -0.1109 -0.1762 -0.9781
vn 0.2088 -0.2177 0.9534
vn 0.4032 -0.4204 0.8128
vn 0.3609 -0.4938 0.7912
vn 0.4757 -0.6508 -0.5917
vn 0.5608 -0.7671 -0.3116
vn 0.5883 -0.8048 -0.0789
vn 0.5883 -0.8048 0.0789
vn 0.5608 -0.7671 0.3116
vn 0.4757 -0.6508 0.5917
vn -0.0977 -0.1216 -0.9878
vn -0.1155 -0.1048 -0.9878
vn 0.5580 -0.5817 -0.5918
vn 0.6577 -0.6858 -0.3116
vn 0.6900 -0.7194 -0.0789
vn 0.6900 -0.7194 0.0789
vn 0.6577 -0.6858 0.3116
vn 0.5580 -0.5817 0.5918
vn 0.6311 -0.5015 -0.5919
vn 0.4032 -0.4204 -0.8128
vn 0.7439 -0.5912 -0.3116
vn 0.7805 -0.6202 -0.0789
vn 0.7805 -0.6202 0.0789
vn 0.7439 -0.5912 0.3116
vn 0.6311 -0.5015 0.5919
vn 0.2088 -0.2177 -0.9534
vn 0.4789 -0.3806 -0.7911
vn 0.6931 -0.4115 -0.5919
vn 0.8171 -0.4851 -0.3116
vn 0.8572 -0.5089 -0.0789
vn 0.8572 -0.5089 0.0789
vn 0.8171 -0.4851 0.3116
vn 0.6931 -0.4115 0.5919
vn 0.5009 -0.2973 -0.8129
vn 0.2791 -0.1153 -0.9533
vn 0.2583 -0.1562 -0.9533
vn 0.5365 -0.2267 -0.8128
vn 0.7425 -0.3137 -0.5919
vn 0.8753 -0.3698 -0.3116
vn 0.9183 -0.3880 0.0789
vn 0.8753 -0.3698 0.3116
vn 0.7425 -0.3137 0.5919
vn 0.5365 -0.2267 0.8128
vn 0.2791 -0.1153 0.9533
vn 0.5922 -0.1602 0.7897
vn 0.5922 -0.1602 -0.7897
vn 0.7780 -0.2107 -0.5918
vn 0.9183 -0.3880 -0.0789
vn 0.9172 -0.2483 -0.3116
vn 0.9622 -0.2605 0.0789
vn 0.9172 -0.2483 0.3116
vn 0.7780 -0.2107 0.5918
vn 0.1088 -0.0864 0.9903
vn 0.7992 -0.1052 -0.5917
vn 0.9622 -0.2605 -0.0789
vn 0.9421 -0.1240 -0.3116
vn 0.9884 -0.1301 0.0789
vn 0.9421 -0.1240 0.3116
vn 0.7992 -0.1052 0.5917
vn 0.5777 -0.0760 0.8127
vn 0.6142 -0.0008 0.7892
vn 0.2992 -0.0396 0.9534
vn 0.8063 -0.0012 -0.5915
vn 0.9884 -0.1301 -0.0789
vn 0.9503 -0.0014 -0.3114
vn 0.9969 -0.0015 0.0789
vn 0.9503 -0.0014 0.3114
vn 0.8063 -0.0012 0.5915
vn -0.1325 0.0824 -0.9878
vn -0.1614 0.0699 -0.9844
vn 0.7998 0.1013 -0.5916
vn 0.9427 0.1194 -0.3115
vn 0.9890 0.1253 -0.0789
vn 0.9969 -0.0015 -0.0789
vn 0.9890 0.1253 0.0789
vn 0.9427 0.1194 0.3115
vn 0.7998 0.1013 0.5916
vn 0.5934 0.1560 0.7896
vn 0.5782 0.0732 0.8126
vn 0.2996 0.0382 0.9533
vn 0.7795 0.2053 -0.5918
vn 0.5782 0.0732 -0.8126
vn 0.9189 0.2420 -0.3116
vn 0.9640 0.2539 -0.0789
vn 0.9640 0.2539 0.0789
vn 0.9189 0.2420 0.3116
vn 0.7795 0.2053 0.5918
vn 0.7442 0.3093 -0.5920
vn 0.5934 0.1560 -0.7896
vn 0.8774 0.3647 -0.3117
vn 0.9205 0.3826 -0.0789
vn 0.9205 0.3826 0.0789
vn 0.8774 0.3647 0.3117
vn 0.7442 0.3093 0.5920
vn 0.1252 0.1259 -0.9841
vn 0.0924 0.1257 -0.9878
vn 0.5276 0.3116 0.7903
vn 0.5378 0.2235 0.8129
vn 0.2783 0.1158 0.9535
vn 0.6938 0.4100 -0.5921
vn 0.5378 0.2235 -0.8129
vn 0.8180 0.4833 -0.3118
vn 0.8583 0.5071 -0.0789
vn 0.8583 0.5071 0.0789
vn 0.8180 0.4833 0.3118
vn 0.6938 0.4100 0.5921
vn 0.6292 0.5035 -0.5921
vn 0.5276 0.3116 -0.7903
vn 0.7419 0.5937 -0.3118
vn 0.7783 0.6229 -0.0789
vn 0.7783 0.6229 0.0789
vn 0.7419 0.5937 0.3118
vn 0.6292 0.5035 0.5921
vn -0.1357 -0.2919 -0.9468
vn -0.2465 -0.5301 -0.8113
vn 0.4197 0.4459 0.7906
vn 0.4546 0.3638 0.8130
vn 0.5524 0.5868 -0.5920
vn 0.6512 0.6919 -0.3117
vn 0.6833 0.7259 0.0789
vn 0.6512 0.6919 0.3117
vn 0.5524 0.5868 0.5920
vn 0.4662 0.6575 -0.5919
vn 0.6833 0.7259 -0.0789
vn 0.5495 0.7752 -0.3117
vn 0.5766 0.8132 0.0789
vn 0.5495 0.7752 0.3117
vn 0.4662 0.6575 0.5919
vn 0.3369 0.4751 0.8129
vn 0.2839 0.5428 0.7905
vn 0.3738 0.7142 -0.5917
vn 0.5766 0.8132 -0.0789
vn 0.4406 0.8419 -0.3116
vn 0.4622 0.8832 0.0789
vn 0.4406 0.8419 0.3116
vn 0.3738 0.7142 0.5917
vn 0.1955 0.5482 -0.8132
vn 0.2785 0.7567 -0.5915
vn 0.4622 0.8832 -0.0789
vn 0.3282 0.8918 -0.3114
vn 0.3443 0.9355 0.0789
vn 0.3282 0.8918 0.3114
vn 0.2785 0.7567 0.5915
vn 0.1927 0.5536 0.8102
vn 0.0191 0.1550 0.9877
vn 0.0452 0.1721 0.9840
vn 0.0987 0.2814 0.9545
vn 0.1895 0.8147 0.5481
vn 0.1895 0.8147 -0.5481
vn 0.3443 0.9355 -0.0789
vn 0.2157 0.9255 -0.3113
vn 0.2262 0.9709 0.0788
vn 0.2157 0.9255 0.3113
vn -0.1109 -0.1762 0.9781
vn -0.1010 -0.1189 0.9877
vn -0.2035 -0.2397 0.9493
vn 0.0950 0.1009 -0.9904
vn 0.0898 0.8016 -0.5911
vn 0.2262 0.9709 -0.0788
vn 0.1058 0.9445 -0.3111
vn 0.1110 0.9907 0.0788
vn 0.1058 0.9445 0.3111
vn 0.3349 0.9390 -0.0789
vn -0.0009 0.8372 -0.5470
vn 0.1110 0.9907 -0.0788
vn -0.0016 0.9504 -0.3109
vn -0.0016 0.9504 0.3109
vn 0.0228 -0.1548 -0.9877
vn 0.0642 -0.2095 -0.9757
vn 0.0534 -0.3132 -0.9482
vn -0.0016 0.9969 -0.0787
vn -0.1055 0.9446 -0.3107
vn -0.0344 -0.1451 -0.9888
vn -0.2027 0.9287 -0.3106
vn -0.3009 -0.1139 -0.9468
vn -0.1462 -0.0550 -0.9877
vn -0.1686 -0.0876 -0.9818
vn -0.1784 0.8164 -0.5493
vn -0.1848 0.5559 -0.8105
vn -0.2916 0.9047 -0.3105
vn -0.0597 -0.2915 -0.9547
vn -0.1201 -0.5730 -0.8107
vn -0.3098 0.6380 -0.7049
vn 0.4565 0.8349 -0.3075
vn -0.2008 -0.7812 -0.5911
vn 0.1223 -0.1816 -0.9757
vn 0.2200 -0.3441 -0.9128
vn -0.1556 -0.0055 -0.9878
vn -0.1494 -0.0413 -0.9879
vn -0.4094 -0.6679 -0.6215
vn -0.4534 0.8354 -0.3107
vn 0.1978 0.3451 0.9175
vn -0.3770 0.7169 0.5865
vn 0.3093 0.5465 0.7783
vn 0.4305 0.7657 -0.4779
vn 0.1508 -0.0402 -0.9877
vn 0.1734 -0.0223 -0.9846
vn 0.1085 0.1839 0.9769
vn 0.0467 0.0619 -0.9970
vn 0.3093 0.5465 -0.7783
vn 0.8483 -0.5219 -0.0891
vn 0.4844 0.8628 -0.1447
vn 0.8483 -0.5219 0.0891
vn 0.4844 0.8628 0.1447
vn 0.7963 -0.4996 0.3411
vn 0.6598 -0.4258 0.6192
vn 0.0467 0.0619 0.9970
vn -0.1459 -0.6185 -0.7722
vn 0.2794 -0.7585 0.5888
vn 0.1474 0.2630 -0.9535
vn 0.0829 0.1088 -0.9906
vn 0.0800 -0.9330 0.3510
vn 0.1519 -0.9363 0.3166
vn 0.0683 0.1403 -0.9877
vn 0.0831 0.1240 -0.9888
vn 0.1379 -0.0002 0.9904
vn 0.1549 0.0196 0.9877
vn 0.1793 -0.9807 -0.0783
vn 0.0502 -0.1293 -0.9903
vn -0.2191 -0.5395 0.8130
vn 0.4569 0.3195 -0.8301
vn 0.0062 -0.8113 0.5845
vn 0.0014 -0.3153 0.9490
vn 0.0534 -0.3132 0.9482
vn -0.0732 -0.5473 0.8337
vn -0.0732 -0.5473 -0.8337
vn -0.1079 -0.8035 -0.5854
vn -0.0225 -0.9967 -0.0784
vn -0.1266 -0.9430 -0.3076
vn -0.1326 -0.9881 0.0784
vn -0.0225 -0.9967 0.0784
vn -0.1266 -0.9430 0.3076
vn -0.1079 -0.8035 0.5854
vn -0.1599 -0.5695 -0.8063
vn -0.2192 -0.7806 -0.5854
vn -0.1326 -0.9881 -0.0784
vn -0.2573 -0.9161 -0.3076
vn -0.2695 -0.9598 0.0784
vn -0.2573 -0.9161 0.3076
vn -0.2192 -0.7806 0.5854
vn -0.1599 -0.5695 0.8063
vn -0.0836 -0.3034 -0.9492
vn -0.2402 -0.5405 -0.8063
vn -0.3293 -0.7409 -0.5853
vn -0.2695 -0.9598 -0.0784
vn -0.3864 -0.8695 -0.3076
vn -0.4049 -0.9110 0.0784
vn -0.3864 -0.8695 0.3076
vn -0.3293 -0.7409 0.5853
vn -0.2402 -0.5405 0.8063
vn -0.1293 -0.2869 0.9492
vn -0.0836 -0.3034 0.9492
vn -0.3829 -0.4507 0.8064
vn -0.2973 -0.4715 0.8302
vn -0.4326 -0.6857 -0.5853
vn -0.5077 -0.8047 -0.3076
vn -0.5319 -0.8431 -0.0784
vn -0.4049 -0.9110 -0.0784
vn -0.5319 -0.8431 0.0784
vn -0.5077 -0.8047 0.3076
vn -0.4326 -0.6857 0.5853
vn -0.5249 -0.6179 -0.5854
vn -0.6160 -0.7252 -0.3076
vn -0.6454 -0.7598 -0.0784
vn -0.6454 -0.7598 0.0784
vn -0.6160 -0.7252 0.3076
vn -0.5249 -0.6179 0.5854
vn -0.2657 -0.1749 0.9481
vn -0.4890 -0.3261 0.8090
vn -0.4180 -0.3749 0.8275
vn -0.6036 -0.5412 -0.5855
vn -0.3829 -0.4507 -0.8064
vn -0.7085 -0.6351 -0.3077
vn -0.7423 -0.6655 -0.0784
vn -0.7423 -0.6655 0.0784
vn -0.7085 -0.6351 0.3077
vn -0.6036 -0.5412 0.5855
vn -0.1382 0.2666 -0.9538
vn -0.0664 0.5842 0.8089
vn -0.0350 0.3163 0.9480
vn -0.6682 -0.4589 -0.5855
vn -0.7844 -0.5386 -0.3077
vn -0.8218 -0.5643 -0.0784
vn -0.8218 -0.5643 0.0784
vn -0.7844 -0.5386 0.3077
vn -0.6682 -0.4589 0.5855
vn -0.6908 -0.3587 0.6278
vn -0.8445 -0.4383 -0.3077
vn -0.8848 -0.4592 -0.0784
vn -0.8848 -0.4592 0.0784
vn -0.8445 -0.4383 0.3077
vn -0.8904 -0.3353 -0.3078
vn -0.9330 -0.3514 -0.0784
vn -0.9330 -0.3514 0.0784
vn -0.8904 -0.3353 0.3078
vn -0.7583 -0.1885 0.6241
vn -0.7585 -0.2857 0.5857
vn -0.9234 -0.2293 -0.3078
vn -0.7585 -0.2857 -0.5857
vn -0.9676 -0.2402 -0.0784
vn -0.9676 -0.2402 0.0784
vn -0.9234 -0.2293 0.3078
vn -0.1172 0.0978 0.9883
vn -0.1462 -0.0550 0.9877
vn -0.1802 -0.0449 0.9826
vn -0.8043 -0.1006 -0.5856
vn -0.9441 -0.1181 -0.3077
vn -0.9892 -0.1237 0.0784
vn -0.9441 -0.1181 0.3077
vn -0.8043 -0.1006 0.5856
vn -0.3115 0.0405 0.9494
vn -0.5864 0.0756 0.8065
vn -0.5638 0.0009 0.8259
vn -0.8106 -0.0003 -0.5855
vn -0.9892 -0.1237 -0.0784
vn -0.9515 -0.0003 -0.3077
vn -0.9969 -0.0004 0.0784
vn -0.9515 -0.0003 0.3077
vn -0.8106 -0.0003 0.5855
vn -0.5820 -0.0811 0.8091
vn -0.5864 0.0756 -0.8065
vn -0.8040 0.1037 -0.5855
vn -0.9969 -0.0004 -0.0784
vn -0.9437 0.1217 -0.3077
vn -0.9887 0.1275 0.0784
vn -0.9437 0.1217 0.3077
vn -0.8040 0.1037 0.5855
vn -0.1227 -0.9893 -0.0787
vn -0.5404 0.1437 -0.8290
vn -0.7834 0.2084 -0.5855
vn -0.9887 0.1275 -0.0784
vn -0.9195 0.2446 -0.3077
vn -0.9634 0.2563 0.0784
vn -0.9195 0.2446 0.3077
vn -0.7834 0.2084 0.5855
vn -0.5459 0.2273 -0.8064
vn -0.7484 0.3116 -0.5854
vn -0.9634 0.2563 -0.0784
vn -0.8784 0.3657 -0.3077
vn -0.9203 0.3832 0.0784
vn -0.8784 0.3657 0.3077
vn -0.7484 0.3116 0.5854
vn -0.2481 0.1932 0.9493
vn -0.4645 0.3659 0.8064
vn -0.4830 0.2833 0.8285
vn -0.4830 0.2833 -0.8285
vn -0.6992 0.4103 -0.5854
vn -0.9203 0.3832 -0.0784
vn -0.8207 0.4815 -0.3077
vn -0.8598 0.5045 0.0784
vn -0.8207 0.4815 0.3077
vn -0.6992 0.4103 0.5854
vn 0.0270 0.1540 0.9877
vn -0.4645 0.3659 -0.8064
vn -0.6368 0.5017 -0.5854
vn -0.8598 0.5045 -0.0784
vn -0.7474 0.5888 -0.3077
vn -0.7831 0.6169 0.0784
vn -0.7474 0.5888 0.3077
vn -0.6368 0.5017 0.5854
vn -0.4105 0.4256 -0.8064
vn -0.2481 0.1932 -0.9493
vn -0.5628 0.5835 -0.5854
vn -0.6606 0.6848 -0.3077
vn -0.6921 0.7175 -0.0784
vn -0.7831 0.6169 -0.0784
vn -0.6921 0.7175 0.0784
vn -0.6606 0.6848 0.3077
vn -0.5628 0.5835 0.5854
vn -0.4105 0.4256 0.8064
vn -0.3311 0.4519 0.8283
vn -0.2171 0.2275 0.9493
vn -0.4792 0.6539 -0.5855
vn -0.5624 0.7675 -0.3077
vn -0.5893 0.8041 -0.0784
vn -0.5893 0.8041 0.0784
vn -0.5624 0.7675 0.3077
vn -0.4792 0.6539 0.5855
vn -0.3884 0.7116 -0.5855
vn -0.4558 0.8352 -0.3077
vn -0.4776 0.8751 -0.0784
vn -0.4776 0.8751 0.0784
vn -0.4558 0.8352 0.3077
vn -0.3884 0.7116 0.5855
vn 0.0751 -0.1369 0.9877
vn 0.0629 -0.1616 0.9848
vn -0.2021 0.5222 0.8286
vn -0.2832 0.5190 0.8065
vn -0.1506 0.2758 0.9494
vn -0.2927 0.7560 -0.5855
vn -0.2832 0.5190 -0.8065
vn -0.3435 0.8873 -0.3077
vn -0.3599 0.9297 -0.0784
vn -0.3599 0.9297 0.0784
vn -0.3435 0.8873 0.3077
vn -0.2927 0.7560 0.5855
vn -0.1186 0.1619 0.9796
vn -0.0748 0.1370 0.9877
vn -0.1946 0.7869 -0.5856
vn -0.2284 0.9236 -0.3077
vn -0.2393 0.9678 -0.0784
vn -0.2393 0.9678 0.0784
vn -0.2284 0.9236 0.3077
vn -0.1946 0.7869 0.5856
vn -0.0010 -0.3166 -0.9486
vn 0.1586 0.5171 -0.8411
vn 0.2517 0.1784 -0.9512
vn -0.0916 0.7656 0.6368
vn -0.1132 0.9447 -0.3077
vn -0.1186 0.9898 -0.0784
vn -0.1186 0.9898 0.0784
vn -0.1132 0.9447 0.3077
vn 0.0107 0.9516 -0.3071
vn 0.1551 -0.0185 0.9877
vn 0.1693 -0.0425 0.9847
vn 0.0751 -0.1369 -0.9877
vn 0.1027 -0.1396 -0.9849
vn -0.4603 -0.8877 -0.0088
vn 0.5022 -0.8533 0.1403
vn 0.4520 -0.7619 0.4639
vn -0.0769 -0.7840 -0.6159
vn 0.1004 0.5730 -0.8134
vn 0.1088 -0.0864 -0.9903
vn 0.1754 -0.2612 0.9492
vn 0.0092 0.8113 -0.5846
vn -0.0136 -0.1399 -0.9901
vn -0.1449 -0.0473 -0.9883
vn -0.1531 -0.0310 -0.9877
vn -0.1308 0.1210 -0.9840
vn -0.1281 0.0892 -0.9877
vn 0.7732 0.5348 0.3409
vn 0.2128 0.2140 0.9534
vn 0.1105 0.1106 0.9877
vn 0.0475 -0.0645 -0.9968
vn 0.1059 0.0760 -0.9915
vn 0.1223 -0.1816 0.9757
vn 0.2517 0.1784 0.9512
vn 0.0475 -0.0645 0.9968
vn 0.1059 0.0760 0.9915
vn -0.9279 -0.0192 -0.3722
vn -0.9279 -0.0191 0.3722
vn -0.3843 0.8658 -0.3206
vn -0.3843 0.8658 0.3206
vn -0.1300 0.2929 0.9473
vn 0.8991 0.0334 -0.4365
vn 0.8991 0.0334 0.4365
vn 0.6543 -0.6543 0.3792
vn -0.0896 0.8021 -0.5905
vn -0.6376 -0.7062 -0.3076
vn -0.6376 -0.7062 0.3076
vn -0.2715 -0.1658 0.9480
vn -0.5811 0.0649 0.8113
vn -0.0350 0.3163 -0.9480
vn 0.2445 0.1986 -0.9491
vn 0.0491 -0.1482 -0.9877
vn 0.0774 -0.1609 -0.9839
vn -0.2020 0.9725 0.1163
vn -0.2184 -0.5408 -0.8123
vn 0.7263 0.3507 -0.5912
vn 0.7263 0.3507 0.5912
vn 0.0642 -0.2095 0.9757
vn 0.0228 -0.1548 0.9877
vn 0.3885 0.4338 0.8130
vn 0.5288 0.7894 -0.3117
vn 0.5288 0.7894 0.3117
vn 0.5549 0.8282 -0.0789
vn 0.1048 -0.5747 0.8116
vn -0.0034 -0.3000 0.9539
vn -0.0319 -0.1531 -0.9877
vn -0.0173 -0.1770 -0.9841
vn -0.0663 -0.3144 -0.9470
vn 0.2916 -0.1181 0.9492
vn -0.0298 0.1361 -0.9902
vn 0.0750 -0.1329 0.9883
vn 0.0934 -0.1250 0.9877
vn 0.0519 0.2965 -0.9536
vn 0.2783 0.1158 -0.9535
vn 0.0785 0.0789 0.9938
vn -0.0072 0.1201 0.9927
vn 0.4052 -0.8988 -0.1673
vn 0.0446 0.0624 -0.9971
vn 0.0446 0.0624 0.9971
vn -0.9673 -0.2409 -0.0788
vn -0.9673 -0.2410 0.0788
vn -0.7555 -0.2823 -0.5912
vn -0.7555 -0.2823 0.5912
vn -0.4065 -0.6957 -0.5922
vn -0.4065 -0.6957 0.5922
vn -0.2191 -0.5395 -0.8130
vn -0.3033 -0.7467 -0.5921
vn -0.3033 -0.7467 0.5921
vn -0.2715 -0.1659 0.9480
vn 0.0981 -0.2807 -0.9548
vn 0.8425 -0.5329 0.0788
vn 0.8425 -0.5329 -0.0788
vn 0.9382 -0.3370 0.0787
vn 0.9382 -0.3370 -0.0787
vn -0.1657 -0.9843 -0.0614
vn -0.1657 -0.9843 0.0614
vn -0.5184 -0.0050 -0.8551
vn -0.5184 -0.0050 0.8551
vn 0.1441 0.0599 0.9877
vn 0.1192 0.0704 0.9904
vn 0.1218 0.0975 0.9877
vn 0.0903 0.1273 0.9877
vn 0.0642 0.1228 0.9904
vn 0.0539 0.1465 0.9877
vn 0.0313 0.1349 0.9904
vn 0.0174 0.1552 0.9877
vn -0.5007 -0.3080 0.8090
vn -0.1730 0.0394 -0.9841
vn -0.1581 0.0811 -0.9841
vn -0.1469 0.0530 -0.9877
vn -0.1710 -0.0371 -0.9846
vn -0.1553 -0.0165 -0.9877
vn -0.1480 -0.0499 -0.9877
vn 0.0836 0.1579 -0.9839
vn 0.0535 0.1466 -0.9877
vn -0.0780 0.0794 -0.9938
vn 0.0010 -0.1563 0.9877
vn 0.0165 -0.1371 0.9904
vn 0.0378 -0.1515 0.9877
vn 0.0675 -0.2905 0.9545
vn -0.0383 -0.0913 0.9951
vn -0.0136 -0.1399 0.9901
vn 0.0452 0.1721 -0.9840
vn 0.0958 0.1523 -0.9837
vn 0.0614 0.1434 -0.9878
vn 0.1030 0.1171 -0.9878
vn -0.0460 0.1727 -0.9839
vn -0.0199 0.1548 -0.9877
vn -0.0607 0.1438 -0.9877
vn -0.1333 0.5723 0.8092
vn 0.0472 -0.9920 -0.1174
vn 0.1505 -0.0243 -0.9883
vn 0.1548 0.0086 -0.9879
vn 0.1479 -0.0495 -0.9878
vn 0.1249 -0.0934 -0.9878
vn 0.2445 0.1986 0.9491
vn -0.0848 0.1310 0.9877
vn -0.0995 0.1136 0.9885
vn -0.1193 0.1006 0.9878
vn -0.1332 0.0812 0.9878
vn -0.1390 0.0584 0.9886
vn -0.1510 0.0394 0.9877
vn -0.0480 0.1486 0.9877
vn 0.1789 0.0139 0.9838
vn 0.1538 0.0275 0.9877
vn 0.1539 0.0926 0.9837
vn 0.1030 0.1171 0.9878
vn 0.1202 0.0995 0.9878
vn -0.1107 -0.1036 -0.9884
vn -0.0974 -0.1219 -0.9878
vn -0.1277 -0.0898 -0.9877
vn -0.1463 -0.0547 -0.9877
vn -0.1471 -0.0366 -0.9885
vn -0.1547 -0.0218 -0.9877
vn 0.0773 -0.0633 -0.9950
vn 0.0773 -0.0633 0.9950
vn 0.0148 -0.1742 -0.9846
vn -0.0260 -0.1839 -0.9826
vn -0.0445 -0.1495 -0.9878
vn 0.1198 -0.0679 -0.9905
vn 0.0852 -0.1521 -0.9847
vn -0.0022 -0.1563 -0.9877
vn 0.0620 -0.1436 -0.9877
vn 0.3785 -0.9197 0.1040
vn 0.1191 0.1008 -0.9877
vn 0.1041 0.1163 -0.9877
vn 0.1256 0.0807 -0.9888
vn 0.1406 0.0679 -0.9877
vn 0.1517 0.0376 -0.9877
vn 0.1406 0.0679 0.9877
vn 0.1256 0.0807 0.9888
vn 0.1191 0.1008 0.9877
vn 0.1041 0.1163 0.9877
vn 0.1517 0.0376 0.9877
vn 0.0683 0.1403 0.9877
vn 0.0474 0.1416 0.9888
vn 0.0316 0.1529 0.9877
vn 0.0582 0.2935 -0.9542
vn 0.1198 -0.0679 0.9905
vn -0.1740 0.1020 -0.9795
vn -0.1226 0.0966 -0.9877
vn -0.1929 0.0013 -0.9812
vn -0.1548 0.0200 -0.9877
vn -0.1549 -0.0194 -0.9877
vn -0.0974 -0.1219 0.9878
vn -0.0764 -0.1308 0.9885
vn -0.0587 -0.1446 0.9877
vn -0.0187 -0.1550 0.9877
vn -0.0005 -0.1513 0.9885
vn 0.0164 -0.1553 0.9877
vn 0.0329 -0.1476 0.9885
vn 0.0527 -0.1470 0.9877
vn 0.1514 -0.0389 -0.9877
vn 0.1426 -0.0512 -0.9884
vn 0.1407 -0.0678 -0.9877
vn 0.1205 -0.0992 -0.9877
vn 0.1032 -0.1108 -0.9885
vn 0.0898 -0.1276 -0.9877
vn 0.0694 -0.1345 -0.9885
vn 0.0527 -0.1470 -0.9877
vn 0.0316 0.1530 0.9877
vn 0.1032 -0.1108 0.9885
vn 0.1205 -0.0992 0.9877
vn 0.1407 -0.0678 0.9877
vn 0.1426 -0.0512 0.9884
vn 0.1514 -0.0389 0.9877
vn 0.0898 -0.1276 0.9877
vn 0.0694 -0.1345 0.9885
vn -0.0482 0.0997 -0.9939
vn -0.0488 0.1248 -0.9910
vn -0.0365 0.1521 -0.9877
vn -0.0011 0.1563 -0.9877
vn 0.0143 0.1487 -0.9888
vn 0.0316 0.1530 -0.9877
vn -0.1581 0.0811 0.9841
vn -0.1281 0.0892 0.9877
vn -0.1469 0.0530 0.9877
vn -0.1756 0.0003 0.9845
vn -0.1710 -0.0371 0.9846
vn -0.1553 -0.0165 0.9877
vn -0.1480 -0.0499 0.9877
vn -0.0751 0.1572 -0.9847
vn -0.0354 0.1697 -0.9849
vn -0.0494 0.1481 -0.9877
vn 0.0345 0.1669 -0.9854
vn 0.0160 0.1556 -0.9877
vn 0.0910 0.1817 -0.9791
vn -0.0854 0.1306 -0.9877
vn 0.0823 0.1750 -0.9811
vn 0.0468 0.1492 -0.9877
vn 0.1376 0.0722 -0.9879
vn 0.1508 0.0370 -0.9879
vn 0.1200 0.0983 -0.9879
vn 0.1433 0.0560 -0.9881
vn 0.2162 0.3017 -0.9286
vn 0.0616 0.0928 -0.9938
vn 0.1376 0.0722 0.9879
vn 0.1508 0.0370 0.9879
vn 0.1193 0.1001 0.9878
vn 0.1729 0.2297 0.9578
vn 0.0616 0.0928 0.9938
vn 0.2162 0.3017 0.9286
vn 0.1433 0.0560 0.9881
vn 0.1548 0.0086 0.9879
vn -0.1740 0.1020 0.9795
vn -0.1226 0.0966 0.9877
vn -0.1929 0.0013 0.9812
vn -0.1548 0.0200 0.9877
vn -0.1549 -0.0194 0.9877
vn 0.0288 -0.1536 0.9877
vn 0.0431 -0.1463 0.9883
vn 0.0602 -0.1441 0.9877
vn 0.0137 -0.1517 0.9883
vn -0.0214 -0.1312 0.9911
vn -0.0012 -0.1563 0.9877
vn -0.0585 -0.1450 0.9877
vn -0.0277 -0.1267 0.9916
vn -0.0935 -0.1253 0.9877
vn 0.1332 -0.5725 0.8090
vn -0.1778 0.5604 0.8089
vn -0.0260 -0.1839 0.9826
vn -0.0445 -0.1495 0.9878
vn -0.0022 -0.1563 0.9877
vn 0.0515 -0.1681 0.9844
vn 0.0852 -0.1521 0.9847
vn 0.0620 -0.1436 0.9877
vn -0.0173 0.1554 0.9877
vn -0.0298 0.1361 0.9902
vn -0.0480 0.1489 0.9877
vn -0.0529 0.1088 0.9927
vn -0.1562 0.0010 0.9877
vn -0.1525 -0.0146 0.9882
vn -0.1531 -0.0310 0.9877
vn -0.1449 -0.0473 0.9883
vn -0.1409 -0.0671 0.9877
vn -0.0724 0.1874 -0.9796
vn -0.0375 0.1516 -0.9877
vn -0.1084 0.1123 -0.9877
vn -0.1343 -0.0780 -0.9879
vn -0.1156 -0.1044 -0.9878
vn -0.1550 -0.0077 -0.9879
vn -0.1249 -0.0922 -0.9879
vn -0.1453 -0.0519 -0.9880
vn -0.0632 -0.0865 -0.9942
vn 0.0987 0.2814 -0.9545
vn 0.0836 0.1579 0.9839
vn 0.0924 0.1257 0.9878
vn 0.0129 0.1557 0.9877
vn 0.3785 -0.9197 -0.1040
vn -0.0238 0.2002 -0.9795
vn 0.0778 0.2500 -0.9651
vn -0.1371 -0.1149 -0.9839
vn -0.1594 -0.0755 -0.9843
vn -0.0664 -0.1412 -0.9878
vn -0.1317 -0.0838 -0.9877
vn -0.1343 -0.0780 0.9879
vn -0.1494 -0.0413 0.9879
vn -0.1156 -0.1044 0.9878
vn -0.1249 -0.0922 0.9879
vn -0.0632 -0.0865 0.9942
vn -0.1550 -0.0077 0.9879
vn -0.1453 -0.0519 0.9880
vn -0.0517 0.1420 -0.9885
vn -0.0718 0.1386 -0.9877
vn -0.0351 0.1522 -0.9877
vn 0.0025 0.1563 -0.9877
vn 0.0270 0.1540 -0.9877
vn 0.0525 0.1472 -0.9877
vn 0.1012 0.2838 -0.9535
vn -0.0642 0.2913 0.9545
vn 0.1335 0.0351 -0.9904
vn 0.1441 0.0599 -0.9877
vn 0.1549 0.0196 -0.9877
vn 0.1548 -0.0204 -0.9877
vn -0.1520 0.0227 -0.9881
vn -0.1496 0.0445 -0.9877
vn -0.1322 0.0831 -0.9877
vn -0.1172 0.0978 -0.9883
vn -0.1055 0.1150 -0.9877
vn -0.0869 0.1247 -0.9884
vn 0.0431 -0.1463 -0.9883
vn 0.0602 -0.1441 -0.9877
vn 0.0288 -0.1536 -0.9877
vn 0.0137 -0.1517 -0.9883
vn -0.0012 -0.1563 -0.9877
vn -0.0214 -0.1312 -0.9911
vn -0.0585 -0.1450 -0.9877
vn -0.0695 -0.1222 -0.9901
vn -0.0935 -0.1253 -0.9877
vn 0.1012 0.2838 0.9535
vn -0.0011 0.1563 0.9877
vn -0.0174 0.1436 0.9895
vn -0.0365 0.1521 0.9877
vn -0.0488 0.1248 0.9910
vn -0.0482 0.0997 0.9939
vn -0.1506 0.0409 0.9877
vn -0.1154 0.1317 0.9845
vn -0.0854 0.1306 0.9877
vn -0.1614 0.0699 0.9844
vn -0.1344 -0.0701 0.9884
vn -0.1277 -0.0898 0.9877
vn -0.1107 -0.1036 0.9884
vn -0.1463 -0.0547 0.9877
vn -0.1547 -0.0218 0.9877
vn 0.1505 -0.0243 0.9883
vn 0.1249 -0.0934 0.9878
vn 0.1463 0.0545 0.9877
vn 0.1252 0.1259 0.9841
vn -0.0566 -0.1454 0.9878
vn -0.0344 -0.1451 0.9888
vn 0.0968 0.3048 0.9475
vn 0.5022 -0.8533 -0.1403
vn 0.0910 0.1817 0.9791
vn 0.0345 0.1669 0.9854
vn 0.0468 0.1492 0.9877
vn -0.0354 0.1697 0.9849
vn -0.0751 0.1572 0.9847
vn 0.0823 0.1750 0.9811
vn -0.0494 0.1481 0.9877
vn -0.0155 0.1555 0.9877
vn 0.1073 -0.1085 -0.9883
vn 0.0934 -0.1250 -0.9877
vn 0.1525 -0.0892 -0.9843
vn 0.1213 -0.0981 -0.9878
vn 0.1693 -0.0425 -0.9847
vn 0.1463 0.0545 -0.9877
vn 0.1688 0.0393 -0.9849
vn 0.1447 -0.0584 -0.9877
vn 0.1552 0.0172 -0.9877
vn -0.0607 0.1438 0.9877
vn -0.1308 0.1210 0.9840
vn 0.1539 0.0926 -0.9837
vn 0.1789 0.0139 -0.9838
vn 0.1202 0.0995 -0.9878
vn 0.1538 0.0275 -0.9877
vn -0.0480 0.1486 -0.9877
vn -0.0243 0.1409 -0.9897
vn 0.0820 -0.1122 0.9903
vn 0.1080 -0.1127 0.9877
vn 0.1364 -0.1072 0.9848
vn 0.1085 -0.1122 0.9877
vn 0.1346 -0.0790 0.9877
vn 0.1734 -0.0223 0.9846
vn 0.1558 0.0041 0.9878
vn -0.0947 -0.1546 0.9834
vn -0.0658 -0.1418 0.9877
vn -0.0173 -0.1770 0.9841
vn 0.0208 -0.1726 0.9848
vn 0.0009 -0.1563 0.9877
vn -0.1828 -0.2374 0.9541
vn -0.1155 -0.1048 0.9878
vn -0.0977 -0.1216 0.9878
vn -0.0746 -0.1303 0.9887
vn 0.0316 0.1529 -0.9877
vn -0.1594 -0.0755 0.9843
vn -0.1317 -0.0838 0.9877
vn -0.1011 -0.1514 0.9833
vn -0.0664 -0.1412 0.9878
vn 0.0330 -0.4168 0.9084
vn 0.1199 -0.1318 0.9840
vn 0.0869 -0.1296 0.9878
vn 0.1213 -0.0981 0.9878
vn 0.0329 -0.2109 0.9770
vn 0.0778 0.2500 0.9651
vn 0.0247 0.1544 0.9877
vn -0.0375 0.1516 0.9877
vn -0.0764 -0.1308 -0.9885
vn -0.0372 -0.1467 -0.9885
vn -0.0587 -0.1446 -0.9877
vn -0.0187 -0.1550 -0.9877
vn 0.0164 -0.1553 -0.9877
vn 0.0329 -0.1476 -0.9885
vn -0.1390 0.0584 -0.9886
vn -0.1510 0.0394 -0.9877
vn -0.1193 0.1006 -0.9878
vn -0.0995 0.1136 -0.9885
vn -0.0848 0.1310 -0.9877
vn -0.0640 0.1368 -0.9885
vn -0.1473 -0.1322 -0.9802
vn -0.1287 -0.0884 -0.9877
vn -0.0634 -0.1426 -0.9878
vn -0.0422 -0.1502 -0.9878
vn -0.1409 -0.0671 -0.9877
vn -0.1263 -0.0838 -0.9884
vn -0.0746 -0.1303 -0.9887
vn -0.0566 -0.1454 -0.9878
vn 0.1342 -0.0797 0.9877
vn 0.1438 -0.0607 0.9877
vn 0.1333 -0.0360 0.9904
vn 0.1548 -0.0204 0.9877
vn -0.1154 0.1317 -0.9845
vn -0.1188 0.1011 -0.9878
vn -0.1506 0.0409 -0.9877
vn 0.1545 0.0832 -0.9845
vn 0.1253 0.0930 -0.9878
vn 0.0958 0.1523 0.9837
vn 0.0614 0.1434 0.9878
vn -0.0005 0.1768 0.9843
vn -0.0460 0.1727 0.9839
vn -0.0199 0.1548 0.9877
vn -0.1473 -0.1322 0.9802
vn -0.1287 -0.0884 0.9877
vn -0.0634 -0.1426 0.9878
vn -0.0422 -0.1502 0.9878
vn 0.1192 0.0704 -0.9904
vn 0.1218 0.0975 -0.9877
vn 0.0642 0.1228 -0.9904
vn 0.0903 0.1273 -0.9877
vn 0.0313 0.1349 -0.9904
vn 0.0539 0.1465 -0.9877
vn 0.0174 0.1552 -0.9877
vn 0.0014 -0.1564 -0.9877
vn -0.0290 -0.2193 -0.9752
vn 0.1116 -0.3146 -0.9426
vn 0.1109 -0.0749 -0.9910
vn -0.0139 -0.1556 -0.9877
vn -0.1802 -0.0449 -0.9826
vn -0.1744 0.0224 -0.9844
vn 0.1606 -0.0668 -0.9848
vn 0.1364 -0.1072 -0.9848
vn 0.1346 -0.0790 -0.9877
vn 0.1085 -0.1122 -0.9877
vn 0.1558 0.0041 -0.9878
vn 0.1109 -0.0749 0.9910
vn 0.0753 0.1370 -0.9877
vn 0.1105 0.1106 -0.9877
vn 0.0474 0.1416 -0.9888
vn 0.1335 0.0351 0.9904
vn 0.0820 -0.1122 -0.9903
vn 0.1080 -0.1127 -0.9877
vn 0.0748 -0.1370 -0.9877
vn 0.0378 -0.1515 -0.9877
vn -0.1496 0.0445 0.9877
vn -0.1520 0.0227 0.9881
vn -0.1395 0.0634 0.9882
vn -0.1322 0.0831 0.9877
vn -0.0869 0.1247 0.9884
vn -0.1055 0.1150 0.9877
vn -0.0718 0.1386 0.9877
vn -0.1686 -0.0876 0.9818
vn -0.0351 0.1522 0.9877
vn -0.0517 0.1420 0.9885
vn -0.0164 0.1493 0.9887
vn 0.0025 0.1563 0.9877
vn 0.0525 0.1472 0.9877
vn 0.1027 -0.1396 0.9849
vn -0.0724 0.1874 0.9796
vn -0.1084 0.1123 0.9877
vn 0.1525 -0.0892 0.9843
vn 0.1447 -0.0584 0.9877
vn 0.1721 -0.0003 0.9851
vn 0.1688 0.0393 0.9849
vn 0.1552 0.0172 0.9877
vn 0.0629 -0.1616 -0.9848
vn -0.4168 -0.9074 0.0531
vn 0.1333 -0.0360 -0.9904
vn 0.1438 -0.0607 -0.9877
vn 0.1342 -0.0797 -0.9877
vn 0.0165 -0.1371 -0.9904
vn 0.0010 -0.1563 -0.9877
vn -0.0305 -0.1534 -0.9877
vn -0.0404 -0.1187 -0.9921
vn -0.0383 -0.0913 -0.9951
vn -0.1493 0.0183 -0.9886
vn -0.1525 -0.0146 -0.9882
vn -0.1562 0.0010 -0.9877
vn -0.0918 0.1531 -0.9839
vn -0.0985 0.1211 -0.9877
vn 0.0829 0.1088 0.9906
vn 0.0753 0.1370 0.9877
vn 0.1199 -0.1318 -0.9840
vn 0.0869 -0.1296 -0.9878
vn 0.0330 -0.4168 -0.9084
vn 0.0329 -0.2109 -0.9770
vn -0.0290 -0.2193 0.9752
vn 0.0014 -0.1564 0.9877
vn 0.1116 -0.3146 0.9426
vn -0.0563 -0.1703 -0.9838
vn -0.0947 -0.1546 -0.9834
vn 0.0208 -0.1726 -0.9848
vn -0.0658 -0.1418 -0.9877
vn 0.0009 -0.1563 -0.9877
vn -0.0529 0.1088 -0.9927
vn -0.0480 0.1489 -0.9877
vn -0.0173 0.1554 -0.9877
vn -0.0001 0.1384 -0.9904
vn 0.1073 -0.1085 0.9883
vn -0.0243 0.1409 0.9897
vt 0.859129 0.345129
vt 0.870737 0.256174
vt 0.870737 0.345129
vt 0.837920 0.154489
vt 0.843662 0.164745
vt 0.841769 0.165932
vt 0.817837 0.401198
vt 0.805707 0.432894
vt 0.805707 0.401198
vt 0.710301 0.432894
vt 0.698171 0.401198
vt 0.710301 0.401198
vt 0.765140 0.813583
vt 0.728749 0.802105
vt 0.765140 0.802105
vt 0.849045 0.202249
vt 0.847386 0.212228
vt 0.847038 0.202008
vt 0.944909 0.764364
vt 0.960499 0.762975
vt 0.933008 0.795412
vt 0.856741 0.679877
vt 0.856741 0.668399
vt 0.869524 0.630051
vt 0.853995 0.809018
vt 0.861038 0.851539
vt 0.847734 0.795975
vt 0.258563 0.722094
vt 0.270433 0.695877
vt 0.283476 0.695877
vt 0.772419 0.093959
vt 0.773466 0.092608
vt 0.781940 0.102275
vt 0.794339 0.268204
vt 0.793827 0.256408
vt 0.798032 0.257089
vt 0.902017 0.568759
vt 0.890408 0.479803
vt 0.902017 0.479803
vt 0.632981 0.859453
vt 0.645764 0.809627
vt 0.645764 0.821105
vt 0.846094 0.020819
vt 0.887572 0.109383
vt 0.859398 0.076384
vt 0.635467 0.945409
vt 0.634218 0.941688
vt 0.645607 0.940320
vt 0.778855 0.064428
vt 0.771375 0.074427
vt 0.769916 0.073330
vt 0.938956 0.360106
vt 0.954547 0.358717
vt 0.927056 0.391154
vt 0.684439 0.943024
vt 0.674089 0.941112
vt 0.674394 0.939094
vt 0.764246 0.651370
vt 0.763946 0.650083
vt 0.775327 0.647336
vt 0.220738 0.722094
vt 0.253346 0.733572
vt 0.225694 0.733572
vt 0.933455 0.680717
vt 0.931549 0.690588
vt 0.931617 0.680303
vt 0.139442 0.824785
vt 0.127311 0.856481
vt 0.127311 0.824785
vt 0.924780 0.675224
vt 0.915164 0.679260
vt 0.923918 0.673666
vt 0.942083 0.268556
vt 0.939783 0.267843
vt 0.942268 0.256652
vt 0.351308 0.715279
vt 0.364326 0.717363
vt 0.362953 0.721649
vt 0.764151 0.893568
vt 0.777922 0.894795
vt 0.750432 0.921155
vt 0.032427 0.824785
vt 0.020819 0.913741
vt 0.020819 0.824785
vt 0.085674 0.913741
vt 0.074065 0.824785
vt 0.085674 0.824785
vt 0.495003 0.719170
vt 0.494624 0.723945
vt 0.481950 0.718309
vt 0.050949 0.731366
vt 0.045732 0.719887
vt 0.083557 0.719887
vt 0.751939 0.401198
vt 0.764069 0.432894
vt 0.751939 0.432894
vt 0.812468 0.297046
vt 0.801323 0.290239
vt 0.802375 0.288777
vt 0.390199 0.817990
vt 0.383156 0.860511
vt 0.376895 0.873554
vt 0.069601 0.783148
vt 0.078601 0.731366
vt 0.107818 0.693670
vt 0.945505 0.151412
vt 0.959276 0.152639
vt 0.931786 0.178999
vt 0.718124 0.505656
vt 0.720187 0.509048
vt 0.708275 0.513844
vt 0.938797 0.307011
vt 0.940804 0.306769
vt 0.940456 0.316990
vt 0.522912 0.811610
vt 0.515868 0.854131
vt 0.509608 0.867175
vt 0.835988 0.530412
vt 0.799597 0.518934
vt 0.835988 0.518934
vt 0.288539 0.113667
vt 0.274999 0.103636
vt 0.276437 0.102036
vt 0.287852 0.112856
vt 0.277976 0.100490
vt 0.287465 0.111966
vt 0.279601 0.099030
vt 0.287370 0.111061
vt 0.281304 0.097668
vt 0.287518 0.110213
vt 0.283078 0.096406
vt 0.305432 0.110658
vt 0.304637 0.089786
vt 0.307308 0.111078
vt 0.306864 0.089031
vt 0.309266 0.111623
vt 0.309237 0.088284
vt 0.311250 0.112231
vt 0.311708 0.087616
vt 0.313214 0.112828
vt 0.314231 0.087096
vt 0.315119 0.113353
vt 0.316756 0.086771
vt 0.275109 0.138442
vt 0.289490 0.114361
vt 0.276253 0.137973
vt 0.277366 0.137506
vt 0.278448 0.137057
vt 0.279506 0.136611
vt 0.294099 0.141549
vt 0.294795 0.142188
vt 0.295519 0.142793
vt 0.296329 0.143409
vt 0.297280 0.144101
vt 0.298445 0.144929
vt 0.269617 0.148370
vt 0.271094 0.148190
vt 0.272336 0.147716
vt 0.273388 0.147041
vt 0.274307 0.146283
vt 0.280552 0.136144
vt 0.284824 0.153773
vt 0.285716 0.154123
vt 0.286634 0.154478
vt 0.287621 0.154860
vt 0.288718 0.155295
vt 0.289962 0.155831
vt 0.242792 0.134575
vt 0.267857 0.148208
vt 0.246014 0.141543
vt 0.249148 0.147990
vt 0.252108 0.153888
vt 0.254820 0.159277
vt 0.269456 0.170217
vt 0.270689 0.170871
vt 0.271784 0.171407
vt 0.272696 0.171859
vt 0.273402 0.172263
vt 0.239579 0.185483
vt 0.239579 0.127203
vt 0.241682 0.183537
vt 0.243817 0.181931
vt 0.245908 0.180673
vt 0.265678 0.184872
vt 0.267211 0.185365
vt 0.268747 0.185796
vt 0.270273 0.186110
vt 0.271784 0.186268
vt 0.273266 0.186256
vt 0.273901 0.172648
vt 0.246260 0.207750
vt 0.237565 0.187701
vt 0.246037 0.208671
vt 0.245658 0.209570
vt 0.245139 0.210422
vt 0.247869 0.179694
vt 0.244509 0.211188
vt 0.256122 0.218074
vt 0.256649 0.218873
vt 0.257164 0.219635
vt 0.257728 0.220406
vt 0.258408 0.221242
vt 0.259305 0.222203
vt 0.241631 0.215252
vt 0.240866 0.216995
vt 0.240144 0.218727
vt 0.238850 0.222114
vt 0.243830 0.211834
vt 0.244042 0.231107
vt 0.245325 0.231947
vt 0.245929 0.232325
vt 0.246540 0.232777
vt 0.247196 0.233441
vt 0.222650 0.210827
vt 0.242440 0.213536
vt 0.222344 0.216960
vt 0.222161 0.222834
vt 0.222093 0.228319
vt 0.239471 0.220430
vt 0.202151 0.233907
vt 0.200877 0.233913
vt 0.244701 0.231560
vt 0.199720 0.233465
vt 0.198642 0.232648
vt 0.197585 0.231597
vt 0.196477 0.230484
vt 0.212185 0.049858
vt 0.223082 0.204576
vt 0.213376 0.043188
vt 0.214769 0.036819
vt 0.216382 0.030882
vt 0.218208 0.025479
vt 0.222128 0.233311
vt 0.200306 0.021166
vt 0.199252 0.020819
vt 0.198411 0.020937
vt 0.197728 0.021426
vt 0.197119 0.022144
vt 0.196477 0.022911
vt 0.265874 0.048711
vt 0.211151 0.056689
vt 0.264388 0.047366
vt 0.262836 0.045973
vt 0.261225 0.044565
vt 0.259585 0.043138
vt 0.267120 0.027664
vt 0.269077 0.026078
vt 0.269990 0.025321
vt 0.270903 0.024434
vt 0.271860 0.023220
vt 0.266235 0.062498
vt 0.267317 0.049900
vt 0.267111 0.061083
vt 0.267795 0.059781
vt 0.268369 0.058604
vt 0.268893 0.057548
vt 0.286069 0.045983
vt 0.286787 0.044680
vt 0.268129 0.026830
vt 0.287500 0.043412
vt 0.288289 0.042109
vt 0.289248 0.040677
vt 0.290505 0.039009
vt 0.265040 0.064016
vt 0.699147 0.288144
vt 0.709131 0.275492
vt 0.709105 0.274040
vt 0.699785 0.287932
vt 0.709209 0.272396
vt 0.700260 0.287789
vt 0.709396 0.270823
vt 0.700690 0.287756
vt 0.709626 0.269498
vt 0.709876 0.268531
vt 0.719767 0.285567
vt 0.703424 0.256174
vt 0.716776 0.285243
vt 0.705861 0.260523
vt 0.713692 0.285183
vt 0.708221 0.265454
vt 0.710621 0.285388
vt 0.710436 0.270829
vt 0.707658 0.285865
vt 0.712443 0.276504
vt 0.704828 0.286633
vt 0.714192 0.282360
vt 0.708839 0.341697
vt 0.698171 0.288360
vt 0.708735 0.343340
vt 0.708549 0.344914
vt 0.708316 0.346239
vt 0.708064 0.347203
vt 0.701165 0.287860
vt 0.714516 0.359561
vt 0.712081 0.355224
vt 0.707504 0.344912
vt 0.705500 0.339236
vt 0.703752 0.333379
vt 0.718790 0.327590
vt 0.708812 0.340244
vt 0.718151 0.327802
vt 0.717676 0.327945
vt 0.717247 0.327976
vt 0.716774 0.327875
vt 0.698171 0.330168
vt 0.704262 0.330551
vt 0.709717 0.350289
vt 0.707331 0.330347
vt 0.710291 0.329871
vt 0.713119 0.329103
vt 0.719767 0.327374
vt 0.701174 0.330489
vt 0.371503 0.615427
vt 0.380756 0.623167
vt 0.379518 0.625625
vt 0.370063 0.619237
vt 0.378268 0.627561
vt 0.368684 0.623059
vt 0.377032 0.628813
vt 0.367375 0.626866
vt 0.375867 0.629314
vt 0.366150 0.630621
vt 0.374826 0.629102
vt 0.348721 0.642470
vt 0.384436 0.641517
vt 0.383983 0.642167
vt 0.383399 0.642218
vt 0.349164 0.642446
vt 0.382817 0.641861
vt 0.349578 0.642391
vt 0.382377 0.641398
vt 0.349833 0.642415
vt 0.382249 0.641259
vt 0.349724 0.642680
vt 0.379488 0.564500
vt 0.373006 0.611612
vt 0.379750 0.564802
vt 0.380090 0.565146
vt 0.380521 0.565535
vt 0.381046 0.565963
vt 0.356459 0.556327
vt 0.354764 0.555628
vt 0.353215 0.555026
vt 0.351754 0.554489
vt 0.350295 0.553968
vt 0.348721 0.553397
vt 0.348928 0.643432
vt 0.408086 0.525569
vt 0.410217 0.521765
vt 0.412410 0.518005
vt 0.414645 0.514319
vt 0.416898 0.510746
vt 0.381652 0.566418
vt 0.407828 0.503833
vt 0.408031 0.503840
vt 0.408184 0.503847
vt 0.408269 0.503710
vt 0.408255 0.503212
vt 0.416819 0.527918
vt 0.406012 0.529441
vt 0.416758 0.525564
vt 0.416334 0.523552
vt 0.415529 0.521982
vt 0.414409 0.520919
vt 0.427250 0.519522
vt 0.427386 0.518955
vt 0.427221 0.518790
vt 0.426936 0.518945
vt 0.426777 0.519252
vt 0.427086 0.519467
vt 0.408077 0.502005
vt 0.394217 0.570762
vt 0.395595 0.571309
vt 0.396737 0.571777
vt 0.397708 0.572188
vt 0.398589 0.572569
vt 0.413099 0.520368
vt 0.421972 0.580807
vt 0.423680 0.581479
vt 0.425709 0.582239
vt 0.428180 0.583117
vt 0.431203 0.584139
vt 0.392562 0.570120
vt 0.434828 0.585312
vt 0.501353 0.420180
vt 0.502746 0.277194
vt 0.501370 0.274164
vt 0.499779 0.422905
vt 0.499797 0.271442
vt 0.498054 0.425233
vt 0.498065 0.269105
vt 0.496199 0.427112
vt 0.496211 0.267226
vt 0.494281 0.428471
vt 0.494294 0.265867
vt 0.506759 0.438166
vt 0.506773 0.256174
vt 0.506186 0.438142
vt 0.506200 0.256197
vt 0.505496 0.437634
vt 0.505509 0.256705
vt 0.504766 0.436768
vt 0.504770 0.257559
vt 0.504116 0.435735
vt 0.504118 0.258593
vt 0.503673 0.434844
vt 0.503673 0.259485
vt 0.492247 0.417904
vt 0.502731 0.417148
vt 0.495030 0.420479
vt 0.498108 0.421566
vt 0.481796 0.425977
vt 0.481714 0.427144
vt 0.481788 0.427406
vt 0.481770 0.427578
vt 0.492265 0.276429
vt 0.490996 0.416119
vt 0.493594 0.274971
vt 0.493574 0.419361
vt 0.495041 0.273858
vt 0.496567 0.273119
vt 0.496556 0.421218
vt 0.498120 0.272772
vt 0.481809 0.268357
vt 0.481697 0.267648
vt 0.481684 0.426687
vt 0.481726 0.267191
vt 0.481796 0.266942
vt 0.481776 0.266769
vt 0.481438 0.266565
vt 0.481434 0.427783
vt 0.491012 0.278216
vt 0.578955 0.383207
vt 0.582385 0.383145
vt 0.578907 0.383913
vt 0.264211 0.509704
vt 0.272607 0.513290
vt 0.271981 0.514153
vt 0.265559 0.523708
vt 0.267785 0.523343
vt 0.267929 0.523877
vt 0.102335 0.295422
vt 0.101992 0.297606
vt 0.101164 0.297364
vt 0.581276 0.385826
vt 0.574270 0.392336
vt 0.578932 0.385717
vt 0.266572 0.513653
vt 0.271335 0.514919
vt 0.270753 0.515617
vt 0.581201 0.385085
vt 0.578904 0.385168
vt 0.578892 0.384588
vt 0.528678 0.562783
vt 0.527626 0.559110
vt 0.529923 0.556042
vt 0.264813 0.508159
vt 0.273313 0.512275
vt 0.267056 0.296107
vt 0.265602 0.297288
vt 0.265348 0.296506
vt 0.971977 0.928977
vt 0.976784 0.923973
vt 0.975080 0.930739
vt 0.580923 0.397594
vt 0.582989 0.385495
vt 0.263656 0.511171
vt 0.266950 0.512573
vt 0.235991 0.429709
vt 0.235827 0.432305
vt 0.235011 0.431829
vt 0.584598 0.383324
vt 0.582606 0.383960
vt 0.580082 0.398873
vt 0.583484 0.402468
vt 0.579075 0.400216
vt 0.584150 0.400892
vt 0.584740 0.399381
vt 0.585057 0.385035
vt 0.263226 0.512531
vt 0.259477 0.510451
vt 0.259683 0.508890
vt 0.302714 0.618664
vt 0.305053 0.604316
vt 0.304798 0.619107
vt 0.265229 0.526463
vt 0.261174 0.527577
vt 0.264797 0.525670
vt 0.265117 0.295718
vt 0.263527 0.296995
vt 0.263221 0.296084
vt 0.589246 0.400770
vt 0.285969 0.296920
vt 0.288001 0.299638
vt 0.285621 0.298030
vt 0.254929 0.511885
vt 0.259316 0.511932
vt 0.254857 0.510168
vt 0.122563 0.297330
vt 0.116794 0.289363
vt 0.123878 0.296290
vt 0.257012 0.525725
vt 0.260056 0.525738
vt 0.257581 0.526776
vt 0.594583 0.401443
vt 0.587457 0.384331
vt 0.590258 0.383235
vt 0.588837 0.402617
vt 0.254827 0.508284
vt 0.242254 0.508745
vt 0.254807 0.506312
vt 0.087460 0.335699
vt 0.090730 0.330527
vt 0.088954 0.341777
vt 0.254866 0.528218
vt 0.600725 0.401566
vt 0.593583 0.381564
vt 0.601222 0.403346
vt 0.594601 0.403243
vt 0.260558 0.526628
vt 0.591605 0.378319
vt 0.586746 0.382466
vt 0.586330 0.381523
vt 0.590911 0.377277
vt 0.585888 0.380573
vt 0.118025 0.448338
vt 0.102302 0.447474
vt 0.102024 0.444311
vt 0.747328 0.185148
vt 0.749581 0.189231
vt 0.743644 0.193784
vt 0.243011 0.510797
vt 0.236154 0.512113
vt 0.243804 0.512746
vt 0.237258 0.513984
vt 0.244588 0.514526
vt 0.238333 0.515746
vt 0.251210 0.530639
vt 0.254008 0.526652
vt 0.252161 0.531717
vt 0.253112 0.532784
vt 0.255738 0.529573
vt 0.254074 0.533836
vt 0.256622 0.530881
vt 0.241466 0.506449
vt 0.228586 0.513323
vt 0.230164 0.515582
vt 0.231644 0.517572
vt 0.239386 0.517408
vt 0.233050 0.519373
vt 0.248581 0.534436
vt 0.249656 0.535355
vt 0.250731 0.536264
vt 0.251822 0.537169
vt 0.222678 0.518230
vt 0.224698 0.520281
vt 0.226525 0.522114
vt 0.234405 0.521042
vt 0.228224 0.523786
vt 0.246209 0.538240
vt 0.247399 0.539049
vt 0.248586 0.539840
vt 0.249787 0.540622
vt 0.251019 0.541399
vt 0.252948 0.538075
vt 0.099215 0.279544
vt 0.098935 0.280470
vt 0.090939 0.279107
vt 0.248014 0.544241
vt 0.222091 0.527345
vt 0.223959 0.528811
vt 0.225757 0.530197
vt 0.229844 0.525344
vt 0.244108 0.542164
vt 0.245412 0.542875
vt 0.246707 0.543564
vt 0.625103 0.399250
vt 0.628395 0.391270
vt 0.636103 0.387669
vt 0.217961 0.532829
vt 0.220130 0.525784
vt 0.220087 0.534193
vt 0.222107 0.535465
vt 0.242283 0.546258
vt 0.243700 0.546876
vt 0.245111 0.547473
vt 0.245253 0.552058
vt 0.246538 0.548056
vt 0.248007 0.548629
vt 0.214583 0.538932
vt 0.215667 0.531333
vt 0.216816 0.540073
vt 0.218963 0.541154
vt 0.240725 0.550543
vt 0.242239 0.551067
vt 0.243742 0.551569
vt 0.211510 0.545265
vt 0.212241 0.537721
vt 0.213961 0.546257
vt 0.216286 0.547183
vt 0.239439 0.555023
vt 0.241048 0.555447
vt 0.242649 0.555850
vt 0.647011 0.358874
vt 0.644275 0.374306
vt 0.641480 0.372959
vt 0.032934 0.331824
vt 0.032897 0.340939
vt 0.028185 0.348560
vt 0.211791 0.552855
vt 0.214161 0.553557
vt 0.238416 0.559698
vt 0.240098 0.560032
vt 0.208861 0.544177
vt 0.209339 0.552120
vt 0.204427 0.558502
vt 0.206039 0.543050
vt 0.209978 0.559663
vt 0.212507 0.560180
vt 0.237658 0.564537
vt 0.241768 0.560351
vt 0.239409 0.564779
vt 0.610647 0.339359
vt 0.607442 0.347991
vt 0.608850 0.339113
vt 0.238184 0.424148
vt 0.238306 0.427849
vt 0.237043 0.427192
vt 0.208958 0.566747
vt 0.207310 0.559111
vt 0.211470 0.567036
vt 0.237152 0.569506
vt 0.241154 0.565012
vt 0.238932 0.569653
vt 0.206361 0.566446
vt 0.202631 0.573805
vt 0.201505 0.557893
vt 0.208344 0.573966
vt 0.210954 0.574040
vt 0.236918 0.574560
vt 0.240698 0.569796
vt 0.238721 0.574614
vt 0.247580 0.454480
vt 0.252055 0.453397
vt 0.252034 0.454792
vt 0.206260 0.354073
vt 0.210056 0.392655
vt 0.207365 0.392837
vt 0.208574 0.581282
vt 0.205594 0.573889
vt 0.211102 0.581142
vt 0.236948 0.579642
vt 0.240517 0.574674
vt 0.238727 0.579588
vt 0.205964 0.581433
vt 0.203658 0.589942
vt 0.199639 0.573727
vt 0.656533 0.327328
vt 0.656205 0.336206
vt 0.653393 0.327535
vt 0.206582 0.589470
vt 0.209293 0.589037
vt 0.237310 0.585032
vt 0.239053 0.584858
vt 0.240785 0.584700
vt 0.240489 0.579538
vt 0.240850 0.352815
vt 0.244989 0.389043
vt 0.239177 0.353001
vt 0.650412 0.327743
vt 0.646319 0.320290
vt 0.647897 0.312175
vt 0.208418 0.596992
vt 0.211865 0.588625
vt 0.210921 0.596342
vt 0.237969 0.590075
vt 0.239635 0.589779
vt 0.241284 0.589501
vt 0.610925 0.321242
vt 0.612480 0.320986
vt 0.612935 0.325318
vt 0.204685 0.606204
vt 0.207613 0.605192
vt 0.210366 0.604199
vt 0.213340 0.595716
vt 0.212909 0.603280
vt 0.238922 0.594785
vt 0.240509 0.594376
vt 0.242081 0.593989
vt 0.650937 0.311447
vt 0.645362 0.304991
vt 0.645796 0.296556
vt 0.210790 0.611991
vt 0.213263 0.610825
vt 0.215316 0.602413
vt 0.215613 0.609718
vt 0.240156 0.599168
vt 0.241649 0.598644
vt 0.243124 0.598143
vt 0.244601 0.597656
vt 0.243660 0.593621
vt 0.211217 0.620249
vt 0.213976 0.618595
vt 0.216449 0.617121
vt 0.217865 0.608662
vt 0.218728 0.615764
vt 0.241664 0.603242
vt 0.243059 0.602610
vt 0.244439 0.602002
vt 0.245825 0.601409
vt 0.102502 0.450070
vt 0.102068 0.452456
vt 0.101657 0.450122
vt 0.639009 0.291480
vt 0.637815 0.283050
vt 0.218209 0.624423
vt 0.220382 0.622808
vt 0.220882 0.614488
vt 0.222436 0.621289
vt 0.243432 0.607022
vt 0.244718 0.606290
vt 0.245988 0.605583
vt 0.247262 0.604891
vt 0.220186 0.632260
vt 0.099527 0.296753
vt 0.098752 0.303223
vt 0.097633 0.302848
vt 0.222525 0.630078
vt 0.224613 0.628155
vt 0.224397 0.619847
vt 0.226530 0.626398
vt 0.245455 0.610520
vt 0.246625 0.609691
vt 0.247781 0.608887
vt 0.248944 0.608096
vt 0.250840 0.611059
vt 0.250131 0.607312
vt 0.227778 0.634770
vt 0.229520 0.632772
vt 0.228336 0.624755
vt 0.231163 0.630903
vt 0.247725 0.613752
vt 0.248769 0.612832
vt 0.249802 0.611938
vt 0.629939 0.279518
vt 0.626732 0.271293
vt 0.547854 0.594200
vt 0.550941 0.593804
vt 0.551454 0.595857
vt 0.234729 0.637023
vt 0.236164 0.634942
vt 0.237522 0.633005
vt 0.232732 0.629138
vt 0.250242 0.616736
vt 0.251152 0.615724
vt 0.252050 0.614734
vt 0.255288 0.616227
vt 0.252951 0.613755
vt 0.253871 0.612779
vt 0.240545 0.640367
vt 0.233176 0.639319
vt 0.241659 0.638241
vt 0.242729 0.636237
vt 0.253008 0.619510
vt 0.253775 0.618398
vt 0.254530 0.617306
vt 0.097999 0.450951
vt 0.097394 0.448795
vt 0.098401 0.448704
vt 0.246662 0.643251
vt 0.239375 0.642637
vt 0.247494 0.640941
vt 0.248287 0.638807
vt 0.256039 0.622153
vt 0.256644 0.620879
vt 0.257242 0.619637
vt 0.259382 0.654239
vt 0.251807 0.652900
vt 0.259477 0.651260
vt 0.086255 0.448002
vt 0.081588 0.438590
vt 0.087137 0.447260
vt 0.087628 0.294100
vt 0.077975 0.284036
vt 0.080796 0.283038
vt 0.253744 0.642571
vt 0.254164 0.640495
vt 0.259384 0.624888
vt 0.259719 0.623069
vt 0.245766 0.645822
vt 0.253309 0.644767
vt 0.259608 0.648427
vt 0.259700 0.645790
vt 0.259793 0.643427
vt 0.262476 0.624469
vt 0.262614 0.623203
vt 0.262767 0.621974
vt 0.260074 0.621492
vt 0.231431 0.641926
vt 0.266043 0.647790
vt 0.265800 0.645409
vt 0.259892 0.641249
vt 0.265582 0.643187
vt 0.265340 0.624081
vt 0.265322 0.622969
vt 0.265317 0.621877
vt 0.265322 0.620799
vt 0.262934 0.620800
vt 0.272956 0.649767
vt 0.272242 0.646953
vt 0.271645 0.644503
vt 0.265387 0.641100
vt 0.271116 0.642294
vt 0.268044 0.623512
vt 0.267882 0.622484
vt 0.267732 0.621480
vt 0.267593 0.620490
vt 0.584916 0.295796
vt 0.587191 0.295499
vt 0.587241 0.296522
vt 0.277928 0.644801
vt 0.277091 0.642629
vt 0.270637 0.640247
vt 0.276319 0.640607
vt 0.270611 0.622685
vt 0.270306 0.621723
vt 0.270013 0.620787
vt 0.269725 0.619865
vt 0.284843 0.644916
vt 0.260740 0.326363
vt 0.258909 0.323806
vt 0.261808 0.322843
vt 0.283502 0.642467
vt 0.282321 0.640322
vt 0.275601 0.638705
vt 0.281259 0.638382
vt 0.273052 0.621572
vt 0.272616 0.620672
vt 0.272192 0.619795
vt 0.271771 0.618930
vt 0.288627 0.639096
vt 0.287142 0.637195
vt 0.285821 0.635456
vt 0.284611 0.633832
vt 0.280282 0.636578
vt 0.275370 0.620167
vt 0.274816 0.619331
vt 0.274274 0.618514
vt 0.271345 0.618067
vt 0.273733 0.617706
vt 0.276736 0.613695
vt 0.277451 0.614419
vt 0.275635 0.616203
vt 0.291347 0.633309
vt 0.289886 0.631862
vt 0.288520 0.630485
vt 0.277561 0.618478
vt 0.276908 0.617708
vt 0.276269 0.616953
vt 0.577549 0.300970
vt 0.576884 0.300235
vt 0.578741 0.298677
vt 0.295272 0.628998
vt 0.292921 0.634842
vt 0.293562 0.627772
vt 0.291995 0.626619
vt 0.279612 0.616525
vt 0.278880 0.615821
vt 0.278165 0.615122
vt 0.281015 0.610140
vt 0.279990 0.613080
vt 0.296449 0.623016
vt 0.294868 0.622222
vt 0.281493 0.614357
vt 0.280734 0.613723
vt 0.220607 0.881787
vt 0.222989 0.879613
vt 0.222306 0.881813
vt 0.552584 0.295678
vt 0.555243 0.282985
vt 0.557357 0.284210
vt 0.298949 0.617867
vt 0.298113 0.623831
vt 0.297186 0.617480
vt 0.283115 0.612069
vt 0.282469 0.611515
vt 0.578214 0.301697
vt 0.576515 0.303412
vt 0.283758 0.603941
vt 0.280252 0.609444
vt 0.284242 0.604153
vt 0.281754 0.610834
vt 0.556209 0.296334
vt 0.553270 0.309559
vt 0.554499 0.296003
vt 0.284150 0.609797
vt 0.551827 0.598023
vt 0.547912 0.599398
vt 0.544586 0.596745
vt 0.302388 0.603835
vt 0.300720 0.618260
vt 0.552121 0.309336
vt 0.570577 0.309759
vt 0.573324 0.304075
vt 0.574054 0.304768
vt 0.770000 0.168080
vt 0.769309 0.168482
vt 0.769732 0.167386
vt 0.284712 0.604194
vt 0.298599 0.612655
vt 0.303360 0.563924
vt 0.306799 0.604428
vt 0.301346 0.565392
vt 0.303608 0.604084
vt 0.299392 0.566907
vt 0.297496 0.567924
vt 0.301284 0.603570
vt 0.295592 0.568345
vt 0.300132 0.603337
vt 0.276703 0.572147
vt 0.284671 0.604341
vt 0.284529 0.604292
vt 0.274528 0.573018
vt 0.271872 0.573349
vt 0.268492 0.573298
vt 0.283079 0.603717
vt 0.264398 0.574143
vt 0.287199 0.300675
vt 0.278526 0.302610
vt 0.285218 0.299015
vt 0.301438 0.563951
vt 0.299456 0.563912
vt 0.297449 0.563869
vt 0.295426 0.563945
vt 0.274987 0.567934
vt 0.272614 0.568862
vt 0.270095 0.570069
vt 0.267291 0.571588
vt 0.254872 0.502005
vt 0.260739 0.503288
vt 0.254825 0.504255
vt 0.264236 0.572176
vt 0.265908 0.562986
vt 0.269074 0.566262
vt 0.297461 0.561079
vt 0.295331 0.561130
vt 0.274225 0.564893
vt 0.271714 0.565520
vt 0.094565 0.289387
vt 0.095163 0.288937
vt 0.093430 0.290906
vt 0.589048 0.339735
vt 0.586558 0.348135
vt 0.586028 0.339996
vt 0.297437 0.558432
vt 0.299560 0.561115
vt 0.295207 0.558491
vt 0.273757 0.561945
vt 0.271186 0.562313
vt 0.090103 0.452322
vt 0.090812 0.451714
vt 0.263279 0.556474
vt 0.265664 0.556627
vt 0.265663 0.559669
vt 0.299720 0.555901
vt 0.301630 0.558684
vt 0.299614 0.558490
vt 0.297397 0.555892
vt 0.295052 0.555999
vt 0.273480 0.559184
vt 0.268544 0.562698
vt 0.270892 0.559375
vt 0.268265 0.559552
vt 0.552623 0.349298
vt 0.553982 0.349636
vt 0.553501 0.351678
vt 0.302887 0.563444
vt 0.303426 0.558972
vt 0.304365 0.561632
vt 0.299743 0.553352
vt 0.301955 0.556035
vt 0.297291 0.553440
vt 0.294849 0.553626
vt 0.273329 0.556619
vt 0.270760 0.556679
vt 0.268180 0.556691
vt 0.263346 0.563182
vt 0.260999 0.567505
vt 0.302148 0.550654
vt 0.304457 0.553581
vt 0.302142 0.553390
vt 0.299626 0.550802
vt 0.297086 0.551036
vt 0.294583 0.551328
vt 0.273261 0.554210
vt 0.270742 0.554171
vt 0.268233 0.554048
vt 0.265808 0.553833
vt 0.266075 0.551209
vt 0.263522 0.553522
vt 0.301898 0.547843
vt 0.299325 0.548225
vt 0.296755 0.548635
vt 0.273248 0.551898
vt 0.270815 0.551781
vt 0.268404 0.551546
vt 0.140723 0.339895
vt 0.138258 0.340353
vt 0.137184 0.334353
vt 0.301351 0.544976
vt 0.298805 0.545591
vt 0.294236 0.549048
vt 0.296268 0.546184
vt 0.273282 0.549619
vt 0.270968 0.549437
vt 0.268690 0.549111
vt 0.266513 0.548660
vt 0.586214 0.362013
vt 0.587798 0.357133
vt 0.589006 0.360332
vt 0.583561 0.363448
vt 0.584377 0.361247
vt 0.300479 0.542041
vt 0.298032 0.542875
vt 0.293785 0.546726
vt 0.295592 0.543643
vt 0.273359 0.547325
vt 0.271193 0.547094
vt 0.269066 0.546707
vt 0.267027 0.546193
vt 0.303885 0.544365
vt 0.299268 0.539045
vt 0.296982 0.540082
vt 0.293198 0.544316
vt 0.294695 0.541005
vt 0.273479 0.544994
vt 0.271485 0.544728
vt 0.269536 0.544300
vt 0.267688 0.543719
vt 0.267730 0.538269
vt 0.265960 0.543049
vt 0.580475 0.369868
vt 0.579146 0.369135
vt 0.580098 0.366980
vt 0.295643 0.537272
vt 0.292442 0.541801
vt 0.293556 0.538302
vt 0.273642 0.542630
vt 0.271829 0.542351
vt 0.270049 0.541932
vt 0.553491 0.371942
vt 0.553384 0.365649
vt 0.555219 0.371147
vt 0.293991 0.534415
vt 0.291488 0.539196
vt 0.292150 0.535541
vt 0.273849 0.540226
vt 0.272234 0.539938
vt 0.270659 0.539509
vt 0.271343 0.536915
vt 0.576847 0.370873
vt 0.576262 0.368004
vt 0.577731 0.368511
vt 0.575597 0.370378
vt 0.560477 0.369242
vt 0.290297 0.532571
vt 0.290308 0.536513
vt 0.288777 0.533622
vt 0.578068 0.371466
vt 0.291467 0.525929
vt 0.295806 0.533137
vt 0.290519 0.527398
vt 0.556979 0.370404
vt 0.558284 0.373381
vt 0.272095 0.534575
vt 0.272707 0.537327
vt 0.273230 0.535022
vt 0.274088 0.537629
vt 0.023404 0.365017
vt 0.026093 0.373026
vt 0.023364 0.383840
vt 0.575953 0.372953
vt 0.265455 0.506523
vt 0.295584 0.305325
vt 0.295573 0.309089
vt 0.293967 0.306458
vt 0.272705 0.532792
vt 0.273726 0.533101
vt 0.274401 0.535336
vt 0.096634 0.458945
vt 0.089803 0.466168
vt 0.092046 0.457132
vt 0.097623 0.466113
vt 0.097292 0.465506
vt 0.269821 0.294884
vt 0.268538 0.295756
vt 0.268418 0.295124
vt 0.208745 0.875578
vt 0.202133 0.868196
vt 0.207345 0.867904
vt 0.289479 0.528780
vt 0.287357 0.526787
vt 0.273248 0.531090
vt 0.274231 0.531326
vt 0.274768 0.533347
vt 0.573387 0.375926
vt 0.563439 0.376753
vt 0.574183 0.374294
vt 0.574332 0.376311
vt 0.575136 0.374697
vt 0.575233 0.376689
vt 0.576059 0.375152
vt 0.567870 0.385236
vt 0.564674 0.378770
vt 0.568153 0.385016
vt 0.542134 0.535949
vt 0.555322 0.531844
vt 0.536725 0.542905
vt 0.279366 0.520218
vt 0.285174 0.525006
vt 0.279004 0.520732
vt 0.284385 0.526034
vt 0.278746 0.521075
vt 0.283564 0.526982
vt 0.278524 0.521363
vt 0.084990 0.296540
vt 0.086335 0.295277
vt 0.084310 0.298931
vt 0.558604 0.377063
vt 0.559792 0.376075
vt 0.561266 0.378251
vt 0.567542 0.385505
vt 0.563763 0.379489
vt 0.567080 0.385914
vt 0.562853 0.380277
vt 0.089432 0.452960
vt 0.085381 0.448719
vt 0.280869 0.518087
vt 0.279901 0.519386
vt 0.267635 0.522850
vt 0.273438 0.526530
vt 0.273466 0.526639
vt 0.273406 0.526787
vt 0.273209 0.526970
vt 0.272846 0.527179
vt 0.268076 0.524502
vt 0.272067 0.527469
vt 0.268198 0.525171
vt 0.553308 0.525849
vt 0.541307 0.534331
vt 0.768836 0.168448
vt 0.768997 0.169477
vt 0.768581 0.169531
vt 0.969436 0.926794
vt 0.971107 0.924799
vt 0.971381 0.916236
vt 0.971674 0.916642
vt 0.971177 0.916568
vt 0.970884 0.916198
vt 0.970635 0.916541
vt 0.968073 0.921191
vt 0.969676 0.920077
vt 0.970790 0.921535
vt 0.972416 0.922688
vt 0.969343 0.923055
vt 0.246169 0.850969
vt 0.243212 0.854410
vt 0.240287 0.851421
vt 0.972704 0.915897
vt 0.972719 0.916839
vt 0.972170 0.916781
vt 0.971528 0.915941
vt 0.971911 0.916273
vt 0.971052 0.915943
vt 0.966405 0.922160
vt 0.967631 0.924461
vt 0.969566 0.931655
vt 0.972160 0.915580
vt 0.972081 0.915915
vt 0.971601 0.915695
vt 0.971152 0.915760
vt 0.964691 0.922934
vt 0.965696 0.925644
vt 0.967273 0.928599
vt 0.762532 0.194926
vt 0.767584 0.193834
vt 0.770162 0.199130
vt 0.972138 0.915302
vt 0.972822 0.915440
vt 0.971601 0.915506
vt 0.971192 0.915643
vt 0.962979 0.923489
vt 0.963627 0.926518
vt 0.964765 0.930030
vt 0.026252 0.403952
vt 0.023804 0.404483
vt 0.022751 0.394342
vt 0.962987 0.935563
vt 0.966661 0.933928
vt 0.969619 0.938097
vt 0.972014 0.915091
vt 0.972810 0.915046
vt 0.971534 0.915369
vt 0.971177 0.915582
vt 0.961313 0.923822
vt 0.961490 0.927037
vt 0.961962 0.930959
vt 0.769170 0.167313
vt 0.769326 0.166733
vt 0.971815 0.914936
vt 0.972592 0.914755
vt 0.971411 0.915275
vt 0.971107 0.915562
vt 0.959717 0.923928
vt 0.959342 0.927172
vt 0.958986 0.931301
vt 0.971905 0.914405
vt 0.972261 0.914536
vt 0.971564 0.914825
vt 0.971235 0.915208
vt 0.958203 0.923790
vt 0.957215 0.926900
vt 0.955905 0.930966
vt 0.954470 0.936109
vt 0.958952 0.936423
vt 0.972709 0.914056
vt 0.971510 0.914325
vt 0.971273 0.914748
vt 0.970977 0.915564
vt 0.971013 0.915156
vt 0.956790 0.923355
vt 0.955151 0.926142
vt 0.952854 0.929848
vt 0.949968 0.934694
vt 0.067471 0.396158
vt 0.065623 0.396425
vt 0.064569 0.388991
vt 0.971126 0.914289
vt 0.970955 0.914695
vt 0.970785 0.915566
vt 0.970747 0.915107
vt 0.955531 0.922556
vt 0.953261 0.924805
vt 0.950040 0.927778
vt 0.945805 0.931576
vt 0.971680 0.913895
vt 0.970731 0.914280
vt 0.970617 0.914657
vt 0.970532 0.915544
vt 0.970446 0.915049
vt 0.954537 0.921329
vt 0.951756 0.922827
vt 0.947833 0.924765
vt 0.942364 0.927262
vt 0.935754 0.913288
vt 0.935244 0.930144
vt 0.941893 0.915014
vt 0.947108 0.916321
vt 0.946894 0.920813
vt 0.970277 0.914625
vt 0.970231 0.915476
vt 0.970126 0.914970
vt 0.953974 0.919647
vt 0.950945 0.920188
vt 0.752648 0.163646
vt 0.755467 0.166534
vt 0.753189 0.169627
vt 0.577883 0.395466
vt 0.577188 0.396475
vt 0.934329 0.943085
vt 0.946660 0.941118
vt 0.969818 0.914869
vt 0.969623 0.915116
vt 0.969909 0.915337
vt 0.954030 0.917631
vt 0.951070 0.917098
vt 0.768499 0.164130
vt 0.768847 0.163315
vt 0.768761 0.163780
vt 0.947674 0.906587
vt 0.950905 0.909990
vt 0.948733 0.912765
vt 0.969597 0.914805
vt 0.969940 0.914599
vt 0.969443 0.914979
vt 0.954712 0.915894
vt 0.952107 0.914535
vt 0.759276 0.159762
vt 0.760533 0.163115
vt 0.758001 0.164489
vt 0.969510 0.914417
vt 0.970029 0.914083
vt 0.969995 0.914333
vt 0.969433 0.914781
vt 0.969692 0.914591
vt 0.969325 0.914917
vt 0.955786 0.914528
vt 0.953638 0.912558
vt 0.233218 0.435150
vt 0.233430 0.437851
vt 0.233355 0.438038
vt 0.951219 0.904396
vt 0.943995 0.902426
vt 0.969339 0.914634
vt 0.969494 0.914604
vt 0.969305 0.914788
vt 0.969236 0.914908
vt 0.957087 0.913509
vt 0.955429 0.911148
vt 0.953423 0.908141
vt 0.768247 0.164503
vt 0.768445 0.164567
vt 0.768466 0.164807
vt 0.065863 0.367390
vt 0.065186 0.354954
vt 0.066981 0.355201
vt 0.969209 0.914679
vt 0.969338 0.914469
vt 0.969198 0.914817
vt 0.969158 0.914932
vt 0.958524 0.912776
vt 0.957345 0.910205
vt 0.956068 0.906997
vt 0.958397 0.902716
vt 0.954889 0.903069
vt 0.954025 0.898338
vt 0.969062 0.914609
vt 0.969188 0.914535
vt 0.969096 0.914736
vt 0.969104 0.914859
vt 0.960059 0.912272
vt 0.959329 0.909641
vt 0.958719 0.906453
vt 0.089762 0.466995
vt 0.082620 0.468186
vt 0.082750 0.466877
vt 0.968948 0.914694
vt 0.968996 0.914804
vt 0.969083 0.914970
vt 0.969019 0.914912
vt 0.961673 0.911969
vt 0.961353 0.909415
vt 0.961320 0.906419
vt 0.961780 0.902989
vt 0.776080 0.161093
vt 0.770451 0.160100
vt 0.771746 0.157540
vt 0.967344 0.905367
vt 0.966075 0.907647
vt 0.963746 0.906862
vt 0.968911 0.914883
vt 0.969012 0.915014
vt 0.968943 0.914974
vt 0.963351 0.911861
vt 0.963377 0.909505
vt 0.774505 0.162685
vt 0.773141 0.164369
vt 0.771377 0.163387
vt 0.968691 0.914824
vt 0.968765 0.914900
vt 0.968835 0.914976
vt 0.968948 0.915060
vt 0.968880 0.915047
vt 0.965064 0.911947
vt 0.965366 0.909875
vt 0.768479 0.166230
vt 0.768630 0.165633
vt 0.768719 0.166307
vt 0.971087 0.908732
vt 0.969769 0.909936
vt 0.968049 0.908695
vt 0.968781 0.915087
vt 0.968896 0.915112
vt 0.968832 0.915134
vt 0.966771 0.912220
vt 0.967225 0.910482
vt 0.777437 0.166063
vt 0.775922 0.166937
vt 0.774648 0.165556
vt 0.968538 0.915129
vt 0.968656 0.915191
vt 0.968886 0.914591
vt 0.968699 0.914618
vt 0.968756 0.915213
vt 0.968857 0.915179
vt 0.968809 0.915235
vt 0.968446 0.912645
vt 0.968894 0.911263
vt 0.968521 0.915176
vt 0.968689 0.915346
vt 0.968833 0.915457
vt 0.968819 0.915266
vt 0.968948 0.915512
vt 0.970545 0.913883
vt 0.971075 0.912956
vt 0.971530 0.911708
vt 0.971993 0.910024
vt 0.972845 0.907932
vt 0.972513 0.907589
vt 0.973051 0.916992
vt 0.968326 0.915068
vt 0.972640 0.916945
vt 0.971896 0.917082
vt 0.971260 0.917142
vt 0.969032 0.915513
vt 0.970717 0.917127
vt 0.971459 0.918100
vt 0.972445 0.918979
vt 0.973515 0.920177
vt 0.974859 0.921753
vt 0.976920 0.923308
vt 0.978525 0.923313
vt 0.973924 0.906970
vt 0.970245 0.917060
vt 0.974544 0.923407
vt 0.414697 0.131146
vt 0.425249 0.193769
vt 0.426263 0.195844
vt 0.412322 0.134439
vt 0.427399 0.197453
vt 0.410095 0.137655
vt 0.428630 0.198545
vt 0.407986 0.140793
vt 0.429884 0.199127
vt 0.405955 0.143865
vt 0.431068 0.199259
vt 0.385550 0.155529
vt 0.422162 0.211172
vt 0.422490 0.212074
vt 0.422883 0.212682
vt 0.383820 0.156592
vt 0.423259 0.213116
vt 0.381996 0.157667
vt 0.423535 0.213552
vt 0.380048 0.158769
vt 0.423609 0.214243
vt 0.377956 0.159907
vt 0.379736 0.093631
vt 0.417237 0.127785
vt 0.379165 0.093805
vt 0.378803 0.093993
vt 0.378710 0.094221
vt 0.378889 0.094542
vt 0.363271 0.097459
vt 0.362295 0.097039
vt 0.361461 0.096696
vt 0.360649 0.096438
vt 0.359697 0.096253
vt 0.358393 0.096128
vt 0.375722 0.161081
vt 0.386950 0.085671
vt 0.385894 0.084640
vt 0.384947 0.083981
vt 0.384105 0.083578
vt 0.383343 0.083268
vt 0.379302 0.095012
vt 0.368637 0.074933
vt 0.367518 0.075007
vt 0.366383 0.075039
vt 0.365132 0.074996
vt 0.363650 0.074855
vt 0.413776 0.097393
vt 0.388124 0.087124
vt 0.411026 0.089362
vt 0.408433 0.081793
vt 0.406021 0.074795
vt 0.403766 0.068343
vt 0.388135 0.048568
vt 0.386269 0.046283
vt 0.384051 0.043862
vt 0.381502 0.041299
vt 0.361823 0.074550
vt 0.378692 0.038646
vt 0.420158 0.054945
vt 0.416612 0.105642
vt 0.420489 0.052177
vt 0.420957 0.049751
vt 0.421546 0.047641
vt 0.422201 0.045804
vt 0.420480 0.023585
vt 0.421286 0.023385
vt 0.422077 0.023209
vt 0.422864 0.022881
vt 0.423667 0.022176
vt 0.424485 0.020819
vt 0.375749 0.036026
vt 0.431850 0.050825
vt 0.431815 0.049760
vt 0.431715 0.049020
vt 0.431513 0.048693
vt 0.422858 0.044144
vt 0.431213 0.048839
vt 0.449149 0.042208
vt 0.449528 0.040976
vt 0.449583 0.040073
vt 0.449448 0.039444
vt 0.449316 0.038975
vt 0.449461 0.038493
vt 0.436558 0.190540
vt 0.436496 0.193701
vt 0.436268 0.196713
vt 0.435882 0.199538
vt 0.435350 0.202137
vt 0.430851 0.049473
vt 0.449583 0.213151
vt 0.449369 0.213558
vt 0.449116 0.213785
vt 0.448910 0.213923
vt 0.448884 0.214107
vt 0.436455 0.187235
vt 0.449241 0.214536
vt 0.282442 0.294564
vt 0.282116 0.294889
vt 0.562322 0.374514
vt 0.574895 0.372473
vt 0.281853 0.295024
vt 0.281607 0.295093
vt 0.275829 0.301180
vt 0.276420 0.301574
vt 0.275370 0.303146
vt 0.277776 0.302300
vt 0.277336 0.299306
vt 0.277426 0.299112
vt 0.264493 0.548090
vt 0.261828 0.550267
vt 0.276701 0.299711
vt 0.277103 0.299511
vt 0.093078 0.455239
vt 0.968141 0.898088
vt 0.968981 0.903192
vt 0.962806 0.899366
vt 0.286264 0.295703
vt 0.288765 0.298483
vt 0.237005 0.430275
vt 0.236575 0.432843
vt 0.550811 0.355599
vt 0.552758 0.355882
vt 0.552585 0.358146
vt 0.110288 0.286995
vt 0.105998 0.284434
vt 0.276986 0.303995
vt 0.277071 0.301951
vt 0.235173 0.447470
vt 0.238567 0.449334
vt 0.238061 0.450046
vt 0.289493 0.297237
vt 0.286534 0.294410
vt 0.291284 0.300460
vt 0.269068 0.408156
vt 0.269467 0.411949
vt 0.266818 0.414447
vt 0.047835 0.299527
vt 0.044883 0.308490
vt 0.037986 0.314626
vt 0.229486 0.290229
vt 0.225429 0.293406
vt 0.223718 0.291461
vt 0.276205 0.305839
vt 0.276152 0.303595
vt 0.576957 0.373546
vt 0.268856 0.314011
vt 0.270611 0.314973
vt 0.269821 0.316690
vt 0.292324 0.299170
vt 0.293568 0.302801
vt 0.220409 0.880457
vt 0.221412 0.879685
vt 0.290197 0.301645
vt 0.290792 0.304994
vt 0.289079 0.302704
vt 0.117800 0.453636
vt 0.113343 0.459075
vt 0.112714 0.458305
vt 0.090777 0.280684
vt 0.098670 0.281283
vt 0.098409 0.282026
vt 0.275396 0.307865
vt 0.275223 0.305352
vt 0.269468 0.286225
vt 0.271832 0.287423
vt 0.294910 0.301570
vt 0.293307 0.297786
vt 0.045351 0.447270
vt 0.053174 0.452226
vt 0.057715 0.460399
vt 0.574193 0.380808
vt 0.297143 0.304117
vt 0.292189 0.303955
vt 0.973717 0.914694
vt 0.296022 0.527116
vt 0.297567 0.531795
vt 0.273212 0.309406
vt 0.274608 0.310036
vt 0.271744 0.294854
vt 0.274744 0.289246
vt 0.245772 0.438118
vt 0.250067 0.434851
vt 0.250584 0.435953
vt 0.229038 0.441881
vt 0.226214 0.440279
vt 0.229394 0.441350
vt 0.297400 0.307964
vt 0.248062 0.451845
vt 0.249192 0.439977
vt 0.252049 0.452060
vt 0.293648 0.310076
vt 0.292319 0.307473
vt 0.278684 0.448876
vt 0.282826 0.446189
vt 0.284353 0.448240
vt 0.234109 0.433616
vt 0.233804 0.435485
vt 0.273800 0.312366
vt 0.233649 0.437648
vt 0.101993 0.290661
vt 0.103274 0.293529
vt 0.102650 0.293519
vt 0.299126 0.306761
vt 0.299755 0.311641
vt 0.029549 0.357348
vt 0.025989 0.365197
vt 0.275087 0.314723
vt 0.275547 0.312910
vt 0.294612 0.312034
vt 0.272186 0.311642
vt 0.273163 0.314121
vt 0.306581 0.318537
vt 0.305763 0.317075
vt 0.307752 0.316010
vt 0.269429 0.309769
vt 0.270712 0.310768
vt 0.274655 0.316501
vt 0.295488 0.313911
vt 0.296676 0.311002
vt 0.609587 0.329938
vt 0.607870 0.329917
vt 0.607976 0.325700
vt 0.102598 0.300666
vt 0.101540 0.300541
vt 0.303900 0.313905
vt 0.301821 0.315146
vt 0.300839 0.313432
vt 0.271966 0.317586
vt 0.272563 0.315844
vt 0.274248 0.318270
vt 0.296295 0.315736
vt 0.297680 0.312842
vt 0.298628 0.314645
vt 0.267045 0.317302
vt 0.267271 0.312954
vt 0.271401 0.319306
vt 0.273874 0.320004
vt 0.297033 0.317486
vt 0.299505 0.316378
vt 0.101415 0.293466
vt 0.100342 0.297092
vt 0.528637 0.577091
vt 0.532330 0.582990
vt 0.531070 0.583656
vt 0.303546 0.318300
vt 0.302740 0.316769
vt 0.270876 0.320975
vt 0.269089 0.318377
vt 0.273536 0.321674
vt 0.297704 0.319143
vt 0.300309 0.318017
vt 0.263466 0.301748
vt 0.261470 0.303290
vt 0.260861 0.302296
vt 0.265414 0.320559
vt 0.265211 0.316194
vt 0.250024 0.512734
vt 0.249625 0.511111
vt 0.270407 0.322568
vt 0.268381 0.320034
vt 0.273234 0.323256
vt 0.298311 0.320685
vt 0.301033 0.319548
vt 0.277241 0.306228
vt 0.277855 0.304322
vt 0.267215 0.323178
vt 0.267765 0.321636
vt 0.269999 0.324066
vt 0.272964 0.324729
vt 0.298863 0.322103
vt 0.301680 0.320960
vt 0.304276 0.319728
vt 0.263334 0.319499
vt 0.264701 0.322174
vt 0.266751 0.324657
vt 0.269653 0.325466
vt 0.272718 0.326093
vt 0.299369 0.323401
vt 0.302252 0.322262
vt 0.304918 0.321066
vt 0.307911 0.321284
vt 0.307274 0.319940
vt 0.309265 0.318979
vt 0.266373 0.326093
vt 0.264119 0.323759
vt 0.269366 0.326791
vt 0.272488 0.327369
vt 0.299846 0.324603
vt 0.302759 0.323483
vt 0.305485 0.322346
vt 0.234151 0.431430
vt 0.233396 0.433292
vt 0.096902 0.311166
vt 0.095450 0.310715
vt 0.266076 0.327531
vt 0.263624 0.325337
vt 0.269129 0.328094
vt 0.272263 0.328604
vt 0.300310 0.325758
vt 0.303221 0.324677
vt 0.305990 0.323619
vt 0.225146 0.435861
vt 0.223328 0.433804
vt 0.262973 0.328633
vt 0.263252 0.326947
vt 0.265857 0.329036
vt 0.268934 0.329450
vt 0.300785 0.326937
vt 0.303660 0.325924
vt 0.306448 0.324952
vt 0.308982 0.324059
vt 0.308457 0.322646
vt 0.265755 0.330236
vt 0.268838 0.330405
vt 0.271820 0.330749
vt 0.272038 0.329869
vt 0.301180 0.327741
vt 0.303935 0.326805
vt 0.306760 0.326020
vt 0.101284 0.452409
vt 0.101812 0.456828
vt 0.100484 0.452364
vt 0.262873 0.335399
vt 0.260211 0.330114
vt 0.262844 0.330160
vt 0.265766 0.335144
vt 0.268793 0.334933
vt 0.271801 0.334790
vt 0.302061 0.331645
vt 0.304943 0.331055
vt 0.309357 0.325356
vt 0.307800 0.330496
vt 0.311608 0.324736
vt 0.310469 0.329983
vt 0.112112 0.457559
vt 0.105339 0.462822
vt 0.105140 0.462444
vt 0.261344 0.341292
vt 0.260165 0.335644
vt 0.263759 0.340492
vt 0.266428 0.339827
vt 0.269265 0.339258
vt 0.302677 0.335666
vt 0.305534 0.335301
vt 0.308358 0.334991
vt 0.311028 0.334720
vt 0.313482 0.334470
vt 0.312886 0.329498
vt 0.271293 0.388941
vt 0.269641 0.388773
vt 0.269135 0.382044
vt 0.264806 0.346033
vt 0.267487 0.345402
vt 0.272133 0.338799
vt 0.270233 0.344707
vt 0.303179 0.341166
vt 0.306000 0.340977
vt 0.308814 0.340794
vt 0.311522 0.340638
vt 0.315817 0.334138
vt 0.652993 0.344142
vt 0.650028 0.343815
vt 0.306774 0.371518
vt 0.228249 0.834802
vt 0.228721 0.841979
vt 0.223397 0.843204
vt 0.220646 0.880414
vt 0.220230 0.880335
vt 0.220272 0.879964
vt 0.068304 0.388636
vt 0.069225 0.395879
vt 0.290825 0.294526
vt 0.588326 0.404627
vt 0.602148 0.407732
vt 0.587798 0.406722
vt 0.276019 0.612981
vt 0.277728 0.611029
vt 0.090881 0.279902
vt 0.310963 0.380833
vt 0.084529 0.449472
vt 0.088170 0.454320
vt 0.083689 0.450266
vt 0.276400 0.372835
vt 0.275753 0.380811
vt 0.274521 0.373029
vt 0.304412 0.380376
vt 0.304688 0.371376
vt 0.306640 0.380520
vt 0.273969 0.381140
vt 0.247239 0.600827
vt 0.086029 0.300763
vt 0.090130 0.294315
vt 0.090810 0.294954
vt 0.273014 0.388601
vt 0.272310 0.381279
vt 0.274703 0.388343
vt 0.277554 0.380533
vt 0.276388 0.388138
vt 0.303842 0.389353
vt 0.306196 0.389497
vt 0.308639 0.389635
vt 0.308915 0.380687
vt 0.311224 0.389749
vt 0.114540 0.455201
vt 0.271400 0.394930
vt 0.273048 0.394981
vt 0.274667 0.395035
vt 0.278089 0.387974
vt 0.276275 0.395100
vt 0.302493 0.398566
vt 0.304773 0.398945
vt 0.307138 0.399350
vt 0.309634 0.399789
vt 0.312313 0.400277
vt 0.314032 0.389802
vt 0.082541 0.469568
vt 0.072461 0.469267
vt 0.073093 0.467679
vt 0.270678 0.401341
vt 0.272255 0.401609
vt 0.273798 0.401879
vt 0.277895 0.395181
vt 0.275326 0.402154
vt 0.300199 0.407949
vt 0.302364 0.408567
vt 0.304609 0.409223
vt 0.306977 0.409930
vt 0.309513 0.410706
vt 0.270563 0.408554
vt 0.272017 0.408975
vt 0.273449 0.409420
vt 0.274879 0.409896
vt 0.276864 0.402440
vt 0.296824 0.417361
vt 0.298801 0.418326
vt 0.300879 0.419327
vt 0.303101 0.420395
vt 0.241226 0.425761
vt 0.239780 0.424895
vt 0.240749 0.422974
vt 0.300169 0.425711
vt 0.305524 0.421564
vt 0.270839 0.412465
vt 0.272202 0.412992
vt 0.273574 0.413537
vt 0.294240 0.422409
vt 0.296135 0.423456
vt 0.298103 0.424554
vt 0.268199 0.415025
vt 0.269530 0.415607
vt 0.270838 0.416198
vt 0.291540 0.426910
vt 0.293358 0.428088
vt 0.295266 0.429343
vt 0.297321 0.430707
vt 0.257490 0.532105
vt 0.261843 0.528532
vt 0.088259 0.401421
vt 0.090665 0.401176
vt 0.091160 0.407099
vt 0.266902 0.417879
vt 0.268137 0.418523
vt 0.272148 0.416807
vt 0.269360 0.419175
vt 0.288632 0.431022
vt 0.290310 0.432297
vt 0.292054 0.433644
vt 0.293891 0.435081
vt 0.264216 0.419812
vt 0.265434 0.420520
vt 0.266605 0.421225
vt 0.270588 0.419846
vt 0.267755 0.421937
vt 0.285552 0.434777
vt 0.287107 0.436164
vt 0.288735 0.437647
vt 0.290484 0.439274
vt 0.286650 0.442804
vt 0.292423 0.441120
vt 0.264987 0.423741
vt 0.266048 0.424503
vt 0.268905 0.422667
vt 0.282294 0.438161
vt 0.283689 0.439615
vt 0.285134 0.441155
vt 0.600205 0.300210
vt 0.602556 0.302332
vt 0.601670 0.303293
vt 0.263248 0.426073
vt 0.263913 0.422987
vt 0.264232 0.426882
vt 0.265214 0.427709
vt 0.267112 0.425284
vt 0.278894 0.441201
vt 0.280143 0.442737
vt 0.281442 0.444382
vt 0.232592 0.434839
vt 0.230047 0.441113
vt 0.226998 0.437409
vt 0.261434 0.428248
vt 0.262243 0.425267
vt 0.262329 0.429094
vt 0.263222 0.429958
vt 0.275352 0.443872
vt 0.276427 0.445439
vt 0.277532 0.447098
vt 0.261194 0.424453
vt 0.260526 0.427407
vt 0.257806 0.428481
vt 0.259513 0.430262
vt 0.260328 0.431146
vt 0.261139 0.432044
vt 0.271703 0.446197
vt 0.272614 0.447811
vt 0.273550 0.449538
vt 0.059053 0.458774
vt 0.067034 0.461741
vt 0.270183 0.453243
vt 0.274531 0.451434
vt 0.275592 0.453586
vt 0.257516 0.432149
vt 0.258678 0.429378
vt 0.258246 0.433063
vt 0.258973 0.433989
vt 0.267958 0.448142
vt 0.268690 0.449743
vt 0.269429 0.451436
vt 0.237930 0.284755
vt 0.233549 0.287132
vt 0.232232 0.285033
vt 0.255417 0.433905
vt 0.256772 0.431238
vt 0.256077 0.434859
vt 0.256728 0.435819
vt 0.264152 0.449726
vt 0.264714 0.451334
vt 0.265274 0.453058
vt 0.262171 0.524895
vt 0.263757 0.523508
vt 0.264056 0.524217
vt 0.556687 0.301261
vt 0.554312 0.309791
vt 0.253849 0.436578
vt 0.254412 0.437591
vt 0.260305 0.450898
vt 0.260695 0.452428
vt 0.254732 0.432946
vt 0.253282 0.435577
vt 0.254047 0.431960
vt 0.251581 0.438144
vt 0.252052 0.439389
vt 0.256510 0.451688
vt 0.261075 0.454033
vt 0.256751 0.453211
vt 0.734267 0.173599
vt 0.742427 0.169315
vt 0.739698 0.181154
vt 0.248863 0.439050
vt 0.251097 0.437014
vt 0.247230 0.455971
vt 0.257188 0.458435
vt 0.246881 0.457452
vt 0.262469 0.529396
vt 0.260583 0.531097
vt 0.528380 0.581018
vt 0.266862 0.295397
vt 0.095297 0.306110
vt 0.589021 0.348212
vt 0.591691 0.344422
vt 0.246410 0.439725
vt 0.246677 0.440531
vt 0.246112 0.438922
vt 0.218537 0.880054
vt 0.217671 0.880752
vt 0.217781 0.880206
vt 0.275251 0.531563
vt 0.043522 0.448651
vt 0.038808 0.440447
vt 0.244281 0.440277
vt 0.244459 0.440985
vt 0.244082 0.439576
vt 0.239783 0.452951
vt 0.240477 0.451905
vt 0.243881 0.453263
vt 0.578722 0.375100
vt 0.581730 0.370658
vt 0.250961 0.393666
vt 0.241682 0.345338
vt 0.243916 0.351829
vt 0.286378 0.527883
vt 0.116194 0.296537
vt 0.102320 0.304008
vt 0.143357 0.382365
vt 0.140682 0.382261
vt 0.140925 0.374771
vt 0.131717 0.438241
vt 0.129839 0.437391
vt 0.131992 0.432096
vt 0.242491 0.441332
vt 0.242344 0.440698
vt 0.129714 0.305746
vt 0.132333 0.317265
vt 0.127976 0.306635
vt 0.096387 0.441862
vt 0.095673 0.433092
vt 0.097654 0.441475
vt 0.240811 0.441631
vt 0.240711 0.441051
vt 0.242161 0.440064
vt 0.244571 0.451098
vt 0.242334 0.574742
vt 0.244680 0.565482
vt 0.244154 0.574824
vt 0.233972 0.448636
vt 0.239120 0.454002
vt 0.238659 0.441310
vt 0.238764 0.441767
vt 0.238569 0.440824
vt 0.234556 0.447999
vt 0.528728 0.569678
vt 0.530028 0.576665
vt 0.238471 0.439734
vt 0.234585 0.437243
vt 0.238490 0.439174
vt 0.238502 0.440304
vt 0.234031 0.437440
vt 0.236246 0.446631
vt 0.229852 0.441096
vt 0.235731 0.447025
vt 0.229649 0.441137
vt 0.228536 0.442976
vt 0.233349 0.449350
vt 0.226444 0.439225
vt 0.226703 0.438262
vt 0.249032 0.416070
vt 0.246920 0.415061
vt 0.247585 0.413347
vt 0.137994 0.327879
vt 0.135731 0.328506
vt 0.134228 0.322846
vt 0.291811 0.531392
vt 0.091154 0.291538
vt 0.090667 0.281509
vt 0.093155 0.290414
vt 0.234342 0.435833
vt 0.234822 0.436183
vt 0.235447 0.434413
vt 0.223815 0.437693
vt 0.223177 0.438729
vt 0.224470 0.436729
vt 0.543874 0.637053
vt 0.534848 0.636927
vt 0.535546 0.633550
vt 0.245293 0.321837
vt 0.245224 0.318413
vt 0.247905 0.316498
vt 0.233383 0.438197
vt 0.303454 0.309207
vt 0.305814 0.312728
vt 0.221394 0.435643
vt 0.220461 0.436688
vt 0.222353 0.434674
vt 0.093879 0.281893
vt 0.095399 0.282184
vt 0.554306 0.345498
vt 0.555956 0.345552
vt 0.555755 0.347827
vt 0.082531 0.471041
vt 0.082467 0.472473
vt 0.071849 0.470986
vt 0.036580 0.323928
vt 0.030623 0.330998
vt 0.219169 0.433093
vt 0.217981 0.434090
vt 0.220391 0.432157
vt 0.221627 0.431314
vt 0.535604 0.541922
vt 0.537588 0.537602
vt 0.269161 0.538935
vt 0.210584 0.527931
vt 0.215645 0.522126
vt 0.213124 0.529631
vt 0.068662 0.280724
vt 0.082853 0.278013
vt 0.069495 0.282355
vt 0.217112 0.430125
vt 0.215703 0.431081
vt 0.218581 0.429225
vt 0.220074 0.428417
vt 0.609165 0.348411
vt 0.610875 0.348810
vt 0.609804 0.353215
vt 0.197620 0.353543
vt 0.199160 0.345059
vt 0.200358 0.399632
vt 0.135905 0.427360
vt 0.133758 0.426646
vt 0.135447 0.420949
vt 0.242541 0.426736
vt 0.244974 0.423181
vt 0.245138 0.425998
vt 0.214366 0.432061
vt 0.213492 0.427663
vt 0.215113 0.426722
vt 0.216859 0.425839
vt 0.218707 0.425076
vt 0.532544 0.549462
vt 0.533187 0.545305
vt 0.211983 0.428640
vt 0.211096 0.423753
vt 0.213945 0.424657
vt 0.238951 0.422162
vt 0.237049 0.421515
vt 0.236470 0.423561
vt 0.217819 0.422903
vt 0.215834 0.423726
vt 0.239660 0.420251
vt 0.237567 0.419566
vt 0.217034 0.420894
vt 0.214916 0.421756
vt 0.143409 0.367065
vt 0.146439 0.374792
vt 0.207333 0.421202
vt 0.209101 0.420222
vt 0.210030 0.421937
vt 0.242466 0.419299
vt 0.243396 0.422142
vt 0.241627 0.421124
vt 0.240313 0.418398
vt 0.238031 0.417697
vt 0.216330 0.419022
vt 0.212917 0.422728
vt 0.214081 0.419911
vt 0.211965 0.420908
vt 0.244249 0.452159
vt 0.241526 0.450016
vt 0.243229 0.417521
vt 0.244426 0.420325
vt 0.240905 0.416614
vt 0.238443 0.415912
vt 0.215693 0.417276
vt 0.213325 0.418186
vt 0.211107 0.419196
vt 0.205624 0.417969
vt 0.207482 0.417053
vt 0.208238 0.418604
vt 0.243918 0.415788
vt 0.245335 0.418550
vt 0.241434 0.414896
vt 0.238809 0.414207
vt 0.215111 0.415642
vt 0.212638 0.416567
vt 0.210327 0.417584
vt 0.212489 0.304456
vt 0.214808 0.305972
vt 0.211988 0.311126
vt 0.250471 0.412491
vt 0.251443 0.408954
vt 0.253348 0.411424
vt 0.244528 0.414099
vt 0.246186 0.416796
vt 0.241904 0.413241
vt 0.239138 0.412574
vt 0.214574 0.414107
vt 0.212010 0.415042
vt 0.209622 0.416055
vt 0.204252 0.415001
vt 0.206162 0.414159
vt 0.206777 0.415580
vt 0.245063 0.412450
vt 0.242318 0.411644
vt 0.239434 0.411010
vt 0.214072 0.412657
vt 0.211434 0.413596
vt 0.208979 0.414600
vt 0.035702 0.431521
vt 0.042653 0.438059
vt 0.245519 0.410846
vt 0.242679 0.410108
vt 0.239706 0.409515
vt 0.213598 0.411288
vt 0.210906 0.412224
vt 0.208399 0.413210
vt 0.203135 0.412286
vt 0.205099 0.411510
vt 0.205585 0.412809
vt 0.245896 0.409300
vt 0.248134 0.411655
vt 0.242986 0.408645
vt 0.239959 0.408100
vt 0.213149 0.410006
vt 0.210425 0.410929
vt 0.207876 0.411888
vt 0.762361 0.159075
vt 0.758032 0.155973
vt 0.246188 0.407834
vt 0.248600 0.410001
vt 0.243236 0.407279
vt 0.240200 0.406789
vt 0.212721 0.408829
vt 0.210000 0.409725
vt 0.207423 0.410641
vt 0.202269 0.409882
vt 0.204418 0.409342
vt 0.204662 0.410288
vt 0.246392 0.406478
vt 0.248948 0.408401
vt 0.243426 0.406042
vt 0.240439 0.405614
vt 0.212313 0.407784
vt 0.209641 0.408634
vt 0.207046 0.409485
vt 0.276641 0.308302
vt 0.246463 0.405641
vt 0.249196 0.406890
vt 0.243495 0.405424
vt 0.240663 0.405019
vt 0.212007 0.407288
vt 0.209481 0.408085
vt 0.206861 0.408766
vt 0.249333 0.399952
vt 0.251875 0.405781
vt 0.249293 0.405739
vt 0.246528 0.400131
vt 0.243619 0.400273
vt 0.240731 0.400366
vt 0.211154 0.402885
vt 0.208469 0.403389
vt 0.205815 0.403889
vt 0.203316 0.404364
vt 0.208364 0.354351
vt 0.239636 0.390253
vt 0.251978 0.399778
vt 0.248558 0.394347
vt 0.245939 0.394907
vt 0.243185 0.395387
vt 0.210545 0.398390
vt 0.207854 0.398718
vt 0.205201 0.399027
vt 0.202680 0.399329
vt 0.201030 0.404819
vt 0.109886 0.287794
vt 0.105685 0.285142
vt 0.273552 0.304123
vt 0.271134 0.305110
vt 0.247679 0.388493
vt 0.240410 0.395783
vt 0.242296 0.389638
vt 0.204683 0.393025
vt 0.202036 0.393229
vt 0.083022 0.279463
vt 0.202038 0.353667
vt 0.204153 0.353844
vt 0.219556 0.437793
vt 0.070277 0.283859
vt 0.083216 0.280874
vt 0.071026 0.285253
vt 0.237527 0.353224
vt 0.235883 0.353480
vt 0.270008 0.533223
vt 0.638656 0.389628
vt 0.632928 0.395527
vt 0.584140 0.366462
vt 0.584341 0.369445
vt 0.266845 0.285206
vt 0.082920 0.465624
vt 0.272882 0.285844
vt 0.268422 0.281437
vt 0.273451 0.285028
vt 0.299602 0.432245
vt 0.100494 0.300362
vt 0.099896 0.303567
vt 0.239998 0.345732
vt 0.238346 0.346031
vt 0.236702 0.346266
vt 0.209100 0.345590
vt 0.206801 0.345423
vt 0.204419 0.345260
vt 0.201896 0.345127
vt 0.241312 0.339779
vt 0.239704 0.339795
vt 0.238126 0.339799
vt 0.235039 0.346455
vt 0.236557 0.339787
vt 0.210408 0.336849
vt 0.208155 0.336479
vt 0.205814 0.336080
vt 0.203333 0.335646
vt 0.200653 0.335169
vt 0.241703 0.334075
vt 0.240177 0.333852
vt 0.238685 0.333625
vt 0.234973 0.339753
vt 0.237206 0.333390
vt 0.212491 0.328121
vt 0.210343 0.327534
vt 0.208107 0.326907
vt 0.205732 0.326227
vt 0.203160 0.325473
vt 0.203953 0.314425
vt 0.207188 0.308545
vt 0.206581 0.315588
vt 0.241572 0.327819
vt 0.240142 0.327422
vt 0.238733 0.327004
vt 0.237322 0.326560
vt 0.235715 0.333144
vt 0.215439 0.319557
vt 0.213436 0.318659
vt 0.211327 0.317720
vt 0.209064 0.316709
vt 0.243245 0.873344
vt 0.246663 0.874228
vt 0.241316 0.323860
vt 0.239970 0.323349
vt 0.238614 0.322822
vt 0.217982 0.314307
vt 0.216069 0.313298
vt 0.214079 0.312242
vt 0.243045 0.328197
vt 0.242669 0.324361
vt 0.243929 0.321268
vt 0.242615 0.320698
vt 0.241323 0.320120
vt 0.220650 0.309687
vt 0.218817 0.308537
vt 0.216889 0.307310
vt 0.552564 0.631703
vt 0.595237 0.619578
vt 0.552720 0.634208
vt 0.219661 0.295403
vt 0.221632 0.297194
vt 0.218246 0.301499
vt 0.244007 0.317776
vt 0.240027 0.319525
vt 0.242801 0.317131
vt 0.223546 0.305477
vt 0.221857 0.304227
vt 0.220099 0.302907
vt 0.217550 0.293483
vt 0.221889 0.289359
vt 0.246712 0.315784
vt 0.245560 0.315076
vt 0.241588 0.316468
vt 0.244427 0.314363
vt 0.226626 0.301626
vt 0.225055 0.300256
vt 0.223407 0.298793
vt 0.248302 0.313335
vt 0.247230 0.312564
vt 0.246178 0.311791
vt 0.245124 0.311002
vt 0.243291 0.313634
vt 0.229905 0.298147
vt 0.228487 0.296686
vt 0.227006 0.295123
vt 0.249017 0.310213
vt 0.248051 0.309389
vt 0.247082 0.308550
vt 0.233371 0.295033
vt 0.232122 0.293527
vt 0.230833 0.291933
vt 0.249412 0.314115
vt 0.249995 0.311033
vt 0.252820 0.309786
vt 0.250952 0.308019
vt 0.250058 0.307146
vt 0.249166 0.306260
vt 0.236990 0.292249
vt 0.235891 0.290670
vt 0.234753 0.288983
vt 0.272299 0.530876
vt 0.252987 0.305936
vt 0.251866 0.308894
vt 0.252175 0.305030
vt 0.251365 0.304112
vt 0.240770 0.289830
vt 0.239848 0.288235
vt 0.238905 0.286550
vt 0.253812 0.306839
vt 0.256705 0.305878
vt 0.255156 0.303974
vt 0.254409 0.303035
vt 0.253673 0.302088
vt 0.244691 0.287767
vt 0.243939 0.286126
vt 0.243171 0.284370
vt 0.251917 0.279631
vt 0.241581 0.280359
vt 0.251616 0.277670
vt 0.087244 0.280701
vt 0.256716 0.301119
vt 0.256070 0.300160
vt 0.248746 0.286132
vt 0.248195 0.284541
vt 0.255928 0.304919
vt 0.257370 0.302065
vt 0.260283 0.301254
vt 0.552514 0.624761
vt 0.580346 0.605981
vt 0.592946 0.618180
vt 0.259109 0.299301
vt 0.258555 0.298299
vt 0.252881 0.284906
vt 0.247645 0.282872
vt 0.252545 0.283291
vt 0.261252 0.277635
vt 0.261494 0.297629
vt 0.259679 0.300287
vt 0.261102 0.296414
vt 0.256975 0.284253
vt 0.252226 0.281552
vt 0.256882 0.282765
vt 0.261921 0.298715
vt 0.264251 0.298769
vt 0.979181 0.927744
vt 0.260652 0.282713
vt 0.256813 0.281192
vt 0.260801 0.281147
vt 0.260557 0.284164
vt 0.247850 0.453119
vt 0.311775 0.319567
vt 0.312356 0.321038
vt 0.310507 0.321805
vt 0.111450 0.291128
vt 0.102839 0.297758
vt 0.103035 0.295434
vt 0.264089 0.283223
vt 0.264387 0.281862
vt 0.263842 0.284520
vt 0.259589 0.524838
vt 0.267560 0.297547
vt 0.267271 0.284027
vt 0.267800 0.282762
vt 0.262549 0.525684
vt 0.264409 0.524911
vt 0.100803 0.444469
vt 0.101293 0.447662
vt 0.116837 0.452620
vt 0.120617 0.450121
vt 0.503890 0.620693
vt 0.498489 0.614136
vt 0.506512 0.617913
vt 0.269903 0.285276
vt 0.089744 0.467839
vt 0.223092 0.880647
vt 0.226625 0.878644
vt 0.223142 0.880660
vt 0.509072 0.615195
vt 0.515113 0.619865
vt 0.299280 0.631710
vt 0.297197 0.630337
vt 0.270080 0.296081
vt 0.267293 0.296816
vt 0.235721 0.426648
vt 0.272314 0.286635
vt 0.276415 0.287445
vt 0.275799 0.288129
vt 0.275250 0.288714
vt 0.261017 0.279406
vt 0.263868 0.297891
vt 0.577858 0.374277
vt 0.109320 0.458476
vt 0.110480 0.457646
vt 0.256842 0.275571
vt 0.261539 0.275689
vt 0.272053 0.296926
vt 0.276120 0.299890
vt 0.272038 0.297544
vt 0.272007 0.296333
vt 0.271936 0.295795
vt 0.271846 0.295305
vt 0.282876 0.293894
vt 0.277138 0.286605
vt 0.283473 0.292631
vt 0.277766 0.285746
vt 0.262422 0.316712
vt 0.544509 0.628481
vt 0.552428 0.629227
vt 0.552021 0.602395
vt 0.552029 0.600155
vt 0.551796 0.604734
vt 0.547702 0.601072
vt 0.545168 0.623803
vt 0.544833 0.626090
vt 0.552410 0.626936
vt 0.544821 0.595259
vt 0.544256 0.598150
vt 0.547460 0.602761
vt 0.543897 0.599571
vt 0.538240 0.622222
vt 0.537584 0.624703
vt 0.536909 0.627382
vt 0.519670 0.627608
vt 0.521430 0.624388
vt 0.528653 0.627441
vt 0.541595 0.595339
vt 0.541068 0.596586
vt 0.543511 0.601014
vt 0.540527 0.597850
vt 0.531752 0.619817
vt 0.530765 0.622201
vt 0.529735 0.624732
vt 0.536213 0.630368
vt 0.778749 0.198114
vt 0.777843 0.190197
vt 0.272947 0.344011
vt 0.538930 0.593618
vt 0.538228 0.594727
vt 0.539964 0.599143
vt 0.537515 0.595860
vt 0.525728 0.616747
vt 0.524395 0.619077
vt 0.522977 0.621593
vt 0.088790 0.453626
vt 0.536582 0.591549
vt 0.535707 0.592548
vt 0.536779 0.597029
vt 0.534828 0.593570
vt 0.520233 0.613001
vt 0.518628 0.615138
vt 0.516931 0.617413
vt 0.539633 0.592530
vt 0.535521 0.588323
vt 0.533465 0.590079
vt 0.532439 0.590989
vt 0.531391 0.591935
vt 0.533928 0.594628
vt 0.515249 0.608710
vt 0.513353 0.610696
vt 0.511319 0.612833
vt 0.496297 0.605505
vt 0.499341 0.603577
vt 0.504118 0.609445
vt 0.531497 0.587322
vt 0.534487 0.589192
vt 0.530340 0.588121
vt 0.529157 0.588954
vt 0.510839 0.603868
vt 0.508734 0.605612
vt 0.506504 0.607463
vt 0.589610 0.295582
vt 0.592142 0.296045
vt 0.591875 0.297180
vt 0.529802 0.584309
vt 0.532650 0.586542
vt 0.528527 0.584987
vt 0.527225 0.585698
vt 0.506980 0.598562
vt 0.504637 0.600097
vt 0.502122 0.601750
vt 0.097950 0.466752
vt 0.492372 0.589810
vt 0.498710 0.595314
vt 0.527001 0.581586
vt 0.525597 0.582178
vt 0.503753 0.592780
vt 0.501294 0.594015
vt 0.118488 0.300150
vt 0.101951 0.307707
vt 0.525755 0.577960
vt 0.524275 0.578421
vt 0.501106 0.586624
vt 0.498431 0.587600
vt 0.485307 0.574888
vt 0.489105 0.591008
vt 0.493678 0.581369
vt 0.495555 0.588647
vt 0.524818 0.574109
vt 0.527202 0.577518
vt 0.523281 0.574434
vt 0.499205 0.580080
vt 0.496508 0.580710
vt 0.530230 0.569519
vt 0.530694 0.572896
vt 0.525733 0.570010
vt 0.526325 0.573794
vt 0.524211 0.570186
vt 0.498002 0.573400
vt 0.495188 0.573717
vt 0.492177 0.574054
vt 0.270234 0.296692
vt 0.267873 0.298311
vt 0.527025 0.566230
vt 0.527238 0.569834
vt 0.525509 0.566254
vt 0.522653 0.570364
vt 0.523981 0.566279
vt 0.497591 0.566723
vt 0.494820 0.566736
vt 0.491895 0.566748
vt 0.488777 0.566759
vt 0.488865 0.574427
vt 0.604170 0.308989
vt 0.602624 0.306506
vt 0.605315 0.308229
vt 0.527154 0.562653
vt 0.525644 0.562527
vt 0.522417 0.566303
vt 0.524125 0.562400
vt 0.497866 0.560107
vt 0.495095 0.559824
vt 0.492134 0.559517
vt 0.488887 0.559179
vt 0.574435 0.380653
vt 0.576101 0.377042
vt 0.488579 0.543301
vt 0.492046 0.544471
vt 0.490362 0.551809
vt 0.526138 0.558835
vt 0.522571 0.562270
vt 0.524643 0.558557
vt 0.498851 0.553595
vt 0.496185 0.553041
vt 0.493370 0.552449
vt 0.528453 0.555611
vt 0.527000 0.555184
vt 0.523115 0.558273
vt 0.525541 0.554756
vt 0.500469 0.547208
vt 0.497868 0.546377
vt 0.495092 0.545477
vt 0.553029 0.281694
vt 0.550708 0.288145
vt 0.528236 0.551574
vt 0.526832 0.550997
vt 0.525397 0.550409
vt 0.524053 0.554319
vt 0.502763 0.540993
vt 0.500334 0.539931
vt 0.497780 0.538796
vt 0.529634 0.552149
vt 0.529873 0.548003
vt 0.528534 0.547279
vt 0.527165 0.546544
vt 0.505669 0.534962
vt 0.503382 0.533647
vt 0.495062 0.537569
vt 0.500960 0.532220
vt 0.505782 0.516093
vt 0.507765 0.518289
vt 0.502900 0.524490
vt 0.531938 0.544450
vt 0.531202 0.548728
vt 0.530679 0.543590
vt 0.529390 0.542715
vt 0.509225 0.529197
vt 0.507199 0.527729
vt 0.498329 0.530622
vt 0.505098 0.526168
vt 0.534469 0.540942
vt 0.533311 0.539939
vt 0.532118 0.538916
vt 0.513317 0.523680
vt 0.511518 0.522052
vt 0.509671 0.520286
vt 0.101092 0.303826
vt 0.514612 0.515517
vt 0.536524 0.536360
vt 0.535425 0.535111
vt 0.517906 0.518470
vt 0.516266 0.517015
vt 0.112072 0.290387
vt 0.115369 0.291565
vt 0.540395 0.532729
vt 0.539413 0.531106
vt 0.523030 0.513116
vt 0.521309 0.511866
vt 0.255385 0.842538
vt 0.256541 0.879035
vt 0.253727 0.877156
vt 0.535085 0.496509
vt 0.517999 0.509262
vt 0.533918 0.493912
vt 0.536236 0.499019
vt 0.519638 0.510581
vt 0.594339 0.619141
vt 0.593735 0.618758
vt 0.223675 0.872756
vt 0.240069 0.872793
vt 0.227812 0.875346
vt 0.550957 0.519827
vt 0.532705 0.491311
vt 0.102029 0.457063
vt 0.571590 0.501073
vt 0.556181 0.534914
vt 0.554367 0.528846
vt 0.571939 0.498839
vt 0.572379 0.496784
vt 0.552163 0.522840
vt 0.572880 0.494943
vt 0.573399 0.493339
vt 0.573807 0.482457
vt 0.537380 0.501392
vt 0.574507 0.481950
vt 0.575165 0.481570
vt 0.575794 0.481194
vt 0.576421 0.480668
vt 0.577078 0.479804
vt 0.531398 0.488940
vt 0.580689 0.502246
vt 0.580174 0.501596
vt 0.579595 0.501156
vt 0.578958 0.500942
vt 0.578290 0.500957
vt 0.573891 0.491970
vt 0.593138 0.496443
vt 0.593706 0.495574
vt 0.594153 0.494850
vt 0.594557 0.494230
vt 0.595023 0.493647
vt 0.595712 0.493006
vt 0.581188 0.597576
vt 0.581159 0.503091
vt 0.581220 0.600018
vt 0.581105 0.602262
vt 0.580817 0.604257
vt 0.594813 0.619386
vt 0.595712 0.619808
vt 0.113726 0.454433
vt 0.102630 0.452328
vt 0.265356 0.523040
vt 0.250184 0.875535
vt 0.224085 0.877607
vt 0.226720 0.876373
vt 0.226299 0.876704
vt 0.224036 0.876391
vt 0.227211 0.875909
vt 0.264675 0.299725
vt 0.285369 0.528891
vt 0.240267 0.857849
vt 0.091018 0.429302
vt 0.089796 0.424361
vt 0.091760 0.423932
vt 0.222930 0.877015
vt 0.237662 0.855320
vt 0.235409 0.858672
vt 0.237322 0.861127
vt 0.222083 0.873912
vt 0.223902 0.874808
vt 0.222564 0.875576
vt 0.612420 0.339591
vt 0.611793 0.344260
vt 0.241045 0.450936
vt 0.234926 0.853653
vt 0.233413 0.857270
vt 0.220840 0.874953
vt 0.221450 0.876417
vt 0.223264 0.880757
vt 0.222811 0.880781
vt 0.233026 0.848064
vt 0.240424 0.843885
vt 0.237067 0.849175
vt 0.231991 0.852912
vt 0.231384 0.856722
vt 0.219875 0.875923
vt 0.221938 0.877729
vt 0.220525 0.877242
vt 0.222435 0.878799
vt 0.220997 0.878505
vt 0.245404 0.837566
vt 0.234628 0.842250
vt 0.228884 0.848017
vt 0.229089 0.852979
vt 0.229417 0.856840
vt 0.219163 0.876822
vt 0.219786 0.877988
vt 0.220161 0.879199
vt 0.217978 0.882906
vt 0.218680 0.881319
vt 0.219455 0.881014
vt 0.225031 0.848912
vt 0.226388 0.853699
vt 0.227573 0.857460
vt 0.218680 0.877637
vt 0.219224 0.878625
vt 0.219457 0.879748
vt 0.221575 0.850558
vt 0.223939 0.854937
vt 0.225860 0.858464
vt 0.218391 0.878354
vt 0.218824 0.879147
vt 0.218917 0.880129
vt 0.301926 0.433813
vt 0.298090 0.438450
vt 0.218635 0.845417
vt 0.209930 0.844007
vt 0.214988 0.839635
vt 0.214639 0.848593
vt 0.218556 0.852849
vt 0.221730 0.856622
vt 0.218252 0.878964
vt 0.218565 0.879552
vt 0.218558 0.880323
vt 0.218214 0.881209
vt 0.217482 0.882206
vt 0.075078 0.463363
vt 0.218055 0.880953
vt 0.211516 0.852555
vt 0.216022 0.855767
vt 0.224255 0.859792
vt 0.219772 0.858765
vt 0.218220 0.879469
vt 0.218425 0.879861
vt 0.218373 0.880389
vt 0.246478 0.459038
vt 0.242317 0.457071
vt 0.209131 0.857177
vt 0.214013 0.859274
vt 0.222757 0.861432
vt 0.218119 0.861382
vt 0.218258 0.879881
vt 0.218396 0.880099
vt 0.218341 0.880385
vt 0.218085 0.880633
vt 0.207782 0.862294
vt 0.212680 0.863316
vt 0.221410 0.863396
vt 0.216903 0.864467
vt 0.218343 0.880234
vt 0.218477 0.880302
vt 0.218464 0.880380
vt 0.218306 0.880407
vt 0.203512 0.855214
vt 0.212148 0.867875
vt 0.220334 0.865672
vt 0.216308 0.868041
vt 0.218442 0.880589
vt 0.218691 0.880518
vt 0.218748 0.880415
vt 0.218676 0.880261
vt 0.219411 0.880225
vt 0.219378 0.879902
vt 0.219402 0.880562
vt 0.219049 0.880489
vt 0.212382 0.871089
vt 0.219728 0.868202
vt 0.216383 0.870644
vt 0.218726 0.880920
vt 0.218962 0.880699
vt 0.222357 0.880490
vt 0.222351 0.880752
vt 0.221903 0.880671
vt 0.099345 0.448285
vt 0.216828 0.873181
vt 0.220106 0.872377
vt 0.219783 0.870322
vt 0.219071 0.881217
vt 0.219303 0.880879
vt 0.257074 0.456630
vt 0.266374 0.457005
vt 0.220189 0.880748
vt 0.219787 0.880659
vt 0.217569 0.875486
vt 0.213013 0.874195
vt 0.220669 0.874283
vt 0.219470 0.881481
vt 0.219687 0.881047
vt 0.256940 0.454840
vt 0.211956 0.881699
vt 0.204247 0.877217
vt 0.218517 0.877536
vt 0.214043 0.876945
vt 0.221404 0.876028
vt 0.219913 0.881711
vt 0.220098 0.881196
vt 0.216801 0.881447
vt 0.215320 0.879392
vt 0.219606 0.879327
vt 0.222251 0.877624
vt 0.220389 0.881901
vt 0.220526 0.881326
vt 0.220599 0.880840
vt 0.208526 0.884410
vt 0.213976 0.884015
vt 0.218436 0.883167
vt 0.220800 0.880895
vt 0.223171 0.879103
vt 0.220896 0.882049
vt 0.220968 0.881434
vt 0.221015 0.880928
vt 0.218591 0.887326
vt 0.214266 0.889120
vt 0.216220 0.885922
vt 0.220196 0.884583
vt 0.222099 0.882289
vt 0.224156 0.880500
vt 0.221436 0.882149
vt 0.221434 0.881518
vt 0.221061 0.880499
vt 0.221445 0.881007
vt 0.221116 0.880135
vt 0.221477 0.880587
vt 0.221020 0.888278
vt 0.222093 0.885735
vt 0.223531 0.883553
vt 0.222019 0.882193
vt 0.221938 0.881571
vt 0.221901 0.881073
vt 0.217386 0.890460
vt 0.220765 0.879669
vt 0.223542 0.888849
vt 0.224108 0.886629
vt 0.225225 0.881841
vt 0.225106 0.884679
vt 0.222660 0.882166
vt 0.222496 0.881579
vt 0.222395 0.881113
vt 0.245259 0.593232
vt 0.225865 0.889028
vt 0.226146 0.887245
vt 0.226411 0.883117
vt 0.226789 0.885639
vt 0.223378 0.882043
vt 0.223113 0.881510
vt 0.222925 0.881095
vt 0.223508 0.891243
vt 0.228092 0.888888
vt 0.228142 0.887592
vt 0.227734 0.884313
vt 0.228510 0.886402
vt 0.224204 0.881775
vt 0.223778 0.881316
vt 0.223472 0.880977
vt 0.226623 0.879090
vt 0.226574 0.878864
vt 0.226786 0.879336
vt 0.234797 0.433997
vt 0.234594 0.883003
vt 0.229199 0.885442
vt 0.096798 0.458296
vt 0.092385 0.456486
vt 0.092730 0.455857
vt 0.271041 0.533960
vt 0.236217 0.886968
vt 0.228345 0.890168
vt 0.236800 0.889563
vt 0.236575 0.888317
vt 0.235730 0.885577
vt 0.235167 0.884225
vt 0.227063 0.879610
vt 0.225909 0.876943
vt 0.226749 0.878419
vt 0.605535 0.042718
vt 0.652780 0.020819
vt 0.652808 0.023152
vt 0.607390 0.045429
vt 0.652661 0.024995
vt 0.609172 0.048142
vt 0.652407 0.026551
vt 0.610887 0.050798
vt 0.652089 0.027973
vt 0.612542 0.053347
vt 0.651744 0.029376
vt 0.633590 0.076635
vt 0.658982 0.050238
vt 0.657415 0.051735
vt 0.655863 0.053327
vt 0.635552 0.079130
vt 0.654383 0.055041
vt 0.637593 0.081562
vt 0.653020 0.056902
vt 0.639720 0.083929
vt 0.651800 0.058948
vt 0.641931 0.086230
vt 0.565329 0.089375
vt 0.603609 0.040076
vt 0.568198 0.090771
vt 0.571055 0.092120
vt 0.573840 0.093436
vt 0.576508 0.094732
vt 0.601556 0.112894
vt 0.604017 0.114534
vt 0.606429 0.116262
vt 0.608794 0.118080
vt 0.644216 0.088460
vt 0.611112 0.119984
vt 0.551022 0.135575
vt 0.562515 0.087924
vt 0.553118 0.135453
vt 0.554757 0.135240
vt 0.556127 0.134963
vt 0.557368 0.134636
vt 0.577985 0.140759
vt 0.579056 0.139055
vt 0.580208 0.137352
vt 0.581476 0.135709
vt 0.582890 0.134169
vt 0.584488 0.132750
vt 0.613380 0.121963
vt 0.558378 0.159582
vt 0.558698 0.160256
vt 0.558952 0.161078
vt 0.559319 0.161832
vt 0.558590 0.134273
vt 0.559926 0.162366
vt 0.566391 0.156271
vt 0.568289 0.154855
vt 0.570586 0.153097
vt 0.573212 0.151002
vt 0.576061 0.148596
vt 0.578994 0.145933
vt 0.677560 0.161399
vt 0.676581 0.160503
vt 0.675614 0.159737
vt 0.674617 0.159001
vt 0.673562 0.158223
vt 0.560852 0.162572
vt 0.667673 0.143601
vt 0.667984 0.143370
vt 0.668180 0.143170
vt 0.668264 0.142982
vt 0.668247 0.142786
vt 0.689877 0.148956
vt 0.678603 0.162572
vt 0.688971 0.148064
vt 0.688205 0.147167
vt 0.687475 0.146231
vt 0.686707 0.145231
vt 0.672146 0.140132
vt 0.672089 0.140512
vt 0.672062 0.140768
vt 0.672056 0.140903
vt 0.668140 0.142562
vt 0.672074 0.140927
vt 0.681300 0.026085
vt 0.691080 0.149885
vt 0.682404 0.026464
vt 0.683646 0.026754
vt 0.684788 0.027168
vt 0.685661 0.027857
vt 0.674351 0.041703
vt 0.672911 0.043312
vt 0.671178 0.045290
vt 0.669154 0.047589
vt 0.666863 0.050121
vt 0.664352 0.052759
vt 0.672132 0.140849
vt 0.686142 0.028916
vt 0.640861 0.642811
vt 0.684633 0.689464
vt 0.678209 0.688739
vt 0.644209 0.654652
vt 0.671976 0.687924
vt 0.647175 0.664882
vt 0.666272 0.687051
vt 0.649606 0.673097
vt 0.661374 0.686179
vt 0.651469 0.679373
vt 0.657389 0.685402
vt 0.653025 0.683616
vt 0.653913 0.684925
vt 0.653825 0.684870
vt 0.653798 0.684832
vt 0.653081 0.683803
vt 0.653820 0.684807
vt 0.653098 0.683886
vt 0.653878 0.684790
vt 0.653088 0.683898
vt 0.653958 0.684777
vt 0.653060 0.683867
vt 0.637350 0.728860
vt 0.637350 0.630051
vt 0.640633 0.719196
vt 0.643809 0.710090
vt 0.646698 0.701955
vt 0.649167 0.695064
vt 0.653204 0.685494
vt 0.653218 0.685322
vt 0.653208 0.685221
vt 0.653175 0.685175
vt 0.653124 0.685164
vt 0.653061 0.685176
vt 0.653022 0.683812
vt 0.651193 0.689441
vt 0.557473 0.378139
vt 0.553851 0.376194
vt 0.099121 0.307305
vt 0.098395 0.311578
vt 0.288318 0.530001
vt 0.287100 0.531079
vt 0.267462 0.619509
vt 0.093966 0.291982
vt 0.097055 0.289638
vt 0.097222 0.290142
vt 0.775875 0.157130
vt 0.585446 0.379671
vt 0.587642 0.378180
vt 0.577994 0.401632
vt 0.570822 0.395013
vt 0.571797 0.394185
vt 0.602520 0.359405
vt 0.602358 0.363611
vt 0.601010 0.362858
vt 0.497998 0.520440
vt 0.503751 0.514090
vt 0.271918 0.308678
vt 0.091541 0.292136
vt 0.088831 0.293052
vt 0.087334 0.281687
vt 0.111659 0.456750
vt 0.085237 0.442375
vt 0.088012 0.446549
vt 0.113796 0.293475
vt 0.749675 0.160321
vt 0.747238 0.171451
vt 0.115835 0.451712
vt 0.109122 0.289302
vt 0.769801 0.163052
vt 0.769402 0.162374
vt 0.099595 0.444685
vt 0.100310 0.447951
vt 0.239019 0.448625
vt 0.119324 0.449196
vt 0.204680 0.839328
vt 0.096883 0.457932
vt 0.100312 0.440847
vt 0.098954 0.441122
vt 0.120168 0.444370
vt 0.098087 0.436939
vt 0.123983 0.440578
vt 0.123268 0.446132
vt 0.121719 0.445212
vt 0.122186 0.439814
vt 0.101310 0.436462
vt 0.101706 0.440645
vt 0.099687 0.436671
vt 0.126306 0.448152
vt 0.124802 0.447131
vt 0.125943 0.435759
vt 0.125778 0.441403
vt 0.123965 0.435040
vt 0.100876 0.432086
vt 0.099089 0.432341
vt 0.093679 0.423484
vt 0.094560 0.428362
vt 0.129863 0.431354
vt 0.127910 0.436546
vt 0.127709 0.430649
vt 0.125551 0.429999
vt 0.100401 0.427424
vt 0.097344 0.432675
vt 0.098420 0.427678
vt 0.096468 0.427995
vt 0.973340 0.915893
vt 0.131526 0.425965
vt 0.129242 0.425325
vt 0.126942 0.424736
vt 0.099930 0.422518
vt 0.097796 0.422776
vt 0.095701 0.423099
vt 0.035964 0.313526
vt 0.041279 0.306239
vt 0.089784 0.413193
vt 0.091966 0.412827
vt 0.092689 0.418239
vt 0.133045 0.420355
vt 0.130608 0.419791
vt 0.128164 0.419271
vt 0.099468 0.417377
vt 0.097174 0.417615
vt 0.094908 0.417906
vt 0.216479 0.893796
vt 0.212513 0.892612
vt 0.134297 0.414561
vt 0.131764 0.414068
vt 0.129214 0.413616
vt 0.099049 0.412019
vt 0.096637 0.412238
vt 0.094262 0.412509
vt 0.135421 0.408556
vt 0.136767 0.415084
vt 0.132771 0.408144
vt 0.130112 0.407764
vt 0.098671 0.406438
vt 0.096136 0.406621
vt 0.093623 0.406845
vt 0.139137 0.415632
vt 0.138033 0.408989
vt 0.136281 0.402352
vt 0.133575 0.402016
vt 0.130849 0.401706
vt 0.098365 0.400632
vt 0.095752 0.400780
vt 0.093172 0.400963
vt 0.138921 0.402705
vt 0.142320 0.396511
vt 0.141461 0.403072
vt 0.139714 0.396208
vt 0.137008 0.395923
vt 0.134238 0.395658
vt 0.098120 0.394579
vt 0.095440 0.394686
vt 0.092793 0.394816
vt 0.090218 0.394969
vt 0.087748 0.395135
vt 0.089810 0.388483
vt 0.140409 0.389382
vt 0.137602 0.389195
vt 0.131448 0.395415
vt 0.134757 0.389017
vt 0.097942 0.388259
vt 0.095201 0.388322
vt 0.092482 0.388397
vt 0.605469 0.360723
vt 0.603729 0.364353
vt 0.086565 0.407720
vt 0.137901 0.382160
vt 0.131905 0.388851
vt 0.135056 0.382066
vt 0.097851 0.381639
vt 0.095103 0.381665
vt 0.092391 0.381698
vt 0.089758 0.381737
vt 0.089608 0.374652
vt 0.087244 0.381780
vt 0.138080 0.374761
vt 0.132191 0.381978
vt 0.135201 0.374750
vt 0.097824 0.374666
vt 0.095056 0.374662
vt 0.092309 0.374657
vt 0.249119 0.317216
vt 0.247804 0.319703
vt 0.137955 0.367216
vt 0.135111 0.367285
vt 0.132248 0.367350
vt 0.132316 0.374738
vt 0.097876 0.367548
vt 0.095133 0.367517
vt 0.092427 0.367481
vt 0.089856 0.360626
vt 0.089800 0.367441
vt 0.087292 0.367398
vt 0.137726 0.360097
vt 0.140734 0.367142
vt 0.134875 0.360247
vt 0.132017 0.360387
vt 0.097982 0.360846
vt 0.095242 0.360783
vt 0.092525 0.360709
vt 0.137211 0.353353
vt 0.140539 0.359941
vt 0.134423 0.353591
vt 0.131615 0.353810
vt 0.098169 0.354521
vt 0.095480 0.354417
vt 0.092827 0.354292
vt 0.538290 0.589594
vt 0.540310 0.591426
vt 0.090591 0.347998
vt 0.090256 0.354147
vt 0.087809 0.353987
vt 0.136580 0.346942
vt 0.139929 0.353098
vt 0.133828 0.347264
vt 0.131067 0.347561
vt 0.098418 0.348516
vt 0.095776 0.348370
vt 0.093158 0.348196
vt 0.135680 0.340790
vt 0.139289 0.346602
vt 0.133030 0.341199
vt 0.130359 0.341574
vt 0.098747 0.342773
vt 0.096199 0.342583
vt 0.093687 0.342351
vt 0.241688 0.438743
vt 0.241933 0.439426
vt 0.091881 0.336443
vt 0.091259 0.342081
vt 0.134656 0.334865
vt 0.132086 0.335350
vt 0.099135 0.337246
vt 0.096682 0.337021
vt 0.094255 0.336750
vt 0.133366 0.329103
vt 0.129505 0.335794
vt 0.130937 0.329662
vt 0.099587 0.331893
vt 0.097275 0.331636
vt 0.095002 0.331320
vt 0.092809 0.330951
vt 0.093656 0.325731
vt 0.131947 0.323500
vt 0.128486 0.330174
vt 0.129633 0.324119
vt 0.100072 0.326701
vt 0.097899 0.326434
vt 0.095754 0.326106
vt 0.237944 0.430910
vt 0.130245 0.318007
vt 0.127309 0.324687
vt 0.128105 0.318695
vt 0.100587 0.321663
vt 0.098597 0.321384
vt 0.096651 0.321029
vt 0.094782 0.320596
vt 0.263159 0.619513
vt 0.263416 0.618295
vt 0.265443 0.618604
vt 0.092993 0.320139
vt 0.097448 0.316267
vt 0.128402 0.312718
vt 0.125947 0.319323
vt 0.126401 0.313438
vt 0.101083 0.316813
vt 0.099253 0.316569
vt 0.592393 0.294929
vt 0.595240 0.295865
vt 0.076178 0.324612
vt 0.074189 0.330607
vt 0.072685 0.330071
vt 0.142037 0.333266
vt 0.126214 0.307506
vt 0.124398 0.314103
vt 0.124422 0.308313
vt 0.101567 0.312148
vt 0.099959 0.311903
vt 0.234927 0.429235
vt 0.123783 0.302602
vt 0.122621 0.309048
vt 0.122187 0.303426
vt 0.100529 0.307531
vt 0.082567 0.274967
vt 0.087288 0.276324
vt 0.082747 0.276456
vt 0.261820 0.524096
vt 0.120602 0.304200
vt 0.119857 0.299295
vt 0.226537 0.892667
vt 0.117308 0.295682
vt 0.025765 0.348062
vt 0.023261 0.347534
vt 0.026027 0.339025
vt 0.118414 0.294761
vt 0.116098 0.290493
vt 0.114601 0.292571
vt 0.119579 0.455888
vt 0.118712 0.454728
vt 0.244276 0.584409
vt 0.246024 0.584280
vt 0.246293 0.588714
vt 0.561921 0.381090
vt 0.269941 0.295487
vt 0.274198 0.307324
vt 0.105957 0.463960
vt 0.105601 0.463295
vt 0.244541 0.328564
vt 0.243278 0.334299
vt 0.240597 0.440480
vt 0.109515 0.288576
vt 0.101875 0.290994
vt 0.102050 0.293490
vt 0.101981 0.290810
vt 0.105249 0.285901
vt 0.265448 0.413871
vt 0.266538 0.410946
vt 0.101657 0.291205
vt 0.106607 0.283477
vt 0.105444 0.285590
vt 0.098051 0.282756
vt 0.105071 0.286167
vt 0.096514 0.288391
vt 0.101941 0.290543
vt 0.096695 0.288722
vt 0.096878 0.289165
vt 0.101140 0.291574
vt 0.273068 0.306715
vt 0.093687 0.291432
vt 0.237241 0.433431
vt 0.236534 0.435391
vt 0.556784 0.290547
vt 0.586478 0.411319
vt 0.580709 0.408026
vt 0.587205 0.408916
vt 0.589823 0.382178
vt 0.587122 0.383382
vt 0.959618 0.942673
vt 0.089461 0.293669
vt 0.306408 0.543757
vt 0.307007 0.547233
vt 0.084534 0.374639
vt 0.084723 0.367359
vt 0.083441 0.282328
vt 0.301464 0.633164
vt 0.304282 0.626596
vt 0.136121 0.433662
vt 0.746181 0.176031
vt 0.746097 0.180609
vt 0.098278 0.467457
vt 0.085159 0.299874
vt 0.086927 0.301607
vt 0.091518 0.295561
vt 0.082235 0.306087
vt 0.062467 0.288282
vt 0.063529 0.289528
vt 0.071781 0.286682
vt 0.064580 0.290737
vt 0.079297 0.303655
vt 0.083484 0.297988
vt 0.080273 0.304478
vt 0.081251 0.305288
vt 0.055630 0.293853
vt 0.057035 0.295256
vt 0.065626 0.291910
vt 0.058401 0.296570
vt 0.075482 0.309440
vt 0.076650 0.310187
vt 0.077824 0.310915
vt 0.079015 0.311630
vt 0.054175 0.292331
vt 0.049608 0.300861
vt 0.051283 0.302110
vt 0.059742 0.297820
vt 0.052889 0.303291
vt 0.072074 0.315418
vt 0.073373 0.316107
vt 0.074675 0.316778
vt 0.075995 0.317438
vt 0.077345 0.318089
vt 0.080237 0.312331
vt 0.071094 0.329549
vt 0.073243 0.323442
vt 0.046574 0.309521
vt 0.048232 0.310517
vt 0.049863 0.311483
vt 0.054451 0.304422
vt 0.069075 0.321587
vt 0.070464 0.322218
vt 0.071851 0.322834
vt 0.042066 0.316841
vt 0.043957 0.317830
vt 0.045793 0.318771
vt 0.066500 0.327912
vt 0.068021 0.328472
vt 0.069546 0.329016
vt 0.069258 0.342555
vt 0.067533 0.342158
vt 0.069036 0.335830
vt 0.038542 0.324769
vt 0.040088 0.315784
vt 0.040462 0.325581
vt 0.042348 0.326365
vt 0.064283 0.334385
vt 0.065869 0.334878
vt 0.067450 0.335358
vt 0.247183 0.419641
vt 0.597597 0.298421
vt 0.597034 0.299544
vt 0.035181 0.332638
vt 0.037320 0.333395
vt 0.039390 0.334113
vt 0.062449 0.340956
vt 0.064134 0.341368
vt 0.065821 0.341768
vt 0.064378 0.348263
vt 0.034997 0.341499
vt 0.037061 0.342040
vt 0.060947 0.347586
vt 0.062666 0.347929
vt 0.032953 0.349535
vt 0.035192 0.349976
vt 0.059809 0.354194
vt 0.061593 0.354453
vt 0.062563 0.361061
vt 0.063378 0.354706
vt 0.031775 0.357627
vt 0.030633 0.349068
vt 0.033961 0.357897
vt 0.058994 0.360713
vt 0.060783 0.360889
vt 0.203120 0.417279
vt 0.068768 0.355449
vt 0.068035 0.361566
vt 0.028496 0.365358
vt 0.030870 0.365510
vt 0.058523 0.367067
vt 0.060344 0.367154
vt 0.062163 0.367239
vt 0.066016 0.381145
vt 0.064117 0.381245
vt 0.063781 0.373194
vt 0.028410 0.373073
vt 0.033162 0.365655
vt 0.030673 0.373126
vt 0.058353 0.373184
vt 0.060167 0.373192
vt 0.061972 0.373195
vt 0.064003 0.367322
vt 0.573501 0.392882
vt 0.025989 0.383639
vt 0.028463 0.383460
vt 0.032891 0.373186
vt 0.030830 0.383292
vt 0.058576 0.381549
vt 0.060417 0.381446
vt 0.062257 0.381345
vt 0.276073 0.310532
vt 0.027540 0.393645
vt 0.029786 0.393325
vt 0.033125 0.383132
vt 0.031983 0.393015
vt 0.059209 0.389574
vt 0.060999 0.389375
vt 0.062782 0.389182
vt 0.028800 0.403398
vt 0.031191 0.402887
vt 0.034140 0.392712
vt 0.033471 0.402402
vt 0.060260 0.397269
vt 0.062039 0.396980
vt 0.063820 0.396699
vt 0.070107 0.409848
vt 0.068407 0.410290
vt 0.066733 0.403504
vt 0.031595 0.412554
vt 0.033740 0.411943
vt 0.035680 0.401936
vt 0.035836 0.411350
vt 0.061660 0.404631
vt 0.063354 0.404247
vt 0.065041 0.403872
vt 0.213101 0.433038
vt 0.034128 0.421642
vt 0.036373 0.420819
vt 0.037891 0.410772
vt 0.038516 0.420034
vt 0.063444 0.411671
vt 0.065093 0.411199
vt 0.066741 0.410740
vt 0.037910 0.430363
vt 0.031740 0.422508
vt 0.040003 0.429303
vt 0.042010 0.428313
vt 0.043958 0.427373
vt 0.040590 0.419278
vt 0.065566 0.418379
vt 0.067133 0.417822
vt 0.068700 0.417280
vt 0.070283 0.416749
vt 0.072346 0.422880
vt 0.071900 0.416228
vt 0.044456 0.436980
vt 0.046219 0.435939
vt 0.047949 0.434932
vt 0.068007 0.424742
vt 0.069454 0.424107
vt 0.070897 0.423488
vt 0.049043 0.444467
vt 0.050747 0.443214
vt 0.052398 0.442025
vt 0.070772 0.430753
vt 0.072136 0.430059
vt 0.073506 0.429385
vt 0.276668 0.455794
vt 0.271794 0.457475
vt 0.077446 0.434172
vt 0.074898 0.428728
vt 0.076330 0.428085
vt 0.054622 0.450927
vt 0.047257 0.445809
vt 0.056041 0.449671
vt 0.057436 0.448459
vt 0.073785 0.436367
vt 0.075002 0.435617
vt 0.076220 0.434888
vt 0.075389 0.421699
vt 0.077679 0.427418
vt 0.060386 0.457171
vt 0.061663 0.455688
vt 0.062905 0.454289
vt 0.077029 0.441553
vt 0.078144 0.440782
vt 0.079272 0.440039
vt 0.602575 0.410374
vt 0.089740 0.468703
vt 0.098608 0.468272
vt 0.082217 0.444603
vt 0.067957 0.460444
vt 0.068873 0.459189
vt 0.080367 0.446209
vt 0.081289 0.445394
vt 0.074396 0.464675
vt 0.574084 0.381072
vt 0.481556 0.575317
vt 0.481502 0.566777
vt 0.256948 0.427582
vt 0.258607 0.425682
vt 0.561314 0.372000
vt 0.595470 0.256174
vt 0.604237 0.257575
vt 0.595493 0.259500
vt 0.103295 0.454087
vt 0.102050 0.457329
vt 0.102143 0.457241
vt 0.248517 0.438133
vt 0.239474 0.428591
vt 0.143069 0.409892
vt 0.495367 0.528769
vt 0.073739 0.466106
vt 0.124338 0.453381
vt 0.202120 0.883557
vt 0.199631 0.879144
vt 0.213198 0.628180
vt 0.208434 0.621912
vt 0.096716 0.458631
vt 0.225985 0.441388
vt 0.225607 0.442443
vt 0.106557 0.464831
vt 0.098809 0.469120
vt 0.101482 0.456548
vt 0.096972 0.457535
vt 0.100885 0.456045
vt 0.096956 0.457032
vt 0.124268 0.115908
vt 0.108397 0.107320
vt 0.109708 0.105169
vt 0.111164 0.102998
vt 0.123025 0.114080
vt 0.112748 0.100839
vt 0.114447 0.098749
vt 0.122989 0.112067
vt 0.116249 0.096737
vt 0.143367 0.110574
vt 0.139994 0.086836
vt 0.142389 0.085708
vt 0.147867 0.111259
vt 0.144952 0.084563
vt 0.150223 0.111737
vt 0.147643 0.083480
vt 0.152564 0.112204
vt 0.150425 0.082538
vt 0.153251 0.081805
vt 0.113085 0.144216
vt 0.125306 0.116609
vt 0.123491 0.115057
vt 0.114200 0.143733
vt 0.115278 0.143255
vt 0.122868 0.113056
vt 0.116321 0.142795
vt 0.117333 0.142331
vt 0.133737 0.147050
vt 0.134536 0.147770
vt 0.145559 0.110849
vt 0.135355 0.148447
vt 0.136264 0.149129
vt 0.137341 0.149887
vt 0.138682 0.150787
vt 0.154839 0.112598
vt 0.108135 0.155220
vt 0.109393 0.154926
vt 0.110421 0.154375
vt 0.111254 0.153647
vt 0.111939 0.152844
vt 0.118324 0.141835
vt 0.123137 0.161777
vt 0.124149 0.162165
vt 0.125174 0.162552
vt 0.126264 0.162971
vt 0.127475 0.163463
vt 0.128864 0.164096
vt 0.077845 0.143632
vt 0.106606 0.155236
vt 0.080710 0.149827
vt 0.083499 0.155595
vt 0.086142 0.160909
vt 0.088583 0.165814
vt 0.102333 0.179157
vt 0.103536 0.180117
vt 0.104620 0.180999
vt 0.105534 0.181829
vt 0.106241 0.182630
vt 0.069630 0.187398
vt 0.074981 0.137107
vt 0.072098 0.186134
vt 0.074559 0.185158
vt 0.076942 0.184474
vt 0.079174 0.184022
vt 0.095067 0.191988
vt 0.097637 0.193471
vt 0.098888 0.194077
vt 0.100122 0.194532
vt 0.101338 0.194818
vt 0.106735 0.183419
vt 0.073380 0.208098
vt 0.067215 0.188898
vt 0.073160 0.209006
vt 0.072785 0.209868
vt 0.072275 0.210664
vt 0.071669 0.211363
vt 0.081182 0.219857
vt 0.081563 0.220699
vt 0.096363 0.192756
vt 0.081940 0.221514
vt 0.082358 0.222352
vt 0.082869 0.223271
vt 0.083555 0.224336
vt 0.068113 0.214262
vt 0.067119 0.215661
vt 0.066157 0.217056
vt 0.065224 0.218442
vt 0.064322 0.219825
vt 0.071020 0.211946
vt 0.068198 0.230194
vt 0.068774 0.230787
vt 0.069317 0.231328
vt 0.069839 0.231871
vt 0.070361 0.232496
vt 0.070909 0.233330
vt 0.049000 0.208506
vt 0.069134 0.212897
vt 0.043557 0.219153
vt 0.041049 0.224128
vt 0.038699 0.228770
vt 0.024550 0.231057
vt 0.022840 0.231050
vt 0.022150 0.230617
vt 0.021501 0.230018
vt 0.042635 0.082948
vt 0.051907 0.203030
vt 0.043851 0.083005
vt 0.046213 0.213913
vt 0.045194 0.083207
vt 0.046680 0.083580
vt 0.048302 0.084135
vt 0.026513 0.075157
vt 0.025116 0.074354
vt 0.023627 0.231218
vt 0.023918 0.073700
vt 0.022862 0.073158
vt 0.021865 0.072670
vt 0.020819 0.072174
vt 0.020819 0.229379
vt 0.091215 0.056435
vt 0.041497 0.082994
vt 0.092080 0.047496
vt 0.092719 0.043267
vt 0.093415 0.039306
vt 0.090892 0.024055
vt 0.091483 0.023251
vt 0.092020 0.022682
vt 0.092490 0.022222
vt 0.093150 0.020819
vt 0.093770 0.064716
vt 0.091551 0.051926
vt 0.094981 0.061480
vt 0.095917 0.058402
vt 0.097396 0.052746
vt 0.094140 0.035689
vt 0.114045 0.039271
vt 0.114812 0.036596
vt 0.115271 0.035268
vt 0.115890 0.033786
vt 0.092882 0.021690
vt 0.116789 0.031986
vt 0.092136 0.068096
vt 0.096693 0.055502
vt 0.114429 0.037899
vt 0.643619 0.571193
vt 0.652086 0.563256
vt 0.650161 0.564442
vt 0.645684 0.576121
vt 0.648108 0.565383
vt 0.647945 0.580726
vt 0.645942 0.566088
vt 0.650338 0.584867
vt 0.643735 0.566564
vt 0.652790 0.588414
vt 0.641582 0.566819
vt 0.637350 0.575527
vt 0.655968 0.567250
vt 0.656052 0.567205
vt 0.637732 0.573579
vt 0.656099 0.566941
vt 0.637915 0.572077
vt 0.656197 0.566529
vt 0.637937 0.570471
vt 0.656463 0.566087
vt 0.637615 0.569056
vt 0.657075 0.565803
vt 0.644121 0.512636
vt 0.641789 0.566057
vt 0.645862 0.508735
vt 0.647793 0.505144
vt 0.649863 0.501974
vt 0.652013 0.499316
vt 0.637350 0.479803
vt 0.638045 0.480875
vt 0.637514 0.574773
vt 0.638829 0.482493
vt 0.639614 0.484481
vt 0.640272 0.486576
vt 0.640615 0.488404
vt 0.652933 0.516146
vt 0.642593 0.516751
vt 0.651824 0.514046
vt 0.650556 0.512166
vt 0.649164 0.510534
vt 0.663125 0.504125
vt 0.663243 0.503618
vt 0.663220 0.503233
vt 0.663186 0.502931
vt 0.663322 0.502643
vt 0.663880 0.502241
vt 0.653889 0.518437
vt 0.647711 0.509174
vt 0.050948 0.541923
vt 0.037975 0.538636
vt 0.036328 0.534610
vt 0.050106 0.540017
vt 0.035053 0.530833
vt 0.049227 0.538123
vt 0.034278 0.527571
vt 0.048313 0.536256
vt 0.034066 0.525052
vt 0.047380 0.534436
vt 0.034408 0.523424
vt 0.056419 0.519244
vt 0.020819 0.514165
vt 0.021352 0.514110
vt 0.022542 0.515028
vt 0.056072 0.518636
vt 0.024146 0.516711
vt 0.055770 0.517993
vt 0.025827 0.518821
vt 0.055575 0.517194
vt 0.027147 0.520908
vt 0.055589 0.516058
vt 0.077818 0.576604
vt 0.051776 0.543840
vt 0.078313 0.576379
vt 0.078732 0.576184
vt 0.079059 0.576023
vt 0.079290 0.575893
vt 0.099058 0.566916
vt 0.100527 0.566293
vt 0.101884 0.565713
vt 0.103175 0.565159
vt 0.104473 0.564600
vt 0.105872 0.563997
vt 0.055974 0.514300
vt 0.084687 0.614435
vt 0.085665 0.616205
vt 0.086603 0.617997
vt 0.087493 0.619795
vt 0.088332 0.621577
vt 0.079428 0.575792
vt 0.104861 0.625332
vt 0.105075 0.626115
vt 0.105338 0.626883
vt 0.105781 0.627668
vt 0.106604 0.628512
vt 0.078901 0.623857
vt 0.083681 0.612671
vt 0.080767 0.627210
vt 0.082687 0.630171
vt 0.084556 0.632521
vt 0.086251 0.634107
vt 0.086128 0.652033
vt 0.086525 0.651759
vt 0.086629 0.650552
vt 0.086446 0.648718
vt 0.086021 0.646706
vt 0.085415 0.645109
vt 0.108135 0.629481
vt 0.063718 0.582596
vt 0.062105 0.583462
vt 0.060665 0.584259
vt 0.059350 0.585008
vt 0.058097 0.585741
vt 0.087662 0.634865
vt 0.033588 0.597932
vt 0.032156 0.598714
vt 0.030293 0.599704
vt 0.027859 0.600968
vt 0.024725 0.602569
vt 0.065531 0.581647
vt 0.020819 0.604535
vt 0.493035 0.031269
vt 0.498726 0.173231
vt 0.500768 0.174353
vt 0.495084 0.027977
vt 0.502863 0.175109
vt 0.497331 0.025084
vt 0.505014 0.175490
vt 0.499723 0.022667
vt 0.507168 0.175483
vt 0.502183 0.020819
vt 0.509238 0.175080
vt 0.492259 0.025298
vt 0.492585 0.175466
vt 0.492549 0.025442
vt 0.492333 0.175829
vt 0.492903 0.025974
vt 0.492160 0.175930
vt 0.493262 0.026797
vt 0.491992 0.175836
vt 0.493542 0.027764
vt 0.491727 0.175641
vt 0.493615 0.028657
vt 0.491220 0.175494
vt 0.499836 0.035125
vt 0.491220 0.034897
vt 0.497741 0.034368
vt 0.495590 0.033987
vt 0.491368 0.034398
vt 0.508021 0.034012
vt 0.508445 0.033547
vt 0.508613 0.033640
vt 0.508877 0.033836
vt 0.509384 0.033982
vt 0.507569 0.178211
vt 0.501878 0.036247
vt 0.505520 0.181504
vt 0.503273 0.184397
vt 0.500886 0.186805
vt 0.493446 0.033996
vt 0.498423 0.188659
vt 0.508347 0.184181
vt 0.508058 0.184032
vt 0.508272 0.033652
vt 0.507701 0.183506
vt 0.507342 0.182683
vt 0.507062 0.181716
vt 0.506989 0.180823
vt 0.509384 0.174583
vt 0.572651 0.393477
vt 0.582824 0.384719
vt 0.121218 0.298356
vt 0.576850 0.403126
vt 0.584843 0.384170
vt 0.582147 0.382305
vt 0.591598 0.298295
vt 0.589390 0.297744
vt 0.601700 0.405449
vt 0.592937 0.380451
vt 0.574092 0.380950
vt 0.596162 0.372640
vt 0.597134 0.373626
vt 0.594500 0.376155
vt 0.609478 0.404761
vt 0.608544 0.402569
vt 0.607636 0.400507
vt 0.596815 0.379360
vt 0.596047 0.378260
vt 0.595277 0.377196
vt 0.592268 0.379384
vt 0.616615 0.401560
vt 0.615204 0.399179
vt 0.606745 0.398552
vt 0.613877 0.397017
vt 0.599929 0.376691
vt 0.599002 0.375640
vt 0.598076 0.374623
vt 0.285969 0.523941
vt 0.618135 0.404266
vt 0.623063 0.396838
vt 0.621245 0.394665
vt 0.612605 0.395001
vt 0.619572 0.392668
vt 0.602795 0.373666
vt 0.601727 0.372687
vt 0.600663 0.371740
vt 0.599588 0.370812
vt 0.598484 0.369895
vt 0.248340 0.553023
vt 0.249439 0.549208
vt 0.601815 0.367720
vt 0.626442 0.389426
vt 0.624590 0.387682
vt 0.622817 0.386019
vt 0.617990 0.390793
vt 0.605393 0.370323
vt 0.604195 0.369429
vt 0.603008 0.368565
vt 0.631253 0.383963
vt 0.629138 0.382352
vt 0.627138 0.380834
vt 0.607710 0.366687
vt 0.606382 0.365884
vt 0.605063 0.365110
vt 0.635226 0.377906
vt 0.633547 0.385710
vt 0.633015 0.376540
vt 0.630895 0.375235
vt 0.609755 0.362778
vt 0.608320 0.362071
vt 0.606897 0.361389
vt 0.637550 0.379343
vt 0.638862 0.371654
vt 0.636443 0.370449
vt 0.634151 0.369310
vt 0.611525 0.358618
vt 0.609983 0.358010
vt 0.608451 0.357426
vt 0.605330 0.356280
vt 0.242922 0.565237
vt 0.639173 0.363959
vt 0.636839 0.363051
vt 0.613029 0.354224
vt 0.611409 0.353711
vt 0.641587 0.364903
vt 0.641549 0.357274
vt 0.639058 0.356546
vt 0.614264 0.349633
vt 0.612566 0.349216
vt 0.643155 0.350297
vt 0.644175 0.358042
vt 0.640674 0.349797
vt 0.615241 0.344886
vt 0.613509 0.344570
vt 0.645718 0.350814
vt 0.649889 0.359711
vt 0.644371 0.343175
vt 0.641782 0.342879
vt 0.615940 0.340031
vt 0.614175 0.339814
vt 0.611322 0.329936
vt 0.242531 0.584558
vt 0.644771 0.335898
vt 0.647095 0.343483
vt 0.642246 0.335819
vt 0.616364 0.335127
vt 0.614616 0.335026
vt 0.647377 0.335973
vt 0.647465 0.327948
vt 0.644730 0.328138
vt 0.616463 0.329898
vt 0.614742 0.329929
vt 0.613036 0.329942
vt 0.612889 0.334921
vt 0.609340 0.321507
vt 0.642134 0.328322
vt 0.643758 0.320716
vt 0.616212 0.324995
vt 0.614562 0.325165
vt 0.645034 0.312908
vt 0.641282 0.321130
vt 0.642391 0.313597
vt 0.615614 0.320406
vt 0.614037 0.320707
vt 0.610265 0.317375
vt 0.642738 0.305942
vt 0.639890 0.314255
vt 0.640247 0.306852
vt 0.614681 0.316130
vt 0.613191 0.316567
vt 0.611726 0.316981
vt 0.642787 0.297958
vt 0.640098 0.299225
vt 0.637863 0.307727
vt 0.637625 0.300407
vt 0.613418 0.312157
vt 0.612022 0.312725
vt 0.610649 0.313266
vt 0.609279 0.313787
vt 0.644643 0.288101
vt 0.648831 0.295147
vt 0.608026 0.310489
vt 0.607893 0.314290
vt 0.636585 0.292958
vt 0.635296 0.301530
vt 0.634301 0.294360
vt 0.611835 0.308484
vt 0.610547 0.309179
vt 0.609283 0.309845
vt 0.251294 0.606522
vt 0.252892 0.609274
vt 0.635088 0.285109
vt 0.632677 0.286945
vt 0.632130 0.295699
vt 0.630480 0.288637
vt 0.609937 0.305113
vt 0.608765 0.305930
vt 0.607616 0.306716
vt 0.606471 0.307480
vt 0.604651 0.304754
vt 0.627875 0.281525
vt 0.628423 0.290233
vt 0.625941 0.283413
vt 0.607730 0.302052
vt 0.606687 0.302984
vt 0.605666 0.303881
vt 0.622626 0.276407
vt 0.620882 0.278590
vt 0.619252 0.280631
vt 0.624110 0.285207
vt 0.605221 0.299317
vt 0.604318 0.300355
vt 0.603435 0.301355
vt 0.244847 0.648590
vt 0.616478 0.272169
vt 0.624542 0.274008
vt 0.615109 0.274462
vt 0.613806 0.276632
vt 0.602421 0.296938
vt 0.601671 0.298065
vt 0.600936 0.299151
vt 0.617930 0.269726
vt 0.612177 0.262528
vt 0.609889 0.268384
vt 0.608859 0.270894
vt 0.607887 0.273202
vt 0.599348 0.294956
vt 0.598760 0.296153
vt 0.598180 0.297303
vt 0.257855 0.618439
vt 0.258399 0.617148
vt 0.602060 0.268528
vt 0.601594 0.270423
vt 0.596036 0.293449
vt 0.595640 0.294682
vt 0.611016 0.265551
vt 0.602545 0.266361
vt 0.595467 0.262608
vt 0.595484 0.265522
vt 0.595479 0.268095
vt 0.592852 0.292570
vt 0.592629 0.293775
vt 0.588447 0.263889
vt 0.588861 0.266477
vt 0.595460 0.270457
vt 0.589229 0.268895
vt 0.589822 0.292211
vt 0.589765 0.293373
vt 0.589695 0.294491
vt 0.580728 0.262375
vt 0.581757 0.265357
vt 0.582598 0.267965
vt 0.589558 0.271178
vt 0.583325 0.270324
vt 0.586938 0.292294
vt 0.587039 0.293397
vt 0.587123 0.294461
vt 0.575912 0.268163
vt 0.576962 0.270413
vt 0.583975 0.272524
vt 0.577920 0.272518
vt 0.584209 0.292778
vt 0.584461 0.293814
vt 0.584695 0.294815
vt 0.568667 0.268678
vt 0.570272 0.271100
vt 0.571662 0.273240
vt 0.578801 0.274511
vt 0.572899 0.275195
vt 0.581635 0.293627
vt 0.582024 0.294590
vt 0.582395 0.295523
vt 0.582754 0.296439
vt 0.565305 0.274956
vt 0.566943 0.276786
vt 0.568396 0.278482
vt 0.569721 0.280083
vt 0.574027 0.277026
vt 0.579218 0.294813
vt 0.579728 0.295699
vt 0.580220 0.296560
vt 0.583107 0.297348
vt 0.580702 0.297410
vt 0.562961 0.280939
vt 0.564498 0.282318
vt 0.565932 0.283643
vt 0.576961 0.296307
vt 0.577571 0.297111
vt 0.578161 0.297898
vt 0.563391 0.272943
vt 0.561302 0.279491
vt 0.559312 0.285420
vt 0.561049 0.286547
vt 0.562639 0.287622
vt 0.574872 0.298071
vt 0.575558 0.298796
vt 0.576225 0.299515
vt 0.574385 0.301347
vt 0.558427 0.291286
vt 0.559987 0.292013
vt 0.572975 0.300048
vt 0.573689 0.300694
vt 0.557902 0.296652
vt 0.571342 0.302138
vt 0.571944 0.302701
vt 0.570100 0.309500
vt 0.572624 0.303385
vt 0.569816 0.309320
vt 0.570281 0.304195
vt 0.537767 0.544153
vt 0.535595 0.547082
vt 0.550763 0.309127
vt 0.550583 0.295322
vt 0.197585 0.590914
vt 0.197113 0.581973
vt 0.200705 0.590419
vt 0.569637 0.309330
vt 0.552690 0.345582
vt 0.549138 0.309031
vt 0.554394 0.344280
vt 0.556093 0.343004
vt 0.557767 0.342181
vt 0.559448 0.341894
vt 0.555385 0.309981
vt 0.576943 0.338791
vt 0.569674 0.309230
vt 0.579112 0.338096
vt 0.581718 0.337959
vt 0.585001 0.338273
vt 0.571250 0.310046
vt 0.589087 0.337863
vt 0.557647 0.345658
vt 0.559379 0.345697
vt 0.578395 0.342822
vt 0.580710 0.342122
vt 0.583204 0.341188
vt 0.274328 0.304781
vt 0.583855 0.344810
vt 0.557482 0.347972
vt 0.559266 0.348065
vt 0.578916 0.345669
vt 0.581310 0.345281
vt 0.553136 0.345947
vt 0.557316 0.350140
vt 0.559162 0.350269
vt 0.579127 0.348389
vt 0.581538 0.348270
vt 0.588364 0.354432
vt 0.586128 0.354031
vt 0.586451 0.351227
vt 0.555256 0.351989
vt 0.555558 0.349932
vt 0.557129 0.352209
vt 0.559064 0.352341
vt 0.579139 0.350909
vt 0.584042 0.348152
vt 0.581540 0.350979
vt 0.584000 0.351073
vt 0.093645 0.294476
vt 0.092070 0.296220
vt 0.552049 0.347265
vt 0.554983 0.354019
vt 0.556969 0.354210
vt 0.558989 0.354315
vt 0.579023 0.353232
vt 0.581387 0.353442
vt 0.583781 0.353702
vt 0.551313 0.353318
vt 0.553088 0.353729
vt 0.554785 0.356074
vt 0.556865 0.356185
vt 0.558951 0.356234
vt 0.578821 0.355402
vt 0.581124 0.355718
vt 0.583434 0.356112
vt 0.585677 0.356584
vt 0.585107 0.358962
vt 0.554701 0.358183
vt 0.556842 0.358180
vt 0.578552 0.357479
vt 0.580769 0.357877
vt 0.582974 0.358377
vt 0.304627 0.550610
vt 0.552619 0.360514
vt 0.554764 0.360385
vt 0.558964 0.358153
vt 0.556919 0.360249
vt 0.578222 0.359525
vt 0.580326 0.359984
vt 0.582398 0.360565
vt 0.548411 0.360707
vt 0.548474 0.357899
vt 0.550505 0.360617
vt 0.552875 0.363018
vt 0.554999 0.362711
vt 0.559042 0.360129
vt 0.557121 0.362436
vt 0.577830 0.361585
vt 0.579796 0.362086
vt 0.581721 0.362717
vt 0.301678 0.310431
vt 0.300719 0.305529
vt 0.555432 0.365169
vt 0.559206 0.362211
vt 0.557475 0.364757
vt 0.577372 0.363685
vt 0.579181 0.364207
vt 0.580940 0.364863
vt 0.582598 0.365639
vt 0.556085 0.367725
vt 0.559482 0.364425
vt 0.558005 0.367200
vt 0.576849 0.365821
vt 0.578495 0.366342
vt 0.245023 0.436444
vt 0.247160 0.435262
vt 0.245390 0.437257
vt 0.559896 0.366768
vt 0.558738 0.369768
vt 0.485202 0.558778
vt 0.559806 0.372641
vt 0.561047 0.375233
vt 0.562349 0.377464
vt 0.121601 0.291523
vt 0.308678 0.313319
vt 0.309574 0.315008
vt 0.265249 0.539909
vt 0.240532 0.429389
vt 0.142534 0.352833
vt 0.225478 0.877233
vt 0.224124 0.879114
vt 0.970795 0.913941
vt 0.970392 0.913712
vt 0.277421 0.298939
vt 0.565196 0.387598
vt 0.566384 0.386583
vt 0.574840 0.380499
vt 0.575656 0.380319
vt 0.974434 0.915273
vt 0.767504 0.169151
vt 0.768081 0.169589
vt 0.767496 0.169792
vt 0.766750 0.169378
vt 0.766787 0.170199
vt 0.767173 0.181631
vt 0.769156 0.180704
vt 0.770324 0.183086
vt 0.772117 0.185489
vt 0.767989 0.184403
vt 0.768156 0.169021
vt 0.290358 0.641219
vt 0.767568 0.168507
vt 0.766776 0.168635
vt 0.765265 0.182122
vt 0.769288 0.187583
vt 0.765504 0.185201
vt 0.768385 0.167860
vt 0.768255 0.168441
vt 0.767673 0.167892
vt 0.766860 0.167953
vt 0.763519 0.182171
vt 0.766138 0.189065
vt 0.763030 0.185349
vt 0.762630 0.189555
vt 0.769007 0.167875
vt 0.768526 0.167298
vt 0.767804 0.167320
vt 0.766996 0.167336
vt 0.762009 0.181827
vt 0.760771 0.184878
vt 0.759268 0.189072
vt 0.753196 0.192509
vt 0.757583 0.194730
vt 0.755628 0.202646
vt 0.768662 0.166757
vt 0.767948 0.166794
vt 0.767173 0.166787
vt 0.760766 0.181155
vt 0.758850 0.183871
vt 0.756340 0.187613
vt 0.768781 0.166236
vt 0.768092 0.166310
vt 0.767378 0.166306
vt 0.759785 0.180212
vt 0.757309 0.182443
vt 0.753978 0.185445
vt 0.769530 0.165550
vt 0.769452 0.166158
vt 0.768876 0.165731
vt 0.768228 0.165864
vt 0.759047 0.179027
vt 0.756152 0.180671
vt 0.752285 0.182751
vt 0.770091 0.166122
vt 0.769553 0.164955
vt 0.768933 0.165246
vt 0.767591 0.165886
vt 0.768346 0.165450
vt 0.758555 0.177607
vt 0.755411 0.178588
vt 0.751291 0.179658
vt 0.769478 0.164370
vt 0.768939 0.164796
vt 0.767794 0.165518
vt 0.768434 0.165072
vt 0.758343 0.175966
vt 0.755146 0.176245
vt 0.751087 0.176323
vt 0.770223 0.164628
vt 0.769312 0.163868
vt 0.768886 0.164426
vt 0.767972 0.165192
vt 0.768486 0.164747
vt 0.758474 0.174147
vt 0.755431 0.173730
vt 0.751688 0.172894
vt 0.768782 0.164218
vt 0.768114 0.164906
vt 0.768501 0.164501
vt 0.759026 0.172240
vt 0.756360 0.171172
vt 0.768509 0.164341
vt 0.768309 0.164432
vt 0.768220 0.164655
vt 0.760053 0.170433
vt 0.757973 0.168748
vt 0.768551 0.164307
vt 0.768664 0.164124
vt 0.768448 0.164331
vt 0.761390 0.169119
vt 0.759845 0.167051
vt 0.768607 0.164168
vt 0.245904 0.556641
vt 0.768618 0.164359
vt 0.768614 0.164333
vt 0.762851 0.168223
vt 0.761775 0.165925
vt 0.969501 0.914231
vt 0.768596 0.164430
vt 0.768582 0.164278
vt 0.768704 0.164469
vt 0.768790 0.164412
vt 0.764338 0.167644
vt 0.763664 0.165250
vt 0.762967 0.162380
vt 0.768389 0.163928
vt 0.768459 0.164336
vt 0.768631 0.164615
vt 0.768801 0.164621
vt 0.768963 0.164550
vt 0.765813 0.167298
vt 0.765485 0.164915
vt 0.765277 0.162112
vt 0.767964 0.159329
vt 0.765299 0.158936
vt 0.765652 0.155444
vt 0.768683 0.164824
vt 0.768901 0.164809
vt 0.767272 0.167133
vt 0.767244 0.164848
vt 0.767454 0.162221
vt 0.969145 0.914397
vt 0.768506 0.165064
vt 0.768748 0.165060
vt 0.769129 0.164735
vt 0.769005 0.165033
vt 0.768717 0.167130
vt 0.768951 0.165022
vt 0.769504 0.162654
vt 0.768822 0.165324
vt 0.769284 0.164964
vt 0.769111 0.165294
vt 0.770141 0.167290
vt 0.770595 0.165425
vt 0.768400 0.165629
vt 0.768901 0.165622
vt 0.769430 0.165236
vt 0.769214 0.165599
vt 0.771531 0.167622
vt 0.772162 0.166044
vt 0.779033 0.165097
vt 0.768968 0.165956
vt 0.769564 0.165558
vt 0.769306 0.165950
vt 0.772857 0.168127
vt 0.773589 0.166862
vt 0.768278 0.165059
vt 0.768104 0.165366
vt 0.769027 0.166325
vt 0.769686 0.165938
vt 0.769376 0.166346
vt 0.774100 0.168783
vt 0.774813 0.167851
vt 0.768468 0.166292
vt 0.768716 0.166645
vt 0.769004 0.166985
vt 0.769788 0.166388
vt 0.769328 0.167254
vt 0.775153 0.170764
vt 0.776034 0.170191
vt 0.776972 0.169178
vt 0.778005 0.167608
vt 0.779426 0.165484
vt 0.769232 0.169639
vt 0.768351 0.166121
vt 0.768967 0.169584
vt 0.768529 0.169871
vt 0.768139 0.170243
vt 0.769706 0.167409
vt 0.767760 0.170635
vt 0.772079 0.178147
vt 0.773498 0.179933
vt 0.774782 0.182302
vt 0.776145 0.185458
vt 0.778465 0.189174
vt 0.781142 0.189989
vt 0.781142 0.164155
vt 0.767333 0.171050
vt 0.774830 0.187781
vt 0.428200 0.384993
vt 0.385384 0.446654
vt 0.385332 0.445996
vt 0.425905 0.384050
vt 0.385522 0.445577
vt 0.423773 0.383125
vt 0.385826 0.445144
vt 0.421783 0.382208
vt 0.386141 0.444521
vt 0.419903 0.381289
vt 0.386372 0.443591
vt 0.397762 0.371288
vt 0.375613 0.432191
vt 0.376746 0.431979
vt 0.377924 0.431296
vt 0.395797 0.368235
vt 0.379045 0.430079
vt 0.393762 0.365115
vt 0.380032 0.428322
vt 0.391614 0.361919
vt 0.380864 0.426077
vt 0.389323 0.358649
vt 0.439796 0.317752
vt 0.430657 0.385954
vt 0.438500 0.317959
vt 0.437564 0.318189
vt 0.436780 0.318486
vt 0.435989 0.318884
vt 0.418675 0.318555
vt 0.419145 0.317939
vt 0.419414 0.317500
vt 0.419444 0.317186
vt 0.419239 0.316944
vt 0.418855 0.316739
vt 0.386872 0.355319
vt 0.432137 0.297565
vt 0.430698 0.297830
vt 0.429451 0.297979
vt 0.428298 0.298054
vt 0.427160 0.298093
vt 0.435069 0.319391
vt 0.413552 0.306853
vt 0.412997 0.307244
vt 0.412381 0.307736
vt 0.411696 0.308501
vt 0.410941 0.309666
vt 0.414071 0.266804
vt 0.433855 0.297102
vt 0.412145 0.269325
vt 0.410338 0.271719
vt 0.408696 0.273927
vt 0.407230 0.275950
vt 0.393846 0.292526
vt 0.392660 0.299318
vt 0.391264 0.306750
vt 0.389659 0.314827
vt 0.410107 0.311286
vt 0.387877 0.323407
vt 0.377713 0.256174
vt 0.416036 0.264280
vt 0.378493 0.257220
vt 0.379245 0.257727
vt 0.379979 0.257920
vt 0.380719 0.257981
vt 0.381552 0.264336
vt 0.382148 0.266556
vt 0.382765 0.268982
vt 0.383376 0.271707
vt 0.383953 0.274770
vt 0.384486 0.278203
vt 0.385987 0.332212
vt 0.358393 0.271421
vt 0.358920 0.271337
vt 0.359165 0.271273
vt 0.359358 0.271409
vt 0.381476 0.258055
vt 0.359661 0.271867
vt 0.379289 0.276286
vt 0.378092 0.274906
vt 0.376844 0.274015
vt 0.375602 0.273629
vt 0.374396 0.273720
vt 0.373204 0.274233
vt 0.359551 0.448769
vt 0.359406 0.448678
vt 0.359084 0.448638
vt 0.358719 0.448502
vt 0.358393 0.448172
vt 0.360186 0.272711
vt 0.372047 0.436689
vt 0.370942 0.433709
vt 0.370005 0.430464
vt 0.369256 0.426996
vt 0.368705 0.423343
vt 0.359321 0.449126
vt 0.368357 0.419507
vt 0.859129 0.256174
vt 0.873036 0.197203
vt 0.862710 0.195027
vt 0.863391 0.193307
vt 0.874238 0.193345
vt 0.863887 0.191434
vt 0.875053 0.189046
vt 0.864192 0.189416
vt 0.875465 0.179117
vt 0.875467 0.184303
vt 0.864302 0.187262
vt 0.834281 0.180753
vt 0.834847 0.188432
vt 0.835405 0.190642
vt 0.824017 0.192009
vt 0.823181 0.187989
vt 0.822780 0.183690
vt 0.822831 0.179674
vt 0.823303 0.175738
vt 0.834727 0.177948
vt 0.824189 0.171930
vt 0.835382 0.175370
vt 0.825485 0.168300
vt 0.836246 0.173020
vt 0.827185 0.164894
vt 0.837317 0.170900
vt 0.829284 0.161762
vt 0.838595 0.169011
vt 0.831776 0.158952
vt 0.834657 0.156511
vt 0.840079 0.167355
vt 0.841561 0.152932
vt 0.845574 0.151891
vt 0.845759 0.163794
vt 0.848059 0.163082
vt 0.849954 0.151412
vt 0.850560 0.162609
vt 0.854640 0.151412
vt 0.853262 0.162376
vt 0.858871 0.151807
vt 0.856759 0.162451
vt 0.862762 0.152600
vt 0.860222 0.162941
vt 0.866429 0.153794
vt 0.869989 0.155391
vt 0.863664 0.163823
vt 0.873558 0.157393
vt 0.867099 0.165076
vt 0.874003 0.168601
vt 0.817837 0.432894
vt 0.698171 0.432894
vt 0.777922 0.851931
vt 0.727445 0.851931
vt 0.765140 0.840453
vt 0.727445 0.840453
vt 0.726271 0.774453
vt 0.726271 0.762975
vt 0.765140 0.774453
vt 0.777922 0.762975
vt 0.728749 0.813583
vt 0.861848 0.196585
vt 0.871464 0.200621
vt 0.869536 0.203600
vt 0.867266 0.206140
vt 0.860811 0.197974
vt 0.864671 0.208244
vt 0.859604 0.199185
vt 0.858231 0.200209
vt 0.861764 0.209913
vt 0.858562 0.211147
vt 0.856698 0.201038
vt 0.855079 0.211949
vt 0.855011 0.201664
vt 0.851329 0.212318
vt 0.853173 0.202078
vt 0.843652 0.211651
vt 0.851191 0.202272
vt 0.840150 0.210608
vt 0.845170 0.201551
vt 0.836901 0.209120
vt 0.843444 0.200883
vt 0.841860 0.200008
vt 0.833930 0.207208
vt 0.831258 0.204891
vt 0.839124 0.197655
vt 0.828908 0.202193
vt 0.837973 0.196183
vt 0.826903 0.199132
vt 0.836969 0.194522
vt 0.825265 0.195731
vt 0.836113 0.192673
vt 0.840420 0.198931
vt 0.960499 0.821772
vt 0.946728 0.822999
vt 0.918328 0.796720
vt 0.869524 0.719007
vt 0.817872 0.719007
vt 0.856741 0.707529
vt 0.817872 0.707529
vt 0.819046 0.641529
vt 0.819046 0.630051
vt 0.856741 0.641529
vt 0.820350 0.679877
vt 0.820350 0.668399
vt 0.863516 0.762975
vt 0.876690 0.762975
vt 0.873951 0.851539
vt 0.819560 0.762975
vt 0.832603 0.762975
vt 0.243694 0.785354
vt 0.234694 0.785354
vt 0.238998 0.765789
vt 0.196477 0.695877
vt 0.209520 0.695877
vt 0.788619 0.087672
vt 0.788057 0.090994
vt 0.775316 0.088001
vt 0.787115 0.094147
vt 0.774899 0.089602
vt 0.775554 0.086368
vt 0.775630 0.084731
vt 0.785785 0.097098
vt 0.774287 0.091147
vt 0.784062 0.099818
vt 0.779413 0.104438
vt 0.771129 0.095175
vt 0.776476 0.106277
vt 0.773122 0.107761
vt 0.769582 0.096229
vt 0.767762 0.097094
vt 0.769345 0.108859
vt 0.765140 0.109540
vt 0.765652 0.097744
vt 0.763236 0.098154
vt 0.732718 0.109774
vt 0.732718 0.020819
vt 0.745500 0.070775
vt 0.745500 0.020819
vt 0.745500 0.059297
vt 0.763724 0.059520
vt 0.762287 0.070880
vt 0.768183 0.060173
vt 0.764444 0.071193
vt 0.766441 0.071708
vt 0.745500 0.098296
vt 0.788804 0.084210
vt 0.788608 0.080788
vt 0.775504 0.082593
vt 0.775132 0.080618
vt 0.787015 0.074429
vt 0.788013 0.077518
vt 0.774524 0.078809
vt 0.783781 0.068902
vt 0.785606 0.071548
vt 0.773688 0.077171
vt 0.781533 0.066519
vt 0.772636 0.075709
vt 0.772186 0.061227
vt 0.775742 0.062654
vt 0.768268 0.072422
vt 0.791923 0.267794
vt 0.890408 0.568759
vt 0.683459 0.847975
vt 0.683459 0.859453
vt 0.645764 0.847975
vt 0.632981 0.770497
vt 0.684633 0.770497
vt 0.645764 0.781975
vt 0.684633 0.781975
vt 0.682155 0.809627
vt 0.682155 0.821105
vt 0.843616 0.109383
vt 0.830442 0.109383
vt 0.853137 0.063340
vt 0.833181 0.020819
vt 0.874528 0.109383
vt 0.633382 0.937667
vt 0.645048 0.938110
vt 0.646314 0.942351
vt 0.637105 0.948811
vt 0.954547 0.417514
vt 0.940775 0.418741
vt 0.912375 0.392462
vt 0.685669 0.933982
vt 0.685254 0.938724
vt 0.674503 0.936940
vt 0.672912 0.944705
vt 0.683238 0.946882
vt 0.681666 0.950299
vt 0.673593 0.942985
vt 0.672050 0.946264
vt 0.679737 0.953278
vt 0.677468 0.955819
vt 0.671013 0.947652
vt 0.674872 0.957923
vt 0.669805 0.948863
vt 0.671966 0.959591
vt 0.668433 0.949887
vt 0.668764 0.960826
vt 0.666900 0.950716
vt 0.665280 0.961627
vt 0.665212 0.951342
vt 0.661531 0.961996
vt 0.663375 0.951756
vt 0.657588 0.961906
vt 0.659247 0.951928
vt 0.653854 0.961330
vt 0.657239 0.951686
vt 0.650351 0.960287
vt 0.655372 0.951229
vt 0.647103 0.958799
vt 0.653646 0.950561
vt 0.644132 0.956886
vt 0.652062 0.949687
vt 0.650622 0.948609
vt 0.649326 0.947333
vt 0.641460 0.954570
vt 0.639110 0.951871
vt 0.648175 0.945862
vt 0.647171 0.944200
vt 0.685667 0.928795
vt 0.683760 0.907071
vt 0.684205 0.918280
vt 0.677301 0.914754
vt 0.676630 0.903472
vt 0.680191 0.905069
vt 0.673866 0.913502
vt 0.669072 0.901486
vt 0.672963 0.902279
vt 0.670424 0.912620
vt 0.666961 0.912130
vt 0.660156 0.901091
vt 0.664842 0.901091
vt 0.663463 0.912055
vt 0.660761 0.912287
vt 0.651763 0.902611
vt 0.655776 0.901569
vt 0.655961 0.913473
vt 0.653864 0.914423
vt 0.644859 0.906190
vt 0.648122 0.904167
vt 0.651970 0.915610
vt 0.639485 0.911441
vt 0.641978 0.908630
vt 0.648797 0.918689
vt 0.650281 0.917033
vt 0.635687 0.917978
vt 0.637387 0.914573
vt 0.647519 0.920578
vt 0.646447 0.922698
vt 0.633504 0.925416
vt 0.634391 0.921609
vt 0.645584 0.925048
vt 0.644928 0.927626
vt 0.632981 0.933368
vt 0.633033 0.929352
vt 0.644482 0.930431
vt 0.658260 0.912760
vt 0.661393 0.951951
vt 0.766864 0.718437
vt 0.763573 0.719683
vt 0.762164 0.707842
vt 0.760235 0.720582
vt 0.758722 0.709006
vt 0.756865 0.721134
vt 0.755436 0.709654
vt 0.753478 0.721337
vt 0.752334 0.709869
vt 0.749520 0.721182
vt 0.745811 0.720652
vt 0.748434 0.709555
vt 0.746659 0.709148
vt 0.742367 0.719762
vt 0.739207 0.718526
vt 0.745018 0.708585
vt 0.736348 0.716957
vt 0.743522 0.707874
vt 0.733808 0.715070
vt 0.742183 0.707023
vt 0.731606 0.712878
vt 0.741015 0.706040
vt 0.729758 0.710396
vt 0.740029 0.704933
vt 0.728283 0.707637
vt 0.739238 0.703711
vt 0.727198 0.704615
vt 0.738653 0.702380
vt 0.726521 0.701343
vt 0.738288 0.700950
vt 0.726271 0.697837
vt 0.738155 0.699428
vt 0.726978 0.692175
vt 0.738877 0.695485
vt 0.729028 0.687297
vt 0.732153 0.683070
vt 0.740940 0.692093
vt 0.736084 0.679364
vt 0.744076 0.689096
vt 0.758440 0.664023
vt 0.761970 0.677912
vt 0.770094 0.716843
vt 0.773121 0.700425
vt 0.773248 0.714903
vt 0.769393 0.703635
vt 0.765731 0.706080
vt 0.750330 0.709798
vt 0.761573 0.660672
vt 0.770368 0.670603
vt 0.729776 0.650776
vt 0.726413 0.654660
vt 0.726271 0.638487
vt 0.730005 0.635898
vt 0.733394 0.647541
vt 0.733848 0.633797
vt 0.737236 0.644978
vt 0.737841 0.632173
vt 0.741268 0.643109
vt 0.742022 0.631015
vt 0.746432 0.630312
vt 0.745459 0.641956
vt 0.751110 0.630051
vt 0.749776 0.641542
vt 0.754616 0.630229
vt 0.752145 0.641647
vt 0.757945 0.630809
vt 0.754295 0.641989
vt 0.761071 0.631772
vt 0.756230 0.642541
vt 0.763973 0.633093
vt 0.757951 0.643277
vt 0.766626 0.634752
vt 0.759462 0.644170
vt 0.769006 0.636726
vt 0.760765 0.645195
vt 0.771091 0.638993
vt 0.761863 0.646325
vt 0.772854 0.641532
vt 0.762757 0.647534
vt 0.774274 0.644320
vt 0.763451 0.648795
vt 0.775988 0.650557
vt 0.776234 0.653962
vt 0.764353 0.652631
vt 0.775534 0.660475
vt 0.763633 0.656918
vt 0.773490 0.665970
vt 0.766439 0.674531
vt 0.935299 0.690957
vt 0.139442 0.856481
vt 0.916639 0.634030
vt 0.920199 0.632433
vt 0.922964 0.642462
vt 0.923867 0.631239
vt 0.926406 0.641580
vt 0.927758 0.630446
vt 0.931988 0.630051
vt 0.929869 0.641091
vt 0.936674 0.630051
vt 0.933367 0.641015
vt 0.941054 0.630530
vt 0.936069 0.641248
vt 0.945067 0.631572
vt 0.940869 0.642433
vt 0.948708 0.633128
vt 0.942966 0.643384
vt 0.938570 0.641721
vt 0.951971 0.635150
vt 0.944860 0.644571
vt 0.954852 0.637591
vt 0.946549 0.645994
vt 0.957344 0.640401
vt 0.948033 0.647650
vt 0.959443 0.643534
vt 0.961143 0.646939
vt 0.949311 0.649539
vt 0.962439 0.650569
vt 0.950383 0.651659
vt 0.963326 0.654377
vt 0.951246 0.654009
vt 0.963797 0.658313
vt 0.951902 0.656587
vt 0.963849 0.662329
vt 0.952348 0.659392
vt 0.963448 0.666628
vt 0.951782 0.667071
vt 0.962612 0.670649
vt 0.961363 0.674370
vt 0.951223 0.669281
vt 0.950516 0.671312
vt 0.959725 0.677771
vt 0.957720 0.680832
vt 0.949659 0.673161
vt 0.948655 0.674823
vt 0.955370 0.683531
vt 0.952698 0.685847
vt 0.947504 0.676294
vt 0.949727 0.687759
vt 0.944768 0.678647
vt 0.946479 0.689247
vt 0.943184 0.679522
vt 0.941458 0.680190
vt 0.942976 0.690290
vt 0.939242 0.690867
vt 0.939591 0.680647
vt 0.937583 0.680888
vt 0.935437 0.680911
vt 0.912625 0.647241
vt 0.913070 0.636032
vt 0.919529 0.643715
vt 0.946208 0.677570
vt 0.922327 0.665901
vt 0.911161 0.662942
vt 0.911163 0.657756
vt 0.911575 0.667685
vt 0.913592 0.675842
vt 0.912391 0.671984
vt 0.923237 0.671946
vt 0.922436 0.668055
vt 0.917093 0.682239
vt 0.925817 0.676613
vt 0.919362 0.684779
vt 0.921957 0.686883
vt 0.927025 0.677824
vt 0.928066 0.689786
vt 0.924864 0.688552
vt 0.929930 0.679677
vt 0.928397 0.678848
vt 0.922741 0.670073
vt 0.921413 0.258555
vt 0.925080 0.257362
vt 0.927620 0.267703
vt 0.928971 0.256569
vt 0.924178 0.268585
vt 0.933202 0.256174
vt 0.931083 0.267213
vt 0.937888 0.256174
vt 0.934580 0.267138
vt 0.937282 0.267370
vt 0.946281 0.257694
vt 0.944180 0.269506
vt 0.949922 0.259250
vt 0.953185 0.261273
vt 0.946073 0.270694
vt 0.947762 0.272116
vt 0.956066 0.263713
vt 0.958558 0.266524
vt 0.949247 0.273773
vt 0.960657 0.269656
vt 0.962357 0.273061
vt 0.950525 0.275661
vt 0.963653 0.276692
vt 0.951596 0.277781
vt 0.964539 0.280499
vt 0.952460 0.280131
vt 0.965011 0.284435
vt 0.953115 0.282709
vt 0.965062 0.288451
vt 0.953561 0.285514
vt 0.952995 0.293193
vt 0.923540 0.292023
vt 0.912789 0.293807
vt 0.912375 0.289065
vt 0.912377 0.283878
vt 0.914284 0.262155
vt 0.917853 0.260152
vt 0.920743 0.269837
vt 0.913839 0.273363
vt 0.417949 0.760302
vt 0.428397 0.754906
vt 0.428598 0.768600
vt 0.417385 0.772920
vt 0.407450 0.775453
vt 0.407961 0.763487
vt 0.412931 0.762161
vt 0.398187 0.776352
vt 0.402968 0.764299
vt 0.391276 0.776047
vt 0.392908 0.764393
vt 0.384724 0.774955
vt 0.388175 0.763595
vt 0.378574 0.773118
vt 0.383721 0.762256
vt 0.372873 0.770578
vt 0.379579 0.760406
vt 0.367663 0.767379
vt 0.375786 0.758078
vt 0.362990 0.763563
vt 0.372376 0.755305
vt 0.358899 0.759173
vt 0.369383 0.752117
vt 0.355433 0.754252
vt 0.366844 0.748548
vt 0.352638 0.748844
vt 0.364792 0.744630
vt 0.350558 0.742989
vt 0.363262 0.740393
vt 0.349238 0.736733
vt 0.362290 0.735872
vt 0.348721 0.730117
vt 0.361911 0.731097
vt 0.348958 0.725322
vt 0.362139 0.726236
vt 0.349814 0.720338
vt 0.353454 0.710258
vt 0.356270 0.705388
vt 0.366231 0.713404
vt 0.359770 0.700783
vt 0.368641 0.709800
vt 0.363972 0.696557
vt 0.371530 0.706579
vt 0.368891 0.692822
vt 0.374871 0.703766
vt 0.374544 0.689692
vt 0.378636 0.701390
vt 0.380946 0.687281
vt 0.382799 0.699477
vt 0.388114 0.685703
vt 0.387334 0.698055
vt 0.396065 0.685070
vt 0.392214 0.697150
vt 0.408692 0.685899
vt 0.402504 0.697007
vt 0.414160 0.687005
vt 0.407707 0.697794
vt 0.419199 0.688499
vt 0.412969 0.699138
vt 0.428393 0.692422
vt 0.418238 0.701026
vt 0.428598 0.706377
vt 0.397411 0.696790
vt 0.397884 0.764616
vt 0.777922 0.953592
vt 0.762332 0.952203
vt 0.735751 0.919847
vt 0.032427 0.913741
vt 0.074065 0.913741
vt 0.561311 0.748665
vt 0.561106 0.762620
vt 0.550951 0.754016
vt 0.551912 0.766543
vt 0.546873 0.768037
vt 0.545681 0.755904
vt 0.541405 0.769143
vt 0.540420 0.757248
vt 0.528778 0.769972
vt 0.535217 0.758035
vt 0.520827 0.769339
vt 0.524926 0.757892
vt 0.513659 0.767761
vt 0.520047 0.756987
vt 0.507256 0.765350
vt 0.515512 0.755565
vt 0.501604 0.762220
vt 0.511349 0.753652
vt 0.496685 0.758485
vt 0.507583 0.751276
vt 0.492483 0.754259
vt 0.504243 0.748464
vt 0.488983 0.749654
vt 0.501354 0.745242
vt 0.486167 0.744784
vt 0.498944 0.741638
vt 0.484021 0.739763
vt 0.497039 0.737679
vt 0.482527 0.734704
vt 0.495666 0.733393
vt 0.481670 0.729720
vt 0.494852 0.728806
vt 0.481434 0.724925
vt 0.483271 0.712053
vt 0.485351 0.706198
vt 0.495975 0.714649
vt 0.488146 0.700790
vt 0.497505 0.710413
vt 0.491612 0.695869
vt 0.499556 0.706494
vt 0.502096 0.702925
vt 0.495703 0.691479
vt 0.500376 0.687663
vt 0.505089 0.699737
vt 0.508499 0.696964
vt 0.505586 0.684464
vt 0.511287 0.681924
vt 0.512292 0.694636
vt 0.517437 0.680087
vt 0.516433 0.692786
vt 0.523989 0.678995
vt 0.520888 0.691447
vt 0.530900 0.678690
vt 0.525621 0.690649
vt 0.540163 0.679589
vt 0.535681 0.690743
vt 0.550098 0.682122
vt 0.540673 0.691555
vt 0.561311 0.686441
vt 0.550662 0.694740
vt 0.545644 0.692881
vt 0.561110 0.700136
vt 0.530597 0.690426
vt 0.530124 0.758252
vt 0.065297 0.763583
vt 0.060601 0.783148
vt 0.020819 0.693670
vt 0.033862 0.693670
vt 0.094775 0.693670
vt 0.764069 0.401198
vt 0.801809 0.258187
vt 0.805163 0.259671
vt 0.798269 0.269719
vt 0.808100 0.261510
vt 0.799816 0.270773
vt 0.801105 0.271989
vt 0.810627 0.263674
vt 0.812749 0.266130
vt 0.802153 0.273340
vt 0.802974 0.274801
vt 0.814472 0.268850
vt 0.815802 0.271801
vt 0.816744 0.274954
vt 0.803586 0.276346
vt 0.817305 0.278276
vt 0.804003 0.277948
vt 0.817491 0.281739
vt 0.804317 0.281217
vt 0.817294 0.285161
vt 0.804191 0.283355
vt 0.804241 0.279580
vt 0.816700 0.288430
vt 0.803819 0.285330
vt 0.815702 0.291519
vt 0.814293 0.294400
vt 0.803211 0.287139
vt 0.810219 0.299429
vt 0.807542 0.301520
vt 0.800062 0.291521
vt 0.798603 0.292618
vt 0.804428 0.303294
vt 0.800873 0.304721
vt 0.796955 0.293526
vt 0.795128 0.294240
vt 0.796869 0.305775
vt 0.792411 0.306428
vt 0.793131 0.294755
vt 0.790973 0.295068
vt 0.774187 0.306651
vt 0.774187 0.345129
vt 0.761405 0.345129
vt 0.796449 0.268854
vt 0.774187 0.295173
vt 0.761405 0.256174
vt 0.774187 0.267652
vt 0.361764 0.906554
vt 0.348721 0.906554
vt 0.403112 0.817990
vt 0.405851 0.906554
vt 0.392677 0.906554
vt 0.959276 0.211436
vt 0.943686 0.210047
vt 0.917105 0.177691
vt 0.739482 0.480559
vt 0.742819 0.481457
vt 0.737969 0.492135
vt 0.746110 0.482704
vt 0.741411 0.493299
vt 0.749340 0.484297
vt 0.752495 0.486238
vt 0.744978 0.495061
vt 0.752368 0.500716
vt 0.748640 0.497506
vt 0.732725 0.479803
vt 0.736112 0.480007
vt 0.734683 0.491487
vt 0.731580 0.491272
vt 0.725057 0.480489
vt 0.728767 0.479959
vt 0.727681 0.491586
vt 0.724265 0.492556
vt 0.721614 0.481379
vt 0.725906 0.491993
vt 0.718453 0.482615
vt 0.722769 0.493267
vt 0.715595 0.484184
vt 0.713055 0.486071
vt 0.721430 0.494118
vt 0.709005 0.490745
vt 0.710852 0.488263
vt 0.719276 0.496207
vt 0.720262 0.495101
vt 0.718485 0.497430
vt 0.707530 0.493504
vt 0.706445 0.496526
vt 0.717900 0.498761
vt 0.717535 0.500191
vt 0.705517 0.503304
vt 0.705768 0.499798
vt 0.717401 0.501713
vt 0.706225 0.508966
vt 0.715331 0.521777
vt 0.711400 0.518071
vt 0.723323 0.512045
vt 0.737687 0.537118
vt 0.741217 0.523229
vt 0.705517 0.562654
vt 0.705660 0.546480
vt 0.709022 0.550365
vt 0.713095 0.567344
vt 0.709251 0.565243
vt 0.716482 0.556163
vt 0.712641 0.553600
vt 0.721269 0.570126
vt 0.717087 0.568967
vt 0.720515 0.558032
vt 0.730357 0.571090
vt 0.725679 0.570829
vt 0.729023 0.559599
vt 0.724706 0.559185
vt 0.737191 0.570331
vt 0.733863 0.570912
vt 0.733542 0.559152
vt 0.731391 0.559494
vt 0.743220 0.568048
vt 0.740318 0.569369
vt 0.737198 0.557864
vt 0.735476 0.558600
vt 0.738709 0.556971
vt 0.748253 0.564415
vt 0.745873 0.566389
vt 0.740012 0.555946
vt 0.741109 0.554816
vt 0.752101 0.559609
vt 0.750337 0.562148
vt 0.742004 0.553607
vt 0.742697 0.552346
vt 0.753521 0.556821
vt 0.754574 0.553805
vt 0.743193 0.551058
vt 0.755481 0.547179
vt 0.755235 0.550584
vt 0.743599 0.548510
vt 0.743493 0.549771
vt 0.752736 0.535171
vt 0.754781 0.540666
vt 0.742880 0.544223
vt 0.740820 0.540469
vt 0.745686 0.526610
vt 0.749615 0.530538
vt 0.729576 0.491343
vt 0.952437 0.295403
vt 0.963825 0.296771
vt 0.964661 0.292750
vt 0.962577 0.300492
vt 0.960939 0.303894
vt 0.951729 0.297435
vt 0.958934 0.306954
vt 0.950873 0.299283
vt 0.956584 0.309653
vt 0.949869 0.300945
vt 0.953912 0.311969
vt 0.948718 0.302416
vt 0.950941 0.313882
vt 0.945982 0.304770
vt 0.947692 0.315370
vt 0.944398 0.305644
vt 0.944190 0.316413
vt 0.942672 0.306312
vt 0.936513 0.317080
vt 0.936651 0.307034
vt 0.934669 0.306839
vt 0.932763 0.316710
vt 0.929280 0.315909
vt 0.932831 0.306425
vt 0.931144 0.305799
vt 0.926078 0.314674
vt 0.923171 0.313006
vt 0.929611 0.304970
vt 0.928239 0.303946
vt 0.920576 0.310902
vt 0.918306 0.308361
vt 0.927031 0.302736
vt 0.916378 0.305382
vt 0.925994 0.301347
vt 0.914806 0.301965
vt 0.925132 0.299788
vt 0.924451 0.298068
vt 0.913604 0.298107
vt 0.923650 0.294178
vt 0.923955 0.296195
vt 0.947422 0.303692
vt 0.494477 0.900174
vt 0.481434 0.900174
vt 0.535825 0.811610
vt 0.538564 0.900174
vt 0.525390 0.900174
vt 0.848770 0.568759
vt 0.798293 0.568759
vt 0.835988 0.557281
vt 0.798293 0.557281
vt 0.797119 0.491282
vt 0.797119 0.479803
vt 0.835988 0.491282
vt 0.848770 0.479803
vt 0.799597 0.530412
vt 0.085308 0.353833
vt 0.085797 0.347535
vt 0.086603 0.341480
vt 0.088603 0.330116
vt 0.089767 0.324804
vt 0.091156 0.319677
vt 0.092483 0.314864
vt 0.093962 0.310292
vt 0.244267 0.556235
vt 0.655151 0.318879
vt 0.651339 0.302879
vt 0.654069 0.310666
vt 0.654432 0.352566
vt 0.656119 0.344490
vt 0.652938 0.360598
vt 0.542537 0.592855
vt 0.545060 0.593870
vt 0.581050 0.595002
vt 0.095103 0.442242
vt 0.093702 0.438250
vt 0.092436 0.433982
vt 0.094074 0.433537
vt 0.098757 0.452821
vt 0.096273 0.445749
vt 0.266670 0.653430
vt 0.279971 0.650034
vt 0.273676 0.652618
vt 0.286311 0.647558
vt 0.236705 0.647955
vt 0.243868 0.651475
vt 0.229678 0.644555
vt 0.080430 0.439323
vt 0.074992 0.285165
vt 0.257952 0.327887
vt 0.257787 0.330144
vt 0.258360 0.325781
vt 0.259635 0.321929
vt 0.273184 0.616896
vt 0.581183 0.298259
vt 0.220995 0.883051
vt 0.219206 0.884221
vt 0.216633 0.885256
vt 0.216463 0.883123
vt 0.216740 0.881691
vt 0.217253 0.880658
vt 0.223254 0.880627
vt 0.573114 0.307588
vt 0.574824 0.305393
vt 0.579922 0.300255
vt 0.583462 0.298261
vt 0.581666 0.299106
vt 0.770517 0.166871
vt 0.770728 0.166153
vt 0.770260 0.167513
vt 0.769732 0.168593
vt 0.769502 0.169038
vt 0.769298 0.169417
vt 0.304791 0.562458
vt 0.260958 0.576686
vt 0.248146 0.502919
vt 0.233781 0.507704
vt 0.226958 0.510931
vt 0.274152 0.511111
vt 0.270230 0.507718
vt 0.240647 0.504100
vt 0.266214 0.504720
vt 0.093894 0.289881
vt 0.306711 0.553862
vt 0.307083 0.550659
vt 0.306083 0.556754
vt 0.305163 0.559437
vt 0.303445 0.563150
vt 0.260812 0.563338
vt 0.260784 0.559653
vt 0.260968 0.556280
vt 0.261320 0.553172
vt 0.261266 0.572064
vt 0.589838 0.357709
vt 0.587996 0.362797
vt 0.586887 0.365117
vt 0.585638 0.367329
vt 0.301511 0.537955
vt 0.551364 0.366156
vt 0.268283 0.525857
vt 0.026994 0.413858
vt 0.029312 0.423373
vt 0.021135 0.372967
vt 0.020819 0.384030
vt 0.020819 0.364850
vt 0.960811 0.949475
vt 0.952424 0.950166
vt 0.943340 0.948499
vt 0.926024 0.933989
vt 0.926024 0.921573
vt 0.928962 0.910691
vt 0.934263 0.903009
vt 0.940358 0.897481
vt 0.968453 0.915021
vt 0.968523 0.914891
vt 0.968603 0.914752
vt 0.968809 0.914493
vt 0.968938 0.914373
vt 0.969086 0.914262
vt 0.969261 0.914153
vt 0.969466 0.914050
vt 0.262527 0.547498
vt 0.263328 0.544867
vt 0.264270 0.542338
vt 0.959220 0.893771
vt 0.964302 0.895492
vt 0.971115 0.901134
vt 0.972786 0.904151
vt 0.973503 0.906740
vt 0.953427 0.893177
vt 0.946938 0.894460
vt 0.287457 0.521267
vt 0.289967 0.522891
vt 0.292559 0.524576
vt 0.299323 0.530369
vt 0.301767 0.533523
vt 0.303756 0.536810
vt 0.607302 0.318154
vt 0.606516 0.314804
vt 0.607768 0.321755
vt 0.607559 0.334523
vt 0.606476 0.343262
vt 0.607068 0.338876
vt 0.605709 0.347600
vt 0.255548 0.308712
vt 0.259423 0.305010
vt 0.257495 0.306828
vt 0.266655 0.299771
vt 0.265109 0.300630
vt 0.270765 0.297995
vt 0.253763 0.310678
vt 0.269508 0.298483
vt 0.268146 0.299054
vt 0.269710 0.394868
vt 0.269051 0.401073
vt 0.258549 0.341638
vt 0.257636 0.335801
vt 0.267865 0.374994
vt 0.259755 0.347864
vt 0.315227 0.400836
vt 0.312262 0.411570
vt 0.316721 0.389917
vt 0.315341 0.380838
vt 0.316721 0.340320
vt 0.314962 0.372314
vt 0.315066 0.329027
vt 0.313624 0.324116
vt 0.070281 0.402786
vt 0.071778 0.409405
vt 0.067518 0.373121
vt 0.067848 0.381051
vt 0.067677 0.367482
vt 0.305123 0.308003
vt 0.306445 0.309804
vt 0.307596 0.311598
vt 0.303759 0.306171
vt 0.300111 0.301636
vt 0.302268 0.304363
vt 0.294280 0.296380
vt 0.297514 0.298873
vt 0.286926 0.293140
vt 0.281179 0.606395
vt 0.279431 0.608814
vt 0.274342 0.614675
vt 0.270917 0.617206
vt 0.272633 0.616083
vt 0.265838 0.454956
vt 0.242373 0.282439
vt 0.736762 0.198456
vt 0.733594 0.189839
vt 0.732718 0.181299
vt 0.737296 0.166698
vt 0.741587 0.161241
vt 0.746704 0.156566
vt 0.751893 0.153667
vt 0.756969 0.151907
vt 0.256006 0.536052
vt 0.254039 0.538995
vt 0.258314 0.533304
vt 0.264109 0.528169
vt 0.266972 0.526486
vt 0.265610 0.527199
vt 0.096465 0.302511
vt 0.097634 0.299353
vt 0.098672 0.296629
vt 0.099349 0.294604
vt 0.591441 0.348328
vt 0.591077 0.351759
vt 0.590529 0.354872
vt 0.592680 0.335837
vt 0.591893 0.340136
vt 0.218349 0.879780
vt 0.218838 0.879588
vt 0.219341 0.879524
vt 0.219836 0.879524
vt 0.220312 0.879581
vt 0.050092 0.455086
vt 0.056380 0.462012
vt 0.033478 0.432711
vt 0.242962 0.339767
vt 0.243306 0.345394
vt 0.254260 0.405716
vt 0.253742 0.393406
vt 0.254462 0.399676
vt 0.252800 0.386787
vt 0.134360 0.316527
vt 0.526206 0.633904
vt 0.517890 0.630885
vt 0.553067 0.636847
vt 0.092303 0.281679
vt 0.064118 0.466266
vt 0.089897 0.470585
vt 0.206945 0.534910
vt 0.200864 0.549529
vt 0.198403 0.557239
vt 0.220549 0.516044
vt 0.203136 0.541844
vt 0.606904 0.356860
vt 0.197709 0.334632
vt 0.200331 0.324625
vt 0.196477 0.344927
vt 0.198121 0.400022
vt 0.196850 0.393717
vt 0.200321 0.410440
vt 0.198949 0.405256
vt 0.247736 0.422510
vt 0.248921 0.420735
vt 0.246446 0.424262
vt 0.243738 0.427733
vt 0.241481 0.430211
vt 0.239564 0.432295
vt 0.238796 0.431591
vt 0.209437 0.424723
vt 0.145970 0.359609
vt 0.145129 0.352566
vt 0.146080 0.366988
vt 0.146029 0.382466
vt 0.254153 0.407604
vt 0.253828 0.409511
vt 0.252688 0.413329
vt 0.251927 0.415215
vt 0.251019 0.417078
vt 0.250036 0.418917
vt 0.264646 0.313474
vt 0.263528 0.315070
vt 0.265802 0.311889
vt 0.266946 0.310341
vt 0.268107 0.308830
vt 0.269640 0.306904
vt 0.272705 0.303488
vt 0.273996 0.302050
vt 0.275250 0.300790
vt 0.216836 0.435120
vt 0.642825 0.382614
vt 0.649939 0.368148
vt 0.619717 0.407110
vt 0.627272 0.401818
vt 0.647146 0.375733
vt 0.582947 0.371476
vt 0.581306 0.373716
vt 0.579796 0.375662
vt 0.578732 0.377211
vt 0.577795 0.378441
vt 0.210138 0.302919
vt 0.226460 0.286180
vt 0.230899 0.282891
vt 0.213963 0.298199
vt 0.976735 0.937344
vt 0.973239 0.942309
vt 0.967707 0.946527
vt 0.978801 0.932195
vt 0.978580 0.924253
vt 0.313011 0.322521
vt 0.311088 0.318116
vt 0.493110 0.607589
vt 0.510809 0.625752
vt 0.222400 0.880247
vt 0.222760 0.880423
vt 0.269128 0.280038
vt 0.105054 0.462072
vt 0.274992 0.283222
vt 0.265814 0.277037
vt 0.269873 0.278597
vt 0.245958 0.276897
vt 0.235798 0.280579
vt 0.272550 0.281047
vt 0.240740 0.278182
vt 0.251321 0.275551
vt 0.260456 0.320133
vt 0.261411 0.318399
vt 0.765236 0.210313
vt 0.753261 0.212915
vt 0.743362 0.206327
vt 0.774060 0.204889
vt 0.780605 0.191964
vt 0.530602 0.559666
vt 0.531380 0.556471
vt 0.530033 0.566190
vt 0.533604 0.582332
vt 0.532412 0.579393
vt 0.530189 0.562910
vt 0.531467 0.576241
vt 0.600797 0.304267
vt 0.605493 0.311775
vt 0.557260 0.276228
vt 0.548645 0.301565
vt 0.566906 0.266086
vt 0.561311 0.270812
vt 0.548411 0.294897
vt 0.247256 0.829612
vt 0.256541 0.832419
vt 0.088551 0.419071
vt 0.087553 0.413548
vt 0.290105 0.446690
vt 0.285914 0.450351
vt 0.294410 0.443017
vt 0.304895 0.428361
vt 0.308077 0.422760
vt 0.235811 0.452300
vt 0.238361 0.455132
vt 0.251666 0.459652
vt 0.262086 0.459774
vt 0.257240 0.460367
vt 0.266944 0.459169
vt 0.221535 0.880245
vt 0.221197 0.879795
vt 0.221611 0.879932
vt 0.222010 0.880078
vt 0.560009 0.383217
vt 0.558127 0.381177
vt 0.556239 0.379076
vt 0.551753 0.372790
vt 0.550352 0.369736
vt 0.549344 0.366693
vt 0.770018 0.153080
vt 0.773323 0.154915
vt 0.777914 0.159601
vt 0.779217 0.162030
vt 0.779946 0.164075
vt 0.766207 0.151814
vt 0.761756 0.151412
vt 0.592845 0.374051
vt 0.595200 0.371647
vt 0.590229 0.376237
vt 0.583601 0.380726
vt 0.580450 0.382056
vt 0.581920 0.381521
vt 0.579036 0.382497
vt 0.604851 0.351759
vt 0.603759 0.355717
vt 0.599337 0.366032
vt 0.597371 0.368973
vt 0.514723 0.506736
vt 0.488672 0.534579
vt 0.492369 0.526869
vt 0.485036 0.542101
vt 0.509532 0.510568
vt 0.094198 0.454102
vt 0.091409 0.450998
vt 0.082694 0.437845
vt 0.770885 0.165328
vt 0.770832 0.163239
vt 0.770940 0.164378
vt 0.770448 0.161767
vt 0.768776 0.162907
vt 0.768204 0.163755
vt 0.768425 0.163356
vt 0.200415 0.846054
vt 0.197573 0.853394
vt 0.210824 0.833523
vt 0.218616 0.829385
vt 0.227574 0.826992
vt 0.237552 0.827374
vt 0.032399 0.322069
vt 0.028321 0.330155
vt 0.046038 0.298188
vt 0.052743 0.290810
vt 0.205154 0.887398
vt 0.208642 0.890387
vt 0.220197 0.894100
vt 0.223769 0.893688
vt 0.085872 0.401658
vt 0.085288 0.395318
vt 0.084801 0.388699
vt 0.084664 0.381819
vt 0.252065 0.312726
vt 0.250539 0.314900
vt 0.246647 0.322405
vt 0.534948 0.585020
vt 0.536539 0.587454
vt 0.269173 0.618021
vt 0.267348 0.618514
vt 0.261229 0.617326
vt 0.256722 0.613993
vt 0.258936 0.615917
vt 0.254754 0.611790
vt 0.072354 0.336736
vt 0.070937 0.342952
vt 0.078661 0.318743
vt 0.081400 0.313065
vt 0.144495 0.345881
vt 0.143175 0.339435
vt 0.138624 0.321465
vt 0.140247 0.327251
vt 0.134225 0.310281
vt 0.136371 0.315762
vt 0.131432 0.304844
vt 0.067844 0.279086
vt 0.060255 0.285535
vt 0.091215 0.277303
vt 0.099382 0.278689
vt 0.228741 0.891352
vt 0.022234 0.356381
vt 0.247595 0.596678
vt 0.248634 0.600237
vt 0.246853 0.592863
vt 0.245895 0.579461
vt 0.246133 0.570283
vt 0.245979 0.574898
vt 0.246468 0.565697
vt 0.245539 0.325345
vt 0.264295 0.416583
vt 0.261641 0.421451
vt 0.263000 0.419103
vt 0.260148 0.423638
vt 0.267560 0.407767
vt 0.097240 0.290706
vt 0.237899 0.434008
vt 0.235307 0.436515
vt 0.594200 0.412369
vt 0.611486 0.410016
vt 0.569677 0.395933
vt 0.572477 0.400472
vt 0.602998 0.413134
vt 0.575515 0.404733
vt 0.305336 0.540262
vt 0.084860 0.360437
vt 0.296754 0.638385
vt 0.307083 0.612485
vt 0.292234 0.643486
vt 0.307070 0.619644
vt 0.140081 0.422208
vt 0.141498 0.416184
vt 0.138045 0.428075
vt 0.133587 0.439113
vt 0.201344 0.412999
vt 0.200794 0.411709
vt 0.201863 0.414364
vt 0.202490 0.415772
vt 0.204702 0.420468
vt 0.203894 0.418827
vt 0.205681 0.422141
vt 0.069664 0.349214
vt 0.207897 0.425705
vt 0.206697 0.423900
vt 0.209130 0.427619
vt 0.210574 0.429593
vt 0.215731 0.436160
vt 0.281264 0.453066
vt 0.080027 0.432780
vt 0.073491 0.415699
vt 0.483259 0.550246
vt 0.481434 0.558372
vt 0.483536 0.583772
vt 0.489362 0.599999
vt 0.485564 0.592294
vt 0.255208 0.429351
vt 0.253359 0.430989
vt 0.587342 0.257727
vt 0.573271 0.262800
vt 0.579686 0.259354
vt 0.621333 0.263968
vt 0.613413 0.259319
vt 0.628936 0.268557
vt 0.102961 0.453247
vt 0.145839 0.389791
vt 0.144874 0.396845
vt 0.143944 0.403410
vt 0.131040 0.444230
vt 0.127819 0.449198
vt 0.120537 0.456923
vt 0.117572 0.459028
vt 0.114581 0.461015
vt 0.196477 0.860924
vt 0.197812 0.874091
vt 0.196638 0.868649
vt 0.223755 0.639462
vt 0.217820 0.634467
vt 0.221964 0.440967
vt 0.218680 0.438903
vt 0.585336 0.297742
vt 0.587294 0.297554
vt 0.593991 0.299288
vt 0.598760 0.302337
vt 0.596465 0.300657
vt 0.246876 0.561276
vt 0.247541 0.557028
vt 0.250677 0.545618
vt 0.252256 0.542196
vt 0.634796 0.274848
vt 0.640574 0.280968
vt 0.249825 0.603498
vt 0.532427 0.553298
vt 0.533865 0.550174
vt 0.543340 0.539669
vt 0.540334 0.541789
vt 0.199780 0.599216
vt 0.205164 0.614640
vt 0.201672 0.607280
vt 0.197523 0.565403
vt 0.196477 0.573642
vt 0.551440 0.346983
vt 0.084341 0.307639
vt 0.087775 0.302456
vt 0.094953 0.293090
vt 0.549621 0.352839
vt 0.548915 0.355231
vt 0.550408 0.350733
vt 0.551352 0.348821
vt 0.552769 0.346251
vt 0.548678 0.363658
vt 0.243175 0.437359
vt 0.239944 0.438676
vt 0.251498 0.432477
vt 0.241467 0.438087
vt 0.249552 0.433799
vt 0.114194 0.286525
vt 0.117575 0.288307
vt 0.125198 0.295222
vt 0.128533 0.299794
vt 0.310408 0.316581
vt 0.266333 0.537590
vt 0.267622 0.535025
vt 0.268807 0.532811
vt 0.269580 0.531076
vt 0.270276 0.529700
vt 0.223771 0.879815
vt 0.973065 0.913543
vt 0.972380 0.913463
vt 0.971269 0.913515
vt 0.971783 0.913464
vt 0.970801 0.913604
vt 0.970015 0.913836
vt 0.969717 0.913944
vt 0.973902 0.913755
vt 0.975016 0.914181
vt 0.973914 0.915994
vt 0.973470 0.916480
vt 0.973117 0.916816
vt 0.768358 0.166139
vt 0.768259 0.165920
vt 0.768180 0.165653
vt 0.768050 0.165071
vt 0.768022 0.164766
vt 0.768029 0.164450
vt 0.768086 0.164115
s 0
usemtl stage
f 126/17/29 128/18/29 127/19/29
f 41/20/29 83/21/29 82/22/29
f 131/23/29 129/24/29 132/25/29
f 933/26/30 931/27/30 932/28/30
f 595/29/30 597/30/30 598/31/30
f 106/32/29 61/33/29 107/34/29
f 120/35/29 119/36/29 124/37/29
f 137/38/29 134/39/29 142/40/29
f 367/41/29 373/42/29 370/43/29
f 213/44/29 212/45/29 219/46/29
f 267/47/29 266/48/29 228/49/29
f 732/50/30 684/51/30 685/52/30
f 930/53/30 928/54/30 929/55/30
f 483/56/29 478/57/29 475/58/29
f 32/59/29 31/60/29 29/61/29
f 394/62/29 393/63/29 457/64/29
f 241/65/29 255/66/29 254/67/29
f 461/68/29 460/69/29 465/70/29
f 412/71/29 436/72/29 435/73/29
f 337/74/29 336/75/29 303/76/29
f 214/77/29 220/78/29 222/79/29
f 565/80/30 524/81/30 564/82/30
f 472/83/29 470/84/29 473/85/29
f 559/86/30 530/87/30 558/88/30
f 886/89/30 887/90/30 841/91/30
f 192/92/29 164/93/29 163/94/29
f 583/95/30 584/96/30 585/97/30
f 467/98/29 469/99/29 468/100/29
f 589/101/30 587/102/30 588/103/30
f 621/104/30 622/105/30 657/106/30
f 681/107/30 674/108/30 675/109/30
f 592/110/30 590/111/30 591/112/30
f 700/113/30 717/114/30 718/115/30
f 834/116/30 828/117/30 831/118/30
f 678/119/30 683/120/30 677/121/30
f 924/122/30 925/123/30 926/124/30
f 754/125/30 755/126/30 805/127/30
f 908/128/30 909/129/30 863/130/30
f 493/131/30 487/132/30 490/133/30
f 936/134/30 938/135/30 939/136/30
s 1
f 960/137/31 947/138/32 948/139/33
f 961/140/34 948/139/33 949/141/35
f 962/142/36 949/141/35 950/143/37
f 963/144/38 950/143/37 951/145/39
f 964/146/40 951/145/39 952/147/41
f 965/148/42 952/147/41 953/149/43
f 966/150/44 953/149/43 954/151/45
f 967/152/46 954/151/45 955/153/47
f 968/154/48 955/153/47 956/155/49
f 969/156/50 956/155/49 957/157/51
f 970/158/52 957/157/51 958/159/53
f 960/137/31 971/160/54 959/161/54
f 961/140/34 972/162/55 960/137/31
f 962/142/36 973/163/56 961/140/34
f 963/144/38 974/164/57 962/142/36
f 964/146/40 975/165/58 963/144/38
f 977/166/59 964/146/40 965/148/42
f 978/167/60 965/148/42 966/150/44
f 979/168/61 966/150/44 967/152/46
f 980/169/62 967/152/46 968/154/48
f 981/170/63 968/154/48 969/156/50
f 982/171/52 969/156/50 970/158/52
f 984/172/64 971/160/54 972/162/55
f 985/173/65 972/162/55 973/163/56
f 986/174/66 973/163/56 974/164/57
f 987/175/67 974/164/57 975/165/58
f 988/176/68 975/165/58 976/177/69
f 989/178/70 976/177/69 977/166/59
f 990/179/71 977/166/59 978/167/60
f 991/180/72 978/167/60 979/168/61
f 992/181/73 979/168/61 980/169/62
f 993/182/74 980/169/62 981/170/63
f 994/183/53 981/170/63 982/171/52
f 996/184/33 983/185/32 984/172/64
f 997/186/35 984/172/64 985/173/65
f 998/187/37 985/173/65 986/174/66
f 999/188/39 986/174/66 987/175/67
f 1000/189/41 987/175/67 988/176/68
f 1001/190/43 988/176/68 989/178/70
f 990/179/71 1001/190/43 989/178/70
f 991/180/72 1002/191/45 990/179/71
f 992/181/73 1003/192/47 991/180/72
f 993/182/74 1004/193/49 992/181/73
f 994/183/53 1005/194/51 993/182/74
f 1008/195/31 995/196/32 996/184/33
f 1009/197/34 996/184/33 997/186/35
f 1010/198/36 997/186/35 998/187/37
f 1011/199/38 998/187/37 999/188/39
f 1000/189/41 1011/199/38 999/188/39
f 1013/200/42 1000/189/41 1001/190/43
f 1014/201/44 1001/190/43 1002/191/45
f 1015/202/46 1002/191/45 1003/192/47
f 1016/203/48 1003/192/47 1004/193/49
f 1017/204/50 1004/193/49 1005/194/51
f 1018/205/52 1005/194/51 1006/206/53
f 1008/195/31 1019/207/54 1007/208/54
f 1009/197/34 1020/209/55 1008/195/31
f 1010/198/36 1021/210/56 1009/197/34
f 1011/199/38 1022/211/57 1010/198/36
f 1012/212/75 1023/213/58 1011/199/38
f 1025/214/59 1012/212/75 1013/200/42
f 1026/215/76 1013/200/42 1014/201/44
f 1027/216/61 1014/201/44 1015/202/46
f 1028/217/62 1015/202/46 1016/203/48
f 1029/218/63 1016/203/48 1017/204/50
f 1030/219/52 1017/204/50 1018/205/52
f 1032/220/64 1019/207/54 1020/209/55
f 1033/221/65 1020/209/55 1021/210/56
f 1034/222/66 1021/210/56 1022/211/57
f 1023/213/58 1034/222/66 1022/211/57
f 1036/223/68 1023/213/58 1024/224/69
f 1037/225/70 1024/224/69 1025/214/59
f 1026/215/76 1037/225/70 1025/214/59
f 1039/226/72 1026/215/76 1027/216/61
f 1040/227/73 1027/216/61 1028/217/62
f 1041/228/74 1028/217/62 1029/218/63
f 1042/229/53 1029/218/63 1030/219/52
f 1044/230/77 1031/231/32 1032/220/64
f 1045/232/78 1032/220/64 1033/221/65
f 1046/233/79 1033/221/65 1034/222/66
f 1047/234/80 1034/222/66 1035/235/67
f 1036/223/68 1047/234/80 1035/235/67
f 1049/236/81 1036/223/68 1037/225/70
f 1050/237/82 1037/225/70 1038/238/71
f 1051/239/83 1038/238/71 1039/226/72
f 1052/240/84 1039/226/72 1040/227/73
f 1053/241/85 1040/227/73 1041/228/74
f 1054/242/86 1041/228/74 1042/229/53
f 1056/243/87 1043/244/88 1044/230/77
f 1057/245/89 1044/230/77 1045/232/78
f 1058/246/90 1045/232/78 1046/233/79
f 1059/247/91 1046/233/79 1047/234/80
f 1060/248/92 1047/234/80 1048/249/93
f 1061/250/94 1048/249/93 1049/236/81
f 1062/251/95 1049/236/81 1050/237/82
f 1063/252/96 1050/237/82 1051/239/83
f 1064/253/97 1051/239/83 1052/240/84
f 1065/254/98 1052/240/84 1053/241/85
f 1066/255/99 1053/241/85 1054/242/86
f 1068/256/55 1055/257/100 1056/243/87
f 1069/258/56 1056/243/87 1057/245/89
f 1070/259/57 1057/245/89 1058/246/90
f 1071/260/58 1058/246/90 1059/247/91
f 1072/261/69 1059/247/91 1060/248/92
f 1073/262/59 1060/248/92 1061/250/94
f 1062/251/95 1073/262/59 1061/250/94
f 1075/263/61 1062/251/95 1063/252/96
f 1076/264/62 1063/252/96 1064/253/97
f 1077/265/63 1064/253/97 1065/254/98
f 1078/266/52 1065/254/98 1066/255/99
f 1080/267/64 1067/268/54 1068/256/55
f 1081/269/65 1068/256/55 1069/258/56
f 1082/270/66 1069/258/56 1070/259/57
f 1083/271/67 1070/259/57 1071/260/58
f 1084/272/68 1071/260/58 1072/261/69
f 1085/273/70 1072/261/69 1073/262/59
f 1086/274/71 1073/262/59 1074/275/60
f 1087/276/72 1074/275/60 1075/263/61
f 1088/277/73 1075/263/61 1076/264/62
f 1089/278/74 1076/264/62 1077/265/63
f 1090/279/53 1077/265/63 1078/266/52
f 948/139/33 1079/280/32 1080/267/64
f 949/141/35 1080/267/64 1081/269/65
f 950/143/37 1081/269/65 1082/270/66
f 951/145/39 1082/270/66 1083/271/67
f 952/147/41 1083/271/67 1084/272/68
f 953/149/43 1084/272/68 1085/273/70
f 1086/274/71 953/149/43 1085/273/70
f 1087/276/72 954/151/45 1086/274/71
f 1088/277/73 955/153/47 1087/276/72
f 1089/278/74 956/155/49 1088/277/73
f 1090/279/53 957/157/51 1089/278/74
f 1104/281/87 1091/282/88 1092/283/77
f 1105/284/89 1092/283/77 1093/285/78
f 1106/286/90 1093/285/78 1094/287/79
f 1107/288/91 1094/287/79 1095/289/101
f 1096/290/93 1107/288/91 1095/289/101
f 1109/291/94 1096/290/93 1097/292/81
f 1110/293/95 1097/292/81 1098/294/82
f 1111/295/96 1098/294/82 1099/296/83
f 1112/297/97 1099/296/83 1100/298/84
f 1113/299/98 1100/298/84 1101/300/85
f 1114/301/99 1101/300/85 1102/302/86
f 1116/303/55 1103/304/100 1104/281/87
f 1117/305/56 1104/281/87 1105/284/89
f 1118/306/57 1105/284/89 1106/286/90
f 1119/307/102 1106/286/90 1107/288/91
f 1120/308/69 1107/288/91 1108/309/92
f 1121/310/59 1108/309/92 1109/291/94
f 1122/311/76 1109/291/94 1110/293/95
f 1111/295/96 1122/311/76 1110/293/95
f 1124/312/62 1111/295/96 1112/297/97
f 1125/313/63 1112/297/97 1113/299/98
f 1126/314/52 1113/299/98 1114/301/99
f 1128/315/64 1115/316/54 1116/303/55
f 1129/317/65 1116/303/55 1117/305/56
f 1130/318/66 1117/305/56 1118/306/57
f 1131/319/67 1118/306/57 1119/307/102
f 1132/320/68 1119/307/102 1120/308/69
f 1133/321/70 1120/308/69 1121/310/59
f 1122/311/76 1133/321/70 1121/310/59
f 1135/322/72 1122/311/76 1123/323/61
f 1136/324/73 1123/323/61 1124/312/62
f 1137/325/74 1124/312/62 1125/313/63
f 1138/326/53 1125/313/63 1126/314/52
f 1092/283/77 1127/327/32 1128/315/64
f 1093/285/78 1128/315/64 1129/317/65
f 1094/287/79 1129/317/65 1130/318/66
f 1131/319/67 1094/287/79 1130/318/66
f 1096/290/93 1131/319/67 1132/320/68
f 1097/292/81 1132/320/68 1133/321/70
f 1098/294/82 1133/321/70 1134/328/71
f 1099/296/83 1134/328/71 1135/322/72
f 1100/298/84 1135/322/72 1136/324/73
f 1101/300/85 1136/324/73 1137/325/74
f 1102/302/86 1137/325/74 1138/326/53
f 1152/329/103 1139/330/104 1140/331/105
f 1153/332/106 1140/331/105 1141/333/107
f 1154/334/108 1141/333/107 1142/335/109
f 1155/336/110 1142/335/109 1143/337/111
f 1156/338/112 1143/337/111 1144/339/113
f 1157/340/114 1144/339/113 1145/341/115
f 1146/342/116 1157/340/114 1145/341/115
f 1147/343/117 1158/344/118 1146/342/116
f 1148/345/119 1159/346/120 1147/343/117
f 1149/347/121 1160/348/122 1148/345/119
f 1150/349/123 1161/350/124 1149/347/121
f 1152/329/103 1163/351/125 1151/352/126
f 1153/332/106 1164/353/127 1152/329/103
f 1154/334/108 1165/354/128 1153/332/106
f 1155/336/110 1166/355/129 1154/334/108
f 1156/338/112 1167/356/130 1155/336/110
f 1169/357/131 1156/338/112 1157/340/114
f 1170/358/132 1157/340/114 1158/344/118
f 1171/359/133 1158/344/118 1159/346/120
f 1172/360/134 1159/346/120 1160/348/122
f 1173/361/135 1160/348/122 1161/350/124
f 1174/362/136 1161/350/124 1162/363/137
f 1176/364/138 1163/351/125 1164/353/127
f 1177/365/139 1164/353/127 1165/354/128
f 1178/366/140 1165/354/128 1166/355/129
f 1179/367/141 1166/355/129 1167/356/130
f 1180/368/142 1167/356/130 1168/369/143
f 1181/370/144 1168/369/143 1169/357/131
f 1170/358/132 1181/370/144 1169/357/131
f 1171/359/133 1182/371/145 1170/358/132
f 1172/360/134 1183/372/146 1171/359/133
f 1173/361/135 1184/373/147 1172/360/134
f 1174/362/136 1185/374/148 1173/361/135
f 1176/364/138 1187/375/149 1175/376/150
f 1177/365/139 1188/377/151 1176/364/138
f 1178/366/140 1189/378/152 1177/365/139
f 1179/367/141 1190/379/153 1178/366/140
f 1180/368/142 1191/380/154 1179/367/141
f 1193/381/155 1180/368/142 1181/370/144
f 1194/382/156 1181/370/144 1182/371/145
f 1195/383/157 1182/371/145 1183/372/146
f 1196/384/158 1183/372/146 1184/373/147
f 1197/385/159 1184/373/147 1185/374/148
f 1198/386/160 1185/374/148 1186/387/161
f 1200/388/162 1187/375/149 1188/377/151
f 1201/389/163 1188/377/151 1189/378/152
f 1202/390/164 1189/378/152 1190/379/153
f 1203/391/165 1190/379/153 1191/380/154
f 1204/392/166 1191/380/154 1192/393/167
f 1205/394/168 1192/393/167 1193/381/155
f 1194/382/156 1205/394/168 1193/381/155
f 1195/383/157 1206/395/169 1194/382/156
f 1196/384/158 1207/396/170 1195/383/157
f 1197/385/159 1208/397/171 1196/384/158
f 1198/386/160 1209/398/172 1197/385/159
f 1200/388/162 1139/330/104 1199/399/173
f 1201/389/163 1140/331/105 1200/388/162
f 1202/390/164 1141/333/107 1201/389/163
f 1203/391/165 1142/335/109 1202/390/164
f 1204/392/166 1143/337/111 1203/391/165
f 1145/341/115 1204/392/166 1205/394/168
f 1146/342/116 1205/394/168 1206/395/169
f 1147/343/117 1206/395/169 1207/396/170
f 1148/345/119 1207/396/170 1208/397/171
f 1149/347/121 1208/397/171 1209/398/172
f 1150/349/123 1209/398/172 1210/400/174
f 1224/401/87 1211/402/88 1212/403/77
f 1225/404/89 1212/403/77 1213/405/78
f 1226/406/90 1213/405/78 1214/407/79
f 1227/408/91 1214/407/79 1215/409/80
f 1228/410/92 1215/409/80 1216/411/93
f 1229/412/94 1216/411/93 1217/413/81
f 1230/414/95 1217/413/81 1218/415/82
f 1231/416/96 1218/415/82 1219/417/83
f 1232/418/97 1219/417/83 1220/419/84
f 1233/420/98 1220/419/84 1221/421/85
f 1234/422/99 1221/421/85 1222/423/86
f 1236/424/55 1223/425/100 1224/401/87
f 1225/404/89 1236/424/55 1224/401/87
f 1238/426/57 1225/404/89 1226/406/90
f 1227/408/91 1238/426/57 1226/406/90
f 1240/427/69 1227/408/91 1228/410/92
f 1241/428/59 1228/410/92 1229/412/94
f 1230/414/95 1241/428/59 1229/412/94
f 1243/429/61 1230/414/95 1231/416/96
f 1244/430/62 1231/416/96 1232/418/97
f 1245/431/63 1232/418/97 1233/420/98
f 1234/422/99 1245/431/63 1233/420/98
f 1248/432/64 1235/433/54 1236/424/55
f 1249/434/65 1236/424/55 1237/435/56
f 1250/436/66 1237/435/56 1238/426/57
f 1251/437/67 1238/426/57 1239/438/102
f 1252/439/68 1239/438/102 1240/427/69
f 1253/440/70 1240/427/69 1241/428/59
f 1254/441/71 1241/428/59 1242/442/60
f 1255/443/72 1242/442/60 1243/429/61
f 1256/444/73 1243/429/61 1244/430/62
f 1257/445/74 1244/430/62 1245/431/63
f 1258/446/53 1245/431/63 1246/447/52
f 1248/432/64 1211/402/88 1247/448/32
f 1213/405/78 1248/432/64 1249/434/65
f 1214/407/79 1249/434/65 1250/436/66
f 1215/409/80 1250/436/66 1251/437/67
f 1252/439/68 1215/409/80 1251/437/67
f 1217/413/81 1252/439/68 1253/440/70
f 1218/415/82 1253/440/70 1254/441/71
f 1255/443/72 1218/415/82 1254/441/71
f 1220/419/84 1255/443/72 1256/444/73
f 1257/445/74 1220/419/84 1256/444/73
f 1222/423/86 1257/445/74 1258/446/53
f 5629/449/175 5006/450/176 5628/451/177
f 1268/452/178 1889/453/179 1890/454/180
f 1263/455/181 1894/456/182 1895/457/183
f 4287/458/184 4278/459/185 4279/460/186
f 4994/461/187 5624/462/188 5625/463/189
f 1261/464/190 1891/465/191 1892/466/188
f 4995/467/181 5626/468/182 5627/469/183
f 3394/470/192 3406/471/193 3416/472/194
f 1267/473/195 1888/474/196 1889/453/179
f 3197/475/197 3186/476/198 3187/477/199
f 1928/478/200 1909/479/201 1929/480/202
f 5002/481/203 4994/461/187 5003/482/204
f 1261/464/190 1269/483/205 1260/484/206
f 2791/485/207 2778/486/208 2779/487/209
f 5015/488/210 5005/489/211 5006/450/176
f 5001/490/205 5010/491/212 5000/492/178
f 5002/481/203 5011/493/213 5001/490/205
f 5012/494/214 5003/482/204 5013/495/215
f 1270/496/203 1279/497/213 1269/483/205
f 1269/483/205 1278/498/212 1268/452/178
f 1669/499/216 1684/500/217 1668/501/218
f 1275/502/219 1294/503/220 1274/504/176
f 3188/505/221 3177/506/222 3178/507/223
f 5022/508/224 5011/493/213 5012/494/214
f 2271/509/225 2281/510/226 2270/511/227
f 1290/512/224 1279/497/213 1280/513/214
f 1289/514/228 1278/498/212 1279/497/213
f 4253/515/229 4272/516/230 4252/517/231
f 1300/518/232 1292/519/233 1301/520/234
f 5031/521/235 5023/522/236 5032/523/232
f 5031/521/235 5021/524/228 5022/508/224
f 1288/525/237 1305/526/238 1287/527/239
f 4188/528/240 4199/529/241 4177/530/242
f 1310/531/243 1300/518/232 1301/520/234
f 5040/532/244 5032/523/232 5041/533/245
f 5031/521/235 5039/534/246 5030/535/247
f 1301/520/234 1292/519/233 1293/536/248
f 5044/537/249 5025/538/248 5026/539/220
f 5045/540/250 5026/539/220 5027/541/251
f 3976/542/252 3967/543/253 3977/544/254
f 5715/545/255 5704/546/256 5705/547/257
f 1306/548/258 1316/549/259 1305/526/238
f 1307/550/246 1317/551/260 1306/548/258
f 1308/552/244 1318/553/261 1307/550/246
f 1320/554/262 1308/552/244 1309/555/245
f 1321/556/263 1309/555/245 1310/531/243
f 1322/557/264 1310/531/243 1311/558/265
f 1323/559/266 1311/558/265 1312/560/249
f 1304/561/267 1316/549/259 1326/562/268
f 1317/551/260 1327/563/269 1316/549/259
f 1318/553/261 1328/564/270 1317/551/260
f 1319/565/271 1329/566/272 1318/553/261
f 1331/567/273 1319/565/271 1320/554/262
f 1332/568/274 1320/554/262 1321/556/263
f 1333/569/275 1321/556/263 1322/557/264
f 1334/570/276 1322/557/264 1323/559/266
f 1327/563/269 1338/571/277 1326/562/268
f 1328/564/270 1339/572/278 1327/563/269
f 1329/566/272 1340/573/279 1328/564/270
f 1330/574/280 1341/575/281 1329/566/272
f 1343/576/282 1330/574/280 1331/567/273
f 1344/577/283 1331/567/273 1332/568/274
f 1345/578/284 1332/568/274 1333/569/275
f 1346/579/285 1333/569/275 1334/570/276
f 1347/580/286 1334/570/276 1335/581/287
f 4310/582/288 4311/583/289 4328/584/290
f 1357/585/291 1346/579/285 1347/580/286
f 1351/586/292 1339/572/278 1340/573/279
f 1352/587/293 1340/573/279 1341/575/281
f 1353/588/294 1341/575/281 1342/589/295
f 1354/590/296 1342/589/295 1343/576/282
f 1344/577/283 1354/590/296 1343/576/282
f 1345/578/284 1355/591/297 1344/577/283
f 1346/579/285 1356/592/298 1345/578/284
f 5070/593/277 5082/594/299 5092/595/300
f 1362/596/301 1350/597/299 1351/586/292
f 1363/598/302 1351/586/292 1352/587/293
f 1364/599/303 1352/587/293 1353/588/294
f 1365/600/304 1353/588/294 1354/590/296
f 1355/591/297 1365/600/304 1354/590/296
f 1356/592/298 1366/601/305 1355/591/297
f 1357/585/291 1367/602/306 1356/592/298
f 1379/603/307 1368/604/308 1369/605/309
f 1373/606/310 1361/607/311 1362/596/301
f 1374/608/312 1362/596/301 1363/598/302
f 1375/609/313 1363/598/302 1364/599/303
f 1376/610/314 1364/599/303 1365/600/304
f 1366/601/305 1376/610/314 1365/600/304
f 1367/602/306 1377/611/315 1366/601/305
f 1368/604/308 1378/612/316 1367/602/306
f 1384/613/317 1372/614/318 1373/606/310
f 1385/615/319 1373/606/310 1374/608/312
f 1386/616/320 1374/608/312 1375/609/313
f 1387/617/321 1375/609/313 1376/610/314
f 1377/611/315 1387/617/321 1376/610/314
f 1378/612/316 1388/618/322 1377/611/315
f 1379/603/307 1389/619/323 1378/612/316
f 5135/620/324 5114/621/325 5115/622/326
f 4441/623/327 4452/624/328 4461/625/329
f 1395/626/330 1384/613/317 1385/615/319
f 1396/627/331 1385/615/319 1386/616/320
f 1397/628/332 1386/616/320 1387/617/321
f 1388/618/322 1397/628/332 1387/617/321
f 1389/619/323 1398/629/333 1388/618/322
f 1383/630/326 1394/631/334 1403/632/324
f 1403/632/324 1382/633/335 1383/630/326
f 1405/634/336 1394/631/334 1395/626/330
f 1406/635/337 1395/626/330 1396/627/331
f 1407/636/338 1396/627/331 1397/628/332
f 1398/629/333 1407/636/338 1397/628/332
f 1399/637/339 1408/638/340 1398/629/333
f 5162/639/341 5143/640/342 5163/641/343
f 2815/642/344 2802/643/345 2803/644/346
f 1415/645/347 1404/646/348 1405/634/336
f 1416/647/349 1405/634/336 1406/635/337
f 1417/648/350 1406/635/337 1407/636/338
f 1408/638/340 1417/648/350 1407/636/338
f 1409/649/351 1418/650/352 1408/638/340
f 1403/632/324 1414/651/353 1423/652/354
f 1423/652/354 1402/653/355 1403/632/324
f 1425/654/356 1414/651/353 1415/645/347
f 1426/655/357 1415/645/347 1416/647/349
f 1427/656/358 1416/647/349 1417/648/350
f 1418/650/352 1427/656/358 1417/648/350
f 1419/657/359 1428/658/360 1418/650/352
f 2697/659/361 2686/660/362 2687/661/363
f 2993/662/364 2982/663/365 2983/664/366
f 1435/665/367 1424/666/368 1425/654/356
f 1436/667/369 1425/654/356 1426/655/357
f 1437/668/370 1426/655/357 1427/656/358
f 1428/658/360 1437/668/370 1427/656/358
f 1429/669/371 1438/670/372 1428/658/360
f 1423/652/354 1434/671/373 1443/672/374
f 1443/672/374 1422/673/375 1423/652/354
f 5173/674/376 5165/675/377 5174/676/378
f 1435/665/367 1444/677/379 1434/671/373
f 1436/667/369 1445/678/380 1435/665/367
f 1447/679/381 1436/667/369 1437/668/370
f 1448/680/382 1437/668/370 1438/670/372
f 1449/681/383 1438/670/372 1439/682/384
f 2988/683/385 2979/684/386 2989/685/387
f 5175/686/374 5186/687/388 5195/688/389
f 1445/678/380 1454/689/388 1444/677/379
f 1446/690/390 1455/691/391 1445/678/380
f 1457/692/392 1446/690/390 1447/679/381
f 1458/693/393 1447/679/381 1448/680/382
f 1459/694/394 1448/680/382 1449/681/383
f 5202/695/395 5201/696/396 5191/697/394
f 1462/698/397 1443/672/374 1463/699/389
f 1455/691/391 1464/700/398 1454/689/388
f 1456/701/399 1465/702/400 1455/691/391
f 1467/703/401 1456/701/399 1457/692/392
f 1468/704/402 1457/692/392 1458/693/393
f 1469/705/396 1458/693/393 1459/694/394
f 5194/706/397 5206/707/403 5216/708/404
f 1464/700/398 1474/709/403 1463/699/389
f 1465/702/400 1475/710/405 1464/700/398
f 1466/711/406 1476/712/407 1465/702/400
f 1478/713/408 1466/711/406 1467/703/401
f 1479/714/409 1467/703/401 1468/704/402
f 1480/715/410 1468/704/402 1469/705/396
f 1481/716/411 1469/705/396 1470/717/395
f 1462/698/397 1474/709/403 1484/718/404
f 1470/717/395 1469/705/396 1459/694/394
f 1475/710/405 1485/719/412 1474/709/403
f 1476/712/407 1486/720/413 1475/710/405
f 1477/721/414 1487/722/415 1476/712/407
f 1489/723/416 1477/721/414 1478/713/408
f 1490/724/417 1478/713/408 1479/714/409
f 1491/725/418 1479/714/409 1480/715/410
f 1492/726/419 1480/715/410 1481/716/411
f 3958/727/420 3951/728/421 3959/729/422
f 5216/708/404 5228/730/423 5238/731/424
f 1486/720/413 1496/732/423 1485/719/412
f 1487/722/415 1497/733/425 1486/720/413
f 1488/734/426 1498/735/427 1487/722/415
f 1500/736/428 1488/734/426 1489/723/416
f 1501/737/429 1489/723/416 1490/724/417
f 1502/738/430 1490/724/417 1491/725/418
f 1503/739/431 1491/725/418 1492/726/419
f 1484/718/404 1496/732/423 1506/740/424
f 4281/741/432 4260/742/433 4261/743/434
f 1497/733/425 1507/744/435 1496/732/423
f 1498/735/427 1508/745/436 1497/733/425
f 1499/746/437 1509/747/438 1498/735/427
f 1511/748/439 1499/746/437 1500/736/428
f 1512/749/440 1500/736/428 1501/737/429
f 1513/750/441 1501/737/429 1502/738/430
f 1514/751/442 1502/738/430 1503/739/431
f 1525/752/443 1514/751/442 1515/753/444
f 1508/745/436 1518/754/445 1507/744/435
f 1509/747/438 1519/755/446 1508/745/436
f 1510/756/447 1520/757/448 1509/747/438
f 1522/758/449 1510/756/447 1511/748/439
f 1523/759/450 1511/748/439 1512/749/440
f 1524/760/451 1512/749/440 1513/750/441
f 1525/752/443 1513/750/441 1514/751/442
f 5238/731/424 5250/761/445 5260/762/452
f 3257/763/453 3245/764/454 3246/765/455
f 1530/766/456 1518/754/445 1519/755/446
f 1531/767/457 1519/755/446 1520/757/448
f 1532/768/458 1520/757/448 1521/769/459
f 1533/770/460 1521/769/459 1522/758/449
f 1523/759/450 1533/770/460 1522/758/449
f 1524/760/451 1534/771/461 1523/759/450
f 1525/752/443 1535/772/462 1524/760/451
f 1547/773/463 1536/774/464 1537/775/465
f 1541/776/466 1529/777/467 1530/766/456
f 1542/778/468 1530/766/456 1531/767/457
f 1543/779/469 1531/767/457 1532/768/458
f 1544/780/470 1532/768/458 1533/770/460
f 1534/771/461 1544/780/470 1533/770/460
f 1535/772/462 1545/781/471 1534/771/461
f 1536/774/464 1546/782/472 1535/772/462
f 3960/783/473 3972/784/474 3971/785/475
f 1552/786/476 1540/787/477 1541/776/466
f 1553/788/478 1541/776/466 1542/778/468
f 1554/789/479 1542/778/468 1543/779/469
f 1555/790/480 1543/779/469 1544/780/470
f 1545/781/471 1555/790/480 1544/780/470
f 1546/782/472 1556/791/481 1545/781/471
f 1547/773/463 1557/792/482 1546/782/472
f 1569/793/483 1561/794/484 1570/795/485
f 4630/796/486 4611/797/487 4631/798/488
f 4356/799/489 4357/800/490 4355/801/491
f 1563/802/492 1552/786/476 1553/788/478
f 1564/803/493 1553/788/478 1554/789/479
f 1565/804/494 1554/789/479 1555/790/480
f 1556/791/481 1565/804/494 1555/790/480
f 1557/792/482 1566/805/495 1556/791/481
f 1551/806/496 1562/807/497 1571/808/498
f 1570/795/485 1551/806/496 1571/808/498
f 1563/802/492 1572/809/499 1562/807/497
f 1564/803/493 1573/810/500 1563/802/492
f 1575/811/501 1564/803/493 1565/804/494
f 1576/812/502 1565/804/494 1566/805/495
f 1577/813/503 1566/805/495 1567/814/504
f 1506/740/424 1518/754/445 1528/815/452
f 1572/809/499 1582/816/505 1571/808/498
f 1573/810/500 1583/817/506 1572/809/499
f 1574/818/507 1584/819/508 1573/810/500
f 1586/820/509 1574/818/507 1575/811/501
f 1587/821/510 1575/811/501 1576/812/502
f 1588/822/511 1576/812/502 1577/813/503
f 1589/823/512 1577/813/503 1578/824/513
f 1570/795/485 1582/816/505 1592/825/514
f 1583/817/506 1593/826/515 1582/816/505
f 1584/819/508 1594/827/516 1583/817/506
f 1585/828/517 1595/829/518 1584/819/508
f 1597/830/519 1585/828/517 1586/820/509
f 1598/831/520 1586/820/509 1587/821/510
f 1599/832/521 1587/821/510 1588/822/511
f 1600/833/522 1588/822/511 1589/823/512
f 5343/834/523 5332/835/522 5333/836/524
f 1594/827/516 1604/837/525 1593/826/515
f 1595/829/518 1605/838/526 1594/827/516
f 1596/839/527 1606/840/528 1595/829/518
f 1608/841/529 1596/839/527 1597/830/519
f 1609/842/530 1597/830/519 1598/831/520
f 1610/843/531 1598/831/520 1599/832/521
f 1611/844/532 1599/832/521 1600/833/522
f 1592/825/514 1604/837/525 1614/845/533
f 2420/846/534 2409/847/535 2398/848/536
f 1605/838/526 1615/849/537 1604/837/525
f 1606/840/528 1616/850/538 1605/838/526
f 1607/851/539 1617/852/540 1606/840/528
f 1619/853/541 1607/851/539 1608/841/529
f 1620/854/542 1608/841/529 1609/842/530
f 1621/855/543 1609/842/530 1610/843/531
f 1622/856/544 1610/843/531 1611/844/532
f 1627/857/545 1614/845/533 1615/849/537
f 1628/858/546 1615/849/537 1616/850/538
f 1629/859/547 1616/850/538 1617/852/540
f 1630/860/548 1617/852/540 1618/861/549
f 1631/862/550 1618/861/549 1619/853/541
f 1620/854/542 1631/862/550 1619/853/541
f 1621/855/543 1632/863/551 1620/854/542
f 1622/856/544 1633/864/552 1621/855/543
f 1623/865/553 1634/866/554 1622/856/544
f 1657/867/555 1656/868/556 1645/869/557
f 1639/870/558 1627/857/545 1628/858/546
f 1640/871/559 1628/858/546 1629/859/547
f 1641/872/560 1629/859/547 1630/860/548
f 1642/873/561 1630/860/548 1631/862/550
f 1632/863/551 1642/873/561 1631/862/550
f 1633/864/552 1643/874/562 1632/863/551
f 1634/866/554 1644/875/563 1633/864/552
f 5389/876/555 5388/877/556 5377/878/557
f 1650/879/564 1638/880/565 1639/870/558
f 1651/881/566 1639/870/558 1640/871/559
f 1652/882/567 1640/871/559 1641/872/560
f 1653/883/568 1641/872/560 1642/873/561
f 1643/874/562 1653/883/568 1642/873/561
f 1644/875/563 1654/884/569 1643/874/562
f 1645/869/557 1655/885/570 1644/875/563
f 1657/867/555 1676/886/571 1656/868/556
f 1665/887/572 1655/885/570 1656/868/556
f 1661/888/573 1650/879/564 1651/881/566
f 1662/889/574 1651/881/566 1652/882/567
f 1663/890/575 1652/882/567 1653/883/568
f 1654/884/569 1663/890/575 1653/883/568
f 1655/885/570 1664/891/576 1654/884/569
f 3587/892/577 3565/893/578 3576/894/579
f 5401/895/216 5380/896/580 5381/897/581
f 1671/898/582 1660/899/583 1661/888/573
f 1672/900/584 1661/888/573 1662/889/574
f 1673/901/585 1662/889/574 1663/890/575
f 1664/891/576 1673/901/585 1663/890/575
f 1665/887/572 1674/902/586 1664/891/576
f 5390/903/587 5398/904/588 5389/876/555
f 1693/905/589 1676/886/571 1677/906/590
f 1692/907/591 1675/908/592 1676/886/571
f 5403/909/582 5418/910/593 5402/911/594
f 1681/912/595 1673/901/585 1674/902/586
f 1681/912/595 1672/900/584 1673/901/585
f 3247/913/596 3258/914/597 3267/915/598
f 1671/898/582 1686/916/593 1670/917/594
f 5402/911/594 5417/918/599 5401/895/216
f 5425/919/589 5408/920/571 5409/921/590
f 5663/922/600 5652/923/601 5674/924/602
f 1689/925/603 1680/926/604 1681/912/595
f 1696/927/605 1683/928/606 1684/500/217
f 1697/929/607 1684/500/217 1685/930/599
f 1698/931/608 1685/930/599 1686/916/593
f 1699/932/609 1686/916/593 1687/933/610
f 1700/934/611 1687/933/610 1688/935/612
f 1701/936/613 1688/935/612 1689/925/603
f 1690/937/614 1701/936/613 1689/925/603
f 1691/938/615 1702/939/616 1690/937/614
f 1692/907/591 1703/940/617 1691/938/615
f 1693/905/589 1704/941/618 1692/907/591
f 1694/942/619 1705/943/620 1693/905/589
f 2280/944/621 2268/945/622 2269/946/623
f 1709/947/624 1696/927/605 1697/929/607
f 1710/948/625 1697/929/607 1698/931/608
f 1711/949/626 1698/931/608 1699/932/609
f 1712/950/627 1699/932/609 1700/934/611
f 1713/951/628 1700/934/611 1701/936/613
f 1702/939/616 1713/951/628 1701/936/613
f 1703/940/617 1714/952/629 1702/939/616
f 1704/941/618 1715/953/630 1703/940/617
f 1705/943/620 1716/954/631 1704/941/618
f 1285/955/632 1277/956/633 1286/957/634
f 1717/958/635 1736/959/636 1716/954/631
f 1725/960/637 1715/953/630 1716/954/631
f 1721/961/638 1710/948/625 1711/949/626
f 1722/962/639 1711/949/626 1712/950/627
f 1723/963/640 1712/950/627 1713/951/628
f 1714/952/629 1723/963/640 1713/951/628
f 1715/953/630 1724/964/641 1714/952/629
f 4324/965/642 4322/966/643 4333/967/644
f 5449/968/635 5468/969/636 5448/970/645
f 1731/971/646 1720/972/647 1721/961/638
f 1732/973/648 1721/961/638 1722/962/639
f 1733/974/649 1722/962/639 1723/963/640
f 1724/964/641 1733/974/649 1723/963/640
f 1725/960/637 1734/975/650 1724/964/641
f 4642/976/651 4631/798/488 4643/977/652
f 1759/978/653 1758/979/654 1747/980/655
f 1741/981/656 1729/982/657 1730/983/658
f 1742/984/659 1730/983/658 1731/971/646
f 1743/985/660 1731/971/646 1732/973/648
f 1744/986/661 1732/973/648 1733/974/649
f 1734/975/650 1744/986/661 1733/974/649
f 1735/987/662 1745/988/663 1734/975/650
f 1736/959/636 1746/989/664 1735/987/662
f 5460/990/665 5461/991/657 5472/992/666
f 1708/993/667 1728/994/665 1719/995/668
f 1752/996/669 1740/997/666 1741/981/656
f 1753/998/670 1741/981/656 1742/984/659
f 1754/999/671 1742/984/659 1743/985/660
f 1755/1000/672 1743/985/660 1744/986/661
f 1745/988/663 1755/1000/672 1744/986/661
f 1746/989/664 1756/1001/673 1745/988/663
f 1747/980/655 1757/1002/674 1746/989/664
f 1737/1003/675 1717/958/635 1726/1004/676
f 1763/1005/677 1750/1006/678 1751/1007/679
f 1764/1008/680 1751/1007/679 1752/996/669
f 1765/1009/681 1752/996/669 1753/998/670
f 1766/1010/682 1753/998/670 1754/999/671
f 1767/1011/683 1754/999/671 1755/1000/672
f 1756/1001/673 1767/1011/683 1755/1000/672
f 1757/1002/674 1768/1012/684 1756/1001/673
f 1758/979/654 1769/1013/685 1757/1002/674
f 1759/978/653 1770/1014/686 1758/979/654
f 1781/1015/687 1770/1014/686 1771/1016/688
f 1764/1008/680 1774/1017/689 1763/1005/677
f 1765/1009/681 1775/1018/690 1764/1008/680
f 1766/1010/682 1776/1019/691 1765/1009/681
f 1778/1020/692 1766/1010/682 1767/1011/683
f 1779/1021/693 1767/1011/683 1768/1012/684
f 1780/1022/694 1768/1012/684 1769/1013/685
f 1781/1015/687 1769/1013/685 1770/1014/686
f 4168/1023/695 4169/1024/696 4180/1025/697
f 1775/1018/690 1785/1026/698 1774/1017/689
f 1776/1019/691 1786/1027/699 1775/1018/690
f 1777/1028/700 1787/1029/701 1776/1019/691
f 1789/1030/702 1777/1028/700 1778/1020/692
f 1790/1031/703 1778/1020/692 1779/1021/693
f 1791/1032/704 1779/1021/693 1780/1022/694
f 1792/1033/705 1780/1022/694 1781/1015/687
f 5525/1034/706 5503/1035/688 5514/1036/707
f 5535/1037/708 5524/1038/705 5525/1034/706
f 1786/1027/699 1796/1039/709 1785/1026/698
f 1787/1029/701 1797/1040/710 1786/1027/699
f 1788/1041/711 1798/1042/712 1787/1029/701
f 1800/1043/713 1788/1041/711 1789/1030/702
f 1801/1044/714 1789/1030/702 1790/1031/703
f 1802/1045/715 1790/1031/703 1791/1032/704
f 1803/1046/708 1791/1032/704 1792/1033/705
f 1784/1047/716 1785/1026/698 1796/1039/709
f 1797/1040/710 1807/1048/717 1796/1039/709
f 1798/1042/712 1808/1049/718 1797/1040/710
f 1799/1050/719 1809/1051/720 1798/1042/712
f 1811/1052/721 1799/1050/719 1800/1043/713
f 1812/1053/722 1800/1043/713 1801/1044/714
f 1813/1054/723 1801/1044/714 1802/1045/715
f 1814/1055/724 1802/1045/715 1803/1046/708
f 1835/1056/725 1814/1055/724 1815/1057/726
f 5566/1058/727 5565/1059/728 5555/1060/729
f 1809/1051/720 1818/1061/730 1808/1049/718
f 1810/1062/731 1819/1063/732 1809/1051/720
f 1821/1064/733 1810/1062/731 1811/1052/721
f 1822/1065/734 1811/1052/721 1812/1053/722
f 1823/1066/729 1812/1053/722 1813/1054/723
f 1807/1048/717 1808/1049/718 1818/1061/730
f 5558/1067/735 5539/1068/717 5559/1069/736
f 1819/1063/732 1828/1070/737 1818/1061/730
f 1820/1071/738 1829/1072/739 1819/1063/732
f 1831/1073/740 1820/1071/738 1821/1064/733
f 1832/1074/741 1821/1064/733 1822/1065/734
f 1833/1075/728 1822/1065/734 1823/1066/729
f 1843/1076/742 1832/1074/741 1833/1075/728
f 5574/1077/743 5563/1078/740 5564/1079/741
f 5573/1080/744 5562/1081/745 5563/1078/740
f 1839/1082/746 1830/1083/745 1840/1084/747
f 5575/1085/742 5564/1079/741 5565/1059/728
f 1846/1086/748 1827/1087/736 1847/1088/749
f 5559/1069/736 5560/1089/737 5570/1090/750
f 1853/1091/751 1842/1092/743 1843/1076/742
f 1852/1093/752 1841/1094/744 1842/1092/743
f 4480/1095/753 4492/1096/754 4502/1097/755
f 5584/1098/752 5573/1080/744 5574/1077/743
f 1287/527/239 1266/1099/756 1267/473/195
f 2314/1100/757 2324/1101/758 2313/1102/759
f 1863/1103/760 1852/1093/752 1853/1091/751
f 1862/1104/761 1851/1105/762 1852/1093/752
f 4661/1106/763 4649/1107/764 4650/1108/765
f 4659/1109/766 4649/1107/764 4660/1110/767
f 3215/1111/768 3206/1112/769 3207/1113/770
f 3677/1114/771 3656/1115/772 3657/1116/773
f 1847/1088/749 1848/1117/774 1858/1118/775
f 1872/1119/776 1862/1104/761 1863/1103/760
f 1871/1120/777 1861/1121/778 1862/1104/761
f 5602/1122/779 5592/1123/780 5593/1124/778
f 5603/1125/777 5593/1124/778 5594/1126/761
f 5604/1127/776 5594/1126/761 5595/1128/760
f 5611/1129/781 5601/1130/782 5612/1131/783
f 3480/1132/784 3490/1133/785 3460/1134/786
f 1877/1135/787 1867/1136/788 1878/1137/789
f 1878/1137/789 1868/1138/790 1879/1139/781
f 1879/1139/781 1869/1140/782 1880/1141/783
f 4360/1142/791 4358/1143/792 4368/1144/793
f 5579/1145/749 5580/1146/794 5590/1147/775
f 5610/1148/789 5600/1149/790 5611/1129/781
f 5609/1150/787 5599/1151/788 5610/1148/789
f 4630/796/486 4641/1152/795 4629/1153/796
f 1888/474/196 1875/1154/797 1876/1155/798
f 1889/453/179 1876/1155/798 1877/1135/787
f 1890/454/180 1877/1135/787 1878/1137/789
f 1891/465/191 1878/1137/789 1879/1139/781
f 1892/466/188 1879/1139/781 1880/1141/783
f 1893/1156/189 1880/1141/783 1881/1157/799
f 1882/1158/800 1893/1156/189 1881/1157/799
f 1883/1159/801 1894/456/182 1882/1158/800
f 1884/1160/802 1895/457/183 1883/1159/801
f 1885/1161/803 1896/1162/177 1884/1160/802
f 1886/1163/804 1897/1164/175 1885/1161/803
f 3492/1165/805 3480/1132/784 3481/1166/806
f 5653/1167/807 5632/1168/808 5633/1169/809
f 1928/478/200 1927/1170/810 1917/1171/811
f 1913/1172/812 1902/1173/813 1903/1174/814
f 1914/1175/815 1903/1174/814 1904/1176/816
f 1915/1177/817 1904/1176/816 1905/1178/818
f 1906/1179/819 1915/1177/817 1905/1178/818
f 1907/1180/820 1916/1181/821 1906/1179/819
f 3538/1182/822 3539/1183/823 3548/1184/824
f 1921/1185/807 1900/1186/808 1901/1187/825
f 1923/1188/826 1912/1189/827 1913/1172/812
f 1924/1190/828 1913/1172/812 1914/1175/815
f 1925/1191/829 1914/1175/815 1915/1177/817
f 1916/1181/821 1925/1191/829 1915/1177/817
f 1917/1171/811 1926/1192/830 1916/1181/821
f 1939/1193/831 1928/478/200 1929/480/202
f 1933/1194/832 1921/1185/807 1922/1195/833
f 1934/1196/834 1922/1195/833 1923/1188/826
f 1935/1197/835 1923/1188/826 1924/1190/828
f 1936/1198/836 1924/1190/828 1925/1191/829
f 1926/1192/830 1936/1198/836 1925/1191/829
f 1927/1170/810 1937/1199/837 1926/1192/830
f 1928/478/200 1938/1200/838 1927/1170/810
f 5671/1201/831 5660/1202/200 5661/1203/202
f 1944/1204/839 1932/1205/840 1933/1194/832
f 1945/1206/841 1933/1194/832 1934/1196/834
f 1946/1207/842 1934/1196/834 1935/1197/835
f 1947/1208/843 1935/1197/835 1936/1198/836
f 1937/1199/837 1947/1208/843 1936/1198/836
f 1938/1200/838 1948/1209/844 1937/1199/837
f 1939/1193/831 1949/1210/845 1938/1200/838
f 4524/1211/846 4523/1212/847 4513/1213/848
f 1961/1214/849 1950/1215/850 1951/1216/851
f 1955/1217/852 1943/1218/853 1944/1204/839
f 1956/1219/854 1944/1204/839 1945/1206/841
f 1957/1220/855 1945/1206/841 1946/1207/842
f 1958/1221/856 1946/1207/842 1947/1208/843
f 1948/1209/844 1958/1221/856 1947/1208/843
f 1949/1210/845 1959/1222/857 1948/1209/844
f 1950/1215/850 1960/1223/858 1949/1210/845
f 5674/924/602 5675/1224/853 5686/1225/859
f 1966/1226/860 1954/1227/859 1955/1217/852
f 1967/1228/861 1955/1217/852 1956/1219/854
f 1968/1229/862 1956/1219/854 1957/1220/855
f 1969/1230/863 1957/1220/855 1958/1221/856
f 1959/1222/857 1969/1230/863 1958/1221/856
f 1960/1223/858 1970/1231/864 1959/1222/857
f 1961/1214/849 1971/1232/865 1960/1223/858
f 1335/581/287 1334/570/276 1323/559/266
f 1966/1226/860 1976/1233/866 1965/1234/867
f 1967/1228/861 1977/1235/868 1966/1226/860
f 1968/1229/862 1978/1236/869 1967/1228/861
f 1980/1237/870 1968/1229/862 1969/1230/863
f 1981/1238/871 1969/1230/863 1970/1231/864
f 1982/1239/872 1970/1231/864 1971/1232/865
f 1983/1240/255 1971/1232/865 1972/1241/256
f 1964/1242/873 1965/1234/867 1976/1233/866
f 1977/1235/868 1987/1243/874 1976/1233/866
f 1978/1236/869 1988/1244/875 1977/1235/868
f 1979/1245/876 1989/1246/877 1978/1236/869
f 1991/1247/878 1979/1245/876 1980/1237/870
f 1992/1248/879 1980/1237/870 1981/1238/871
f 1993/1249/880 1981/1238/871 1982/1239/872
f 1994/1250/881 1982/1239/872 1983/1240/255
f 4533/1251/882 4532/1252/883 4521/1253/884
f 1988/1244/875 1998/1254/885 1987/1243/874
f 1989/1246/877 1999/1255/886 1988/1244/875
f 1990/1256/887 2000/1257/888 1989/1246/877
f 2002/1258/889 1990/1256/887 1991/1247/878
f 2003/1259/890 1991/1247/878 1992/1248/879
f 2004/1260/891 1992/1248/879 1993/1249/880
f 2005/1261/892 1993/1249/880 1994/1250/881
f 1986/1262/893 1987/1243/874 1998/1254/885
f 1999/1255/886 2009/1263/894 1998/1254/885
f 2000/1257/888 2010/1264/895 1999/1255/886
f 2001/1265/896 2011/1266/897 2000/1257/888
f 2013/1267/898 2001/1265/896 2002/1258/889
f 2014/1268/899 2002/1258/889 2003/1259/890
f 2015/1269/900 2003/1259/890 2004/1260/891
f 2016/1270/901 2004/1260/891 2005/1261/892
f 2037/1271/902 2016/1270/901 2017/1272/903
f 2036/1273/904 2035/1274/905 2025/1275/906
f 2011/1266/897 2020/1276/907 2010/1264/895
f 2012/1277/908 2021/1278/909 2011/1266/897
f 2023/1279/910 2012/1277/908 2013/1267/898
f 2024/1280/911 2013/1267/898 2014/1268/899
f 2025/1275/906 2014/1268/899 2015/1269/900
f 5768/1281/904 5767/1282/905 5757/1283/906
f 4993/1284/190 5001/490/205 4992/1285/206
f 2006/1286/912 2017/1272/903 1995/1287/913
f 2031/1288/914 2020/1276/907 2021/1278/909
f 2032/1289/915 2021/1278/909 2022/1290/916
f 2033/1291/917 2022/1290/916 2023/1279/910
f 2024/1280/911 2033/1291/917 2023/1279/910
f 2025/1275/906 2034/1292/918 2024/1280/911
f 5781/1293/919 5760/1294/920 5761/1295/921
f 2056/1296/922 2055/1297/923 2045/1298/924
f 2041/1299/925 2030/1300/926 2031/1288/914
f 2042/1301/927 2031/1288/914 2032/1289/915
f 2043/1302/928 2032/1289/915 2033/1291/917
f 2034/1292/918 2043/1302/928 2033/1291/917
f 2035/1274/905 2044/1303/929 2034/1292/918
f 5788/1304/922 5787/1305/923 5777/1306/924
f 2049/1307/919 2028/1308/920 2029/1309/921
f 2051/1310/930 2040/1311/931 2041/1299/925
f 2052/1312/932 2041/1299/925 2042/1301/927
f 2053/1313/933 2042/1301/927 2043/1302/928
f 2044/1303/929 2053/1313/933 2043/1302/928
f 2045/1298/924 2054/1314/934 2044/1303/929
f 2757/1315/935 2744/1316/936 2745/1317/937
f 2067/1318/938 2056/1296/922 2057/1319/939
f 2061/1320/940 2049/1307/919 2050/1321/941
f 2062/1322/942 2050/1321/941 2051/1310/930
f 2063/1323/943 2051/1310/930 2052/1312/932
f 2064/1324/944 2052/1312/932 2053/1313/933
f 2054/1314/934 2064/1324/944 2053/1313/933
f 2055/1297/923 2065/1325/945 2054/1314/934
f 2056/1296/922 2066/1326/946 2055/1297/923
f 5802/1327/947 5803/1328/948 5814/1329/949
f 4489/1330/950 4468/1331/951 4469/1332/952
f 2072/1333/953 2060/1334/954 2061/1320/940
f 2073/1335/955 2061/1320/940 2062/1322/942
f 2074/1336/956 2062/1322/942 2063/1323/943
f 2075/1337/957 2063/1323/943 2064/1324/944
f 2065/1325/945 2075/1337/957 2064/1324/944
f 2066/1326/946 2076/1338/958 2065/1325/945
f 2067/1318/938 2077/1339/959 2066/1326/946
f 2089/1340/960 2078/1341/961 2079/1342/962
f 2072/1333/953 2082/1343/949 2071/1344/948
f 2073/1335/955 2083/1345/963 2072/1333/953
f 2074/1336/956 2084/1346/964 2073/1335/955
f 2086/1347/965 2074/1336/956 2075/1337/957
f 2087/1348/966 2075/1337/957 2076/1338/958
f 2088/1349/967 2076/1338/958 2077/1339/959
f 2089/1340/960 2077/1339/959 2078/1341/961
f 4648/1350/968 4636/1351/969 4637/1352/970
f 2083/1345/963 2093/1353/971 2082/1343/949
f 2084/1346/964 2094/1354/972 2083/1345/963
f 2085/1355/973 2095/1356/974 2084/1346/964
f 2097/1357/975 2085/1355/973 2086/1347/965
f 2098/1358/976 2086/1347/965 2087/1348/966
f 2099/1359/977 2087/1348/966 2088/1349/967
f 2100/1360/978 2088/1349/967 2089/1340/960
f 5853/1361/979 5832/1362/978 5833/1363/980
f 2120/1364/981 2119/1365/982 2109/1366/983
f 2095/1356/974 2104/1367/984 2094/1354/972
f 2096/1368/985 2105/1369/986 2095/1356/974
f 2107/1370/987 2096/1368/985 2097/1357/975
f 2108/1371/988 2097/1357/975 2098/1358/976
f 2109/1366/983 2098/1358/976 2099/1359/977
f 5852/1372/981 5851/1373/982 5841/1374/983
f 2112/1375/989 2093/1353/971 2113/1376/990
f 2105/1369/986 2114/1377/991 2104/1367/984
f 2106/1378/992 2115/1379/993 2105/1369/986
f 2117/1380/994 2106/1378/992 2107/1370/987
f 2118/1381/995 2107/1370/987 2108/1371/988
f 2119/1365/982 2108/1371/988 2109/1366/983
f 5864/1382/996 5845/1383/990 5865/1384/997
f 2140/1385/998 2139/1386/999 2129/1387/1000
f 2115/1379/993 2124/1388/1001 2114/1377/991
f 2116/1389/1002 2125/1390/1003 2115/1379/993
f 2127/1391/1004 2116/1389/1002 2117/1380/994
f 2128/1392/1005 2117/1380/994 2118/1381/995
f 2129/1387/1000 2118/1381/995 2119/1365/982
f 5872/1393/998 5871/1394/999 5861/1395/1000
f 2132/1396/996 2113/1376/990 2133/1397/997
f 2092/1398/1006 2112/1375/989 2103/1399/1007
f 2125/1390/1003 2134/1400/1008 2124/1388/1001
f 2126/1401/1009 2135/1402/1010 2125/1390/1003
f 2137/1403/1011 2126/1401/1009 2127/1391/1004
f 2138/1404/1012 2127/1391/1004 2128/1392/1005
f 2139/1386/999 2128/1392/1005 2129/1387/1000
f 2133/1397/997 2144/1405/1013 2132/1396/996
f 2134/1400/1008 2145/1406/1014 2133/1397/997
f 2135/1402/1010 2146/1407/1015 2134/1400/1008
f 2136/1408/1016 2147/1409/1017 2135/1402/1010
f 2149/1410/1018 2136/1408/1016 2137/1403/1011
f 2150/1411/1019 2137/1403/1011 2138/1404/1012
f 2151/1412/1020 2138/1404/1012 2139/1386/999
f 2152/1413/1021 2139/1386/999 2140/1385/998
f 2153/1414/1022 2140/1385/998 2141/1415/1023
f 2144/1405/1013 2155/1416/1024 2143/1417/1025
f 2145/1406/1014 2156/1418/1026 2144/1405/1013
f 2146/1407/1015 2157/1419/1027 2145/1406/1014
f 2147/1409/1017 2158/1420/1028 2146/1407/1015
f 2148/1421/1029 2159/1422/1030 2147/1409/1017
f 2161/1423/1031 2148/1421/1029 2149/1410/1018
f 2162/1424/1032 2149/1410/1018 2150/1411/1019
f 2163/1425/1033 2150/1411/1019 2151/1412/1020
f 2164/1426/1034 2151/1412/1020 2152/1413/1021
f 2165/1427/1035 2152/1413/1021 2153/1414/1022
f 2166/1428/1036 2153/1414/1022 2154/1429/1037
f 1901/1187/825 2156/1418/1026 2157/1419/1027
f 1902/1173/813 2157/1419/1027 2158/1420/1028
f 1903/1174/814 2158/1420/1028 2159/1422/1030
f 1904/1176/816 2159/1422/1030 2160/1430/1038
f 1905/1178/818 2160/1430/1038 2161/1423/1031
f 2162/1424/1032 1905/1178/818 2161/1423/1031
f 2163/1425/1033 1906/1179/819 2162/1424/1032
f 2164/1426/1034 1907/1180/820 2163/1425/1033
f 2165/1427/1035 1908/1431/1039 2164/1426/1034
f 2180/1432/1040 2167/1433/1041 2168/1434/1042
f 2181/1435/1043 2168/1434/1042 2169/1436/1044
f 2182/1437/1045 2169/1436/1044 2170/1438/1046
f 2183/1439/1047 2170/1438/1046 2171/1440/1048
f 2184/1441/1049 2171/1440/1048 2172/1442/1050
f 2185/1443/1051 2172/1442/1050 2173/1444/1052
f 2174/1445/1053 2185/1443/1051 2173/1444/1052
f 2175/1446/1054 2186/1447/1055 2174/1445/1053
f 2176/1448/1056 2187/1449/1057 2175/1446/1054
f 2177/1450/1058 2188/1451/1059 2176/1448/1056
f 2178/1452/1060 2189/1453/1061 2177/1450/1058
f 2180/1432/1040 2191/1454/1062 2179/1455/1063
f 2181/1435/1043 2192/1456/1064 2180/1432/1040
f 2182/1437/1045 2193/1457/1065 2181/1435/1043
f 2183/1439/1047 2194/1458/1066 2182/1437/1045
f 2184/1441/1049 2195/1459/1067 2183/1439/1047
f 2197/1460/1068 2184/1441/1049 2185/1443/1051
f 2198/1461/1069 2185/1443/1051 2186/1447/1055
f 2199/1462/1070 2186/1447/1055 2187/1449/1057
f 2200/1463/1071 2187/1449/1057 2188/1451/1059
f 2201/1464/1072 2188/1451/1059 2189/1453/1061
f 2202/1465/1073 2189/1453/1061 2190/1466/1074
f 2204/1467/1075 2191/1454/1062 2192/1456/1064
f 2205/1468/1076 2192/1456/1064 2193/1457/1065
f 2206/1469/1077 2193/1457/1065 2194/1458/1066
f 2207/1470/1078 2194/1458/1066 2195/1459/1067
f 2208/1471/1079 2195/1459/1067 2196/1472/1080
f 2209/1473/1081 2196/1472/1080 2197/1460/1068
f 2198/1461/1069 2209/1473/1081 2197/1460/1068
f 2199/1462/1070 2210/1474/1082 2198/1461/1069
f 2200/1463/1071 2211/1475/1083 2199/1462/1070
f 2201/1464/1072 2212/1476/1084 2200/1463/1071
f 2202/1465/1073 2213/1477/1085 2201/1464/1072
f 2216/1478/1086 2203/1479/1087 2204/1467/1075
f 2217/1480/1088 2204/1467/1075 2205/1468/1076
f 2218/1481/1089 2205/1468/1076 2206/1469/1077
f 2219/1482/1090 2206/1469/1077 2207/1470/1078
f 2220/1483/1091 2207/1470/1078 2208/1471/1079
f 2221/1484/1092 2208/1471/1079 2209/1473/1081
f 2210/1474/1082 2221/1484/1092 2209/1473/1081
f 2211/1475/1083 2222/1485/1093 2210/1474/1082
f 2212/1476/1084 2223/1486/1094 2211/1475/1083
f 2213/1477/1085 2224/1487/1095 2212/1476/1084
f 2214/1488/1096 2225/1489/1097 2213/1477/1085
f 2216/1478/1086 2227/1490/1098 2215/1491/1099
f 2217/1480/1088 2228/1492/1100 2216/1478/1086
f 2218/1481/1089 2229/1493/1101 2217/1480/1088
f 2219/1482/1090 2230/1494/1102 2218/1481/1089
f 2220/1483/1091 2231/1495/1103 2219/1482/1090
f 2233/1496/1104 2220/1483/1091 2221/1484/1092
f 2234/1497/1105 2221/1484/1092 2222/1485/1093
f 2235/1498/1106 2222/1485/1093 2223/1486/1094
f 2236/1499/1107 2223/1486/1094 2224/1487/1095
f 2237/1500/1108 2224/1487/1095 2225/1489/1097
f 2238/1501/1109 2225/1489/1097 2226/1502/1110
f 2228/1492/1100 2239/1503/1111 2227/1490/1098
f 2229/1493/1101 2240/1504/1112 2228/1492/1100
f 2230/1494/1102 2241/1505/1113 2229/1493/1101
f 2231/1495/1103 2242/1506/1114 2230/1494/1102
f 2232/1507/1115 2243/1508/1116 2231/1495/1103
f 2245/1509/1117 2232/1507/1115 2233/1496/1104
f 2246/1510/1118 2233/1496/1104 2234/1497/1105
f 2247/1511/1119 2234/1497/1105 2235/1498/1106
f 2248/1512/1120 2235/1498/1106 2236/1499/1107
f 2249/1513/1121 2236/1499/1107 2237/1500/1108
f 2250/1514/1122 2237/1500/1108 2238/1501/1109
f 2252/1515/1123 2239/1503/1111 2240/1504/1112
f 2253/1516/1124 2240/1504/1112 2241/1505/1113
f 2254/1517/1125 2241/1505/1113 2242/1506/1114
f 2255/1518/1126 2242/1506/1114 2243/1508/1116
f 2256/1519/1127 2243/1508/1116 2244/1520/1128
f 2257/1521/1129 2244/1520/1128 2245/1509/1117
f 2246/1510/1118 2257/1521/1129 2245/1509/1117
f 2247/1511/1119 2258/1522/1130 2246/1510/1118
f 2248/1512/1120 2259/1523/1131 2247/1511/1119
f 2249/1513/1121 2260/1524/1132 2248/1512/1120
f 2250/1514/1122 2261/1525/1133 2249/1513/1121
f 2252/1515/1123 2167/1433/1041 2251/1526/1134
f 2253/1516/1124 2168/1434/1042 2252/1515/1123
f 2254/1517/1125 2169/1436/1044 2253/1516/1124
f 2255/1518/1126 2170/1438/1046 2254/1517/1125
f 2256/1519/1127 2171/1440/1048 2255/1518/1126
f 2173/1444/1052 2256/1519/1127 2257/1521/1129
f 2174/1445/1053 2257/1521/1129 2258/1522/1130
f 2175/1446/1054 2258/1522/1130 2259/1523/1131
f 2176/1448/1056 2259/1523/1131 2260/1524/1132
f 2177/1450/1058 2260/1524/1132 2261/1525/1133
f 2178/1452/1060 2261/1525/1133 2262/1527/1135
f 3242/1528/1136 2271/509/225 3241/1529/1137
f 5593/1124/778 5582/1530/1138 5583/1531/762
f 3240/1532/1139 2269/946/623 3239/1533/1140
f 2264/1534/1141 2265/1535/1142 2276/1536/1143
f 2267/1537/1144 3236/1538/1145 3237/1539/1146
f 1793/1540/706 1771/1016/688 1782/1541/707
f 2265/1535/1142 3234/1542/1147 3235/1543/1148
f 4653/1544/1149 4642/976/651 4643/977/652
f 2110/1545/1150 2121/1546/979 2101/1547/980
f 2272/1548/1151 2282/1549/1152 2271/509/225
f 2790/1550/1153 2777/1551/1154 2778/486/208
f 2270/511/227 2280/944/621 2269/946/623
f 5494/1552/1155 5495/1553/1156 5506/1554/689
f 4289/1555/1157 4298/1556/1158 4272/516/230
f 2278/1557/1159 2266/1558/1160 2267/1537/1144
f 2737/1559/1161 2726/1560/1162 2727/1561/1163
f 2283/1562/1164 2272/1548/1151 2273/1563/1165
f 2283/1562/1164 2293/1564/1166 2282/1549/1152
f 2540/1565/1167 2552/1566/1168 2562/1567/1169
f 4396/1568/1170 4408/1569/1171 4418/1570/1172
f 1312/560/249 1293/536/248 1294/503/220
f 3109/1571/1173 3098/1572/1174 3099/1573/1175
f 2289/1574/1176 2277/1575/1177 2278/1557/1159
f 5595/1128/760 5584/1098/752 5585/1576/1178
f 2337/1577/1179 2338/1578/1180 2348/1579/1181
f 2294/1580/1182 2304/1581/1183 2293/1564/1166
f 3587/892/577 3586/1582/1184 3575/1583/1185
f 2292/1584/1186 2302/1585/1187 2291/1586/1188
f 3964/1587/1189 3946/1588/1190 3947/1589/1191
f 4330/1590/1192 4312/1591/1193 4313/1592/1194
f 2300/1593/1195 2288/1594/1196 2289/1574/1176
f 3215/1111/768 3208/1595/1197 3216/1596/1198
f 2305/1597/1199 2294/1580/1182 2295/1598/1200
f 4580/1599/1201 4592/1600/1202 4602/1601/1203
f 5615/1602/801 5603/1125/777 5604/1127/776
f 2315/1603/1204 2304/1581/1183 2305/1597/1199
f 1728/994/665 1729/982/657 1740/997/666
f 2313/1102/759 2302/1585/1187 2303/1604/1205
f 1942/1605/602 1943/1218/853 1954/1227/859
f 1846/1086/748 1837/1606/1206 1826/1607/735
f 2309/1608/1207 2300/1593/1195 2310/1609/1208
f 3226/1610/1209 3216/1596/1198 3227/1611/1210
f 2691/1612/1211 2670/1613/1212 2671/1614/1213
f 2751/1615/1214 2762/1616/1215 2750/1617/1216
f 2315/1603/1204 2325/1618/1217 2314/1100/757
f 2695/1619/1218 2684/1620/1219 2685/1621/1220
f 2313/1102/759 2323/1622/1221 2312/1623/1222
f 2625/1624/1223 2614/1625/1224 2615/1626/1225
f 2768/1627/1226 2756/1628/1227 2757/1315/935
f 2321/1629/1228 2309/1608/1207 2310/1609/1208
f 2756/1628/1227 2743/1630/1229 2744/1316/936
f 4304/1631/1230 4293/1632/1231 4294/1633/1232
f 2326/1634/1233 2343/1635/1234 2325/1618/1217
f 4461/625/329 4472/1636/1235 4481/1637/1236
f 2331/1638/1237 2321/1629/1228 2322/1639/1238
f 2332/1640/1239 2322/1639/1238 2323/1622/1221
f 2324/1101/758 2332/1640/1239 2323/1622/1221
f 2320/1641/1240 2321/1629/1228 2330/1642/1241
f 2395/1643/1242 2384/1644/1243 2385/1645/1244
f 2337/1577/1179 2318/1646/1245 2319/1647/1246
f 2340/1648/1247 2330/1642/1241 2331/1638/1237
f 2341/1649/1248 2331/1638/1237 2332/1640/1239
f 2333/1650/1249 2341/1649/1248 2332/1640/1239
f 5183/1651/1250 5184/1652/1251 5192/1653/1252
f 4278/459/185 4267/1654/1253 4268/1655/1254
f 2364/1656/1255 2363/1657/1256 2353/1658/1257
f 2349/1659/1258 2338/1578/1180 2339/1660/1259
f 2350/1661/1260 2339/1660/1259 2340/1648/1247
f 2351/1662/1261 2340/1648/1247 2341/1649/1248
f 2342/1663/1262 2351/1662/1261 2341/1649/1248
f 2343/1635/1234 2352/1664/1263 2342/1663/1262
f 1883/1159/801 1871/1120/777 1872/1119/776
f 2357/1665/1264 2336/1666/1265 2337/1577/1179
f 2359/1667/1266 2348/1579/1181 2349/1659/1258
f 2360/1668/1267 2349/1659/1258 2350/1661/1260
f 2361/1669/1268 2350/1661/1260 2351/1662/1261
f 2352/1664/1263 2361/1669/1268 2351/1662/1261
f 2353/1658/1257 2362/1670/1269 2352/1664/1263
f 4296/1671/1270 4279/460/186 4280/1672/1271
f 3353/1673/1272 3332/1674/1273 3333/1675/1274
f 2384/1644/1243 2383/1676/1275 2373/1677/1276
f 2369/1678/1277 2358/1679/1278 2359/1667/1266
f 2370/1680/1279 2359/1667/1266 2360/1668/1267
f 2371/1681/1280 2360/1668/1267 2361/1669/1268
f 2362/1670/1269 2371/1681/1280 2361/1669/1268
f 2363/1657/1256 2372/1682/1281 2362/1670/1269
f 3165/1683/1282 3153/1684/1283 3154/1685/1284
f 2377/1686/1285 2356/1687/1286 2357/1665/1264
f 1299/1688/235 1307/550/246 1298/1689/1287
f 2379/1690/1288 2368/1691/1289 2369/1678/1277
f 2380/1692/1290 2369/1678/1277 2370/1680/1279
f 2381/1693/1291 2370/1680/1279 2371/1681/1280
f 2372/1682/1281 2381/1693/1291 2371/1681/1280
f 2373/1677/1276 2382/1694/1292 2372/1682/1281
f 2290/1695/1293 2278/1557/1159 2279/1696/1294
f 2389/1697/1295 2377/1686/1285 2378/1698/1296
f 2390/1699/1297 2378/1698/1296 2379/1690/1288
f 2391/1700/1298 2379/1690/1288 2380/1692/1290
f 2392/1701/1299 2380/1692/1290 2381/1693/1291
f 2382/1694/1292 2392/1701/1299 2381/1693/1291
f 2383/1676/1275 2393/1702/1300 2382/1694/1292
f 2384/1644/1243 2394/1703/1301 2383/1676/1275
f 2376/1704/1302 2377/1686/1285 2388/1705/1303
f 2400/1706/1304 2388/1705/1303 2389/1697/1295
f 2401/1707/1305 2389/1697/1295 2390/1699/1297
f 2402/1708/1306 2390/1699/1297 2391/1700/1298
f 2403/1709/1307 2391/1700/1298 2392/1701/1299
f 2393/1702/1300 2403/1709/1307 2392/1701/1299
f 2394/1703/1301 2404/1710/1308 2393/1702/1300
f 2395/1643/1242 2405/1711/1309 2394/1703/1301
f 2417/1712/1310 2406/1713/1311 2407/1714/1312
f 2411/1715/1313 2399/1716/1314 2400/1706/1304
f 2412/1717/1315 2400/1706/1304 2401/1707/1305
f 2413/1718/1316 2401/1707/1305 2402/1708/1306
f 2414/1719/1317 2402/1708/1306 2403/1709/1307
f 2404/1710/1308 2414/1719/1317 2403/1709/1307
f 2405/1711/1309 2415/1720/1318 2404/1710/1308
f 2406/1713/1311 2416/1721/1319 2405/1711/1309
f 2780/1722/1320 2768/1627/1226 2769/1723/1321
f 4261/743/434 4240/1724/1322 4241/1725/1323
f 2422/1726/1324 2410/1727/1325 2411/1715/1313
f 2423/1728/1326 2411/1715/1313 2412/1717/1315
f 2424/1729/1327 2412/1717/1315 2413/1718/1316
f 2425/1730/1328 2413/1718/1316 2414/1719/1317
f 2415/1720/1318 2425/1730/1328 2414/1719/1317
f 2416/1721/1319 2426/1731/1329 2415/1720/1318
f 2417/1712/1310 2427/1732/1330 2416/1721/1319
f 2780/1722/1320 2770/1733/1331 2781/1734/1332
f 2422/1726/1324 2432/1735/1333 2421/1736/1334
f 2423/1728/1326 2433/1737/1335 2422/1726/1324
f 2424/1729/1327 2434/1738/1336 2423/1728/1326
f 2436/1739/1337 2424/1729/1327 2425/1730/1328
f 2437/1740/1338 2425/1730/1328 2426/1731/1329
f 2438/1741/1339 2426/1731/1329 2427/1732/1330
f 2439/1742/1340 2427/1732/1330 2428/1743/1341
f 2420/846/534 2421/1736/1334 2432/1735/1333
f 2444/1744/1342 2432/1735/1333 2433/1737/1335
f 2445/1745/1343 2433/1737/1335 2434/1738/1336
f 2446/1746/1344 2434/1738/1336 2435/1747/1345
f 2447/1748/1346 2435/1747/1345 2436/1739/1337
f 2437/1740/1338 2447/1748/1346 2436/1739/1337
f 2438/1741/1339 2448/1749/1347 2437/1740/1338
f 2439/1742/1340 2449/1750/1348 2438/1741/1339
f 3952/1751/1349 4676/1752/1350 3953/1753/1351
f 2455/1754/1352 2442/1755/1353 2443/1756/1354
f 2456/1757/1355 2443/1756/1354 2444/1744/1342
f 2457/1758/1356 2444/1744/1342 2445/1745/1343
f 2458/1759/1357 2445/1745/1343 2446/1746/1344
f 2459/1760/1358 2446/1746/1344 2447/1748/1346
f 2448/1749/1347 2459/1760/1358 2447/1748/1346
f 2449/1750/1348 2460/1761/1359 2448/1749/1347
f 2450/1762/1360 2461/1763/1361 2449/1750/1348
f 2451/1764/1362 2462/1765/1363 2450/1762/1360
f 3948/1766/1364 4670/1767/1365 4671/1768/1366
f 2455/1754/1352 2466/1769/1367 2454/1770/1368
f 2456/1757/1355 2467/1771/1369 2455/1754/1352
f 2457/1758/1356 2468/1772/1370 2456/1757/1355
f 2458/1759/1357 2469/1773/1371 2457/1758/1356
f 2471/1774/1372 2458/1759/1357 2459/1760/1358
f 2472/1775/1373 2459/1760/1358 2460/1761/1359
f 2473/1776/1374 2460/1761/1359 2461/1763/1361
f 2474/1777/1375 2461/1763/1361 2462/1765/1363
f 2475/1778/1376 2462/1765/1363 2463/1779/1377
f 2504/1780/1378 2503/1781/1379 2493/1782/1380
f 2466/1769/1367 2467/1771/1369 2478/1783/1381
f 2468/1772/1370 2478/1783/1381 2467/1771/1369
f 2469/1773/1371 2479/1784/1382 2468/1772/1370
f 2470/1785/1383 2480/1786/1384 2469/1773/1371
f 2482/1787/1385 2470/1785/1383 2471/1774/1372
f 2483/1788/1386 2471/1774/1372 2472/1775/1373
f 2484/1789/1387 2472/1775/1373 2473/1776/1374
f 2485/1790/1388 2473/1776/1374 2474/1777/1375
f 2485/1790/1388 2474/1777/1375 2475/1778/1376
f 2476/1791/1389 2475/1778/1376 2463/1779/1377
f 5175/686/374 5154/1792/375 5155/1793/354
f 2491/1794/1390 2482/1787/1385 2483/1788/1386
f 3578/1795/1391 3579/1796/1392 3590/1797/1393
f 3715/1798/1394 3704/1799/1395 3705/1800/1396
f 4522/1801/1397 4534/1802/1398 4533/1251/882
f 2284/1803/1399 2295/1598/1200 2273/1563/1165
f 2357/1665/1264 2358/1679/1278 2368/1691/1289
f 5020/1804/237 5037/1805/238 5019/1806/239
f 1658/1807/587 1666/1808/588 1657/867/555
f 4329/1809/1400 4311/583/289 4312/1591/1193
f 2501/1810/1401 2484/1789/1387 2485/1790/1388
f 4628/1811/1402 4639/1812/1403 4627/1813/1404
f 2489/1814/1405 2496/1815/1406 2488/1816/1407
f 2498/1817/1408 2489/1814/1405 2490/1818/1409
f 2499/1819/1410 2490/1818/1409 2491/1794/1390
f 2479/1784/1382 2488/1816/1407 2495/1820/1411
f 1503/739/431 1492/726/419 1493/1821/1412
f 4370/1822/1413 4351/1823/1414 4352/1824/1415
f 2495/1820/1411 2505/1825/1416 2494/1826/1417
f 2496/1815/1406 2506/1827/1418 2495/1820/1411
f 2497/1828/1419 2507/1829/1420 2496/1815/1406
f 2509/1830/1421 2497/1828/1419 2498/1817/1408
f 2510/1831/1422 2498/1817/1408 2499/1819/1410
f 2511/1832/1423 2499/1819/1410 2500/1833/1424
f 2512/1834/1425 2500/1833/1424 2501/1810/1401
f 3947/1589/1191 3948/1766/1364 3956/1835/1426
f 2505/1825/1416 2516/1836/1427 2504/1780/1378
f 2506/1827/1418 2517/1837/1428 2505/1825/1416
f 2507/1829/1420 2518/1838/1429 2506/1827/1418
f 2508/1839/1430 2519/1840/1431 2507/1829/1420
f 2521/1841/1432 2508/1839/1430 2509/1830/1421
f 2522/1842/1433 2509/1830/1421 2510/1831/1422
f 2523/1843/1434 2510/1831/1422 2511/1832/1423
f 2524/1844/1435 2511/1832/1423 2512/1834/1425
f 2525/1845/1436 2512/1834/1425 2513/1846/1437
f 4635/1847/1438 4622/1848/1439 4623/1849/1440
f 2517/1837/1428 2528/1850/1441 2516/1836/1427
f 2518/1838/1429 2529/1851/1442 2517/1837/1428
f 2519/1840/1431 2530/1852/1443 2518/1838/1429
f 2520/1853/1444 2531/1854/1445 2519/1840/1431
f 2533/1855/1446 2520/1853/1444 2521/1841/1432
f 2534/1856/1447 2521/1841/1432 2522/1842/1433
f 2535/1857/1448 2522/1842/1433 2523/1843/1434
f 2536/1858/1449 2523/1843/1434 2524/1844/1435
f 2537/1859/1450 2524/1844/1435 2525/1845/1436
f 2541/1860/1451 2528/1850/1441 2529/1851/1442
f 2542/1861/1452 2529/1851/1442 2530/1852/1443
f 2543/1862/1453 2530/1852/1443 2531/1854/1445
f 2544/1863/1454 2531/1854/1445 2532/1864/1455
f 2545/1865/1456 2532/1864/1455 2533/1855/1446
f 2534/1856/1447 2545/1865/1456 2533/1855/1446
f 2535/1857/1448 2546/1866/1457 2534/1856/1447
f 2536/1858/1449 2547/1867/1458 2535/1857/1448
f 2537/1859/1450 2548/1868/1459 2536/1858/1449
f 2813/1869/1460 2814/1870/1461 2824/1871/1462
f 2559/1872/1463 2548/1868/1459 2549/1873/1464
f 2553/1874/1465 2541/1860/1451 2542/1861/1452
f 2554/1875/1466 2542/1861/1452 2543/1862/1453
f 2555/1876/1467 2543/1862/1453 2544/1863/1454
f 2556/1877/1468 2544/1863/1454 2545/1865/1456
f 2546/1866/1457 2556/1877/1468 2545/1865/1456
f 2547/1867/1458 2557/1878/1469 2546/1866/1457
f 2548/1868/1459 2558/1879/1470 2547/1867/1458
f 2293/1564/1166 2303/1604/1205 2292/1584/1186
f 2553/1874/1465 2563/1880/1471 2552/1566/1168
f 2554/1875/1466 2564/1881/1472 2553/1874/1465
f 2555/1876/1467 2565/1882/1473 2554/1875/1466
f 2567/1883/1474 2555/1876/1467 2556/1877/1468
f 2568/1884/1475 2556/1877/1468 2557/1878/1469
f 2569/1885/1476 2557/1878/1469 2558/1879/1470
f 2570/1886/1477 2558/1879/1470 2559/1872/1463
f 1313/1887/1478 1294/503/220 1295/1888/251
f 4077/1889/1479 4076/1890/1480 4065/1891/1481
f 2564/1881/1472 2574/1892/1482 2563/1880/1471
f 2565/1882/1473 2575/1893/1483 2564/1881/1472
f 2566/1894/1484 2576/1895/1485 2565/1882/1473
f 2578/1896/1486 2566/1894/1484 2567/1883/1474
f 2579/1897/1487 2567/1883/1474 2568/1884/1475
f 2580/1898/1488 2568/1884/1475 2569/1885/1476
f 2581/1899/1489 2569/1885/1476 2570/1886/1477
f 2562/1567/1169 2574/1892/1482 2584/1900/1490
f 2575/1893/1483 2585/1901/1491 2574/1892/1482
f 2576/1895/1485 2586/1902/1492 2575/1893/1483
f 2577/1903/1493 2587/1904/1494 2576/1895/1485
f 2589/1905/1495 2577/1903/1493 2578/1896/1486
f 2590/1906/1496 2578/1896/1486 2579/1897/1487
f 2591/1907/1497 2579/1897/1487 2580/1898/1488
f 2592/1908/1498 2580/1898/1488 2581/1899/1489
f 2603/1909/1499 2592/1908/1498 2593/1910/1500
f 2597/1911/1501 2585/1901/1491 2586/1902/1492
f 2598/1912/1502 2586/1902/1492 2587/1904/1494
f 2588/1913/1503 2598/1912/1502 2587/1904/1494
f 2600/1914/1504 2588/1913/1503 2589/1905/1495
f 2601/1915/1505 2589/1905/1495 2590/1906/1496
f 2591/1907/1497 2601/1915/1505 2590/1906/1496
f 2592/1908/1498 2602/1916/1506 2591/1907/1497
f 5279/1917/463 5268/1918/464 5269/1919/465
f 2608/1920/1507 2596/1921/1508 2597/1911/1501
f 2609/1922/1509 2597/1911/1501 2598/1912/1502
f 2610/1923/1510 2598/1912/1502 2599/1924/1511
f 2611/1925/1512 2599/1924/1511 2600/1914/1504
f 2601/1915/1505 2611/1925/1512 2600/1914/1504
f 2602/1916/1506 2612/1926/1513 2601/1915/1505
f 2603/1909/1499 2613/1927/1514 2602/1916/1506
f 2758/1928/1515 2747/1929/1516 2759/1930/1517
f 2619/1931/1518 2607/1932/1519 2608/1920/1507
f 2620/1933/1520 2608/1920/1507 2609/1922/1509
f 2621/1934/1521 2609/1922/1509 2610/1923/1510
f 2622/1935/1522 2610/1923/1510 2611/1925/1512
f 2612/1926/1513 2622/1935/1522 2611/1925/1512
f 2613/1927/1514 2623/1936/1523 2612/1926/1513
f 2614/1625/1224 2624/1937/1524 2613/1927/1514
f 2606/1938/1525 2618/1939/1526 2628/1940/1527
f 2630/1941/1528 2618/1939/1526 2619/1931/1518
f 2631/1942/1529 2619/1931/1518 2620/1933/1520
f 2632/1943/1530 2620/1933/1520 2621/1934/1521
f 2633/1944/1531 2621/1934/1521 2622/1935/1522
f 2623/1936/1523 2633/1944/1531 2622/1935/1522
f 2624/1937/1524 2634/1945/1532 2623/1936/1523
f 2625/1624/1223 2635/1946/1533 2624/1937/1524
f 4603/1947/1534 4614/1948/1535 4623/1849/1440
f 2647/1949/1536 2636/1950/1537 2637/1951/1538
f 2641/1952/1539 2629/1953/1540 2630/1941/1528
f 2642/1954/1541 2630/1941/1528 2631/1942/1529
f 2643/1955/1542 2631/1942/1529 2632/1943/1530
f 2644/1956/1543 2632/1943/1530 2633/1944/1531
f 2634/1945/1532 2644/1956/1543 2633/1944/1531
f 2635/1946/1533 2645/1957/1544 2634/1945/1532
f 2636/1950/1537 2646/1958/1545 2635/1946/1533
f 3131/1959/1546 3120/1960/1547 3121/1961/1548
f 2652/1962/1549 2640/1963/1550 2641/1952/1539
f 2653/1964/1551 2641/1952/1539 2642/1954/1541
f 2654/1965/1552 2642/1954/1541 2643/1955/1542
f 2655/1966/1553 2643/1955/1542 2644/1956/1543
f 2645/1957/1544 2655/1966/1553 2644/1956/1543
f 2646/1958/1545 2656/1967/1554 2645/1957/1544
f 2647/1949/1536 2657/1968/1555 2646/1958/1545
f 1282/1969/1556 1271/1970/204 1272/1971/1557
f 5403/909/582 5412/1972/604 5419/1973/610
f 2663/1974/1558 2652/1962/1549 2653/1964/1551
f 2664/1975/1559 2653/1964/1551 2654/1965/1552
f 2665/1976/1560 2654/1965/1552 2655/1966/1553
f 2656/1967/1554 2665/1976/1560 2655/1966/1553
f 2657/1968/1555 2666/1977/1561 2656/1967/1554
f 2651/1978/1562 2662/1979/1563 2671/1614/1213
f 2671/1614/1213 2650/1980/1564 2651/1978/1562
f 2673/1981/1565 2662/1979/1563 2663/1974/1558
f 2674/1982/1566 2663/1974/1558 2664/1975/1559
f 2675/1983/1567 2664/1975/1559 2665/1976/1560
f 2666/1977/1561 2675/1983/1567 2665/1976/1560
f 2667/1984/1568 2676/1985/1569 2666/1977/1561
f 5738/1986/912 5749/1987/903 5727/1988/913
f 2684/1620/1219 2673/1981/1565 2674/1982/1566
f 2683/1989/1570 2672/1990/1571 2673/1981/1565
f 2698/1991/1572 2697/659/361 2687/661/363
f 2698/1991/1572 2679/1992/1573 2699/1993/1574
f 1296/1994/1575 1302/1995/1576 1295/1888/251
f 3333/1675/1274 3344/1996/1577 3353/1673/1272
f 3207/1113/770 3197/475/197 3198/1997/1578
f 4261/743/434 4241/1725/1323 4250/1998/1579
f 5469/1999/675 5449/968/635 5458/2000/676
f 2693/2001/1580 2684/1620/1219 2694/2002/1581
f 2692/2003/1582 2683/1989/1570 2693/2001/1580
f 3665/2004/1583 3643/2005/1584 3654/2006/1585
f 1881/1157/799 1869/1140/782 1870/2007/779
f 4580/1599/1201 4579/2008/1586 4569/2009/1587
f 2314/1100/757 2303/1604/1205 2304/1581/1183
f 2703/2010/1588 2694/2002/1581 2704/2011/1589
f 2702/2012/1590 2693/2001/1580 2703/2010/1588
f 2718/2013/1591 2717/2014/1592 2707/2015/1593
f 5587/2016/1594 5566/1058/727 5567/2017/725
f 2966/2018/1595 2998/2019/1596 2987/2020/1597
f 1867/1136/788 1859/2021/1598 1868/1138/790
f 4266/2022/1599 4257/2023/1600 4267/1654/1253
f 4102/2024/1601 4103/2025/1602 4114/2026/1603
f 4002/2027/1604 4003/2028/1605 4014/2029/1606
f 2714/2030/1607 2703/2010/1588 2704/2011/1589
f 2713/2031/1608 2702/2012/1590 2703/2010/1588
f 3198/1997/1578 3187/477/199 3188/505/221
f 4232/2032/1609 4213/2033/1610 4233/2034/1611
f 3991/2035/1612 4010/2036/1613 3990/2037/1614
f 2724/2038/1615 2713/2031/1608 2714/2030/1607
f 2723/2039/1616 2712/2040/1617 2713/2031/1608
f 2705/2041/1618 2694/2002/1581 2695/1619/1218
f 1430/2042/341 1411/2043/342 1431/2044/343
f 2739/2045/1619 2718/2013/1591 2719/2046/1620
f 2733/2047/1621 2724/2038/1615 2734/2048/1622
f 2732/2049/1623 2723/2039/1616 2733/2047/1621
f 2738/2050/1624 2737/1559/1161 2727/1561/1163
f 3353/1673/1272 3372/2051/1625 3352/2052/1626
f 2730/2053/1627 2741/2054/1628 2729/2055/1629
f 2731/2056/1630 2742/2057/1631 2730/2053/1627
f 2732/2049/1623 2743/1630/1229 2731/2056/1630
f 2733/2047/1621 2744/1316/936 2732/2049/1623
f 2734/2048/1622 2745/1317/937 2733/2047/1621
f 2747/1929/1516 2734/2048/1622 2735/2058/1632
f 2748/2059/1633 2735/2058/1632 2736/2060/1634
f 2749/2061/1635 2736/2060/1634 2737/1559/1161
f 2750/1617/1216 2737/1559/1161 2738/2050/1624
f 2751/1615/1214 2738/2050/1624 2739/2045/1619
f 2752/2062/1636 2739/2045/1619 2740/2063/1637
f 2761/2064/1638 2750/1617/1216 2762/1616/1215
f 2760/2065/1639 2749/2061/1635 2761/2064/1638
f 2759/1930/1517 2748/2059/1633 2760/2065/1639
f 2876/2066/1640 2877/2067/1641 2888/2068/1642
f 4190/2069/1643 4191/2070/1644 4202/2071/1645
f 1838/2072/750 1829/1072/739 1839/1082/746
f 4340/2073/1646 4331/2074/1647 4332/2075/1648
f 2755/2076/1649 2742/2057/1631 2743/1630/1229
f 2754/2077/1650 2755/2076/1649 2766/2078/1651
f 2772/2079/1652 2762/1616/1215 2773/2080/1653
f 2771/2081/1654 2761/2064/1638 2772/2079/1652
f 2770/1733/1331 2760/2065/1639 2771/2081/1654
f 3264/2082/1655 3276/2083/1656 3275/2084/1657
f 3056/2085/1658 3068/2086/1659 3078/2087/1660
f 2758/1928/1515 2745/1317/937 2746/2088/1661
f 2364/1656/1255 2345/2089/1662 2365/2090/1663
f 1670/917/594 1685/930/599 1669/499/216
f 2783/2091/1664 2773/2080/1653 2784/2092/1665
f 2782/2093/1666 2772/2079/1652 2783/2091/1664
f 2781/1734/1332 2771/2081/1654 2782/2093/1666
f 4323/2094/1667 4321/2095/1668 4322/966/643
f 5441/2096/1669 5442/2097/625 5452/2098/647
f 2291/1586/1188 2279/1696/1294 2280/944/621
f 4634/2099/1670 4633/2100/1671 4621/2101/1672
f 4418/1570/1172 4430/2102/1673 4440/2103/1674
f 2795/2104/1675 2784/2092/1665 2796/2105/1676
f 2794/2106/1677 2783/2091/1664 2795/2104/1675
f 2793/2107/1678 2782/2093/1666 2794/2106/1677
f 2500/1833/1424 2499/1819/1410 2491/1794/1390
f 3461/2108/1679 3472/2109/1680 3480/1132/784
f 1834/2110/727 1833/1075/728 1823/1066/729
f 1803/1046/708 1792/1033/705 1793/1540/706
f 1359/2111/1681 1349/2112/1682 1360/2113/300
f 4362/2114/1683 4345/2115/1684 4363/2116/1685
f 2807/2117/1686 2796/2105/1676 2808/2118/1687
f 2806/2119/1688 2795/2104/1675 2807/2117/1686
f 2805/2120/1689 2794/2106/1677 2806/2119/1688
f 5142/2121/1690 5141/2122/351 5131/2123/339
f 2996/2124/1691 3007/2125/1692 2975/2126/1693
f 4024/2127/1694 4025/2128/1695 4036/2129/1696
f 2812/2130/1697 2832/2131/1698 2823/2132/1699
f 2809/2133/1700 2820/2134/1701 2808/2118/1687
f 2819/2135/1702 2808/2118/1687 2820/2134/1701
f 2818/2136/1703 2807/2117/1686 2819/2135/1702
f 2817/2137/1704 2806/2119/1688 2818/2136/1703
f 1890/454/180 1260/484/206 1268/452/178
f 1691/938/615 1674/902/586 1675/908/592
f 3438/2138/1705 3450/2139/1706 3460/1134/786
f 2821/2140/1707 2840/2141/1708 2820/2134/1701
f 2829/2142/1709 2819/2135/1702 2820/2134/1701
f 2825/2143/1710 2814/1870/1461 2815/642/344
f 2826/2144/1711 2815/642/344 2816/2145/1712
f 2827/2146/1713 2816/2145/1712 2817/2137/1704
f 2818/2136/1703 2827/2146/1713 2817/2137/1704
f 2819/2135/1702 2828/2147/1714 2818/2136/1703
f 1267/473/195 1278/498/212 1287/527/239
f 5585/1576/1178 5574/1077/743 5575/1085/742
f 2835/2148/1715 2824/1871/1462 2825/2143/1710
f 2836/2149/1716 2825/2143/1710 2826/2144/1711
f 2837/2150/1717 2826/2144/1711 2827/2146/1713
f 2828/2147/1714 2837/2150/1717 2827/2146/1713
f 2829/2142/1709 2838/2151/1718 2828/2147/1714
f 4124/2152/1719 4113/2153/1720 4102/2024/1601
f 2863/2154/1721 2862/2155/1722 2851/2156/1723
f 2845/2157/1724 2833/2158/1725 2834/2159/1726
f 2846/2160/1727 2834/2159/1726 2835/2148/1715
f 2847/2161/1728 2835/2148/1715 2836/2149/1716
f 2848/2162/1729 2836/2149/1716 2837/2150/1717
f 2838/2151/1718 2848/2162/1729 2837/2150/1717
f 2839/2163/1730 2849/2164/1731 2838/2151/1718
f 2840/2141/1708 2850/2165/1732 2839/2163/1730
f 2706/2166/1733 2715/2167/1734 2705/2041/1618
f 2856/2168/1735 2844/2169/1736 2845/2157/1724
f 2857/2170/1737 2845/2157/1724 2846/2160/1727
f 2858/2171/1738 2846/2160/1727 2847/2161/1728
f 2859/2172/1739 2847/2161/1728 2848/2162/1729
f 2849/2164/1731 2859/2172/1739 2848/2162/1729
f 2850/2165/1732 2860/2173/1740 2849/2164/1731
f 2851/2156/1723 2861/2174/1741 2850/2165/1732
f 2885/2175/1742 2884/2176/1743 2873/2177/1744
f 2867/2178/1745 2855/2179/1746 2856/2168/1735
f 2868/2180/1747 2856/2168/1735 2857/2170/1737
f 2869/2181/1748 2857/2170/1737 2858/2171/1738
f 2870/2182/1749 2858/2171/1738 2859/2172/1739
f 2860/2173/1740 2870/2182/1749 2859/2172/1739
f 2861/2174/1741 2871/2183/1750 2860/2173/1740
f 2862/2155/1722 2872/2184/1751 2861/2174/1741
f 3065/2185/1752 3064/2186/1753 3053/2187/1754
f 2898/2188/1755 2920/2189/1756 2909/2190/1757
f 2878/2191/1758 2866/2192/1759 2867/2178/1745
f 2879/2193/1760 2867/2178/1745 2868/2180/1747
f 2880/2194/1761 2868/2180/1747 2869/2181/1748
f 2881/2195/1762 2869/2181/1748 2870/2182/1749
f 2871/2183/1750 2881/2195/1762 2870/2182/1749
f 2872/2184/1751 2882/2196/1763 2871/2183/1750
f 2873/2177/1744 2883/2197/1764 2872/2184/1751
f 2907/2198/1765 2906/2199/1766 2895/2200/1767
f 2889/2201/1768 2877/2067/1641 2878/2191/1758
f 2890/2202/1769 2878/2191/1758 2879/2193/1760
f 2891/2203/1770 2879/2193/1760 2880/2194/1761
f 2892/2204/1771 2880/2194/1761 2881/2195/1762
f 2882/2196/1763 2892/2204/1771 2881/2195/1762
f 2883/2197/1764 2893/2205/1772 2882/2196/1763
f 2884/2176/1743 2894/2206/1773 2883/2197/1764
f 4558/2207/1774 4570/2208/1775 4580/1599/1201
f 2900/2209/1776 2888/2068/1642 2889/2201/1768
f 2901/2210/1777 2889/2201/1768 2890/2202/1769
f 2902/2211/1778 2890/2202/1769 2891/2203/1770
f 2903/2212/1779 2891/2203/1770 2892/2204/1771
f 2893/2205/1772 2903/2212/1779 2892/2204/1771
f 2894/2206/1773 2904/2213/1780 2893/2205/1772
f 2895/2200/1767 2905/2214/1781 2894/2206/1773
f 2929/2215/1782 2928/2216/1783 2917/2217/1784
f 2911/2218/1785 2899/2219/1786 2900/2209/1776
f 2912/2220/1787 2900/2209/1776 2901/2210/1777
f 2913/2221/1788 2901/2210/1777 2902/2211/1778
f 2914/2222/1789 2902/2211/1778 2903/2212/1779
f 2904/2213/1780 2914/2222/1789 2903/2212/1779
f 2905/2214/1781 2915/2223/1790 2904/2213/1780
f 2906/2199/1766 2916/2224/1791 2905/2214/1781
f 5799/2225/938 5788/1304/922 5789/2226/939
f 2922/2227/1792 2910/2228/1793 2911/2218/1785
f 2923/2229/1794 2911/2218/1785 2912/2220/1787
f 2924/2230/1795 2912/2220/1787 2913/2221/1788
f 2925/2231/1796 2913/2221/1788 2914/2222/1789
f 2915/2223/1790 2925/2231/1796 2914/2222/1789
f 2916/2224/1791 2926/2232/1797 2915/2223/1790
f 2917/2217/1784 2927/2233/1798 2916/2224/1791
f 2951/2234/1799 2950/2235/1800 2939/2236/1801
f 2933/2237/1802 2921/2238/1803 2922/2227/1792
f 2934/2239/1804 2922/2227/1792 2923/2229/1794
f 2935/2240/1805 2923/2229/1794 2924/2230/1795
f 2936/2241/1806 2924/2230/1795 2925/2231/1796
f 2926/2232/1797 2936/2241/1806 2925/2231/1796
f 2927/2233/1798 2937/2242/1807 2926/2232/1797
f 2928/2216/1783 2938/2243/1808 2927/2233/1798
f 2301/2244/1809 2289/1574/1176 2290/1695/1293
f 2944/2245/1810 2932/2246/1811 2933/2237/1802
f 2945/2247/1812 2933/2237/1802 2934/2239/1804
f 2946/2248/1813 2934/2239/1804 2935/2240/1805
f 2947/2249/1814 2935/2240/1805 2936/2241/1806
f 2937/2242/1807 2947/2249/1814 2936/2241/1806
f 2938/2243/1808 2948/2250/1815 2937/2242/1807
f 2939/2236/1801 2949/2251/1816 2938/2243/1808
f 3241/1529/1137 2270/511/227 3240/1532/1139
f 2955/2252/1817 2942/2253/1818 2943/2254/1819
f 2956/2255/1820 2943/2254/1819 2944/2245/1810
f 2957/2256/1821 2944/2245/1810 2945/2247/1812
f 2958/2257/1822 2945/2247/1812 2946/2248/1813
f 2959/2258/1823 2946/2248/1813 2947/2249/1814
f 2948/2250/1815 2959/2258/1823 2947/2249/1814
f 2949/2251/1816 2960/2259/1824 2948/2250/1815
f 2950/2235/1800 2961/2260/1825 2949/2251/1816
f 2951/2234/1799 2962/2261/1826 2950/2235/1800
f 2992/2262/1827 2981/2263/1828 2982/663/365
f 2955/2252/1817 2966/2018/1595 2954/2264/1829
f 2956/2255/1820 2967/2265/1830 2955/2252/1817
f 2957/2256/1821 2968/2266/1831 2956/2255/1820
f 2958/2257/1822 2969/2267/1832 2957/2256/1821
f 2971/2268/1833 2958/2257/1822 2959/2258/1823
f 2972/2269/1834 2959/2258/1823 2960/2259/1824
f 2973/2270/1835 2960/2259/1824 2961/2260/1825
f 2974/2271/1836 2961/2260/1825 2962/2261/1826
f 2975/2126/1693 2962/2261/1826 2963/2272/1837
f 4290/2273/1838 4299/2274/1839 4289/1555/1157
f 2286/2275/1840 2318/1646/1245 2297/2276/1841
f 2968/2266/1831 2978/2277/1842 2967/2265/1830
f 2969/2267/1832 2979/684/386 2968/2266/1831
f 2970/2278/1843 2980/2279/1844 2969/2267/1832
f 2982/663/365 2970/2278/1843 2971/2268/1833
f 2983/664/366 2971/2268/1833 2972/2269/1834
f 2984/2280/1845 2972/2269/1834 2973/2270/1835
f 2985/2281/1846 2973/2270/1835 2974/2271/1836
f 2966/2018/1595 2967/2265/1830 2978/2277/1842
f 4346/2282/1847 4328/584/290 4329/1809/1400
f 2995/2283/1848 2984/2280/1845 2985/2281/1846
f 2994/2284/1849 2983/664/366 2984/2280/1845
f 2796/2105/1676 2784/2092/1665 2785/2285/1850
f 4364/2286/1851 4347/2287/1852 4365/2288/1853
f 2990/2289/1854 2981/2263/1828 2991/2290/1855
f 1855/2291/1594 1834/2110/727 1835/1056/725
f 5091/2292/1681 5081/2293/1682 5092/595/300
f 5567/2017/725 5547/2294/726 5556/2295/1856
f 2009/1263/894 2010/1264/895 2020/1276/907
f 3207/1113/770 3199/2296/1857 3208/1595/1197
f 4650/1108/765 4638/2297/1858 4639/1812/1403
f 3218/2298/1859 3202/2299/1860 3219/2300/1861
f 2581/1899/1489 2570/1886/1477 2571/2301/1862
f 4269/2302/1863 4259/2303/1864 4260/742/433
f 2989/685/387 2999/2304/1865 2988/683/385
f 2990/2289/1854 3000/2305/1866 2989/685/387
f 2991/2290/1855 3001/2306/1867 2990/2289/1854
f 3003/2307/1868 2991/2290/1855 2992/2262/1827
f 3004/2308/1869 2992/2262/1827 2993/662/364
f 3005/2309/1870 2993/662/364 2994/2284/1849
f 3006/2310/1871 2994/2284/1849 2995/2283/1848
f 2999/2304/1865 3010/2311/1872 2998/2019/1596
f 3000/2305/1866 3011/2312/1873 2999/2304/1865
f 3001/2306/1867 3012/2313/1874 3000/2305/1866
f 3002/2314/1875 3013/2315/1876 3001/2306/1867
f 3015/2316/1877 3002/2314/1875 3003/2307/1868
f 3016/2317/1878 3003/2307/1868 3004/2308/1869
f 3017/2318/1879 3004/2308/1869 3005/2309/1870
f 3018/2319/1880 3005/2309/1870 3006/2310/1871
f 3019/2320/1881 3006/2310/1871 3007/2125/1692
f 3011/2312/1873 3022/2321/1882 3010/2311/1872
f 3012/2313/1874 3023/2322/1883 3011/2312/1873
f 3013/2315/1876 3024/2323/1884 3012/2313/1874
f 3014/2324/1885 3025/2325/1886 3013/2315/1876
f 3027/2326/1887 3014/2324/1885 3015/2316/1877
f 3028/2327/1888 3015/2316/1877 3016/2317/1878
f 3029/2328/1889 3016/2317/1878 3017/2318/1879
f 3030/2329/1890 3017/2318/1879 3018/2319/1880
f 3031/2330/1891 3018/2319/1880 3019/2320/1881
f 3044/2331/1892 3054/2332/1893 3043/2333/1894
f 3035/2334/1895 3022/2321/1882 3023/2322/1883
f 3036/2335/1896 3023/2322/1883 3024/2323/1884
f 3037/2336/1897 3024/2323/1884 3025/2325/1886
f 3038/2337/1898 3025/2325/1886 3026/2338/1899
f 3039/2339/1900 3026/2338/1899 3027/2326/1887
f 3028/2327/1888 3039/2339/1900 3027/2326/1887
f 3029/2328/1889 3040/2340/1901 3028/2327/1888
f 3030/2329/1890 3041/2341/1902 3029/2328/1889
f 3031/2330/1891 3042/2342/1903 3030/2329/1890
f 3801/2343/1904 3539/1183/823 3800/2344/1905
f 1842/1092/743 1831/1073/740 1832/1074/741
f 3047/2345/1906 3035/2334/1895 3036/2335/1896
f 3048/2346/1907 3036/2335/1896 3037/2336/1897
f 3049/2347/1908 3037/2336/1897 3038/2337/1898
f 3050/2348/1909 3038/2337/1898 3039/2339/1900
f 3040/2340/1901 3050/2348/1909 3039/2339/1900
f 3041/2341/1902 3051/2349/1910 3040/2340/1901
f 3042/2342/1903 3052/2350/1911 3041/2341/1902
f 3034/2351/1912 3046/2352/1913 3056/2085/1658
f 3047/2345/1906 3057/2353/1914 3046/2352/1913
f 3048/2346/1907 3058/2354/1915 3047/2345/1906
f 3049/2347/1908 3059/2355/1916 3048/2346/1907
f 3061/2356/1917 3049/2347/1908 3050/2348/1909
f 3062/2357/1918 3050/2348/1909 3051/2349/1910
f 3063/2358/1919 3051/2349/1910 3052/2350/1911
f 3064/2186/1753 3052/2350/1911 3053/2187/1754
f 3254/2359/1920 3535/2360/1921 3255/2361/1922
f 3087/2362/1923 3086/2363/1924 3075/2364/1925
f 3058/2354/1915 3068/2086/1659 3057/2353/1914
f 3059/2355/1916 3069/2365/1926 3058/2354/1915
f 3060/2366/1927 3070/2367/1928 3059/2355/1916
f 3072/2368/1929 3060/2366/1927 3061/2356/1917
f 3073/2369/1930 3061/2356/1917 3062/2357/1918
f 3074/2370/1931 3062/2357/1918 3063/2358/1919
f 3075/2364/1925 3063/2358/1919 3064/2186/1753
f 2302/1585/1187 2290/1695/1293 2291/1586/1188
f 3087/2362/1923 3088/2371/1932 3100/2372/1933
f 3069/2365/1926 3079/2373/1934 3068/2086/1659
f 3070/2367/1928 3080/2374/1935 3069/2365/1926
f 3071/2375/1936 3081/2376/1937 3070/2367/1928
f 3083/2377/1938 3071/2375/1936 3072/2368/1929
f 3084/2378/1939 3072/2368/1929 3073/2369/1930
f 3085/2379/1940 3073/2369/1930 3074/2370/1931
f 3086/2363/1924 3074/2370/1931 3075/2364/1925
f 3091/2380/1941 3078/2087/1660 3079/2373/1934
f 3092/2381/1942 3079/2373/1934 3080/2374/1935
f 3093/2382/1943 3080/2374/1935 3081/2376/1937
f 3094/2383/1944 3081/2376/1937 3082/2384/1945
f 3095/2385/1946 3082/2384/1945 3083/2377/1938
f 3084/2378/1939 3095/2385/1946 3083/2377/1938
f 3085/2379/1940 3096/2386/1947 3084/2378/1939
f 3086/2363/1924 3097/2387/1948 3085/2379/1940
f 3087/2362/1923 3098/1572/1174 3086/2363/1924
f 2920/2189/1756 2921/2238/1803 2932/2246/1811
f 3103/2388/1949 3091/2380/1941 3092/2381/1942
f 3104/2389/1950 3092/2381/1942 3093/2382/1943
f 3105/2390/1951 3093/2382/1943 3094/2383/1944
f 3106/2391/1952 3094/2383/1944 3095/2385/1946
f 3096/2386/1947 3106/2391/1952 3095/2385/1946
f 3097/2387/1948 3107/2392/1953 3096/2386/1947
f 3098/1572/1174 3108/2393/1954 3097/2387/1948
f 3090/2394/1955 3102/2395/1956 3112/2396/1957
f 3114/2397/1958 3102/2395/1956 3103/2388/1949
f 3115/2398/1959 3103/2388/1949 3104/2389/1950
f 3116/2399/1960 3104/2389/1950 3105/2390/1951
f 3117/2400/1961 3105/2390/1951 3106/2391/1952
f 3107/2392/1953 3117/2400/1961 3106/2391/1952
f 3108/2393/1954 3118/2401/1962 3107/2392/1953
f 3109/1571/1173 3119/2402/1963 3108/2393/1954
f 1884/1160/802 1872/1119/776 1873/2403/1964
f 3125/2404/1965 3113/2405/1966 3114/2397/1958
f 3126/2406/1967 3114/2397/1958 3115/2398/1959
f 3127/2407/1968 3115/2398/1959 3116/2399/1960
f 3128/2408/1969 3116/2399/1960 3117/2400/1961
f 3118/2401/1962 3128/2408/1969 3117/2400/1961
f 3119/2402/1963 3129/2409/1970 3118/2401/1962
f 3120/1960/1547 3130/2410/1971 3119/2402/1963
f 3112/2396/1957 3124/2411/1972 3134/2412/1973
f 3136/2413/1974 3124/2411/1972 3125/2404/1965
f 3137/2414/1975 3125/2404/1965 3126/2406/1967
f 3138/2415/1976 3126/2406/1967 3127/2407/1968
f 3139/2416/1977 3127/2407/1968 3128/2408/1969
f 3129/2409/1970 3139/2416/1977 3128/2408/1969
f 3130/2410/1971 3140/2417/1978 3129/2409/1970
f 3131/1959/1546 3141/2418/1979 3130/2410/1971
f 3162/2419/1980 3143/2420/1981 3163/2421/1982
f 4329/1809/1400 4330/1590/1192 4338/2422/1983
f 3147/2423/1984 3136/2413/1974 3137/2414/1975
f 3148/2424/1985 3137/2414/1975 3138/2415/1976
f 3149/2425/1986 3138/2415/1976 3139/2416/1977
f 3140/2417/1978 3149/2425/1986 3139/2416/1977
f 3141/2418/1979 3150/2426/1987 3140/2417/1978
f 3135/2427/1988 3146/2428/1989 3155/2429/1990
f 3251/2430/1991 3530/2431/1992 3531/2432/1993
f 3157/2433/1994 3146/2428/1989 3147/2423/1984
f 3158/2434/1995 3147/2423/1984 3148/2424/1985
f 3159/2435/1996 3148/2424/1985 3149/2425/1986
f 3150/2426/1987 3159/2435/1996 3149/2425/1986
f 3151/2436/1997 3160/2437/1998 3150/2426/1987
f 3183/2438/1999 3162/2419/1980 3163/2421/1982
f 3167/2439/2000 3156/2440/2001 3157/2433/1994
f 3168/2441/2002 3157/2433/1994 3158/2434/1995
f 3169/2442/2003 3158/2434/1995 3159/2435/1996
f 3160/2437/1998 3169/2442/2003 3159/2435/1996
f 3161/2443/2004 3170/2444/2005 3160/2437/1998
f 3155/2429/1990 3166/2445/2006 3175/2446/2007
f 1918/2447/2008 1929/480/202 1909/479/201
f 3180/2448/2009 3171/2449/2010 3181/2450/2011
f 3179/2451/2012 3170/2444/2005 3180/2448/2009
f 2707/2015/1593 2696/2452/2013 2697/659/361
f 2418/2453/2014 2430/2454/2015 2429/2455/2016
f 4285/2456/2017 4277/2457/2018 4286/2458/2019
f 3190/2459/2020 3181/2450/2011 3191/2460/2021
f 3189/2461/2022 3180/2448/2009 3190/2459/2020
f 1299/1688/235 1291/2462/236 1300/518/232
f 1299/1688/235 1289/514/228 1290/512/224
f 3186/476/198 3195/2463/2023 3175/2446/2007
f 3200/2464/2024 3191/2460/2021 3201/2465/2025
f 3199/2296/1857 3190/2459/2020 3200/2464/2024
f 1283/2466/210 1272/1971/1557 1273/2467/211
f 3978/2468/2026 3967/543/253 3968/2469/2027
f 3965/2470/2028 3974/2471/2029 3964/1587/1189
f 3320/2472/2030 3330/2473/2031 3319/2474/2032
f 3208/1595/1197 3200/2464/2024 3209/2475/2033
f 4647/2476/2034 4635/1847/1438 4636/1351/969
f 3967/543/253 3959/729/422 3968/2469/2027
f 3784/2477/2035 3795/2478/2036 3783/2479/2037
f 3319/2474/2032 3318/2480/2038 3307/2481/2039
f 1669/499/216 1648/2482/580 1649/2483/581
f 3213/2484/2040 3195/2463/2023 3196/2485/2041
f 2816/2145/1712 2803/644/346 2804/2486/2042
f 3216/1596/1198 3209/2475/2033 3217/2487/2043
f 1729/982/657 1708/993/667 1709/947/624
f 3230/2488/2044 3218/2298/1859 3219/2300/1861
f 3229/2489/2045 3217/2487/2043 3218/2298/1859
f 3228/2490/2046 3216/1596/1198 3217/2487/2043
f 3183/2438/1999 3202/2299/1860 3182/2491/2047
f 3187/477/199 3176/2492/2048 3177/506/222
f 5586/2493/2049 5585/1576/1178 5575/1085/742
f 3941/2494/2050 3943/2495/2051 3948/1766/1364
f 2769/1723/1321 2757/1315/935 2758/1928/1515
f 3172/2496/2052 3184/2497/2053 3183/2438/1999
f 3222/2498/2054 3233/2499/2055 3221/2500/2056
f 3223/2501/2057 3234/1542/1147 3222/2498/2054
f 3224/2502/2058 3235/1543/1148 3223/2501/2057
f 3225/2503/2059 3236/1538/1145 3224/2502/2058
f 3226/1610/1209 3237/1539/1146 3225/2503/2059
f 3239/1533/1140 3226/1610/1209 3227/1611/1210
f 3240/1532/1139 3227/1611/1210 3228/2490/2046
f 3241/1529/1137 3228/2490/2046 3229/2489/2045
f 3242/1528/1136 3229/2489/2045 3230/2488/2044
f 3243/2504/2060 3230/2488/2044 3231/2505/2061
f 3244/2506/2062 3231/2505/2061 3232/2507/2063
f 2376/1704/1302 2367/2508/2064 2356/1687/1286
f 1291/2462/236 1282/1969/1556 1292/519/233
f 3263/2509/2065 3253/2510/2066 3254/2359/1920
f 3249/2511/2067 3258/914/597 3248/2512/2068
f 3250/2513/2069 3259/2514/2070 3249/2511/2067
f 3261/2515/2071 3250/2513/2069 3251/2430/1991
f 3262/2516/2072 3251/2430/1991 3252/2517/2073
f 3263/2509/2065 3252/2517/2073 3253/2510/2066
f 2985/2281/1846 2974/2271/1836 2975/2126/1693
f 3247/913/596 3266/2518/2074 3246/765/455
f 3259/2514/2070 3268/2519/2075 3258/914/597
f 3260/2520/2076 3269/2521/2077 3259/2514/2070
f 3271/2522/2078 3260/2520/2076 3261/2515/2071
f 3272/2523/2079 3261/2515/2071 3262/2516/2072
f 3273/2524/2080 3262/2516/2072 3263/2509/2065
f 3297/2525/2081 3296/2526/2082 3285/2527/2083
f 3268/2519/2075 3278/2528/2084 3267/915/598
f 3269/2521/2077 3279/2529/2085 3268/2519/2075
f 3270/2530/2086 3280/2531/2087 3269/2521/2077
f 3282/2532/2088 3270/2530/2086 3271/2522/2078
f 3283/2533/2089 3271/2522/2078 3272/2523/2079
f 3284/2534/2090 3272/2523/2079 3273/2524/2080
f 3285/2527/2083 3273/2524/2080 3274/2535/2091
f 5650/2536/2008 5661/1203/202 5641/2537/201
f 2490/1818/1409 2481/2538/2092 2482/1787/1385
f 3279/2529/2085 3289/2539/2093 3278/2528/2084
f 3280/2531/2087 3290/2540/2094 3279/2529/2085
f 3281/2541/2095 3291/2542/2096 3280/2531/2087
f 3293/2543/2097 3281/2541/2095 3282/2532/2088
f 3294/2544/2098 3282/2532/2088 3283/2533/2089
f 3295/2545/2099 3283/2533/2089 3284/2534/2090
f 3296/2526/2082 3284/2534/2090 3285/2527/2083
f 4640/2546/2100 4650/1108/765 4639/1812/1403
f 3290/2540/2094 3300/2547/2101 3289/2539/2093
f 3291/2542/2096 3301/2548/2102 3290/2540/2094
f 3292/2549/2103 3302/2550/2104 3291/2542/2096
f 3304/2551/2105 3292/2549/2103 3293/2543/2097
f 3305/2552/2106 3293/2543/2097 3294/2544/2098
f 3306/2553/2107 3294/2544/2098 3295/2545/2099
f 3307/2481/2039 3295/2545/2099 3296/2526/2082
f 3288/2554/2108 3300/2547/2101 3310/2555/2109
f 3312/2556/2110 3300/2547/2101 3301/2548/2102
f 3313/2557/2111 3301/2548/2102 3302/2550/2104
f 3314/2558/2112 3302/2550/2104 3303/2559/2113
f 3315/2560/2114 3303/2559/2113 3304/2551/2105
f 3305/2552/2106 3315/2560/2114 3304/2551/2105
f 3306/2553/2107 3316/2561/2115 3305/2552/2106
f 3307/2481/2039 3317/2562/2116 3306/2553/2107
f 3341/2563/2117 3340/2564/2118 3329/2565/2119
f 3323/2566/2120 3311/2567/2121 3312/2556/2110
f 3324/2568/2122 3312/2556/2110 3313/2557/2111
f 3325/2569/2123 3313/2557/2111 3314/2558/2112
f 3326/2570/2124 3314/2558/2112 3315/2560/2114
f 3316/2561/2115 3326/2570/2124 3315/2560/2114
f 3317/2562/2116 3327/2571/2125 3316/2561/2115
f 3318/2480/2038 3328/2572/2126 3317/2562/2116
f 5321/2573/512 5310/2574/513 5311/2575/2127
f 1826/1607/735 1807/1048/717 1827/1087/736
f 3334/2576/2128 3322/2577/2129 3323/2566/2120
f 3335/2578/2130 3323/2566/2120 3324/2568/2122
f 3336/2579/2131 3324/2568/2122 3325/2569/2123
f 3337/2580/2132 3325/2569/2123 3326/2570/2124
f 3327/2571/2125 3337/2580/2132 3326/2570/2124
f 3328/2572/2126 3338/2581/2133 3327/2571/2125
f 3329/2565/2119 3339/2582/2134 3328/2572/2126
f 4658/2583/2135 4648/1350/968 4659/1109/766
f 3341/2563/2117 3360/2584/2136 3340/2564/2118
f 3349/2585/2137 3339/2582/2134 3340/2564/2118
f 3345/2586/2138 3334/2576/2128 3335/2578/2130
f 3346/2587/2139 3335/2578/2130 3336/2579/2131
f 3347/2588/2140 3336/2579/2131 3337/2580/2132
f 3338/2581/2133 3347/2588/2140 3337/2580/2132
f 3339/2582/2134 3348/2589/2141 3338/2581/2133
f 2816/2145/1712 2805/2120/1689 2817/2137/1704
f 4256/2590/2142 4247/2591/2143 4257/2023/1600
f 3355/2592/2144 3344/1996/1577 3345/2586/2138
f 3356/2593/2145 3345/2586/2138 3346/2587/2139
f 3357/2594/2146 3346/2587/2139 3347/2588/2140
f 3348/2589/2141 3357/2594/2146 3347/2588/2140
f 3349/2585/2137 3358/2595/2147 3348/2589/2141
f 3381/2596/2148 3360/2584/2136 3361/2597/2149
f 3369/2598/2150 3359/2599/2151 3360/2584/2136
f 3365/2600/2152 3354/2601/2153 3355/2592/2144
f 3366/2602/2154 3355/2592/2144 3356/2593/2145
f 3367/2603/2155 3356/2593/2145 3357/2594/2146
f 3358/2595/2147 3367/2603/2155 3357/2594/2146
f 3359/2599/2151 3368/2604/2156 3358/2595/2147
f 3162/2419/1980 3161/2443/2004 3151/2436/1997
f 3155/2429/1990 3134/2412/1973 3135/2427/1988
f 3371/2605/2157 3363/2606/2158 3372/2051/1625
f 3365/2600/2152 3374/2607/2159 3364/2608/2160
f 3366/2602/2154 3375/2609/2161 3365/2600/2152
f 3377/2610/2162 3366/2602/2154 3367/2603/2155
f 3378/2611/2163 3367/2603/2155 3368/2604/2156
f 3379/2612/2164 3368/2604/2156 3369/2598/2150
f 3212/2613/2165 3222/2498/2054 3194/2614/2166
f 3374/2607/2159 3384/2615/2167 3373/2616/2168
f 3375/2609/2161 3385/2617/2169 3374/2607/2159
f 3376/2618/2170 3386/2619/2171 3375/2609/2161
f 3388/2620/2172 3376/2618/2170 3377/2610/2162
f 3389/2621/2173 3377/2610/2162 3378/2611/2163
f 3390/2622/2174 3378/2611/2163 3379/2612/2164
f 3391/2623/2175 3379/2612/2164 3380/2624/2176
f 3372/2051/1625 3384/2615/2167 3394/470/192
f 5248/2625/2177 5258/2626/2178 5247/2627/444
f 3385/2617/2169 3395/2628/2179 3384/2615/2167
f 3386/2619/2171 3396/2629/2180 3385/2617/2169
f 3387/2630/2181 3397/2631/2182 3386/2619/2171
f 3399/2632/2183 3387/2630/2181 3388/2620/2172
f 3400/2633/2184 3388/2620/2172 3389/2621/2173
f 3401/2634/2185 3389/2621/2173 3390/2622/2174
f 3402/2635/2186 3390/2622/2174 3391/2623/2175
f 5616/2636/802 5604/1127/776 5605/2637/1964
f 3425/2638/2187 3424/2639/2188 3413/2640/2189
f 3396/2629/2180 3406/471/193 3395/2628/2179
f 3397/2631/2182 3407/2641/2190 3396/2629/2180
f 3398/2642/2191 3408/2643/2192 3397/2631/2182
f 3410/2644/2193 3398/2642/2191 3399/2632/2183
f 3411/2645/2194 3399/2632/2183 3400/2633/2184
f 3412/2646/2195 3400/2633/2184 3401/2634/2185
f 3413/2640/2189 3401/2634/2185 3402/2635/2186
f 2989/685/387 2980/2279/1844 2990/2289/1854
f 3407/2641/2190 3417/2647/2196 3406/471/193
f 3408/2643/2192 3418/2648/2197 3407/2641/2190
f 3409/2649/2198 3419/2650/2199 3408/2643/2192
f 3421/2651/2200 3409/2649/2198 3410/2644/2193
f 3422/2652/2201 3410/2644/2193 3411/2645/2194
f 3423/2653/2202 3411/2645/2194 3412/2646/2195
f 3424/2639/2188 3412/2646/2195 3413/2640/2189
f 5379/2654/2203 5380/896/580 5391/2655/2204
f 3429/2656/2205 3417/2647/2196 3418/2648/2197
f 3430/2657/2206 3418/2648/2197 3419/2650/2199
f 3431/2658/2207 3419/2650/2199 3420/2659/2208
f 3432/2660/2209 3420/2659/2208 3421/2651/2200
f 3422/2652/2201 3432/2660/2209 3421/2651/2200
f 3423/2653/2202 3433/2661/2210 3422/2652/2201
f 3424/2639/2188 3434/2662/2211 3423/2653/2202
f 3416/472/194 3428/2663/2212 3438/2138/1705
f 3440/2664/2213 3428/2663/2212 3429/2656/2205
f 3441/2665/2214 3429/2656/2205 3430/2657/2206
f 3442/2666/2215 3430/2657/2206 3431/2658/2207
f 3443/2667/2216 3431/2658/2207 3432/2660/2209
f 3433/2661/2210 3443/2667/2216 3432/2660/2209
f 3434/2662/2211 3444/2668/2217 3433/2661/2210
f 3435/2669/2218 3445/2670/2219 3434/2662/2211
f 3469/2671/2220 3468/2672/2221 3457/2673/2222
f 3451/2674/2223 3439/2675/2224 3440/2664/2213
f 3452/2676/2225 3440/2664/2213 3441/2665/2214
f 3453/2677/2226 3441/2665/2214 3442/2666/2215
f 3454/2678/2227 3442/2666/2215 3443/2667/2216
f 3444/2668/2217 3454/2678/2227 3443/2667/2216
f 3445/2670/2219 3455/2679/2228 3444/2668/2217
f 3446/2680/2229 3456/2681/2230 3445/2670/2219
f 2584/1900/1490 2596/1921/1508 2606/1938/1525
f 4287/458/184 4277/2457/2018 4278/459/185
f 3462/2682/2231 3450/2139/1706 3451/2674/2223
f 3463/2683/2232 3451/2674/2223 3452/2676/2225
f 3464/2684/2233 3452/2676/2225 3453/2677/2226
f 3465/2685/2234 3453/2677/2226 3454/2678/2227
f 3455/2679/2228 3465/2685/2234 3454/2678/2227
f 3456/2681/2230 3466/2686/2235 3455/2679/2228
f 3457/2673/2222 3467/2687/2236 3456/2681/2230
f 4268/1655/1254 4257/2023/1600 4258/2688/2237
f 3477/2689/2238 3467/2687/2236 3468/2672/2221
f 3473/2690/2239 3462/2682/2231 3463/2683/2232
f 3474/2691/2240 3463/2683/2232 3464/2684/2233
f 3475/2692/2241 3464/2684/2233 3465/2685/2234
f 3466/2686/2235 3475/2692/2241 3465/2685/2234
f 3467/2687/2236 3476/2693/2242 3466/2686/2235
f 4284/2694/2243 4290/2273/1838 4274/2695/2244
f 3482/2696/2245 3472/2109/1680 3473/2690/2239
f 3483/2697/2246 3473/2690/2239 3474/2691/2240
f 3484/2698/2247 3474/2691/2240 3475/2692/2241
f 3476/2693/2242 3484/2698/2247 3475/2692/2241
f 3477/2689/2238 3485/2699/2248 3476/2693/2242
f 3537/2700/2249 3797/2701/2250 3798/2702/2251
f 3497/2703/2252 3487/2704/2253 3498/2705/2254
f 3496/2706/2255 3486/2707/2256 3497/2703/2252
f 3533/2708/2257 3252/2517/2073 3532/2709/2258
f 3542/2710/2259 3802/2711/2260 3803/2712/2261
f 3494/2713/2262 3482/2696/2245 3483/2697/2246
f 2113/1376/990 2114/1377/991 2124/1388/1001
f 3499/2714/2263 3498/2705/2254 3487/2704/2253
f 3951/728/421 4675/2715/2264 3952/1751/1349
f 3490/1133/785 3501/2716/32 3489/2717/2265
f 3491/2718/2266 3502/2719/64 3490/1133/785
f 3492/1165/805 3503/2720/65 3491/2718/2266
f 3493/2721/2267 3504/2722/66 3492/1165/805
f 3494/2713/2262 3505/2723/2268 3493/2721/2267
f 3507/2724/70 3494/2713/2262 3495/2725/2269
f 3508/2726/71 3495/2725/2269 3496/2706/2255
f 3509/2727/72 3496/2706/2255 3497/2703/2252
f 3510/2728/73 3497/2703/2252 3498/2705/2254
f 3511/2729/74 3498/2705/2254 3499/2714/2263
f 3512/2730/53 3499/2714/2263 3500/2731/2270
f 3514/2732/77 3501/2716/32 3502/2719/64
f 3515/2733/78 3502/2719/64 3503/2720/65
f 3516/2734/79 3503/2720/65 3504/2722/66
f 3517/2735/80 3504/2722/66 3505/2723/2268
f 3518/2736/93 3505/2723/2268 3506/2737/68
f 3519/2738/81 3506/2737/68 3507/2724/70
f 3520/2739/2271 3507/2724/70 3508/2726/71
f 3521/2740/83 3508/2726/71 3509/2727/72
f 3522/2741/84 3509/2727/72 3510/2728/73
f 3523/2742/85 3510/2728/73 3511/2729/74
f 3524/2743/86 3511/2729/74 3512/2730/53
f 3526/2744/2272 3513/2745/88 3514/2732/77
f 3527/2746/2273 3514/2732/77 3515/2733/78
f 3528/2747/2274 3515/2733/78 3516/2734/79
f 3529/2748/2275 3516/2734/79 3517/2735/80
f 3530/2431/1992 3517/2735/80 3518/2736/93
f 3531/2432/1993 3518/2736/93 3519/2738/81
f 3532/2709/2258 3519/2738/81 3520/2739/2271
f 3533/2708/2257 3520/2739/2271 3521/2740/83
f 3534/2749/2276 3521/2740/83 3522/2741/84
f 3535/2360/1921 3522/2741/84 3523/2742/85
f 3536/2750/2277 3523/2742/85 3524/2743/86
f 3534/2749/2276 3253/2510/2066 3533/2708/2257
f 3957/2751/2278 3950/2752/2279 3958/727/420
f 1270/496/203 1262/2753/187 1271/1970/204
f 3178/507/223 3167/2439/2000 3168/2441/2002
f 3250/2513/2069 3529/2748/2275 3530/2431/1992
f 3249/2511/2067 3528/2747/2274 3529/2748/2275
f 2343/1635/1234 2342/1663/1262 2333/1650/1249
f 3247/913/596 3526/2744/2272 3527/2746/2273
f 3798/2702/2251 3799/2754/2280 3538/1182/822
f 3545/2755/2281 3805/2756/2282 3806/2757/2283
f 3544/2758/2284 3804/2759/2285 3805/2756/2282
f 3155/2429/1990 3174/2760/2286 3154/1685/1284
f 1868/1138/790 1860/2761/780 1869/1140/782
f 3802/2711/2260 3540/2762/2287 3801/2343/1904
f 4022/2763/2288 4034/2764/2289 4033/2765/2290
f 3553/2766/2291 3544/2758/2284 3545/2755/2281
f 3549/2767/2292 3539/1183/823 3540/2762/2287
f 3550/2768/2293 3540/2762/2287 3541/2769/2294
f 3551/2770/2295 3541/2769/2294 3542/2710/2259
f 3543/2771/2296 3551/2770/2295 3542/2710/2259
f 3544/2758/2284 3552/2772/2297 3543/2771/2296
f 5162/639/341 5161/2773/371 5151/2774/359
f 2717/2014/1592 2726/1560/1162 2716/2775/2298
f 3559/2776/2299 3548/1184/824 3549/2767/2292
f 3560/2777/2300 3549/2767/2292 3550/2768/2293
f 3561/2778/2301 3550/2768/2293 3551/2770/2295
f 3552/2772/2297 3561/2778/2301 3551/2770/2295
f 3553/2766/2291 3562/2779/2302 3552/2772/2297
f 3783/2479/2037 3782/2780/2303 3771/2781/2304
f 3569/2782/2305 3557/2783/2306 3558/2784/2307
f 3570/2785/2308 3558/2784/2307 3559/2776/2299
f 3571/2786/2309 3559/2776/2299 3560/2777/2300
f 3572/2787/2310 3560/2777/2300 3561/2778/2301
f 3562/2779/2302 3572/2787/2310 3561/2778/2301
f 3563/2788/2311 3573/2789/2312 3562/2779/2302
f 3564/2790/2313 3574/2791/2314 3563/2788/2311
f 3556/2792/2315 3557/2783/2306 3568/2793/2316
f 3580/2794/2317 3568/2793/2316 3569/2782/2305
f 3581/2795/2318 3569/2782/2305 3570/2785/2308
f 3582/2796/2319 3570/2785/2308 3571/2786/2309
f 3583/2797/2320 3571/2786/2309 3572/2787/2310
f 3573/2789/2312 3583/2797/2320 3572/2787/2310
f 3574/2791/2314 3584/2798/2321 3573/2789/2312
f 3575/1583/1185 3585/2799/2322 3574/2791/2314
f 3609/2800/2323 3608/2801/2324 3597/2802/2325
f 3591/2803/2326 3579/1796/1392 3580/2794/2317
f 3592/2804/2327 3580/2794/2317 3581/2795/2318
f 3593/2805/2328 3581/2795/2318 3582/2796/2319
f 3594/2806/2329 3582/2796/2319 3583/2797/2320
f 3584/2798/2321 3594/2806/2329 3583/2797/2320
f 3585/2799/2322 3595/2807/2330 3584/2798/2321
f 3586/1582/1184 3596/2808/2331 3585/2799/2322
f 1273/2467/211 1896/1162/177 1274/504/176
f 3602/2809/2332 3590/1797/1393 3591/2803/2326
f 3603/2810/2333 3591/2803/2326 3592/2804/2327
f 3604/2811/2334 3592/2804/2327 3593/2805/2328
f 3605/2812/2335 3593/2805/2328 3594/2806/2329
f 3595/2807/2330 3605/2812/2335 3594/2806/2329
f 3596/2808/2331 3606/2813/2336 3595/2807/2330
f 3597/2802/2325 3607/2814/2337 3596/2808/2331
f 2571/2301/1862 2572/2815/2338 2582/2816/2339
f 3601/2817/2340 3612/2818/2341 3600/2819/2342
f 3602/2809/2332 3613/2820/2343 3601/2817/2340
f 3603/2810/2333 3614/2821/2344 3602/2809/2332
f 3604/2811/2334 3615/2822/2345 3603/2810/2333
f 3617/2823/2346 3604/2811/2334 3605/2812/2335
f 3618/2824/2347 3605/2812/2335 3606/2813/2336
f 3619/2825/2348 3606/2813/2336 3607/2814/2337
f 3620/2826/2349 3607/2814/2337 3608/2801/2324
f 3621/2827/2350 3608/2801/2324 3609/2800/2323
f 4639/1812/1403 4626/2828/2351 4627/1813/1404
f 3631/2829/2352 3620/2826/2349 3621/2827/2350
f 3614/2821/2344 3624/2830/2353 3613/2820/2343
f 3615/2822/2345 3625/2831/2354 3614/2821/2344
f 3616/2832/2355 3626/2833/2356 3615/2822/2345
f 3628/2834/2357 3616/2832/2355 3617/2823/2346
f 3629/2835/2358 3617/2823/2346 3618/2824/2347
f 3630/2836/2359 3618/2824/2347 3619/2825/2348
f 3631/2829/2352 3619/2825/2348 3620/2826/2349
f 2699/1993/1574 2700/2837/2360 2708/2838/2361
f 3625/2831/2354 3635/2839/2362 3624/2830/2353
f 3626/2833/2356 3636/2840/2363 3625/2831/2354
f 3627/2841/2364 3637/2842/2365 3626/2833/2356
f 3639/2843/2366 3627/2841/2364 3628/2834/2357
f 3640/2844/2367 3628/2834/2357 3629/2835/2358
f 3641/2845/2368 3629/2835/2358 3630/2836/2359
f 3642/2846/2369 3630/2836/2359 3631/2829/2352
f 2715/2167/1734 2704/2011/1589 2705/2041/1618
f 3636/2840/2363 3646/2847/2370 3635/2839/2362
f 3637/2842/2365 3647/2848/2371 3636/2840/2363
f 3638/2849/2372 3648/2850/2373 3637/2842/2365
f 3650/2851/2374 3638/2849/2372 3639/2843/2366
f 3651/2852/2375 3639/2843/2366 3640/2844/2367
f 3652/2853/2376 3640/2844/2367 3641/2845/2368
f 3653/2854/2377 3641/2845/2368 3642/2846/2369
f 3634/2855/2378 3635/2839/2362 3646/2847/2370
f 3647/2848/2371 3657/1116/773 3646/2847/2370
f 3648/2850/2373 3658/2856/2379 3647/2848/2371
f 3649/2857/2380 3659/2858/2381 3648/2850/2373
f 3661/2859/2382 3649/2857/2380 3650/2851/2374
f 3662/2860/2383 3650/2851/2374 3651/2852/2375
f 3663/2861/2384 3651/2852/2375 3652/2853/2376
f 3664/2862/2385 3652/2853/2376 3653/2854/2377
f 3684/2863/2386 3665/2004/1583 3685/2864/2387
f 3684/2863/2386 3683/2865/2388 3673/2866/2389
f 3659/2858/2381 3668/2867/2390 3658/2856/2379
f 3660/2868/2391 3669/2869/2392 3659/2858/2381
f 3671/2870/2393 3660/2868/2391 3661/2859/2382
f 3672/2871/2394 3661/2859/2382 3662/2860/2383
f 3673/2866/2389 3662/2860/2383 3663/2861/2384
f 3761/2872/2395 3760/2873/2396 3749/2874/2397
f 3971/785/475 3990/2037/1614 3970/2875/2398
f 3679/2876/2399 3668/2867/2390 3669/2869/2392
f 3680/2877/2400 3669/2869/2392 3670/2878/2401
f 3681/2879/2402 3670/2878/2401 3671/2870/2393
f 3672/2871/2394 3681/2879/2402 3671/2870/2393
f 3673/2866/2389 3682/2880/2403 3672/2871/2394
f 2678/2881/2404 2659/2882/2405 2679/1992/1573
f 3704/1799/1395 3703/2883/2406 3693/2884/2407
f 3689/2885/2408 3678/2886/2409 3679/2876/2399
f 3690/2887/2410 3679/2876/2399 3680/2877/2400
f 3691/2888/2411 3680/2877/2400 3681/2879/2402
f 3682/2880/2403 3691/2888/2411 3681/2879/2402
f 3683/2865/2388 3692/2889/2412 3682/2880/2403
f 2678/2881/2404 2677/2890/2413 2667/1984/1568
f 3697/2891/2414 3676/2892/2415 3677/1114/771
f 3699/2893/2416 3688/2894/2417 3689/2885/2408
f 3700/2895/2418 3689/2885/2408 3690/2887/2410
f 3701/2896/2419 3690/2887/2410 3691/2888/2411
f 3692/2889/2412 3701/2896/2419 3691/2888/2411
f 3693/2884/2407 3702/2897/2420 3692/2889/2412
f 3612/2818/2341 3613/2820/2343 3624/2830/2353
f 3709/2898/2421 3697/2891/2414 3698/2899/2422
f 3710/2900/2423 3698/2899/2422 3699/2893/2416
f 3711/2901/2424 3699/2893/2416 3700/2895/2418
f 3712/2902/2425 3700/2895/2418 3701/2896/2419
f 3702/2897/2420 3712/2902/2425 3701/2896/2419
f 3703/2883/2406 3713/2903/2426 3702/2897/2420
f 3704/1799/1395 3714/2904/2427 3703/2883/2406
f 3696/2905/2428 3697/2891/2414 3708/2906/2429
f 3720/2907/2430 3708/2906/2429 3709/2898/2421
f 3721/2908/2431 3709/2898/2421 3710/2900/2423
f 3722/2909/2432 3710/2900/2423 3711/2901/2424
f 3723/2910/2433 3711/2901/2424 3712/2902/2425
f 3713/2903/2426 3723/2910/2433 3712/2902/2425
f 3714/2904/2427 3724/2911/2434 3713/2903/2426
f 3715/1798/1394 3725/2912/2435 3714/2904/2427
f 3248/2512/2068 3527/2746/2273 3528/2747/2274
f 3731/2913/2436 3718/2914/2437 3719/2915/2438
f 3732/2916/2439 3719/2915/2438 3720/2907/2430
f 3733/2917/2440 3720/2907/2430 3721/2908/2431
f 3734/2918/2441 3721/2908/2431 3722/2909/2432
f 3735/2919/2442 3722/2909/2432 3723/2910/2433
f 3724/2911/2434 3735/2919/2442 3723/2910/2433
f 3725/2912/2435 3736/2920/2443 3724/2911/2434
f 3726/2921/2444 3737/2922/2445 3725/2912/2435
f 3727/2923/2446 3738/2924/2447 3726/2921/2444
f 3171/2449/2010 3161/2443/2004 3162/2419/1980
f 3732/2916/2439 3742/2925/2448 3731/2913/2436
f 3733/2917/2440 3743/2926/2449 3732/2916/2439
f 3734/2918/2441 3744/2927/2450 3733/2917/2440
f 3746/2928/2451 3734/2918/2441 3735/2919/2442
f 3747/2929/2452 3735/2919/2442 3736/2920/2443
f 3748/2930/2453 3736/2920/2443 3737/2922/2445
f 3749/2874/2397 3737/2922/2445 3738/2924/2447
f 3730/2931/2454 3731/2913/2436 3742/2925/2448
f 3716/2932/2455 3727/2923/2446 3705/1800/1396
f 3743/2926/2449 3753/2933/2456 3742/2925/2448
f 3744/2927/2450 3754/2934/2457 3743/2926/2449
f 3745/2935/2458 3755/2936/2459 3744/2927/2450
f 3757/2937/2460 3745/2935/2458 3746/2928/2451
f 3758/2938/2461 3746/2928/2451 3747/2929/2452
f 3759/2939/2462 3747/2929/2452 3748/2930/2453
f 3760/2873/2396 3748/2930/2453 3749/2874/2397
f 1481/716/411 1470/717/395 1471/2940/2463
f 3754/2934/2457 3764/2941/2464 3753/2933/2456
f 3755/2936/2459 3765/2942/2465 3754/2934/2457
f 3756/2943/2466 3766/2944/2467 3755/2936/2459
f 3768/2945/2468 3756/2943/2466 3757/2937/2460
f 3769/2946/2469 3757/2937/2460 3758/2938/2461
f 3770/2947/2470 3758/2938/2461 3759/2939/2462
f 3771/2781/2304 3759/2939/2462 3760/2873/2396
f 3752/2948/2471 3753/2933/2456 3764/2941/2464
f 3765/2942/2465 3775/2949/2472 3764/2941/2464
f 3766/2944/2467 3776/2950/2473 3765/2942/2465
f 3767/2951/2474 3777/2952/2475 3766/2944/2467
f 3779/2953/2476 3767/2951/2474 3768/2945/2468
f 3780/2954/2477 3768/2945/2468 3769/2946/2469
f 3781/2955/2478 3769/2946/2469 3770/2947/2470
f 3782/2780/2303 3770/2947/2470 3771/2781/2304
f 3793/2956/2479 3782/2780/2303 3794/2957/2480
f 3792/2958/2481 3781/2955/2478 3793/2956/2479
f 2833/2158/1725 2812/2130/1697 2813/1869/1460
f 2778/486/208 2766/2078/1651 2767/2959/2482
f 3790/2960/2483 3777/2952/2475 3778/2961/2484
f 4663/2962/2485 4651/2963/2486 4652/2964/2487
f 1873/2403/1964 1854/2965/2049 1855/2291/1594
f 3787/2966/2488 3774/2967/2489 3775/2949/2472
f 3798/2702/2251 3785/2968/2490 3786/2969/2491
f 3787/2966/2488 3798/2702/2251 3786/2969/2491
f 3800/2344/1905 3787/2966/2488 3788/2970/2492
f 3789/2971/2493 3800/2344/1905 3788/2970/2492
f 3802/2711/2260 3789/2971/2493 3790/2960/2483
f 3803/2712/2261 3790/2960/2483 3791/2972/2494
f 3792/2958/2481 3803/2712/2261 3791/2972/2494
f 3805/2756/2282 3792/2958/2481 3793/2956/2479
f 3806/2757/2283 3793/2956/2479 3794/2957/2480
f 3807/2973/2495 3794/2957/2480 3795/2478/2036
f 3796/2974/2496 3807/2973/2495 3795/2478/2036
f 3822/2975/2497 3809/2976/2498 3810/2977/2499
f 3823/2978/2500 3810/2977/2499 3811/2979/2501
f 3824/2980/2502 3811/2979/2501 3812/2981/2503
f 3825/2982/2504 3812/2981/2503 3813/2983/2505
f 3826/2984/2506 3813/2983/2505 3814/2985/2507
f 3827/2986/2508 3814/2985/2507 3815/2987/2509
f 3816/2988/2510 3827/2986/2508 3815/2987/2509
f 3817/2989/2511 3828/2990/2512 3816/2988/2510
f 3818/2991/2513 3829/2992/2514 3817/2989/2511
f 3819/2993/2515 3830/2994/2516 3818/2991/2513
f 3820/2995/2517 3831/2996/2518 3819/2993/2515
f 3834/2997/2519 3821/2998/2498 3822/2975/2497
f 3835/2999/2520 3822/2975/2497 3823/2978/2500
f 3836/3000/2521 3823/2978/2500 3824/2980/2502
f 3837/3001/2522 3824/2980/2502 3825/2982/2504
f 3838/3002/2523 3825/2982/2504 3826/2984/2506
f 3839/3003/2524 3826/2984/2506 3827/2986/2508
f 3828/2990/2512 3839/3003/2524 3827/2986/2508
f 3829/2992/2514 3840/3004/2525 3828/2990/2512
f 3830/2994/2516 3841/3005/2526 3829/2992/2514
f 3831/2996/2518 3842/3006/2527 3830/2994/2516
f 3832/3007/2517 3843/3008/2528 3831/2996/2518
f 3834/2997/2519 3845/3009/2529 3833/3010/2529
f 3835/2999/2520 3846/3011/2530 3834/2997/2519
f 3836/3000/2521 3847/3012/2531 3835/2999/2520
f 3837/3001/2522 3848/3013/2532 3836/3000/2521
f 3838/3002/2523 3849/3014/2533 3837/3001/2522
f 3851/3015/2534 3838/3002/2523 3839/3003/2524
f 3852/3016/2535 3839/3003/2524 3840/3004/2525
f 3853/3017/2536 3840/3004/2525 3841/3005/2526
f 3854/3018/2537 3841/3005/2526 3842/3006/2527
f 3855/3019/2538 3842/3006/2527 3843/3008/2528
f 3856/3020/2539 3843/3008/2528 3844/3021/2539
f 3846/3011/2530 3857/3022/2540 3845/3009/2529
f 3847/3012/2531 3858/3023/2541 3846/3011/2530
f 3848/3013/2532 3859/3024/2542 3847/3012/2531
f 3849/3014/2533 3860/3025/2543 3848/3013/2532
f 3850/3026/2544 3861/3027/2545 3849/3014/2533
f 3863/3028/2546 3850/3026/2544 3851/3015/2534
f 3864/3029/2547 3851/3015/2534 3852/3016/2535
f 3865/3030/2548 3852/3016/2535 3853/3017/2536
f 3866/3031/2549 3853/3017/2536 3854/3018/2537
f 3867/3032/2550 3854/3018/2537 3855/3019/2538
f 3868/3033/2551 3855/3019/2538 3856/3020/2539
f 3870/3034/2552 3857/3022/2540 3858/3023/2541
f 3871/3035/2553 3858/3023/2541 3859/3024/2542
f 3872/3036/2554 3859/3024/2542 3860/3025/2543
f 3873/3037/2555 3860/3025/2543 3861/3027/2545
f 3874/3038/2556 3861/3027/2545 3862/3039/2557
f 3875/3040/2558 3862/3039/2557 3863/3028/2546
f 3864/3029/2547 3875/3040/2558 3863/3028/2546
f 3865/3030/2548 3876/3041/2559 3864/3029/2547
f 3866/3031/2549 3877/3042/2560 3865/3030/2548
f 3867/3032/2550 3878/3043/2561 3866/3031/2549
f 3868/3033/2551 3879/3044/2562 3867/3032/2550
f 3882/3045/2563 3869/3046/2564 3870/3034/2552
f 3883/3047/2565 3870/3034/2552 3871/3035/2553
f 3884/3048/2566 3871/3035/2553 3872/3036/2554
f 3885/3049/2567 3872/3036/2554 3873/3037/2555
f 3886/3050/2568 3873/3037/2555 3874/3038/2556
f 3887/3051/2569 3874/3038/2556 3875/3040/2558
f 3876/3041/2559 3887/3051/2569 3875/3040/2558
f 3877/3042/2560 3888/3052/2570 3876/3041/2559
f 3878/3043/2561 3889/3053/2571 3877/3042/2560
f 3879/3044/2562 3890/3054/2572 3878/3043/2561
f 3880/3055/2573 3891/3056/2574 3879/3044/2562
f 3882/3045/2563 3893/3057/2575 3881/3058/2576
f 3883/3047/2565 3894/3059/2577 3882/3045/2563
f 3884/3048/2566 3895/3060/2578 3883/3047/2565
f 3885/3049/2567 3896/3061/2579 3884/3048/2566
f 3886/3050/2568 3897/3062/2580 3885/3049/2567
f 3899/3063/2581 3886/3050/2568 3887/3051/2569
f 3900/3064/2582 3887/3051/2569 3888/3052/2570
f 3901/3065/2583 3888/3052/2570 3889/3053/2571
f 3902/3066/2584 3889/3053/2571 3890/3054/2572
f 3903/3067/2585 3890/3054/2572 3891/3056/2574
f 3904/3068/2586 3891/3056/2574 3892/3069/2587
f 3810/2977/2499 3893/3057/2575 3894/3059/2577
f 3811/2979/2501 3894/3059/2577 3895/3060/2578
f 3812/2981/2503 3895/3060/2578 3896/3061/2579
f 3813/2983/2505 3896/3061/2579 3897/3062/2580
f 3814/2985/2507 3897/3062/2580 3898/3070/2588
f 3815/2987/2509 3898/3070/2588 3899/3063/2581
f 3900/3064/2582 3815/2987/2509 3899/3063/2581
f 3901/3065/2583 3816/2988/2510 3900/3064/2582
f 3902/3066/2584 3817/2989/2511 3901/3065/2583
f 3903/3067/2585 3818/2991/2513 3902/3066/2584
f 3904/3068/2586 3819/2993/2515 3903/3067/2585
f 3918/3071/2589 3905/3072/2590 3906/3073/2591
f 3919/3074/2592 3906/3073/2591 3907/3075/2593
f 3920/3076/2594 3907/3075/2593 3908/3077/2595
f 3921/3078/2596 3908/3077/2595 3909/3079/2597
f 3922/3080/2598 3909/3079/2597 3910/3081/2599
f 3923/3082/2600 3910/3081/2599 3911/3083/2601
f 3912/3084/2602 3923/3082/2600 3911/3083/2601
f 3913/3085/2603 3924/3086/2604 3912/3084/2602
f 3914/3087/2605 3925/3088/2606 3913/3085/2603
f 3915/3089/2607 3926/3090/2608 3914/3087/2605
f 3916/3091/2609 3927/3092/2610 3915/3089/2607
f 3918/3071/2589 3929/3093/2611 3917/3094/2612
f 3919/3074/2592 3930/3095/2613 3918/3071/2589
f 3920/3076/2594 3931/3096/2614 3919/3074/2592
f 3921/3078/2596 3932/3097/2615 3920/3076/2594
f 3922/3080/2598 3933/3098/2616 3921/3078/2596
f 3935/3099/2617 3922/3080/2598 3923/3082/2600
f 3936/3100/2618 3923/3082/2600 3924/3086/2604
f 3937/3101/2619 3924/3086/2604 3925/3088/2606
f 3938/3102/2620 3925/3088/2606 3926/3090/2608
f 3939/3103/2621 3926/3090/2608 3927/3092/2610
f 3940/3104/2622 3927/3092/2610 3928/3105/2623
f 3906/3073/2591 3929/3093/2611 3930/3095/2613
f 3907/3075/2593 3930/3095/2613 3931/3096/2614
f 3908/3077/2595 3931/3096/2614 3932/3097/2615
f 3909/3079/2597 3932/3097/2615 3933/3098/2616
f 3910/3081/2599 3933/3098/2616 3934/3106/2624
f 3911/3083/2601 3934/3106/2624 3935/3099/2617
f 3936/3100/2618 3911/3083/2601 3935/3099/2617
f 3937/3101/2619 3912/3084/2602 3936/3100/2618
f 3938/3102/2620 3913/3085/2603 3937/3101/2619
f 3939/3103/2621 3914/3087/2605 3938/3102/2620
f 3940/3104/2622 3915/3089/2607 3939/3103/2621
f 5578/3107/748 5569/3108/1206 5558/1067/735
f 4249/3109/2625 4239/3110/2626 4240/1724/1322
f 1849/3111/2627 1840/1084/747 1850/3112/1138
f 1611/844/532 1600/833/522 1601/3113/524
f 4335/3114/2628 4318/3115/2629 4319/3116/2630
f 5842/3117/1150 5853/1361/979 5833/1363/980
f 5028/3118/1575 5034/3119/1576 5027/541/251
f 4999/3120/195 5620/3121/196 5621/3122/179
f 1262/2753/187 1892/466/188 1893/1156/189
f 5112/3123/2631 5101/3124/309 5102/3125/2632
f 5005/489/211 5628/451/177 5006/450/176
f 3458/3126/2633 3470/3127/2634 3469/2671/2220
f 2320/1641/1240 2308/3128/2635 2309/1608/1207
f 2488/1816/1407 2481/2538/2092 2489/1814/1405
f 1854/2965/2049 1853/1091/751 1843/1076/742
f 4341/3129/2636 4349/3130/2637 4340/2073/1646
f 4349/3130/2637 4339/3131/2638 4340/2073/1646
f 3957/2751/2278 3948/1766/1364 3949/3132/2639
f 3971/785/475 3970/2875/2398 3953/1753/1351
f 4631/798/488 4620/3133/2640 4632/3134/2641
f 4276/3135/2642 4267/1654/1253 4277/2457/2018
f 5769/3136/902 5748/3137/901 5749/1987/903
f 3966/3138/2643 3956/1835/1426 3957/2751/2278
f 4292/3139/2644 4286/2458/2019 4293/1632/1231
f 5740/3140/2645 5760/1294/920 5751/3141/2646
f 3979/3142/2647 3968/2469/2027 3969/3143/2648
f 2736/2060/1634 2725/3144/2649 2726/1560/1162
f 5021/524/228 5010/491/212 5011/493/213
f 3966/3138/2643 3975/3145/2650 3965/2470/2028
f 2141/1415/1023 2120/1364/981 2121/1546/979
f 3600/2819/2342 3612/2818/2341 3611/3146/2651
f 4642/976/651 4652/2964/2487 4641/1152/795
f 4664/3147/2652 4652/2964/2487 4653/1544/1149
f 2288/1594/1196 2276/1536/1143 2277/1575/1177
f 1873/2403/1964 1872/1119/776 1863/1103/760
f 3988/3148/2653 3979/3142/2647 3989/3149/2654
f 2676/1985/1569 2685/1621/1220 2675/1983/1567
f 2685/1621/1220 2674/1982/1566 2675/1983/1567
f 3986/3150/2655 3975/3145/2650 3976/542/252
f 2677/2890/2413 2686/660/362 2676/1985/1569
f 2398/848/536 2399/1716/1314 2410/1727/1325
f 3495/2725/2269 3485/2699/2248 3496/2706/2255
f 3704/1799/1395 3685/2864/2387 3705/1800/1396
f 3999/3151/2656 3989/3149/2654 3990/2037/1614
f 3995/3152/2657 3984/3153/2658 3985/3154/2659
f 3996/3155/2660 3985/3154/2659 3986/3150/2655
f 3997/3156/2661 3986/3150/2655 3987/3157/2662
f 3988/3148/2653 3997/3156/2661 3987/3157/2662
f 3989/3149/2654 3998/3158/2663 3988/3148/2653
f 3677/1114/771 3678/2886/2409 3688/2894/2417
f 4003/2028/1605 3982/3159/2664 3983/3160/2665
f 4005/3161/2666 3994/3162/2667 3995/3152/2657
f 4006/3163/2668 3995/3152/2657 3996/3155/2660
f 4007/3164/2669 3996/3155/2660 3997/3156/2661
f 3998/3158/2663 4007/3164/2669 3997/3156/2661
f 3999/3151/2656 4008/3165/2670 3998/3158/2663
f 3791/2972/2494 3780/2954/2477 3792/2958/2481
f 4033/2765/2290 4032/3166/2671 4021/3167/2672
f 4015/3168/2673 4003/2028/1605 4004/3169/2674
f 4016/3170/2675 4004/3169/2674 4005/3161/2666
f 4017/3171/2676 4005/3161/2666 4006/3163/2668
f 4018/3172/2677 4006/3163/2668 4007/3164/2669
f 4008/3165/2670 4018/3172/2677 4007/3164/2669
f 4009/3173/2678 4019/3174/2679 4008/3165/2670
f 4010/2036/1613 4020/3175/2680 4009/3173/2678
f 1920/3176/601 1921/1185/807 1932/1205/840
f 4026/3177/2681 4014/2029/1606 4015/3168/2673
f 4027/3178/2682 4015/3168/2673 4016/3170/2675
f 4028/3179/2683 4016/3170/2675 4017/3171/2676
f 4029/3180/2684 4017/3171/2676 4018/3172/2677
f 4019/3174/2679 4029/3180/2684 4018/3172/2677
f 4020/3175/2680 4030/3181/2685 4019/3174/2679
f 4021/3167/2672 4031/3182/2686 4020/3175/2680
f 4418/1570/1172 4417/3183/2687 4407/3184/2688
f 4055/3185/2689 4054/3186/2690 4043/3187/2691
f 4037/3188/2692 4025/2128/1695 4026/3177/2681
f 4038/3189/2693 4026/3177/2681 4027/3178/2682
f 4039/3190/2694 4027/3178/2682 4028/3179/2683
f 4040/3191/2695 4028/3179/2683 4029/3180/2684
f 4030/3181/2685 4040/3191/2695 4029/3180/2684
f 4031/3182/2686 4041/3192/2696 4030/3181/2685
f 4032/3166/2671 4042/3193/2697 4031/3182/2686
f 3729/3194/2698 3717/3195/2699 3730/2931/2454
f 4048/3196/2700 4036/2129/1696 4037/3188/2692
f 4049/3197/2701 4037/3188/2692 4038/3189/2693
f 4050/3198/2702 4038/3189/2693 4039/3190/2694
f 4051/3199/2703 4039/3190/2694 4040/3191/2695
f 4041/3192/2696 4051/3199/2703 4040/3191/2695
f 4042/3193/2697 4052/3200/2704 4041/3192/2696
f 4043/3187/2691 4053/3201/2705 4042/3193/2697
f 2696/2452/2013 2685/1621/1220 2686/660/362
f 2898/2188/1755 2899/2219/1786 2910/2228/1793
f 4059/3202/2706 4047/3203/2707 4048/3196/2700
f 4060/3204/2708 4048/3196/2700 4049/3197/2701
f 4061/3205/2709 4049/3197/2701 4050/3198/2702
f 4062/3206/2710 4050/3198/2702 4051/3199/2703
f 4052/3200/2704 4062/3206/2710 4051/3199/2703
f 4053/3201/2705 4063/3207/2711 4052/3200/2704
f 4054/3186/2690 4064/3208/2712 4053/3201/2705
f 4046/3209/2713 4047/3203/2707 4058/3210/2714
f 4070/3211/2715 4058/3210/2714 4059/3202/2706
f 4071/3212/2716 4059/3202/2706 4060/3204/2708
f 4072/3213/2717 4060/3204/2708 4061/3205/2709
f 4073/3214/2718 4061/3205/2709 4062/3206/2710
f 4063/3207/2711 4073/3214/2718 4062/3206/2710
f 4064/3208/2712 4074/3215/2719 4063/3207/2711
f 4065/1891/1481 4075/3216/2720 4064/3208/2712
f 4649/1107/764 4637/1352/970 4638/2297/1858
f 4069/3217/2721 4080/3218/2722 4068/3219/2723
f 4070/3211/2715 4081/3220/2724 4069/3217/2721
f 4071/3212/2716 4082/3221/2725 4070/3211/2715
f 4072/3213/2717 4083/3222/2726 4071/3212/2716
f 4085/3223/2727 4072/3213/2717 4073/3214/2718
f 4086/3224/2728 4073/3214/2718 4074/3215/2719
f 4087/3225/2729 4074/3215/2719 4075/3216/2720
f 4088/3226/2730 4075/3216/2720 4076/1890/1480
f 4089/3227/2731 4076/1890/1480 4077/1889/1479
f 4099/3228/2732 4088/3226/2730 4089/3227/2731
f 4082/3221/2725 4092/3229/2733 4081/3220/2724
f 4083/3222/2726 4093/3230/2734 4082/3221/2725
f 4084/3231/2735 4094/3232/2736 4083/3222/2726
f 4096/3233/2737 4084/3231/2735 4085/3223/2727
f 4097/3234/2738 4085/3223/2727 4086/3224/2728
f 4098/3235/2739 4086/3224/2728 4087/3225/2729
f 4099/3228/2732 4087/3225/2729 4088/3226/2730
f 5111/3236/307 5100/3237/308 5101/3124/309
f 4066/3238/2740 4077/1889/1479 4055/3185/2689
f 4093/3230/2734 4103/2025/1602 4092/3229/2733
f 4094/3232/2736 4104/3239/2741 4093/3230/2734
f 4095/3240/2742 4105/3241/2743 4094/3232/2736
f 4107/3242/2744 4095/3240/2742 4096/3233/2737
f 4108/3243/2745 4096/3233/2737 4097/3234/2738
f 4109/3244/2746 4097/3234/2738 4098/3235/2739
f 4110/3245/2747 4098/3235/2739 4099/3228/2732
f 4121/3246/2748 4110/3245/2747 4111/3247/2749
f 4104/3239/2741 4114/2026/1603 4103/2025/1602
f 4105/3241/2743 4115/3248/2750 4104/3239/2741
f 4106/3249/2751 4116/3250/2752 4105/3241/2743
f 4118/3251/2753 4106/3249/2751 4107/3242/2744
f 4119/3252/2754 4107/3242/2744 4108/3243/2745
f 4120/3253/2755 4108/3243/2745 4109/3244/2746
f 4121/3246/2748 4109/3244/2746 4110/3245/2747
f 3077/3254/2756 3067/3255/2757 3078/2087/1660
f 4126/3256/2758 4114/2026/1603 4115/3248/2750
f 4127/3257/2759 4115/3248/2750 4116/3250/2752
f 4128/3258/2760 4116/3250/2752 4117/3259/2761
f 4129/3260/2762 4117/3259/2761 4118/3251/2753
f 4119/3252/2754 4129/3260/2762 4118/3251/2753
f 4120/3253/2755 4130/3261/2763 4119/3252/2754
f 4121/3246/2748 4131/3262/2764 4120/3253/2755
f 2719/2046/1620 2698/1991/1572 2699/1993/1574
f 4143/3263/2765 4132/3264/2766 4133/3265/2767
f 4137/3266/2768 4125/3267/2769 4126/3256/2758
f 4138/3268/2770 4126/3256/2758 4127/3257/2759
f 4139/3269/2771 4127/3257/2759 4128/3258/2760
f 4140/3270/2772 4128/3258/2760 4129/3260/2762
f 4130/3261/2763 4140/3270/2772 4129/3260/2762
f 4131/3262/2764 4141/3271/2773 4130/3261/2763
f 4132/3264/2766 4142/3272/2774 4131/3262/2764
f 1841/1094/744 1830/1083/745 1831/1073/740
f 4148/3273/2775 4136/3274/2776 4137/3266/2768
f 4149/3275/2777 4137/3266/2768 4138/3268/2770
f 4150/3276/2778 4138/3268/2770 4139/3269/2771
f 4151/3277/2779 4139/3269/2771 4140/3270/2772
f 4141/3271/2773 4151/3277/2779 4140/3270/2772
f 4142/3272/2774 4152/3278/2780 4141/3271/2773
f 4143/3263/2765 4153/3279/2781 4142/3272/2774
f 3299/3280/2782 3287/3281/2783 3288/2554/2108
f 4165/3282/2784 4154/3283/2785 4155/3284/2786
f 4159/3285/2787 4147/3286/2788 4148/3273/2775
f 4160/3287/2789 4148/3273/2775 4149/3275/2777
f 4161/3288/2790 4149/3275/2777 4150/3276/2778
f 4162/3289/2791 4150/3276/2778 4151/3277/2779
f 4152/3278/2780 4162/3289/2791 4151/3277/2779
f 4153/3279/2781 4163/3290/2792 4152/3278/2780
f 4154/3283/2785 4164/3291/2793 4153/3279/2781
f 2785/2285/1850 2784/2092/1665 2773/2080/1653
f 4170/3292/2794 4158/3293/2795 4159/3285/2787
f 4171/3294/2796 4159/3285/2787 4160/3287/2789
f 4172/3295/2797 4160/3287/2789 4161/3288/2790
f 4173/3296/2798 4161/3288/2790 4162/3289/2791
f 4163/3290/2792 4173/3296/2798 4162/3289/2791
f 4164/3291/2793 4174/3297/2799 4163/3290/2792
f 4165/3282/2784 4175/3298/2800 4164/3291/2793
f 2710/3299/2801 2691/1612/1211 2711/3300/2802
f 4187/3301/2803 4176/3302/2804 4177/530/242
f 4170/3292/2794 4180/1025/697 4169/1024/696
f 4171/3294/2796 4181/3303/2805 4170/3292/2794
f 4172/3295/2797 4182/3304/2806 4171/3294/2796
f 4184/3305/2807 4172/3295/2797 4173/3296/2798
f 4185/3306/2808 4173/3296/2798 4174/3297/2799
f 4186/3307/2809 4174/3297/2799 4175/3298/2800
f 4187/3301/2803 4175/3298/2800 4176/3302/2804
f 2494/1826/1417 2479/1784/1382 2495/1820/1411
f 4181/3303/2805 4191/2070/1644 4180/1025/697
f 4182/3304/2806 4192/3308/2810 4181/3303/2805
f 4183/3309/2811 4193/3310/2812 4182/3304/2806
f 4195/3311/2813 4183/3309/2811 4184/3305/2807
f 4196/3312/2814 4184/3305/2807 4185/3306/2808
f 4197/3313/2815 4185/3306/2808 4186/3307/2809
f 4198/3314/2816 4186/3307/2809 4187/3301/2803
f 3206/1112/769 3213/2484/2040 3196/2485/2041
f 4209/3315/2817 4198/3314/2816 4199/529/241
f 4192/3308/2810 4202/2071/1645 4191/2070/1644
f 4193/3310/2812 4203/3316/2818 4192/3308/2810
f 4194/3317/2819 4204/3318/2820 4193/3310/2812
f 4206/3319/2821 4194/3317/2819 4195/3311/2813
f 4207/3320/2822 4195/3311/2813 4196/3312/2814
f 4208/3321/2823 4196/3312/2814 4197/3313/2815
f 4209/3315/2817 4197/3313/2815 4198/3314/2816
f 2802/643/345 2789/3322/2824 2790/1550/1153
f 4203/3316/2818 4213/2033/1610 4202/2071/1645
f 4204/3318/2820 4214/3323/2825 4203/3316/2818
f 4205/3324/2826 4215/3325/2827 4204/3318/2820
f 4217/3326/2828 4205/3324/2826 4206/3319/2821
f 4218/3327/2829 4206/3319/2821 4207/3320/2822
f 4219/3328/2830 4207/3320/2822 4208/3321/2823
f 4220/3329/2831 4208/3321/2823 4209/3315/2817
f 1579/3330/2127 1580/3331/2832 1590/3332/2833
f 4241/1725/1323 4220/3329/2831 4221/3333/2834
f 4240/1724/1322 4239/3110/2626 4229/3334/2835
f 4215/3325/2827 4224/3335/2836 4214/3323/2825
f 4216/3336/2837 4225/3337/2838 4215/3325/2827
f 4227/3338/2839 4216/3336/2837 4217/3326/2828
f 4228/3339/2840 4217/3326/2828 4218/3327/2829
f 4229/3334/2835 4218/3327/2829 4219/3328/2830
f 5310/2574/513 5309/3340/503 5299/3341/504
f 4416/3342/2841 4428/3343/2842 4427/3344/2843
f 4179/3345/2844 4168/1023/695 4190/2069/1643
f 4225/3337/2838 4234/3346/2845 4224/3335/2836
f 4226/3347/2846 4235/3348/2847 4225/3337/2838
f 4237/3349/2848 4226/3347/2846 4227/3338/2839
f 4238/3350/2849 4227/3338/2839 4228/3339/2840
f 4239/3110/2626 4228/3339/2840 4229/3334/2835
f 3188/505/221 3179/2451/2012 3189/2461/2022
f 2792/3351/2850 2779/487/209 2780/1722/1320
f 4235/3348/2847 4244/3352/2851 4234/3346/2845
f 4236/3353/2852 4245/3354/2853 4235/3348/2847
f 4247/2591/2143 4236/3353/2852 4237/3349/2848
f 4248/3355/2854 4237/3349/2848 4238/3350/2849
f 4249/3109/2625 4238/3350/2849 4239/3110/2626
f 4233/2034/1611 4234/3346/2845 4244/3352/2851
f 4233/2034/1611 4252/517/231 4232/2032/1609
f 4343/3356/2855 4337/3357/2856 4344/3358/2857
f 4259/2303/1864 4248/3355/2854 4249/3109/2625
f 2725/3144/2649 2714/2030/1607 2715/2167/1734
f 1280/513/214 1271/1970/204 1281/3359/215
f 4246/3360/2858 4255/3361/2859 4245/3354/2853
f 3198/1997/1578 3189/2461/2022 3199/2296/1857
f 1283/2466/210 1273/2467/211 1274/504/176
f 3774/2967/2489 3763/3362/2860 3752/2948/2471
f 4269/2302/1863 4258/2688/2237 4259/2303/1864
f 3178/507/223 3169/2442/2003 3179/2451/2012
f 5594/1126/761 5583/1531/762 5584/1098/752
f 4256/2590/2142 4265/3363/2861 4255/3361/2859
f 3789/2971/2493 3776/2950/2473 3777/2952/2475
f 4460/3364/2862 4459/3365/2863 4451/3366/2864
f 3494/2713/2262 3484/2698/2247 3495/2725/2269
f 4264/3367/2865 4273/3368/2866 4253/515/229
f 4279/460/186 4268/1655/1254 4269/2302/1863
f 3987/3157/2662 3978/2468/2026 3988/3148/2653
f 3986/3150/2655 3977/544/254 3987/3157/2662
f 4266/2022/1599 4275/3369/2867 4265/3363/2861
f 3985/3154/2659 3974/2471/2029 3975/3145/2650
f 3979/3142/2647 3969/3143/2648 3970/2875/2398
f 3983/3160/2665 3962/3370/2868 3963/3371/2869
f 1451/3372/1250 1452/3373/1251 1460/3374/1252
f 5578/3107/748 5579/1145/749 5598/3375/2870
f 3215/1111/768 3225/2503/2059 3214/3376/2871
f 2308/3128/2635 2299/3377/2872 2309/1608/1207
f 4276/3135/2642 4284/2694/2243 4275/3369/2867
f 4668/3378/2873 4669/3379/2874 3946/1588/1190
f 3213/2484/2040 3223/2501/2057 3212/2613/2165
f 3033/3380/2875 3021/3381/2876 3034/2351/1912
f 4274/2695/2244 4289/1555/1157 4273/3368/2866
f 2711/3300/2802 2722/3382/2877 2731/2056/1630
f 4285/2456/2017 4291/3383/2878 4284/2694/2243
f 4306/3384/2879 4295/3385/2880 4296/1671/1270
f 4305/3386/2881 4294/1633/1232 4295/3385/2880
f 1308/552/244 1300/518/232 1309/555/245
f 1287/527/239 1304/561/267 1286/957/634
f 4292/3139/2644 4301/3387/2882 4291/3383/2878
f 2561/3388/2883 2551/3389/2884 2562/1567/1169
f 4307/3390/2885 4306/3384/2879 4296/1671/1270
f 4310/582/288 4297/3391/2886 4298/1556/1158
f 4311/583/289 4298/1556/1158 4299/2274/1839
f 4312/1591/1193 4299/2274/1839 4300/3392/2887
f 4313/1592/1194 4300/3392/2887 4301/3387/2882
f 4314/3393/2888 4301/3387/2882 4302/3394/2889
f 4315/3395/2890 4302/3394/2889 4303/3396/2891
f 4304/1631/1230 4315/3395/2890 4303/3396/2891
f 4305/3386/2881 4316/3397/2892 4304/1631/1230
f 4306/3384/2879 4317/3398/2893 4305/3386/2881
f 4307/3390/2885 4318/3115/2629 4306/3384/2879
f 4308/3399/2894 4319/3116/2630 4307/3390/2885
f 1298/1689/1287 1306/548/258 1288/525/237
f 2707/2015/1593 2716/2775/2298 2706/2166/1733
f 4363/2116/1685 4346/2282/1847 4364/2286/1851
f 2298/3400/2895 2308/3128/2635 2318/1646/1245
f 4335/3114/2628 4351/1823/1414 4334/3401/2896
f 2439/1742/1340 2428/1743/1341 2429/2455/2016
f 4317/3398/2893 4333/967/644 4316/3397/2892
f 2754/2077/1650 2776/3402/2897 2765/3403/2898
f 5381/897/581 5392/3404/583 5401/895/216
f 5017/3405/632 5009/3406/633 5018/3407/634
f 3191/2460/2021 3181/2450/2011 3182/2491/2047
f 5033/3408/2899 5024/3409/233 5025/538/248
f 1983/1240/255 1972/1241/256 1973/3410/257
f 2279/1696/1294 2267/1537/1144 2268/945/622
f 1897/1164/175 1274/504/176 1896/1162/177
f 4265/3363/2861 4274/2695/2244 4264/3367/2865
f 4338/2422/1983 4331/2074/1647 4339/3131/2638
f 4351/1823/1414 4350/3411/2900 4341/3129/2636
f 3310/2555/2109 3322/2577/2129 3332/1674/1273
f 1783/3412/2901 1773/3413/2902 1784/1047/716
f 4122/3414/2903 4134/3415/2904 4133/3265/2767
f 3543/2771/2296 3803/2712/2261 3804/2759/2285
f 4348/3416/2905 4338/2422/1983 4339/3131/2638
f 1647/3417/2203 1648/2482/580 1659/3418/2204
f 4024/2127/1694 4013/3419/2906 4002/2027/1604
f 5737/3420/892 5726/3421/2907 5727/1988/913
f 4657/3422/2908 4647/2476/2034 4658/2583/2135
f 3493/2721/2267 3481/1166/806 3482/2696/2245
f 2029/1309/921 2030/1300/926 2040/1311/931
f 4369/3423/2909 4350/3411/2900 4351/1823/1414
f 3353/1673/1272 3364/2608/2160 3373/2616/2168
f 4371/3424/2910 4352/1824/1415 4353/3425/2911
f 4381/3426/2912 4370/1822/1413 4371/3424/2910
f 4364/2286/1851 4374/3427/2913 4363/2116/1685
f 4365/2288/1853 4375/3428/2914 4364/2286/1851
f 4366/3429/2915 4376/3430/2916 4365/2288/1853
f 4378/3431/2917 4366/3429/2915 4367/3432/2918
f 4379/3433/2919 4367/3432/2918 4368/1144/793
f 4380/3434/2920 4368/1144/793 4369/3423/2909
f 4381/3426/2912 4369/3423/2909 4370/1822/1413
f 4375/3428/2914 4385/3435/2921 4374/3427/2913
f 4376/3430/2916 4386/3436/2922 4375/3428/2914
f 4377/3437/2923 4387/3438/2924 4376/3430/2916
f 4389/3439/2925 4377/3437/2923 4378/3431/2917
f 4390/3440/2926 4378/3431/2917 4379/3433/2919
f 4391/3441/2927 4379/3433/2919 4380/3434/2920
f 4392/3442/2928 4380/3434/2920 4381/3426/2912
f 4385/3435/2921 4396/1568/1170 4384/3443/2929
f 4386/3436/2922 4397/3444/2930 4385/3435/2921
f 4387/3438/2924 4398/3445/2931 4386/3436/2922
f 4388/3446/2932 4399/3447/2933 4387/3438/2924
f 4401/3448/2934 4388/3446/2932 4389/3439/2925
f 4402/3449/2935 4389/3439/2925 4390/3440/2926
f 4403/3450/2936 4390/3440/2926 4391/3441/2927
f 4404/3451/2937 4391/3441/2927 4392/3442/2928
f 4405/3452/2938 4392/3442/2928 4393/3453/2939
f 4427/3344/2843 4426/3454/2940 4415/3455/2941
f 4409/3456/2942 4397/3444/2930 4398/3445/2931
f 4410/3457/2943 4398/3445/2931 4399/3447/2933
f 4411/3458/2944 4399/3447/2933 4400/3459/2945
f 4412/3460/2946 4400/3459/2945 4401/3448/2934
f 4402/3449/2935 4412/3460/2946 4401/3448/2934
f 4403/3450/2936 4413/3461/2947 4402/3449/2935
f 4404/3451/2937 4414/3462/2948 4403/3450/2936
f 2281/510/226 2291/1586/1188 2280/944/621
f 4420/3463/2949 4408/1569/1171 4409/3456/2942
f 4421/3464/2950 4409/3456/2942 4410/3457/2943
f 4422/3465/2951 4410/3457/2943 4411/3458/2944
f 4423/3466/2952 4411/3458/2944 4412/3460/2946
f 4413/3461/2947 4423/3466/2952 4412/3460/2946
f 4414/3462/2948 4424/3467/2953 4413/3461/2947
f 4415/3455/2941 4425/3468/2954 4414/3462/2948
f 2266/1558/1160 3235/1543/1148 3236/1538/1145
f 4449/3469/2955 4448/3470/2956 4437/3471/2957
f 4431/3472/2958 4419/3473/2959 4420/3463/2949
f 4432/3474/2960 4420/3463/2949 4421/3464/2950
f 4433/3475/2961 4421/3464/2950 4422/3465/2951
f 4434/3476/2962 4422/3465/2951 4423/3466/2952
f 4424/3467/2953 4434/3476/2962 4423/3466/2952
f 4425/3468/2954 4435/3477/2963 4424/3467/2953
f 4426/3454/2940 4436/3478/2964 4425/3468/2954
f 2854/3479/2965 2855/2179/1746 2866/2192/1759
f 5311/2575/2127 5290/3480/2966 5291/3481/2967
f 4442/3482/2968 4430/2102/1673 4431/3472/2958
f 4443/3483/2969 4431/3472/2958 4432/3474/2960
f 4444/3484/2970 4432/3474/2960 4433/3475/2961
f 4445/3485/2971 4433/3475/2961 4434/3476/2962
f 4435/3477/2963 4445/3485/2971 4434/3476/2962
f 4436/3478/2964 4446/3486/2972 4435/3477/2963
f 4437/3471/2957 4447/3487/2973 4436/3478/2964
f 4449/3469/2955 4468/1331/951 4448/3470/2956
f 4457/3488/2974 4447/3487/2973 4448/3470/2956
f 4453/3489/2975 4442/3482/2968 4443/3483/2969
f 4454/3490/2976 4443/3483/2969 4444/3484/2970
f 4455/3491/2977 4444/3484/2970 4445/3485/2971
f 4446/3486/2972 4455/3491/2977 4445/3485/2971
f 4447/3487/2973 4456/3492/2978 4446/3486/2972
f 2093/1353/971 2094/1354/972 2104/1367/984
f 2121/1546/979 2100/1360/978 2101/1547/980
f 4463/3493/2979 4452/624/328 4453/3489/2975
f 4464/3494/2980 4453/3489/2975 4454/3490/2976
f 4465/3495/2981 4454/3490/2976 4455/3491/2977
f 4456/3492/2978 4465/3495/2981 4455/3491/2977
f 4457/3488/2974 4466/3496/2982 4456/3492/2978
f 4477/3497/2983 4467/3498/2984 4468/1331/951
f 4473/3499/2985 4462/3500/2986 4463/3493/2979
f 4474/3501/2987 4463/3493/2979 4464/3494/2980
f 4475/3502/2988 4464/3494/2980 4465/3495/2981
f 4466/3496/2982 4475/3502/2988 4465/3495/2981
f 4467/3498/2984 4476/3503/2989 4466/3496/2982
f 2907/2198/1765 2885/2175/1742 2896/3504/2990
f 4461/625/329 4480/1095/753 4460/3364/2862
f 4470/3505/2991 4478/3506/2992 4469/1332/952
f 4473/3499/2985 4482/3507/2993 4472/1636/1235
f 4474/3501/2987 4483/3508/2994 4473/3499/2985
f 4485/3509/2995 4474/3501/2987 4475/3502/2988
f 4486/3510/2996 4475/3502/2988 4476/3503/2989
f 4487/3511/2997 4476/3503/2989 4477/3497/2983
f 4511/3512/2998 4510/3513/2999 4499/3514/3000
f 4482/3507/2993 4492/1096/754 4481/1637/1236
f 4483/3508/2994 4493/3515/3001 4482/3507/2993
f 4484/3516/3002 4494/3517/3003 4483/3508/2994
f 4496/3518/3004 4484/3516/3002 4485/3509/2995
f 4497/3519/3005 4485/3509/2995 4486/3510/2996
f 4498/3520/3006 4486/3510/2996 4487/3511/2997
f 4499/3514/3000 4487/3511/2997 4488/3521/3007
f 3653/2854/2377 3642/2846/2369 3643/2005/1584
f 4993/1284/190 5623/3522/191 5624/462/188
f 4493/3515/3001 4503/3523/3008 4492/1096/754
f 4494/3517/3003 4504/3524/3009 4493/3515/3001
f 4495/3525/3010 4505/3526/3011 4494/3517/3003
f 4507/3527/3012 4495/3525/3010 4496/3518/3004
f 4508/3528/3013 4496/3518/3004 4497/3519/3005
f 4509/3529/3014 4497/3519/3005 4498/3520/3006
f 4510/3513/2999 4498/3520/3006 4499/3514/3000
f 2323/1622/1221 2311/3530/3015 2312/1623/1222
f 4504/3524/3009 4514/3531/3016 4503/3523/3008
f 4505/3526/3011 4515/3532/3017 4504/3524/3009
f 4506/3533/3018 4516/3534/3019 4505/3526/3011
f 4518/3535/3020 4506/3533/3018 4507/3527/3012
f 4519/3536/3021 4507/3527/3012 4508/3528/3013
f 4520/3537/3022 4508/3528/3013 4509/3529/3014
f 4521/1253/884 4509/3529/3014 4510/3513/2999
f 4502/1097/755 4514/3531/3016 4524/1211/846
f 4515/3532/3017 4525/3538/3023 4514/3531/3016
f 4516/3534/3019 4526/3539/3024 4515/3532/3017
f 4517/3540/3025 4527/3541/3026 4516/3534/3019
f 4529/3542/3027 4517/3540/3025 4518/3535/3020
f 4530/3543/3028 4518/3535/3020 4519/3536/3021
f 4531/3544/3029 4519/3536/3021 4520/3537/3022
f 4532/1252/883 4520/3537/3022 4521/1253/884
f 4318/3115/2629 4334/3401/2896 4317/3398/2893
f 4555/3545/3030 4554/3546/3031 4543/3547/3032
f 4526/3539/3024 4536/3548/3033 4525/3538/3023
f 4527/3541/3026 4537/3549/3034 4526/3539/3024
f 4528/3550/3035 4538/3551/3036 4527/3541/3026
f 4540/3552/3037 4528/3550/3035 4529/3542/3027
f 4541/3553/3038 4529/3542/3027 4530/3543/3028
f 4542/3554/3039 4530/3543/3028 4531/3544/3029
f 4543/3547/3032 4531/3544/3029 4532/1252/883
f 4362/2114/1683 4374/3427/2913 4384/3443/2929
f 2821/2140/1707 2809/2133/1700 2810/3555/3040
f 4537/3549/3034 4547/3556/3041 4536/3548/3033
f 4538/3551/3036 4548/3557/3042 4537/3549/3034
f 4539/3558/3043 4549/3559/3044 4538/3551/3036
f 4551/3560/3045 4539/3558/3043 4540/3552/3037
f 4552/3561/3046 4540/3552/3037 4541/3553/3038
f 4553/3562/3047 4541/3553/3038 4542/3554/3039
f 4554/3546/3031 4542/3554/3039 4543/3547/3032
f 4559/3563/3048 4546/3564/3049 4547/3556/3041
f 4560/3565/3050 4547/3556/3041 4548/3557/3042
f 4561/3566/3051 4548/3557/3042 4549/3559/3044
f 4562/3567/3052 4549/3559/3044 4550/3568/3053
f 4563/3569/3054 4550/3568/3053 4551/3560/3045
f 4552/3561/3046 4563/3569/3054 4551/3560/3045
f 4553/3562/3047 4564/3570/3055 4552/3561/3046
f 4554/3546/3031 4565/3571/3056 4553/3562/3047
f 4555/3545/3030 4566/3572/3057 4554/3546/3031
f 3969/3143/2648 3953/1753/1351 3970/2875/2398
f 4577/3573/3058 4566/3572/3057 4567/3574/3059
f 4571/3575/3060 4559/3563/3048 4560/3565/3050
f 4572/3576/3061 4560/3565/3050 4561/3566/3051
f 4573/3577/3062 4561/3566/3051 4562/3567/3052
f 4574/3578/3063 4562/3567/3052 4563/3569/3054
f 4564/3570/3055 4574/3578/3063 4563/3569/3054
f 4565/3571/3056 4575/3579/3064 4564/3570/3055
f 4566/3572/3057 4576/3580/3065 4565/3571/3056
f 4124/2152/1719 4125/3267/2769 4136/3274/2776
f 4582/3581/3066 4570/2208/1775 4571/3575/3060
f 4583/3582/3067 4571/3575/3060 4572/3576/3061
f 4584/3583/3068 4572/3576/3061 4573/3577/3062
f 4585/3584/3069 4573/3577/3062 4574/3578/3063
f 4575/3579/3064 4585/3584/3069 4574/3578/3063
f 4576/3580/3065 4586/3585/3070 4575/3579/3064
f 4577/3573/3058 4587/3586/3071 4576/3580/3065
f 2638/3587/3072 2648/3588/3073 2637/1951/1538
f 4599/3589/3074 4588/3590/3075 4589/3591/3076
f 4593/3592/3077 4581/3593/3078 4582/3581/3066
f 4594/3594/3079 4582/3581/3066 4583/3582/3067
f 4595/3595/3080 4583/3582/3067 4584/3583/3068
f 4596/3596/3081 4584/3583/3068 4585/3584/3069
f 4586/3585/3070 4596/3596/3081 4585/3584/3069
f 4587/3586/3071 4597/3597/3082 4586/3585/3070
f 4588/3590/3075 4598/3598/3083 4587/3586/3071
f 2628/1940/1527 2640/1963/1550 2650/1980/1564
f 4578/3599/3084 4590/3600/3085 4589/3591/3076
f 4604/3601/3086 4592/1600/1202 4593/3592/3077
f 4605/3602/3087 4593/3592/3077 4594/3594/3079
f 4606/3603/3088 4594/3594/3079 4595/3595/3080
f 4607/3604/3089 4595/3595/3080 4596/3596/3081
f 4597/3597/3082 4607/3604/3089 4596/3596/3081
f 4598/3598/3083 4608/3605/3090 4597/3597/3082
f 4599/3589/3074 4609/3606/3091 4598/3598/3083
f 5019/1806/239 5036/3607/3092 5018/3407/634
f 4634/2099/1670 4646/3608/3093 4656/3609/3094
f 4630/796/486 4629/1153/796 4619/3610/3095
f 4615/3611/3096 4604/3601/3086 4605/3602/3087
f 4616/3612/3097 4605/3602/3087 4606/3603/3088
f 4617/3613/3098 4606/3603/3088 4607/3604/3089
f 4608/3605/3090 4617/3613/3098 4607/3604/3089
f 4609/3606/3091 4618/3614/3099 4608/3605/3090
f 3565/893/578 3564/2790/2313 3545/2755/2281
f 4623/1849/1440 4602/1601/1203 4603/1947/1534
f 4625/3615/3100 4614/1948/1535 4615/3611/3096
f 4626/2828/2351 4615/3611/3096 4616/3612/3097
f 4627/1813/1404 4616/3612/3097 4617/3613/3098
f 4618/3614/3099 4627/1813/1404 4617/3613/3098
f 4619/3610/3095 4628/1811/1402 4618/3614/3099
f 5613/3616/799 5601/1130/782 5602/1122/779
f 3381/2596/2148 3382/3617/3101 3392/3618/3102
f 4365/2288/1853 4347/2287/1852 4357/800/490
f 2628/1940/1527 2627/3619/3103 2617/3620/3104
f 5583/1531/762 5572/3621/747 5573/1080/744
f 5301/3622/483 5293/3623/484 5302/3624/485
f 3942/3625/3105 4673/3626/3106 4674/3627/3107
f 2671/1614/1213 2672/1990/1571 2682/3628/3108
f 2814/1870/1461 2801/3629/3109 2802/643/345
f 2691/1612/1211 2692/2003/1582 2702/2012/1590
f 2776/3402/2897 2777/1551/1154 2789/3322/2824
f 5605/2637/1964 5586/2493/2049 5587/2016/1594
f 4057/3630/3110 4046/3209/2713 4068/3219/2723
f 3947/1589/1191 4669/3379/2874 4670/1767/1365
f 3966/3138/2643 3958/727/420 3967/543/253
f 2282/1549/1152 2292/1584/1186 2281/510/226
f 3800/2344/1905 3538/1182/822 3799/2754/2280
f 3447/3631/3111 3446/2680/2229 3435/2669/2218
f 4641/1152/795 4651/2963/2486 4640/2546/2100
f 2730/2053/1627 2711/3300/2802 2731/2056/1630
f 4636/1351/969 4623/1849/1440 4624/3632/3112
f 3243/2504/2060 2272/1548/1151 3242/1528/1136
f 3973/3633/3113 3962/3370/2868 3982/3159/2664
f 3687/3634/3114 3675/3635/3115 3676/2892/2415
f 1495/3636/3116 1483/3637/3117 1484/718/404
f 4662/3638/3118 4650/1108/765 4651/2963/2486
f 2763/3639/3119 2752/2062/1636 2764/3640/3120
f 4656/3609/3094 4667/3641/3121 4655/3642/3122
f 4657/3422/2908 4668/3378/2873 4656/3609/3094
f 4658/2583/2135 4669/3379/2874 4657/3422/2908
f 4659/1109/766 4670/1767/1365 4658/2583/2135
f 4660/1110/767 4671/1768/1366 4659/1109/766
f 4673/3626/3106 4660/1110/767 4661/1106/763
f 4674/3627/3107 4661/1106/763 4662/3638/3118
f 4675/2715/2264 4662/3638/3118 4663/2962/2485
f 4676/1752/1350 4663/2962/2485 4664/3147/2652
f 4677/3643/3123 4664/3147/2652 4665/3644/3124
f 4678/3645/3125 4665/3644/3124 4666/3646/3126
f 4692/3647/31 4679/3648/32 4680/3649/33
f 4681/3650/35 4692/3647/31 4680/3649/33
f 4694/3651/36 4681/3650/35 4682/3652/37
f 4683/3653/39 4694/3651/36 4682/3652/37
f 4696/3654/75 4683/3653/39 4684/3655/41
f 4697/3656/42 4684/3655/41 4685/3657/43
f 4686/3658/45 4697/3656/42 4685/3657/43
f 4699/3659/46 4686/3658/45 4687/3660/47
f 4700/3661/48 4687/3660/47 4688/3662/49
f 4701/3663/50 4688/3662/49 4689/3664/51
f 4690/3665/53 4701/3663/50 4689/3664/51
f 4692/3647/31 4703/3666/54 4691/3667/54
f 4693/3668/34 4704/3669/55 4692/3647/31
f 4694/3651/36 4705/3670/56 4693/3668/34
f 4695/3671/38 4706/3672/57 4694/3651/36
f 4696/3654/75 4707/3673/58 4695/3671/38
f 4709/3674/59 4696/3654/75 4697/3656/42
f 4710/3675/76 4697/3656/42 4698/3676/44
f 4711/3677/61 4698/3676/44 4699/3659/46
f 4712/3678/62 4699/3659/46 4700/3661/48
f 4713/3679/63 4700/3661/48 4701/3663/50
f 4714/3680/52 4701/3663/50 4702/3681/52
f 4716/3682/64 4703/3666/54 4704/3669/55
f 4717/3683/65 4704/3669/55 4705/3670/56
f 4718/3684/66 4705/3670/56 4706/3672/57
f 4719/3685/67 4706/3672/57 4707/3673/58
f 4720/3686/68 4707/3673/58 4708/3687/69
f 4721/3688/70 4708/3687/69 4709/3674/59
f 4722/3689/71 4709/3674/59 4710/3675/76
f 4723/3690/72 4710/3675/76 4711/3677/61
f 4724/3691/73 4711/3677/61 4712/3678/62
f 4725/3692/74 4712/3678/62 4713/3679/63
f 4726/3693/53 4713/3679/63 4714/3680/52
f 4728/3694/33 4715/3695/32 4716/3682/64
f 4729/3696/35 4716/3682/64 4717/3683/65
f 4730/3697/37 4717/3683/65 4718/3684/66
f 4731/3698/39 4718/3684/66 4719/3685/67
f 4732/3699/41 4719/3685/67 4720/3686/68
f 4733/3700/43 4720/3686/68 4721/3688/70
f 4722/3689/71 4733/3700/43 4721/3688/70
f 4723/3690/72 4734/3701/45 4722/3689/71
f 4724/3691/73 4735/3702/47 4723/3690/72
f 4725/3692/74 4736/3703/49 4724/3691/73
f 4726/3693/53 4737/3704/51 4725/3692/74
f 4740/3705/31 4727/3706/32 4728/3694/33
f 4741/3707/34 4728/3694/33 4729/3696/35
f 4742/3708/36 4729/3696/35 4730/3697/37
f 4743/3709/38 4730/3697/37 4731/3698/39
f 4744/3710/75 4731/3698/39 4732/3699/41
f 4745/3711/42 4732/3699/41 4733/3700/43
f 4734/3701/45 4745/3711/42 4733/3700/43
f 4747/3712/46 4734/3701/45 4735/3702/47
f 4748/3713/48 4735/3702/47 4736/3703/49
f 4749/3714/50 4736/3703/49 4737/3704/51
f 4750/3715/52 4737/3704/51 4738/3716/53
f 4740/3705/31 4751/3717/54 4739/3718/54
f 4741/3707/34 4752/3719/55 4740/3705/31
f 4742/3708/36 4753/3720/56 4741/3707/34
f 4743/3709/38 4754/3721/57 4742/3708/36
f 4744/3710/75 4755/3722/58 4743/3709/38
f 4757/3723/59 4744/3710/75 4745/3711/42
f 4758/3724/76 4745/3711/42 4746/3725/44
f 4759/3726/61 4746/3725/44 4747/3712/46
f 4760/3727/62 4747/3712/46 4748/3713/48
f 4761/3728/63 4748/3713/48 4749/3714/50
f 4762/3729/52 4749/3714/50 4750/3715/52
f 4764/3730/64 4751/3717/54 4752/3719/55
f 4765/3731/65 4752/3719/55 4753/3720/56
f 4766/3732/66 4753/3720/56 4754/3721/57
f 4767/3733/2268 4754/3721/57 4755/3722/58
f 4768/3734/68 4755/3722/58 4756/3735/69
f 4769/3736/70 4756/3735/69 4757/3723/59
f 4770/3737/71 4757/3723/59 4758/3724/76
f 4771/3738/72 4758/3724/76 4759/3726/61
f 4772/3739/73 4759/3726/61 4760/3727/62
f 4773/3740/74 4760/3727/62 4761/3728/63
f 4774/3741/53 4761/3728/63 4762/3729/52
f 4776/3742/77 4763/3743/32 4764/3730/64
f 4765/3731/65 4776/3742/77 4764/3730/64
f 4778/3744/79 4765/3731/65 4766/3732/66
f 4779/3745/80 4766/3732/66 4767/3733/2268
f 4780/3746/93 4767/3733/2268 4768/3734/68
f 4781/3747/81 4768/3734/68 4769/3736/70
f 4770/3737/71 4781/3747/81 4769/3736/70
f 4783/3748/83 4770/3737/71 4771/3738/72
f 4784/3749/84 4771/3738/72 4772/3739/73
f 4785/3750/85 4772/3739/73 4773/3740/74
f 4774/3741/53 4785/3750/85 4773/3740/74
f 4788/3751/87 4775/3752/88 4776/3742/77
f 4789/3753/89 4776/3742/77 4777/3754/78
f 4790/3755/90 4777/3754/78 4778/3744/79
f 4791/3756/91 4778/3744/79 4779/3745/80
f 4792/3757/92 4779/3745/80 4780/3746/93
f 4793/3758/94 4780/3746/93 4781/3747/81
f 4794/3759/95 4781/3747/81 4782/3760/82
f 4795/3761/96 4782/3760/82 4783/3748/83
f 4796/3762/97 4783/3748/83 4784/3749/84
f 4797/3763/98 4784/3749/84 4785/3750/85
f 4798/3764/99 4785/3750/85 4786/3765/86
f 4788/3751/87 4799/3766/54 4787/3767/100
f 4801/3768/56 4788/3751/87 4789/3753/89
f 4802/3769/57 4789/3753/89 4790/3755/90
f 4803/3770/58 4790/3755/90 4791/3756/91
f 4792/3757/92 4803/3770/58 4791/3756/91
f 4805/3771/59 4792/3757/92 4793/3758/94
f 4806/3772/76 4793/3758/94 4794/3759/95
f 4807/3773/61 4794/3759/95 4795/3761/96
f 4808/3774/62 4795/3761/96 4796/3762/97
f 4797/3763/98 4808/3774/62 4796/3762/97
f 4810/3775/52 4797/3763/98 4798/3764/99
f 4812/3776/64 4799/3766/54 4800/3777/55
f 4813/3778/65 4800/3777/55 4801/3768/56
f 4814/3779/66 4801/3768/56 4802/3769/57
f 4803/3770/58 4814/3779/66 4802/3769/57
f 4816/3780/68 4803/3770/58 4804/3781/69
f 4817/3782/70 4804/3781/69 4805/3771/59
f 4806/3772/76 4817/3782/70 4805/3771/59
f 4819/3783/72 4806/3772/76 4807/3773/61
f 4820/3784/73 4807/3773/61 4808/3774/62
f 4821/3785/74 4808/3774/62 4809/3786/63
f 4822/3787/53 4809/3786/63 4810/3775/52
f 4680/3649/33 4811/3788/32 4812/3776/64
f 4681/3650/35 4812/3776/64 4813/3778/65
f 4682/3652/37 4813/3778/65 4814/3779/66
f 4683/3653/39 4814/3779/66 4815/3789/67
f 4684/3655/41 4815/3789/67 4816/3780/68
f 4685/3657/43 4816/3780/68 4817/3782/70
f 4818/3790/71 4685/3657/43 4817/3782/70
f 4819/3783/72 4686/3658/45 4818/3790/71
f 4820/3784/73 4687/3660/47 4819/3783/72
f 4821/3785/74 4688/3662/49 4820/3784/73
f 4822/3787/53 4689/3664/51 4821/3785/74
f 4836/3791/87 4823/3792/88 4824/3793/77
f 4837/3794/89 4824/3793/77 4825/3795/78
f 4838/3796/90 4825/3795/78 4826/3797/79
f 4839/3798/91 4826/3797/79 4827/3799/80
f 4840/3800/92 4827/3799/80 4828/3801/93
f 4841/3802/94 4828/3801/93 4829/3803/81
f 4830/3804/82 4841/3802/94 4829/3803/81
f 4843/3805/96 4830/3804/82 4831/3806/83
f 4844/3807/97 4831/3806/83 4832/3808/84
f 4845/3809/98 4832/3808/84 4833/3810/85
f 4846/3811/99 4833/3810/85 4834/3812/86
f 4848/3813/55 4835/3814/100 4836/3791/87
f 4849/3815/56 4836/3791/87 4837/3794/89
f 4850/3816/57 4837/3794/89 4838/3796/90
f 4851/3817/58 4838/3796/90 4839/3798/91
f 4852/3818/69 4839/3798/91 4840/3800/92
f 4853/3819/59 4840/3800/92 4841/3802/94
f 4854/3820/76 4841/3802/94 4842/3821/95
f 4855/3822/61 4842/3821/95 4843/3805/96
f 4856/3823/62 4843/3805/96 4844/3807/97
f 4857/3824/63 4844/3807/97 4845/3809/98
f 4858/3825/52 4845/3809/98 4846/3811/99
f 4860/3826/64 4847/3827/54 4848/3813/55
f 4861/3828/65 4848/3813/55 4849/3815/56
f 4862/3829/66 4849/3815/56 4850/3816/57
f 4863/3830/67 4850/3816/57 4851/3817/58
f 4852/3818/69 4863/3830/67 4851/3817/58
f 4865/3831/70 4852/3818/69 4853/3819/59
f 4866/3832/71 4853/3819/59 4854/3820/76
f 4867/3833/72 4854/3820/76 4855/3822/61
f 4868/3834/73 4855/3822/61 4856/3823/62
f 4869/3835/74 4856/3823/62 4857/3824/63
f 4870/3836/53 4857/3824/63 4858/3825/52
f 4824/3793/77 4859/3837/32 4860/3826/64
f 4825/3795/78 4860/3826/64 4861/3828/65
f 4826/3797/79 4861/3828/65 4862/3829/66
f 4827/3799/80 4862/3829/66 4863/3830/67
f 4828/3801/93 4863/3830/67 4864/3838/68
f 4829/3803/81 4864/3838/68 4865/3831/70
f 4830/3804/82 4865/3831/70 4866/3832/71
f 4831/3806/83 4866/3832/71 4867/3833/72
f 4832/3808/84 4867/3833/72 4868/3834/73
f 4833/3810/85 4868/3834/73 4869/3835/74
f 4834/3812/86 4869/3835/74 4870/3836/53
f 4884/3839/103 4871/3840/104 4872/3841/105
f 4885/3842/106 4872/3841/105 4873/3843/107
f 4886/3844/108 4873/3843/107 4874/3845/109
f 4887/3846/110 4874/3845/109 4875/3847/111
f 4888/3848/112 4875/3847/111 4876/3849/113
f 4889/3850/114 4876/3849/113 4877/3851/115
f 4878/3852/116 4889/3850/114 4877/3851/115
f 4879/3853/117 4890/3854/118 4878/3852/116
f 4880/3855/119 4891/3856/120 4879/3853/117
f 4881/3857/121 4892/3858/122 4880/3855/119
f 4882/3859/123 4893/3860/124 4881/3857/121
f 4884/3839/103 4895/3861/125 4883/3862/126
f 4885/3842/106 4896/3863/127 4884/3839/103
f 4886/3844/108 4897/3864/128 4885/3842/106
f 4887/3846/110 4898/3865/129 4886/3844/108
f 4888/3848/112 4899/3866/3127 4887/3846/110
f 4901/3867/131 4888/3848/112 4889/3850/114
f 4902/3868/3128 4889/3850/114 4890/3854/118
f 4903/3869/133 4890/3854/118 4891/3856/120
f 4904/3870/134 4891/3856/120 4892/3858/122
f 4905/3871/135 4892/3858/122 4893/3860/124
f 4906/3872/136 4893/3860/124 4894/3873/137
f 4908/3874/138 4895/3861/125 4896/3863/127
f 4909/3875/139 4896/3863/127 4897/3864/128
f 4910/3876/140 4897/3864/128 4898/3865/129
f 4911/3877/3129 4898/3865/129 4899/3866/3127
f 4912/3878/142 4899/3866/3127 4900/3879/143
f 4913/3880/144 4900/3879/143 4901/3867/131
f 4902/3868/3128 4913/3880/144 4901/3867/131
f 4903/3869/133 4914/3881/3130 4902/3868/3128
f 4904/3870/134 4915/3882/146 4903/3869/133
f 4905/3871/135 4916/3883/147 4904/3870/134
f 4906/3872/136 4917/3884/3131 4905/3871/135
f 4908/3874/138 4919/3885/149 4907/3886/150
f 4909/3875/139 4920/3887/151 4908/3874/138
f 4910/3876/140 4921/3888/152 4909/3875/139
f 4911/3877/3129 4922/3889/153 4910/3876/140
f 4912/3878/142 4923/3890/154 4911/3877/3129
f 4925/3891/155 4912/3878/142 4913/3880/144
f 4926/3892/156 4913/3880/144 4914/3881/3130
f 4927/3893/157 4914/3881/3130 4915/3882/146
f 4928/3894/158 4915/3882/146 4916/3883/147
f 4929/3895/159 4916/3883/147 4917/3884/3131
f 4930/3896/160 4917/3884/3131 4918/3897/161
f 4932/3898/162 4919/3885/149 4920/3887/151
f 4933/3899/163 4920/3887/151 4921/3888/152
f 4934/3900/164 4921/3888/152 4922/3889/153
f 4935/3901/3132 4922/3889/153 4923/3890/154
f 4936/3902/166 4923/3890/154 4924/3903/167
f 4937/3904/168 4924/3903/167 4925/3891/155
f 4926/3892/156 4937/3904/168 4925/3891/155
f 4927/3893/157 4938/3905/3133 4926/3892/156
f 4928/3894/158 4939/3906/170 4927/3893/157
f 4929/3895/159 4940/3907/171 4928/3894/158
f 4930/3896/160 4941/3908/172 4929/3895/159
f 4932/3898/162 4871/3840/104 4931/3909/173
f 4933/3899/163 4872/3841/105 4932/3898/162
f 4934/3900/164 4873/3843/107 4933/3899/163
f 4935/3901/3132 4874/3845/109 4934/3900/164
f 4936/3902/166 4875/3847/111 4935/3901/3132
f 4877/3851/115 4936/3902/166 4937/3904/168
f 4878/3852/116 4937/3904/168 4938/3905/3133
f 4879/3853/117 4938/3905/3133 4939/3906/170
f 4880/3855/119 4939/3906/170 4940/3907/171
f 4881/3857/121 4940/3907/171 4941/3908/172
f 4882/3859/123 4941/3908/172 4942/3910/174
f 4956/3911/87 4943/3912/88 4944/3913/77
f 4957/3914/89 4944/3913/77 4945/3915/78
f 4958/3916/90 4945/3915/78 4946/3917/79
f 4959/3918/91 4946/3917/79 4947/3919/80
f 4960/3920/92 4947/3919/80 4948/3921/93
f 4961/3922/94 4948/3921/93 4949/3923/81
f 4962/3924/95 4949/3923/81 4950/3925/82
f 4963/3926/96 4950/3925/82 4951/3927/83
f 4964/3928/97 4951/3927/83 4952/3929/84
f 4965/3930/98 4952/3929/84 4953/3931/85
f 4966/3932/99 4953/3931/85 4954/3933/86
f 4968/3934/55 4955/3935/100 4956/3911/87
f 4969/3936/56 4956/3911/87 4957/3914/89
f 4970/3937/57 4957/3914/89 4958/3916/90
f 4959/3918/91 4970/3937/57 4958/3916/90
f 4972/3938/69 4959/3918/91 4960/3920/92
f 4973/3939/59 4960/3920/92 4961/3922/94
f 4962/3924/95 4973/3939/59 4961/3922/94
f 4975/3940/61 4962/3924/95 4963/3926/96
f 4976/3941/62 4963/3926/96 4964/3928/97
f 4977/3942/63 4964/3928/97 4965/3930/98
f 4978/3943/52 4965/3930/98 4966/3932/99
f 4980/3944/64 4967/3945/54 4968/3934/55
f 4981/3946/65 4968/3934/55 4969/3936/56
f 4982/3947/66 4969/3936/56 4970/3937/57
f 4983/3948/2268 4970/3937/57 4971/3949/102
f 4984/3950/68 4971/3949/102 4972/3938/69
f 4985/3951/70 4972/3938/69 4973/3939/59
f 4986/3952/3134 4973/3939/59 4974/3953/60
f 4987/3954/72 4974/3953/60 4975/3940/61
f 4988/3955/73 4975/3940/61 4976/3941/62
f 4989/3956/74 4976/3941/62 4977/3942/63
f 4990/3957/53 4977/3942/63 4978/3943/52
f 4944/3913/77 4979/3958/32 4980/3944/64
f 4945/3915/78 4980/3944/64 4981/3946/65
f 4946/3917/79 4981/3946/65 4982/3947/66
f 4947/3919/80 4982/3947/66 4983/3948/2268
f 4984/3950/68 4947/3919/80 4983/3948/2268
f 4949/3923/81 4984/3950/68 4985/3951/70
f 4950/3925/82 4985/3951/70 4986/3952/3134
f 4987/3954/72 4950/3925/82 4986/3952/3134
f 4952/3929/84 4987/3954/72 4988/3955/73
f 4953/3931/85 4988/3955/73 4989/3956/74
f 4954/3933/86 4989/3956/74 4990/3957/53
f 5000/492/178 5621/3122/179 5622/3959/180
f 5622/3959/180 4992/1285/206 5000/492/178
f 5626/468/182 4994/461/187 5625/463/189
f 4638/2297/1858 4625/3615/3100 4626/2828/2351
f 1894/456/182 1262/2753/187 1893/1156/189
f 1338/571/277 1350/597/299 1360/2113/300
f 5004/3960/1557 4994/461/187 4995/467/181
f 4245/3354/2853 4254/3961/3135 4244/3352/2851
f 1272/1971/1557 1262/2753/187 1263/455/181
f 5019/1806/239 4998/3962/756 4999/3120/195
f 4999/3120/195 5010/491/212 5019/1806/239
f 5015/488/210 5004/3960/1557 5005/489/211
f 5014/3963/1556 5003/482/204 5004/3960/1557
f 5022/508/224 5013/495/215 5023/522/236
f 3275/2084/1657 3254/2359/1920 3255/2361/1922
f 5007/3964/219 5026/539/220 5006/450/176
f 3788/2970/2492 3775/2949/2472 3776/2950/2473
f 5024/3409/233 5015/488/210 5025/538/248
f 5023/522/236 5014/3963/1556 5024/3409/233
f 1290/512/224 1281/3359/215 1291/2462/236
f 2384/1644/1243 2365/2090/1663 2385/1645/1244
f 1292/519/233 1283/2466/210 1293/536/248
f 5311/2575/2127 5312/3965/2832 5322/3966/2833
f 3783/2479/2037 3794/2957/2480 3782/2780/2303
f 5032/523/232 5024/3409/233 5033/3408/2899
f 2735/2058/1632 2724/2038/1615 2725/3144/2649
f 4258/2688/2237 4247/2591/2143 4248/3355/2854
f 5194/706/397 5175/686/374 5195/688/389
f 4302/3394/2889 4293/1632/1231 4303/3396/2891
f 3231/2505/2061 3230/2488/2044 3219/2300/1861
f 5030/535/247 5038/3967/258 5020/1804/237
f 5042/3968/243 5032/523/232 5033/3408/2899
f 3209/2475/2033 3200/2464/2024 3201/2465/2025
f 5614/3969/800 5602/1122/779 5603/1125/777
f 4291/3383/2878 4300/3392/2887 4290/2273/1838
f 4321/2095/1668 4323/2094/1667 4330/1590/1192
f 4341/3129/2636 4332/2075/1648 4333/967/644
f 5067/3970/287 5066/3971/276 5055/3972/266
f 5038/3967/258 5048/3973/259 5037/1805/238
f 5039/534/246 5049/3974/260 5038/3967/258
f 5040/532/244 5050/3975/261 5039/534/246
f 5052/3976/262 5040/532/244 5041/533/245
f 5053/3977/263 5041/533/245 5042/3968/243
f 5054/3978/264 5042/3968/243 5043/3979/265
f 5055/3972/266 5043/3979/265 5044/537/249
f 2779/487/209 2767/2959/2482 2768/1627/1226
f 5049/3974/260 5059/3980/269 5048/3973/259
f 5050/3975/261 5060/3981/270 5049/3974/260
f 5051/3982/271 5061/3983/272 5050/3975/261
f 5063/3984/273 5051/3982/271 5052/3976/262
f 5064/3985/274 5052/3976/262 5053/3977/263
f 5065/3986/275 5053/3977/263 5054/3978/264
f 5066/3971/276 5054/3978/264 5055/3972/266
f 1846/1086/748 1847/1088/749 1866/3987/2870
f 5059/3980/269 5070/593/277 5058/3988/268
f 5060/3981/270 5071/3989/278 5059/3980/269
f 5061/3983/272 5072/3990/279 5060/3981/270
f 5062/3991/280 5073/3992/281 5061/3983/272
f 5075/3993/282 5062/3991/280 5063/3984/273
f 5076/3994/283 5063/3984/273 5064/3985/274
f 5077/3995/284 5064/3985/274 5065/3986/275
f 5078/3996/285 5065/3986/275 5066/3971/276
f 5079/3997/286 5066/3971/276 5067/3970/287
f 1380/3998/2631 1369/605/309 1370/3999/2632
f 5089/4000/291 5078/3996/285 5079/3997/286
f 5083/4001/292 5071/3989/278 5072/3990/279
f 5084/4002/293 5072/3990/279 5073/3992/281
f 5085/4003/294 5073/3992/281 5074/4004/295
f 5086/4005/296 5074/4004/295 5075/3993/282
f 5076/3994/283 5086/4005/296 5075/3993/282
f 5077/3995/284 5087/4006/297 5076/3994/283
f 5078/3996/285 5088/4007/298 5077/3995/284
f 2769/1723/1321 2759/1930/1517 2770/1733/1331
f 5094/4008/301 5082/594/299 5083/4001/292
f 5095/4009/3136 5083/4001/292 5084/4002/293
f 5096/4010/303 5084/4002/293 5085/4003/294
f 5097/4011/304 5085/4003/294 5086/4005/296
f 5087/4006/297 5097/4011/304 5086/4005/296
f 5088/4007/298 5098/4012/3137 5087/4006/297
f 5089/4000/291 5099/4013/306 5088/4007/298
f 1360/2113/300 1372/614/318 1382/633/335
f 5105/4014/310 5093/4015/311 5094/4008/301
f 5106/4016/312 5094/4008/301 5095/4009/3136
f 5107/4017/313 5095/4009/3136 5096/4010/303
f 5108/4018/314 5096/4010/303 5097/4011/304
f 5098/4012/3137 5108/4018/314 5097/4011/304
f 5099/4013/306 5109/4019/315 5098/4012/3137
f 5100/3237/308 5110/4020/316 5099/4013/306
f 5092/595/300 5104/4021/318 5114/621/325
f 5116/4022/317 5104/4021/318 5105/4014/310
f 5117/4023/319 5105/4014/310 5106/4016/312
f 5118/4024/320 5106/4016/312 5107/4017/313
f 5119/4025/321 5107/4017/313 5108/4018/314
f 5109/4019/315 5119/4025/321 5108/4018/314
f 5110/4020/316 5120/4026/322 5109/4019/315
f 5111/3236/307 5121/4027/323 5110/4020/316
f 5142/2121/1690 5123/4028/3138 5143/640/342
f 1410/4029/1690 1409/649/351 1399/637/339
f 5127/4030/330 5116/4022/317 5117/4023/319
f 5128/4031/331 5117/4023/319 5118/4024/320
f 5129/4032/332 5118/4024/320 5119/4025/321
f 5120/4026/322 5129/4032/332 5119/4025/321
f 5121/4027/323 5130/4033/333 5120/4026/322
f 5115/622/326 5126/4034/334 5135/620/324
f 4461/625/329 4440/2103/1674 4441/623/327
f 5137/4035/336 5126/4034/334 5127/4030/330
f 5138/4036/337 5127/4030/330 5128/4031/331
f 5139/4037/338 5128/4031/331 5129/4032/332
f 5130/4033/333 5139/4037/338 5129/4032/332
f 5131/2123/339 5140/4038/340 5130/4033/333
f 3532/2709/2258 3251/2430/1991 3531/2432/1993
f 1430/2042/341 1429/669/371 1419/657/359
f 5147/4039/347 5136/4040/348 5137/4035/336
f 5148/4041/349 5137/4035/336 5138/4036/337
f 5149/4042/350 5138/4036/337 5139/4037/338
f 5140/4038/340 5149/4042/350 5139/4037/338
f 5141/2122/351 5150/4043/352 5140/4038/340
f 5135/620/324 5146/4044/353 5155/1793/354
f 5155/1793/354 5134/4045/355 5135/620/324
f 5157/4046/356 5146/4044/353 5147/4039/347
f 5158/4047/357 5147/4039/347 5148/4041/349
f 5159/4048/358 5148/4041/349 5149/4042/350
f 5150/4043/352 5159/4048/358 5149/4042/350
f 5151/2774/359 5160/4049/360 5150/4043/352
f 5182/4050/3139 5163/641/343 5183/1651/1250
f 1450/4051/3139 1449/681/383 1439/682/384
f 5167/4052/367 5156/4053/368 5157/4046/356
f 5168/4054/369 5157/4046/356 5158/4047/357
f 5169/4055/370 5158/4047/357 5159/4048/358
f 5160/4049/360 5169/4055/370 5159/4048/358
f 5161/2773/371 5170/4056/372 5160/4049/360
f 5155/1793/354 5166/4057/373 5175/686/374
f 1450/4051/3139 1431/2044/343 1451/3372/1250
f 5167/4052/367 5176/4058/379 5166/4057/373
f 5168/4054/369 5177/4059/380 5167/4052/367
f 5179/4060/381 5168/4054/369 5169/4055/370
f 5180/4061/382 5169/4055/370 5170/4056/372
f 5181/4062/383 5170/4056/372 5171/4063/384
f 5203/4064/2463 5182/4050/3139 5183/1651/1250
f 2804/2486/2042 2791/485/207 2792/3351/2850
f 5177/4059/380 5186/687/388 5176/4058/379
f 5178/4065/390 5187/4066/391 5177/4059/380
f 5189/4067/392 5178/4065/390 5179/4060/381
f 5190/4068/393 5179/4060/381 5180/4061/382
f 5191/697/394 5180/4061/382 5181/4062/383
f 1443/672/374 1454/689/388 1463/699/389
f 1471/2940/2463 1450/4051/3139 1451/3372/1250
f 5187/4066/391 5196/4069/398 5186/687/388
f 5188/4070/399 5197/4071/400 5187/4066/391
f 5199/4072/401 5188/4070/399 5189/4067/392
f 5200/4073/402 5189/4067/392 5190/4068/393
f 5201/696/396 5190/4068/393 5191/697/394
f 5213/4074/411 5202/695/395 5203/4064/2463
f 5196/4069/398 5206/707/403 5195/688/389
f 5197/4071/400 5207/4075/405 5196/4069/398
f 5198/4076/406 5208/4077/407 5197/4071/400
f 5210/4078/408 5198/4076/406 5199/4072/401
f 5211/4079/409 5199/4072/401 5200/4073/402
f 5212/4080/410 5200/4073/402 5201/696/396
f 5213/4074/411 5201/696/396 5202/695/395
f 2322/1639/1238 2310/1609/1208 2311/3530/3015
f 5207/4075/405 5217/4081/412 5206/707/403
f 5208/4077/407 5218/4082/413 5207/4075/405
f 5209/4083/414 5219/4084/415 5208/4077/407
f 5221/4085/416 5209/4083/414 5210/4078/408
f 5222/4086/417 5210/4078/408 5211/4079/409
f 5223/4087/418 5211/4079/409 5212/4080/410
f 5224/4088/419 5212/4080/410 5213/4074/411
f 5227/4089/3116 5215/4090/3117 5216/708/404
f 5235/4091/431 5224/4088/419 5225/4092/1412
f 5218/4082/413 5228/730/423 5217/4081/412
f 5219/4084/415 5229/4093/425 5218/4082/413
f 5220/4094/426 5230/4095/427 5219/4084/415
f 5232/4096/428 5220/4094/426 5221/4085/416
f 5233/4097/429 5221/4085/416 5222/4086/417
f 5234/4098/430 5222/4086/417 5223/4087/418
f 5235/4091/431 5223/4087/418 5224/4088/419
f 2310/1609/1208 2301/2244/1809 2311/3530/3015
f 1516/4099/2177 1526/4100/2178 1515/753/444
f 5229/4093/425 5239/4101/435 5228/730/423
f 5230/4095/427 5240/4102/436 5229/4093/425
f 5231/4103/437 5241/4104/438 5230/4095/427
f 5243/4105/439 5231/4103/437 5232/4096/428
f 5244/4106/440 5232/4096/428 5233/4097/429
f 5245/4107/441 5233/4097/429 5234/4098/430
f 5246/4108/442 5234/4098/430 5235/4091/431
f 5257/4109/443 5246/4108/442 5247/2627/444
f 5240/4102/436 5250/761/445 5239/4101/435
f 5241/4104/438 5251/4110/446 5240/4102/436
f 5242/4111/447 5252/4112/448 5241/4104/438
f 5254/4113/449 5242/4111/447 5243/4105/439
f 5255/4114/450 5243/4105/439 5244/4106/440
f 5256/4115/451 5244/4106/440 5245/4107/441
f 5257/4109/443 5245/4107/441 5246/4108/442
f 2312/1623/1222 2301/2244/1809 2302/1585/1187
f 5262/4116/456 5250/761/445 5251/4110/446
f 5263/4117/457 5251/4110/446 5252/4112/448
f 5264/4118/458 5252/4112/448 5253/4119/459
f 5265/4120/460 5253/4119/459 5254/4113/449
f 5255/4114/450 5265/4120/460 5254/4113/449
f 5256/4115/451 5266/4121/461 5255/4114/450
f 5257/4109/443 5267/4122/462 5256/4115/451
f 1528/815/452 1540/787/477 1550/4123/3140
f 5273/4124/466 5261/4125/467 5262/4116/456
f 5274/4126/468 5262/4116/456 5263/4117/457
f 5275/4127/469 5263/4117/457 5264/4118/458
f 5276/4128/470 5264/4118/458 5265/4120/460
f 5266/4121/461 5276/4128/470 5265/4120/460
f 5267/4122/462 5277/4129/471 5266/4121/461
f 5268/1918/464 5278/4130/472 5267/4122/462
f 5260/762/452 5272/4131/477 5282/4132/3140
f 5284/4133/476 5272/4131/477 5273/4124/466
f 5285/4134/478 5273/4124/466 5274/4126/468
f 5286/4135/479 5274/4126/468 5275/4127/469
f 5287/4136/480 5275/4127/469 5276/4128/470
f 5277/4129/471 5287/4136/480 5276/4128/470
f 5278/4130/472 5288/4137/481 5277/4129/471
f 5279/1917/463 5289/4138/482 5278/4130/472
f 3943/2495/2051 3941/2494/2050 3942/3625/3105
f 1579/3330/2127 1558/4139/2966 1559/4140/2967
f 1578/824/513 1577/813/503 1567/814/504
f 5295/4141/492 5284/4133/476 5285/4134/478
f 5296/4142/493 5285/4134/478 5286/4135/479
f 5297/4143/494 5286/4135/479 5287/4136/480
f 5288/4137/481 5297/4143/494 5287/4136/480
f 5289/4138/482 5298/4144/495 5288/4137/481
f 5283/4145/496 5294/4146/497 5303/4147/498
f 5302/3624/485 5283/4145/496 5303/4147/498
f 3959/729/422 3951/728/421 3952/1751/1349
f 5295/4141/492 5304/4148/499 5294/4146/497
f 5296/4142/493 5305/4149/500 5295/4141/492
f 5307/4150/501 5296/4142/493 5297/4143/494
f 5308/4151/502 5297/4143/494 5298/4144/495
f 5309/3340/503 5298/4144/495 5299/3341/504
f 1589/823/512 1578/824/513 1579/3330/2127
f 5304/4148/499 5314/4152/505 5303/4147/498
f 5305/4149/500 5315/4153/506 5304/4148/499
f 5306/4154/507 5316/4155/508 5305/4149/500
f 5318/4156/509 5306/4154/507 5307/4150/501
f 5319/4157/510 5307/4150/501 5308/4151/502
f 5320/4158/511 5308/4151/502 5309/3340/503
f 5321/2573/512 5309/3340/503 5310/2574/513
f 5302/3624/485 5314/4152/505 5324/4159/514
f 2767/2959/2482 2755/2076/1649 2756/1628/1227
f 5315/4153/506 5325/4160/515 5314/4152/505
f 5316/4155/508 5326/4161/516 5315/4153/506
f 5317/4162/517 5327/4163/518 5316/4155/508
f 5329/4164/519 5317/4162/517 5318/4156/509
f 5330/4165/520 5318/4156/509 5319/4157/510
f 5331/4166/521 5319/4157/510 5320/4158/511
f 5332/835/522 5320/4158/511 5321/2573/512
f 4629/1153/796 4640/2546/2100 4628/1811/1402
f 5326/4161/516 5336/4167/525 5325/4160/515
f 5327/4163/518 5337/4168/526 5326/4161/516
f 5328/4169/527 5338/4170/528 5327/4163/518
f 5340/4171/529 5328/4169/527 5329/4164/519
f 5341/4172/530 5329/4164/519 5330/4165/520
f 5342/4173/531 5330/4165/520 5331/4166/521
f 5343/834/523 5331/4166/521 5332/835/522
f 5324/4159/514 5336/4167/525 5346/4174/533
f 5337/4168/526 5347/4175/537 5336/4167/525
f 5338/4170/528 5348/4176/538 5337/4168/526
f 5339/4177/539 5349/4178/540 5338/4170/528
f 5351/4179/541 5339/4177/539 5340/4171/529
f 5352/4180/542 5340/4171/529 5341/4172/530
f 5353/4181/543 5341/4172/530 5342/4173/531
f 5354/4182/544 5342/4173/531 5343/834/523
f 4637/1352/970 4624/3632/3112 4625/3615/3100
f 5359/4183/545 5346/4174/533 5347/4175/537
f 5360/4184/546 5347/4175/537 5348/4176/538
f 5361/4185/547 5348/4176/538 5349/4178/540
f 5362/4186/548 5349/4178/540 5350/4187/549
f 5363/4188/550 5350/4187/549 5351/4179/541
f 5352/4180/542 5363/4188/550 5351/4179/541
f 5353/4181/543 5364/4189/551 5352/4180/542
f 5354/4182/544 5365/4190/552 5353/4181/543
f 5355/4191/553 5366/4192/554 5354/4182/544
f 2338/1578/1180 2319/1647/1246 2320/1641/1240
f 5371/4193/558 5359/4183/545 5360/4184/546
f 5372/4194/559 5360/4184/546 5361/4185/547
f 5373/4195/560 5361/4185/547 5362/4186/548
f 5374/4196/561 5362/4186/548 5363/4188/550
f 5364/4189/551 5374/4196/561 5363/4188/550
f 5365/4190/552 5375/4197/562 5364/4189/551
f 5366/4192/554 5376/4198/563 5365/4190/552
f 5358/4199/3141 5370/4200/565 5380/896/580
f 5382/4201/564 5370/4200/565 5371/4193/558
f 5383/4202/566 5371/4193/558 5372/4194/559
f 5384/4203/567 5372/4194/559 5373/4195/560
f 5385/4204/568 5373/4195/560 5374/4196/561
f 5375/4197/562 5385/4204/568 5374/4196/561
f 5376/4198/563 5386/4205/569 5375/4197/562
f 5377/878/557 5387/4206/570 5376/4198/563
f 5389/876/555 5408/920/571 5388/877/556
f 5397/4207/572 5387/4206/570 5388/877/556
f 5393/4208/573 5382/4201/564 5383/4202/566
f 5394/4209/574 5383/4202/566 5384/4203/567
f 5395/4210/575 5384/4203/567 5385/4204/568
f 5386/4205/569 5395/4210/575 5385/4204/568
f 5387/4206/570 5396/4211/576 5386/4205/569
f 1649/2483/581 1660/899/583 1669/499/216
f 3790/2960/2483 3779/2953/2476 3791/2972/2494
f 5403/909/582 5392/3404/583 5393/4208/573
f 5404/4212/584 5393/4208/573 5394/4209/574
f 5405/4213/585 5394/4209/574 5395/4210/575
f 5396/4211/576 5405/4213/585 5395/4210/575
f 5397/4207/572 5406/4214/586 5396/4211/576
f 2803/644/346 2790/1550/1153 2791/485/207
f 2792/3351/2850 2781/1734/1332 2793/2107/1678
f 5424/4215/591 5407/4216/592 5408/920/571
f 5423/4217/615 5406/4214/586 5407/4216/592
f 5413/4218/595 5405/4213/585 5406/4214/586
f 5413/4218/595 5404/4212/584 5405/4213/585
f 1671/898/582 1680/926/604 1687/933/610
f 3460/1134/786 3459/4219/3142 3449/4220/3143
f 4524/1211/846 4536/3548/3033 4546/3564/3049
f 5401/895/216 5416/4221/217 5400/4222/218
f 1441/4223/376 1433/4224/377 1442/4225/378
f 5421/4226/603 5412/1972/604 5413/4218/595
f 5428/4227/605 5415/4228/606 5416/4221/217
f 5429/4229/607 5416/4221/217 5417/918/599
f 5430/4230/608 5417/918/599 5418/910/593
f 5431/4231/609 5418/910/593 5419/1973/610
f 5432/4232/611 5419/1973/610 5420/4233/612
f 5433/4234/613 5420/4233/612 5421/4226/603
f 5422/4235/614 5433/4234/613 5421/4226/603
f 5423/4217/615 5434/4236/616 5422/4235/614
f 5424/4215/591 5435/4237/617 5423/4217/615
f 5425/919/589 5436/4238/618 5424/4215/591
f 5426/4239/619 5437/4240/620 5425/919/589
f 5441/2096/1669 5428/4227/605 5429/4229/607
f 5442/2097/625 5429/4229/607 5430/4230/608
f 5443/4241/626 5430/4230/608 5431/4231/609
f 5444/4242/627 5431/4231/609 5432/4232/611
f 5445/4243/628 5432/4232/611 5433/4234/613
f 5434/4236/616 5445/4243/628 5433/4234/613
f 5435/4237/617 5446/4244/629 5434/4236/616
f 5436/4238/618 5447/4245/3144 5435/4237/617
f 5437/4240/620 5448/970/645 5436/4238/618
f 2299/3377/2872 2287/4246/3145 2288/1594/1196
f 5457/4247/637 5447/4245/3144 5448/970/645
f 5453/4248/638 5442/2097/625 5443/4241/626
f 5454/4249/639 5443/4241/626 5444/4242/627
f 5455/4250/640 5444/4242/627 5445/4243/628
f 5446/4244/629 5455/4250/640 5445/4243/628
f 5447/4245/3144 5456/4251/641 5446/4244/629
f 1709/947/624 1710/948/625 1720/972/647
f 5461/991/657 5440/4252/667 5441/2096/1669
f 5463/4253/646 5452/2098/647 5453/4248/638
f 5464/4254/648 5453/4248/638 5454/4249/639
f 5465/4255/649 5454/4249/639 5455/4250/640
f 5456/4251/641 5465/4255/649 5455/4250/640
f 5457/4247/637 5466/4256/650 5456/4251/641
f 5491/4257/653 5490/4258/654 5479/4259/655
f 5473/4260/656 5461/991/657 5462/4261/3146
f 5474/4262/659 5462/4261/3146 5463/4253/646
f 5475/4263/660 5463/4253/646 5464/4254/648
f 5476/4264/661 5464/4254/648 5465/4255/649
f 5466/4256/650 5476/4264/661 5465/4255/649
f 5467/4265/3147 5477/4266/663 5466/4256/650
f 5468/969/636 5478/4267/664 5467/4265/3147
f 4353/3425/2911 4342/4268/3148 4354/4269/3149
f 5440/4252/667 5460/990/665 5451/4270/668
f 5484/4271/669 5472/992/666 5473/4260/656
f 5485/4272/670 5473/4260/656 5474/4262/659
f 5486/4273/671 5474/4262/659 5475/4263/660
f 5487/4274/672 5475/4263/660 5476/4264/661
f 5477/4266/663 5487/4274/672 5476/4264/661
f 5478/4267/664 5488/4275/673 5477/4266/663
f 5479/4259/655 5489/4276/674 5478/4267/664
f 5495/1553/1156 5482/4277/678 5483/4278/679
f 5496/4279/680 5483/4278/679 5484/4271/669
f 5497/4280/681 5484/4271/669 5485/4272/670
f 5498/4281/682 5485/4272/670 5486/4273/671
f 5499/4282/683 5486/4273/671 5487/4274/672
f 5488/4275/673 5499/4282/683 5487/4274/672
f 5489/4276/674 5500/4283/684 5488/4275/673
f 5490/4258/654 5501/4284/685 5489/4276/674
f 5491/4257/653 5502/4285/3150 5490/4258/654
f 5513/4286/687 5502/4285/3150 5503/1035/688
f 5496/4279/680 5506/1554/689 5495/1553/1156
f 5497/4280/681 5507/4287/690 5496/4279/680
f 5498/4281/682 5508/4288/3151 5497/4280/681
f 5510/4289/692 5498/4281/682 5499/4282/683
f 5511/4290/3152 5499/4282/683 5500/4283/684
f 5512/4291/694 5500/4283/684 5501/4284/685
f 5513/4286/687 5501/4284/685 5502/4285/3150
f 1762/4292/1155 1763/1005/677 1774/1017/689
f 5507/4287/690 5517/4293/698 5506/1554/689
f 5508/4288/3151 5518/4294/699 5507/4287/690
f 5509/4295/3153 5519/4296/701 5508/4288/3151
f 5521/4297/702 5509/4295/3153 5510/4289/692
f 5522/4298/703 5510/4289/692 5511/4290/3152
f 5523/4299/704 5511/4290/3152 5512/4291/694
f 5524/1038/705 5512/4291/694 5513/4286/687
f 5515/4300/2901 5505/4301/2902 5516/4302/716
f 2706/2166/1733 2695/1619/1218 2696/2452/2013
f 5518/4294/699 5528/4303/709 5517/4293/698
f 5519/4296/701 5529/4304/710 5518/4294/699
f 5520/4305/711 5530/4306/712 5519/4296/701
f 5532/4307/713 5520/4305/711 5521/4297/702
f 5533/4308/714 5521/4297/702 5522/4298/703
f 5534/4309/715 5522/4298/703 5523/4299/704
f 5535/1037/708 5523/4299/704 5524/1038/705
f 5516/4302/716 5517/4293/698 5528/4303/709
f 2344/4310/3154 2327/4311/3155 2345/2089/1662
f 5529/4304/710 5539/1068/717 5528/4303/709
f 5530/4306/712 5540/4312/718 5529/4304/710
f 5531/4313/719 5541/4314/720 5530/4306/712
f 5543/4315/721 5531/4313/719 5532/4307/713
f 5544/4316/722 5532/4307/713 5533/4308/714
f 5545/4317/723 5533/4308/714 5534/4309/715
f 5546/4318/724 5534/4309/715 5535/1037/708
f 5567/2017/725 5546/4318/724 5547/2294/726
f 5541/4314/720 5550/4319/730 5540/4312/718
f 5542/4320/731 5551/4321/732 5541/4314/720
f 5553/4322/733 5542/4320/731 5543/4315/721
f 5554/4323/734 5543/4315/721 5544/4316/722
f 5555/1060/729 5544/4316/722 5545/4317/723
f 5539/1068/717 5540/4312/718 5550/4319/730
f 1870/2007/779 1860/2761/780 1861/1121/778
f 2689/4324/3156 2681/4325/3157 2690/4326/3158
f 5551/4321/732 5560/1089/737 5550/4319/730
f 5552/4327/738 5561/4328/739 5551/4321/732
f 5563/1078/740 5552/4327/738 5553/4322/733
f 5564/1079/741 5553/4322/733 5554/4323/734
f 5565/1059/728 5554/4323/734 5555/1060/729
f 4294/1633/1232 4286/2458/2019 4287/458/184
f 2056/1296/922 2037/1271/902 2057/1319/939
f 3403/4329/3159 3402/2635/2186 3391/2623/2175
f 4080/3218/2722 4081/3220/2724 4092/3229/2733
f 5571/4330/746 5562/1081/745 5572/3621/747
f 5570/1090/750 5561/4328/739 5571/4330/746
f 5578/3107/748 5559/1069/736 5579/1145/749
f 3214/3376/2871 3224/2502/2058 3213/2484/2040
f 1848/1117/774 1839/1082/746 1849/3111/2627
f 2832/2131/1698 2833/2158/1725 2844/2169/1736
f 1851/1105/762 1840/1084/747 1841/1094/744
f 5581/4331/2627 5572/3621/747 5582/1530/1138
f 5580/1146/794 5571/4330/746 5581/4331/2627
f 1827/1087/736 1828/1070/737 1838/2072/750
f 1858/1118/775 1849/3111/2627 1859/2021/1598
f 1859/2021/1598 1850/3112/1138 1860/2761/780
f 1861/1121/778 1850/3112/1138 1851/1105/762
f 5591/4332/1598 5582/1530/1138 5592/1123/780
f 5590/1147/775 5581/4331/2627 5591/4332/1598
f 4252/517/231 4272/516/230 4263/4333/3160
f 2374/4334/3161 2386/4335/3162 2385/1645/1244
f 3177/506/222 3166/2445/2006 3167/2439/2000
f 4255/3361/2859 4264/3367/2865 4254/3961/3135
f 5600/1149/790 5592/1123/780 5601/1130/782
f 5599/1151/788 5591/4332/1598 5600/1149/790
f 5605/2637/1964 5604/1127/776 5595/1128/760
f 1835/1056/725 1815/1057/726 1824/4336/1856
f 2813/1869/1460 2800/4337/3163 2801/3629/3109
f 4146/4338/3164 4147/3286/2788 4158/3293/2795
f 3807/2973/2495 3808/4339/3165 3546/4340/3166
f 3657/1116/773 3658/2856/2379 3668/2867/2390
f 1882/1158/800 1870/2007/779 1871/1120/777
f 2008/4341/2645 2028/1308/920 2019/4342/2646
f 2269/946/623 3238/4343/3167 3239/1533/1140
f 3983/3160/2665 3984/3153/2658 3994/3162/2667
f 5620/3121/196 5607/4344/3168 5608/4345/798
f 5621/3122/179 5608/4345/798 5609/1150/787
f 5622/3959/180 5609/1150/787 5610/1148/789
f 5623/3522/191 5610/1148/789 5611/1129/781
f 5624/462/188 5611/1129/781 5612/1131/783
f 5625/463/189 5612/1131/783 5613/3616/799
f 5614/3969/800 5625/463/189 5613/3616/799
f 5615/1602/801 5626/468/182 5614/3969/800
f 5616/2636/802 5627/469/183 5615/1602/801
f 5617/4346/803 5628/451/177 5616/2636/802
f 5618/4347/3169 5629/449/175 5617/4346/803
f 1931/4348/600 1920/3176/601 1942/1605/602
f 5660/1202/200 5641/2537/201 5661/1203/202
f 1901/1187/825 1902/1173/813 1912/1189/827
f 5645/4349/812 5634/4350/813 5635/4351/814
f 5646/4352/3170 5635/4351/814 5636/4353/816
f 5647/4354/3171 5636/4353/816 5637/4355/818
f 5638/4356/819 5647/4354/3171 5637/4355/818
f 5639/4357/820 5648/4358/821 5638/4356/819
f 5633/1169/809 5634/4350/813 5644/4359/827
f 1626/4360/3141 1638/880/565 1648/2482/580
f 5655/4361/826 5644/4359/827 5645/4349/812
f 5656/4362/828 5645/4349/812 5646/4352/3170
f 5657/4363/829 5646/4352/3170 5647/4354/3171
f 5648/4358/821 5657/4363/829 5647/4354/3171
f 5649/4364/811 5658/4365/830 5648/4358/821
f 2268/945/622 3237/1539/1146 3238/4343/3167
f 5665/4366/832 5653/1167/807 5654/4367/3172
f 5666/4368/834 5654/4367/3172 5655/4361/826
f 5667/4369/835 5655/4361/826 5656/4362/828
f 5668/4370/836 5656/4362/828 5657/4363/829
f 5658/4365/830 5668/4370/836 5657/4363/829
f 5659/4371/3173 5669/4372/837 5658/4365/830
f 5660/1202/200 5670/4373/838 5659/4371/3173
f 5652/923/601 5653/1167/807 5664/4374/840
f 5676/4375/839 5664/4374/840 5665/4366/832
f 5677/4376/841 5665/4366/832 5666/4368/834
f 5678/4377/842 5666/4368/834 5667/4369/835
f 5679/4378/843 5667/4369/835 5668/4370/836
f 5669/4372/837 5679/4378/843 5668/4370/836
f 5670/4373/838 5680/4379/844 5669/4372/837
f 5671/1201/831 5681/4380/845 5670/4373/838
f 5693/4381/849 5682/4382/850 5683/4383/851
f 5687/4384/852 5675/1224/853 5676/4375/839
f 5688/4385/854 5676/4375/839 5677/4376/841
f 5689/4386/855 5677/4376/841 5678/4377/842
f 5690/4387/856 5678/4377/842 5679/4378/843
f 5680/4379/844 5690/4387/856 5679/4378/843
f 5681/4380/845 5691/4388/857 5680/4379/844
f 5682/4382/850 5692/4389/858 5681/4380/845
f 3266/2518/2074 3278/2528/2084 3288/2554/2108
f 5698/4390/860 5686/1225/859 5687/4384/852
f 5699/4391/861 5687/4384/852 5688/4385/854
f 5700/4392/862 5688/4385/854 5689/4386/855
f 5701/4393/863 5689/4386/855 5690/4387/856
f 5691/4388/857 5701/4393/863 5690/4387/856
f 5692/4389/858 5702/4394/864 5691/4388/857
f 5693/4381/849 5703/4395/865 5692/4389/858
f 5036/3607/3092 5048/3973/259 5058/3988/268
f 5698/4390/860 5708/4396/866 5697/4397/867
f 5699/4391/861 5709/4398/3174 5698/4390/860
f 5700/4392/862 5710/4399/869 5699/4391/861
f 5712/4400/870 5700/4392/862 5701/4393/863
f 5713/4401/871 5701/4393/863 5702/4394/864
f 5714/4402/3175 5702/4394/864 5703/4395/865
f 5715/545/255 5703/4395/865 5704/546/256
f 5696/4403/873 5697/4397/867 5708/4396/866
f 3195/2463/2023 3174/2760/2286 3175/2446/2007
f 5709/4398/3174 5719/4404/3176 5708/4396/866
f 5710/4399/869 5720/4405/3177 5709/4398/3174
f 5711/4406/876 5721/4407/877 5710/4399/869
f 5723/4408/878 5711/4406/876 5712/4400/870
f 5724/4409/879 5712/4400/870 5713/4401/871
f 5725/4410/3178 5713/4401/871 5714/4402/3175
f 5726/3421/2907 5714/4402/3175 5715/545/255
f 2005/1261/892 1994/1250/881 1995/1287/913
f 5720/4405/3177 5730/4411/885 5719/4404/3176
f 5721/4407/877 5731/4412/886 5720/4405/3177
f 5722/4413/887 5732/4414/888 5721/4407/877
f 5734/4415/889 5722/4413/887 5723/4408/878
f 5735/4416/890 5723/4408/878 5724/4409/879
f 5736/4417/891 5724/4409/879 5725/4410/3178
f 5737/3420/892 5725/4410/3178 5726/3421/2907
f 5718/4418/893 5719/4404/3176 5730/4411/885
f 5731/4412/886 5741/4419/894 5730/4411/885
f 5732/4414/888 5742/4420/895 5731/4412/886
f 5733/4421/896 5743/4422/897 5732/4414/888
f 5745/4423/898 5733/4421/896 5734/4415/889
f 5746/4424/899 5734/4415/889 5735/4416/890
f 5747/4425/900 5735/4416/890 5736/4417/891
f 5748/3137/901 5736/4417/891 5737/3420/892
f 5182/4050/3139 5181/4062/383 5171/4063/384
f 2028/1308/920 2009/1263/894 2029/1309/921
f 5660/1202/200 5659/4371/3173 5649/4364/811
f 5743/4422/897 5752/4426/907 5742/4420/895
f 5744/4427/908 5753/4428/909 5743/4422/897
f 5755/4429/910 5744/4427/908 5745/4423/898
f 5756/4430/911 5745/4423/898 5746/4424/899
f 5757/1283/906 5746/4424/899 5747/4425/900
f 5741/4419/894 5742/4420/895 5752/4426/907
f 5760/1294/920 5741/4419/894 5761/1295/921
f 5763/4431/914 5752/4426/907 5753/4428/909
f 5764/4432/915 5753/4428/909 5754/4433/916
f 5765/4434/917 5754/4433/916 5755/4429/910
f 5756/4430/911 5765/4434/917 5755/4429/910
f 5757/1283/906 5766/4435/918 5756/4430/911
f 5788/1304/922 5769/3136/902 5789/2226/939
f 2804/2486/2042 2793/2107/1678 2805/2120/1689
f 5773/4436/925 5762/4437/926 5763/4431/914
f 5774/4438/927 5763/4431/914 5764/4432/915
f 5775/4439/928 5764/4432/915 5765/4434/917
f 5766/4435/918 5775/4439/928 5765/4434/917
f 5767/1282/905 5776/4440/929 5766/4435/918
f 5761/1295/921 5762/4437/926 5772/4441/931
f 1410/4029/1690 1391/4442/3179 1411/2043/342
f 5783/4443/930 5772/4441/931 5773/4436/925
f 5784/4444/932 5773/4436/925 5774/4438/927
f 5785/4445/933 5774/4438/927 5775/4439/928
f 5776/4440/929 5785/4445/933 5775/4439/928
f 5777/1306/924 5786/4446/934 5776/4440/929
f 2048/4447/3180 2049/1307/919 2060/1334/954
f 5793/4448/940 5781/1293/919 5782/4449/941
f 5794/4450/942 5782/4449/941 5783/4443/930
f 5795/4451/943 5783/4443/930 5784/4444/932
f 5796/4452/944 5784/4444/932 5785/4445/933
f 5786/4446/934 5796/4452/944 5785/4445/933
f 5787/1305/923 5797/4453/945 5786/4446/934
f 5788/1304/922 5798/4454/946 5787/1305/923
f 5780/4455/3180 5781/1293/919 5792/4456/954
f 5804/4457/953 5792/4456/954 5793/4448/940
f 5805/4458/955 5793/4448/940 5794/4450/942
f 5806/4459/956 5794/4450/942 5795/4451/943
f 5807/4460/957 5795/4451/943 5796/4452/944
f 5797/4453/945 5807/4460/957 5796/4452/944
f 5798/4454/946 5808/4461/958 5797/4453/945
f 5799/2225/938 5809/4462/959 5798/4454/946
f 5821/4463/960 5810/4464/961 5811/4465/962
f 5804/4457/953 5814/1329/949 5803/1328/948
f 5805/4458/955 5815/4466/963 5804/4457/953
f 5806/4459/956 5816/4467/964 5805/4458/955
f 5818/4468/965 5806/4459/956 5807/4460/957
f 5819/4469/966 5807/4460/957 5808/4461/958
f 5820/4470/967 5808/4461/958 5809/4462/959
f 5821/4463/960 5809/4462/959 5810/4464/961
f 2070/4471/947 2071/1344/948 2082/1343/949
f 5815/4466/963 5825/4472/971 5814/1329/949
f 5816/4467/964 5826/4473/972 5815/4466/963
f 5817/4474/973 5827/4475/974 5816/4467/964
f 5829/4476/975 5817/4474/973 5818/4468/965
f 5830/4477/976 5818/4468/965 5819/4469/966
f 5831/4478/977 5819/4469/966 5820/4470/967
f 5832/1362/978 5820/4470/967 5821/4463/960
f 2716/2775/2298 2725/3144/2649 2715/2167/1734
f 4213/2033/1610 4214/3323/2825 4224/3335/2836
f 5827/4475/974 5836/4479/984 5826/4473/972
f 5828/4480/985 5837/4481/986 5827/4475/974
f 5839/4482/3181 5828/4480/985 5829/4476/975
f 5840/4483/988 5829/4476/975 5830/4477/976
f 5841/1374/983 5830/4477/976 5831/4478/977
f 5825/4472/971 5826/4473/972 5836/4479/984
f 5844/4484/989 5825/4472/971 5845/1383/990
f 5837/4481/986 5846/4485/991 5836/4479/984
f 5838/4486/3182 5847/4487/993 5837/4481/986
f 5849/4488/994 5838/4486/3182 5839/4482/3181
f 5850/4489/995 5839/4482/3181 5840/4483/988
f 5851/1373/982 5840/4483/988 5841/1374/983
f 5873/4490/1023 5852/1372/981 5853/1361/979
f 3974/2471/2029 3983/3160/2665 3963/3371/2869
f 5847/4487/993 5856/4491/1001 5846/4485/991
f 5848/4492/1002 5857/4493/1003 5847/4487/993
f 5859/4494/3183 5848/4492/1002 5849/4488/994
f 5860/4495/1005 5849/4488/994 5850/4489/995
f 5861/1395/1000 5850/4489/995 5851/1373/982
f 5845/1383/990 5846/4485/991 5856/4491/1001
f 2277/1575/1177 2265/1535/1142 2266/1558/1160
f 5824/4496/1006 5844/4484/989 5835/4497/1007
f 5857/4493/1003 5866/4498/1008 5856/4491/1001
f 5858/4499/3184 5867/4500/3185 5857/4493/1003
f 5869/4501/1011 5858/4499/3184 5859/4494/3183
f 5870/4502/3186 5859/4494/3183 5860/4495/1005
f 5871/1394/999 5860/4495/1005 5861/1395/1000
f 5865/1384/997 5876/4503/1013 5864/1382/996
f 5866/4498/1008 5877/4504/1014 5865/1384/997
f 5867/4500/3185 5878/4505/1015 5866/4498/1008
f 5868/4506/1016 5879/4507/1017 5867/4500/3185
f 5881/4508/1018 5868/4506/1016 5869/4501/1011
f 5882/4509/1019 5869/4501/1011 5870/4502/3186
f 5883/4510/1020 5870/4502/3186 5871/1394/999
f 5884/4511/1021 5871/1394/999 5872/1393/998
f 5885/4512/1022 5872/1393/998 5873/4490/1023
f 5876/4503/1013 5887/4513/1024 5875/4514/1025
f 5877/4504/1014 5888/4515/1026 5876/4503/1013
f 5878/4505/1015 5889/4516/1027 5877/4504/1014
f 5879/4507/1017 5890/4517/1028 5878/4505/1015
f 5880/4518/1029 5891/4519/1030 5879/4507/1017
f 5893/4520/1031 5880/4518/1029 5881/4508/1018
f 5894/4521/1032 5881/4508/1018 5882/4509/1019
f 5895/4522/1033 5882/4509/1019 5883/4510/1020
f 5896/4523/1034 5883/4510/1020 5884/4511/1021
f 5897/4524/1035 5884/4511/1021 5885/4512/1022
f 5898/4525/1036 5885/4512/1022 5886/4526/1037
f 5633/1169/809 5888/4515/1026 5889/4516/1027
f 5634/4350/813 5889/4516/1027 5890/4517/1028
f 5635/4351/814 5890/4517/1028 5891/4519/1030
f 5636/4353/816 5891/4519/1030 5892/4527/1038
f 5637/4355/818 5892/4527/1038 5893/4520/1031
f 5894/4521/1032 5637/4355/818 5893/4520/1031
f 5895/4522/1033 5638/4356/819 5894/4521/1032
f 5896/4523/1034 5639/4357/820 5895/4522/1033
f 5897/4524/1035 5640/4528/1039 5896/4523/1034
f 5912/4529/1040 5899/4530/1041 5900/4531/1042
f 5913/4532/3187 5900/4531/1042 5901/4533/1044
f 5914/4534/1045 5901/4533/1044 5902/4535/1046
f 5915/4536/1047 5902/4535/1046 5903/4537/1048
f 5916/4538/1049 5903/4537/1048 5904/4539/1050
f 5917/4540/1051 5904/4539/1050 5905/4541/1052
f 5906/4542/1053 5917/4540/1051 5905/4541/1052
f 5907/4543/1054 5918/4544/1055 5906/4542/1053
f 5908/4545/1056 5919/4546/1057 5907/4543/1054
f 5909/4547/1058 5920/4548/3188 5908/4545/1056
f 5910/4549/1060 5921/4550/1061 5909/4547/1058
f 5912/4529/1040 5923/4551/1062 5911/4552/1063
f 5913/4532/3187 5924/4553/1064 5912/4529/1040
f 5914/4534/1045 5925/4554/1065 5913/4532/3187
f 5915/4536/1047 5926/4555/1066 5914/4534/1045
f 5916/4538/1049 5927/4556/1067 5915/4536/1047
f 5929/4557/1068 5916/4538/1049 5917/4540/1051
f 5930/4558/1069 5917/4540/1051 5918/4544/1055
f 5931/4559/1070 5918/4544/1055 5919/4546/1057
f 5932/4560/1071 5919/4546/1057 5920/4548/3188
f 5933/4561/1072 5920/4548/3188 5921/4550/1061
f 5934/4562/1073 5921/4550/1061 5922/4563/1074
f 5936/4564/1075 5923/4551/1062 5924/4553/1064
f 5937/4565/1076 5924/4553/1064 5925/4554/1065
f 5938/4566/1077 5925/4554/1065 5926/4555/1066
f 5939/4567/1078 5926/4555/1066 5927/4556/1067
f 5940/4568/1079 5927/4556/1067 5928/4569/1080
f 5941/4570/1081 5928/4569/1080 5929/4557/1068
f 5930/4558/1069 5941/4570/1081 5929/4557/1068
f 5931/4559/1070 5942/4571/1082 5930/4558/1069
f 5932/4560/1071 5943/4572/1083 5931/4559/1070
f 5933/4561/1072 5944/4573/1084 5932/4560/1071
f 5934/4562/1073 5945/4574/1085 5933/4561/1072
f 5948/4575/1086 5935/4576/1087 5936/4564/1075
f 5949/4577/1088 5936/4564/1075 5937/4565/1076
f 5950/4578/1089 5937/4565/1076 5938/4566/1077
f 5951/4579/1090 5938/4566/1077 5939/4567/1078
f 5952/4580/1091 5939/4567/1078 5940/4568/1079
f 5953/4581/1092 5940/4568/1079 5941/4570/1081
f 5942/4571/1082 5953/4581/1092 5941/4570/1081
f 5943/4572/1083 5954/4582/1093 5942/4571/1082
f 5944/4573/1084 5955/4583/1094 5943/4572/1083
f 5945/4574/1085 5956/4584/1095 5944/4573/1084
f 5946/4585/1096 5957/4586/1097 5945/4574/1085
f 5948/4575/1086 5959/4587/1098 5947/4588/1099
f 5949/4577/1088 5960/4589/1100 5948/4575/1086
f 5950/4578/1089 5961/4590/1101 5949/4577/1088
f 5951/4579/1090 5962/4591/1102 5950/4578/1089
f 5952/4580/1091 5963/4592/1103 5951/4579/1090
f 5965/4593/1104 5952/4580/1091 5953/4581/1092
f 5966/4594/1105 5953/4581/1092 5954/4582/1093
f 5967/4595/1106 5954/4582/1093 5955/4583/1094
f 5968/4596/1107 5955/4583/1094 5956/4584/1095
f 5969/4597/1108 5956/4584/1095 5957/4586/1097
f 5970/4598/1109 5957/4586/1097 5958/4599/1110
f 5960/4589/1100 5971/4600/1111 5959/4587/1098
f 5961/4590/1101 5972/4601/1112 5960/4589/1100
f 5962/4591/1102 5973/4602/1113 5961/4590/1101
f 5963/4592/1103 5974/4603/1114 5962/4591/1102
f 5964/4604/1115 5975/4605/1116 5963/4592/1103
f 5977/4606/1117 5964/4604/1115 5965/4593/1104
f 5978/4607/1118 5965/4593/1104 5966/4594/1105
f 5979/4608/1119 5966/4594/1105 5967/4595/1106
f 5980/4609/1120 5967/4595/1106 5968/4596/1107
f 5981/4610/1121 5968/4596/1107 5969/4597/1108
f 5982/4611/1122 5969/4597/1108 5970/4598/1109
f 5984/4612/1123 5971/4600/1111 5972/4601/1112
f 5985/4613/1124 5972/4601/1112 5973/4602/1113
f 5986/4614/1125 5973/4602/1113 5974/4603/1114
f 5987/4615/1126 5974/4603/1114 5975/4605/1116
f 5988/4616/1127 5975/4605/1116 5976/4617/1128
f 5989/4618/1129 5976/4617/1128 5977/4606/1117
f 5978/4607/1118 5989/4618/1129 5977/4606/1117
f 5979/4608/1119 5990/4619/1130 5978/4607/1118
f 5980/4609/1120 5991/4620/1131 5979/4608/1119
f 5981/4610/1121 5992/4621/1132 5980/4609/1120
f 5982/4611/1122 5993/4622/1133 5981/4610/1121
f 5984/4612/1123 5899/4530/1041 5983/4623/1134
f 5985/4613/1124 5900/4531/1042 5984/4612/1123
f 5986/4614/1125 5901/4533/1044 5985/4613/1124
f 5987/4615/1126 5902/4535/1046 5986/4614/1125
f 5988/4616/1127 5903/4537/1048 5987/4615/1126
f 5905/4541/1052 5988/4616/1127 5989/4618/1129
f 5906/4542/1053 5989/4618/1129 5990/4619/1130
f 5907/4543/1054 5990/4619/1130 5991/4620/1131
f 5908/4545/1056 5991/4620/1131 5992/4621/1132
f 5909/4547/1058 5992/4621/1132 5993/4622/1133
f 5910/4549/1060 5993/4622/1133 5994/4624/1135
s 0
f 126/17/29 125/4625/29 128/18/29
f 70/4626/29 97/4627/29 96/4628/29
f 70/4626/29 96/4628/29 71/4629/29
f 96/4628/29 95/4630/29 71/4629/29
f 72/4631/29 71/4629/29 94/4632/29
f 74/4633/29 73/4634/29 118/4635/29
f 73/4634/29 72/4631/29 118/4635/29
f 75/4636/29 74/4633/29 118/4635/29
f 71/4629/29 95/4630/29 94/4632/29
f 72/4631/29 94/4632/29 118/4635/29
f 117/4637/29 116/4638/29 52/4639/29
f 117/4637/29 52/4639/29 51/4640/29
f 75/4636/29 118/4635/29 117/4637/29
f 75/4636/29 117/4637/29 50/4641/29
f 117/4637/29 51/4640/29 50/4641/29
f 50/4641/29 49/4642/29 75/4636/29
f 49/4642/29 48/4643/29 76/4644/29
f 48/4643/29 47/4645/29 77/4646/29
f 76/4644/29 48/4643/29 77/4646/29
f 47/4645/29 46/4647/29 78/4648/29
f 46/4647/29 45/4649/29 79/4650/29
f 47/4645/29 78/4648/29 77/4646/29
f 45/4649/29 44/4651/29 80/4652/29
f 44/4651/29 43/4653/29 80/4652/29
f 45/4649/29 80/4652/29 79/4650/29
f 43/4653/29 42/4654/29 81/4655/29
f 42/4654/29 41/20/29 82/22/29
f 43/4653/29 81/4655/29 80/4652/29
f 41/20/29 40/4656/29 83/21/29
f 40/4656/29 39/4657/29 84/4658/29
f 84/4658/29 39/4657/29 85/4659/29
f 39/4657/29 38/4660/29 86/4661/29
f 38/4660/29 37/4662/29 87/4663/29
f 37/4662/29 36/4664/29 88/4665/29
f 36/4664/29 35/4666/29 89/4667/29
f 35/4666/29 34/4668/29 89/4667/29
f 34/4668/29 33/4669/29 90/4670/29
f 89/4667/29 34/4668/29 90/4670/29
f 33/4669/29 93/4671/29 91/4672/29
f 93/4671/29 92/4673/29 91/4672/29
f 36/4664/29 89/4667/29 88/4665/29
f 38/4660/29 87/4663/29 86/4661/29
f 76/4644/29 75/4636/29 49/4642/29
f 33/4669/29 91/4672/29 90/4670/29
f 78/4648/29 46/4647/29 79/4650/29
f 37/4662/29 88/4665/29 87/4663/29
f 39/4657/29 86/4661/29 85/4659/29
f 81/4655/29 42/4654/29 82/22/29
f 40/4656/29 84/4658/29 83/21/29
f 131/23/29 130/4674/29 129/24/29
f 933/26/30 934/4675/30 931/27/30
f 603/4676/30 604/4677/30 594/4678/30
f 604/4677/30 605/4679/30 594/4678/30
f 600/4680/30 601/4681/30 599/4682/30
f 601/4681/30 602/4683/30 599/4682/30
f 602/4683/30 603/4676/30 598/31/30
f 603/4676/30 594/4678/30 595/29/30
f 595/29/30 596/4684/30 597/30/30
f 603/4676/30 595/29/30 598/31/30
f 598/31/30 599/4682/30 602/4683/30
f 98/4685/29 97/4627/29 69/4686/29
f 97/4627/29 70/4626/29 69/4686/29
f 69/4686/29 68/4687/29 98/4685/29
f 68/4687/29 67/4688/29 99/4689/29
f 67/4688/29 66/4690/29 100/4691/29
f 100/4691/29 66/4690/29 101/4692/29
f 66/4690/29 65/4693/29 101/4692/29
f 65/4693/29 64/4694/29 102/4695/29
f 101/4692/29 65/4693/29 102/4695/29
f 64/4694/29 63/4696/29 103/4697/29
f 63/4696/29 62/4698/29 104/4699/29
f 64/4694/29 103/4697/29 102/4695/29
f 62/4698/29 61/33/29 106/32/29
f 61/33/29 60/4700/29 107/34/29
f 62/4698/29 105/4701/29 104/4699/29
f 60/4700/29 59/4702/29 108/4703/29
f 59/4702/29 58/4704/29 109/4705/29
f 110/4706/29 58/4704/29 57/4707/29
f 57/4707/29 56/4708/29 112/4709/29
f 56/4708/29 55/4710/29 113/4711/29
f 55/4710/29 54/4712/29 114/4713/29
f 56/4708/29 113/4711/29 112/4709/29
f 54/4712/29 53/4714/29 115/4715/29
f 53/4714/29 52/4639/29 116/4638/29
f 116/4638/29 115/4715/29 53/4714/29
f 115/4715/29 114/4713/29 54/4712/29
f 58/4704/29 110/4706/29 109/4705/29
f 57/4707/29 112/4709/29 111/4716/29
f 105/4701/29 62/4698/29 106/32/29
f 99/4689/29 98/4685/29 68/4687/29
f 57/4707/29 111/4716/29 110/4706/29
f 113/4711/29 55/4710/29 114/4713/29
f 100/4691/29 99/4689/29 67/4688/29
f 103/4697/29 63/4696/29 104/4699/29
f 59/4702/29 109/4705/29 108/4703/29
f 60/4700/29 108/4703/29 107/34/29
f 123/4717/29 122/4718/29 124/37/29
f 122/4718/29 121/4719/29 124/37/29
f 121/4719/29 120/35/29 124/37/29
f 141/4720/29 140/4721/29 138/4722/29
f 140/4721/29 139/4723/29 138/4722/29
f 144/4724/29 143/4725/29 133/4726/29
f 143/4725/29 142/40/29 133/4726/29
f 142/40/29 141/4720/29 137/38/29
f 141/4720/29 138/4722/29 137/38/29
f 137/38/29 136/4727/29 135/4728/29
f 134/39/29 133/4726/29 142/40/29
f 137/38/29 135/4728/29 134/39/29
f 369/4729/29 368/4730/29 370/43/29
f 368/4730/29 367/41/29 370/43/29
f 367/41/29 366/4731/29 373/42/29
f 373/42/29 372/4732/29 370/43/29
f 372/4732/29 371/4733/29 370/43/29
f 218/4734/29 217/4735/29 221/4736/29
f 217/4735/29 216/4737/29 222/79/29
f 222/79/29 216/4737/29 214/77/29
f 216/4737/29 215/4738/29 214/77/29
f 222/79/29 221/4736/29 217/4735/29
f 221/4736/29 220/78/29 218/4734/29
f 220/78/29 213/44/29 219/46/29
f 218/4734/29 220/78/29 219/46/29
f 233/4739/29 232/4740/29 263/4741/29
f 232/4740/29 231/4742/29 264/4743/29
f 233/4739/29 262/4744/29 261/4745/29
f 231/4742/29 230/4746/29 265/4747/29
f 230/4746/29 229/4748/29 265/4747/29
f 229/4748/29 228/49/29 266/48/29
f 228/49/29 227/4749/29 267/47/29
f 267/47/29 227/4749/29 268/4750/29
f 227/4749/29 226/4751/29 268/4750/29
f 226/4751/29 225/4752/29 269/4753/29
f 269/4753/29 225/4752/29 270/4754/29
f 225/4752/29 224/4755/29 270/4754/29
f 224/4755/29 223/4756/29 271/4757/29
f 271/4757/29 223/4756/29 272/4758/29
f 249/4759/29 248/4760/29 274/4761/29
f 248/4760/29 247/4762/29 246/4763/29
f 246/4763/29 245/4764/29 250/4765/29
f 245/4764/29 244/4766/29 251/4767/29
f 251/4767/29 244/4766/29 252/4768/29
f 248/4760/29 246/4763/29 274/4761/29
f 223/4756/29 249/4759/29 273/4769/29
f 262/4744/29 233/4739/29 263/4741/29
f 264/4743/29 231/4742/29 265/4747/29
f 233/4739/29 261/4745/29 234/4770/29
f 235/4771/29 234/4770/29 260/4772/29
f 235/4771/29 260/4772/29 259/4773/29
f 237/4774/29 236/4775/29 259/4773/29
f 236/4775/29 235/4771/29 259/4773/29
f 237/4774/29 259/4773/29 258/4776/29
f 239/4777/29 238/4778/29 257/4779/29
f 238/4778/29 237/4774/29 258/4776/29
f 255/66/29 240/4780/29 256/4781/29
f 240/4780/29 239/4777/29 256/4781/29
f 238/4778/29 258/4776/29 257/4779/29
f 223/4756/29 273/4769/29 272/4758/29
f 244/4766/29 243/4782/29 252/4768/29
f 243/4782/29 242/4783/29 253/4784/29
f 242/4783/29 241/65/29 254/67/29
f 243/4782/29 253/4784/29 252/4768/29
f 254/67/29 253/4784/29 242/4783/29
f 257/4779/29 256/4781/29 239/4777/29
f 245/4764/29 251/4767/29 250/4765/29
f 260/4772/29 234/4770/29 261/4745/29
f 246/4763/29 250/4765/29 274/4761/29
f 249/4759/29 274/4761/29 273/4769/29
f 263/4741/29 232/4740/29 264/4743/29
f 224/4755/29 271/4757/29 270/4754/29
f 226/4751/29 269/4753/29 268/4750/29
f 266/48/29 265/4747/29 229/4748/29
f 732/50/30 733/4785/30 684/51/30
f 930/53/30 927/4786/30 928/54/30
f 485/4787/29 484/4788/29 474/4789/29
f 484/4788/29 483/56/29 474/4789/29
f 482/4790/29 481/4791/29 479/4792/29
f 481/4791/29 480/4793/29 479/4792/29
f 477/4794/29 476/4795/29 475/58/29
f 475/58/29 474/4789/29 483/56/29
f 483/56/29 482/4790/29 478/57/29
f 482/4790/29 479/4792/29 478/57/29
f 478/57/29 477/4794/29 475/58/29
f 29/61/29 28/4796/29 27/4797/29
f 26/4798/29 25/4799/29 32/59/29
f 29/61/29 27/4797/29 26/4798/29
f 31/60/29 30/4800/29 29/61/29
f 26/4798/29 32/59/29 29/61/29
f 392/4801/29 458/4802/29 393/63/29
f 458/4802/29 457/64/29 393/63/29
f 457/64/29 456/4803/29 394/62/29
f 456/4803/29 395/4804/29 394/62/29
f 241/65/29 240/4780/29 255/66/29
f 464/4805/29 463/4806/29 465/70/29
f 463/4806/29 462/4807/29 465/70/29
f 462/4807/29 461/68/29 465/70/29
f 414/4808/29 413/4809/29 459/4810/29
f 413/4809/29 412/71/29 435/73/29
f 438/4811/29 411/4812/29 410/4813/29
f 412/71/29 411/4812/29 437/4814/29
f 439/4815/29 410/4813/29 409/4816/29
f 409/4816/29 408/4817/29 440/4818/29
f 408/4817/29 407/4819/29 441/4820/29
f 407/4819/29 406/4821/29 442/4822/29
f 406/4821/29 405/4823/29 443/4824/29
f 405/4823/29 404/4825/29 444/4826/29
f 406/4821/29 443/4824/29 442/4822/29
f 404/4825/29 403/4827/29 445/4828/29
f 403/4827/29 402/4829/29 447/4830/29
f 402/4829/29 401/4831/29 448/4832/29
f 401/4831/29 400/4833/29 449/4834/29
f 402/4829/29 448/4832/29 447/4830/29
f 400/4833/29 399/4835/29 450/4836/29
f 399/4835/29 398/4837/29 451/4838/29
f 452/4839/29 398/4837/29 453/4840/29
f 398/4837/29 397/4841/29 453/4840/29
f 397/4841/29 396/4842/29 454/4843/29
f 454/4843/29 396/4842/29 455/4844/29
f 396/4842/29 395/4804/29 455/4844/29
f 395/4804/29 456/4803/29 455/4844/29
f 398/4837/29 452/4839/29 451/4838/29
f 405/4823/29 444/4826/29 443/4824/29
f 444/4826/29 404/4825/29 445/4828/29
f 407/4819/29 442/4822/29 441/4820/29
f 410/4813/29 439/4815/29 438/4811/29
f 409/4816/29 440/4818/29 439/4815/29
f 415/4845/29 414/4808/29 459/4810/29
f 411/4812/29 438/4811/29 437/4814/29
f 397/4841/29 454/4843/29 453/4840/29
f 434/4846/29 433/4847/29 432/4848/29
f 375/4849/29 374/4850/29 431/4851/29
f 374/4850/29 434/4846/29 432/4848/29
f 377/4852/29 376/4853/29 430/4854/29
f 376/4853/29 375/4849/29 430/4854/29
f 377/4852/29 430/4854/29 429/4855/29
f 379/4856/29 378/4857/29 428/4858/29
f 378/4857/29 377/4852/29 429/4855/29
f 379/4856/29 428/4858/29 427/4859/29
f 381/4860/29 380/4861/29 425/4862/29
f 380/4861/29 379/4856/29 427/4859/29
f 381/4860/29 425/4862/29 424/4863/29
f 383/4864/29 382/4865/29 423/4866/29
f 382/4865/29 381/4860/29 424/4863/29
f 385/4867/29 384/4868/29 421/4869/29
f 384/4868/29 383/4864/29 422/4870/29
f 421/4869/29 384/4868/29 422/4870/29
f 387/4871/29 386/4872/29 420/4873/29
f 386/4872/29 385/4867/29 421/4869/29
f 387/4871/29 420/4873/29 419/4874/29
f 389/4875/29 388/4876/29 418/4877/29
f 388/4876/29 387/4871/29 419/4874/29
f 389/4875/29 418/4877/29 417/4878/29
f 391/4879/29 390/4880/29 416/4881/29
f 390/4880/29 389/4875/29 417/4878/29
f 416/4881/29 390/4880/29 417/4878/29
f 458/4802/29 392/4801/29 391/4879/29
f 459/4810/29 458/4802/29 416/4881/29
f 458/4802/29 391/4879/29 416/4881/29
f 382/4865/29 424/4863/29 423/4866/29
f 374/4850/29 432/4848/29 431/4851/29
f 380/4861/29 427/4859/29 426/4882/29
f 375/4849/29 431/4851/29 430/4854/29
f 429/4855/29 428/4858/29 378/4857/29
f 399/4835/29 451/4838/29 450/4836/29
f 426/4882/29 425/4862/29 380/4861/29
f 400/4833/29 450/4836/29 449/4834/29
f 449/4834/29 448/4832/29 401/4831/29
f 447/4830/29 446/4883/29 403/4827/29
f 383/4864/29 423/4866/29 422/4870/29
f 446/4883/29 445/4828/29 403/4827/29
f 421/4869/29 420/4873/29 386/4872/29
f 419/4874/29 418/4877/29 388/4876/29
f 408/4817/29 441/4820/29 440/4818/29
f 412/71/29 437/4814/29 436/72/29
f 459/4810/29 416/4881/29 415/4845/29
f 435/73/29 459/4810/29 413/4809/29
f 362/4884/29 361/4885/29 277/4886/29
f 361/4885/29 360/4887/29 278/4888/29
f 360/4887/29 359/4889/29 279/4890/29
f 359/4889/29 358/4891/29 279/4890/29
f 279/4890/29 358/4891/29 280/4892/29
f 358/4891/29 357/4893/29 280/4892/29
f 357/4893/29 356/4894/29 282/4895/29
f 282/4895/29 356/4894/29 283/4896/29
f 356/4894/29 355/4897/29 283/4896/29
f 355/4897/29 354/4898/29 284/4899/29
f 283/4896/29 355/4897/29 284/4899/29
f 354/4898/29 353/4900/29 285/4901/29
f 353/4900/29 352/4902/29 286/4903/29
f 354/4898/29 285/4901/29 284/4899/29
f 352/4902/29 351/4904/29 287/4905/29
f 351/4904/29 350/4906/29 288/4907/29
f 352/4902/29 287/4905/29 286/4903/29
f 350/4906/29 349/4908/29 289/4909/29
f 349/4908/29 348/4910/29 290/4911/29
f 348/4910/29 347/4912/29 291/4913/29
f 347/4912/29 346/4914/29 292/4915/29
f 346/4914/29 345/4916/29 293/4917/29
f 345/4916/29 344/4918/29 293/4917/29
f 344/4918/29 343/4919/29 294/4920/29
f 343/4919/29 342/4921/29 295/4922/29
f 294/4920/29 343/4919/29 295/4922/29
f 342/4921/29 341/4923/29 296/4924/29
f 344/4918/29 294/4920/29 293/4917/29
f 347/4912/29 292/4915/29 291/4913/29
f 288/4907/29 350/4906/29 289/4909/29
f 363/4925/29 362/4884/29 277/4886/29
f 361/4885/29 278/4888/29 277/4886/29
f 365/4926/29 364/4927/29 275/4928/29
f 364/4927/29 363/4925/29 276/4929/29
f 275/4928/29 364/4927/29 276/4929/29
f 357/4893/29 282/4895/29 281/4930/29
f 353/4900/29 286/4903/29 285/4901/29
f 346/4914/29 293/4917/29 292/4915/29
f 341/4923/29 340/4931/29 298/4932/29
f 357/4893/29 281/4930/29 280/4892/29
f 277/4886/29 276/4929/29 363/4925/29
f 321/4933/29 320/4934/29 319/4935/29
f 319/4935/29 318/4936/29 322/4937/29
f 318/4936/29 317/4938/29 323/4939/29
f 317/4938/29 316/4940/29 324/4941/29
f 316/4940/29 315/4942/29 324/4941/29
f 315/4942/29 314/4943/29 325/4944/29
f 314/4943/29 313/4945/29 326/4946/29
f 325/4944/29 314/4943/29 326/4946/29
f 313/4945/29 312/4947/29 327/4948/29
f 312/4947/29 311/4949/29 328/4950/29
f 313/4945/29 327/4948/29 326/4946/29
f 311/4949/29 310/4951/29 329/4952/29
f 310/4951/29 309/4953/29 330/4954/29
f 309/4953/29 308/4955/29 331/4956/29
f 308/4955/29 307/4957/29 332/4958/29
f 309/4953/29 331/4956/29 330/4954/29
f 307/4957/29 306/4959/29 333/4960/29
f 306/4959/29 305/4961/29 334/4962/29
f 305/4961/29 304/4963/29 335/4964/29
f 304/4963/29 303/76/29 336/75/29
f 303/76/29 302/4965/29 337/74/29
f 302/4965/29 301/4966/29 338/4967/29
f 301/4966/29 300/4968/29 339/4969/29
f 300/4968/29 299/4970/29 339/4969/29
f 339/4969/29 299/4970/29 340/4931/29
f 299/4970/29 298/4932/29 340/4931/29
f 298/4932/29 297/4971/29 341/4923/29
f 297/4971/29 296/4924/29 341/4923/29
f 296/4924/29 295/4922/29 342/4921/29
f 302/4965/29 338/4967/29 337/74/29
f 332/4958/29 307/4957/29 333/4960/29
f 334/4962/29 305/4961/29 335/4964/29
f 310/4951/29 330/4954/29 329/4952/29
f 318/4936/29 323/4939/29 322/4937/29
f 323/4939/29 317/4938/29 324/4941/29
f 322/4937/29 321/4933/29 319/4935/29
f 308/4955/29 332/4958/29 331/4956/29
f 324/4941/29 315/4942/29 325/4944/29
f 279/4890/29 278/4888/29 360/4887/29
f 327/4948/29 312/4947/29 328/4950/29
f 329/4952/29 328/4950/29 311/4949/29
f 287/4905/29 351/4904/29 288/4907/29
f 289/4909/29 349/4908/29 290/4911/29
f 291/4913/29 290/4911/29 348/4910/29
f 333/4960/29 306/4959/29 334/4962/29
f 301/4966/29 339/4969/29 338/4967/29
f 335/4964/29 304/4963/29 336/75/29
f 214/77/29 213/44/29 220/78/29
f 565/80/30 523/4972/30 524/81/30
f 472/83/29 471/4973/29 470/84/29
f 494/4974/30 495/4975/30 551/4976/30
f 495/4975/30 496/4977/30 550/4978/30
f 496/4977/30 497/4979/30 550/4978/30
f 497/4979/30 498/4980/30 549/4981/30
f 550/4978/30 497/4979/30 549/4981/30
f 498/4980/30 499/4982/30 548/4983/30
f 499/4982/30 500/4984/30 547/4985/30
f 548/4983/30 499/4982/30 547/4985/30
f 500/4984/30 501/4986/30 545/4987/30
f 501/4986/30 502/4988/30 544/4989/30
f 500/4984/30 545/4987/30 546/4990/30
f 502/4988/30 503/4991/30 543/4992/30
f 503/4991/30 504/4993/30 542/4994/30
f 543/4992/30 503/4991/30 542/4994/30
f 504/4993/30 505/4995/30 541/4996/30
f 505/4995/30 506/4997/30 541/4996/30
f 506/4997/30 507/4998/30 540/4999/30
f 507/4998/30 508/5000/30 539/5001/30
f 506/4997/30 540/4999/30 541/4996/30
f 508/5000/30 509/5002/30 538/5003/30
f 509/5002/30 510/5004/30 537/5005/30
f 538/5003/30 509/5002/30 537/5005/30
f 510/5004/30 511/5006/30 536/5007/30
f 511/5006/30 512/5008/30 578/5009/30
f 512/5008/30 513/5010/30 578/5009/30
f 513/5010/30 514/5011/30 577/5012/30
f 577/5012/30 514/5011/30 576/5013/30
f 514/5011/30 515/5014/30 576/5013/30
f 515/5014/30 516/5015/30 575/5016/30
f 574/5017/30 516/5015/30 517/5018/30
f 517/5018/30 518/5019/30 573/5020/30
f 518/5019/30 519/5021/30 571/5022/30
f 519/5021/30 520/5023/30 570/5024/30
f 570/5024/30 520/5023/30 569/5025/30
f 520/5023/30 521/5026/30 569/5025/30
f 521/5026/30 522/5027/30 568/5028/30
f 568/5028/30 522/5027/30 567/5029/30
f 522/5027/30 523/4972/30 567/5029/30
f 523/4972/30 565/80/30 566/5030/30
f 523/4972/30 566/5030/30 567/5029/30
f 516/5015/30 574/5017/30 575/5016/30
f 517/5018/30 573/5020/30 574/5017/30
f 511/5006/30 578/5009/30 536/5007/30
f 542/4994/30 504/4993/30 541/4996/30
f 495/4975/30 550/4978/30 551/4976/30
f 553/5031/30 554/5032/30 552/5033/30
f 554/5032/30 494/4974/30 552/5033/30
f 515/5014/30 575/5016/30 576/5013/30
f 521/5026/30 568/5028/30 569/5025/30
f 551/4976/30 552/5033/30 494/4974/30
f 549/4981/30 498/4980/30 548/4983/30
f 519/5021/30 570/5024/30 571/5022/30
f 547/4985/30 500/4984/30 546/4990/30
f 518/5019/30 571/5022/30 572/5034/30
f 518/5019/30 572/5034/30 573/5020/30
f 545/4987/30 501/4986/30 544/4989/30
f 543/4992/30 544/4989/30 502/4988/30
f 513/5010/30 577/5012/30 578/5009/30
f 540/4999/30 507/4998/30 539/5001/30
f 539/5001/30 508/5000/30 538/5003/30
f 578/5009/30 579/5035/30 536/5007/30
f 534/5036/30 535/5037/30 579/5035/30
f 535/5037/30 536/5007/30 579/5035/30
f 536/5007/30 537/5005/30 510/5004/30
f 533/5038/30 534/5036/30 579/5035/30
f 531/5039/30 532/5040/30 557/5041/30
f 532/5040/30 533/5038/30 555/5042/30
f 531/5039/30 557/5041/30 558/88/30
f 529/5043/30 530/87/30 559/86/30
f 530/87/30 531/5039/30 558/88/30
f 529/5043/30 560/5044/30 528/5045/30
f 527/5046/30 528/5045/30 561/5047/30
f 561/5047/30 528/5045/30 560/5044/30
f 525/5048/30 526/5049/30 563/5050/30
f 526/5049/30 527/5046/30 562/5051/30
f 562/5051/30 527/5046/30 561/5047/30
f 564/82/30 524/81/30 525/5048/30
f 563/5050/30 564/82/30 525/5048/30
f 560/5044/30 529/5043/30 559/86/30
f 533/5038/30 579/5035/30 555/5042/30
f 562/5051/30 563/5050/30 526/5049/30
f 555/5042/30 556/5052/30 532/5040/30
f 556/5052/30 557/5041/30 532/5040/30
f 836/5053/30 837/5054/30 891/5055/30
f 837/5054/30 838/5056/30 891/5055/30
f 836/5053/30 891/5055/30 892/5057/30
f 838/5056/30 839/5058/30 890/5059/30
f 839/5058/30 840/5060/30 889/5061/30
f 890/5059/30 839/5058/30 889/5061/30
f 840/5060/30 841/91/30 888/5062/30
f 841/91/30 842/5063/30 886/89/30
f 886/89/30 842/5063/30 885/5064/30
f 842/5063/30 843/5065/30 885/5064/30
f 843/5065/30 844/5066/30 884/5067/30
f 884/5067/30 844/5066/30 883/5068/30
f 844/5066/30 845/5069/30 883/5068/30
f 845/5069/30 846/5070/30 882/5071/30
f 846/5070/30 847/5072/30 882/5071/30
f 847/5072/30 848/5073/30 881/5074/30
f 882/5071/30 847/5072/30 881/5074/30
f 848/5073/30 849/5075/30 880/5076/30
f 849/5075/30 850/5077/30 879/5078/30
f 848/5073/30 880/5076/30 881/5074/30
f 850/5077/30 851/5079/30 878/5080/30
f 851/5079/30 852/5081/30 877/5082/30
f 878/5080/30 851/5079/30 877/5082/30
f 852/5081/30 919/5083/30 877/5082/30
f 919/5083/30 920/5084/30 877/5082/30
f 920/5084/30 874/5085/30 875/5086/30
f 875/5086/30 876/5087/30 920/5084/30
f 876/5087/30 877/5082/30 920/5084/30
f 845/5069/30 882/5071/30 883/5068/30
f 895/5088/30 835/5089/30 893/5090/30
f 835/5089/30 836/5053/30 892/5057/30
f 893/5090/30 894/5091/30 895/5088/30
f 892/5057/30 893/5090/30 835/5089/30
f 891/5055/30 838/5056/30 890/5059/30
f 878/5080/30 879/5078/30 850/5077/30
f 879/5078/30 880/5076/30 849/5075/30
f 888/5062/30 889/5061/30 840/5060/30
f 887/90/30 888/5062/30 841/91/30
f 843/5065/30 884/5067/30 885/5064/30
f 145/5092/29 211/5093/29 210/5094/29
f 210/5094/29 209/5095/29 145/5092/29
f 209/5095/29 208/5096/29 147/5097/29
f 145/5092/29 209/5095/29 146/5098/29
f 208/5096/29 207/5099/29 148/5100/29
f 207/5099/29 206/5101/29 150/5102/29
f 206/5101/29 205/5103/29 151/5104/29
f 205/5103/29 204/5105/29 152/5106/29
f 206/5101/29 151/5104/29 150/5102/29
f 204/5105/29 203/5107/29 153/5108/29
f 203/5107/29 202/5109/29 154/5110/29
f 204/5105/29 153/5108/29 152/5106/29
f 202/5109/29 201/5111/29 155/5112/29
f 201/5111/29 200/5113/29 156/5114/29
f 202/5109/29 155/5112/29 154/5110/29
f 200/5113/29 199/5115/29 157/5116/29
f 199/5115/29 198/5117/29 158/5118/29
f 198/5117/29 197/5119/29 159/5120/29
f 197/5119/29 196/5121/29 160/5122/29
f 159/5120/29 197/5119/29 160/5122/29
f 196/5121/29 195/5123/29 161/5124/29
f 195/5123/29 194/5125/29 162/5126/29
f 196/5121/29 161/5124/29 160/5122/29
f 194/5125/29 193/5127/29 162/5126/29
f 193/5127/29 192/92/29 163/94/29
f 162/5126/29 193/5127/29 163/94/29
f 192/92/29 191/5128/29 164/93/29
f 191/5128/29 190/5129/29 165/5130/29
f 190/5129/29 189/5131/29 166/5132/29
f 189/5131/29 188/5133/29 167/5134/29
f 188/5133/29 187/5135/29 168/5136/29
f 187/5135/29 186/5137/29 169/5138/29
f 168/5136/29 187/5135/29 169/5138/29
f 186/5137/29 185/5139/29 170/5140/29
f 185/5139/29 184/5141/29 171/5142/29
f 186/5137/29 170/5140/29 169/5138/29
f 184/5141/29 183/5143/29 172/5144/29
f 183/5143/29 182/5145/29 174/5146/29
f 182/5145/29 181/5147/29 175/5148/29
f 181/5147/29 180/5149/29 176/5150/29
f 180/5149/29 179/5151/29 177/5152/29
f 179/5151/29 178/5153/29 177/5152/29
f 183/5143/29 174/5146/29 173/5154/29
f 181/5147/29 176/5150/29 175/5148/29
f 191/5128/29 165/5130/29 164/93/29
f 189/5131/29 167/5134/29 166/5132/29
f 199/5115/29 158/5118/29 157/5116/29
f 207/5099/29 150/5102/29 149/5155/29
f 146/5098/29 209/5095/29 147/5097/29
f 153/5108/29 203/5107/29 154/5110/29
f 198/5117/29 159/5120/29 158/5118/29
f 161/5124/29 195/5123/29 162/5126/29
f 180/5149/29 177/5152/29 176/5150/29
f 148/5100/29 147/5097/29 208/5096/29
f 182/5145/29 175/5148/29 174/5146/29
f 149/5155/29 148/5100/29 207/5099/29
f 183/5143/29 173/5154/29 172/5144/29
f 151/5104/29 205/5103/29 152/5106/29
f 184/5141/29 172/5144/29 171/5142/29
f 171/5142/29 170/5140/29 185/5139/29
f 155/5112/29 201/5111/29 156/5114/29
f 188/5133/29 168/5136/29 167/5134/29
f 157/5116/29 156/5114/29 200/5113/29
f 190/5129/29 166/5132/29 165/5130/29
f 580/5156/30 581/5157/30 585/97/30
f 581/5157/30 582/5158/30 585/97/30
f 582/5158/30 583/95/30 585/97/30
f 467/98/29 466/5159/29 469/99/29
f 589/101/30 586/5160/30 587/102/30
f 639/5161/30 640/5162/30 638/5163/30
f 640/5162/30 641/5164/30 638/5163/30
f 641/5164/30 642/5165/30 637/5166/30
f 642/5165/30 643/5167/30 636/5168/30
f 637/5166/30 642/5165/30 636/5168/30
f 643/5167/30 644/5169/30 635/5170/30
f 644/5169/30 645/5171/30 633/5172/30
f 645/5171/30 646/5173/30 632/5174/30
f 646/5173/30 647/5175/30 631/5176/30
f 632/5174/30 646/5173/30 631/5176/30
f 647/5175/30 648/5177/30 630/5178/30
f 648/5177/30 649/5179/30 629/5180/30
f 630/5178/30 648/5177/30 629/5180/30
f 649/5179/30 650/5181/30 628/5182/30
f 650/5181/30 651/5183/30 627/5184/30
f 628/5182/30 650/5181/30 627/5184/30
f 651/5183/30 652/5185/30 626/5186/30
f 652/5185/30 653/5187/30 625/5188/30
f 653/5187/30 654/5189/30 624/5190/30
f 654/5189/30 655/5191/30 623/5192/30
f 624/5190/30 654/5189/30 623/5192/30
f 655/5191/30 656/5193/30 623/5192/30
f 656/5193/30 657/106/30 622/105/30
f 623/5192/30 656/5193/30 622/105/30
f 657/106/30 658/5194/30 621/104/30
f 658/5194/30 659/5195/30 620/5196/30
f 621/104/30 658/5194/30 620/5196/30
f 659/5195/30 660/5197/30 619/5198/30
f 660/5197/30 661/5199/30 618/5200/30
f 618/5200/30 661/5199/30 617/5201/30
f 661/5199/30 662/5202/30 617/5201/30
f 662/5202/30 663/5203/30 616/5204/30
f 616/5204/30 663/5203/30 615/5205/30
f 663/5203/30 664/5206/30 615/5205/30
f 664/5206/30 665/5207/30 614/5208/30
f 665/5207/30 666/5209/30 613/5210/30
f 666/5209/30 667/5211/30 612/5212/30
f 613/5210/30 666/5209/30 612/5212/30
f 667/5211/30 668/5213/30 611/5214/30
f 668/5213/30 669/5215/30 609/5216/30
f 669/5215/30 670/5217/30 608/5218/30
f 670/5217/30 671/5219/30 606/5220/30
f 607/5221/30 670/5217/30 606/5220/30
f 671/5219/30 672/5222/30 606/5220/30
f 668/5213/30 609/5216/30 610/5223/30
f 670/5217/30 607/5221/30 608/5218/30
f 664/5206/30 614/5208/30 615/5205/30
f 614/5208/30 665/5207/30 613/5210/30
f 652/5185/30 625/5188/30 626/5186/30
f 625/5188/30 653/5187/30 624/5190/30
f 644/5169/30 633/5172/30 634/5224/30
f 638/5163/30 641/5164/30 637/5166/30
f 645/5171/30 632/5174/30 633/5172/30
f 662/5202/30 616/5204/30 617/5201/30
f 669/5215/30 608/5218/30 609/5216/30
f 668/5213/30 610/5223/30 611/5214/30
f 635/5170/30 636/5168/30 643/5167/30
f 634/5224/30 635/5170/30 644/5169/30
f 667/5211/30 611/5214/30 612/5212/30
f 631/5176/30 647/5175/30 630/5178/30
f 629/5180/30 649/5179/30 628/5182/30
f 660/5197/30 618/5200/30 619/5198/30
f 626/5186/30 627/5184/30 651/5183/30
f 659/5195/30 619/5198/30 620/5196/30
f 681/107/30 682/5225/30 679/5226/30
f 682/5225/30 678/119/30 679/5226/30
f 679/5226/30 680/5227/30 681/107/30
f 681/107/30 680/5227/30 674/108/30
f 680/5227/30 673/5228/30 674/108/30
f 675/109/30 676/5229/30 677/121/30
f 675/109/30 677/121/30 683/120/30
f 675/109/30 683/120/30 681/107/30
f 592/110/30 593/5230/30 590/111/30
f 686/5231/30 687/5232/30 730/5233/30
f 687/5232/30 688/5234/30 729/5235/30
f 728/5236/30 688/5234/30 689/5237/30
f 689/5237/30 690/5238/30 727/5239/30
f 727/5239/30 690/5238/30 726/5240/30
f 690/5238/30 691/5241/30 726/5240/30
f 691/5241/30 692/5242/30 726/5240/30
f 692/5242/30 693/5243/30 725/5244/30
f 693/5243/30 694/5245/30 724/5246/30
f 692/5242/30 725/5244/30 726/5240/30
f 694/5245/30 695/5247/30 722/5248/30
f 695/5247/30 696/5249/30 721/5250/30
f 694/5245/30 723/5251/30 724/5246/30
f 696/5249/30 697/5252/30 720/5253/30
f 697/5252/30 698/5254/30 720/5253/30
f 696/5249/30 720/5253/30 721/5250/30
f 698/5254/30 699/5255/30 719/5256/30
f 699/5255/30 700/113/30 718/115/30
f 698/5254/30 719/5256/30 720/5253/30
f 700/113/30 701/5257/30 717/114/30
f 701/5257/30 702/5258/30 716/5259/30
f 716/5259/30 702/5258/30 715/5260/30
f 702/5258/30 703/5261/30 715/5260/30
f 703/5261/30 704/5262/30 714/5263/30
f 714/5263/30 704/5262/30 713/5264/30
f 704/5262/30 705/5265/30 713/5264/30
f 705/5265/30 706/5266/30 712/5267/30
f 712/5267/30 706/5266/30 711/5268/30
f 707/5269/30 708/5270/30 709/5271/30
f 706/5266/30 707/5269/30 711/5268/30
f 722/5248/30 695/5247/30 721/5250/30
f 723/5251/30 694/5245/30 722/5248/30
f 685/52/30 686/5231/30 731/5272/30
f 688/5234/30 728/5236/30 729/5235/30
f 731/5272/30 732/50/30 685/52/30
f 730/5233/30 731/5272/30 686/5231/30
f 725/5244/30 693/5243/30 724/5246/30
f 707/5269/30 709/5271/30 735/5273/30
f 709/5271/30 710/5274/30 735/5273/30
f 710/5274/30 684/51/30 734/5275/30
f 684/51/30 733/4785/30 734/5275/30
f 689/5237/30 727/5239/30 728/5236/30
f 729/5235/30 730/5233/30 687/5232/30
f 710/5274/30 734/5275/30 735/5273/30
f 705/5265/30 712/5267/30 713/5264/30
f 707/5269/30 735/5273/30 711/5268/30
f 703/5261/30 714/5263/30 715/5260/30
f 701/5257/30 716/5259/30 717/114/30
f 719/5256/30 699/5255/30 718/115/30
f 832/5276/30 833/5277/30 831/118/30
f 833/5277/30 834/116/30 831/118/30
f 834/116/30 827/5278/30 828/117/30
f 828/117/30 829/5279/30 831/118/30
f 829/5279/30 830/5280/30 831/118/30
f 678/119/30 682/5225/30 683/120/30
f 921/5281/30 922/5282/30 926/124/30
f 922/5282/30 923/5283/30 926/124/30
f 923/5283/30 924/122/30 926/124/30
f 821/5284/30 822/5285/30 739/5286/30
f 822/5285/30 823/5287/30 738/5288/30
f 823/5287/30 824/5289/30 738/5288/30
f 824/5289/30 825/5290/30 737/5291/30
f 825/5290/30 826/5292/30 736/5293/30
f 825/5290/30 736/5293/30 737/5291/30
f 822/5285/30 738/5288/30 739/5286/30
f 824/5289/30 737/5291/30 738/5288/30
f 819/5294/30 820/5295/30 740/5296/30
f 820/5295/30 821/5284/30 740/5296/30
f 819/5294/30 740/5296/30 741/5297/30
f 817/5298/30 818/5299/30 743/5300/30
f 818/5299/30 819/5294/30 741/5297/30
f 745/5301/30 816/5302/30 744/5303/30
f 815/5304/30 816/5302/30 745/5301/30
f 816/5302/30 817/5298/30 744/5303/30
f 815/5304/30 746/5305/30 814/5306/30
f 813/5307/30 814/5306/30 747/5308/30
f 747/5308/30 814/5306/30 746/5305/30
f 811/5309/30 812/5310/30 749/5311/30
f 812/5310/30 813/5307/30 748/5312/30
f 811/5309/30 750/5313/30 810/5314/30
f 809/5315/30 810/5314/30 751/5316/30
f 809/5315/30 751/5316/30 752/5317/30
f 807/5318/30 808/5319/30 753/5320/30
f 808/5319/30 809/5315/30 752/5317/30
f 805/127/30 806/5321/30 754/125/30
f 806/5321/30 807/5318/30 754/125/30
f 803/5322/30 804/5323/30 756/5324/30
f 804/5323/30 805/127/30 755/126/30
f 802/5325/30 803/5322/30 757/5326/30
f 804/5323/30 755/126/30 756/5324/30
f 807/5318/30 753/5320/30 754/125/30
f 808/5319/30 752/5317/30 753/5320/30
f 750/5313/30 811/5309/30 749/5311/30
f 746/5305/30 815/5304/30 745/5301/30
f 751/5316/30 810/5314/30 750/5313/30
f 821/5284/30 739/5286/30 740/5296/30
f 780/5327/30 781/5328/30 782/5329/30
f 778/5330/30 779/5331/30 784/5332/30
f 779/5331/30 780/5327/30 783/5333/30
f 784/5332/30 779/5331/30 783/5333/30
f 776/5334/30 777/5335/30 785/5336/30
f 777/5335/30 778/5330/30 785/5336/30
f 774/5337/30 775/5338/30 787/5339/30
f 775/5338/30 776/5334/30 786/5340/30
f 772/5341/30 773/5342/30 789/5343/30
f 773/5342/30 774/5337/30 788/5344/30
f 788/5344/30 774/5337/30 787/5339/30
f 770/5345/30 771/5346/30 791/5347/30
f 771/5346/30 772/5341/30 790/5348/30
f 770/5345/30 791/5347/30 792/5349/30
f 768/5350/30 769/5351/30 793/5352/30
f 769/5351/30 770/5345/30 792/5349/30
f 768/5350/30 793/5352/30 794/5353/30
f 766/5354/30 767/5355/30 795/5356/30
f 767/5355/30 768/5350/30 794/5353/30
f 766/5354/30 796/5357/30 765/5358/30
f 764/5359/30 765/5358/30 797/5360/30
f 797/5360/30 765/5358/30 796/5357/30
f 762/5361/30 763/5362/30 799/5363/30
f 763/5362/30 764/5359/30 798/5364/30
f 799/5363/30 763/5362/30 798/5364/30
f 760/5365/30 761/5366/30 800/5367/30
f 761/5366/30 762/5361/30 800/5367/30
f 760/5365/30 800/5367/30 801/5368/30
f 758/5369/30 759/5370/30 802/5325/30
f 759/5370/30 760/5365/30 801/5368/30
f 756/5324/30 757/5326/30 803/5322/30
f 757/5326/30 758/5369/30 802/5325/30
f 802/5325/30 759/5370/30 801/5368/30
f 796/5357/30 766/5354/30 795/5356/30
f 795/5356/30 767/5355/30 794/5353/30
f 775/5338/30 786/5340/30 787/5339/30
f 780/5327/30 782/5329/30 783/5333/30
f 778/5330/30 784/5332/30 785/5336/30
f 776/5334/30 785/5336/30 786/5340/30
f 741/5297/30 742/5371/30 818/5299/30
f 742/5371/30 743/5300/30 818/5299/30
f 773/5342/30 788/5344/30 789/5343/30
f 743/5300/30 744/5303/30 817/5298/30
f 772/5341/30 789/5343/30 790/5348/30
f 790/5348/30 791/5347/30 771/5346/30
f 792/5349/30 793/5352/30 769/5351/30
f 813/5307/30 747/5308/30 748/5312/30
f 748/5312/30 749/5311/30 812/5310/30
f 764/5359/30 797/5360/30 798/5364/30
f 799/5363/30 800/5367/30 762/5361/30
f 918/5372/30 919/5083/30 854/5373/30
f 919/5083/30 852/5081/30 853/5374/30
f 853/5374/30 854/5373/30 919/5083/30
f 854/5373/30 855/5375/30 918/5372/30
f 855/5375/30 856/5376/30 917/5377/30
f 856/5376/30 857/5378/30 916/5379/30
f 857/5378/30 858/5380/30 915/5381/30
f 856/5376/30 916/5379/30 917/5377/30
f 858/5380/30 859/5382/30 914/5383/30
f 859/5382/30 860/5384/30 912/5385/30
f 858/5380/30 914/5383/30 915/5381/30
f 860/5384/30 861/5386/30 911/5387/30
f 861/5386/30 862/5388/30 910/5389/30
f 862/5388/30 863/130/30 909/129/30
f 863/130/30 864/5390/30 908/128/30
f 907/5391/30 864/5390/30 906/5392/30
f 864/5390/30 865/5393/30 906/5392/30
f 865/5393/30 866/5394/30 905/5395/30
f 905/5395/30 866/5394/30 904/5396/30
f 866/5394/30 867/5397/30 904/5396/30
f 867/5397/30 868/5398/30 903/5399/30
f 903/5399/30 868/5398/30 902/5400/30
f 868/5398/30 869/5401/30 902/5400/30
f 869/5401/30 870/5402/30 901/5403/30
f 902/5400/30 869/5401/30 901/5403/30
f 870/5402/30 871/5404/30 900/5405/30
f 871/5404/30 872/5406/30 899/5407/30
f 899/5407/30 872/5406/30 898/5408/30
f 872/5406/30 873/5409/30 898/5408/30
f 873/5409/30 874/5085/30 896/5410/30
f 897/5411/30 873/5409/30 896/5410/30
f 874/5085/30 920/5084/30 896/5410/30
f 873/5409/30 897/5411/30 898/5408/30
f 864/5390/30 907/5391/30 908/128/30
f 904/5396/30 867/5397/30 903/5399/30
f 912/5385/30 860/5384/30 911/5387/30
f 855/5375/30 917/5377/30 918/5372/30
f 916/5379/30 857/5378/30 915/5381/30
f 871/5404/30 899/5407/30 900/5405/30
f 914/5383/30 859/5382/30 913/5412/30
f 913/5412/30 859/5382/30 912/5385/30
f 870/5402/30 900/5405/30 901/5403/30
f 911/5387/30 861/5386/30 910/5389/30
f 865/5393/30 905/5395/30 906/5392/30
f 909/129/30 910/5389/30 862/5388/30
f 490/133/30 491/5413/30 492/5414/30
f 492/5414/30 493/131/30 490/133/30
f 493/131/30 486/5415/30 487/132/30
f 487/132/30 488/5416/30 490/133/30
f 488/5416/30 489/5417/30 490/133/30
f 944/5418/30 945/5419/30 935/5420/30
f 945/5419/30 946/5421/30 935/5420/30
f 941/5422/30 942/5423/30 940/5424/30
f 942/5423/30 943/5425/30 940/5424/30
f 943/5425/30 944/5418/30 939/136/30
f 944/5418/30 935/5420/30 936/134/30
f 936/134/30 937/5426/30 938/135/30
f 944/5418/30 936/134/30 939/136/30
f 939/136/30 940/5424/30 943/5425/30
s 1
f 960/137/31 959/161/54 947/138/32
f 961/140/34 960/137/31 948/139/33
f 962/142/36 961/140/34 949/141/35
f 963/144/38 962/142/36 950/143/37
f 964/146/40 963/144/38 951/145/39
f 965/148/42 964/146/40 952/147/41
f 966/150/44 965/148/42 953/149/43
f 967/152/46 966/150/44 954/151/45
f 968/154/48 967/152/46 955/153/47
f 969/156/50 968/154/48 956/155/49
f 970/158/52 969/156/50 957/157/51
f 960/137/31 972/162/55 971/160/54
f 961/140/34 973/163/56 972/162/55
f 962/142/36 974/164/57 973/163/56
f 963/144/38 975/165/58 974/164/57
f 964/146/40 976/177/69 975/165/58
f 977/166/59 976/177/69 964/146/40
f 978/167/60 977/166/59 965/148/42
f 979/168/61 978/167/60 966/150/44
f 980/169/62 979/168/61 967/152/46
f 981/170/63 980/169/62 968/154/48
f 982/171/52 981/170/63 969/156/50
f 984/172/64 983/185/32 971/160/54
f 985/173/65 984/172/64 972/162/55
f 986/174/66 985/173/65 973/163/56
f 987/175/67 986/174/66 974/164/57
f 988/176/68 987/175/67 975/165/58
f 989/178/70 988/176/68 976/177/69
f 990/179/71 989/178/70 977/166/59
f 991/180/72 990/179/71 978/167/60
f 992/181/73 991/180/72 979/168/61
f 993/182/74 992/181/73 980/169/62
f 994/183/53 993/182/74 981/170/63
f 996/184/33 995/196/32 983/185/32
f 997/186/35 996/184/33 984/172/64
f 998/187/37 997/186/35 985/173/65
f 999/188/39 998/187/37 986/174/66
f 1000/189/41 999/188/39 987/175/67
f 1001/190/43 1000/189/41 988/176/68
f 990/179/71 1002/191/45 1001/190/43
f 991/180/72 1003/192/47 1002/191/45
f 992/181/73 1004/193/49 1003/192/47
f 993/182/74 1005/194/51 1004/193/49
f 994/183/53 1006/206/53 1005/194/51
f 1008/195/31 1007/208/54 995/196/32
f 1009/197/34 1008/195/31 996/184/33
f 1010/198/36 1009/197/34 997/186/35
f 1011/199/38 1010/198/36 998/187/37
f 1000/189/41 1012/212/75 1011/199/38
f 1013/200/42 1012/212/75 1000/189/41
f 1014/201/44 1013/200/42 1001/190/43
f 1015/202/46 1014/201/44 1002/191/45
f 1016/203/48 1015/202/46 1003/192/47
f 1017/204/50 1016/203/48 1004/193/49
f 1018/205/52 1017/204/50 1005/194/51
f 1008/195/31 1020/209/55 1019/207/54
f 1009/197/34 1021/210/56 1020/209/55
f 1010/198/36 1022/211/57 1021/210/56
f 1011/199/38 1023/213/58 1022/211/57
f 1012/212/75 1024/224/69 1023/213/58
f 1025/214/59 1024/224/69 1012/212/75
f 1026/215/76 1025/214/59 1013/200/42
f 1027/216/61 1026/215/76 1014/201/44
f 1028/217/62 1027/216/61 1015/202/46
f 1029/218/63 1028/217/62 1016/203/48
f 1030/219/52 1029/218/63 1017/204/50
f 1032/220/64 1031/231/32 1019/207/54
f 1033/221/65 1032/220/64 1020/209/55
f 1034/222/66 1033/221/65 1021/210/56
f 1023/213/58 1035/235/67 1034/222/66
f 1036/223/68 1035/235/67 1023/213/58
f 1037/225/70 1036/223/68 1024/224/69
f 1026/215/76 1038/238/71 1037/225/70
f 1039/226/72 1038/238/71 1026/215/76
f 1040/227/73 1039/226/72 1027/216/61
f 1041/228/74 1040/227/73 1028/217/62
f 1042/229/53 1041/228/74 1029/218/63
f 1044/230/77 1043/244/88 1031/231/32
f 1045/232/78 1044/230/77 1032/220/64
f 1046/233/79 1045/232/78 1033/221/65
f 1047/234/80 1046/233/79 1034/222/66
f 1036/223/68 1048/249/93 1047/234/80
f 1049/236/81 1048/249/93 1036/223/68
f 1050/237/82 1049/236/81 1037/225/70
f 1051/239/83 1050/237/82 1038/238/71
f 1052/240/84 1051/239/83 1039/226/72
f 1053/241/85 1052/240/84 1040/227/73
f 1054/242/86 1053/241/85 1041/228/74
f 1056/243/87 1055/257/100 1043/244/88
f 1057/245/89 1056/243/87 1044/230/77
f 1058/246/90 1057/245/89 1045/232/78
f 1059/247/91 1058/246/90 1046/233/79
f 1060/248/92 1059/247/91 1047/234/80
f 1061/250/94 1060/248/92 1048/249/93
f 1062/251/95 1061/250/94 1049/236/81
f 1063/252/96 1062/251/95 1050/237/82
f 1064/253/97 1063/252/96 1051/239/83
f 1065/254/98 1064/253/97 1052/240/84
f 1066/255/99 1065/254/98 1053/241/85
f 1068/256/55 1067/268/54 1055/257/100
f 1069/258/56 1068/256/55 1056/243/87
f 1070/259/57 1069/258/56 1057/245/89
f 1071/260/58 1070/259/57 1058/246/90
f 1072/261/69 1071/260/58 1059/247/91
f 1073/262/59 1072/261/69 1060/248/92
f 1062/251/95 1074/275/60 1073/262/59
f 1075/263/61 1074/275/60 1062/251/95
f 1076/264/62 1075/263/61 1063/252/96
f 1077/265/63 1076/264/62 1064/253/97
f 1078/266/52 1077/265/63 1065/254/98
f 1080/267/64 1079/280/32 1067/268/54
f 1081/269/65 1080/267/64 1068/256/55
f 1082/270/66 1081/269/65 1069/258/56
f 1083/271/67 1082/270/66 1070/259/57
f 1084/272/68 1083/271/67 1071/260/58
f 1085/273/70 1084/272/68 1072/261/69
f 1086/274/71 1085/273/70 1073/262/59
f 1087/276/72 1086/274/71 1074/275/60
f 1088/277/73 1087/276/72 1075/263/61
f 1089/278/74 1088/277/73 1076/264/62
f 1090/279/53 1089/278/74 1077/265/63
f 948/139/33 947/138/32 1079/280/32
f 949/141/35 948/139/33 1080/267/64
f 950/143/37 949/141/35 1081/269/65
f 951/145/39 950/143/37 1082/270/66
f 952/147/41 951/145/39 1083/271/67
f 953/149/43 952/147/41 1084/272/68
f 1086/274/71 954/151/45 953/149/43
f 1087/276/72 955/153/47 954/151/45
f 1088/277/73 956/155/49 955/153/47
f 1089/278/74 957/157/51 956/155/49
f 1090/279/53 958/159/53 957/157/51
f 1104/281/87 1103/304/100 1091/282/88
f 1105/284/89 1104/281/87 1092/283/77
f 1106/286/90 1105/284/89 1093/285/78
f 1107/288/91 1106/286/90 1094/287/79
f 1096/290/93 1108/309/92 1107/288/91
f 1109/291/94 1108/309/92 1096/290/93
f 1110/293/95 1109/291/94 1097/292/81
f 1111/295/96 1110/293/95 1098/294/82
f 1112/297/97 1111/295/96 1099/296/83
f 1113/299/98 1112/297/97 1100/298/84
f 1114/301/99 1113/299/98 1101/300/85
f 1116/303/55 1115/316/54 1103/304/100
f 1117/305/56 1116/303/55 1104/281/87
f 1118/306/57 1117/305/56 1105/284/89
f 1119/307/102 1118/306/57 1106/286/90
f 1120/308/69 1119/307/102 1107/288/91
f 1121/310/59 1120/308/69 1108/309/92
f 1122/311/76 1121/310/59 1109/291/94
f 1111/295/96 1123/323/61 1122/311/76
f 1124/312/62 1123/323/61 1111/295/96
f 1125/313/63 1124/312/62 1112/297/97
f 1126/314/52 1125/313/63 1113/299/98
f 1128/315/64 1127/327/32 1115/316/54
f 1129/317/65 1128/315/64 1116/303/55
f 1130/318/66 1129/317/65 1117/305/56
f 1131/319/67 1130/318/66 1118/306/57
f 1132/320/68 1131/319/67 1119/307/102
f 1133/321/70 1132/320/68 1120/308/69
f 1122/311/76 1134/328/71 1133/321/70
f 1135/322/72 1134/328/71 1122/311/76
f 1136/324/73 1135/322/72 1123/323/61
f 1137/325/74 1136/324/73 1124/312/62
f 1138/326/53 1137/325/74 1125/313/63
f 1092/283/77 1091/282/88 1127/327/32
f 1093/285/78 1092/283/77 1128/315/64
f 1094/287/79 1093/285/78 1129/317/65
f 1131/319/67 1095/289/101 1094/287/79
f 1096/290/93 1095/289/101 1131/319/67
f 1097/292/81 1096/290/93 1132/320/68
f 1098/294/82 1097/292/81 1133/321/70
f 1099/296/83 1098/294/82 1134/328/71
f 1100/298/84 1099/296/83 1135/322/72
f 1101/300/85 1100/298/84 1136/324/73
f 1102/302/86 1101/300/85 1137/325/74
f 1152/329/103 1151/352/126 1139/330/104
f 1153/332/106 1152/329/103 1140/331/105
f 1154/334/108 1153/332/106 1141/333/107
f 1155/336/110 1154/334/108 1142/335/109
f 1156/338/112 1155/336/110 1143/337/111
f 1157/340/114 1156/338/112 1144/339/113
f 1146/342/116 1158/344/118 1157/340/114
f 1147/343/117 1159/346/120 1158/344/118
f 1148/345/119 1160/348/122 1159/346/120
f 1149/347/121 1161/350/124 1160/348/122
f 1150/349/123 1162/363/137 1161/350/124
f 1152/329/103 1164/353/127 1163/351/125
f 1153/332/106 1165/354/128 1164/353/127
f 1154/334/108 1166/355/129 1165/354/128
f 1155/336/110 1167/356/130 1166/355/129
f 1156/338/112 1168/369/143 1167/356/130
f 1169/357/131 1168/369/143 1156/338/112
f 1170/358/132 1169/357/131 1157/340/114
f 1171/359/133 1170/358/132 1158/344/118
f 1172/360/134 1171/359/133 1159/346/120
f 1173/361/135 1172/360/134 1160/348/122
f 1174/362/136 1173/361/135 1161/350/124
f 1176/364/138 1175/376/150 1163/351/125
f 1177/365/139 1176/364/138 1164/353/127
f 1178/366/140 1177/365/139 1165/354/128
f 1179/367/141 1178/366/140 1166/355/129
f 1180/368/142 1179/367/141 1167/356/130
f 1181/370/144 1180/368/142 1168/369/143
f 1170/358/132 1182/371/145 1181/370/144
f 1171/359/133 1183/372/146 1182/371/145
f 1172/360/134 1184/373/147 1183/372/146
f 1173/361/135 1185/374/148 1184/373/147
f 1174/362/136 1186/387/161 1185/374/148
f 1176/364/138 1188/377/151 1187/375/149
f 1177/365/139 1189/378/152 1188/377/151
f 1178/366/140 1190/379/153 1189/378/152
f 1179/367/141 1191/380/154 1190/379/153
f 1180/368/142 1192/393/167 1191/380/154
f 1193/381/155 1192/393/167 1180/368/142
f 1194/382/156 1193/381/155 1181/370/144
f 1195/383/157 1194/382/156 1182/371/145
f 1196/384/158 1195/383/157 1183/372/146
f 1197/385/159 1196/384/158 1184/373/147
f 1198/386/160 1197/385/159 1185/374/148
f 1200/388/162 1199/399/173 1187/375/149
f 1201/389/163 1200/388/162 1188/377/151
f 1202/390/164 1201/389/163 1189/378/152
f 1203/391/165 1202/390/164 1190/379/153
f 1204/392/166 1203/391/165 1191/380/154
f 1205/394/168 1204/392/166 1192/393/167
f 1194/382/156 1206/395/169 1205/394/168
f 1195/383/157 1207/396/170 1206/395/169
f 1196/384/158 1208/397/171 1207/396/170
f 1197/385/159 1209/398/172 1208/397/171
f 1198/386/160 1210/400/174 1209/398/172
f 1200/388/162 1140/331/105 1139/330/104
f 1201/389/163 1141/333/107 1140/331/105
f 1202/390/164 1142/335/109 1141/333/107
f 1203/391/165 1143/337/111 1142/335/109
f 1204/392/166 1144/339/113 1143/337/111
f 1145/341/115 1144/339/113 1204/392/166
f 1146/342/116 1145/341/115 1205/394/168
f 1147/343/117 1146/342/116 1206/395/169
f 1148/345/119 1147/343/117 1207/396/170
f 1149/347/121 1148/345/119 1208/397/171
f 1150/349/123 1149/347/121 1209/398/172
f 1224/401/87 1223/425/100 1211/402/88
f 1225/404/89 1224/401/87 1212/403/77
f 1226/406/90 1225/404/89 1213/405/78
f 1227/408/91 1226/406/90 1214/407/79
f 1228/410/92 1227/408/91 1215/409/80
f 1229/412/94 1228/410/92 1216/411/93
f 1230/414/95 1229/412/94 1217/413/81
f 1231/416/96 1230/414/95 1218/415/82
f 1232/418/97 1231/416/96 1219/417/83
f 1233/420/98 1232/418/97 1220/419/84
f 1234/422/99 1233/420/98 1221/421/85
f 1236/424/55 1235/433/54 1223/425/100
f 1225/404/89 1237/435/56 1236/424/55
f 1238/426/57 1237/435/56 1225/404/89
f 1227/408/91 1239/438/102 1238/426/57
f 1240/427/69 1239/438/102 1227/408/91
f 1241/428/59 1240/427/69 1228/410/92
f 1230/414/95 1242/442/60 1241/428/59
f 1243/429/61 1242/442/60 1230/414/95
f 1244/430/62 1243/429/61 1231/416/96
f 1245/431/63 1244/430/62 1232/418/97
f 1234/422/99 1246/447/52 1245/431/63
f 1248/432/64 1247/448/32 1235/433/54
f 1249/434/65 1248/432/64 1236/424/55
f 1250/436/66 1249/434/65 1237/435/56
f 1251/437/67 1250/436/66 1238/426/57
f 1252/439/68 1251/437/67 1239/438/102
f 1253/440/70 1252/439/68 1240/427/69
f 1254/441/71 1253/440/70 1241/428/59
f 1255/443/72 1254/441/71 1242/442/60
f 1256/444/73 1255/443/72 1243/429/61
f 1257/445/74 1256/444/73 1244/430/62
f 1258/446/53 1257/445/74 1245/431/63
f 1248/432/64 1212/403/77 1211/402/88
f 1213/405/78 1212/403/77 1248/432/64
f 1214/407/79 1213/405/78 1249/434/65
f 1215/409/80 1214/407/79 1250/436/66
f 1252/439/68 1216/411/93 1215/409/80
f 1217/413/81 1216/411/93 1252/439/68
f 1218/415/82 1217/413/81 1253/440/70
f 1255/443/72 1219/417/83 1218/415/82
f 1220/419/84 1219/417/83 1255/443/72
f 1257/445/74 1221/421/85 1220/419/84
f 1222/423/86 1221/421/85 1257/445/74
f 5629/449/175 5007/3964/219 5006/450/176
f 1268/452/178 1267/473/195 1889/453/179
f 1895/457/183 1273/2467/211 1263/455/181
f 1273/2467/211 1272/1971/1557 1263/455/181
f 4279/460/186 4295/3385/2880 4287/458/184
f 4295/3385/2880 4294/1633/1232 4287/458/184
f 4994/461/187 4993/1284/190 5624/462/188
f 1261/464/190 1260/484/206 1891/465/191
f 5627/469/183 5005/489/211 4995/467/181
f 5005/489/211 5004/3960/1557 4995/467/181
f 3395/2628/2179 3406/471/193 3394/470/192
f 3406/471/193 3417/2647/2196 3416/472/194
f 1267/473/195 1266/1099/756 1888/474/196
f 3197/475/197 3196/2485/2041 3186/476/198
f 1928/478/200 1908/1431/1039 1909/479/201
f 5002/481/203 4993/1284/190 4994/461/187
f 1261/464/190 1270/496/203 1269/483/205
f 2791/485/207 2790/1550/1153 2778/486/208
f 5006/450/176 5026/539/220 5015/488/210
f 5026/539/220 5025/538/248 5015/488/210
f 5001/490/205 5011/493/213 5010/491/212
f 5002/481/203 5012/494/214 5011/493/213
f 5012/494/214 5002/481/203 5003/482/204
f 1270/496/203 1280/513/214 1279/497/213
f 1269/483/205 1279/497/213 1278/498/212
f 1669/499/216 1685/930/599 1684/500/217
f 1275/502/219 1295/1888/251 1294/503/220
f 3188/505/221 3187/477/199 3177/506/222
f 5022/508/224 5021/524/228 5011/493/213
f 2271/509/225 2282/1549/1152 2281/510/226
f 1290/512/224 1289/514/228 1279/497/213
f 1289/514/228 1288/525/237 1278/498/212
f 4253/515/229 4273/3368/2866 4272/516/230
f 1300/518/232 1291/2462/236 1292/519/233
f 5031/521/235 5022/508/224 5023/522/236
f 5031/521/235 5030/535/247 5021/524/228
f 1288/525/237 1306/548/258 1305/526/238
f 4156/5427/3189 4166/5428/3190 4155/3284/2786
f 4166/5428/3190 4178/5429/3191 4177/530/242
f 4155/3284/2786 4166/5428/3190 4177/530/242
f 4178/5429/3191 4188/528/240 4177/530/242
f 4188/528/240 4200/5430/3192 4199/529/241
f 4200/5430/3192 4210/5431/3193 4199/529/241
f 4210/5431/3193 4222/5432/3194 4221/3333/2834
f 4199/529/241 4210/5431/3193 4221/3333/2834
f 4222/5432/3194 4230/5433/3195 4221/3333/2834
f 4230/5433/3195 4242/5434/3196 4241/1725/1323
f 4221/3333/2834 4230/5433/3195 4241/1725/1323
f 1310/531/243 1309/555/245 1300/518/232
f 5040/532/244 5031/521/235 5032/523/232
f 5031/521/235 5040/532/244 5039/534/246
f 1293/536/248 1311/558/265 1301/520/234
f 1311/558/265 1310/531/243 1301/520/234
f 5044/537/249 5043/3979/265 5025/538/248
f 5045/540/250 5044/537/249 5026/539/220
f 3976/542/252 3966/3138/2643 3967/543/253
f 5705/547/257 5727/1988/913 5715/545/255
f 5727/1988/913 5726/3421/2907 5715/545/255
f 1306/548/258 1317/551/260 1316/549/259
f 1307/550/246 1318/553/261 1317/551/260
f 1308/552/244 1319/565/271 1318/553/261
f 1320/554/262 1319/565/271 1308/552/244
f 1321/556/263 1320/554/262 1309/555/245
f 1322/557/264 1321/556/263 1310/531/243
f 1323/559/266 1322/557/264 1311/558/265
f 1305/526/238 1316/549/259 1304/561/267
f 1316/549/259 1327/563/269 1326/562/268
f 1317/551/260 1328/564/270 1327/563/269
f 1318/553/261 1329/566/272 1328/564/270
f 1319/565/271 1330/574/280 1329/566/272
f 1331/567/273 1330/574/280 1319/565/271
f 1332/568/274 1331/567/273 1320/554/262
f 1333/569/275 1332/568/274 1321/556/263
f 1334/570/276 1333/569/275 1322/557/264
f 1327/563/269 1339/572/278 1338/571/277
f 1328/564/270 1340/573/279 1339/572/278
f 1329/566/272 1341/575/281 1340/573/279
f 1330/574/280 1342/589/295 1341/575/281
f 1343/576/282 1342/589/295 1330/574/280
f 1344/577/283 1343/576/282 1331/567/273
f 1345/578/284 1344/577/283 1332/568/274
f 1346/579/285 1345/578/284 1333/569/275
f 1347/580/286 1346/579/285 1334/570/276
f 4328/584/290 4345/2115/1684 4344/3358/2857
f 4344/3358/2857 4310/582/288 4328/584/290
f 1347/580/286 1369/605/309 1357/585/291
f 1369/605/309 1368/604/308 1357/585/291
f 1351/586/292 1350/597/299 1339/572/278
f 1352/587/293 1351/586/292 1340/573/279
f 1353/588/294 1352/587/293 1341/575/281
f 1354/590/296 1353/588/294 1342/589/295
f 1344/577/283 1355/591/297 1354/590/296
f 1345/578/284 1356/592/298 1355/591/297
f 1346/579/285 1357/585/291 1356/592/298
f 5071/3989/278 5082/594/299 5070/593/277
f 5082/594/299 5093/4015/311 5092/595/300
f 1362/596/301 1361/607/311 1350/597/299
f 1363/598/302 1362/596/301 1351/586/292
f 1364/599/303 1363/598/302 1352/587/293
f 1365/600/304 1364/599/303 1353/588/294
f 1355/591/297 1366/601/305 1365/600/304
f 1356/592/298 1367/602/306 1366/601/305
f 1357/585/291 1368/604/308 1367/602/306
f 1369/605/309 1391/4442/3179 1379/603/307
f 1391/4442/3179 1390/5435/3197 1379/603/307
f 1373/606/310 1372/614/318 1361/607/311
f 1374/608/312 1373/606/310 1362/596/301
f 1375/609/313 1374/608/312 1363/598/302
f 1376/610/314 1375/609/313 1364/599/303
f 1366/601/305 1377/611/315 1376/610/314
f 1367/602/306 1378/612/316 1377/611/315
f 1368/604/308 1379/603/307 1378/612/316
f 1384/613/317 1383/630/326 1372/614/318
f 1385/615/319 1384/613/317 1373/606/310
f 1386/616/320 1385/615/319 1374/608/312
f 1387/617/321 1386/616/320 1375/609/313
f 1377/611/315 1388/618/322 1387/617/321
f 1378/612/316 1389/619/323 1388/618/322
f 1379/603/307 1390/5435/3197 1389/619/323
f 5135/620/324 5134/4045/355 5114/621/325
f 4442/3482/2968 4452/624/328 4441/623/327
f 4452/624/328 4462/3500/2986 4461/625/329
f 1395/626/330 1394/631/334 1384/613/317
f 1396/627/331 1395/626/330 1385/615/319
f 1397/628/332 1396/627/331 1386/616/320
f 1388/618/322 1398/629/333 1397/628/332
f 1389/619/323 1399/637/339 1398/629/333
f 1384/613/317 1394/631/334 1383/630/326
f 1394/631/334 1404/646/348 1403/632/324
f 1403/632/324 1402/653/355 1382/633/335
f 1405/634/336 1404/646/348 1394/631/334
f 1406/635/337 1405/634/336 1395/626/330
f 1407/636/338 1406/635/337 1396/627/331
f 1398/629/333 1408/638/340 1407/636/338
f 1399/637/339 1409/649/351 1408/638/340
f 5162/639/341 5142/2121/1690 5143/640/342
f 2815/642/344 2814/1870/1461 2802/643/345
f 1415/645/347 1414/651/353 1404/646/348
f 1416/647/349 1415/645/347 1405/634/336
f 1417/648/350 1416/647/349 1406/635/337
f 1408/638/340 1418/650/352 1417/648/350
f 1409/649/351 1419/657/359 1418/650/352
f 1404/646/348 1414/651/353 1403/632/324
f 1414/651/353 1424/666/368 1423/652/354
f 1423/652/354 1422/673/375 1402/653/355
f 1425/654/356 1424/666/368 1414/651/353
f 1426/655/357 1425/654/356 1415/645/347
f 1427/656/358 1426/655/357 1416/647/349
f 1418/650/352 1428/658/360 1427/656/358
f 1419/657/359 1429/669/371 1428/658/360
f 2697/659/361 2696/2452/2013 2686/660/362
f 2993/662/364 2992/2262/1827 2982/663/365
f 1435/665/367 1434/671/373 1424/666/368
f 1436/667/369 1435/665/367 1425/654/356
f 1437/668/370 1436/667/369 1426/655/357
f 1428/658/360 1438/670/372 1437/668/370
f 1429/669/371 1439/682/384 1438/670/372
f 1424/666/368 1434/671/373 1423/652/354
f 1434/671/373 1444/677/379 1443/672/374
f 1443/672/374 1442/4225/378 1422/673/375
f 5174/676/378 5194/706/397 5185/5436/3198
f 5194/706/397 5216/708/404 5205/5437/3199
f 5193/5438/3200 5194/706/397 5205/5437/3199
f 5216/708/404 5215/4090/3117 5205/5437/3199
f 5134/4045/355 5154/1792/375 5145/5439/3201
f 5154/1792/375 5174/676/378 5165/675/377
f 5153/5440/3202 5154/1792/375 5165/675/377
f 5145/5439/3201 5133/5441/3203 5134/4045/355
f 5153/5440/3202 5145/5439/3201 5154/1792/375
f 5194/706/397 5193/5438/3200 5185/5436/3198
f 5174/676/378 5185/5436/3198 5173/674/376
f 1435/665/367 1445/678/380 1444/677/379
f 1436/667/369 1446/690/390 1445/678/380
f 1447/679/381 1446/690/390 1436/667/369
f 1448/680/382 1447/679/381 1437/668/370
f 1449/681/383 1448/680/382 1438/670/372
f 2988/683/385 2978/2277/1842 2979/684/386
f 5176/4058/379 5186/687/388 5175/686/374
f 5186/687/388 5196/4069/398 5195/688/389
f 1445/678/380 1455/691/391 1454/689/388
f 1446/690/390 1456/701/399 1455/691/391
f 1457/692/392 1456/701/399 1446/690/390
f 1458/693/393 1457/692/392 1447/679/381
f 1459/694/394 1458/693/393 1448/680/382
f 5181/4062/383 5182/4050/3139 5191/697/394
f 5182/4050/3139 5202/695/395 5191/697/394
f 1462/698/397 1442/4225/378 1443/672/374
f 1455/691/391 1465/702/400 1464/700/398
f 1456/701/399 1466/711/406 1465/702/400
f 1467/703/401 1466/711/406 1456/701/399
f 1468/704/402 1467/703/401 1457/692/392
f 1469/705/396 1468/704/402 1458/693/393
f 5195/688/389 5206/707/403 5194/706/397
f 5206/707/403 5217/4081/412 5216/708/404
f 1464/700/398 1475/710/405 1474/709/403
f 1465/702/400 1476/712/407 1475/710/405
f 1466/711/406 1477/721/414 1476/712/407
f 1478/713/408 1477/721/414 1466/711/406
f 1479/714/409 1478/713/408 1467/703/401
f 1480/715/410 1479/714/409 1468/704/402
f 1481/716/411 1480/715/410 1469/705/396
f 1463/699/389 1474/709/403 1462/698/397
f 1474/709/403 1485/719/412 1484/718/404
f 1449/681/383 1450/4051/3139 1459/694/394
f 1450/4051/3139 1470/717/395 1459/694/394
f 1475/710/405 1486/720/413 1485/719/412
f 1476/712/407 1487/722/415 1486/720/413
f 1477/721/414 1488/734/426 1487/722/415
f 1489/723/416 1488/734/426 1477/721/414
f 1490/724/417 1489/723/416 1478/713/408
f 1491/725/418 1490/724/417 1479/714/409
f 1492/726/419 1491/725/418 1480/715/410
f 3958/727/420 3950/2752/2279 3951/728/421
f 5217/4081/412 5228/730/423 5216/708/404
f 5228/730/423 5239/4101/435 5238/731/424
f 1486/720/413 1497/733/425 1496/732/423
f 1487/722/415 1498/735/427 1497/733/425
f 1488/734/426 1499/746/437 1498/735/427
f 1500/736/428 1499/746/437 1488/734/426
f 1501/737/429 1500/736/428 1489/723/416
f 1502/738/430 1501/737/429 1490/724/417
f 1503/739/431 1502/738/430 1491/725/418
f 1485/719/412 1496/732/423 1484/718/404
f 1496/732/423 1507/744/435 1506/740/424
f 4281/741/432 4280/1672/1271 4260/742/433
f 1497/733/425 1508/745/436 1507/744/435
f 1498/735/427 1509/747/438 1508/745/436
f 1499/746/437 1510/756/447 1509/747/438
f 1511/748/439 1510/756/447 1499/746/437
f 1512/749/440 1511/748/439 1500/736/428
f 1513/750/441 1512/749/440 1501/737/429
f 1514/751/442 1513/750/441 1502/738/430
f 1515/753/444 1537/775/465 1525/752/443
f 1537/775/465 1536/774/464 1525/752/443
f 1508/745/436 1519/755/446 1518/754/445
f 1509/747/438 1520/757/448 1519/755/446
f 1510/756/447 1521/769/459 1520/757/448
f 1522/758/449 1521/769/459 1510/756/447
f 1523/759/450 1522/758/449 1511/748/439
f 1524/760/451 1523/759/450 1512/749/440
f 1525/752/443 1524/760/451 1513/750/441
f 5239/4101/435 5250/761/445 5238/731/424
f 5250/761/445 5261/4125/467 5260/762/452
f 3246/765/455 3266/2518/2074 3257/763/453
f 3266/2518/2074 3288/2554/2108 3277/5442/3204
f 3265/5443/3205 3266/2518/2074 3277/5442/3204
f 3288/2554/2108 3287/3281/2783 3277/5442/3204
f 3525/5444/3206 3526/2744/2272 3246/765/455
f 3245/764/454 3525/5444/3206 3246/765/455
f 3266/2518/2074 3265/5443/3205 3257/763/453
f 1530/766/456 1529/777/467 1518/754/445
f 1531/767/457 1530/766/456 1519/755/446
f 1532/768/458 1531/767/457 1520/757/448
f 1533/770/460 1532/768/458 1521/769/459
f 1523/759/450 1534/771/461 1533/770/460
f 1524/760/451 1535/772/462 1534/771/461
f 1525/752/443 1536/774/464 1535/772/462
f 1537/775/465 1559/4140/2967 1547/773/463
f 1559/4140/2967 1558/4139/2966 1547/773/463
f 1541/776/466 1540/787/477 1529/777/467
f 1542/778/468 1541/776/466 1530/766/456
f 1543/779/469 1542/778/468 1531/767/457
f 1544/780/470 1543/779/469 1532/768/458
f 1534/771/461 1545/781/471 1544/780/470
f 1535/772/462 1546/782/472 1545/781/471
f 1536/774/464 1547/773/463 1546/782/472
f 3992/5445/3207 4000/5446/3208 3991/2035/1612
f 4000/5446/3208 4012/5447/3209 4011/5448/3210
f 3991/2035/1612 4000/5446/3208 4011/5448/3210
f 3971/785/475 4677/3643/3123 3954/5449/3211
f 4677/3643/3123 4678/3645/3125 3954/5449/3211
f 3992/5445/3207 3991/2035/1612 3980/5450/3212
f 3991/2035/1612 3971/785/475 3980/5450/3212
f 3972/784/474 3980/5450/3212 3971/785/475
f 3954/5449/3211 3960/783/473 3971/785/475
f 1552/786/476 1551/806/496 1540/787/477
f 1553/788/478 1552/786/476 1541/776/466
f 1554/789/479 1553/788/478 1542/778/468
f 1555/790/480 1554/789/479 1543/779/469
f 1545/781/471 1556/791/481 1555/790/480
f 1546/782/472 1557/792/482 1556/791/481
f 1547/773/463 1558/4139/2966 1557/792/482
f 1570/795/485 1592/825/514 1581/5451/3213
f 1592/825/514 1614/845/533 1603/5452/3214
f 1591/5453/3215 1592/825/514 1603/5452/3214
f 1614/845/533 1613/5454/3216 1603/5452/3214
f 1528/815/452 1550/4123/3140 1539/5455/3217
f 1550/4123/3140 1570/795/485 1561/794/484
f 1549/5456/3218 1550/4123/3140 1561/794/484
f 1539/5455/3217 1527/5457/3219 1528/815/452
f 1549/5456/3218 1539/5455/3217 1550/4123/3140
f 1592/825/514 1591/5453/3215 1581/5451/3213
f 1570/795/485 1581/5451/3213 1569/793/483
f 4630/796/486 4610/5458/3220 4611/797/487
f 4360/1142/791 4367/3432/2918 4366/3429/2915
f 4360/1142/791 4366/3429/2915 4359/5459/3221
f 4358/1143/792 4360/1142/791 4359/5459/3221
f 4358/1143/792 4359/5459/3221 4357/800/490
f 4348/3416/2905 4349/3130/2637 4356/799/489
f 4356/799/489 4358/1143/792 4357/800/490
f 4355/801/491 4348/3416/2905 4356/799/489
f 1563/802/492 1562/807/497 1552/786/476
f 1564/803/493 1563/802/492 1553/788/478
f 1565/804/494 1564/803/493 1554/789/479
f 1556/791/481 1566/805/495 1565/804/494
f 1557/792/482 1567/814/504 1566/805/495
f 1552/786/476 1562/807/497 1551/806/496
f 1562/807/497 1572/809/499 1571/808/498
f 1570/795/485 1550/4123/3140 1551/806/496
f 1563/802/492 1573/810/500 1572/809/499
f 1564/803/493 1574/818/507 1573/810/500
f 1575/811/501 1574/818/507 1564/803/493
f 1576/812/502 1575/811/501 1565/804/494
f 1577/813/503 1576/812/502 1566/805/495
f 1507/744/435 1518/754/445 1506/740/424
f 1518/754/445 1529/777/467 1528/815/452
f 1572/809/499 1583/817/506 1582/816/505
f 1573/810/500 1584/819/508 1583/817/506
f 1574/818/507 1585/828/517 1584/819/508
f 1586/820/509 1585/828/517 1574/818/507
f 1587/821/510 1586/820/509 1575/811/501
f 1588/822/511 1587/821/510 1576/812/502
f 1589/823/512 1588/822/511 1577/813/503
f 1571/808/498 1582/816/505 1570/795/485
f 1582/816/505 1593/826/515 1592/825/514
f 1583/817/506 1594/827/516 1593/826/515
f 1584/819/508 1595/829/518 1594/827/516
f 1585/828/517 1596/839/527 1595/829/518
f 1597/830/519 1596/839/527 1585/828/517
f 1598/831/520 1597/830/519 1586/820/509
f 1599/832/521 1598/831/520 1587/821/510
f 1600/833/522 1599/832/521 1588/822/511
f 5333/836/524 5355/4191/553 5343/834/523
f 5355/4191/553 5354/4182/544 5343/834/523
f 1594/827/516 1605/838/526 1604/837/525
f 1595/829/518 1606/840/528 1605/838/526
f 1596/839/527 1607/851/539 1606/840/528
f 1608/841/529 1607/851/539 1596/839/527
f 1609/842/530 1608/841/529 1597/830/519
f 1610/843/531 1609/842/530 1598/831/520
f 1611/844/532 1610/843/531 1599/832/521
f 1593/826/515 1604/837/525 1592/825/514
f 1604/837/525 1615/849/537 1614/845/533
f 2420/846/534 2442/1755/1353 2431/5460/3222
f 2442/1755/1353 2441/5461/3223 2431/5460/3222
f 2431/5460/3222 2419/5462/3224 2420/846/534
f 2419/5462/3224 2409/847/535 2420/846/534
f 2409/847/535 2397/5463/3225 2398/848/536
f 1605/838/526 1616/850/538 1615/849/537
f 1606/840/528 1617/852/540 1616/850/538
f 1607/851/539 1618/861/549 1617/852/540
f 1619/853/541 1618/861/549 1607/851/539
f 1620/854/542 1619/853/541 1608/841/529
f 1621/855/543 1620/854/542 1609/842/530
f 1622/856/544 1621/855/543 1610/843/531
f 1627/857/545 1626/4360/3141 1614/845/533
f 1628/858/546 1627/857/545 1615/849/537
f 1629/859/547 1628/858/546 1616/850/538
f 1630/860/548 1629/859/547 1617/852/540
f 1631/862/550 1630/860/548 1618/861/549
f 1620/854/542 1632/863/551 1631/862/550
f 1621/855/543 1633/864/552 1632/863/551
f 1622/856/544 1634/866/554 1633/864/552
f 1623/865/553 1635/5464/3226 1634/866/554
f 1634/866/554 1635/5464/3226 1645/869/557
f 1635/5464/3226 1657/867/555 1645/869/557
f 1639/870/558 1638/880/565 1627/857/545
f 1640/871/559 1639/870/558 1628/858/546
f 1641/872/560 1640/871/559 1629/859/547
f 1642/873/561 1641/872/560 1630/860/548
f 1632/863/551 1643/874/562 1642/873/561
f 1633/864/552 1644/875/563 1643/874/562
f 1634/866/554 1645/869/557 1644/875/563
f 5366/4192/554 5367/5465/3226 5377/878/557
f 5367/5465/3226 5389/876/555 5377/878/557
f 1650/879/564 1649/2483/581 1638/880/565
f 1651/881/566 1650/879/564 1639/870/558
f 1652/882/567 1651/881/566 1640/871/559
f 1653/883/568 1652/882/567 1641/872/560
f 1643/874/562 1654/884/569 1653/883/568
f 1644/875/563 1655/885/570 1654/884/569
f 1645/869/557 1656/868/556 1655/885/570
f 1657/867/555 1677/906/590 1676/886/571
f 1656/868/556 1676/886/571 1665/887/572
f 1676/886/571 1675/908/592 1665/887/572
f 1661/888/573 1660/899/583 1650/879/564
f 1662/889/574 1661/888/573 1651/881/566
f 1663/890/575 1662/889/574 1652/882/567
f 1654/884/569 1664/891/576 1663/890/575
f 1655/885/570 1665/887/572 1664/891/576
f 3588/5466/3227 3598/5467/3228 3587/892/577
f 3598/5467/3228 3610/5468/3229 3609/2800/2323
f 3610/5468/3229 3622/5469/3230 3609/2800/2323
f 3622/5469/3230 3632/5470/3231 3621/2827/2350
f 3609/2800/2323 3622/5469/3230 3621/2827/2350
f 3632/5470/3231 3644/5471/3232 3643/2005/1584
f 3632/5470/3231 3643/2005/1584 3621/2827/2350
f 3598/5467/3228 3609/2800/2323 3587/892/577
f 3566/5472/3233 3576/894/579 3565/893/578
f 3576/894/579 3588/5466/3227 3587/892/577
f 5401/895/216 5400/4222/218 5380/896/580
f 1671/898/582 1670/917/594 1660/899/583
f 1672/900/584 1671/898/582 1661/888/573
f 1673/901/585 1672/900/584 1662/889/574
f 1664/891/576 1674/902/586 1673/901/585
f 1665/887/572 1675/908/592 1674/902/586
f 5414/5473/3234 5426/4239/619 5425/919/589
f 5425/919/589 5409/921/590 5414/5473/3234
f 5409/921/590 5389/876/555 5398/904/588
f 5414/5473/3234 5409/921/590 5410/5474/3235
f 5389/876/555 5367/5465/3226 5378/5475/3236
f 5367/5465/3226 5355/4191/553 5356/5476/3237
f 5378/5475/3236 5367/5465/3226 5368/5477/3238
f 5356/5476/3237 5368/5477/3238 5367/5465/3226
f 5410/5474/3235 5409/921/590 5398/904/588
f 5389/876/555 5378/5475/3236 5390/903/587
f 1693/905/589 1692/907/591 1676/886/571
f 1692/907/591 1691/938/615 1675/908/592
f 5403/909/582 5419/1973/610 5418/910/593
f 1674/902/586 1690/937/614 1681/912/595
f 1690/937/614 1689/925/603 1681/912/595
f 1681/912/595 1680/926/604 1672/900/584
f 3248/2512/2068 3258/914/597 3247/913/596
f 3258/914/597 3268/2519/2075 3267/915/598
f 1671/898/582 1687/933/610 1686/916/593
f 5402/911/594 5418/910/593 5417/918/599
f 5425/919/589 5424/4215/591 5408/920/571
f 5674/924/602 5696/4403/873 5685/5478/3239
f 5696/4403/873 5695/5479/3240 5685/5478/3239
f 5685/5478/3239 5673/5480/3241 5674/924/602
f 5673/5480/3241 5663/922/600 5674/924/602
f 5663/922/600 5651/5481/3242 5652/923/601
f 5651/5481/3242 5643/5482/3243 5652/923/601
f 5643/5482/3243 5631/5483/3244 5632/1168/808
f 5652/923/601 5643/5482/3243 5632/1168/808
f 5631/5483/3244 5887/4513/1024 5888/4515/1026
f 5631/5483/3244 5888/4515/1026 5632/1168/808
f 1689/925/603 1688/935/612 1680/926/604
f 1696/927/605 1695/5484/3245 1683/928/606
f 1697/929/607 1696/927/605 1684/500/217
f 1698/931/608 1697/929/607 1685/930/599
f 1699/932/609 1698/931/608 1686/916/593
f 1700/934/611 1699/932/609 1687/933/610
f 1701/936/613 1700/934/611 1688/935/612
f 1690/937/614 1702/939/616 1701/936/613
f 1691/938/615 1703/940/617 1702/939/616
f 1692/907/591 1704/941/618 1703/940/617
f 1693/905/589 1705/943/620 1704/941/618
f 1694/942/619 1706/5485/3246 1705/943/620
f 2280/944/621 2279/1696/1294 2268/945/622
f 1709/947/624 1708/993/667 1696/927/605
f 1710/948/625 1709/947/624 1697/929/607
f 1711/949/626 1710/948/625 1698/931/608
f 1712/950/627 1711/949/626 1699/932/609
f 1713/951/628 1712/950/627 1700/934/611
f 1702/939/616 1714/952/629 1713/951/628
f 1703/940/617 1715/953/630 1714/952/629
f 1704/941/618 1716/954/631 1715/953/630
f 1705/943/620 1717/958/635 1716/954/631
f 1266/1099/756 1286/957/634 1277/956/633
f 1286/957/634 1304/561/267 1297/5486/3247
f 1304/561/267 1326/562/268 1315/5487/3248
f 1326/562/268 1325/5488/3249 1315/5487/3248
f 1887/5489/3250 1888/474/196 1259/5490/3251
f 1888/474/196 1266/1099/756 1259/5490/3251
f 1304/561/267 1315/5487/3248 1303/5491/3252
f 1304/561/267 1303/5491/3252 1297/5486/3247
f 1265/5492/3253 1259/5490/3251 1266/1099/756
f 1277/956/633 1265/5492/3253 1266/1099/756
f 1286/957/634 1297/5486/3247 1285/955/632
f 1717/958/635 1737/1003/675 1736/959/636
f 1716/954/631 1736/959/636 1725/960/637
f 1736/959/636 1735/987/662 1725/960/637
f 1721/961/638 1720/972/647 1710/948/625
f 1722/962/639 1721/961/638 1711/949/626
f 1723/963/640 1722/962/639 1712/950/627
f 1714/952/629 1724/964/641 1723/963/640
f 1715/953/630 1725/960/637 1724/964/641
f 4315/3395/2890 4316/3397/2892 4322/966/643
f 4316/3397/2892 4333/967/644 4322/966/643
f 4333/967/644 4332/2075/1648 4326/5493/3254
f 4326/5493/3254 4324/965/642 4333/967/644
f 5449/968/635 5469/1999/675 5468/969/636
f 1731/971/646 1730/983/658 1720/972/647
f 1732/973/648 1731/971/646 1721/961/638
f 1733/974/649 1732/973/648 1722/962/639
f 1724/964/641 1734/975/650 1733/974/649
f 1725/960/637 1735/987/662 1734/975/650
f 4642/976/651 4630/796/486 4631/798/488
f 1736/959/636 1737/1003/675 1747/980/655
f 1737/1003/675 1759/978/653 1747/980/655
f 1741/981/656 1740/997/666 1729/982/657
f 1742/984/659 1741/981/656 1730/983/658
f 1743/985/660 1742/984/659 1731/971/646
f 1744/986/661 1743/985/660 1732/973/648
f 1734/975/650 1745/988/663 1744/986/661
f 1735/987/662 1746/989/664 1745/988/663
f 1736/959/636 1747/980/655 1746/989/664
f 5472/992/666 5483/4278/679 5482/4277/678
f 5482/4277/678 5460/990/665 5472/992/666
f 1750/1006/678 1762/4292/1155 1749/5494/3255
f 1762/4292/1155 1761/5495/3256 1749/5494/3255
f 1749/5494/3255 1739/5496/3257 1750/1006/678
f 1739/5496/3257 1727/5497/3258 1728/994/665
f 1727/5497/3258 1719/995/668 1728/994/665
f 1719/995/668 1707/5498/3259 1708/993/667
f 1707/5498/3259 1695/5484/3245 1696/927/605
f 1708/993/667 1707/5498/3259 1696/927/605
f 1728/994/665 1750/1006/678 1739/5496/3257
f 1752/996/669 1751/1007/679 1740/997/666
f 1753/998/670 1752/996/669 1741/981/656
f 1754/999/671 1753/998/670 1742/984/659
f 1755/1000/672 1754/999/671 1743/985/660
f 1745/988/663 1756/1001/673 1755/1000/672
f 1746/989/664 1757/1002/674 1756/1001/673
f 1747/980/655 1758/979/654 1757/1002/674
f 1726/1004/676 1738/5499/3260 1737/1003/675
f 1738/5499/3260 1748/5500/3261 1737/1003/675
f 1748/5500/3261 1760/5501/3262 1759/978/653
f 1760/5501/3262 1772/5502/3263 1771/1016/688
f 1759/978/653 1760/5501/3262 1771/1016/688
f 1759/978/653 1737/1003/675 1748/5500/3261
f 1706/5485/3246 1718/5503/3264 1705/943/620
f 1718/5503/3264 1726/1004/676 1717/958/635
f 1717/958/635 1705/943/620 1718/5503/3264
f 1763/1005/677 1762/4292/1155 1750/1006/678
f 1764/1008/680 1763/1005/677 1751/1007/679
f 1765/1009/681 1764/1008/680 1752/996/669
f 1766/1010/682 1765/1009/681 1753/998/670
f 1767/1011/683 1766/1010/682 1754/999/671
f 1756/1001/673 1768/1012/684 1767/1011/683
f 1757/1002/674 1769/1013/685 1768/1012/684
f 1758/979/654 1770/1014/686 1769/1013/685
f 1759/978/653 1771/1016/688 1770/1014/686
f 1771/1016/688 1793/1540/706 1781/1015/687
f 1793/1540/706 1792/1033/705 1781/1015/687
f 1764/1008/680 1775/1018/690 1774/1017/689
f 1765/1009/681 1776/1019/691 1775/1018/690
f 1766/1010/682 1777/1028/700 1776/1019/691
f 1778/1020/692 1777/1028/700 1766/1010/682
f 1779/1021/693 1778/1020/692 1767/1011/683
f 1780/1022/694 1779/1021/693 1768/1012/684
f 1781/1015/687 1780/1022/694 1769/1013/685
f 4180/1025/697 4191/2070/1644 4190/2069/1643
f 4190/2069/1643 4168/1023/695 4180/1025/697
f 1775/1018/690 1786/1027/699 1785/1026/698
f 1776/1019/691 1787/1029/701 1786/1027/699
f 1777/1028/700 1788/1041/711 1787/1029/701
f 1789/1030/702 1788/1041/711 1777/1028/700
f 1790/1031/703 1789/1030/702 1778/1020/692
f 1791/1032/704 1790/1031/703 1779/1021/693
f 1792/1033/705 1791/1032/704 1780/1022/694
f 5504/5504/3263 5514/1036/707 5503/1035/688
f 5514/1036/707 5526/5505/3265 5525/1034/706
f 5526/5505/3265 5536/5506/3266 5525/1034/706
f 5536/5506/3266 5548/5507/3267 5547/2294/726
f 5525/1034/706 5536/5506/3266 5547/2294/726
f 5525/1034/706 5547/2294/726 5535/1037/708
f 5547/2294/726 5546/4318/724 5535/1037/708
f 1786/1027/699 1797/1040/710 1796/1039/709
f 1787/1029/701 1798/1042/712 1797/1040/710
f 1788/1041/711 1799/1050/719 1798/1042/712
f 1800/1043/713 1799/1050/719 1788/1041/711
f 1801/1044/714 1800/1043/713 1789/1030/702
f 1802/1045/715 1801/1044/714 1790/1031/703
f 1803/1046/708 1802/1045/715 1791/1032/704
f 1796/1039/709 1807/1048/717 1806/5508/3268
f 1806/5508/3268 1784/1047/716 1796/1039/709
f 1797/1040/710 1808/1049/718 1807/1048/717
f 1798/1042/712 1809/1051/720 1808/1049/718
f 1799/1050/719 1810/1062/731 1809/1051/720
f 1811/1052/721 1810/1062/731 1799/1050/719
f 1812/1053/722 1811/1052/721 1800/1043/713
f 1813/1054/723 1812/1053/722 1801/1044/714
f 1814/1055/724 1813/1054/723 1802/1045/715
f 1835/1056/725 1834/2110/727 1814/1055/724
f 5545/4317/723 5546/4318/724 5555/1060/729
f 5546/4318/724 5566/1058/727 5555/1060/729
f 1809/1051/720 1819/1063/732 1818/1061/730
f 1810/1062/731 1820/1071/738 1819/1063/732
f 1821/1064/733 1820/1071/738 1810/1062/731
f 1822/1065/734 1821/1064/733 1811/1052/721
f 1823/1066/729 1822/1065/734 1812/1053/722
f 1818/1061/730 1828/1070/737 1827/1087/736
f 1827/1087/736 1807/1048/717 1818/1061/730
f 5558/1067/735 5538/5509/3268 5539/1068/717
f 1819/1063/732 1829/1072/739 1828/1070/737
f 1820/1071/738 1830/1083/745 1829/1072/739
f 1831/1073/740 1830/1083/745 1820/1071/738
f 1832/1074/741 1831/1073/740 1821/1064/733
f 1833/1075/728 1832/1074/741 1822/1065/734
f 1843/1076/742 1842/1092/743 1832/1074/741
f 5574/1077/743 5573/1080/744 5563/1078/740
f 5573/1080/744 5572/3621/747 5562/1081/745
f 1839/1082/746 1829/1072/739 1830/1083/745
f 5575/1085/742 5574/1077/743 5564/1079/741
f 1846/1086/748 1826/1607/735 1827/1087/736
f 5570/1090/750 5580/1146/794 5579/1145/749
f 5579/1145/749 5559/1069/736 5570/1090/750
f 1853/1091/751 1852/1093/752 1842/1092/743
f 1852/1093/752 1851/1105/762 1841/1094/744
f 4481/1637/1236 4492/1096/754 4480/1095/753
f 4492/1096/754 4503/3523/3008 4502/1097/755
f 5584/1098/752 5583/1531/762 5573/1080/744
f 1287/527/239 1286/957/634 1266/1099/756
f 2314/1100/757 2325/1618/1217 2324/1101/758
f 1863/1103/760 1862/1104/761 1852/1093/752
f 1862/1104/761 1861/1121/778 1851/1105/762
f 4661/1106/763 4660/1110/767 4649/1107/764
f 4659/1109/766 4648/1350/968 4649/1107/764
f 3215/1111/768 3214/3376/2871 3206/1112/769
f 3677/1114/771 3676/2892/2415 3656/1115/772
f 1858/1118/775 1867/1136/788 1866/3987/2870
f 1866/3987/2870 1847/1088/749 1858/1118/775
f 1872/1119/776 1871/1120/777 1862/1104/761
f 1871/1120/777 1870/2007/779 1861/1121/778
f 5602/1122/779 5601/1130/782 5592/1123/780
f 5603/1125/777 5602/1122/779 5593/1124/778
f 5604/1127/776 5603/1125/777 5594/1126/761
f 5611/1129/781 5600/1149/790 5601/1130/782
f 3460/1134/786 3461/2108/1679 3480/1132/784
f 3480/1132/784 3491/2718/2266 3490/1133/785
f 1877/1135/787 1866/3987/2870 1867/1136/788
f 1878/1137/789 1867/1136/788 1868/1138/790
f 1879/1139/781 1868/1138/790 1869/1140/782
f 4349/3130/2637 4350/3411/2900 4356/799/489
f 4350/3411/2900 4368/1144/793 4358/1143/792
f 4356/799/489 4350/3411/2900 4358/1143/792
f 4368/1144/793 4367/3432/2918 4360/1142/791
f 5590/1147/775 5599/1151/788 5598/3375/2870
f 5598/3375/2870 5579/1145/749 5590/1147/775
f 5610/1148/789 5599/1151/788 5600/1149/790
f 5609/1150/787 5598/3375/2870 5599/1151/788
f 4630/796/486 4642/976/651 4641/1152/795
f 1888/474/196 1887/5489/3250 1875/1154/797
f 1889/453/179 1888/474/196 1876/1155/798
f 1890/454/180 1889/453/179 1877/1135/787
f 1891/465/191 1890/454/180 1878/1137/789
f 1892/466/188 1891/465/191 1879/1139/781
f 1893/1156/189 1892/466/188 1880/1141/783
f 1882/1158/800 1894/456/182 1893/1156/189
f 1883/1159/801 1895/457/183 1894/456/182
f 1884/1160/802 1896/1162/177 1895/457/183
f 1885/1161/803 1897/1164/175 1896/1162/177
f 1886/1163/804 1898/5510/3269 1897/1164/175
f 3492/1165/805 3491/2718/2266 3480/1132/784
f 5653/1167/807 5652/923/601 5632/1168/808
f 1907/1180/820 1908/1431/1039 1917/1171/811
f 1908/1431/1039 1928/478/200 1917/1171/811
f 1913/1172/812 1912/1189/827 1902/1173/813
f 1914/1175/815 1913/1172/812 1903/1174/814
f 1915/1177/817 1914/1175/815 1904/1176/816
f 1906/1179/819 1916/1181/821 1915/1177/817
f 1907/1180/820 1917/1171/811 1916/1181/821
f 3548/1184/824 3558/2784/2307 3557/2783/2306
f 3557/2783/2306 3538/1182/822 3548/1184/824
f 1921/1185/807 1920/3176/601 1900/1186/808
f 1923/1188/826 1922/1195/833 1912/1189/827
f 1924/1190/828 1923/1188/826 1913/1172/812
f 1925/1191/829 1924/1190/828 1914/1175/815
f 1916/1181/821 1926/1192/830 1925/1191/829
f 1917/1171/811 1927/1170/810 1926/1192/830
f 1929/480/202 1951/1216/851 1939/1193/831
f 1951/1216/851 1950/1215/850 1939/1193/831
f 1933/1194/832 1932/1205/840 1921/1185/807
f 1934/1196/834 1933/1194/832 1922/1195/833
f 1935/1197/835 1934/1196/834 1923/1188/826
f 1936/1198/836 1935/1197/835 1924/1190/828
f 1926/1192/830 1937/1199/837 1936/1198/836
f 1927/1170/810 1938/1200/838 1937/1199/837
f 1928/478/200 1939/1193/831 1938/1200/838
f 5661/1203/202 5683/4383/851 5671/1201/831
f 5683/4383/851 5682/4382/850 5671/1201/831
f 1944/1204/839 1943/1218/853 1932/1205/840
f 1945/1206/841 1944/1204/839 1933/1194/832
f 1946/1207/842 1945/1206/841 1934/1196/834
f 1947/1208/843 1946/1207/842 1935/1197/835
f 1937/1199/837 1948/1209/844 1947/1208/843
f 1938/1200/838 1949/1210/845 1948/1209/844
f 1939/1193/831 1950/1215/850 1949/1210/845
f 4524/1211/846 4546/3564/3049 4535/5511/3270
f 4546/3564/3049 4545/5512/3271 4535/5511/3270
f 4480/1095/753 4502/1097/755 4491/5513/3272
f 4502/1097/755 4524/1211/846 4513/1213/848
f 4501/5514/3273 4502/1097/755 4513/1213/848
f 4491/5513/3272 4479/5515/3274 4480/1095/753
f 4501/5514/3273 4491/5513/3272 4502/1097/755
f 4524/1211/846 4535/5511/3270 4523/1212/847
f 1951/1216/851 1973/3410/257 1961/1214/849
f 1973/3410/257 1972/1241/256 1961/1214/849
f 1955/1217/852 1954/1227/859 1943/1218/853
f 1956/1219/854 1955/1217/852 1944/1204/839
f 1957/1220/855 1956/1219/854 1945/1206/841
f 1958/1221/856 1957/1220/855 1946/1207/842
f 1948/1209/844 1959/1222/857 1958/1221/856
f 1949/1210/845 1960/1223/858 1959/1222/857
f 1950/1215/850 1961/1214/849 1960/1223/858
f 5686/1225/859 5697/4397/867 5696/4403/873
f 5696/4403/873 5674/924/602 5686/1225/859
f 1966/1226/860 1965/1234/867 1954/1227/859
f 1967/1228/861 1966/1226/860 1955/1217/852
f 1968/1229/862 1967/1228/861 1956/1219/854
f 1969/1230/863 1968/1229/862 1957/1220/855
f 1959/1222/857 1970/1231/864 1969/1230/863
f 1960/1223/858 1971/1232/865 1970/1231/864
f 1961/1214/849 1972/1241/256 1971/1232/865
f 1312/560/249 1313/1887/1478 1323/559/266
f 1313/1887/1478 1335/581/287 1323/559/266
f 1966/1226/860 1977/1235/868 1976/1233/866
f 1967/1228/861 1978/1236/869 1977/1235/868
f 1968/1229/862 1979/1245/876 1978/1236/869
f 1980/1237/870 1979/1245/876 1968/1229/862
f 1981/1238/871 1980/1237/870 1969/1230/863
f 1982/1239/872 1981/1238/871 1970/1231/864
f 1983/1240/255 1982/1239/872 1971/1232/865
f 1976/1233/866 1987/1243/874 1986/1262/893
f 1986/1262/893 1964/1242/873 1976/1233/866
f 1977/1235/868 1988/1244/875 1987/1243/874
f 1978/1236/869 1989/1246/877 1988/1244/875
f 1979/1245/876 1990/1256/887 1989/1246/877
f 1991/1247/878 1990/1256/887 1979/1245/876
f 1992/1248/879 1991/1247/878 1980/1237/870
f 1993/1249/880 1992/1248/879 1981/1238/871
f 1994/1250/881 1993/1249/880 1982/1239/872
f 4510/3513/2999 4511/3512/2998 4521/1253/884
f 4511/3512/2998 4533/1251/882 4521/1253/884
f 1988/1244/875 1999/1255/886 1998/1254/885
f 1989/1246/877 2000/1257/888 1999/1255/886
f 1990/1256/887 2001/1265/896 2000/1257/888
f 2002/1258/889 2001/1265/896 1990/1256/887
f 2003/1259/890 2002/1258/889 1991/1247/878
f 2004/1260/891 2003/1259/890 1992/1248/879
f 2005/1261/892 2004/1260/891 1993/1249/880
f 1998/1254/885 2009/1263/894 2008/4341/2645
f 2008/4341/2645 1986/1262/893 1998/1254/885
f 1999/1255/886 2010/1264/895 2009/1263/894
f 2000/1257/888 2011/1266/897 2010/1264/895
f 2001/1265/896 2012/1277/908 2011/1266/897
f 2013/1267/898 2012/1277/908 2001/1265/896
f 2014/1268/899 2013/1267/898 2002/1258/889
f 2015/1269/900 2014/1268/899 2003/1259/890
f 2016/1270/901 2015/1269/900 2004/1260/891
f 2037/1271/902 2036/1273/904 2016/1270/901
f 2015/1269/900 2016/1270/901 2025/1275/906
f 2016/1270/901 2036/1273/904 2025/1275/906
f 2011/1266/897 2021/1278/909 2020/1276/907
f 2012/1277/908 2022/1290/916 2021/1278/909
f 2023/1279/910 2022/1290/916 2012/1277/908
f 2024/1280/911 2023/1279/910 2013/1267/898
f 2025/1275/906 2024/1280/911 2014/1268/899
f 5747/4425/900 5748/3137/901 5757/1283/906
f 5748/3137/901 5768/1281/904 5757/1283/906
f 4993/1284/190 5002/481/203 5001/490/205
f 1974/5516/3275 1984/5517/3276 1973/3410/257
f 1984/5517/3276 1996/5518/3277 1995/1287/913
f 1996/5518/3277 2006/1286/912 1995/1287/913
f 2006/1286/912 2018/5519/3278 2017/1272/903
f 2018/5519/3278 2026/5520/3279 2017/1272/903
f 2026/5520/3279 2038/5521/3280 2037/1271/902
f 2017/1272/903 2026/5520/3279 2037/1271/902
f 2038/5521/3280 2046/5522/3281 2037/1271/902
f 2046/5522/3281 2058/5523/3282 2057/1319/939
f 2037/1271/902 2046/5522/3281 2057/1319/939
f 1984/5517/3276 1995/1287/913 1973/3410/257
f 2031/1288/914 2030/1300/926 2020/1276/907
f 2032/1289/915 2031/1288/914 2021/1278/909
f 2033/1291/917 2032/1289/915 2022/1290/916
f 2024/1280/911 2034/1292/918 2033/1291/917
f 2025/1275/906 2035/1274/905 2034/1292/918
f 5781/1293/919 5780/4455/3180 5760/1294/920
f 2035/1274/905 2036/1273/904 2045/1298/924
f 2036/1273/904 2056/1296/922 2045/1298/924
f 2041/1299/925 2040/1311/931 2030/1300/926
f 2042/1301/927 2041/1299/925 2031/1288/914
f 2043/1302/928 2042/1301/927 2032/1289/915
f 2034/1292/918 2044/1303/929 2043/1302/928
f 2035/1274/905 2045/1298/924 2044/1303/929
f 5767/1282/905 5768/1281/904 5777/1306/924
f 5768/1281/904 5788/1304/922 5777/1306/924
f 2049/1307/919 2048/4447/3180 2028/1308/920
f 2051/1310/930 2050/1321/941 2040/1311/931
f 2052/1312/932 2051/1310/930 2041/1299/925
f 2053/1313/933 2052/1312/932 2042/1301/927
f 2044/1303/929 2054/1314/934 2053/1313/933
f 2045/1298/924 2055/1297/923 2054/1314/934
f 2757/1315/935 2756/1628/1227 2744/1316/936
f 2057/1319/939 2079/1342/962 2067/1318/938
f 2079/1342/962 2078/1341/961 2067/1318/938
f 2061/1320/940 2060/1334/954 2049/1307/919
f 2062/1322/942 2061/1320/940 2050/1321/941
f 2063/1323/943 2062/1322/942 2051/1310/930
f 2064/1324/944 2063/1323/943 2052/1312/932
f 2054/1314/934 2065/1325/945 2064/1324/944
f 2055/1297/923 2066/1326/946 2065/1325/945
f 2056/1296/922 2067/1318/938 2066/1326/946
f 5814/1329/949 5825/4472/971 5824/4496/1006
f 5824/4496/1006 5802/1327/947 5814/1329/949
f 4489/1330/950 4488/3521/3007 4468/1331/951
f 2072/1333/953 2071/1344/948 2060/1334/954
f 2073/1335/955 2072/1333/953 2061/1320/940
f 2074/1336/956 2073/1335/955 2062/1322/942
f 2075/1337/957 2074/1336/956 2063/1323/943
f 2065/1325/945 2076/1338/958 2075/1337/957
f 2066/1326/946 2077/1339/959 2076/1338/958
f 2067/1318/938 2078/1341/961 2077/1339/959
f 2079/1342/962 2101/1547/980 2089/1340/960
f 2101/1547/980 2100/1360/978 2089/1340/960
f 2072/1333/953 2083/1345/963 2082/1343/949
f 2073/1335/955 2084/1346/964 2083/1345/963
f 2074/1336/956 2085/1355/973 2084/1346/964
f 2086/1347/965 2085/1355/973 2074/1336/956
f 2087/1348/966 2086/1347/965 2075/1337/957
f 2088/1349/967 2087/1348/966 2076/1338/958
f 2089/1340/960 2088/1349/967 2077/1339/959
f 4648/1350/968 4647/2476/2034 4636/1351/969
f 2083/1345/963 2094/1354/972 2093/1353/971
f 2084/1346/964 2095/1356/974 2094/1354/972
f 2085/1355/973 2096/1368/985 2095/1356/974
f 2097/1357/975 2096/1368/985 2085/1355/973
f 2098/1358/976 2097/1357/975 2086/1347/965
f 2099/1359/977 2098/1358/976 2087/1348/966
f 2100/1360/978 2099/1359/977 2088/1349/967
f 5853/1361/979 5852/1372/981 5832/1362/978
f 2099/1359/977 2100/1360/978 2109/1366/983
f 2100/1360/978 2120/1364/981 2109/1366/983
f 2095/1356/974 2105/1369/986 2104/1367/984
f 2096/1368/985 2106/1378/992 2105/1369/986
f 2107/1370/987 2106/1378/992 2096/1368/985
f 2108/1371/988 2107/1370/987 2097/1357/975
f 2109/1366/983 2108/1371/988 2098/1358/976
f 5831/4478/977 5832/1362/978 5841/1374/983
f 5832/1362/978 5852/1372/981 5841/1374/983
f 2112/1375/989 2092/1398/1006 2093/1353/971
f 2105/1369/986 2115/1379/993 2114/1377/991
f 2106/1378/992 2116/1389/1002 2115/1379/993
f 2117/1380/994 2116/1389/1002 2106/1378/992
f 2118/1381/995 2117/1380/994 2107/1370/987
f 2119/1365/982 2118/1381/995 2108/1371/988
f 5864/1382/996 5844/4484/989 5845/1383/990
f 2119/1365/982 2120/1364/981 2129/1387/1000
f 2120/1364/981 2140/1385/998 2129/1387/1000
f 2115/1379/993 2125/1390/1003 2124/1388/1001
f 2116/1389/1002 2126/1401/1009 2125/1390/1003
f 2127/1391/1004 2126/1401/1009 2116/1389/1002
f 2128/1392/1005 2127/1391/1004 2117/1380/994
f 2129/1387/1000 2128/1392/1005 2118/1381/995
f 5851/1373/982 5852/1372/981 5861/1395/1000
f 5852/1372/981 5872/1393/998 5861/1395/1000
f 2132/1396/996 2112/1375/989 2113/1376/990
f 2132/1396/996 2144/1405/1013 2131/5524/3283
f 2144/1405/1013 2143/1417/1025 2131/5524/3283
f 2131/5524/3283 2123/5525/3284 2132/1396/996
f 2123/5525/3284 2111/5526/3285 2112/1375/989
f 2111/5526/3285 2103/1399/1007 2112/1375/989
f 2103/1399/1007 2091/5527/3286 2092/1398/1006
f 2091/5527/3286 2081/5528/3287 2092/1398/1006
f 2081/5528/3287 2069/5529/3288 2070/4471/947
f 2069/5529/3288 2059/5530/3289 2070/4471/947
f 2059/5530/3289 2047/5531/3290 2048/4447/3180
f 2059/5530/3289 2048/4447/3180 2070/4471/947
f 2092/1398/1006 2081/5528/3287 2070/4471/947
f 2112/1375/989 2132/1396/996 2123/5525/3284
f 2125/1390/1003 2135/1402/1010 2134/1400/1008
f 2126/1401/1009 2136/1408/1016 2135/1402/1010
f 2137/1403/1011 2136/1408/1016 2126/1401/1009
f 2138/1404/1012 2137/1403/1011 2127/1391/1004
f 2139/1386/999 2138/1404/1012 2128/1392/1005
f 2133/1397/997 2145/1406/1014 2144/1405/1013
f 2134/1400/1008 2146/1407/1015 2145/1406/1014
f 2135/1402/1010 2147/1409/1017 2146/1407/1015
f 2136/1408/1016 2148/1421/1029 2147/1409/1017
f 2149/1410/1018 2148/1421/1029 2136/1408/1016
f 2150/1411/1019 2149/1410/1018 2137/1403/1011
f 2151/1412/1020 2150/1411/1019 2138/1404/1012
f 2152/1413/1021 2151/1412/1020 2139/1386/999
f 2153/1414/1022 2152/1413/1021 2140/1385/998
f 2144/1405/1013 2156/1418/1026 2155/1416/1024
f 2145/1406/1014 2157/1419/1027 2156/1418/1026
f 2146/1407/1015 2158/1420/1028 2157/1419/1027
f 2147/1409/1017 2159/1422/1030 2158/1420/1028
f 2148/1421/1029 2160/1430/1038 2159/1422/1030
f 2161/1423/1031 2160/1430/1038 2148/1421/1029
f 2162/1424/1032 2161/1423/1031 2149/1410/1018
f 2163/1425/1033 2162/1424/1032 2150/1411/1019
f 2164/1426/1034 2163/1425/1033 2151/1412/1020
f 2165/1427/1035 2164/1426/1034 2152/1413/1021
f 2166/1428/1036 2165/1427/1035 2153/1414/1022
f 1901/1187/825 1900/1186/808 2156/1418/1026
f 1902/1173/813 1901/1187/825 2157/1419/1027
f 1903/1174/814 1902/1173/813 2158/1420/1028
f 1904/1176/816 1903/1174/814 2159/1422/1030
f 1905/1178/818 1904/1176/816 2160/1430/1038
f 2162/1424/1032 1906/1179/819 1905/1178/818
f 2163/1425/1033 1907/1180/820 1906/1179/819
f 2164/1426/1034 1908/1431/1039 1907/1180/820
f 2165/1427/1035 1909/479/201 1908/1431/1039
f 2180/1432/1040 2179/1455/1063 2167/1433/1041
f 2181/1435/1043 2180/1432/1040 2168/1434/1042
f 2182/1437/1045 2181/1435/1043 2169/1436/1044
f 2183/1439/1047 2182/1437/1045 2170/1438/1046
f 2184/1441/1049 2183/1439/1047 2171/1440/1048
f 2185/1443/1051 2184/1441/1049 2172/1442/1050
f 2174/1445/1053 2186/1447/1055 2185/1443/1051
f 2175/1446/1054 2187/1449/1057 2186/1447/1055
f 2176/1448/1056 2188/1451/1059 2187/1449/1057
f 2177/1450/1058 2189/1453/1061 2188/1451/1059
f 2178/1452/1060 2190/1466/1074 2189/1453/1061
f 2180/1432/1040 2192/1456/1064 2191/1454/1062
f 2181/1435/1043 2193/1457/1065 2192/1456/1064
f 2182/1437/1045 2194/1458/1066 2193/1457/1065
f 2183/1439/1047 2195/1459/1067 2194/1458/1066
f 2184/1441/1049 2196/1472/1080 2195/1459/1067
f 2197/1460/1068 2196/1472/1080 2184/1441/1049
f 2198/1461/1069 2197/1460/1068 2185/1443/1051
f 2199/1462/1070 2198/1461/1069 2186/1447/1055
f 2200/1463/1071 2199/1462/1070 2187/1449/1057
f 2201/1464/1072 2200/1463/1071 2188/1451/1059
f 2202/1465/1073 2201/1464/1072 2189/1453/1061
f 2204/1467/1075 2203/1479/1087 2191/1454/1062
f 2205/1468/1076 2204/1467/1075 2192/1456/1064
f 2206/1469/1077 2205/1468/1076 2193/1457/1065
f 2207/1470/1078 2206/1469/1077 2194/1458/1066
f 2208/1471/1079 2207/1470/1078 2195/1459/1067
f 2209/1473/1081 2208/1471/1079 2196/1472/1080
f 2198/1461/1069 2210/1474/1082 2209/1473/1081
f 2199/1462/1070 2211/1475/1083 2210/1474/1082
f 2200/1463/1071 2212/1476/1084 2211/1475/1083
f 2201/1464/1072 2213/1477/1085 2212/1476/1084
f 2202/1465/1073 2214/1488/1096 2213/1477/1085
f 2216/1478/1086 2215/1491/1099 2203/1479/1087
f 2217/1480/1088 2216/1478/1086 2204/1467/1075
f 2218/1481/1089 2217/1480/1088 2205/1468/1076
f 2219/1482/1090 2218/1481/1089 2206/1469/1077
f 2220/1483/1091 2219/1482/1090 2207/1470/1078
f 2221/1484/1092 2220/1483/1091 2208/1471/1079
f 2210/1474/1082 2222/1485/1093 2221/1484/1092
f 2211/1475/1083 2223/1486/1094 2222/1485/1093
f 2212/1476/1084 2224/1487/1095 2223/1486/1094
f 2213/1477/1085 2225/1489/1097 2224/1487/1095
f 2214/1488/1096 2226/1502/1110 2225/1489/1097
f 2216/1478/1086 2228/1492/1100 2227/1490/1098
f 2217/1480/1088 2229/1493/1101 2228/1492/1100
f 2218/1481/1089 2230/1494/1102 2229/1493/1101
f 2219/1482/1090 2231/1495/1103 2230/1494/1102
f 2220/1483/1091 2232/1507/1115 2231/1495/1103
f 2233/1496/1104 2232/1507/1115 2220/1483/1091
f 2234/1497/1105 2233/1496/1104 2221/1484/1092
f 2235/1498/1106 2234/1497/1105 2222/1485/1093
f 2236/1499/1107 2235/1498/1106 2223/1486/1094
f 2237/1500/1108 2236/1499/1107 2224/1487/1095
f 2238/1501/1109 2237/1500/1108 2225/1489/1097
f 2228/1492/1100 2240/1504/1112 2239/1503/1111
f 2229/1493/1101 2241/1505/1113 2240/1504/1112
f 2230/1494/1102 2242/1506/1114 2241/1505/1113
f 2231/1495/1103 2243/1508/1116 2242/1506/1114
f 2232/1507/1115 2244/1520/1128 2243/1508/1116
f 2245/1509/1117 2244/1520/1128 2232/1507/1115
f 2246/1510/1118 2245/1509/1117 2233/1496/1104
f 2247/1511/1119 2246/1510/1118 2234/1497/1105
f 2248/1512/1120 2247/1511/1119 2235/1498/1106
f 2249/1513/1121 2248/1512/1120 2236/1499/1107
f 2250/1514/1122 2249/1513/1121 2237/1500/1108
f 2252/1515/1123 2251/1526/1134 2239/1503/1111
f 2253/1516/1124 2252/1515/1123 2240/1504/1112
f 2254/1517/1125 2253/1516/1124 2241/1505/1113
f 2255/1518/1126 2254/1517/1125 2242/1506/1114
f 2256/1519/1127 2255/1518/1126 2243/1508/1116
f 2257/1521/1129 2256/1519/1127 2244/1520/1128
f 2246/1510/1118 2258/1522/1130 2257/1521/1129
f 2247/1511/1119 2259/1523/1131 2258/1522/1130
f 2248/1512/1120 2260/1524/1132 2259/1523/1131
f 2249/1513/1121 2261/1525/1133 2260/1524/1132
f 2250/1514/1122 2262/1527/1135 2261/1525/1133
f 2252/1515/1123 2168/1434/1042 2167/1433/1041
f 2253/1516/1124 2169/1436/1044 2168/1434/1042
f 2254/1517/1125 2170/1438/1046 2169/1436/1044
f 2255/1518/1126 2171/1440/1048 2170/1438/1046
f 2256/1519/1127 2172/1442/1050 2171/1440/1048
f 2173/1444/1052 2172/1442/1050 2256/1519/1127
f 2174/1445/1053 2173/1444/1052 2257/1521/1129
f 2175/1446/1054 2174/1445/1053 2258/1522/1130
f 2176/1448/1056 2175/1446/1054 2259/1523/1131
f 2177/1450/1058 2176/1448/1056 2260/1524/1132
f 2178/1452/1060 2177/1450/1058 2261/1525/1133
f 3242/1528/1136 2272/1548/1151 2271/509/225
f 5593/1124/778 5592/1123/780 5582/1530/1138
f 3240/1532/1139 2270/511/227 2269/946/623
f 2276/1536/1143 2287/4246/3145 2286/2275/1840
f 2286/2275/1840 2264/1534/1141 2276/1536/1143
f 2267/1537/1144 2266/1558/1160 3236/1538/1145
f 1772/5502/3263 1782/1541/707 1771/1016/688
f 1782/1541/707 1794/5532/3265 1793/1540/706
f 1794/5532/3265 1804/5533/3266 1793/1540/706
f 1804/5533/3266 1816/5534/3291 1815/1057/726
f 1793/1540/706 1804/5533/3266 1815/1057/726
f 2265/1535/1142 2264/1534/1141 3234/1542/1147
f 4643/977/652 4665/3644/3124 4653/1544/1149
f 4665/3644/3124 4664/3147/2652 4653/1544/1149
f 2090/5535/3292 2102/5536/3293 2101/1547/980
f 2102/5536/3293 2110/1545/1150 2101/1547/980
f 2110/1545/1150 2122/5537/3294 2121/1546/979
f 2122/5537/3294 2130/5538/3295 2121/1546/979
f 2130/5538/3295 2142/5539/3296 2141/1415/1023
f 2142/5539/3296 2154/1429/1037 2153/1414/1022
f 2141/1415/1023 2142/5539/3296 2153/1414/1022
f 2141/1415/1023 2121/1546/979 2130/5538/3295
f 2080/5540/3297 2090/5535/3292 2079/1342/962
f 2058/5523/3282 2068/5541/3298 2057/1319/939
f 2068/5541/3298 2080/5540/3297 2079/1342/962
f 2079/1342/962 2057/1319/939 2068/5541/3298
f 2101/1547/980 2079/1342/962 2090/5535/3292
f 2272/1548/1151 2283/1562/1164 2282/1549/1152
f 2790/1550/1153 2789/3322/2824 2777/1551/1154
f 2270/511/227 2281/510/226 2280/944/621
f 5506/1554/689 5517/4293/698 5516/4302/716
f 5516/4302/716 5494/1552/1155 5506/1554/689
f 4272/516/230 4273/3368/2866 4289/1555/1157
f 4289/1555/1157 4299/2274/1839 4298/1556/1158
f 2278/1557/1159 2277/1575/1177 2266/1558/1160
f 2737/1559/1161 2736/2060/1634 2726/1560/1162
f 2273/1563/1165 2295/1598/1200 2283/1562/1164
f 2295/1598/1200 2294/1580/1182 2283/1562/1164
f 2283/1562/1164 2294/1580/1182 2293/1564/1166
f 2541/1860/1451 2552/1566/1168 2540/1565/1167
f 2552/1566/1168 2563/1880/1471 2562/1567/1169
f 4397/3444/2930 4408/1569/1171 4396/1568/1170
f 4408/1569/1171 4419/3473/2959 4418/1570/1172
f 1312/560/249 1311/558/265 1293/536/248
f 3099/1573/1175 3121/1961/1548 3109/1571/1173
f 3121/1961/1548 3120/1960/1547 3109/1571/1173
f 2289/1574/1176 2288/1594/1196 2277/1575/1177
f 5595/1128/760 5594/1126/761 5584/1098/752
f 2348/1579/1181 2358/1679/1278 2357/1665/1264
f 2357/1665/1264 2337/1577/1179 2348/1579/1181
f 2294/1580/1182 2305/1597/1199 2304/1581/1183
f 3564/2790/2313 3565/893/578 3575/1583/1185
f 3565/893/578 3587/892/577 3575/1583/1185
f 2292/1584/1186 2303/1604/1205 2302/1585/1187
f 3964/1587/1189 3963/3371/2869 3946/1588/1190
f 4330/1590/1192 4329/1809/1400 4312/1591/1193
f 2300/1593/1195 2299/3377/2872 2288/1594/1196
f 3215/1111/768 3207/1113/770 3208/1595/1197
f 2295/1598/1200 2327/4311/3155 2305/1597/1199
f 2327/4311/3155 2326/1634/1233 2315/1603/1204
f 2327/4311/3155 2315/1603/1204 2305/1597/1199
f 4581/3593/3078 4592/1600/1202 4580/1599/1201
f 4592/1600/1202 4603/1947/1534 4602/1601/1203
f 5615/1602/801 5614/3969/800 5603/1125/777
f 2315/1603/1204 2314/1100/757 2304/1581/1183
f 1740/997/666 1751/1007/679 1750/1006/678
f 1750/1006/678 1728/994/665 1740/997/666
f 2313/1102/759 2312/1623/1222 2302/1585/1187
f 1954/1227/859 1965/1234/867 1964/1242/873
f 1964/1242/873 1942/1605/602 1954/1227/859
f 1846/1086/748 1876/1155/798 1865/5542/3299
f 1876/1155/798 1875/1154/797 1865/5542/3299
f 1865/5542/3299 1857/5543/3300 1846/1086/748
f 1857/5543/3300 1845/5544/3301 1846/1086/748
f 1845/5544/3301 1837/1606/1206 1846/1086/748
f 1837/1606/1206 1825/5545/3302 1826/1607/735
f 1825/5545/3302 1817/5546/3303 1826/1607/735
f 1817/5546/3303 1805/5547/3304 1806/5508/3268
f 1817/5546/3303 1806/5508/3268 1826/1607/735
f 2309/1608/1207 2299/3377/2872 2300/1593/1195
f 3226/1610/1209 3215/1111/768 3216/1596/1198
f 2691/1612/1211 2690/4326/3158 2670/1613/1212
f 2751/1615/1214 2763/3639/3119 2762/1616/1215
f 2315/1603/1204 2326/1634/1233 2325/1618/1217
f 2695/1619/1218 2694/2002/1581 2684/1620/1219
f 2313/1102/759 2324/1101/758 2323/1622/1221
f 2615/1626/1225 2637/1951/1538 2625/1624/1223
f 2637/1951/1538 2636/1950/1537 2625/1624/1223
f 2768/1627/1226 2767/2959/2482 2756/1628/1227
f 2321/1629/1228 2320/1641/1240 2309/1608/1207
f 2756/1628/1227 2755/2076/1649 2743/1630/1229
f 4304/1631/1230 4303/3396/2891 4293/1632/1231
f 2326/1634/1233 2344/4310/3154 2343/1635/1234
f 4462/3500/2986 4472/1636/1235 4461/625/329
f 4472/1636/1235 4482/3507/2993 4481/1637/1236
f 2331/1638/1237 2330/1642/1241 2321/1629/1228
f 2332/1640/1239 2331/1638/1237 2322/1639/1238
f 2324/1101/758 2333/1650/1249 2332/1640/1239
f 2330/1642/1241 2339/1660/1259 2338/1578/1180
f 2338/1578/1180 2320/1641/1240 2330/1642/1241
f 2385/1645/1244 2407/1714/1312 2395/1643/1242
f 2407/1714/1312 2406/1713/1311 2395/1643/1242
f 2337/1577/1179 2336/1666/1265 2318/1646/1245
f 2340/1648/1247 2339/1660/1259 2330/1642/1241
f 2341/1649/1248 2340/1648/1247 2331/1638/1237
f 2333/1650/1249 2342/1663/1262 2341/1649/1248
f 5214/5548/3305 5226/5549/3306 5225/4092/1412
f 5225/4092/1412 5203/4064/2463 5214/5548/3305
f 5203/4064/2463 5183/1651/1250 5192/1653/1252
f 5214/5548/3305 5203/4064/2463 5204/5550/3307
f 5183/1651/1250 5163/641/343 5172/5551/3308
f 5163/641/343 5143/640/342 5152/5552/3309
f 5164/5553/3310 5163/641/343 5152/5552/3309
f 5143/640/342 5144/5554/3311 5152/5552/3309
f 5204/5550/3307 5203/4064/2463 5192/1653/1252
f 5163/641/343 5164/5553/3310 5172/5551/3308
f 5183/1651/1250 5172/5551/3308 5184/1652/1251
f 4278/459/185 4277/2457/2018 4267/1654/1253
f 2343/1635/1234 2344/4310/3154 2353/1658/1257
f 2344/4310/3154 2364/1656/1255 2353/1658/1257
f 2349/1659/1258 2348/1579/1181 2338/1578/1180
f 2350/1661/1260 2349/1659/1258 2339/1660/1259
f 2351/1662/1261 2350/1661/1260 2340/1648/1247
f 2342/1663/1262 2352/1664/1263 2351/1662/1261
f 2343/1635/1234 2353/1658/1257 2352/1664/1263
f 1883/1159/801 1882/1158/800 1871/1120/777
f 2357/1665/1264 2356/1687/1286 2336/1666/1265
f 2359/1667/1266 2358/1679/1278 2348/1579/1181
f 2360/1668/1267 2359/1667/1266 2349/1659/1258
f 2361/1669/1268 2360/1668/1267 2350/1661/1260
f 2352/1664/1263 2362/1670/1269 2361/1669/1268
f 2353/1658/1257 2363/1657/1256 2362/1670/1269
f 4296/1671/1270 4295/3385/2880 4279/460/186
f 3353/1673/1272 3352/2052/1626 3332/1674/1273
f 2363/1657/1256 2364/1656/1255 2373/1677/1276
f 2364/1656/1255 2384/1644/1243 2373/1677/1276
f 2369/1678/1277 2368/1691/1289 2358/1679/1278
f 2370/1680/1279 2369/1678/1277 2359/1667/1266
f 2371/1681/1280 2370/1680/1279 2360/1668/1267
f 2362/1670/1269 2372/1682/1281 2371/1681/1280
f 2363/1657/1256 2373/1677/1276 2372/1682/1281
f 3112/2396/1957 3134/2412/1973 3123/5555/3312
f 3134/2412/1973 3154/1685/1284 3145/5556/3313
f 3133/5557/3314 3134/2412/1973 3145/5556/3313
f 3154/1685/1284 3174/2760/2286 3165/1683/1282
f 3174/2760/2286 3194/2614/2166 3185/5558/3315
f 3165/1683/1282 3174/2760/2286 3173/5559/3316
f 3194/2614/2166 3222/2498/2054 3211/5560/3317
f 3222/2498/2054 3221/2500/2056 3211/5560/3317
f 3123/5555/3312 3111/5561/3318 3112/2396/1957
f 3133/5557/3314 3123/5555/3312 3134/2412/1973
f 3194/2614/2166 3211/5560/3317 3205/5562/3319
f 3194/2614/2166 3205/5562/3319 3193/5563/3320
f 3194/2614/2166 3193/5563/3320 3185/5558/3315
f 3185/5558/3315 3173/5559/3316 3174/2760/2286
f 3153/1684/1283 3145/5556/3313 3154/1685/1284
f 2377/1686/1285 2376/1704/1302 2356/1687/1286
f 1299/1688/235 1308/552/244 1307/550/246
f 2379/1690/1288 2378/1698/1296 2368/1691/1289
f 2380/1692/1290 2379/1690/1288 2369/1678/1277
f 2381/1693/1291 2380/1692/1290 2370/1680/1279
f 2372/1682/1281 2382/1694/1292 2381/1693/1291
f 2373/1677/1276 2383/1676/1275 2382/1694/1292
f 2290/1695/1293 2289/1574/1176 2278/1557/1159
f 2389/1697/1295 2388/1705/1303 2377/1686/1285
f 2390/1699/1297 2389/1697/1295 2378/1698/1296
f 2391/1700/1298 2390/1699/1297 2379/1690/1288
f 2392/1701/1299 2391/1700/1298 2380/1692/1290
f 2382/1694/1292 2393/1702/1300 2392/1701/1299
f 2383/1676/1275 2394/1703/1301 2393/1702/1300
f 2384/1644/1243 2395/1643/1242 2394/1703/1301
f 2388/1705/1303 2399/1716/1314 2398/848/536
f 2398/848/536 2376/1704/1302 2388/1705/1303
f 2400/1706/1304 2399/1716/1314 2388/1705/1303
f 2401/1707/1305 2400/1706/1304 2389/1697/1295
f 2402/1708/1306 2401/1707/1305 2390/1699/1297
f 2403/1709/1307 2402/1708/1306 2391/1700/1298
f 2393/1702/1300 2404/1710/1308 2403/1709/1307
f 2394/1703/1301 2405/1711/1309 2404/1710/1308
f 2395/1643/1242 2406/1713/1311 2405/1711/1309
f 2407/1714/1312 2429/2455/2016 2417/1712/1310
f 2429/2455/2016 2428/1743/1341 2417/1712/1310
f 2411/1715/1313 2410/1727/1325 2399/1716/1314
f 2412/1717/1315 2411/1715/1313 2400/1706/1304
f 2413/1718/1316 2412/1717/1315 2401/1707/1305
f 2414/1719/1317 2413/1718/1316 2402/1708/1306
f 2404/1710/1308 2415/1720/1318 2414/1719/1317
f 2405/1711/1309 2416/1721/1319 2415/1720/1318
f 2406/1713/1311 2417/1712/1310 2416/1721/1319
f 2780/1722/1320 2779/487/209 2768/1627/1226
f 4261/743/434 4260/742/433 4240/1724/1322
f 2422/1726/1324 2421/1736/1334 2410/1727/1325
f 2423/1728/1326 2422/1726/1324 2411/1715/1313
f 2424/1729/1327 2423/1728/1326 2412/1717/1315
f 2425/1730/1328 2424/1729/1327 2413/1718/1316
f 2415/1720/1318 2426/1731/1329 2425/1730/1328
f 2416/1721/1319 2427/1732/1330 2426/1731/1329
f 2417/1712/1310 2428/1743/1341 2427/1732/1330
f 2780/1722/1320 2769/1723/1321 2770/1733/1331
f 2422/1726/1324 2433/1737/1335 2432/1735/1333
f 2423/1728/1326 2434/1738/1336 2433/1737/1335
f 2424/1729/1327 2435/1747/1345 2434/1738/1336
f 2436/1739/1337 2435/1747/1345 2424/1729/1327
f 2437/1740/1338 2436/1739/1337 2425/1730/1328
f 2438/1741/1339 2437/1740/1338 2426/1731/1329
f 2439/1742/1340 2438/1741/1339 2427/1732/1330
f 2432/1735/1333 2443/1756/1354 2442/1755/1353
f 2442/1755/1353 2420/846/534 2432/1735/1333
f 2444/1744/1342 2443/1756/1354 2432/1735/1333
f 2445/1745/1343 2444/1744/1342 2433/1737/1335
f 2446/1746/1344 2445/1745/1343 2434/1738/1336
f 2447/1748/1346 2446/1746/1344 2435/1747/1345
f 2437/1740/1338 2448/1749/1347 2447/1748/1346
f 2438/1741/1339 2449/1750/1348 2448/1749/1347
f 2439/1742/1340 2450/1762/1360 2449/1750/1348
f 3952/1751/1349 4675/2715/2264 4676/1752/1350
f 2455/1754/1352 2454/1770/1368 2442/1755/1353
f 2456/1757/1355 2455/1754/1352 2443/1756/1354
f 2457/1758/1356 2456/1757/1355 2444/1744/1342
f 2458/1759/1357 2457/1758/1356 2445/1745/1343
f 2459/1760/1358 2458/1759/1357 2446/1746/1344
f 2448/1749/1347 2460/1761/1359 2459/1760/1358
f 2449/1750/1348 2461/1763/1361 2460/1761/1359
f 2450/1762/1360 2462/1765/1363 2461/1763/1361
f 2451/1764/1362 2463/1779/1377 2462/1765/1363
f 3948/1766/1364 3947/1589/1191 4670/1767/1365
f 2455/1754/1352 2467/1771/1369 2466/1769/1367
f 2456/1757/1355 2468/1772/1370 2467/1771/1369
f 2457/1758/1356 2469/1773/1371 2468/1772/1370
f 2458/1759/1357 2470/1785/1383 2469/1773/1371
f 2471/1774/1372 2470/1785/1383 2458/1759/1357
f 2472/1775/1373 2471/1774/1372 2459/1760/1358
f 2473/1776/1374 2472/1775/1373 2460/1761/1359
f 2474/1777/1375 2473/1776/1374 2461/1763/1361
f 2475/1778/1376 2474/1777/1375 2462/1765/1363
f 2504/1780/1378 2516/1836/1427 2515/5564/3321
f 2516/1836/1427 2528/1850/1441 2527/5565/3322
f 2504/1780/1378 2515/5564/3321 2503/1781/1379
f 2527/5565/3322 2515/5564/3321 2516/1836/1427
f 2441/5461/3223 2442/1755/1353 2454/1770/1368
f 2465/5566/3323 2453/5567/3324 2454/1770/1368
f 2453/5567/3324 2441/5461/3223 2454/1770/1368
f 2487/5568/3325 2477/5569/3326 2466/1769/1367
f 2477/5569/3326 2465/5566/3323 2466/1769/1367
f 2465/5566/3323 2454/1770/1368 2466/1769/1367
f 2493/1782/1380 2487/5568/3325 2504/1780/1378
f 2487/5568/3325 2466/1769/1367 2504/1780/1378
f 2478/1783/1381 2494/1826/1417 2504/1780/1378
f 2494/1826/1417 2505/1825/1416 2504/1780/1378
f 2504/1780/1378 2466/1769/1367 2478/1783/1381
f 2468/1772/1370 2479/1784/1382 2478/1783/1381
f 2469/1773/1371 2480/1786/1384 2479/1784/1382
f 2470/1785/1383 2481/2538/2092 2480/1786/1384
f 2482/1787/1385 2481/2538/2092 2470/1785/1383
f 2483/1788/1386 2482/1787/1385 2471/1774/1372
f 2484/1789/1387 2483/1788/1386 2472/1775/1373
f 2485/1790/1388 2484/1789/1387 2473/1776/1374
f 2475/1778/1376 2513/1846/1437 2485/1790/1388
f 2513/1846/1437 2512/1834/1425 2501/1810/1401
f 2485/1790/1388 2513/1846/1437 2501/1810/1401
f 2526/5570/3327 2538/5571/3328 2525/1845/1436
f 2538/5571/3328 2537/1859/1450 2525/1845/1436
f 2525/1845/1436 2513/1846/1437 2526/5570/3327
f 2514/5572/3329 2526/5570/3327 2513/1846/1437
f 2502/5573/3330 2514/5572/3329 2513/1846/1437
f 2476/1791/1389 2486/5574/3331 2475/1778/1376
f 2486/5574/3331 2492/5575/3332 2475/1778/1376
f 2492/5575/3332 2502/5573/3330 2513/1846/1437
f 2492/5575/3332 2513/1846/1437 2475/1778/1376
f 2464/5576/3333 2476/1791/1389 2463/1779/1377
f 2451/1764/1362 2452/5577/3334 2463/1779/1377
f 2452/5577/3334 2464/5576/3333 2463/1779/1377
f 5175/686/374 5174/676/378 5154/1792/375
f 2491/1794/1390 2490/1818/1409 2482/1787/1385
f 3590/1797/1393 3601/2817/2340 3600/2819/2342
f 3600/2819/2342 3578/1795/1391 3590/1797/1393
f 3705/1800/1396 3727/2923/2446 3715/1798/1394
f 3727/2923/2446 3726/2921/2444 3715/1798/1394
f 4544/5578/3335 4556/5579/3336 4555/3545/3030
f 4533/1251/882 4511/3512/2998 4522/1801/1397
f 4511/3512/2998 4489/1330/950 4500/5580/3337
f 4512/5581/3338 4511/3512/2998 4500/5580/3337
f 4489/1330/950 4490/5582/3339 4500/5580/3337
f 4544/5578/3335 4555/3545/3030 4533/1251/882
f 4534/1802/1398 4544/5578/3335 4533/1251/882
f 4511/3512/2998 4512/5581/3338 4522/1801/1397
f 2346/5583/3340 2354/5584/3341 2345/2089/1662
f 2354/5584/3341 2366/5585/3342 2365/2090/1663
f 2345/2089/1662 2354/5584/3341 2365/2090/1663
f 2345/2089/1662 2327/4311/3155 2334/5586/3343
f 2334/5586/3343 2346/5583/3340 2345/2089/1662
f 2316/5587/3344 2328/5588/3345 2327/4311/3155
f 2328/5588/3345 2334/5586/3343 2327/4311/3155
f 2296/5589/3346 2306/5590/3347 2295/1598/1200
f 2306/5590/3347 2316/5587/3344 2327/4311/3155
f 2295/1598/1200 2306/5590/3347 2327/4311/3155
f 2274/5591/3348 2284/1803/1399 2273/1563/1165
f 2284/1803/1399 2296/5589/3346 2295/1598/1200
f 3243/2504/2060 3244/2506/2062 2273/1563/1165
f 3244/2506/2062 2274/5591/3348 2273/1563/1165
f 2368/1691/1289 2378/1698/1296 2377/1686/1285
f 2377/1686/1285 2357/1665/1264 2368/1691/1289
f 5020/1804/237 5038/3967/258 5037/1805/238
f 1682/5592/3234 1694/942/619 1693/905/589
f 1693/905/589 1677/906/590 1682/5592/3234
f 1677/906/590 1657/867/555 1666/1808/588
f 1682/5592/3234 1677/906/590 1678/5593/3235
f 1657/867/555 1635/5464/3226 1646/5594/3236
f 1635/5464/3226 1623/865/553 1624/5595/3237
f 1646/5594/3236 1635/5464/3226 1636/5596/3238
f 1624/5595/3237 1636/5596/3238 1635/5464/3226
f 1678/5593/3235 1677/906/590 1666/1808/588
f 1657/867/555 1646/5594/3236 1658/1807/587
f 4329/1809/1400 4328/584/290 4311/583/289
f 2501/1810/1401 2500/1833/1424 2484/1789/1387
f 4628/1811/1402 4640/2546/2100 4639/1812/1403
f 2489/1814/1405 2497/1828/1419 2496/1815/1406
f 2498/1817/1408 2497/1828/1419 2489/1814/1405
f 2499/1819/1410 2498/1817/1408 2490/1818/1409
f 2480/1786/1384 2488/1816/1407 2479/1784/1382
f 2488/1816/1407 2496/1815/1406 2495/1820/1411
f 1493/1821/1412 1515/753/444 1503/739/431
f 1515/753/444 1514/751/442 1503/739/431
f 4370/1822/1413 4369/3423/2909 4351/1823/1414
f 2495/1820/1411 2506/1827/1418 2505/1825/1416
f 2496/1815/1406 2507/1829/1420 2506/1827/1418
f 2497/1828/1419 2508/1839/1430 2507/1829/1420
f 2509/1830/1421 2508/1839/1430 2497/1828/1419
f 2510/1831/1422 2509/1830/1421 2498/1817/1408
f 2511/1832/1423 2510/1831/1422 2499/1819/1410
f 2512/1834/1425 2511/1832/1423 2500/1833/1424
f 3956/1835/1426 3965/2470/2028 3964/1587/1189
f 3964/1587/1189 3947/1589/1191 3956/1835/1426
f 2505/1825/1416 2517/1837/1428 2516/1836/1427
f 2506/1827/1418 2518/1838/1429 2517/1837/1428
f 2507/1829/1420 2519/1840/1431 2518/1838/1429
f 2508/1839/1430 2520/1853/1444 2519/1840/1431
f 2521/1841/1432 2520/1853/1444 2508/1839/1430
f 2522/1842/1433 2521/1841/1432 2509/1830/1421
f 2523/1843/1434 2522/1842/1433 2510/1831/1422
f 2524/1844/1435 2523/1843/1434 2511/1832/1423
f 2525/1845/1436 2524/1844/1435 2512/1834/1425
f 4635/1847/1438 4634/2099/1670 4622/1848/1439
f 2517/1837/1428 2529/1851/1442 2528/1850/1441
f 2518/1838/1429 2530/1852/1443 2529/1851/1442
f 2519/1840/1431 2531/1854/1445 2530/1852/1443
f 2520/1853/1444 2532/1864/1455 2531/1854/1445
f 2533/1855/1446 2532/1864/1455 2520/1853/1444
f 2534/1856/1447 2533/1855/1446 2521/1841/1432
f 2535/1857/1448 2534/1856/1447 2522/1842/1433
f 2536/1858/1449 2535/1857/1448 2523/1843/1434
f 2537/1859/1450 2536/1858/1449 2524/1844/1435
f 2541/1860/1451 2540/1565/1167 2528/1850/1441
f 2542/1861/1452 2541/1860/1451 2529/1851/1442
f 2543/1862/1453 2542/1861/1452 2530/1852/1443
f 2544/1863/1454 2543/1862/1453 2531/1854/1445
f 2545/1865/1456 2544/1863/1454 2532/1864/1455
f 2534/1856/1447 2546/1866/1457 2545/1865/1456
f 2535/1857/1448 2547/1867/1458 2546/1866/1457
f 2536/1858/1449 2548/1868/1459 2547/1867/1458
f 2537/1859/1450 2549/1873/1464 2548/1868/1459
f 2824/1871/1462 2834/2159/1726 2833/2158/1725
f 2833/2158/1725 2813/1869/1460 2824/1871/1462
f 2549/1873/1464 2571/2301/1862 2559/1872/1463
f 2571/2301/1862 2570/1886/1477 2559/1872/1463
f 2553/1874/1465 2552/1566/1168 2541/1860/1451
f 2554/1875/1466 2553/1874/1465 2542/1861/1452
f 2555/1876/1467 2554/1875/1466 2543/1862/1453
f 2556/1877/1468 2555/1876/1467 2544/1863/1454
f 2546/1866/1457 2557/1878/1469 2556/1877/1468
f 2547/1867/1458 2558/1879/1470 2557/1878/1469
f 2548/1868/1459 2559/1872/1463 2558/1879/1470
f 2293/1564/1166 2304/1581/1183 2303/1604/1205
f 2553/1874/1465 2564/1881/1472 2563/1880/1471
f 2554/1875/1466 2565/1882/1473 2564/1881/1472
f 2555/1876/1467 2566/1894/1484 2565/1882/1473
f 2567/1883/1474 2566/1894/1484 2555/1876/1467
f 2568/1884/1475 2567/1883/1474 2556/1877/1468
f 2569/1885/1476 2568/1884/1475 2557/1878/1469
f 2570/1886/1477 2569/1885/1476 2558/1879/1470
f 1313/1887/1478 1312/560/249 1294/503/220
f 4054/3186/2690 4055/3185/2689 4065/1891/1481
f 4055/3185/2689 4077/1889/1479 4065/1891/1481
f 2564/1881/1472 2575/1893/1483 2574/1892/1482
f 2565/1882/1473 2576/1895/1485 2575/1893/1483
f 2566/1894/1484 2577/1903/1493 2576/1895/1485
f 2578/1896/1486 2577/1903/1493 2566/1894/1484
f 2579/1897/1487 2578/1896/1486 2567/1883/1474
f 2580/1898/1488 2579/1897/1487 2568/1884/1475
f 2581/1899/1489 2580/1898/1488 2569/1885/1476
f 2563/1880/1471 2574/1892/1482 2562/1567/1169
f 2574/1892/1482 2585/1901/1491 2584/1900/1490
f 2575/1893/1483 2586/1902/1492 2585/1901/1491
f 2576/1895/1485 2587/1904/1494 2586/1902/1492
f 2577/1903/1493 2588/1913/1503 2587/1904/1494
f 2589/1905/1495 2588/1913/1503 2577/1903/1493
f 2590/1906/1496 2589/1905/1495 2578/1896/1486
f 2591/1907/1497 2590/1906/1496 2579/1897/1487
f 2592/1908/1498 2591/1907/1497 2580/1898/1488
f 2593/1910/1500 2615/1626/1225 2603/1909/1499
f 2615/1626/1225 2614/1625/1224 2603/1909/1499
f 2597/1911/1501 2596/1921/1508 2585/1901/1491
f 2598/1912/1502 2597/1911/1501 2586/1902/1492
f 2588/1913/1503 2599/1924/1511 2598/1912/1502
f 2600/1914/1504 2599/1924/1511 2588/1913/1503
f 2601/1915/1505 2600/1914/1504 2589/1905/1495
f 2591/1907/1497 2602/1916/1506 2601/1915/1505
f 2592/1908/1498 2603/1909/1499 2602/1916/1506
f 5269/1919/465 5291/3481/2967 5279/1917/463
f 5291/3481/2967 5290/3480/2966 5279/1917/463
f 2608/1920/1507 2607/1932/1519 2596/1921/1508
f 2609/1922/1509 2608/1920/1507 2597/1911/1501
f 2610/1923/1510 2609/1922/1509 2598/1912/1502
f 2611/1925/1512 2610/1923/1510 2599/1924/1511
f 2601/1915/1505 2612/1926/1513 2611/1925/1512
f 2602/1916/1506 2613/1927/1514 2612/1926/1513
f 2603/1909/1499 2614/1625/1224 2613/1927/1514
f 2758/1928/1515 2746/2088/1661 2747/1929/1516
f 2619/1931/1518 2618/1939/1526 2607/1932/1519
f 2620/1933/1520 2619/1931/1518 2608/1920/1507
f 2621/1934/1521 2620/1933/1520 2609/1922/1509
f 2622/1935/1522 2621/1934/1521 2610/1923/1510
f 2612/1926/1513 2623/1936/1523 2622/1935/1522
f 2613/1927/1514 2624/1937/1524 2623/1936/1523
f 2614/1625/1224 2625/1624/1223 2624/1937/1524
f 2607/1932/1519 2618/1939/1526 2606/1938/1525
f 2618/1939/1526 2629/1953/1540 2628/1940/1527
f 2630/1941/1528 2629/1953/1540 2618/1939/1526
f 2631/1942/1529 2630/1941/1528 2619/1931/1518
f 2632/1943/1530 2631/1942/1529 2620/1933/1520
f 2633/1944/1531 2632/1943/1530 2621/1934/1521
f 2623/1936/1523 2634/1945/1532 2633/1944/1531
f 2624/1937/1524 2635/1946/1533 2634/1945/1532
f 2625/1624/1223 2636/1950/1537 2635/1946/1533
f 4604/3601/3086 4614/1948/1535 4603/1947/1534
f 4614/1948/1535 4624/3632/3112 4623/1849/1440
f 2637/1951/1538 2659/2882/2405 2647/1949/1536
f 2659/2882/2405 2658/5597/3349 2647/1949/1536
f 2641/1952/1539 2640/1963/1550 2629/1953/1540
f 2642/1954/1541 2641/1952/1539 2630/1941/1528
f 2643/1955/1542 2642/1954/1541 2631/1942/1529
f 2644/1956/1543 2643/1955/1542 2632/1943/1530
f 2634/1945/1532 2645/1957/1544 2644/1956/1543
f 2635/1946/1533 2646/1958/1545 2645/1957/1544
f 2636/1950/1537 2647/1949/1536 2646/1958/1545
f 3121/1961/1548 3143/2420/1981 3131/1959/1546
f 3143/2420/1981 3142/5598/3350 3131/1959/1546
f 2652/1962/1549 2651/1978/1562 2640/1963/1550
f 2653/1964/1551 2652/1962/1549 2641/1952/1539
f 2654/1965/1552 2653/1964/1551 2642/1954/1541
f 2655/1966/1553 2654/1965/1552 2643/1955/1542
f 2645/1957/1544 2656/1967/1554 2655/1966/1553
f 2646/1958/1545 2657/1968/1555 2656/1967/1554
f 2647/1949/1536 2658/5597/3349 2657/1968/1555
f 1282/1969/1556 1281/3359/215 1271/1970/204
f 5404/4212/584 5412/1972/604 5403/909/582
f 5412/1972/604 5420/4233/612 5419/1973/610
f 2663/1974/1558 2662/1979/1563 2652/1962/1549
f 2664/1975/1559 2663/1974/1558 2653/1964/1551
f 2665/1976/1560 2664/1975/1559 2654/1965/1552
f 2656/1967/1554 2666/1977/1561 2665/1976/1560
f 2657/1968/1555 2667/1984/1568 2666/1977/1561
f 2652/1962/1549 2662/1979/1563 2651/1978/1562
f 2662/1979/1563 2672/1990/1571 2671/1614/1213
f 2671/1614/1213 2670/1613/1212 2650/1980/1564
f 2673/1981/1565 2672/1990/1571 2662/1979/1563
f 2674/1982/1566 2673/1981/1565 2663/1974/1558
f 2675/1983/1567 2674/1982/1566 2664/1975/1559
f 2666/1977/1561 2676/1985/1569 2675/1983/1567
f 2667/1984/1568 2677/2890/2413 2676/1985/1569
f 5706/5599/3275 5716/5600/3276 5705/547/257
f 5716/5600/3276 5728/5601/3277 5727/1988/913
f 5728/5601/3277 5738/1986/912 5727/1988/913
f 5738/1986/912 5750/5602/3278 5749/1987/903
f 5750/5602/3278 5758/5603/3279 5749/1987/903
f 5758/5603/3279 5770/5604/3280 5769/3136/902
f 5749/1987/903 5758/5603/3279 5769/3136/902
f 5770/5604/3280 5778/5605/3281 5769/3136/902
f 5778/5605/3281 5790/5606/3282 5789/2226/939
f 5769/3136/902 5778/5605/3281 5789/2226/939
f 5716/5600/3276 5727/1988/913 5705/547/257
f 2684/1620/1219 2683/1989/1570 2673/1981/1565
f 2683/1989/1570 2682/3628/3108 2672/1990/1571
f 2677/2890/2413 2678/2881/2404 2687/661/363
f 2678/2881/2404 2698/1991/1572 2687/661/363
f 2698/1991/1572 2678/2881/2404 2679/1992/1573
f 1324/5607/3351 1336/5608/3352 1335/581/287
f 1335/581/287 1313/1887/1478 1324/5607/3351
f 1313/1887/1478 1295/1888/251 1302/1995/1576
f 1324/5607/3351 1313/1887/1478 1314/5609/3353
f 1295/1888/251 1275/502/219 1284/5610/3354
f 1275/502/219 1897/1164/175 1264/5611/3355
f 1276/5612/3356 1275/502/219 1264/5611/3355
f 1897/1164/175 1898/5510/3269 1264/5611/3355
f 1314/5609/3353 1313/1887/1478 1302/1995/1576
f 1275/502/219 1276/5612/3356 1284/5610/3354
f 1295/1888/251 1284/5610/3354 1296/1994/1575
f 3334/2576/2128 3344/1996/1577 3333/1675/1274
f 3344/1996/1577 3354/2601/2153 3353/1673/1272
f 3207/1113/770 3206/1112/769 3197/475/197
f 4242/5434/3196 4250/1998/1579 4241/1725/1323
f 4250/1998/1579 4262/5613/3357 4261/743/434
f 4262/5613/3357 4270/5614/3358 4261/743/434
f 4270/5614/3358 4282/5615/3359 4281/741/432
f 4261/743/434 4270/5614/3358 4281/741/432
f 4282/5615/3359 4288/5616/3360 4281/741/432
f 4288/5616/3360 4308/3399/2894 4307/3390/2885
f 4281/741/432 4288/5616/3360 4307/3390/2885
f 5458/2000/676 5470/5617/3260 5469/1999/675
f 5470/5617/3260 5480/5618/3261 5469/1999/675
f 5480/5618/3261 5492/5619/3262 5491/4257/653
f 5492/5619/3262 5504/5504/3263 5503/1035/688
f 5491/4257/653 5492/5619/3262 5503/1035/688
f 5491/4257/653 5469/1999/675 5480/5618/3261
f 5438/5620/3246 5450/5621/3264 5437/4240/620
f 5450/5621/3264 5458/2000/676 5449/968/635
f 5449/968/635 5437/4240/620 5450/5621/3264
f 2693/2001/1580 2683/1989/1570 2684/1620/1219
f 2692/2003/1582 2682/3628/3108 2683/1989/1570
f 3644/5471/3232 3654/2006/1585 3643/2005/1584
f 3654/2006/1585 3666/5622/3361 3665/2004/1583
f 3666/5622/3361 3674/5623/3362 3665/2004/1583
f 3674/5623/3362 3686/5624/3363 3685/2864/2387
f 3665/2004/1583 3674/5623/3362 3685/2864/2387
f 3686/5624/3363 3694/5625/3364 3685/2864/2387
f 3694/5625/3364 3706/5626/3365 3705/1800/1396
f 3685/2864/2387 3694/5625/3364 3705/1800/1396
f 1881/1157/799 1880/1141/783 1869/1140/782
f 4546/3564/3049 4558/2207/1774 4545/5512/3271
f 4558/2207/1774 4580/1599/1201 4569/2009/1587
f 4580/1599/1201 4602/1601/1203 4591/5627/3366
f 4602/1601/1203 4601/5628/3367 4591/5627/3366
f 4557/5629/3368 4545/5512/3271 4558/2207/1774
f 4569/2009/1587 4557/5629/3368 4558/2207/1774
f 4580/1599/1201 4591/5627/3366 4579/2008/1586
f 2314/1100/757 2313/1102/759 2303/1604/1205
f 2703/2010/1588 2693/2001/1580 2694/2002/1581
f 2702/2012/1590 2692/2003/1582 2693/2001/1580
f 2697/659/361 2698/1991/1572 2707/2015/1593
f 2698/1991/1572 2718/2013/1591 2707/2015/1593
f 5587/2016/1594 5586/2493/2049 5566/1058/727
f 2998/2019/1596 3010/2311/1872 3009/5630/3369
f 3010/2311/1872 3022/2321/1882 3021/3381/2876
f 2998/2019/1596 3009/5630/3369 2997/5631/3370
f 3021/3381/2876 3009/5630/3369 3010/2311/1872
f 2941/5632/3371 2942/2253/1818 2954/2264/1829
f 2965/5633/3372 2953/5634/3373 2954/2264/1829
f 2953/5634/3373 2941/5632/3371 2954/2264/1829
f 2965/5633/3372 2954/2264/1829 2966/2018/1595
f 2987/2020/1597 2977/5635/3374 2966/2018/1595
f 2977/5635/3374 2965/5633/3372 2966/2018/1595
f 2998/2019/1596 2997/5631/3370 2987/2020/1597
f 1867/1136/788 1858/1118/775 1859/2021/1598
f 4266/2022/1599 4256/2590/2142 4257/2023/1600
f 4114/2026/1603 4125/3267/2769 4124/2152/1719
f 4124/2152/1719 4102/2024/1601 4114/2026/1603
f 4014/2029/1606 4025/2128/1695 4024/2127/1694
f 4024/2127/1694 4002/2027/1604 4014/2029/1606
f 2714/2030/1607 2713/2031/1608 2703/2010/1588
f 2713/2031/1608 2712/2040/1617 2702/2012/1590
f 3198/1997/1578 3197/475/197 3187/477/199
f 4232/2032/1609 4212/5636/3375 4213/2033/1610
f 3991/2035/1612 4011/5448/3210 4010/2036/1613
f 2724/2038/1615 2723/2039/1616 2713/2031/1608
f 2723/2039/1616 2722/3382/2877 2712/2040/1617
f 2705/2041/1618 2704/2011/1589 2694/2002/1581
f 1430/2042/341 1410/4029/1690 1411/2043/342
f 2739/2045/1619 2738/2050/1624 2718/2013/1591
f 2733/2047/1621 2723/2039/1616 2724/2038/1615
f 2732/2049/1623 2722/3382/2877 2723/2039/1616
f 2717/2014/1592 2718/2013/1591 2727/1561/1163
f 2718/2013/1591 2738/2050/1624 2727/1561/1163
f 3353/1673/1272 3373/2616/2168 3372/2051/1625
f 2730/2053/1627 2742/2057/1631 2741/2054/1628
f 2731/2056/1630 2743/1630/1229 2742/2057/1631
f 2732/2049/1623 2744/1316/936 2743/1630/1229
f 2733/2047/1621 2745/1317/937 2744/1316/936
f 2734/2048/1622 2746/2088/1661 2745/1317/937
f 2747/1929/1516 2746/2088/1661 2734/2048/1622
f 2748/2059/1633 2747/1929/1516 2735/2058/1632
f 2749/2061/1635 2748/2059/1633 2736/2060/1634
f 2750/1617/1216 2749/2061/1635 2737/1559/1161
f 2751/1615/1214 2750/1617/1216 2738/2050/1624
f 2752/2062/1636 2751/1615/1214 2739/2045/1619
f 2761/2064/1638 2749/2061/1635 2750/1617/1216
f 2760/2065/1639 2748/2059/1633 2749/2061/1635
f 2759/1930/1517 2747/1929/1516 2748/2059/1633
f 2888/2068/1642 2899/2219/1786 2898/2188/1755
f 2898/2188/1755 2876/2066/1640 2888/2068/1642
f 4202/2071/1645 4213/2033/1610 4212/5636/3375
f 4212/5636/3375 4190/2069/1643 4202/2071/1645
f 1838/2072/750 1828/1070/737 1829/1072/739
f 4340/2073/1646 4339/3131/2638 4331/2074/1647
f 2755/2076/1649 2754/2077/1650 2742/2057/1631
f 2766/2078/1651 2777/1551/1154 2776/3402/2897
f 2776/3402/2897 2754/2077/1650 2766/2078/1651
f 2772/2079/1652 2761/2064/1638 2762/1616/1215
f 2771/2081/1654 2760/2065/1639 2761/2064/1638
f 2770/1733/1331 2759/1930/1517 2760/2065/1639
f 3286/5637/3376 3298/5638/3377 3297/2525/2081
f 3297/2525/2081 3275/2084/1657 3286/5637/3376
f 3275/2084/1657 3255/2361/1922 3264/2082/1655
f 3255/2361/1922 3535/2360/1921 3536/2750/2277
f 3255/2361/1922 3536/2750/2277 3256/5639/3378
f 3276/2083/1656 3286/5637/3376 3275/2084/1657
f 3255/2361/1922 3256/5639/3378 3264/2082/1655
f 3057/2353/1914 3068/2086/1659 3056/2085/1658
f 3068/2086/1659 3079/2373/1934 3078/2087/1660
f 2758/1928/1515 2757/1315/935 2745/1317/937
f 2364/1656/1255 2344/4310/3154 2345/2089/1662
f 1670/917/594 1686/916/593 1685/930/599
f 2783/2091/1664 2772/2079/1652 2773/2080/1653
f 2782/2093/1666 2771/2081/1654 2772/2079/1652
f 2781/1734/1332 2770/1733/1331 2771/2081/1654
f 4326/5493/3254 4332/2075/1648 4331/2074/1647
f 4326/5493/3254 4331/2074/1647 4325/5640/3379
f 4324/965/642 4326/5493/3254 4325/5640/3379
f 4324/965/642 4325/5640/3379 4323/2094/1667
f 4314/3393/2888 4315/3395/2890 4322/966/643
f 4322/966/643 4324/965/642 4323/2094/1667
f 4321/2095/1668 4314/3393/2888 4322/966/643
f 5452/2098/647 5462/4261/3146 5461/991/657
f 5461/991/657 5441/2096/1669 5452/2098/647
f 2291/1586/1188 2290/1695/1293 2279/1696/1294
f 4601/5628/3367 4602/1601/1203 4613/5641/3380
f 4602/1601/1203 4622/1848/1439 4613/5641/3380
f 4622/1848/1439 4634/2099/1670 4621/2101/1672
f 4634/2099/1670 4656/3609/3094 4645/5642/3381
f 4633/2100/1671 4634/2099/1670 4645/5642/3381
f 4656/3609/3094 4655/3642/3122 4645/5642/3381
f 4621/2101/1672 4613/5641/3380 4622/1848/1439
f 4419/3473/2959 4430/2102/1673 4418/1570/1172
f 4430/2102/1673 4441/623/327 4440/2103/1674
f 2795/2104/1675 2783/2091/1664 2784/2092/1665
f 2794/2106/1677 2782/2093/1666 2783/2091/1664
f 2793/2107/1678 2781/1734/1332 2782/2093/1666
f 2483/1788/1386 2484/1789/1387 2491/1794/1390
f 2484/1789/1387 2500/1833/1424 2491/1794/1390
f 3462/2682/2231 3472/2109/1680 3461/2108/1679
f 3472/2109/1680 3481/1166/806 3480/1132/784
f 1813/1054/723 1814/1055/724 1823/1066/729
f 1814/1055/724 1834/2110/727 1823/1066/729
f 1793/1540/706 1815/1057/726 1803/1046/708
f 1815/1057/726 1814/1055/724 1803/1046/708
f 1338/571/277 1360/2113/300 1349/2112/1682
f 1360/2113/300 1382/633/335 1371/5643/3382
f 1359/2111/1681 1360/2113/300 1371/5643/3382
f 1382/633/335 1402/653/355 1393/5644/3383
f 1402/653/355 1401/5645/3203 1393/5644/3383
f 1325/5488/3249 1326/562/268 1337/5646/3384
f 1326/562/268 1338/571/277 1337/5646/3384
f 1382/633/335 1393/5644/3383 1381/5647/3385
f 1382/633/335 1381/5647/3385 1371/5643/3382
f 1349/2112/1682 1337/5646/3384 1338/571/277
f 4362/2114/1683 4344/3358/2857 4345/2115/1684
f 2807/2117/1686 2795/2104/1675 2796/2105/1676
f 2806/2119/1688 2794/2106/1677 2795/2104/1675
f 2805/2120/1689 2793/2107/1678 2794/2106/1677
f 5121/4027/323 5122/5648/3197 5131/2123/339
f 5122/5648/3197 5142/2121/1690 5131/2123/339
f 3020/5649/3386 3032/5650/3387 3019/2320/1881
f 3032/5650/3387 3031/2330/1891 3019/2320/1881
f 3019/2320/1881 3007/2125/1692 3020/5649/3386
f 3008/5651/3388 3020/5649/3386 3007/2125/1692
f 2996/2124/1691 3008/5651/3388 3007/2125/1692
f 2976/5652/3389 2986/5653/3390 2975/2126/1693
f 2986/5653/3390 2996/2124/1691 2975/2126/1693
f 2952/5654/3391 2964/5655/3392 2963/2272/1837
f 2964/5655/3392 2976/5652/3389 2963/2272/1837
f 2963/2272/1837 2976/5652/3389 2975/2126/1693
f 2963/2272/1837 2951/2234/1799 2952/5654/3391
f 4036/2129/1696 4047/3203/2707 4046/3209/2713
f 4046/3209/2713 4024/2127/1694 4036/2129/1696
f 2832/2131/1698 2854/3479/2965 2843/5656/3393
f 2854/3479/2965 2853/5657/3394 2843/5656/3393
f 2843/5656/3393 2831/5658/3395 2832/2131/1698
f 2831/5658/3395 2823/2132/1699 2832/2131/1698
f 2823/2132/1699 2811/5659/3396 2812/2130/1697
f 2811/5659/3396 2799/5660/3397 2812/2130/1697
f 2799/5660/3397 2787/5661/3398 2800/4337/3163
f 2812/2130/1697 2799/5660/3397 2800/4337/3163
f 2787/5661/3398 2788/5662/3399 2800/4337/3163
f 2809/2133/1700 2821/2140/1707 2820/2134/1701
f 2819/2135/1702 2807/2117/1686 2808/2118/1687
f 2818/2136/1703 2806/2119/1688 2807/2117/1686
f 2817/2137/1704 2805/2120/1689 2806/2119/1688
f 1891/465/191 1260/484/206 1890/454/180
f 1260/484/206 1269/483/205 1268/452/178
f 1691/938/615 1690/937/614 1674/902/586
f 3439/2675/2224 3450/2139/1706 3438/2138/1705
f 3450/2139/1706 3461/2108/1679 3460/1134/786
f 2821/2140/1707 2841/5663/3400 2840/2141/1708
f 2820/2134/1701 2840/2141/1708 2829/2142/1709
f 2840/2141/1708 2839/2163/1730 2829/2142/1709
f 2825/2143/1710 2824/1871/1462 2814/1870/1461
f 2826/2144/1711 2825/2143/1710 2815/642/344
f 2827/2146/1713 2826/2144/1711 2816/2145/1712
f 2818/2136/1703 2828/2147/1714 2827/2146/1713
f 2819/2135/1702 2829/2142/1709 2828/2147/1714
f 1268/452/178 1278/498/212 1267/473/195
f 1278/498/212 1288/525/237 1287/527/239
f 5585/1576/1178 5584/1098/752 5574/1077/743
f 2835/2148/1715 2834/2159/1726 2824/1871/1462
f 2836/2149/1716 2835/2148/1715 2825/2143/1710
f 2837/2150/1717 2836/2149/1716 2826/2144/1711
f 2828/2147/1714 2838/2151/1718 2837/2150/1717
f 2829/2142/1709 2839/2163/1730 2838/2151/1718
f 4124/2152/1719 4146/4338/3164 4135/5664/3401
f 4146/4338/3164 4145/5665/3402 4135/5664/3401
f 4135/5664/3401 4123/5666/3403 4124/2152/1719
f 4123/5666/3403 4113/2153/1720 4124/2152/1719
f 4113/2153/1720 4101/5667/3404 4102/2024/1601
f 2840/2141/1708 2841/5663/3400 2851/2156/1723
f 2841/5663/3400 2863/2154/1721 2851/2156/1723
f 2845/2157/1724 2844/2169/1736 2833/2158/1725
f 2846/2160/1727 2845/2157/1724 2834/2159/1726
f 2847/2161/1728 2846/2160/1727 2835/2148/1715
f 2848/2162/1729 2847/2161/1728 2836/2149/1716
f 2838/2151/1718 2849/2164/1731 2848/2162/1729
f 2839/2163/1730 2850/2165/1732 2849/2164/1731
f 2840/2141/1708 2851/2156/1723 2850/2165/1732
f 2706/2166/1733 2716/2775/2298 2715/2167/1734
f 2856/2168/1735 2855/2179/1746 2844/2169/1736
f 2857/2170/1737 2856/2168/1735 2845/2157/1724
f 2858/2171/1738 2857/2170/1737 2846/2160/1727
f 2859/2172/1739 2858/2171/1738 2847/2161/1728
f 2849/2164/1731 2860/2173/1740 2859/2172/1739
f 2850/2165/1732 2861/2174/1741 2860/2173/1740
f 2851/2156/1723 2862/2155/1722 2861/2174/1741
f 2862/2155/1722 2863/2154/1721 2873/2177/1744
f 2863/2154/1721 2885/2175/1742 2873/2177/1744
f 2867/2178/1745 2866/2192/1759 2855/2179/1746
f 2868/2180/1747 2867/2178/1745 2856/2168/1735
f 2869/2181/1748 2868/2180/1747 2857/2170/1737
f 2870/2182/1749 2869/2181/1748 2858/2171/1738
f 2860/2173/1740 2871/2183/1750 2870/2182/1749
f 2861/2174/1741 2872/2184/1751 2871/2183/1750
f 2862/2155/1722 2873/2177/1744 2872/2184/1751
f 3042/2342/1903 3043/2333/1894 3053/2187/1754
f 3043/2333/1894 3065/2185/1752 3053/2187/1754
f 2920/2189/1756 2942/2253/1818 2931/5668/3405
f 2942/2253/1818 2941/5632/3371 2931/5668/3405
f 2931/5668/3405 2919/5669/3406 2920/2189/1756
f 2919/5669/3406 2909/2190/1757 2920/2189/1756
f 2909/2190/1757 2897/5670/3407 2898/2188/1755
f 2897/5670/3407 2887/5671/3408 2898/2188/1755
f 2887/5671/3408 2875/5672/3409 2876/2066/1640
f 2898/2188/1755 2887/5671/3408 2876/2066/1640
f 2875/5672/3409 2865/5673/3410 2876/2066/1640
f 2865/5673/3410 2853/5657/3394 2854/3479/2965
f 2876/2066/1640 2865/5673/3410 2854/3479/2965
f 2878/2191/1758 2877/2067/1641 2866/2192/1759
f 2879/2193/1760 2878/2191/1758 2867/2178/1745
f 2880/2194/1761 2879/2193/1760 2868/2180/1747
f 2881/2195/1762 2880/2194/1761 2869/2181/1748
f 2871/2183/1750 2882/2196/1763 2881/2195/1762
f 2872/2184/1751 2883/2197/1764 2882/2196/1763
f 2873/2177/1744 2884/2176/1743 2883/2197/1764
f 2884/2176/1743 2885/2175/1742 2895/2200/1767
f 2885/2175/1742 2907/2198/1765 2895/2200/1767
f 2889/2201/1768 2888/2068/1642 2877/2067/1641
f 2890/2202/1769 2889/2201/1768 2878/2191/1758
f 2891/2203/1770 2890/2202/1769 2879/2193/1760
f 2892/2204/1771 2891/2203/1770 2880/2194/1761
f 2882/2196/1763 2893/2205/1772 2892/2204/1771
f 2883/2197/1764 2894/2206/1773 2893/2205/1772
f 2884/2176/1743 2895/2200/1767 2894/2206/1773
f 4559/3563/3048 4570/2208/1775 4558/2207/1774
f 4570/2208/1775 4581/3593/3078 4580/1599/1201
f 2900/2209/1776 2899/2219/1786 2888/2068/1642
f 2901/2210/1777 2900/2209/1776 2889/2201/1768
f 2902/2211/1778 2901/2210/1777 2890/2202/1769
f 2903/2212/1779 2902/2211/1778 2891/2203/1770
f 2893/2205/1772 2904/2213/1780 2903/2212/1779
f 2894/2206/1773 2905/2214/1781 2904/2213/1780
f 2895/2200/1767 2906/2199/1766 2905/2214/1781
f 2906/2199/1766 2907/2198/1765 2917/2217/1784
f 2907/2198/1765 2929/2215/1782 2917/2217/1784
f 2911/2218/1785 2910/2228/1793 2899/2219/1786
f 2912/2220/1787 2911/2218/1785 2900/2209/1776
f 2913/2221/1788 2912/2220/1787 2901/2210/1777
f 2914/2222/1789 2913/2221/1788 2902/2211/1778
f 2904/2213/1780 2915/2223/1790 2914/2222/1789
f 2905/2214/1781 2916/2224/1791 2915/2223/1790
f 2906/2199/1766 2917/2217/1784 2916/2224/1791
f 5789/2226/939 5811/4465/962 5799/2225/938
f 5811/4465/962 5810/4464/961 5799/2225/938
f 2922/2227/1792 2921/2238/1803 2910/2228/1793
f 2923/2229/1794 2922/2227/1792 2911/2218/1785
f 2924/2230/1795 2923/2229/1794 2912/2220/1787
f 2925/2231/1796 2924/2230/1795 2913/2221/1788
f 2915/2223/1790 2926/2232/1797 2925/2231/1796
f 2916/2224/1791 2927/2233/1798 2926/2232/1797
f 2917/2217/1784 2928/2216/1783 2927/2233/1798
f 2928/2216/1783 2929/2215/1782 2939/2236/1801
f 2929/2215/1782 2951/2234/1799 2939/2236/1801
f 2933/2237/1802 2932/2246/1811 2921/2238/1803
f 2934/2239/1804 2933/2237/1802 2922/2227/1792
f 2935/2240/1805 2934/2239/1804 2923/2229/1794
f 2936/2241/1806 2935/2240/1805 2924/2230/1795
f 2926/2232/1797 2937/2242/1807 2936/2241/1806
f 2927/2233/1798 2938/2243/1808 2937/2242/1807
f 2928/2216/1783 2939/2236/1801 2938/2243/1808
f 2301/2244/1809 2300/1593/1195 2289/1574/1176
f 2944/2245/1810 2943/2254/1819 2932/2246/1811
f 2945/2247/1812 2944/2245/1810 2933/2237/1802
f 2946/2248/1813 2945/2247/1812 2934/2239/1804
f 2947/2249/1814 2946/2248/1813 2935/2240/1805
f 2937/2242/1807 2948/2250/1815 2947/2249/1814
f 2938/2243/1808 2949/2251/1816 2948/2250/1815
f 2939/2236/1801 2950/2235/1800 2949/2251/1816
f 3241/1529/1137 2271/509/225 2270/511/227
f 2955/2252/1817 2954/2264/1829 2942/2253/1818
f 2956/2255/1820 2955/2252/1817 2943/2254/1819
f 2957/2256/1821 2956/2255/1820 2944/2245/1810
f 2958/2257/1822 2957/2256/1821 2945/2247/1812
f 2959/2258/1823 2958/2257/1822 2946/2248/1813
f 2948/2250/1815 2960/2259/1824 2959/2258/1823
f 2949/2251/1816 2961/2260/1825 2960/2259/1824
f 2950/2235/1800 2962/2261/1826 2961/2260/1825
f 2951/2234/1799 2963/2272/1837 2962/2261/1826
f 2992/2262/1827 2991/2290/1855 2981/2263/1828
f 2955/2252/1817 2967/2265/1830 2966/2018/1595
f 2956/2255/1820 2968/2266/1831 2967/2265/1830
f 2957/2256/1821 2969/2267/1832 2968/2266/1831
f 2958/2257/1822 2970/2278/1843 2969/2267/1832
f 2971/2268/1833 2970/2278/1843 2958/2257/1822
f 2972/2269/1834 2971/2268/1833 2959/2258/1823
f 2973/2270/1835 2972/2269/1834 2960/2259/1824
f 2974/2271/1836 2973/2270/1835 2961/2260/1825
f 2975/2126/1693 2974/2271/1836 2962/2261/1826
f 4290/2273/1838 4300/3392/2887 4299/2274/1839
f 2336/1666/1265 2356/1687/1286 2347/5674/3411
f 2356/1687/1286 2355/5675/3412 2347/5674/3411
f 2347/5674/3411 2335/5676/3413 2336/1666/1265
f 2335/5676/3413 2329/5677/3414 2336/1666/1265
f 2329/5677/3414 2317/5678/3415 2318/1646/1245
f 2317/5678/3415 2307/5679/3416 2318/1646/1245
f 2307/5679/3416 2297/2276/1841 2318/1646/1245
f 2297/2276/1841 2285/5680/3417 2286/2275/1840
f 2285/5680/3417 2275/5681/3418 2286/2275/1840
f 2275/5681/3418 2263/5682/3419 2264/1534/1141
f 2263/5682/3419 3233/2499/2055 2264/1534/1141
f 3233/2499/2055 3234/1542/1147 2264/1534/1141
f 2264/1534/1141 2286/2275/1840 2275/5681/3418
f 2329/5677/3414 2318/1646/1245 2336/1666/1265
f 2968/2266/1831 2979/684/386 2978/2277/1842
f 2969/2267/1832 2980/2279/1844 2979/684/386
f 2970/2278/1843 2981/2263/1828 2980/2279/1844
f 2982/663/365 2981/2263/1828 2970/2278/1843
f 2983/664/366 2982/663/365 2971/2268/1833
f 2984/2280/1845 2983/664/366 2972/2269/1834
f 2985/2281/1846 2984/2280/1845 2973/2270/1835
f 2978/2277/1842 2988/683/385 2998/2019/1596
f 2988/683/385 2999/2304/1865 2998/2019/1596
f 2998/2019/1596 2966/2018/1595 2978/2277/1842
f 4346/2282/1847 4345/2115/1684 4328/584/290
f 2995/2283/1848 2994/2284/1849 2984/2280/1845
f 2994/2284/1849 2993/662/364 2983/664/366
f 2785/2285/1850 2797/5683/3420 2796/2105/1676
f 2797/5683/3420 2809/2133/1700 2808/2118/1687
f 2796/2105/1676 2797/5683/3420 2808/2118/1687
f 4364/2286/1851 4346/2282/1847 4347/2287/1852
f 2990/2289/1854 2980/2279/1844 2981/2263/1828
f 1855/2291/1594 1854/2965/2049 1834/2110/727
f 5070/593/277 5092/595/300 5081/2293/1682
f 5092/595/300 5114/621/325 5103/5684/3382
f 5091/2292/1681 5092/595/300 5103/5684/3382
f 5114/621/325 5134/4045/355 5125/5685/3383
f 5134/4045/355 5133/5441/3203 5125/5685/3383
f 5057/5686/3249 5058/3988/268 5069/5687/3384
f 5058/3988/268 5070/593/277 5069/5687/3384
f 5114/621/325 5125/5685/3383 5113/5688/3385
f 5114/621/325 5113/5688/3385 5103/5684/3382
f 5081/2293/1682 5069/5687/3384 5070/593/277
f 5568/5689/3421 5576/5690/3422 5567/2017/725
f 5576/5690/3422 5588/5691/3423 5587/2016/1594
f 5567/2017/725 5576/5690/3422 5587/2016/1594
f 5588/5691/3423 5596/5692/3424 5587/2016/1594
f 5596/5692/3424 5606/5693/3425 5587/2016/1594
f 5606/5693/3425 5618/4347/3169 5617/4346/803
f 5606/5693/3425 5617/4346/803 5587/2016/1594
f 5548/5507/3267 5556/2295/1856 5547/2294/726
f 5556/2295/1856 5568/5689/3421 5567/2017/725
f 2020/1276/907 2030/1300/926 2029/1309/921
f 2029/1309/921 2009/1263/894 2020/1276/907
f 3207/1113/770 3198/1997/1578 3199/2296/1857
f 4650/1108/765 4649/1107/764 4638/2297/1858
f 3218/2298/1859 3201/2465/2025 3202/2299/1860
f 2571/2301/1862 2593/1910/1500 2581/1899/1489
f 2593/1910/1500 2592/1908/1498 2581/1899/1489
f 4260/742/433 4280/1672/1271 4269/2302/1863
f 4280/1672/1271 4279/460/186 4269/2302/1863
f 2989/685/387 3000/2305/1866 2999/2304/1865
f 2990/2289/1854 3001/2306/1867 3000/2305/1866
f 2991/2290/1855 3002/2314/1875 3001/2306/1867
f 3003/2307/1868 3002/2314/1875 2991/2290/1855
f 3004/2308/1869 3003/2307/1868 2992/2262/1827
f 3005/2309/1870 3004/2308/1869 2993/662/364
f 3006/2310/1871 3005/2309/1870 2994/2284/1849
f 2999/2304/1865 3011/2312/1873 3010/2311/1872
f 3000/2305/1866 3012/2313/1874 3011/2312/1873
f 3001/2306/1867 3013/2315/1876 3012/2313/1874
f 3002/2314/1875 3014/2324/1885 3013/2315/1876
f 3015/2316/1877 3014/2324/1885 3002/2314/1875
f 3016/2317/1878 3015/2316/1877 3003/2307/1868
f 3017/2318/1879 3016/2317/1878 3004/2308/1869
f 3018/2319/1880 3017/2318/1879 3005/2309/1870
f 3019/2320/1881 3018/2319/1880 3006/2310/1871
f 3011/2312/1873 3023/2322/1883 3022/2321/1882
f 3012/2313/1874 3024/2323/1884 3023/2322/1883
f 3013/2315/1876 3025/2325/1886 3024/2323/1884
f 3014/2324/1885 3026/2338/1899 3025/2325/1886
f 3027/2326/1887 3026/2338/1899 3014/2324/1885
f 3028/2327/1888 3027/2326/1887 3015/2316/1877
f 3029/2328/1889 3028/2327/1888 3016/2317/1878
f 3030/2329/1890 3029/2328/1889 3017/2318/1879
f 3031/2330/1891 3030/2329/1890 3018/2319/1880
f 3054/2332/1893 3066/5694/3426 3065/2185/1752
f 3065/2185/1752 3043/2333/1894 3054/2332/1893
f 3043/2333/1894 3031/2330/1891 3032/5650/3387
f 3044/2331/1892 3043/2333/1894 3032/5650/3387
f 3035/2334/1895 3034/2351/1912 3022/2321/1882
f 3036/2335/1896 3035/2334/1895 3023/2322/1883
f 3037/2336/1897 3036/2335/1896 3024/2323/1884
f 3038/2337/1898 3037/2336/1897 3025/2325/1886
f 3039/2339/1900 3038/2337/1898 3026/2338/1899
f 3028/2327/1888 3040/2340/1901 3039/2339/1900
f 3029/2328/1889 3041/2341/1902 3040/2340/1901
f 3030/2329/1890 3042/2342/1903 3041/2341/1902
f 3031/2330/1891 3043/2333/1894 3042/2342/1903
f 3801/2343/1904 3540/2762/2287 3539/1183/823
f 1842/1092/743 1841/1094/744 1831/1073/740
f 3047/2345/1906 3046/2352/1913 3035/2334/1895
f 3048/2346/1907 3047/2345/1906 3036/2335/1896
f 3049/2347/1908 3048/2346/1907 3037/2336/1897
f 3050/2348/1909 3049/2347/1908 3038/2337/1898
f 3040/2340/1901 3051/2349/1910 3050/2348/1909
f 3041/2341/1902 3052/2350/1911 3051/2349/1910
f 3042/2342/1903 3053/2187/1754 3052/2350/1911
f 3035/2334/1895 3046/2352/1913 3034/2351/1912
f 3046/2352/1913 3057/2353/1914 3056/2085/1658
f 3047/2345/1906 3058/2354/1915 3057/2353/1914
f 3048/2346/1907 3059/2355/1916 3058/2354/1915
f 3049/2347/1908 3060/2366/1927 3059/2355/1916
f 3061/2356/1917 3060/2366/1927 3049/2347/1908
f 3062/2357/1918 3061/2356/1917 3050/2348/1909
f 3063/2358/1919 3062/2357/1918 3051/2349/1910
f 3064/2186/1753 3063/2358/1919 3052/2350/1911
f 3254/2359/1920 3534/2749/2276 3535/2360/1921
f 3064/2186/1753 3065/2185/1752 3075/2364/1925
f 3065/2185/1752 3087/2362/1923 3075/2364/1925
f 3058/2354/1915 3069/2365/1926 3068/2086/1659
f 3059/2355/1916 3070/2367/1928 3069/2365/1926
f 3060/2366/1927 3071/2375/1936 3070/2367/1928
f 3072/2368/1929 3071/2375/1936 3060/2366/1927
f 3073/2369/1930 3072/2368/1929 3061/2356/1917
f 3074/2370/1931 3073/2369/1930 3062/2357/1918
f 3075/2364/1925 3074/2370/1931 3063/2358/1919
f 2302/1585/1187 2301/2244/1809 2290/1695/1293
f 3110/5695/3427 3122/5696/3428 3121/1961/1548
f 3121/1961/1548 3099/1573/1175 3110/5695/3427
f 3099/1573/1175 3087/2362/1923 3100/2372/1933
f 3110/5695/3427 3099/1573/1175 3100/2372/1933
f 3087/2362/1923 3065/2185/1752 3076/5697/3429
f 3065/2185/1752 3066/5694/3426 3076/5697/3429
f 3087/2362/1923 3076/5697/3429 3088/2371/1932
f 3069/2365/1926 3080/2374/1935 3079/2373/1934
f 3070/2367/1928 3081/2376/1937 3080/2374/1935
f 3071/2375/1936 3082/2384/1945 3081/2376/1937
f 3083/2377/1938 3082/2384/1945 3071/2375/1936
f 3084/2378/1939 3083/2377/1938 3072/2368/1929
f 3085/2379/1940 3084/2378/1939 3073/2369/1930
f 3086/2363/1924 3085/2379/1940 3074/2370/1931
f 3091/2380/1941 3090/2394/1955 3078/2087/1660
f 3092/2381/1942 3091/2380/1941 3079/2373/1934
f 3093/2382/1943 3092/2381/1942 3080/2374/1935
f 3094/2383/1944 3093/2382/1943 3081/2376/1937
f 3095/2385/1946 3094/2383/1944 3082/2384/1945
f 3084/2378/1939 3096/2386/1947 3095/2385/1946
f 3085/2379/1940 3097/2387/1948 3096/2386/1947
f 3086/2363/1924 3098/1572/1174 3097/2387/1948
f 3087/2362/1923 3099/1573/1175 3098/1572/1174
f 2932/2246/1811 2943/2254/1819 2942/2253/1818
f 2942/2253/1818 2920/2189/1756 2932/2246/1811
f 3103/2388/1949 3102/2395/1956 3091/2380/1941
f 3104/2389/1950 3103/2388/1949 3092/2381/1942
f 3105/2390/1951 3104/2389/1950 3093/2382/1943
f 3106/2391/1952 3105/2390/1951 3094/2383/1944
f 3096/2386/1947 3107/2392/1953 3106/2391/1952
f 3097/2387/1948 3108/2393/1954 3107/2392/1953
f 3098/1572/1174 3109/1571/1173 3108/2393/1954
f 3091/2380/1941 3102/2395/1956 3090/2394/1955
f 3102/2395/1956 3113/2405/1966 3112/2396/1957
f 3114/2397/1958 3113/2405/1966 3102/2395/1956
f 3115/2398/1959 3114/2397/1958 3103/2388/1949
f 3116/2399/1960 3115/2398/1959 3104/2389/1950
f 3117/2400/1961 3116/2399/1960 3105/2390/1951
f 3107/2392/1953 3118/2401/1962 3117/2400/1961
f 3108/2393/1954 3119/2402/1963 3118/2401/1962
f 3109/1571/1173 3120/1960/1547 3119/2402/1963
f 1884/1160/802 1883/1159/801 1872/1119/776
f 3125/2404/1965 3124/2411/1972 3113/2405/1966
f 3126/2406/1967 3125/2404/1965 3114/2397/1958
f 3127/2407/1968 3126/2406/1967 3115/2398/1959
f 3128/2408/1969 3127/2407/1968 3116/2399/1960
f 3118/2401/1962 3129/2409/1970 3128/2408/1969
f 3119/2402/1963 3130/2410/1971 3129/2409/1970
f 3120/1960/1547 3131/1959/1546 3130/2410/1971
f 3113/2405/1966 3124/2411/1972 3112/2396/1957
f 3124/2411/1972 3135/2427/1988 3134/2412/1973
f 3136/2413/1974 3135/2427/1988 3124/2411/1972
f 3137/2414/1975 3136/2413/1974 3125/2404/1965
f 3138/2415/1976 3137/2414/1975 3126/2406/1967
f 3139/2416/1977 3138/2415/1976 3127/2407/1968
f 3129/2409/1970 3140/2417/1978 3139/2416/1977
f 3130/2410/1971 3141/2418/1979 3140/2417/1978
f 3131/1959/1546 3142/5598/3350 3141/2418/1979
f 3162/2419/1980 3142/5598/3350 3143/2420/1981
f 4338/2422/1983 4347/2287/1852 4346/2282/1847
f 4346/2282/1847 4329/1809/1400 4338/2422/1983
f 3147/2423/1984 3146/2428/1989 3136/2413/1974
f 3148/2424/1985 3147/2423/1984 3137/2414/1975
f 3149/2425/1986 3148/2424/1985 3138/2415/1976
f 3140/2417/1978 3150/2426/1987 3149/2425/1986
f 3141/2418/1979 3151/2436/1997 3150/2426/1987
f 3136/2413/1974 3146/2428/1989 3135/2427/1988
f 3146/2428/1989 3156/2440/2001 3155/2429/1990
f 3251/2430/1991 3250/2513/2069 3530/2431/1992
f 3157/2433/1994 3156/2440/2001 3146/2428/1989
f 3158/2434/1995 3157/2433/1994 3147/2423/1984
f 3159/2435/1996 3158/2434/1995 3148/2424/1985
f 3150/2426/1987 3160/2437/1998 3159/2435/1996
f 3151/2436/1997 3161/2443/2004 3160/2437/1998
f 3183/2438/1999 3182/2491/2047 3162/2419/1980
f 3167/2439/2000 3166/2445/2006 3156/2440/2001
f 3168/2441/2002 3167/2439/2000 3157/2433/1994
f 3169/2442/2003 3168/2441/2002 3158/2434/1995
f 3160/2437/1998 3170/2444/2005 3169/2442/2003
f 3161/2443/2004 3171/2449/2010 3170/2444/2005
f 3156/2440/2001 3166/2445/2006 3155/2429/1990
f 3166/2445/2006 3176/2492/2048 3175/2446/2007
f 1940/5698/3430 1952/5699/3431 1951/1216/851
f 1952/5699/3431 1962/5700/3432 1951/1216/851
f 1962/5700/3432 1974/5516/3275 1973/3410/257
f 1962/5700/3432 1973/3410/257 1951/1216/851
f 1930/5701/3433 1940/5698/3430 1929/480/202
f 1929/480/202 1940/5698/3430 1951/1216/851
f 1910/5702/3434 1918/2447/2008 1909/479/201
f 1918/2447/2008 1930/5701/3433 1929/480/202
f 2165/1427/1035 2166/1428/1036 1910/5702/3434
f 1909/479/201 2165/1427/1035 1910/5702/3434
f 3180/2448/2009 3170/2444/2005 3171/2449/2010
f 3179/2451/2012 3169/2442/2003 3170/2444/2005
f 2707/2015/1593 2706/2166/1733 2696/2452/2013
f 2430/2454/2015 2440/5703/3435 2429/2455/2016
f 2440/5703/3435 2452/5577/3334 2451/1764/1362
f 2429/2455/2016 2440/5703/3435 2451/1764/1362
f 2429/2455/2016 2407/1714/1312 2418/2453/2014
f 2407/1714/1312 2408/5704/3436 2418/2453/2014
f 4285/2456/2017 4276/3135/2642 4277/2457/2018
f 3190/2459/2020 3180/2448/2009 3181/2450/2011
f 3189/2461/2022 3179/2451/2012 3180/2448/2009
f 1299/1688/235 1290/512/224 1291/2462/236
f 1299/1688/235 1298/1689/1287 1289/514/228
f 3175/2446/2007 3176/2492/2048 3186/476/198
f 3186/476/198 3196/2485/2041 3195/2463/2023
f 3200/2464/2024 3190/2459/2020 3191/2460/2021
f 3199/2296/1857 3189/2461/2022 3190/2459/2020
f 1283/2466/210 1282/1969/1556 1272/1971/1557
f 3978/2468/2026 3977/544/254 3967/543/253
f 3965/2470/2028 3975/3145/2650 3974/2471/2029
f 3330/2473/2031 3342/5705/3437 3341/2563/2117
f 3341/2563/2117 3319/2474/2032 3330/2473/2031
f 3319/2474/2032 3297/2525/2081 3308/5706/3438
f 3320/2472/2030 3319/2474/2032 3308/5706/3438
f 3297/2525/2081 3298/5638/3377 3308/5706/3438
f 3208/1595/1197 3199/2296/1857 3200/2464/2024
f 4647/2476/2034 4646/3608/3093 4635/1847/1438
f 3967/543/253 3958/727/420 3959/729/422
f 3762/5707/3439 3772/5708/3440 3761/2872/2395
f 3772/5708/3440 3784/2477/2035 3783/2479/2037
f 3784/2477/2035 3796/2974/2496 3795/2478/2036
f 3783/2479/2037 3761/2872/2395 3772/5708/3440
f 3296/2526/2082 3297/2525/2081 3307/2481/2039
f 3297/2525/2081 3319/2474/2032 3307/2481/2039
f 1669/499/216 1668/501/218 1648/2482/580
f 3213/2484/2040 3212/2613/2165 3195/2463/2023
f 2816/2145/1712 2815/642/344 2803/644/346
f 3216/1596/1198 3208/1595/1197 3209/2475/2033
f 1729/982/657 1728/994/665 1708/993/667
f 3230/2488/2044 3229/2489/2045 3218/2298/1859
f 3229/2489/2045 3228/2490/2046 3217/2487/2043
f 3228/2490/2046 3227/1611/1210 3216/1596/1198
f 3183/2438/1999 3203/5709/3441 3202/2299/1860
f 3187/477/199 3186/476/198 3176/2492/2048
f 5565/1059/728 5566/1058/727 5575/1085/742
f 5566/1058/727 5586/2493/2049 5575/1085/742
f 3943/2495/2051 3949/3132/2639 3948/1766/1364
f 3948/1766/1364 4671/1768/1366 3941/2494/2050
f 4671/1768/1366 4672/5710/3442 3941/2494/2050
f 2769/1723/1321 2768/1627/1226 2757/1315/935
f 3220/5711/3443 3232/2507/2063 3231/2505/2061
f 3231/2505/2061 3203/5709/3441 3220/5711/3443
f 3203/5709/3441 3183/2438/1999 3192/5712/3444
f 3204/5713/3445 3203/5709/3441 3192/5712/3444
f 3183/2438/1999 3163/2421/1982 3172/2496/2052
f 3163/2421/1982 3143/2420/1981 3152/5714/3446
f 3143/2420/1981 3121/1961/1548 3132/5715/3447
f 3121/1961/1548 3122/5696/3428 3132/5715/3447
f 3210/5716/3448 3220/5711/3443 3203/5709/3441
f 3204/5713/3445 3210/5716/3448 3203/5709/3441
f 3143/2420/1981 3132/5715/3447 3144/5717/3449
f 3143/2420/1981 3144/5717/3449 3152/5714/3446
f 3163/2421/1982 3152/5714/3446 3164/5718/3450
f 3163/2421/1982 3164/5718/3450 3172/2496/2052
f 3184/2497/2053 3192/5712/3444 3183/2438/1999
f 3222/2498/2054 3234/1542/1147 3233/2499/2055
f 3223/2501/2057 3235/1543/1148 3234/1542/1147
f 3224/2502/2058 3236/1538/1145 3235/1543/1148
f 3225/2503/2059 3237/1539/1146 3236/1538/1145
f 3226/1610/1209 3238/4343/3167 3237/1539/1146
f 3239/1533/1140 3238/4343/3167 3226/1610/1209
f 3240/1532/1139 3239/1533/1140 3227/1611/1210
f 3241/1529/1137 3240/1532/1139 3228/2490/2046
f 3242/1528/1136 3241/1529/1137 3229/2489/2045
f 3243/2504/2060 3242/1528/1136 3230/2488/2044
f 3244/2506/2062 3243/2504/2060 3231/2505/2061
f 2376/1704/1302 2398/848/536 2387/5719/3451
f 2398/848/536 2397/5463/3225 2387/5719/3451
f 2387/5719/3451 2375/5720/3452 2376/1704/1302
f 2375/5720/3452 2367/2508/2064 2376/1704/1302
f 2367/2508/2064 2355/5675/3412 2356/1687/1286
f 1291/2462/236 1281/3359/215 1282/1969/1556
f 3254/2359/1920 3274/2535/2091 3263/2509/2065
f 3274/2535/2091 3273/2524/2080 3263/2509/2065
f 3249/2511/2067 3259/2514/2070 3258/914/597
f 3250/2513/2069 3260/2520/2076 3259/2514/2070
f 3261/2515/2071 3260/2520/2076 3250/2513/2069
f 3262/2516/2072 3261/2515/2071 3251/2430/1991
f 3263/2509/2065 3262/2516/2072 3252/2517/2073
f 2975/2126/1693 3007/2125/1692 2985/2281/1846
f 3007/2125/1692 3006/2310/1871 2995/2283/1848
f 2985/2281/1846 3007/2125/1692 2995/2283/1848
f 3247/913/596 3267/915/598 3266/2518/2074
f 3259/2514/2070 3269/2521/2077 3268/2519/2075
f 3260/2520/2076 3270/2530/2086 3269/2521/2077
f 3271/2522/2078 3270/2530/2086 3260/2520/2076
f 3272/2523/2079 3271/2522/2078 3261/2515/2071
f 3273/2524/2080 3272/2523/2079 3262/2516/2072
f 3274/2535/2091 3275/2084/1657 3285/2527/2083
f 3275/2084/1657 3297/2525/2081 3285/2527/2083
f 3268/2519/2075 3279/2529/2085 3278/2528/2084
f 3269/2521/2077 3280/2531/2087 3279/2529/2085
f 3270/2530/2086 3281/2541/2095 3280/2531/2087
f 3282/2532/2088 3281/2541/2095 3270/2530/2086
f 3283/2533/2089 3282/2532/2088 3271/2522/2078
f 3284/2534/2090 3283/2533/2089 3272/2523/2079
f 3285/2527/2083 3284/2534/2090 3273/2524/2080
f 5672/5721/3430 5684/5722/3431 5683/4383/851
f 5684/5722/3431 5694/5723/3432 5683/4383/851
f 5694/5723/3432 5706/5599/3275 5705/547/257
f 5694/5723/3432 5705/547/257 5683/4383/851
f 5662/5724/3433 5672/5721/3430 5661/1203/202
f 5661/1203/202 5672/5721/3430 5683/4383/851
f 5642/5725/3434 5650/2536/2008 5641/2537/201
f 5650/2536/2008 5662/5724/3433 5661/1203/202
f 5897/4524/1035 5898/4525/1036 5642/5725/3434
f 5641/2537/201 5897/4524/1035 5642/5725/3434
f 2490/1818/1409 2489/1814/1405 2481/2538/2092
f 3279/2529/2085 3290/2540/2094 3289/2539/2093
f 3280/2531/2087 3291/2542/2096 3290/2540/2094
f 3281/2541/2095 3292/2549/2103 3291/2542/2096
f 3293/2543/2097 3292/2549/2103 3281/2541/2095
f 3294/2544/2098 3293/2543/2097 3282/2532/2088
f 3295/2545/2099 3294/2544/2098 3283/2533/2089
f 3296/2526/2082 3295/2545/2099 3284/2534/2090
f 4640/2546/2100 4651/2963/2486 4650/1108/765
f 3290/2540/2094 3301/2548/2102 3300/2547/2101
f 3291/2542/2096 3302/2550/2104 3301/2548/2102
f 3292/2549/2103 3303/2559/2113 3302/2550/2104
f 3304/2551/2105 3303/2559/2113 3292/2549/2103
f 3305/2552/2106 3304/2551/2105 3293/2543/2097
f 3306/2553/2107 3305/2552/2106 3294/2544/2098
f 3307/2481/2039 3306/2553/2107 3295/2545/2099
f 3289/2539/2093 3300/2547/2101 3288/2554/2108
f 3300/2547/2101 3311/2567/2121 3310/2555/2109
f 3312/2556/2110 3311/2567/2121 3300/2547/2101
f 3313/2557/2111 3312/2556/2110 3301/2548/2102
f 3314/2558/2112 3313/2557/2111 3302/2550/2104
f 3315/2560/2114 3314/2558/2112 3303/2559/2113
f 3305/2552/2106 3316/2561/2115 3315/2560/2114
f 3306/2553/2107 3317/2562/2116 3316/2561/2115
f 3307/2481/2039 3318/2480/2038 3317/2562/2116
f 3318/2480/2038 3319/2474/2032 3329/2565/2119
f 3319/2474/2032 3341/2563/2117 3329/2565/2119
f 3323/2566/2120 3322/2577/2129 3311/2567/2121
f 3324/2568/2122 3323/2566/2120 3312/2556/2110
f 3325/2569/2123 3324/2568/2122 3313/2557/2111
f 3326/2570/2124 3325/2569/2123 3314/2558/2112
f 3316/2561/2115 3327/2571/2125 3326/2570/2124
f 3317/2562/2116 3328/2572/2126 3327/2571/2125
f 3318/2480/2038 3329/2565/2119 3328/2572/2126
f 5311/2575/2127 5333/836/524 5321/2573/512
f 5333/836/524 5332/835/522 5321/2573/512
f 1826/1607/735 1806/5508/3268 1807/1048/717
f 3334/2576/2128 3333/1675/1274 3322/2577/2129
f 3335/2578/2130 3334/2576/2128 3323/2566/2120
f 3336/2579/2131 3335/2578/2130 3324/2568/2122
f 3337/2580/2132 3336/2579/2131 3325/2569/2123
f 3327/2571/2125 3338/2581/2133 3337/2580/2132
f 3328/2572/2126 3339/2582/2134 3338/2581/2133
f 3329/2565/2119 3340/2564/2118 3339/2582/2134
f 4658/2583/2135 4647/2476/2034 4648/1350/968
f 3341/2563/2117 3361/2597/2149 3360/2584/2136
f 3340/2564/2118 3360/2584/2136 3349/2585/2137
f 3360/2584/2136 3359/2599/2151 3349/2585/2137
f 3345/2586/2138 3344/1996/1577 3334/2576/2128
f 3346/2587/2139 3345/2586/2138 3335/2578/2130
f 3347/2588/2140 3346/2587/2139 3336/2579/2131
f 3338/2581/2133 3348/2589/2141 3347/2588/2140
f 3339/2582/2134 3349/2585/2137 3348/2589/2141
f 2816/2145/1712 2804/2486/2042 2805/2120/1689
f 4256/2590/2142 4246/3360/2858 4247/2591/2143
f 3355/2592/2144 3354/2601/2153 3344/1996/1577
f 3356/2593/2145 3355/2592/2144 3345/2586/2138
f 3357/2594/2146 3356/2593/2145 3346/2587/2139
f 3348/2589/2141 3358/2595/2147 3357/2594/2146
f 3349/2585/2137 3359/2599/2151 3358/2595/2147
f 3381/2596/2148 3380/2624/2176 3360/2584/2136
f 3360/2584/2136 3380/2624/2176 3369/2598/2150
f 3380/2624/2176 3379/2612/2164 3369/2598/2150
f 3365/2600/2152 3364/2608/2160 3354/2601/2153
f 3366/2602/2154 3365/2600/2152 3355/2592/2144
f 3367/2603/2155 3366/2602/2154 3356/2593/2145
f 3358/2595/2147 3368/2604/2156 3367/2603/2155
f 3359/2599/2151 3369/2598/2150 3368/2604/2156
f 3141/2418/1979 3142/5598/3350 3151/2436/1997
f 3142/5598/3350 3162/2419/1980 3151/2436/1997
f 3155/2429/1990 3154/1685/1284 3134/2412/1973
f 3394/470/192 3416/472/194 3405/5726/3453
f 3416/472/194 3415/5727/3454 3405/5726/3453
f 3352/2052/1626 3372/2051/1625 3363/2606/2158
f 3372/2051/1625 3394/470/192 3383/5728/3455
f 3331/5729/3456 3332/1674/1273 3343/5730/3457
f 3332/1674/1273 3352/2052/1626 3343/5730/3457
f 3394/470/192 3405/5726/3453 3393/5731/3458
f 3394/470/192 3393/5731/3458 3383/5728/3455
f 3351/5732/3459 3343/5730/3457 3352/2052/1626
f 3363/2606/2158 3351/5732/3459 3352/2052/1626
f 3372/2051/1625 3383/5728/3455 3371/2605/2157
f 3365/2600/2152 3375/2609/2161 3374/2607/2159
f 3366/2602/2154 3376/2618/2170 3375/2609/2161
f 3377/2610/2162 3376/2618/2170 3366/2602/2154
f 3378/2611/2163 3377/2610/2162 3367/2603/2155
f 3379/2612/2164 3378/2611/2163 3368/2604/2156
f 3194/2614/2166 3195/2463/2023 3212/2613/2165
f 3212/2613/2165 3223/2501/2057 3222/2498/2054
f 3374/2607/2159 3385/2617/2169 3384/2615/2167
f 3375/2609/2161 3386/2619/2171 3385/2617/2169
f 3376/2618/2170 3387/2630/2181 3386/2619/2171
f 3388/2620/2172 3387/2630/2181 3376/2618/2170
f 3389/2621/2173 3388/2620/2172 3377/2610/2162
f 3390/2622/2174 3389/2621/2173 3378/2611/2163
f 3391/2623/2175 3390/2622/2174 3379/2612/2164
f 3373/2616/2168 3384/2615/2167 3372/2051/1625
f 3384/2615/2167 3395/2628/2179 3394/470/192
f 5258/2626/2178 5270/5733/3460 5269/1919/465
f 5269/1919/465 5247/2627/444 5258/2626/2178
f 5247/2627/444 5225/4092/1412 5236/5734/3461
f 5248/2625/2177 5247/2627/444 5236/5734/3461
f 5225/4092/1412 5226/5549/3306 5236/5734/3461
f 3385/2617/2169 3396/2629/2180 3395/2628/2179
f 3386/2619/2171 3397/2631/2182 3396/2629/2180
f 3387/2630/2181 3398/2642/2191 3397/2631/2182
f 3399/2632/2183 3398/2642/2191 3387/2630/2181
f 3400/2633/2184 3399/2632/2183 3388/2620/2172
f 3401/2634/2185 3400/2633/2184 3389/2621/2173
f 3402/2635/2186 3401/2634/2185 3390/2622/2174
f 5616/2636/802 5615/1602/801 5604/1127/776
f 3402/2635/2186 3403/4329/3159 3413/2640/2189
f 3403/4329/3159 3425/2638/2187 3413/2640/2189
f 3396/2629/2180 3407/2641/2190 3406/471/193
f 3397/2631/2182 3408/2643/2192 3407/2641/2190
f 3398/2642/2191 3409/2649/2198 3408/2643/2192
f 3410/2644/2193 3409/2649/2198 3398/2642/2191
f 3411/2645/2194 3410/2644/2193 3399/2632/2183
f 3412/2646/2195 3411/2645/2194 3400/2633/2184
f 3413/2640/2189 3412/2646/2195 3401/2634/2185
f 2989/685/387 2979/684/386 2980/2279/1844
f 3407/2641/2190 3418/2648/2197 3417/2647/2196
f 3408/2643/2192 3419/2650/2199 3418/2648/2197
f 3409/2649/2198 3420/2659/2208 3419/2650/2199
f 3421/2651/2200 3420/2659/2208 3409/2649/2198
f 3422/2652/2201 3421/2651/2200 3410/2644/2193
f 3423/2653/2202 3422/2652/2201 3411/2645/2194
f 3424/2639/2188 3423/2653/2202 3412/2646/2195
f 5358/4199/3141 5380/896/580 5369/5735/3462
f 5380/896/580 5400/4222/218 5391/2655/2204
f 5369/5735/3462 5380/896/580 5379/2654/2203
f 5400/4222/218 5416/4221/217 5411/5736/3463
f 5416/4221/217 5415/4228/606 5411/5736/3463
f 5346/4174/533 5358/4199/3141 5345/5737/3216
f 5357/5738/3464 5345/5737/3216 5358/4199/3141
f 5369/5735/3462 5357/5738/3464 5358/4199/3141
f 5400/4222/218 5411/5736/3463 5399/5739/3465
f 5400/4222/218 5399/5739/3465 5391/2655/2204
f 3429/2656/2205 3428/2663/2212 3417/2647/2196
f 3430/2657/2206 3429/2656/2205 3418/2648/2197
f 3431/2658/2207 3430/2657/2206 3419/2650/2199
f 3432/2660/2209 3431/2658/2207 3420/2659/2208
f 3422/2652/2201 3433/2661/2210 3432/2660/2209
f 3423/2653/2202 3434/2662/2211 3433/2661/2210
f 3424/2639/2188 3435/2669/2218 3434/2662/2211
f 3417/2647/2196 3428/2663/2212 3416/472/194
f 3428/2663/2212 3439/2675/2224 3438/2138/1705
f 3440/2664/2213 3439/2675/2224 3428/2663/2212
f 3441/2665/2214 3440/2664/2213 3429/2656/2205
f 3442/2666/2215 3441/2665/2214 3430/2657/2206
f 3443/2667/2216 3442/2666/2215 3431/2658/2207
f 3433/2661/2210 3444/2668/2217 3443/2667/2216
f 3434/2662/2211 3445/2670/2219 3444/2668/2217
f 3435/2669/2218 3446/2680/2229 3445/2670/2219
f 3446/2680/2229 3447/3631/3111 3457/2673/2222
f 3447/3631/3111 3469/2671/2220 3457/2673/2222
f 3451/2674/2223 3450/2139/1706 3439/2675/2224
f 3452/2676/2225 3451/2674/2223 3440/2664/2213
f 3453/2677/2226 3452/2676/2225 3441/2665/2214
f 3454/2678/2227 3453/2677/2226 3442/2666/2215
f 3444/2668/2217 3455/2679/2228 3454/2678/2227
f 3445/2670/2219 3456/2681/2230 3455/2679/2228
f 3446/2680/2229 3457/2673/2222 3456/2681/2230
f 2585/1901/1491 2596/1921/1508 2584/1900/1490
f 2596/1921/1508 2607/1932/1519 2606/1938/1525
f 4287/458/184 4286/2458/2019 4277/2457/2018
f 3462/2682/2231 3461/2108/1679 3450/2139/1706
f 3463/2683/2232 3462/2682/2231 3451/2674/2223
f 3464/2684/2233 3463/2683/2232 3452/2676/2225
f 3465/2685/2234 3464/2684/2233 3453/2677/2226
f 3455/2679/2228 3466/2686/2235 3465/2685/2234
f 3456/2681/2230 3467/2687/2236 3466/2686/2235
f 3457/2673/2222 3468/2672/2221 3467/2687/2236
f 4268/1655/1254 4267/1654/1253 4257/2023/1600
f 3468/2672/2221 3487/2704/2253 3477/2689/2238
f 3487/2704/2253 3486/2707/2256 3477/2689/2238
f 3473/2690/2239 3472/2109/1680 3462/2682/2231
f 3474/2691/2240 3473/2690/2239 3463/2683/2232
f 3475/2692/2241 3474/2691/2240 3464/2684/2233
f 3466/2686/2235 3476/2693/2242 3475/2692/2241
f 3467/2687/2236 3477/2689/2238 3476/2693/2242
f 4274/2695/2244 4275/3369/2867 4284/2694/2243
f 4284/2694/2243 4291/3383/2878 4290/2273/1838
f 3482/2696/2245 3481/1166/806 3472/2109/1680
f 3483/2697/2246 3482/2696/2245 3473/2690/2239
f 3484/2698/2247 3483/2697/2246 3474/2691/2240
f 3476/2693/2242 3485/2699/2248 3484/2698/2247
f 3477/2689/2238 3486/2707/2256 3485/2699/2248
f 3798/2702/2251 3556/2792/2315 3537/2700/2249
f 3556/2792/2315 3555/5740/3466 3547/5741/3467
f 3537/2700/2249 3556/2792/2315 3547/5741/3467
f 3497/2703/2252 3486/2707/2256 3487/2704/2253
f 3496/2706/2255 3485/2699/2248 3486/2707/2256
f 3533/2708/2257 3253/2510/2066 3252/2517/2073
f 3542/2710/2259 3541/2769/2294 3802/2711/2260
f 3494/2713/2262 3493/2721/2267 3482/2696/2245
f 2124/1388/1001 2134/1400/1008 2133/1397/997
f 2133/1397/997 2113/1376/990 2124/1388/1001
f 3468/2672/2221 3469/2671/2220 3487/2704/2253
f 3469/2671/2220 3499/2714/2263 3487/2704/2253
f 3951/728/421 4674/3627/3107 4675/2715/2264
f 3490/1133/785 3502/2719/64 3501/2716/32
f 3491/2718/2266 3503/2720/65 3502/2719/64
f 3492/1165/805 3504/2722/66 3503/2720/65
f 3493/2721/2267 3505/2723/2268 3504/2722/66
f 3494/2713/2262 3506/2737/68 3505/2723/2268
f 3507/2724/70 3506/2737/68 3494/2713/2262
f 3508/2726/71 3507/2724/70 3495/2725/2269
f 3509/2727/72 3508/2726/71 3496/2706/2255
f 3510/2728/73 3509/2727/72 3497/2703/2252
f 3511/2729/74 3510/2728/73 3498/2705/2254
f 3512/2730/53 3511/2729/74 3499/2714/2263
f 3514/2732/77 3513/2745/88 3501/2716/32
f 3515/2733/78 3514/2732/77 3502/2719/64
f 3516/2734/79 3515/2733/78 3503/2720/65
f 3517/2735/80 3516/2734/79 3504/2722/66
f 3518/2736/93 3517/2735/80 3505/2723/2268
f 3519/2738/81 3518/2736/93 3506/2737/68
f 3520/2739/2271 3519/2738/81 3507/2724/70
f 3521/2740/83 3520/2739/2271 3508/2726/71
f 3522/2741/84 3521/2740/83 3509/2727/72
f 3523/2742/85 3522/2741/84 3510/2728/73
f 3524/2743/86 3523/2742/85 3511/2729/74
f 3526/2744/2272 3525/5444/3206 3513/2745/88
f 3527/2746/2273 3526/2744/2272 3514/2732/77
f 3528/2747/2274 3527/2746/2273 3515/2733/78
f 3529/2748/2275 3528/2747/2274 3516/2734/79
f 3530/2431/1992 3529/2748/2275 3517/2735/80
f 3531/2432/1993 3530/2431/1992 3518/2736/93
f 3532/2709/2258 3531/2432/1993 3519/2738/81
f 3533/2708/2257 3532/2709/2258 3520/2739/2271
f 3534/2749/2276 3533/2708/2257 3521/2740/83
f 3535/2360/1921 3534/2749/2276 3522/2741/84
f 3536/2750/2277 3535/2360/1921 3523/2742/85
f 3534/2749/2276 3254/2359/1920 3253/2510/2066
f 3957/2751/2278 3949/3132/2639 3950/2752/2279
f 1270/496/203 1261/464/190 1262/2753/187
f 3178/507/223 3177/506/222 3167/2439/2000
f 3250/2513/2069 3249/2511/2067 3529/2748/2275
f 3249/2511/2067 3248/2512/2068 3528/2747/2274
f 2324/1101/758 2325/1618/1217 2333/1650/1249
f 2325/1618/1217 2343/1635/1234 2333/1650/1249
f 3247/913/596 3246/765/455 3526/2744/2272
f 3538/1182/822 3557/2783/2306 3556/2792/2315
f 3556/2792/2315 3798/2702/2251 3538/1182/822
f 3545/2755/2281 3544/2758/2284 3805/2756/2282
f 3544/2758/2284 3543/2771/2296 3804/2759/2285
f 3155/2429/1990 3175/2446/2007 3174/2760/2286
f 1868/1138/790 1859/2021/1598 1860/2761/780
f 3802/2711/2260 3541/2769/2294 3540/2762/2287
f 4034/2764/2289 4044/5742/3468 4033/2765/2290
f 4044/5742/3468 4056/5743/3469 4055/3185/2689
f 4033/2765/2290 4044/5742/3468 4055/3185/2689
f 4033/2765/2290 4011/5448/3210 4022/2763/2288
f 4011/5448/3210 4012/5447/3209 4022/2763/2288
f 3545/2755/2281 3564/2790/2313 3553/2766/2291
f 3564/2790/2313 3563/2788/2311 3553/2766/2291
f 3549/2767/2292 3548/1184/824 3539/1183/823
f 3550/2768/2293 3549/2767/2292 3540/2762/2287
f 3551/2770/2295 3550/2768/2293 3541/2769/2294
f 3543/2771/2296 3552/2772/2297 3551/2770/2295
f 3544/2758/2284 3553/2766/2291 3552/2772/2297
f 5141/2122/351 5142/2121/1690 5151/2774/359
f 5142/2121/1690 5162/639/341 5151/2774/359
f 2717/2014/1592 2727/1561/1163 2726/1560/1162
f 3559/2776/2299 3558/2784/2307 3548/1184/824
f 3560/2777/2300 3559/2776/2299 3549/2767/2292
f 3561/2778/2301 3560/2777/2300 3550/2768/2293
f 3552/2772/2297 3562/2779/2302 3561/2778/2301
f 3553/2766/2291 3563/2788/2311 3562/2779/2302
f 3760/2873/2396 3761/2872/2395 3771/2781/2304
f 3761/2872/2395 3783/2479/2037 3771/2781/2304
f 3569/2782/2305 3568/2793/2316 3557/2783/2306
f 3570/2785/2308 3569/2782/2305 3558/2784/2307
f 3571/2786/2309 3570/2785/2308 3559/2776/2299
f 3572/2787/2310 3571/2786/2309 3560/2777/2300
f 3562/2779/2302 3573/2789/2312 3572/2787/2310
f 3563/2788/2311 3574/2791/2314 3573/2789/2312
f 3564/2790/2313 3575/1583/1185 3574/2791/2314
f 3568/2793/2316 3579/1796/1392 3578/1795/1391
f 3578/1795/1391 3556/2792/2315 3568/2793/2316
f 3580/2794/2317 3579/1796/1392 3568/2793/2316
f 3581/2795/2318 3580/2794/2317 3569/2782/2305
f 3582/2796/2319 3581/2795/2318 3570/2785/2308
f 3583/2797/2320 3582/2796/2319 3571/2786/2309
f 3573/2789/2312 3584/2798/2321 3583/2797/2320
f 3574/2791/2314 3585/2799/2322 3584/2798/2321
f 3575/1583/1185 3586/1582/1184 3585/2799/2322
f 3586/1582/1184 3587/892/577 3597/2802/2325
f 3587/892/577 3609/2800/2323 3597/2802/2325
f 3591/2803/2326 3590/1797/1393 3579/1796/1392
f 3592/2804/2327 3591/2803/2326 3580/2794/2317
f 3593/2805/2328 3592/2804/2327 3581/2795/2318
f 3594/2806/2329 3593/2805/2328 3582/2796/2319
f 3584/2798/2321 3595/2807/2330 3594/2806/2329
f 3585/2799/2322 3596/2808/2331 3595/2807/2330
f 3586/1582/1184 3597/2802/2325 3596/2808/2331
f 1273/2467/211 1895/457/183 1896/1162/177
f 3602/2809/2332 3601/2817/2340 3590/1797/1393
f 3603/2810/2333 3602/2809/2332 3591/2803/2326
f 3604/2811/2334 3603/2810/2333 3592/2804/2327
f 3605/2812/2335 3604/2811/2334 3593/2805/2328
f 3595/2807/2330 3606/2813/2336 3605/2812/2335
f 3596/2808/2331 3607/2814/2337 3606/2813/2336
f 3597/2802/2325 3608/2801/2324 3607/2814/2337
f 2604/5744/3470 2616/5745/3471 2615/1626/1225
f 2615/1626/1225 2593/1910/1500 2604/5744/3470
f 2593/1910/1500 2571/2301/1862 2582/2816/2339
f 2604/5744/3470 2593/1910/1500 2594/5746/3472
f 2571/2301/1862 2549/1873/1464 2560/5747/3473
f 2549/1873/1464 2537/1859/1450 2538/5571/3328
f 2560/5747/3473 2549/1873/1464 2550/5748/3474
f 2538/5571/3328 2550/5748/3474 2549/1873/1464
f 2594/5746/3472 2593/1910/1500 2582/2816/2339
f 2571/2301/1862 2560/5747/3473 2572/2815/2338
f 3601/2817/2340 3613/2820/2343 3612/2818/2341
f 3602/2809/2332 3614/2821/2344 3613/2820/2343
f 3603/2810/2333 3615/2822/2345 3614/2821/2344
f 3604/2811/2334 3616/2832/2355 3615/2822/2345
f 3617/2823/2346 3616/2832/2355 3604/2811/2334
f 3618/2824/2347 3617/2823/2346 3605/2812/2335
f 3619/2825/2348 3618/2824/2347 3606/2813/2336
f 3620/2826/2349 3619/2825/2348 3607/2814/2337
f 3621/2827/2350 3620/2826/2349 3608/2801/2324
f 4639/1812/1403 4638/2297/1858 4626/2828/2351
f 3621/2827/2350 3643/2005/1584 3631/2829/2352
f 3643/2005/1584 3642/2846/2369 3631/2829/2352
f 3614/2821/2344 3625/2831/2354 3624/2830/2353
f 3615/2822/2345 3626/2833/2356 3625/2831/2354
f 3616/2832/2355 3627/2841/2364 3626/2833/2356
f 3628/2834/2357 3627/2841/2364 3616/2832/2355
f 3629/2835/2358 3628/2834/2357 3617/2823/2346
f 3630/2836/2359 3629/2835/2358 3618/2824/2347
f 3631/2829/2352 3630/2836/2359 3619/2825/2348
f 2728/5749/3475 2740/2063/1637 2739/2045/1619
f 2739/2045/1619 2719/2046/1620 2728/5749/3475
f 2719/2046/1620 2699/1993/1574 2708/2838/2361
f 2728/5749/3475 2719/2046/1620 2720/5750/3476
f 2699/1993/1574 2679/1992/1573 2688/5751/3477
f 2679/1992/1573 2659/2882/2405 2668/5752/3478
f 2680/5753/3479 2679/1992/1573 2668/5752/3478
f 2659/2882/2405 2660/5754/3209 2668/5752/3478
f 2720/5750/3476 2719/2046/1620 2708/2838/2361
f 2679/1992/1573 2680/5753/3479 2688/5751/3477
f 2699/1993/1574 2688/5751/3477 2700/2837/2360
f 3625/2831/2354 3636/2840/2363 3635/2839/2362
f 3626/2833/2356 3637/2842/2365 3636/2840/2363
f 3627/2841/2364 3638/2849/2372 3637/2842/2365
f 3639/2843/2366 3638/2849/2372 3627/2841/2364
f 3640/2844/2367 3639/2843/2366 3628/2834/2357
f 3641/2845/2368 3640/2844/2367 3629/2835/2358
f 3642/2846/2369 3641/2845/2368 3630/2836/2359
f 2715/2167/1734 2714/2030/1607 2704/2011/1589
f 3636/2840/2363 3647/2848/2371 3646/2847/2370
f 3637/2842/2365 3648/2850/2373 3647/2848/2371
f 3638/2849/2372 3649/2857/2380 3648/2850/2373
f 3650/2851/2374 3649/2857/2380 3638/2849/2372
f 3651/2852/2375 3650/2851/2374 3639/2843/2366
f 3652/2853/2376 3651/2852/2375 3640/2844/2367
f 3653/2854/2377 3652/2853/2376 3641/2845/2368
f 3646/2847/2370 3657/1116/773 3656/1115/772
f 3656/1115/772 3634/2855/2378 3646/2847/2370
f 3647/2848/2371 3658/2856/2379 3657/1116/773
f 3648/2850/2373 3659/2858/2381 3658/2856/2379
f 3649/2857/2380 3660/2868/2391 3659/2858/2381
f 3661/2859/2382 3660/2868/2391 3649/2857/2380
f 3662/2860/2383 3661/2859/2382 3650/2851/2374
f 3663/2861/2384 3662/2860/2383 3651/2852/2375
f 3664/2862/2385 3663/2861/2384 3652/2853/2376
f 3684/2863/2386 3664/2862/2385 3665/2004/1583
f 3663/2861/2384 3664/2862/2385 3673/2866/2389
f 3664/2862/2385 3684/2863/2386 3673/2866/2389
f 3659/2858/2381 3669/2869/2392 3668/2867/2390
f 3660/2868/2391 3670/2878/2401 3669/2869/2392
f 3671/2870/2393 3670/2878/2401 3660/2868/2391
f 3672/2871/2394 3671/2870/2393 3661/2859/2382
f 3673/2866/2389 3672/2871/2394 3662/2860/2383
f 3738/2924/2447 3739/5755/3480 3749/2874/2397
f 3739/5755/3480 3761/2872/2395 3749/2874/2397
f 3971/785/475 3991/2035/1612 3990/2037/1614
f 3679/2876/2399 3678/2886/2409 3668/2867/2390
f 3680/2877/2400 3679/2876/2399 3669/2869/2392
f 3681/2879/2402 3680/2877/2400 3670/2878/2401
f 3672/2871/2394 3682/2880/2403 3681/2879/2402
f 3673/2866/2389 3683/2865/2388 3682/2880/2403
f 2678/2881/2404 2658/5597/3349 2659/2882/2405
f 3683/2865/2388 3684/2863/2386 3693/2884/2407
f 3684/2863/2386 3704/1799/1395 3693/2884/2407
f 3689/2885/2408 3688/2894/2417 3678/2886/2409
f 3690/2887/2410 3689/2885/2408 3679/2876/2399
f 3691/2888/2411 3690/2887/2410 3680/2877/2400
f 3682/2880/2403 3692/2889/2412 3691/2888/2411
f 3683/2865/2388 3693/2884/2407 3692/2889/2412
f 2657/1968/1555 2658/5597/3349 2667/1984/1568
f 2658/5597/3349 2678/2881/2404 2667/1984/1568
f 3697/2891/2414 3696/2905/2428 3676/2892/2415
f 3699/2893/2416 3698/2899/2422 3688/2894/2417
f 3700/2895/2418 3699/2893/2416 3689/2885/2408
f 3701/2896/2419 3700/2895/2418 3690/2887/2410
f 3692/2889/2412 3702/2897/2420 3701/2896/2419
f 3693/2884/2407 3703/2883/2406 3702/2897/2420
f 3624/2830/2353 3635/2839/2362 3634/2855/2378
f 3634/2855/2378 3612/2818/2341 3624/2830/2353
f 3709/2898/2421 3708/2906/2429 3697/2891/2414
f 3710/2900/2423 3709/2898/2421 3698/2899/2422
f 3711/2901/2424 3710/2900/2423 3699/2893/2416
f 3712/2902/2425 3711/2901/2424 3700/2895/2418
f 3702/2897/2420 3713/2903/2426 3712/2902/2425
f 3703/2883/2406 3714/2904/2427 3713/2903/2426
f 3704/1799/1395 3715/1798/1394 3714/2904/2427
f 3708/2906/2429 3719/2915/2438 3718/2914/2437
f 3718/2914/2437 3696/2905/2428 3708/2906/2429
f 3720/2907/2430 3719/2915/2438 3708/2906/2429
f 3721/2908/2431 3720/2907/2430 3709/2898/2421
f 3722/2909/2432 3721/2908/2431 3710/2900/2423
f 3723/2910/2433 3722/2909/2432 3711/2901/2424
f 3713/2903/2426 3724/2911/2434 3723/2910/2433
f 3714/2904/2427 3725/2912/2435 3724/2911/2434
f 3715/1798/1394 3726/2921/2444 3725/2912/2435
f 3248/2512/2068 3247/913/596 3527/2746/2273
f 3731/2913/2436 3730/2931/2454 3718/2914/2437
f 3732/2916/2439 3731/2913/2436 3719/2915/2438
f 3733/2917/2440 3732/2916/2439 3720/2907/2430
f 3734/2918/2441 3733/2917/2440 3721/2908/2431
f 3735/2919/2442 3734/2918/2441 3722/2909/2432
f 3724/2911/2434 3736/2920/2443 3735/2919/2442
f 3725/2912/2435 3737/2922/2445 3736/2920/2443
f 3726/2921/2444 3738/2924/2447 3737/2922/2445
f 3727/2923/2446 3739/5755/3480 3738/2924/2447
f 3162/2419/1980 3182/2491/2047 3171/2449/2010
f 3182/2491/2047 3181/2450/2011 3171/2449/2010
f 3732/2916/2439 3743/2926/2449 3742/2925/2448
f 3733/2917/2440 3744/2927/2450 3743/2926/2449
f 3734/2918/2441 3745/2935/2458 3744/2927/2450
f 3746/2928/2451 3745/2935/2458 3734/2918/2441
f 3747/2929/2452 3746/2928/2451 3735/2919/2442
f 3748/2930/2453 3747/2929/2452 3736/2920/2443
f 3749/2874/2397 3748/2930/2453 3737/2922/2445
f 3742/2925/2448 3753/2933/2456 3752/2948/2471
f 3752/2948/2471 3730/2931/2454 3742/2925/2448
f 3706/5626/3365 3716/2932/2455 3705/1800/1396
f 3716/2932/2455 3728/5756/3481 3727/2923/2446
f 3728/5756/3481 3740/5757/3482 3739/5755/3480
f 3740/5757/3482 3750/5758/3483 3739/5755/3480
f 3728/5756/3481 3739/5755/3480 3727/2923/2446
f 3750/5758/3483 3762/5707/3439 3761/2872/2395
f 3750/5758/3483 3761/2872/2395 3739/5755/3480
f 3743/2926/2449 3754/2934/2457 3753/2933/2456
f 3744/2927/2450 3755/2936/2459 3754/2934/2457
f 3745/2935/2458 3756/2943/2466 3755/2936/2459
f 3757/2937/2460 3756/2943/2466 3745/2935/2458
f 3758/2938/2461 3757/2937/2460 3746/2928/2451
f 3759/2939/2462 3758/2938/2461 3747/2929/2452
f 3760/2873/2396 3759/2939/2462 3748/2930/2453
f 1471/2940/2463 1493/1821/1412 1481/716/411
f 1493/1821/1412 1492/726/419 1481/716/411
f 3754/2934/2457 3765/2942/2465 3764/2941/2464
f 3755/2936/2459 3766/2944/2467 3765/2942/2465
f 3756/2943/2466 3767/2951/2474 3766/2944/2467
f 3768/2945/2468 3767/2951/2474 3756/2943/2466
f 3769/2946/2469 3768/2945/2468 3757/2937/2460
f 3770/2947/2470 3769/2946/2469 3758/2938/2461
f 3771/2781/2304 3770/2947/2470 3759/2939/2462
f 3764/2941/2464 3775/2949/2472 3774/2967/2489
f 3774/2967/2489 3752/2948/2471 3764/2941/2464
f 3765/2942/2465 3776/2950/2473 3775/2949/2472
f 3766/2944/2467 3777/2952/2475 3776/2950/2473
f 3767/2951/2474 3778/2961/2484 3777/2952/2475
f 3779/2953/2476 3778/2961/2484 3767/2951/2474
f 3780/2954/2477 3779/2953/2476 3768/2945/2468
f 3781/2955/2478 3780/2954/2477 3769/2946/2469
f 3782/2780/2303 3781/2955/2478 3770/2947/2470
f 3793/2956/2479 3781/2955/2478 3782/2780/2303
f 3792/2958/2481 3780/2954/2477 3781/2955/2478
f 2833/2158/1725 2832/2131/1698 2812/2130/1697
f 2778/486/208 2777/1551/1154 2766/2078/1651
f 3790/2960/2483 3789/2971/2493 3777/2952/2475
f 4663/2962/2485 4662/3638/3118 4651/2963/2486
f 1855/2291/1594 1885/1161/803 1873/2403/1964
f 1885/1161/803 1884/1160/802 1873/2403/1964
f 3787/2966/2488 3786/2969/2491 3774/2967/2489
f 3798/2702/2251 3797/2701/2250 3785/2968/2490
f 3787/2966/2488 3799/2754/2280 3798/2702/2251
f 3800/2344/1905 3799/2754/2280 3787/2966/2488
f 3789/2971/2493 3801/2343/1904 3800/2344/1905
f 3802/2711/2260 3801/2343/1904 3789/2971/2493
f 3803/2712/2261 3802/2711/2260 3790/2960/2483
f 3792/2958/2481 3804/2759/2285 3803/2712/2261
f 3805/2756/2282 3804/2759/2285 3792/2958/2481
f 3806/2757/2283 3805/2756/2282 3793/2956/2479
f 3807/2973/2495 3806/2757/2283 3794/2957/2480
f 3796/2974/2496 3808/4339/3165 3807/2973/2495
f 3822/2975/2497 3821/2998/2498 3809/2976/2498
f 3823/2978/2500 3822/2975/2497 3810/2977/2499
f 3824/2980/2502 3823/2978/2500 3811/2979/2501
f 3825/2982/2504 3824/2980/2502 3812/2981/2503
f 3826/2984/2506 3825/2982/2504 3813/2983/2505
f 3827/2986/2508 3826/2984/2506 3814/2985/2507
f 3816/2988/2510 3828/2990/2512 3827/2986/2508
f 3817/2989/2511 3829/2992/2514 3828/2990/2512
f 3818/2991/2513 3830/2994/2516 3829/2992/2514
f 3819/2993/2515 3831/2996/2518 3830/2994/2516
f 3820/2995/2517 3832/3007/2517 3831/2996/2518
f 3834/2997/2519 3833/3010/2529 3821/2998/2498
f 3835/2999/2520 3834/2997/2519 3822/2975/2497
f 3836/3000/2521 3835/2999/2520 3823/2978/2500
f 3837/3001/2522 3836/3000/2521 3824/2980/2502
f 3838/3002/2523 3837/3001/2522 3825/2982/2504
f 3839/3003/2524 3838/3002/2523 3826/2984/2506
f 3828/2990/2512 3840/3004/2525 3839/3003/2524
f 3829/2992/2514 3841/3005/2526 3840/3004/2525
f 3830/2994/2516 3842/3006/2527 3841/3005/2526
f 3831/2996/2518 3843/3008/2528 3842/3006/2527
f 3832/3007/2517 3844/3021/2539 3843/3008/2528
f 3834/2997/2519 3846/3011/2530 3845/3009/2529
f 3835/2999/2520 3847/3012/2531 3846/3011/2530
f 3836/3000/2521 3848/3013/2532 3847/3012/2531
f 3837/3001/2522 3849/3014/2533 3848/3013/2532
f 3838/3002/2523 3850/3026/2544 3849/3014/2533
f 3851/3015/2534 3850/3026/2544 3838/3002/2523
f 3852/3016/2535 3851/3015/2534 3839/3003/2524
f 3853/3017/2536 3852/3016/2535 3840/3004/2525
f 3854/3018/2537 3853/3017/2536 3841/3005/2526
f 3855/3019/2538 3854/3018/2537 3842/3006/2527
f 3856/3020/2539 3855/3019/2538 3843/3008/2528
f 3846/3011/2530 3858/3023/2541 3857/3022/2540
f 3847/3012/2531 3859/3024/2542 3858/3023/2541
f 3848/3013/2532 3860/3025/2543 3859/3024/2542
f 3849/3014/2533 3861/3027/2545 3860/3025/2543
f 3850/3026/2544 3862/3039/2557 3861/3027/2545
f 3863/3028/2546 3862/3039/2557 3850/3026/2544
f 3864/3029/2547 3863/3028/2546 3851/3015/2534
f 3865/3030/2548 3864/3029/2547 3852/3016/2535
f 3866/3031/2549 3865/3030/2548 3853/3017/2536
f 3867/3032/2550 3866/3031/2549 3854/3018/2537
f 3868/3033/2551 3867/3032/2550 3855/3019/2538
f 3870/3034/2552 3869/3046/2564 3857/3022/2540
f 3871/3035/2553 3870/3034/2552 3858/3023/2541
f 3872/3036/2554 3871/3035/2553 3859/3024/2542
f 3873/3037/2555 3872/3036/2554 3860/3025/2543
f 3874/3038/2556 3873/3037/2555 3861/3027/2545
f 3875/3040/2558 3874/3038/2556 3862/3039/2557
f 3864/3029/2547 3876/3041/2559 3875/3040/2558
f 3865/3030/2548 3877/3042/2560 3876/3041/2559
f 3866/3031/2549 3878/3043/2561 3877/3042/2560
f 3867/3032/2550 3879/3044/2562 3878/3043/2561
f 3868/3033/2551 3880/3055/2573 3879/3044/2562
f 3882/3045/2563 3881/3058/2576 3869/3046/2564
f 3883/3047/2565 3882/3045/2563 3870/3034/2552
f 3884/3048/2566 3883/3047/2565 3871/3035/2553
f 3885/3049/2567 3884/3048/2566 3872/3036/2554
f 3886/3050/2568 3885/3049/2567 3873/3037/2555
f 3887/3051/2569 3886/3050/2568 3874/3038/2556
f 3876/3041/2559 3888/3052/2570 3887/3051/2569
f 3877/3042/2560 3889/3053/2571 3888/3052/2570
f 3878/3043/2561 3890/3054/2572 3889/3053/2571
f 3879/3044/2562 3891/3056/2574 3890/3054/2572
f 3880/3055/2573 3892/3069/2587 3891/3056/2574
f 3882/3045/2563 3894/3059/2577 3893/3057/2575
f 3883/3047/2565 3895/3060/2578 3894/3059/2577
f 3884/3048/2566 3896/3061/2579 3895/3060/2578
f 3885/3049/2567 3897/3062/2580 3896/3061/2579
f 3886/3050/2568 3898/3070/2588 3897/3062/2580
f 3899/3063/2581 3898/3070/2588 3886/3050/2568
f 3900/3064/2582 3899/3063/2581 3887/3051/2569
f 3901/3065/2583 3900/3064/2582 3888/3052/2570
f 3902/3066/2584 3901/3065/2583 3889/3053/2571
f 3903/3067/2585 3902/3066/2584 3890/3054/2572
f 3904/3068/2586 3903/3067/2585 3891/3056/2574
f 3810/2977/2499 3809/2976/2498 3893/3057/2575
f 3811/2979/2501 3810/2977/2499 3894/3059/2577
f 3812/2981/2503 3811/2979/2501 3895/3060/2578
f 3813/2983/2505 3812/2981/2503 3896/3061/2579
f 3814/2985/2507 3813/2983/2505 3897/3062/2580
f 3815/2987/2509 3814/2985/2507 3898/3070/2588
f 3900/3064/2582 3816/2988/2510 3815/2987/2509
f 3901/3065/2583 3817/2989/2511 3816/2988/2510
f 3902/3066/2584 3818/2991/2513 3817/2989/2511
f 3903/3067/2585 3819/2993/2515 3818/2991/2513
f 3904/3068/2586 3820/2995/2517 3819/2993/2515
f 3918/3071/2589 3917/3094/2612 3905/3072/2590
f 3919/3074/2592 3918/3071/2589 3906/3073/2591
f 3920/3076/2594 3919/3074/2592 3907/3075/2593
f 3921/3078/2596 3920/3076/2594 3908/3077/2595
f 3922/3080/2598 3921/3078/2596 3909/3079/2597
f 3923/3082/2600 3922/3080/2598 3910/3081/2599
f 3912/3084/2602 3924/3086/2604 3923/3082/2600
f 3913/3085/2603 3925/3088/2606 3924/3086/2604
f 3914/3087/2605 3926/3090/2608 3925/3088/2606
f 3915/3089/2607 3927/3092/2610 3926/3090/2608
f 3916/3091/2609 3928/3105/2623 3927/3092/2610
f 3918/3071/2589 3930/3095/2613 3929/3093/2611
f 3919/3074/2592 3931/3096/2614 3930/3095/2613
f 3920/3076/2594 3932/3097/2615 3931/3096/2614
f 3921/3078/2596 3933/3098/2616 3932/3097/2615
f 3922/3080/2598 3934/3106/2624 3933/3098/2616
f 3935/3099/2617 3934/3106/2624 3922/3080/2598
f 3936/3100/2618 3935/3099/2617 3923/3082/2600
f 3937/3101/2619 3936/3100/2618 3924/3086/2604
f 3938/3102/2620 3937/3101/2619 3925/3088/2606
f 3939/3103/2621 3938/3102/2620 3926/3090/2608
f 3940/3104/2622 3939/3103/2621 3927/3092/2610
f 3906/3073/2591 3905/3072/2590 3929/3093/2611
f 3907/3075/2593 3906/3073/2591 3930/3095/2613
f 3908/3077/2595 3907/3075/2593 3931/3096/2614
f 3909/3079/2597 3908/3077/2595 3932/3097/2615
f 3910/3081/2599 3909/3079/2597 3933/3098/2616
f 3911/3083/2601 3910/3081/2599 3934/3106/2624
f 3936/3100/2618 3912/3084/2602 3911/3083/2601
f 3937/3101/2619 3913/3085/2603 3912/3084/2602
f 3938/3102/2620 3914/3087/2605 3913/3085/2603
f 3939/3103/2621 3915/3089/2607 3914/3087/2605
f 3940/3104/2622 3916/3091/2609 3915/3089/2607
f 5578/3107/748 5608/4345/798 5597/5759/3299
f 5608/4345/798 5607/4344/3168 5597/5759/3299
f 5597/5759/3299 5589/5760/3300 5578/3107/748
f 5589/5760/3300 5577/5761/3301 5578/3107/748
f 5577/5761/3301 5569/3108/1206 5578/3107/748
f 5569/3108/1206 5557/5762/3302 5558/1067/735
f 5557/5762/3302 5549/5763/3303 5558/1067/735
f 5549/5763/3303 5537/5764/3484 5538/5509/3268
f 5549/5763/3303 5538/5509/3268 5558/1067/735
f 4240/1724/1322 4260/742/433 4249/3109/2625
f 4260/742/433 4259/2303/1864 4249/3109/2625
f 1849/3111/2627 1839/1082/746 1840/1084/747
f 1601/3113/524 1623/865/553 1611/844/532
f 1623/865/553 1622/856/544 1611/844/532
f 4319/3116/2630 4353/3425/2911 4335/3114/2628
f 4353/3425/2911 4352/1824/1415 4335/3114/2628
f 5822/5765/3292 5834/5766/3293 5833/1363/980
f 5834/5766/3293 5842/3117/1150 5833/1363/980
f 5842/3117/1150 5854/5767/3294 5853/1361/979
f 5854/5767/3294 5862/5768/3295 5853/1361/979
f 5862/5768/3295 5874/5769/3296 5873/4490/1023
f 5874/5769/3296 5886/4526/1037 5885/4512/1022
f 5873/4490/1023 5874/5769/3296 5885/4512/1022
f 5873/4490/1023 5853/1361/979 5862/5768/3295
f 5812/5770/3297 5822/5765/3292 5811/4465/962
f 5790/5606/3282 5800/5771/3298 5789/2226/939
f 5800/5771/3298 5812/5770/3297 5811/4465/962
f 5811/4465/962 5789/2226/939 5800/5771/3298
f 5833/1363/980 5811/4465/962 5822/5765/3292
f 5056/5772/3351 5068/5773/3352 5067/3970/287
f 5067/3970/287 5045/540/250 5056/5772/3351
f 5045/540/250 5027/541/251 5034/3119/1576
f 5056/5772/3351 5045/540/250 5046/5774/3353
f 5027/541/251 5007/3964/219 5016/5775/3354
f 5007/3964/219 5629/449/175 4996/5776/3355
f 5008/5777/3356 5007/3964/219 4996/5776/3355
f 5629/449/175 5630/5778/3269 4996/5776/3355
f 5046/5774/3353 5045/540/250 5034/3119/1576
f 5007/3964/219 5008/5777/3356 5016/5775/3354
f 5027/541/251 5016/5775/3354 5028/3118/1575
f 4999/3120/195 4998/3962/756 5620/3121/196
f 1262/2753/187 1261/464/190 1892/466/188
f 5132/5779/3485 5144/5554/3311 5143/640/342
f 5143/640/342 5123/4028/3138 5132/5779/3485
f 5123/4028/3138 5101/3124/309 5112/3123/2631
f 5132/5779/3485 5123/4028/3138 5124/5780/3486
f 5101/3124/309 5079/3997/286 5090/5781/3487
f 5079/3997/286 5067/3970/287 5080/5782/3488
f 5090/5781/3487 5079/3997/286 5080/5782/3488
f 5067/3970/287 5068/5773/3352 5080/5782/3488
f 5124/5780/3486 5123/4028/3138 5112/3123/2631
f 5101/3124/309 5090/5781/3487 5102/3125/2632
f 5005/489/211 5627/469/183 5628/451/177
f 3488/5783/3489 3500/2731/2270 3499/2714/2263
f 3469/2671/2220 3447/3631/3111 3458/3126/2633
f 3447/3631/3111 3425/2638/2187 3436/5784/3490
f 3448/5785/3491 3447/3631/3111 3436/5784/3490
f 3425/2638/2187 3426/5786/3492 3436/5784/3490
f 3488/5783/3489 3499/2714/2263 3469/2671/2220
f 3478/5787/3493 3488/5783/3489 3469/2671/2220
f 3447/3631/3111 3448/5785/3491 3458/3126/2633
f 3470/3127/2634 3478/5787/3493 3469/2671/2220
f 2320/1641/1240 2319/1647/1246 2308/3128/2635
f 2488/1816/1407 2480/1786/1384 2481/2538/2092
f 1833/1075/728 1834/2110/727 1843/1076/742
f 1834/2110/727 1854/2965/2049 1843/1076/742
f 4341/3129/2636 4350/3411/2900 4349/3130/2637
f 4349/3130/2637 4348/3416/2905 4339/3131/2638
f 3957/2751/2278 3956/1835/1426 3948/1766/1364
f 4676/1752/1350 4677/3643/3123 3953/1753/1351
f 4677/3643/3123 3971/785/475 3953/1753/1351
f 4654/5788/3494 4666/3646/3126 4665/3644/3124
f 4665/3644/3124 4643/977/652 4654/5788/3494
f 4643/977/652 4631/798/488 4632/3134/2641
f 4654/5788/3494 4643/977/652 4644/5789/3495
f 4631/798/488 4611/797/487 4620/3133/2640
f 4611/797/487 4612/5790/3496 4620/3133/2640
f 4644/5789/3495 4643/977/652 4632/3134/2641
f 4276/3135/2642 4266/2022/1599 4267/1654/1253
f 5769/3136/902 5768/1281/904 5748/3137/901
f 3966/3138/2643 3965/2470/2028 3956/1835/1426
f 4292/3139/2644 4285/2456/2017 4286/2458/2019
f 5695/5479/3240 5696/4403/873 5707/5791/3497
f 5696/4403/873 5718/4418/893 5707/5791/3497
f 5718/4418/893 5740/3140/2645 5729/5792/3498
f 5717/5793/3499 5718/4418/893 5729/5792/3498
f 5717/5793/3499 5707/5791/3497 5718/4418/893
f 5739/5794/3500 5729/5792/3498 5740/3140/2645
f 5759/5795/3501 5751/3141/2646 5760/1294/920
f 5751/3141/2646 5739/5794/3500 5740/3140/2645
f 5779/5796/3290 5771/5797/3502 5780/4455/3180
f 5771/5797/3502 5759/5795/3501 5760/1294/920
f 5760/1294/920 5780/4455/3180 5771/5797/3502
f 3979/3142/2647 3978/2468/2026 3968/2469/2027
f 2736/2060/1634 2735/2058/1632 2725/3144/2649
f 5021/524/228 5020/1804/237 5010/491/212
f 3966/3138/2643 3976/542/252 3975/3145/2650
f 2141/1415/1023 2140/1385/998 2120/1364/981
f 3612/2818/2341 3634/2855/2378 3623/5798/3503
f 3634/2855/2378 3633/5799/3504 3623/5798/3503
f 3623/5798/3503 3611/3146/2651 3612/2818/2341
f 3611/3146/2651 3599/5800/3505 3600/2819/2342
f 3599/5800/3505 3589/5801/3506 3600/2819/2342
f 3589/5801/3506 3577/5802/3507 3578/1795/1391
f 3577/5802/3507 3567/5803/3508 3578/1795/1391
f 3567/5803/3508 3555/5740/3466 3556/2792/2315
f 3567/5803/3508 3556/2792/2315 3578/1795/1391
f 3600/2819/2342 3589/5801/3506 3578/1795/1391
f 4642/976/651 4653/1544/1149 4652/2964/2487
f 4664/3147/2652 4663/2962/2485 4652/2964/2487
f 2288/1594/1196 2287/4246/3145 2276/1536/1143
f 1853/1091/751 1854/2965/2049 1863/1103/760
f 1854/2965/2049 1873/2403/1964 1863/1103/760
f 3988/3148/2653 3978/2468/2026 3979/3142/2647
f 2676/1985/1569 2686/660/362 2685/1621/1220
f 2685/1621/1220 2684/1620/1219 2674/1982/1566
f 3986/3150/2655 3985/3154/2659 3975/3145/2650
f 2677/2890/2413 2687/661/363 2686/660/362
f 2410/1727/1325 2421/1736/1334 2420/846/534
f 2420/846/534 2398/848/536 2410/1727/1325
f 3495/2725/2269 3484/2698/2247 3485/2699/2248
f 3704/1799/1395 3684/2863/2386 3685/2864/2387
f 3990/2037/1614 4010/2036/1613 3999/3151/2656
f 4010/2036/1613 4009/3173/2678 3999/3151/2656
f 3995/3152/2657 3994/3162/2667 3984/3153/2658
f 3996/3155/2660 3995/3152/2657 3985/3154/2659
f 3997/3156/2661 3996/3155/2660 3986/3150/2655
f 3988/3148/2653 3998/3158/2663 3997/3156/2661
f 3989/3149/2654 3999/3151/2656 3998/3158/2663
f 3688/2894/2417 3698/2899/2422 3697/2891/2414
f 3697/2891/2414 3677/1114/771 3688/2894/2417
f 4003/2028/1605 4002/2027/1604 3982/3159/2664
f 4005/3161/2666 4004/3169/2674 3994/3162/2667
f 4006/3163/2668 4005/3161/2666 3995/3152/2657
f 4007/3164/2669 4006/3163/2668 3996/3155/2660
f 3998/3158/2663 4008/3165/2670 4007/3164/2669
f 3999/3151/2656 4009/3173/2678 4008/3165/2670
f 3791/2972/2494 3779/2953/2476 3780/2954/2477
f 4010/2036/1613 4011/5448/3210 4021/3167/2672
f 4011/5448/3210 4033/2765/2290 4021/3167/2672
f 4015/3168/2673 4014/2029/1606 4003/2028/1605
f 4016/3170/2675 4015/3168/2673 4004/3169/2674
f 4017/3171/2676 4016/3170/2675 4005/3161/2666
f 4018/3172/2677 4017/3171/2676 4006/3163/2668
f 4008/3165/2670 4019/3174/2679 4018/3172/2677
f 4009/3173/2678 4020/3175/2680 4019/3174/2679
f 4010/2036/1613 4021/3167/2672 4020/3175/2680
f 1932/1205/840 1943/1218/853 1942/1605/602
f 1942/1605/602 1920/3176/601 1932/1205/840
f 4026/3177/2681 4025/2128/1695 4014/2029/1606
f 4027/3178/2682 4026/3177/2681 4015/3168/2673
f 4028/3179/2683 4027/3178/2682 4016/3170/2675
f 4029/3180/2684 4028/3179/2683 4017/3171/2676
f 4019/3174/2679 4030/3181/2685 4029/3180/2684
f 4020/3175/2680 4031/3182/2686 4030/3181/2685
f 4021/3167/2672 4032/3166/2671 4031/3182/2686
f 4418/1570/1172 4440/2103/1674 4429/5804/3509
f 4440/2103/1674 4439/5805/3510 4429/5804/3509
f 4384/3443/2929 4396/1568/1170 4395/5806/3511
f 4396/1568/1170 4418/1570/1172 4407/3184/2688
f 4395/5806/3511 4383/5807/3512 4384/3443/2929
f 4407/3184/2688 4395/5806/3511 4396/1568/1170
f 4418/1570/1172 4429/5804/3509 4417/3183/2687
f 4032/3166/2671 4033/2765/2290 4043/3187/2691
f 4033/2765/2290 4055/3185/2689 4043/3187/2691
f 4037/3188/2692 4036/2129/1696 4025/2128/1695
f 4038/3189/2693 4037/3188/2692 4026/3177/2681
f 4039/3190/2694 4038/3189/2693 4027/3178/2682
f 4040/3191/2695 4039/3190/2694 4028/3179/2683
f 4030/3181/2685 4041/3192/2696 4040/3191/2695
f 4031/3182/2686 4042/3193/2697 4041/3192/2696
f 4032/3166/2671 4043/3187/2691 4042/3193/2697
f 3695/5808/3513 3696/2905/2428 3707/5809/3514
f 3696/2905/2428 3718/2914/2437 3707/5809/3514
f 3730/2931/2454 3752/2948/2471 3741/5810/3515
f 3752/2948/2471 3751/5811/3516 3741/5810/3515
f 3718/2914/2437 3730/2931/2454 3717/3195/2699
f 3717/3195/2699 3707/5809/3514 3718/2914/2437
f 3741/5810/3515 3729/3194/2698 3730/2931/2454
f 4048/3196/2700 4047/3203/2707 4036/2129/1696
f 4049/3197/2701 4048/3196/2700 4037/3188/2692
f 4050/3198/2702 4049/3197/2701 4038/3189/2693
f 4051/3199/2703 4050/3198/2702 4039/3190/2694
f 4041/3192/2696 4052/3200/2704 4051/3199/2703
f 4042/3193/2697 4053/3201/2705 4052/3200/2704
f 4043/3187/2691 4054/3186/2690 4053/3201/2705
f 2696/2452/2013 2695/1619/1218 2685/1621/1220
f 2910/2228/1793 2921/2238/1803 2920/2189/1756
f 2920/2189/1756 2898/2188/1755 2910/2228/1793
f 4059/3202/2706 4058/3210/2714 4047/3203/2707
f 4060/3204/2708 4059/3202/2706 4048/3196/2700
f 4061/3205/2709 4060/3204/2708 4049/3197/2701
f 4062/3206/2710 4061/3205/2709 4050/3198/2702
f 4052/3200/2704 4063/3207/2711 4062/3206/2710
f 4053/3201/2705 4064/3208/2712 4063/3207/2711
f 4054/3186/2690 4065/1891/1481 4064/3208/2712
f 4058/3210/2714 4069/3217/2721 4068/3219/2723
f 4068/3219/2723 4046/3209/2713 4058/3210/2714
f 4070/3211/2715 4069/3217/2721 4058/3210/2714
f 4071/3212/2716 4070/3211/2715 4059/3202/2706
f 4072/3213/2717 4071/3212/2716 4060/3204/2708
f 4073/3214/2718 4072/3213/2717 4061/3205/2709
f 4063/3207/2711 4074/3215/2719 4073/3214/2718
f 4064/3208/2712 4075/3216/2720 4074/3215/2719
f 4065/1891/1481 4076/1890/1480 4075/3216/2720
f 4649/1107/764 4648/1350/968 4637/1352/970
f 4069/3217/2721 4081/3220/2724 4080/3218/2722
f 4070/3211/2715 4082/3221/2725 4081/3220/2724
f 4071/3212/2716 4083/3222/2726 4082/3221/2725
f 4072/3213/2717 4084/3231/2735 4083/3222/2726
f 4085/3223/2727 4084/3231/2735 4072/3213/2717
f 4086/3224/2728 4085/3223/2727 4073/3214/2718
f 4087/3225/2729 4086/3224/2728 4074/3215/2719
f 4088/3226/2730 4087/3225/2729 4075/3216/2720
f 4089/3227/2731 4088/3226/2730 4076/1890/1480
f 4089/3227/2731 4111/3247/2749 4099/3228/2732
f 4111/3247/2749 4110/3245/2747 4099/3228/2732
f 4082/3221/2725 4093/3230/2734 4092/3229/2733
f 4083/3222/2726 4094/3232/2736 4093/3230/2734
f 4084/3231/2735 4095/3240/2742 4094/3232/2736
f 4096/3233/2737 4095/3240/2742 4084/3231/2735
f 4097/3234/2738 4096/3233/2737 4085/3223/2727
f 4098/3235/2739 4097/3234/2738 4086/3224/2728
f 4099/3228/2732 4098/3235/2739 4087/3225/2729
f 5101/3124/309 5123/4028/3138 5111/3236/307
f 5123/4028/3138 5122/5648/3197 5111/3236/307
f 4056/5743/3469 4066/3238/2740 4055/3185/2689
f 4066/3238/2740 4078/5812/3517 4077/1889/1479
f 4078/5812/3517 4090/5813/3518 4077/1889/1479
f 4090/5813/3518 4100/5814/3519 4089/3227/2731
f 4077/1889/1479 4090/5813/3518 4089/3227/2731
f 4100/5814/3519 4112/5815/3520 4111/3247/2749
f 4100/5814/3519 4111/3247/2749 4089/3227/2731
f 4093/3230/2734 4104/3239/2741 4103/2025/1602
f 4094/3232/2736 4105/3241/2743 4104/3239/2741
f 4095/3240/2742 4106/3249/2751 4105/3241/2743
f 4107/3242/2744 4106/3249/2751 4095/3240/2742
f 4108/3243/2745 4107/3242/2744 4096/3233/2737
f 4109/3244/2746 4108/3243/2745 4097/3234/2738
f 4110/3245/2747 4109/3244/2746 4098/3235/2739
f 4111/3247/2749 4133/3265/2767 4121/3246/2748
f 4133/3265/2767 4132/3264/2766 4121/3246/2748
f 4104/3239/2741 4115/3248/2750 4114/2026/1603
f 4105/3241/2743 4116/3250/2752 4115/3248/2750
f 4106/3249/2751 4117/3259/2761 4116/3250/2752
f 4118/3251/2753 4117/3259/2761 4106/3249/2751
f 4119/3252/2754 4118/3251/2753 4107/3242/2744
f 4120/3253/2755 4119/3252/2754 4108/3243/2745
f 4121/3246/2748 4120/3253/2755 4109/3244/2746
f 3078/2087/1660 3090/2394/1955 3077/3254/2756
f 3090/2394/1955 3112/2396/1957 3101/5816/3521
f 3077/3254/2756 3090/2394/1955 3089/5817/3522
f 3112/2396/1957 3111/5561/3318 3101/5816/3521
f 3101/5816/3521 3089/5817/3522 3090/2394/1955
f 3056/2085/1658 3078/2087/1660 3067/3255/2757
f 3067/3255/2757 3055/5818/3523 3056/2085/1658
f 4126/3256/2758 4125/3267/2769 4114/2026/1603
f 4127/3257/2759 4126/3256/2758 4115/3248/2750
f 4128/3258/2760 4127/3257/2759 4116/3250/2752
f 4129/3260/2762 4128/3258/2760 4117/3259/2761
f 4119/3252/2754 4130/3261/2763 4129/3260/2762
f 4120/3253/2755 4131/3262/2764 4130/3261/2763
f 4121/3246/2748 4132/3264/2766 4131/3262/2764
f 2719/2046/1620 2718/2013/1591 2698/1991/1572
f 4133/3265/2767 4155/3284/2786 4143/3263/2765
f 4155/3284/2786 4154/3283/2785 4143/3263/2765
f 4137/3266/2768 4136/3274/2776 4125/3267/2769
f 4138/3268/2770 4137/3266/2768 4126/3256/2758
f 4139/3269/2771 4138/3268/2770 4127/3257/2759
f 4140/3270/2772 4139/3269/2771 4128/3258/2760
f 4130/3261/2763 4141/3271/2773 4140/3270/2772
f 4131/3262/2764 4142/3272/2774 4141/3271/2773
f 4132/3264/2766 4143/3263/2765 4142/3272/2774
f 1841/1094/744 1840/1084/747 1830/1083/745
f 4148/3273/2775 4147/3286/2788 4136/3274/2776
f 4149/3275/2777 4148/3273/2775 4137/3266/2768
f 4150/3276/2778 4149/3275/2777 4138/3268/2770
f 4151/3277/2779 4150/3276/2778 4139/3269/2771
f 4141/3271/2773 4152/3278/2780 4151/3277/2779
f 4142/3272/2774 4153/3279/2781 4152/3278/2780
f 4143/3263/2765 4154/3283/2785 4153/3279/2781
f 3288/2554/2108 3310/2555/2109 3299/3280/2782
f 3310/2555/2109 3332/1674/1273 3321/5819/3524
f 3299/3280/2782 3310/2555/2109 3309/5820/3525
f 3332/1674/1273 3331/5729/3456 3321/5819/3524
f 3321/5819/3524 3309/5820/3525 3310/2555/2109
f 4155/3284/2786 4177/530/242 4165/3282/2784
f 4177/530/242 4176/3302/2804 4165/3282/2784
f 4159/3285/2787 4158/3293/2795 4147/3286/2788
f 4160/3287/2789 4159/3285/2787 4148/3273/2775
f 4161/3288/2790 4160/3287/2789 4149/3275/2777
f 4162/3289/2791 4161/3288/2790 4150/3276/2778
f 4152/3278/2780 4163/3290/2792 4162/3289/2791
f 4153/3279/2781 4164/3291/2793 4163/3290/2792
f 4154/3283/2785 4165/3282/2784 4164/3291/2793
f 2762/1616/1215 2763/3639/3119 2773/2080/1653
f 2763/3639/3119 2785/2285/1850 2773/2080/1653
f 4170/3292/2794 4169/1024/696 4158/3293/2795
f 4171/3294/2796 4170/3292/2794 4159/3285/2787
f 4172/3295/2797 4171/3294/2796 4160/3287/2789
f 4173/3296/2798 4172/3295/2797 4161/3288/2790
f 4163/3290/2792 4174/3297/2799 4173/3296/2798
f 4164/3291/2793 4175/3298/2800 4174/3297/2799
f 4165/3282/2784 4176/3302/2804 4175/3298/2800
f 2710/3299/2801 2690/4326/3158 2691/1612/1211
f 4177/530/242 4199/529/241 4187/3301/2803
f 4199/529/241 4198/3314/2816 4187/3301/2803
f 4170/3292/2794 4181/3303/2805 4180/1025/697
f 4171/3294/2796 4182/3304/2806 4181/3303/2805
f 4172/3295/2797 4183/3309/2811 4182/3304/2806
f 4184/3305/2807 4183/3309/2811 4172/3295/2797
f 4185/3306/2808 4184/3305/2807 4173/3296/2798
f 4186/3307/2809 4185/3306/2808 4174/3297/2799
f 4187/3301/2803 4186/3307/2809 4175/3298/2800
f 2494/1826/1417 2478/1783/1381 2479/1784/1382
f 4181/3303/2805 4192/3308/2810 4191/2070/1644
f 4182/3304/2806 4193/3310/2812 4192/3308/2810
f 4183/3309/2811 4194/3317/2819 4193/3310/2812
f 4195/3311/2813 4194/3317/2819 4183/3309/2811
f 4196/3312/2814 4195/3311/2813 4184/3305/2807
f 4197/3313/2815 4196/3312/2814 4185/3306/2808
f 4198/3314/2816 4197/3313/2815 4186/3307/2809
f 3196/2485/2041 3197/475/197 3206/1112/769
f 3206/1112/769 3214/3376/2871 3213/2484/2040
f 4199/529/241 4221/3333/2834 4209/3315/2817
f 4221/3333/2834 4220/3329/2831 4209/3315/2817
f 4192/3308/2810 4203/3316/2818 4202/2071/1645
f 4193/3310/2812 4204/3318/2820 4203/3316/2818
f 4194/3317/2819 4205/3324/2826 4204/3318/2820
f 4206/3319/2821 4205/3324/2826 4194/3317/2819
f 4207/3320/2822 4206/3319/2821 4195/3311/2813
f 4208/3321/2823 4207/3320/2822 4196/3312/2814
f 4209/3315/2817 4208/3321/2823 4197/3313/2815
f 2802/643/345 2801/3629/3109 2789/3322/2824
f 4203/3316/2818 4214/3323/2825 4213/2033/1610
f 4204/3318/2820 4215/3325/2827 4214/3323/2825
f 4205/3324/2826 4216/3336/2837 4215/3325/2827
f 4217/3326/2828 4216/3336/2837 4205/3324/2826
f 4218/3327/2829 4217/3326/2828 4206/3319/2821
f 4219/3328/2830 4218/3327/2829 4207/3320/2822
f 4220/3329/2831 4219/3328/2830 4208/3321/2823
f 1612/5821/3526 1624/5595/3237 1623/865/553
f 1623/865/553 1601/3113/524 1612/5821/3526
f 1601/3113/524 1579/3330/2127 1590/3332/2833
f 1602/5822/3527 1601/3113/524 1590/3332/2833
f 1579/3330/2127 1559/4140/2967 1568/5823/3528
f 1559/4140/2967 1537/775/465 1548/5824/3529
f 1560/5825/3530 1559/4140/2967 1548/5824/3529
f 1537/775/465 1538/5826/3460 1548/5824/3529
f 1602/5822/3527 1612/5821/3526 1601/3113/524
f 1559/4140/2967 1560/5825/3530 1568/5823/3528
f 1579/3330/2127 1568/5823/3528 1580/3331/2832
f 4241/1725/1323 4240/1724/1322 4220/3329/2831
f 4219/3328/2830 4220/3329/2831 4229/3334/2835
f 4220/3329/2831 4240/1724/1322 4229/3334/2835
f 4215/3325/2827 4225/3337/2838 4224/3335/2836
f 4216/3336/2837 4226/3347/2846 4225/3337/2838
f 4227/3338/2839 4226/3347/2846 4216/3336/2837
f 4228/3339/2840 4227/3338/2839 4217/3326/2828
f 4229/3334/2835 4228/3339/2840 4218/3327/2829
f 5289/4138/482 5290/3480/2966 5299/3341/504
f 5290/3480/2966 5310/2574/513 5299/3341/504
f 4438/5827/3531 4450/5828/3532 4449/3469/2955
f 4427/3344/2843 4405/3452/2938 4416/3342/2841
f 4405/3452/2938 4393/3453/2939 4406/5829/3533
f 4416/3342/2841 4405/3452/2938 4406/5829/3533
f 4393/3453/2939 4394/5830/3534 4406/5829/3533
f 4438/5827/3531 4449/3469/2955 4427/3344/2843
f 4428/3343/2842 4438/5827/3531 4427/3344/2843
f 4145/5665/3402 4146/4338/3164 4157/5831/3535
f 4146/4338/3164 4168/1023/695 4157/5831/3535
f 4179/3345/2844 4167/5832/3536 4168/1023/695
f 4167/5832/3536 4157/5831/3535 4168/1023/695
f 4201/5833/3537 4189/5834/3538 4190/2069/1643
f 4189/5834/3538 4179/3345/2844 4190/2069/1643
f 4223/5835/3539 4211/5836/3540 4212/5636/3375
f 4211/5836/3540 4201/5833/3537 4212/5636/3375
f 4232/2032/1609 4231/5837/3541 4223/5835/3539
f 4212/5636/3375 4232/2032/1609 4223/5835/3539
f 4190/2069/1643 4212/5636/3375 4201/5833/3537
f 4225/3337/2838 4235/3348/2847 4234/3346/2845
f 4226/3347/2846 4236/3353/2852 4235/3348/2847
f 4237/3349/2848 4236/3353/2852 4226/3347/2846
f 4238/3350/2849 4237/3349/2848 4227/3338/2839
f 4239/3110/2626 4238/3350/2849 4228/3339/2840
f 3188/505/221 3178/507/223 3179/2451/2012
f 2792/3351/2850 2791/485/207 2779/487/209
f 4235/3348/2847 4245/3354/2853 4244/3352/2851
f 4236/3353/2852 4246/3360/2858 4245/3354/2853
f 4247/2591/2143 4246/3360/2858 4236/3353/2852
f 4248/3355/2854 4247/2591/2143 4237/3349/2848
f 4249/3109/2625 4248/3355/2854 4238/3350/2849
f 4244/3352/2851 4254/3961/3135 4253/515/229
f 4253/515/229 4233/2034/1611 4244/3352/2851
f 4233/2034/1611 4253/515/229 4252/517/231
f 4344/3358/2857 4362/2114/1683 4361/5838/3542
f 4362/2114/1683 4384/3443/2929 4373/5839/3543
f 4361/5838/3542 4362/2114/1683 4373/5839/3543
f 4384/3443/2929 4383/5807/3512 4373/5839/3543
f 4327/5840/3544 4309/5841/3545 4310/582/288
f 4337/3357/2856 4327/5840/3544 4344/3358/2857
f 4327/5840/3544 4310/582/288 4344/3358/2857
f 4344/3358/2857 4361/5838/3542 4343/3356/2855
f 4259/2303/1864 4258/2688/2237 4248/3355/2854
f 2725/3144/2649 2724/2038/1615 2714/2030/1607
f 1280/513/214 1270/496/203 1271/1970/204
f 4246/3360/2858 4256/2590/2142 4255/3361/2859
f 3198/1997/1578 3188/505/221 3189/2461/2022
f 1274/504/176 1294/503/220 1283/2466/210
f 1294/503/220 1293/536/248 1283/2466/210
f 3774/2967/2489 3786/2969/2491 3773/5842/3546
f 3786/2969/2491 3785/2968/2490 3773/5842/3546
f 3773/5842/3546 3763/3362/2860 3774/2967/2489
f 3763/3362/2860 3751/5811/3516 3752/2948/2471
f 4269/2302/1863 4268/1655/1254 4258/2688/2237
f 3178/507/223 3168/2441/2002 3169/2442/2003
f 5594/1126/761 5593/1124/778 5583/1531/762
f 4256/2590/2142 4266/2022/1599 4265/3363/2861
f 3789/2971/2493 3788/2970/2492 3776/2950/2473
f 4440/2103/1674 4460/3364/2862 4451/3366/2864
f 4460/3364/2862 4480/1095/753 4471/5843/3547
f 4459/3365/2863 4460/3364/2862 4471/5843/3547
f 4480/1095/753 4479/5515/3274 4471/5843/3547
f 4451/3366/2864 4439/5805/3510 4440/2103/1674
f 3494/2713/2262 3483/2697/2246 3484/2698/2247
f 4253/515/229 4254/3961/3135 4264/3367/2865
f 4264/3367/2865 4274/2695/2244 4273/3368/2866
f 4279/460/186 4278/459/185 4268/1655/1254
f 3987/3157/2662 3977/544/254 3978/2468/2026
f 3986/3150/2655 3976/542/252 3977/544/254
f 4266/2022/1599 4276/3135/2642 4275/3369/2867
f 3985/3154/2659 3984/3153/2658 3974/2471/2029
f 3970/2875/2398 3990/2037/1614 3979/3142/2647
f 3990/2037/1614 3989/3149/2654 3979/3142/2647
f 3983/3160/2665 3982/3159/2664 3962/3370/2868
f 1482/5844/3305 1494/5845/3306 1493/1821/1412
f 1493/1821/1412 1471/2940/2463 1482/5844/3305
f 1471/2940/2463 1451/3372/1250 1460/3374/1252
f 1482/5844/3305 1471/2940/2463 1472/5846/3307
f 1451/3372/1250 1431/2044/343 1440/5847/3308
f 1431/2044/343 1411/2043/342 1420/5848/3309
f 1432/5849/3310 1431/2044/343 1420/5848/3309
f 1411/2043/342 1412/5850/3311 1420/5848/3309
f 1472/5846/3307 1471/2940/2463 1460/3374/1252
f 1431/2044/343 1432/5849/3310 1440/5847/3308
f 1451/3372/1250 1440/5847/3308 1452/3373/1251
f 5598/3375/2870 5609/1150/787 5608/4345/798
f 5608/4345/798 5578/3107/748 5598/3375/2870
f 3215/1111/768 3226/1610/1209 3225/2503/2059
f 2308/3128/2635 2298/3400/2895 2299/3377/2872
f 4276/3135/2642 4285/2456/2017 4284/2694/2243
f 3946/1588/1190 3963/3371/2869 3962/3370/2868
f 3962/3370/2868 4668/3378/2873 3946/1588/1190
f 3213/2484/2040 3224/2502/2058 3223/2501/2057
f 3034/2351/1912 3056/2085/1658 3045/5851/3548
f 3056/2085/1658 3055/5818/3523 3045/5851/3548
f 3021/3381/2876 3022/2321/1882 3034/2351/1912
f 3034/2351/1912 3045/5851/3548 3033/3380/2875
f 4274/2695/2244 4290/2273/1838 4289/1555/1157
f 2712/2040/1617 2722/3382/2877 2711/3300/2802
f 2722/3382/2877 2732/2049/1623 2731/2056/1630
f 4285/2456/2017 4292/3139/2644 4291/3383/2878
f 4306/3384/2879 4305/3386/2881 4295/3385/2880
f 4305/3386/2881 4304/1631/1230 4294/1633/1232
f 1308/552/244 1299/1688/235 1300/518/232
f 1287/527/239 1305/526/238 1304/561/267
f 4292/3139/2644 4302/3394/2889 4301/3387/2882
f 2562/1567/1169 2584/1900/1490 2573/5852/3549
f 2584/1900/1490 2606/1938/1525 2595/5853/3550
f 2583/5854/3551 2584/1900/1490 2595/5853/3550
f 2606/1938/1525 2605/5855/3552 2595/5853/3550
f 2528/1850/1441 2540/1565/1167 2527/5565/3322
f 2540/1565/1167 2562/1567/1169 2551/3389/2884
f 2539/5856/3553 2527/5565/3322 2540/1565/1167
f 2551/3389/2884 2539/5856/3553 2540/1565/1167
f 2584/1900/1490 2583/5854/3551 2573/5852/3549
f 2562/1567/1169 2573/5852/3549 2561/3388/2883
f 4280/1672/1271 4281/741/432 4296/1671/1270
f 4281/741/432 4307/3390/2885 4296/1671/1270
f 4310/582/288 4309/5841/3545 4297/3391/2886
f 4311/583/289 4310/582/288 4298/1556/1158
f 4312/1591/1193 4311/583/289 4299/2274/1839
f 4313/1592/1194 4312/1591/1193 4300/3392/2887
f 4314/3393/2888 4313/1592/1194 4301/3387/2882
f 4315/3395/2890 4314/3393/2888 4302/3394/2889
f 4304/1631/1230 4316/3397/2892 4315/3395/2890
f 4305/3386/2881 4317/3398/2893 4316/3397/2892
f 4306/3384/2879 4318/3115/2629 4317/3398/2893
f 4307/3390/2885 4319/3116/2630 4318/3115/2629
f 4308/3399/2894 4320/5857/3554 4319/3116/2630
f 1288/525/237 1289/514/228 1298/1689/1287
f 1298/1689/1287 1307/550/246 1306/548/258
f 2707/2015/1593 2717/2014/1592 2716/2775/2298
f 4363/2116/1685 4345/2115/1684 4346/2282/1847
f 2308/3128/2635 2319/1647/1246 2318/1646/1245
f 2318/1646/1245 2286/2275/1840 2298/3400/2895
f 2286/2275/1840 2287/4246/3145 2298/3400/2895
f 4335/3114/2628 4352/1824/1415 4351/1823/1414
f 2429/2455/2016 2451/1764/1362 2439/1742/1340
f 2451/1764/1362 2450/1762/1360 2439/1742/1340
f 4317/3398/2893 4334/3401/2896 4333/967/644
f 2776/3402/2897 2788/5662/3399 2775/5858/3555
f 2788/5662/3399 2787/5661/3398 2775/5858/3555
f 2775/5858/3555 2765/3403/2898 2776/3402/2897
f 2765/3403/2898 2753/5859/3556 2754/2077/1650
f 2753/5859/3556 2741/2054/1628 2754/2077/1650
f 2741/2054/1628 2742/2057/1631 2754/2077/1650
f 5382/4201/564 5392/3404/583 5381/897/581
f 5392/3404/583 5402/911/594 5401/895/216
f 4998/3962/756 5018/3407/634 5009/3406/633
f 5018/3407/634 5036/3607/3092 5029/5860/3247
f 5036/3607/3092 5058/3988/268 5047/5861/3248
f 5058/3988/268 5057/5686/3249 5047/5861/3248
f 5619/5862/3250 5620/3121/196 4991/5863/3251
f 5620/3121/196 4998/3962/756 4991/5863/3251
f 5036/3607/3092 5047/5861/3248 5035/5864/3252
f 5036/3607/3092 5035/5864/3252 5029/5860/3247
f 4997/5865/3253 4991/5863/3251 4998/3962/756
f 5009/3406/633 4997/5865/3253 4998/3962/756
f 5018/3407/634 5029/5860/3247 5017/3405/632
f 3182/2491/2047 3202/2299/1860 3191/2460/2021
f 3202/2299/1860 3201/2465/2025 3191/2460/2021
f 5025/538/248 5043/3979/265 5033/3408/2899
f 5043/3979/265 5042/3968/243 5033/3408/2899
f 1973/3410/257 1995/1287/913 1983/1240/255
f 1995/1287/913 1994/1250/881 1983/1240/255
f 2279/1696/1294 2278/1557/1159 2267/1537/1144
f 1897/1164/175 1275/502/219 1274/504/176
f 4265/3363/2861 4275/3369/2867 4274/2695/2244
f 4338/2422/1983 4330/1590/1192 4331/2074/1647
f 4333/967/644 4334/3401/2896 4341/3129/2636
f 4334/3401/2896 4351/1823/1414 4341/3129/2636
f 3311/2567/2121 3322/2577/2129 3310/2555/2109
f 3322/2577/2129 3333/1675/1274 3332/1674/1273
f 1761/5495/3256 1762/4292/1155 1773/3413/2902
f 1762/4292/1155 1784/1047/716 1773/3413/2902
f 1784/1047/716 1806/5508/3268 1795/5866/3557
f 1806/5508/3268 1805/5547/3304 1795/5866/3557
f 1795/5866/3557 1783/3412/2901 1784/1047/716
f 4134/3415/2904 4144/5867/3558 4133/3265/2767
f 4144/5867/3558 4156/5427/3189 4155/3284/2786
f 4133/3265/2767 4144/5867/3558 4155/3284/2786
f 4133/3265/2767 4111/3247/2749 4122/3414/2903
f 4111/3247/2749 4112/5815/3520 4122/3414/2903
f 3543/2771/2296 3542/2710/2259 3803/2712/2261
f 4348/3416/2905 4347/2287/1852 4338/2422/1983
f 1626/4360/3141 1648/2482/580 1637/5868/3462
f 1648/2482/580 1668/501/218 1659/3418/2204
f 1637/5868/3462 1648/2482/580 1647/3417/2203
f 1668/501/218 1684/500/217 1679/5869/3463
f 1684/500/217 1683/928/606 1679/5869/3463
f 1614/845/533 1626/4360/3141 1613/5454/3216
f 1625/5870/3464 1613/5454/3216 1626/4360/3141
f 1637/5868/3462 1625/5870/3464 1626/4360/3141
f 1668/501/218 1679/5869/3463 1667/5871/3465
f 1668/501/218 1667/5871/3465 1659/3418/2204
f 4024/2127/1694 4046/3209/2713 4035/5872/3559
f 4046/3209/2713 4045/5873/3560 4035/5872/3559
f 4035/5872/3559 4023/5874/3561 4024/2127/1694
f 4023/5874/3561 4013/3419/2906 4024/2127/1694
f 4013/3419/2906 4001/5875/3562 4002/2027/1604
f 5727/1988/913 5749/1987/903 5737/3420/892
f 5749/1987/903 5748/3137/901 5737/3420/892
f 4657/3422/2908 4646/3608/3093 4647/2476/2034
f 3493/2721/2267 3492/1165/805 3481/1166/806
f 2040/1311/931 2050/1321/941 2049/1307/919
f 2049/1307/919 2029/1309/921 2040/1311/931
f 4369/3423/2909 4368/1144/793 4350/3411/2900
f 3354/2601/2153 3364/2608/2160 3353/1673/1272
f 3364/2608/2160 3374/2607/2159 3373/2616/2168
f 4371/3424/2910 4370/1822/1413 4352/1824/1415
f 4371/3424/2910 4393/3453/2939 4381/3426/2912
f 4393/3453/2939 4392/3442/2928 4381/3426/2912
f 4364/2286/1851 4375/3428/2914 4374/3427/2913
f 4365/2288/1853 4376/3430/2916 4375/3428/2914
f 4366/3429/2915 4377/3437/2923 4376/3430/2916
f 4378/3431/2917 4377/3437/2923 4366/3429/2915
f 4379/3433/2919 4378/3431/2917 4367/3432/2918
f 4380/3434/2920 4379/3433/2919 4368/1144/793
f 4381/3426/2912 4380/3434/2920 4369/3423/2909
f 4375/3428/2914 4386/3436/2922 4385/3435/2921
f 4376/3430/2916 4387/3438/2924 4386/3436/2922
f 4377/3437/2923 4388/3446/2932 4387/3438/2924
f 4389/3439/2925 4388/3446/2932 4377/3437/2923
f 4390/3440/2926 4389/3439/2925 4378/3431/2917
f 4391/3441/2927 4390/3440/2926 4379/3433/2919
f 4392/3442/2928 4391/3441/2927 4380/3434/2920
f 4385/3435/2921 4397/3444/2930 4396/1568/1170
f 4386/3436/2922 4398/3445/2931 4397/3444/2930
f 4387/3438/2924 4399/3447/2933 4398/3445/2931
f 4388/3446/2932 4400/3459/2945 4399/3447/2933
f 4401/3448/2934 4400/3459/2945 4388/3446/2932
f 4402/3449/2935 4401/3448/2934 4389/3439/2925
f 4403/3450/2936 4402/3449/2935 4390/3440/2926
f 4404/3451/2937 4403/3450/2936 4391/3441/2927
f 4405/3452/2938 4404/3451/2937 4392/3442/2928
f 4404/3451/2937 4405/3452/2938 4415/3455/2941
f 4405/3452/2938 4427/3344/2843 4415/3455/2941
f 4409/3456/2942 4408/1569/1171 4397/3444/2930
f 4410/3457/2943 4409/3456/2942 4398/3445/2931
f 4411/3458/2944 4410/3457/2943 4399/3447/2933
f 4412/3460/2946 4411/3458/2944 4400/3459/2945
f 4402/3449/2935 4413/3461/2947 4412/3460/2946
f 4403/3450/2936 4414/3462/2948 4413/3461/2947
f 4404/3451/2937 4415/3455/2941 4414/3462/2948
f 2281/510/226 2292/1584/1186 2291/1586/1188
f 4420/3463/2949 4419/3473/2959 4408/1569/1171
f 4421/3464/2950 4420/3463/2949 4409/3456/2942
f 4422/3465/2951 4421/3464/2950 4410/3457/2943
f 4423/3466/2952 4422/3465/2951 4411/3458/2944
f 4413/3461/2947 4424/3467/2953 4423/3466/2952
f 4414/3462/2948 4425/3468/2954 4424/3467/2953
f 4415/3455/2941 4426/3454/2940 4425/3468/2954
f 2266/1558/1160 2265/1535/1142 3235/1543/1148
f 4426/3454/2940 4427/3344/2843 4437/3471/2957
f 4427/3344/2843 4449/3469/2955 4437/3471/2957
f 4431/3472/2958 4430/2102/1673 4419/3473/2959
f 4432/3474/2960 4431/3472/2958 4420/3463/2949
f 4433/3475/2961 4432/3474/2960 4421/3464/2950
f 4434/3476/2962 4433/3475/2961 4422/3465/2951
f 4424/3467/2953 4435/3477/2963 4434/3476/2962
f 4425/3468/2954 4436/3478/2964 4435/3477/2963
f 4426/3454/2940 4437/3471/2957 4436/3478/2964
f 2866/2192/1759 2877/2067/1641 2876/2066/1640
f 2876/2066/1640 2854/3479/2965 2866/2192/1759
f 5311/2575/2127 5310/2574/513 5290/3480/2966
f 4442/3482/2968 4441/623/327 4430/2102/1673
f 4443/3483/2969 4442/3482/2968 4431/3472/2958
f 4444/3484/2970 4443/3483/2969 4432/3474/2960
f 4445/3485/2971 4444/3484/2970 4433/3475/2961
f 4435/3477/2963 4446/3486/2972 4445/3485/2971
f 4436/3478/2964 4447/3487/2973 4446/3486/2972
f 4437/3471/2957 4448/3470/2956 4447/3487/2973
f 4449/3469/2955 4469/1332/952 4468/1331/951
f 4448/3470/2956 4468/1331/951 4457/3488/2974
f 4468/1331/951 4467/3498/2984 4457/3488/2974
f 4453/3489/2975 4452/624/328 4442/3482/2968
f 4454/3490/2976 4453/3489/2975 4443/3483/2969
f 4455/3491/2977 4454/3490/2976 4444/3484/2970
f 4446/3486/2972 4456/3492/2978 4455/3491/2977
f 4447/3487/2973 4457/3488/2974 4456/3492/2978
f 2104/1367/984 2114/1377/991 2113/1376/990
f 2113/1376/990 2093/1353/971 2104/1367/984
f 2121/1546/979 2120/1364/981 2100/1360/978
f 4463/3493/2979 4462/3500/2986 4452/624/328
f 4464/3494/2980 4463/3493/2979 4453/3489/2975
f 4465/3495/2981 4464/3494/2980 4454/3490/2976
f 4456/3492/2978 4466/3496/2982 4465/3495/2981
f 4457/3488/2974 4467/3498/2984 4466/3496/2982
f 4468/1331/951 4488/3521/3007 4477/3497/2983
f 4488/3521/3007 4487/3511/2997 4477/3497/2983
f 4473/3499/2985 4472/1636/1235 4462/3500/2986
f 4474/3501/2987 4473/3499/2985 4463/3493/2979
f 4475/3502/2988 4474/3501/2987 4464/3494/2980
f 4466/3496/2982 4476/3503/2989 4475/3502/2988
f 4467/3498/2984 4477/3497/2983 4476/3503/2989
f 2930/5876/3563 2940/5877/3564 2929/2215/1782
f 2940/5877/3564 2952/5654/3391 2951/2234/1799
f 2929/2215/1782 2940/5877/3564 2951/2234/1799
f 2929/2215/1782 2907/2198/1765 2918/5878/3565
f 2918/5878/3565 2930/5876/3563 2929/2215/1782
f 2896/3504/2990 2908/5879/3566 2907/2198/1765
f 2908/5879/3566 2918/5878/3565 2907/2198/1765
f 2874/5880/3567 2886/5881/3568 2885/2175/1742
f 2886/5881/3568 2896/3504/2990 2885/2175/1742
f 2863/2154/1721 2864/5882/3569 2874/5880/3567
f 2885/2175/1742 2863/2154/1721 2874/5880/3567
f 4461/625/329 4481/1637/1236 4480/1095/753
f 4478/3506/2992 4490/5582/3339 4489/1330/950
f 4489/1330/950 4469/1332/952 4478/3506/2992
f 4469/1332/952 4449/3469/2955 4458/5883/3570
f 4470/3505/2991 4469/1332/952 4458/5883/3570
f 4449/3469/2955 4450/5828/3532 4458/5883/3570
f 4473/3499/2985 4483/3508/2994 4482/3507/2993
f 4474/3501/2987 4484/3516/3002 4483/3508/2994
f 4485/3509/2995 4484/3516/3002 4474/3501/2987
f 4486/3510/2996 4485/3509/2995 4475/3502/2988
f 4487/3511/2997 4486/3510/2996 4476/3503/2989
f 4488/3521/3007 4489/1330/950 4499/3514/3000
f 4489/1330/950 4511/3512/2998 4499/3514/3000
f 4482/3507/2993 4493/3515/3001 4492/1096/754
f 4483/3508/2994 4494/3517/3003 4493/3515/3001
f 4484/3516/3002 4495/3525/3010 4494/3517/3003
f 4496/3518/3004 4495/3525/3010 4484/3516/3002
f 4497/3519/3005 4496/3518/3004 4485/3509/2995
f 4498/3520/3006 4497/3519/3005 4486/3510/2996
f 4499/3514/3000 4498/3520/3006 4487/3511/2997
f 3643/2005/1584 3665/2004/1583 3653/2854/2377
f 3665/2004/1583 3664/2862/2385 3653/2854/2377
f 4993/1284/190 4992/1285/206 5623/3522/191
f 4493/3515/3001 4504/3524/3009 4503/3523/3008
f 4494/3517/3003 4505/3526/3011 4504/3524/3009
f 4495/3525/3010 4506/3533/3018 4505/3526/3011
f 4507/3527/3012 4506/3533/3018 4495/3525/3010
f 4508/3528/3013 4507/3527/3012 4496/3518/3004
f 4509/3529/3014 4508/3528/3013 4497/3519/3005
f 4510/3513/2999 4509/3529/3014 4498/3520/3006
f 2323/1622/1221 2322/1639/1238 2311/3530/3015
f 4504/3524/3009 4515/3532/3017 4514/3531/3016
f 4505/3526/3011 4516/3534/3019 4515/3532/3017
f 4506/3533/3018 4517/3540/3025 4516/3534/3019
f 4518/3535/3020 4517/3540/3025 4506/3533/3018
f 4519/3536/3021 4518/3535/3020 4507/3527/3012
f 4520/3537/3022 4519/3536/3021 4508/3528/3013
f 4521/1253/884 4520/3537/3022 4509/3529/3014
f 4503/3523/3008 4514/3531/3016 4502/1097/755
f 4514/3531/3016 4525/3538/3023 4524/1211/846
f 4515/3532/3017 4526/3539/3024 4525/3538/3023
f 4516/3534/3019 4527/3541/3026 4526/3539/3024
f 4517/3540/3025 4528/3550/3035 4527/3541/3026
f 4529/3542/3027 4528/3550/3035 4517/3540/3025
f 4530/3543/3028 4529/3542/3027 4518/3535/3020
f 4531/3544/3029 4530/3543/3028 4519/3536/3021
f 4532/1252/883 4531/3544/3029 4520/3537/3022
f 4318/3115/2629 4335/3114/2628 4334/3401/2896
f 4532/1252/883 4533/1251/882 4543/3547/3032
f 4533/1251/882 4555/3545/3030 4543/3547/3032
f 4526/3539/3024 4537/3549/3034 4536/3548/3033
f 4527/3541/3026 4538/3551/3036 4537/3549/3034
f 4528/3550/3035 4539/3558/3043 4538/3551/3036
f 4540/3552/3037 4539/3558/3043 4528/3550/3035
f 4541/3553/3038 4540/3552/3037 4529/3542/3027
f 4542/3554/3039 4541/3553/3038 4530/3543/3028
f 4543/3547/3032 4542/3554/3039 4531/3544/3029
f 4363/2116/1685 4374/3427/2913 4362/2114/1683
f 4374/3427/2913 4385/3435/2921 4384/3443/2929
f 2842/5884/3571 2852/5885/3572 2841/5663/3400
f 2852/5885/3572 2864/5882/3569 2863/2154/1721
f 2841/5663/3400 2852/5885/3572 2863/2154/1721
f 2841/5663/3400 2821/2140/1707 2830/5886/3573
f 2830/5886/3573 2842/5884/3571 2841/5663/3400
f 2810/3555/3040 2822/5887/3574 2821/2140/1707
f 2822/5887/3574 2830/5886/3573 2821/2140/1707
f 2797/5683/3420 2798/5888/3575 2809/2133/1700
f 2798/5888/3575 2810/3555/3040 2809/2133/1700
f 4537/3549/3034 4548/3557/3042 4547/3556/3041
f 4538/3551/3036 4549/3559/3044 4548/3557/3042
f 4539/3558/3043 4550/3568/3053 4549/3559/3044
f 4551/3560/3045 4550/3568/3053 4539/3558/3043
f 4552/3561/3046 4551/3560/3045 4540/3552/3037
f 4553/3562/3047 4552/3561/3046 4541/3553/3038
f 4554/3546/3031 4553/3562/3047 4542/3554/3039
f 4559/3563/3048 4558/2207/1774 4546/3564/3049
f 4560/3565/3050 4559/3563/3048 4547/3556/3041
f 4561/3566/3051 4560/3565/3050 4548/3557/3042
f 4562/3567/3052 4561/3566/3051 4549/3559/3044
f 4563/3569/3054 4562/3567/3052 4550/3568/3053
f 4552/3561/3046 4564/3570/3055 4563/3569/3054
f 4553/3562/3047 4565/3571/3056 4564/3570/3055
f 4554/3546/3031 4566/3572/3057 4565/3571/3056
f 4555/3545/3030 4567/3574/3059 4566/3572/3057
f 3969/3143/2648 3952/1751/1349 3953/1753/1351
f 4567/3574/3059 4589/3591/3076 4577/3573/3058
f 4589/3591/3076 4588/3590/3075 4577/3573/3058
f 4571/3575/3060 4570/2208/1775 4559/3563/3048
f 4572/3576/3061 4571/3575/3060 4560/3565/3050
f 4573/3577/3062 4572/3576/3061 4561/3566/3051
f 4574/3578/3063 4573/3577/3062 4562/3567/3052
f 4564/3570/3055 4575/3579/3064 4574/3578/3063
f 4565/3571/3056 4576/3580/3065 4575/3579/3064
f 4566/3572/3057 4577/3573/3058 4576/3580/3065
f 4136/3274/2776 4147/3286/2788 4146/4338/3164
f 4146/4338/3164 4124/2152/1719 4136/3274/2776
f 4582/3581/3066 4581/3593/3078 4570/2208/1775
f 4583/3582/3067 4582/3581/3066 4571/3575/3060
f 4584/3583/3068 4583/3582/3067 4572/3576/3061
f 4585/3584/3069 4584/3583/3068 4573/3577/3062
f 4575/3579/3064 4586/3585/3070 4585/3584/3069
f 4576/3580/3065 4587/3586/3071 4586/3585/3070
f 4577/3573/3058 4588/3590/3075 4587/3586/3071
f 2648/3588/3073 2660/5754/3209 2659/2882/2405
f 2659/2882/2405 2637/1951/1538 2648/3588/3073
f 2637/1951/1538 2615/1626/1225 2626/5889/3576
f 2638/3587/3072 2637/1951/1538 2626/5889/3576
f 2615/1626/1225 2616/5745/3471 2626/5889/3576
f 4589/3591/3076 4611/797/487 4599/3589/3074
f 4611/797/487 4610/5458/3220 4599/3589/3074
f 4593/3592/3077 4592/1600/1202 4581/3593/3078
f 4594/3594/3079 4593/3592/3077 4582/3581/3066
f 4595/3595/3080 4594/3594/3079 4583/3582/3067
f 4596/3596/3081 4595/3595/3080 4584/3583/3068
f 4586/3585/3070 4597/3597/3082 4596/3596/3081
f 4587/3586/3071 4598/3598/3083 4597/3597/3082
f 4588/3590/3075 4599/3589/3074 4598/3598/3083
f 2629/1953/1540 2640/1963/1550 2628/1940/1527
f 2640/1963/1550 2651/1978/1562 2650/1980/1564
f 4600/5890/3577 4612/5790/3496 4611/797/487
f 4589/3591/3076 4567/3574/3059 4578/3599/3084
f 4567/3574/3059 4555/3545/3030 4556/5579/3336
f 4578/3599/3084 4567/3574/3059 4568/5891/3578
f 4556/5579/3336 4568/5891/3578 4567/3574/3059
f 4600/5890/3577 4611/797/487 4589/3591/3076
f 4590/3600/3085 4600/5890/3577 4589/3591/3076
f 4604/3601/3086 4603/1947/1534 4592/1600/1202
f 4605/3602/3087 4604/3601/3086 4593/3592/3077
f 4606/3603/3088 4605/3602/3087 4594/3594/3079
f 4607/3604/3089 4606/3603/3088 4595/3595/3080
f 4597/3597/3082 4608/3605/3090 4607/3604/3089
f 4598/3598/3083 4609/3606/3091 4608/3605/3090
f 4599/3589/3074 4610/5458/3220 4609/3606/3091
f 5019/1806/239 5037/1805/238 5036/3607/3092
f 4635/1847/1438 4646/3608/3093 4634/2099/1670
f 4646/3608/3093 4657/3422/2908 4656/3609/3094
f 4609/3606/3091 4610/5458/3220 4619/3610/3095
f 4610/5458/3220 4630/796/486 4619/3610/3095
f 4615/3611/3096 4614/1948/1535 4604/3601/3086
f 4616/3612/3097 4615/3611/3096 4605/3602/3087
f 4617/3613/3098 4616/3612/3097 4606/3603/3088
f 4608/3605/3090 4618/3614/3099 4617/3613/3098
f 4609/3606/3091 4619/3610/3095 4618/3614/3099
f 3806/2757/2283 3807/2973/2495 3545/2755/2281
f 3807/2973/2495 3565/893/578 3545/2755/2281
f 4623/1849/1440 4622/1848/1439 4602/1601/1203
f 4625/3615/3100 4624/3632/3112 4614/1948/1535
f 4626/2828/2351 4625/3615/3100 4615/3611/3096
f 4627/1813/1404 4626/2828/2351 4616/3612/3097
f 4618/3614/3099 4628/1811/1402 4627/1813/1404
f 4619/3610/3095 4629/1153/796 4628/1811/1402
f 5613/3616/799 5612/1131/783 5601/1130/782
f 3414/5892/3579 3426/5786/3492 3425/2638/2187
f 3425/2638/2187 3403/4329/3159 3414/5892/3579
f 3403/4329/3159 3381/2596/2148 3392/3618/3102
f 3414/5892/3579 3403/4329/3159 3404/5893/3580
f 3381/2596/2148 3361/2597/2149 3370/5894/3581
f 3361/2597/2149 3341/2563/2117 3350/5895/3582
f 3362/5896/3583 3361/2597/2149 3350/5895/3582
f 3341/2563/2117 3342/5705/3437 3350/5895/3582
f 3404/5893/3580 3403/4329/3159 3392/3618/3102
f 3361/2597/2149 3362/5896/3583 3370/5894/3581
f 3381/2596/2148 3370/5894/3581 3382/3617/3101
f 4348/3416/2905 4355/801/491 4347/2287/1852
f 4355/801/491 4357/800/490 4347/2287/1852
f 4357/800/490 4359/5459/3221 4365/2288/1853
f 4359/5459/3221 4366/3429/2915 4365/2288/1853
f 2605/5855/3552 2606/1938/1525 2617/3620/3104
f 2606/1938/1525 2628/1940/1527 2617/3620/3104
f 2628/1940/1527 2650/1980/1564 2639/5897/3584
f 2650/1980/1564 2649/5898/3562 2639/5897/3584
f 2628/1940/1527 2639/5897/3584 2627/3619/3103
f 5583/1531/762 5582/1530/1138 5572/3621/747
f 5302/3624/485 5324/4159/514 5313/5899/3213
f 5324/4159/514 5346/4174/533 5335/5900/3214
f 5323/5901/3215 5324/4159/514 5335/5900/3214
f 5346/4174/533 5345/5737/3216 5335/5900/3214
f 5260/762/452 5282/4132/3140 5271/5902/3217
f 5282/4132/3140 5302/3624/485 5293/3623/484
f 5281/5903/3218 5282/4132/3140 5293/3623/484
f 5271/5902/3217 5259/5904/3219 5260/762/452
f 5281/5903/3218 5271/5902/3217 5282/4132/3140
f 5324/4159/514 5323/5901/3215 5313/5899/3213
f 5302/3624/485 5313/5899/3213 5301/3622/483
f 4674/3627/3107 3951/728/421 3942/3625/3105
f 3951/728/421 3950/2752/2279 3944/5905/3585
f 3951/728/421 3944/5905/3585 3942/3625/3105
f 2682/3628/3108 2692/2003/1582 2691/1612/1211
f 2691/1612/1211 2671/1614/1213 2682/3628/3108
f 2814/1870/1461 2813/1869/1460 2801/3629/3109
f 2702/2012/1590 2712/2040/1617 2711/3300/2802
f 2711/3300/2802 2691/1612/1211 2702/2012/1590
f 2789/3322/2824 2801/3629/3109 2788/5662/3399
f 2801/3629/3109 2800/4337/3163 2788/5662/3399
f 2788/5662/3399 2776/3402/2897 2789/3322/2824
f 5587/2016/1594 5617/4346/803 5605/2637/1964
f 5617/4346/803 5616/2636/802 5605/2637/1964
f 4080/3218/2722 4102/2024/1601 4091/5906/3586
f 4102/2024/1601 4101/5667/3404 4091/5906/3586
f 4091/5906/3586 4079/5907/3587 4080/3218/2722
f 4079/5907/3587 4067/5908/3588 4080/3218/2722
f 4067/5908/3588 4057/3630/3110 4068/3219/2723
f 4080/3218/2722 4067/5908/3588 4068/3219/2723
f 4057/3630/3110 4045/5873/3560 4046/3209/2713
f 3947/1589/1191 3946/1588/1190 4669/3379/2874
f 3966/3138/2643 3957/2751/2278 3958/727/420
f 2282/1549/1152 2293/1564/1166 2292/1584/1186
f 3800/2344/1905 3539/1183/823 3538/1182/822
f 3424/2639/2188 3425/2638/2187 3435/2669/2218
f 3425/2638/2187 3447/3631/3111 3435/2669/2218
f 4641/1152/795 4652/2964/2487 4651/2963/2486
f 2730/2053/1627 2710/3299/2801 2711/3300/2802
f 4636/1351/969 4635/1847/1438 4623/1849/1440
f 3243/2504/2060 2273/1563/1165 2272/1548/1151
f 3982/3159/2664 4002/2027/1604 3993/5909/3589
f 4002/2027/1604 4001/5875/3562 3993/5909/3589
f 3993/5909/3589 3981/5910/3590 3982/3159/2664
f 3981/5910/3590 3973/3633/3113 3982/3159/2664
f 3973/3633/3113 3961/5911/3591 3962/3370/2868
f 3961/5911/3591 3955/5912/3592 3962/3370/2868
f 3955/5912/3592 3945/5913/3593 3962/3370/2868
f 3945/5913/3593 4667/3641/3121 4668/3378/2873
f 3945/5913/3593 4668/3378/2873 3962/3370/2868
f 3633/5799/3504 3634/2855/2378 3645/5914/3594
f 3634/2855/2378 3656/1115/772 3645/5914/3594
f 3676/2892/2415 3696/2905/2428 3687/3634/3114
f 3696/2905/2428 3695/5808/3513 3687/3634/3114
f 3656/1115/772 3676/2892/2415 3667/5915/3595
f 3655/5916/3596 3656/1115/772 3667/5915/3595
f 3655/5916/3596 3645/5914/3594 3656/1115/772
f 3675/3635/3115 3667/5915/3595 3676/2892/2415
f 1484/718/404 1506/740/424 1495/3636/3116
f 1506/740/424 1528/815/452 1517/5917/3597
f 1495/3636/3116 1506/740/424 1505/5918/3598
f 1528/815/452 1527/5457/3219 1517/5917/3597
f 1517/5917/3597 1505/5918/3598 1506/740/424
f 4662/3638/3118 4661/1106/763 4650/1108/765
f 2774/5919/3599 2786/5920/3600 2785/2285/1850
f 2786/5920/3600 2798/5888/3575 2797/5683/3420
f 2785/2285/1850 2786/5920/3600 2797/5683/3420
f 2763/3639/3119 2751/1615/1214 2752/2062/1636
f 2785/2285/1850 2763/3639/3119 2774/5919/3599
f 2764/3640/3120 2774/5919/3599 2763/3639/3119
f 4656/3609/3094 4668/3378/2873 4667/3641/3121
f 4657/3422/2908 4669/3379/2874 4668/3378/2873
f 4658/2583/2135 4670/1767/1365 4669/3379/2874
f 4659/1109/766 4671/1768/1366 4670/1767/1365
f 4660/1110/767 4672/5710/3442 4671/1768/1366
f 4673/3626/3106 4672/5710/3442 4660/1110/767
f 4674/3627/3107 4673/3626/3106 4661/1106/763
f 4675/2715/2264 4674/3627/3107 4662/3638/3118
f 4676/1752/1350 4675/2715/2264 4663/2962/2485
f 4677/3643/3123 4676/1752/1350 4664/3147/2652
f 4678/3645/3125 4677/3643/3123 4665/3644/3124
f 4692/3647/31 4691/3667/54 4679/3648/32
f 4681/3650/35 4693/3668/34 4692/3647/31
f 4694/3651/36 4693/3668/34 4681/3650/35
f 4683/3653/39 4695/3671/38 4694/3651/36
f 4696/3654/75 4695/3671/38 4683/3653/39
f 4697/3656/42 4696/3654/75 4684/3655/41
f 4686/3658/45 4698/3676/44 4697/3656/42
f 4699/3659/46 4698/3676/44 4686/3658/45
f 4700/3661/48 4699/3659/46 4687/3660/47
f 4701/3663/50 4700/3661/48 4688/3662/49
f 4690/3665/53 4702/3681/52 4701/3663/50
f 4692/3647/31 4704/3669/55 4703/3666/54
f 4693/3668/34 4705/3670/56 4704/3669/55
f 4694/3651/36 4706/3672/57 4705/3670/56
f 4695/3671/38 4707/3673/58 4706/3672/57
f 4696/3654/75 4708/3687/69 4707/3673/58
f 4709/3674/59 4708/3687/69 4696/3654/75
f 4710/3675/76 4709/3674/59 4697/3656/42
f 4711/3677/61 4710/3675/76 4698/3676/44
f 4712/3678/62 4711/3677/61 4699/3659/46
f 4713/3679/63 4712/3678/62 4700/3661/48
f 4714/3680/52 4713/3679/63 4701/3663/50
f 4716/3682/64 4715/3695/32 4703/3666/54
f 4717/3683/65 4716/3682/64 4704/3669/55
f 4718/3684/66 4717/3683/65 4705/3670/56
f 4719/3685/67 4718/3684/66 4706/3672/57
f 4720/3686/68 4719/3685/67 4707/3673/58
f 4721/3688/70 4720/3686/68 4708/3687/69
f 4722/3689/71 4721/3688/70 4709/3674/59
f 4723/3690/72 4722/3689/71 4710/3675/76
f 4724/3691/73 4723/3690/72 4711/3677/61
f 4725/3692/74 4724/3691/73 4712/3678/62
f 4726/3693/53 4725/3692/74 4713/3679/63
f 4728/3694/33 4727/3706/32 4715/3695/32
f 4729/3696/35 4728/3694/33 4716/3682/64
f 4730/3697/37 4729/3696/35 4717/3683/65
f 4731/3698/39 4730/3697/37 4718/3684/66
f 4732/3699/41 4731/3698/39 4719/3685/67
f 4733/3700/43 4732/3699/41 4720/3686/68
f 4722/3689/71 4734/3701/45 4733/3700/43
f 4723/3690/72 4735/3702/47 4734/3701/45
f 4724/3691/73 4736/3703/49 4735/3702/47
f 4725/3692/74 4737/3704/51 4736/3703/49
f 4726/3693/53 4738/3716/53 4737/3704/51
f 4740/3705/31 4739/3718/54 4727/3706/32
f 4741/3707/34 4740/3705/31 4728/3694/33
f 4742/3708/36 4741/3707/34 4729/3696/35
f 4743/3709/38 4742/3708/36 4730/3697/37
f 4744/3710/75 4743/3709/38 4731/3698/39
f 4745/3711/42 4744/3710/75 4732/3699/41
f 4734/3701/45 4746/3725/44 4745/3711/42
f 4747/3712/46 4746/3725/44 4734/3701/45
f 4748/3713/48 4747/3712/46 4735/3702/47
f 4749/3714/50 4748/3713/48 4736/3703/49
f 4750/3715/52 4749/3714/50 4737/3704/51
f 4740/3705/31 4752/3719/55 4751/3717/54
f 4741/3707/34 4753/3720/56 4752/3719/55
f 4742/3708/36 4754/3721/57 4753/3720/56
f 4743/3709/38 4755/3722/58 4754/3721/57
f 4744/3710/75 4756/3735/69 4755/3722/58
f 4757/3723/59 4756/3735/69 4744/3710/75
f 4758/3724/76 4757/3723/59 4745/3711/42
f 4759/3726/61 4758/3724/76 4746/3725/44
f 4760/3727/62 4759/3726/61 4747/3712/46
f 4761/3728/63 4760/3727/62 4748/3713/48
f 4762/3729/52 4761/3728/63 4749/3714/50
f 4764/3730/64 4763/3743/32 4751/3717/54
f 4765/3731/65 4764/3730/64 4752/3719/55
f 4766/3732/66 4765/3731/65 4753/3720/56
f 4767/3733/2268 4766/3732/66 4754/3721/57
f 4768/3734/68 4767/3733/2268 4755/3722/58
f 4769/3736/70 4768/3734/68 4756/3735/69
f 4770/3737/71 4769/3736/70 4757/3723/59
f 4771/3738/72 4770/3737/71 4758/3724/76
f 4772/3739/73 4771/3738/72 4759/3726/61
f 4773/3740/74 4772/3739/73 4760/3727/62
f 4774/3741/53 4773/3740/74 4761/3728/63
f 4776/3742/77 4775/3752/88 4763/3743/32
f 4765/3731/65 4777/3754/78 4776/3742/77
f 4778/3744/79 4777/3754/78 4765/3731/65
f 4779/3745/80 4778/3744/79 4766/3732/66
f 4780/3746/93 4779/3745/80 4767/3733/2268
f 4781/3747/81 4780/3746/93 4768/3734/68
f 4770/3737/71 4782/3760/82 4781/3747/81
f 4783/3748/83 4782/3760/82 4770/3737/71
f 4784/3749/84 4783/3748/83 4771/3738/72
f 4785/3750/85 4784/3749/84 4772/3739/73
f 4774/3741/53 4786/3765/86 4785/3750/85
f 4788/3751/87 4787/3767/100 4775/3752/88
f 4789/3753/89 4788/3751/87 4776/3742/77
f 4790/3755/90 4789/3753/89 4777/3754/78
f 4791/3756/91 4790/3755/90 4778/3744/79
f 4792/3757/92 4791/3756/91 4779/3745/80
f 4793/3758/94 4792/3757/92 4780/3746/93
f 4794/3759/95 4793/3758/94 4781/3747/81
f 4795/3761/96 4794/3759/95 4782/3760/82
f 4796/3762/97 4795/3761/96 4783/3748/83
f 4797/3763/98 4796/3762/97 4784/3749/84
f 4798/3764/99 4797/3763/98 4785/3750/85
f 4788/3751/87 4800/3777/55 4799/3766/54
f 4801/3768/56 4800/3777/55 4788/3751/87
f 4802/3769/57 4801/3768/56 4789/3753/89
f 4803/3770/58 4802/3769/57 4790/3755/90
f 4792/3757/92 4804/3781/69 4803/3770/58
f 4805/3771/59 4804/3781/69 4792/3757/92
f 4806/3772/76 4805/3771/59 4793/3758/94
f 4807/3773/61 4806/3772/76 4794/3759/95
f 4808/3774/62 4807/3773/61 4795/3761/96
f 4797/3763/98 4809/3786/63 4808/3774/62
f 4810/3775/52 4809/3786/63 4797/3763/98
f 4812/3776/64 4811/3788/32 4799/3766/54
f 4813/3778/65 4812/3776/64 4800/3777/55
f 4814/3779/66 4813/3778/65 4801/3768/56
f 4803/3770/58 4815/3789/67 4814/3779/66
f 4816/3780/68 4815/3789/67 4803/3770/58
f 4817/3782/70 4816/3780/68 4804/3781/69
f 4806/3772/76 4818/3790/71 4817/3782/70
f 4819/3783/72 4818/3790/71 4806/3772/76
f 4820/3784/73 4819/3783/72 4807/3773/61
f 4821/3785/74 4820/3784/73 4808/3774/62
f 4822/3787/53 4821/3785/74 4809/3786/63
f 4680/3649/33 4679/3648/32 4811/3788/32
f 4681/3650/35 4680/3649/33 4812/3776/64
f 4682/3652/37 4681/3650/35 4813/3778/65
f 4683/3653/39 4682/3652/37 4814/3779/66
f 4684/3655/41 4683/3653/39 4815/3789/67
f 4685/3657/43 4684/3655/41 4816/3780/68
f 4818/3790/71 4686/3658/45 4685/3657/43
f 4819/3783/72 4687/3660/47 4686/3658/45
f 4820/3784/73 4688/3662/49 4687/3660/47
f 4821/3785/74 4689/3664/51 4688/3662/49
f 4822/3787/53 4690/3665/53 4689/3664/51
f 4836/3791/87 4835/3814/100 4823/3792/88
f 4837/3794/89 4836/3791/87 4824/3793/77
f 4838/3796/90 4837/3794/89 4825/3795/78
f 4839/3798/91 4838/3796/90 4826/3797/79
f 4840/3800/92 4839/3798/91 4827/3799/80
f 4841/3802/94 4840/3800/92 4828/3801/93
f 4830/3804/82 4842/3821/95 4841/3802/94
f 4843/3805/96 4842/3821/95 4830/3804/82
f 4844/3807/97 4843/3805/96 4831/3806/83
f 4845/3809/98 4844/3807/97 4832/3808/84
f 4846/3811/99 4845/3809/98 4833/3810/85
f 4848/3813/55 4847/3827/54 4835/3814/100
f 4849/3815/56 4848/3813/55 4836/3791/87
f 4850/3816/57 4849/3815/56 4837/3794/89
f 4851/3817/58 4850/3816/57 4838/3796/90
f 4852/3818/69 4851/3817/58 4839/3798/91
f 4853/3819/59 4852/3818/69 4840/3800/92
f 4854/3820/76 4853/3819/59 4841/3802/94
f 4855/3822/61 4854/3820/76 4842/3821/95
f 4856/3823/62 4855/3822/61 4843/3805/96
f 4857/3824/63 4856/3823/62 4844/3807/97
f 4858/3825/52 4857/3824/63 4845/3809/98
f 4860/3826/64 4859/3837/32 4847/3827/54
f 4861/3828/65 4860/3826/64 4848/3813/55
f 4862/3829/66 4861/3828/65 4849/3815/56
f 4863/3830/67 4862/3829/66 4850/3816/57
f 4852/3818/69 4864/3838/68 4863/3830/67
f 4865/3831/70 4864/3838/68 4852/3818/69
f 4866/3832/71 4865/3831/70 4853/3819/59
f 4867/3833/72 4866/3832/71 4854/3820/76
f 4868/3834/73 4867/3833/72 4855/3822/61
f 4869/3835/74 4868/3834/73 4856/3823/62
f 4870/3836/53 4869/3835/74 4857/3824/63
f 4824/3793/77 4823/3792/88 4859/3837/32
f 4825/3795/78 4824/3793/77 4860/3826/64
f 4826/3797/79 4825/3795/78 4861/3828/65
f 4827/3799/80 4826/3797/79 4862/3829/66
f 4828/3801/93 4827/3799/80 4863/3830/67
f 4829/3803/81 4828/3801/93 4864/3838/68
f 4830/3804/82 4829/3803/81 4865/3831/70
f 4831/3806/83 4830/3804/82 4866/3832/71
f 4832/3808/84 4831/3806/83 4867/3833/72
f 4833/3810/85 4832/3808/84 4868/3834/73
f 4834/3812/86 4833/3810/85 4869/3835/74
f 4884/3839/103 4883/3862/126 4871/3840/104
f 4885/3842/106 4884/3839/103 4872/3841/105
f 4886/3844/108 4885/3842/106 4873/3843/107
f 4887/3846/110 4886/3844/108 4874/3845/109
f 4888/3848/112 4887/3846/110 4875/3847/111
f 4889/3850/114 4888/3848/112 4876/3849/113
f 4878/3852/116 4890/3854/118 4889/3850/114
f 4879/3853/117 4891/3856/120 4890/3854/118
f 4880/3855/119 4892/3858/122 4891/3856/120
f 4881/3857/121 4893/3860/124 4892/3858/122
f 4882/3859/123 4894/3873/137 4893/3860/124
f 4884/3839/103 4896/3863/127 4895/3861/125
f 4885/3842/106 4897/3864/128 4896/3863/127
f 4886/3844/108 4898/3865/129 4897/3864/128
f 4887/3846/110 4899/3866/3127 4898/3865/129
f 4888/3848/112 4900/3879/143 4899/3866/3127
f 4901/3867/131 4900/3879/143 4888/3848/112
f 4902/3868/3128 4901/3867/131 4889/3850/114
f 4903/3869/133 4902/3868/3128 4890/3854/118
f 4904/3870/134 4903/3869/133 4891/3856/120
f 4905/3871/135 4904/3870/134 4892/3858/122
f 4906/3872/136 4905/3871/135 4893/3860/124
f 4908/3874/138 4907/3886/150 4895/3861/125
f 4909/3875/139 4908/3874/138 4896/3863/127
f 4910/3876/140 4909/3875/139 4897/3864/128
f 4911/3877/3129 4910/3876/140 4898/3865/129
f 4912/3878/142 4911/3877/3129 4899/3866/3127
f 4913/3880/144 4912/3878/142 4900/3879/143
f 4902/3868/3128 4914/3881/3130 4913/3880/144
f 4903/3869/133 4915/3882/146 4914/3881/3130
f 4904/3870/134 4916/3883/147 4915/3882/146
f 4905/3871/135 4917/3884/3131 4916/3883/147
f 4906/3872/136 4918/3897/161 4917/3884/3131
f 4908/3874/138 4920/3887/151 4919/3885/149
f 4909/3875/139 4921/3888/152 4920/3887/151
f 4910/3876/140 4922/3889/153 4921/3888/152
f 4911/3877/3129 4923/3890/154 4922/3889/153
f 4912/3878/142 4924/3903/167 4923/3890/154
f 4925/3891/155 4924/3903/167 4912/3878/142
f 4926/3892/156 4925/3891/155 4913/3880/144
f 4927/3893/157 4926/3892/156 4914/3881/3130
f 4928/3894/158 4927/3893/157 4915/3882/146
f 4929/3895/159 4928/3894/158 4916/3883/147
f 4930/3896/160 4929/3895/159 4917/3884/3131
f 4932/3898/162 4931/3909/173 4919/3885/149
f 4933/3899/163 4932/3898/162 4920/3887/151
f 4934/3900/164 4933/3899/163 4921/3888/152
f 4935/3901/3132 4934/3900/164 4922/3889/153
f 4936/3902/166 4935/3901/3132 4923/3890/154
f 4937/3904/168 4936/3902/166 4924/3903/167
f 4926/3892/156 4938/3905/3133 4937/3904/168
f 4927/3893/157 4939/3906/170 4938/3905/3133
f 4928/3894/158 4940/3907/171 4939/3906/170
f 4929/3895/159 4941/3908/172 4940/3907/171
f 4930/3896/160 4942/3910/174 4941/3908/172
f 4932/3898/162 4872/3841/105 4871/3840/104
f 4933/3899/163 4873/3843/107 4872/3841/105
f 4934/3900/164 4874/3845/109 4873/3843/107
f 4935/3901/3132 4875/3847/111 4874/3845/109
f 4936/3902/166 4876/3849/113 4875/3847/111
f 4877/3851/115 4876/3849/113 4936/3902/166
f 4878/3852/116 4877/3851/115 4937/3904/168
f 4879/3853/117 4878/3852/116 4938/3905/3133
f 4880/3855/119 4879/3853/117 4939/3906/170
f 4881/3857/121 4880/3855/119 4940/3907/171
f 4882/3859/123 4881/3857/121 4941/3908/172
f 4956/3911/87 4955/3935/100 4943/3912/88
f 4957/3914/89 4956/3911/87 4944/3913/77
f 4958/3916/90 4957/3914/89 4945/3915/78
f 4959/3918/91 4958/3916/90 4946/3917/79
f 4960/3920/92 4959/3918/91 4947/3919/80
f 4961/3922/94 4960/3920/92 4948/3921/93
f 4962/3924/95 4961/3922/94 4949/3923/81
f 4963/3926/96 4962/3924/95 4950/3925/82
f 4964/3928/97 4963/3926/96 4951/3927/83
f 4965/3930/98 4964/3928/97 4952/3929/84
f 4966/3932/99 4965/3930/98 4953/3931/85
f 4968/3934/55 4967/3945/54 4955/3935/100
f 4969/3936/56 4968/3934/55 4956/3911/87
f 4970/3937/57 4969/3936/56 4957/3914/89
f 4959/3918/91 4971/3949/102 4970/3937/57
f 4972/3938/69 4971/3949/102 4959/3918/91
f 4973/3939/59 4972/3938/69 4960/3920/92
f 4962/3924/95 4974/3953/60 4973/3939/59
f 4975/3940/61 4974/3953/60 4962/3924/95
f 4976/3941/62 4975/3940/61 4963/3926/96
f 4977/3942/63 4976/3941/62 4964/3928/97
f 4978/3943/52 4977/3942/63 4965/3930/98
f 4980/3944/64 4979/3958/32 4967/3945/54
f 4981/3946/65 4980/3944/64 4968/3934/55
f 4982/3947/66 4981/3946/65 4969/3936/56
f 4983/3948/2268 4982/3947/66 4970/3937/57
f 4984/3950/68 4983/3948/2268 4971/3949/102
f 4985/3951/70 4984/3950/68 4972/3938/69
f 4986/3952/3134 4985/3951/70 4973/3939/59
f 4987/3954/72 4986/3952/3134 4974/3953/60
f 4988/3955/73 4987/3954/72 4975/3940/61
f 4989/3956/74 4988/3955/73 4976/3941/62
f 4990/3957/53 4989/3956/74 4977/3942/63
f 4944/3913/77 4943/3912/88 4979/3958/32
f 4945/3915/78 4944/3913/77 4980/3944/64
f 4946/3917/79 4945/3915/78 4981/3946/65
f 4947/3919/80 4946/3917/79 4982/3947/66
f 4984/3950/68 4948/3921/93 4947/3919/80
f 4949/3923/81 4948/3921/93 4984/3950/68
f 4950/3925/82 4949/3923/81 4985/3951/70
f 4987/3954/72 4951/3927/83 4950/3925/82
f 4952/3929/84 4951/3927/83 4987/3954/72
f 4953/3931/85 4952/3929/84 4988/3955/73
f 4954/3933/86 4953/3931/85 4989/3956/74
f 5000/492/178 4999/3120/195 5621/3122/179
f 5623/3522/191 4992/1285/206 5622/3959/180
f 4992/1285/206 5001/490/205 5000/492/178
f 5626/468/182 4995/467/181 4994/461/187
f 4638/2297/1858 4637/1352/970 4625/3615/3100
f 1894/456/182 1263/455/181 1262/2753/187
f 1339/572/278 1350/597/299 1338/571/277
f 1350/597/299 1361/607/311 1360/2113/300
f 5004/3960/1557 5003/482/204 4994/461/187
f 4245/3354/2853 4255/3361/2859 4254/3961/3135
f 1272/1971/1557 1271/1970/204 1262/2753/187
f 5019/1806/239 5018/3407/634 4998/3962/756
f 5000/492/178 5010/491/212 4999/3120/195
f 5010/491/212 5020/1804/237 5019/1806/239
f 5015/488/210 5014/3963/1556 5004/3960/1557
f 5014/3963/1556 5013/495/215 5003/482/204
f 5022/508/224 5012/494/214 5013/495/215
f 3275/2084/1657 3274/2535/2091 3254/2359/1920
f 5007/3964/219 5027/541/251 5026/539/220
f 3788/2970/2492 3787/2966/2488 3775/2949/2472
f 5024/3409/233 5014/3963/1556 5015/488/210
f 5023/522/236 5013/495/215 5014/3963/1556
f 1290/512/224 1280/513/214 1281/3359/215
f 2384/1644/1243 2364/1656/1255 2365/2090/1663
f 1292/519/233 1282/1969/1556 1283/2466/210
f 5344/5921/3526 5356/5476/3237 5355/4191/553
f 5355/4191/553 5333/836/524 5344/5921/3526
f 5333/836/524 5311/2575/2127 5322/3966/2833
f 5334/5922/3527 5333/836/524 5322/3966/2833
f 5311/2575/2127 5291/3481/2967 5300/5923/3528
f 5291/3481/2967 5269/1919/465 5280/5924/3529
f 5292/5925/3530 5291/3481/2967 5280/5924/3529
f 5269/1919/465 5270/5733/3460 5280/5924/3529
f 5334/5922/3527 5344/5921/3526 5333/836/524
f 5291/3481/2967 5292/5925/3530 5300/5923/3528
f 5311/2575/2127 5300/5923/3528 5312/3965/2832
f 3783/2479/2037 3795/2478/2036 3794/2957/2480
f 5032/523/232 5023/522/236 5024/3409/233
f 2735/2058/1632 2734/2048/1622 2724/2038/1615
f 4258/2688/2237 4257/2023/1600 4247/2591/2143
f 5194/706/397 5174/676/378 5175/686/374
f 4302/3394/2889 4292/3139/2644 4293/1632/1231
f 3202/2299/1860 3203/5709/3441 3219/2300/1861
f 3203/5709/3441 3231/2505/2061 3219/2300/1861
f 5020/1804/237 5021/524/228 5030/535/247
f 5030/535/247 5039/534/246 5038/3967/258
f 5042/3968/243 5041/533/245 5032/523/232
f 3201/2465/2025 3218/2298/1859 3209/2475/2033
f 3218/2298/1859 3217/2487/2043 3209/2475/2033
f 5614/3969/800 5613/3616/799 5602/1122/779
f 4291/3383/2878 4301/3387/2882 4300/3392/2887
f 4323/2094/1667 4325/5640/3379 4330/1590/1192
f 4325/5640/3379 4331/2074/1647 4330/1590/1192
f 4330/1590/1192 4313/1592/1194 4321/2095/1668
f 4313/1592/1194 4314/3393/2888 4321/2095/1668
f 4341/3129/2636 4340/2073/1646 4332/2075/1648
f 5044/537/249 5045/540/250 5055/3972/266
f 5045/540/250 5067/3970/287 5055/3972/266
f 5038/3967/258 5049/3974/260 5048/3973/259
f 5039/534/246 5050/3975/261 5049/3974/260
f 5040/532/244 5051/3982/271 5050/3975/261
f 5052/3976/262 5051/3982/271 5040/532/244
f 5053/3977/263 5052/3976/262 5041/533/245
f 5054/3978/264 5053/3977/263 5042/3968/243
f 5055/3972/266 5054/3978/264 5043/3979/265
f 2779/487/209 2778/486/208 2767/2959/2482
f 5049/3974/260 5060/3981/270 5059/3980/269
f 5050/3975/261 5061/3983/272 5060/3981/270
f 5051/3982/271 5062/3991/280 5061/3983/272
f 5063/3984/273 5062/3991/280 5051/3982/271
f 5064/3985/274 5063/3984/273 5052/3976/262
f 5065/3986/275 5064/3985/274 5053/3977/263
f 5066/3971/276 5065/3986/275 5054/3978/264
f 1866/3987/2870 1877/1135/787 1876/1155/798
f 1876/1155/798 1846/1086/748 1866/3987/2870
f 5059/3980/269 5071/3989/278 5070/593/277
f 5060/3981/270 5072/3990/279 5071/3989/278
f 5061/3983/272 5073/3992/281 5072/3990/279
f 5062/3991/280 5074/4004/295 5073/3992/281
f 5075/3993/282 5074/4004/295 5062/3991/280
f 5076/3994/283 5075/3993/282 5063/3984/273
f 5077/3995/284 5076/3994/283 5064/3985/274
f 5078/3996/285 5077/3995/284 5065/3986/275
f 5079/3997/286 5078/3996/285 5066/3971/276
f 1400/5926/3485 1412/5850/3311 1411/2043/342
f 1411/2043/342 1391/4442/3179 1400/5926/3485
f 1391/4442/3179 1369/605/309 1380/3998/2631
f 1400/5926/3485 1391/4442/3179 1392/5927/3486
f 1369/605/309 1347/580/286 1358/5928/3487
f 1347/580/286 1335/581/287 1348/5929/3488
f 1358/5928/3487 1347/580/286 1348/5929/3488
f 1335/581/287 1336/5608/3352 1348/5929/3488
f 1392/5927/3486 1391/4442/3179 1380/3998/2631
f 1369/605/309 1358/5928/3487 1370/3999/2632
f 5079/3997/286 5101/3124/309 5089/4000/291
f 5101/3124/309 5100/3237/308 5089/4000/291
f 5083/4001/292 5082/594/299 5071/3989/278
f 5084/4002/293 5083/4001/292 5072/3990/279
f 5085/4003/294 5084/4002/293 5073/3992/281
f 5086/4005/296 5085/4003/294 5074/4004/295
f 5076/3994/283 5087/4006/297 5086/4005/296
f 5077/3995/284 5088/4007/298 5087/4006/297
f 5078/3996/285 5089/4000/291 5088/4007/298
f 2769/1723/1321 2758/1928/1515 2759/1930/1517
f 5094/4008/301 5093/4015/311 5082/594/299
f 5095/4009/3136 5094/4008/301 5083/4001/292
f 5096/4010/303 5095/4009/3136 5084/4002/293
f 5097/4011/304 5096/4010/303 5085/4003/294
f 5087/4006/297 5098/4012/3137 5097/4011/304
f 5088/4007/298 5099/4013/306 5098/4012/3137
f 5089/4000/291 5100/3237/308 5099/4013/306
f 1361/607/311 1372/614/318 1360/2113/300
f 1372/614/318 1383/630/326 1382/633/335
f 5105/4014/310 5104/4021/318 5093/4015/311
f 5106/4016/312 5105/4014/310 5094/4008/301
f 5107/4017/313 5106/4016/312 5095/4009/3136
f 5108/4018/314 5107/4017/313 5096/4010/303
f 5098/4012/3137 5109/4019/315 5108/4018/314
f 5099/4013/306 5110/4020/316 5109/4019/315
f 5100/3237/308 5111/3236/307 5110/4020/316
f 5093/4015/311 5104/4021/318 5092/595/300
f 5104/4021/318 5115/622/326 5114/621/325
f 5116/4022/317 5115/622/326 5104/4021/318
f 5117/4023/319 5116/4022/317 5105/4014/310
f 5118/4024/320 5117/4023/319 5106/4016/312
f 5119/4025/321 5118/4024/320 5107/4017/313
f 5109/4019/315 5120/4026/322 5119/4025/321
f 5110/4020/316 5121/4027/323 5120/4026/322
f 5111/3236/307 5122/5648/3197 5121/4027/323
f 5142/2121/1690 5122/5648/3197 5123/4028/3138
f 1389/619/323 1390/5435/3197 1399/637/339
f 1390/5435/3197 1410/4029/1690 1399/637/339
f 5127/4030/330 5126/4034/334 5116/4022/317
f 5128/4031/331 5127/4030/330 5117/4023/319
f 5129/4032/332 5128/4031/331 5118/4024/320
f 5120/4026/322 5130/4033/333 5129/4032/332
f 5121/4027/323 5131/2123/339 5130/4033/333
f 5116/4022/317 5126/4034/334 5115/622/326
f 5126/4034/334 5136/4040/348 5135/620/324
f 4461/625/329 4460/3364/2862 4440/2103/1674
f 5137/4035/336 5136/4040/348 5126/4034/334
f 5138/4036/337 5137/4035/336 5127/4030/330
f 5139/4037/338 5138/4036/337 5128/4031/331
f 5130/4033/333 5140/4038/340 5139/4037/338
f 5131/2123/339 5141/2122/351 5140/4038/340
f 3532/2709/2258 3252/2517/2073 3251/2430/1991
f 1409/649/351 1410/4029/1690 1419/657/359
f 1410/4029/1690 1430/2042/341 1419/657/359
f 5147/4039/347 5146/4044/353 5136/4040/348
f 5148/4041/349 5147/4039/347 5137/4035/336
f 5149/4042/350 5148/4041/349 5138/4036/337
f 5140/4038/340 5150/4043/352 5149/4042/350
f 5141/2122/351 5151/2774/359 5150/4043/352
f 5136/4040/348 5146/4044/353 5135/620/324
f 5146/4044/353 5156/4053/368 5155/1793/354
f 5155/1793/354 5154/1792/375 5134/4045/355
f 5157/4046/356 5156/4053/368 5146/4044/353
f 5158/4047/357 5157/4046/356 5147/4039/347
f 5159/4048/358 5158/4047/357 5148/4041/349
f 5150/4043/352 5160/4049/360 5159/4048/358
f 5151/2774/359 5161/2773/371 5160/4049/360
f 5182/4050/3139 5162/639/341 5163/641/343
f 1429/669/371 1430/2042/341 1439/682/384
f 1430/2042/341 1450/4051/3139 1439/682/384
f 5167/4052/367 5166/4057/373 5156/4053/368
f 5168/4054/369 5167/4052/367 5157/4046/356
f 5169/4055/370 5168/4054/369 5158/4047/357
f 5160/4049/360 5170/4056/372 5169/4055/370
f 5161/2773/371 5171/4063/384 5170/4056/372
f 5156/4053/368 5166/4057/373 5155/1793/354
f 5166/4057/373 5176/4058/379 5175/686/374
f 1450/4051/3139 1430/2042/341 1431/2044/343
f 5167/4052/367 5177/4059/380 5176/4058/379
f 5168/4054/369 5178/4065/390 5177/4059/380
f 5179/4060/381 5178/4065/390 5168/4054/369
f 5180/4061/382 5179/4060/381 5169/4055/370
f 5181/4062/383 5180/4061/382 5170/4056/372
f 5203/4064/2463 5202/695/395 5182/4050/3139
f 2804/2486/2042 2803/644/346 2791/485/207
f 5177/4059/380 5187/4066/391 5186/687/388
f 5178/4065/390 5188/4070/399 5187/4066/391
f 5189/4067/392 5188/4070/399 5178/4065/390
f 5190/4068/393 5189/4067/392 5179/4060/381
f 5191/697/394 5190/4068/393 5180/4061/382
f 1444/677/379 1454/689/388 1443/672/374
f 1454/689/388 1464/700/398 1463/699/389
f 1471/2940/2463 1470/717/395 1450/4051/3139
f 5187/4066/391 5197/4071/400 5196/4069/398
f 5188/4070/399 5198/4076/406 5197/4071/400
f 5199/4072/401 5198/4076/406 5188/4070/399
f 5200/4073/402 5199/4072/401 5189/4067/392
f 5201/696/396 5200/4073/402 5190/4068/393
f 5203/4064/2463 5225/4092/1412 5213/4074/411
f 5225/4092/1412 5224/4088/419 5213/4074/411
f 5196/4069/398 5207/4075/405 5206/707/403
f 5197/4071/400 5208/4077/407 5207/4075/405
f 5198/4076/406 5209/4083/414 5208/4077/407
f 5210/4078/408 5209/4083/414 5198/4076/406
f 5211/4079/409 5210/4078/408 5199/4072/401
f 5212/4080/410 5211/4079/409 5200/4073/402
f 5213/4074/411 5212/4080/410 5201/696/396
f 2322/1639/1238 2321/1629/1228 2310/1609/1208
f 5207/4075/405 5218/4082/413 5217/4081/412
f 5208/4077/407 5219/4084/415 5218/4082/413
f 5209/4083/414 5220/4094/426 5219/4084/415
f 5221/4085/416 5220/4094/426 5209/4083/414
f 5222/4086/417 5221/4085/416 5210/4078/408
f 5223/4087/418 5222/4086/417 5211/4079/409
f 5224/4088/419 5223/4087/418 5212/4080/410
f 5216/708/404 5238/731/424 5227/4089/3116
f 5238/731/424 5260/762/452 5249/5930/3597
f 5227/4089/3116 5238/731/424 5237/5931/3598
f 5260/762/452 5259/5904/3219 5249/5930/3597
f 5249/5930/3597 5237/5931/3598 5238/731/424
f 5225/4092/1412 5247/2627/444 5235/4091/431
f 5247/2627/444 5246/4108/442 5235/4091/431
f 5218/4082/413 5229/4093/425 5228/730/423
f 5219/4084/415 5230/4095/427 5229/4093/425
f 5220/4094/426 5231/4103/437 5230/4095/427
f 5232/4096/428 5231/4103/437 5220/4094/426
f 5233/4097/429 5232/4096/428 5221/4085/416
f 5234/4098/430 5233/4097/429 5222/4086/417
f 5235/4091/431 5234/4098/430 5223/4087/418
f 2310/1609/1208 2300/1593/1195 2301/2244/1809
f 1526/4100/2178 1538/5826/3460 1537/775/465
f 1537/775/465 1515/753/444 1526/4100/2178
f 1515/753/444 1493/1821/1412 1504/5932/3461
f 1516/4099/2177 1515/753/444 1504/5932/3461
f 1493/1821/1412 1494/5845/3306 1504/5932/3461
f 5229/4093/425 5240/4102/436 5239/4101/435
f 5230/4095/427 5241/4104/438 5240/4102/436
f 5231/4103/437 5242/4111/447 5241/4104/438
f 5243/4105/439 5242/4111/447 5231/4103/437
f 5244/4106/440 5243/4105/439 5232/4096/428
f 5245/4107/441 5244/4106/440 5233/4097/429
f 5246/4108/442 5245/4107/441 5234/4098/430
f 5247/2627/444 5269/1919/465 5257/4109/443
f 5269/1919/465 5268/1918/464 5257/4109/443
f 5240/4102/436 5251/4110/446 5250/761/445
f 5241/4104/438 5252/4112/448 5251/4110/446
f 5242/4111/447 5253/4119/459 5252/4112/448
f 5254/4113/449 5253/4119/459 5242/4111/447
f 5255/4114/450 5254/4113/449 5243/4105/439
f 5256/4115/451 5255/4114/450 5244/4106/440
f 5257/4109/443 5256/4115/451 5245/4107/441
f 2312/1623/1222 2311/3530/3015 2301/2244/1809
f 5262/4116/456 5261/4125/467 5250/761/445
f 5263/4117/457 5262/4116/456 5251/4110/446
f 5264/4118/458 5263/4117/457 5252/4112/448
f 5265/4120/460 5264/4118/458 5253/4119/459
f 5255/4114/450 5266/4121/461 5265/4120/460
f 5256/4115/451 5267/4122/462 5266/4121/461
f 5257/4109/443 5268/1918/464 5267/4122/462
f 1529/777/467 1540/787/477 1528/815/452
f 1540/787/477 1551/806/496 1550/4123/3140
f 5273/4124/466 5272/4131/477 5261/4125/467
f 5274/4126/468 5273/4124/466 5262/4116/456
f 5275/4127/469 5274/4126/468 5263/4117/457
f 5276/4128/470 5275/4127/469 5264/4118/458
f 5266/4121/461 5277/4129/471 5276/4128/470
f 5267/4122/462 5278/4130/472 5277/4129/471
f 5268/1918/464 5279/1917/463 5278/4130/472
f 5261/4125/467 5272/4131/477 5260/762/452
f 5272/4131/477 5283/4145/496 5282/4132/3140
f 5284/4133/476 5283/4145/496 5272/4131/477
f 5285/4134/478 5284/4133/476 5273/4124/466
f 5286/4135/479 5285/4134/478 5274/4126/468
f 5287/4136/480 5286/4135/479 5275/4127/469
f 5277/4129/471 5288/4137/481 5287/4136/480
f 5278/4130/472 5289/4138/482 5288/4137/481
f 5279/1917/463 5290/3480/2966 5289/4138/482
f 3944/5905/3585 3950/2752/2279 3949/3132/2639
f 3944/5905/3585 3949/3132/2639 3943/2495/2051
f 4672/5710/3442 4673/3626/3106 3942/3625/3105
f 3942/3625/3105 3944/5905/3585 3943/2495/2051
f 3941/2494/2050 4672/5710/3442 3942/3625/3105
f 1579/3330/2127 1578/824/513 1558/4139/2966
f 1557/792/482 1558/4139/2966 1567/814/504
f 1558/4139/2966 1578/824/513 1567/814/504
f 5295/4141/492 5294/4146/497 5284/4133/476
f 5296/4142/493 5295/4141/492 5285/4134/478
f 5297/4143/494 5296/4142/493 5286/4135/479
f 5288/4137/481 5298/4144/495 5297/4143/494
f 5289/4138/482 5299/3341/504 5298/4144/495
f 5284/4133/476 5294/4146/497 5283/4145/496
f 5294/4146/497 5304/4148/499 5303/4147/498
f 5302/3624/485 5282/4132/3140 5283/4145/496
f 3952/1751/1349 3969/3143/2648 3959/729/422
f 3969/3143/2648 3968/2469/2027 3959/729/422
f 5295/4141/492 5305/4149/500 5304/4148/499
f 5296/4142/493 5306/4154/507 5305/4149/500
f 5307/4150/501 5306/4154/507 5296/4142/493
f 5308/4151/502 5307/4150/501 5297/4143/494
f 5309/3340/503 5308/4151/502 5298/4144/495
f 1579/3330/2127 1601/3113/524 1589/823/512
f 1601/3113/524 1600/833/522 1589/823/512
f 5304/4148/499 5315/4153/506 5314/4152/505
f 5305/4149/500 5316/4155/508 5315/4153/506
f 5306/4154/507 5317/4162/517 5316/4155/508
f 5318/4156/509 5317/4162/517 5306/4154/507
f 5319/4157/510 5318/4156/509 5307/4150/501
f 5320/4158/511 5319/4157/510 5308/4151/502
f 5321/2573/512 5320/4158/511 5309/3340/503
f 5303/4147/498 5314/4152/505 5302/3624/485
f 5314/4152/505 5325/4160/515 5324/4159/514
f 2767/2959/2482 2766/2078/1651 2755/2076/1649
f 5315/4153/506 5326/4161/516 5325/4160/515
f 5316/4155/508 5327/4163/518 5326/4161/516
f 5317/4162/517 5328/4169/527 5327/4163/518
f 5329/4164/519 5328/4169/527 5317/4162/517
f 5330/4165/520 5329/4164/519 5318/4156/509
f 5331/4166/521 5330/4165/520 5319/4157/510
f 5332/835/522 5331/4166/521 5320/4158/511
f 4629/1153/796 4641/1152/795 4640/2546/2100
f 5326/4161/516 5337/4168/526 5336/4167/525
f 5327/4163/518 5338/4170/528 5337/4168/526
f 5328/4169/527 5339/4177/539 5338/4170/528
f 5340/4171/529 5339/4177/539 5328/4169/527
f 5341/4172/530 5340/4171/529 5329/4164/519
f 5342/4173/531 5341/4172/530 5330/4165/520
f 5343/834/523 5342/4173/531 5331/4166/521
f 5325/4160/515 5336/4167/525 5324/4159/514
f 5336/4167/525 5347/4175/537 5346/4174/533
f 5337/4168/526 5348/4176/538 5347/4175/537
f 5338/4170/528 5349/4178/540 5348/4176/538
f 5339/4177/539 5350/4187/549 5349/4178/540
f 5351/4179/541 5350/4187/549 5339/4177/539
f 5352/4180/542 5351/4179/541 5340/4171/529
f 5353/4181/543 5352/4180/542 5341/4172/530
f 5354/4182/544 5353/4181/543 5342/4173/531
f 4637/1352/970 4636/1351/969 4624/3632/3112
f 5359/4183/545 5358/4199/3141 5346/4174/533
f 5360/4184/546 5359/4183/545 5347/4175/537
f 5361/4185/547 5360/4184/546 5348/4176/538
f 5362/4186/548 5361/4185/547 5349/4178/540
f 5363/4188/550 5362/4186/548 5350/4187/549
f 5352/4180/542 5364/4189/551 5363/4188/550
f 5353/4181/543 5365/4190/552 5364/4189/551
f 5354/4182/544 5366/4192/554 5365/4190/552
f 5355/4191/553 5367/5465/3226 5366/4192/554
f 2338/1578/1180 2337/1577/1179 2319/1647/1246
f 5371/4193/558 5370/4200/565 5359/4183/545
f 5372/4194/559 5371/4193/558 5360/4184/546
f 5373/4195/560 5372/4194/559 5361/4185/547
f 5374/4196/561 5373/4195/560 5362/4186/548
f 5364/4189/551 5375/4197/562 5374/4196/561
f 5365/4190/552 5376/4198/563 5375/4197/562
f 5366/4192/554 5377/878/557 5376/4198/563
f 5359/4183/545 5370/4200/565 5358/4199/3141
f 5370/4200/565 5381/897/581 5380/896/580
f 5382/4201/564 5381/897/581 5370/4200/565
f 5383/4202/566 5382/4201/564 5371/4193/558
f 5384/4203/567 5383/4202/566 5372/4194/559
f 5385/4204/568 5384/4203/567 5373/4195/560
f 5375/4197/562 5386/4205/569 5385/4204/568
f 5376/4198/563 5387/4206/570 5386/4205/569
f 5377/878/557 5388/877/556 5387/4206/570
f 5389/876/555 5409/921/590 5408/920/571
f 5388/877/556 5408/920/571 5397/4207/572
f 5408/920/571 5407/4216/592 5397/4207/572
f 5393/4208/573 5392/3404/583 5382/4201/564
f 5394/4209/574 5393/4208/573 5383/4202/566
f 5395/4210/575 5394/4209/574 5384/4203/567
f 5386/4205/569 5396/4211/576 5395/4210/575
f 5387/4206/570 5397/4207/572 5396/4211/576
f 1650/879/564 1660/899/583 1649/2483/581
f 1660/899/583 1670/917/594 1669/499/216
f 3790/2960/2483 3778/2961/2484 3779/2953/2476
f 5403/909/582 5402/911/594 5392/3404/583
f 5404/4212/584 5403/909/582 5393/4208/573
f 5405/4213/585 5404/4212/584 5394/4209/574
f 5396/4211/576 5406/4214/586 5405/4213/585
f 5397/4207/572 5407/4216/592 5406/4214/586
f 2803/644/346 2802/643/345 2790/1550/1153
f 2792/3351/2850 2780/1722/1320 2781/1734/1332
f 5424/4215/591 5423/4217/615 5407/4216/592
f 5423/4217/615 5422/4235/614 5406/4214/586
f 5406/4214/586 5422/4235/614 5413/4218/595
f 5422/4235/614 5421/4226/603 5413/4218/595
f 5413/4218/595 5412/1972/604 5404/4212/584
f 1672/900/584 1680/926/604 1671/898/582
f 1680/926/604 1688/935/612 1687/933/610
f 3416/472/194 3438/2138/1705 3427/5933/3601
f 3438/2138/1705 3460/1134/786 3449/4220/3143
f 3437/5934/3602 3438/2138/1705 3449/4220/3143
f 3490/1133/785 3489/2717/2265 3479/5935/3603
f 3460/1134/786 3490/1133/785 3479/5935/3603
f 3427/5933/3601 3415/5727/3454 3416/472/194
f 3437/5934/3602 3427/5933/3601 3438/2138/1705
f 3460/1134/786 3479/5935/3603 3471/5936/3604
f 3460/1134/786 3471/5936/3604 3459/4219/3142
f 4525/3538/3023 4536/3548/3033 4524/1211/846
f 4536/3548/3033 4547/3556/3041 4546/3564/3049
f 5401/895/216 5417/918/599 5416/4221/217
f 1442/4225/378 1462/698/397 1453/5937/3198
f 1462/698/397 1484/718/404 1473/5938/3199
f 1461/5939/3200 1462/698/397 1473/5938/3199
f 1484/718/404 1483/3637/3117 1473/5938/3199
f 1402/653/355 1422/673/375 1413/5940/3201
f 1422/673/375 1442/4225/378 1433/4224/377
f 1421/5941/3202 1422/673/375 1433/4224/377
f 1413/5940/3201 1401/5645/3203 1402/653/355
f 1421/5941/3202 1413/5940/3201 1422/673/375
f 1462/698/397 1461/5939/3200 1453/5937/3198
f 1442/4225/378 1453/5937/3198 1441/4223/376
f 5421/4226/603 5420/4233/612 5412/1972/604
f 5428/4227/605 5427/5942/3245 5415/4228/606
f 5429/4229/607 5428/4227/605 5416/4221/217
f 5430/4230/608 5429/4229/607 5417/918/599
f 5431/4231/609 5430/4230/608 5418/910/593
f 5432/4232/611 5431/4231/609 5419/1973/610
f 5433/4234/613 5432/4232/611 5420/4233/612
f 5422/4235/614 5434/4236/616 5433/4234/613
f 5423/4217/615 5435/4237/617 5434/4236/616
f 5424/4215/591 5436/4238/618 5435/4237/617
f 5425/919/589 5437/4240/620 5436/4238/618
f 5426/4239/619 5438/5620/3246 5437/4240/620
f 5441/2096/1669 5440/4252/667 5428/4227/605
f 5442/2097/625 5441/2096/1669 5429/4229/607
f 5443/4241/626 5442/2097/625 5430/4230/608
f 5444/4242/627 5443/4241/626 5431/4231/609
f 5445/4243/628 5444/4242/627 5432/4232/611
f 5434/4236/616 5446/4244/629 5445/4243/628
f 5435/4237/617 5447/4245/3144 5446/4244/629
f 5436/4238/618 5448/970/645 5447/4245/3144
f 5437/4240/620 5449/968/635 5448/970/645
f 2299/3377/2872 2298/3400/2895 2287/4246/3145
f 5448/970/645 5468/969/636 5457/4247/637
f 5468/969/636 5467/4265/3147 5457/4247/637
f 5453/4248/638 5452/2098/647 5442/2097/625
f 5454/4249/639 5453/4248/638 5443/4241/626
f 5455/4250/640 5454/4249/639 5444/4242/627
f 5446/4244/629 5456/4251/641 5455/4250/640
f 5447/4245/3144 5457/4247/637 5456/4251/641
f 1720/972/647 1730/983/658 1729/982/657
f 1729/982/657 1709/947/624 1720/972/647
f 5461/991/657 5460/990/665 5440/4252/667
f 5463/4253/646 5462/4261/3146 5452/2098/647
f 5464/4254/648 5463/4253/646 5453/4248/638
f 5465/4255/649 5464/4254/648 5454/4249/639
f 5456/4251/641 5466/4256/650 5465/4255/649
f 5457/4247/637 5467/4265/3147 5466/4256/650
f 5468/969/636 5469/1999/675 5479/4259/655
f 5469/1999/675 5491/4257/653 5479/4259/655
f 5473/4260/656 5472/992/666 5461/991/657
f 5474/4262/659 5473/4260/656 5462/4261/3146
f 5475/4263/660 5474/4262/659 5463/4253/646
f 5476/4264/661 5475/4263/660 5464/4254/648
f 5466/4256/650 5477/4266/663 5476/4264/661
f 5467/4265/3147 5478/4267/664 5477/4266/663
f 5468/969/636 5479/4259/655 5478/4267/664
f 4382/5943/3605 4394/5830/3534 4393/3453/2939
f 4393/3453/2939 4371/3424/2910 4382/5943/3605
f 4371/3424/2910 4353/3425/2911 4372/5944/3606
f 4319/3116/2630 4320/5857/3554 4336/5945/3607
f 4319/3116/2630 4336/5945/3607 4353/3425/2911
f 4336/5945/3607 4342/4268/3148 4353/3425/2911
f 4372/5944/3606 4382/5943/3605 4371/3424/2910
f 4354/4269/3149 4372/5944/3606 4353/3425/2911
f 5482/4277/678 5494/1552/1155 5481/5946/3255
f 5494/1552/1155 5493/5947/3256 5481/5946/3255
f 5481/5946/3255 5471/5948/3257 5482/4277/678
f 5471/5948/3257 5459/5949/3258 5460/990/665
f 5459/5949/3258 5451/4270/668 5460/990/665
f 5451/4270/668 5439/5950/3259 5440/4252/667
f 5439/5950/3259 5427/5942/3245 5428/4227/605
f 5440/4252/667 5439/5950/3259 5428/4227/605
f 5460/990/665 5482/4277/678 5471/5948/3257
f 5484/4271/669 5483/4278/679 5472/992/666
f 5485/4272/670 5484/4271/669 5473/4260/656
f 5486/4273/671 5485/4272/670 5474/4262/659
f 5487/4274/672 5486/4273/671 5475/4263/660
f 5477/4266/663 5488/4275/673 5487/4274/672
f 5478/4267/664 5489/4276/674 5488/4275/673
f 5479/4259/655 5490/4258/654 5489/4276/674
f 5495/1553/1156 5494/1552/1155 5482/4277/678
f 5496/4279/680 5495/1553/1156 5483/4278/679
f 5497/4280/681 5496/4279/680 5484/4271/669
f 5498/4281/682 5497/4280/681 5485/4272/670
f 5499/4282/683 5498/4281/682 5486/4273/671
f 5488/4275/673 5500/4283/684 5499/4282/683
f 5489/4276/674 5501/4284/685 5500/4283/684
f 5490/4258/654 5502/4285/3150 5501/4284/685
f 5491/4257/653 5503/1035/688 5502/4285/3150
f 5503/1035/688 5525/1034/706 5513/4286/687
f 5525/1034/706 5524/1038/705 5513/4286/687
f 5496/4279/680 5507/4287/690 5506/1554/689
f 5497/4280/681 5508/4288/3151 5507/4287/690
f 5498/4281/682 5509/4295/3153 5508/4288/3151
f 5510/4289/692 5509/4295/3153 5498/4281/682
f 5511/4290/3152 5510/4289/692 5499/4282/683
f 5512/4291/694 5511/4290/3152 5500/4283/684
f 5513/4286/687 5512/4291/694 5501/4284/685
f 1774/1017/689 1785/1026/698 1784/1047/716
f 1784/1047/716 1762/4292/1155 1774/1017/689
f 5507/4287/690 5518/4294/699 5517/4293/698
f 5508/4288/3151 5519/4296/701 5518/4294/699
f 5509/4295/3153 5520/4305/711 5519/4296/701
f 5521/4297/702 5520/4305/711 5509/4295/3153
f 5522/4298/703 5521/4297/702 5510/4289/692
f 5523/4299/704 5522/4298/703 5511/4290/3152
f 5524/1038/705 5523/4299/704 5512/4291/694
f 5493/5947/3256 5494/1552/1155 5505/4301/2902
f 5494/1552/1155 5516/4302/716 5505/4301/2902
f 5516/4302/716 5538/5509/3268 5527/5951/3557
f 5538/5509/3268 5537/5764/3484 5527/5951/3557
f 5527/5951/3557 5515/4300/2901 5516/4302/716
f 2706/2166/1733 2705/2041/1618 2695/1619/1218
f 5518/4294/699 5529/4304/710 5528/4303/709
f 5519/4296/701 5530/4306/712 5529/4304/710
f 5520/4305/711 5531/4313/719 5530/4306/712
f 5532/4307/713 5531/4313/719 5520/4305/711
f 5533/4308/714 5532/4307/713 5521/4297/702
f 5534/4309/715 5533/4308/714 5522/4298/703
f 5535/1037/708 5534/4309/715 5523/4299/704
f 5528/4303/709 5539/1068/717 5538/5509/3268
f 5538/5509/3268 5516/4302/716 5528/4303/709
f 2344/4310/3154 2326/1634/1233 2327/4311/3155
f 5529/4304/710 5540/4312/718 5539/1068/717
f 5530/4306/712 5541/4314/720 5540/4312/718
f 5531/4313/719 5542/4320/731 5541/4314/720
f 5543/4315/721 5542/4320/731 5531/4313/719
f 5544/4316/722 5543/4315/721 5532/4307/713
f 5545/4317/723 5544/4316/722 5533/4308/714
f 5546/4318/724 5545/4317/723 5534/4309/715
f 5567/2017/725 5566/1058/727 5546/4318/724
f 5541/4314/720 5551/4321/732 5550/4319/730
f 5542/4320/731 5552/4327/738 5551/4321/732
f 5553/4322/733 5552/4327/738 5542/4320/731
f 5554/4323/734 5553/4322/733 5543/4315/721
f 5555/1060/729 5554/4323/734 5544/4316/722
f 5550/4319/730 5560/1089/737 5559/1069/736
f 5559/1069/736 5539/1068/717 5550/4319/730
f 1870/2007/779 1869/1140/782 1860/2761/780
f 2670/1613/1212 2690/4326/3158 2681/4325/3157
f 2690/4326/3158 2710/3299/2801 2701/5952/3608
f 2710/3299/2801 2730/2053/1627 2721/5953/3609
f 2730/2053/1627 2729/2055/1629 2721/5953/3609
f 2649/5898/3562 2650/1980/1564 2661/5954/3610
f 2650/1980/1564 2670/1613/1212 2661/5954/3610
f 2710/3299/2801 2721/5953/3609 2709/5955/3611
f 2710/3299/2801 2709/5955/3611 2701/5952/3608
f 2669/5956/3612 2661/5954/3610 2670/1613/1212
f 2681/4325/3157 2669/5956/3612 2670/1613/1212
f 2690/4326/3158 2701/5952/3608 2689/4324/3156
f 5551/4321/732 5561/4328/739 5560/1089/737
f 5552/4327/738 5562/1081/745 5561/4328/739
f 5563/1078/740 5562/1081/745 5552/4327/738
f 5564/1079/741 5563/1078/740 5553/4322/733
f 5565/1059/728 5564/1079/741 5554/4323/734
f 4294/1633/1232 4293/1632/1231 4286/2458/2019
f 2056/1296/922 2036/1273/904 2037/1271/902
f 3380/2624/2176 3381/2596/2148 3391/2623/2175
f 3381/2596/2148 3403/4329/3159 3391/2623/2175
f 4092/3229/2733 4103/2025/1602 4102/2024/1601
f 4102/2024/1601 4080/3218/2722 4092/3229/2733
f 5571/4330/746 5561/4328/739 5562/1081/745
f 5570/1090/750 5560/1089/737 5561/4328/739
f 5578/3107/748 5558/1067/735 5559/1069/736
f 3214/3376/2871 3225/2503/2059 3224/2502/2058
f 1848/1117/774 1838/2072/750 1839/1082/746
f 2844/2169/1736 2855/2179/1746 2854/3479/2965
f 2854/3479/2965 2832/2131/1698 2844/2169/1736
f 1851/1105/762 1850/3112/1138 1840/1084/747
f 5581/4331/2627 5571/4330/746 5572/3621/747
f 5580/1146/794 5570/1090/750 5571/4330/746
f 1838/2072/750 1848/1117/774 1847/1088/749
f 1847/1088/749 1827/1087/736 1838/2072/750
f 1858/1118/775 1848/1117/774 1849/3111/2627
f 1859/2021/1598 1849/3111/2627 1850/3112/1138
f 1861/1121/778 1860/2761/780 1850/3112/1138
f 5591/4332/1598 5581/4331/2627 5582/1530/1138
f 5590/1147/775 5580/1146/794 5581/4331/2627
f 4272/516/230 4298/1556/1158 4283/5957/3613
f 4298/1556/1158 4297/3391/2886 4283/5957/3613
f 4283/5957/3613 4271/5958/3614 4272/516/230
f 4271/5958/3614 4263/4333/3160 4272/516/230
f 4263/4333/3160 4251/5959/3615 4252/517/231
f 4251/5959/3615 4243/5960/3616 4252/517/231
f 4243/5960/3616 4231/5837/3541 4232/2032/1609
f 4252/517/231 4243/5960/3616 4232/2032/1609
f 2386/4335/3162 2396/5961/3617 2385/1645/1244
f 2396/5961/3617 2408/5704/3436 2407/1714/1312
f 2385/1645/1244 2396/5961/3617 2407/1714/1312
f 2385/1645/1244 2365/2090/1663 2374/4334/3161
f 2365/2090/1663 2366/5585/3342 2374/4334/3161
f 3177/506/222 3176/2492/2048 3166/2445/2006
f 4255/3361/2859 4265/3363/2861 4264/3367/2865
f 5600/1149/790 5591/4332/1598 5592/1123/780
f 5599/1151/788 5590/1147/775 5591/4332/1598
f 5585/1576/1178 5586/2493/2049 5595/1128/760
f 5586/2493/2049 5605/2637/1964 5595/1128/760
f 1836/5962/3421 1844/5963/3422 1835/1056/725
f 1844/5963/3422 1856/5964/3423 1855/2291/1594
f 1835/1056/725 1844/5963/3422 1855/2291/1594
f 1856/5964/3423 1864/5965/3424 1855/2291/1594
f 1864/5965/3424 1874/5966/3425 1855/2291/1594
f 1874/5966/3425 1886/1163/804 1885/1161/803
f 1874/5966/3425 1885/1161/803 1855/2291/1594
f 1816/5534/3291 1824/4336/1856 1815/1057/726
f 1824/4336/1856 1836/5962/3421 1835/1056/725
f 2813/1869/1460 2812/2130/1697 2800/4337/3163
f 4158/3293/2795 4169/1024/696 4168/1023/695
f 4168/1023/695 4146/4338/3164 4158/3293/2795
f 3546/4340/3166 3554/5967/3618 3565/893/578
f 3554/5967/3618 3566/5472/3233 3565/893/578
f 3565/893/578 3807/2973/2495 3546/4340/3166
f 3668/2867/2390 3678/2886/2409 3677/1114/771
f 3677/1114/771 3657/1116/773 3668/2867/2390
f 1882/1158/800 1881/1157/799 1870/2007/779
f 1963/5968/3240 1964/1242/873 1975/5969/3497
f 1964/1242/873 1986/1262/893 1975/5969/3497
f 1986/1262/893 2008/4341/2645 1997/5970/3498
f 1985/5971/3499 1986/1262/893 1997/5970/3498
f 1985/5971/3499 1975/5969/3497 1986/1262/893
f 2007/5972/3500 1997/5970/3498 2008/4341/2645
f 2027/5973/3501 2019/4342/2646 2028/1308/920
f 2019/4342/2646 2007/5972/3500 2008/4341/2645
f 2047/5531/3290 2039/5974/3502 2048/4447/3180
f 2039/5974/3502 2027/5973/3501 2028/1308/920
f 2028/1308/920 2048/4447/3180 2039/5974/3502
f 2269/946/623 2268/945/622 3238/4343/3167
f 3994/3162/2667 4004/3169/2674 4003/2028/1605
f 4003/2028/1605 3983/3160/2665 3994/3162/2667
f 5620/3121/196 5619/5862/3250 5607/4344/3168
f 5621/3122/179 5620/3121/196 5608/4345/798
f 5622/3959/180 5621/3122/179 5609/1150/787
f 5623/3522/191 5622/3959/180 5610/1148/789
f 5624/462/188 5623/3522/191 5611/1129/781
f 5625/463/189 5624/462/188 5612/1131/783
f 5614/3969/800 5626/468/182 5625/463/189
f 5615/1602/801 5627/469/183 5626/468/182
f 5616/2636/802 5628/451/177 5627/469/183
f 5617/4346/803 5629/449/175 5628/451/177
f 5618/4347/3169 5630/5778/3269 5629/449/175
f 1942/1605/602 1964/1242/873 1953/5975/3239
f 1964/1242/873 1963/5968/3240 1953/5975/3239
f 1953/5975/3239 1941/5976/3241 1942/1605/602
f 1941/5976/3241 1931/4348/600 1942/1605/602
f 1931/4348/600 1919/5977/3242 1920/3176/601
f 1919/5977/3242 1911/5978/3243 1920/3176/601
f 1911/5978/3243 1899/5979/3244 1900/1186/808
f 1920/3176/601 1911/5978/3243 1900/1186/808
f 1899/5979/3244 2155/1416/1024 2156/1418/1026
f 1899/5979/3244 2156/1418/1026 1900/1186/808
f 5660/1202/200 5640/4528/1039 5641/2537/201
f 1912/1189/827 1922/1195/833 1921/1185/807
f 1921/1185/807 1901/1187/825 1912/1189/827
f 5645/4349/812 5644/4359/827 5634/4350/813
f 5646/4352/3170 5645/4349/812 5635/4351/814
f 5647/4354/3171 5646/4352/3170 5636/4353/816
f 5638/4356/819 5648/4358/821 5647/4354/3171
f 5639/4357/820 5649/4364/811 5648/4358/821
f 5644/4359/827 5654/4367/3172 5653/1167/807
f 5653/1167/807 5633/1169/809 5644/4359/827
f 1627/857/545 1638/880/565 1626/4360/3141
f 1638/880/565 1649/2483/581 1648/2482/580
f 5655/4361/826 5654/4367/3172 5644/4359/827
f 5656/4362/828 5655/4361/826 5645/4349/812
f 5657/4363/829 5656/4362/828 5646/4352/3170
f 5648/4358/821 5658/4365/830 5657/4363/829
f 5649/4364/811 5659/4371/3173 5658/4365/830
f 2268/945/622 2267/1537/1144 3237/1539/1146
f 5665/4366/832 5664/4374/840 5653/1167/807
f 5666/4368/834 5665/4366/832 5654/4367/3172
f 5667/4369/835 5666/4368/834 5655/4361/826
f 5668/4370/836 5667/4369/835 5656/4362/828
f 5658/4365/830 5669/4372/837 5668/4370/836
f 5659/4371/3173 5670/4373/838 5669/4372/837
f 5660/1202/200 5671/1201/831 5670/4373/838
f 5664/4374/840 5675/1224/853 5674/924/602
f 5674/924/602 5652/923/601 5664/4374/840
f 5676/4375/839 5675/1224/853 5664/4374/840
f 5677/4376/841 5676/4375/839 5665/4366/832
f 5678/4377/842 5677/4376/841 5666/4368/834
f 5679/4378/843 5678/4377/842 5667/4369/835
f 5669/4372/837 5680/4379/844 5679/4378/843
f 5670/4373/838 5681/4380/845 5680/4379/844
f 5671/1201/831 5682/4382/850 5681/4380/845
f 5683/4383/851 5705/547/257 5693/4381/849
f 5705/547/257 5704/546/256 5693/4381/849
f 5687/4384/852 5686/1225/859 5675/1224/853
f 5688/4385/854 5687/4384/852 5676/4375/839
f 5689/4386/855 5688/4385/854 5677/4376/841
f 5690/4387/856 5689/4386/855 5678/4377/842
f 5680/4379/844 5691/4388/857 5690/4387/856
f 5681/4380/845 5692/4389/858 5691/4388/857
f 5682/4382/850 5693/4381/849 5692/4389/858
f 3267/915/598 3278/2528/2084 3266/2518/2074
f 3278/2528/2084 3289/2539/2093 3288/2554/2108
f 5698/4390/860 5697/4397/867 5686/1225/859
f 5699/4391/861 5698/4390/860 5687/4384/852
f 5700/4392/862 5699/4391/861 5688/4385/854
f 5701/4393/863 5700/4392/862 5689/4386/855
f 5691/4388/857 5702/4394/864 5701/4393/863
f 5692/4389/858 5703/4395/865 5702/4394/864
f 5693/4381/849 5704/546/256 5703/4395/865
f 5037/1805/238 5048/3973/259 5036/3607/3092
f 5048/3973/259 5059/3980/269 5058/3988/268
f 5698/4390/860 5709/4398/3174 5708/4396/866
f 5699/4391/861 5710/4399/869 5709/4398/3174
f 5700/4392/862 5711/4406/876 5710/4399/869
f 5712/4400/870 5711/4406/876 5700/4392/862
f 5713/4401/871 5712/4400/870 5701/4393/863
f 5714/4402/3175 5713/4401/871 5702/4394/864
f 5715/545/255 5714/4402/3175 5703/4395/865
f 5708/4396/866 5719/4404/3176 5718/4418/893
f 5718/4418/893 5696/4403/873 5708/4396/866
f 3195/2463/2023 3194/2614/2166 3174/2760/2286
f 5709/4398/3174 5720/4405/3177 5719/4404/3176
f 5710/4399/869 5721/4407/877 5720/4405/3177
f 5711/4406/876 5722/4413/887 5721/4407/877
f 5723/4408/878 5722/4413/887 5711/4406/876
f 5724/4409/879 5723/4408/878 5712/4400/870
f 5725/4410/3178 5724/4409/879 5713/4401/871
f 5726/3421/2907 5725/4410/3178 5714/4402/3175
f 1995/1287/913 2017/1272/903 2005/1261/892
f 2017/1272/903 2016/1270/901 2005/1261/892
f 5720/4405/3177 5731/4412/886 5730/4411/885
f 5721/4407/877 5732/4414/888 5731/4412/886
f 5722/4413/887 5733/4421/896 5732/4414/888
f 5734/4415/889 5733/4421/896 5722/4413/887
f 5735/4416/890 5734/4415/889 5723/4408/878
f 5736/4417/891 5735/4416/890 5724/4409/879
f 5737/3420/892 5736/4417/891 5725/4410/3178
f 5730/4411/885 5741/4419/894 5740/3140/2645
f 5740/3140/2645 5718/4418/893 5730/4411/885
f 5731/4412/886 5742/4420/895 5741/4419/894
f 5732/4414/888 5743/4422/897 5742/4420/895
f 5733/4421/896 5744/4427/908 5743/4422/897
f 5745/4423/898 5744/4427/908 5733/4421/896
f 5746/4424/899 5745/4423/898 5734/4415/889
f 5747/4425/900 5746/4424/899 5735/4416/890
f 5748/3137/901 5747/4425/900 5736/4417/891
f 5161/2773/371 5162/639/341 5171/4063/384
f 5162/639/341 5182/4050/3139 5171/4063/384
f 2028/1308/920 2008/4341/2645 2009/1263/894
f 5639/4357/820 5640/4528/1039 5649/4364/811
f 5640/4528/1039 5660/1202/200 5649/4364/811
f 5743/4422/897 5753/4428/909 5752/4426/907
f 5744/4427/908 5754/4433/916 5753/4428/909
f 5755/4429/910 5754/4433/916 5744/4427/908
f 5756/4430/911 5755/4429/910 5745/4423/898
f 5757/1283/906 5756/4430/911 5746/4424/899
f 5752/4426/907 5762/4437/926 5761/1295/921
f 5761/1295/921 5741/4419/894 5752/4426/907
f 5760/1294/920 5740/3140/2645 5741/4419/894
f 5763/4431/914 5762/4437/926 5752/4426/907
f 5764/4432/915 5763/4431/914 5753/4428/909
f 5765/4434/917 5764/4432/915 5754/4433/916
f 5756/4430/911 5766/4435/918 5765/4434/917
f 5757/1283/906 5767/1282/905 5766/4435/918
f 5788/1304/922 5768/1281/904 5769/3136/902
f 2804/2486/2042 2792/3351/2850 2793/2107/1678
f 5773/4436/925 5772/4441/931 5762/4437/926
f 5774/4438/927 5773/4436/925 5763/4431/914
f 5775/4439/928 5774/4438/927 5764/4432/915
f 5766/4435/918 5776/4440/929 5775/4439/928
f 5767/1282/905 5777/1306/924 5776/4440/929
f 5772/4441/931 5782/4449/941 5781/1293/919
f 5781/1293/919 5761/1295/921 5772/4441/931
f 1410/4029/1690 1390/5435/3197 1391/4442/3179
f 5783/4443/930 5782/4449/941 5772/4441/931
f 5784/4444/932 5783/4443/930 5773/4436/925
f 5785/4445/933 5784/4444/932 5774/4438/927
f 5776/4440/929 5786/4446/934 5785/4445/933
f 5777/1306/924 5787/1305/923 5786/4446/934
f 2060/1334/954 2071/1344/948 2070/4471/947
f 2070/4471/947 2048/4447/3180 2060/1334/954
f 5793/4448/940 5792/4456/954 5781/1293/919
f 5794/4450/942 5793/4448/940 5782/4449/941
f 5795/4451/943 5794/4450/942 5783/4443/930
f 5796/4452/944 5795/4451/943 5784/4444/932
f 5786/4446/934 5797/4453/945 5796/4452/944
f 5787/1305/923 5798/4454/946 5797/4453/945
f 5788/1304/922 5799/2225/938 5798/4454/946
f 5792/4456/954 5803/1328/948 5802/1327/947
f 5802/1327/947 5780/4455/3180 5792/4456/954
f 5804/4457/953 5803/1328/948 5792/4456/954
f 5805/4458/955 5804/4457/953 5793/4448/940
f 5806/4459/956 5805/4458/955 5794/4450/942
f 5807/4460/957 5806/4459/956 5795/4451/943
f 5797/4453/945 5808/4461/958 5807/4460/957
f 5798/4454/946 5809/4462/959 5808/4461/958
f 5799/2225/938 5810/4464/961 5809/4462/959
f 5811/4465/962 5833/1363/980 5821/4463/960
f 5833/1363/980 5832/1362/978 5821/4463/960
f 5804/4457/953 5815/4466/963 5814/1329/949
f 5805/4458/955 5816/4467/964 5815/4466/963
f 5806/4459/956 5817/4474/973 5816/4467/964
f 5818/4468/965 5817/4474/973 5806/4459/956
f 5819/4469/966 5818/4468/965 5807/4460/957
f 5820/4470/967 5819/4469/966 5808/4461/958
f 5821/4463/960 5820/4470/967 5809/4462/959
f 2082/1343/949 2093/1353/971 2092/1398/1006
f 2092/1398/1006 2070/4471/947 2082/1343/949
f 5815/4466/963 5826/4473/972 5825/4472/971
f 5816/4467/964 5827/4475/974 5826/4473/972
f 5817/4474/973 5828/4480/985 5827/4475/974
f 5829/4476/975 5828/4480/985 5817/4474/973
f 5830/4477/976 5829/4476/975 5818/4468/965
f 5831/4478/977 5830/4477/976 5819/4469/966
f 5832/1362/978 5831/4478/977 5820/4470/967
f 2716/2775/2298 2726/1560/1162 2725/3144/2649
f 4224/3335/2836 4234/3346/2845 4233/2034/1611
f 4233/2034/1611 4213/2033/1610 4224/3335/2836
f 5827/4475/974 5837/4481/986 5836/4479/984
f 5828/4480/985 5838/4486/3182 5837/4481/986
f 5839/4482/3181 5838/4486/3182 5828/4480/985
f 5840/4483/988 5839/4482/3181 5829/4476/975
f 5841/1374/983 5840/4483/988 5830/4477/976
f 5836/4479/984 5846/4485/991 5845/1383/990
f 5845/1383/990 5825/4472/971 5836/4479/984
f 5844/4484/989 5824/4496/1006 5825/4472/971
f 5837/4481/986 5847/4487/993 5846/4485/991
f 5838/4486/3182 5848/4492/1002 5847/4487/993
f 5849/4488/994 5848/4492/1002 5838/4486/3182
f 5850/4489/995 5849/4488/994 5839/4482/3181
f 5851/1373/982 5850/4489/995 5840/4483/988
f 5873/4490/1023 5872/1393/998 5852/1372/981
f 3963/3371/2869 3964/1587/1189 3974/2471/2029
f 3974/2471/2029 3984/3153/2658 3983/3160/2665
f 5847/4487/993 5857/4493/1003 5856/4491/1001
f 5848/4492/1002 5858/4499/3184 5857/4493/1003
f 5859/4494/3183 5858/4499/3184 5848/4492/1002
f 5860/4495/1005 5859/4494/3183 5849/4488/994
f 5861/1395/1000 5860/4495/1005 5850/4489/995
f 5856/4491/1001 5866/4498/1008 5865/1384/997
f 5865/1384/997 5845/1383/990 5856/4491/1001
f 2277/1575/1177 2276/1536/1143 2265/1535/1142
f 5864/1382/996 5876/4503/1013 5863/5980/3283
f 5876/4503/1013 5875/4514/1025 5863/5980/3283
f 5863/5980/3283 5855/5981/3284 5864/1382/996
f 5855/5981/3284 5843/5982/3285 5844/4484/989
f 5843/5982/3285 5835/4497/1007 5844/4484/989
f 5835/4497/1007 5823/5983/3286 5824/4496/1006
f 5823/5983/3286 5813/5984/3287 5824/4496/1006
f 5813/5984/3287 5801/5985/3288 5802/1327/947
f 5801/5985/3288 5791/5986/3289 5802/1327/947
f 5791/5986/3289 5779/5796/3290 5780/4455/3180
f 5791/5986/3289 5780/4455/3180 5802/1327/947
f 5824/4496/1006 5813/5984/3287 5802/1327/947
f 5844/4484/989 5864/1382/996 5855/5981/3284
f 5857/4493/1003 5867/4500/3185 5866/4498/1008
f 5858/4499/3184 5868/4506/1016 5867/4500/3185
f 5869/4501/1011 5868/4506/1016 5858/4499/3184
f 5870/4502/3186 5869/4501/1011 5859/4494/3183
f 5871/1394/999 5870/4502/3186 5860/4495/1005
f 5865/1384/997 5877/4504/1014 5876/4503/1013
f 5866/4498/1008 5878/4505/1015 5877/4504/1014
f 5867/4500/3185 5879/4507/1017 5878/4505/1015
f 5868/4506/1016 5880/4518/1029 5879/4507/1017
f 5881/4508/1018 5880/4518/1029 5868/4506/1016
f 5882/4509/1019 5881/4508/1018 5869/4501/1011
f 5883/4510/1020 5882/4509/1019 5870/4502/3186
f 5884/4511/1021 5883/4510/1020 5871/1394/999
f 5885/4512/1022 5884/4511/1021 5872/1393/998
f 5876/4503/1013 5888/4515/1026 5887/4513/1024
f 5877/4504/1014 5889/4516/1027 5888/4515/1026
f 5878/4505/1015 5890/4517/1028 5889/4516/1027
f 5879/4507/1017 5891/4519/1030 5890/4517/1028
f 5880/4518/1029 5892/4527/1038 5891/4519/1030
f 5893/4520/1031 5892/4527/1038 5880/4518/1029
f 5894/4521/1032 5893/4520/1031 5881/4508/1018
f 5895/4522/1033 5894/4521/1032 5882/4509/1019
f 5896/4523/1034 5895/4522/1033 5883/4510/1020
f 5897/4524/1035 5896/4523/1034 5884/4511/1021
f 5898/4525/1036 5897/4524/1035 5885/4512/1022
f 5633/1169/809 5632/1168/808 5888/4515/1026
f 5634/4350/813 5633/1169/809 5889/4516/1027
f 5635/4351/814 5634/4350/813 5890/4517/1028
f 5636/4353/816 5635/4351/814 5891/4519/1030
f 5637/4355/818 5636/4353/816 5892/4527/1038
f 5894/4521/1032 5638/4356/819 5637/4355/818
f 5895/4522/1033 5639/4357/820 5638/4356/819
f 5896/4523/1034 5640/4528/1039 5639/4357/820
f 5897/4524/1035 5641/2537/201 5640/4528/1039
f 5912/4529/1040 5911/4552/1063 5899/4530/1041
f 5913/4532/3187 5912/4529/1040 5900/4531/1042
f 5914/4534/1045 5913/4532/3187 5901/4533/1044
f 5915/4536/1047 5914/4534/1045 5902/4535/1046
f 5916/4538/1049 5915/4536/1047 5903/4537/1048
f 5917/4540/1051 5916/4538/1049 5904/4539/1050
f 5906/4542/1053 5918/4544/1055 5917/4540/1051
f 5907/4543/1054 5919/4546/1057 5918/4544/1055
f 5908/4545/1056 5920/4548/3188 5919/4546/1057
f 5909/4547/1058 5921/4550/1061 5920/4548/3188
f 5910/4549/1060 5922/4563/1074 5921/4550/1061
f 5912/4529/1040 5924/4553/1064 5923/4551/1062
f 5913/4532/3187 5925/4554/1065 5924/4553/1064
f 5914/4534/1045 5926/4555/1066 5925/4554/1065
f 5915/4536/1047 5927/4556/1067 5926/4555/1066
f 5916/4538/1049 5928/4569/1080 5927/4556/1067
f 5929/4557/1068 5928/4569/1080 5916/4538/1049
f 5930/4558/1069 5929/4557/1068 5917/4540/1051
f 5931/4559/1070 5930/4558/1069 5918/4544/1055
f 5932/4560/1071 5931/4559/1070 5919/4546/1057
f 5933/4561/1072 5932/4560/1071 5920/4548/3188
f 5934/4562/1073 5933/4561/1072 5921/4550/1061
f 5936/4564/1075 5935/4576/1087 5923/4551/1062
f 5937/4565/1076 5936/4564/1075 5924/4553/1064
f 5938/4566/1077 5937/4565/1076 5925/4554/1065
f 5939/4567/1078 5938/4566/1077 5926/4555/1066
f 5940/4568/1079 5939/4567/1078 5927/4556/1067
f 5941/4570/1081 5940/4568/1079 5928/4569/1080
f 5930/4558/1069 5942/4571/1082 5941/4570/1081
f 5931/4559/1070 5943/4572/1083 5942/4571/1082
f 5932/4560/1071 5944/4573/1084 5943/4572/1083
f 5933/4561/1072 5945/4574/1085 5944/4573/1084
f 5934/4562/1073 5946/4585/1096 5945/4574/1085
f 5948/4575/1086 5947/4588/1099 5935/4576/1087
f 5949/4577/1088 5948/4575/1086 5936/4564/1075
f 5950/4578/1089 5949/4577/1088 5937/4565/1076
f 5951/4579/1090 5950/4578/1089 5938/4566/1077
f 5952/4580/1091 5951/4579/1090 5939/4567/1078
f 5953/4581/1092 5952/4580/1091 5940/4568/1079
f 5942/4571/1082 5954/4582/1093 5953/4581/1092
f 5943/4572/1083 5955/4583/1094 5954/4582/1093
f 5944/4573/1084 5956/4584/1095 5955/4583/1094
f 5945/4574/1085 5957/4586/1097 5956/4584/1095
f 5946/4585/1096 5958/4599/1110 5957/4586/1097
f 5948/4575/1086 5960/4589/1100 5959/4587/1098
f 5949/4577/1088 5961/4590/1101 5960/4589/1100
f 5950/4578/1089 5962/4591/1102 5961/4590/1101
f 5951/4579/1090 5963/4592/1103 5962/4591/1102
f 5952/4580/1091 5964/4604/1115 5963/4592/1103
f 5965/4593/1104 5964/4604/1115 5952/4580/1091
f 5966/4594/1105 5965/4593/1104 5953/4581/1092
f 5967/4595/1106 5966/4594/1105 5954/4582/1093
f 5968/4596/1107 5967/4595/1106 5955/4583/1094
f 5969/4597/1108 5968/4596/1107 5956/4584/1095
f 5970/4598/1109 5969/4597/1108 5957/4586/1097
f 5960/4589/1100 5972/4601/1112 5971/4600/1111
f 5961/4590/1101 5973/4602/1113 5972/4601/1112
f 5962/4591/1102 5974/4603/1114 5973/4602/1113
f 5963/4592/1103 5975/4605/1116 5974/4603/1114
f 5964/4604/1115 5976/4617/1128 5975/4605/1116
f 5977/4606/1117 5976/4617/1128 5964/4604/1115
f 5978/4607/1118 5977/4606/1117 5965/4593/1104
f 5979/4608/1119 5978/4607/1118 5966/4594/1105
f 5980/4609/1120 5979/4608/1119 5967/4595/1106
f 5981/4610/1121 5980/4609/1120 5968/4596/1107
f 5982/4611/1122 5981/4610/1121 5969/4597/1108
f 5984/4612/1123 5983/4623/1134 5971/4600/1111
f 5985/4613/1124 5984/4612/1123 5972/4601/1112
f 5986/4614/1125 5985/4613/1124 5973/4602/1113
f 5987/4615/1126 5986/4614/1125 5974/4603/1114
f 5988/4616/1127 5987/4615/1126 5975/4605/1116
f 5989/4618/1129 5988/4616/1127 5976/4617/1128
f 5978/4607/1118 5990/4619/1130 5989/4618/1129
f 5979/4608/1119 5991/4620/1131 5990/4619/1130
f 5980/4609/1120 5992/4621/1132 5991/4620/1131
f 5981/4610/1121 5993/4622/1133 5992/4621/1132
f 5982/4611/1122 5994/4624/1135 5993/4622/1133
f 5984/4612/1123 5900/4531/1042 5899/4530/1041
f 5985/4613/1124 5901/4533/1044 5900/4531/1042
f 5986/4614/1125 5902/4535/1046 5901/4533/1044
f 5987/4615/1126 5903/4537/1048 5902/4535/1046
f 5988/4616/1127 5904/4539/1050 5903/4537/1048
f 5905/4541/1052 5904/4539/1050 5988/4616/1127
f 5906/4542/1053 5905/4541/1052 5989/4618/1129
f 5907/4543/1054 5906/4542/1053 5990/4619/1130
f 5908/4545/1056 5907/4543/1054 5991/4620/1131
f 5909/4547/1058 5908/4545/1056 5992/4621/1132
f 5910/4549/1060 5909/4547/1058 5993/4622/1133
